slice_idx,window_start_date,window_end_date,from_dr,to_dr,count,p_to_given_from
0,1900-01-06,1907-09-07,1,1,3,0.078947
0,1900-01-06,1907-09-07,1,2,4,0.105263
0,1900-01-06,1907-09-07,1,3,6,0.157895
0,1900-01-06,1907-09-07,1,4,4,0.105263
0,1900-01-06,1907-09-07,1,5,2,0.052632
0,1900-01-06,1907-09-07,1,6,11,0.289474
0,1900-01-06,1907-09-07,1,7,3,0.078947
0,1900-01-06,1907-09-07,1,8,1,0.026316
0,1900-01-06,1907-09-07,1,9,4,0.105263
0,1900-01-06,1907-09-07,2,1,1,0.027778
0,1900-01-06,1907-09-07,2,2,5,0.138889
0,1900-01-06,1907-09-07,2,3,4,0.111111
0,1900-01-06,1907-09-07,2,4,2,0.055556
0,1900-01-06,1907-09-07,2,5,3,0.083333
0,1900-01-06,1907-09-07,2,6,6,0.166667
0,1900-01-06,1907-09-07,2,7,8,0.222222
0,1900-01-06,1907-09-07,2,8,5,0.138889
0,1900-01-06,1907-09-07,2,9,2,0.055556
0,1900-01-06,1907-09-07,3,1,7,0.137255
0,1900-01-06,1907-09-07,3,2,1,0.019608
0,1900-01-06,1907-09-07,3,3,7,0.137255
0,1900-01-06,1907-09-07,3,4,5,0.098039
0,1900-01-06,1907-09-07,3,5,4,0.078431
0,1900-01-06,1907-09-07,3,6,8,0.156863
0,1900-01-06,1907-09-07,3,7,4,0.078431
0,1900-01-06,1907-09-07,3,8,10,0.196078
0,1900-01-06,1907-09-07,3,9,5,0.098039
0,1900-01-06,1907-09-07,4,1,7,0.162791
0,1900-01-06,1907-09-07,4,2,2,0.046512
0,1900-01-06,1907-09-07,4,3,7,0.162791
0,1900-01-06,1907-09-07,4,4,6,0.139535
0,1900-01-06,1907-09-07,4,5,3,0.069767
0,1900-01-06,1907-09-07,4,6,4,0.093023
0,1900-01-06,1907-09-07,4,7,7,0.162791
0,1900-01-06,1907-09-07,4,8,4,0.093023
0,1900-01-06,1907-09-07,4,9,3,0.069767
0,1900-01-06,1907-09-07,5,1,2,0.074074
0,1900-01-06,1907-09-07,5,2,3,0.111111
0,1900-01-06,1907-09-07,5,3,2,0.074074
0,1900-01-06,1907-09-07,5,4,1,0.037037
0,1900-01-06,1907-09-07,5,5,3,0.111111
0,1900-01-06,1907-09-07,5,6,3,0.111111
0,1900-01-06,1907-09-07,5,7,3,0.111111
0,1900-01-06,1907-09-07,5,8,8,0.296296
0,1900-01-06,1907-09-07,5,9,2,0.074074
0,1900-01-06,1907-09-07,6,1,6,0.096774
0,1900-01-06,1907-09-07,6,2,4,0.064516
0,1900-01-06,1907-09-07,6,3,4,0.064516
0,1900-01-06,1907-09-07,6,4,7,0.112903
0,1900-01-06,1907-09-07,6,5,5,0.080645
0,1900-01-06,1907-09-07,6,6,8,0.129032
0,1900-01-06,1907-09-07,6,7,10,0.16129
0,1900-01-06,1907-09-07,6,8,6,0.096774
0,1900-01-06,1907-09-07,6,9,12,0.193548
0,1900-01-06,1907-09-07,7,1,4,0.08
0,1900-01-06,1907-09-07,7,2,8,0.16
0,1900-01-06,1907-09-07,7,3,8,0.16
0,1900-01-06,1907-09-07,7,4,8,0.16
0,1900-01-06,1907-09-07,7,5,5,0.1
0,1900-01-06,1907-09-07,7,6,9,0.18
0,1900-01-06,1907-09-07,7,7,1,0.02
0,1900-01-06,1907-09-07,7,8,4,0.08
0,1900-01-06,1907-09-07,7,9,3,0.06
0,1900-01-06,1907-09-07,8,1,3,0.066667
0,1900-01-06,1907-09-07,8,2,3,0.066667
0,1900-01-06,1907-09-07,8,3,7,0.155556
0,1900-01-06,1907-09-07,8,4,5,0.111111
0,1900-01-06,1907-09-07,8,5,0,0.0
0,1900-01-06,1907-09-07,8,6,9,0.2
0,1900-01-06,1907-09-07,8,7,8,0.177778
0,1900-01-06,1907-09-07,8,8,1,0.022222
0,1900-01-06,1907-09-07,8,9,9,0.2
0,1900-01-06,1907-09-07,9,1,5,0.104167
0,1900-01-06,1907-09-07,9,2,5,0.104167
0,1900-01-06,1907-09-07,9,3,6,0.125
0,1900-01-06,1907-09-07,9,4,5,0.104167
0,1900-01-06,1907-09-07,9,5,2,0.041667
0,1900-01-06,1907-09-07,9,6,4,0.083333
0,1900-01-06,1907-09-07,9,7,7,0.145833
0,1900-01-06,1907-09-07,9,8,6,0.125
0,1900-01-06,1907-09-07,9,9,8,0.166667
1,1901-12-07,1909-08-07,1,1,3,0.088235
1,1901-12-07,1909-08-07,1,2,4,0.117647
1,1901-12-07,1909-08-07,1,3,4,0.117647
1,1901-12-07,1909-08-07,1,4,5,0.147059
1,1901-12-07,1909-08-07,1,5,3,0.088235
1,1901-12-07,1909-08-07,1,6,10,0.294118
1,1901-12-07,1909-08-07,1,7,1,0.029412
1,1901-12-07,1909-08-07,1,8,1,0.029412
1,1901-12-07,1909-08-07,1,9,3,0.088235
1,1901-12-07,1909-08-07,2,1,0,0.0
1,1901-12-07,1909-08-07,2,2,6,0.162162
1,1901-12-07,1909-08-07,2,3,5,0.135135
1,1901-12-07,1909-08-07,2,4,3,0.081081
1,1901-12-07,1909-08-07,2,5,2,0.054054
1,1901-12-07,1909-08-07,2,6,4,0.108108
1,1901-12-07,1909-08-07,2,7,8,0.216216
1,1901-12-07,1909-08-07,2,8,5,0.135135
1,1901-12-07,1909-08-07,2,9,4,0.108108
1,1901-12-07,1909-08-07,3,1,5,0.1
1,1901-12-07,1909-08-07,3,2,2,0.04
1,1901-12-07,1909-08-07,3,3,8,0.16
1,1901-12-07,1909-08-07,3,4,7,0.14
1,1901-12-07,1909-08-07,3,5,6,0.12
1,1901-12-07,1909-08-07,3,6,5,0.1
1,1901-12-07,1909-08-07,3,7,4,0.08
1,1901-12-07,1909-08-07,3,8,8,0.16
1,1901-12-07,1909-08-07,3,9,5,0.1
1,1901-12-07,1909-08-07,4,1,6,0.122449
1,1901-12-07,1909-08-07,4,2,1,0.020408
1,1901-12-07,1909-08-07,4,3,8,0.163265
1,1901-12-07,1909-08-07,4,4,9,0.183673
1,1901-12-07,1909-08-07,4,5,4,0.081633
1,1901-12-07,1909-08-07,4,6,4,0.081633
1,1901-12-07,1909-08-07,4,7,7,0.142857
1,1901-12-07,1909-08-07,4,8,7,0.142857
1,1901-12-07,1909-08-07,4,9,3,0.061224
1,1901-12-07,1909-08-07,5,1,3,0.090909
1,1901-12-07,1909-08-07,5,2,5,0.151515
1,1901-12-07,1909-08-07,5,3,4,0.121212
1,1901-12-07,1909-08-07,5,4,2,0.060606
1,1901-12-07,1909-08-07,5,5,2,0.060606
1,1901-12-07,1909-08-07,5,6,3,0.090909
1,1901-12-07,1909-08-07,5,7,3,0.090909
1,1901-12-07,1909-08-07,5,8,7,0.212121
1,1901-12-07,1909-08-07,5,9,4,0.121212
1,1901-12-07,1909-08-07,6,1,6,0.107143
1,1901-12-07,1909-08-07,6,2,3,0.053571
1,1901-12-07,1909-08-07,6,3,5,0.089286
1,1901-12-07,1909-08-07,6,4,4,0.071429
1,1901-12-07,1909-08-07,6,5,5,0.089286
1,1901-12-07,1909-08-07,6,6,7,0.125
1,1901-12-07,1909-08-07,6,7,10,0.178571
1,1901-12-07,1909-08-07,6,8,8,0.142857
1,1901-12-07,1909-08-07,6,9,8,0.142857
1,1901-12-07,1909-08-07,7,1,4,0.081633
1,1901-12-07,1909-08-07,7,2,6,0.122449
1,1901-12-07,1909-08-07,7,3,7,0.142857
1,1901-12-07,1909-08-07,7,4,9,0.183673
1,1901-12-07,1909-08-07,7,5,8,0.163265
1,1901-12-07,1909-08-07,7,6,9,0.183673
1,1901-12-07,1909-08-07,7,7,1,0.020408
1,1901-12-07,1909-08-07,7,8,2,0.040816
1,1901-12-07,1909-08-07,7,9,3,0.061224
1,1901-12-07,1909-08-07,8,1,2,0.042553
1,1901-12-07,1909-08-07,8,2,5,0.106383
1,1901-12-07,1909-08-07,8,3,6,0.12766
1,1901-12-07,1909-08-07,8,4,6,0.12766
1,1901-12-07,1909-08-07,8,5,0,0.0
1,1901-12-07,1909-08-07,8,6,8,0.170213
1,1901-12-07,1909-08-07,8,7,7,0.148936
1,1901-12-07,1909-08-07,8,8,4,0.085106
1,1901-12-07,1909-08-07,8,9,9,0.191489
1,1901-12-07,1909-08-07,9,1,5,0.111111
1,1901-12-07,1909-08-07,9,2,5,0.111111
1,1901-12-07,1909-08-07,9,3,4,0.088889
1,1901-12-07,1909-08-07,9,4,4,0.088889
1,1901-12-07,1909-08-07,9,5,3,0.066667
1,1901-12-07,1909-08-07,9,6,5,0.111111
1,1901-12-07,1909-08-07,9,7,8,0.177778
1,1901-12-07,1909-08-07,9,8,5,0.111111
1,1901-12-07,1909-08-07,9,9,6,0.133333
2,1903-11-07,1911-07-08,1,1,7,0.175
2,1903-11-07,1911-07-08,1,2,3,0.075
2,1903-11-07,1911-07-08,1,3,4,0.1
2,1903-11-07,1911-07-08,1,4,6,0.15
2,1903-11-07,1911-07-08,1,5,3,0.075
2,1903-11-07,1911-07-08,1,6,9,0.225
2,1903-11-07,1911-07-08,1,7,3,0.075
2,1903-11-07,1911-07-08,1,8,2,0.05
2,1903-11-07,1911-07-08,1,9,3,0.075
2,1903-11-07,1911-07-08,2,1,2,0.068966
2,1903-11-07,1911-07-08,2,2,3,0.103448
2,1903-11-07,1911-07-08,2,3,3,0.103448
2,1903-11-07,1911-07-08,2,4,2,0.068966
2,1903-11-07,1911-07-08,2,5,3,0.103448
2,1903-11-07,1911-07-08,2,6,3,0.103448
2,1903-11-07,1911-07-08,2,7,5,0.172414
2,1903-11-07,1911-07-08,2,8,4,0.137931
2,1903-11-07,1911-07-08,2,9,4,0.137931
2,1903-11-07,1911-07-08,3,1,6,0.115385
2,1903-11-07,1911-07-08,3,2,3,0.057692
2,1903-11-07,1911-07-08,3,3,7,0.134615
2,1903-11-07,1911-07-08,3,4,8,0.153846
2,1903-11-07,1911-07-08,3,5,5,0.096154
2,1903-11-07,1911-07-08,3,6,6,0.115385
2,1903-11-07,1911-07-08,3,7,3,0.057692
2,1903-11-07,1911-07-08,3,8,7,0.134615
2,1903-11-07,1911-07-08,3,9,7,0.134615
2,1903-11-07,1911-07-08,4,1,8,0.148148
2,1903-11-07,1911-07-08,4,2,2,0.037037
2,1903-11-07,1911-07-08,4,3,9,0.166667
2,1903-11-07,1911-07-08,4,4,11,0.203704
2,1903-11-07,1911-07-08,4,5,4,0.074074
2,1903-11-07,1911-07-08,4,6,4,0.074074
2,1903-11-07,1911-07-08,4,7,6,0.111111
2,1903-11-07,1911-07-08,4,8,5,0.092593
2,1903-11-07,1911-07-08,4,9,5,0.092593
2,1903-11-07,1911-07-08,5,1,5,0.147059
2,1903-11-07,1911-07-08,5,2,3,0.088235
2,1903-11-07,1911-07-08,5,3,3,0.088235
2,1903-11-07,1911-07-08,5,4,2,0.058824
2,1903-11-07,1911-07-08,5,5,3,0.088235
2,1903-11-07,1911-07-08,5,6,2,0.058824
2,1903-11-07,1911-07-08,5,7,4,0.117647
2,1903-11-07,1911-07-08,5,8,8,0.235294
2,1903-11-07,1911-07-08,5,9,4,0.117647
2,1903-11-07,1911-07-08,6,1,5,0.098039
2,1903-11-07,1911-07-08,6,2,3,0.058824
2,1903-11-07,1911-07-08,6,3,7,0.137255
2,1903-11-07,1911-07-08,6,4,3,0.058824
2,1903-11-07,1911-07-08,6,5,4,0.078431
2,1903-11-07,1911-07-08,6,6,7,0.137255
2,1903-11-07,1911-07-08,6,7,8,0.156863
2,1903-11-07,1911-07-08,6,8,7,0.137255
2,1903-11-07,1911-07-08,6,9,7,0.137255
2,1903-11-07,1911-07-08,7,1,1,0.022727
2,1903-11-07,1911-07-08,7,2,5,0.113636
2,1903-11-07,1911-07-08,7,3,8,0.181818
2,1903-11-07,1911-07-08,7,4,7,0.159091
2,1903-11-07,1911-07-08,7,5,8,0.181818
2,1903-11-07,1911-07-08,7,6,8,0.181818
2,1903-11-07,1911-07-08,7,7,1,0.022727
2,1903-11-07,1911-07-08,7,8,3,0.068182
2,1903-11-07,1911-07-08,7,9,3,0.068182
2,1903-11-07,1911-07-08,8,1,2,0.042553
2,1903-11-07,1911-07-08,8,2,3,0.06383
2,1903-11-07,1911-07-08,8,3,7,0.148936
2,1903-11-07,1911-07-08,8,4,8,0.170213
2,1903-11-07,1911-07-08,8,5,0,0.0
2,1903-11-07,1911-07-08,8,6,6,0.12766
2,1903-11-07,1911-07-08,8,7,6,0.12766
2,1903-11-07,1911-07-08,8,8,5,0.106383
2,1903-11-07,1911-07-08,8,9,10,0.212766
2,1903-11-07,1911-07-08,9,1,3,0.061224
2,1903-11-07,1911-07-08,9,2,5,0.102041
2,1903-11-07,1911-07-08,9,3,4,0.081633
2,1903-11-07,1911-07-08,9,4,7,0.142857
2,1903-11-07,1911-07-08,9,5,4,0.081633
2,1903-11-07,1911-07-08,9,6,6,0.122449
2,1903-11-07,1911-07-08,9,7,8,0.163265
2,1903-11-07,1911-07-08,9,8,6,0.122449
2,1903-11-07,1911-07-08,9,9,6,0.122449
3,1905-10-07,1913-06-07,1,1,7,0.148936
3,1905-10-07,1913-06-07,1,2,3,0.06383
3,1905-10-07,1913-06-07,1,3,5,0.106383
3,1905-10-07,1913-06-07,1,4,4,0.085106
3,1905-10-07,1913-06-07,1,5,8,0.170213
3,1905-10-07,1913-06-07,1,6,7,0.148936
3,1905-10-07,1913-06-07,1,7,6,0.12766
3,1905-10-07,1913-06-07,1,8,1,0.021277
3,1905-10-07,1913-06-07,1,9,6,0.12766
3,1905-10-07,1913-06-07,2,1,3,0.107143
3,1905-10-07,1913-06-07,2,2,3,0.107143
3,1905-10-07,1913-06-07,2,3,5,0.178571
3,1905-10-07,1913-06-07,2,4,2,0.071429
3,1905-10-07,1913-06-07,2,5,3,0.107143
3,1905-10-07,1913-06-07,2,6,2,0.071429
3,1905-10-07,1913-06-07,2,7,2,0.071429
3,1905-10-07,1913-06-07,2,8,4,0.142857
3,1905-10-07,1913-06-07,2,9,4,0.142857
3,1905-10-07,1913-06-07,3,1,9,0.163636
3,1905-10-07,1913-06-07,3,2,2,0.036364
3,1905-10-07,1913-06-07,3,3,7,0.127273
3,1905-10-07,1913-06-07,3,4,9,0.163636
3,1905-10-07,1913-06-07,3,5,4,0.072727
3,1905-10-07,1913-06-07,3,6,7,0.127273
3,1905-10-07,1913-06-07,3,7,4,0.072727
3,1905-10-07,1913-06-07,3,8,7,0.127273
3,1905-10-07,1913-06-07,3,9,6,0.109091
3,1905-10-07,1913-06-07,4,1,7,0.145833
3,1905-10-07,1913-06-07,4,2,3,0.0625
3,1905-10-07,1913-06-07,4,3,9,0.1875
3,1905-10-07,1913-06-07,4,4,8,0.166667
3,1905-10-07,1913-06-07,4,5,3,0.0625
3,1905-10-07,1913-06-07,4,6,2,0.041667
3,1905-10-07,1913-06-07,4,7,5,0.104167
3,1905-10-07,1913-06-07,4,8,4,0.083333
3,1905-10-07,1913-06-07,4,9,7,0.145833
3,1905-10-07,1913-06-07,5,1,6,0.142857
3,1905-10-07,1913-06-07,5,2,5,0.119048
3,1905-10-07,1913-06-07,5,3,5,0.119048
3,1905-10-07,1913-06-07,5,4,2,0.047619
3,1905-10-07,1913-06-07,5,5,3,0.071429
3,1905-10-07,1913-06-07,5,6,4,0.095238
3,1905-10-07,1913-06-07,5,7,4,0.095238
3,1905-10-07,1913-06-07,5,8,8,0.190476
3,1905-10-07,1913-06-07,5,9,5,0.119048
3,1905-10-07,1913-06-07,6,1,7,0.145833
3,1905-10-07,1913-06-07,6,2,2,0.041667
3,1905-10-07,1913-06-07,6,3,8,0.166667
3,1905-10-07,1913-06-07,6,4,1,0.020833
3,1905-10-07,1913-06-07,6,5,5,0.104167
3,1905-10-07,1913-06-07,6,6,6,0.125
3,1905-10-07,1913-06-07,6,7,8,0.166667
3,1905-10-07,1913-06-07,6,8,6,0.125
3,1905-10-07,1913-06-07,6,9,5,0.104167
3,1905-10-07,1913-06-07,7,1,1,0.02439
3,1905-10-07,1913-06-07,7,2,1,0.02439
3,1905-10-07,1913-06-07,7,3,6,0.146341
3,1905-10-07,1913-06-07,7,4,8,0.195122
3,1905-10-07,1913-06-07,7,5,10,0.243902
3,1905-10-07,1913-06-07,7,6,8,0.195122
3,1905-10-07,1913-06-07,7,7,1,0.02439
3,1905-10-07,1913-06-07,7,8,3,0.073171
3,1905-10-07,1913-06-07,7,9,3,0.073171
3,1905-10-07,1913-06-07,8,1,2,0.046512
3,1905-10-07,1913-06-07,8,2,3,0.069767
3,1905-10-07,1913-06-07,8,3,4,0.093023
3,1905-10-07,1913-06-07,8,4,10,0.232558
3,1905-10-07,1913-06-07,8,5,2,0.046512
3,1905-10-07,1913-06-07,8,6,4,0.093023
3,1905-10-07,1913-06-07,8,7,5,0.116279
3,1905-10-07,1913-06-07,8,8,5,0.116279
3,1905-10-07,1913-06-07,8,9,8,0.186047
3,1905-10-07,1913-06-07,9,1,5,0.104167
3,1905-10-07,1913-06-07,9,2,6,0.125
3,1905-10-07,1913-06-07,9,3,6,0.125
3,1905-10-07,1913-06-07,9,4,5,0.104167
3,1905-10-07,1913-06-07,9,5,4,0.083333
3,1905-10-07,1913-06-07,9,6,7,0.145833
3,1905-10-07,1913-06-07,9,7,6,0.125
3,1905-10-07,1913-06-07,9,8,5,0.104167
3,1905-10-07,1913-06-07,9,9,4,0.083333
4,1907-09-07,1915-05-08,1,1,8,0.156863
4,1907-09-07,1915-05-08,1,2,4,0.078431
4,1907-09-07,1915-05-08,1,3,3,0.058824
4,1907-09-07,1915-05-08,1,4,9,0.176471
4,1907-09-07,1915-05-08,1,5,9,0.176471
4,1907-09-07,1915-05-08,1,6,7,0.137255
4,1907-09-07,1915-05-08,1,7,5,0.098039
4,1907-09-07,1915-05-08,1,8,2,0.039216
4,1907-09-07,1915-05-08,1,9,4,0.078431
4,1907-09-07,1915-05-08,2,1,4,0.125
4,1907-09-07,1915-05-08,2,2,4,0.125
4,1907-09-07,1915-05-08,2,3,5,0.15625
4,1907-09-07,1915-05-08,2,4,3,0.09375
4,1907-09-07,1915-05-08,2,5,3,0.09375
4,1907-09-07,1915-05-08,2,6,1,0.03125
4,1907-09-07,1915-05-08,2,7,3,0.09375
4,1907-09-07,1915-05-08,2,8,5,0.15625
4,1907-09-07,1915-05-08,2,9,4,0.125
4,1907-09-07,1915-05-08,3,1,7,0.132075
4,1907-09-07,1915-05-08,3,2,3,0.056604
4,1907-09-07,1915-05-08,3,3,8,0.150943
4,1907-09-07,1915-05-08,3,4,10,0.188679
4,1907-09-07,1915-05-08,3,5,5,0.09434
4,1907-09-07,1915-05-08,3,6,6,0.113208
4,1907-09-07,1915-05-08,3,7,3,0.056604
4,1907-09-07,1915-05-08,3,8,7,0.132075
4,1907-09-07,1915-05-08,3,9,4,0.075472
4,1907-09-07,1915-05-08,4,1,6,0.103448
4,1907-09-07,1915-05-08,4,2,3,0.051724
4,1907-09-07,1915-05-08,4,3,11,0.189655
4,1907-09-07,1915-05-08,4,4,9,0.155172
4,1907-09-07,1915-05-08,4,5,5,0.086207
4,1907-09-07,1915-05-08,4,6,3,0.051724
4,1907-09-07,1915-05-08,4,7,7,0.12069
4,1907-09-07,1915-05-08,4,8,7,0.12069
4,1907-09-07,1915-05-08,4,9,7,0.12069
4,1907-09-07,1915-05-08,5,1,7,0.170732
4,1907-09-07,1915-05-08,5,2,6,0.146341
4,1907-09-07,1915-05-08,5,3,5,0.121951
4,1907-09-07,1915-05-08,5,4,3,0.073171
4,1907-09-07,1915-05-08,5,5,2,0.04878
4,1907-09-07,1915-05-08,5,6,6,0.146341
4,1907-09-07,1915-05-08,5,7,3,0.073171
4,1907-09-07,1915-05-08,5,8,4,0.097561
4,1907-09-07,1915-05-08,5,9,5,0.121951
4,1907-09-07,1915-05-08,6,1,6,0.136364
4,1907-09-07,1915-05-08,6,2,2,0.045455
4,1907-09-07,1915-05-08,6,3,6,0.136364
4,1907-09-07,1915-05-08,6,4,2,0.045455
4,1907-09-07,1915-05-08,6,5,5,0.113636
4,1907-09-07,1915-05-08,6,6,7,0.159091
4,1907-09-07,1915-05-08,6,7,5,0.113636
4,1907-09-07,1915-05-08,6,8,7,0.159091
4,1907-09-07,1915-05-08,6,9,4,0.090909
4,1907-09-07,1915-05-08,7,1,3,0.085714
4,1907-09-07,1915-05-08,7,2,1,0.028571
4,1907-09-07,1915-05-08,7,3,4,0.114286
4,1907-09-07,1915-05-08,7,4,10,0.285714
4,1907-09-07,1915-05-08,7,5,6,0.171429
4,1907-09-07,1915-05-08,7,6,3,0.085714
4,1907-09-07,1915-05-08,7,7,1,0.028571
4,1907-09-07,1915-05-08,7,8,5,0.142857
4,1907-09-07,1915-05-08,7,9,2,0.057143
4,1907-09-07,1915-05-08,8,1,4,0.085106
4,1907-09-07,1915-05-08,8,2,6,0.12766
4,1907-09-07,1915-05-08,8,3,7,0.148936
4,1907-09-07,1915-05-08,8,4,8,0.170213
4,1907-09-07,1915-05-08,8,5,3,0.06383
4,1907-09-07,1915-05-08,8,6,5,0.106383
4,1907-09-07,1915-05-08,8,7,2,0.042553
4,1907-09-07,1915-05-08,8,8,7,0.148936
4,1907-09-07,1915-05-08,8,9,5,0.106383
4,1907-09-07,1915-05-08,9,1,6,0.153846
4,1907-09-07,1915-05-08,9,2,3,0.076923
4,1907-09-07,1915-05-08,9,3,4,0.102564
4,1907-09-07,1915-05-08,9,4,4,0.102564
4,1907-09-07,1915-05-08,9,5,3,0.076923
4,1907-09-07,1915-05-08,9,6,6,0.153846
4,1907-09-07,1915-05-08,9,7,5,0.128205
4,1907-09-07,1915-05-08,9,8,4,0.102564
4,1907-09-07,1915-05-08,9,9,4,0.102564
5,1909-08-07,1917-04-07,1,1,11,0.2
5,1909-08-07,1917-04-07,1,2,5,0.090909
5,1909-08-07,1917-04-07,1,3,3,0.054545
5,1909-08-07,1917-04-07,1,4,9,0.163636
5,1909-08-07,1917-04-07,1,5,7,0.127273
5,1909-08-07,1917-04-07,1,6,7,0.127273
5,1909-08-07,1917-04-07,1,7,5,0.090909
5,1909-08-07,1917-04-07,1,8,2,0.036364
5,1909-08-07,1917-04-07,1,9,6,0.109091
5,1909-08-07,1917-04-07,2,1,6,0.162162
5,1909-08-07,1917-04-07,2,2,3,0.081081
5,1909-08-07,1917-04-07,2,3,3,0.081081
5,1909-08-07,1917-04-07,2,4,5,0.135135
5,1909-08-07,1917-04-07,2,5,5,0.135135
5,1909-08-07,1917-04-07,2,6,4,0.108108
5,1909-08-07,1917-04-07,2,7,4,0.108108
5,1909-08-07,1917-04-07,2,8,5,0.135135
5,1909-08-07,1917-04-07,2,9,2,0.054054
5,1909-08-07,1917-04-07,3,1,6,0.136364
5,1909-08-07,1917-04-07,3,2,2,0.045455
5,1909-08-07,1917-04-07,3,3,6,0.136364
5,1909-08-07,1917-04-07,3,4,9,0.204545
5,1909-08-07,1917-04-07,3,5,2,0.045455
5,1909-08-07,1917-04-07,3,6,5,0.113636
5,1909-08-07,1917-04-07,3,7,2,0.045455
5,1909-08-07,1917-04-07,3,8,7,0.159091
5,1909-08-07,1917-04-07,3,9,5,0.113636
5,1909-08-07,1917-04-07,4,1,5,0.081967
5,1909-08-07,1917-04-07,4,2,6,0.098361
5,1909-08-07,1917-04-07,4,3,9,0.147541
5,1909-08-07,1917-04-07,4,4,8,0.131148
5,1909-08-07,1917-04-07,4,5,5,0.081967
5,1909-08-07,1917-04-07,4,6,6,0.098361
5,1909-08-07,1917-04-07,4,7,7,0.114754
5,1909-08-07,1917-04-07,4,8,7,0.114754
5,1909-08-07,1917-04-07,4,9,8,0.131148
5,1909-08-07,1917-04-07,5,1,5,0.121951
5,1909-08-07,1917-04-07,5,2,5,0.121951
5,1909-08-07,1917-04-07,5,3,3,0.073171
5,1909-08-07,1917-04-07,5,4,5,0.121951
5,1909-08-07,1917-04-07,5,5,4,0.097561
5,1909-08-07,1917-04-07,5,6,6,0.146341
5,1909-08-07,1917-04-07,5,7,5,0.121951
5,1909-08-07,1917-04-07,5,8,5,0.121951
5,1909-08-07,1917-04-07,5,9,3,0.073171
5,1909-08-07,1917-04-07,6,1,8,0.181818
5,1909-08-07,1917-04-07,6,2,5,0.113636
5,1909-08-07,1917-04-07,6,3,6,0.136364
5,1909-08-07,1917-04-07,6,4,1,0.022727
5,1909-08-07,1917-04-07,6,5,6,0.136364
5,1909-08-07,1917-04-07,6,6,6,0.136364
5,1909-08-07,1917-04-07,6,7,2,0.045455
5,1909-08-07,1917-04-07,6,8,5,0.113636
5,1909-08-07,1917-04-07,6,9,5,0.113636
5,1909-08-07,1917-04-07,7,1,4,0.125
5,1909-08-07,1917-04-07,7,2,1,0.03125
5,1909-08-07,1917-04-07,7,3,2,0.0625
5,1909-08-07,1917-04-07,7,4,8,0.25
5,1909-08-07,1917-04-07,7,5,5,0.15625
5,1909-08-07,1917-04-07,7,6,2,0.0625
5,1909-08-07,1917-04-07,7,7,2,0.0625
5,1909-08-07,1917-04-07,7,8,6,0.1875
5,1909-08-07,1917-04-07,7,9,2,0.0625
5,1909-08-07,1917-04-07,8,1,5,0.111111
5,1909-08-07,1917-04-07,8,2,4,0.088889
5,1909-08-07,1917-04-07,8,3,7,0.155556
5,1909-08-07,1917-04-07,8,4,9,0.2
5,1909-08-07,1917-04-07,8,5,4,0.088889
5,1909-08-07,1917-04-07,8,6,4,0.088889
5,1909-08-07,1917-04-07,8,7,2,0.044444
5,1909-08-07,1917-04-07,8,8,5,0.111111
5,1909-08-07,1917-04-07,8,9,5,0.111111
5,1909-08-07,1917-04-07,9,1,5,0.121951
5,1909-08-07,1917-04-07,9,2,6,0.146341
5,1909-08-07,1917-04-07,9,3,4,0.097561
5,1909-08-07,1917-04-07,9,4,7,0.170732
5,1909-08-07,1917-04-07,9,5,3,0.073171
5,1909-08-07,1917-04-07,9,6,5,0.121951
5,1909-08-07,1917-04-07,9,7,3,0.073171
5,1909-08-07,1917-04-07,9,8,3,0.073171
5,1909-08-07,1917-04-07,9,9,5,0.121951
6,1911-07-08,1919-03-08,1,1,4,0.085106
6,1911-07-08,1919-03-08,1,2,8,0.170213
6,1911-07-08,1919-03-08,1,3,2,0.042553
6,1911-07-08,1919-03-08,1,4,7,0.148936
6,1911-07-08,1919-03-08,1,5,7,0.148936
6,1911-07-08,1919-03-08,1,6,7,0.148936
6,1911-07-08,1919-03-08,1,7,5,0.106383
6,1911-07-08,1919-03-08,1,8,2,0.042553
6,1911-07-08,1919-03-08,1,9,5,0.106383
6,1911-07-08,1919-03-08,2,1,5,0.128205
6,1911-07-08,1919-03-08,2,2,2,0.051282
6,1911-07-08,1919-03-08,2,3,3,0.076923
6,1911-07-08,1919-03-08,2,4,6,0.153846
6,1911-07-08,1919-03-08,2,5,7,0.179487
6,1911-07-08,1919-03-08,2,6,4,0.102564
6,1911-07-08,1919-03-08,2,7,5,0.128205
6,1911-07-08,1919-03-08,2,8,6,0.153846
6,1911-07-08,1919-03-08,2,9,1,0.025641
6,1911-07-08,1919-03-08,3,1,6,0.136364
6,1911-07-08,1919-03-08,3,2,1,0.022727
6,1911-07-08,1919-03-08,3,3,6,0.136364
6,1911-07-08,1919-03-08,3,4,8,0.181818
6,1911-07-08,1919-03-08,3,5,6,0.136364
6,1911-07-08,1919-03-08,3,6,4,0.090909
6,1911-07-08,1919-03-08,3,7,2,0.045455
6,1911-07-08,1919-03-08,3,8,8,0.181818
6,1911-07-08,1919-03-08,3,9,3,0.068182
6,1911-07-08,1919-03-08,4,1,3,0.053571
6,1911-07-08,1919-03-08,4,2,6,0.107143
6,1911-07-08,1919-03-08,4,3,9,0.160714
6,1911-07-08,1919-03-08,4,4,7,0.125
6,1911-07-08,1919-03-08,4,5,4,0.071429
6,1911-07-08,1919-03-08,4,6,7,0.125
6,1911-07-08,1919-03-08,4,7,7,0.125
6,1911-07-08,1919-03-08,4,8,8,0.142857
6,1911-07-08,1919-03-08,4,9,5,0.089286
6,1911-07-08,1919-03-08,5,1,4,0.08
6,1911-07-08,1919-03-08,5,2,5,0.1
6,1911-07-08,1919-03-08,5,3,8,0.16
6,1911-07-08,1919-03-08,5,4,4,0.08
6,1911-07-08,1919-03-08,5,5,7,0.14
6,1911-07-08,1919-03-08,5,6,10,0.2
6,1911-07-08,1919-03-08,5,7,4,0.08
6,1911-07-08,1919-03-08,5,8,5,0.1
6,1911-07-08,1919-03-08,5,9,3,0.06
6,1911-07-08,1919-03-08,6,1,9,0.176471
6,1911-07-08,1919-03-08,6,2,5,0.098039
6,1911-07-08,1919-03-08,6,3,7,0.137255
6,1911-07-08,1919-03-08,6,4,3,0.058824
6,1911-07-08,1919-03-08,6,5,6,0.117647
6,1911-07-08,1919-03-08,6,6,6,0.117647
6,1911-07-08,1919-03-08,6,7,3,0.058824
6,1911-07-08,1919-03-08,6,8,6,0.117647
6,1911-07-08,1919-03-08,6,9,6,0.117647
6,1911-07-08,1919-03-08,7,1,4,0.121212
6,1911-07-08,1919-03-08,7,2,2,0.060606
6,1911-07-08,1919-03-08,7,3,0,0.0
6,1911-07-08,1919-03-08,7,4,8,0.242424
6,1911-07-08,1919-03-08,7,5,6,0.181818
6,1911-07-08,1919-03-08,7,6,2,0.060606
6,1911-07-08,1919-03-08,7,7,2,0.060606
6,1911-07-08,1919-03-08,7,8,7,0.212121
6,1911-07-08,1919-03-08,7,9,2,0.060606
6,1911-07-08,1919-03-08,8,1,6,0.125
6,1911-07-08,1919-03-08,8,2,5,0.104167
6,1911-07-08,1919-03-08,8,3,6,0.125
6,1911-07-08,1919-03-08,8,4,8,0.166667
6,1911-07-08,1919-03-08,8,5,5,0.104167
6,1911-07-08,1919-03-08,8,6,6,0.125
6,1911-07-08,1919-03-08,8,7,3,0.0625
6,1911-07-08,1919-03-08,8,8,5,0.104167
6,1911-07-08,1919-03-08,8,9,4,0.083333
6,1911-07-08,1919-03-08,9,1,6,0.1875
6,1911-07-08,1919-03-08,9,2,4,0.125
6,1911-07-08,1919-03-08,9,3,3,0.09375
6,1911-07-08,1919-03-08,9,4,5,0.15625
6,1911-07-08,1919-03-08,9,5,2,0.0625
6,1911-07-08,1919-03-08,9,6,5,0.15625
6,1911-07-08,1919-03-08,9,7,2,0.0625
6,1911-07-08,1919-03-08,9,8,2,0.0625
6,1911-07-08,1919-03-08,9,9,3,0.09375
7,1913-06-07,1921-02-05,1,1,5,0.111111
7,1913-06-07,1921-02-05,1,2,8,0.177778
7,1913-06-07,1921-02-05,1,3,3,0.066667
7,1913-06-07,1921-02-05,1,4,9,0.2
7,1913-06-07,1921-02-05,1,5,3,0.066667
7,1913-06-07,1921-02-05,1,6,7,0.155556
7,1913-06-07,1921-02-05,1,7,2,0.044444
7,1913-06-07,1921-02-05,1,8,3,0.066667
7,1913-06-07,1921-02-05,1,9,5,0.111111
7,1913-06-07,1921-02-05,2,1,4,0.095238
7,1913-06-07,1921-02-05,2,2,2,0.047619
7,1913-06-07,1921-02-05,2,3,3,0.071429
7,1913-06-07,1921-02-05,2,4,9,0.214286
7,1913-06-07,1921-02-05,2,5,8,0.190476
7,1913-06-07,1921-02-05,2,6,4,0.095238
7,1913-06-07,1921-02-05,2,7,5,0.119048
7,1913-06-07,1921-02-05,2,8,6,0.142857
7,1913-06-07,1921-02-05,2,9,1,0.02381
7,1913-06-07,1921-02-05,3,1,3,0.069767
7,1913-06-07,1921-02-05,3,2,3,0.069767
7,1913-06-07,1921-02-05,3,3,6,0.139535
7,1913-06-07,1921-02-05,3,4,5,0.116279
7,1913-06-07,1921-02-05,3,5,9,0.209302
7,1913-06-07,1921-02-05,3,6,4,0.093023
7,1913-06-07,1921-02-05,3,7,2,0.046512
7,1913-06-07,1921-02-05,3,8,8,0.186047
7,1913-06-07,1921-02-05,3,9,3,0.069767
7,1913-06-07,1921-02-05,4,1,7,0.112903
7,1913-06-07,1921-02-05,4,2,9,0.145161
7,1913-06-07,1921-02-05,4,3,8,0.129032
7,1913-06-07,1921-02-05,4,4,7,0.112903
7,1913-06-07,1921-02-05,4,5,5,0.080645
7,1913-06-07,1921-02-05,4,6,6,0.096774
7,1913-06-07,1921-02-05,4,7,7,0.112903
7,1913-06-07,1921-02-05,4,8,9,0.145161
7,1913-06-07,1921-02-05,4,9,4,0.064516
7,1913-06-07,1921-02-05,5,1,4,0.085106
7,1913-06-07,1921-02-05,5,2,3,0.06383
7,1913-06-07,1921-02-05,5,3,7,0.148936
7,1913-06-07,1921-02-05,5,4,7,0.148936
7,1913-06-07,1921-02-05,5,5,7,0.148936
7,1913-06-07,1921-02-05,5,6,8,0.170213
7,1913-06-07,1921-02-05,5,7,4,0.085106
7,1913-06-07,1921-02-05,5,8,6,0.12766
7,1913-06-07,1921-02-05,5,9,1,0.021277
7,1913-06-07,1921-02-05,6,1,8,0.163265
7,1913-06-07,1921-02-05,6,2,5,0.102041
7,1913-06-07,1921-02-05,6,3,7,0.142857
7,1913-06-07,1921-02-05,6,4,6,0.122449
7,1913-06-07,1921-02-05,6,5,4,0.081633
7,1913-06-07,1921-02-05,6,6,7,0.142857
7,1913-06-07,1921-02-05,6,7,2,0.040816
7,1913-06-07,1921-02-05,6,8,5,0.102041
7,1913-06-07,1921-02-05,6,9,5,0.102041
7,1913-06-07,1921-02-05,7,1,3,0.090909
7,1913-06-07,1921-02-05,7,2,4,0.121212
7,1913-06-07,1921-02-05,7,3,1,0.030303
7,1913-06-07,1921-02-05,7,4,5,0.151515
7,1913-06-07,1921-02-05,7,5,4,0.121212
7,1913-06-07,1921-02-05,7,6,3,0.090909
7,1913-06-07,1921-02-05,7,7,4,0.121212
7,1913-06-07,1921-02-05,7,8,8,0.242424
7,1913-06-07,1921-02-05,7,9,1,0.030303
7,1913-06-07,1921-02-05,8,1,7,0.137255
7,1913-06-07,1921-02-05,8,2,5,0.098039
7,1913-06-07,1921-02-05,8,3,7,0.137255
7,1913-06-07,1921-02-05,8,4,9,0.176471
7,1913-06-07,1921-02-05,8,5,3,0.058824
7,1913-06-07,1921-02-05,8,6,6,0.117647
7,1913-06-07,1921-02-05,8,7,4,0.078431
7,1913-06-07,1921-02-05,8,8,6,0.117647
7,1913-06-07,1921-02-05,8,9,4,0.078431
7,1913-06-07,1921-02-05,9,1,4,0.142857
7,1913-06-07,1921-02-05,9,2,3,0.107143
7,1913-06-07,1921-02-05,9,3,1,0.035714
7,1913-06-07,1921-02-05,9,4,4,0.142857
7,1913-06-07,1921-02-05,9,5,5,0.178571
7,1913-06-07,1921-02-05,9,6,4,0.142857
7,1913-06-07,1921-02-05,9,7,3,0.107143
7,1913-06-07,1921-02-05,9,8,0,0.0
7,1913-06-07,1921-02-05,9,9,4,0.142857
8,1915-05-08,1923-01-06,1,1,5,0.113636
8,1915-05-08,1923-01-06,1,2,9,0.204545
8,1915-05-08,1923-01-06,1,3,4,0.090909
8,1915-05-08,1923-01-06,1,4,6,0.136364
8,1915-05-08,1923-01-06,1,5,3,0.068182
8,1915-05-08,1923-01-06,1,6,4,0.090909
8,1915-05-08,1923-01-06,1,7,2,0.045455
8,1915-05-08,1923-01-06,1,8,4,0.090909
8,1915-05-08,1923-01-06,1,9,7,0.159091
8,1915-05-08,1923-01-06,2,1,5,0.111111
8,1915-05-08,1923-01-06,2,2,1,0.022222
8,1915-05-08,1923-01-06,2,3,4,0.088889
8,1915-05-08,1923-01-06,2,4,8,0.177778
8,1915-05-08,1923-01-06,2,5,8,0.177778
8,1915-05-08,1923-01-06,2,6,6,0.133333
8,1915-05-08,1923-01-06,2,7,4,0.088889
8,1915-05-08,1923-01-06,2,8,6,0.133333
8,1915-05-08,1923-01-06,2,9,3,0.066667
8,1915-05-08,1923-01-06,3,1,4,0.093023
8,1915-05-08,1923-01-06,3,2,3,0.069767
8,1915-05-08,1923-01-06,3,3,4,0.093023
8,1915-05-08,1923-01-06,3,4,4,0.093023
8,1915-05-08,1923-01-06,3,5,12,0.27907
8,1915-05-08,1923-01-06,3,6,6,0.139535
8,1915-05-08,1923-01-06,3,7,2,0.046512
8,1915-05-08,1923-01-06,3,8,5,0.116279
8,1915-05-08,1923-01-06,3,9,3,0.069767
8,1915-05-08,1923-01-06,4,1,8,0.16
8,1915-05-08,1923-01-06,4,2,9,0.18
8,1915-05-08,1923-01-06,4,3,4,0.08
8,1915-05-08,1923-01-06,4,4,6,0.12
8,1915-05-08,1923-01-06,4,5,3,0.06
8,1915-05-08,1923-01-06,4,6,5,0.1
8,1915-05-08,1923-01-06,4,7,4,0.08
8,1915-05-08,1923-01-06,4,8,7,0.14
8,1915-05-08,1923-01-06,4,9,4,0.08
8,1915-05-08,1923-01-06,5,1,3,0.061224
8,1915-05-08,1923-01-06,5,2,2,0.040816
8,1915-05-08,1923-01-06,5,3,9,0.183673
8,1915-05-08,1923-01-06,5,4,7,0.142857
8,1915-05-08,1923-01-06,5,5,7,0.142857
8,1915-05-08,1923-01-06,5,6,6,0.122449
8,1915-05-08,1923-01-06,5,7,6,0.122449
8,1915-05-08,1923-01-06,5,8,6,0.122449
8,1915-05-08,1923-01-06,5,9,3,0.061224
8,1915-05-08,1923-01-06,6,1,6,0.115385
8,1915-05-08,1923-01-06,6,2,6,0.115385
8,1915-05-08,1923-01-06,6,3,9,0.173077
8,1915-05-08,1923-01-06,6,4,5,0.096154
8,1915-05-08,1923-01-06,6,5,4,0.076923
8,1915-05-08,1923-01-06,6,6,6,0.115385
8,1915-05-08,1923-01-06,6,7,3,0.057692
8,1915-05-08,1923-01-06,6,8,6,0.115385
8,1915-05-08,1923-01-06,6,9,7,0.134615
8,1915-05-08,1923-01-06,7,1,1,0.032258
8,1915-05-08,1923-01-06,7,2,5,0.16129
8,1915-05-08,1923-01-06,7,3,2,0.064516
8,1915-05-08,1923-01-06,7,4,2,0.064516
8,1915-05-08,1923-01-06,7,5,4,0.129032
8,1915-05-08,1923-01-06,7,6,7,0.225806
8,1915-05-08,1923-01-06,7,7,3,0.096774
8,1915-05-08,1923-01-06,7,8,6,0.193548
8,1915-05-08,1923-01-06,7,9,1,0.032258
8,1915-05-08,1923-01-06,8,1,8,0.163265
8,1915-05-08,1923-01-06,8,2,4,0.081633
8,1915-05-08,1923-01-06,8,3,6,0.122449
8,1915-05-08,1923-01-06,8,4,8,0.163265
8,1915-05-08,1923-01-06,8,5,2,0.040816
8,1915-05-08,1923-01-06,8,6,7,0.142857
8,1915-05-08,1923-01-06,8,7,4,0.081633
8,1915-05-08,1923-01-06,8,8,5,0.102041
8,1915-05-08,1923-01-06,8,9,5,0.102041
8,1915-05-08,1923-01-06,9,1,4,0.108108
8,1915-05-08,1923-01-06,9,2,6,0.162162
8,1915-05-08,1923-01-06,9,3,1,0.027027
8,1915-05-08,1923-01-06,9,4,4,0.108108
8,1915-05-08,1923-01-06,9,5,6,0.162162
8,1915-05-08,1923-01-06,9,6,6,0.162162
8,1915-05-08,1923-01-06,9,7,3,0.081081
8,1915-05-08,1923-01-06,9,8,3,0.081081
8,1915-05-08,1923-01-06,9,9,4,0.108108
9,1917-04-07,1924-12-06,1,1,2,0.044444
9,1917-04-07,1924-12-06,1,2,7,0.155556
9,1917-04-07,1924-12-06,1,3,6,0.133333
9,1917-04-07,1924-12-06,1,4,7,0.155556
9,1917-04-07,1924-12-06,1,5,5,0.111111
9,1917-04-07,1924-12-06,1,6,3,0.066667
9,1917-04-07,1924-12-06,1,7,3,0.066667
9,1917-04-07,1924-12-06,1,8,6,0.133333
9,1917-04-07,1924-12-06,1,9,6,0.133333
9,1917-04-07,1924-12-06,2,1,4,0.097561
9,1917-04-07,1924-12-06,2,2,0,0.0
9,1917-04-07,1924-12-06,2,3,5,0.121951
9,1917-04-07,1924-12-06,2,4,9,0.219512
9,1917-04-07,1924-12-06,2,5,6,0.146341
9,1917-04-07,1924-12-06,2,6,3,0.073171
9,1917-04-07,1924-12-06,2,7,4,0.097561
9,1917-04-07,1924-12-06,2,8,7,0.170732
9,1917-04-07,1924-12-06,2,9,3,0.073171
9,1917-04-07,1924-12-06,3,1,5,0.104167
9,1917-04-07,1924-12-06,3,2,5,0.104167
9,1917-04-07,1924-12-06,3,3,4,0.083333
9,1917-04-07,1924-12-06,3,4,5,0.104167
9,1917-04-07,1924-12-06,3,5,13,0.270833
9,1917-04-07,1924-12-06,3,6,6,0.125
9,1917-04-07,1924-12-06,3,7,2,0.041667
9,1917-04-07,1924-12-06,3,8,5,0.104167
9,1917-04-07,1924-12-06,3,9,3,0.0625
9,1917-04-07,1924-12-06,4,1,11,0.23913
9,1917-04-07,1924-12-06,4,2,7,0.152174
9,1917-04-07,1924-12-06,4,3,4,0.086957
9,1917-04-07,1924-12-06,4,4,4,0.086957
9,1917-04-07,1924-12-06,4,5,4,0.086957
9,1917-04-07,1924-12-06,4,6,4,0.086957
9,1917-04-07,1924-12-06,4,7,5,0.108696
9,1917-04-07,1924-12-06,4,8,5,0.108696
9,1917-04-07,1924-12-06,4,9,2,0.043478
9,1917-04-07,1924-12-06,5,1,4,0.086957
9,1917-04-07,1924-12-06,5,2,2,0.043478
9,1917-04-07,1924-12-06,5,3,10,0.217391
9,1917-04-07,1924-12-06,5,4,4,0.086957
9,1917-04-07,1924-12-06,5,5,6,0.130435
9,1917-04-07,1924-12-06,5,6,7,0.152174
9,1917-04-07,1924-12-06,5,7,5,0.108696
9,1917-04-07,1924-12-06,5,8,4,0.086957
9,1917-04-07,1924-12-06,5,9,4,0.086957
9,1917-04-07,1924-12-06,6,1,6,0.115385
9,1917-04-07,1924-12-06,6,2,5,0.096154
9,1917-04-07,1924-12-06,6,3,9,0.173077
9,1917-04-07,1924-12-06,6,4,5,0.096154
9,1917-04-07,1924-12-06,6,5,3,0.057692
9,1917-04-07,1924-12-06,6,6,6,0.115385
9,1917-04-07,1924-12-06,6,7,4,0.076923
9,1917-04-07,1924-12-06,6,8,6,0.115385
9,1917-04-07,1924-12-06,6,9,8,0.153846
9,1917-04-07,1924-12-06,7,1,1,0.027778
9,1917-04-07,1924-12-06,7,2,6,0.166667
9,1917-04-07,1924-12-06,7,3,3,0.083333
9,1917-04-07,1924-12-06,7,4,4,0.111111
9,1917-04-07,1924-12-06,7,5,3,0.083333
9,1917-04-07,1924-12-06,7,6,9,0.25
9,1917-04-07,1924-12-06,7,7,2,0.055556
9,1917-04-07,1924-12-06,7,8,6,0.166667
9,1917-04-07,1924-12-06,7,9,2,0.055556
9,1917-04-07,1924-12-06,8,1,8,0.170213
9,1917-04-07,1924-12-06,8,2,5,0.106383
9,1917-04-07,1924-12-06,8,3,5,0.106383
9,1917-04-07,1924-12-06,8,4,7,0.148936
9,1917-04-07,1924-12-06,8,5,1,0.021277
9,1917-04-07,1924-12-06,8,6,6,0.12766
9,1917-04-07,1924-12-06,8,7,5,0.106383
9,1917-04-07,1924-12-06,8,8,4,0.085106
9,1917-04-07,1924-12-06,8,9,6,0.12766
9,1917-04-07,1924-12-06,9,1,4,0.102564
9,1917-04-07,1924-12-06,9,2,4,0.102564
9,1917-04-07,1924-12-06,9,3,2,0.051282
9,1917-04-07,1924-12-06,9,4,1,0.025641
9,1917-04-07,1924-12-06,9,5,6,0.153846
9,1917-04-07,1924-12-06,9,6,7,0.179487
9,1917-04-07,1924-12-06,9,7,6,0.153846
9,1917-04-07,1924-12-06,9,8,4,0.102564
9,1917-04-07,1924-12-06,9,9,5,0.128205
10,1919-03-08,1926-11-06,1,1,3,0.066667
10,1919-03-08,1926-11-06,1,2,5,0.111111
10,1919-03-08,1926-11-06,1,3,7,0.155556
10,1919-03-08,1926-11-06,1,4,8,0.177778
10,1919-03-08,1926-11-06,1,5,6,0.133333
10,1919-03-08,1926-11-06,1,6,3,0.066667
10,1919-03-08,1926-11-06,1,7,1,0.022222
10,1919-03-08,1926-11-06,1,8,6,0.133333
10,1919-03-08,1926-11-06,1,9,6,0.133333
10,1919-03-08,1926-11-06,2,1,5,0.131579
10,1919-03-08,1926-11-06,2,2,1,0.026316
10,1919-03-08,1926-11-06,2,3,5,0.131579
10,1919-03-08,1926-11-06,2,4,8,0.210526
10,1919-03-08,1926-11-06,2,5,3,0.078947
10,1919-03-08,1926-11-06,2,6,3,0.078947
10,1919-03-08,1926-11-06,2,7,3,0.078947
10,1919-03-08,1926-11-06,2,8,6,0.157895
10,1919-03-08,1926-11-06,2,9,4,0.105263
10,1919-03-08,1926-11-06,3,1,3,0.065217
10,1919-03-08,1926-11-06,3,2,6,0.130435
10,1919-03-08,1926-11-06,3,3,3,0.065217
10,1919-03-08,1926-11-06,3,4,7,0.152174
10,1919-03-08,1926-11-06,3,5,11,0.23913
10,1919-03-08,1926-11-06,3,6,6,0.130435
10,1919-03-08,1926-11-06,3,7,2,0.043478
10,1919-03-08,1926-11-06,3,8,4,0.086957
10,1919-03-08,1926-11-06,3,9,4,0.086957
10,1919-03-08,1926-11-06,4,1,11,0.215686
10,1919-03-08,1926-11-06,4,2,6,0.117647
10,1919-03-08,1926-11-06,4,3,3,0.058824
10,1919-03-08,1926-11-06,4,4,5,0.098039
10,1919-03-08,1926-11-06,4,5,7,0.137255
10,1919-03-08,1926-11-06,4,6,4,0.078431
10,1919-03-08,1926-11-06,4,7,5,0.098039
10,1919-03-08,1926-11-06,4,8,6,0.117647
10,1919-03-08,1926-11-06,4,9,4,0.078431
10,1919-03-08,1926-11-06,5,1,5,0.116279
10,1919-03-08,1926-11-06,5,2,4,0.093023
10,1919-03-08,1926-11-06,5,3,9,0.209302
10,1919-03-08,1926-11-06,5,4,6,0.139535
10,1919-03-08,1926-11-06,5,5,2,0.046512
10,1919-03-08,1926-11-06,5,6,3,0.069767
10,1919-03-08,1926-11-06,5,7,5,0.116279
10,1919-03-08,1926-11-06,5,8,4,0.093023
10,1919-03-08,1926-11-06,5,9,5,0.116279
10,1919-03-08,1926-11-06,6,1,4,0.086957
10,1919-03-08,1926-11-06,6,2,4,0.086957
10,1919-03-08,1926-11-06,6,3,7,0.152174
10,1919-03-08,1926-11-06,6,4,4,0.086957
10,1919-03-08,1926-11-06,6,5,4,0.086957
10,1919-03-08,1926-11-06,6,6,7,0.152174
10,1919-03-08,1926-11-06,6,7,4,0.086957
10,1919-03-08,1926-11-06,6,8,4,0.086957
10,1919-03-08,1926-11-06,6,9,8,0.173913
10,1919-03-08,1926-11-06,7,1,4,0.102564
10,1919-03-08,1926-11-06,7,2,4,0.102564
10,1919-03-08,1926-11-06,7,3,4,0.102564
10,1919-03-08,1926-11-06,7,4,5,0.128205
10,1919-03-08,1926-11-06,7,5,2,0.051282
10,1919-03-08,1926-11-06,7,6,8,0.205128
10,1919-03-08,1926-11-06,7,7,2,0.051282
10,1919-03-08,1926-11-06,7,8,7,0.179487
10,1919-03-08,1926-11-06,7,9,3,0.076923
10,1919-03-08,1926-11-06,8,1,6,0.12766
10,1919-03-08,1926-11-06,8,2,4,0.085106
10,1919-03-08,1926-11-06,8,3,6,0.12766
10,1919-03-08,1926-11-06,8,4,8,0.170213
10,1919-03-08,1926-11-06,8,5,2,0.042553
10,1919-03-08,1926-11-06,8,6,6,0.12766
10,1919-03-08,1926-11-06,8,7,7,0.148936
10,1919-03-08,1926-11-06,8,8,3,0.06383
10,1919-03-08,1926-11-06,8,9,5,0.106383
10,1919-03-08,1926-11-06,9,1,4,0.088889
10,1919-03-08,1926-11-06,9,2,4,0.088889
10,1919-03-08,1926-11-06,9,3,2,0.044444
10,1919-03-08,1926-11-06,9,4,0,0.0
10,1919-03-08,1926-11-06,9,5,6,0.133333
10,1919-03-08,1926-11-06,9,6,6,0.133333
10,1919-03-08,1926-11-06,9,7,10,0.222222
10,1919-03-08,1926-11-06,9,8,7,0.155556
10,1919-03-08,1926-11-06,9,9,6,0.133333
11,1921-02-05,1928-10-06,1,1,4,0.088889
11,1921-02-05,1928-10-06,1,2,6,0.133333
11,1921-02-05,1928-10-06,1,3,6,0.133333
11,1921-02-05,1928-10-06,1,4,9,0.2
11,1921-02-05,1928-10-06,1,5,7,0.155556
11,1921-02-05,1928-10-06,1,6,2,0.044444
11,1921-02-05,1928-10-06,1,7,2,0.044444
11,1921-02-05,1928-10-06,1,8,5,0.111111
11,1921-02-05,1928-10-06,1,9,4,0.088889
11,1921-02-05,1928-10-06,2,1,8,0.205128
11,1921-02-05,1928-10-06,2,2,2,0.051282
11,1921-02-05,1928-10-06,2,3,4,0.102564
11,1921-02-05,1928-10-06,2,4,6,0.153846
11,1921-02-05,1928-10-06,2,5,3,0.076923
11,1921-02-05,1928-10-06,2,6,4,0.102564
11,1921-02-05,1928-10-06,2,7,3,0.076923
11,1921-02-05,1928-10-06,2,8,5,0.128205
11,1921-02-05,1928-10-06,2,9,4,0.102564
11,1921-02-05,1928-10-06,3,1,3,0.071429
11,1921-02-05,1928-10-06,3,2,7,0.166667
11,1921-02-05,1928-10-06,3,3,4,0.095238
11,1921-02-05,1928-10-06,3,4,7,0.166667
11,1921-02-05,1928-10-06,3,5,9,0.214286
11,1921-02-05,1928-10-06,3,6,5,0.119048
11,1921-02-05,1928-10-06,3,7,1,0.02381
11,1921-02-05,1928-10-06,3,8,2,0.047619
11,1921-02-05,1928-10-06,3,9,4,0.095238
11,1921-02-05,1928-10-06,4,1,6,0.125
11,1921-02-05,1928-10-06,4,2,5,0.104167
11,1921-02-05,1928-10-06,4,3,3,0.0625
11,1921-02-05,1928-10-06,4,4,5,0.104167
11,1921-02-05,1928-10-06,4,5,8,0.166667
11,1921-02-05,1928-10-06,4,6,8,0.166667
11,1921-02-05,1928-10-06,4,7,5,0.104167
11,1921-02-05,1928-10-06,4,8,4,0.083333
11,1921-02-05,1928-10-06,4,9,4,0.083333
11,1921-02-05,1928-10-06,5,1,7,0.134615
11,1921-02-05,1928-10-06,5,2,4,0.076923
11,1921-02-05,1928-10-06,5,3,8,0.153846
11,1921-02-05,1928-10-06,5,4,7,0.134615
11,1921-02-05,1928-10-06,5,5,6,0.115385
11,1921-02-05,1928-10-06,5,6,5,0.096154
11,1921-02-05,1928-10-06,5,7,4,0.076923
11,1921-02-05,1928-10-06,5,8,5,0.096154
11,1921-02-05,1928-10-06,5,9,6,0.115385
11,1921-02-05,1928-10-06,6,1,4,0.076923
11,1921-02-05,1928-10-06,6,2,4,0.076923
11,1921-02-05,1928-10-06,6,3,6,0.115385
11,1921-02-05,1928-10-06,6,4,3,0.057692
11,1921-02-05,1928-10-06,6,5,10,0.192308
11,1921-02-05,1928-10-06,6,6,7,0.134615
11,1921-02-05,1928-10-06,6,7,5,0.096154
11,1921-02-05,1928-10-06,6,8,4,0.076923
11,1921-02-05,1928-10-06,6,9,9,0.173077
11,1921-02-05,1928-10-06,7,1,4,0.102564
11,1921-02-05,1928-10-06,7,2,2,0.051282
11,1921-02-05,1928-10-06,7,3,4,0.102564
11,1921-02-05,1928-10-06,7,4,6,0.153846
11,1921-02-05,1928-10-06,7,5,2,0.051282
11,1921-02-05,1928-10-06,7,6,12,0.307692
11,1921-02-05,1928-10-06,7,7,0,0.0
11,1921-02-05,1928-10-06,7,8,5,0.128205
11,1921-02-05,1928-10-06,7,9,4,0.102564
11,1921-02-05,1928-10-06,8,1,6,0.146341
11,1921-02-05,1928-10-06,8,2,4,0.097561
11,1921-02-05,1928-10-06,8,3,6,0.146341
11,1921-02-05,1928-10-06,8,4,4,0.097561
11,1921-02-05,1928-10-06,8,5,3,0.073171
11,1921-02-05,1928-10-06,8,6,4,0.097561
11,1921-02-05,1928-10-06,8,7,7,0.170732
11,1921-02-05,1928-10-06,8,8,4,0.097561
11,1921-02-05,1928-10-06,8,9,3,0.073171
11,1921-02-05,1928-10-06,9,1,3,0.071429
11,1921-02-05,1928-10-06,9,2,5,0.119048
11,1921-02-05,1928-10-06,9,3,1,0.02381
11,1921-02-05,1928-10-06,9,4,1,0.02381
11,1921-02-05,1928-10-06,9,5,3,0.071429
11,1921-02-05,1928-10-06,9,6,6,0.142857
11,1921-02-05,1928-10-06,9,7,12,0.285714
11,1921-02-05,1928-10-06,9,8,7,0.166667
11,1921-02-05,1928-10-06,9,9,4,0.095238
12,1923-01-06,1930-09-06,1,1,3,0.069767
12,1923-01-06,1930-09-06,1,2,4,0.093023
12,1923-01-06,1930-09-06,1,3,8,0.186047
12,1923-01-06,1930-09-06,1,4,10,0.232558
12,1923-01-06,1930-09-06,1,5,7,0.162791
12,1923-01-06,1930-09-06,1,6,1,0.023256
12,1923-01-06,1930-09-06,1,7,4,0.093023
12,1923-01-06,1930-09-06,1,8,4,0.093023
12,1923-01-06,1930-09-06,1,9,2,0.046512
12,1923-01-06,1930-09-06,2,1,8,0.195122
12,1923-01-06,1930-09-06,2,2,6,0.146341
12,1923-01-06,1930-09-06,2,3,5,0.121951
12,1923-01-06,1930-09-06,2,4,5,0.121951
12,1923-01-06,1930-09-06,2,5,3,0.073171
12,1923-01-06,1930-09-06,2,6,3,0.073171
12,1923-01-06,1930-09-06,2,7,2,0.04878
12,1923-01-06,1930-09-06,2,8,4,0.097561
12,1923-01-06,1930-09-06,2,9,5,0.121951
12,1923-01-06,1930-09-06,3,1,4,0.093023
12,1923-01-06,1930-09-06,3,2,8,0.186047
12,1923-01-06,1930-09-06,3,3,4,0.093023
12,1923-01-06,1930-09-06,3,4,6,0.139535
12,1923-01-06,1930-09-06,3,5,5,0.116279
12,1923-01-06,1930-09-06,3,6,3,0.069767
12,1923-01-06,1930-09-06,3,7,3,0.069767
12,1923-01-06,1930-09-06,3,8,3,0.069767
12,1923-01-06,1930-09-06,3,9,7,0.162791
12,1923-01-06,1930-09-06,4,1,4,0.078431
12,1923-01-06,1930-09-06,4,2,6,0.117647
12,1923-01-06,1930-09-06,4,3,4,0.078431
12,1923-01-06,1930-09-06,4,4,5,0.098039
12,1923-01-06,1930-09-06,4,5,8,0.156863
12,1923-01-06,1930-09-06,4,6,9,0.176471
12,1923-01-06,1930-09-06,4,7,5,0.098039
12,1923-01-06,1930-09-06,4,8,5,0.098039
12,1923-01-06,1930-09-06,4,9,5,0.098039
12,1923-01-06,1930-09-06,5,1,7,0.145833
12,1923-01-06,1930-09-06,5,2,5,0.104167
12,1923-01-06,1930-09-06,5,3,7,0.145833
12,1923-01-06,1930-09-06,5,4,6,0.125
12,1923-01-06,1930-09-06,5,5,5,0.104167
12,1923-01-06,1930-09-06,5,6,7,0.145833
12,1923-01-06,1930-09-06,5,7,1,0.020833
12,1923-01-06,1930-09-06,5,8,3,0.0625
12,1923-01-06,1930-09-06,5,9,7,0.145833
12,1923-01-06,1930-09-06,6,1,6,0.125
12,1923-01-06,1930-09-06,6,2,3,0.0625
12,1923-01-06,1930-09-06,6,3,4,0.083333
12,1923-01-06,1930-09-06,6,4,5,0.104167
12,1923-01-06,1930-09-06,6,5,10,0.208333
12,1923-01-06,1930-09-06,6,6,6,0.125
12,1923-01-06,1930-09-06,6,7,4,0.083333
12,1923-01-06,1930-09-06,6,8,3,0.0625
12,1923-01-06,1930-09-06,6,9,7,0.145833
12,1923-01-06,1930-09-06,7,1,5,0.121951
12,1923-01-06,1930-09-06,7,2,3,0.073171
12,1923-01-06,1930-09-06,7,3,4,0.097561
12,1923-01-06,1930-09-06,7,4,6,0.146341
12,1923-01-06,1930-09-06,7,5,2,0.04878
12,1923-01-06,1930-09-06,7,6,9,0.219512
12,1923-01-06,1930-09-06,7,7,2,0.04878
12,1923-01-06,1930-09-06,7,8,6,0.146341
12,1923-01-06,1930-09-06,7,9,4,0.097561
12,1923-01-06,1930-09-06,8,1,3,0.078947
12,1923-01-06,1930-09-06,8,2,5,0.131579
12,1923-01-06,1930-09-06,8,3,4,0.105263
12,1923-01-06,1930-09-06,8,4,4,0.105263
12,1923-01-06,1930-09-06,8,5,4,0.105263
12,1923-01-06,1930-09-06,8,6,2,0.052632
12,1923-01-06,1930-09-06,8,7,8,0.210526
12,1923-01-06,1930-09-06,8,8,6,0.157895
12,1923-01-06,1930-09-06,8,9,2,0.052632
12,1923-01-06,1930-09-06,9,1,3,0.06383
12,1923-01-06,1930-09-06,9,2,2,0.042553
12,1923-01-06,1930-09-06,9,3,3,0.06383
12,1923-01-06,1930-09-06,9,4,4,0.085106
12,1923-01-06,1930-09-06,9,5,4,0.085106
12,1923-01-06,1930-09-06,9,6,7,0.148936
12,1923-01-06,1930-09-06,9,7,12,0.255319
12,1923-01-06,1930-09-06,9,8,4,0.085106
12,1923-01-06,1930-09-06,9,9,8,0.170213
13,1924-12-06,1932-08-06,1,1,4,0.086957
13,1924-12-06,1932-08-06,1,2,7,0.152174
13,1924-12-06,1932-08-06,1,3,7,0.152174
13,1924-12-06,1932-08-06,1,4,9,0.195652
13,1924-12-06,1932-08-06,1,5,6,0.130435
13,1924-12-06,1932-08-06,1,6,2,0.043478
13,1924-12-06,1932-08-06,1,7,4,0.086957
13,1924-12-06,1932-08-06,1,8,3,0.065217
13,1924-12-06,1932-08-06,1,9,4,0.086957
13,1924-12-06,1932-08-06,2,1,10,0.232558
13,1924-12-06,1932-08-06,2,2,8,0.186047
13,1924-12-06,1932-08-06,2,3,4,0.093023
13,1924-12-06,1932-08-06,2,4,1,0.023256
13,1924-12-06,1932-08-06,2,5,3,0.069767
13,1924-12-06,1932-08-06,2,6,5,0.116279
13,1924-12-06,1932-08-06,2,7,1,0.023256
13,1924-12-06,1932-08-06,2,8,5,0.116279
13,1924-12-06,1932-08-06,2,9,6,0.139535
13,1924-12-06,1932-08-06,3,1,5,0.113636
13,1924-12-06,1932-08-06,3,2,7,0.159091
13,1924-12-06,1932-08-06,3,3,5,0.113636
13,1924-12-06,1932-08-06,3,4,4,0.090909
13,1924-12-06,1932-08-06,3,5,4,0.090909
13,1924-12-06,1932-08-06,3,6,3,0.068182
13,1924-12-06,1932-08-06,3,7,4,0.090909
13,1924-12-06,1932-08-06,3,8,4,0.090909
13,1924-12-06,1932-08-06,3,9,8,0.181818
13,1924-12-06,1932-08-06,4,1,3,0.06383
13,1924-12-06,1932-08-06,4,2,5,0.106383
13,1924-12-06,1932-08-06,4,3,5,0.106383
13,1924-12-06,1932-08-06,4,4,6,0.12766
13,1924-12-06,1932-08-06,4,5,7,0.148936
13,1924-12-06,1932-08-06,4,6,9,0.191489
13,1924-12-06,1932-08-06,4,7,2,0.042553
13,1924-12-06,1932-08-06,4,8,4,0.085106
13,1924-12-06,1932-08-06,4,9,6,0.12766
13,1924-12-06,1932-08-06,5,1,6,0.12766
13,1924-12-06,1932-08-06,5,2,4,0.085106
13,1924-12-06,1932-08-06,5,3,5,0.106383
13,1924-12-06,1932-08-06,5,4,6,0.12766
13,1924-12-06,1932-08-06,5,5,5,0.106383
13,1924-12-06,1932-08-06,5,6,9,0.191489
13,1924-12-06,1932-08-06,5,7,1,0.021277
13,1924-12-06,1932-08-06,5,8,3,0.06383
13,1924-12-06,1932-08-06,5,9,8,0.170213
13,1924-12-06,1932-08-06,6,1,7,0.14
13,1924-12-06,1932-08-06,6,2,4,0.08
13,1924-12-06,1932-08-06,6,3,3,0.06
13,1924-12-06,1932-08-06,6,4,8,0.16
13,1924-12-06,1932-08-06,6,5,10,0.2
13,1924-12-06,1932-08-06,6,6,4,0.08
13,1924-12-06,1932-08-06,6,7,6,0.12
13,1924-12-06,1932-08-06,6,8,2,0.04
13,1924-12-06,1932-08-06,6,9,6,0.12
13,1924-12-06,1932-08-06,7,1,4,0.108108
13,1924-12-06,1932-08-06,7,2,3,0.081081
13,1924-12-06,1932-08-06,7,3,6,0.162162
13,1924-12-06,1932-08-06,7,4,5,0.135135
13,1924-12-06,1932-08-06,7,5,2,0.054054
13,1924-12-06,1932-08-06,7,6,8,0.216216
13,1924-12-06,1932-08-06,7,7,2,0.054054
13,1924-12-06,1932-08-06,7,8,4,0.108108
13,1924-12-06,1932-08-06,7,9,3,0.081081
13,1924-12-06,1932-08-06,8,1,2,0.055556
13,1924-12-06,1932-08-06,8,2,4,0.111111
13,1924-12-06,1932-08-06,8,3,4,0.111111
13,1924-12-06,1932-08-06,8,4,3,0.083333
13,1924-12-06,1932-08-06,8,5,5,0.138889
13,1924-12-06,1932-08-06,8,6,3,0.083333
13,1924-12-06,1932-08-06,8,7,6,0.166667
13,1924-12-06,1932-08-06,8,8,8,0.222222
13,1924-12-06,1932-08-06,8,9,1,0.027778
13,1924-12-06,1932-08-06,9,1,6,0.12
13,1924-12-06,1932-08-06,9,2,1,0.02
13,1924-12-06,1932-08-06,9,3,5,0.1
13,1924-12-06,1932-08-06,9,4,5,0.1
13,1924-12-06,1932-08-06,9,5,4,0.08
13,1924-12-06,1932-08-06,9,6,7,0.14
13,1924-12-06,1932-08-06,9,7,11,0.22
13,1924-12-06,1932-08-06,9,8,3,0.06
13,1924-12-06,1932-08-06,9,9,8,0.16
14,1926-11-06,1934-07-07,1,1,3,0.06383
14,1926-11-06,1934-07-07,1,2,6,0.12766
14,1926-11-06,1934-07-07,1,3,7,0.148936
14,1926-11-06,1934-07-07,1,4,7,0.148936
14,1926-11-06,1934-07-07,1,5,5,0.106383
14,1926-11-06,1934-07-07,1,6,2,0.042553
14,1926-11-06,1934-07-07,1,7,6,0.12766
14,1926-11-06,1934-07-07,1,8,4,0.085106
14,1926-11-06,1934-07-07,1,9,7,0.148936
14,1926-11-06,1934-07-07,2,1,12,0.255319
14,1926-11-06,1934-07-07,2,2,7,0.148936
14,1926-11-06,1934-07-07,2,3,5,0.106383
14,1926-11-06,1934-07-07,2,4,4,0.085106
14,1926-11-06,1934-07-07,2,5,3,0.06383
14,1926-11-06,1934-07-07,2,6,5,0.106383
14,1926-11-06,1934-07-07,2,7,1,0.021277
14,1926-11-06,1934-07-07,2,8,4,0.085106
14,1926-11-06,1934-07-07,2,9,6,0.12766
14,1926-11-06,1934-07-07,3,1,5,0.128205
14,1926-11-06,1934-07-07,3,2,7,0.179487
14,1926-11-06,1934-07-07,3,3,5,0.128205
14,1926-11-06,1934-07-07,3,4,1,0.025641
14,1926-11-06,1934-07-07,3,5,2,0.051282
14,1926-11-06,1934-07-07,3,6,1,0.025641
14,1926-11-06,1934-07-07,3,7,4,0.102564
14,1926-11-06,1934-07-07,3,8,6,0.153846
14,1926-11-06,1934-07-07,3,9,8,0.205128
14,1926-11-06,1934-07-07,4,1,2,0.042553
14,1926-11-06,1934-07-07,4,2,6,0.12766
14,1926-11-06,1934-07-07,4,3,4,0.085106
14,1926-11-06,1934-07-07,4,4,5,0.106383
14,1926-11-06,1934-07-07,4,5,7,0.148936
14,1926-11-06,1934-07-07,4,6,11,0.234043
14,1926-11-06,1934-07-07,4,7,5,0.106383
14,1926-11-06,1934-07-07,4,8,3,0.06383
14,1926-11-06,1934-07-07,4,9,4,0.085106
14,1926-11-06,1934-07-07,5,1,4,0.090909
14,1926-11-06,1934-07-07,5,2,3,0.068182
14,1926-11-06,1934-07-07,5,3,1,0.022727
14,1926-11-06,1934-07-07,5,4,7,0.159091
14,1926-11-06,1934-07-07,5,5,6,0.136364
14,1926-11-06,1934-07-07,5,6,10,0.227273
14,1926-11-06,1934-07-07,5,7,2,0.045455
14,1926-11-06,1934-07-07,5,8,3,0.068182
14,1926-11-06,1934-07-07,5,9,8,0.181818
14,1926-11-06,1934-07-07,6,1,10,0.2
14,1926-11-06,1934-07-07,6,2,4,0.08
14,1926-11-06,1934-07-07,6,3,3,0.06
14,1926-11-06,1934-07-07,6,4,8,0.16
14,1926-11-06,1934-07-07,6,5,8,0.16
14,1926-11-06,1934-07-07,6,6,4,0.08
14,1926-11-06,1934-07-07,6,7,6,0.12
14,1926-11-06,1934-07-07,6,8,3,0.06
14,1926-11-06,1934-07-07,6,9,4,0.08
14,1926-11-06,1934-07-07,7,1,1,0.02439
14,1926-11-06,1934-07-07,7,2,6,0.146341
14,1926-11-06,1934-07-07,7,3,7,0.170732
14,1926-11-06,1934-07-07,7,4,5,0.121951
14,1926-11-06,1934-07-07,7,5,2,0.04878
14,1926-11-06,1934-07-07,7,6,9,0.219512
14,1926-11-06,1934-07-07,7,7,7,0.170732
14,1926-11-06,1934-07-07,7,8,3,0.073171
14,1926-11-06,1934-07-07,7,9,1,0.02439
14,1926-11-06,1934-07-07,8,1,4,0.105263
14,1926-11-06,1934-07-07,8,2,6,0.157895
14,1926-11-06,1934-07-07,8,3,2,0.052632
14,1926-11-06,1934-07-07,8,4,4,0.105263
14,1926-11-06,1934-07-07,8,5,4,0.105263
14,1926-11-06,1934-07-07,8,6,2,0.052632
14,1926-11-06,1934-07-07,8,7,4,0.105263
14,1926-11-06,1934-07-07,8,8,10,0.263158
14,1926-11-06,1934-07-07,8,9,2,0.052632
14,1926-11-06,1934-07-07,9,1,6,0.12766
14,1926-11-06,1934-07-07,9,2,2,0.042553
14,1926-11-06,1934-07-07,9,3,5,0.106383
14,1926-11-06,1934-07-07,9,4,6,0.12766
14,1926-11-06,1934-07-07,9,5,7,0.148936
14,1926-11-06,1934-07-07,9,6,6,0.12766
14,1926-11-06,1934-07-07,9,7,7,0.148936
14,1926-11-06,1934-07-07,9,8,1,0.021277
14,1926-11-06,1934-07-07,9,9,7,0.148936
15,1928-10-06,1936-06-06,1,1,4,0.083333
15,1928-10-06,1936-06-06,1,2,4,0.083333
15,1928-10-06,1936-06-06,1,3,7,0.145833
15,1928-10-06,1936-06-06,1,4,4,0.083333
15,1928-10-06,1936-06-06,1,5,5,0.104167
15,1928-10-06,1936-06-06,1,6,2,0.041667
15,1928-10-06,1936-06-06,1,7,9,0.1875
15,1928-10-06,1936-06-06,1,8,6,0.125
15,1928-10-06,1936-06-06,1,9,7,0.145833
15,1928-10-06,1936-06-06,2,1,10,0.232558
15,1928-10-06,1936-06-06,2,2,6,0.139535
15,1928-10-06,1936-06-06,2,3,4,0.093023
15,1928-10-06,1936-06-06,2,4,3,0.069767
15,1928-10-06,1936-06-06,2,5,2,0.046512
15,1928-10-06,1936-06-06,2,6,6,0.139535
15,1928-10-06,1936-06-06,2,7,0,0.0
15,1928-10-06,1936-06-06,2,8,7,0.162791
15,1928-10-06,1936-06-06,2,9,5,0.116279
15,1928-10-06,1936-06-06,3,1,6,0.153846
15,1928-10-06,1936-06-06,3,2,6,0.153846
15,1928-10-06,1936-06-06,3,3,4,0.102564
15,1928-10-06,1936-06-06,3,4,1,0.025641
15,1928-10-06,1936-06-06,3,5,0,0.0
15,1928-10-06,1936-06-06,3,6,2,0.051282
15,1928-10-06,1936-06-06,3,7,6,0.153846
15,1928-10-06,1936-06-06,3,8,6,0.153846
15,1928-10-06,1936-06-06,3,9,8,0.205128
15,1928-10-06,1936-06-06,4,1,3,0.078947
15,1928-10-06,1936-06-06,4,2,4,0.105263
15,1928-10-06,1936-06-06,4,3,3,0.078947
15,1928-10-06,1936-06-06,4,4,4,0.105263
15,1928-10-06,1936-06-06,4,5,5,0.131579
15,1928-10-06,1936-06-06,4,6,8,0.210526
15,1928-10-06,1936-06-06,4,7,5,0.131579
15,1928-10-06,1936-06-06,4,8,3,0.078947
15,1928-10-06,1936-06-06,4,9,3,0.078947
15,1928-10-06,1936-06-06,5,1,0,0.0
15,1928-10-06,1936-06-06,5,2,2,0.060606
15,1928-10-06,1936-06-06,5,3,2,0.060606
15,1928-10-06,1936-06-06,5,4,3,0.090909
15,1928-10-06,1936-06-06,5,5,2,0.060606
15,1928-10-06,1936-06-06,5,6,10,0.30303
15,1928-10-06,1936-06-06,5,7,5,0.151515
15,1928-10-06,1936-06-06,5,8,2,0.060606
15,1928-10-06,1936-06-06,5,9,7,0.212121
15,1928-10-06,1936-06-06,6,1,9,0.18
15,1928-10-06,1936-06-06,6,2,5,0.1
15,1928-10-06,1936-06-06,6,3,4,0.08
15,1928-10-06,1936-06-06,6,4,8,0.16
15,1928-10-06,1936-06-06,6,5,2,0.04
15,1928-10-06,1936-06-06,6,6,3,0.06
15,1928-10-06,1936-06-06,6,7,7,0.14
15,1928-10-06,1936-06-06,6,8,5,0.1
15,1928-10-06,1936-06-06,6,9,7,0.14
15,1928-10-06,1936-06-06,7,1,4,0.072727
15,1928-10-06,1936-06-06,7,2,9,0.163636
15,1928-10-06,1936-06-06,7,3,6,0.109091
15,1928-10-06,1936-06-06,7,4,6,0.109091
15,1928-10-06,1936-06-06,7,5,5,0.090909
15,1928-10-06,1936-06-06,7,6,8,0.145455
15,1928-10-06,1936-06-06,7,7,12,0.218182
15,1928-10-06,1936-06-06,7,8,5,0.090909
15,1928-10-06,1936-06-06,7,9,0,0.0
15,1928-10-06,1936-06-06,8,1,6,0.133333
15,1928-10-06,1936-06-06,8,2,6,0.133333
15,1928-10-06,1936-06-06,8,3,3,0.066667
15,1928-10-06,1936-06-06,8,4,4,0.088889
15,1928-10-06,1936-06-06,8,5,4,0.088889
15,1928-10-06,1936-06-06,8,6,4,0.088889
15,1928-10-06,1936-06-06,8,7,5,0.111111
15,1928-10-06,1936-06-06,8,8,9,0.2
15,1928-10-06,1936-06-06,8,9,4,0.088889
15,1928-10-06,1936-06-06,9,1,6,0.122449
15,1928-10-06,1936-06-06,9,2,2,0.040816
15,1928-10-06,1936-06-06,9,3,6,0.122449
15,1928-10-06,1936-06-06,9,4,5,0.102041
15,1928-10-06,1936-06-06,9,5,8,0.163265
15,1928-10-06,1936-06-06,9,6,6,0.122449
15,1928-10-06,1936-06-06,9,7,6,0.122449
15,1928-10-06,1936-06-06,9,8,2,0.040816
15,1928-10-06,1936-06-06,9,9,8,0.163265
16,1930-09-06,1938-05-07,1,1,6,0.117647
16,1930-09-06,1938-05-07,1,2,4,0.078431
16,1930-09-06,1938-05-07,1,3,4,0.078431
16,1930-09-06,1938-05-07,1,4,3,0.058824
16,1930-09-06,1938-05-07,1,5,6,0.117647
16,1930-09-06,1938-05-07,1,6,3,0.058824
16,1930-09-06,1938-05-07,1,7,10,0.196078
16,1930-09-06,1938-05-07,1,8,5,0.098039
16,1930-09-06,1938-05-07,1,9,10,0.196078
16,1930-09-06,1938-05-07,2,1,10,0.27027
16,1930-09-06,1938-05-07,2,2,3,0.081081
16,1930-09-06,1938-05-07,2,3,2,0.054054
16,1930-09-06,1938-05-07,2,4,3,0.081081
16,1930-09-06,1938-05-07,2,5,3,0.081081
16,1930-09-06,1938-05-07,2,6,7,0.189189
16,1930-09-06,1938-05-07,2,7,0,0.0
16,1930-09-06,1938-05-07,2,8,6,0.162162
16,1930-09-06,1938-05-07,2,9,3,0.081081
16,1930-09-06,1938-05-07,3,1,5,0.125
16,1930-09-06,1938-05-07,3,2,6,0.15
16,1930-09-06,1938-05-07,3,3,4,0.1
16,1930-09-06,1938-05-07,3,4,2,0.05
16,1930-09-06,1938-05-07,3,5,1,0.025
16,1930-09-06,1938-05-07,3,6,2,0.05
16,1930-09-06,1938-05-07,3,7,5,0.125
16,1930-09-06,1938-05-07,3,8,8,0.2
16,1930-09-06,1938-05-07,3,9,7,0.175
16,1930-09-06,1938-05-07,4,1,3,0.076923
16,1930-09-06,1938-05-07,4,2,3,0.076923
16,1930-09-06,1938-05-07,4,3,3,0.076923
16,1930-09-06,1938-05-07,4,4,5,0.128205
16,1930-09-06,1938-05-07,4,5,5,0.128205
16,1930-09-06,1938-05-07,4,6,7,0.179487
16,1930-09-06,1938-05-07,4,7,6,0.153846
16,1930-09-06,1938-05-07,4,8,3,0.076923
16,1930-09-06,1938-05-07,4,9,4,0.102564
16,1930-09-06,1938-05-07,5,1,1,0.025641
16,1930-09-06,1938-05-07,5,2,1,0.025641
16,1930-09-06,1938-05-07,5,3,2,0.051282
16,1930-09-06,1938-05-07,5,4,4,0.102564
16,1930-09-06,1938-05-07,5,5,5,0.128205
16,1930-09-06,1938-05-07,5,6,8,0.205128
16,1930-09-06,1938-05-07,5,7,9,0.230769
16,1930-09-06,1938-05-07,5,8,4,0.102564
16,1930-09-06,1938-05-07,5,9,5,0.128205
16,1930-09-06,1938-05-07,6,1,9,0.191489
16,1930-09-06,1938-05-07,6,2,4,0.085106
16,1930-09-06,1938-05-07,6,3,5,0.106383
16,1930-09-06,1938-05-07,6,4,6,0.12766
16,1930-09-06,1938-05-07,6,5,2,0.042553
16,1930-09-06,1938-05-07,6,6,4,0.085106
16,1930-09-06,1938-05-07,6,7,6,0.12766
16,1930-09-06,1938-05-07,6,8,5,0.106383
16,1930-09-06,1938-05-07,6,9,6,0.12766
16,1930-09-06,1938-05-07,7,1,5,0.087719
16,1930-09-06,1938-05-07,7,2,8,0.140351
16,1930-09-06,1938-05-07,7,3,7,0.122807
16,1930-09-06,1938-05-07,7,4,8,0.140351
16,1930-09-06,1938-05-07,7,5,7,0.122807
16,1930-09-06,1938-05-07,7,6,8,0.140351
16,1930-09-06,1938-05-07,7,7,10,0.175439
16,1930-09-06,1938-05-07,7,8,4,0.070175
16,1930-09-06,1938-05-07,7,9,0,0.0
16,1930-09-06,1938-05-07,8,1,7,0.155556
16,1930-09-06,1938-05-07,8,2,3,0.066667
16,1930-09-06,1938-05-07,8,3,5,0.111111
16,1930-09-06,1938-05-07,8,4,4,0.088889
16,1930-09-06,1938-05-07,8,5,4,0.088889
16,1930-09-06,1938-05-07,8,6,5,0.111111
16,1930-09-06,1938-05-07,8,7,3,0.066667
16,1930-09-06,1938-05-07,8,8,7,0.155556
16,1930-09-06,1938-05-07,8,9,7,0.155556
16,1930-09-06,1938-05-07,9,1,5,0.111111
16,1930-09-06,1938-05-07,9,2,4,0.088889
16,1930-09-06,1938-05-07,9,3,8,0.177778
16,1930-09-06,1938-05-07,9,4,4,0.088889
16,1930-09-06,1938-05-07,9,5,7,0.155556
16,1930-09-06,1938-05-07,9,6,3,0.066667
16,1930-09-06,1938-05-07,9,7,8,0.177778
16,1930-09-06,1938-05-07,9,8,3,0.066667
16,1930-09-06,1938-05-07,9,9,3,0.066667
17,1932-08-06,1940-04-06,1,1,5,0.104167
17,1932-08-06,1940-04-06,1,2,3,0.0625
17,1932-08-06,1940-04-06,1,3,5,0.104167
17,1932-08-06,1940-04-06,1,4,3,0.0625
17,1932-08-06,1940-04-06,1,5,6,0.125
17,1932-08-06,1940-04-06,1,6,2,0.041667
17,1932-08-06,1940-04-06,1,7,13,0.270833
17,1932-08-06,1940-04-06,1,8,4,0.083333
17,1932-08-06,1940-04-06,1,9,7,0.145833
17,1932-08-06,1940-04-06,2,1,8,0.228571
17,1932-08-06,1940-04-06,2,2,2,0.057143
17,1932-08-06,1940-04-06,2,3,3,0.085714
17,1932-08-06,1940-04-06,2,4,4,0.114286
17,1932-08-06,1940-04-06,2,5,2,0.057143
17,1932-08-06,1940-04-06,2,6,8,0.228571
17,1932-08-06,1940-04-06,2,7,1,0.028571
17,1932-08-06,1940-04-06,2,8,5,0.142857
17,1932-08-06,1940-04-06,2,9,2,0.057143
17,1932-08-06,1940-04-06,3,1,4,0.111111
17,1932-08-06,1940-04-06,3,2,6,0.166667
17,1932-08-06,1940-04-06,3,3,3,0.083333
17,1932-08-06,1940-04-06,3,4,3,0.083333
17,1932-08-06,1940-04-06,3,5,1,0.027778
17,1932-08-06,1940-04-06,3,6,3,0.083333
17,1932-08-06,1940-04-06,3,7,4,0.111111
17,1932-08-06,1940-04-06,3,8,6,0.166667
17,1932-08-06,1940-04-06,3,9,6,0.166667
17,1932-08-06,1940-04-06,4,1,1,0.02381
17,1932-08-06,1940-04-06,4,2,5,0.119048
17,1932-08-06,1940-04-06,4,3,3,0.071429
17,1932-08-06,1940-04-06,4,4,5,0.119048
17,1932-08-06,1940-04-06,4,5,5,0.119048
17,1932-08-06,1940-04-06,4,6,5,0.119048
17,1932-08-06,1940-04-06,4,7,7,0.166667
17,1932-08-06,1940-04-06,4,8,4,0.095238
17,1932-08-06,1940-04-06,4,9,7,0.166667
17,1932-08-06,1940-04-06,5,1,1,0.023256
17,1932-08-06,1940-04-06,5,2,1,0.023256
17,1932-08-06,1940-04-06,5,3,2,0.046512
17,1932-08-06,1940-04-06,5,4,6,0.139535
17,1932-08-06,1940-04-06,5,5,7,0.162791
17,1932-08-06,1940-04-06,5,6,7,0.162791
17,1932-08-06,1940-04-06,5,7,8,0.186047
17,1932-08-06,1940-04-06,5,8,5,0.116279
17,1932-08-06,1940-04-06,5,9,6,0.139535
17,1932-08-06,1940-04-06,6,1,9,0.2
17,1932-08-06,1940-04-06,6,2,2,0.044444
17,1932-08-06,1940-04-06,6,3,6,0.133333
17,1932-08-06,1940-04-06,6,4,4,0.088889
17,1932-08-06,1940-04-06,6,5,3,0.066667
17,1932-08-06,1940-04-06,6,6,4,0.088889
17,1932-08-06,1940-04-06,6,7,6,0.133333
17,1932-08-06,1940-04-06,6,8,6,0.133333
17,1932-08-06,1940-04-06,6,9,5,0.111111
17,1932-08-06,1940-04-06,7,1,7,0.111111
17,1932-08-06,1940-04-06,7,2,9,0.142857
17,1932-08-06,1940-04-06,7,3,4,0.063492
17,1932-08-06,1940-04-06,7,4,9,0.142857
17,1932-08-06,1940-04-06,7,5,6,0.095238
17,1932-08-06,1940-04-06,7,6,9,0.142857
17,1932-08-06,1940-04-06,7,7,12,0.190476
17,1932-08-06,1940-04-06,7,8,5,0.079365
17,1932-08-06,1940-04-06,7,9,2,0.031746
17,1932-08-06,1940-04-06,8,1,7,0.159091
17,1932-08-06,1940-04-06,8,2,3,0.068182
17,1932-08-06,1940-04-06,8,3,5,0.113636
17,1932-08-06,1940-04-06,8,4,3,0.068182
17,1932-08-06,1940-04-06,8,5,4,0.090909
17,1932-08-06,1940-04-06,8,6,5,0.113636
17,1932-08-06,1940-04-06,8,7,5,0.113636
17,1932-08-06,1940-04-06,8,8,5,0.113636
17,1932-08-06,1940-04-06,8,9,7,0.159091
17,1932-08-06,1940-04-06,9,1,5,0.113636
17,1932-08-06,1940-04-06,9,2,4,0.090909
17,1932-08-06,1940-04-06,9,3,5,0.113636
17,1932-08-06,1940-04-06,9,4,6,0.136364
17,1932-08-06,1940-04-06,9,5,9,0.204545
17,1932-08-06,1940-04-06,9,6,2,0.045455
17,1932-08-06,1940-04-06,9,7,7,0.159091
17,1932-08-06,1940-04-06,9,8,4,0.090909
17,1932-08-06,1940-04-06,9,9,2,0.045455
18,1934-07-07,1942-03-07,1,1,8,0.163265
18,1934-07-07,1942-03-07,1,2,4,0.081633
18,1934-07-07,1942-03-07,1,3,6,0.122449
18,1934-07-07,1942-03-07,1,4,5,0.102041
18,1934-07-07,1942-03-07,1,5,6,0.122449
18,1934-07-07,1942-03-07,1,6,2,0.040816
18,1934-07-07,1942-03-07,1,7,11,0.22449
18,1934-07-07,1942-03-07,1,8,3,0.061224
18,1934-07-07,1942-03-07,1,9,4,0.081633
18,1934-07-07,1942-03-07,2,1,6,0.162162
18,1934-07-07,1942-03-07,2,2,3,0.081081
18,1934-07-07,1942-03-07,2,3,3,0.081081
18,1934-07-07,1942-03-07,2,4,1,0.027027
18,1934-07-07,1942-03-07,2,5,5,0.135135
18,1934-07-07,1942-03-07,2,6,8,0.216216
18,1934-07-07,1942-03-07,2,7,4,0.108108
18,1934-07-07,1942-03-07,2,8,6,0.162162
18,1934-07-07,1942-03-07,2,9,1,0.027027
18,1934-07-07,1942-03-07,3,1,7,0.179487
18,1934-07-07,1942-03-07,3,2,8,0.205128
18,1934-07-07,1942-03-07,3,3,4,0.102564
18,1934-07-07,1942-03-07,3,4,3,0.076923
18,1934-07-07,1942-03-07,3,5,1,0.025641
18,1934-07-07,1942-03-07,3,6,5,0.128205
18,1934-07-07,1942-03-07,3,7,3,0.076923
18,1934-07-07,1942-03-07,3,8,4,0.102564
18,1934-07-07,1942-03-07,3,9,4,0.102564
18,1934-07-07,1942-03-07,4,1,2,0.046512
18,1934-07-07,1942-03-07,4,2,7,0.162791
18,1934-07-07,1942-03-07,4,3,2,0.046512
18,1934-07-07,1942-03-07,4,4,6,0.139535
18,1934-07-07,1942-03-07,4,5,2,0.046512
18,1934-07-07,1942-03-07,4,6,4,0.093023
18,1934-07-07,1942-03-07,4,7,8,0.186047
18,1934-07-07,1942-03-07,4,8,4,0.093023
18,1934-07-07,1942-03-07,4,9,8,0.186047
18,1934-07-07,1942-03-07,5,1,1,0.02381
18,1934-07-07,1942-03-07,5,2,1,0.02381
18,1934-07-07,1942-03-07,5,3,3,0.071429
18,1934-07-07,1942-03-07,5,4,5,0.119048
18,1934-07-07,1942-03-07,5,5,8,0.190476
18,1934-07-07,1942-03-07,5,6,6,0.142857
18,1934-07-07,1942-03-07,5,7,7,0.166667
18,1934-07-07,1942-03-07,5,8,4,0.095238
18,1934-07-07,1942-03-07,5,9,7,0.166667
18,1934-07-07,1942-03-07,6,1,8,0.170213
18,1934-07-07,1942-03-07,6,2,2,0.042553
18,1934-07-07,1942-03-07,6,3,6,0.12766
18,1934-07-07,1942-03-07,6,4,4,0.085106
18,1934-07-07,1942-03-07,6,5,5,0.106383
18,1934-07-07,1942-03-07,6,6,3,0.06383
18,1934-07-07,1942-03-07,6,7,7,0.148936
18,1934-07-07,1942-03-07,6,8,6,0.12766
18,1934-07-07,1942-03-07,6,9,6,0.12766
18,1934-07-07,1942-03-07,7,1,7,0.111111
18,1934-07-07,1942-03-07,7,2,8,0.126984
18,1934-07-07,1942-03-07,7,3,3,0.047619
18,1934-07-07,1942-03-07,7,4,10,0.15873
18,1934-07-07,1942-03-07,7,5,8,0.126984
18,1934-07-07,1942-03-07,7,6,11,0.174603
18,1934-07-07,1942-03-07,7,7,9,0.142857
18,1934-07-07,1942-03-07,7,8,4,0.063492
18,1934-07-07,1942-03-07,7,9,3,0.047619
18,1934-07-07,1942-03-07,8,1,5,0.131579
18,1934-07-07,1942-03-07,8,2,0,0.0
18,1934-07-07,1942-03-07,8,3,7,0.184211
18,1934-07-07,1942-03-07,8,4,3,0.078947
18,1934-07-07,1942-03-07,8,5,3,0.078947
18,1934-07-07,1942-03-07,8,6,4,0.105263
18,1934-07-07,1942-03-07,8,7,5,0.131579
18,1934-07-07,1942-03-07,8,8,4,0.105263
18,1934-07-07,1942-03-07,8,9,7,0.184211
18,1934-07-07,1942-03-07,9,1,5,0.119048
18,1934-07-07,1942-03-07,9,2,4,0.095238
18,1934-07-07,1942-03-07,9,3,5,0.119048
18,1934-07-07,1942-03-07,9,4,6,0.142857
18,1934-07-07,1942-03-07,9,5,5,0.119048
18,1934-07-07,1942-03-07,9,6,4,0.095238
18,1934-07-07,1942-03-07,9,7,8,0.190476
18,1934-07-07,1942-03-07,9,8,3,0.071429
18,1934-07-07,1942-03-07,9,9,2,0.047619
19,1936-06-06,1944-02-05,1,1,7,0.142857
19,1936-06-06,1944-02-05,1,2,4,0.081633
19,1936-06-06,1944-02-05,1,3,6,0.122449
19,1936-06-06,1944-02-05,1,4,7,0.142857
19,1936-06-06,1944-02-05,1,5,5,0.102041
19,1936-06-06,1944-02-05,1,6,5,0.102041
19,1936-06-06,1944-02-05,1,7,7,0.142857
19,1936-06-06,1944-02-05,1,8,3,0.061224
19,1936-06-06,1944-02-05,1,9,5,0.102041
19,1936-06-06,1944-02-05,2,1,5,0.138889
19,1936-06-06,1944-02-05,2,2,3,0.083333
19,1936-06-06,1944-02-05,2,3,5,0.138889
19,1936-06-06,1944-02-05,2,4,1,0.027778
19,1936-06-06,1944-02-05,2,5,5,0.138889
19,1936-06-06,1944-02-05,2,6,7,0.194444
19,1936-06-06,1944-02-05,2,7,5,0.138889
19,1936-06-06,1944-02-05,2,8,2,0.055556
19,1936-06-06,1944-02-05,2,9,3,0.083333
19,1936-06-06,1944-02-05,3,1,7,0.162791
19,1936-06-06,1944-02-05,3,2,6,0.139535
19,1936-06-06,1944-02-05,3,3,5,0.116279
19,1936-06-06,1944-02-05,3,4,4,0.093023
19,1936-06-06,1944-02-05,3,5,4,0.093023
19,1936-06-06,1944-02-05,3,6,6,0.139535
19,1936-06-06,1944-02-05,3,7,2,0.046512
19,1936-06-06,1944-02-05,3,8,5,0.116279
19,1936-06-06,1944-02-05,3,9,4,0.093023
19,1936-06-06,1944-02-05,4,1,1,0.022222
19,1936-06-06,1944-02-05,4,2,6,0.133333
19,1936-06-06,1944-02-05,4,3,2,0.044444
19,1936-06-06,1944-02-05,4,4,7,0.155556
19,1936-06-06,1944-02-05,4,5,2,0.044444
19,1936-06-06,1944-02-05,4,6,5,0.111111
19,1936-06-06,1944-02-05,4,7,10,0.222222
19,1936-06-06,1944-02-05,4,8,4,0.088889
19,1936-06-06,1944-02-05,4,9,8,0.177778
19,1936-06-06,1944-02-05,5,1,3,0.061224
19,1936-06-06,1944-02-05,5,2,4,0.081633
19,1936-06-06,1944-02-05,5,3,3,0.061224
19,1936-06-06,1944-02-05,5,4,5,0.102041
19,1936-06-06,1944-02-05,5,5,11,0.22449
19,1936-06-06,1944-02-05,5,6,5,0.102041
19,1936-06-06,1944-02-05,5,7,4,0.081633
19,1936-06-06,1944-02-05,5,8,4,0.081633
19,1936-06-06,1944-02-05,5,9,10,0.204082
19,1936-06-06,1944-02-05,6,1,9,0.1875
19,1936-06-06,1944-02-05,6,2,4,0.083333
19,1936-06-06,1944-02-05,6,3,6,0.125
19,1936-06-06,1944-02-05,6,4,3,0.0625
19,1936-06-06,1944-02-05,6,5,7,0.145833
19,1936-06-06,1944-02-05,6,6,4,0.083333
19,1936-06-06,1944-02-05,6,7,5,0.104167
19,1936-06-06,1944-02-05,6,8,6,0.125
19,1936-06-06,1944-02-05,6,9,4,0.083333
19,1936-06-06,1944-02-05,7,1,5,0.106383
19,1936-06-06,1944-02-05,7,2,6,0.12766
19,1936-06-06,1944-02-05,7,3,3,0.06383
19,1936-06-06,1944-02-05,7,4,8,0.170213
19,1936-06-06,1944-02-05,7,5,4,0.085106
19,1936-06-06,1944-02-05,7,6,8,0.170213
19,1936-06-06,1944-02-05,7,7,4,0.085106
19,1936-06-06,1944-02-05,7,8,5,0.106383
19,1936-06-06,1944-02-05,7,9,4,0.085106
19,1936-06-06,1944-02-05,8,1,4,0.108108
19,1936-06-06,1944-02-05,8,2,0,0.0
19,1936-06-06,1944-02-05,8,3,6,0.162162
19,1936-06-06,1944-02-05,8,4,3,0.081081
19,1936-06-06,1944-02-05,8,5,5,0.135135
19,1936-06-06,1944-02-05,8,6,5,0.135135
19,1936-06-06,1944-02-05,8,7,4,0.108108
19,1936-06-06,1944-02-05,8,8,5,0.135135
19,1936-06-06,1944-02-05,8,9,5,0.135135
19,1936-06-06,1944-02-05,9,1,8,0.173913
19,1936-06-06,1944-02-05,9,2,3,0.065217
19,1936-06-06,1944-02-05,9,3,7,0.152174
19,1936-06-06,1944-02-05,9,4,7,0.152174
19,1936-06-06,1944-02-05,9,5,6,0.130435
19,1936-06-06,1944-02-05,9,6,3,0.065217
19,1936-06-06,1944-02-05,9,7,6,0.130435
19,1936-06-06,1944-02-05,9,8,3,0.065217
19,1936-06-06,1944-02-05,9,9,3,0.065217
20,1938-05-07,1946-01-05,1,1,6,0.12766
20,1938-05-07,1946-01-05,1,2,6,0.12766
20,1938-05-07,1946-01-05,1,3,7,0.148936
20,1938-05-07,1946-01-05,1,4,7,0.148936
20,1938-05-07,1946-01-05,1,5,3,0.06383
20,1938-05-07,1946-01-05,1,6,4,0.085106
20,1938-05-07,1946-01-05,1,7,5,0.106383
20,1938-05-07,1946-01-05,1,8,4,0.085106
20,1938-05-07,1946-01-05,1,9,5,0.106383
20,1938-05-07,1946-01-05,2,1,4,0.095238
20,1938-05-07,1946-01-05,2,2,4,0.095238
20,1938-05-07,1946-01-05,2,3,6,0.142857
20,1938-05-07,1946-01-05,2,4,2,0.047619
20,1938-05-07,1946-01-05,2,5,5,0.119048
20,1938-05-07,1946-01-05,2,6,7,0.166667
20,1938-05-07,1946-01-05,2,7,6,0.142857
20,1938-05-07,1946-01-05,2,8,3,0.071429
20,1938-05-07,1946-01-05,2,9,5,0.119048
20,1938-05-07,1946-01-05,3,1,7,0.170732
20,1938-05-07,1946-01-05,3,2,5,0.121951
20,1938-05-07,1946-01-05,3,3,4,0.097561
20,1938-05-07,1946-01-05,3,4,7,0.170732
20,1938-05-07,1946-01-05,3,5,5,0.121951
20,1938-05-07,1946-01-05,3,6,7,0.170732
20,1938-05-07,1946-01-05,3,7,1,0.02439
20,1938-05-07,1946-01-05,3,8,3,0.073171
20,1938-05-07,1946-01-05,3,9,2,0.04878
20,1938-05-07,1946-01-05,4,1,4,0.083333
20,1938-05-07,1946-01-05,4,2,5,0.104167
20,1938-05-07,1946-01-05,4,3,3,0.0625
20,1938-05-07,1946-01-05,4,4,8,0.166667
20,1938-05-07,1946-01-05,4,5,2,0.041667
20,1938-05-07,1946-01-05,4,6,6,0.125
20,1938-05-07,1946-01-05,4,7,10,0.208333
20,1938-05-07,1946-01-05,4,8,3,0.0625
20,1938-05-07,1946-01-05,4,9,7,0.145833
20,1938-05-07,1946-01-05,5,1,2,0.045455
20,1938-05-07,1946-01-05,5,2,6,0.136364
20,1938-05-07,1946-01-05,5,3,4,0.090909
20,1938-05-07,1946-01-05,5,4,4,0.090909
20,1938-05-07,1946-01-05,5,5,9,0.204545
20,1938-05-07,1946-01-05,5,6,6,0.136364
20,1938-05-07,1946-01-05,5,7,1,0.022727
20,1938-05-07,1946-01-05,5,8,2,0.045455
20,1938-05-07,1946-01-05,5,9,10,0.227273
20,1938-05-07,1946-01-05,6,1,10,0.192308
20,1938-05-07,1946-01-05,6,2,7,0.134615
20,1938-05-07,1946-01-05,6,3,5,0.096154
20,1938-05-07,1946-01-05,6,4,4,0.076923
20,1938-05-07,1946-01-05,6,5,6,0.115385
20,1938-05-07,1946-01-05,6,6,3,0.057692
20,1938-05-07,1946-01-05,6,7,7,0.134615
20,1938-05-07,1946-01-05,6,8,5,0.096154
20,1938-05-07,1946-01-05,6,9,5,0.096154
20,1938-05-07,1946-01-05,7,1,4,0.090909
20,1938-05-07,1946-01-05,7,2,5,0.113636
20,1938-05-07,1946-01-05,7,3,3,0.068182
20,1938-05-07,1946-01-05,7,4,7,0.159091
20,1938-05-07,1946-01-05,7,5,2,0.045455
20,1938-05-07,1946-01-05,7,6,8,0.181818
20,1938-05-07,1946-01-05,7,7,5,0.113636
20,1938-05-07,1946-01-05,7,8,6,0.136364
20,1938-05-07,1946-01-05,7,9,4,0.090909
20,1938-05-07,1946-01-05,8,1,3,0.081081
20,1938-05-07,1946-01-05,8,2,1,0.027027
20,1938-05-07,1946-01-05,8,3,5,0.135135
20,1938-05-07,1946-01-05,8,4,3,0.081081
20,1938-05-07,1946-01-05,8,5,6,0.162162
20,1938-05-07,1946-01-05,8,6,6,0.162162
20,1938-05-07,1946-01-05,8,7,5,0.135135
20,1938-05-07,1946-01-05,8,8,6,0.162162
20,1938-05-07,1946-01-05,8,9,2,0.054054
20,1938-05-07,1946-01-05,9,1,7,0.155556
20,1938-05-07,1946-01-05,9,2,3,0.066667
20,1938-05-07,1946-01-05,9,3,5,0.111111
20,1938-05-07,1946-01-05,9,4,6,0.133333
20,1938-05-07,1946-01-05,9,5,5,0.111111
20,1938-05-07,1946-01-05,9,6,5,0.111111
20,1938-05-07,1946-01-05,9,7,4,0.088889
20,1938-05-07,1946-01-05,9,8,5,0.111111
20,1938-05-07,1946-01-05,9,9,5,0.111111
21,1940-04-06,1947-12-13,1,1,6,0.12
21,1940-04-06,1947-12-13,1,2,6,0.12
21,1940-04-06,1947-12-13,1,3,7,0.14
21,1940-04-06,1947-12-13,1,4,6,0.12
21,1940-04-06,1947-12-13,1,5,5,0.1
21,1940-04-06,1947-12-13,1,6,8,0.16
21,1940-04-06,1947-12-13,1,7,2,0.04
21,1940-04-06,1947-12-13,1,8,5,0.1
21,1940-04-06,1947-12-13,1,9,5,0.1
21,1940-04-06,1947-12-13,2,1,5,0.113636
21,1940-04-06,1947-12-13,2,2,4,0.090909
21,1940-04-06,1947-12-13,2,3,6,0.136364
21,1940-04-06,1947-12-13,2,4,5,0.113636
21,1940-04-06,1947-12-13,2,5,6,0.136364
21,1940-04-06,1947-12-13,2,6,4,0.090909
21,1940-04-06,1947-12-13,2,7,6,0.136364
21,1940-04-06,1947-12-13,2,8,3,0.068182
21,1940-04-06,1947-12-13,2,9,5,0.113636
21,1940-04-06,1947-12-13,3,1,7,0.166667
21,1940-04-06,1947-12-13,3,2,6,0.142857
21,1940-04-06,1947-12-13,3,3,3,0.071429
21,1940-04-06,1947-12-13,3,4,5,0.119048
21,1940-04-06,1947-12-13,3,5,9,0.214286
21,1940-04-06,1947-12-13,3,6,7,0.166667
21,1940-04-06,1947-12-13,3,7,1,0.02381
21,1940-04-06,1947-12-13,3,8,3,0.071429
21,1940-04-06,1947-12-13,3,9,1,0.02381
21,1940-04-06,1947-12-13,4,1,7,0.142857
21,1940-04-06,1947-12-13,4,2,3,0.061224
21,1940-04-06,1947-12-13,4,3,3,0.061224
21,1940-04-06,1947-12-13,4,4,9,0.183673
21,1940-04-06,1947-12-13,4,5,3,0.061224
21,1940-04-06,1947-12-13,4,6,6,0.122449
21,1940-04-06,1947-12-13,4,7,10,0.204082
21,1940-04-06,1947-12-13,4,8,4,0.081633
21,1940-04-06,1947-12-13,4,9,4,0.081633
21,1940-04-06,1947-12-13,5,1,3,0.0625
21,1940-04-06,1947-12-13,5,2,8,0.166667
21,1940-04-06,1947-12-13,5,3,4,0.083333
21,1940-04-06,1947-12-13,5,4,5,0.104167
21,1940-04-06,1947-12-13,5,5,8,0.166667
21,1940-04-06,1947-12-13,5,6,5,0.104167
21,1940-04-06,1947-12-13,5,7,2,0.041667
21,1940-04-06,1947-12-13,5,8,4,0.083333
21,1940-04-06,1947-12-13,5,9,9,0.1875
21,1940-04-06,1947-12-13,6,1,8,0.166667
21,1940-04-06,1947-12-13,6,2,6,0.125
21,1940-04-06,1947-12-13,6,3,4,0.083333
21,1940-04-06,1947-12-13,6,4,4,0.083333
21,1940-04-06,1947-12-13,6,5,6,0.125
21,1940-04-06,1947-12-13,6,6,2,0.041667
21,1940-04-06,1947-12-13,6,7,7,0.145833
21,1940-04-06,1947-12-13,6,8,6,0.125
21,1940-04-06,1947-12-13,6,9,5,0.104167
21,1940-04-06,1947-12-13,7,1,3,0.075
21,1940-04-06,1947-12-13,7,2,7,0.175
21,1940-04-06,1947-12-13,7,3,4,0.1
21,1940-04-06,1947-12-13,7,4,5,0.125
21,1940-04-06,1947-12-13,7,5,3,0.075
21,1940-04-06,1947-12-13,7,6,5,0.125
21,1940-04-06,1947-12-13,7,7,4,0.1
21,1940-04-06,1947-12-13,7,8,6,0.15
21,1940-04-06,1947-12-13,7,9,3,0.075
21,1940-04-06,1947-12-13,8,1,5,0.125
21,1940-04-06,1947-12-13,8,2,2,0.05
21,1940-04-06,1947-12-13,8,3,6,0.15
21,1940-04-06,1947-12-13,8,4,4,0.1
21,1940-04-06,1947-12-13,8,5,5,0.125
21,1940-04-06,1947-12-13,8,6,7,0.175
21,1940-04-06,1947-12-13,8,7,4,0.1
21,1940-04-06,1947-12-13,8,8,5,0.125
21,1940-04-06,1947-12-13,8,9,2,0.05
21,1940-04-06,1947-12-13,9,1,6,0.153846
21,1940-04-06,1947-12-13,9,2,3,0.076923
21,1940-04-06,1947-12-13,9,3,5,0.128205
21,1940-04-06,1947-12-13,9,4,5,0.128205
21,1940-04-06,1947-12-13,9,5,3,0.076923
21,1940-04-06,1947-12-13,9,6,4,0.102564
21,1940-04-06,1947-12-13,9,7,4,0.102564
21,1940-04-06,1947-12-13,9,8,4,0.102564
21,1940-04-06,1947-12-13,9,9,5,0.128205
22,1942-03-07,1949-11-12,1,1,5,0.1
22,1942-03-07,1949-11-12,1,2,5,0.1
22,1942-03-07,1949-11-12,1,3,4,0.08
22,1942-03-07,1949-11-12,1,4,6,0.12
22,1942-03-07,1949-11-12,1,5,5,0.1
22,1942-03-07,1949-11-12,1,6,10,0.2
22,1942-03-07,1949-11-12,1,7,3,0.06
22,1942-03-07,1949-11-12,1,8,5,0.1
22,1942-03-07,1949-11-12,1,9,7,0.14
22,1942-03-07,1949-11-12,2,1,6,0.12
22,1942-03-07,1949-11-12,2,2,4,0.08
22,1942-03-07,1949-11-12,2,3,7,0.14
22,1942-03-07,1949-11-12,2,4,7,0.14
22,1942-03-07,1949-11-12,2,5,6,0.12
22,1942-03-07,1949-11-12,2,6,5,0.1
22,1942-03-07,1949-11-12,2,7,5,0.1
22,1942-03-07,1949-11-12,2,8,3,0.06
22,1942-03-07,1949-11-12,2,9,7,0.14
22,1942-03-07,1949-11-12,3,1,4,0.108108
22,1942-03-07,1949-11-12,3,2,4,0.108108
22,1942-03-07,1949-11-12,3,3,2,0.054054
22,1942-03-07,1949-11-12,3,4,6,0.162162
22,1942-03-07,1949-11-12,3,5,10,0.27027
22,1942-03-07,1949-11-12,3,6,5,0.135135
22,1942-03-07,1949-11-12,3,7,1,0.027027
22,1942-03-07,1949-11-12,3,8,4,0.108108
22,1942-03-07,1949-11-12,3,9,1,0.027027
22,1942-03-07,1949-11-12,4,1,9,0.183673
22,1942-03-07,1949-11-12,4,2,4,0.081633
22,1942-03-07,1949-11-12,4,3,4,0.081633
22,1942-03-07,1949-11-12,4,4,10,0.204082
22,1942-03-07,1949-11-12,4,5,3,0.061224
22,1942-03-07,1949-11-12,4,6,4,0.081633
22,1942-03-07,1949-11-12,4,7,7,0.142857
22,1942-03-07,1949-11-12,4,8,4,0.081633
22,1942-03-07,1949-11-12,4,9,4,0.081633
22,1942-03-07,1949-11-12,5,1,4,0.08
22,1942-03-07,1949-11-12,5,2,10,0.2
22,1942-03-07,1949-11-12,5,3,3,0.06
22,1942-03-07,1949-11-12,5,4,4,0.08
22,1942-03-07,1949-11-12,5,5,6,0.12
22,1942-03-07,1949-11-12,5,6,8,0.16
22,1942-03-07,1949-11-12,5,7,3,0.06
22,1942-03-07,1949-11-12,5,8,6,0.12
22,1942-03-07,1949-11-12,5,9,6,0.12
22,1942-03-07,1949-11-12,6,1,7,0.148936
22,1942-03-07,1949-11-12,6,2,9,0.191489
22,1942-03-07,1949-11-12,6,3,4,0.085106
22,1942-03-07,1949-11-12,6,4,3,0.06383
22,1942-03-07,1949-11-12,6,5,6,0.12766
22,1942-03-07,1949-11-12,6,6,3,0.06383
22,1942-03-07,1949-11-12,6,7,5,0.106383
22,1942-03-07,1949-11-12,6,8,4,0.085106
22,1942-03-07,1949-11-12,6,9,6,0.12766
22,1942-03-07,1949-11-12,7,1,3,0.085714
22,1942-03-07,1949-11-12,7,2,9,0.257143
22,1942-03-07,1949-11-12,7,3,3,0.085714
22,1942-03-07,1949-11-12,7,4,4,0.114286
22,1942-03-07,1949-11-12,7,5,2,0.057143
22,1942-03-07,1949-11-12,7,6,3,0.085714
22,1942-03-07,1949-11-12,7,7,3,0.085714
22,1942-03-07,1949-11-12,7,8,5,0.142857
22,1942-03-07,1949-11-12,7,9,3,0.085714
22,1942-03-07,1949-11-12,8,1,6,0.153846
22,1942-03-07,1949-11-12,8,2,3,0.076923
22,1942-03-07,1949-11-12,8,3,5,0.128205
22,1942-03-07,1949-11-12,8,4,2,0.051282
22,1942-03-07,1949-11-12,8,5,6,0.153846
22,1942-03-07,1949-11-12,8,6,7,0.179487
22,1942-03-07,1949-11-12,8,7,4,0.102564
22,1942-03-07,1949-11-12,8,8,4,0.102564
22,1942-03-07,1949-11-12,8,9,2,0.051282
22,1942-03-07,1949-11-12,9,1,6,0.139535
22,1942-03-07,1949-11-12,9,2,2,0.046512
22,1942-03-07,1949-11-12,9,3,5,0.116279
22,1942-03-07,1949-11-12,9,4,7,0.162791
22,1942-03-07,1949-11-12,9,5,5,0.116279
22,1942-03-07,1949-11-12,9,6,2,0.046512
22,1942-03-07,1949-11-12,9,7,5,0.116279
22,1942-03-07,1949-11-12,9,8,4,0.093023
22,1942-03-07,1949-11-12,9,9,7,0.162791
23,1944-02-05,1951-10-13,1,1,3,0.0625
23,1944-02-05,1951-10-13,1,2,7,0.145833
23,1944-02-05,1951-10-13,1,3,4,0.083333
23,1944-02-05,1951-10-13,1,4,5,0.104167
23,1944-02-05,1951-10-13,1,5,5,0.104167
23,1944-02-05,1951-10-13,1,6,9,0.1875
23,1944-02-05,1951-10-13,1,7,5,0.104167
23,1944-02-05,1951-10-13,1,8,4,0.083333
23,1944-02-05,1951-10-13,1,9,6,0.125
23,1944-02-05,1951-10-13,2,1,6,0.117647
23,1944-02-05,1951-10-13,2,2,4,0.078431
23,1944-02-05,1951-10-13,2,3,6,0.117647
23,1944-02-05,1951-10-13,2,4,9,0.176471
23,1944-02-05,1951-10-13,2,5,6,0.117647
23,1944-02-05,1951-10-13,2,6,8,0.156863
23,1944-02-05,1951-10-13,2,7,4,0.078431
23,1944-02-05,1951-10-13,2,8,3,0.058824
23,1944-02-05,1951-10-13,2,9,5,0.098039
23,1944-02-05,1951-10-13,3,1,5,0.151515
23,1944-02-05,1951-10-13,3,2,5,0.151515
23,1944-02-05,1951-10-13,3,3,0,0.0
23,1944-02-05,1951-10-13,3,4,5,0.151515
23,1944-02-05,1951-10-13,3,5,9,0.272727
23,1944-02-05,1951-10-13,3,6,4,0.121212
23,1944-02-05,1951-10-13,3,7,1,0.030303
23,1944-02-05,1951-10-13,3,8,4,0.121212
23,1944-02-05,1951-10-13,3,9,0,0.0
23,1944-02-05,1951-10-13,4,1,10,0.185185
23,1944-02-05,1951-10-13,4,2,4,0.074074
23,1944-02-05,1951-10-13,4,3,5,0.092593
23,1944-02-05,1951-10-13,4,4,10,0.185185
23,1944-02-05,1951-10-13,4,5,5,0.092593
23,1944-02-05,1951-10-13,4,6,4,0.074074
23,1944-02-05,1951-10-13,4,7,4,0.074074
23,1944-02-05,1951-10-13,4,8,6,0.111111
23,1944-02-05,1951-10-13,4,9,6,0.111111
23,1944-02-05,1951-10-13,5,1,3,0.065217
23,1944-02-05,1951-10-13,5,2,8,0.173913
23,1944-02-05,1951-10-13,5,3,3,0.065217
23,1944-02-05,1951-10-13,5,4,5,0.108696
23,1944-02-05,1951-10-13,5,5,4,0.086957
23,1944-02-05,1951-10-13,5,6,7,0.152174
23,1944-02-05,1951-10-13,5,7,4,0.086957
23,1944-02-05,1951-10-13,5,8,6,0.130435
23,1944-02-05,1951-10-13,5,9,6,0.130435
23,1944-02-05,1951-10-13,6,1,7,0.152174
23,1944-02-05,1951-10-13,6,2,8,0.173913
23,1944-02-05,1951-10-13,6,3,2,0.043478
23,1944-02-05,1951-10-13,6,4,4,0.086957
23,1944-02-05,1951-10-13,6,5,5,0.108696
23,1944-02-05,1951-10-13,6,6,3,0.065217
23,1944-02-05,1951-10-13,6,7,8,0.173913
23,1944-02-05,1951-10-13,6,8,3,0.065217
23,1944-02-05,1951-10-13,6,9,6,0.130435
23,1944-02-05,1951-10-13,7,1,4,0.108108
23,1944-02-05,1951-10-13,7,2,8,0.216216
23,1944-02-05,1951-10-13,7,3,4,0.108108
23,1944-02-05,1951-10-13,7,4,5,0.135135
23,1944-02-05,1951-10-13,7,5,3,0.081081
23,1944-02-05,1951-10-13,7,6,3,0.081081
23,1944-02-05,1951-10-13,7,7,3,0.081081
23,1944-02-05,1951-10-13,7,8,2,0.054054
23,1944-02-05,1951-10-13,7,9,5,0.135135
23,1944-02-05,1951-10-13,8,1,5,0.135135
23,1944-02-05,1951-10-13,8,2,3,0.081081
23,1944-02-05,1951-10-13,8,3,5,0.135135
23,1944-02-05,1951-10-13,8,4,4,0.108108
23,1944-02-05,1951-10-13,8,5,4,0.108108
23,1944-02-05,1951-10-13,8,6,4,0.108108
23,1944-02-05,1951-10-13,8,7,3,0.081081
23,1944-02-05,1951-10-13,8,8,6,0.162162
23,1944-02-05,1951-10-13,8,9,3,0.081081
23,1944-02-05,1951-10-13,9,1,6,0.125
23,1944-02-05,1951-10-13,9,2,3,0.0625
23,1944-02-05,1951-10-13,9,3,4,0.083333
23,1944-02-05,1951-10-13,9,4,7,0.145833
23,1944-02-05,1951-10-13,9,5,5,0.104167
23,1944-02-05,1951-10-13,9,6,4,0.083333
23,1944-02-05,1951-10-13,9,7,5,0.104167
23,1944-02-05,1951-10-13,9,8,3,0.0625
23,1944-02-05,1951-10-13,9,9,11,0.229167
24,1946-01-05,1953-09-12,1,1,3,0.068182
24,1946-01-05,1953-09-12,1,2,4,0.090909
24,1946-01-05,1953-09-12,1,3,3,0.068182
24,1946-01-05,1953-09-12,1,4,5,0.113636
24,1946-01-05,1953-09-12,1,5,5,0.113636
24,1946-01-05,1953-09-12,1,6,10,0.227273
24,1946-01-05,1953-09-12,1,7,5,0.113636
24,1946-01-05,1953-09-12,1,8,5,0.113636
24,1946-01-05,1953-09-12,1,9,4,0.090909
24,1946-01-05,1953-09-12,2,1,5,0.104167
24,1946-01-05,1953-09-12,2,2,2,0.041667
24,1946-01-05,1953-09-12,2,3,4,0.083333
24,1946-01-05,1953-09-12,2,4,9,0.1875
24,1946-01-05,1953-09-12,2,5,5,0.104167
24,1946-01-05,1953-09-12,2,6,7,0.145833
24,1946-01-05,1953-09-12,2,7,8,0.166667
24,1946-01-05,1953-09-12,2,8,4,0.083333
24,1946-01-05,1953-09-12,2,9,4,0.083333
24,1946-01-05,1953-09-12,3,1,3,0.107143
24,1946-01-05,1953-09-12,3,2,4,0.142857
24,1946-01-05,1953-09-12,3,3,0,0.0
24,1946-01-05,1953-09-12,3,4,2,0.071429
24,1946-01-05,1953-09-12,3,5,7,0.25
24,1946-01-05,1953-09-12,3,6,4,0.142857
24,1946-01-05,1953-09-12,3,7,3,0.107143
24,1946-01-05,1953-09-12,3,8,3,0.107143
24,1946-01-05,1953-09-12,3,9,2,0.071429
24,1946-01-05,1953-09-12,4,1,8,0.142857
24,1946-01-05,1953-09-12,4,2,5,0.089286
24,1946-01-05,1953-09-12,4,3,3,0.053571
24,1946-01-05,1953-09-12,4,4,8,0.142857
24,1946-01-05,1953-09-12,4,5,7,0.125
24,1946-01-05,1953-09-12,4,6,3,0.053571
24,1946-01-05,1953-09-12,4,7,5,0.089286
24,1946-01-05,1953-09-12,4,8,9,0.160714
24,1946-01-05,1953-09-12,4,9,8,0.142857
24,1946-01-05,1953-09-12,5,1,4,0.086957
24,1946-01-05,1953-09-12,5,2,7,0.152174
24,1946-01-05,1953-09-12,5,3,1,0.021739
24,1946-01-05,1953-09-12,5,4,7,0.152174
24,1946-01-05,1953-09-12,5,5,4,0.086957
24,1946-01-05,1953-09-12,5,6,7,0.152174
24,1946-01-05,1953-09-12,5,7,3,0.065217
24,1946-01-05,1953-09-12,5,8,7,0.152174
24,1946-01-05,1953-09-12,5,9,6,0.130435
24,1946-01-05,1953-09-12,6,1,5,0.113636
24,1946-01-05,1953-09-12,6,2,8,0.181818
24,1946-01-05,1953-09-12,6,3,3,0.068182
24,1946-01-05,1953-09-12,6,4,5,0.113636
24,1946-01-05,1953-09-12,6,5,5,0.113636
24,1946-01-05,1953-09-12,6,6,3,0.068182
24,1946-01-05,1953-09-12,6,7,7,0.159091
24,1946-01-05,1953-09-12,6,8,3,0.068182
24,1946-01-05,1953-09-12,6,9,5,0.113636
24,1946-01-05,1953-09-12,7,1,4,0.088889
24,1946-01-05,1953-09-12,7,2,12,0.266667
24,1946-01-05,1953-09-12,7,3,5,0.111111
24,1946-01-05,1953-09-12,7,4,7,0.155556
24,1946-01-05,1953-09-12,7,5,3,0.066667
24,1946-01-05,1953-09-12,7,6,3,0.066667
24,1946-01-05,1953-09-12,7,7,2,0.044444
24,1946-01-05,1953-09-12,7,8,2,0.044444
24,1946-01-05,1953-09-12,7,9,7,0.155556
24,1946-01-05,1953-09-12,8,1,5,0.125
24,1946-01-05,1953-09-12,8,2,5,0.125
24,1946-01-05,1953-09-12,8,3,4,0.1
24,1946-01-05,1953-09-12,8,4,5,0.125
24,1946-01-05,1953-09-12,8,5,5,0.125
24,1946-01-05,1953-09-12,8,6,2,0.05
24,1946-01-05,1953-09-12,8,7,6,0.15
24,1946-01-05,1953-09-12,8,8,5,0.125
24,1946-01-05,1953-09-12,8,9,3,0.075
24,1946-01-05,1953-09-12,9,1,7,0.142857
24,1946-01-05,1953-09-12,9,2,1,0.020408
24,1946-01-05,1953-09-12,9,3,4,0.081633
24,1946-01-05,1953-09-12,9,4,8,0.163265
24,1946-01-05,1953-09-12,9,5,5,0.102041
24,1946-01-05,1953-09-12,9,6,5,0.102041
24,1946-01-05,1953-09-12,9,7,6,0.122449
24,1946-01-05,1953-09-12,9,8,3,0.061224
24,1946-01-05,1953-09-12,9,9,10,0.204082
25,1947-12-13,1955-08-13,1,1,7,0.162791
25,1947-12-13,1955-08-13,1,2,3,0.069767
25,1947-12-13,1955-08-13,1,3,2,0.046512
25,1947-12-13,1955-08-13,1,4,6,0.139535
25,1947-12-13,1955-08-13,1,5,2,0.046512
25,1947-12-13,1955-08-13,1,6,8,0.186047
25,1947-12-13,1955-08-13,1,7,4,0.093023
25,1947-12-13,1955-08-13,1,8,6,0.139535
25,1947-12-13,1955-08-13,1,9,5,0.116279
25,1947-12-13,1955-08-13,2,1,3,0.0625
25,1947-12-13,1955-08-13,2,2,1,0.020833
25,1947-12-13,1955-08-13,2,3,3,0.0625
25,1947-12-13,1955-08-13,2,4,5,0.104167
25,1947-12-13,1955-08-13,2,5,6,0.125
25,1947-12-13,1955-08-13,2,6,9,0.1875
25,1947-12-13,1955-08-13,2,7,9,0.1875
25,1947-12-13,1955-08-13,2,8,6,0.125
25,1947-12-13,1955-08-13,2,9,6,0.125
25,1947-12-13,1955-08-13,3,1,2,0.076923
25,1947-12-13,1955-08-13,3,2,2,0.076923
25,1947-12-13,1955-08-13,3,3,0,0.0
25,1947-12-13,1955-08-13,3,4,5,0.192308
25,1947-12-13,1955-08-13,3,5,4,0.153846
25,1947-12-13,1955-08-13,3,6,2,0.076923
25,1947-12-13,1955-08-13,3,7,5,0.192308
25,1947-12-13,1955-08-13,3,8,3,0.115385
25,1947-12-13,1955-08-13,3,9,3,0.115385
25,1947-12-13,1955-08-13,4,1,8,0.148148
25,1947-12-13,1955-08-13,4,2,7,0.12963
25,1947-12-13,1955-08-13,4,3,2,0.037037
25,1947-12-13,1955-08-13,4,4,8,0.148148
25,1947-12-13,1955-08-13,4,5,6,0.111111
25,1947-12-13,1955-08-13,4,6,2,0.037037
25,1947-12-13,1955-08-13,4,7,4,0.074074
25,1947-12-13,1955-08-13,4,8,8,0.148148
25,1947-12-13,1955-08-13,4,9,9,0.166667
25,1947-12-13,1955-08-13,5,1,4,0.097561
25,1947-12-13,1955-08-13,5,2,7,0.170732
25,1947-12-13,1955-08-13,5,3,1,0.02439
25,1947-12-13,1955-08-13,5,4,4,0.097561
25,1947-12-13,1955-08-13,5,5,4,0.097561
25,1947-12-13,1955-08-13,5,6,5,0.121951
25,1947-12-13,1955-08-13,5,7,4,0.097561
25,1947-12-13,1955-08-13,5,8,7,0.170732
25,1947-12-13,1955-08-13,5,9,5,0.121951
25,1947-12-13,1955-08-13,6,1,4,0.095238
25,1947-12-13,1955-08-13,6,2,9,0.214286
25,1947-12-13,1955-08-13,6,3,3,0.071429
25,1947-12-13,1955-08-13,6,4,4,0.095238
25,1947-12-13,1955-08-13,6,5,4,0.095238
25,1947-12-13,1955-08-13,6,6,5,0.119048
25,1947-12-13,1955-08-13,6,7,6,0.142857
25,1947-12-13,1955-08-13,6,8,3,0.071429
25,1947-12-13,1955-08-13,6,9,4,0.095238
25,1947-12-13,1955-08-13,7,1,5,0.106383
25,1947-12-13,1955-08-13,7,2,10,0.212766
25,1947-12-13,1955-08-13,7,3,4,0.085106
25,1947-12-13,1955-08-13,7,4,9,0.191489
25,1947-12-13,1955-08-13,7,5,4,0.085106
25,1947-12-13,1955-08-13,7,6,3,0.06383
25,1947-12-13,1955-08-13,7,7,2,0.042553
25,1947-12-13,1955-08-13,7,8,3,0.06383
25,1947-12-13,1955-08-13,7,9,7,0.148936
25,1947-12-13,1955-08-13,8,1,5,0.106383
25,1947-12-13,1955-08-13,8,2,5,0.106383
25,1947-12-13,1955-08-13,8,3,6,0.12766
25,1947-12-13,1955-08-13,8,4,5,0.106383
25,1947-12-13,1955-08-13,8,5,6,0.12766
25,1947-12-13,1955-08-13,8,6,2,0.042553
25,1947-12-13,1955-08-13,8,7,7,0.148936
25,1947-12-13,1955-08-13,8,8,8,0.170213
25,1947-12-13,1955-08-13,8,9,3,0.06383
25,1947-12-13,1955-08-13,9,1,6,0.115385
25,1947-12-13,1955-08-13,9,2,3,0.057692
25,1947-12-13,1955-08-13,9,3,5,0.096154
25,1947-12-13,1955-08-13,9,4,8,0.153846
25,1947-12-13,1955-08-13,9,5,5,0.096154
25,1947-12-13,1955-08-13,9,6,6,0.115385
25,1947-12-13,1955-08-13,9,7,6,0.115385
25,1947-12-13,1955-08-13,9,8,3,0.057692
25,1947-12-13,1955-08-13,9,9,10,0.192308
26,1949-11-12,1957-07-13,1,1,5,0.131579
26,1949-11-12,1957-07-13,1,2,4,0.105263
26,1949-11-12,1957-07-13,1,3,3,0.078947
26,1949-11-12,1957-07-13,1,4,6,0.157895
26,1949-11-12,1957-07-13,1,5,3,0.078947
26,1949-11-12,1957-07-13,1,6,5,0.131579
26,1949-11-12,1957-07-13,1,7,3,0.078947
26,1949-11-12,1957-07-13,1,8,5,0.131579
26,1949-11-12,1957-07-13,1,9,4,0.105263
26,1949-11-12,1957-07-13,2,1,2,0.05
26,1949-11-12,1957-07-13,2,2,1,0.025
26,1949-11-12,1957-07-13,2,3,3,0.075
26,1949-11-12,1957-07-13,2,4,3,0.075
26,1949-11-12,1957-07-13,2,5,5,0.125
26,1949-11-12,1957-07-13,2,6,7,0.175
26,1949-11-12,1957-07-13,2,7,7,0.175
26,1949-11-12,1957-07-13,2,8,6,0.15
26,1949-11-12,1957-07-13,2,9,6,0.15
26,1949-11-12,1957-07-13,3,1,2,0.068966
26,1949-11-12,1957-07-13,3,2,1,0.034483
26,1949-11-12,1957-07-13,3,3,2,0.068966
26,1949-11-12,1957-07-13,3,4,4,0.137931
26,1949-11-12,1957-07-13,3,5,3,0.103448
26,1949-11-12,1957-07-13,3,6,4,0.137931
26,1949-11-12,1957-07-13,3,7,7,0.241379
26,1949-11-12,1957-07-13,3,8,3,0.103448
26,1949-11-12,1957-07-13,3,9,3,0.103448
26,1949-11-12,1957-07-13,4,1,6,0.122449
26,1949-11-12,1957-07-13,4,2,3,0.061224
26,1949-11-12,1957-07-13,4,3,1,0.020408
26,1949-11-12,1957-07-13,4,4,6,0.122449
26,1949-11-12,1957-07-13,4,5,8,0.163265
26,1949-11-12,1957-07-13,4,6,2,0.040816
26,1949-11-12,1957-07-13,4,7,3,0.061224
26,1949-11-12,1957-07-13,4,8,8,0.163265
26,1949-11-12,1957-07-13,4,9,12,0.244898
26,1949-11-12,1957-07-13,5,1,3,0.06383
26,1949-11-12,1957-07-13,5,2,9,0.191489
26,1949-11-12,1957-07-13,5,3,1,0.021277
26,1949-11-12,1957-07-13,5,4,7,0.148936
26,1949-11-12,1957-07-13,5,5,4,0.085106
26,1949-11-12,1957-07-13,5,6,5,0.106383
26,1949-11-12,1957-07-13,5,7,3,0.06383
26,1949-11-12,1957-07-13,5,8,7,0.148936
26,1949-11-12,1957-07-13,5,9,8,0.170213
26,1949-11-12,1957-07-13,6,1,3,0.068182
26,1949-11-12,1957-07-13,6,2,7,0.159091
26,1949-11-12,1957-07-13,6,3,2,0.045455
26,1949-11-12,1957-07-13,6,4,5,0.113636
26,1949-11-12,1957-07-13,6,5,4,0.090909
26,1949-11-12,1957-07-13,6,6,5,0.113636
26,1949-11-12,1957-07-13,6,7,6,0.136364
26,1949-11-12,1957-07-13,6,8,5,0.113636
26,1949-11-12,1957-07-13,6,9,7,0.159091
26,1949-11-12,1957-07-13,7,1,6,0.130435
26,1949-11-12,1957-07-13,7,2,6,0.130435
26,1949-11-12,1957-07-13,7,3,5,0.108696
26,1949-11-12,1957-07-13,7,4,8,0.173913
26,1949-11-12,1957-07-13,7,5,6,0.130435
26,1949-11-12,1957-07-13,7,6,4,0.086957
26,1949-11-12,1957-07-13,7,7,2,0.043478
26,1949-11-12,1957-07-13,7,8,3,0.065217
26,1949-11-12,1957-07-13,7,9,6,0.130435
26,1949-11-12,1957-07-13,8,1,5,0.1
26,1949-11-12,1957-07-13,8,2,4,0.08
26,1949-11-12,1957-07-13,8,3,6,0.12
26,1949-11-12,1957-07-13,8,4,4,0.08
26,1949-11-12,1957-07-13,8,5,9,0.18
26,1949-11-12,1957-07-13,8,6,3,0.06
26,1949-11-12,1957-07-13,8,7,8,0.16
26,1949-11-12,1957-07-13,8,8,9,0.18
26,1949-11-12,1957-07-13,8,9,2,0.04
26,1949-11-12,1957-07-13,9,1,6,0.105263
26,1949-11-12,1957-07-13,9,2,5,0.087719
26,1949-11-12,1957-07-13,9,3,6,0.105263
26,1949-11-12,1957-07-13,9,4,6,0.105263
26,1949-11-12,1957-07-13,9,5,5,0.087719
26,1949-11-12,1957-07-13,9,6,9,0.157895
26,1949-11-12,1957-07-13,9,7,6,0.105263
26,1949-11-12,1957-07-13,9,8,4,0.070175
26,1949-11-12,1957-07-13,9,9,10,0.175439
27,1951-10-13,1959-06-13,1,1,7,0.179487
27,1951-10-13,1959-06-13,1,2,4,0.102564
27,1951-10-13,1959-06-13,1,3,2,0.051282
27,1951-10-13,1959-06-13,1,4,7,0.179487
27,1951-10-13,1959-06-13,1,5,3,0.076923
27,1951-10-13,1959-06-13,1,6,4,0.102564
27,1951-10-13,1959-06-13,1,7,5,0.128205
27,1951-10-13,1959-06-13,1,8,4,0.102564
27,1951-10-13,1959-06-13,1,9,3,0.076923
27,1951-10-13,1959-06-13,2,1,3,0.073171
27,1951-10-13,1959-06-13,2,2,2,0.04878
27,1951-10-13,1959-06-13,2,3,3,0.073171
27,1951-10-13,1959-06-13,2,4,3,0.073171
27,1951-10-13,1959-06-13,2,5,7,0.170732
27,1951-10-13,1959-06-13,2,6,4,0.097561
27,1951-10-13,1959-06-13,2,7,7,0.170732
27,1951-10-13,1959-06-13,2,8,6,0.146341
27,1951-10-13,1959-06-13,2,9,6,0.146341
27,1951-10-13,1959-06-13,3,1,0,0.0
27,1951-10-13,1959-06-13,3,2,0,0.0
27,1951-10-13,1959-06-13,3,3,4,0.125
27,1951-10-13,1959-06-13,3,4,7,0.21875
27,1951-10-13,1959-06-13,3,5,2,0.0625
27,1951-10-13,1959-06-13,3,6,4,0.125
27,1951-10-13,1959-06-13,3,7,7,0.21875
27,1951-10-13,1959-06-13,3,8,3,0.09375
27,1951-10-13,1959-06-13,3,9,5,0.15625
27,1951-10-13,1959-06-13,4,1,6,0.122449
27,1951-10-13,1959-06-13,4,2,3,0.061224
27,1951-10-13,1959-06-13,4,3,1,0.020408
27,1951-10-13,1959-06-13,4,4,4,0.081633
27,1951-10-13,1959-06-13,4,5,7,0.142857
27,1951-10-13,1959-06-13,4,6,3,0.061224
27,1951-10-13,1959-06-13,4,7,5,0.102041
27,1951-10-13,1959-06-13,4,8,8,0.163265
27,1951-10-13,1959-06-13,4,9,12,0.244898
27,1951-10-13,1959-06-13,5,1,3,0.06
27,1951-10-13,1959-06-13,5,2,10,0.2
27,1951-10-13,1959-06-13,5,3,2,0.04
27,1951-10-13,1959-06-13,5,4,9,0.18
27,1951-10-13,1959-06-13,5,5,6,0.12
27,1951-10-13,1959-06-13,5,6,5,0.1
27,1951-10-13,1959-06-13,5,7,3,0.06
27,1951-10-13,1959-06-13,5,8,7,0.14
27,1951-10-13,1959-06-13,5,9,5,0.1
27,1951-10-13,1959-06-13,6,1,3,0.068182
27,1951-10-13,1959-06-13,6,2,6,0.136364
27,1951-10-13,1959-06-13,6,3,5,0.113636
27,1951-10-13,1959-06-13,6,4,4,0.090909
27,1951-10-13,1959-06-13,6,5,5,0.113636
27,1951-10-13,1959-06-13,6,6,5,0.113636
27,1951-10-13,1959-06-13,6,7,5,0.113636
27,1951-10-13,1959-06-13,6,8,4,0.090909
27,1951-10-13,1959-06-13,6,9,7,0.159091
27,1951-10-13,1959-06-13,7,1,7,0.148936
27,1951-10-13,1959-06-13,7,2,7,0.148936
27,1951-10-13,1959-06-13,7,3,4,0.085106
27,1951-10-13,1959-06-13,7,4,7,0.148936
27,1951-10-13,1959-06-13,7,5,6,0.12766
27,1951-10-13,1959-06-13,7,6,6,0.12766
27,1951-10-13,1959-06-13,7,7,2,0.042553
27,1951-10-13,1959-06-13,7,8,5,0.106383
27,1951-10-13,1959-06-13,7,9,3,0.06383
27,1951-10-13,1959-06-13,8,1,5,0.106383
27,1951-10-13,1959-06-13,8,2,5,0.106383
27,1951-10-13,1959-06-13,8,3,5,0.106383
27,1951-10-13,1959-06-13,8,4,2,0.042553
27,1951-10-13,1959-06-13,8,5,9,0.191489
27,1951-10-13,1959-06-13,8,6,4,0.085106
27,1951-10-13,1959-06-13,8,7,8,0.170213
27,1951-10-13,1959-06-13,8,8,6,0.12766
27,1951-10-13,1959-06-13,8,9,3,0.06383
27,1951-10-13,1959-06-13,9,1,4,0.078431
27,1951-10-13,1959-06-13,9,2,4,0.078431
27,1951-10-13,1959-06-13,9,3,6,0.117647
27,1951-10-13,1959-06-13,9,4,6,0.117647
27,1951-10-13,1959-06-13,9,5,5,0.098039
27,1951-10-13,1959-06-13,9,6,9,0.176471
27,1951-10-13,1959-06-13,9,7,6,0.117647
27,1951-10-13,1959-06-13,9,8,4,0.078431
27,1951-10-13,1959-06-13,9,9,7,0.137255
28,1953-09-12,1961-05-13,1,1,7,0.162791
28,1953-09-12,1961-05-13,1,2,6,0.139535
28,1953-09-12,1961-05-13,1,3,4,0.093023
28,1953-09-12,1961-05-13,1,4,5,0.116279
28,1953-09-12,1961-05-13,1,5,3,0.069767
28,1953-09-12,1961-05-13,1,6,4,0.093023
28,1953-09-12,1961-05-13,1,7,6,0.139535
28,1953-09-12,1961-05-13,1,8,3,0.069767
28,1953-09-12,1961-05-13,1,9,5,0.116279
28,1953-09-12,1961-05-13,2,1,5,0.128205
28,1953-09-12,1961-05-13,2,2,2,0.051282
28,1953-09-12,1961-05-13,2,3,4,0.102564
28,1953-09-12,1961-05-13,2,4,2,0.051282
28,1953-09-12,1961-05-13,2,5,6,0.153846
28,1953-09-12,1961-05-13,2,6,6,0.153846
28,1953-09-12,1961-05-13,2,7,3,0.076923
28,1953-09-12,1961-05-13,2,8,6,0.153846
28,1953-09-12,1961-05-13,2,9,5,0.128205
28,1953-09-12,1961-05-13,3,1,1,0.03125
28,1953-09-12,1961-05-13,3,2,1,0.03125
28,1953-09-12,1961-05-13,3,3,4,0.125
28,1953-09-12,1961-05-13,3,4,6,0.1875
28,1953-09-12,1961-05-13,3,5,3,0.09375
28,1953-09-12,1961-05-13,3,6,3,0.09375
28,1953-09-12,1961-05-13,3,7,5,0.15625
28,1953-09-12,1961-05-13,3,8,3,0.09375
28,1953-09-12,1961-05-13,3,9,6,0.1875
28,1953-09-12,1961-05-13,4,1,7,0.159091
28,1953-09-12,1961-05-13,4,2,3,0.068182
28,1953-09-12,1961-05-13,4,3,3,0.068182
28,1953-09-12,1961-05-13,4,4,5,0.113636
28,1953-09-12,1961-05-13,4,5,6,0.136364
28,1953-09-12,1961-05-13,4,6,3,0.068182
28,1953-09-12,1961-05-13,4,7,4,0.090909
28,1953-09-12,1961-05-13,4,8,4,0.090909
28,1953-09-12,1961-05-13,4,9,9,0.204545
28,1953-09-12,1961-05-13,5,1,2,0.040816
28,1953-09-12,1961-05-13,5,2,10,0.204082
28,1953-09-12,1961-05-13,5,3,2,0.040816
28,1953-09-12,1961-05-13,5,4,7,0.142857
28,1953-09-12,1961-05-13,5,5,5,0.102041
28,1953-09-12,1961-05-13,5,6,4,0.081633
28,1953-09-12,1961-05-13,5,7,5,0.102041
28,1953-09-12,1961-05-13,5,8,8,0.163265
28,1953-09-12,1961-05-13,5,9,6,0.122449
28,1953-09-12,1961-05-13,6,1,4,0.076923
28,1953-09-12,1961-05-13,6,2,4,0.076923
28,1953-09-12,1961-05-13,6,3,5,0.096154
28,1953-09-12,1961-05-13,6,4,6,0.115385
28,1953-09-12,1961-05-13,6,5,5,0.096154
28,1953-09-12,1961-05-13,6,6,9,0.173077
28,1953-09-12,1961-05-13,6,7,4,0.076923
28,1953-09-12,1961-05-13,6,8,6,0.115385
28,1953-09-12,1961-05-13,6,9,9,0.173077
28,1953-09-12,1961-05-13,7,1,9,0.209302
28,1953-09-12,1961-05-13,7,2,5,0.116279
28,1953-09-12,1961-05-13,7,3,1,0.023256
28,1953-09-12,1961-05-13,7,4,5,0.116279
28,1953-09-12,1961-05-13,7,5,6,0.139535
28,1953-09-12,1961-05-13,7,6,7,0.162791
28,1953-09-12,1961-05-13,7,7,2,0.046512
28,1953-09-12,1961-05-13,7,8,6,0.139535
28,1953-09-12,1961-05-13,7,9,2,0.046512
28,1953-09-12,1961-05-13,8,1,5,0.116279
28,1953-09-12,1961-05-13,8,2,4,0.093023
28,1953-09-12,1961-05-13,8,3,5,0.116279
28,1953-09-12,1961-05-13,8,4,1,0.023256
28,1953-09-12,1961-05-13,8,5,7,0.162791
28,1953-09-12,1961-05-13,8,6,7,0.162791
28,1953-09-12,1961-05-13,8,7,5,0.116279
28,1953-09-12,1961-05-13,8,8,5,0.116279
28,1953-09-12,1961-05-13,8,9,4,0.093023
28,1953-09-12,1961-05-13,9,1,3,0.054545
28,1953-09-12,1961-05-13,9,2,4,0.072727
28,1953-09-12,1961-05-13,9,3,5,0.090909
28,1953-09-12,1961-05-13,9,4,7,0.127273
28,1953-09-12,1961-05-13,9,5,8,0.145455
28,1953-09-12,1961-05-13,9,6,9,0.163636
28,1953-09-12,1961-05-13,9,7,9,0.163636
28,1953-09-12,1961-05-13,9,8,1,0.018182
28,1953-09-12,1961-05-13,9,9,9,0.163636
29,1955-08-13,1963-04-20,1,1,3,0.083333
29,1955-08-13,1963-04-20,1,2,6,0.166667
29,1955-08-13,1963-04-20,1,3,3,0.083333
29,1955-08-13,1963-04-20,1,4,4,0.111111
29,1955-08-13,1963-04-20,1,5,5,0.138889
29,1955-08-13,1963-04-20,1,6,2,0.055556
29,1955-08-13,1963-04-20,1,7,6,0.166667
29,1955-08-13,1963-04-20,1,8,1,0.027778
29,1955-08-13,1963-04-20,1,9,6,0.166667
29,1955-08-13,1963-04-20,2,1,5,0.138889
29,1955-08-13,1963-04-20,2,2,3,0.083333
29,1955-08-13,1963-04-20,2,3,5,0.138889
29,1955-08-13,1963-04-20,2,4,4,0.111111
29,1955-08-13,1963-04-20,2,5,4,0.111111
29,1955-08-13,1963-04-20,2,6,4,0.111111
29,1955-08-13,1963-04-20,2,7,2,0.055556
29,1955-08-13,1963-04-20,2,8,4,0.111111
29,1955-08-13,1963-04-20,2,9,5,0.138889
29,1955-08-13,1963-04-20,3,1,1,0.025641
29,1955-08-13,1963-04-20,3,2,1,0.025641
29,1955-08-13,1963-04-20,3,3,7,0.179487
29,1955-08-13,1963-04-20,3,4,7,0.179487
29,1955-08-13,1963-04-20,3,5,2,0.051282
29,1955-08-13,1963-04-20,3,6,3,0.076923
29,1955-08-13,1963-04-20,3,7,4,0.102564
29,1955-08-13,1963-04-20,3,8,6,0.153846
29,1955-08-13,1963-04-20,3,9,8,0.205128
29,1955-08-13,1963-04-20,4,1,7,0.166667
29,1955-08-13,1963-04-20,4,2,1,0.02381
29,1955-08-13,1963-04-20,4,3,3,0.071429
29,1955-08-13,1963-04-20,4,4,5,0.119048
29,1955-08-13,1963-04-20,4,5,6,0.142857
29,1955-08-13,1963-04-20,4,6,4,0.095238
29,1955-08-13,1963-04-20,4,7,4,0.095238
29,1955-08-13,1963-04-20,4,8,4,0.095238
29,1955-08-13,1963-04-20,4,9,8,0.190476
29,1955-08-13,1963-04-20,5,1,2,0.044444
29,1955-08-13,1963-04-20,5,2,9,0.2
29,1955-08-13,1963-04-20,5,3,3,0.066667
29,1955-08-13,1963-04-20,5,4,7,0.155556
29,1955-08-13,1963-04-20,5,5,3,0.066667
29,1955-08-13,1963-04-20,5,6,4,0.088889
29,1955-08-13,1963-04-20,5,7,5,0.111111
29,1955-08-13,1963-04-20,5,8,5,0.111111
29,1955-08-13,1963-04-20,5,9,7,0.155556
29,1955-08-13,1963-04-20,6,1,4,0.075472
29,1955-08-13,1963-04-20,6,2,3,0.056604
29,1955-08-13,1963-04-20,6,3,5,0.09434
29,1955-08-13,1963-04-20,6,4,6,0.113208
29,1955-08-13,1963-04-20,6,5,5,0.09434
29,1955-08-13,1963-04-20,6,6,8,0.150943
29,1955-08-13,1963-04-20,6,7,3,0.056604
29,1955-08-13,1963-04-20,6,8,7,0.132075
29,1955-08-13,1963-04-20,6,9,12,0.226415
29,1955-08-13,1963-04-20,7,1,7,0.175
29,1955-08-13,1963-04-20,7,2,3,0.075
29,1955-08-13,1963-04-20,7,3,1,0.025
29,1955-08-13,1963-04-20,7,4,4,0.1
29,1955-08-13,1963-04-20,7,5,5,0.125
29,1955-08-13,1963-04-20,7,6,9,0.225
29,1955-08-13,1963-04-20,7,7,2,0.05
29,1955-08-13,1963-04-20,7,8,6,0.15
29,1955-08-13,1963-04-20,7,9,3,0.075
29,1955-08-13,1963-04-20,8,1,3,0.069767
29,1955-08-13,1963-04-20,8,2,7,0.162791
29,1955-08-13,1963-04-20,8,3,6,0.139535
29,1955-08-13,1963-04-20,8,4,0,0.0
29,1955-08-13,1963-04-20,8,5,7,0.162791
29,1955-08-13,1963-04-20,8,6,6,0.139535
29,1955-08-13,1963-04-20,8,7,6,0.139535
29,1955-08-13,1963-04-20,8,8,3,0.069767
29,1955-08-13,1963-04-20,8,9,5,0.116279
29,1955-08-13,1963-04-20,9,1,3,0.045455
29,1955-08-13,1963-04-20,9,2,3,0.045455
29,1955-08-13,1963-04-20,9,3,6,0.090909
29,1955-08-13,1963-04-20,9,4,5,0.075758
29,1955-08-13,1963-04-20,9,5,8,0.121212
29,1955-08-13,1963-04-20,9,6,14,0.212121
29,1955-08-13,1963-04-20,9,7,8,0.121212
29,1955-08-13,1963-04-20,9,8,7,0.106061
29,1955-08-13,1963-04-20,9,9,12,0.181818
30,1957-07-13,1965-03-20,1,1,5,0.116279
30,1957-07-13,1965-03-20,1,2,6,0.139535
30,1957-07-13,1965-03-20,1,3,6,0.139535
30,1957-07-13,1965-03-20,1,4,3,0.069767
30,1957-07-13,1965-03-20,1,5,3,0.069767
30,1957-07-13,1965-03-20,1,6,4,0.093023
30,1957-07-13,1965-03-20,1,7,6,0.139535
30,1957-07-13,1965-03-20,1,8,3,0.069767
30,1957-07-13,1965-03-20,1,9,7,0.162791
30,1957-07-13,1965-03-20,2,1,5,0.131579
30,1957-07-13,1965-03-20,2,2,3,0.078947
30,1957-07-13,1965-03-20,2,3,4,0.105263
30,1957-07-13,1965-03-20,2,4,6,0.157895
30,1957-07-13,1965-03-20,2,5,4,0.105263
30,1957-07-13,1965-03-20,2,6,5,0.131579
30,1957-07-13,1965-03-20,2,7,4,0.105263
30,1957-07-13,1965-03-20,2,8,4,0.105263
30,1957-07-13,1965-03-20,2,9,3,0.078947
30,1957-07-13,1965-03-20,3,1,4,0.095238
30,1957-07-13,1965-03-20,3,2,3,0.071429
30,1957-07-13,1965-03-20,3,3,6,0.142857
30,1957-07-13,1965-03-20,3,4,9,0.214286
30,1957-07-13,1965-03-20,3,5,3,0.071429
30,1957-07-13,1965-03-20,3,6,1,0.02381
30,1957-07-13,1965-03-20,3,7,2,0.047619
30,1957-07-13,1965-03-20,3,8,4,0.095238
30,1957-07-13,1965-03-20,3,9,10,0.238095
30,1957-07-13,1965-03-20,4,1,6,0.136364
30,1957-07-13,1965-03-20,4,2,7,0.159091
30,1957-07-13,1965-03-20,4,3,4,0.090909
30,1957-07-13,1965-03-20,4,4,6,0.136364
30,1957-07-13,1965-03-20,4,5,5,0.113636
30,1957-07-13,1965-03-20,4,6,4,0.090909
30,1957-07-13,1965-03-20,4,7,4,0.090909
30,1957-07-13,1965-03-20,4,8,3,0.068182
30,1957-07-13,1965-03-20,4,9,5,0.113636
30,1957-07-13,1965-03-20,5,1,2,0.051282
30,1957-07-13,1965-03-20,5,2,4,0.102564
30,1957-07-13,1965-03-20,5,3,3,0.076923
30,1957-07-13,1965-03-20,5,4,5,0.128205
30,1957-07-13,1965-03-20,5,5,6,0.153846
30,1957-07-13,1965-03-20,5,6,4,0.102564
30,1957-07-13,1965-03-20,5,7,6,0.153846
30,1957-07-13,1965-03-20,5,8,4,0.102564
30,1957-07-13,1965-03-20,5,9,5,0.128205
30,1957-07-13,1965-03-20,6,1,4,0.081633
30,1957-07-13,1965-03-20,6,2,2,0.040816
30,1957-07-13,1965-03-20,6,3,5,0.102041
30,1957-07-13,1965-03-20,6,4,6,0.122449
30,1957-07-13,1965-03-20,6,5,5,0.102041
30,1957-07-13,1965-03-20,6,6,8,0.163265
30,1957-07-13,1965-03-20,6,7,5,0.102041
30,1957-07-13,1965-03-20,6,8,5,0.102041
30,1957-07-13,1965-03-20,6,9,9,0.183673
30,1957-07-13,1965-03-20,7,1,8,0.190476
30,1957-07-13,1965-03-20,7,2,4,0.095238
30,1957-07-13,1965-03-20,7,3,1,0.02381
30,1957-07-13,1965-03-20,7,4,4,0.095238
30,1957-07-13,1965-03-20,7,5,3,0.071429
30,1957-07-13,1965-03-20,7,6,8,0.190476
30,1957-07-13,1965-03-20,7,7,3,0.071429
30,1957-07-13,1965-03-20,7,8,8,0.190476
30,1957-07-13,1965-03-20,7,9,3,0.071429
30,1957-07-13,1965-03-20,8,1,4,0.097561
30,1957-07-13,1965-03-20,8,2,8,0.195122
30,1957-07-13,1965-03-20,8,3,6,0.146341
30,1957-07-13,1965-03-20,8,4,0,0.0
30,1957-07-13,1965-03-20,8,5,3,0.073171
30,1957-07-13,1965-03-20,8,6,5,0.121951
30,1957-07-13,1965-03-20,8,7,5,0.121951
30,1957-07-13,1965-03-20,8,8,4,0.097561
30,1957-07-13,1965-03-20,8,9,6,0.146341
30,1957-07-13,1965-03-20,9,1,5,0.080645
30,1957-07-13,1965-03-20,9,2,1,0.016129
30,1957-07-13,1965-03-20,9,3,7,0.112903
30,1957-07-13,1965-03-20,9,4,5,0.080645
30,1957-07-13,1965-03-20,9,5,7,0.112903
30,1957-07-13,1965-03-20,9,6,11,0.177419
30,1957-07-13,1965-03-20,9,7,7,0.112903
30,1957-07-13,1965-03-20,9,8,6,0.096774
30,1957-07-13,1965-03-20,9,9,13,0.209677
31,1959-06-13,1967-02-18,1,1,3,0.069767
31,1959-06-13,1967-02-18,1,2,7,0.162791
31,1959-06-13,1967-02-18,1,3,9,0.209302
31,1959-06-13,1967-02-18,1,4,2,0.046512
31,1959-06-13,1967-02-18,1,5,4,0.093023
31,1959-06-13,1967-02-18,1,6,4,0.093023
31,1959-06-13,1967-02-18,1,7,4,0.093023
31,1959-06-13,1967-02-18,1,8,3,0.069767
31,1959-06-13,1967-02-18,1,9,7,0.162791
31,1959-06-13,1967-02-18,2,1,4,0.086957
31,1959-06-13,1967-02-18,2,2,6,0.130435
31,1959-06-13,1967-02-18,2,3,7,0.152174
31,1959-06-13,1967-02-18,2,4,5,0.108696
31,1959-06-13,1967-02-18,2,5,4,0.086957
31,1959-06-13,1967-02-18,2,6,4,0.086957
31,1959-06-13,1967-02-18,2,7,5,0.108696
31,1959-06-13,1967-02-18,2,8,5,0.108696
31,1959-06-13,1967-02-18,2,9,6,0.130435
31,1959-06-13,1967-02-18,3,1,7,0.145833
31,1959-06-13,1967-02-18,3,2,5,0.104167
31,1959-06-13,1967-02-18,3,3,8,0.166667
31,1959-06-13,1967-02-18,3,4,7,0.145833
31,1959-06-13,1967-02-18,3,5,4,0.083333
31,1959-06-13,1967-02-18,3,6,0,0.0
31,1959-06-13,1967-02-18,3,7,1,0.020833
31,1959-06-13,1967-02-18,3,8,6,0.125
31,1959-06-13,1967-02-18,3,9,10,0.208333
31,1959-06-13,1967-02-18,4,1,9,0.230769
31,1959-06-13,1967-02-18,4,2,7,0.179487
31,1959-06-13,1967-02-18,4,3,3,0.076923
31,1959-06-13,1967-02-18,4,4,6,0.153846
31,1959-06-13,1967-02-18,4,5,5,0.128205
31,1959-06-13,1967-02-18,4,6,3,0.076923
31,1959-06-13,1967-02-18,4,7,2,0.051282
31,1959-06-13,1967-02-18,4,8,1,0.025641
31,1959-06-13,1967-02-18,4,9,3,0.076923
31,1959-06-13,1967-02-18,5,1,3,0.081081
31,1959-06-13,1967-02-18,5,2,4,0.108108
31,1959-06-13,1967-02-18,5,3,2,0.054054
31,1959-06-13,1967-02-18,5,4,3,0.081081
31,1959-06-13,1967-02-18,5,5,3,0.081081
31,1959-06-13,1967-02-18,5,6,6,0.162162
31,1959-06-13,1967-02-18,5,7,5,0.135135
31,1959-06-13,1967-02-18,5,8,4,0.108108
31,1959-06-13,1967-02-18,5,9,7,0.189189
31,1959-06-13,1967-02-18,6,1,2,0.044444
31,1959-06-13,1967-02-18,6,2,4,0.088889
31,1959-06-13,1967-02-18,6,3,3,0.066667
31,1959-06-13,1967-02-18,6,4,7,0.155556
31,1959-06-13,1967-02-18,6,5,4,0.088889
31,1959-06-13,1967-02-18,6,6,7,0.155556
31,1959-06-13,1967-02-18,6,7,5,0.111111
31,1959-06-13,1967-02-18,6,8,5,0.111111
31,1959-06-13,1967-02-18,6,9,8,0.177778
31,1959-06-13,1967-02-18,7,1,6,0.146341
31,1959-06-13,1967-02-18,7,2,3,0.073171
31,1959-06-13,1967-02-18,7,3,3,0.073171
31,1959-06-13,1967-02-18,7,4,4,0.097561
31,1959-06-13,1967-02-18,7,5,4,0.097561
31,1959-06-13,1967-02-18,7,6,7,0.170732
31,1959-06-13,1967-02-18,7,7,4,0.097561
31,1959-06-13,1967-02-18,7,8,6,0.146341
31,1959-06-13,1967-02-18,7,9,4,0.097561
31,1959-06-13,1967-02-18,8,1,4,0.1
31,1959-06-13,1967-02-18,8,2,7,0.175
31,1959-06-13,1967-02-18,8,3,6,0.15
31,1959-06-13,1967-02-18,8,4,0,0.0
31,1959-06-13,1967-02-18,8,5,3,0.075
31,1959-06-13,1967-02-18,8,6,5,0.125
31,1959-06-13,1967-02-18,8,7,6,0.15
31,1959-06-13,1967-02-18,8,8,4,0.1
31,1959-06-13,1967-02-18,8,9,5,0.125
31,1959-06-13,1967-02-18,9,1,5,0.081967
31,1959-06-13,1967-02-18,9,2,4,0.065574
31,1959-06-13,1967-02-18,9,3,7,0.114754
31,1959-06-13,1967-02-18,9,4,5,0.081967
31,1959-06-13,1967-02-18,9,5,6,0.098361
31,1959-06-13,1967-02-18,9,6,9,0.147541
31,1959-06-13,1967-02-18,9,7,8,0.131148
31,1959-06-13,1967-02-18,9,8,6,0.098361
31,1959-06-13,1967-02-18,9,9,11,0.180328
32,1961-05-13,1969-01-18,1,1,2,0.054054
32,1961-05-13,1969-01-18,1,2,5,0.135135
32,1961-05-13,1969-01-18,1,3,8,0.216216
32,1961-05-13,1969-01-18,1,4,3,0.081081
32,1961-05-13,1969-01-18,1,5,5,0.135135
32,1961-05-13,1969-01-18,1,6,4,0.108108
32,1961-05-13,1969-01-18,1,7,2,0.054054
32,1961-05-13,1969-01-18,1,8,2,0.054054
32,1961-05-13,1969-01-18,1,9,6,0.162162
32,1961-05-13,1969-01-18,2,1,3,0.068182
32,1961-05-13,1969-01-18,2,2,6,0.136364
32,1961-05-13,1969-01-18,2,3,8,0.181818
32,1961-05-13,1969-01-18,2,4,6,0.136364
32,1961-05-13,1969-01-18,2,5,4,0.090909
32,1961-05-13,1969-01-18,2,6,3,0.068182
32,1961-05-13,1969-01-18,2,7,4,0.090909
32,1961-05-13,1969-01-18,2,8,4,0.090909
32,1961-05-13,1969-01-18,2,9,6,0.136364
32,1961-05-13,1969-01-18,3,1,7,0.12963
32,1961-05-13,1969-01-18,3,2,5,0.092593
32,1961-05-13,1969-01-18,3,3,8,0.148148
32,1961-05-13,1969-01-18,3,4,8,0.148148
32,1961-05-13,1969-01-18,3,5,8,0.148148
32,1961-05-13,1969-01-18,3,6,2,0.037037
32,1961-05-13,1969-01-18,3,7,1,0.018519
32,1961-05-13,1969-01-18,3,8,7,0.12963
32,1961-05-13,1969-01-18,3,9,8,0.148148
32,1961-05-13,1969-01-18,4,1,7,0.194444
32,1961-05-13,1969-01-18,4,2,6,0.166667
32,1961-05-13,1969-01-18,4,3,2,0.055556
32,1961-05-13,1969-01-18,4,4,4,0.111111
32,1961-05-13,1969-01-18,4,5,6,0.166667
32,1961-05-13,1969-01-18,4,6,4,0.111111
32,1961-05-13,1969-01-18,4,7,2,0.055556
32,1961-05-13,1969-01-18,4,8,1,0.027778
32,1961-05-13,1969-01-18,4,9,4,0.111111
32,1961-05-13,1969-01-18,5,1,4,0.097561
32,1961-05-13,1969-01-18,5,2,3,0.073171
32,1961-05-13,1969-01-18,5,3,5,0.121951
32,1961-05-13,1969-01-18,5,4,4,0.097561
32,1961-05-13,1969-01-18,5,5,3,0.073171
32,1961-05-13,1969-01-18,5,6,8,0.195122
32,1961-05-13,1969-01-18,5,7,3,0.073171
32,1961-05-13,1969-01-18,5,8,4,0.097561
32,1961-05-13,1969-01-18,5,9,7,0.170732
32,1961-05-13,1969-01-18,6,1,0,0.0
32,1961-05-13,1969-01-18,6,2,5,0.104167
32,1961-05-13,1969-01-18,6,3,4,0.083333
32,1961-05-13,1969-01-18,6,4,3,0.0625
32,1961-05-13,1969-01-18,6,5,6,0.125
32,1961-05-13,1969-01-18,6,6,7,0.145833
32,1961-05-13,1969-01-18,6,7,9,0.1875
32,1961-05-13,1969-01-18,6,8,6,0.125
32,1961-05-13,1969-01-18,6,9,8,0.166667
32,1961-05-13,1969-01-18,7,1,3,0.073171
32,1961-05-13,1969-01-18,7,2,2,0.04878
32,1961-05-13,1969-01-18,7,3,5,0.121951
32,1961-05-13,1969-01-18,7,4,4,0.097561
32,1961-05-13,1969-01-18,7,5,4,0.097561
32,1961-05-13,1969-01-18,7,6,6,0.146341
32,1961-05-13,1969-01-18,7,7,7,0.170732
32,1961-05-13,1969-01-18,7,8,6,0.146341
32,1961-05-13,1969-01-18,7,9,4,0.097561
32,1961-05-13,1969-01-18,8,1,4,0.095238
32,1961-05-13,1969-01-18,8,2,7,0.166667
32,1961-05-13,1969-01-18,8,3,7,0.166667
32,1961-05-13,1969-01-18,8,4,1,0.02381
32,1961-05-13,1969-01-18,8,5,3,0.071429
32,1961-05-13,1969-01-18,8,6,3,0.071429
32,1961-05-13,1969-01-18,8,7,6,0.142857
32,1961-05-13,1969-01-18,8,8,6,0.142857
32,1961-05-13,1969-01-18,8,9,5,0.119048
32,1961-05-13,1969-01-18,9,1,7,0.122807
32,1961-05-13,1969-01-18,9,2,5,0.087719
32,1961-05-13,1969-01-18,9,3,6,0.105263
32,1961-05-13,1969-01-18,9,4,3,0.052632
32,1961-05-13,1969-01-18,9,5,3,0.052632
32,1961-05-13,1969-01-18,9,6,11,0.192982
32,1961-05-13,1969-01-18,9,7,7,0.122807
32,1961-05-13,1969-01-18,9,8,6,0.105263
32,1961-05-13,1969-01-18,9,9,9,0.157895
33,1963-04-20,1970-12-19,1,1,2,0.044444
33,1963-04-20,1970-12-19,1,2,6,0.133333
33,1963-04-20,1970-12-19,1,3,10,0.222222
33,1963-04-20,1970-12-19,1,4,5,0.111111
33,1963-04-20,1970-12-19,1,5,4,0.088889
33,1963-04-20,1970-12-19,1,6,6,0.133333
33,1963-04-20,1970-12-19,1,7,3,0.066667
33,1963-04-20,1970-12-19,1,8,4,0.088889
33,1963-04-20,1970-12-19,1,9,5,0.111111
33,1963-04-20,1970-12-19,2,1,4,0.081633
33,1963-04-20,1970-12-19,2,2,7,0.142857
33,1963-04-20,1970-12-19,2,3,9,0.183673
33,1963-04-20,1970-12-19,2,4,7,0.142857
33,1963-04-20,1970-12-19,2,5,5,0.102041
33,1963-04-20,1970-12-19,2,6,3,0.061224
33,1963-04-20,1970-12-19,2,7,5,0.102041
33,1963-04-20,1970-12-19,2,8,4,0.081633
33,1963-04-20,1970-12-19,2,9,5,0.102041
33,1963-04-20,1970-12-19,3,1,8,0.156863
33,1963-04-20,1970-12-19,3,2,7,0.137255
33,1963-04-20,1970-12-19,3,3,5,0.098039
33,1963-04-20,1970-12-19,3,4,4,0.078431
33,1963-04-20,1970-12-19,3,5,9,0.176471
33,1963-04-20,1970-12-19,3,6,5,0.098039
33,1963-04-20,1970-12-19,3,7,1,0.019608
33,1963-04-20,1970-12-19,3,8,5,0.098039
33,1963-04-20,1970-12-19,3,9,7,0.137255
33,1963-04-20,1970-12-19,4,1,5,0.128205
33,1963-04-20,1970-12-19,4,2,7,0.179487
33,1963-04-20,1970-12-19,4,3,2,0.051282
33,1963-04-20,1970-12-19,4,4,4,0.102564
33,1963-04-20,1970-12-19,4,5,7,0.179487
33,1963-04-20,1970-12-19,4,6,5,0.128205
33,1963-04-20,1970-12-19,4,7,5,0.128205
33,1963-04-20,1970-12-19,4,8,0,0.0
33,1963-04-20,1970-12-19,4,9,4,0.102564
33,1963-04-20,1970-12-19,5,1,7,0.148936
33,1963-04-20,1970-12-19,5,2,5,0.106383
33,1963-04-20,1970-12-19,5,3,6,0.12766
33,1963-04-20,1970-12-19,5,4,5,0.106383
33,1963-04-20,1970-12-19,5,5,4,0.085106
33,1963-04-20,1970-12-19,5,6,9,0.191489
33,1963-04-20,1970-12-19,5,7,1,0.021277
33,1963-04-20,1970-12-19,5,8,5,0.106383
33,1963-04-20,1970-12-19,5,9,5,0.106383
33,1963-04-20,1970-12-19,6,1,4,0.076923
33,1963-04-20,1970-12-19,6,2,7,0.134615
33,1963-04-20,1970-12-19,6,3,4,0.076923
33,1963-04-20,1970-12-19,6,4,5,0.096154
33,1963-04-20,1970-12-19,6,5,6,0.115385
33,1963-04-20,1970-12-19,6,6,6,0.115385
33,1963-04-20,1970-12-19,6,7,10,0.192308
33,1963-04-20,1970-12-19,6,8,5,0.096154
33,1963-04-20,1970-12-19,6,9,5,0.096154
33,1963-04-20,1970-12-19,7,1,3,0.071429
33,1963-04-20,1970-12-19,7,2,2,0.047619
33,1963-04-20,1970-12-19,7,3,8,0.190476
33,1963-04-20,1970-12-19,7,4,4,0.095238
33,1963-04-20,1970-12-19,7,5,6,0.142857
33,1963-04-20,1970-12-19,7,6,5,0.119048
33,1963-04-20,1970-12-19,7,7,7,0.166667
33,1963-04-20,1970-12-19,7,8,5,0.119048
33,1963-04-20,1970-12-19,7,9,2,0.047619
33,1963-04-20,1970-12-19,8,1,4,0.117647
33,1963-04-20,1970-12-19,8,2,4,0.117647
33,1963-04-20,1970-12-19,8,3,3,0.088235
33,1963-04-20,1970-12-19,8,4,1,0.029412
33,1963-04-20,1970-12-19,8,5,4,0.117647
33,1963-04-20,1970-12-19,8,6,6,0.176471
33,1963-04-20,1970-12-19,8,7,3,0.088235
33,1963-04-20,1970-12-19,8,8,5,0.147059
33,1963-04-20,1970-12-19,8,9,4,0.117647
33,1963-04-20,1970-12-19,9,1,8,0.195122
33,1963-04-20,1970-12-19,9,2,4,0.097561
33,1963-04-20,1970-12-19,9,3,4,0.097561
33,1963-04-20,1970-12-19,9,4,4,0.097561
33,1963-04-20,1970-12-19,9,5,2,0.04878
33,1963-04-20,1970-12-19,9,6,6,0.146341
33,1963-04-20,1970-12-19,9,7,7,0.170732
33,1963-04-20,1970-12-19,9,8,1,0.02439
33,1963-04-20,1970-12-19,9,9,5,0.121951
34,1965-03-20,1972-11-18,1,1,0,0.0
34,1965-03-20,1972-11-18,1,2,6,0.146341
34,1965-03-20,1972-11-18,1,3,8,0.195122
34,1965-03-20,1972-11-18,1,4,4,0.097561
34,1965-03-20,1972-11-18,1,5,5,0.121951
34,1965-03-20,1972-11-18,1,6,4,0.097561
34,1965-03-20,1972-11-18,1,7,5,0.121951
34,1965-03-20,1972-11-18,1,8,3,0.073171
34,1965-03-20,1972-11-18,1,9,6,0.146341
34,1965-03-20,1972-11-18,2,1,5,0.098039
34,1965-03-20,1972-11-18,2,2,9,0.176471
34,1965-03-20,1972-11-18,2,3,11,0.215686
34,1965-03-20,1972-11-18,2,4,5,0.098039
34,1965-03-20,1972-11-18,2,5,4,0.078431
34,1965-03-20,1972-11-18,2,6,2,0.039216
34,1965-03-20,1972-11-18,2,7,4,0.078431
34,1965-03-20,1972-11-18,2,8,6,0.117647
34,1965-03-20,1972-11-18,2,9,5,0.098039
34,1965-03-20,1972-11-18,3,1,6,0.115385
34,1965-03-20,1972-11-18,3,2,5,0.096154
34,1965-03-20,1972-11-18,3,3,4,0.076923
34,1965-03-20,1972-11-18,3,4,2,0.038462
34,1965-03-20,1972-11-18,3,5,9,0.173077
34,1965-03-20,1972-11-18,3,6,7,0.134615
34,1965-03-20,1972-11-18,3,7,5,0.096154
34,1965-03-20,1972-11-18,3,8,6,0.115385
34,1965-03-20,1972-11-18,3,9,8,0.153846
34,1965-03-20,1972-11-18,4,1,5,0.16129
34,1965-03-20,1972-11-18,4,2,1,0.032258
34,1965-03-20,1972-11-18,4,3,3,0.096774
34,1965-03-20,1972-11-18,4,4,2,0.064516
34,1965-03-20,1972-11-18,4,5,6,0.193548
34,1965-03-20,1972-11-18,4,6,5,0.16129
34,1965-03-20,1972-11-18,4,7,5,0.16129
34,1965-03-20,1972-11-18,4,8,1,0.032258
34,1965-03-20,1972-11-18,4,9,3,0.096774
34,1965-03-20,1972-11-18,5,1,8,0.173913
34,1965-03-20,1972-11-18,5,2,5,0.108696
34,1965-03-20,1972-11-18,5,3,7,0.152174
34,1965-03-20,1972-11-18,5,4,3,0.065217
34,1965-03-20,1972-11-18,5,5,3,0.065217
34,1965-03-20,1972-11-18,5,6,8,0.173913
34,1965-03-20,1972-11-18,5,7,3,0.065217
34,1965-03-20,1972-11-18,5,8,4,0.086957
34,1965-03-20,1972-11-18,5,9,5,0.108696
34,1965-03-20,1972-11-18,6,1,5,0.09434
34,1965-03-20,1972-11-18,6,2,9,0.169811
34,1965-03-20,1972-11-18,6,3,4,0.075472
34,1965-03-20,1972-11-18,6,4,5,0.09434
34,1965-03-20,1972-11-18,6,5,6,0.113208
34,1965-03-20,1972-11-18,6,6,4,0.075472
34,1965-03-20,1972-11-18,6,7,8,0.150943
34,1965-03-20,1972-11-18,6,8,8,0.150943
34,1965-03-20,1972-11-18,6,9,4,0.075472
34,1965-03-20,1972-11-18,7,1,3,0.06383
34,1965-03-20,1972-11-18,7,2,3,0.06383
34,1965-03-20,1972-11-18,7,3,9,0.191489
34,1965-03-20,1972-11-18,7,4,4,0.085106
34,1965-03-20,1972-11-18,7,5,8,0.170213
34,1965-03-20,1972-11-18,7,6,6,0.12766
34,1965-03-20,1972-11-18,7,7,6,0.12766
34,1965-03-20,1972-11-18,7,8,6,0.12766
34,1965-03-20,1972-11-18,7,9,2,0.042553
34,1965-03-20,1972-11-18,8,1,4,0.102564
34,1965-03-20,1972-11-18,8,2,7,0.179487
34,1965-03-20,1972-11-18,8,3,3,0.076923
34,1965-03-20,1972-11-18,8,4,3,0.076923
34,1965-03-20,1972-11-18,8,5,4,0.102564
34,1965-03-20,1972-11-18,8,6,7,0.179487
34,1965-03-20,1972-11-18,8,7,5,0.128205
34,1965-03-20,1972-11-18,8,8,3,0.076923
34,1965-03-20,1972-11-18,8,9,3,0.076923
34,1965-03-20,1972-11-18,9,1,5,0.125
34,1965-03-20,1972-11-18,9,2,6,0.15
34,1965-03-20,1972-11-18,9,3,3,0.075
34,1965-03-20,1972-11-18,9,4,3,0.075
34,1965-03-20,1972-11-18,9,5,1,0.025
34,1965-03-20,1972-11-18,9,6,9,0.225
34,1965-03-20,1972-11-18,9,7,7,0.175
34,1965-03-20,1972-11-18,9,8,2,0.05
34,1965-03-20,1972-11-18,9,9,4,0.1
35,1967-02-18,1974-10-19,1,1,0,0.0
35,1967-02-18,1974-10-19,1,2,4,0.1
35,1967-02-18,1974-10-19,1,3,6,0.15
35,1967-02-18,1974-10-19,1,4,5,0.125
35,1967-02-18,1974-10-19,1,5,3,0.075
35,1967-02-18,1974-10-19,1,6,6,0.15
35,1967-02-18,1974-10-19,1,7,4,0.1
35,1967-02-18,1974-10-19,1,8,4,0.1
35,1967-02-18,1974-10-19,1,9,8,0.2
35,1967-02-18,1974-10-19,2,1,7,0.148936
35,1967-02-18,1974-10-19,2,2,5,0.106383
35,1967-02-18,1974-10-19,2,3,10,0.212766
35,1967-02-18,1974-10-19,2,4,5,0.106383
35,1967-02-18,1974-10-19,2,5,3,0.06383
35,1967-02-18,1974-10-19,2,6,2,0.042553
35,1967-02-18,1974-10-19,2,7,3,0.06383
35,1967-02-18,1974-10-19,2,8,7,0.148936
35,1967-02-18,1974-10-19,2,9,5,0.106383
35,1967-02-18,1974-10-19,3,1,4,0.086957
35,1967-02-18,1974-10-19,3,2,5,0.108696
35,1967-02-18,1974-10-19,3,3,0,0.0
35,1967-02-18,1974-10-19,3,4,3,0.065217
35,1967-02-18,1974-10-19,3,5,7,0.152174
35,1967-02-18,1974-10-19,3,6,8,0.173913
35,1967-02-18,1974-10-19,3,7,9,0.195652
35,1967-02-18,1974-10-19,3,8,3,0.065217
35,1967-02-18,1974-10-19,3,9,7,0.152174
35,1967-02-18,1974-10-19,4,1,1,0.02439
35,1967-02-18,1974-10-19,4,2,2,0.04878
35,1967-02-18,1974-10-19,4,3,3,0.073171
35,1967-02-18,1974-10-19,4,4,4,0.097561
35,1967-02-18,1974-10-19,4,5,10,0.243902
35,1967-02-18,1974-10-19,4,6,6,0.146341
35,1967-02-18,1974-10-19,4,7,6,0.146341
35,1967-02-18,1974-10-19,4,8,4,0.097561
35,1967-02-18,1974-10-19,4,9,5,0.121951
35,1967-02-18,1974-10-19,5,1,7,0.170732
35,1967-02-18,1974-10-19,5,2,3,0.073171
35,1967-02-18,1974-10-19,5,3,7,0.170732
35,1967-02-18,1974-10-19,5,4,4,0.097561
35,1967-02-18,1974-10-19,5,5,3,0.073171
35,1967-02-18,1974-10-19,5,6,6,0.146341
35,1967-02-18,1974-10-19,5,7,4,0.097561
35,1967-02-18,1974-10-19,5,8,3,0.073171
35,1967-02-18,1974-10-19,5,9,4,0.097561
35,1967-02-18,1974-10-19,6,1,5,0.09434
35,1967-02-18,1974-10-19,6,2,7,0.132075
35,1967-02-18,1974-10-19,6,3,5,0.09434
35,1967-02-18,1974-10-19,6,4,4,0.075472
35,1967-02-18,1974-10-19,6,5,6,0.113208
35,1967-02-18,1974-10-19,6,6,6,0.113208
35,1967-02-18,1974-10-19,6,7,7,0.132075
35,1967-02-18,1974-10-19,6,8,9,0.169811
35,1967-02-18,1974-10-19,6,9,4,0.075472
35,1967-02-18,1974-10-19,7,1,4,0.078431
35,1967-02-18,1974-10-19,7,2,6,0.117647
35,1967-02-18,1974-10-19,7,3,10,0.196078
35,1967-02-18,1974-10-19,7,4,8,0.156863
35,1967-02-18,1974-10-19,7,5,6,0.117647
35,1967-02-18,1974-10-19,7,6,4,0.078431
35,1967-02-18,1974-10-19,7,7,5,0.098039
35,1967-02-18,1974-10-19,7,8,6,0.117647
35,1967-02-18,1974-10-19,7,9,2,0.039216
35,1967-02-18,1974-10-19,8,1,3,0.075
35,1967-02-18,1974-10-19,8,2,8,0.2
35,1967-02-18,1974-10-19,8,3,4,0.1
35,1967-02-18,1974-10-19,8,4,4,0.1
35,1967-02-18,1974-10-19,8,5,3,0.075
35,1967-02-18,1974-10-19,8,6,6,0.15
35,1967-02-18,1974-10-19,8,7,7,0.175
35,1967-02-18,1974-10-19,8,8,2,0.05
35,1967-02-18,1974-10-19,8,9,3,0.075
35,1967-02-18,1974-10-19,9,1,9,0.219512
35,1967-02-18,1974-10-19,9,2,6,0.146341
35,1967-02-18,1974-10-19,9,3,2,0.04878
35,1967-02-18,1974-10-19,9,4,4,0.097561
35,1967-02-18,1974-10-19,9,5,0,0.0
35,1967-02-18,1974-10-19,9,6,9,0.219512
35,1967-02-18,1974-10-19,9,7,6,0.146341
35,1967-02-18,1974-10-19,9,8,2,0.04878
35,1967-02-18,1974-10-19,9,9,3,0.073171
36,1969-01-18,1976-09-18,1,1,1,0.021739
36,1969-01-18,1976-09-18,1,2,5,0.108696
36,1969-01-18,1976-09-18,1,3,6,0.130435
36,1969-01-18,1976-09-18,1,4,7,0.152174
36,1969-01-18,1976-09-18,1,5,2,0.043478
36,1969-01-18,1976-09-18,1,6,8,0.173913
36,1969-01-18,1976-09-18,1,7,5,0.108696
36,1969-01-18,1976-09-18,1,8,4,0.086957
36,1969-01-18,1976-09-18,1,9,8,0.173913
36,1969-01-18,1976-09-18,2,1,9,0.183673
36,1969-01-18,1976-09-18,2,2,6,0.122449
36,1969-01-18,1976-09-18,2,3,8,0.163265
36,1969-01-18,1976-09-18,2,4,5,0.102041
36,1969-01-18,1976-09-18,2,5,4,0.081633
36,1969-01-18,1976-09-18,2,6,1,0.020408
36,1969-01-18,1976-09-18,2,7,4,0.081633
36,1969-01-18,1976-09-18,2,8,8,0.163265
36,1969-01-18,1976-09-18,2,9,4,0.081633
36,1969-01-18,1976-09-18,3,1,5,0.121951
36,1969-01-18,1976-09-18,3,2,5,0.121951
36,1969-01-18,1976-09-18,3,3,0,0.0
36,1969-01-18,1976-09-18,3,4,3,0.073171
36,1969-01-18,1976-09-18,3,5,5,0.121951
36,1969-01-18,1976-09-18,3,6,6,0.146341
36,1969-01-18,1976-09-18,3,7,9,0.219512
36,1969-01-18,1976-09-18,3,8,2,0.04878
36,1969-01-18,1976-09-18,3,9,6,0.146341
36,1969-01-18,1976-09-18,4,1,1,0.021739
36,1969-01-18,1976-09-18,4,2,3,0.065217
36,1969-01-18,1976-09-18,4,3,2,0.043478
36,1969-01-18,1976-09-18,4,4,5,0.108696
36,1969-01-18,1976-09-18,4,5,11,0.23913
36,1969-01-18,1976-09-18,4,6,5,0.108696
36,1969-01-18,1976-09-18,4,7,6,0.130435
36,1969-01-18,1976-09-18,4,8,9,0.195652
36,1969-01-18,1976-09-18,4,9,4,0.086957
36,1969-01-18,1976-09-18,5,1,8,0.186047
36,1969-01-18,1976-09-18,5,2,4,0.093023
36,1969-01-18,1976-09-18,5,3,6,0.139535
36,1969-01-18,1976-09-18,5,4,4,0.093023
36,1969-01-18,1976-09-18,5,5,6,0.139535
36,1969-01-18,1976-09-18,5,6,4,0.093023
36,1969-01-18,1976-09-18,5,7,7,0.162791
36,1969-01-18,1976-09-18,5,8,2,0.046512
36,1969-01-18,1976-09-18,5,9,2,0.046512
36,1969-01-18,1976-09-18,6,1,5,0.116279
36,1969-01-18,1976-09-18,6,2,7,0.162791
36,1969-01-18,1976-09-18,6,3,4,0.093023
36,1969-01-18,1976-09-18,6,4,4,0.093023
36,1969-01-18,1976-09-18,6,5,4,0.093023
36,1969-01-18,1976-09-18,6,6,4,0.093023
36,1969-01-18,1976-09-18,6,7,4,0.093023
36,1969-01-18,1976-09-18,6,8,9,0.209302
36,1969-01-18,1976-09-18,6,9,2,0.046512
36,1969-01-18,1976-09-18,7,1,4,0.08
36,1969-01-18,1976-09-18,7,2,6,0.12
36,1969-01-18,1976-09-18,7,3,8,0.16
36,1969-01-18,1976-09-18,7,4,8,0.16
36,1969-01-18,1976-09-18,7,5,6,0.12
36,1969-01-18,1976-09-18,7,6,3,0.06
36,1969-01-18,1976-09-18,7,7,5,0.1
36,1969-01-18,1976-09-18,7,8,6,0.12
36,1969-01-18,1976-09-18,7,9,4,0.08
36,1969-01-18,1976-09-18,8,1,5,0.111111
36,1969-01-18,1976-09-18,8,2,7,0.155556
36,1969-01-18,1976-09-18,8,3,5,0.111111
36,1969-01-18,1976-09-18,8,4,7,0.155556
36,1969-01-18,1976-09-18,8,5,2,0.044444
36,1969-01-18,1976-09-18,8,6,6,0.133333
36,1969-01-18,1976-09-18,8,7,7,0.155556
36,1969-01-18,1976-09-18,8,8,2,0.044444
36,1969-01-18,1976-09-18,8,9,4,0.088889
36,1969-01-18,1976-09-18,9,1,9,0.243243
36,1969-01-18,1976-09-18,9,2,6,0.162162
36,1969-01-18,1976-09-18,9,3,2,0.054054
36,1969-01-18,1976-09-18,9,4,3,0.081081
36,1969-01-18,1976-09-18,9,5,2,0.054054
36,1969-01-18,1976-09-18,9,6,6,0.162162
36,1969-01-18,1976-09-18,9,7,3,0.081081
36,1969-01-18,1976-09-18,9,8,3,0.081081
36,1969-01-18,1976-09-18,9,9,3,0.081081
37,1970-12-19,1978-08-19,1,1,3,0.066667
37,1970-12-19,1978-08-19,1,2,3,0.066667
37,1970-12-19,1978-08-19,1,3,4,0.088889
37,1970-12-19,1978-08-19,1,4,6,0.133333
37,1970-12-19,1978-08-19,1,5,1,0.022222
37,1970-12-19,1978-08-19,1,6,7,0.155556
37,1970-12-19,1978-08-19,1,7,6,0.133333
37,1970-12-19,1978-08-19,1,8,6,0.133333
37,1970-12-19,1978-08-19,1,9,9,0.2
37,1970-12-19,1978-08-19,2,1,9,0.1875
37,1970-12-19,1978-08-19,2,2,6,0.125
37,1970-12-19,1978-08-19,2,3,9,0.1875
37,1970-12-19,1978-08-19,2,4,4,0.083333
37,1970-12-19,1978-08-19,2,5,3,0.0625
37,1970-12-19,1978-08-19,2,6,1,0.020833
37,1970-12-19,1978-08-19,2,7,4,0.083333
37,1970-12-19,1978-08-19,2,8,9,0.1875
37,1970-12-19,1978-08-19,2,9,3,0.0625
37,1970-12-19,1978-08-19,3,1,5,0.111111
37,1970-12-19,1978-08-19,3,2,5,0.111111
37,1970-12-19,1978-08-19,3,3,2,0.044444
37,1970-12-19,1978-08-19,3,4,5,0.111111
37,1970-12-19,1978-08-19,3,5,6,0.133333
37,1970-12-19,1978-08-19,3,6,4,0.088889
37,1970-12-19,1978-08-19,3,7,9,0.2
37,1970-12-19,1978-08-19,3,8,4,0.088889
37,1970-12-19,1978-08-19,3,9,5,0.111111
37,1970-12-19,1978-08-19,4,1,2,0.046512
37,1970-12-19,1978-08-19,4,2,4,0.093023
37,1970-12-19,1978-08-19,4,3,4,0.093023
37,1970-12-19,1978-08-19,4,4,3,0.069767
37,1970-12-19,1978-08-19,4,5,10,0.232558
37,1970-12-19,1978-08-19,4,6,3,0.069767
37,1970-12-19,1978-08-19,4,7,5,0.116279
37,1970-12-19,1978-08-19,4,8,9,0.209302
37,1970-12-19,1978-08-19,4,9,3,0.069767
37,1970-12-19,1978-08-19,5,1,5,0.131579
37,1970-12-19,1978-08-19,5,2,1,0.026316
37,1970-12-19,1978-08-19,5,3,7,0.184211
37,1970-12-19,1978-08-19,5,4,3,0.078947
37,1970-12-19,1978-08-19,5,5,6,0.157895
37,1970-12-19,1978-08-19,5,6,3,0.078947
37,1970-12-19,1978-08-19,5,7,7,0.184211
37,1970-12-19,1978-08-19,5,8,2,0.052632
37,1970-12-19,1978-08-19,5,9,4,0.105263
37,1970-12-19,1978-08-19,6,1,1,0.028571
37,1970-12-19,1978-08-19,6,2,5,0.142857
37,1970-12-19,1978-08-19,6,3,4,0.114286
37,1970-12-19,1978-08-19,6,4,4,0.114286
37,1970-12-19,1978-08-19,6,5,3,0.085714
37,1970-12-19,1978-08-19,6,6,4,0.114286
37,1970-12-19,1978-08-19,6,7,3,0.085714
37,1970-12-19,1978-08-19,6,8,8,0.228571
37,1970-12-19,1978-08-19,6,9,3,0.085714
37,1970-12-19,1978-08-19,7,1,4,0.072727
37,1970-12-19,1978-08-19,7,2,9,0.163636
37,1970-12-19,1978-08-19,7,3,6,0.109091
37,1970-12-19,1978-08-19,7,4,8,0.145455
37,1970-12-19,1978-08-19,7,5,6,0.109091
37,1970-12-19,1978-08-19,7,6,4,0.072727
37,1970-12-19,1978-08-19,7,7,6,0.109091
37,1970-12-19,1978-08-19,7,8,8,0.145455
37,1970-12-19,1978-08-19,7,9,4,0.072727
37,1970-12-19,1978-08-19,8,1,9,0.173077
37,1970-12-19,1978-08-19,8,2,8,0.153846
37,1970-12-19,1978-08-19,8,3,6,0.115385
37,1970-12-19,1978-08-19,8,4,8,0.153846
37,1970-12-19,1978-08-19,8,5,1,0.019231
37,1970-12-19,1978-08-19,8,6,3,0.057692
37,1970-12-19,1978-08-19,8,7,10,0.192308
37,1970-12-19,1978-08-19,8,8,3,0.057692
37,1970-12-19,1978-08-19,8,9,4,0.076923
37,1970-12-19,1978-08-19,9,1,7,0.179487
37,1970-12-19,1978-08-19,9,2,8,0.205128
37,1970-12-19,1978-08-19,9,3,3,0.076923
37,1970-12-19,1978-08-19,9,4,2,0.051282
37,1970-12-19,1978-08-19,9,5,2,0.051282
37,1970-12-19,1978-08-19,9,6,6,0.153846
37,1970-12-19,1978-08-19,9,7,5,0.128205
37,1970-12-19,1978-08-19,9,8,3,0.076923
37,1970-12-19,1978-08-19,9,9,3,0.076923
38,1972-11-18,1980-07-19,1,1,3,0.0625
38,1972-11-18,1980-07-19,1,2,5,0.104167
38,1972-11-18,1980-07-19,1,3,3,0.0625
38,1972-11-18,1980-07-19,1,4,7,0.145833
38,1972-11-18,1980-07-19,1,5,1,0.020833
38,1972-11-18,1980-07-19,1,6,9,0.1875
38,1972-11-18,1980-07-19,1,7,8,0.166667
38,1972-11-18,1980-07-19,1,8,5,0.104167
38,1972-11-18,1980-07-19,1,9,7,0.145833
38,1972-11-18,1980-07-19,2,1,9,0.2
38,1972-11-18,1980-07-19,2,2,4,0.088889
38,1972-11-18,1980-07-19,2,3,9,0.2
38,1972-11-18,1980-07-19,2,4,4,0.088889
38,1972-11-18,1980-07-19,2,5,2,0.044444
38,1972-11-18,1980-07-19,2,6,1,0.022222
38,1972-11-18,1980-07-19,2,7,4,0.088889
38,1972-11-18,1980-07-19,2,8,7,0.155556
38,1972-11-18,1980-07-19,2,9,5,0.111111
38,1972-11-18,1980-07-19,3,1,6,0.136364
38,1972-11-18,1980-07-19,3,2,6,0.136364
38,1972-11-18,1980-07-19,3,3,4,0.090909
38,1972-11-18,1980-07-19,3,4,6,0.136364
38,1972-11-18,1980-07-19,3,5,6,0.136364
38,1972-11-18,1980-07-19,3,6,3,0.068182
38,1972-11-18,1980-07-19,3,7,6,0.136364
38,1972-11-18,1980-07-19,3,8,3,0.068182
38,1972-11-18,1980-07-19,3,9,4,0.090909
38,1972-11-18,1980-07-19,4,1,2,0.041667
38,1972-11-18,1980-07-19,4,2,4,0.083333
38,1972-11-18,1980-07-19,4,3,4,0.083333
38,1972-11-18,1980-07-19,4,4,4,0.083333
38,1972-11-18,1980-07-19,4,5,11,0.229167
38,1972-11-18,1980-07-19,4,6,6,0.125
38,1972-11-18,1980-07-19,4,7,6,0.125
38,1972-11-18,1980-07-19,4,8,8,0.166667
38,1972-11-18,1980-07-19,4,9,3,0.0625
38,1972-11-18,1980-07-19,5,1,4,0.117647
38,1972-11-18,1980-07-19,5,2,1,0.029412
38,1972-11-18,1980-07-19,5,3,7,0.205882
38,1972-11-18,1980-07-19,5,4,3,0.088235
38,1972-11-18,1980-07-19,5,5,4,0.117647
38,1972-11-18,1980-07-19,5,6,1,0.029412
38,1972-11-18,1980-07-19,5,7,4,0.117647
38,1972-11-18,1980-07-19,5,8,4,0.117647
38,1972-11-18,1980-07-19,5,9,6,0.176471
38,1972-11-18,1980-07-19,6,1,0,0.0
38,1972-11-18,1980-07-19,6,2,5,0.147059
38,1972-11-18,1980-07-19,6,3,4,0.117647
38,1972-11-18,1980-07-19,6,4,4,0.117647
38,1972-11-18,1980-07-19,6,5,1,0.029412
38,1972-11-18,1980-07-19,6,6,5,0.147059
38,1972-11-18,1980-07-19,6,7,5,0.147059
38,1972-11-18,1980-07-19,6,8,7,0.205882
38,1972-11-18,1980-07-19,6,9,3,0.088235
38,1972-11-18,1980-07-19,7,1,8,0.140351
38,1972-11-18,1980-07-19,7,2,7,0.122807
38,1972-11-18,1980-07-19,7,3,4,0.070175
38,1972-11-18,1980-07-19,7,4,9,0.157895
38,1972-11-18,1980-07-19,7,5,6,0.105263
38,1972-11-18,1980-07-19,7,6,3,0.052632
38,1972-11-18,1980-07-19,7,7,7,0.122807
38,1972-11-18,1980-07-19,7,8,7,0.122807
38,1972-11-18,1980-07-19,7,9,6,0.105263
38,1972-11-18,1980-07-19,8,1,7,0.145833
38,1972-11-18,1980-07-19,8,2,5,0.104167
38,1972-11-18,1980-07-19,8,3,6,0.125
38,1972-11-18,1980-07-19,8,4,8,0.166667
38,1972-11-18,1980-07-19,8,5,1,0.020833
38,1972-11-18,1980-07-19,8,6,2,0.041667
38,1972-11-18,1980-07-19,8,7,10,0.208333
38,1972-11-18,1980-07-19,8,8,5,0.104167
38,1972-11-18,1980-07-19,8,9,4,0.083333
38,1972-11-18,1980-07-19,9,1,9,0.214286
38,1972-11-18,1980-07-19,9,2,9,0.214286
38,1972-11-18,1980-07-19,9,3,3,0.071429
38,1972-11-18,1980-07-19,9,4,3,0.071429
38,1972-11-18,1980-07-19,9,5,2,0.047619
38,1972-11-18,1980-07-19,9,6,4,0.095238
38,1972-11-18,1980-07-19,9,7,6,0.142857
38,1972-11-18,1980-07-19,9,8,2,0.047619
38,1972-11-18,1980-07-19,9,9,4,0.095238
39,1974-10-19,1982-06-19,1,1,5,0.1
39,1974-10-19,1982-06-19,1,2,5,0.1
39,1974-10-19,1982-06-19,1,3,3,0.06
39,1974-10-19,1982-06-19,1,4,6,0.12
39,1974-10-19,1982-06-19,1,5,3,0.06
39,1974-10-19,1982-06-19,1,6,7,0.14
39,1974-10-19,1982-06-19,1,7,9,0.18
39,1974-10-19,1982-06-19,1,8,6,0.12
39,1974-10-19,1982-06-19,1,9,6,0.12
39,1974-10-19,1982-06-19,2,1,8,0.195122
39,1974-10-19,1982-06-19,2,2,5,0.121951
39,1974-10-19,1982-06-19,2,3,6,0.146341
39,1974-10-19,1982-06-19,2,4,4,0.097561
39,1974-10-19,1982-06-19,2,5,2,0.04878
39,1974-10-19,1982-06-19,2,6,3,0.073171
39,1974-10-19,1982-06-19,2,7,4,0.097561
39,1974-10-19,1982-06-19,2,8,5,0.121951
39,1974-10-19,1982-06-19,2,9,4,0.097561
39,1974-10-19,1982-06-19,3,1,7,0.155556
39,1974-10-19,1982-06-19,3,2,4,0.088889
39,1974-10-19,1982-06-19,3,3,6,0.133333
39,1974-10-19,1982-06-19,3,4,5,0.111111
39,1974-10-19,1982-06-19,3,5,8,0.177778
39,1974-10-19,1982-06-19,3,6,5,0.111111
39,1974-10-19,1982-06-19,3,7,2,0.044444
39,1974-10-19,1982-06-19,3,8,3,0.066667
39,1974-10-19,1982-06-19,3,9,5,0.111111
39,1974-10-19,1982-06-19,4,1,6,0.15
39,1974-10-19,1982-06-19,4,2,3,0.075
39,1974-10-19,1982-06-19,4,3,5,0.125
39,1974-10-19,1982-06-19,4,4,2,0.05
39,1974-10-19,1982-06-19,4,5,6,0.15
39,1974-10-19,1982-06-19,4,6,5,0.125
39,1974-10-19,1982-06-19,4,7,6,0.15
39,1974-10-19,1982-06-19,4,8,5,0.125
39,1974-10-19,1982-06-19,4,9,2,0.05
39,1974-10-19,1982-06-19,5,1,6,0.139535
39,1974-10-19,1982-06-19,5,2,2,0.046512
39,1974-10-19,1982-06-19,5,3,10,0.232558
39,1974-10-19,1982-06-19,5,4,3,0.069767
39,1974-10-19,1982-06-19,5,5,6,0.139535
39,1974-10-19,1982-06-19,5,6,1,0.023256
39,1974-10-19,1982-06-19,5,7,4,0.093023
39,1974-10-19,1982-06-19,5,8,4,0.093023
39,1974-10-19,1982-06-19,5,9,7,0.162791
39,1974-10-19,1982-06-19,6,1,0,0.0
39,1974-10-19,1982-06-19,6,2,5,0.131579
39,1974-10-19,1982-06-19,6,3,2,0.052632
39,1974-10-19,1982-06-19,6,4,6,0.157895
39,1974-10-19,1982-06-19,6,5,5,0.131579
39,1974-10-19,1982-06-19,6,6,4,0.105263
39,1974-10-19,1982-06-19,6,7,5,0.131579
39,1974-10-19,1982-06-19,6,8,7,0.184211
39,1974-10-19,1982-06-19,6,9,4,0.105263
39,1974-10-19,1982-06-19,7,1,7,0.137255
39,1974-10-19,1982-06-19,7,2,4,0.078431
39,1974-10-19,1982-06-19,7,3,3,0.058824
39,1974-10-19,1982-06-19,7,4,6,0.117647
39,1974-10-19,1982-06-19,7,5,7,0.137255
39,1974-10-19,1982-06-19,7,6,4,0.078431
39,1974-10-19,1982-06-19,7,7,7,0.137255
39,1974-10-19,1982-06-19,7,8,8,0.156863
39,1974-10-19,1982-06-19,7,9,5,0.098039
39,1974-10-19,1982-06-19,8,1,7,0.152174
39,1974-10-19,1982-06-19,8,2,4,0.086957
39,1974-10-19,1982-06-19,8,3,5,0.108696
39,1974-10-19,1982-06-19,8,4,8,0.173913
39,1974-10-19,1982-06-19,8,5,2,0.043478
39,1974-10-19,1982-06-19,8,6,2,0.043478
39,1974-10-19,1982-06-19,8,7,9,0.195652
39,1974-10-19,1982-06-19,8,8,5,0.108696
39,1974-10-19,1982-06-19,8,9,4,0.086957
39,1974-10-19,1982-06-19,9,1,4,0.086957
39,1974-10-19,1982-06-19,9,2,9,0.195652
39,1974-10-19,1982-06-19,9,3,4,0.086957
39,1974-10-19,1982-06-19,9,4,1,0.021739
39,1974-10-19,1982-06-19,9,5,4,0.086957
39,1974-10-19,1982-06-19,9,6,7,0.152174
39,1974-10-19,1982-06-19,9,7,5,0.108696
39,1974-10-19,1982-06-19,9,8,3,0.065217
39,1974-10-19,1982-06-19,9,9,9,0.195652
40,1976-09-18,1984-05-19,1,1,7,0.134615
40,1976-09-18,1984-05-19,1,2,5,0.096154
40,1976-09-18,1984-05-19,1,3,2,0.038462
40,1976-09-18,1984-05-19,1,4,6,0.115385
40,1976-09-18,1984-05-19,1,5,3,0.057692
40,1976-09-18,1984-05-19,1,6,5,0.096154
40,1976-09-18,1984-05-19,1,7,10,0.192308
40,1976-09-18,1984-05-19,1,8,9,0.173077
40,1976-09-18,1984-05-19,1,9,5,0.096154
40,1976-09-18,1984-05-19,2,1,6,0.15
40,1976-09-18,1984-05-19,2,2,4,0.1
40,1976-09-18,1984-05-19,2,3,7,0.175
40,1976-09-18,1984-05-19,2,4,4,0.1
40,1976-09-18,1984-05-19,2,5,1,0.025
40,1976-09-18,1984-05-19,2,6,3,0.075
40,1976-09-18,1984-05-19,2,7,5,0.125
40,1976-09-18,1984-05-19,2,8,5,0.125
40,1976-09-18,1984-05-19,2,9,5,0.125
40,1976-09-18,1984-05-19,3,1,6,0.113208
40,1976-09-18,1984-05-19,3,2,4,0.075472
40,1976-09-18,1984-05-19,3,3,8,0.150943
40,1976-09-18,1984-05-19,3,4,6,0.113208
40,1976-09-18,1984-05-19,3,5,6,0.113208
40,1976-09-18,1984-05-19,3,6,10,0.188679
40,1976-09-18,1984-05-19,3,7,5,0.09434
40,1976-09-18,1984-05-19,3,8,3,0.056604
40,1976-09-18,1984-05-19,3,9,5,0.09434
40,1976-09-18,1984-05-19,4,1,7,0.179487
40,1976-09-18,1984-05-19,4,2,5,0.128205
40,1976-09-18,1984-05-19,4,3,6,0.153846
40,1976-09-18,1984-05-19,4,4,2,0.051282
40,1976-09-18,1984-05-19,4,5,5,0.128205
40,1976-09-18,1984-05-19,4,6,6,0.153846
40,1976-09-18,1984-05-19,4,7,6,0.153846
40,1976-09-18,1984-05-19,4,8,0,0.0
40,1976-09-18,1984-05-19,4,9,2,0.051282
40,1976-09-18,1984-05-19,5,1,4,0.117647
40,1976-09-18,1984-05-19,5,2,2,0.058824
40,1976-09-18,1984-05-19,5,3,9,0.264706
40,1976-09-18,1984-05-19,5,4,2,0.058824
40,1976-09-18,1984-05-19,5,5,3,0.088235
40,1976-09-18,1984-05-19,5,6,2,0.058824
40,1976-09-18,1984-05-19,5,7,1,0.029412
40,1976-09-18,1984-05-19,5,8,3,0.088235
40,1976-09-18,1984-05-19,5,9,8,0.235294
40,1976-09-18,1984-05-19,6,1,1,0.02381
40,1976-09-18,1984-05-19,6,2,3,0.071429
40,1976-09-18,1984-05-19,6,3,5,0.119048
40,1976-09-18,1984-05-19,6,4,6,0.142857
40,1976-09-18,1984-05-19,6,5,5,0.119048
40,1976-09-18,1984-05-19,6,6,3,0.071429
40,1976-09-18,1984-05-19,6,7,7,0.166667
40,1976-09-18,1984-05-19,6,8,7,0.166667
40,1976-09-18,1984-05-19,6,9,5,0.119048
40,1976-09-18,1984-05-19,7,1,10,0.181818
40,1976-09-18,1984-05-19,7,2,5,0.090909
40,1976-09-18,1984-05-19,7,3,7,0.127273
40,1976-09-18,1984-05-19,7,4,5,0.090909
40,1976-09-18,1984-05-19,7,5,7,0.127273
40,1976-09-18,1984-05-19,7,6,5,0.090909
40,1976-09-18,1984-05-19,7,7,6,0.109091
40,1976-09-18,1984-05-19,7,8,6,0.109091
40,1976-09-18,1984-05-19,7,9,4,0.072727
40,1976-09-18,1984-05-19,8,1,6,0.15
40,1976-09-18,1984-05-19,8,2,4,0.1
40,1976-09-18,1984-05-19,8,3,5,0.125
40,1976-09-18,1984-05-19,8,4,5,0.125
40,1976-09-18,1984-05-19,8,5,3,0.075
40,1976-09-18,1984-05-19,8,6,2,0.05
40,1976-09-18,1984-05-19,8,7,9,0.225
40,1976-09-18,1984-05-19,8,8,4,0.1
40,1976-09-18,1984-05-19,8,9,2,0.05
40,1976-09-18,1984-05-19,9,1,4,0.088889
40,1976-09-18,1984-05-19,9,2,8,0.177778
40,1976-09-18,1984-05-19,9,3,4,0.088889
40,1976-09-18,1984-05-19,9,4,3,0.066667
40,1976-09-18,1984-05-19,9,5,2,0.044444
40,1976-09-18,1984-05-19,9,6,6,0.133333
40,1976-09-18,1984-05-19,9,7,6,0.133333
40,1976-09-18,1984-05-19,9,8,3,0.066667
40,1976-09-18,1984-05-19,9,9,9,0.2
41,1978-08-19,1986-04-19,1,1,5,0.096154
41,1978-08-19,1986-04-19,1,2,5,0.096154
41,1978-08-19,1986-04-19,1,3,4,0.076923
41,1978-08-19,1986-04-19,1,4,8,0.153846
41,1978-08-19,1986-04-19,1,5,4,0.076923
41,1978-08-19,1986-04-19,1,6,5,0.096154
41,1978-08-19,1986-04-19,1,7,9,0.173077
41,1978-08-19,1986-04-19,1,8,7,0.134615
41,1978-08-19,1986-04-19,1,9,5,0.096154
41,1978-08-19,1986-04-19,2,1,6,0.153846
41,1978-08-19,1986-04-19,2,2,3,0.076923
41,1978-08-19,1986-04-19,2,3,5,0.128205
41,1978-08-19,1986-04-19,2,4,3,0.076923
41,1978-08-19,1986-04-19,2,5,2,0.051282
41,1978-08-19,1986-04-19,2,6,4,0.102564
41,1978-08-19,1986-04-19,2,7,4,0.102564
41,1978-08-19,1986-04-19,2,8,5,0.128205
41,1978-08-19,1986-04-19,2,9,7,0.179487
41,1978-08-19,1986-04-19,3,1,8,0.156863
41,1978-08-19,1986-04-19,3,2,4,0.078431
41,1978-08-19,1986-04-19,3,3,7,0.137255
41,1978-08-19,1986-04-19,3,4,4,0.078431
41,1978-08-19,1986-04-19,3,5,4,0.078431
41,1978-08-19,1986-04-19,3,6,10,0.196078
41,1978-08-19,1986-04-19,3,7,7,0.137255
41,1978-08-19,1986-04-19,3,8,2,0.039216
41,1978-08-19,1986-04-19,3,9,5,0.098039
41,1978-08-19,1986-04-19,4,1,6,0.15
41,1978-08-19,1986-04-19,4,2,4,0.1
41,1978-08-19,1986-04-19,4,3,7,0.175
41,1978-08-19,1986-04-19,4,4,3,0.075
41,1978-08-19,1986-04-19,4,5,5,0.125
41,1978-08-19,1986-04-19,4,6,7,0.175
41,1978-08-19,1986-04-19,4,7,4,0.1
41,1978-08-19,1986-04-19,4,8,2,0.05
41,1978-08-19,1986-04-19,4,9,2,0.05
41,1978-08-19,1986-04-19,5,1,3,0.083333
41,1978-08-19,1986-04-19,5,2,3,0.083333
41,1978-08-19,1986-04-19,5,3,9,0.25
41,1978-08-19,1986-04-19,5,4,2,0.055556
41,1978-08-19,1986-04-19,5,5,3,0.083333
41,1978-08-19,1986-04-19,5,6,2,0.055556
41,1978-08-19,1986-04-19,5,7,2,0.055556
41,1978-08-19,1986-04-19,5,8,5,0.138889
41,1978-08-19,1986-04-19,5,9,7,0.194444
41,1978-08-19,1986-04-19,6,1,4,0.090909
41,1978-08-19,1986-04-19,6,2,3,0.068182
41,1978-08-19,1986-04-19,6,3,5,0.113636
41,1978-08-19,1986-04-19,6,4,5,0.113636
41,1978-08-19,1986-04-19,6,5,6,0.136364
41,1978-08-19,1986-04-19,6,6,4,0.090909
41,1978-08-19,1986-04-19,6,7,6,0.136364
41,1978-08-19,1986-04-19,6,8,7,0.159091
41,1978-08-19,1986-04-19,6,9,4,0.090909
41,1978-08-19,1986-04-19,7,1,12,0.244898
41,1978-08-19,1986-04-19,7,2,2,0.040816
41,1978-08-19,1986-04-19,7,3,7,0.142857
41,1978-08-19,1986-04-19,7,4,5,0.102041
41,1978-08-19,1986-04-19,7,5,4,0.081633
41,1978-08-19,1986-04-19,7,6,5,0.102041
41,1978-08-19,1986-04-19,7,7,4,0.081633
41,1978-08-19,1986-04-19,7,8,3,0.061224
41,1978-08-19,1986-04-19,7,9,7,0.142857
41,1978-08-19,1986-04-19,8,1,4,0.1
41,1978-08-19,1986-04-19,8,2,7,0.175
41,1978-08-19,1986-04-19,8,3,4,0.1
41,1978-08-19,1986-04-19,8,4,5,0.125
41,1978-08-19,1986-04-19,8,5,4,0.1
41,1978-08-19,1986-04-19,8,6,1,0.025
41,1978-08-19,1986-04-19,8,7,7,0.175
41,1978-08-19,1986-04-19,8,8,5,0.125
41,1978-08-19,1986-04-19,8,9,3,0.075
41,1978-08-19,1986-04-19,9,1,4,0.081633
41,1978-08-19,1986-04-19,9,2,7,0.142857
41,1978-08-19,1986-04-19,9,3,3,0.061224
41,1978-08-19,1986-04-19,9,4,5,0.102041
41,1978-08-19,1986-04-19,9,5,4,0.081633
41,1978-08-19,1986-04-19,9,6,7,0.142857
41,1978-08-19,1986-04-19,9,7,6,0.122449
41,1978-08-19,1986-04-19,9,8,4,0.081633
41,1978-08-19,1986-04-19,9,9,9,0.183673
42,1980-07-19,1988-03-19,1,1,6,0.113208
42,1980-07-19,1988-03-19,1,2,4,0.075472
42,1980-07-19,1988-03-19,1,3,3,0.056604
42,1980-07-19,1988-03-19,1,4,10,0.188679
42,1980-07-19,1988-03-19,1,5,5,0.09434
42,1980-07-19,1988-03-19,1,6,5,0.09434
42,1980-07-19,1988-03-19,1,7,7,0.132075
42,1980-07-19,1988-03-19,1,8,9,0.169811
42,1980-07-19,1988-03-19,1,9,4,0.075472
42,1980-07-19,1988-03-19,2,1,5,0.138889
42,1980-07-19,1988-03-19,2,2,2,0.055556
42,1980-07-19,1988-03-19,2,3,4,0.111111
42,1980-07-19,1988-03-19,2,4,3,0.083333
42,1980-07-19,1988-03-19,2,5,4,0.111111
42,1980-07-19,1988-03-19,2,6,4,0.111111
42,1980-07-19,1988-03-19,2,7,4,0.111111
42,1980-07-19,1988-03-19,2,8,5,0.138889
42,1980-07-19,1988-03-19,2,9,5,0.138889
42,1980-07-19,1988-03-19,3,1,7,0.142857
42,1980-07-19,1988-03-19,3,2,3,0.061224
42,1980-07-19,1988-03-19,3,3,7,0.142857
42,1980-07-19,1988-03-19,3,4,4,0.081633
42,1980-07-19,1988-03-19,3,5,4,0.081633
42,1980-07-19,1988-03-19,3,6,10,0.204082
42,1980-07-19,1988-03-19,3,7,7,0.142857
42,1980-07-19,1988-03-19,3,8,3,0.061224
42,1980-07-19,1988-03-19,3,9,4,0.081633
42,1980-07-19,1988-03-19,4,1,7,0.162791
42,1980-07-19,1988-03-19,4,2,6,0.139535
42,1980-07-19,1988-03-19,4,3,6,0.139535
42,1980-07-19,1988-03-19,4,4,3,0.069767
42,1980-07-19,1988-03-19,4,5,4,0.093023
42,1980-07-19,1988-03-19,4,6,8,0.186047
42,1980-07-19,1988-03-19,4,7,3,0.069767
42,1980-07-19,1988-03-19,4,8,3,0.069767
42,1980-07-19,1988-03-19,4,9,3,0.069767
42,1980-07-19,1988-03-19,5,1,3,0.073171
42,1980-07-19,1988-03-19,5,2,5,0.121951
42,1980-07-19,1988-03-19,5,3,10,0.243902
42,1980-07-19,1988-03-19,5,4,3,0.073171
42,1980-07-19,1988-03-19,5,5,4,0.097561
42,1980-07-19,1988-03-19,5,6,2,0.04878
42,1980-07-19,1988-03-19,5,7,4,0.097561
42,1980-07-19,1988-03-19,5,8,4,0.097561
42,1980-07-19,1988-03-19,5,9,6,0.146341
42,1980-07-19,1988-03-19,6,1,6,0.12766
42,1980-07-19,1988-03-19,6,2,2,0.042553
42,1980-07-19,1988-03-19,6,3,5,0.106383
42,1980-07-19,1988-03-19,6,4,6,0.12766
42,1980-07-19,1988-03-19,6,5,6,0.12766
42,1980-07-19,1988-03-19,6,6,4,0.085106
42,1980-07-19,1988-03-19,6,7,6,0.12766
42,1980-07-19,1988-03-19,6,8,8,0.170213
42,1980-07-19,1988-03-19,6,9,4,0.085106
42,1980-07-19,1988-03-19,7,1,9,0.204545
42,1980-07-19,1988-03-19,7,2,2,0.045455
42,1980-07-19,1988-03-19,7,3,8,0.181818
42,1980-07-19,1988-03-19,7,4,5,0.113636
42,1980-07-19,1988-03-19,7,5,2,0.045455
42,1980-07-19,1988-03-19,7,6,7,0.159091
42,1980-07-19,1988-03-19,7,7,4,0.090909
42,1980-07-19,1988-03-19,7,8,2,0.045455
42,1980-07-19,1988-03-19,7,9,5,0.113636
42,1980-07-19,1988-03-19,8,1,7,0.155556
42,1980-07-19,1988-03-19,8,2,7,0.155556
42,1980-07-19,1988-03-19,8,3,3,0.066667
42,1980-07-19,1988-03-19,8,4,4,0.088889
42,1980-07-19,1988-03-19,8,5,7,0.155556
42,1980-07-19,1988-03-19,8,6,1,0.022222
42,1980-07-19,1988-03-19,8,7,5,0.111111
42,1980-07-19,1988-03-19,8,8,6,0.133333
42,1980-07-19,1988-03-19,8,9,5,0.111111
42,1980-07-19,1988-03-19,9,1,3,0.071429
42,1980-07-19,1988-03-19,9,2,4,0.095238
42,1980-07-19,1988-03-19,9,3,3,0.071429
42,1980-07-19,1988-03-19,9,4,5,0.119048
42,1980-07-19,1988-03-19,9,5,5,0.119048
42,1980-07-19,1988-03-19,9,6,7,0.166667
42,1980-07-19,1988-03-19,9,7,4,0.095238
42,1980-07-19,1988-03-19,9,8,5,0.119048
42,1980-07-19,1988-03-19,9,9,6,0.142857
43,1982-06-19,1990-02-17,1,1,5,0.098039
43,1982-06-19,1990-02-17,1,2,4,0.078431
43,1982-06-19,1990-02-17,1,3,4,0.078431
43,1982-06-19,1990-02-17,1,4,10,0.196078
43,1982-06-19,1990-02-17,1,5,4,0.078431
43,1982-06-19,1990-02-17,1,6,6,0.117647
43,1982-06-19,1990-02-17,1,7,7,0.137255
43,1982-06-19,1990-02-17,1,8,8,0.156863
43,1982-06-19,1990-02-17,1,9,3,0.058824
43,1982-06-19,1990-02-17,2,1,4,0.105263
43,1982-06-19,1990-02-17,2,2,3,0.078947
43,1982-06-19,1990-02-17,2,3,4,0.105263
43,1982-06-19,1990-02-17,2,4,4,0.105263
43,1982-06-19,1990-02-17,2,5,4,0.105263
43,1982-06-19,1990-02-17,2,6,4,0.105263
43,1982-06-19,1990-02-17,2,7,4,0.105263
43,1982-06-19,1990-02-17,2,8,8,0.210526
43,1982-06-19,1990-02-17,2,9,3,0.078947
43,1982-06-19,1990-02-17,3,1,8,0.166667
43,1982-06-19,1990-02-17,3,2,5,0.104167
43,1982-06-19,1990-02-17,3,3,5,0.104167
43,1982-06-19,1990-02-17,3,4,3,0.0625
43,1982-06-19,1990-02-17,3,5,4,0.083333
43,1982-06-19,1990-02-17,3,6,7,0.145833
43,1982-06-19,1990-02-17,3,7,7,0.145833
43,1982-06-19,1990-02-17,3,8,6,0.125
43,1982-06-19,1990-02-17,3,9,3,0.0625
43,1982-06-19,1990-02-17,4,1,3,0.061224
43,1982-06-19,1990-02-17,4,2,8,0.163265
43,1982-06-19,1990-02-17,4,3,7,0.142857
43,1982-06-19,1990-02-17,4,4,5,0.102041
43,1982-06-19,1990-02-17,4,5,7,0.142857
43,1982-06-19,1990-02-17,4,6,10,0.204082
43,1982-06-19,1990-02-17,4,7,4,0.081633
43,1982-06-19,1990-02-17,4,8,3,0.061224
43,1982-06-19,1990-02-17,4,9,2,0.040816
43,1982-06-19,1990-02-17,5,1,2,0.055556
43,1982-06-19,1990-02-17,5,2,5,0.138889
43,1982-06-19,1990-02-17,5,3,9,0.25
43,1982-06-19,1990-02-17,5,4,3,0.083333
43,1982-06-19,1990-02-17,5,5,3,0.083333
43,1982-06-19,1990-02-17,5,6,1,0.027778
43,1982-06-19,1990-02-17,5,7,3,0.083333
43,1982-06-19,1990-02-17,5,8,4,0.111111
43,1982-06-19,1990-02-17,5,9,6,0.166667
43,1982-06-19,1990-02-17,6,1,8,0.173913
43,1982-06-19,1990-02-17,6,2,2,0.043478
43,1982-06-19,1990-02-17,6,3,5,0.108696
43,1982-06-19,1990-02-17,6,4,5,0.108696
43,1982-06-19,1990-02-17,6,5,3,0.065217
43,1982-06-19,1990-02-17,6,6,5,0.108696
43,1982-06-19,1990-02-17,6,7,6,0.130435
43,1982-06-19,1990-02-17,6,8,8,0.173913
43,1982-06-19,1990-02-17,6,9,4,0.086957
43,1982-06-19,1990-02-17,7,1,8,0.181818
43,1982-06-19,1990-02-17,7,2,3,0.068182
43,1982-06-19,1990-02-17,7,3,6,0.136364
43,1982-06-19,1990-02-17,7,4,6,0.136364
43,1982-06-19,1990-02-17,7,5,1,0.022727
43,1982-06-19,1990-02-17,7,6,6,0.136364
43,1982-06-19,1990-02-17,7,7,5,0.113636
43,1982-06-19,1990-02-17,7,8,4,0.090909
43,1982-06-19,1990-02-17,7,9,5,0.113636
43,1982-06-19,1990-02-17,8,1,10,0.185185
43,1982-06-19,1990-02-17,8,2,7,0.12963
43,1982-06-19,1990-02-17,8,3,5,0.092593
43,1982-06-19,1990-02-17,8,4,6,0.111111
43,1982-06-19,1990-02-17,8,5,8,0.148148
43,1982-06-19,1990-02-17,8,6,2,0.037037
43,1982-06-19,1990-02-17,8,7,4,0.074074
43,1982-06-19,1990-02-17,8,8,6,0.111111
43,1982-06-19,1990-02-17,8,9,6,0.111111
43,1982-06-19,1990-02-17,9,1,3,0.088235
43,1982-06-19,1990-02-17,9,2,1,0.029412
43,1982-06-19,1990-02-17,9,3,3,0.088235
43,1982-06-19,1990-02-17,9,4,6,0.176471
43,1982-06-19,1990-02-17,9,5,3,0.088235
43,1982-06-19,1990-02-17,9,6,5,0.147059
43,1982-06-19,1990-02-17,9,7,4,0.117647
43,1982-06-19,1990-02-17,9,8,7,0.205882
43,1982-06-19,1990-02-17,9,9,2,0.058824
44,1984-05-19,1992-01-18,1,1,2,0.044444
44,1984-05-19,1992-01-18,1,2,4,0.088889
44,1984-05-19,1992-01-18,1,3,4,0.088889
44,1984-05-19,1992-01-18,1,4,7,0.155556
44,1984-05-19,1992-01-18,1,5,5,0.111111
44,1984-05-19,1992-01-18,1,6,6,0.133333
44,1984-05-19,1992-01-18,1,7,7,0.155556
44,1984-05-19,1992-01-18,1,8,6,0.133333
44,1984-05-19,1992-01-18,1,9,4,0.088889
44,1984-05-19,1992-01-18,2,1,4,0.097561
44,1984-05-19,1992-01-18,2,2,4,0.097561
44,1984-05-19,1992-01-18,2,3,5,0.121951
44,1984-05-19,1992-01-18,2,4,3,0.073171
44,1984-05-19,1992-01-18,2,5,8,0.195122
44,1984-05-19,1992-01-18,2,6,4,0.097561
44,1984-05-19,1992-01-18,2,7,3,0.073171
44,1984-05-19,1992-01-18,2,8,7,0.170732
44,1984-05-19,1992-01-18,2,9,3,0.073171
44,1984-05-19,1992-01-18,3,1,8,0.170213
44,1984-05-19,1992-01-18,3,2,6,0.12766
44,1984-05-19,1992-01-18,3,3,4,0.085106
44,1984-05-19,1992-01-18,3,4,2,0.042553
44,1984-05-19,1992-01-18,3,5,5,0.106383
44,1984-05-19,1992-01-18,3,6,2,0.042553
44,1984-05-19,1992-01-18,3,7,6,0.12766
44,1984-05-19,1992-01-18,3,8,10,0.212766
44,1984-05-19,1992-01-18,3,9,4,0.085106
44,1984-05-19,1992-01-18,4,1,3,0.071429
44,1984-05-19,1992-01-18,4,2,5,0.119048
44,1984-05-19,1992-01-18,4,3,8,0.190476
44,1984-05-19,1992-01-18,4,4,4,0.095238
44,1984-05-19,1992-01-18,4,5,4,0.095238
44,1984-05-19,1992-01-18,4,6,9,0.214286
44,1984-05-19,1992-01-18,4,7,5,0.119048
44,1984-05-19,1992-01-18,4,8,3,0.071429
44,1984-05-19,1992-01-18,4,9,1,0.02381
44,1984-05-19,1992-01-18,5,1,3,0.065217
44,1984-05-19,1992-01-18,5,2,7,0.152174
44,1984-05-19,1992-01-18,5,3,11,0.23913
44,1984-05-19,1992-01-18,5,4,3,0.065217
44,1984-05-19,1992-01-18,5,5,4,0.086957
44,1984-05-19,1992-01-18,5,6,3,0.065217
44,1984-05-19,1992-01-18,5,7,3,0.065217
44,1984-05-19,1992-01-18,5,8,7,0.152174
44,1984-05-19,1992-01-18,5,9,5,0.108696
44,1984-05-19,1992-01-18,6,1,9,0.209302
44,1984-05-19,1992-01-18,6,2,3,0.069767
44,1984-05-19,1992-01-18,6,3,2,0.046512
44,1984-05-19,1992-01-18,6,4,5,0.116279
44,1984-05-19,1992-01-18,6,5,3,0.069767
44,1984-05-19,1992-01-18,6,6,4,0.093023
44,1984-05-19,1992-01-18,6,7,4,0.093023
44,1984-05-19,1992-01-18,6,8,8,0.186047
44,1984-05-19,1992-01-18,6,9,5,0.116279
44,1984-05-19,1992-01-18,7,1,6,0.146341
44,1984-05-19,1992-01-18,7,2,1,0.02439
44,1984-05-19,1992-01-18,7,3,4,0.097561
44,1984-05-19,1992-01-18,7,4,8,0.195122
44,1984-05-19,1992-01-18,7,5,2,0.04878
44,1984-05-19,1992-01-18,7,6,5,0.121951
44,1984-05-19,1992-01-18,7,7,5,0.121951
44,1984-05-19,1992-01-18,7,8,5,0.121951
44,1984-05-19,1992-01-18,7,9,5,0.121951
44,1984-05-19,1992-01-18,8,1,9,0.15
44,1984-05-19,1992-01-18,8,2,7,0.116667
44,1984-05-19,1992-01-18,8,3,5,0.083333
44,1984-05-19,1992-01-18,8,4,6,0.1
44,1984-05-19,1992-01-18,8,5,11,0.183333
44,1984-05-19,1992-01-18,8,6,5,0.083333
44,1984-05-19,1992-01-18,8,7,5,0.083333
44,1984-05-19,1992-01-18,8,8,6,0.1
44,1984-05-19,1992-01-18,8,9,6,0.1
44,1984-05-19,1992-01-18,9,1,1,0.028571
44,1984-05-19,1992-01-18,9,2,4,0.114286
44,1984-05-19,1992-01-18,9,3,5,0.142857
44,1984-05-19,1992-01-18,9,4,4,0.114286
44,1984-05-19,1992-01-18,9,5,3,0.085714
44,1984-05-19,1992-01-18,9,6,5,0.142857
44,1984-05-19,1992-01-18,9,7,3,0.085714
44,1984-05-19,1992-01-18,9,8,8,0.228571
44,1984-05-19,1992-01-18,9,9,2,0.057143
45,1986-04-19,1993-12-18,1,1,2,0.045455
45,1986-04-19,1993-12-18,1,2,7,0.159091
45,1986-04-19,1993-12-18,1,3,3,0.068182
45,1986-04-19,1993-12-18,1,4,5,0.113636
45,1986-04-19,1993-12-18,1,5,5,0.113636
45,1986-04-19,1993-12-18,1,6,6,0.136364
45,1986-04-19,1993-12-18,1,7,8,0.181818
45,1986-04-19,1993-12-18,1,8,5,0.113636
45,1986-04-19,1993-12-18,1,9,3,0.068182
45,1986-04-19,1993-12-18,2,1,3,0.073171
45,1986-04-19,1993-12-18,2,2,5,0.121951
45,1986-04-19,1993-12-18,2,3,5,0.121951
45,1986-04-19,1993-12-18,2,4,3,0.073171
45,1986-04-19,1993-12-18,2,5,7,0.170732
45,1986-04-19,1993-12-18,2,6,6,0.146341
45,1986-04-19,1993-12-18,2,7,3,0.073171
45,1986-04-19,1993-12-18,2,8,8,0.195122
45,1986-04-19,1993-12-18,2,9,1,0.02439
45,1986-04-19,1993-12-18,3,1,5,0.108696
45,1986-04-19,1993-12-18,3,2,5,0.108696
45,1986-04-19,1993-12-18,3,3,3,0.065217
45,1986-04-19,1993-12-18,3,4,6,0.130435
45,1986-04-19,1993-12-18,3,5,6,0.130435
45,1986-04-19,1993-12-18,3,6,3,0.065217
45,1986-04-19,1993-12-18,3,7,4,0.086957
45,1986-04-19,1993-12-18,3,8,9,0.195652
45,1986-04-19,1993-12-18,3,9,5,0.108696
45,1986-04-19,1993-12-18,4,1,4,0.088889
45,1986-04-19,1993-12-18,4,2,5,0.111111
45,1986-04-19,1993-12-18,4,3,6,0.133333
45,1986-04-19,1993-12-18,4,4,6,0.133333
45,1986-04-19,1993-12-18,4,5,5,0.111111
45,1986-04-19,1993-12-18,4,6,9,0.2
45,1986-04-19,1993-12-18,4,7,6,0.133333
45,1986-04-19,1993-12-18,4,8,3,0.066667
45,1986-04-19,1993-12-18,4,9,1,0.022222
45,1986-04-19,1993-12-18,5,1,3,0.065217
45,1986-04-19,1993-12-18,5,2,7,0.152174
45,1986-04-19,1993-12-18,5,3,9,0.195652
45,1986-04-19,1993-12-18,5,4,5,0.108696
45,1986-04-19,1993-12-18,5,5,4,0.086957
45,1986-04-19,1993-12-18,5,6,3,0.065217
45,1986-04-19,1993-12-18,5,7,3,0.065217
45,1986-04-19,1993-12-18,5,8,5,0.108696
45,1986-04-19,1993-12-18,5,9,7,0.152174
45,1986-04-19,1993-12-18,6,1,10,0.217391
45,1986-04-19,1993-12-18,6,2,4,0.086957
45,1986-04-19,1993-12-18,6,3,3,0.065217
45,1986-04-19,1993-12-18,6,4,4,0.086957
45,1986-04-19,1993-12-18,6,5,3,0.065217
45,1986-04-19,1993-12-18,6,6,5,0.108696
45,1986-04-19,1993-12-18,6,7,4,0.086957
45,1986-04-19,1993-12-18,6,8,7,0.152174
45,1986-04-19,1993-12-18,6,9,6,0.130435
45,1986-04-19,1993-12-18,7,1,5,0.125
45,1986-04-19,1993-12-18,7,2,1,0.025
45,1986-04-19,1993-12-18,7,3,5,0.125
45,1986-04-19,1993-12-18,7,4,8,0.2
45,1986-04-19,1993-12-18,7,5,3,0.075
45,1986-04-19,1993-12-18,7,6,3,0.075
45,1986-04-19,1993-12-18,7,7,6,0.15
45,1986-04-19,1993-12-18,7,8,7,0.175
45,1986-04-19,1993-12-18,7,9,2,0.05
45,1986-04-19,1993-12-18,8,1,9,0.155172
45,1986-04-19,1993-12-18,8,2,3,0.051724
45,1986-04-19,1993-12-18,8,3,7,0.12069
45,1986-04-19,1993-12-18,8,4,6,0.103448
45,1986-04-19,1993-12-18,8,5,10,0.172414
45,1986-04-19,1993-12-18,8,6,6,0.103448
45,1986-04-19,1993-12-18,8,7,5,0.086207
45,1986-04-19,1993-12-18,8,8,7,0.12069
45,1986-04-19,1993-12-18,8,9,5,0.086207
45,1986-04-19,1993-12-18,9,1,3,0.088235
45,1986-04-19,1993-12-18,9,2,4,0.117647
45,1986-04-19,1993-12-18,9,3,5,0.147059
45,1986-04-19,1993-12-18,9,4,2,0.058824
45,1986-04-19,1993-12-18,9,5,3,0.088235
45,1986-04-19,1993-12-18,9,6,4,0.117647
45,1986-04-19,1993-12-18,9,7,2,0.058824
45,1986-04-19,1993-12-18,9,8,7,0.205882
45,1986-04-19,1993-12-18,9,9,4,0.117647
46,1988-03-19,1995-11-18,1,1,3,0.06383
46,1988-03-19,1995-11-18,1,2,6,0.12766
46,1988-03-19,1995-11-18,1,3,3,0.06383
46,1988-03-19,1995-11-18,1,4,5,0.106383
46,1988-03-19,1995-11-18,1,5,5,0.106383
46,1988-03-19,1995-11-18,1,6,4,0.085106
46,1988-03-19,1995-11-18,1,7,9,0.191489
46,1988-03-19,1995-11-18,1,8,6,0.12766
46,1988-03-19,1995-11-18,1,9,6,0.12766
46,1988-03-19,1995-11-18,2,1,2,0.054054
46,1988-03-19,1995-11-18,2,2,5,0.135135
46,1988-03-19,1995-11-18,2,3,4,0.108108
46,1988-03-19,1995-11-18,2,4,3,0.081081
46,1988-03-19,1995-11-18,2,5,5,0.135135
46,1988-03-19,1995-11-18,2,6,6,0.162162
46,1988-03-19,1995-11-18,2,7,2,0.054054
46,1988-03-19,1995-11-18,2,8,9,0.243243
46,1988-03-19,1995-11-18,2,9,1,0.027027
46,1988-03-19,1995-11-18,3,1,7,0.162791
46,1988-03-19,1995-11-18,3,2,5,0.116279
46,1988-03-19,1995-11-18,3,3,1,0.023256
46,1988-03-19,1995-11-18,3,4,5,0.116279
46,1988-03-19,1995-11-18,3,5,5,0.116279
46,1988-03-19,1995-11-18,3,6,3,0.069767
46,1988-03-19,1995-11-18,3,7,3,0.069767
46,1988-03-19,1995-11-18,3,8,8,0.186047
46,1988-03-19,1995-11-18,3,9,6,0.139535
46,1988-03-19,1995-11-18,4,1,4,0.095238
46,1988-03-19,1995-11-18,4,2,3,0.071429
46,1988-03-19,1995-11-18,4,3,5,0.119048
46,1988-03-19,1995-11-18,4,4,5,0.119048
46,1988-03-19,1995-11-18,4,5,6,0.142857
46,1988-03-19,1995-11-18,4,6,7,0.166667
46,1988-03-19,1995-11-18,4,7,7,0.166667
46,1988-03-19,1995-11-18,4,8,5,0.119048
46,1988-03-19,1995-11-18,4,9,0,0.0
46,1988-03-19,1995-11-18,5,1,4,0.085106
46,1988-03-19,1995-11-18,5,2,5,0.106383
46,1988-03-19,1995-11-18,5,3,7,0.148936
46,1988-03-19,1995-11-18,5,4,5,0.106383
46,1988-03-19,1995-11-18,5,5,6,0.12766
46,1988-03-19,1995-11-18,5,6,4,0.085106
46,1988-03-19,1995-11-18,5,7,6,0.12766
46,1988-03-19,1995-11-18,5,8,5,0.106383
46,1988-03-19,1995-11-18,5,9,5,0.106383
46,1988-03-19,1995-11-18,6,1,10,0.243902
46,1988-03-19,1995-11-18,6,2,3,0.073171
46,1988-03-19,1995-11-18,6,3,4,0.097561
46,1988-03-19,1995-11-18,6,4,4,0.097561
46,1988-03-19,1995-11-18,6,5,3,0.073171
46,1988-03-19,1995-11-18,6,6,4,0.097561
46,1988-03-19,1995-11-18,6,7,2,0.04878
46,1988-03-19,1995-11-18,6,8,6,0.146341
46,1988-03-19,1995-11-18,6,9,5,0.121951
46,1988-03-19,1995-11-18,7,1,6,0.133333
46,1988-03-19,1995-11-18,7,2,1,0.022222
46,1988-03-19,1995-11-18,7,3,6,0.133333
46,1988-03-19,1995-11-18,7,4,7,0.155556
46,1988-03-19,1995-11-18,7,5,4,0.088889
46,1988-03-19,1995-11-18,7,6,3,0.066667
46,1988-03-19,1995-11-18,7,7,5,0.111111
46,1988-03-19,1995-11-18,7,8,8,0.177778
46,1988-03-19,1995-11-18,7,9,5,0.111111
46,1988-03-19,1995-11-18,8,1,6,0.101695
46,1988-03-19,1995-11-18,8,2,5,0.084746
46,1988-03-19,1995-11-18,8,3,7,0.118644
46,1988-03-19,1995-11-18,8,4,5,0.084746
46,1988-03-19,1995-11-18,8,5,9,0.152542
46,1988-03-19,1995-11-18,8,6,6,0.101695
46,1988-03-19,1995-11-18,8,7,8,0.135593
46,1988-03-19,1995-11-18,8,8,6,0.101695
46,1988-03-19,1995-11-18,8,9,7,0.118644
46,1988-03-19,1995-11-18,9,1,5,0.128205
46,1988-03-19,1995-11-18,9,2,4,0.102564
46,1988-03-19,1995-11-18,9,3,6,0.153846
46,1988-03-19,1995-11-18,9,4,3,0.076923
46,1988-03-19,1995-11-18,9,5,4,0.102564
46,1988-03-19,1995-11-18,9,6,3,0.076923
46,1988-03-19,1995-11-18,9,7,3,0.076923
46,1988-03-19,1995-11-18,9,8,7,0.179487
46,1988-03-19,1995-11-18,9,9,4,0.102564
47,1990-02-17,1997-06-28,1,1,2,0.044444
47,1990-02-17,1997-06-28,1,2,5,0.111111
47,1990-02-17,1997-06-28,1,3,2,0.044444
47,1990-02-17,1997-06-28,1,4,7,0.155556
47,1990-02-17,1997-06-28,1,5,4,0.088889
47,1990-02-17,1997-06-28,1,6,2,0.044444
47,1990-02-17,1997-06-28,1,7,9,0.2
47,1990-02-17,1997-06-28,1,8,7,0.155556
47,1990-02-17,1997-06-28,1,9,7,0.155556
47,1990-02-17,1997-06-28,2,1,3,0.090909
47,1990-02-17,1997-06-28,2,2,4,0.121212
47,1990-02-17,1997-06-28,2,3,5,0.151515
47,1990-02-17,1997-06-28,2,4,1,0.030303
47,1990-02-17,1997-06-28,2,5,4,0.121212
47,1990-02-17,1997-06-28,2,6,5,0.151515
47,1990-02-17,1997-06-28,2,7,3,0.090909
47,1990-02-17,1997-06-28,2,8,7,0.212121
47,1990-02-17,1997-06-28,2,9,1,0.030303
47,1990-02-17,1997-06-28,3,1,5,0.121951
47,1990-02-17,1997-06-28,3,2,5,0.121951
47,1990-02-17,1997-06-28,3,3,1,0.02439
47,1990-02-17,1997-06-28,3,4,6,0.146341
47,1990-02-17,1997-06-28,3,5,5,0.121951
47,1990-02-17,1997-06-28,3,6,4,0.097561
47,1990-02-17,1997-06-28,3,7,4,0.097561
47,1990-02-17,1997-06-28,3,8,6,0.146341
47,1990-02-17,1997-06-28,3,9,5,0.121951
47,1990-02-17,1997-06-28,4,1,5,0.121951
47,1990-02-17,1997-06-28,4,2,1,0.02439
47,1990-02-17,1997-06-28,4,3,5,0.121951
47,1990-02-17,1997-06-28,4,4,5,0.121951
47,1990-02-17,1997-06-28,4,5,5,0.121951
47,1990-02-17,1997-06-28,4,6,5,0.121951
47,1990-02-17,1997-06-28,4,7,6,0.146341
47,1990-02-17,1997-06-28,4,8,8,0.195122
47,1990-02-17,1997-06-28,4,9,1,0.02439
47,1990-02-17,1997-06-28,5,1,4,0.086957
47,1990-02-17,1997-06-28,5,2,4,0.086957
47,1990-02-17,1997-06-28,5,3,5,0.108696
47,1990-02-17,1997-06-28,5,4,4,0.086957
47,1990-02-17,1997-06-28,5,5,7,0.152174
47,1990-02-17,1997-06-28,5,6,6,0.130435
47,1990-02-17,1997-06-28,5,7,8,0.173913
47,1990-02-17,1997-06-28,5,8,5,0.108696
47,1990-02-17,1997-06-28,5,9,3,0.065217
47,1990-02-17,1997-06-28,6,1,8,0.177778
47,1990-02-17,1997-06-28,6,2,3,0.066667
47,1990-02-17,1997-06-28,6,3,6,0.133333
47,1990-02-17,1997-06-28,6,4,4,0.088889
47,1990-02-17,1997-06-28,6,5,2,0.044444
47,1990-02-17,1997-06-28,6,6,6,0.133333
47,1990-02-17,1997-06-28,6,7,4,0.088889
47,1990-02-17,1997-06-28,6,8,8,0.177778
47,1990-02-17,1997-06-28,6,9,4,0.088889
47,1990-02-17,1997-06-28,7,1,8,0.16
47,1990-02-17,1997-06-28,7,2,1,0.02
47,1990-02-17,1997-06-28,7,3,7,0.14
47,1990-02-17,1997-06-28,7,4,6,0.12
47,1990-02-17,1997-06-28,7,5,5,0.1
47,1990-02-17,1997-06-28,7,6,6,0.12
47,1990-02-17,1997-06-28,7,7,4,0.08
47,1990-02-17,1997-06-28,7,8,5,0.1
47,1990-02-17,1997-06-28,7,9,8,0.16
47,1990-02-17,1997-06-28,8,1,4,0.066667
47,1990-02-17,1997-06-28,8,2,5,0.083333
47,1990-02-17,1997-06-28,8,3,6,0.1
47,1990-02-17,1997-06-28,8,4,5,0.083333
47,1990-02-17,1997-06-28,8,5,9,0.15
47,1990-02-17,1997-06-28,8,6,6,0.1
47,1990-02-17,1997-06-28,8,7,8,0.133333
47,1990-02-17,1997-06-28,8,8,10,0.166667
47,1990-02-17,1997-06-28,8,9,7,0.116667
47,1990-02-17,1997-06-28,9,1,6,0.153846
47,1990-02-17,1997-06-28,9,2,5,0.128205
47,1990-02-17,1997-06-28,9,3,4,0.102564
47,1990-02-17,1997-06-28,9,4,3,0.076923
47,1990-02-17,1997-06-28,9,5,5,0.128205
47,1990-02-17,1997-06-28,9,6,5,0.128205
47,1990-02-17,1997-06-28,9,7,4,0.102564
47,1990-02-17,1997-06-28,9,8,4,0.102564
47,1990-02-17,1997-06-28,9,9,3,0.076923
48,1992-01-18,1998-06-13,1,1,5,0.09434
48,1992-01-18,1998-06-13,1,2,5,0.09434
48,1992-01-18,1998-06-13,1,3,3,0.056604
48,1992-01-18,1998-06-13,1,4,10,0.188679
48,1992-01-18,1998-06-13,1,5,3,0.056604
48,1992-01-18,1998-06-13,1,6,2,0.037736
48,1992-01-18,1998-06-13,1,7,9,0.169811
48,1992-01-18,1998-06-13,1,8,8,0.150943
48,1992-01-18,1998-06-13,1,9,8,0.150943
48,1992-01-18,1998-06-13,2,1,3,0.107143
48,1992-01-18,1998-06-13,2,2,4,0.142857
48,1992-01-18,1998-06-13,2,3,5,0.178571
48,1992-01-18,1998-06-13,2,4,1,0.035714
48,1992-01-18,1998-06-13,2,5,0,0.0
48,1992-01-18,1998-06-13,2,6,4,0.142857
48,1992-01-18,1998-06-13,2,7,5,0.178571
48,1992-01-18,1998-06-13,2,8,6,0.214286
48,1992-01-18,1998-06-13,2,9,0,0.0
48,1992-01-18,1998-06-13,3,1,5,0.135135
48,1992-01-18,1998-06-13,3,2,4,0.108108
48,1992-01-18,1998-06-13,3,3,0,0.0
48,1992-01-18,1998-06-13,3,4,7,0.189189
48,1992-01-18,1998-06-13,3,5,3,0.081081
48,1992-01-18,1998-06-13,3,6,7,0.189189
48,1992-01-18,1998-06-13,3,7,3,0.081081
48,1992-01-18,1998-06-13,3,8,2,0.054054
48,1992-01-18,1998-06-13,3,9,6,0.162162
48,1992-01-18,1998-06-13,4,1,6,0.125
48,1992-01-18,1998-06-13,4,2,2,0.041667
48,1992-01-18,1998-06-13,4,3,4,0.083333
48,1992-01-18,1998-06-13,4,4,6,0.125
48,1992-01-18,1998-06-13,4,5,6,0.125
48,1992-01-18,1998-06-13,4,6,7,0.145833
48,1992-01-18,1998-06-13,4,7,6,0.125
48,1992-01-18,1998-06-13,4,8,9,0.1875
48,1992-01-18,1998-06-13,4,9,2,0.041667
48,1992-01-18,1998-06-13,5,1,7,0.179487
48,1992-01-18,1998-06-13,5,2,1,0.025641
48,1992-01-18,1998-06-13,5,3,4,0.102564
48,1992-01-18,1998-06-13,5,4,4,0.102564
48,1992-01-18,1998-06-13,5,5,7,0.179487
48,1992-01-18,1998-06-13,5,6,3,0.076923
48,1992-01-18,1998-06-13,5,7,8,0.205128
48,1992-01-18,1998-06-13,5,8,2,0.051282
48,1992-01-18,1998-06-13,5,9,3,0.076923
48,1992-01-18,1998-06-13,6,1,7,0.155556
48,1992-01-18,1998-06-13,6,2,2,0.044444
48,1992-01-18,1998-06-13,6,3,5,0.111111
48,1992-01-18,1998-06-13,6,4,4,0.088889
48,1992-01-18,1998-06-13,6,5,2,0.044444
48,1992-01-18,1998-06-13,6,6,8,0.177778
48,1992-01-18,1998-06-13,6,7,7,0.155556
48,1992-01-18,1998-06-13,6,8,6,0.133333
48,1992-01-18,1998-06-13,6,9,4,0.088889
48,1992-01-18,1998-06-13,7,1,8,0.148148
48,1992-01-18,1998-06-13,7,2,2,0.037037
48,1992-01-18,1998-06-13,7,3,6,0.111111
48,1992-01-18,1998-06-13,7,4,6,0.111111
48,1992-01-18,1998-06-13,7,5,6,0.111111
48,1992-01-18,1998-06-13,7,6,6,0.111111
48,1992-01-18,1998-06-13,7,7,5,0.092593
48,1992-01-18,1998-06-13,7,8,5,0.092593
48,1992-01-18,1998-06-13,7,9,10,0.185185
48,1992-01-18,1998-06-13,8,1,4,0.076923
48,1992-01-18,1998-06-13,8,2,4,0.076923
48,1992-01-18,1998-06-13,8,3,5,0.096154
48,1992-01-18,1998-06-13,8,4,5,0.096154
48,1992-01-18,1998-06-13,8,5,6,0.115385
48,1992-01-18,1998-06-13,8,6,4,0.076923
48,1992-01-18,1998-06-13,8,7,6,0.115385
48,1992-01-18,1998-06-13,8,8,10,0.192308
48,1992-01-18,1998-06-13,8,9,8,0.153846
48,1992-01-18,1998-06-13,9,1,8,0.181818
48,1992-01-18,1998-06-13,9,2,5,0.113636
48,1992-01-18,1998-06-13,9,3,4,0.090909
48,1992-01-18,1998-06-13,9,4,5,0.113636
48,1992-01-18,1998-06-13,9,5,6,0.136364
48,1992-01-18,1998-06-13,9,6,4,0.090909
48,1992-01-18,1998-06-13,9,7,5,0.113636
48,1992-01-18,1998-06-13,9,8,4,0.090909
48,1992-01-18,1998-06-13,9,9,3,0.068182
49,1993-12-18,1999-05-29,1,1,6,0.103448
49,1993-12-18,1999-05-29,1,2,5,0.086207
49,1993-12-18,1999-05-29,1,3,3,0.051724
49,1993-12-18,1999-05-29,1,4,11,0.189655
49,1993-12-18,1999-05-29,1,5,3,0.051724
49,1993-12-18,1999-05-29,1,6,2,0.034483
49,1993-12-18,1999-05-29,1,7,10,0.172414
49,1993-12-18,1999-05-29,1,8,9,0.155172
49,1993-12-18,1999-05-29,1,9,9,0.155172
49,1993-12-18,1999-05-29,2,1,4,0.148148
49,1993-12-18,1999-05-29,2,2,2,0.074074
49,1993-12-18,1999-05-29,2,3,6,0.222222
49,1993-12-18,1999-05-29,2,4,0,0.0
49,1993-12-18,1999-05-29,2,5,2,0.074074
49,1993-12-18,1999-05-29,2,6,2,0.074074
49,1993-12-18,1999-05-29,2,7,6,0.222222
49,1993-12-18,1999-05-29,2,8,3,0.111111
49,1993-12-18,1999-05-29,2,9,2,0.074074
49,1993-12-18,1999-05-29,3,1,8,0.222222
49,1993-12-18,1999-05-29,3,2,3,0.083333
49,1993-12-18,1999-05-29,3,3,0,0.0
49,1993-12-18,1999-05-29,3,4,4,0.111111
49,1993-12-18,1999-05-29,3,5,2,0.055556
49,1993-12-18,1999-05-29,3,6,8,0.222222
49,1993-12-18,1999-05-29,3,7,3,0.083333
49,1993-12-18,1999-05-29,3,8,3,0.083333
49,1993-12-18,1999-05-29,3,9,5,0.138889
49,1993-12-18,1999-05-29,4,1,5,0.116279
49,1993-12-18,1999-05-29,4,2,2,0.046512
49,1993-12-18,1999-05-29,4,3,3,0.069767
49,1993-12-18,1999-05-29,4,4,4,0.093023
49,1993-12-18,1999-05-29,4,5,4,0.093023
49,1993-12-18,1999-05-29,4,6,7,0.162791
49,1993-12-18,1999-05-29,4,7,5,0.116279
49,1993-12-18,1999-05-29,4,8,9,0.209302
49,1993-12-18,1999-05-29,4,9,4,0.093023
49,1993-12-18,1999-05-29,5,1,9,0.230769
49,1993-12-18,1999-05-29,5,2,2,0.051282
49,1993-12-18,1999-05-29,5,3,5,0.128205
49,1993-12-18,1999-05-29,5,4,2,0.051282
49,1993-12-18,1999-05-29,5,5,7,0.179487
49,1993-12-18,1999-05-29,5,6,4,0.102564
49,1993-12-18,1999-05-29,5,7,9,0.230769
49,1993-12-18,1999-05-29,5,8,1,0.025641
49,1993-12-18,1999-05-29,5,9,0,0.0
49,1993-12-18,1999-05-29,6,1,5,0.119048
49,1993-12-18,1999-05-29,6,2,1,0.02381
49,1993-12-18,1999-05-29,6,3,4,0.095238
49,1993-12-18,1999-05-29,6,4,6,0.142857
49,1993-12-18,1999-05-29,6,5,2,0.047619
49,1993-12-18,1999-05-29,6,6,6,0.142857
49,1993-12-18,1999-05-29,6,7,8,0.190476
49,1993-12-18,1999-05-29,6,8,7,0.166667
49,1993-12-18,1999-05-29,6,9,3,0.071429
49,1993-12-18,1999-05-29,7,1,10,0.163934
49,1993-12-18,1999-05-29,7,2,3,0.04918
49,1993-12-18,1999-05-29,7,3,5,0.081967
49,1993-12-18,1999-05-29,7,4,5,0.081967
49,1993-12-18,1999-05-29,7,5,7,0.114754
49,1993-12-18,1999-05-29,7,6,7,0.114754
49,1993-12-18,1999-05-29,7,7,7,0.114754
49,1993-12-18,1999-05-29,7,8,6,0.098361
49,1993-12-18,1999-05-29,7,9,11,0.180328
49,1993-12-18,1999-05-29,8,1,2,0.040816
49,1993-12-18,1999-05-29,8,2,5,0.102041
49,1993-12-18,1999-05-29,8,3,3,0.061224
49,1993-12-18,1999-05-29,8,4,5,0.102041
49,1993-12-18,1999-05-29,8,5,7,0.142857
49,1993-12-18,1999-05-29,8,6,3,0.061224
49,1993-12-18,1999-05-29,8,7,7,0.142857
49,1993-12-18,1999-05-29,8,8,8,0.163265
49,1993-12-18,1999-05-29,8,9,9,0.183673
49,1993-12-18,1999-05-29,9,1,9,0.2
49,1993-12-18,1999-05-29,9,2,4,0.088889
49,1993-12-18,1999-05-29,9,3,7,0.155556
49,1993-12-18,1999-05-29,9,4,6,0.133333
49,1993-12-18,1999-05-29,9,5,6,0.133333
49,1993-12-18,1999-05-29,9,6,3,0.066667
49,1993-12-18,1999-05-29,9,7,5,0.111111
49,1993-12-18,1999-05-29,9,8,3,0.066667
49,1993-12-18,1999-05-29,9,9,2,0.044444
50,1995-11-18,2000-05-13,1,1,6,0.117647
50,1995-11-18,2000-05-13,1,2,6,0.117647
50,1995-11-18,2000-05-13,1,3,5,0.098039
50,1995-11-18,2000-05-13,1,4,8,0.156863
50,1995-11-18,2000-05-13,1,5,2,0.039216
50,1995-11-18,2000-05-13,1,6,2,0.039216
50,1995-11-18,2000-05-13,1,7,9,0.176471
50,1995-11-18,2000-05-13,1,8,7,0.137255
50,1995-11-18,2000-05-13,1,9,6,0.117647
50,1995-11-18,2000-05-13,2,1,3,0.081081
50,1995-11-18,2000-05-13,2,2,6,0.162162
50,1995-11-18,2000-05-13,2,3,6,0.162162
50,1995-11-18,2000-05-13,2,4,1,0.027027
50,1995-11-18,2000-05-13,2,5,4,0.108108
50,1995-11-18,2000-05-13,2,6,2,0.054054
50,1995-11-18,2000-05-13,2,7,8,0.216216
50,1995-11-18,2000-05-13,2,8,4,0.108108
50,1995-11-18,2000-05-13,2,9,3,0.081081
50,1995-11-18,2000-05-13,3,1,9,0.209302
50,1995-11-18,2000-05-13,3,2,5,0.116279
50,1995-11-18,2000-05-13,3,3,1,0.023256
50,1995-11-18,2000-05-13,3,4,4,0.093023
50,1995-11-18,2000-05-13,3,5,3,0.069767
50,1995-11-18,2000-05-13,3,6,9,0.209302
50,1995-11-18,2000-05-13,3,7,3,0.069767
50,1995-11-18,2000-05-13,3,8,4,0.093023
50,1995-11-18,2000-05-13,3,9,5,0.116279
50,1995-11-18,2000-05-13,4,1,4,0.093023
50,1995-11-18,2000-05-13,4,2,2,0.046512
50,1995-11-18,2000-05-13,4,3,5,0.116279
50,1995-11-18,2000-05-13,4,4,5,0.116279
50,1995-11-18,2000-05-13,4,5,4,0.093023
50,1995-11-18,2000-05-13,4,6,6,0.139535
50,1995-11-18,2000-05-13,4,7,4,0.093023
50,1995-11-18,2000-05-13,4,8,7,0.162791
50,1995-11-18,2000-05-13,4,9,6,0.139535
50,1995-11-18,2000-05-13,5,1,9,0.219512
50,1995-11-18,2000-05-13,5,2,2,0.04878
50,1995-11-18,2000-05-13,5,3,10,0.243902
50,1995-11-18,2000-05-13,5,4,2,0.04878
50,1995-11-18,2000-05-13,5,5,6,0.146341
50,1995-11-18,2000-05-13,5,6,4,0.097561
50,1995-11-18,2000-05-13,5,7,5,0.121951
50,1995-11-18,2000-05-13,5,8,2,0.04878
50,1995-11-18,2000-05-13,5,9,1,0.02439
50,1995-11-18,2000-05-13,6,1,3,0.069767
50,1995-11-18,2000-05-13,6,2,1,0.023256
50,1995-11-18,2000-05-13,6,3,4,0.093023
50,1995-11-18,2000-05-13,6,4,7,0.162791
50,1995-11-18,2000-05-13,6,5,2,0.046512
50,1995-11-18,2000-05-13,6,6,7,0.162791
50,1995-11-18,2000-05-13,6,7,9,0.209302
50,1995-11-18,2000-05-13,6,8,6,0.139535
50,1995-11-18,2000-05-13,6,9,4,0.093023
50,1995-11-18,2000-05-13,7,1,8,0.145455
50,1995-11-18,2000-05-13,7,2,5,0.090909
50,1995-11-18,2000-05-13,7,3,4,0.072727
50,1995-11-18,2000-05-13,7,4,7,0.127273
50,1995-11-18,2000-05-13,7,5,7,0.127273
50,1995-11-18,2000-05-13,7,6,5,0.090909
50,1995-11-18,2000-05-13,7,7,7,0.127273
50,1995-11-18,2000-05-13,7,8,4,0.072727
50,1995-11-18,2000-05-13,7,9,8,0.145455
50,1995-11-18,2000-05-13,8,1,3,0.06383
50,1995-11-18,2000-05-13,8,2,4,0.085106
50,1995-11-18,2000-05-13,8,3,3,0.06383
50,1995-11-18,2000-05-13,8,4,6,0.12766
50,1995-11-18,2000-05-13,8,5,8,0.170213
50,1995-11-18,2000-05-13,8,6,5,0.106383
50,1995-11-18,2000-05-13,8,7,4,0.085106
50,1995-11-18,2000-05-13,8,8,9,0.191489
50,1995-11-18,2000-05-13,8,9,5,0.106383
50,1995-11-18,2000-05-13,9,1,6,0.15
50,1995-11-18,2000-05-13,9,2,6,0.15
50,1995-11-18,2000-05-13,9,3,5,0.125
50,1995-11-18,2000-05-13,9,4,4,0.1
50,1995-11-18,2000-05-13,9,5,5,0.125
50,1995-11-18,2000-05-13,9,6,3,0.075
50,1995-11-18,2000-05-13,9,7,6,0.15
50,1995-11-18,2000-05-13,9,8,3,0.075
50,1995-11-18,2000-05-13,9,9,2,0.05
51,1997-06-28,2001-04-28,1,1,7,0.12963
51,1997-06-28,2001-04-28,1,2,8,0.148148
51,1997-06-28,2001-04-28,1,3,5,0.092593
51,1997-06-28,2001-04-28,1,4,8,0.148148
51,1997-06-28,2001-04-28,1,5,3,0.055556
51,1997-06-28,2001-04-28,1,6,4,0.074074
51,1997-06-28,2001-04-28,1,7,7,0.12963
51,1997-06-28,2001-04-28,1,8,7,0.12963
51,1997-06-28,2001-04-28,1,9,5,0.092593
51,1997-06-28,2001-04-28,2,1,2,0.045455
51,1997-06-28,2001-04-28,2,2,8,0.181818
51,1997-06-28,2001-04-28,2,3,5,0.113636
51,1997-06-28,2001-04-28,2,4,1,0.022727
51,1997-06-28,2001-04-28,2,5,8,0.181818
51,1997-06-28,2001-04-28,2,6,1,0.022727
51,1997-06-28,2001-04-28,2,7,9,0.204545
51,1997-06-28,2001-04-28,2,8,5,0.113636
51,1997-06-28,2001-04-28,2,9,5,0.113636
51,1997-06-28,2001-04-28,3,1,9,0.209302
51,1997-06-28,2001-04-28,3,2,5,0.116279
51,1997-06-28,2001-04-28,3,3,1,0.023256
51,1997-06-28,2001-04-28,3,4,4,0.093023
51,1997-06-28,2001-04-28,3,5,2,0.046512
51,1997-06-28,2001-04-28,3,6,8,0.186047
51,1997-06-28,2001-04-28,3,7,4,0.093023
51,1997-06-28,2001-04-28,3,8,3,0.069767
51,1997-06-28,2001-04-28,3,9,7,0.162791
51,1997-06-28,2001-04-28,4,1,4,0.105263
51,1997-06-28,2001-04-28,4,2,2,0.052632
51,1997-06-28,2001-04-28,4,3,4,0.105263
51,1997-06-28,2001-04-28,4,4,3,0.078947
51,1997-06-28,2001-04-28,4,5,3,0.078947
51,1997-06-28,2001-04-28,4,6,5,0.131579
51,1997-06-28,2001-04-28,4,7,5,0.131579
51,1997-06-28,2001-04-28,4,8,7,0.184211
51,1997-06-28,2001-04-28,4,9,5,0.131579
51,1997-06-28,2001-04-28,5,1,10,0.208333
51,1997-06-28,2001-04-28,5,2,5,0.104167
51,1997-06-28,2001-04-28,5,3,12,0.25
51,1997-06-28,2001-04-28,5,4,1,0.020833
51,1997-06-28,2001-04-28,5,5,7,0.145833
51,1997-06-28,2001-04-28,5,6,3,0.0625
51,1997-06-28,2001-04-28,5,7,4,0.083333
51,1997-06-28,2001-04-28,5,8,5,0.104167
51,1997-06-28,2001-04-28,5,9,1,0.020833
51,1997-06-28,2001-04-28,6,1,3,0.088235
51,1997-06-28,2001-04-28,6,2,1,0.029412
51,1997-06-28,2001-04-28,6,3,4,0.117647
51,1997-06-28,2001-04-28,6,4,6,0.176471
51,1997-06-28,2001-04-28,6,5,2,0.058824
51,1997-06-28,2001-04-28,6,6,4,0.117647
51,1997-06-28,2001-04-28,6,7,7,0.205882
51,1997-06-28,2001-04-28,6,8,4,0.117647
51,1997-06-28,2001-04-28,6,9,3,0.088235
51,1997-06-28,2001-04-28,7,1,6,0.109091
51,1997-06-28,2001-04-28,7,2,4,0.072727
51,1997-06-28,2001-04-28,7,3,5,0.090909
51,1997-06-28,2001-04-28,7,4,8,0.145455
51,1997-06-28,2001-04-28,7,5,8,0.145455
51,1997-06-28,2001-04-28,7,6,5,0.090909
51,1997-06-28,2001-04-28,7,7,8,0.145455
51,1997-06-28,2001-04-28,7,8,5,0.090909
51,1997-06-28,2001-04-28,7,9,6,0.109091
51,1997-06-28,2001-04-28,8,1,7,0.148936
51,1997-06-28,2001-04-28,8,2,6,0.12766
51,1997-06-28,2001-04-28,8,3,2,0.042553
51,1997-06-28,2001-04-28,8,4,3,0.06383
51,1997-06-28,2001-04-28,8,5,9,0.191489
51,1997-06-28,2001-04-28,8,6,4,0.085106
51,1997-06-28,2001-04-28,8,7,5,0.106383
51,1997-06-28,2001-04-28,8,8,8,0.170213
51,1997-06-28,2001-04-28,8,9,3,0.06383
51,1997-06-28,2001-04-28,9,1,7,0.189189
51,1997-06-28,2001-04-28,9,2,5,0.135135
51,1997-06-28,2001-04-28,9,3,5,0.135135
51,1997-06-28,2001-04-28,9,4,4,0.108108
51,1997-06-28,2001-04-28,9,5,5,0.135135
51,1997-06-28,2001-04-28,9,6,0,0.0
51,1997-06-28,2001-04-28,9,7,6,0.162162
51,1997-06-28,2001-04-28,9,8,3,0.081081
51,1997-06-28,2001-04-28,9,9,2,0.054054
52,1998-06-13,2002-04-10,1,1,4,0.090909
52,1998-06-13,2002-04-10,1,2,7,0.159091
52,1998-06-13,2002-04-10,1,3,6,0.136364
52,1998-06-13,2002-04-10,1,4,5,0.113636
52,1998-06-13,2002-04-10,1,5,5,0.113636
52,1998-06-13,2002-04-10,1,6,5,0.113636
52,1998-06-13,2002-04-10,1,7,5,0.113636
52,1998-06-13,2002-04-10,1,8,5,0.113636
52,1998-06-13,2002-04-10,1,9,2,0.045455
52,1998-06-13,2002-04-10,2,1,1,0.020833
52,1998-06-13,2002-04-10,2,2,7,0.145833
52,1998-06-13,2002-04-10,2,3,6,0.125
52,1998-06-13,2002-04-10,2,4,7,0.145833
52,1998-06-13,2002-04-10,2,5,8,0.166667
52,1998-06-13,2002-04-10,2,6,1,0.020833
52,1998-06-13,2002-04-10,2,7,7,0.145833
52,1998-06-13,2002-04-10,2,8,5,0.104167
52,1998-06-13,2002-04-10,2,9,6,0.125
52,1998-06-13,2002-04-10,3,1,11,0.22449
52,1998-06-13,2002-04-10,3,2,4,0.081633
52,1998-06-13,2002-04-10,3,3,3,0.061224
52,1998-06-13,2002-04-10,3,4,4,0.081633
52,1998-06-13,2002-04-10,3,5,3,0.061224
52,1998-06-13,2002-04-10,3,6,8,0.163265
52,1998-06-13,2002-04-10,3,7,6,0.122449
52,1998-06-13,2002-04-10,3,8,4,0.081633
52,1998-06-13,2002-04-10,3,9,6,0.122449
52,1998-06-13,2002-04-10,4,1,2,0.04878
52,1998-06-13,2002-04-10,4,2,3,0.073171
52,1998-06-13,2002-04-10,4,3,6,0.146341
52,1998-06-13,2002-04-10,4,4,2,0.04878
52,1998-06-13,2002-04-10,4,5,2,0.04878
52,1998-06-13,2002-04-10,4,6,9,0.219512
52,1998-06-13,2002-04-10,4,7,5,0.121951
52,1998-06-13,2002-04-10,4,8,7,0.170732
52,1998-06-13,2002-04-10,4,9,5,0.121951
52,1998-06-13,2002-04-10,5,1,7,0.145833
52,1998-06-13,2002-04-10,5,2,5,0.104167
52,1998-06-13,2002-04-10,5,3,11,0.229167
52,1998-06-13,2002-04-10,5,4,2,0.041667
52,1998-06-13,2002-04-10,5,5,8,0.166667
52,1998-06-13,2002-04-10,5,6,3,0.0625
52,1998-06-13,2002-04-10,5,7,5,0.104167
52,1998-06-13,2002-04-10,5,8,5,0.104167
52,1998-06-13,2002-04-10,5,9,2,0.041667
52,1998-06-13,2002-04-10,6,1,2,0.052632
52,1998-06-13,2002-04-10,6,2,4,0.105263
52,1998-06-13,2002-04-10,6,3,5,0.131579
52,1998-06-13,2002-04-10,6,4,8,0.210526
52,1998-06-13,2002-04-10,6,5,3,0.078947
52,1998-06-13,2002-04-10,6,6,3,0.078947
52,1998-06-13,2002-04-10,6,7,6,0.157895
52,1998-06-13,2002-04-10,6,8,4,0.105263
52,1998-06-13,2002-04-10,6,9,3,0.078947
52,1998-06-13,2002-04-10,7,1,5,0.096154
52,1998-06-13,2002-04-10,7,2,8,0.153846
52,1998-06-13,2002-04-10,7,3,5,0.096154
52,1998-06-13,2002-04-10,7,4,6,0.115385
52,1998-06-13,2002-04-10,7,5,7,0.134615
52,1998-06-13,2002-04-10,7,6,6,0.115385
52,1998-06-13,2002-04-10,7,7,6,0.115385
52,1998-06-13,2002-04-10,7,8,6,0.115385
52,1998-06-13,2002-04-10,7,9,3,0.057692
52,1998-06-13,2002-04-10,8,1,7,0.145833
52,1998-06-13,2002-04-10,8,2,8,0.166667
52,1998-06-13,2002-04-10,8,3,3,0.0625
52,1998-06-13,2002-04-10,8,4,4,0.083333
52,1998-06-13,2002-04-10,8,5,8,0.166667
52,1998-06-13,2002-04-10,8,6,3,0.0625
52,1998-06-13,2002-04-10,8,7,6,0.125
52,1998-06-13,2002-04-10,8,8,7,0.145833
52,1998-06-13,2002-04-10,8,9,2,0.041667
52,1998-06-13,2002-04-10,9,1,5,0.15625
52,1998-06-13,2002-04-10,9,2,2,0.0625
52,1998-06-13,2002-04-10,9,3,4,0.125
52,1998-06-13,2002-04-10,9,4,3,0.09375
52,1998-06-13,2002-04-10,9,5,4,0.125
52,1998-06-13,2002-04-10,9,6,0,0.0
52,1998-06-13,2002-04-10,9,7,6,0.1875
52,1998-06-13,2002-04-10,9,8,5,0.15625
52,1998-06-13,2002-04-10,9,9,3,0.09375
53,1999-05-29,2003-03-08,1,1,5,0.128205
53,1999-05-29,2003-03-08,1,2,8,0.205128
53,1999-05-29,2003-03-08,1,3,5,0.128205
53,1999-05-29,2003-03-08,1,4,4,0.102564
53,1999-05-29,2003-03-08,1,5,5,0.128205
53,1999-05-29,2003-03-08,1,6,4,0.102564
53,1999-05-29,2003-03-08,1,7,5,0.128205
53,1999-05-29,2003-03-08,1,8,3,0.076923
53,1999-05-29,2003-03-08,1,9,0,0.0
53,1999-05-29,2003-03-08,2,1,1,0.018182
53,1999-05-29,2003-03-08,2,2,11,0.2
53,1999-05-29,2003-03-08,2,3,5,0.090909
53,1999-05-29,2003-03-08,2,4,8,0.145455
53,1999-05-29,2003-03-08,2,5,8,0.145455
53,1999-05-29,2003-03-08,2,6,1,0.018182
53,1999-05-29,2003-03-08,2,7,6,0.109091
53,1999-05-29,2003-03-08,2,8,6,0.109091
53,1999-05-29,2003-03-08,2,9,9,0.163636
53,1999-05-29,2003-03-08,3,1,9,0.204545
53,1999-05-29,2003-03-08,3,2,5,0.113636
53,1999-05-29,2003-03-08,3,3,3,0.068182
53,1999-05-29,2003-03-08,3,4,4,0.090909
53,1999-05-29,2003-03-08,3,5,4,0.090909
53,1999-05-29,2003-03-08,3,6,5,0.113636
53,1999-05-29,2003-03-08,3,7,6,0.136364
53,1999-05-29,2003-03-08,3,8,3,0.068182
53,1999-05-29,2003-03-08,3,9,5,0.113636
53,1999-05-29,2003-03-08,4,1,2,0.044444
53,1999-05-29,2003-03-08,4,2,2,0.044444
53,1999-05-29,2003-03-08,4,3,8,0.177778
53,1999-05-29,2003-03-08,4,4,3,0.066667
53,1999-05-29,2003-03-08,4,5,4,0.088889
53,1999-05-29,2003-03-08,4,6,9,0.2
53,1999-05-29,2003-03-08,4,7,7,0.155556
53,1999-05-29,2003-03-08,4,8,7,0.155556
53,1999-05-29,2003-03-08,4,9,3,0.066667
53,1999-05-29,2003-03-08,5,1,6,0.12
53,1999-05-29,2003-03-08,5,2,6,0.12
53,1999-05-29,2003-03-08,5,3,9,0.18
53,1999-05-29,2003-03-08,5,4,4,0.08
53,1999-05-29,2003-03-08,5,5,8,0.16
53,1999-05-29,2003-03-08,5,6,4,0.08
53,1999-05-29,2003-03-08,5,7,4,0.08
53,1999-05-29,2003-03-08,5,8,7,0.14
53,1999-05-29,2003-03-08,5,9,2,0.04
53,1999-05-29,2003-03-08,6,1,0,0.0
53,1999-05-29,2003-03-08,6,2,4,0.111111
53,1999-05-29,2003-03-08,6,3,5,0.138889
53,1999-05-29,2003-03-08,6,4,7,0.194444
53,1999-05-29,2003-03-08,6,5,2,0.055556
53,1999-05-29,2003-03-08,6,6,3,0.083333
53,1999-05-29,2003-03-08,6,7,6,0.166667
53,1999-05-29,2003-03-08,6,8,4,0.111111
53,1999-05-29,2003-03-08,6,9,5,0.138889
53,1999-05-29,2003-03-08,7,1,4,0.08
53,1999-05-29,2003-03-08,7,2,9,0.18
53,1999-05-29,2003-03-08,7,3,4,0.08
53,1999-05-29,2003-03-08,7,4,8,0.16
53,1999-05-29,2003-03-08,7,5,6,0.12
53,1999-05-29,2003-03-08,7,6,7,0.14
53,1999-05-29,2003-03-08,7,7,3,0.06
53,1999-05-29,2003-03-08,7,8,5,0.1
53,1999-05-29,2003-03-08,7,9,4,0.08
53,1999-05-29,2003-03-08,8,1,8,0.163265
53,1999-05-29,2003-03-08,8,2,7,0.142857
53,1999-05-29,2003-03-08,8,3,3,0.061224
53,1999-05-29,2003-03-08,8,4,4,0.081633
53,1999-05-29,2003-03-08,8,5,9,0.183673
53,1999-05-29,2003-03-08,8,6,3,0.061224
53,1999-05-29,2003-03-08,8,7,6,0.122449
53,1999-05-29,2003-03-08,8,8,8,0.163265
53,1999-05-29,2003-03-08,8,9,1,0.020408
53,1999-05-29,2003-03-08,9,1,4,0.125
53,1999-05-29,2003-03-08,9,2,3,0.09375
53,1999-05-29,2003-03-08,9,3,2,0.0625
53,1999-05-29,2003-03-08,9,4,3,0.09375
53,1999-05-29,2003-03-08,9,5,3,0.09375
53,1999-05-29,2003-03-08,9,6,0,0.0
53,1999-05-29,2003-03-08,9,7,7,0.21875
53,1999-05-29,2003-03-08,9,8,6,0.1875
53,1999-05-29,2003-03-08,9,9,4,0.125
54,2000-05-13,2004-02-21,1,1,4,0.105263
54,2000-05-13,2004-02-21,1,2,7,0.184211
54,2000-05-13,2004-02-21,1,3,4,0.105263
54,2000-05-13,2004-02-21,1,4,4,0.105263
54,2000-05-13,2004-02-21,1,5,4,0.105263
54,2000-05-13,2004-02-21,1,6,5,0.131579
54,2000-05-13,2004-02-21,1,7,6,0.157895
54,2000-05-13,2004-02-21,1,8,3,0.078947
54,2000-05-13,2004-02-21,1,9,1,0.026316
54,2000-05-13,2004-02-21,2,1,2,0.038462
54,2000-05-13,2004-02-21,2,2,7,0.134615
54,2000-05-13,2004-02-21,2,3,7,0.134615
54,2000-05-13,2004-02-21,2,4,7,0.134615
54,2000-05-13,2004-02-21,2,5,9,0.173077
54,2000-05-13,2004-02-21,2,6,1,0.019231
54,2000-05-13,2004-02-21,2,7,6,0.115385
54,2000-05-13,2004-02-21,2,8,5,0.096154
54,2000-05-13,2004-02-21,2,9,8,0.153846
54,2000-05-13,2004-02-21,3,1,5,0.125
54,2000-05-13,2004-02-21,3,2,4,0.1
54,2000-05-13,2004-02-21,3,3,3,0.075
54,2000-05-13,2004-02-21,3,4,6,0.15
54,2000-05-13,2004-02-21,3,5,3,0.075
54,2000-05-13,2004-02-21,3,6,6,0.15
54,2000-05-13,2004-02-21,3,7,6,0.15
54,2000-05-13,2004-02-21,3,8,2,0.05
54,2000-05-13,2004-02-21,3,9,5,0.125
54,2000-05-13,2004-02-21,4,1,3,0.068182
54,2000-05-13,2004-02-21,4,2,4,0.090909
54,2000-05-13,2004-02-21,4,3,6,0.136364
54,2000-05-13,2004-02-21,4,4,2,0.045455
54,2000-05-13,2004-02-21,4,5,4,0.090909
54,2000-05-13,2004-02-21,4,6,9,0.204545
54,2000-05-13,2004-02-21,4,7,7,0.159091
54,2000-05-13,2004-02-21,4,8,8,0.181818
54,2000-05-13,2004-02-21,4,9,1,0.022727
54,2000-05-13,2004-02-21,5,1,6,0.122449
54,2000-05-13,2004-02-21,5,2,9,0.183673
54,2000-05-13,2004-02-21,5,3,5,0.102041
54,2000-05-13,2004-02-21,5,4,3,0.061224
54,2000-05-13,2004-02-21,5,5,6,0.122449
54,2000-05-13,2004-02-21,5,6,5,0.102041
54,2000-05-13,2004-02-21,5,7,3,0.061224
54,2000-05-13,2004-02-21,5,8,8,0.163265
54,2000-05-13,2004-02-21,5,9,4,0.081633
54,2000-05-13,2004-02-21,6,1,2,0.045455
54,2000-05-13,2004-02-21,6,2,7,0.159091
54,2000-05-13,2004-02-21,6,3,7,0.159091
54,2000-05-13,2004-02-21,6,4,7,0.159091
54,2000-05-13,2004-02-21,6,5,3,0.068182
54,2000-05-13,2004-02-21,6,6,2,0.045455
54,2000-05-13,2004-02-21,6,7,5,0.113636
54,2000-05-13,2004-02-21,6,8,4,0.090909
54,2000-05-13,2004-02-21,6,9,7,0.159091
54,2000-05-13,2004-02-21,7,1,3,0.06383
54,2000-05-13,2004-02-21,7,2,7,0.148936
54,2000-05-13,2004-02-21,7,3,3,0.06383
54,2000-05-13,2004-02-21,7,4,6,0.12766
54,2000-05-13,2004-02-21,7,5,7,0.148936
54,2000-05-13,2004-02-21,7,6,9,0.191489
54,2000-05-13,2004-02-21,7,7,2,0.042553
54,2000-05-13,2004-02-21,7,8,6,0.12766
54,2000-05-13,2004-02-21,7,9,4,0.085106
54,2000-05-13,2004-02-21,8,1,8,0.166667
54,2000-05-13,2004-02-21,8,2,6,0.125
54,2000-05-13,2004-02-21,8,3,3,0.0625
54,2000-05-13,2004-02-21,8,4,3,0.0625
54,2000-05-13,2004-02-21,8,5,9,0.1875
54,2000-05-13,2004-02-21,8,6,6,0.125
54,2000-05-13,2004-02-21,8,7,5,0.104167
54,2000-05-13,2004-02-21,8,8,6,0.125
54,2000-05-13,2004-02-21,8,9,2,0.041667
54,2000-05-13,2004-02-21,9,1,5,0.131579
54,2000-05-13,2004-02-21,9,2,2,0.052632
54,2000-05-13,2004-02-21,9,3,2,0.052632
54,2000-05-13,2004-02-21,9,4,5,0.131579
54,2000-05-13,2004-02-21,9,5,4,0.105263
54,2000-05-13,2004-02-21,9,6,1,0.026316
54,2000-05-13,2004-02-21,9,7,7,0.184211
54,2000-05-13,2004-02-21,9,8,6,0.157895
54,2000-05-13,2004-02-21,9,9,6,0.157895
55,2001-04-28,2005-02-05,1,1,5,0.151515
55,2001-04-28,2005-02-05,1,2,5,0.151515
55,2001-04-28,2005-02-05,1,3,3,0.090909
55,2001-04-28,2005-02-05,1,4,2,0.060606
55,2001-04-28,2005-02-05,1,5,6,0.181818
55,2001-04-28,2005-02-05,1,6,4,0.121212
55,2001-04-28,2005-02-05,1,7,6,0.181818
55,2001-04-28,2005-02-05,1,8,1,0.030303
55,2001-04-28,2005-02-05,1,9,1,0.030303
55,2001-04-28,2005-02-05,2,1,4,0.075472
55,2001-04-28,2005-02-05,2,2,5,0.09434
55,2001-04-28,2005-02-05,2,3,8,0.150943
55,2001-04-28,2005-02-05,2,4,7,0.132075
55,2001-04-28,2005-02-05,2,5,8,0.150943
55,2001-04-28,2005-02-05,2,6,1,0.018868
55,2001-04-28,2005-02-05,2,7,5,0.09434
55,2001-04-28,2005-02-05,2,8,8,0.150943
55,2001-04-28,2005-02-05,2,9,7,0.132075
55,2001-04-28,2005-02-05,3,1,4,0.088889
55,2001-04-28,2005-02-05,3,2,6,0.133333
55,2001-04-28,2005-02-05,3,3,5,0.111111
55,2001-04-28,2005-02-05,3,4,5,0.111111
55,2001-04-28,2005-02-05,3,5,3,0.066667
55,2001-04-28,2005-02-05,3,6,8,0.177778
55,2001-04-28,2005-02-05,3,7,7,0.155556
55,2001-04-28,2005-02-05,3,8,3,0.066667
55,2001-04-28,2005-02-05,3,9,4,0.088889
55,2001-04-28,2005-02-05,4,1,2,0.046512
55,2001-04-28,2005-02-05,4,2,5,0.116279
55,2001-04-28,2005-02-05,4,3,7,0.162791
55,2001-04-28,2005-02-05,4,4,3,0.069767
55,2001-04-28,2005-02-05,4,5,3,0.069767
55,2001-04-28,2005-02-05,4,6,8,0.186047
55,2001-04-28,2005-02-05,4,7,7,0.162791
55,2001-04-28,2005-02-05,4,8,5,0.116279
55,2001-04-28,2005-02-05,4,9,3,0.069767
55,2001-04-28,2005-02-05,5,1,4,0.090909
55,2001-04-28,2005-02-05,5,2,7,0.159091
55,2001-04-28,2005-02-05,5,3,3,0.068182
55,2001-04-28,2005-02-05,5,4,5,0.113636
55,2001-04-28,2005-02-05,5,5,4,0.090909
55,2001-04-28,2005-02-05,5,6,6,0.136364
55,2001-04-28,2005-02-05,5,7,4,0.090909
55,2001-04-28,2005-02-05,5,8,7,0.159091
55,2001-04-28,2005-02-05,5,9,4,0.090909
55,2001-04-28,2005-02-05,6,1,2,0.045455
55,2001-04-28,2005-02-05,6,2,7,0.159091
55,2001-04-28,2005-02-05,6,3,6,0.136364
55,2001-04-28,2005-02-05,6,4,7,0.159091
55,2001-04-28,2005-02-05,6,5,3,0.068182
55,2001-04-28,2005-02-05,6,6,1,0.022727
55,2001-04-28,2005-02-05,6,7,5,0.113636
55,2001-04-28,2005-02-05,6,8,4,0.090909
55,2001-04-28,2005-02-05,6,9,9,0.204545
55,2001-04-28,2005-02-05,7,1,5,0.102041
55,2001-04-28,2005-02-05,7,2,10,0.204082
55,2001-04-28,2005-02-05,7,3,3,0.061224
55,2001-04-28,2005-02-05,7,4,4,0.081633
55,2001-04-28,2005-02-05,7,5,5,0.102041
55,2001-04-28,2005-02-05,7,6,7,0.142857
55,2001-04-28,2005-02-05,7,7,3,0.061224
55,2001-04-28,2005-02-05,7,8,7,0.142857
55,2001-04-28,2005-02-05,7,9,5,0.102041
55,2001-04-28,2005-02-05,8,1,4,0.086957
55,2001-04-28,2005-02-05,8,2,5,0.108696
55,2001-04-28,2005-02-05,8,3,5,0.108696
55,2001-04-28,2005-02-05,8,4,4,0.086957
55,2001-04-28,2005-02-05,8,5,9,0.195652
55,2001-04-28,2005-02-05,8,6,7,0.152174
55,2001-04-28,2005-02-05,8,7,4,0.086957
55,2001-04-28,2005-02-05,8,8,4,0.086957
55,2001-04-28,2005-02-05,8,9,4,0.086957
55,2001-04-28,2005-02-05,9,1,3,0.069767
55,2001-04-28,2005-02-05,9,2,3,0.069767
55,2001-04-28,2005-02-05,9,3,5,0.116279
55,2001-04-28,2005-02-05,9,4,6,0.139535
55,2001-04-28,2005-02-05,9,5,3,0.069767
55,2001-04-28,2005-02-05,9,6,2,0.046512
55,2001-04-28,2005-02-05,9,7,8,0.186047
55,2001-04-28,2005-02-05,9,8,7,0.162791
55,2001-04-28,2005-02-05,9,9,6,0.139535
56,2002-04-10,2005-11-10,1,1,5,0.113636
56,2002-04-10,2005-11-10,1,2,6,0.136364
56,2002-04-10,2005-11-10,1,3,7,0.159091
56,2002-04-10,2005-11-10,1,4,5,0.113636
56,2002-04-10,2005-11-10,1,5,5,0.113636
56,2002-04-10,2005-11-10,1,6,2,0.045455
56,2002-04-10,2005-11-10,1,7,7,0.159091
56,2002-04-10,2005-11-10,1,8,3,0.068182
56,2002-04-10,2005-11-10,1,9,4,0.090909
56,2002-04-10,2005-11-10,2,1,6,0.113208
56,2002-04-10,2005-11-10,2,2,8,0.150943
56,2002-04-10,2005-11-10,2,3,7,0.132075
56,2002-04-10,2005-11-10,2,4,1,0.018868
56,2002-04-10,2005-11-10,2,5,9,0.169811
56,2002-04-10,2005-11-10,2,6,1,0.018868
56,2002-04-10,2005-11-10,2,7,5,0.09434
56,2002-04-10,2005-11-10,2,8,8,0.150943
56,2002-04-10,2005-11-10,2,9,8,0.150943
56,2002-04-10,2005-11-10,3,1,3,0.066667
56,2002-04-10,2005-11-10,3,2,7,0.155556
56,2002-04-10,2005-11-10,3,3,5,0.111111
56,2002-04-10,2005-11-10,3,4,9,0.2
56,2002-04-10,2005-11-10,3,5,2,0.044444
56,2002-04-10,2005-11-10,3,6,7,0.155556
56,2002-04-10,2005-11-10,3,7,4,0.088889
56,2002-04-10,2005-11-10,3,8,4,0.088889
56,2002-04-10,2005-11-10,3,9,4,0.088889
56,2002-04-10,2005-11-10,4,1,4,0.095238
56,2002-04-10,2005-11-10,4,2,6,0.142857
56,2002-04-10,2005-11-10,4,3,6,0.142857
56,2002-04-10,2005-11-10,4,4,4,0.095238
56,2002-04-10,2005-11-10,4,5,3,0.071429
56,2002-04-10,2005-11-10,4,6,2,0.047619
56,2002-04-10,2005-11-10,4,7,8,0.190476
56,2002-04-10,2005-11-10,4,8,6,0.142857
56,2002-04-10,2005-11-10,4,9,3,0.071429
56,2002-04-10,2005-11-10,5,1,4,0.088889
56,2002-04-10,2005-11-10,5,2,8,0.177778
56,2002-04-10,2005-11-10,5,3,3,0.066667
56,2002-04-10,2005-11-10,5,4,5,0.111111
56,2002-04-10,2005-11-10,5,5,3,0.066667
56,2002-04-10,2005-11-10,5,6,9,0.2
56,2002-04-10,2005-11-10,5,7,3,0.066667
56,2002-04-10,2005-11-10,5,8,7,0.155556
56,2002-04-10,2005-11-10,5,9,3,0.066667
56,2002-04-10,2005-11-10,6,1,3,0.075
56,2002-04-10,2005-11-10,6,2,4,0.1
56,2002-04-10,2005-11-10,6,3,7,0.175
56,2002-04-10,2005-11-10,6,4,5,0.125
56,2002-04-10,2005-11-10,6,5,4,0.1
56,2002-04-10,2005-11-10,6,6,0,0.0
56,2002-04-10,2005-11-10,6,7,3,0.075
56,2002-04-10,2005-11-10,6,8,6,0.15
56,2002-04-10,2005-11-10,6,9,8,0.2
56,2002-04-10,2005-11-10,7,1,6,0.142857
56,2002-04-10,2005-11-10,7,2,6,0.142857
56,2002-04-10,2005-11-10,7,3,2,0.047619
56,2002-04-10,2005-11-10,7,4,4,0.095238
56,2002-04-10,2005-11-10,7,5,5,0.119048
56,2002-04-10,2005-11-10,7,6,7,0.166667
56,2002-04-10,2005-11-10,7,7,2,0.047619
56,2002-04-10,2005-11-10,7,8,5,0.119048
56,2002-04-10,2005-11-10,7,9,5,0.119048
56,2002-04-10,2005-11-10,8,1,4,0.086957
56,2002-04-10,2005-11-10,8,2,5,0.108696
56,2002-04-10,2005-11-10,8,3,4,0.086957
56,2002-04-10,2005-11-10,8,4,3,0.065217
56,2002-04-10,2005-11-10,8,5,10,0.217391
56,2002-04-10,2005-11-10,8,6,9,0.195652
56,2002-04-10,2005-11-10,8,7,3,0.065217
56,2002-04-10,2005-11-10,8,8,4,0.086957
56,2002-04-10,2005-11-10,8,9,4,0.086957
56,2002-04-10,2005-11-10,9,1,9,0.209302
56,2002-04-10,2005-11-10,9,2,3,0.069767
56,2002-04-10,2005-11-10,9,3,4,0.093023
56,2002-04-10,2005-11-10,9,4,6,0.139535
56,2002-04-10,2005-11-10,9,5,4,0.093023
56,2002-04-10,2005-11-10,9,6,3,0.069767
56,2002-04-10,2005-11-10,9,7,7,0.162791
56,2002-04-10,2005-11-10,9,8,3,0.069767
56,2002-04-10,2005-11-10,9,9,4,0.093023
57,2003-03-08,2006-07-01,1,1,4,0.086957
57,2003-03-08,2006-07-01,1,2,2,0.043478
57,2003-03-08,2006-07-01,1,3,9,0.195652
57,2003-03-08,2006-07-01,1,4,5,0.108696
57,2003-03-08,2006-07-01,1,5,8,0.173913
57,2003-03-08,2006-07-01,1,6,2,0.043478
57,2003-03-08,2006-07-01,1,7,7,0.152174
57,2003-03-08,2006-07-01,1,8,4,0.086957
57,2003-03-08,2006-07-01,1,9,5,0.108696
57,2003-03-08,2006-07-01,2,1,7,0.148936
57,2003-03-08,2006-07-01,2,2,5,0.106383
57,2003-03-08,2006-07-01,2,3,7,0.148936
57,2003-03-08,2006-07-01,2,4,2,0.042553
57,2003-03-08,2006-07-01,2,5,9,0.191489
57,2003-03-08,2006-07-01,2,6,2,0.042553
57,2003-03-08,2006-07-01,2,7,4,0.085106
57,2003-03-08,2006-07-01,2,8,8,0.170213
57,2003-03-08,2006-07-01,2,9,3,0.06383
57,2003-03-08,2006-07-01,3,1,4,0.081633
57,2003-03-08,2006-07-01,3,2,6,0.122449
57,2003-03-08,2006-07-01,3,3,5,0.102041
57,2003-03-08,2006-07-01,3,4,11,0.22449
57,2003-03-08,2006-07-01,3,5,2,0.040816
57,2003-03-08,2006-07-01,3,6,7,0.142857
57,2003-03-08,2006-07-01,3,7,6,0.122449
57,2003-03-08,2006-07-01,3,8,4,0.081633
57,2003-03-08,2006-07-01,3,9,4,0.081633
57,2003-03-08,2006-07-01,4,1,6,0.136364
57,2003-03-08,2006-07-01,4,2,9,0.204545
57,2003-03-08,2006-07-01,4,3,7,0.159091
57,2003-03-08,2006-07-01,4,4,3,0.068182
57,2003-03-08,2006-07-01,4,5,2,0.045455
57,2003-03-08,2006-07-01,4,6,2,0.045455
57,2003-03-08,2006-07-01,4,7,6,0.136364
57,2003-03-08,2006-07-01,4,8,5,0.113636
57,2003-03-08,2006-07-01,4,9,4,0.090909
57,2003-03-08,2006-07-01,5,1,5,0.111111
57,2003-03-08,2006-07-01,5,2,8,0.177778
57,2003-03-08,2006-07-01,5,3,3,0.066667
57,2003-03-08,2006-07-01,5,4,3,0.066667
57,2003-03-08,2006-07-01,5,5,2,0.044444
57,2003-03-08,2006-07-01,5,6,9,0.2
57,2003-03-08,2006-07-01,5,7,3,0.066667
57,2003-03-08,2006-07-01,5,8,7,0.155556
57,2003-03-08,2006-07-01,5,9,5,0.111111
57,2003-03-08,2006-07-01,6,1,5,0.121951
57,2003-03-08,2006-07-01,6,2,4,0.097561
57,2003-03-08,2006-07-01,6,3,6,0.146341
57,2003-03-08,2006-07-01,6,4,5,0.121951
57,2003-03-08,2006-07-01,6,5,5,0.121951
57,2003-03-08,2006-07-01,6,6,0,0.0
57,2003-03-08,2006-07-01,6,7,2,0.04878
57,2003-03-08,2006-07-01,6,8,8,0.195122
57,2003-03-08,2006-07-01,6,9,6,0.146341
57,2003-03-08,2006-07-01,7,1,4,0.097561
57,2003-03-08,2006-07-01,7,2,6,0.146341
57,2003-03-08,2006-07-01,7,3,3,0.073171
57,2003-03-08,2006-07-01,7,4,3,0.073171
57,2003-03-08,2006-07-01,7,5,5,0.121951
57,2003-03-08,2006-07-01,7,6,6,0.146341
57,2003-03-08,2006-07-01,7,7,4,0.097561
57,2003-03-08,2006-07-01,7,8,3,0.073171
57,2003-03-08,2006-07-01,7,9,7,0.170732
57,2003-03-08,2006-07-01,8,1,3,0.068182
57,2003-03-08,2006-07-01,8,2,5,0.113636
57,2003-03-08,2006-07-01,8,3,4,0.090909
57,2003-03-08,2006-07-01,8,4,4,0.090909
57,2003-03-08,2006-07-01,8,5,7,0.159091
57,2003-03-08,2006-07-01,8,6,9,0.204545
57,2003-03-08,2006-07-01,8,7,3,0.068182
57,2003-03-08,2006-07-01,8,8,3,0.068182
57,2003-03-08,2006-07-01,8,9,6,0.136364
57,2003-03-08,2006-07-01,9,1,8,0.186047
57,2003-03-08,2006-07-01,9,2,2,0.046512
57,2003-03-08,2006-07-01,9,3,6,0.139535
57,2003-03-08,2006-07-01,9,4,8,0.186047
57,2003-03-08,2006-07-01,9,5,5,0.116279
57,2003-03-08,2006-07-01,9,6,4,0.093023
57,2003-03-08,2006-07-01,9,7,6,0.139535
57,2003-03-08,2006-07-01,9,8,2,0.046512
57,2003-03-08,2006-07-01,9,9,2,0.046512
58,2004-02-21,2007-02-20,1,1,6,0.12
58,2004-02-21,2007-02-20,1,2,3,0.06
58,2004-02-21,2007-02-20,1,3,8,0.16
58,2004-02-21,2007-02-20,1,4,5,0.1
58,2004-02-21,2007-02-20,1,5,11,0.22
58,2004-02-21,2007-02-20,1,6,1,0.02
58,2004-02-21,2007-02-20,1,7,5,0.1
58,2004-02-21,2007-02-20,1,8,4,0.08
58,2004-02-21,2007-02-20,1,9,7,0.14
58,2004-02-21,2007-02-20,2,1,7,0.142857
58,2004-02-21,2007-02-20,2,2,5,0.102041
58,2004-02-21,2007-02-20,2,3,5,0.102041
58,2004-02-21,2007-02-20,2,4,3,0.061224
58,2004-02-21,2007-02-20,2,5,7,0.142857
58,2004-02-21,2007-02-20,2,6,3,0.061224
58,2004-02-21,2007-02-20,2,7,7,0.142857
58,2004-02-21,2007-02-20,2,8,7,0.142857
58,2004-02-21,2007-02-20,2,9,5,0.102041
58,2004-02-21,2007-02-20,3,1,7,0.137255
58,2004-02-21,2007-02-20,3,2,7,0.137255
58,2004-02-21,2007-02-20,3,3,5,0.098039
58,2004-02-21,2007-02-20,3,4,9,0.176471
58,2004-02-21,2007-02-20,3,5,2,0.039216
58,2004-02-21,2007-02-20,3,6,5,0.098039
58,2004-02-21,2007-02-20,3,7,9,0.176471
58,2004-02-21,2007-02-20,3,8,4,0.078431
58,2004-02-21,2007-02-20,3,9,3,0.058824
58,2004-02-21,2007-02-20,4,1,5,0.119048
58,2004-02-21,2007-02-20,4,2,7,0.166667
58,2004-02-21,2007-02-20,4,3,9,0.214286
58,2004-02-21,2007-02-20,4,4,4,0.095238
58,2004-02-21,2007-02-20,4,5,1,0.02381
58,2004-02-21,2007-02-20,4,6,1,0.02381
58,2004-02-21,2007-02-20,4,7,5,0.119048
58,2004-02-21,2007-02-20,4,8,4,0.095238
58,2004-02-21,2007-02-20,4,9,6,0.142857
58,2004-02-21,2007-02-20,5,1,5,0.121951
58,2004-02-21,2007-02-20,5,2,7,0.170732
58,2004-02-21,2007-02-20,5,3,4,0.097561
58,2004-02-21,2007-02-20,5,4,3,0.073171
58,2004-02-21,2007-02-20,5,5,3,0.073171
58,2004-02-21,2007-02-20,5,6,9,0.219512
58,2004-02-21,2007-02-20,5,7,3,0.073171
58,2004-02-21,2007-02-20,5,8,5,0.121951
58,2004-02-21,2007-02-20,5,9,2,0.04878
58,2004-02-21,2007-02-20,6,1,5,0.135135
58,2004-02-21,2007-02-20,6,2,4,0.108108
58,2004-02-21,2007-02-20,6,3,3,0.081081
58,2004-02-21,2007-02-20,6,4,2,0.054054
58,2004-02-21,2007-02-20,6,5,6,0.162162
58,2004-02-21,2007-02-20,6,6,2,0.054054
58,2004-02-21,2007-02-20,6,7,4,0.108108
58,2004-02-21,2007-02-20,6,8,8,0.216216
58,2004-02-21,2007-02-20,6,9,3,0.081081
58,2004-02-21,2007-02-20,7,1,4,0.086957
58,2004-02-21,2007-02-20,7,2,9,0.195652
58,2004-02-21,2007-02-20,7,3,4,0.086957
58,2004-02-21,2007-02-20,7,4,2,0.043478
58,2004-02-21,2007-02-20,7,5,4,0.086957
58,2004-02-21,2007-02-20,7,6,5,0.108696
58,2004-02-21,2007-02-20,7,7,5,0.108696
58,2004-02-21,2007-02-20,7,8,5,0.108696
58,2004-02-21,2007-02-20,7,9,8,0.173913
58,2004-02-21,2007-02-20,8,1,3,0.066667
58,2004-02-21,2007-02-20,8,2,5,0.111111
58,2004-02-21,2007-02-20,8,3,5,0.111111
58,2004-02-21,2007-02-20,8,4,7,0.155556
58,2004-02-21,2007-02-20,8,5,4,0.088889
58,2004-02-21,2007-02-20,8,6,6,0.133333
58,2004-02-21,2007-02-20,8,7,4,0.088889
58,2004-02-21,2007-02-20,8,8,6,0.133333
58,2004-02-21,2007-02-20,8,9,5,0.111111
58,2004-02-21,2007-02-20,9,1,9,0.230769
58,2004-02-21,2007-02-20,9,2,1,0.025641
58,2004-02-21,2007-02-20,9,3,8,0.205128
58,2004-02-21,2007-02-20,9,4,7,0.179487
58,2004-02-21,2007-02-20,9,5,3,0.076923
58,2004-02-21,2007-02-20,9,6,5,0.128205
58,2004-02-21,2007-02-20,9,7,4,0.102564
58,2004-02-21,2007-02-20,9,8,2,0.051282
58,2004-02-21,2007-02-20,9,9,0,0.0
59,2005-02-05,2007-10-11,1,1,7,0.118644
59,2005-02-05,2007-10-11,1,2,5,0.084746
59,2005-02-05,2007-10-11,1,3,9,0.152542
59,2005-02-05,2007-10-11,1,4,7,0.118644
59,2005-02-05,2007-10-11,1,5,9,0.152542
59,2005-02-05,2007-10-11,1,6,2,0.033898
59,2005-02-05,2007-10-11,1,7,7,0.118644
59,2005-02-05,2007-10-11,1,8,5,0.084746
59,2005-02-05,2007-10-11,1,9,8,0.135593
59,2005-02-05,2007-10-11,2,1,6,0.136364
59,2005-02-05,2007-10-11,2,2,5,0.113636
59,2005-02-05,2007-10-11,2,3,5,0.113636
59,2005-02-05,2007-10-11,2,4,3,0.068182
59,2005-02-05,2007-10-11,2,5,6,0.136364
59,2005-02-05,2007-10-11,2,6,5,0.113636
59,2005-02-05,2007-10-11,2,7,7,0.159091
59,2005-02-05,2007-10-11,2,8,2,0.045455
59,2005-02-05,2007-10-11,2,9,5,0.113636
59,2005-02-05,2007-10-11,3,1,7,0.155556
59,2005-02-05,2007-10-11,3,2,3,0.066667
59,2005-02-05,2007-10-11,3,3,3,0.066667
59,2005-02-05,2007-10-11,3,4,10,0.222222
59,2005-02-05,2007-10-11,3,5,3,0.066667
59,2005-02-05,2007-10-11,3,6,4,0.088889
59,2005-02-05,2007-10-11,3,7,7,0.155556
59,2005-02-05,2007-10-11,3,8,4,0.088889
59,2005-02-05,2007-10-11,3,9,4,0.088889
59,2005-02-05,2007-10-11,4,1,8,0.177778
59,2005-02-05,2007-10-11,4,2,6,0.133333
59,2005-02-05,2007-10-11,4,3,8,0.177778
59,2005-02-05,2007-10-11,4,4,4,0.088889
59,2005-02-05,2007-10-11,4,5,2,0.044444
59,2005-02-05,2007-10-11,4,6,1,0.022222
59,2005-02-05,2007-10-11,4,7,6,0.133333
59,2005-02-05,2007-10-11,4,8,5,0.111111
59,2005-02-05,2007-10-11,4,9,5,0.111111
59,2005-02-05,2007-10-11,5,1,6,0.139535
59,2005-02-05,2007-10-11,5,2,7,0.162791
59,2005-02-05,2007-10-11,5,3,5,0.116279
59,2005-02-05,2007-10-11,5,4,3,0.069767
59,2005-02-05,2007-10-11,5,5,2,0.046512
59,2005-02-05,2007-10-11,5,6,7,0.162791
59,2005-02-05,2007-10-11,5,7,4,0.093023
59,2005-02-05,2007-10-11,5,8,5,0.116279
59,2005-02-05,2007-10-11,5,9,4,0.093023
59,2005-02-05,2007-10-11,6,1,5,0.135135
59,2005-02-05,2007-10-11,6,2,3,0.081081
59,2005-02-05,2007-10-11,6,3,3,0.081081
59,2005-02-05,2007-10-11,6,4,4,0.108108
59,2005-02-05,2007-10-11,6,5,6,0.162162
59,2005-02-05,2007-10-11,6,6,3,0.081081
59,2005-02-05,2007-10-11,6,7,4,0.108108
59,2005-02-05,2007-10-11,6,8,8,0.216216
59,2005-02-05,2007-10-11,6,9,1,0.027027
59,2005-02-05,2007-10-11,7,1,4,0.085106
59,2005-02-05,2007-10-11,7,2,9,0.191489
59,2005-02-05,2007-10-11,7,3,2,0.042553
59,2005-02-05,2007-10-11,7,4,3,0.06383
59,2005-02-05,2007-10-11,7,5,8,0.170213
59,2005-02-05,2007-10-11,7,6,5,0.106383
59,2005-02-05,2007-10-11,7,7,4,0.085106
59,2005-02-05,2007-10-11,7,8,6,0.12766
59,2005-02-05,2007-10-11,7,9,6,0.12766
59,2005-02-05,2007-10-11,8,1,5,0.119048
59,2005-02-05,2007-10-11,8,2,5,0.119048
59,2005-02-05,2007-10-11,8,3,4,0.095238
59,2005-02-05,2007-10-11,8,4,6,0.142857
59,2005-02-05,2007-10-11,8,5,1,0.02381
59,2005-02-05,2007-10-11,8,6,6,0.142857
59,2005-02-05,2007-10-11,8,7,5,0.119048
59,2005-02-05,2007-10-11,8,8,6,0.142857
59,2005-02-05,2007-10-11,8,9,4,0.095238
59,2005-02-05,2007-10-11,9,1,10,0.263158
59,2005-02-05,2007-10-11,9,2,1,0.026316
59,2005-02-05,2007-10-11,9,3,6,0.157895
59,2005-02-05,2007-10-11,9,4,5,0.131579
59,2005-02-05,2007-10-11,9,5,6,0.157895
59,2005-02-05,2007-10-11,9,6,5,0.131579
59,2005-02-05,2007-10-11,9,7,3,0.078947
59,2005-02-05,2007-10-11,9,8,1,0.026316
59,2005-02-05,2007-10-11,9,9,1,0.026316
60,2005-11-10,2008-05-31,1,1,7,0.14
60,2005-11-10,2008-05-31,1,2,4,0.08
60,2005-11-10,2008-05-31,1,3,5,0.1
60,2005-11-10,2008-05-31,1,4,6,0.12
60,2005-11-10,2008-05-31,1,5,9,0.18
60,2005-11-10,2008-05-31,1,6,2,0.04
60,2005-11-10,2008-05-31,1,7,6,0.12
60,2005-11-10,2008-05-31,1,8,4,0.08
60,2005-11-10,2008-05-31,1,9,7,0.14
60,2005-11-10,2008-05-31,2,1,5,0.116279
60,2005-11-10,2008-05-31,2,2,5,0.116279
60,2005-11-10,2008-05-31,2,3,4,0.093023
60,2005-11-10,2008-05-31,2,4,3,0.069767
60,2005-11-10,2008-05-31,2,5,7,0.162791
60,2005-11-10,2008-05-31,2,6,6,0.139535
60,2005-11-10,2008-05-31,2,7,6,0.139535
60,2005-11-10,2008-05-31,2,8,2,0.046512
60,2005-11-10,2008-05-31,2,9,5,0.116279
60,2005-11-10,2008-05-31,3,1,6,0.139535
60,2005-11-10,2008-05-31,3,2,4,0.093023
60,2005-11-10,2008-05-31,3,3,4,0.093023
60,2005-11-10,2008-05-31,3,4,4,0.093023
60,2005-11-10,2008-05-31,3,5,5,0.116279
60,2005-11-10,2008-05-31,3,6,3,0.069767
60,2005-11-10,2008-05-31,3,7,10,0.232558
60,2005-11-10,2008-05-31,3,8,3,0.069767
60,2005-11-10,2008-05-31,3,9,4,0.093023
60,2005-11-10,2008-05-31,4,1,7,0.189189
60,2005-11-10,2008-05-31,4,2,4,0.108108
60,2005-11-10,2008-05-31,4,3,6,0.162162
60,2005-11-10,2008-05-31,4,4,5,0.135135
60,2005-11-10,2008-05-31,4,5,4,0.108108
60,2005-11-10,2008-05-31,4,6,1,0.027027
60,2005-11-10,2008-05-31,4,7,3,0.081081
60,2005-11-10,2008-05-31,4,8,3,0.081081
60,2005-11-10,2008-05-31,4,9,4,0.108108
60,2005-11-10,2008-05-31,5,1,6,0.122449
60,2005-11-10,2008-05-31,5,2,7,0.142857
60,2005-11-10,2008-05-31,5,3,6,0.122449
60,2005-11-10,2008-05-31,5,4,3,0.061224
60,2005-11-10,2008-05-31,5,5,3,0.061224
60,2005-11-10,2008-05-31,5,6,5,0.102041
60,2005-11-10,2008-05-31,5,7,6,0.122449
60,2005-11-10,2008-05-31,5,8,8,0.163265
60,2005-11-10,2008-05-31,5,9,5,0.102041
60,2005-11-10,2008-05-31,6,1,5,0.135135
60,2005-11-10,2008-05-31,6,2,3,0.081081
60,2005-11-10,2008-05-31,6,3,2,0.054054
60,2005-11-10,2008-05-31,6,4,4,0.108108
60,2005-11-10,2008-05-31,6,5,5,0.135135
60,2005-11-10,2008-05-31,6,6,4,0.108108
60,2005-11-10,2008-05-31,6,7,4,0.108108
60,2005-11-10,2008-05-31,6,8,8,0.216216
60,2005-11-10,2008-05-31,6,9,2,0.054054
60,2005-11-10,2008-05-31,7,1,3,0.057692
60,2005-11-10,2008-05-31,7,2,8,0.153846
60,2005-11-10,2008-05-31,7,3,4,0.076923
60,2005-11-10,2008-05-31,7,4,3,0.057692
60,2005-11-10,2008-05-31,7,5,10,0.192308
60,2005-11-10,2008-05-31,7,6,7,0.134615
60,2005-11-10,2008-05-31,7,7,6,0.115385
60,2005-11-10,2008-05-31,7,8,6,0.115385
60,2005-11-10,2008-05-31,7,9,5,0.096154
60,2005-11-10,2008-05-31,8,1,4,0.090909
60,2005-11-10,2008-05-31,8,2,4,0.090909
60,2005-11-10,2008-05-31,8,3,4,0.090909
60,2005-11-10,2008-05-31,8,4,5,0.113636
60,2005-11-10,2008-05-31,8,5,1,0.022727
60,2005-11-10,2008-05-31,8,6,5,0.113636
60,2005-11-10,2008-05-31,8,7,7,0.159091
60,2005-11-10,2008-05-31,8,8,8,0.181818
60,2005-11-10,2008-05-31,8,9,6,0.136364
60,2005-11-10,2008-05-31,9,1,7,0.155556
60,2005-11-10,2008-05-31,9,2,3,0.066667
60,2005-11-10,2008-05-31,9,3,8,0.177778
60,2005-11-10,2008-05-31,9,4,4,0.088889
60,2005-11-10,2008-05-31,9,5,5,0.111111
60,2005-11-10,2008-05-31,9,6,5,0.111111
60,2005-11-10,2008-05-31,9,7,4,0.088889
60,2005-11-10,2008-05-31,9,8,2,0.044444
60,2005-11-10,2008-05-31,9,9,7,0.155556
61,2006-07-01,2009-01-20,1,1,8,0.166667
61,2006-07-01,2009-01-20,1,2,6,0.125
61,2006-07-01,2009-01-20,1,3,4,0.083333
61,2006-07-01,2009-01-20,1,4,5,0.104167
61,2006-07-01,2009-01-20,1,5,6,0.125
61,2006-07-01,2009-01-20,1,6,2,0.041667
61,2006-07-01,2009-01-20,1,7,5,0.104167
61,2006-07-01,2009-01-20,1,8,6,0.125
61,2006-07-01,2009-01-20,1,9,6,0.125
61,2006-07-01,2009-01-20,2,1,6,0.142857
61,2006-07-01,2009-01-20,2,2,4,0.095238
61,2006-07-01,2009-01-20,2,3,5,0.119048
61,2006-07-01,2009-01-20,2,4,1,0.02381
61,2006-07-01,2009-01-20,2,5,6,0.142857
61,2006-07-01,2009-01-20,2,6,4,0.095238
61,2006-07-01,2009-01-20,2,7,8,0.190476
61,2006-07-01,2009-01-20,2,8,2,0.047619
61,2006-07-01,2009-01-20,2,9,6,0.142857
61,2006-07-01,2009-01-20,3,1,5,0.108696
61,2006-07-01,2009-01-20,3,2,5,0.108696
61,2006-07-01,2009-01-20,3,3,5,0.108696
61,2006-07-01,2009-01-20,3,4,4,0.086957
61,2006-07-01,2009-01-20,3,5,5,0.108696
61,2006-07-01,2009-01-20,3,6,5,0.108696
61,2006-07-01,2009-01-20,3,7,9,0.195652
61,2006-07-01,2009-01-20,3,8,2,0.043478
61,2006-07-01,2009-01-20,3,9,6,0.130435
61,2006-07-01,2009-01-20,4,1,4,0.133333
61,2006-07-01,2009-01-20,4,2,1,0.033333
61,2006-07-01,2009-01-20,4,3,3,0.1
61,2006-07-01,2009-01-20,4,4,5,0.166667
61,2006-07-01,2009-01-20,4,5,4,0.133333
61,2006-07-01,2009-01-20,4,6,1,0.033333
61,2006-07-01,2009-01-20,4,7,4,0.133333
61,2006-07-01,2009-01-20,4,8,4,0.133333
61,2006-07-01,2009-01-20,4,9,4,0.133333
61,2006-07-01,2009-01-20,5,1,4,0.088889
61,2006-07-01,2009-01-20,5,2,6,0.133333
61,2006-07-01,2009-01-20,5,3,8,0.177778
61,2006-07-01,2009-01-20,5,4,5,0.111111
61,2006-07-01,2009-01-20,5,5,3,0.066667
61,2006-07-01,2009-01-20,5,6,3,0.066667
61,2006-07-01,2009-01-20,5,7,5,0.111111
61,2006-07-01,2009-01-20,5,8,7,0.155556
61,2006-07-01,2009-01-20,5,9,4,0.088889
61,2006-07-01,2009-01-20,6,1,7,0.166667
61,2006-07-01,2009-01-20,6,2,4,0.095238
61,2006-07-01,2009-01-20,6,3,2,0.047619
61,2006-07-01,2009-01-20,6,4,3,0.071429
61,2006-07-01,2009-01-20,6,5,5,0.119048
61,2006-07-01,2009-01-20,6,6,5,0.119048
61,2006-07-01,2009-01-20,6,7,6,0.142857
61,2006-07-01,2009-01-20,6,8,7,0.166667
61,2006-07-01,2009-01-20,6,9,3,0.071429
61,2006-07-01,2009-01-20,7,1,3,0.056604
61,2006-07-01,2009-01-20,7,2,7,0.132075
61,2006-07-01,2009-01-20,7,3,5,0.09434
61,2006-07-01,2009-01-20,7,4,3,0.056604
61,2006-07-01,2009-01-20,7,5,9,0.169811
61,2006-07-01,2009-01-20,7,6,10,0.188679
61,2006-07-01,2009-01-20,7,7,4,0.075472
61,2006-07-01,2009-01-20,7,8,10,0.188679
61,2006-07-01,2009-01-20,7,9,2,0.037736
61,2006-07-01,2009-01-20,8,1,5,0.1
61,2006-07-01,2009-01-20,8,2,6,0.12
61,2006-07-01,2009-01-20,8,3,6,0.12
61,2006-07-01,2009-01-20,8,4,3,0.06
61,2006-07-01,2009-01-20,8,5,3,0.06
61,2006-07-01,2009-01-20,8,6,7,0.14
61,2006-07-01,2009-01-20,8,7,7,0.14
61,2006-07-01,2009-01-20,8,8,9,0.18
61,2006-07-01,2009-01-20,8,9,4,0.08
61,2006-07-01,2009-01-20,9,1,6,0.136364
61,2006-07-01,2009-01-20,9,2,3,0.068182
61,2006-07-01,2009-01-20,9,3,7,0.159091
61,2006-07-01,2009-01-20,9,4,1,0.022727
61,2006-07-01,2009-01-20,9,5,4,0.090909
61,2006-07-01,2009-01-20,9,6,5,0.113636
61,2006-07-01,2009-01-20,9,7,5,0.113636
61,2006-07-01,2009-01-20,9,8,4,0.090909
61,2006-07-01,2009-01-20,9,9,9,0.204545
62,2007-02-20,2009-09-10,1,1,5,0.111111
62,2007-02-20,2009-09-10,1,2,5,0.111111
62,2007-02-20,2009-09-10,1,3,5,0.111111
62,2007-02-20,2009-09-10,1,4,5,0.111111
62,2007-02-20,2009-09-10,1,5,6,0.133333
62,2007-02-20,2009-09-10,1,6,5,0.111111
62,2007-02-20,2009-09-10,1,7,5,0.111111
62,2007-02-20,2009-09-10,1,8,5,0.111111
62,2007-02-20,2009-09-10,1,9,4,0.088889
62,2007-02-20,2009-09-10,2,1,6,0.157895
62,2007-02-20,2009-09-10,2,2,5,0.131579
62,2007-02-20,2009-09-10,2,3,6,0.157895
62,2007-02-20,2009-09-10,2,4,1,0.026316
62,2007-02-20,2009-09-10,2,5,5,0.131579
62,2007-02-20,2009-09-10,2,6,3,0.078947
62,2007-02-20,2009-09-10,2,7,3,0.078947
62,2007-02-20,2009-09-10,2,8,2,0.052632
62,2007-02-20,2009-09-10,2,9,7,0.184211
62,2007-02-20,2009-09-10,3,1,2,0.043478
62,2007-02-20,2009-09-10,3,2,3,0.065217
62,2007-02-20,2009-09-10,3,3,4,0.086957
62,2007-02-20,2009-09-10,3,4,5,0.108696
62,2007-02-20,2009-09-10,3,5,8,0.173913
62,2007-02-20,2009-09-10,3,6,5,0.108696
62,2007-02-20,2009-09-10,3,7,9,0.195652
62,2007-02-20,2009-09-10,3,8,3,0.065217
62,2007-02-20,2009-09-10,3,9,7,0.152174
62,2007-02-20,2009-09-10,4,1,5,0.151515
62,2007-02-20,2009-09-10,4,2,1,0.030303
62,2007-02-20,2009-09-10,4,3,2,0.060606
62,2007-02-20,2009-09-10,4,4,5,0.151515
62,2007-02-20,2009-09-10,4,5,5,0.151515
62,2007-02-20,2009-09-10,4,6,2,0.060606
62,2007-02-20,2009-09-10,4,7,5,0.151515
62,2007-02-20,2009-09-10,4,8,5,0.151515
62,2007-02-20,2009-09-10,4,9,3,0.090909
62,2007-02-20,2009-09-10,5,1,5,0.104167
62,2007-02-20,2009-09-10,5,2,4,0.083333
62,2007-02-20,2009-09-10,5,3,10,0.208333
62,2007-02-20,2009-09-10,5,4,7,0.145833
62,2007-02-20,2009-09-10,5,5,2,0.041667
62,2007-02-20,2009-09-10,5,6,3,0.0625
62,2007-02-20,2009-09-10,5,7,5,0.104167
62,2007-02-20,2009-09-10,5,8,7,0.145833
62,2007-02-20,2009-09-10,5,9,5,0.104167
62,2007-02-20,2009-09-10,6,1,9,0.195652
62,2007-02-20,2009-09-10,6,2,2,0.043478
62,2007-02-20,2009-09-10,6,3,3,0.065217
62,2007-02-20,2009-09-10,6,4,4,0.086957
62,2007-02-20,2009-09-10,6,5,4,0.086957
62,2007-02-20,2009-09-10,6,6,5,0.108696
62,2007-02-20,2009-09-10,6,7,7,0.152174
62,2007-02-20,2009-09-10,6,8,7,0.152174
62,2007-02-20,2009-09-10,6,9,5,0.108696
62,2007-02-20,2009-09-10,7,1,2,0.041667
62,2007-02-20,2009-09-10,7,2,5,0.104167
62,2007-02-20,2009-09-10,7,3,5,0.104167
62,2007-02-20,2009-09-10,7,4,4,0.083333
62,2007-02-20,2009-09-10,7,5,8,0.166667
62,2007-02-20,2009-09-10,7,6,12,0.25
62,2007-02-20,2009-09-10,7,7,3,0.0625
62,2007-02-20,2009-09-10,7,8,8,0.166667
62,2007-02-20,2009-09-10,7,9,1,0.020833
62,2007-02-20,2009-09-10,8,1,4,0.081633
62,2007-02-20,2009-09-10,8,2,7,0.142857
62,2007-02-20,2009-09-10,8,3,7,0.142857
62,2007-02-20,2009-09-10,8,4,1,0.020408
62,2007-02-20,2009-09-10,8,5,5,0.102041
62,2007-02-20,2009-09-10,8,6,7,0.142857
62,2007-02-20,2009-09-10,8,7,7,0.142857
62,2007-02-20,2009-09-10,8,8,6,0.122449
62,2007-02-20,2009-09-10,8,9,5,0.102041
62,2007-02-20,2009-09-10,9,1,6,0.12766
62,2007-02-20,2009-09-10,9,2,6,0.12766
62,2007-02-20,2009-09-10,9,3,5,0.106383
62,2007-02-20,2009-09-10,9,4,1,0.021277
62,2007-02-20,2009-09-10,9,5,5,0.106383
62,2007-02-20,2009-09-10,9,6,4,0.085106
62,2007-02-20,2009-09-10,9,7,4,0.085106
62,2007-02-20,2009-09-10,9,8,6,0.12766
62,2007-02-20,2009-09-10,9,9,10,0.212766
63,2007-10-11,2010-05-03,1,1,3,0.066667
63,2007-10-11,2010-05-03,1,2,8,0.177778
63,2007-10-11,2010-05-03,1,3,4,0.088889
63,2007-10-11,2010-05-03,1,4,5,0.111111
63,2007-10-11,2010-05-03,1,5,5,0.111111
63,2007-10-11,2010-05-03,1,6,4,0.088889
63,2007-10-11,2010-05-03,1,7,5,0.111111
63,2007-10-11,2010-05-03,1,8,6,0.133333
63,2007-10-11,2010-05-03,1,9,5,0.111111
63,2007-10-11,2010-05-03,2,1,7,0.159091
63,2007-10-11,2010-05-03,2,2,5,0.113636
63,2007-10-11,2010-05-03,2,3,8,0.181818
63,2007-10-11,2010-05-03,2,4,3,0.068182
63,2007-10-11,2010-05-03,2,5,3,0.068182
63,2007-10-11,2010-05-03,2,6,3,0.068182
63,2007-10-11,2010-05-03,2,7,3,0.068182
63,2007-10-11,2010-05-03,2,8,3,0.068182
63,2007-10-11,2010-05-03,2,9,9,0.204545
63,2007-10-11,2010-05-03,3,1,4,0.081633
63,2007-10-11,2010-05-03,3,2,5,0.102041
63,2007-10-11,2010-05-03,3,3,5,0.102041
63,2007-10-11,2010-05-03,3,4,4,0.081633
63,2007-10-11,2010-05-03,3,5,7,0.142857
63,2007-10-11,2010-05-03,3,6,5,0.102041
63,2007-10-11,2010-05-03,3,7,9,0.183673
63,2007-10-11,2010-05-03,3,8,4,0.081633
63,2007-10-11,2010-05-03,3,9,6,0.122449
63,2007-10-11,2010-05-03,4,1,3,0.1
63,2007-10-11,2010-05-03,4,2,3,0.1
63,2007-10-11,2010-05-03,4,3,1,0.033333
63,2007-10-11,2010-05-03,4,4,4,0.133333
63,2007-10-11,2010-05-03,4,5,6,0.2
63,2007-10-11,2010-05-03,4,6,2,0.066667
63,2007-10-11,2010-05-03,4,7,4,0.133333
63,2007-10-11,2010-05-03,4,8,4,0.133333
63,2007-10-11,2010-05-03,4,9,3,0.1
63,2007-10-11,2010-05-03,5,1,6,0.130435
63,2007-10-11,2010-05-03,5,2,4,0.086957
63,2007-10-11,2010-05-03,5,3,11,0.23913
63,2007-10-11,2010-05-03,5,4,5,0.108696
63,2007-10-11,2010-05-03,5,5,3,0.065217
63,2007-10-11,2010-05-03,5,6,4,0.086957
63,2007-10-11,2010-05-03,5,7,4,0.086957
63,2007-10-11,2010-05-03,5,8,5,0.108696
63,2007-10-11,2010-05-03,5,9,4,0.086957
63,2007-10-11,2010-05-03,6,1,9,0.2
63,2007-10-11,2010-05-03,6,2,2,0.044444
63,2007-10-11,2010-05-03,6,3,2,0.044444
63,2007-10-11,2010-05-03,6,4,1,0.022222
63,2007-10-11,2010-05-03,6,5,6,0.133333
63,2007-10-11,2010-05-03,6,6,5,0.111111
63,2007-10-11,2010-05-03,6,7,7,0.155556
63,2007-10-11,2010-05-03,6,8,7,0.155556
63,2007-10-11,2010-05-03,6,9,6,0.133333
63,2007-10-11,2010-05-03,7,1,1,0.023256
63,2007-10-11,2010-05-03,7,2,4,0.093023
63,2007-10-11,2010-05-03,7,3,6,0.139535
63,2007-10-11,2010-05-03,7,4,5,0.116279
63,2007-10-11,2010-05-03,7,5,7,0.162791
63,2007-10-11,2010-05-03,7,6,11,0.255814
63,2007-10-11,2010-05-03,7,7,3,0.069767
63,2007-10-11,2010-05-03,7,8,5,0.116279
63,2007-10-11,2010-05-03,7,9,1,0.023256
63,2007-10-11,2010-05-03,8,1,4,0.081633
63,2007-10-11,2010-05-03,8,2,6,0.122449
63,2007-10-11,2010-05-03,8,3,8,0.163265
63,2007-10-11,2010-05-03,8,4,1,0.020408
63,2007-10-11,2010-05-03,8,5,5,0.102041
63,2007-10-11,2010-05-03,8,6,7,0.142857
63,2007-10-11,2010-05-03,8,7,5,0.102041
63,2007-10-11,2010-05-03,8,8,8,0.163265
63,2007-10-11,2010-05-03,8,9,5,0.102041
63,2007-10-11,2010-05-03,9,1,8,0.163265
63,2007-10-11,2010-05-03,9,2,7,0.142857
63,2007-10-11,2010-05-03,9,3,4,0.081633
63,2007-10-11,2010-05-03,9,4,3,0.061224
63,2007-10-11,2010-05-03,9,5,4,0.081633
63,2007-10-11,2010-05-03,9,6,3,0.061224
63,2007-10-11,2010-05-03,9,7,3,0.061224
63,2007-10-11,2010-05-03,9,8,7,0.142857
63,2007-10-11,2010-05-03,9,9,10,0.204082
64,2008-05-31,2010-12-21,1,1,3,0.06383
64,2008-05-31,2010-12-21,1,2,10,0.212766
64,2008-05-31,2010-12-21,1,3,4,0.085106
64,2008-05-31,2010-12-21,1,4,4,0.085106
64,2008-05-31,2010-12-21,1,5,5,0.106383
64,2008-05-31,2010-12-21,1,6,4,0.085106
64,2008-05-31,2010-12-21,1,7,5,0.106383
64,2008-05-31,2010-12-21,1,8,7,0.148936
64,2008-05-31,2010-12-21,1,9,5,0.106383
64,2008-05-31,2010-12-21,2,1,8,0.190476
64,2008-05-31,2010-12-21,2,2,2,0.047619
64,2008-05-31,2010-12-21,2,3,8,0.190476
64,2008-05-31,2010-12-21,2,4,4,0.095238
64,2008-05-31,2010-12-21,2,5,2,0.047619
64,2008-05-31,2010-12-21,2,6,3,0.071429
64,2008-05-31,2010-12-21,2,7,4,0.095238
64,2008-05-31,2010-12-21,2,8,4,0.095238
64,2008-05-31,2010-12-21,2,9,7,0.166667
64,2008-05-31,2010-12-21,3,1,4,0.083333
64,2008-05-31,2010-12-21,3,2,3,0.0625
64,2008-05-31,2010-12-21,3,3,4,0.083333
64,2008-05-31,2010-12-21,3,4,6,0.125
64,2008-05-31,2010-12-21,3,5,8,0.166667
64,2008-05-31,2010-12-21,3,6,4,0.083333
64,2008-05-31,2010-12-21,3,7,7,0.145833
64,2008-05-31,2010-12-21,3,8,5,0.104167
64,2008-05-31,2010-12-21,3,9,7,0.145833
64,2008-05-31,2010-12-21,4,1,3,0.085714
64,2008-05-31,2010-12-21,4,2,4,0.114286
64,2008-05-31,2010-12-21,4,3,5,0.142857
64,2008-05-31,2010-12-21,4,4,3,0.085714
64,2008-05-31,2010-12-21,4,5,4,0.114286
64,2008-05-31,2010-12-21,4,6,3,0.085714
64,2008-05-31,2010-12-21,4,7,4,0.114286
64,2008-05-31,2010-12-21,4,8,6,0.171429
64,2008-05-31,2010-12-21,4,9,3,0.085714
64,2008-05-31,2010-12-21,5,1,7,0.14
64,2008-05-31,2010-12-21,5,2,3,0.06
64,2008-05-31,2010-12-21,5,3,10,0.2
64,2008-05-31,2010-12-21,5,4,5,0.1
64,2008-05-31,2010-12-21,5,5,3,0.06
64,2008-05-31,2010-12-21,5,6,5,0.1
64,2008-05-31,2010-12-21,5,7,6,0.12
64,2008-05-31,2010-12-21,5,8,4,0.08
64,2008-05-31,2010-12-21,5,9,7,0.14
64,2008-05-31,2010-12-21,6,1,8,0.195122
64,2008-05-31,2010-12-21,6,2,2,0.04878
64,2008-05-31,2010-12-21,6,3,2,0.04878
64,2008-05-31,2010-12-21,6,4,2,0.04878
64,2008-05-31,2010-12-21,6,5,7,0.170732
64,2008-05-31,2010-12-21,6,6,4,0.097561
64,2008-05-31,2010-12-21,6,7,8,0.195122
64,2008-05-31,2010-12-21,6,8,4,0.097561
64,2008-05-31,2010-12-21,6,9,4,0.097561
64,2008-05-31,2010-12-21,7,1,2,0.046512
64,2008-05-31,2010-12-21,7,2,7,0.162791
64,2008-05-31,2010-12-21,7,3,5,0.116279
64,2008-05-31,2010-12-21,7,4,4,0.093023
64,2008-05-31,2010-12-21,7,5,7,0.162791
64,2008-05-31,2010-12-21,7,6,9,0.209302
64,2008-05-31,2010-12-21,7,7,2,0.046512
64,2008-05-31,2010-12-21,7,8,6,0.139535
64,2008-05-31,2010-12-21,7,9,1,0.023256
64,2008-05-31,2010-12-21,8,1,6,0.117647
64,2008-05-31,2010-12-21,8,2,5,0.098039
64,2008-05-31,2010-12-21,8,3,7,0.137255
64,2008-05-31,2010-12-21,8,4,2,0.039216
64,2008-05-31,2010-12-21,8,5,7,0.137255
64,2008-05-31,2010-12-21,8,6,6,0.117647
64,2008-05-31,2010-12-21,8,7,5,0.098039
64,2008-05-31,2010-12-21,8,8,8,0.156863
64,2008-05-31,2010-12-21,8,9,5,0.098039
64,2008-05-31,2010-12-21,9,1,6,0.139535
64,2008-05-31,2010-12-21,9,2,6,0.139535
64,2008-05-31,2010-12-21,9,3,4,0.093023
64,2008-05-31,2010-12-21,9,4,5,0.116279
64,2008-05-31,2010-12-21,9,5,7,0.162791
64,2008-05-31,2010-12-21,9,6,2,0.046512
64,2008-05-31,2010-12-21,9,7,2,0.046512
64,2008-05-31,2010-12-21,9,8,7,0.162791
64,2008-05-31,2010-12-21,9,9,4,0.093023
65,2009-01-20,2011-08-11,1,1,3,0.058824
65,2009-01-20,2011-08-11,1,2,8,0.156863
65,2009-01-20,2011-08-11,1,3,4,0.078431
65,2009-01-20,2011-08-11,1,4,6,0.117647
65,2009-01-20,2011-08-11,1,5,6,0.117647
65,2009-01-20,2011-08-11,1,6,6,0.117647
65,2009-01-20,2011-08-11,1,7,3,0.058824
65,2009-01-20,2011-08-11,1,8,8,0.156863
65,2009-01-20,2011-08-11,1,9,7,0.137255
65,2009-01-20,2011-08-11,2,1,7,0.189189
65,2009-01-20,2011-08-11,2,2,2,0.054054
65,2009-01-20,2011-08-11,2,3,6,0.162162
65,2009-01-20,2011-08-11,2,4,5,0.135135
65,2009-01-20,2011-08-11,2,5,1,0.027027
65,2009-01-20,2011-08-11,2,6,4,0.108108
65,2009-01-20,2011-08-11,2,7,2,0.054054
65,2009-01-20,2011-08-11,2,8,3,0.081081
65,2009-01-20,2011-08-11,2,9,7,0.189189
65,2009-01-20,2011-08-11,3,1,5,0.113636
65,2009-01-20,2011-08-11,3,2,2,0.045455
65,2009-01-20,2011-08-11,3,3,4,0.090909
65,2009-01-20,2011-08-11,3,4,5,0.113636
65,2009-01-20,2011-08-11,3,5,8,0.181818
65,2009-01-20,2011-08-11,3,6,2,0.045455
65,2009-01-20,2011-08-11,3,7,5,0.113636
65,2009-01-20,2011-08-11,3,8,7,0.159091
65,2009-01-20,2011-08-11,3,9,6,0.136364
65,2009-01-20,2011-08-11,4,1,6,0.157895
65,2009-01-20,2011-08-11,4,2,5,0.131579
65,2009-01-20,2011-08-11,4,3,6,0.157895
65,2009-01-20,2011-08-11,4,4,2,0.052632
65,2009-01-20,2011-08-11,4,5,4,0.105263
65,2009-01-20,2011-08-11,4,6,3,0.078947
65,2009-01-20,2011-08-11,4,7,5,0.131579
65,2009-01-20,2011-08-11,4,8,4,0.105263
65,2009-01-20,2011-08-11,4,9,3,0.078947
65,2009-01-20,2011-08-11,5,1,10,0.181818
65,2009-01-20,2011-08-11,5,2,3,0.054545
65,2009-01-20,2011-08-11,5,3,8,0.145455
65,2009-01-20,2011-08-11,5,4,4,0.072727
65,2009-01-20,2011-08-11,5,5,3,0.054545
65,2009-01-20,2011-08-11,5,6,9,0.163636
65,2009-01-20,2011-08-11,5,7,8,0.145455
65,2009-01-20,2011-08-11,5,8,3,0.054545
65,2009-01-20,2011-08-11,5,9,7,0.127273
65,2009-01-20,2011-08-11,6,1,5,0.116279
65,2009-01-20,2011-08-11,6,2,1,0.023256
65,2009-01-20,2011-08-11,6,3,5,0.116279
65,2009-01-20,2011-08-11,6,4,4,0.093023
65,2009-01-20,2011-08-11,6,5,7,0.162791
65,2009-01-20,2011-08-11,6,6,5,0.116279
65,2009-01-20,2011-08-11,6,7,9,0.209302
65,2009-01-20,2011-08-11,6,8,3,0.069767
65,2009-01-20,2011-08-11,6,9,4,0.093023
65,2009-01-20,2011-08-11,7,1,3,0.071429
65,2009-01-20,2011-08-11,7,2,6,0.142857
65,2009-01-20,2011-08-11,7,3,6,0.142857
65,2009-01-20,2011-08-11,7,4,4,0.095238
65,2009-01-20,2011-08-11,7,5,9,0.214286
65,2009-01-20,2011-08-11,7,6,6,0.142857
65,2009-01-20,2011-08-11,7,7,4,0.095238
65,2009-01-20,2011-08-11,7,8,2,0.047619
65,2009-01-20,2011-08-11,7,9,2,0.047619
65,2009-01-20,2011-08-11,8,1,5,0.106383
65,2009-01-20,2011-08-11,8,2,4,0.085106
65,2009-01-20,2011-08-11,8,3,4,0.085106
65,2009-01-20,2011-08-11,8,4,3,0.06383
65,2009-01-20,2011-08-11,8,5,7,0.148936
65,2009-01-20,2011-08-11,8,6,6,0.12766
65,2009-01-20,2011-08-11,8,7,5,0.106383
65,2009-01-20,2011-08-11,8,8,8,0.170213
65,2009-01-20,2011-08-11,8,9,5,0.106383
65,2009-01-20,2011-08-11,9,1,7,0.162791
65,2009-01-20,2011-08-11,9,2,6,0.139535
65,2009-01-20,2011-08-11,9,3,2,0.046512
65,2009-01-20,2011-08-11,9,4,5,0.116279
65,2009-01-20,2011-08-11,9,5,10,0.232558
65,2009-01-20,2011-08-11,9,6,2,0.046512
65,2009-01-20,2011-08-11,9,7,1,0.023256
65,2009-01-20,2011-08-11,9,8,8,0.186047
65,2009-01-20,2011-08-11,9,9,2,0.046512
66,2009-09-10,2012-03-31,1,1,6,0.111111
66,2009-09-10,2012-03-31,1,2,7,0.12963
66,2009-09-10,2012-03-31,1,3,5,0.092593
66,2009-09-10,2012-03-31,1,4,8,0.148148
66,2009-09-10,2012-03-31,1,5,3,0.055556
66,2009-09-10,2012-03-31,1,6,3,0.055556
66,2009-09-10,2012-03-31,1,7,4,0.074074
66,2009-09-10,2012-03-31,1,8,11,0.203704
66,2009-09-10,2012-03-31,1,9,7,0.12963
66,2009-09-10,2012-03-31,2,1,6,0.176471
66,2009-09-10,2012-03-31,2,2,1,0.029412
66,2009-09-10,2012-03-31,2,3,5,0.147059
66,2009-09-10,2012-03-31,2,4,4,0.117647
66,2009-09-10,2012-03-31,2,5,2,0.058824
66,2009-09-10,2012-03-31,2,6,4,0.117647
66,2009-09-10,2012-03-31,2,7,4,0.117647
66,2009-09-10,2012-03-31,2,8,3,0.088235
66,2009-09-10,2012-03-31,2,9,5,0.147059
66,2009-09-10,2012-03-31,3,1,7,0.152174
66,2009-09-10,2012-03-31,3,2,2,0.043478
66,2009-09-10,2012-03-31,3,3,6,0.130435
66,2009-09-10,2012-03-31,3,4,4,0.086957
66,2009-09-10,2012-03-31,3,5,7,0.152174
66,2009-09-10,2012-03-31,3,6,3,0.065217
66,2009-09-10,2012-03-31,3,7,4,0.086957
66,2009-09-10,2012-03-31,3,8,7,0.152174
66,2009-09-10,2012-03-31,3,9,6,0.130435
66,2009-09-10,2012-03-31,4,1,6,0.162162
66,2009-09-10,2012-03-31,4,2,5,0.135135
66,2009-09-10,2012-03-31,4,3,5,0.135135
66,2009-09-10,2012-03-31,4,4,4,0.108108
66,2009-09-10,2012-03-31,4,5,3,0.081081
66,2009-09-10,2012-03-31,4,6,3,0.081081
66,2009-09-10,2012-03-31,4,7,4,0.108108
66,2009-09-10,2012-03-31,4,8,4,0.108108
66,2009-09-10,2012-03-31,4,9,3,0.081081
66,2009-09-10,2012-03-31,5,1,8,0.142857
66,2009-09-10,2012-03-31,5,2,5,0.089286
66,2009-09-10,2012-03-31,5,3,5,0.089286
66,2009-09-10,2012-03-31,5,4,4,0.071429
66,2009-09-10,2012-03-31,5,5,6,0.107143
66,2009-09-10,2012-03-31,5,6,7,0.125
66,2009-09-10,2012-03-31,5,7,10,0.178571
66,2009-09-10,2012-03-31,5,8,4,0.071429
66,2009-09-10,2012-03-31,5,9,7,0.125
66,2009-09-10,2012-03-31,6,1,2,0.05
66,2009-09-10,2012-03-31,6,2,1,0.025
66,2009-09-10,2012-03-31,6,3,5,0.125
66,2009-09-10,2012-03-31,6,4,3,0.075
66,2009-09-10,2012-03-31,6,5,8,0.2
66,2009-09-10,2012-03-31,6,6,7,0.175
66,2009-09-10,2012-03-31,6,7,7,0.175
66,2009-09-10,2012-03-31,6,8,3,0.075
66,2009-09-10,2012-03-31,6,9,4,0.1
66,2009-09-10,2012-03-31,7,1,6,0.130435
66,2009-09-10,2012-03-31,7,2,7,0.152174
66,2009-09-10,2012-03-31,7,3,7,0.152174
66,2009-09-10,2012-03-31,7,4,4,0.086957
66,2009-09-10,2012-03-31,7,5,9,0.195652
66,2009-09-10,2012-03-31,7,6,4,0.086957
66,2009-09-10,2012-03-31,7,7,6,0.130435
66,2009-09-10,2012-03-31,7,8,1,0.021739
66,2009-09-10,2012-03-31,7,9,2,0.043478
66,2009-09-10,2012-03-31,8,1,6,0.133333
66,2009-09-10,2012-03-31,8,2,3,0.066667
66,2009-09-10,2012-03-31,8,3,3,0.066667
66,2009-09-10,2012-03-31,8,4,2,0.044444
66,2009-09-10,2012-03-31,8,5,7,0.155556
66,2009-09-10,2012-03-31,8,6,8,0.177778
66,2009-09-10,2012-03-31,8,7,4,0.088889
66,2009-09-10,2012-03-31,8,8,8,0.177778
66,2009-09-10,2012-03-31,8,9,4,0.088889
66,2009-09-10,2012-03-31,9,1,7,0.166667
66,2009-09-10,2012-03-31,9,2,3,0.071429
66,2009-09-10,2012-03-31,9,3,4,0.095238
66,2009-09-10,2012-03-31,9,4,4,0.095238
66,2009-09-10,2012-03-31,9,5,11,0.261905
66,2009-09-10,2012-03-31,9,6,1,0.02381
66,2009-09-10,2012-03-31,9,7,3,0.071429
66,2009-09-10,2012-03-31,9,8,5,0.119048
66,2009-09-10,2012-03-31,9,9,4,0.095238
67,2010-05-03,2012-11-20,1,1,8,0.140351
67,2010-05-03,2012-11-20,1,2,4,0.070175
67,2010-05-03,2012-11-20,1,3,9,0.157895
67,2010-05-03,2012-11-20,1,4,5,0.087719
67,2010-05-03,2012-11-20,1,5,4,0.070175
67,2010-05-03,2012-11-20,1,6,4,0.070175
67,2010-05-03,2012-11-20,1,7,3,0.052632
67,2010-05-03,2012-11-20,1,8,13,0.22807
67,2010-05-03,2012-11-20,1,9,7,0.122807
67,2010-05-03,2012-11-20,2,1,4,0.166667
67,2010-05-03,2012-11-20,2,2,0,0.0
67,2010-05-03,2012-11-20,2,3,2,0.083333
67,2010-05-03,2012-11-20,2,4,4,0.166667
67,2010-05-03,2012-11-20,2,5,3,0.125
67,2010-05-03,2012-11-20,2,6,3,0.125
67,2010-05-03,2012-11-20,2,7,4,0.166667
67,2010-05-03,2012-11-20,2,8,2,0.083333
67,2010-05-03,2012-11-20,2,9,2,0.083333
67,2010-05-03,2012-11-20,3,1,6,0.12766
67,2010-05-03,2012-11-20,3,2,1,0.021277
67,2010-05-03,2012-11-20,3,3,10,0.212766
67,2010-05-03,2012-11-20,3,4,5,0.106383
67,2010-05-03,2012-11-20,3,5,7,0.148936
67,2010-05-03,2012-11-20,3,6,2,0.042553
67,2010-05-03,2012-11-20,3,7,4,0.085106
67,2010-05-03,2012-11-20,3,8,5,0.106383
67,2010-05-03,2012-11-20,3,9,7,0.148936
67,2010-05-03,2012-11-20,4,1,9,0.209302
67,2010-05-03,2012-11-20,4,2,5,0.116279
67,2010-05-03,2012-11-20,4,3,5,0.116279
67,2010-05-03,2012-11-20,4,4,6,0.139535
67,2010-05-03,2012-11-20,4,5,3,0.069767
67,2010-05-03,2012-11-20,4,6,3,0.069767
67,2010-05-03,2012-11-20,4,7,2,0.046512
67,2010-05-03,2012-11-20,4,8,6,0.139535
67,2010-05-03,2012-11-20,4,9,4,0.093023
67,2010-05-03,2012-11-20,5,1,7,0.125
67,2010-05-03,2012-11-20,5,2,4,0.071429
67,2010-05-03,2012-11-20,5,3,3,0.053571
67,2010-05-03,2012-11-20,5,4,6,0.107143
67,2010-05-03,2012-11-20,5,5,7,0.125
67,2010-05-03,2012-11-20,5,6,7,0.125
67,2010-05-03,2012-11-20,5,7,9,0.160714
67,2010-05-03,2012-11-20,5,8,4,0.071429
67,2010-05-03,2012-11-20,5,9,9,0.160714
67,2010-05-03,2012-11-20,6,1,4,0.1
67,2010-05-03,2012-11-20,6,2,1,0.025
67,2010-05-03,2012-11-20,6,3,5,0.125
67,2010-05-03,2012-11-20,6,4,4,0.1
67,2010-05-03,2012-11-20,6,5,5,0.125
67,2010-05-03,2012-11-20,6,6,6,0.15
67,2010-05-03,2012-11-20,6,7,7,0.175
67,2010-05-03,2012-11-20,6,8,2,0.05
67,2010-05-03,2012-11-20,6,9,6,0.15
67,2010-05-03,2012-11-20,7,1,6,0.142857
67,2010-05-03,2012-11-20,7,2,5,0.119048
67,2010-05-03,2012-11-20,7,3,6,0.142857
67,2010-05-03,2012-11-20,7,4,3,0.071429
67,2010-05-03,2012-11-20,7,5,7,0.166667
67,2010-05-03,2012-11-20,7,6,6,0.142857
67,2010-05-03,2012-11-20,7,7,5,0.119048
67,2010-05-03,2012-11-20,7,8,1,0.02381
67,2010-05-03,2012-11-20,7,9,3,0.071429
67,2010-05-03,2012-11-20,8,1,4,0.093023
67,2010-05-03,2012-11-20,8,2,3,0.069767
67,2010-05-03,2012-11-20,8,3,1,0.023256
67,2010-05-03,2012-11-20,8,4,3,0.069767
67,2010-05-03,2012-11-20,8,5,10,0.232558
67,2010-05-03,2012-11-20,8,6,8,0.186047
67,2010-05-03,2012-11-20,8,7,4,0.093023
67,2010-05-03,2012-11-20,8,8,5,0.116279
67,2010-05-03,2012-11-20,8,9,5,0.116279
67,2010-05-03,2012-11-20,9,1,9,0.1875
67,2010-05-03,2012-11-20,9,2,1,0.020833
67,2010-05-03,2012-11-20,9,3,6,0.125
67,2010-05-03,2012-11-20,9,4,6,0.125
67,2010-05-03,2012-11-20,9,5,10,0.208333
67,2010-05-03,2012-11-20,9,6,1,0.020833
67,2010-05-03,2012-11-20,9,7,4,0.083333
67,2010-05-03,2012-11-20,9,8,5,0.104167
67,2010-05-03,2012-11-20,9,9,6,0.125
68,2010-12-21,2013-07-11,1,1,9,0.147541
68,2010-12-21,2013-07-11,1,2,2,0.032787
68,2010-12-21,2013-07-11,1,3,7,0.114754
68,2010-12-21,2013-07-11,1,4,4,0.065574
68,2010-12-21,2013-07-11,1,5,8,0.131148
68,2010-12-21,2013-07-11,1,6,6,0.098361
68,2010-12-21,2013-07-11,1,7,6,0.098361
68,2010-12-21,2013-07-11,1,8,13,0.213115
68,2010-12-21,2013-07-11,1,9,6,0.098361
68,2010-12-21,2013-07-11,2,1,5,0.208333
68,2010-12-21,2013-07-11,2,2,0,0.0
68,2010-12-21,2013-07-11,2,3,2,0.083333
68,2010-12-21,2013-07-11,2,4,3,0.125
68,2010-12-21,2013-07-11,2,5,3,0.125
68,2010-12-21,2013-07-11,2,6,3,0.125
68,2010-12-21,2013-07-11,2,7,4,0.166667
68,2010-12-21,2013-07-11,2,8,2,0.083333
68,2010-12-21,2013-07-11,2,9,2,0.083333
68,2010-12-21,2013-07-11,3,1,5,0.104167
68,2010-12-21,2013-07-11,3,2,3,0.0625
68,2010-12-21,2013-07-11,3,3,10,0.208333
68,2010-12-21,2013-07-11,3,4,5,0.104167
68,2010-12-21,2013-07-11,3,5,6,0.125
68,2010-12-21,2013-07-11,3,6,3,0.0625
68,2010-12-21,2013-07-11,3,7,4,0.083333
68,2010-12-21,2013-07-11,3,8,5,0.104167
68,2010-12-21,2013-07-11,3,9,7,0.145833
68,2010-12-21,2013-07-11,4,1,8,0.216216
68,2010-12-21,2013-07-11,4,2,4,0.108108
68,2010-12-21,2013-07-11,4,3,1,0.027027
68,2010-12-21,2013-07-11,4,4,5,0.135135
68,2010-12-21,2013-07-11,4,5,3,0.081081
68,2010-12-21,2013-07-11,4,6,3,0.081081
68,2010-12-21,2013-07-11,4,7,2,0.054054
68,2010-12-21,2013-07-11,4,8,5,0.135135
68,2010-12-21,2013-07-11,4,9,6,0.162162
68,2010-12-21,2013-07-11,5,1,7,0.132075
68,2010-12-21,2013-07-11,5,2,5,0.09434
68,2010-12-21,2013-07-11,5,3,7,0.132075
68,2010-12-21,2013-07-11,5,4,5,0.09434
68,2010-12-21,2013-07-11,5,5,7,0.132075
68,2010-12-21,2013-07-11,5,6,7,0.132075
68,2010-12-21,2013-07-11,5,7,6,0.113208
68,2010-12-21,2013-07-11,5,8,3,0.056604
68,2010-12-21,2013-07-11,5,9,6,0.113208
68,2010-12-21,2013-07-11,6,1,7,0.148936
68,2010-12-21,2013-07-11,6,2,1,0.021277
68,2010-12-21,2013-07-11,6,3,5,0.106383
68,2010-12-21,2013-07-11,6,4,4,0.085106
68,2010-12-21,2013-07-11,6,5,5,0.106383
68,2010-12-21,2013-07-11,6,6,8,0.170213
68,2010-12-21,2013-07-11,6,7,6,0.12766
68,2010-12-21,2013-07-11,6,8,2,0.042553
68,2010-12-21,2013-07-11,6,9,9,0.191489
68,2010-12-21,2013-07-11,7,1,6,0.153846
68,2010-12-21,2013-07-11,7,2,3,0.076923
68,2010-12-21,2013-07-11,7,3,8,0.205128
68,2010-12-21,2013-07-11,7,4,4,0.102564
68,2010-12-21,2013-07-11,7,5,5,0.128205
68,2010-12-21,2013-07-11,7,6,5,0.128205
68,2010-12-21,2013-07-11,7,7,4,0.102564
68,2010-12-21,2013-07-11,7,8,1,0.025641
68,2010-12-21,2013-07-11,7,9,3,0.076923
68,2010-12-21,2013-07-11,8,1,3,0.076923
68,2010-12-21,2013-07-11,8,2,3,0.076923
68,2010-12-21,2013-07-11,8,3,1,0.025641
68,2010-12-21,2013-07-11,8,4,3,0.076923
68,2010-12-21,2013-07-11,8,5,8,0.205128
68,2010-12-21,2013-07-11,8,6,10,0.25641
68,2010-12-21,2013-07-11,8,7,2,0.051282
68,2010-12-21,2013-07-11,8,8,4,0.102564
68,2010-12-21,2013-07-11,8,9,5,0.128205
68,2010-12-21,2013-07-11,9,1,11,0.211538
68,2010-12-21,2013-07-11,9,2,3,0.057692
68,2010-12-21,2013-07-11,9,3,7,0.134615
68,2010-12-21,2013-07-11,9,4,4,0.076923
68,2010-12-21,2013-07-11,9,5,8,0.153846
68,2010-12-21,2013-07-11,9,6,2,0.038462
68,2010-12-21,2013-07-11,9,7,5,0.096154
68,2010-12-21,2013-07-11,9,8,4,0.076923
68,2010-12-21,2013-07-11,9,9,8,0.153846
69,2011-08-11,2014-03-01,1,1,8,0.145455
69,2011-08-11,2014-03-01,1,2,3,0.054545
69,2011-08-11,2014-03-01,1,3,8,0.145455
69,2011-08-11,2014-03-01,1,4,3,0.054545
69,2011-08-11,2014-03-01,1,5,7,0.127273
69,2011-08-11,2014-03-01,1,6,4,0.072727
69,2011-08-11,2014-03-01,1,7,7,0.127273
69,2011-08-11,2014-03-01,1,8,11,0.2
69,2011-08-11,2014-03-01,1,9,4,0.072727
69,2011-08-11,2014-03-01,2,1,4,0.117647
69,2011-08-11,2014-03-01,2,2,2,0.058824
69,2011-08-11,2014-03-01,2,3,3,0.088235
69,2011-08-11,2014-03-01,2,4,3,0.088235
69,2011-08-11,2014-03-01,2,5,6,0.176471
69,2011-08-11,2014-03-01,2,6,4,0.117647
69,2011-08-11,2014-03-01,2,7,5,0.147059
69,2011-08-11,2014-03-01,2,8,5,0.147059
69,2011-08-11,2014-03-01,2,9,2,0.058824
69,2011-08-11,2014-03-01,3,1,4,0.078431
69,2011-08-11,2014-03-01,3,2,4,0.078431
69,2011-08-11,2014-03-01,3,3,9,0.176471
69,2011-08-11,2014-03-01,3,4,4,0.078431
69,2011-08-11,2014-03-01,3,5,7,0.137255
69,2011-08-11,2014-03-01,3,6,5,0.098039
69,2011-08-11,2014-03-01,3,7,5,0.098039
69,2011-08-11,2014-03-01,3,8,5,0.098039
69,2011-08-11,2014-03-01,3,9,8,0.156863
69,2011-08-11,2014-03-01,4,1,7,0.184211
69,2011-08-11,2014-03-01,4,2,4,0.105263
69,2011-08-11,2014-03-01,4,3,2,0.052632
69,2011-08-11,2014-03-01,4,4,7,0.184211
69,2011-08-11,2014-03-01,4,5,3,0.078947
69,2011-08-11,2014-03-01,4,6,2,0.052632
69,2011-08-11,2014-03-01,4,7,0,0.0
69,2011-08-11,2014-03-01,4,8,6,0.157895
69,2011-08-11,2014-03-01,4,9,7,0.184211
69,2011-08-11,2014-03-01,5,1,6,0.111111
69,2011-08-11,2014-03-01,5,2,5,0.092593
69,2011-08-11,2014-03-01,5,3,9,0.166667
69,2011-08-11,2014-03-01,5,4,5,0.092593
69,2011-08-11,2014-03-01,5,5,12,0.222222
69,2011-08-11,2014-03-01,5,6,3,0.055556
69,2011-08-11,2014-03-01,5,7,6,0.111111
69,2011-08-11,2014-03-01,5,8,3,0.055556
69,2011-08-11,2014-03-01,5,9,5,0.092593
69,2011-08-11,2014-03-01,6,1,7,0.175
69,2011-08-11,2014-03-01,6,2,2,0.05
69,2011-08-11,2014-03-01,6,3,4,0.1
69,2011-08-11,2014-03-01,6,4,3,0.075
69,2011-08-11,2014-03-01,6,5,4,0.1
69,2011-08-11,2014-03-01,6,6,7,0.175
69,2011-08-11,2014-03-01,6,7,4,0.1
69,2011-08-11,2014-03-01,6,8,1,0.025
69,2011-08-11,2014-03-01,6,9,8,0.2
69,2011-08-11,2014-03-01,7,1,6,0.157895
69,2011-08-11,2014-03-01,7,2,5,0.131579
69,2011-08-11,2014-03-01,7,3,6,0.157895
69,2011-08-11,2014-03-01,7,4,3,0.078947
69,2011-08-11,2014-03-01,7,5,5,0.131579
69,2011-08-11,2014-03-01,7,6,5,0.131579
69,2011-08-11,2014-03-01,7,7,4,0.105263
69,2011-08-11,2014-03-01,7,8,2,0.052632
69,2011-08-11,2014-03-01,7,9,2,0.052632
69,2011-08-11,2014-03-01,8,1,3,0.073171
69,2011-08-11,2014-03-01,8,2,4,0.097561
69,2011-08-11,2014-03-01,8,3,2,0.04878
69,2011-08-11,2014-03-01,8,4,4,0.097561
69,2011-08-11,2014-03-01,8,5,7,0.170732
69,2011-08-11,2014-03-01,8,6,9,0.219512
69,2011-08-11,2014-03-01,8,7,1,0.02439
69,2011-08-11,2014-03-01,8,8,6,0.146341
69,2011-08-11,2014-03-01,8,9,5,0.121951
69,2011-08-11,2014-03-01,9,1,10,0.204082
69,2011-08-11,2014-03-01,9,2,5,0.102041
69,2011-08-11,2014-03-01,9,3,7,0.142857
69,2011-08-11,2014-03-01,9,4,6,0.122449
69,2011-08-11,2014-03-01,9,5,4,0.081633
69,2011-08-11,2014-03-01,9,6,1,0.020408
69,2011-08-11,2014-03-01,9,7,6,0.122449
69,2011-08-11,2014-03-01,9,8,2,0.040816
69,2011-08-11,2014-03-01,9,9,8,0.163265
70,2012-03-31,2014-10-21,1,1,6,0.109091
70,2012-03-31,2014-10-21,1,2,5,0.090909
70,2012-03-31,2014-10-21,1,3,8,0.145455
70,2012-03-31,2014-10-21,1,4,3,0.054545
70,2012-03-31,2014-10-21,1,5,8,0.145455
70,2012-03-31,2014-10-21,1,6,5,0.090909
70,2012-03-31,2014-10-21,1,7,7,0.127273
70,2012-03-31,2014-10-21,1,8,9,0.163636
70,2012-03-31,2014-10-21,1,9,4,0.072727
70,2012-03-31,2014-10-21,2,1,4,0.1
70,2012-03-31,2014-10-21,2,2,5,0.125
70,2012-03-31,2014-10-21,2,3,5,0.125
70,2012-03-31,2014-10-21,2,4,6,0.15
70,2012-03-31,2014-10-21,2,5,7,0.175
70,2012-03-31,2014-10-21,2,6,4,0.1
70,2012-03-31,2014-10-21,2,7,4,0.1
70,2012-03-31,2014-10-21,2,8,4,0.1
70,2012-03-31,2014-10-21,2,9,1,0.025
70,2012-03-31,2014-10-21,3,1,4,0.076923
70,2012-03-31,2014-10-21,3,2,6,0.115385
70,2012-03-31,2014-10-21,3,3,9,0.173077
70,2012-03-31,2014-10-21,3,4,4,0.076923
70,2012-03-31,2014-10-21,3,5,6,0.115385
70,2012-03-31,2014-10-21,3,6,4,0.076923
70,2012-03-31,2014-10-21,3,7,6,0.115385
70,2012-03-31,2014-10-21,3,8,7,0.134615
70,2012-03-31,2014-10-21,3,9,6,0.115385
70,2012-03-31,2014-10-21,4,1,7,0.179487
70,2012-03-31,2014-10-21,4,2,5,0.128205
70,2012-03-31,2014-10-21,4,3,3,0.076923
70,2012-03-31,2014-10-21,4,4,4,0.102564
70,2012-03-31,2014-10-21,4,5,5,0.128205
70,2012-03-31,2014-10-21,4,6,2,0.051282
70,2012-03-31,2014-10-21,4,7,1,0.025641
70,2012-03-31,2014-10-21,4,8,5,0.128205
70,2012-03-31,2014-10-21,4,9,7,0.179487
70,2012-03-31,2014-10-21,5,1,10,0.185185
70,2012-03-31,2014-10-21,5,2,4,0.074074
70,2012-03-31,2014-10-21,5,3,8,0.148148
70,2012-03-31,2014-10-21,5,4,4,0.074074
70,2012-03-31,2014-10-21,5,5,10,0.185185
70,2012-03-31,2014-10-21,5,6,4,0.074074
70,2012-03-31,2014-10-21,5,7,5,0.092593
70,2012-03-31,2014-10-21,5,8,3,0.055556
70,2012-03-31,2014-10-21,5,9,6,0.111111
70,2012-03-31,2014-10-21,6,1,7,0.2
70,2012-03-31,2014-10-21,6,2,1,0.028571
70,2012-03-31,2014-10-21,6,3,3,0.085714
70,2012-03-31,2014-10-21,6,4,5,0.142857
70,2012-03-31,2014-10-21,6,5,3,0.085714
70,2012-03-31,2014-10-21,6,6,4,0.114286
70,2012-03-31,2014-10-21,6,7,4,0.114286
70,2012-03-31,2014-10-21,6,8,1,0.028571
70,2012-03-31,2014-10-21,6,9,7,0.2
70,2012-03-31,2014-10-21,7,1,6,0.157895
70,2012-03-31,2014-10-21,7,2,4,0.105263
70,2012-03-31,2014-10-21,7,3,5,0.131579
70,2012-03-31,2014-10-21,7,4,2,0.052632
70,2012-03-31,2014-10-21,7,5,5,0.131579
70,2012-03-31,2014-10-21,7,6,3,0.078947
70,2012-03-31,2014-10-21,7,7,4,0.105263
70,2012-03-31,2014-10-21,7,8,3,0.078947
70,2012-03-31,2014-10-21,7,9,6,0.157895
70,2012-03-31,2014-10-21,8,1,2,0.05
70,2012-03-31,2014-10-21,8,2,4,0.1
70,2012-03-31,2014-10-21,8,3,4,0.1
70,2012-03-31,2014-10-21,8,4,5,0.125
70,2012-03-31,2014-10-21,8,5,7,0.175
70,2012-03-31,2014-10-21,8,6,5,0.125
70,2012-03-31,2014-10-21,8,7,3,0.075
70,2012-03-31,2014-10-21,8,8,5,0.125
70,2012-03-31,2014-10-21,8,9,5,0.125
70,2012-03-31,2014-10-21,9,1,9,0.191489
70,2012-03-31,2014-10-21,9,2,6,0.12766
70,2012-03-31,2014-10-21,9,3,7,0.148936
70,2012-03-31,2014-10-21,9,4,6,0.12766
70,2012-03-31,2014-10-21,9,5,3,0.06383
70,2012-03-31,2014-10-21,9,6,5,0.106383
70,2012-03-31,2014-10-21,9,7,4,0.085106
70,2012-03-31,2014-10-21,9,8,2,0.042553
70,2012-03-31,2014-10-21,9,9,5,0.106383
71,2012-11-20,2015-06-11,1,1,5,0.111111
71,2012-11-20,2015-06-11,1,2,4,0.088889
71,2012-11-20,2015-06-11,1,3,7,0.155556
71,2012-11-20,2015-06-11,1,4,3,0.066667
71,2012-11-20,2015-06-11,1,5,8,0.177778
71,2012-11-20,2015-06-11,1,6,3,0.066667
71,2012-11-20,2015-06-11,1,7,7,0.155556
71,2012-11-20,2015-06-11,1,8,5,0.111111
71,2012-11-20,2015-06-11,1,9,3,0.066667
71,2012-11-20,2015-06-11,2,1,4,0.086957
71,2012-11-20,2015-06-11,2,2,5,0.108696
71,2012-11-20,2015-06-11,2,3,7,0.152174
71,2012-11-20,2015-06-11,2,4,4,0.086957
71,2012-11-20,2015-06-11,2,5,8,0.173913
71,2012-11-20,2015-06-11,2,6,7,0.152174
71,2012-11-20,2015-06-11,2,7,3,0.065217
71,2012-11-20,2015-06-11,2,8,5,0.108696
71,2012-11-20,2015-06-11,2,9,3,0.065217
71,2012-11-20,2015-06-11,3,1,3,0.057692
71,2012-11-20,2015-06-11,3,2,6,0.115385
71,2012-11-20,2015-06-11,3,3,5,0.096154
71,2012-11-20,2015-06-11,3,4,6,0.115385
71,2012-11-20,2015-06-11,3,5,6,0.115385
71,2012-11-20,2015-06-11,3,6,5,0.096154
71,2012-11-20,2015-06-11,3,7,8,0.153846
71,2012-11-20,2015-06-11,3,8,8,0.153846
71,2012-11-20,2015-06-11,3,9,5,0.096154
71,2012-11-20,2015-06-11,4,1,4,0.102564
71,2012-11-20,2015-06-11,4,2,6,0.153846
71,2012-11-20,2015-06-11,4,3,3,0.076923
71,2012-11-20,2015-06-11,4,4,4,0.102564
71,2012-11-20,2015-06-11,4,5,3,0.076923
71,2012-11-20,2015-06-11,4,6,5,0.128205
71,2012-11-20,2015-06-11,4,7,5,0.128205
71,2012-11-20,2015-06-11,4,8,4,0.102564
71,2012-11-20,2015-06-11,4,9,5,0.128205
71,2012-11-20,2015-06-11,5,1,9,0.169811
71,2012-11-20,2015-06-11,5,2,5,0.09434
71,2012-11-20,2015-06-11,5,3,8,0.150943
71,2012-11-20,2015-06-11,5,4,5,0.09434
71,2012-11-20,2015-06-11,5,5,10,0.188679
71,2012-11-20,2015-06-11,5,6,3,0.056604
71,2012-11-20,2015-06-11,5,7,6,0.113208
71,2012-11-20,2015-06-11,5,8,4,0.075472
71,2012-11-20,2015-06-11,5,9,3,0.056604
71,2012-11-20,2015-06-11,6,1,6,0.139535
71,2012-11-20,2015-06-11,6,2,3,0.069767
71,2012-11-20,2015-06-11,6,3,6,0.139535
71,2012-11-20,2015-06-11,6,4,6,0.139535
71,2012-11-20,2015-06-11,6,5,3,0.069767
71,2012-11-20,2015-06-11,6,6,8,0.186047
71,2012-11-20,2015-06-11,6,7,3,0.069767
71,2012-11-20,2015-06-11,6,8,2,0.046512
71,2012-11-20,2015-06-11,6,9,6,0.139535
71,2012-11-20,2015-06-11,7,1,6,0.136364
71,2012-11-20,2015-06-11,7,2,5,0.113636
71,2012-11-20,2015-06-11,7,3,6,0.136364
71,2012-11-20,2015-06-11,7,4,3,0.068182
71,2012-11-20,2015-06-11,7,5,7,0.159091
71,2012-11-20,2015-06-11,7,6,1,0.022727
71,2012-11-20,2015-06-11,7,7,5,0.113636
71,2012-11-20,2015-06-11,7,8,6,0.136364
71,2012-11-20,2015-06-11,7,9,5,0.113636
71,2012-11-20,2015-06-11,8,1,2,0.04878
71,2012-11-20,2015-06-11,8,2,5,0.121951
71,2012-11-20,2015-06-11,8,3,5,0.121951
71,2012-11-20,2015-06-11,8,4,5,0.121951
71,2012-11-20,2015-06-11,8,5,7,0.170732
71,2012-11-20,2015-06-11,8,6,4,0.097561
71,2012-11-20,2015-06-11,8,7,4,0.097561
71,2012-11-20,2015-06-11,8,8,5,0.121951
71,2012-11-20,2015-06-11,8,9,4,0.097561
71,2012-11-20,2015-06-11,9,1,6,0.162162
71,2012-11-20,2015-06-11,9,2,7,0.189189
71,2012-11-20,2015-06-11,9,3,5,0.135135
71,2012-11-20,2015-06-11,9,4,3,0.081081
71,2012-11-20,2015-06-11,9,5,2,0.054054
71,2012-11-20,2015-06-11,9,6,7,0.189189
71,2012-11-20,2015-06-11,9,7,3,0.081081
71,2012-11-20,2015-06-11,9,8,2,0.054054
71,2012-11-20,2015-06-11,9,9,2,0.054054
72,2013-07-11,2016-01-30,1,1,7,0.155556
72,2013-07-11,2016-01-30,1,2,6,0.133333
72,2013-07-11,2016-01-30,1,3,9,0.2
72,2013-07-11,2016-01-30,1,4,4,0.088889
72,2013-07-11,2016-01-30,1,5,3,0.066667
72,2013-07-11,2016-01-30,1,6,3,0.066667
72,2013-07-11,2016-01-30,1,7,6,0.133333
72,2013-07-11,2016-01-30,1,8,5,0.111111
72,2013-07-11,2016-01-30,1,9,2,0.044444
72,2013-07-11,2016-01-30,2,1,2,0.037736
72,2013-07-11,2016-01-30,2,2,5,0.09434
72,2013-07-11,2016-01-30,2,3,8,0.150943
72,2013-07-11,2016-01-30,2,4,7,0.132075
72,2013-07-11,2016-01-30,2,5,9,0.169811
72,2013-07-11,2016-01-30,2,6,8,0.150943
72,2013-07-11,2016-01-30,2,7,3,0.056604
72,2013-07-11,2016-01-30,2,8,7,0.132075
72,2013-07-11,2016-01-30,2,9,4,0.075472
72,2013-07-11,2016-01-30,3,1,7,0.14
72,2013-07-11,2016-01-30,3,2,8,0.16
72,2013-07-11,2016-01-30,3,3,4,0.08
72,2013-07-11,2016-01-30,3,4,4,0.08
72,2013-07-11,2016-01-30,3,5,4,0.08
72,2013-07-11,2016-01-30,3,6,5,0.1
72,2013-07-11,2016-01-30,3,7,8,0.16
72,2013-07-11,2016-01-30,3,8,6,0.12
72,2013-07-11,2016-01-30,3,9,4,0.08
72,2013-07-11,2016-01-30,4,1,6,0.12766
72,2013-07-11,2016-01-30,4,2,8,0.170213
72,2013-07-11,2016-01-30,4,3,5,0.106383
72,2013-07-11,2016-01-30,4,4,7,0.148936
72,2013-07-11,2016-01-30,4,5,4,0.085106
72,2013-07-11,2016-01-30,4,6,4,0.085106
72,2013-07-11,2016-01-30,4,7,6,0.12766
72,2013-07-11,2016-01-30,4,8,4,0.085106
72,2013-07-11,2016-01-30,4,9,3,0.06383
72,2013-07-11,2016-01-30,5,1,8,0.177778
72,2013-07-11,2016-01-30,5,2,7,0.155556
72,2013-07-11,2016-01-30,5,3,3,0.066667
72,2013-07-11,2016-01-30,5,4,7,0.155556
72,2013-07-11,2016-01-30,5,5,8,0.177778
72,2013-07-11,2016-01-30,5,6,1,0.022222
72,2013-07-11,2016-01-30,5,7,5,0.111111
72,2013-07-11,2016-01-30,5,8,4,0.088889
72,2013-07-11,2016-01-30,5,9,2,0.044444
72,2013-07-11,2016-01-30,6,1,5,0.116279
72,2013-07-11,2016-01-30,6,2,5,0.116279
72,2013-07-11,2016-01-30,6,3,7,0.162791
72,2013-07-11,2016-01-30,6,4,7,0.162791
72,2013-07-11,2016-01-30,6,5,2,0.046512
72,2013-07-11,2016-01-30,6,6,8,0.186047
72,2013-07-11,2016-01-30,6,7,3,0.069767
72,2013-07-11,2016-01-30,6,8,2,0.046512
72,2013-07-11,2016-01-30,6,9,4,0.093023
72,2013-07-11,2016-01-30,7,1,6,0.125
72,2013-07-11,2016-01-30,7,2,5,0.104167
72,2013-07-11,2016-01-30,7,3,4,0.083333
72,2013-07-11,2016-01-30,7,4,4,0.083333
72,2013-07-11,2016-01-30,7,5,7,0.145833
72,2013-07-11,2016-01-30,7,6,4,0.083333
72,2013-07-11,2016-01-30,7,7,7,0.145833
72,2013-07-11,2016-01-30,7,8,6,0.125
72,2013-07-11,2016-01-30,7,9,5,0.104167
72,2013-07-11,2016-01-30,8,1,1,0.02439
72,2013-07-11,2016-01-30,8,2,5,0.121951
72,2013-07-11,2016-01-30,8,3,6,0.146341
72,2013-07-11,2016-01-30,8,4,4,0.097561
72,2013-07-11,2016-01-30,8,5,7,0.170732
72,2013-07-11,2016-01-30,8,6,3,0.073171
72,2013-07-11,2016-01-30,8,7,6,0.146341
72,2013-07-11,2016-01-30,8,8,5,0.121951
72,2013-07-11,2016-01-30,8,9,4,0.097561
72,2013-07-11,2016-01-30,9,1,3,0.107143
72,2013-07-11,2016-01-30,9,2,4,0.142857
72,2013-07-11,2016-01-30,9,3,4,0.142857
72,2013-07-11,2016-01-30,9,4,3,0.107143
72,2013-07-11,2016-01-30,9,5,1,0.035714
72,2013-07-11,2016-01-30,9,6,7,0.25
72,2013-07-11,2016-01-30,9,7,4,0.142857
72,2013-07-11,2016-01-30,9,8,2,0.071429
72,2013-07-11,2016-01-30,9,9,0,0.0
73,2014-03-01,2016-09-20,1,1,7,0.14
73,2014-03-01,2016-09-20,1,2,6,0.12
73,2014-03-01,2016-09-20,1,3,8,0.16
73,2014-03-01,2016-09-20,1,4,4,0.08
73,2014-03-01,2016-09-20,1,5,4,0.08
73,2014-03-01,2016-09-20,1,6,6,0.12
73,2014-03-01,2016-09-20,1,7,8,0.16
73,2014-03-01,2016-09-20,1,8,4,0.08
73,2014-03-01,2016-09-20,1,9,3,0.06
73,2014-03-01,2016-09-20,2,1,2,0.039216
73,2014-03-01,2016-09-20,2,2,4,0.078431
73,2014-03-01,2016-09-20,2,3,7,0.137255
73,2014-03-01,2016-09-20,2,4,7,0.137255
73,2014-03-01,2016-09-20,2,5,10,0.196078
73,2014-03-01,2016-09-20,2,6,7,0.137255
73,2014-03-01,2016-09-20,2,7,4,0.078431
73,2014-03-01,2016-09-20,2,8,7,0.137255
73,2014-03-01,2016-09-20,2,9,3,0.058824
73,2014-03-01,2016-09-20,3,1,6,0.133333
73,2014-03-01,2016-09-20,3,2,9,0.2
73,2014-03-01,2016-09-20,3,3,4,0.088889
73,2014-03-01,2016-09-20,3,4,3,0.066667
73,2014-03-01,2016-09-20,3,5,3,0.066667
73,2014-03-01,2016-09-20,3,6,4,0.088889
73,2014-03-01,2016-09-20,3,7,9,0.2
73,2014-03-01,2016-09-20,3,8,4,0.088889
73,2014-03-01,2016-09-20,3,9,3,0.066667
73,2014-03-01,2016-09-20,4,1,5,0.119048
73,2014-03-01,2016-09-20,4,2,8,0.190476
73,2014-03-01,2016-09-20,4,3,4,0.095238
73,2014-03-01,2016-09-20,4,4,5,0.119048
73,2014-03-01,2016-09-20,4,5,3,0.071429
73,2014-03-01,2016-09-20,4,6,6,0.142857
73,2014-03-01,2016-09-20,4,7,7,0.166667
73,2014-03-01,2016-09-20,4,8,3,0.071429
73,2014-03-01,2016-09-20,4,9,1,0.02381
73,2014-03-01,2016-09-20,5,1,8,0.186047
73,2014-03-01,2016-09-20,5,2,9,0.209302
73,2014-03-01,2016-09-20,5,3,4,0.093023
73,2014-03-01,2016-09-20,5,4,6,0.139535
73,2014-03-01,2016-09-20,5,5,4,0.093023
73,2014-03-01,2016-09-20,5,6,1,0.023256
73,2014-03-01,2016-09-20,5,7,4,0.093023
73,2014-03-01,2016-09-20,5,8,4,0.093023
73,2014-03-01,2016-09-20,5,9,3,0.069767
73,2014-03-01,2016-09-20,6,1,7,0.134615
73,2014-03-01,2016-09-20,6,2,6,0.115385
73,2014-03-01,2016-09-20,6,3,6,0.115385
73,2014-03-01,2016-09-20,6,4,7,0.134615
73,2014-03-01,2016-09-20,6,5,5,0.096154
73,2014-03-01,2016-09-20,6,6,9,0.173077
73,2014-03-01,2016-09-20,6,7,4,0.076923
73,2014-03-01,2016-09-20,6,8,4,0.076923
73,2014-03-01,2016-09-20,6,9,4,0.076923
73,2014-03-01,2016-09-20,7,1,8,0.150943
73,2014-03-01,2016-09-20,7,2,4,0.075472
73,2014-03-01,2016-09-20,7,3,3,0.056604
73,2014-03-01,2016-09-20,7,4,4,0.075472
73,2014-03-01,2016-09-20,7,5,6,0.113208
73,2014-03-01,2016-09-20,7,6,5,0.09434
73,2014-03-01,2016-09-20,7,7,9,0.169811
73,2014-03-01,2016-09-20,7,8,8,0.150943
73,2014-03-01,2016-09-20,7,9,6,0.113208
73,2014-03-01,2016-09-20,8,1,4,0.108108
73,2014-03-01,2016-09-20,8,2,3,0.081081
73,2014-03-01,2016-09-20,8,3,5,0.135135
73,2014-03-01,2016-09-20,8,4,4,0.108108
73,2014-03-01,2016-09-20,8,5,7,0.189189
73,2014-03-01,2016-09-20,8,6,5,0.135135
73,2014-03-01,2016-09-20,8,7,5,0.135135
73,2014-03-01,2016-09-20,8,8,1,0.027027
73,2014-03-01,2016-09-20,8,9,3,0.081081
73,2014-03-01,2016-09-20,9,1,3,0.111111
73,2014-03-01,2016-09-20,9,2,2,0.074074
73,2014-03-01,2016-09-20,9,3,4,0.148148
73,2014-03-01,2016-09-20,9,4,2,0.074074
73,2014-03-01,2016-09-20,9,5,1,0.037037
73,2014-03-01,2016-09-20,9,6,9,0.333333
73,2014-03-01,2016-09-20,9,7,3,0.111111
73,2014-03-01,2016-09-20,9,8,2,0.074074
73,2014-03-01,2016-09-20,9,9,1,0.037037
74,2014-10-21,2017-05-11,1,1,6,0.125
74,2014-10-21,2017-05-11,1,2,6,0.125
74,2014-10-21,2017-05-11,1,3,8,0.166667
74,2014-10-21,2017-05-11,1,4,4,0.083333
74,2014-10-21,2017-05-11,1,5,4,0.083333
74,2014-10-21,2017-05-11,1,6,7,0.145833
74,2014-10-21,2017-05-11,1,7,7,0.145833
74,2014-10-21,2017-05-11,1,8,4,0.083333
74,2014-10-21,2017-05-11,1,9,2,0.041667
74,2014-10-21,2017-05-11,2,1,5,0.09434
74,2014-10-21,2017-05-11,2,2,3,0.056604
74,2014-10-21,2017-05-11,2,3,5,0.09434
74,2014-10-21,2017-05-11,2,4,5,0.09434
74,2014-10-21,2017-05-11,2,5,8,0.150943
74,2014-10-21,2017-05-11,2,6,8,0.150943
74,2014-10-21,2017-05-11,2,7,7,0.132075
74,2014-10-21,2017-05-11,2,8,9,0.169811
74,2014-10-21,2017-05-11,2,9,3,0.056604
74,2014-10-21,2017-05-11,3,1,5,0.125
74,2014-10-21,2017-05-11,3,2,9,0.225
74,2014-10-21,2017-05-11,3,3,2,0.05
74,2014-10-21,2017-05-11,3,4,4,0.1
74,2014-10-21,2017-05-11,3,5,3,0.075
74,2014-10-21,2017-05-11,3,6,3,0.075
74,2014-10-21,2017-05-11,3,7,7,0.175
74,2014-10-21,2017-05-11,3,8,3,0.075
74,2014-10-21,2017-05-11,3,9,4,0.1
74,2014-10-21,2017-05-11,4,1,7,0.159091
74,2014-10-21,2017-05-11,4,2,7,0.159091
74,2014-10-21,2017-05-11,4,3,4,0.090909
74,2014-10-21,2017-05-11,4,4,5,0.113636
74,2014-10-21,2017-05-11,4,5,2,0.045455
74,2014-10-21,2017-05-11,4,6,7,0.159091
74,2014-10-21,2017-05-11,4,7,7,0.159091
74,2014-10-21,2017-05-11,4,8,2,0.045455
74,2014-10-21,2017-05-11,4,9,3,0.068182
74,2014-10-21,2017-05-11,5,1,5,0.138889
74,2014-10-21,2017-05-11,5,2,8,0.222222
74,2014-10-21,2017-05-11,5,3,5,0.138889
74,2014-10-21,2017-05-11,5,4,5,0.138889
74,2014-10-21,2017-05-11,5,5,3,0.083333
74,2014-10-21,2017-05-11,5,6,2,0.055556
74,2014-10-21,2017-05-11,5,7,3,0.083333
74,2014-10-21,2017-05-11,5,8,3,0.083333
74,2014-10-21,2017-05-11,5,9,2,0.055556
74,2014-10-21,2017-05-11,6,1,6,0.101695
74,2014-10-21,2017-05-11,6,2,9,0.152542
74,2014-10-21,2017-05-11,6,3,8,0.135593
74,2014-10-21,2017-05-11,6,4,6,0.101695
74,2014-10-21,2017-05-11,6,5,5,0.084746
74,2014-10-21,2017-05-11,6,6,10,0.169492
74,2014-10-21,2017-05-11,6,7,5,0.084746
74,2014-10-21,2017-05-11,6,8,7,0.118644
74,2014-10-21,2017-05-11,6,9,3,0.050847
74,2014-10-21,2017-05-11,7,1,6,0.115385
74,2014-10-21,2017-05-11,7,2,6,0.115385
74,2014-10-21,2017-05-11,7,3,3,0.057692
74,2014-10-21,2017-05-11,7,4,5,0.096154
74,2014-10-21,2017-05-11,7,5,5,0.096154
74,2014-10-21,2017-05-11,7,6,8,0.153846
74,2014-10-21,2017-05-11,7,7,9,0.173077
74,2014-10-21,2017-05-11,7,8,8,0.153846
74,2014-10-21,2017-05-11,7,9,2,0.038462
74,2014-10-21,2017-05-11,8,1,6,0.146341
74,2014-10-21,2017-05-11,8,2,4,0.097561
74,2014-10-21,2017-05-11,8,3,3,0.073171
74,2014-10-21,2017-05-11,8,4,7,0.170732
74,2014-10-21,2017-05-11,8,5,5,0.121951
74,2014-10-21,2017-05-11,8,6,6,0.146341
74,2014-10-21,2017-05-11,8,7,4,0.097561
74,2014-10-21,2017-05-11,8,8,1,0.02439
74,2014-10-21,2017-05-11,8,9,5,0.121951
74,2014-10-21,2017-05-11,9,1,2,0.074074
74,2014-10-21,2017-05-11,9,2,1,0.037037
74,2014-10-21,2017-05-11,9,3,2,0.074074
74,2014-10-21,2017-05-11,9,4,3,0.111111
74,2014-10-21,2017-05-11,9,5,1,0.037037
74,2014-10-21,2017-05-11,9,6,7,0.259259
74,2014-10-21,2017-05-11,9,7,3,0.111111
74,2014-10-21,2017-05-11,9,8,5,0.185185
74,2014-10-21,2017-05-11,9,9,3,0.111111
75,2015-06-11,2017-12-30,1,1,6,0.113208
75,2015-06-11,2017-12-30,1,2,5,0.09434
75,2015-06-11,2017-12-30,1,3,6,0.113208
75,2015-06-11,2017-12-30,1,4,5,0.09434
75,2015-06-11,2017-12-30,1,5,3,0.056604
75,2015-06-11,2017-12-30,1,6,9,0.169811
75,2015-06-11,2017-12-30,1,7,12,0.226415
75,2015-06-11,2017-12-30,1,8,5,0.09434
75,2015-06-11,2017-12-30,1,9,2,0.037736
75,2015-06-11,2017-12-30,2,1,8,0.150943
75,2015-06-11,2017-12-30,2,2,4,0.075472
75,2015-06-11,2017-12-30,2,3,4,0.075472
75,2015-06-11,2017-12-30,2,4,5,0.09434
75,2015-06-11,2017-12-30,2,5,8,0.150943
75,2015-06-11,2017-12-30,2,6,5,0.09434
75,2015-06-11,2017-12-30,2,7,7,0.132075
75,2015-06-11,2017-12-30,2,8,10,0.188679
75,2015-06-11,2017-12-30,2,9,2,0.037736
75,2015-06-11,2017-12-30,3,1,5,0.135135
75,2015-06-11,2017-12-30,3,2,9,0.243243
75,2015-06-11,2017-12-30,3,3,3,0.081081
75,2015-06-11,2017-12-30,3,4,3,0.081081
75,2015-06-11,2017-12-30,3,5,2,0.054054
75,2015-06-11,2017-12-30,3,6,2,0.054054
75,2015-06-11,2017-12-30,3,7,5,0.135135
75,2015-06-11,2017-12-30,3,8,5,0.135135
75,2015-06-11,2017-12-30,3,9,3,0.081081
75,2015-06-11,2017-12-30,4,1,8,0.195122
75,2015-06-11,2017-12-30,4,2,5,0.121951
75,2015-06-11,2017-12-30,4,3,5,0.121951
75,2015-06-11,2017-12-30,4,4,6,0.146341
75,2015-06-11,2017-12-30,4,5,2,0.04878
75,2015-06-11,2017-12-30,4,6,7,0.170732
75,2015-06-11,2017-12-30,4,7,3,0.073171
75,2015-06-11,2017-12-30,4,8,2,0.04878
75,2015-06-11,2017-12-30,4,9,3,0.073171
75,2015-06-11,2017-12-30,5,1,5,0.147059
75,2015-06-11,2017-12-30,5,2,10,0.294118
75,2015-06-11,2017-12-30,5,3,5,0.147059
75,2015-06-11,2017-12-30,5,4,2,0.058824
75,2015-06-11,2017-12-30,5,5,1,0.029412
75,2015-06-11,2017-12-30,5,6,3,0.088235
75,2015-06-11,2017-12-30,5,7,2,0.058824
75,2015-06-11,2017-12-30,5,8,3,0.088235
75,2015-06-11,2017-12-30,5,9,3,0.088235
75,2015-06-11,2017-12-30,6,1,7,0.116667
75,2015-06-11,2017-12-30,6,2,9,0.15
75,2015-06-11,2017-12-30,6,3,6,0.1
75,2015-06-11,2017-12-30,6,4,6,0.1
75,2015-06-11,2017-12-30,6,5,8,0.133333
75,2015-06-11,2017-12-30,6,6,10,0.166667
75,2015-06-11,2017-12-30,6,7,6,0.1
75,2015-06-11,2017-12-30,6,8,7,0.116667
75,2015-06-11,2017-12-30,6,9,1,0.016667
75,2015-06-11,2017-12-30,7,1,7,0.134615
75,2015-06-11,2017-12-30,7,2,5,0.096154
75,2015-06-11,2017-12-30,7,3,3,0.057692
75,2015-06-11,2017-12-30,7,4,5,0.096154
75,2015-06-11,2017-12-30,7,5,3,0.057692
75,2015-06-11,2017-12-30,7,6,10,0.192308
75,2015-06-11,2017-12-30,7,7,9,0.173077
75,2015-06-11,2017-12-30,7,8,6,0.115385
75,2015-06-11,2017-12-30,7,9,4,0.076923
75,2015-06-11,2017-12-30,8,1,5,0.111111
75,2015-06-11,2017-12-30,8,2,6,0.133333
75,2015-06-11,2017-12-30,8,3,3,0.066667
75,2015-06-11,2017-12-30,8,4,6,0.133333
75,2015-06-11,2017-12-30,8,5,5,0.111111
75,2015-06-11,2017-12-30,8,6,10,0.222222
75,2015-06-11,2017-12-30,8,7,4,0.088889
75,2015-06-11,2017-12-30,8,8,2,0.044444
75,2015-06-11,2017-12-30,8,9,4,0.088889
75,2015-06-11,2017-12-30,9,1,2,0.08
75,2015-06-11,2017-12-30,9,2,0,0.0
75,2015-06-11,2017-12-30,9,3,2,0.08
75,2015-06-11,2017-12-30,9,4,3,0.12
75,2015-06-11,2017-12-30,9,5,1,0.04
75,2015-06-11,2017-12-30,9,6,5,0.2
75,2015-06-11,2017-12-30,9,7,4,0.16
75,2015-06-11,2017-12-30,9,8,5,0.2
75,2015-06-11,2017-12-30,9,9,3,0.12
76,2016-01-30,2018-08-21,1,1,5,0.096154
76,2016-01-30,2018-08-21,1,2,4,0.076923
76,2016-01-30,2018-08-21,1,3,6,0.115385
76,2016-01-30,2018-08-21,1,4,8,0.153846
76,2016-01-30,2018-08-21,1,5,3,0.057692
76,2016-01-30,2018-08-21,1,6,9,0.173077
76,2016-01-30,2018-08-21,1,7,10,0.192308
76,2016-01-30,2018-08-21,1,8,4,0.076923
76,2016-01-30,2018-08-21,1,9,3,0.057692
76,2016-01-30,2018-08-21,2,1,8,0.156863
76,2016-01-30,2018-08-21,2,2,4,0.078431
76,2016-01-30,2018-08-21,2,3,4,0.078431
76,2016-01-30,2018-08-21,2,4,5,0.098039
76,2016-01-30,2018-08-21,2,5,6,0.117647
76,2016-01-30,2018-08-21,2,6,7,0.137255
76,2016-01-30,2018-08-21,2,7,6,0.117647
76,2016-01-30,2018-08-21,2,8,8,0.156863
76,2016-01-30,2018-08-21,2,9,3,0.058824
76,2016-01-30,2018-08-21,3,1,1,0.03125
76,2016-01-30,2018-08-21,3,2,6,0.1875
76,2016-01-30,2018-08-21,3,3,2,0.0625
76,2016-01-30,2018-08-21,3,4,5,0.15625
76,2016-01-30,2018-08-21,3,5,3,0.09375
76,2016-01-30,2018-08-21,3,6,2,0.0625
76,2016-01-30,2018-08-21,3,7,5,0.15625
76,2016-01-30,2018-08-21,3,8,5,0.15625
76,2016-01-30,2018-08-21,3,9,3,0.09375
76,2016-01-30,2018-08-21,4,1,9,0.209302
76,2016-01-30,2018-08-21,4,2,5,0.116279
76,2016-01-30,2018-08-21,4,3,3,0.069767
76,2016-01-30,2018-08-21,4,4,4,0.093023
76,2016-01-30,2018-08-21,4,5,4,0.093023
76,2016-01-30,2018-08-21,4,6,7,0.162791
76,2016-01-30,2018-08-21,4,7,2,0.046512
76,2016-01-30,2018-08-21,4,8,2,0.046512
76,2016-01-30,2018-08-21,4,9,7,0.162791
76,2016-01-30,2018-08-21,5,1,6,0.162162
76,2016-01-30,2018-08-21,5,2,8,0.216216
76,2016-01-30,2018-08-21,5,3,5,0.135135
76,2016-01-30,2018-08-21,5,4,1,0.027027
76,2016-01-30,2018-08-21,5,5,3,0.081081
76,2016-01-30,2018-08-21,5,6,5,0.135135
76,2016-01-30,2018-08-21,5,7,2,0.054054
76,2016-01-30,2018-08-21,5,8,3,0.081081
76,2016-01-30,2018-08-21,5,9,4,0.108108
76,2016-01-30,2018-08-21,6,1,6,0.096774
76,2016-01-30,2018-08-21,6,2,10,0.16129
76,2016-01-30,2018-08-21,6,3,5,0.080645
76,2016-01-30,2018-08-21,6,4,5,0.080645
76,2016-01-30,2018-08-21,6,5,9,0.145161
76,2016-01-30,2018-08-21,6,6,10,0.16129
76,2016-01-30,2018-08-21,6,7,8,0.129032
76,2016-01-30,2018-08-21,6,8,8,0.129032
76,2016-01-30,2018-08-21,6,9,1,0.016129
76,2016-01-30,2018-08-21,7,1,8,0.166667
76,2016-01-30,2018-08-21,7,2,5,0.104167
76,2016-01-30,2018-08-21,7,3,2,0.041667
76,2016-01-30,2018-08-21,7,4,4,0.083333
76,2016-01-30,2018-08-21,7,5,2,0.041667
76,2016-01-30,2018-08-21,7,6,7,0.145833
76,2016-01-30,2018-08-21,7,7,10,0.208333
76,2016-01-30,2018-08-21,7,8,5,0.104167
76,2016-01-30,2018-08-21,7,9,5,0.104167
76,2016-01-30,2018-08-21,8,1,6,0.136364
76,2016-01-30,2018-08-21,8,2,8,0.181818
76,2016-01-30,2018-08-21,8,3,3,0.068182
76,2016-01-30,2018-08-21,8,4,7,0.159091
76,2016-01-30,2018-08-21,8,5,5,0.113636
76,2016-01-30,2018-08-21,8,6,9,0.204545
76,2016-01-30,2018-08-21,8,7,2,0.045455
76,2016-01-30,2018-08-21,8,8,2,0.045455
76,2016-01-30,2018-08-21,8,9,2,0.045455
76,2016-01-30,2018-08-21,9,1,3,0.096774
76,2016-01-30,2018-08-21,9,2,1,0.032258
76,2016-01-30,2018-08-21,9,3,1,0.032258
76,2016-01-30,2018-08-21,9,4,4,0.129032
76,2016-01-30,2018-08-21,9,5,3,0.096774
76,2016-01-30,2018-08-21,9,6,6,0.193548
76,2016-01-30,2018-08-21,9,7,3,0.096774
76,2016-01-30,2018-08-21,9,8,7,0.225806
76,2016-01-30,2018-08-21,9,9,3,0.096774
77,2016-09-20,2019-04-11,1,1,5,0.104167
77,2016-09-20,2019-04-11,1,2,3,0.0625
77,2016-09-20,2019-04-11,1,3,5,0.104167
77,2016-09-20,2019-04-11,1,4,8,0.166667
77,2016-09-20,2019-04-11,1,5,1,0.020833
77,2016-09-20,2019-04-11,1,6,10,0.208333
77,2016-09-20,2019-04-11,1,7,9,0.1875
77,2016-09-20,2019-04-11,1,8,5,0.104167
77,2016-09-20,2019-04-11,1,9,2,0.041667
77,2016-09-20,2019-04-11,2,1,8,0.166667
77,2016-09-20,2019-04-11,2,2,5,0.104167
77,2016-09-20,2019-04-11,2,3,7,0.145833
77,2016-09-20,2019-04-11,2,4,5,0.104167
77,2016-09-20,2019-04-11,2,5,2,0.041667
77,2016-09-20,2019-04-11,2,6,6,0.125
77,2016-09-20,2019-04-11,2,7,6,0.125
77,2016-09-20,2019-04-11,2,8,6,0.125
77,2016-09-20,2019-04-11,2,9,3,0.0625
77,2016-09-20,2019-04-11,3,1,2,0.055556
77,2016-09-20,2019-04-11,3,2,5,0.138889
77,2016-09-20,2019-04-11,3,3,2,0.055556
77,2016-09-20,2019-04-11,3,4,6,0.166667
77,2016-09-20,2019-04-11,3,5,2,0.055556
77,2016-09-20,2019-04-11,3,6,2,0.055556
77,2016-09-20,2019-04-11,3,7,5,0.138889
77,2016-09-20,2019-04-11,3,8,8,0.222222
77,2016-09-20,2019-04-11,3,9,4,0.111111
77,2016-09-20,2019-04-11,4,1,9,0.191489
77,2016-09-20,2019-04-11,4,2,6,0.12766
77,2016-09-20,2019-04-11,4,3,3,0.06383
77,2016-09-20,2019-04-11,4,4,5,0.106383
77,2016-09-20,2019-04-11,4,5,5,0.106383
77,2016-09-20,2019-04-11,4,6,7,0.148936
77,2016-09-20,2019-04-11,4,7,3,0.06383
77,2016-09-20,2019-04-11,4,8,2,0.042553
77,2016-09-20,2019-04-11,4,9,7,0.148936
77,2016-09-20,2019-04-11,5,1,6,0.157895
77,2016-09-20,2019-04-11,5,2,4,0.105263
77,2016-09-20,2019-04-11,5,3,3,0.078947
77,2016-09-20,2019-04-11,5,4,1,0.026316
77,2016-09-20,2019-04-11,5,5,4,0.105263
77,2016-09-20,2019-04-11,5,6,5,0.131579
77,2016-09-20,2019-04-11,5,7,5,0.131579
77,2016-09-20,2019-04-11,5,8,5,0.131579
77,2016-09-20,2019-04-11,5,9,5,0.131579
77,2016-09-20,2019-04-11,6,1,3,0.053571
77,2016-09-20,2019-04-11,6,2,10,0.178571
77,2016-09-20,2019-04-11,6,3,8,0.142857
77,2016-09-20,2019-04-11,6,4,4,0.071429
77,2016-09-20,2019-04-11,6,5,8,0.142857
77,2016-09-20,2019-04-11,6,6,8,0.142857
77,2016-09-20,2019-04-11,6,7,6,0.107143
77,2016-09-20,2019-04-11,6,8,6,0.107143
77,2016-09-20,2019-04-11,6,9,3,0.053571
77,2016-09-20,2019-04-11,7,1,7,0.155556
77,2016-09-20,2019-04-11,7,2,6,0.133333
77,2016-09-20,2019-04-11,7,3,3,0.066667
77,2016-09-20,2019-04-11,7,4,7,0.155556
77,2016-09-20,2019-04-11,7,5,3,0.066667
77,2016-09-20,2019-04-11,7,6,6,0.133333
77,2016-09-20,2019-04-11,7,7,6,0.133333
77,2016-09-20,2019-04-11,7,8,4,0.088889
77,2016-09-20,2019-04-11,7,9,3,0.066667
77,2016-09-20,2019-04-11,8,1,5,0.102041
77,2016-09-20,2019-04-11,8,2,8,0.163265
77,2016-09-20,2019-04-11,8,3,4,0.081633
77,2016-09-20,2019-04-11,8,4,7,0.142857
77,2016-09-20,2019-04-11,8,5,8,0.163265
77,2016-09-20,2019-04-11,8,6,7,0.142857
77,2016-09-20,2019-04-11,8,7,2,0.040816
77,2016-09-20,2019-04-11,8,8,6,0.122449
77,2016-09-20,2019-04-11,8,9,2,0.040816
77,2016-09-20,2019-04-11,9,1,4,0.121212
77,2016-09-20,2019-04-11,9,2,1,0.030303
77,2016-09-20,2019-04-11,9,3,1,0.030303
77,2016-09-20,2019-04-11,9,4,4,0.121212
77,2016-09-20,2019-04-11,9,5,4,0.121212
77,2016-09-20,2019-04-11,9,6,5,0.151515
77,2016-09-20,2019-04-11,9,7,3,0.090909
77,2016-09-20,2019-04-11,9,8,7,0.212121
77,2016-09-20,2019-04-11,9,9,4,0.121212
78,2017-05-11,2019-11-30,1,1,5,0.104167
78,2017-05-11,2019-11-30,1,2,1,0.020833
78,2017-05-11,2019-11-30,1,3,7,0.145833
78,2017-05-11,2019-11-30,1,4,6,0.125
78,2017-05-11,2019-11-30,1,5,2,0.041667
78,2017-05-11,2019-11-30,1,6,8,0.166667
78,2017-05-11,2019-11-30,1,7,11,0.229167
78,2017-05-11,2019-11-30,1,8,6,0.125
78,2017-05-11,2019-11-30,1,9,2,0.041667
78,2017-05-11,2019-11-30,2,1,7,0.152174
78,2017-05-11,2019-11-30,2,2,3,0.065217
78,2017-05-11,2019-11-30,2,3,8,0.173913
78,2017-05-11,2019-11-30,2,4,6,0.130435
78,2017-05-11,2019-11-30,2,5,3,0.065217
78,2017-05-11,2019-11-30,2,6,7,0.152174
78,2017-05-11,2019-11-30,2,7,3,0.065217
78,2017-05-11,2019-11-30,2,8,6,0.130435
78,2017-05-11,2019-11-30,2,9,3,0.065217
78,2017-05-11,2019-11-30,3,1,3,0.071429
78,2017-05-11,2019-11-30,3,2,6,0.142857
78,2017-05-11,2019-11-30,3,3,3,0.071429
78,2017-05-11,2019-11-30,3,4,6,0.142857
78,2017-05-11,2019-11-30,3,5,1,0.02381
78,2017-05-11,2019-11-30,3,6,6,0.142857
78,2017-05-11,2019-11-30,3,7,5,0.119048
78,2017-05-11,2019-11-30,3,8,7,0.166667
78,2017-05-11,2019-11-30,3,9,5,0.119048
78,2017-05-11,2019-11-30,4,1,6,0.146341
78,2017-05-11,2019-11-30,4,2,8,0.195122
78,2017-05-11,2019-11-30,4,3,3,0.073171
78,2017-05-11,2019-11-30,4,4,5,0.121951
78,2017-05-11,2019-11-30,4,5,5,0.121951
78,2017-05-11,2019-11-30,4,6,6,0.146341
78,2017-05-11,2019-11-30,4,7,2,0.04878
78,2017-05-11,2019-11-30,4,8,2,0.04878
78,2017-05-11,2019-11-30,4,9,4,0.097561
78,2017-05-11,2019-11-30,5,1,6,0.142857
78,2017-05-11,2019-11-30,5,2,5,0.119048
78,2017-05-11,2019-11-30,5,3,3,0.071429
78,2017-05-11,2019-11-30,5,4,1,0.02381
78,2017-05-11,2019-11-30,5,5,5,0.119048
78,2017-05-11,2019-11-30,5,6,3,0.071429
78,2017-05-11,2019-11-30,5,7,7,0.166667
78,2017-05-11,2019-11-30,5,8,5,0.119048
78,2017-05-11,2019-11-30,5,9,7,0.166667
78,2017-05-11,2019-11-30,6,1,4,0.075472
78,2017-05-11,2019-11-30,6,2,10,0.188679
78,2017-05-11,2019-11-30,6,3,7,0.132075
78,2017-05-11,2019-11-30,6,4,5,0.09434
78,2017-05-11,2019-11-30,6,5,7,0.132075
78,2017-05-11,2019-11-30,6,6,6,0.113208
78,2017-05-11,2019-11-30,6,7,5,0.09434
78,2017-05-11,2019-11-30,6,8,4,0.075472
78,2017-05-11,2019-11-30,6,9,5,0.09434
78,2017-05-11,2019-11-30,7,1,8,0.173913
78,2017-05-11,2019-11-30,7,2,4,0.086957
78,2017-05-11,2019-11-30,7,3,5,0.108696
78,2017-05-11,2019-11-30,7,4,6,0.130435
78,2017-05-11,2019-11-30,7,5,4,0.086957
78,2017-05-11,2019-11-30,7,6,4,0.086957
78,2017-05-11,2019-11-30,7,7,6,0.130435
78,2017-05-11,2019-11-30,7,8,4,0.086957
78,2017-05-11,2019-11-30,7,9,5,0.108696
78,2017-05-11,2019-11-30,8,1,3,0.06383
78,2017-05-11,2019-11-30,8,2,7,0.148936
78,2017-05-11,2019-11-30,8,3,5,0.106383
78,2017-05-11,2019-11-30,8,4,4,0.085106
78,2017-05-11,2019-11-30,8,5,11,0.234043
78,2017-05-11,2019-11-30,8,6,8,0.170213
78,2017-05-11,2019-11-30,8,7,2,0.042553
78,2017-05-11,2019-11-30,8,8,6,0.12766
78,2017-05-11,2019-11-30,8,9,1,0.021277
78,2017-05-11,2019-11-30,9,1,6,0.171429
78,2017-05-11,2019-11-30,9,2,2,0.057143
78,2017-05-11,2019-11-30,9,3,1,0.028571
78,2017-05-11,2019-11-30,9,4,3,0.085714
78,2017-05-11,2019-11-30,9,5,4,0.114286
78,2017-05-11,2019-11-30,9,6,5,0.142857
78,2017-05-11,2019-11-30,9,7,5,0.142857
78,2017-05-11,2019-11-30,9,8,6,0.171429
78,2017-05-11,2019-11-30,9,9,3,0.085714
79,2017-12-30,2020-09-01,1,1,4,0.093023
79,2017-12-30,2020-09-01,1,2,2,0.046512
79,2017-12-30,2020-09-01,1,3,8,0.186047
79,2017-12-30,2020-09-01,1,4,5,0.116279
79,2017-12-30,2020-09-01,1,5,3,0.069767
79,2017-12-30,2020-09-01,1,6,6,0.139535
79,2017-12-30,2020-09-01,1,7,7,0.162791
79,2017-12-30,2020-09-01,1,8,7,0.162791
79,2017-12-30,2020-09-01,1,9,1,0.023256
79,2017-12-30,2020-09-01,2,1,4,0.090909
79,2017-12-30,2020-09-01,2,2,3,0.068182
79,2017-12-30,2020-09-01,2,3,8,0.181818
79,2017-12-30,2020-09-01,2,4,8,0.181818
79,2017-12-30,2020-09-01,2,5,1,0.022727
79,2017-12-30,2020-09-01,2,6,7,0.159091
79,2017-12-30,2020-09-01,2,7,4,0.090909
79,2017-12-30,2020-09-01,2,8,5,0.113636
79,2017-12-30,2020-09-01,2,9,4,0.090909
79,2017-12-30,2020-09-01,3,1,3,0.066667
79,2017-12-30,2020-09-01,3,2,6,0.133333
79,2017-12-30,2020-09-01,3,3,1,0.022222
79,2017-12-30,2020-09-01,3,4,9,0.2
79,2017-12-30,2020-09-01,3,5,2,0.044444
79,2017-12-30,2020-09-01,3,6,7,0.155556
79,2017-12-30,2020-09-01,3,7,5,0.111111
79,2017-12-30,2020-09-01,3,8,4,0.088889
79,2017-12-30,2020-09-01,3,9,8,0.177778
79,2017-12-30,2020-09-01,4,1,4,0.085106
79,2017-12-30,2020-09-01,4,2,8,0.170213
79,2017-12-30,2020-09-01,4,3,6,0.12766
79,2017-12-30,2020-09-01,4,4,5,0.106383
79,2017-12-30,2020-09-01,4,5,8,0.170213
79,2017-12-30,2020-09-01,4,6,6,0.12766
79,2017-12-30,2020-09-01,4,7,3,0.06383
79,2017-12-30,2020-09-01,4,8,3,0.06383
79,2017-12-30,2020-09-01,4,9,4,0.085106
79,2017-12-30,2020-09-01,5,1,6,0.136364
79,2017-12-30,2020-09-01,5,2,4,0.090909
79,2017-12-30,2020-09-01,5,3,2,0.045455
79,2017-12-30,2020-09-01,5,4,2,0.045455
79,2017-12-30,2020-09-01,5,5,8,0.181818
79,2017-12-30,2020-09-01,5,6,4,0.090909
79,2017-12-30,2020-09-01,5,7,6,0.136364
79,2017-12-30,2020-09-01,5,8,6,0.136364
79,2017-12-30,2020-09-01,5,9,6,0.136364
79,2017-12-30,2020-09-01,6,1,4,0.08
79,2017-12-30,2020-09-01,6,2,9,0.18
79,2017-12-30,2020-09-01,6,3,7,0.14
79,2017-12-30,2020-09-01,6,4,5,0.1
79,2017-12-30,2020-09-01,6,5,5,0.1
79,2017-12-30,2020-09-01,6,6,4,0.08
79,2017-12-30,2020-09-01,6,7,6,0.12
79,2017-12-30,2020-09-01,6,8,4,0.08
79,2017-12-30,2020-09-01,6,9,6,0.12
79,2017-12-30,2020-09-01,7,1,8,0.186047
79,2017-12-30,2020-09-01,7,2,5,0.116279
79,2017-12-30,2020-09-01,7,3,4,0.093023
79,2017-12-30,2020-09-01,7,4,4,0.093023
79,2017-12-30,2020-09-01,7,5,4,0.093023
79,2017-12-30,2020-09-01,7,6,4,0.093023
79,2017-12-30,2020-09-01,7,7,5,0.116279
79,2017-12-30,2020-09-01,7,8,3,0.069767
79,2017-12-30,2020-09-01,7,9,6,0.139535
79,2017-12-30,2020-09-01,8,1,6,0.139535
79,2017-12-30,2020-09-01,8,2,4,0.093023
79,2017-12-30,2020-09-01,8,3,4,0.093023
79,2017-12-30,2020-09-01,8,4,5,0.116279
79,2017-12-30,2020-09-01,8,5,9,0.209302
79,2017-12-30,2020-09-01,8,6,5,0.116279
79,2017-12-30,2020-09-01,8,7,1,0.023256
79,2017-12-30,2020-09-01,8,8,5,0.116279
79,2017-12-30,2020-09-01,8,9,4,0.093023
79,2017-12-30,2020-09-01,9,1,4,0.097561
79,2017-12-30,2020-09-01,9,2,3,0.073171
79,2017-12-30,2020-09-01,9,3,5,0.121951
79,2017-12-30,2020-09-01,9,4,4,0.097561
79,2017-12-30,2020-09-01,9,5,4,0.097561
79,2017-12-30,2020-09-01,9,6,6,0.146341
79,2017-12-30,2020-09-01,9,7,6,0.146341
79,2017-12-30,2020-09-01,9,8,6,0.146341
79,2017-12-30,2020-09-01,9,9,3,0.073171
80,2018-08-21,2021-04-22,1,1,3,0.081081
80,2018-08-21,2021-04-22,1,2,1,0.027027
80,2018-08-21,2021-04-22,1,3,7,0.189189
80,2018-08-21,2021-04-22,1,4,2,0.054054
80,2018-08-21,2021-04-22,1,5,3,0.081081
80,2018-08-21,2021-04-22,1,6,6,0.162162
80,2018-08-21,2021-04-22,1,7,7,0.189189
80,2018-08-21,2021-04-22,1,8,7,0.189189
80,2018-08-21,2021-04-22,1,9,1,0.027027
80,2018-08-21,2021-04-22,2,1,3,0.076923
80,2018-08-21,2021-04-22,2,2,3,0.076923
80,2018-08-21,2021-04-22,2,3,6,0.153846
80,2018-08-21,2021-04-22,2,4,6,0.153846
80,2018-08-21,2021-04-22,2,5,2,0.051282
80,2018-08-21,2021-04-22,2,6,5,0.128205
80,2018-08-21,2021-04-22,2,7,7,0.179487
80,2018-08-21,2021-04-22,2,8,4,0.102564
80,2018-08-21,2021-04-22,2,9,3,0.076923
80,2018-08-21,2021-04-22,3,1,4,0.081633
80,2018-08-21,2021-04-22,3,2,5,0.102041
80,2018-08-21,2021-04-22,3,3,2,0.040816
80,2018-08-21,2021-04-22,3,4,8,0.163265
80,2018-08-21,2021-04-22,3,5,2,0.040816
80,2018-08-21,2021-04-22,3,6,8,0.163265
80,2018-08-21,2021-04-22,3,7,4,0.081633
80,2018-08-21,2021-04-22,3,8,5,0.102041
80,2018-08-21,2021-04-22,3,9,11,0.22449
80,2018-08-21,2021-04-22,4,1,1,0.025641
80,2018-08-21,2021-04-22,4,2,6,0.153846
80,2018-08-21,2021-04-22,4,3,6,0.153846
80,2018-08-21,2021-04-22,4,4,4,0.102564
80,2018-08-21,2021-04-22,4,5,6,0.153846
80,2018-08-21,2021-04-22,4,6,7,0.179487
80,2018-08-21,2021-04-22,4,7,4,0.102564
80,2018-08-21,2021-04-22,4,8,4,0.102564
80,2018-08-21,2021-04-22,4,9,1,0.025641
80,2018-08-21,2021-04-22,5,1,4,0.095238
80,2018-08-21,2021-04-22,5,2,4,0.095238
80,2018-08-21,2021-04-22,5,3,3,0.071429
80,2018-08-21,2021-04-22,5,4,2,0.047619
80,2018-08-21,2021-04-22,5,5,7,0.166667
80,2018-08-21,2021-04-22,5,6,4,0.095238
80,2018-08-21,2021-04-22,5,7,6,0.142857
80,2018-08-21,2021-04-22,5,8,5,0.119048
80,2018-08-21,2021-04-22,5,9,7,0.166667
80,2018-08-21,2021-04-22,6,1,4,0.081633
80,2018-08-21,2021-04-22,6,2,7,0.142857
80,2018-08-21,2021-04-22,6,3,7,0.142857
80,2018-08-21,2021-04-22,6,4,5,0.102041
80,2018-08-21,2021-04-22,6,5,3,0.061224
80,2018-08-21,2021-04-22,6,6,2,0.040816
80,2018-08-21,2021-04-22,6,7,7,0.142857
80,2018-08-21,2021-04-22,6,8,7,0.142857
80,2018-08-21,2021-04-22,6,9,7,0.142857
80,2018-08-21,2021-04-22,7,1,7,0.142857
80,2018-08-21,2021-04-22,7,2,7,0.142857
80,2018-08-21,2021-04-22,7,3,9,0.183673
80,2018-08-21,2021-04-22,7,4,3,0.061224
80,2018-08-21,2021-04-22,7,5,4,0.081633
80,2018-08-21,2021-04-22,7,6,5,0.102041
80,2018-08-21,2021-04-22,7,7,2,0.040816
80,2018-08-21,2021-04-22,7,8,5,0.102041
80,2018-08-21,2021-04-22,7,9,7,0.142857
80,2018-08-21,2021-04-22,8,1,7,0.145833
80,2018-08-21,2021-04-22,8,2,3,0.0625
80,2018-08-21,2021-04-22,8,3,3,0.0625
80,2018-08-21,2021-04-22,8,4,4,0.083333
80,2018-08-21,2021-04-22,8,5,10,0.208333
80,2018-08-21,2021-04-22,8,6,4,0.083333
80,2018-08-21,2021-04-22,8,7,5,0.104167
80,2018-08-21,2021-04-22,8,8,6,0.125
80,2018-08-21,2021-04-22,8,9,6,0.125
80,2018-08-21,2021-04-22,9,1,5,0.104167
80,2018-08-21,2021-04-22,9,2,3,0.0625
80,2018-08-21,2021-04-22,9,3,6,0.125
80,2018-08-21,2021-04-22,9,4,5,0.104167
80,2018-08-21,2021-04-22,9,5,4,0.083333
80,2018-08-21,2021-04-22,9,6,8,0.166667
80,2018-08-21,2021-04-22,9,7,7,0.145833
80,2018-08-21,2021-04-22,9,8,5,0.104167
80,2018-08-21,2021-04-22,9,9,5,0.104167
81,2019-04-11,2021-12-11,1,1,5,0.131579
81,2019-04-11,2021-12-11,1,2,1,0.026316
81,2019-04-11,2021-12-11,1,3,7,0.184211
81,2019-04-11,2021-12-11,1,4,2,0.052632
81,2019-04-11,2021-12-11,1,5,4,0.105263
81,2019-04-11,2021-12-11,1,6,4,0.105263
81,2019-04-11,2021-12-11,1,7,7,0.184211
81,2019-04-11,2021-12-11,1,8,6,0.157895
81,2019-04-11,2021-12-11,1,9,2,0.052632
81,2019-04-11,2021-12-11,2,1,2,0.04878
81,2019-04-11,2021-12-11,2,2,2,0.04878
81,2019-04-11,2021-12-11,2,3,6,0.146341
81,2019-04-11,2021-12-11,2,4,5,0.121951
81,2019-04-11,2021-12-11,2,5,3,0.073171
81,2019-04-11,2021-12-11,2,6,6,0.146341
81,2019-04-11,2021-12-11,2,7,10,0.243902
81,2019-04-11,2021-12-11,2,8,4,0.097561
81,2019-04-11,2021-12-11,2,9,3,0.073171
81,2019-04-11,2021-12-11,3,1,4,0.08
81,2019-04-11,2021-12-11,3,2,7,0.14
81,2019-04-11,2021-12-11,3,3,6,0.12
81,2019-04-11,2021-12-11,3,4,7,0.14
81,2019-04-11,2021-12-11,3,5,2,0.04
81,2019-04-11,2021-12-11,3,6,8,0.16
81,2019-04-11,2021-12-11,3,7,4,0.08
81,2019-04-11,2021-12-11,3,8,2,0.04
81,2019-04-11,2021-12-11,3,9,10,0.2
81,2019-04-11,2021-12-11,4,1,1,0.025
81,2019-04-11,2021-12-11,4,2,4,0.1
81,2019-04-11,2021-12-11,4,3,5,0.125
81,2019-04-11,2021-12-11,4,4,4,0.1
81,2019-04-11,2021-12-11,4,5,6,0.15
81,2019-04-11,2021-12-11,4,6,6,0.15
81,2019-04-11,2021-12-11,4,7,5,0.125
81,2019-04-11,2021-12-11,4,8,7,0.175
81,2019-04-11,2021-12-11,4,9,2,0.05
81,2019-04-11,2021-12-11,5,1,3,0.085714
81,2019-04-11,2021-12-11,5,2,5,0.142857
81,2019-04-11,2021-12-11,5,3,2,0.057143
81,2019-04-11,2021-12-11,5,4,2,0.057143
81,2019-04-11,2021-12-11,5,5,5,0.142857
81,2019-04-11,2021-12-11,5,6,6,0.171429
81,2019-04-11,2021-12-11,5,7,3,0.085714
81,2019-04-11,2021-12-11,5,8,3,0.085714
81,2019-04-11,2021-12-11,5,9,6,0.171429
81,2019-04-11,2021-12-11,6,1,5,0.098039
81,2019-04-11,2021-12-11,6,2,5,0.098039
81,2019-04-11,2021-12-11,6,3,6,0.117647
81,2019-04-11,2021-12-11,6,4,8,0.156863
81,2019-04-11,2021-12-11,6,5,1,0.019608
81,2019-04-11,2021-12-11,6,6,4,0.078431
81,2019-04-11,2021-12-11,6,7,7,0.137255
81,2019-04-11,2021-12-11,6,8,8,0.156863
81,2019-04-11,2021-12-11,6,9,7,0.137255
81,2019-04-11,2021-12-11,7,1,7,0.12963
81,2019-04-11,2021-12-11,7,2,7,0.12963
81,2019-04-11,2021-12-11,7,3,10,0.185185
81,2019-04-11,2021-12-11,7,4,2,0.037037
81,2019-04-11,2021-12-11,7,5,3,0.055556
81,2019-04-11,2021-12-11,7,6,6,0.111111
81,2019-04-11,2021-12-11,7,7,5,0.092593
81,2019-04-11,2021-12-11,7,8,6,0.111111
81,2019-04-11,2021-12-11,7,9,8,0.148148
81,2019-04-11,2021-12-11,8,1,5,0.116279
81,2019-04-11,2021-12-11,8,2,6,0.139535
81,2019-04-11,2021-12-11,8,3,2,0.046512
81,2019-04-11,2021-12-11,8,4,3,0.069767
81,2019-04-11,2021-12-11,8,5,8,0.186047
81,2019-04-11,2021-12-11,8,6,4,0.093023
81,2019-04-11,2021-12-11,8,7,6,0.139535
81,2019-04-11,2021-12-11,8,8,3,0.069767
81,2019-04-11,2021-12-11,8,9,6,0.139535
81,2019-04-11,2021-12-11,9,1,5,0.104167
81,2019-04-11,2021-12-11,9,2,4,0.083333
81,2019-04-11,2021-12-11,9,3,6,0.125
81,2019-04-11,2021-12-11,9,4,7,0.145833
81,2019-04-11,2021-12-11,9,5,3,0.0625
81,2019-04-11,2021-12-11,9,6,7,0.145833
81,2019-04-11,2021-12-11,9,7,8,0.166667
81,2019-04-11,2021-12-11,9,8,4,0.083333
81,2019-04-11,2021-12-11,9,9,4,0.083333
82,2019-11-30,2022-08-02,1,1,6,0.15
82,2019-11-30,2022-08-02,1,2,2,0.05
82,2019-11-30,2022-08-02,1,3,7,0.175
82,2019-11-30,2022-08-02,1,4,3,0.075
82,2019-11-30,2022-08-02,1,5,2,0.05
82,2019-11-30,2022-08-02,1,6,5,0.125
82,2019-11-30,2022-08-02,1,7,6,0.15
82,2019-11-30,2022-08-02,1,8,4,0.1
82,2019-11-30,2022-08-02,1,9,5,0.125
82,2019-11-30,2022-08-02,2,1,2,0.05
82,2019-11-30,2022-08-02,2,2,3,0.075
82,2019-11-30,2022-08-02,2,3,5,0.125
82,2019-11-30,2022-08-02,2,4,4,0.1
82,2019-11-30,2022-08-02,2,5,3,0.075
82,2019-11-30,2022-08-02,2,6,4,0.1
82,2019-11-30,2022-08-02,2,7,12,0.3
82,2019-11-30,2022-08-02,2,8,3,0.075
82,2019-11-30,2022-08-02,2,9,4,0.1
82,2019-11-30,2022-08-02,3,1,5,0.104167
82,2019-11-30,2022-08-02,3,2,6,0.125
82,2019-11-30,2022-08-02,3,3,6,0.125
82,2019-11-30,2022-08-02,3,4,7,0.145833
82,2019-11-30,2022-08-02,3,5,2,0.041667
82,2019-11-30,2022-08-02,3,6,4,0.083333
82,2019-11-30,2022-08-02,3,7,4,0.083333
82,2019-11-30,2022-08-02,3,8,4,0.083333
82,2019-11-30,2022-08-02,3,9,10,0.208333
82,2019-11-30,2022-08-02,4,1,2,0.045455
82,2019-11-30,2022-08-02,4,2,4,0.090909
82,2019-11-30,2022-08-02,4,3,5,0.113636
82,2019-11-30,2022-08-02,4,4,5,0.113636
82,2019-11-30,2022-08-02,4,5,6,0.136364
82,2019-11-30,2022-08-02,4,6,5,0.113636
82,2019-11-30,2022-08-02,4,7,6,0.136364
82,2019-11-30,2022-08-02,4,8,7,0.159091
82,2019-11-30,2022-08-02,4,9,4,0.090909
82,2019-11-30,2022-08-02,5,1,5,0.131579
82,2019-11-30,2022-08-02,5,2,5,0.131579
82,2019-11-30,2022-08-02,5,3,4,0.105263
82,2019-11-30,2022-08-02,5,4,2,0.052632
82,2019-11-30,2022-08-02,5,5,6,0.157895
82,2019-11-30,2022-08-02,5,6,7,0.184211
82,2019-11-30,2022-08-02,5,7,2,0.052632
82,2019-11-30,2022-08-02,5,8,2,0.052632
82,2019-11-30,2022-08-02,5,9,5,0.131579
82,2019-11-30,2022-08-02,6,1,4,0.090909
82,2019-11-30,2022-08-02,6,2,2,0.045455
82,2019-11-30,2022-08-02,6,3,5,0.113636
82,2019-11-30,2022-08-02,6,4,7,0.159091
82,2019-11-30,2022-08-02,6,5,4,0.090909
82,2019-11-30,2022-08-02,6,6,4,0.090909
82,2019-11-30,2022-08-02,6,7,7,0.159091
82,2019-11-30,2022-08-02,6,8,6,0.136364
82,2019-11-30,2022-08-02,6,9,5,0.113636
82,2019-11-30,2022-08-02,7,1,7,0.127273
82,2019-11-30,2022-08-02,7,2,9,0.163636
82,2019-11-30,2022-08-02,7,3,8,0.145455
82,2019-11-30,2022-08-02,7,4,3,0.054545
82,2019-11-30,2022-08-02,7,5,4,0.072727
82,2019-11-30,2022-08-02,7,6,8,0.145455
82,2019-11-30,2022-08-02,7,7,3,0.054545
82,2019-11-30,2022-08-02,7,8,5,0.090909
82,2019-11-30,2022-08-02,7,9,8,0.145455
82,2019-11-30,2022-08-02,8,1,6,0.157895
82,2019-11-30,2022-08-02,8,2,6,0.157895
82,2019-11-30,2022-08-02,8,3,0,0.0
82,2019-11-30,2022-08-02,8,4,3,0.078947
82,2019-11-30,2022-08-02,8,5,6,0.157895
82,2019-11-30,2022-08-02,8,6,2,0.052632
82,2019-11-30,2022-08-02,8,7,5,0.131579
82,2019-11-30,2022-08-02,8,8,3,0.078947
82,2019-11-30,2022-08-02,8,9,7,0.184211
82,2019-11-30,2022-08-02,9,1,4,0.075472
82,2019-11-30,2022-08-02,9,2,3,0.056604
82,2019-11-30,2022-08-02,9,3,8,0.150943
82,2019-11-30,2022-08-02,9,4,9,0.169811
82,2019-11-30,2022-08-02,9,5,5,0.09434
82,2019-11-30,2022-08-02,9,6,5,0.09434
82,2019-11-30,2022-08-02,9,7,10,0.188679
82,2019-11-30,2022-08-02,9,8,4,0.075472
82,2019-11-30,2022-08-02,9,9,5,0.09434
83,2020-09-01,2023-03-23,1,1,5,0.125
83,2020-09-01,2023-03-23,1,2,2,0.05
83,2020-09-01,2023-03-23,1,3,6,0.15
83,2020-09-01,2023-03-23,1,4,5,0.125
83,2020-09-01,2023-03-23,1,5,1,0.025
83,2020-09-01,2023-03-23,1,6,6,0.15
83,2020-09-01,2023-03-23,1,7,6,0.15
83,2020-09-01,2023-03-23,1,8,4,0.1
83,2020-09-01,2023-03-23,1,9,5,0.125
83,2020-09-01,2023-03-23,2,1,4,0.095238
83,2020-09-01,2023-03-23,2,2,4,0.095238
83,2020-09-01,2023-03-23,2,3,5,0.119048
83,2020-09-01,2023-03-23,2,4,3,0.071429
83,2020-09-01,2023-03-23,2,5,3,0.071429
83,2020-09-01,2023-03-23,2,6,4,0.095238
83,2020-09-01,2023-03-23,2,7,11,0.261905
83,2020-09-01,2023-03-23,2,8,3,0.071429
83,2020-09-01,2023-03-23,2,9,5,0.119048
83,2020-09-01,2023-03-23,3,1,5,0.113636
83,2020-09-01,2023-03-23,3,2,6,0.136364
83,2020-09-01,2023-03-23,3,3,7,0.159091
83,2020-09-01,2023-03-23,3,4,2,0.045455
83,2020-09-01,2023-03-23,3,5,1,0.022727
83,2020-09-01,2023-03-23,3,6,4,0.090909
83,2020-09-01,2023-03-23,3,7,3,0.068182
83,2020-09-01,2023-03-23,3,8,8,0.181818
83,2020-09-01,2023-03-23,3,9,8,0.181818
83,2020-09-01,2023-03-23,4,1,2,0.057143
83,2020-09-01,2023-03-23,4,2,3,0.085714
83,2020-09-01,2023-03-23,4,3,1,0.028571
83,2020-09-01,2023-03-23,4,4,3,0.085714
83,2020-09-01,2023-03-23,4,5,4,0.114286
83,2020-09-01,2023-03-23,4,6,4,0.114286
83,2020-09-01,2023-03-23,4,7,6,0.171429
83,2020-09-01,2023-03-23,4,8,6,0.171429
83,2020-09-01,2023-03-23,4,9,6,0.171429
83,2020-09-01,2023-03-23,5,1,5,0.131579
83,2020-09-01,2023-03-23,5,2,4,0.105263
83,2020-09-01,2023-03-23,5,3,5,0.131579
83,2020-09-01,2023-03-23,5,4,2,0.052632
83,2020-09-01,2023-03-23,5,5,5,0.131579
83,2020-09-01,2023-03-23,5,6,7,0.184211
83,2020-09-01,2023-03-23,5,7,2,0.052632
83,2020-09-01,2023-03-23,5,8,0,0.0
83,2020-09-01,2023-03-23,5,9,8,0.210526
83,2020-09-01,2023-03-23,6,1,3,0.069767
83,2020-09-01,2023-03-23,6,2,2,0.046512
83,2020-09-01,2023-03-23,6,3,5,0.116279
83,2020-09-01,2023-03-23,6,4,6,0.139535
83,2020-09-01,2023-03-23,6,5,5,0.116279
83,2020-09-01,2023-03-23,6,6,2,0.046512
83,2020-09-01,2023-03-23,6,7,7,0.162791
83,2020-09-01,2023-03-23,6,8,6,0.139535
83,2020-09-01,2023-03-23,6,9,7,0.162791
83,2020-09-01,2023-03-23,7,1,7,0.12069
83,2020-09-01,2023-03-23,7,2,9,0.155172
83,2020-09-01,2023-03-23,7,3,8,0.137931
83,2020-09-01,2023-03-23,7,4,4,0.068966
83,2020-09-01,2023-03-23,7,5,5,0.086207
83,2020-09-01,2023-03-23,7,6,7,0.12069
83,2020-09-01,2023-03-23,7,7,5,0.086207
83,2020-09-01,2023-03-23,7,8,6,0.103448
83,2020-09-01,2023-03-23,7,9,7,0.12069
83,2020-09-01,2023-03-23,8,1,3,0.069767
83,2020-09-01,2023-03-23,8,2,8,0.186047
83,2020-09-01,2023-03-23,8,3,0,0.0
83,2020-09-01,2023-03-23,8,4,3,0.069767
83,2020-09-01,2023-03-23,8,5,8,0.186047
83,2020-09-01,2023-03-23,8,6,3,0.069767
83,2020-09-01,2023-03-23,8,7,9,0.209302
83,2020-09-01,2023-03-23,8,8,4,0.093023
83,2020-09-01,2023-03-23,8,9,5,0.116279
83,2020-09-01,2023-03-23,9,1,6,0.105263
83,2020-09-01,2023-03-23,9,2,4,0.070175
83,2020-09-01,2023-03-23,9,3,7,0.122807
83,2020-09-01,2023-03-23,9,4,7,0.122807
83,2020-09-01,2023-03-23,9,5,6,0.105263
83,2020-09-01,2023-03-23,9,6,7,0.122807
83,2020-09-01,2023-03-23,9,7,9,0.157895
83,2020-09-01,2023-03-23,9,8,6,0.105263
83,2020-09-01,2023-03-23,9,9,5,0.087719
84,2021-04-22,2023-10-10,1,1,5,0.111111
84,2021-04-22,2023-10-10,1,2,2,0.044444
84,2021-04-22,2023-10-10,1,3,5,0.111111
84,2021-04-22,2023-10-10,1,4,7,0.155556
84,2021-04-22,2023-10-10,1,5,3,0.066667
84,2021-04-22,2023-10-10,1,6,6,0.133333
84,2021-04-22,2023-10-10,1,7,6,0.133333
84,2021-04-22,2023-10-10,1,8,5,0.111111
84,2021-04-22,2023-10-10,1,9,6,0.133333
84,2021-04-22,2023-10-10,2,1,5,0.113636
84,2021-04-22,2023-10-10,2,2,5,0.113636
84,2021-04-22,2023-10-10,2,3,6,0.136364
84,2021-04-22,2023-10-10,2,4,2,0.045455
84,2021-04-22,2023-10-10,2,5,3,0.068182
84,2021-04-22,2023-10-10,2,6,3,0.068182
84,2021-04-22,2023-10-10,2,7,9,0.204545
84,2021-04-22,2023-10-10,2,8,4,0.090909
84,2021-04-22,2023-10-10,2,9,7,0.159091
84,2021-04-22,2023-10-10,3,1,5,0.131579
84,2021-04-22,2023-10-10,3,2,8,0.210526
84,2021-04-22,2023-10-10,3,3,6,0.157895
84,2021-04-22,2023-10-10,3,4,1,0.026316
84,2021-04-22,2023-10-10,3,5,0,0.0
84,2021-04-22,2023-10-10,3,6,2,0.052632
84,2021-04-22,2023-10-10,3,7,3,0.078947
84,2021-04-22,2023-10-10,3,8,8,0.210526
84,2021-04-22,2023-10-10,3,9,5,0.131579
84,2021-04-22,2023-10-10,4,1,3,0.071429
84,2021-04-22,2023-10-10,4,2,3,0.071429
84,2021-04-22,2023-10-10,4,3,2,0.047619
84,2021-04-22,2023-10-10,4,4,3,0.071429
84,2021-04-22,2023-10-10,4,5,3,0.071429
84,2021-04-22,2023-10-10,4,6,3,0.071429
84,2021-04-22,2023-10-10,4,7,7,0.166667
84,2021-04-22,2023-10-10,4,8,8,0.190476
84,2021-04-22,2023-10-10,4,9,10,0.238095
84,2021-04-22,2023-10-10,5,1,5,0.131579
84,2021-04-22,2023-10-10,5,2,4,0.105263
84,2021-04-22,2023-10-10,5,3,4,0.105263
84,2021-04-22,2023-10-10,5,4,2,0.052632
84,2021-04-22,2023-10-10,5,5,6,0.157895
84,2021-04-22,2023-10-10,5,6,7,0.184211
84,2021-04-22,2023-10-10,5,7,2,0.052632
84,2021-04-22,2023-10-10,5,8,1,0.026316
84,2021-04-22,2023-10-10,5,9,7,0.184211
84,2021-04-22,2023-10-10,6,1,2,0.05
84,2021-04-22,2023-10-10,6,2,2,0.05
84,2021-04-22,2023-10-10,6,3,5,0.125
84,2021-04-22,2023-10-10,6,4,8,0.2
84,2021-04-22,2023-10-10,6,5,6,0.15
84,2021-04-22,2023-10-10,6,6,4,0.1
84,2021-04-22,2023-10-10,6,7,5,0.125
84,2021-04-22,2023-10-10,6,8,2,0.05
84,2021-04-22,2023-10-10,6,9,6,0.15
84,2021-04-22,2023-10-10,7,1,8,0.145455
84,2021-04-22,2023-10-10,7,2,7,0.127273
84,2021-04-22,2023-10-10,7,3,3,0.054545
84,2021-04-22,2023-10-10,7,4,5,0.090909
84,2021-04-22,2023-10-10,7,5,7,0.127273
84,2021-04-22,2023-10-10,7,6,6,0.109091
84,2021-04-22,2023-10-10,7,7,8,0.145455
84,2021-04-22,2023-10-10,7,8,4,0.072727
84,2021-04-22,2023-10-10,7,9,7,0.127273
84,2021-04-22,2023-10-10,8,1,4,0.093023
84,2021-04-22,2023-10-10,8,2,9,0.209302
84,2021-04-22,2023-10-10,8,3,0,0.0
84,2021-04-22,2023-10-10,8,4,3,0.069767
84,2021-04-22,2023-10-10,8,5,6,0.139535
84,2021-04-22,2023-10-10,8,6,6,0.139535
84,2021-04-22,2023-10-10,8,7,6,0.139535
84,2021-04-22,2023-10-10,8,8,5,0.116279
84,2021-04-22,2023-10-10,8,9,4,0.093023
84,2021-04-22,2023-10-10,9,1,7,0.127273
84,2021-04-22,2023-10-10,9,2,4,0.072727
84,2021-04-22,2023-10-10,9,3,7,0.127273
84,2021-04-22,2023-10-10,9,4,11,0.2
84,2021-04-22,2023-10-10,9,5,4,0.072727
84,2021-04-22,2023-10-10,9,6,3,0.054545
84,2021-04-22,2023-10-10,9,7,9,0.163636
84,2021-04-22,2023-10-10,9,8,6,0.109091
84,2021-04-22,2023-10-10,9,9,4,0.072727
85,2021-12-11,2024-04-02,1,1,3,0.068182
85,2021-12-11,2024-04-02,1,2,4,0.090909
85,2021-12-11,2024-04-02,1,3,7,0.159091
85,2021-12-11,2024-04-02,1,4,6,0.136364
85,2021-12-11,2024-04-02,1,5,2,0.045455
85,2021-12-11,2024-04-02,1,6,6,0.136364
85,2021-12-11,2024-04-02,1,7,6,0.136364
85,2021-12-11,2024-04-02,1,8,5,0.113636
85,2021-12-11,2024-04-02,1,9,5,0.113636
85,2021-12-11,2024-04-02,2,1,6,0.130435
85,2021-12-11,2024-04-02,2,2,5,0.108696
85,2021-12-11,2024-04-02,2,3,3,0.065217
85,2021-12-11,2024-04-02,2,4,3,0.065217
85,2021-12-11,2024-04-02,2,5,6,0.130435
85,2021-12-11,2024-04-02,2,6,3,0.065217
85,2021-12-11,2024-04-02,2,7,7,0.152174
85,2021-12-11,2024-04-02,2,8,4,0.086957
85,2021-12-11,2024-04-02,2,9,9,0.195652
85,2021-12-11,2024-04-02,3,1,6,0.176471
85,2021-12-11,2024-04-02,3,2,5,0.147059
85,2021-12-11,2024-04-02,3,3,3,0.088235
85,2021-12-11,2024-04-02,3,4,2,0.058824
85,2021-12-11,2024-04-02,3,5,0,0.0
85,2021-12-11,2024-04-02,3,6,2,0.058824
85,2021-12-11,2024-04-02,3,7,3,0.088235
85,2021-12-11,2024-04-02,3,8,9,0.264706
85,2021-12-11,2024-04-02,3,9,4,0.117647
85,2021-12-11,2024-04-02,4,1,2,0.046512
85,2021-12-11,2024-04-02,4,2,5,0.116279
85,2021-12-11,2024-04-02,4,3,2,0.046512
85,2021-12-11,2024-04-02,4,4,4,0.093023
85,2021-12-11,2024-04-02,4,5,4,0.093023
85,2021-12-11,2024-04-02,4,6,5,0.116279
85,2021-12-11,2024-04-02,4,7,5,0.116279
85,2021-12-11,2024-04-02,4,8,5,0.116279
85,2021-12-11,2024-04-02,4,9,11,0.255814
85,2021-12-11,2024-04-02,5,1,5,0.113636
85,2021-12-11,2024-04-02,5,2,4,0.090909
85,2021-12-11,2024-04-02,5,3,5,0.113636
85,2021-12-11,2024-04-02,5,4,5,0.113636
85,2021-12-11,2024-04-02,5,5,8,0.181818
85,2021-12-11,2024-04-02,5,6,6,0.136364
85,2021-12-11,2024-04-02,5,7,2,0.045455
85,2021-12-11,2024-04-02,5,8,2,0.045455
85,2021-12-11,2024-04-02,5,9,7,0.159091
85,2021-12-11,2024-04-02,6,1,1,0.02439
85,2021-12-11,2024-04-02,6,2,4,0.097561
85,2021-12-11,2024-04-02,6,3,3,0.073171
85,2021-12-11,2024-04-02,6,4,9,0.219512
85,2021-12-11,2024-04-02,6,5,7,0.170732
85,2021-12-11,2024-04-02,6,6,2,0.04878
85,2021-12-11,2024-04-02,6,7,7,0.170732
85,2021-12-11,2024-04-02,6,8,3,0.073171
85,2021-12-11,2024-04-02,6,9,5,0.121951
85,2021-12-11,2024-04-02,7,1,7,0.134615
85,2021-12-11,2024-04-02,7,2,8,0.153846
85,2021-12-11,2024-04-02,7,3,4,0.076923
85,2021-12-11,2024-04-02,7,4,3,0.057692
85,2021-12-11,2024-04-02,7,5,6,0.115385
85,2021-12-11,2024-04-02,7,6,8,0.153846
85,2021-12-11,2024-04-02,7,7,7,0.134615
85,2021-12-11,2024-04-02,7,8,1,0.019231
85,2021-12-11,2024-04-02,7,9,8,0.153846
85,2021-12-11,2024-04-02,8,1,6,0.153846
85,2021-12-11,2024-04-02,8,2,7,0.179487
85,2021-12-11,2024-04-02,8,3,0,0.0
85,2021-12-11,2024-04-02,8,4,2,0.051282
85,2021-12-11,2024-04-02,8,5,5,0.128205
85,2021-12-11,2024-04-02,8,6,5,0.128205
85,2021-12-11,2024-04-02,8,7,5,0.128205
85,2021-12-11,2024-04-02,8,8,4,0.102564
85,2021-12-11,2024-04-02,8,9,5,0.128205
85,2021-12-11,2024-04-02,9,1,8,0.140351
85,2021-12-11,2024-04-02,9,2,5,0.087719
85,2021-12-11,2024-04-02,9,3,7,0.122807
85,2021-12-11,2024-04-02,9,4,9,0.157895
85,2021-12-11,2024-04-02,9,5,6,0.105263
85,2021-12-11,2024-04-02,9,6,4,0.070175
85,2021-12-11,2024-04-02,9,7,9,0.157895
85,2021-12-11,2024-04-02,9,8,6,0.105263
85,2021-12-11,2024-04-02,9,9,3,0.052632
86,2022-08-02,2024-09-24,1,1,4,0.088889
86,2022-08-02,2024-09-24,1,2,5,0.111111
86,2022-08-02,2024-09-24,1,3,4,0.088889
86,2022-08-02,2024-09-24,1,4,6,0.133333
86,2022-08-02,2024-09-24,1,5,3,0.066667
86,2022-08-02,2024-09-24,1,6,6,0.133333
86,2022-08-02,2024-09-24,1,7,7,0.155556
86,2022-08-02,2024-09-24,1,8,6,0.133333
86,2022-08-02,2024-09-24,1,9,4,0.088889
86,2022-08-02,2024-09-24,2,1,6,0.125
86,2022-08-02,2024-09-24,2,2,5,0.104167
86,2022-08-02,2024-09-24,2,3,2,0.041667
86,2022-08-02,2024-09-24,2,4,4,0.083333
86,2022-08-02,2024-09-24,2,5,6,0.125
86,2022-08-02,2024-09-24,2,6,3,0.0625
86,2022-08-02,2024-09-24,2,7,9,0.1875
86,2022-08-02,2024-09-24,2,8,3,0.0625
86,2022-08-02,2024-09-24,2,9,10,0.208333
86,2022-08-02,2024-09-24,3,1,5,0.138889
86,2022-08-02,2024-09-24,3,2,4,0.111111
86,2022-08-02,2024-09-24,3,3,6,0.166667
86,2022-08-02,2024-09-24,3,4,3,0.083333
86,2022-08-02,2024-09-24,3,5,1,0.027778
86,2022-08-02,2024-09-24,3,6,3,0.083333
86,2022-08-02,2024-09-24,3,7,3,0.083333
86,2022-08-02,2024-09-24,3,8,6,0.166667
86,2022-08-02,2024-09-24,3,9,5,0.138889
86,2022-08-02,2024-09-24,4,1,1,0.025641
86,2022-08-02,2024-09-24,4,2,3,0.076923
86,2022-08-02,2024-09-24,4,3,3,0.076923
86,2022-08-02,2024-09-24,4,4,3,0.076923
86,2022-08-02,2024-09-24,4,5,3,0.076923
86,2022-08-02,2024-09-24,4,6,7,0.179487
86,2022-08-02,2024-09-24,4,7,4,0.102564
86,2022-08-02,2024-09-24,4,8,6,0.153846
86,2022-08-02,2024-09-24,4,9,9,0.230769
86,2022-08-02,2024-09-24,5,1,3,0.078947
86,2022-08-02,2024-09-24,5,2,4,0.105263
86,2022-08-02,2024-09-24,5,3,2,0.052632
86,2022-08-02,2024-09-24,5,4,5,0.131579
86,2022-08-02,2024-09-24,5,5,6,0.157895
86,2022-08-02,2024-09-24,5,6,6,0.157895
86,2022-08-02,2024-09-24,5,7,1,0.026316
86,2022-08-02,2024-09-24,5,8,3,0.078947
86,2022-08-02,2024-09-24,5,9,8,0.210526
86,2022-08-02,2024-09-24,6,1,3,0.068182
86,2022-08-02,2024-09-24,6,2,6,0.136364
86,2022-08-02,2024-09-24,6,3,3,0.068182
86,2022-08-02,2024-09-24,6,4,8,0.181818
86,2022-08-02,2024-09-24,6,5,5,0.113636
86,2022-08-02,2024-09-24,6,6,2,0.045455
86,2022-08-02,2024-09-24,6,7,9,0.204545
86,2022-08-02,2024-09-24,6,8,3,0.068182
86,2022-08-02,2024-09-24,6,9,5,0.113636
86,2022-08-02,2024-09-24,7,1,8,0.140351
86,2022-08-02,2024-09-24,7,2,7,0.122807
86,2022-08-02,2024-09-24,7,3,7,0.122807
86,2022-08-02,2024-09-24,7,4,3,0.052632
86,2022-08-02,2024-09-24,7,5,5,0.087719
86,2022-08-02,2024-09-24,7,6,7,0.122807
86,2022-08-02,2024-09-24,7,7,9,0.157895
86,2022-08-02,2024-09-24,7,8,2,0.035088
86,2022-08-02,2024-09-24,7,9,9,0.157895
86,2022-08-02,2024-09-24,8,1,6,0.157895
86,2022-08-02,2024-09-24,8,2,7,0.184211
86,2022-08-02,2024-09-24,8,3,1,0.026316
86,2022-08-02,2024-09-24,8,4,1,0.026316
86,2022-08-02,2024-09-24,8,5,4,0.105263
86,2022-08-02,2024-09-24,8,6,5,0.131579
86,2022-08-02,2024-09-24,8,7,7,0.184211
86,2022-08-02,2024-09-24,8,8,4,0.105263
86,2022-08-02,2024-09-24,8,9,3,0.078947
86,2022-08-02,2024-09-24,9,1,8,0.145455
86,2022-08-02,2024-09-24,9,2,7,0.127273
86,2022-08-02,2024-09-24,9,3,8,0.145455
86,2022-08-02,2024-09-24,9,4,7,0.127273
86,2022-08-02,2024-09-24,9,5,5,0.090909
86,2022-08-02,2024-09-24,9,6,5,0.090909
86,2022-08-02,2024-09-24,9,7,8,0.145455
86,2022-08-02,2024-09-24,9,8,5,0.090909
86,2022-08-02,2024-09-24,9,9,2,0.036364
87,2023-03-23,2025-03-18,1,1,4,0.090909
87,2023-03-23,2025-03-18,1,2,4,0.090909
87,2023-03-23,2025-03-18,1,3,4,0.090909
87,2023-03-23,2025-03-18,1,4,7,0.159091
87,2023-03-23,2025-03-18,1,5,3,0.068182
87,2023-03-23,2025-03-18,1,6,6,0.136364
87,2023-03-23,2025-03-18,1,7,7,0.159091
87,2023-03-23,2025-03-18,1,8,5,0.113636
87,2023-03-23,2025-03-18,1,9,4,0.090909
87,2023-03-23,2025-03-18,2,1,4,0.086957
87,2023-03-23,2025-03-18,2,2,4,0.086957
87,2023-03-23,2025-03-18,2,3,3,0.065217
87,2023-03-23,2025-03-18,2,4,5,0.108696
87,2023-03-23,2025-03-18,2,5,7,0.152174
87,2023-03-23,2025-03-18,2,6,2,0.043478
87,2023-03-23,2025-03-18,2,7,10,0.217391
87,2023-03-23,2025-03-18,2,8,2,0.043478
87,2023-03-23,2025-03-18,2,9,9,0.195652
87,2023-03-23,2025-03-18,3,1,6,0.153846
87,2023-03-23,2025-03-18,3,2,5,0.128205
87,2023-03-23,2025-03-18,3,3,5,0.128205
87,2023-03-23,2025-03-18,3,4,5,0.128205
87,2023-03-23,2025-03-18,3,5,1,0.025641
87,2023-03-23,2025-03-18,3,6,4,0.102564
87,2023-03-23,2025-03-18,3,7,4,0.102564
87,2023-03-23,2025-03-18,3,8,3,0.076923
87,2023-03-23,2025-03-18,3,9,6,0.153846
87,2023-03-23,2025-03-18,4,1,5,0.106383
87,2023-03-23,2025-03-18,4,2,3,0.06383
87,2023-03-23,2025-03-18,4,3,5,0.106383
87,2023-03-23,2025-03-18,4,4,4,0.085106
87,2023-03-23,2025-03-18,4,5,3,0.06383
87,2023-03-23,2025-03-18,4,6,7,0.148936
87,2023-03-23,2025-03-18,4,7,3,0.06383
87,2023-03-23,2025-03-18,4,8,9,0.191489
87,2023-03-23,2025-03-18,4,9,8,0.170213
87,2023-03-23,2025-03-18,5,1,2,0.058824
87,2023-03-23,2025-03-18,5,2,4,0.117647
87,2023-03-23,2025-03-18,5,3,2,0.058824
87,2023-03-23,2025-03-18,5,4,4,0.117647
87,2023-03-23,2025-03-18,5,5,4,0.117647
87,2023-03-23,2025-03-18,5,6,5,0.147059
87,2023-03-23,2025-03-18,5,7,1,0.029412
87,2023-03-23,2025-03-18,5,8,5,0.147059
87,2023-03-23,2025-03-18,5,9,7,0.205882
87,2023-03-23,2025-03-18,6,1,3,0.065217
87,2023-03-23,2025-03-18,6,2,8,0.173913
87,2023-03-23,2025-03-18,6,3,3,0.065217
87,2023-03-23,2025-03-18,6,4,9,0.195652
87,2023-03-23,2025-03-18,6,5,3,0.065217
87,2023-03-23,2025-03-18,6,6,3,0.065217
87,2023-03-23,2025-03-18,6,7,10,0.217391
87,2023-03-23,2025-03-18,6,8,3,0.065217
87,2023-03-23,2025-03-18,6,9,4,0.086957
87,2023-03-23,2025-03-18,7,1,6,0.105263
87,2023-03-23,2025-03-18,7,2,6,0.105263
87,2023-03-23,2025-03-18,7,3,9,0.157895
87,2023-03-23,2025-03-18,7,4,3,0.052632
87,2023-03-23,2025-03-18,7,5,5,0.087719
87,2023-03-23,2025-03-18,7,6,9,0.157895
87,2023-03-23,2025-03-18,7,7,9,0.157895
87,2023-03-23,2025-03-18,7,8,1,0.017544
87,2023-03-23,2025-03-18,7,9,9,0.157895
87,2023-03-23,2025-03-18,8,1,7,0.205882
87,2023-03-23,2025-03-18,8,2,5,0.147059
87,2023-03-23,2025-03-18,8,3,1,0.029412
87,2023-03-23,2025-03-18,8,4,2,0.058824
87,2023-03-23,2025-03-18,8,5,4,0.117647
87,2023-03-23,2025-03-18,8,6,4,0.117647
87,2023-03-23,2025-03-18,8,7,4,0.117647
87,2023-03-23,2025-03-18,8,8,4,0.117647
87,2023-03-23,2025-03-18,8,9,3,0.088235
87,2023-03-23,2025-03-18,9,1,7,0.132075
87,2023-03-23,2025-03-18,9,2,7,0.132075
87,2023-03-23,2025-03-18,9,3,7,0.132075
87,2023-03-23,2025-03-18,9,4,8,0.150943
87,2023-03-23,2025-03-18,9,5,4,0.075472
87,2023-03-23,2025-03-18,9,6,6,0.113208
87,2023-03-23,2025-03-18,9,7,9,0.169811
87,2023-03-23,2025-03-18,9,8,2,0.037736
87,2023-03-23,2025-03-18,9,9,3,0.056604
88,2023-10-10,2025-09-09,1,1,3,0.078947
88,2023-10-10,2025-09-09,1,2,4,0.105263
88,2023-10-10,2025-09-09,1,3,4,0.105263
88,2023-10-10,2025-09-09,1,4,5,0.131579
88,2023-10-10,2025-09-09,1,5,2,0.052632
88,2023-10-10,2025-09-09,1,6,6,0.157895
88,2023-10-10,2025-09-09,1,7,8,0.210526
88,2023-10-10,2025-09-09,1,8,3,0.078947
88,2023-10-10,2025-09-09,1,9,3,0.078947
88,2023-10-10,2025-09-09,2,1,4,0.086957
88,2023-10-10,2025-09-09,2,2,3,0.065217
88,2023-10-10,2025-09-09,2,3,4,0.086957
88,2023-10-10,2025-09-09,2,4,6,0.130435
88,2023-10-10,2025-09-09,2,5,7,0.152174
88,2023-10-10,2025-09-09,2,6,2,0.043478
88,2023-10-10,2025-09-09,2,7,11,0.23913
88,2023-10-10,2025-09-09,2,8,2,0.043478
88,2023-10-10,2025-09-09,2,9,7,0.152174
88,2023-10-10,2025-09-09,3,1,5,0.108696
88,2023-10-10,2025-09-09,3,2,5,0.108696
88,2023-10-10,2025-09-09,3,3,5,0.108696
88,2023-10-10,2025-09-09,3,4,6,0.130435
88,2023-10-10,2025-09-09,3,5,4,0.086957
88,2023-10-10,2025-09-09,3,6,6,0.130435
88,2023-10-10,2025-09-09,3,7,6,0.130435
88,2023-10-10,2025-09-09,3,8,4,0.086957
88,2023-10-10,2025-09-09,3,9,5,0.108696
88,2023-10-10,2025-09-09,4,1,7,0.162791
88,2023-10-10,2025-09-09,4,2,4,0.093023
88,2023-10-10,2025-09-09,4,3,4,0.093023
88,2023-10-10,2025-09-09,4,4,4,0.093023
88,2023-10-10,2025-09-09,4,5,4,0.093023
88,2023-10-10,2025-09-09,4,6,8,0.186047
88,2023-10-10,2025-09-09,4,7,1,0.023256
88,2023-10-10,2025-09-09,4,8,8,0.186047
88,2023-10-10,2025-09-09,4,9,3,0.069767
88,2023-10-10,2025-09-09,5,1,2,0.054054
88,2023-10-10,2025-09-09,5,2,3,0.081081
88,2023-10-10,2025-09-09,5,3,4,0.108108
88,2023-10-10,2025-09-09,5,4,4,0.108108
88,2023-10-10,2025-09-09,5,5,2,0.054054
88,2023-10-10,2025-09-09,5,6,4,0.108108
88,2023-10-10,2025-09-09,5,7,4,0.108108
88,2023-10-10,2025-09-09,5,8,5,0.135135
88,2023-10-10,2025-09-09,5,9,9,0.243243
88,2023-10-10,2025-09-09,6,1,3,0.061224
88,2023-10-10,2025-09-09,6,2,9,0.183673
88,2023-10-10,2025-09-09,6,3,4,0.081633
88,2023-10-10,2025-09-09,6,4,9,0.183673
88,2023-10-10,2025-09-09,6,5,3,0.061224
88,2023-10-10,2025-09-09,6,6,2,0.040816
88,2023-10-10,2025-09-09,6,7,10,0.204082
88,2023-10-10,2025-09-09,6,8,5,0.102041
88,2023-10-10,2025-09-09,6,9,4,0.081633
88,2023-10-10,2025-09-09,7,1,5,0.081967
88,2023-10-10,2025-09-09,7,2,7,0.114754
88,2023-10-10,2025-09-09,7,3,12,0.196721
88,2023-10-10,2025-09-09,7,4,3,0.04918
88,2023-10-10,2025-09-09,7,5,4,0.065574
88,2023-10-10,2025-09-09,7,6,11,0.180328
88,2023-10-10,2025-09-09,7,7,7,0.114754
88,2023-10-10,2025-09-09,7,8,1,0.016393
88,2023-10-10,2025-09-09,7,9,11,0.180328
88,2023-10-10,2025-09-09,8,1,4,0.129032
88,2023-10-10,2025-09-09,8,2,5,0.16129
88,2023-10-10,2025-09-09,8,3,3,0.096774
88,2023-10-10,2025-09-09,8,4,3,0.096774
88,2023-10-10,2025-09-09,8,5,4,0.129032
88,2023-10-10,2025-09-09,8,6,2,0.064516
88,2023-10-10,2025-09-09,8,7,5,0.16129
88,2023-10-10,2025-09-09,8,8,2,0.064516
88,2023-10-10,2025-09-09,8,9,3,0.096774
88,2023-10-10,2025-09-09,9,1,5,0.102041
88,2023-10-10,2025-09-09,9,2,6,0.122449
88,2023-10-10,2025-09-09,9,3,7,0.142857
88,2023-10-10,2025-09-09,9,4,3,0.061224
88,2023-10-10,2025-09-09,9,5,7,0.142857
88,2023-10-10,2025-09-09,9,6,8,0.163265
88,2023-10-10,2025-09-09,9,7,9,0.183673
88,2023-10-10,2025-09-09,9,8,1,0.020408
88,2023-10-10,2025-09-09,9,9,3,0.061224
89,2024-04-02,2026-03-03,1,1,5,0.121951
89,2024-04-02,2026-03-03,1,2,4,0.097561
89,2024-04-02,2026-03-03,1,3,3,0.073171
89,2024-04-02,2026-03-03,1,4,7,0.170732
89,2024-04-02,2026-03-03,1,5,2,0.04878
89,2024-04-02,2026-03-03,1,6,5,0.121951
89,2024-04-02,2026-03-03,1,7,8,0.195122
89,2024-04-02,2026-03-03,1,8,2,0.04878
89,2024-04-02,2026-03-03,1,9,5,0.121951
89,2024-04-02,2026-03-03,2,1,3,0.076923
89,2024-04-02,2026-03-03,2,2,3,0.076923
89,2024-04-02,2026-03-03,2,3,5,0.128205
89,2024-04-02,2026-03-03,2,4,5,0.128205
89,2024-04-02,2026-03-03,2,5,4,0.102564
89,2024-04-02,2026-03-03,2,6,1,0.025641
89,2024-04-02,2026-03-03,2,7,9,0.230769
89,2024-04-02,2026-03-03,2,8,2,0.051282
89,2024-04-02,2026-03-03,2,9,7,0.179487
89,2024-04-02,2026-03-03,3,1,6,0.113208
89,2024-04-02,2026-03-03,3,2,7,0.132075
89,2024-04-02,2026-03-03,3,3,7,0.132075
89,2024-04-02,2026-03-03,3,4,6,0.113208
89,2024-04-02,2026-03-03,3,5,5,0.09434
89,2024-04-02,2026-03-03,3,6,7,0.132075
89,2024-04-02,2026-03-03,3,7,6,0.113208
89,2024-04-02,2026-03-03,3,8,4,0.075472
89,2024-04-02,2026-03-03,3,9,5,0.09434
89,2024-04-02,2026-03-03,4,1,9,0.230769
89,2024-04-02,2026-03-03,4,2,2,0.051282
89,2024-04-02,2026-03-03,4,3,6,0.153846
89,2024-04-02,2026-03-03,4,4,2,0.051282
89,2024-04-02,2026-03-03,4,5,2,0.051282
89,2024-04-02,2026-03-03,4,6,6,0.153846
89,2024-04-02,2026-03-03,4,7,0,0.0
89,2024-04-02,2026-03-03,4,8,10,0.25641
89,2024-04-02,2026-03-03,4,9,2,0.051282
89,2024-04-02,2026-03-03,5,1,2,0.0625
89,2024-04-02,2026-03-03,5,2,3,0.09375
89,2024-04-02,2026-03-03,5,3,4,0.125
89,2024-04-02,2026-03-03,5,4,1,0.03125
89,2024-04-02,2026-03-03,5,5,0,0.0
89,2024-04-02,2026-03-03,5,6,3,0.09375
89,2024-04-02,2026-03-03,5,7,5,0.15625
89,2024-04-02,2026-03-03,5,8,5,0.15625
89,2024-04-02,2026-03-03,5,9,9,0.28125
89,2024-04-02,2026-03-03,6,1,6,0.125
89,2024-04-02,2026-03-03,6,2,7,0.145833
89,2024-04-02,2026-03-03,6,3,3,0.0625
89,2024-04-02,2026-03-03,6,4,6,0.125
89,2024-04-02,2026-03-03,6,5,3,0.0625
89,2024-04-02,2026-03-03,6,6,4,0.083333
89,2024-04-02,2026-03-03,6,7,11,0.229167
89,2024-04-02,2026-03-03,6,8,5,0.104167
89,2024-04-02,2026-03-03,6,9,3,0.0625
89,2024-04-02,2026-03-03,7,1,5,0.081967
89,2024-04-02,2026-03-03,7,2,4,0.065574
89,2024-04-02,2026-03-03,7,3,10,0.163934
89,2024-04-02,2026-03-03,7,4,5,0.081967
89,2024-04-02,2026-03-03,7,5,6,0.098361
89,2024-04-02,2026-03-03,7,6,11,0.180328
89,2024-04-02,2026-03-03,7,7,6,0.098361
89,2024-04-02,2026-03-03,7,8,3,0.04918
89,2024-04-02,2026-03-03,7,9,11,0.180328
89,2024-04-02,2026-03-03,8,1,2,0.055556
89,2024-04-02,2026-03-03,8,2,3,0.083333
89,2024-04-02,2026-03-03,8,3,5,0.138889
89,2024-04-02,2026-03-03,8,4,4,0.111111
89,2024-04-02,2026-03-03,8,5,3,0.083333
89,2024-04-02,2026-03-03,8,6,3,0.083333
89,2024-04-02,2026-03-03,8,7,7,0.194444
89,2024-04-02,2026-03-03,8,8,3,0.083333
89,2024-04-02,2026-03-03,8,9,6,0.166667
89,2024-04-02,2026-03-03,9,1,4,0.078431
89,2024-04-02,2026-03-03,9,2,5,0.098039
89,2024-04-02,2026-03-03,9,3,10,0.196078
89,2024-04-02,2026-03-03,9,4,3,0.058824
89,2024-04-02,2026-03-03,9,5,7,0.137255
89,2024-04-02,2026-03-03,9,6,8,0.156863
89,2024-04-02,2026-03-03,9,7,9,0.176471
89,2024-04-02,2026-03-03,9,8,2,0.039216
89,2024-04-02,2026-03-03,9,9,3,0.058824
