t_index,date,true_dr,pred_dr,hit,rolling_accuracy
600,1911-07-08,2,6,0,0.0
601,1911-07-15,3,2,0,0.0
602,1911-07-22,1,6,0,0.0
603,1911-07-29,3,6,0,0.0
604,1911-08-05,3,6,0,0.0
605,1911-08-12,4,6,0,0.0
606,1911-08-19,1,3,0,0.0
607,1911-08-26,6,6,1,0.125
608,1911-09-02,1,9,0,0.111111
609,1911-09-09,5,6,0,0.1
610,1911-09-16,6,8,0,0.090909
611,1911-09-23,7,9,0,0.083333
612,1911-09-30,4,6,0,0.076923
613,1911-10-07,9,1,0,0.071429
614,1911-10-14,2,7,0,0.066667
615,1911-10-21,1,2,0,0.0625
616,1911-10-28,5,6,0,0.058824
617,1911-11-04,1,8,0,0.055556
618,1911-11-11,7,6,0,0.052632
619,1911-11-18,5,6,0,0.05
620,1911-11-25,2,8,0,0.047619
621,1911-12-02,8,2,0,0.045455
622,1911-12-09,4,9,0,0.043478
623,1911-12-16,4,1,0,0.041667
624,1911-12-23,8,1,0,0.04
625,1911-12-30,5,9,0,0.038462
626,1912-01-06,1,8,0,0.037037
627,1912-01-13,5,6,0,0.035714
628,1912-01-20,9,8,0,0.034483
629,1912-01-27,1,7,0,0.033333
630,1912-02-03,5,6,0,0.032258
631,1912-02-10,3,8,0,0.03125
632,1912-02-17,4,6,0,0.030303
633,1912-02-24,6,1,0,0.029412
634,1912-03-02,3,9,0,0.028571
635,1912-03-09,8,6,0,0.027778
636,1912-03-16,9,9,1,0.054054
637,1912-03-23,4,7,0,0.052632
638,1912-03-30,4,1,0,0.051282
639,1912-04-06,7,4,0,0.05
640,1912-04-13,4,6,0,0.04878
641,1912-04-20,2,4,0,0.047619
642,1912-04-27,3,2,0,0.046512
643,1912-05-04,6,6,1,0.068182
644,1912-05-11,3,9,0,0.066667
645,1912-05-18,4,6,0,0.065217
646,1912-05-25,3,4,0,0.06383
647,1912-06-01,1,6,0,0.0625
648,1912-06-08,5,6,0,0.061224
649,1912-06-15,7,8,0,0.06
650,1912-06-22,5,4,0,0.058824
651,1912-06-29,6,8,0,0.057692
652,1912-07-06,1,9,0,0.056604
653,1912-07-13,9,6,0,0.055556
654,1912-07-20,8,7,0,0.054545
655,1912-07-27,4,9,0,0.053571
656,1912-08-03,9,3,0,0.052632
657,1912-08-10,3,7,0,0.051724
658,1912-08-17,7,6,0,0.050847
659,1912-08-24,8,4,0,0.05
660,1912-08-31,6,9,0,0.04918
661,1912-09-07,5,9,0,0.048387
662,1912-09-14,9,8,0,0.047619
663,1912-09-21,3,7,0,0.046875
664,1912-09-28,9,6,0,0.046154
665,1912-10-05,6,7,0,0.045455
666,1912-10-12,5,9,0,0.044776
667,1912-10-19,6,8,0,0.044118
668,1912-10-26,9,9,1,0.057971
669,1912-11-02,9,7,0,0.057143
670,1912-11-09,8,9,0,0.056338
671,1912-11-16,9,9,1,0.069444
672,1912-11-23,1,9,0,0.068493
673,1912-11-30,7,6,0,0.067568
674,1912-12-07,1,4,0,0.066667
675,1912-12-14,9,6,0,0.065789
676,1912-12-21,3,9,0,0.064935
677,1912-12-28,1,6,0,0.064103
678,1913-01-04,7,6,0,0.063291
679,1913-01-11,5,4,0,0.0625
680,1913-01-18,2,8,0,0.061728
681,1913-01-25,7,3,0,0.060976
682,1913-02-01,4,4,1,0.072289
683,1913-02-08,3,3,1,0.083333
684,1913-02-15,5,6,0,0.082353
685,1913-02-22,2,8,0,0.081395
686,1913-03-01,9,7,0,0.08046
687,1913-03-08,7,9,0,0.079545
688,1913-03-15,9,4,0,0.078652
689,1913-03-22,1,7,0,0.077778
690,1913-03-29,2,6,0,0.076923
691,1913-04-05,8,7,0,0.076087
692,1913-04-12,6,9,0,0.075269
693,1913-04-19,1,9,0,0.074468
694,1913-04-26,9,6,0,0.073684
695,1913-05-03,6,7,0,0.072917
696,1913-05-10,8,9,0,0.072165
697,1913-05-17,5,9,0,0.071429
698,1913-05-24,3,8,0,0.070707
699,1913-05-31,8,6,0,0.07
700,1913-06-07,4,9,0,0.069307
701,1913-06-14,7,3,0,0.068627
702,1913-06-21,4,4,1,0.07767
703,1913-06-28,3,3,1,0.086538
704,1913-07-05,3,6,0,0.085714
705,1913-07-12,4,6,0,0.084906
706,1913-07-19,8,3,0,0.084112
707,1913-07-26,3,9,0,0.083333
708,1913-08-02,1,6,0,0.082569
709,1913-08-09,6,6,1,0.090909
710,1913-08-16,7,9,0,0.09009
711,1913-08-23,1,4,0,0.089286
712,1913-08-30,2,6,0,0.088496
713,1913-09-06,4,7,0,0.087719
714,1913-09-13,3,3,1,0.095652
715,1913-09-20,3,6,0,0.094828
716,1913-09-27,8,6,0,0.094017
717,1913-10-04,7,9,0,0.09322
718,1913-10-11,4,4,1,0.10084
719,1913-10-18,1,3,0,0.1
720,1913-10-25,6,6,1,0.107438
721,1913-11-01,5,9,0,0.106557
722,1913-11-08,6,8,0,0.105691
723,1913-11-15,2,9,0,0.104839
724,1913-11-22,1,7,0,0.104
725,1913-11-29,4,6,0,0.103175
726,1913-12-06,3,3,1,0.110236
727,1913-12-13,2,8,0,0.109375
728,1913-12-20,7,7,1,0.116279
729,1913-12-27,8,4,0,0.115385
730,1914-01-03,3,9,0,0.114504
731,1914-01-10,8,8,1,0.121212
732,1914-01-17,1,9,0,0.120301
733,1914-01-24,2,6,0,0.119403
734,1914-01-31,4,7,0,0.118519
735,1914-02-07,5,3,0,0.117647
736,1914-02-14,8,8,1,0.124088
737,1914-02-21,2,9,0,0.123188
738,1914-02-28,8,7,0,0.122302
739,1914-03-07,8,9,0,0.121429
740,1914-03-14,2,9,0,0.120567
741,1914-03-21,2,7,0,0.119718
742,1914-03-28,7,7,1,0.125874
743,1914-04-04,4,4,1,0.131944
744,1914-04-11,9,3,0,0.131034
745,1914-04-18,9,7,0,0.130137
746,1914-04-25,1,9,0,0.129252
747,1914-05-02,6,6,1,0.135135
748,1914-05-09,6,9,0,0.134228
749,1914-05-16,6,9,0,0.133333
750,1914-05-23,1,9,0,0.13245
751,1914-05-30,4,6,0,0.131579
752,1914-06-06,4,3,0,0.130719
753,1914-06-13,7,3,0,0.12987
754,1914-06-20,8,4,0,0.129032
755,1914-06-27,4,9,0,0.128205
756,1914-07-04,5,3,0,0.127389
757,1914-07-11,2,8,0,0.126582
758,1914-07-18,5,7,0,0.125786
759,1914-07-25,6,8,0,0.125
760,1914-08-01,8,9,0,0.124224
761,1914-08-08,5,9,0,0.123457
762,1914-08-15,4,8,0,0.122699
763,1914-08-22,7,3,0,0.121951
764,1914-08-29,7,4,0,0.121212
765,1914-09-05,1,4,0,0.120482
766,1914-09-12,5,6,0,0.11976
767,1914-09-19,5,8,0,0.119048
768,1914-09-26,7,8,0,0.118343
769,1914-10-03,4,4,1,0.123529
770,1914-10-10,8,3,0,0.122807
771,1914-10-17,1,9,0,0.122093
772,1914-10-24,8,6,0,0.121387
773,1914-10-31,2,9,0,0.12069
774,1914-11-07,3,7,0,0.12
775,1914-11-14,5,8,0,0.119318
776,1914-11-21,1,8,0,0.118644
777,1914-11-28,4,6,0,0.117978
778,1914-12-05,6,3,0,0.117318
779,1914-12-12,4,9,0,0.116667
780,1914-12-19,8,3,0,0.116022
781,1914-12-26,8,9,0,0.115385
782,1915-01-02,6,9,0,0.114754
783,1915-01-09,1,9,0,0.11413
784,1915-01-16,4,6,0,0.113514
785,1915-01-23,3,3,1,0.11828
786,1915-01-30,4,8,0,0.117647
787,1915-02-06,5,3,0,0.117021
788,1915-02-13,8,8,1,0.121693
789,1915-02-20,1,9,0,0.121053
790,1915-02-27,1,6,0,0.120419
791,1915-03-06,6,6,1,0.125
792,1915-03-13,9,9,1,0.129534
793,1915-03-20,1,9,0,0.128866
794,1915-03-27,4,6,0,0.128205
795,1915-04-03,4,3,0,0.127551
796,1915-04-10,2,3,0,0.126904
797,1915-04-17,8,7,0,0.126263
798,1915-04-24,3,9,0,0.125628
799,1915-05-01,3,8,0,0.125
800,1915-05-08,8,8,1,0.129353
801,1915-05-15,6,3,0,0.128713
802,1915-05-22,3,9,0,0.128079
803,1915-05-29,3,8,0,0.127451
804,1915-06-05,9,8,0,0.126829
805,1915-06-12,4,9,0,0.126214
806,1915-06-19,4,3,0,0.125604
807,1915-06-26,6,3,0,0.125
808,1915-07-03,9,9,1,0.129187
809,1915-07-10,9,9,1,0.133333
810,1915-07-17,2,9,0,0.132701
811,1915-07-24,6,7,0,0.132075
812,1915-07-31,6,9,0,0.131455
813,1915-08-07,5,9,0,0.130841
814,1915-08-14,2,8,0,0.130233
815,1915-08-21,4,7,0,0.12963
816,1915-08-28,9,3,0,0.129032
817,1915-09-04,2,9,0,0.12844
818,1915-09-11,5,7,0,0.127854
819,1915-09-18,7,8,0,0.127273
820,1915-09-25,8,4,0,0.126697
821,1915-10-02,7,6,0,0.126126
822,1915-10-09,7,4,0,0.125561
823,1915-10-16,1,4,0,0.125
824,1915-10-23,9,6,0,0.124444
825,1915-10-30,6,9,0,0.123894
826,1915-11-06,2,9,0,0.123348
827,1915-11-13,5,7,0,0.122807
828,1915-11-20,8,8,1,0.126638
829,1915-11-27,4,6,0,0.126087
830,1915-12-04,7,3,0,0.125541
831,1915-12-11,5,4,0,0.125
832,1915-12-18,3,8,0,0.124464
833,1915-12-25,4,8,0,0.123932
834,1915-12-31,5,3,0,0.123404
835,1916-01-08,4,8,0,0.122881
836,1916-01-15,8,3,0,0.122363
837,1916-01-22,8,6,0,0.121849
838,1916-01-29,1,6,0,0.121339
839,1916-02-05,2,6,0,0.120833
840,1916-02-12,4,7,0,0.120332
841,1916-02-19,9,3,0,0.119835
842,1916-02-26,4,9,0,0.119342
843,1916-03-04,2,3,0,0.118852
844,1916-03-11,7,7,1,0.122449
845,1916-03-18,6,4,0,0.121951
846,1916-03-25,5,9,0,0.121457
847,1916-04-01,4,8,0,0.120968
848,1916-04-08,2,3,0,0.120482
849,1916-04-15,2,7,0,0.12
850,1916-04-22,6,7,0,0.119522
851,1916-04-29,1,9,0,0.119048
852,1916-05-06,4,6,0,0.118577
853,1916-05-13,4,3,0,0.11811
854,1916-05-20,6,3,0,0.117647
855,1916-05-27,6,9,0,0.117188
856,1916-06-03,1,9,0,0.116732
857,1916-06-10,1,6,0,0.116279
858,1916-06-17,2,6,0,0.11583
859,1916-06-24,5,7,0,0.115385
860,1916-07-01,5,8,0,0.114943
861,1916-07-08,4,8,0,0.114504
862,1916-07-15,6,3,0,0.114068
863,1916-07-22,8,9,0,0.113636
864,1916-07-29,4,6,0,0.113208
865,1916-08-05,2,3,0,0.112782
866,1916-08-12,1,7,0,0.11236
867,1916-08-19,9,6,0,0.11194
868,1916-08-26,4,9,0,0.111524
869,1916-09-02,6,3,0,0.111111
870,1916-09-09,6,9,0,0.110701
871,1916-09-16,9,6,0,0.110294
872,1916-09-23,2,9,0,0.10989
873,1916-09-30,4,7,0,0.109489
874,1916-10-07,7,3,0,0.109091
875,1916-10-14,8,4,0,0.108696
876,1916-10-21,5,6,0,0.108303
877,1916-10-28,8,8,1,0.111511
878,1916-11-04,3,6,0,0.111111
879,1916-11-11,4,8,0,0.110714
880,1916-11-18,8,3,0,0.11032
881,1916-11-25,3,3,1,0.113475
882,1916-12-02,6,8,0,0.113074
883,1916-12-09,2,9,0,0.112676
884,1916-12-16,6,7,0,0.112281
885,1916-12-23,3,9,0,0.111888
886,1916-12-30,8,8,1,0.114983
887,1917-01-06,4,3,0,0.114583
888,1917-01-13,8,3,0,0.114187
889,1917-01-20,8,3,0,0.113793
890,1917-01-27,9,3,0,0.113402
891,1917-02-03,5,9,0,0.113014
892,1917-02-10,5,8,0,0.112628
893,1917-02-17,7,8,0,0.112245
894,1917-02-24,5,4,0,0.111864
895,1917-03-03,6,8,0,0.111486
896,1917-03-10,2,9,0,0.111111
897,1917-03-17,1,7,0,0.110738
898,1917-03-24,1,6,0,0.110368
899,1917-03-31,1,6,0,0.11
900,1917-04-07,6,6,1,0.112957
901,1917-04-14,8,9,0,0.112583
902,1917-04-21,1,3,0,0.112211
903,1917-04-28,3,6,0,0.111842
904,1917-05-05,1,8,0,0.111475
905,1917-05-12,7,6,0,0.111111
906,1917-05-19,5,4,0,0.110749
907,1917-05-26,3,8,0,0.11039
908,1917-06-02,6,8,0,0.110032
909,1917-06-09,4,9,0,0.109677
910,1917-06-16,8,3,0,0.109325
911,1917-06-23,1,3,0,0.108974
912,1917-06-30,2,6,0,0.108626
913,1917-07-07,5,7,0,0.10828
914,1917-07-14,1,8,0,0.107937
915,1917-07-21,7,6,0,0.107595
916,1917-07-28,4,4,1,0.11041
917,1917-08-04,4,3,0,0.110063
918,1917-08-11,3,3,1,0.112853
919,1917-08-18,1,8,0,0.1125
920,1917-08-25,8,6,0,0.11215
921,1917-09-01,7,3,0,0.111801
922,1917-09-08,9,4,0,0.111455
923,1917-09-15,7,9,0,0.111111
924,1917-09-22,2,4,0,0.110769
925,1917-09-29,6,7,0,0.110429
926,1917-10-06,1,9,0,0.110092
927,1917-10-13,4,6,0,0.109756
928,1917-10-20,1,3,0,0.109422
929,1917-10-27,2,6,0,0.109091
930,1917-11-03,4,7,0,0.108761
931,1917-11-10,6,3,0,0.108434
932,1917-11-17,9,9,1,0.111111
933,1917-11-24,4,9,0,0.110778
934,1917-12-01,3,3,1,0.113433
935,1917-12-08,6,8,0,0.113095
936,1917-12-15,2,9,0,0.11276
937,1917-12-22,8,7,0,0.112426
938,1917-12-29,8,3,0,0.112094
939,1918-01-05,5,3,0,0.111765
940,1918-01-12,5,8,0,0.111437
941,1918-01-19,6,8,0,0.111111
942,1918-01-26,6,9,0,0.110787
943,1918-02-02,1,9,0,0.110465
944,1918-02-09,5,6,0,0.110145
945,1918-02-16,8,8,1,0.112717
946,1918-02-23,6,3,0,0.112392
947,1918-03-02,8,9,0,0.112069
948,1918-03-09,2,3,0,0.111748
949,1918-03-16,5,7,0,0.111429
950,1918-03-23,9,8,0,0.111111
951,1918-03-30,6,9,0,0.110795
952,1918-04-06,3,9,0,0.110482
953,1918-04-13,8,8,1,0.112994
954,1918-04-20,9,3,0,0.112676
955,1918-04-27,1,9,0,0.11236
956,1918-05-04,6,6,1,0.114846
957,1918-05-11,9,9,1,0.117318
958,1918-05-18,5,9,0,0.116992
959,1918-05-25,5,8,0,0.116667
960,1918-06-01,3,8,0,0.116343
961,1918-06-08,4,8,0,0.116022
962,1918-06-15,3,3,1,0.118457
963,1918-06-22,5,8,0,0.118132
964,1918-06-29,3,8,0,0.117808
965,1918-07-06,5,8,0,0.117486
966,1918-07-13,6,8,0,0.117166
967,1918-07-20,8,9,0,0.116848
968,1918-07-27,4,3,0,0.116531
969,1918-08-03,2,3,0,0.116216
970,1918-08-10,1,7,0,0.115903
971,1918-08-17,2,6,0,0.115591
972,1918-08-24,5,7,0,0.115282
973,1918-08-31,6,8,0,0.114973
974,1918-09-07,5,9,0,0.114667
975,1918-09-14,5,8,0,0.114362
976,1918-09-21,5,8,0,0.114058
977,1918-09-28,6,8,0,0.113757
978,1918-10-05,7,9,0,0.113456
979,1918-10-12,6,4,0,0.113158
980,1918-10-19,4,9,0,0.112861
981,1918-10-26,7,3,0,0.112565
982,1918-11-02,2,4,0,0.112272
983,1918-11-09,7,5,0,0.111979
984,1918-11-16,8,4,0,0.111688
985,1918-11-23,6,4,0,0.111399
986,1918-11-30,3,9,0,0.111111
987,1918-12-07,8,8,1,0.113402
988,1918-12-14,3,6,0,0.113111
989,1918-12-21,9,8,0,0.112821
990,1918-12-28,6,9,0,0.112532
991,1919-01-04,3,9,0,0.112245
992,1919-01-11,3,8,0,0.111959
993,1919-01-18,5,8,0,0.111675
994,1919-01-25,3,8,0,0.111392
995,1919-02-01,5,8,0,0.111111
996,1919-02-08,3,8,0,0.110831
997,1919-02-15,7,8,0,0.110553
998,1919-02-22,8,4,0,0.110276
999,1919-03-01,2,3,0,0.11
1000,1919-03-08,8,7,0,0.109726
1001,1919-03-15,1,3,0,0.109453
1002,1919-03-22,3,6,0,0.109181
1003,1919-03-29,8,8,1,0.111386
1004,1919-04-05,4,3,0,0.111111
1005,1919-04-12,3,3,1,0.1133
1006,1919-04-19,3,8,0,0.113022
1007,1919-04-26,8,8,1,0.115196
1008,1919-05-03,4,4,1,0.117359
1009,1919-05-10,7,3,0,0.117073
1010,1919-05-17,3,4,0,0.116788
1011,1919-05-24,6,8,0,0.116505
1012,1919-05-31,4,9,0,0.116223
1013,1919-06-07,1,3,0,0.115942
1014,1919-06-14,9,6,0,0.115663
1015,1919-06-21,7,9,0,0.115385
1016,1919-06-28,6,4,0,0.115108
1017,1919-07-05,1,9,0,0.114833
1018,1919-07-12,6,6,1,0.116945
1019,1919-07-19,1,9,0,0.116667
1020,1919-07-26,4,6,0,0.11639
1021,1919-08-02,5,3,0,0.116114
1022,1919-08-09,7,8,0,0.115839
1023,1919-08-16,7,4,0,0.115566
1024,1919-08-23,7,4,0,0.115294
1025,1919-08-30,5,4,0,0.115023
1026,1919-09-06,1,8,0,0.114754
1027,1919-09-13,3,6,0,0.114486
1028,1919-09-20,2,8,0,0.114219
1029,1919-09-27,3,7,0,0.113953
1030,1919-10-04,7,8,0,0.113689
1031,1919-10-11,8,4,0,0.113426
1032,1919-10-18,8,4,0,0.113164
1033,1919-10-25,4,4,1,0.115207
1034,1919-10-31,1,3,0,0.114943
1035,1919-11-08,5,6,0,0.114679
1036,1919-11-15,4,8,0,0.114416
1037,1919-11-22,8,3,0,0.114155
1038,1919-11-29,9,4,0,0.113895
1039,1919-12-06,7,7,1,0.115909
1040,1919-12-13,8,4,0,0.115646
1041,1919-12-20,3,4,0,0.115385
1042,1919-12-27,5,8,0,0.115124
1043,1920-01-03,4,8,0,0.114865
1044,1920-01-10,8,3,0,0.114607
1045,1920-01-17,9,4,0,0.11435
1046,1920-01-24,5,7,0,0.114094
1047,1920-01-31,8,8,1,0.116071
1048,1920-02-07,7,4,0,0.115813
1049,1920-02-14,2,4,0,0.115556
1050,1920-02-21,4,7,0,0.115299
1051,1920-02-28,1,3,0,0.115044
1052,1920-03-06,1,6,0,0.11479
1053,1920-03-13,4,6,0,0.114537
1054,1920-03-20,2,3,0,0.114286
1055,1920-03-27,3,7,0,0.114035
1056,1920-04-03,2,8,0,0.113786
1057,1920-04-10,5,7,0,0.113537
1058,1920-04-17,1,8,0,0.11329
1059,1920-04-24,8,6,0,0.113043
1060,1920-05-01,6,4,0,0.112798
1061,1920-05-08,3,9,0,0.112554
1062,1920-05-15,5,8,0,0.112311
1063,1920-05-22,6,8,0,0.112069
1064,1920-05-29,6,9,0,0.111828
1065,1920-06-05,4,9,0,0.111588
1066,1920-06-12,2,3,0,0.111349
1067,1920-06-19,7,5,0,0.111111
1068,1920-06-26,2,4,0,0.110874
1069,1920-07-03,8,7,0,0.110638
1070,1920-07-10,4,4,1,0.112527
1071,1920-07-17,9,3,0,0.112288
1072,1920-07-24,9,7,0,0.112051
1073,1920-07-31,9,7,0,0.111814
1074,1920-08-07,3,9,0,0.111579
1075,1920-08-14,5,8,0,0.111345
1076,1920-08-21,4,8,0,0.111111
1077,1920-08-28,1,3,0,0.110879
1078,1920-09-04,9,6,0,0.110647
1079,1920-09-11,6,9,0,0.110417
1080,1920-09-18,4,9,0,0.110187
1081,1920-09-25,4,3,0,0.109959
1082,1920-10-02,2,3,0,0.109731
1083,1920-10-09,4,7,0,0.109504
1084,1920-10-16,2,3,0,0.109278
1085,1920-10-23,9,7,0,0.109053
1086,1920-10-30,1,9,0,0.10883
1087,1920-11-06,9,6,0,0.108607
1088,1920-11-13,5,9,0,0.108384
1089,1920-11-20,2,8,0,0.108163
1090,1920-11-27,4,7,0,0.107943
1091,1920-12-04,4,3,0,0.107724
1092,1920-12-11,1,3,0,0.107505
1093,1920-12-18,2,6,0,0.107287
1094,1920-12-25,8,7,0,0.107071
1095,1920-12-31,6,4,0,0.106855
1096,1921-01-08,3,9,0,0.10664
1097,1921-01-15,9,8,0,0.106426
1098,1921-01-22,5,9,0,0.106212
1099,1921-01-29,3,8,0,0.106
1100,1921-02-05,5,8,0,0.105788
1101,1921-02-12,7,8,0,0.105578
1102,1921-02-19,6,4,0,0.105368
1103,1921-02-26,8,9,0,0.105159
1104,1921-03-05,9,4,0,0.10495
1105,1921-03-12,2,9,0,0.104743
1106,1921-03-19,8,7,0,0.104536
1107,1921-03-26,1,4,0,0.104331
1108,1921-04-02,9,6,0,0.104126
1109,1921-04-09,2,9,0,0.103922
1110,1921-04-16,6,8,0,0.103718
1111,1921-04-23,7,9,0,0.103516
1112,1921-04-30,6,4,0,0.103314
1113,1921-05-07,6,9,0,0.103113
1114,1921-05-14,3,6,0,0.102913
1115,1921-05-21,2,8,0,0.102713
1116,1921-05-28,3,8,0,0.102515
1117,1921-06-04,5,8,0,0.102317
1118,1921-06-11,5,8,0,0.102119
1119,1921-06-18,9,8,0,0.101923
1120,1921-06-25,6,9,0,0.101727
1121,1921-07-02,9,6,0,0.101533
1122,1921-07-09,2,9,0,0.101338
1123,1921-07-16,7,8,0,0.101145
1124,1921-07-23,3,4,0,0.100952
1125,1921-07-30,5,8,0,0.10076
1126,1921-08-06,3,8,0,0.100569
1127,1921-08-13,5,8,0,0.100379
1128,1921-08-20,8,8,1,0.102079
1129,1921-08-27,2,4,0,0.101887
1130,1921-09-03,6,7,0,0.101695
1131,1921-09-10,7,9,0,0.101504
1132,1921-09-17,6,4,0,0.101313
1133,1921-09-24,5,9,0,0.101124
1134,1921-10-01,4,8,0,0.100935
1135,1921-10-08,9,3,0,0.100746
1136,1921-10-15,1,9,0,0.100559
1137,1921-10-22,2,6,0,0.100372
1138,1921-10-29,8,7,0,0.100186
1139,1921-11-05,7,4,0,0.1
1140,1921-11-12,4,4,1,0.101664
1141,1921-11-19,5,3,0,0.101476
1142,1921-11-26,7,8,0,0.101289
1143,1921-12-03,2,4,0,0.101103
1144,1921-12-10,1,8,0,0.100917
1145,1921-12-17,8,6,0,0.100733
1146,1921-12-24,1,4,0,0.100548
1147,1921-12-31,2,6,0,0.100365
1148,1922-01-07,9,8,0,0.100182
1149,1922-01-14,9,9,1,0.101818
1150,1922-01-21,8,9,0,0.101633
1151,1922-01-28,2,4,0,0.101449
1152,1922-02-04,1,8,0,0.101266
1153,1922-02-11,3,6,0,0.101083
1154,1922-02-18,6,8,0,0.100901
1155,1922-02-25,9,9,1,0.102518
1156,1922-03-04,8,9,0,0.102334
1157,1922-03-11,1,4,0,0.102151
1158,1922-03-18,2,6,0,0.101968
1159,1922-03-25,4,8,0,0.101786
1160,1922-04-01,2,3,0,0.101604
1161,1922-04-08,5,8,0,0.101423
1162,1922-04-15,7,8,0,0.101243
1163,1922-04-22,6,4,0,0.101064
1164,1922-04-29,8,9,0,0.100885
1165,1922-05-06,1,4,0,0.100707
1166,1922-05-13,8,6,0,0.100529
1167,1922-05-20,6,4,0,0.100352
1168,1922-05-27,3,9,0,0.100176
1169,1922-06-03,4,8,0,0.1
1170,1922-06-10,4,3,0,0.099825
1171,1922-06-17,8,3,0,0.09965
1172,1922-06-24,8,4,0,0.099476
1173,1922-07-01,6,4,0,0.099303
1174,1922-07-08,9,9,1,0.10087
1175,1922-07-15,1,9,0,0.100694
1176,1922-07-22,1,6,0,0.10052
1177,1922-07-29,5,6,0,0.100346
1178,1922-08-05,3,8,0,0.100173
1179,1922-08-12,6,8,0,0.1
1180,1922-08-19,2,9,0,0.099828
1181,1922-08-26,9,8,0,0.099656
1182,1922-09-02,8,9,0,0.099485
1183,1922-09-09,3,6,0,0.099315
1184,1922-09-16,3,8,0,0.099145
1185,1922-09-23,5,8,0,0.098976
1186,1922-09-30,9,8,0,0.098807
1187,1922-10-07,6,9,0,0.098639
1188,1922-10-14,2,9,0,0.098472
1189,1922-10-21,3,8,0,0.098305
1190,1922-10-28,1,8,0,0.098139
1191,1922-11-04,9,6,0,0.097973
1192,1922-11-11,5,9,0,0.097808
1193,1922-11-18,8,8,1,0.099327
1194,1922-11-25,3,6,0,0.09916
1195,1922-12-02,1,8,0,0.098993
1196,1922-12-09,4,6,0,0.098827
1197,1922-12-16,1,3,0,0.098662
1198,1922-12-23,4,6,0,0.098497
1199,1922-12-30,1,3,0,0.098333
1200,1923-01-06,6,6,1,0.099834
1201,1923-01-13,9,9,1,0.101329
1202,1923-01-20,5,9,0,0.101161
1203,1923-01-27,3,8,0,0.100993
1204,1923-02-03,9,8,0,0.100826
1205,1923-02-10,7,9,0,0.10066
1206,1923-02-17,8,4,0,0.100494
1207,1923-02-24,9,6,0,0.100329
1208,1923-03-03,6,9,0,0.100164
1209,1923-03-10,6,9,0,0.1
1210,1923-03-17,9,9,1,0.101473
1211,1923-03-24,6,6,1,0.102941
1212,1923-03-31,2,9,0,0.102773
1213,1923-04-07,1,8,0,0.102606
1214,1923-04-14,8,6,0,0.102439
1215,1923-04-21,7,6,0,0.102273
1216,1923-04-28,3,4,0,0.102107
1217,1923-05-05,2,8,0,0.101942
1218,1923-05-12,8,8,1,0.103393
1219,1923-05-19,9,6,0,0.103226
1220,1923-05-26,9,6,0,0.10306
1221,1923-06-02,7,6,0,0.102894
1222,1923-06-09,6,4,0,0.102729
1223,1923-06-16,6,9,0,0.102564
1224,1923-06-23,5,9,0,0.1024
1225,1923-06-30,1,8,0,0.102236
1226,1923-07-07,7,6,0,0.102073
1227,1923-07-14,4,6,0,0.101911
1228,1923-07-21,5,3,0,0.101749
1229,1923-07-28,5,8,0,0.101587
1230,1923-08-04,6,8,0,0.101426
1231,1923-08-11,2,9,0,0.101266
1232,1923-08-18,4,8,0,0.101106
1233,1923-08-25,7,3,0,0.100946
1234,1923-09-01,1,4,0,0.100787
1235,1923-09-08,9,6,0,0.100629
1236,1923-09-15,7,6,0,0.100471
1237,1923-09-22,4,4,1,0.101881
1238,1923-09-29,6,3,0,0.101721
1239,1923-10-06,8,9,0,0.101562
1240,1923-10-13,1,9,0,0.101404
1241,1923-10-20,3,6,0,0.101246
1242,1923-10-27,3,8,0,0.101089
1243,1923-11-03,4,8,0,0.100932
1244,1923-11-10,1,3,0,0.100775
1245,1923-11-17,5,6,0,0.100619
1246,1923-11-24,6,8,0,0.100464
1247,1923-12-01,9,9,1,0.101852
1248,1923-12-08,2,6,0,0.101695
1249,1923-12-15,3,8,0,0.101538
1250,1923-12-22,2,8,0,0.101382
1251,1923-12-29,7,8,0,0.101227
1252,1924-01-05,6,4,0,0.101072
1253,1924-01-12,3,9,0,0.100917
1254,1924-01-19,4,8,0,0.100763
1255,1924-01-26,6,1,0,0.10061
1256,1924-02-02,7,9,0,0.100457
1257,1924-02-09,9,4,0,0.100304
1258,1924-02-16,8,6,0,0.100152
1259,1924-02-23,4,9,0,0.1
1260,1924-03-01,6,1,0,0.099849
1261,1924-03-08,3,9,0,0.099698
1262,1924-03-15,6,8,0,0.099548
1263,1924-03-22,1,9,0,0.099398
1264,1924-03-29,8,6,0,0.099248
1265,1924-04-05,7,4,0,0.099099
1266,1924-04-12,2,4,0,0.098951
1267,1924-04-19,4,8,0,0.098802
1268,1924-04-26,7,1,0,0.098655
1269,1924-05-03,6,4,0,0.098507
1270,1924-05-10,6,9,0,0.098361
1271,1924-05-17,1,9,0,0.098214
1272,1924-05-24,3,6,0,0.098068
1273,1924-05-31,1,8,0,0.097923
1274,1924-06-07,4,6,0,0.097778
1275,1924-06-14,1,1,1,0.099112
1276,1924-06-21,5,6,0,0.098966
1277,1924-06-28,9,8,0,0.09882
1278,1924-07-05,9,6,0,0.098675
1279,1924-07-12,3,9,0,0.098529
1280,1924-07-19,8,8,1,0.099853
1281,1924-07-26,4,4,1,0.101173
1282,1924-08-02,7,1,0,0.101025
1283,1924-08-09,5,6,0,0.100877
1284,1924-08-16,7,8,0,0.10073
1285,1924-08-23,8,6,0,0.100583
1286,1924-08-30,8,4,0,0.100437
1287,1924-09-06,2,4,0,0.100291
1288,1924-09-13,4,8,0,0.100145
1289,1924-09-20,5,1,0,0.1
1290,1924-09-27,2,8,0,0.099855
1291,1924-10-04,4,8,0,0.099711
1292,1924-10-11,1,1,1,0.10101
1293,1924-10-18,4,6,0,0.100865
1294,1924-10-25,2,1,0,0.100719
1295,1924-10-31,5,8,0,0.100575
1296,1924-11-08,3,8,0,0.10043
1297,1924-11-15,4,8,0,0.100287
1298,1924-11-22,8,1,0,0.100143
1299,1924-11-29,3,4,0,0.1
1300,1924-12-06,5,8,0,0.099857
1301,1924-12-13,3,8,0,0.099715
1302,1924-12-20,6,8,0,0.099573
1303,1924-12-27,9,9,1,0.100852
1304,1925-01-03,5,9,0,0.100709
1305,1925-01-10,8,3,0,0.100567
1306,1925-01-17,6,4,0,0.100424
1307,1925-01-24,5,9,0,0.100282
1308,1925-01-31,2,8,0,0.100141
1309,1925-02-07,1,8,0,0.1
1310,1925-02-14,5,6,0,0.099859
1311,1925-02-21,9,8,0,0.099719
1312,1925-02-28,7,9,0,0.099579
1313,1925-03-07,8,6,0,0.09944
1314,1925-03-14,4,4,1,0.100699
1315,1925-03-21,9,1,0,0.100559
1316,1925-03-28,8,7,0,0.100418
1317,1925-04-04,5,4,0,0.100279
1318,1925-04-11,3,8,0,0.100139
1319,1925-04-18,4,8,0,0.1
1320,1925-04-25,5,1,0,0.099861
1321,1925-05-02,2,3,0,0.099723
1322,1925-05-09,8,8,1,0.100968
1323,1925-05-16,5,4,0,0.100829
1324,1925-05-23,1,3,0,0.10069
1325,1925-05-30,5,6,0,0.100551
1326,1925-06-06,1,3,0,0.100413
1327,1925-06-13,4,6,0,0.100275
1328,1925-06-20,5,1,0,0.100137
1329,1925-06-27,9,3,0,0.1
1330,1925-07-04,7,7,1,0.101231
1331,1925-07-11,8,6,0,0.101093
1332,1925-07-18,3,4,0,0.100955
1333,1925-07-25,8,8,1,0.10218
1334,1925-08-01,3,4,0,0.102041
1335,1925-08-08,5,8,0,0.101902
1336,1925-08-15,3,3,1,0.103121
1337,1925-08-22,5,8,0,0.102981
1338,1925-08-29,4,3,0,0.102842
1339,1925-09-05,1,1,1,0.104054
1340,1925-09-12,4,6,0,0.103914
1341,1925-09-19,3,1,0,0.103774
1342,1925-09-26,7,5,0,0.103634
1343,1925-10-03,9,6,0,0.103495
1344,1925-10-10,7,7,1,0.104698
1345,1925-10-17,9,6,0,0.104558
1346,1925-10-24,7,7,1,0.105756
1347,1925-10-31,3,6,0,0.105615
1348,1925-11-07,2,5,0,0.105474
1349,1925-11-14,9,8,0,0.105333
1350,1925-11-21,7,7,1,0.106525
1351,1925-11-28,4,6,0,0.106383
1352,1925-12-05,6,1,0,0.106242
1353,1925-12-12,3,9,0,0.106101
1354,1925-12-19,6,5,0,0.10596
1355,1925-12-26,4,9,0,0.10582
1356,1926-01-02,8,1,0,0.10568
1357,1926-01-09,7,4,0,0.105541
1358,1926-01-16,1,4,0,0.105402
1359,1926-01-23,3,4,0,0.105263
1360,1926-01-30,4,5,0,0.105125
1361,1926-02-06,8,1,0,0.104987
1362,1926-02-13,7,4,0,0.104849
1363,1926-02-20,8,4,0,0.104712
1364,1926-02-27,4,4,1,0.105882
1365,1926-03-06,4,1,0,0.105744
1366,1926-03-13,9,1,0,0.105606
1367,1926-03-20,8,7,0,0.105469
1368,1926-03-27,7,4,0,0.105332
1369,1926-04-03,1,4,0,0.105195
1370,1926-04-10,8,4,0,0.105058
1371,1926-04-17,6,4,0,0.104922
1372,1926-04-24,6,9,0,0.104787
1373,1926-05-01,5,9,0,0.104651
1374,1926-05-08,3,3,1,0.105806
1375,1926-05-15,9,5,0,0.10567
1376,1926-05-22,9,7,0,0.105534
1377,1926-05-29,1,7,0,0.105398
1378,1926-06-05,6,4,0,0.105263
1379,1926-06-12,6,9,0,0.105128
1380,1926-06-19,9,9,1,0.106274
1381,1926-06-26,6,7,0,0.106138
1382,1926-07-03,7,9,0,0.106003
1383,1926-07-10,4,4,1,0.107143
1384,1926-07-17,4,1,0,0.107006
1385,1926-07-24,5,1,0,0.10687
1386,1926-07-31,4,3,0,0.106734
1387,1926-08-07,3,1,0,0.106599
1388,1926-08-14,4,5,0,0.106464
1389,1926-08-21,7,1,0,0.106329
1390,1926-08-28,1,4,0,0.106195
1391,1926-09-04,1,6,0,0.106061
1392,1926-09-11,2,6,0,0.105927
1393,1926-09-18,2,8,0,0.105793
1394,1926-09-25,1,8,0,0.10566
1395,1926-10-02,3,6,0,0.105528
1396,1926-10-09,9,4,0,0.105395
1397,1926-10-16,8,7,0,0.105263
1398,1926-10-23,2,4,0,0.105131
1399,1926-10-30,6,8,0,0.105
1400,1926-11-06,8,9,0,0.104869
1401,1926-11-13,8,4,0,0.104738
1402,1926-11-20,3,4,0,0.104608
1403,1926-11-27,3,4,0,0.104478
1404,1926-12-04,3,4,0,0.104348
1405,1926-12-11,2,4,0,0.104218
1406,1926-12-18,1,8,0,0.104089
1407,1926-12-25,1,6,0,0.10396
1408,1926-12-31,3,6,0,0.103832
1409,1927-01-08,2,4,0,0.103704
1410,1927-01-15,4,8,0,0.103576
1411,1927-01-22,6,1,0,0.103448
1412,1927-01-29,5,9,0,0.103321
1413,1927-02-05,5,3,0,0.103194
1414,1927-02-12,1,3,0,0.103067
1415,1927-02-19,2,6,0,0.102941
1416,1927-02-26,5,8,0,0.102815
1417,1927-03-05,2,3,0,0.102689
1418,1927-03-12,6,8,0,0.102564
1419,1927-03-19,1,9,0,0.102439
1420,1927-03-26,4,6,0,0.102314
1421,1927-04-02,5,1,0,0.10219
1422,1927-04-09,6,3,0,0.102066
1423,1927-04-16,5,9,0,0.101942
1424,1927-04-23,4,3,0,0.101818
1425,1927-04-30,3,1,0,0.101695
1426,1927-05-07,5,4,0,0.101572
1427,1927-05-14,4,3,0,0.101449
1428,1927-05-21,2,1,0,0.101327
1429,1927-05-28,2,8,0,0.101205
1430,1927-06-04,1,8,0,0.101083
1431,1927-06-11,1,4,0,0.100962
1432,1927-06-18,7,4,0,0.10084
1433,1927-06-25,9,4,0,0.100719
1434,1927-07-02,6,7,0,0.100599
1435,1927-07-09,4,9,0,0.100478
1436,1927-07-16,6,1,0,0.100358
1437,1927-07-23,7,9,0,0.100239
1438,1927-07-30,6,4,0,0.100119
1439,1927-08-06,5,9,0,0.1
1440,1927-08-13,1,3,0,0.099881
1441,1927-08-20,4,4,1,0.10095
1442,1927-08-27,5,1,0,0.10083
1443,1927-09-03,6,3,0,0.100711
1444,1927-09-10,5,9,0,0.100592
1445,1927-09-17,5,3,0,0.100473
1446,1927-09-24,4,3,0,0.100354
1447,1927-10-01,4,1,0,0.100236
1448,1927-10-08,6,1,0,0.100118
1449,1927-10-15,6,9,0,0.1
1450,1927-10-22,4,9,0,0.099882
1451,1927-10-29,6,1,0,0.099765
1452,1927-11-05,5,9,0,0.099648
1453,1927-11-12,4,3,0,0.099532
1454,1927-11-19,4,1,0,0.099415
1455,1927-11-26,2,1,0,0.099299
1456,1927-12-03,1,8,0,0.099183
1457,1927-12-10,5,4,0,0.099068
1458,1927-12-17,9,3,0,0.098952
1459,1927-12-24,7,7,1,0.1
1460,1927-12-31,3,4,0,0.099884
1461,1928-01-07,2,5,0,0.099768
1462,1928-01-14,8,8,1,0.100811
1463,1928-01-21,8,4,0,0.100694
1464,1928-01-28,5,4,0,0.100578
1465,1928-02-04,1,3,0,0.100462
1466,1928-02-11,2,4,0,0.100346
1467,1928-02-18,9,8,0,0.10023
1468,1928-02-25,4,7,0,0.100115
1469,1928-03-03,7,1,0,0.1
1470,1928-03-10,6,4,0,0.099885
1471,1928-03-17,5,9,0,0.099771
1472,1928-03-24,6,3,0,0.099656
1473,1928-03-31,9,9,1,0.100686
1474,1928-04-07,7,7,1,0.101714
1475,1928-04-14,5,6,0,0.101598
1476,1928-04-21,5,3,0,0.101482
1477,1928-04-28,1,3,0,0.101367
1478,1928-05-05,4,4,1,0.102389
1479,1928-05-12,2,1,0,0.102273
1480,1928-05-19,3,8,0,0.102157
1481,1928-05-26,5,5,1,0.103175
1482,1928-06-02,5,3,0,0.103058
1483,1928-06-09,8,3,0,0.102941
1484,1928-06-16,1,4,0,0.102825
1485,1928-06-23,9,4,0,0.102709
1486,1928-06-30,2,7,0,0.102593
1487,1928-07-07,7,8,0,0.102477
1488,1928-07-14,4,6,0,0.102362
1489,1928-07-21,9,1,0,0.102247
1490,1928-07-28,7,7,1,0.103255
1491,1928-08-04,6,4,0,0.103139
1492,1928-08-11,1,9,0,0.103024
1493,1928-08-18,5,4,0,0.102908
1494,1928-08-25,8,3,0,0.102793
1495,1928-09-01,7,4,0,0.102679
1496,1928-09-08,6,6,1,0.103679
1497,1928-09-15,3,9,0,0.103563
1498,1928-09-22,9,5,0,0.103448
1499,1928-09-29,7,7,1,0.104444
1500,1928-10-06,6,6,1,0.105438
1501,1928-10-13,1,9,0,0.105322
1502,1928-10-20,4,4,1,0.106312
1503,1928-10-27,8,1,0,0.106195
1504,1928-11-03,7,4,0,0.106077
1505,1928-11-10,3,6,0,0.10596
1506,1928-11-17,2,5,0,0.105843
1507,1928-11-24,9,8,0,0.105727
1508,1928-12-01,9,7,0,0.105611
1509,1928-12-08,6,7,0,0.105495
1510,1928-12-15,4,9,0,0.105379
1511,1928-12-22,6,1,0,0.105263
1512,1928-12-29,2,9,0,0.105148
1513,1929-01-05,3,8,0,0.105033
1514,1929-01-12,9,5,0,0.104918
1515,1929-01-19,5,7,0,0.104803
1516,1929-01-26,3,3,1,0.10578
1517,1929-02-02,7,5,0,0.105664
1518,1929-02-09,2,6,0,0.10555
1519,1929-02-16,2,8,0,0.105435
1520,1929-02-23,9,8,0,0.10532
1521,1929-03-02,9,7,0,0.105206
1522,1929-03-09,3,7,0,0.105092
1523,1929-03-16,9,5,0,0.104978
1524,1929-03-23,9,7,0,0.104865
1525,1929-03-30,4,7,0,0.104752
1526,1929-04-06,4,1,0,0.104639
1527,1929-04-13,2,4,0,0.104526
1528,1929-04-20,2,8,0,0.104413
1529,1929-04-27,8,8,1,0.105376
1530,1929-05-04,8,4,0,0.105263
1531,1929-05-11,2,4,0,0.10515
1532,1929-05-18,1,8,0,0.105038
1533,1929-05-25,3,4,0,0.104925
1534,1929-06-01,9,5,0,0.104813
1535,1929-06-08,9,7,0,0.104701
1536,1929-06-15,1,7,0,0.104589
1537,1929-06-22,3,4,0,0.104478
1538,1929-06-29,8,5,0,0.104366
1539,1929-07-06,8,4,0,0.104255
1540,1929-07-13,1,4,0,0.104145
1541,1929-07-20,5,4,0,0.104034
1542,1929-07-27,9,3,0,0.103924
1543,1929-08-03,6,7,0,0.103814
1544,1929-08-10,9,9,1,0.104762
1545,1929-08-17,1,7,0,0.104651
1546,1929-08-24,3,4,0,0.104541
1547,1929-08-31,3,5,0,0.10443
1548,1929-09-07,1,5,0,0.10432
1549,1929-09-14,4,4,1,0.105263
1550,1929-09-21,5,4,0,0.105152
1551,1929-09-28,9,3,0,0.105042
1552,1929-10-05,9,7,0,0.104932
1553,1929-10-12,5,7,0,0.104822
1554,1929-10-19,6,3,0,0.104712
1555,1929-10-26,8,9,0,0.104603
1556,1929-11-02,2,4,0,0.104493
1557,1929-11-09,1,8,0,0.104384
1558,1929-11-16,8,4,0,0.104275
1559,1929-11-23,7,4,0,0.104167
1560,1929-11-30,6,6,1,0.105099
1561,1929-12-07,4,9,0,0.10499
1562,1929-12-14,3,4,0,0.104881
1563,1929-12-21,1,5,0,0.104772
1564,1929-12-28,7,4,0,0.104663
1565,1930-01-04,2,6,0,0.104555
1566,1930-01-11,2,8,0,0.104447
1567,1930-01-18,9,8,0,0.104339
1568,1930-01-25,6,7,0,0.104231
1569,1930-02-01,1,9,0,0.104124
1570,1930-02-08,7,4,0,0.104016
1571,1930-02-15,7,6,0,0.103909
1572,1930-02-22,8,6,0,0.103803
1573,1930-03-01,5,4,0,0.103696
1574,1930-03-08,2,3,0,0.10359
1575,1930-03-15,5,8,0,0.103484
1576,1930-03-22,6,3,0,0.103378
1577,1930-03-29,7,9,0,0.103272
1578,1930-04-05,7,6,0,0.103166
1579,1930-04-12,1,6,0,0.103061
1580,1930-04-19,4,4,1,0.103976
1581,1930-04-26,9,3,0,0.10387
1582,1930-05-03,4,7,0,0.103764
1583,1930-05-10,9,3,0,0.103659
1584,1930-05-17,3,7,0,0.103553
1585,1930-05-24,2,5,0,0.103448
1586,1930-05-31,3,8,0,0.103343
1587,1930-06-07,7,5,0,0.103239
1588,1930-06-14,4,6,0,0.103134
1589,1930-06-21,8,3,0,0.10303
1590,1930-06-28,8,4,0,0.102926
1591,1930-07-05,2,4,0,0.102823
1592,1930-07-12,2,8,0,0.102719
1593,1930-07-19,6,8,0,0.102616
1594,1930-07-26,5,9,0,0.102513
1595,1930-08-02,9,3,0,0.10241
1596,1930-08-09,4,7,0,0.102307
1597,1930-08-16,2,3,0,0.102204
1598,1930-08-23,3,8,0,0.102102
1599,1930-08-30,1,5,0,0.102
1600,1930-09-06,2,4,0,0.101898
1601,1930-09-13,5,8,0,0.101796
1602,1930-09-20,7,3,0,0.101695
1603,1930-09-27,2,6,0,0.101594
1604,1930-10-04,6,8,0,0.101493
1605,1930-10-11,1,9,0,0.101392
1606,1930-10-18,4,4,1,0.102284
1607,1930-10-25,9,3,0,0.102183
1608,1930-10-31,1,7,0,0.102081
1609,1930-11-08,5,4,0,0.10198
1610,1930-11-15,9,3,0,0.101879
1611,1930-11-22,9,7,0,0.101779
1612,1930-11-29,4,7,0,0.101678
1613,1930-12-06,6,3,0,0.101578
1614,1930-12-13,4,9,0,0.101478
1615,1930-12-20,3,3,1,0.102362
1616,1930-12-27,7,5,0,0.102262
1617,1931-01-03,3,6,0,0.102161
1618,1931-01-10,8,5,0,0.102061
1619,1931-01-17,3,4,0,0.101961
1620,1931-01-24,3,5,0,0.101861
1621,1931-01-31,6,5,0,0.101761
1622,1931-02-07,7,9,0,0.101662
1623,1931-02-14,3,6,0,0.101562
1624,1931-02-21,8,5,0,0.101463
1625,1931-02-28,8,3,0,0.101365
1626,1931-03-07,4,3,0,0.101266
1627,1931-03-14,4,3,0,0.101167
1628,1931-03-21,1,3,0,0.101069
1629,1931-03-28,8,4,0,0.100971
1630,1931-04-04,9,4,0,0.100873
1631,1931-04-11,5,7,0,0.100775
1632,1931-04-18,6,3,0,0.100678
1633,1931-04-25,7,9,0,0.10058
1634,1931-05-02,6,6,1,0.101449
1635,1931-05-09,5,9,0,0.101351
1636,1931-05-16,6,6,1,0.102218
1637,1931-05-23,9,9,1,0.103083
1638,1931-05-30,3,7,0,0.102984
1639,1931-06-06,9,8,0,0.102885
1640,1931-06-13,9,7,0,0.102786
1641,1931-06-20,6,7,0,0.102687
1642,1931-06-27,1,9,0,0.102589
1643,1931-07-04,2,4,0,0.10249
1644,1931-07-11,2,8,0,0.102392
1645,1931-07-18,8,8,1,0.10325
1646,1931-07-25,8,4,0,0.103152
1647,1931-08-01,6,4,0,0.103053
1648,1931-08-08,2,9,0,0.102955
1649,1931-08-15,9,8,0,0.102857
1650,1931-08-22,7,7,1,0.103711
1651,1931-08-29,4,6,0,0.103612
1652,1931-09-05,6,3,0,0.103514
1653,1931-09-12,4,9,0,0.103416
1654,1931-09-19,1,3,0,0.103318
1655,1931-09-26,6,4,0,0.10322
1656,1931-10-03,9,9,1,0.104068
1657,1931-10-10,1,7,0,0.10397
1658,1931-10-17,3,4,0,0.103872
1659,1931-10-24,3,8,0,0.103774
1660,1931-10-31,1,8,0,0.103676
1661,1931-11-07,9,4,0,0.103578
1662,1931-11-14,3,7,0,0.103481
1663,1931-11-21,4,8,0,0.103383
1664,1931-11-28,6,1,0,0.103286
1665,1931-12-05,2,9,0,0.103189
1666,1931-12-12,8,8,1,0.10403
1667,1931-12-19,8,4,0,0.103933
1668,1931-12-26,5,4,0,0.103835
1669,1932-01-02,5,6,0,0.103738
1670,1932-01-09,9,6,0,0.103641
1671,1932-01-16,3,7,0,0.103545
1672,1932-01-23,9,8,0,0.103448
1673,1932-01-30,1,7,0,0.103352
1674,1932-02-06,7,4,0,0.103256
1675,1932-02-13,5,6,0,0.10316
1676,1932-02-20,6,6,1,0.103993
1677,1932-02-27,6,9,0,0.103896
1678,1932-03-05,2,9,0,0.1038
1679,1932-03-12,2,8,0,0.103704
1680,1932-03-19,6,8,0,0.103608
1681,1932-03-26,3,9,0,0.103512
1682,1932-04-02,1,8,0,0.103416
1683,1932-04-09,1,4,0,0.103321
1684,1932-04-16,2,4,0,0.103226
1685,1932-04-23,1,8,0,0.103131
1686,1932-04-30,9,4,0,0.103036
1687,1932-05-07,7,7,1,0.10386
1688,1932-05-14,6,6,1,0.104683
1689,1932-05-21,4,9,0,0.104587
1690,1932-05-28,5,1,0,0.104491
1691,1932-06-04,6,6,1,0.105311
1692,1932-06-11,7,9,0,0.105215
1693,1932-06-18,3,6,0,0.105119
1694,1932-06-25,2,8,0,0.105023
1695,1932-07-02,1,8,0,0.104927
1696,1932-07-09,9,4,0,0.104831
1697,1932-07-16,6,7,0,0.104736
1698,1932-07-23,1,9,0,0.104641
1699,1932-07-30,2,4,0,0.104545
1700,1932-08-06,1,8,0,0.10445
1701,1932-08-13,3,4,0,0.104356
1702,1932-08-20,8,8,1,0.105168
1703,1932-08-27,5,4,0,0.105072
1704,1932-09-03,5,6,0,0.104977
1705,1932-09-10,2,6,0,0.104882
1706,1932-09-17,1,8,0,0.104788
1707,1932-09-24,7,4,0,0.104693
1708,1932-10-01,7,6,0,0.104599
1709,1932-10-08,7,6,0,0.104505
1710,1932-10-15,4,6,0,0.10441
1711,1932-10-22,7,1,0,0.104317
1712,1932-10-29,7,6,0,0.104223
1713,1932-11-05,2,6,0,0.104129
1714,1932-11-12,9,1,0,0.104036
1715,1932-11-19,5,7,0,0.103943
1716,1932-11-26,9,6,0,0.10385
1717,1932-12-03,5,7,0,0.103757
1718,1932-12-10,6,6,1,0.104558
1719,1932-12-17,8,9,0,0.104464
1720,1932-12-24,2,4,0,0.104371
1721,1932-12-31,6,1,0,0.104278
1722,1933-01-07,1,9,0,0.104185
1723,1933-01-14,8,4,0,0.104093
1724,1933-01-21,8,4,0,0.104
1725,1933-01-28,4,4,1,0.104796
1726,1933-02-04,7,1,0,0.104703
1727,1933-02-11,2,6,0,0.10461
1728,1933-02-18,4,1,0,0.104517
1729,1933-02-25,5,1,0,0.104425
1730,1933-03-04,4,6,0,0.104332
1731,1933-03-11,6,1,0,0.10424
1732,1933-03-18,3,9,0,0.104148
1733,1933-03-25,7,8,0,0.104056
1734,1933-04-01,3,6,0,0.103965
1735,1933-04-08,9,8,0,0.103873
1736,1933-04-15,2,7,0,0.103782
1737,1933-04-22,3,1,0,0.103691
1738,1933-04-29,8,8,1,0.104478
1739,1933-05-06,9,4,0,0.104386
1740,1933-05-13,5,7,0,0.104294
1741,1933-05-20,4,6,0,0.104203
1742,1933-05-27,8,1,0,0.104112
1743,1933-06-03,2,4,0,0.104021
1744,1933-06-10,4,1,0,0.10393
1745,1933-06-17,6,1,0,0.103839
1746,1933-06-24,1,9,0,0.103749
1747,1933-07-01,9,4,0,0.103659
1748,1933-07-08,1,7,0,0.103568
1749,1933-07-15,6,4,0,0.103478
1750,1933-07-22,7,9,0,0.103388
1751,1933-07-29,6,6,1,0.104167
1752,1933-08-05,8,9,0,0.104076
1753,1933-08-12,8,4,0,0.103986
1754,1933-08-19,6,4,0,0.103896
1755,1933-08-26,6,9,0,0.103806
1756,1933-09-02,1,9,0,0.103717
1757,1933-09-09,3,4,0,0.103627
1758,1933-09-16,2,8,0,0.103538
1759,1933-09-23,4,1,0,0.103448
1760,1933-09-30,4,1,0,0.103359
1761,1933-10-07,7,4,0,0.10327
1762,1933-10-14,4,6,0,0.103181
1763,1933-10-21,6,4,0,0.103093
1764,1933-10-28,6,9,0,0.103004
1765,1933-11-04,4,9,0,0.102916
1766,1933-11-11,5,4,0,0.102828
1767,1933-11-18,9,6,0,0.10274
1768,1933-11-25,8,7,0,0.102652
1769,1933-12-02,1,4,0,0.102564
1770,1933-12-09,9,4,0,0.102477
1771,1933-12-16,7,7,1,0.103242
1772,1933-12-23,3,6,0,0.103154
1773,1933-12-30,9,8,0,0.103066
1774,1934-01-06,4,7,0,0.102979
1775,1934-01-13,3,4,0,0.102891
1776,1934-01-20,8,8,1,0.103653
1777,1934-01-27,2,4,0,0.103565
1778,1934-02-03,1,1,1,0.104326
1779,1934-02-10,7,4,0,0.104237
1780,1934-02-17,8,6,0,0.104149
1781,1934-02-24,1,4,0,0.104061
1782,1934-03-03,8,4,0,0.103973
1783,1934-03-10,7,4,0,0.103885
1784,1934-03-17,7,6,0,0.103797
1785,1934-03-24,8,6,0,0.10371
1786,1934-03-31,4,4,1,0.104465
1787,1934-04-07,5,3,0,0.104377
1788,1934-04-14,4,6,0,0.104289
1789,1934-04-21,2,3,0,0.104202
1790,1934-04-28,1,1,1,0.104954
1791,1934-05-05,9,4,0,0.104866
1792,1934-05-12,5,7,0,0.104778
1793,1934-05-19,8,6,0,0.10469
1794,1934-05-26,4,4,1,0.105439
1795,1934-06-02,7,3,0,0.105351
1796,1934-06-09,7,6,0,0.105263
1797,1934-06-16,2,6,0,0.105175
1798,1934-06-23,1,1,1,0.105922
1799,1934-06-30,5,4,0,0.105833
1800,1934-07-07,7,6,0,0.105745
1801,1934-07-14,7,6,0,0.105657
1802,1934-07-21,7,6,0,0.105569
1803,1934-07-28,8,6,0,0.105482
1804,1934-08-04,8,4,0,0.105394
1805,1934-08-11,1,4,0,0.105307
1806,1934-08-18,1,4,0,0.10522
1807,1934-08-25,7,4,0,0.105132
1808,1934-09-01,6,6,1,0.105873
1809,1934-09-08,2,9,0,0.105785
1810,1934-09-15,8,1,0,0.105698
1811,1934-09-22,3,4,0,0.105611
1812,1934-09-29,7,8,0,0.105523
1813,1934-10-06,1,6,0,0.105437
1814,1934-10-13,3,4,0,0.10535
1815,1934-10-20,2,8,0,0.105263
1816,1934-10-27,6,1,0,0.105177
1817,1934-11-03,8,9,0,0.10509
1818,1934-11-10,3,4,0,0.105004
1819,1934-11-17,2,8,0,0.104918
1820,1934-11-24,6,1,0,0.104832
1821,1934-12-01,9,9,1,0.105565
1822,1934-12-08,7,7,1,0.106296
1823,1934-12-15,7,6,0,0.106209
1824,1934-12-22,5,6,0,0.106122
1825,1934-12-29,6,6,1,0.106852
1826,1935-01-05,3,9,0,0.106764
1827,1935-01-12,1,8,0,0.106678
1828,1935-01-19,5,4,0,0.106591
1829,1935-01-26,6,6,1,0.107317
1830,1935-02-02,7,9,0,0.10723
1831,1935-02-09,2,6,0,0.107143
1832,1935-02-16,1,1,1,0.107867
1833,1935-02-23,9,4,0,0.10778
1834,1935-03-02,7,7,1,0.108502
1835,1935-03-09,1,6,0,0.108414
1836,1935-03-16,7,4,0,0.108327
1837,1935-03-23,5,6,0,0.108239
1838,1935-03-30,7,6,0,0.108152
1839,1935-04-06,5,6,0,0.108065
1840,1935-04-13,6,6,1,0.108783
1841,1935-04-20,8,9,0,0.108696
1842,1935-04-27,9,4,0,0.108608
1843,1935-05-04,3,7,0,0.108521
1844,1935-05-11,7,8,0,0.108434
1845,1935-05-18,8,6,0,0.108347
1846,1935-05-25,6,4,0,0.10826
1847,1935-06-01,1,9,0,0.108173
1848,1935-06-08,5,4,0,0.108086
1849,1935-06-15,8,6,0,0.108
1850,1935-06-22,1,4,0,0.107914
1851,1935-06-29,7,4,0,0.107827
1852,1935-07-06,2,6,0,0.107741
1853,1935-07-13,8,1,0,0.107656
1854,1935-07-20,6,4,0,0.10757
1855,1935-07-27,7,9,0,0.107484
1856,1935-08-03,6,6,1,0.108194
1857,1935-08-10,9,9,1,0.108903
1858,1935-08-17,6,7,0,0.108817
1859,1935-08-24,4,9,0,0.10873
1860,1935-08-31,6,3,0,0.108644
1861,1935-09-07,3,9,0,0.108558
1862,1935-09-14,9,8,0,0.108472
1863,1935-09-21,7,7,1,0.109177
1864,1935-09-28,7,6,0,0.109091
1865,1935-10-05,2,6,0,0.109005
1866,1935-10-12,8,1,0,0.108919
1867,1935-10-19,5,4,0,0.108833
1868,1935-10-26,7,6,0,0.108747
1869,1935-11-02,5,6,0,0.108661
1870,1935-11-09,7,6,0,0.108576
1871,1935-11-16,1,6,0,0.108491
1872,1935-11-23,1,4,0,0.108405
1873,1935-11-30,8,4,0,0.10832
1874,1935-12-07,7,4,0,0.108235
1875,1935-12-14,7,6,0,0.10815
1876,1935-12-21,6,6,1,0.108849
1877,1935-12-28,9,9,1,0.109546
1878,1936-01-04,9,7,0,0.109461
1879,1936-01-11,5,7,0,0.109375
1880,1936-01-18,3,6,0,0.10929
1881,1936-01-25,3,8,0,0.109204
1882,1936-02-01,6,8,0,0.109119
1883,1936-02-08,4,9,0,0.109034
1884,1936-02-15,1,6,0,0.108949
1885,1936-02-22,7,4,0,0.108865
1886,1936-02-29,4,6,0,0.10878
1887,1936-03-07,4,6,0,0.108696
1888,1936-03-14,7,4,0,0.108611
1889,1936-03-21,6,6,1,0.109302
1890,1936-03-28,9,9,1,0.109992
1891,1936-04-04,8,7,0,0.109907
1892,1936-04-11,9,4,0,0.109822
1893,1936-04-18,2,7,0,0.109737
1894,1936-04-25,8,1,0,0.109653
1895,1936-05-02,1,4,0,0.109568
1896,1936-05-09,1,4,0,0.109483
1897,1936-05-16,8,4,0,0.109399
1898,1936-05-23,7,4,0,0.109315
1899,1936-05-30,4,6,0,0.109231
1900,1936-06-06,2,4,0,0.109147
1901,1936-06-13,6,1,0,0.109063
1902,1936-06-20,5,9,0,0.108979
1903,1936-06-27,5,6,0,0.108896
1904,1936-07-04,5,6,0,0.108812
1905,1936-07-11,4,6,0,0.108729
1906,1936-07-18,8,4,0,0.108646
1907,1936-07-25,8,4,0,0.108563
1908,1936-08-01,6,4,0,0.10848
1909,1936-08-08,6,9,0,0.108397
1910,1936-08-15,1,9,0,0.108314
1911,1936-08-22,4,4,1,0.108994
1912,1936-08-29,7,4,0,0.108911
1913,1936-09-05,1,6,0,0.108828
1914,1936-09-12,7,4,0,0.108745
1915,1936-09-19,3,6,0,0.108663
1916,1936-09-26,2,8,0,0.10858
1917,1936-10-03,6,1,0,0.108498
1918,1936-10-10,1,9,0,0.108415
1919,1936-10-17,4,4,1,0.109091
1920,1936-10-24,3,7,0,0.109008
1921,1936-10-31,9,8,0,0.108926
1922,1936-11-07,8,7,0,0.108844
1923,1936-11-14,9,4,0,0.108761
1924,1936-11-21,3,7,0,0.108679
1925,1936-11-28,4,8,0,0.108597
1926,1936-12-05,2,7,0,0.108515
1927,1936-12-12,1,1,1,0.109187
1928,1936-12-19,1,4,0,0.109105
1929,1936-12-26,1,4,0,0.109023
1930,1937-01-02,5,4,0,0.108941
1931,1937-01-09,5,6,0,0.108859
1932,1937-01-16,1,6,0,0.108777
1933,1937-01-23,7,4,0,0.108696
1934,1937-01-30,1,6,0,0.108614
1935,1937-02-06,9,4,0,0.108533
1936,1937-02-13,4,7,0,0.108452
1937,1937-02-20,9,7,0,0.108371
1938,1937-02-27,1,7,0,0.10829
1939,1937-03-06,6,4,0,0.108209
1940,1937-03-13,3,9,0,0.108128
1941,1937-03-20,5,8,0,0.108048
1942,1937-03-27,8,6,0,0.107967
1943,1937-04-03,3,4,0,0.107887
1944,1937-04-10,3,8,0,0.107807
1945,1937-04-17,8,8,1,0.10847
1946,1937-04-24,9,4,0,0.108389
1947,1937-05-01,3,7,0,0.108309
1948,1937-05-08,1,8,0,0.108228
1949,1937-05-15,9,4,0,0.108148
1950,1937-05-22,7,7,1,0.108808
1951,1937-05-29,2,6,0,0.108728
1952,1937-06-05,5,1,0,0.108647
1953,1937-06-12,7,6,0,0.108567
1954,1937-06-19,4,6,0,0.108487
1955,1937-06-26,4,7,0,0.108407
1956,1937-07-03,9,4,0,0.108327
1957,1937-07-10,5,7,0,0.108247
1958,1937-07-17,7,6,0,0.108168
1959,1937-07-24,5,6,0,0.108088
1960,1937-07-31,9,6,0,0.108009
1961,1937-08-07,7,7,1,0.108664
1962,1937-08-14,3,6,0,0.108584
1963,1937-08-21,2,8,0,0.108504
1964,1937-08-28,9,1,0,0.108425
1965,1937-09-04,3,7,0,0.108346
1966,1937-09-11,8,8,1,0.108998
1967,1937-09-18,3,4,0,0.108918
1968,1937-09-25,7,8,0,0.108839
1969,1937-10-02,4,6,0,0.108759
1970,1937-10-09,8,4,0,0.10868
1971,1937-10-16,5,3,0,0.108601
1972,1937-10-23,8,6,0,0.108521
1973,1937-10-30,1,3,0,0.108443
1974,1937-11-06,2,4,0,0.108364
1975,1937-11-13,2,1,0,0.108285
1976,1937-11-20,1,1,1,0.108932
1977,1937-11-27,9,4,0,0.108853
1978,1937-12-04,2,7,0,0.108774
1979,1937-12-11,3,1,0,0.108696
1980,1937-12-18,1,8,0,0.108617
1981,1937-12-25,7,4,0,0.108538
1982,1937-12-31,6,6,1,0.109183
1983,1938-01-08,8,9,0,0.109104
1984,1938-01-15,1,3,0,0.109025
1985,1938-01-22,5,4,0,0.108947
1986,1938-01-29,3,6,0,0.108868
1987,1938-02-05,8,8,1,0.10951
1988,1938-02-12,9,3,0,0.109431
1989,1938-02-19,4,7,0,0.109353
1990,1938-02-26,9,4,0,0.109274
1991,1938-03-05,3,7,0,0.109195
1992,1938-03-12,9,8,0,0.109117
1993,1938-03-19,2,7,0,0.109039
1994,1938-03-26,5,1,0,0.108961
1995,1938-04-02,7,6,0,0.108883
1996,1938-04-09,5,6,0,0.108805
1997,1938-04-16,7,6,0,0.108727
1998,1938-04-23,4,6,0,0.108649
1999,1938-04-30,4,4,1,0.109286
2000,1938-05-07,5,4,0,0.109208
2001,1938-05-14,9,6,0,0.10913
2002,1938-05-21,7,7,1,0.109765
2003,1938-05-28,8,6,0,0.109687
2004,1938-06-04,3,3,1,0.11032
2005,1938-06-11,6,8,0,0.110242
2006,1938-06-18,9,9,1,0.110874
2007,1938-06-25,5,7,0,0.110795
2008,1938-07-02,6,6,1,0.111427
2009,1938-07-09,8,9,0,0.111348
2010,1938-07-16,9,3,0,0.111269
2011,1938-07-23,4,7,0,0.11119
2012,1938-07-30,9,4,0,0.111111
2013,1938-08-06,8,7,0,0.111033
2014,1938-08-13,8,3,0,0.110954
2015,1938-08-20,7,3,0,0.110876
2016,1938-08-27,6,6,1,0.111503
2017,1938-09-03,4,9,0,0.111425
2018,1938-09-10,2,4,0,0.111346
2019,1938-09-17,6,1,0,0.111268
2020,1938-09-24,6,9,0,0.111189
2021,1938-10-01,1,9,0,0.111111
2022,1938-10-08,7,4,0,0.111033
2023,1938-10-15,4,6,0,0.110955
2024,1938-10-22,7,4,0,0.110877
2025,1938-10-29,2,6,0,0.110799
2026,1938-11-05,3,1,0,0.110722
2027,1938-11-12,4,8,0,0.110644
2028,1938-11-19,6,4,0,0.110567
2029,1938-11-26,7,9,0,0.11049
2030,1938-12-03,1,6,0,0.110412
2031,1938-12-10,2,4,0,0.110335
2032,1938-12-17,8,1,0,0.110258
2033,1938-12-24,6,3,0,0.110181
2034,1938-12-31,3,9,0,0.110105
2035,1939-01-07,4,8,0,0.110028
2036,1939-01-14,9,4,0,0.109951
2037,1939-01-21,1,7,0,0.109875
2038,1939-01-28,2,4,0,0.109798
2039,1939-02-04,7,1,0,0.109722
2040,1939-02-11,9,6,0,0.109646
2041,1939-02-18,5,7,0,0.10957
2042,1939-02-25,8,6,0,0.109494
2043,1939-03-04,5,3,0,0.109418
2044,1939-03-11,9,6,0,0.109343
2045,1939-03-18,1,7,0,0.109267
2046,1939-03-25,3,4,0,0.109191
2047,1939-04-01,1,8,0,0.109116
2048,1939-04-08,3,4,0,0.109041
2049,1939-04-15,3,8,0,0.108966
2050,1939-04-22,6,8,0,0.10889
2051,1939-04-29,2,9,0,0.108815
2052,1939-05-06,1,1,1,0.109429
2053,1939-05-13,7,4,0,0.109354
2054,1939-05-20,4,6,0,0.109278
2055,1939-05-27,8,4,0,0.109203
2056,1939-06-03,7,3,0,0.109128
2057,1939-06-10,6,6,1,0.109739
2058,1939-06-17,5,9,0,0.109664
2059,1939-06-24,4,6,0,0.109589
2060,1939-07-01,4,4,1,0.110198
2061,1939-07-08,3,4,0,0.110123
2062,1939-07-15,2,8,0,0.110048
2063,1939-07-22,6,1,0,0.109973
2064,1939-07-29,7,9,0,0.109898
2065,1939-08-05,9,6,0,0.109823
2066,1939-08-12,4,7,0,0.109748
2067,1939-08-19,9,4,0,0.109673
2068,1939-08-26,4,7,0,0.109598
2069,1939-09-02,2,4,0,0.109524
2070,1939-09-09,2,1,0,0.109449
2071,1939-09-16,6,1,0,0.109375
2072,1939-09-23,5,9,0,0.109301
2073,1939-09-30,5,6,0,0.109227
2074,1939-10-07,5,6,0,0.109153
2075,1939-10-14,9,6,0,0.109079
2076,1939-10-21,9,7,0,0.109005
2077,1939-10-28,5,7,0,0.108931
2078,1939-11-04,5,6,0,0.108857
2079,1939-11-11,6,6,1,0.109459
2080,1939-11-18,1,9,0,0.109386
2081,1939-11-25,7,4,0,0.109312
2082,1939-12-02,7,6,0,0.109238
2083,1939-12-09,6,6,1,0.109838
2084,1939-12-16,7,9,0,0.109764
2085,1939-12-23,1,6,0,0.10969
2086,1939-12-30,7,4,0,0.109617
2087,1940-01-06,7,6,0,0.109543
2088,1940-01-13,2,6,0,0.109469
2089,1940-01-20,4,1,0,0.109396
2090,1940-01-27,5,4,0,0.109323
2091,1940-02-03,6,6,1,0.10992
2092,1940-02-10,3,9,0,0.109846
2093,1940-02-17,9,8,0,0.109772
2094,1940-02-24,1,7,0,0.109699
2095,1940-03-02,5,4,0,0.109626
2096,1940-03-09,4,6,0,0.109552
2097,1940-03-16,9,4,0,0.109479
2098,1940-03-23,6,7,0,0.109406
2099,1940-03-30,1,9,0,0.109333
2100,1940-04-06,4,4,1,0.109927
2101,1940-04-13,9,4,0,0.109854
2102,1940-04-20,7,7,1,0.110446
2103,1940-04-27,2,6,0,0.110372
2104,1940-05-04,1,1,1,0.110963
2105,1940-05-11,3,4,0,0.11089
2106,1940-05-18,3,8,0,0.110816
2107,1940-05-25,1,8,0,0.110743
2108,1940-06-01,3,4,0,0.110669
2109,1940-06-08,1,8,0,0.110596
2110,1940-06-15,1,4,0,0.110523
2111,1940-06-22,1,4,0,0.11045
2112,1940-06-29,3,4,0,0.110377
2113,1940-07-06,2,8,0,0.110304
2114,1940-07-13,2,1,0,0.110231
2115,1940-07-20,8,1,0,0.110158
2116,1940-07-27,4,3,0,0.110086
2117,1940-08-03,8,4,0,0.110013
2118,1940-08-10,8,3,0,0.109941
2119,1940-08-17,3,3,1,0.110526
2120,1940-08-24,2,8,0,0.110454
2121,1940-08-31,5,1,0,0.110381
2122,1940-09-07,3,6,0,0.110309
2123,1940-09-14,8,8,1,0.110892
2124,1940-09-21,3,3,1,0.111475
2125,1940-09-28,6,8,0,0.111402
2126,1940-10-05,5,9,0,0.111329
2127,1940-10-12,2,6,0,0.111257
2128,1940-10-19,7,1,0,0.111184
2129,1940-10-26,4,6,0,0.111111
2130,1940-11-02,4,4,1,0.111692
2131,1940-11-09,6,4,0,0.111619
2132,1940-11-16,7,9,0,0.111546
2133,1940-11-23,6,6,1,0.112125
2134,1940-11-30,1,9,0,0.112052
2135,1940-12-07,8,4,0,0.111979
2136,1940-12-14,4,3,0,0.111906
2137,1940-12-21,2,4,0,0.111834
2138,1940-12-28,7,1,0,0.111761
2139,1941-01-04,6,6,1,0.112338
2140,1941-01-11,9,9,1,0.112914
2141,1941-01-18,6,7,0,0.11284
2142,1941-01-25,8,9,0,0.112767
2143,1941-02-01,7,3,0,0.112694
2144,1941-02-08,9,6,0,0.112621
2145,1941-02-15,1,7,0,0.112549
2146,1941-02-22,4,4,1,0.113122
2147,1941-03-01,7,4,0,0.113049
2148,1941-03-08,4,6,0,0.112976
2149,1941-03-15,4,4,1,0.113548
2150,1941-03-22,7,4,0,0.113475
2151,1941-03-29,2,6,0,0.113402
2152,1941-04-05,7,1,0,0.113329
2153,1941-04-12,4,6,0,0.113256
2154,1941-04-19,1,4,0,0.113183
2155,1941-04-26,4,4,1,0.113753
2156,1941-05-03,7,4,0,0.11368
2157,1941-05-10,7,6,0,0.113607
2158,1941-05-17,7,6,0,0.113534
2159,1941-05-24,8,6,0,0.113462
2160,1941-05-31,9,3,0,0.113389
2161,1941-06-07,2,7,0,0.113316
2162,1941-06-14,6,1,0,0.113244
2163,1941-06-21,4,9,0,0.113171
2164,1941-06-28,2,4,0,0.113099
2165,1941-07-05,3,1,0,0.113027
2166,1941-07-12,6,8,0,0.112955
2167,1941-07-19,8,9,0,0.112883
2168,1941-07-26,4,3,0,0.112811
2169,1941-08-02,7,4,0,0.112739
2170,1941-08-09,5,6,0,0.112667
2171,1941-08-16,4,6,0,0.112595
2172,1941-08-23,7,7,1,0.11316
2173,1941-08-30,5,6,0,0.113088
2174,1941-09-06,5,6,0,0.113016
2175,1941-09-13,9,6,0,0.112944
2176,1941-09-20,7,7,1,0.113507
2177,1941-09-27,3,6,0,0.113435
2178,1941-10-04,1,8,0,0.113363
2179,1941-10-11,2,4,0,0.113291
2180,1941-10-18,1,1,1,0.113852
2181,1941-10-25,5,4,0,0.11378
2182,1941-11-01,9,6,0,0.113708
2183,1941-11-08,6,7,0,0.113636
2184,1941-11-15,3,9,0,0.113565
2185,1941-11-22,2,8,0,0.113493
2186,1941-11-29,5,1,0,0.113422
2187,1941-12-06,5,6,0,0.11335
2188,1941-12-13,4,6,0,0.113279
2189,1941-12-20,2,7,0,0.113208
2190,1941-12-27,5,1,0,0.113136
2191,1942-01-03,9,6,0,0.113065
2192,1942-01-10,4,7,0,0.112994
2193,1942-01-17,6,7,0,0.112923
2194,1942-01-24,7,9,0,0.112853
2195,1942-01-31,6,6,1,0.113409
2196,1942-02-07,1,9,0,0.113338
2197,1942-02-14,1,4,0,0.113267
2198,1942-02-21,6,4,0,0.113196
2199,1942-02-28,6,9,0,0.113125
2200,1942-03-07,5,9,0,0.113054
2201,1942-03-14,9,6,0,0.112984
2202,1942-03-21,4,7,0,0.112913
2203,1942-03-28,6,7,0,0.112843
2204,1942-04-04,9,9,1,0.113396
2205,1942-04-11,9,7,0,0.113325
2206,1942-04-18,1,7,0,0.113255
2207,1942-04-25,4,4,1,0.113806
2208,1942-05-02,7,7,1,0.114357
2209,1942-05-09,6,6,1,0.114907
2210,1942-05-16,3,9,0,0.114836
2211,1942-05-23,6,8,0,0.114764
2212,1942-05-30,1,9,0,0.114693
2213,1942-06-06,9,4,0,0.114622
2214,1942-06-13,3,7,0,0.114551
2215,1942-06-20,5,8,0,0.11448
2216,1942-06-27,8,6,0,0.114409
2217,1942-07-04,7,3,0,0.114339
2218,1942-07-11,1,6,0,0.114268
2219,1942-07-18,6,4,0,0.114198
2220,1942-07-25,5,9,0,0.114127
2221,1942-08-01,5,6,0,0.114057
2222,1942-08-08,2,6,0,0.113986
2223,1942-08-15,7,1,0,0.113916
2224,1942-08-22,8,6,0,0.113846
2225,1942-08-29,3,3,1,0.114391
2226,1942-09-05,7,8,0,0.114321
2227,1942-09-12,2,6,0,0.114251
2228,1942-09-19,3,1,0,0.11418
2229,1942-09-26,3,8,0,0.11411
2230,1942-10-03,5,8,0,0.11404
2231,1942-10-10,2,6,0,0.113971
2232,1942-10-17,6,1,0,0.113901
2233,1942-10-24,1,9,0,0.113831
2234,1942-10-31,9,4,0,0.113761
2235,1942-11-07,1,7,0,0.113692
2236,1942-11-14,4,4,1,0.114233
2237,1942-11-21,4,7,0,0.114164
2238,1942-11-28,4,7,0,0.114094
2239,1942-12-05,7,7,1,0.114634
2240,1942-12-12,8,6,0,0.114564
2241,1942-12-19,1,3,0,0.114495
2242,1942-12-26,8,4,0,0.114425
2243,1943-01-02,6,3,0,0.114355
2244,1943-01-09,8,1,0,0.114286
2245,1943-01-16,5,3,0,0.114216
2246,1943-01-23,5,6,0,0.114147
2247,1943-01-30,9,6,0,0.114078
2248,1943-02-06,7,7,1,0.114615
2249,1943-02-13,9,6,0,0.114545
2250,1943-02-20,5,7,0,0.114476
2251,1943-02-27,6,6,1,0.115012
2252,1943-03-06,5,1,0,0.114943
2253,1943-03-13,2,6,0,0.114873
2254,1943-03-20,3,1,0,0.114804
2255,1943-03-27,1,8,0,0.114734
2256,1943-04-03,3,4,0,0.114665
2257,1943-04-10,3,8,0,0.114596
2258,1943-04-17,8,8,1,0.11513
2259,1943-04-24,1,3,0,0.11506
2260,1943-05-01,5,4,0,0.114991
2261,1943-05-08,3,6,0,0.114922
2262,1943-05-15,6,8,0,0.114853
2263,1943-05-22,3,1,0,0.114784
2264,1943-05-29,4,8,0,0.114715
2265,1943-06-05,7,7,1,0.115246
2266,1943-06-12,8,6,0,0.115177
2267,1943-06-19,8,3,0,0.115108
2268,1943-06-26,6,3,0,0.115039
2269,1943-07-03,9,1,0,0.11497
2270,1943-07-10,5,7,0,0.114901
2271,1943-07-17,1,6,0,0.114833
2272,1943-07-24,6,4,0,0.114764
2273,1943-07-31,2,9,0,0.114695
2274,1943-08-07,9,1,0,0.114627
2275,1943-08-14,3,7,0,0.114558
2276,1943-08-21,9,8,0,0.11449
2277,1943-08-28,1,7,0,0.114422
2278,1943-09-04,1,4,0,0.114354
2279,1943-09-11,1,4,0,0.114286
2280,1943-09-18,8,4,0,0.114218
2281,1943-09-25,5,3,0,0.11415
2282,1943-10-02,6,6,1,0.114676
2283,1943-10-09,4,9,0,0.114608
2284,1943-10-16,6,7,0,0.11454
2285,1943-10-23,6,9,0,0.114472
2286,1943-10-30,2,9,0,0.114404
2287,1943-11-06,9,1,0,0.114336
2288,1943-11-13,8,7,0,0.114269
2289,1943-11-20,8,3,0,0.114201
2290,1943-11-27,6,3,0,0.114134
2291,1943-12-04,8,9,0,0.114066
2292,1943-12-11,5,3,0,0.113999
2293,1943-12-18,5,6,0,0.113932
2294,1943-12-25,9,6,0,0.113864
2295,1943-12-31,9,7,0,0.113797
2296,1944-01-08,3,7,0,0.11373
2297,1944-01-15,5,8,0,0.113663
2298,1944-01-22,1,6,0,0.113596
2299,1944-01-29,6,4,0,0.113529
2300,1944-02-05,2,9,0,0.113463
2301,1944-02-12,8,1,0,0.113396
2302,1944-02-19,1,3,0,0.113329
2303,1944-02-26,9,4,0,0.113263
2304,1944-03-04,9,7,0,0.113196
2305,1944-03-11,8,7,0,0.11313
2306,1944-03-18,5,3,0,0.113064
2307,1944-03-25,2,6,0,0.112998
2308,1944-04-01,4,1,0,0.112932
2309,1944-04-08,4,7,0,0.112865
2310,1944-04-15,1,7,0,0.1128
2311,1944-04-22,1,4,0,0.112734
2312,1944-04-29,4,4,1,0.113252
2313,1944-05-06,3,7,0,0.113186
2314,1944-05-13,6,8,0,0.11312
2315,1944-05-20,2,9,0,0.113054
2316,1944-05-27,2,1,0,0.112988
2317,1944-06-03,9,1,0,0.112922
2318,1944-06-10,2,7,0,0.112856
2319,1944-06-17,5,1,0,0.112791
2320,1944-06-24,6,6,1,0.113306
2321,1944-07-01,1,9,0,0.11324
2322,1944-07-08,3,4,0,0.113175
2323,1944-07-15,1,8,0,0.113109
2324,1944-07-22,2,4,0,0.113043
2325,1944-07-29,5,1,0,0.112978
2326,1944-08-05,7,6,0,0.112913
2327,1944-08-12,3,6,0,0.112847
2328,1944-08-19,5,8,0,0.112782
2329,1944-08-26,9,6,0,0.112717
2330,1944-09-02,2,7,0,0.112652
2331,1944-09-09,6,1,0,0.112587
2332,1944-09-16,9,1,0,0.112522
2333,1944-09-23,3,7,0,0.112457
2334,1944-09-30,4,8,0,0.112392
2335,1944-10-07,3,7,0,0.112327
2336,1944-10-14,4,8,0,0.112263
2337,1944-10-21,4,7,0,0.112198
2338,1944-10-28,6,7,0,0.112133
2339,1944-11-04,7,9,0,0.112069
2340,1944-11-11,4,6,0,0.112005
2341,1944-11-18,7,7,1,0.112514
2342,1944-11-25,4,6,0,0.11245
2343,1944-12-02,4,7,0,0.112385
2344,1944-12-09,1,7,0,0.112321
2345,1944-12-16,2,4,0,0.112257
2346,1944-12-23,9,1,0,0.112192
2347,1944-12-30,9,7,0,0.112128
2348,1945-01-05,3,7,0,0.112064
2349,1945-01-13,4,8,0,0.112
2350,1945-01-20,8,7,0,0.111936
2351,1945-01-27,5,3,0,0.111872
2352,1945-02-03,5,6,0,0.111808
2353,1945-02-10,2,6,0,0.111745
2354,1945-02-17,7,1,0,0.111681
2355,1945-02-24,6,6,1,0.112187
2356,1945-03-03,4,9,0,0.112123
2357,1945-03-10,9,7,0,0.112059
2358,1945-03-17,8,7,0,0.111995
2359,1945-03-24,8,3,0,0.111932
2360,1945-03-31,7,3,0,0.111868
2361,1945-04-07,7,6,0,0.111805
2362,1945-04-14,1,6,0,0.111741
2363,1945-04-21,9,4,0,0.111678
2364,1945-04-28,6,7,0,0.111615
2365,1945-05-05,2,9,0,0.111552
2366,1945-05-12,1,1,1,0.112054
2367,1945-05-19,8,4,0,0.111991
2368,1945-05-26,6,3,0,0.111928
2369,1945-06-02,2,9,0,0.111864
2370,1945-06-09,2,1,0,0.111801
2371,1945-06-16,6,1,0,0.111738
2372,1945-06-23,1,9,0,0.111675
2373,1945-06-30,7,4,0,0.111612
2374,1945-07-07,8,6,0,0.111549
2375,1945-07-14,6,3,0,0.111486
2376,1945-07-21,7,1,0,0.111424
2377,1945-07-28,3,6,0,0.111361
2378,1945-08-04,4,8,0,0.111298
2379,1945-08-11,9,7,0,0.111236
2380,1945-08-18,4,7,0,0.111173
2381,1945-08-25,1,7,0,0.111111
2382,1945-09-01,9,4,0,0.111049
2383,1945-09-08,8,7,0,0.110987
2384,1945-09-15,8,6,0,0.110924
2385,1945-09-22,2,6,0,0.110862
2386,1945-09-29,3,1,0,0.1108
2387,1945-10-06,8,8,1,0.111298
2388,1945-10-13,3,6,0,0.111235
2389,1945-10-20,5,8,0,0.111173
2390,1945-10-27,3,6,0,0.111111
2391,1945-11-03,2,8,0,0.111049
2392,1945-11-10,9,1,0,0.110987
2393,1945-11-17,6,7,0,0.110925
2394,1945-11-24,1,1,1,0.111421
2395,1945-12-01,4,4,1,0.111915
2396,1945-12-07,5,7,0,0.111853
2397,1945-12-15,3,6,0,0.111791
2398,1945-12-22,1,8,0,0.111729
2399,1945-12-29,2,4,0,0.111667
2400,1946-01-05,3,1,0,0.111605
2401,1946-01-12,5,8,0,0.111543
2402,1946-01-19,4,6,0,0.111481
2403,1946-01-26,9,7,0,0.111419
2404,1946-02-02,7,7,1,0.111911
2405,1946-02-09,9,6,0,0.111849
2406,1946-02-16,5,7,0,0.111787
2407,1946-02-23,5,6,0,0.111726
2408,1946-03-02,8,6,0,0.111664
2409,1946-03-09,9,3,0,0.111602
2410,1946-03-16,4,7,0,0.111541
2411,1946-03-23,1,7,0,0.111479
2412,1946-03-30,2,4,0,0.111418
2413,1946-04-06,8,1,0,0.111356
2414,1946-04-13,3,3,1,0.111846
2415,1946-04-20,5,8,0,0.111784
2416,1946-04-27,1,6,0,0.111723
2417,1946-05-04,8,4,0,0.111661
2418,1946-05-11,7,3,0,0.1116
2419,1946-05-18,1,6,0,0.111538
2420,1946-05-25,3,4,0,0.111477
2421,1946-06-01,6,8,0,0.111416
2422,1946-06-08,7,1,0,0.111355
2423,1946-06-15,2,6,0,0.111294
2424,1946-06-22,4,1,0,0.111233
2425,1946-06-29,1,7,0,0.111172
2426,1946-07-06,7,4,0,0.111111
2427,1946-07-13,2,6,0,0.11105
2428,1946-07-20,4,1,0,0.11099
2429,1946-07-27,5,7,0,0.110929
2430,1946-08-03,2,6,0,0.110868
2431,1946-08-10,1,1,1,0.111354
2432,1946-08-17,6,4,0,0.111293
2433,1946-08-24,8,1,0,0.111232
2434,1946-08-31,6,3,0,0.111172
2435,1946-09-14,5,1,0,0.111111
2436,1946-09-21,8,6,0,0.111051
2437,1946-09-28,2,3,0,0.11099
2438,1946-10-05,5,1,0,0.11093
2439,1946-10-12,6,6,1,0.111413
2440,1946-10-19,4,1,0,0.111353
2441,1946-10-26,7,7,1,0.111835
2442,1946-11-02,3,6,0,0.111774
2443,1946-11-09,5,8,0,0.111714
2444,1946-11-16,9,6,0,0.111653
2445,1946-11-23,9,7,0,0.111593
2446,1946-11-30,1,7,0,0.111532
2447,1946-12-07,6,4,0,0.111472
2448,1946-12-14,7,1,0,0.111412
2449,1946-12-21,2,6,0,0.111351
2450,1946-12-28,2,1,0,0.111291
2451,1947-01-04,4,1,0,0.111231
2452,1947-01-11,5,7,0,0.111171
2453,1947-01-18,9,6,0,0.111111
2454,1947-01-25,1,7,0,0.111051
2455,1947-02-01,3,4,0,0.110991
2456,1947-02-08,1,8,0,0.110932
2457,1947-02-15,5,4,0,0.110872
2458,1947-02-22,4,6,0,0.110812
2459,1947-03-01,1,7,0,0.110753
2460,1947-03-08,2,4,0,0.110693
2461,1947-03-15,3,1,0,0.110634
2462,1947-03-22,2,8,0,0.110574
2463,1947-03-29,7,1,0,0.110515
2464,1947-04-05,8,6,0,0.110456
2465,1947-04-12,6,3,0,0.110397
2466,1947-04-19,5,1,0,0.110337
2467,1947-04-26,5,6,0,0.110278
2468,1947-05-03,8,6,0,0.110219
2469,1947-05-10,4,6,0,0.11016
2470,1947-05-17,6,7,0,0.110102
2471,1947-05-24,3,1,0,0.110043
2472,1947-05-31,5,8,0,0.109984
2473,1947-06-07,6,6,1,0.110459
2474,1947-06-14,8,1,0,0.1104
2475,1947-06-21,1,6,0,0.110341
2476,1947-06-28,5,4,0,0.110282
2477,1947-07-05,7,6,0,0.110224
2478,1947-07-12,7,6,0,0.110165
2479,1947-07-19,2,6,0,0.110106
2480,1947-07-26,4,1,0,0.110048
2481,1947-08-02,3,7,0,0.109989
2482,1947-08-09,6,5,0,0.109931
2483,1947-08-16,9,1,0,0.109873
2484,1947-08-23,4,7,0,0.109814
2485,1947-08-30,4,7,0,0.109756
2486,1947-09-06,4,7,0,0.109698
2487,1947-09-13,8,4,0,0.10964
2488,1947-09-20,1,6,0,0.109582
2489,1947-09-27,6,4,0,0.109524
2490,1947-10-04,7,1,0,0.109466
2491,1947-10-11,5,6,0,0.109408
2492,1947-10-18,4,6,0,0.10935
2493,1947-10-25,8,4,0,0.109293
2494,1947-11-01,3,6,0,0.109235
2495,1947-11-08,2,5,0,0.109177
2496,1947-11-15,1,1,1,0.109647
2497,1947-11-22,6,4,0,0.109589
2498,1947-11-29,1,1,1,0.110058
2499,1947-12-06,5,4,0,0.11
2500,1947-12-13,2,6,0,0.109942
2501,1947-12-20,3,1,0,0.109884
2502,1947-12-27,4,5,0,0.109827
2503,1948-01-03,1,4,0,0.109769
2504,1948-01-10,4,4,1,0.110236
2505,1948-01-17,2,4,0,0.110178
2506,1948-01-24,9,1,0,0.110121
2507,1948-01-31,5,7,0,0.110063
2508,1948-02-07,8,6,0,0.110005
2509,1948-02-14,9,3,0,0.109948
2510,1948-02-21,7,7,1,0.110413
2511,1948-02-28,6,6,1,0.110879
2512,1948-03-06,2,1,0,0.110821
2513,1948-03-13,1,1,1,0.111285
2514,1948-03-20,4,4,1,0.111749
2515,1948-03-27,1,4,0,0.111691
2516,1948-04-03,8,4,0,0.111633
2517,1948-04-10,5,3,0,0.111575
2518,1948-04-17,2,6,0,0.111516
2519,1948-04-24,4,1,0,0.111458
2520,1948-04-30,7,4,0,0.1114
2521,1948-05-08,9,6,0,0.111342
2522,1948-05-15,1,7,0,0.111284
2523,1948-05-22,1,4,0,0.111227
2524,1948-05-29,9,4,0,0.111169
2525,1948-06-05,4,7,0,0.111111
2526,1948-06-12,3,7,0,0.111053
2527,1948-06-19,2,5,0,0.110996
2528,1948-06-26,5,1,0,0.110938
2529,1948-07-03,6,6,1,0.111399
2530,1948-07-10,2,1,0,0.111341
2531,1948-07-17,3,1,0,0.111284
2532,1948-07-24,5,5,1,0.111743
2533,1948-07-31,6,6,1,0.112203
2534,1948-08-07,5,1,0,0.112145
2535,1948-08-14,2,6,0,0.112087
2536,1948-08-21,2,1,0,0.112029
2537,1948-08-28,1,1,1,0.112487
2538,1948-09-04,7,4,0,0.112429
2539,1948-09-11,4,6,0,0.112371
2540,1948-09-18,4,7,0,0.112313
2541,1948-09-25,9,4,0,0.112255
2542,1948-10-02,5,7,0,0.112198
2543,1948-10-09,2,6,0,0.11214
2544,1948-10-16,5,1,0,0.112082
2545,1948-10-23,4,6,0,0.112025
2546,1948-10-30,1,4,0,0.111967
2547,1948-11-06,5,4,0,0.11191
2548,1948-11-13,7,6,0,0.111852
2549,1948-11-20,5,6,0,0.111795
2550,1948-11-27,8,6,0,0.111738
2551,1948-12-04,2,3,0,0.11168
2552,1948-12-11,6,1,0,0.111623
2553,1948-12-18,6,1,0,0.111566
2554,1948-12-24,1,1,1,0.11202
2555,1948-12-31,9,4,0,0.111963
2556,1949-01-08,9,7,0,0.111906
2557,1949-01-15,9,7,0,0.111849
2558,1949-01-22,7,7,1,0.112302
2559,1949-01-29,4,6,0,0.112245
2560,1949-02-05,4,4,1,0.112698
2561,1949-02-12,7,4,0,0.11264
2562,1949-02-19,2,6,0,0.112583
2563,1949-02-26,9,1,0,0.112525
2564,1949-03-05,4,7,0,0.112468
2565,1949-03-12,4,4,1,0.11292
2566,1949-03-19,8,4,0,0.112862
2567,1949-03-26,4,3,0,0.112805
2568,1949-04-02,2,4,0,0.112748
2569,1949-04-09,4,1,0,0.11269
2570,1949-04-16,2,4,0,0.112633
2571,1949-04-23,7,1,0,0.112576
2572,1949-04-30,2,6,0,0.112519
2573,1949-05-07,5,1,0,0.112462
2574,1949-05-14,1,6,0,0.112405
2575,1949-05-21,6,4,0,0.112348
2576,1949-05-28,5,1,0,0.112291
2577,1949-06-04,6,6,1,0.11274
2578,1949-06-11,9,1,0,0.112683
2579,1949-06-18,7,7,1,0.113131
2580,1949-06-25,2,6,0,0.113074
2581,1949-07-02,6,1,0,0.113017
2582,1949-07-09,9,1,0,0.11296
2583,1949-07-16,4,7,0,0.112903
2584,1949-07-23,2,4,0,0.112846
2585,1949-07-30,8,1,0,0.11279
2586,1949-08-06,3,3,1,0.113236
2587,1949-08-13,8,5,0,0.113179
2588,1949-08-20,1,3,0,0.113122
2589,1949-08-27,6,4,0,0.113065
2590,1949-09-03,6,1,0,0.113009
2591,1949-09-10,2,1,0,0.112952
2592,1949-09-17,7,1,0,0.112895
2593,1949-09-24,7,6,0,0.112839
2594,1949-10-01,2,6,0,0.112782
2595,1949-10-08,1,1,1,0.113226
2596,1949-10-15,1,4,0,0.11317
2597,1949-10-22,6,4,0,0.113113
2598,1949-10-29,3,1,0,0.113057
2599,1949-11-05,8,5,0,0.113
2600,1949-11-12,7,3,0,0.112944
2601,1949-11-19,3,6,0,0.112887
2602,1949-11-26,5,8,0,0.112831
2603,1949-12-03,4,6,0,0.112774
2604,1949-12-12,3,4,0,0.112718
2605,1949-12-17,6,5,0,0.112662
2606,1949-12-24,8,1,0,0.112606
2607,1949-12-31,1,3,0,0.11255
2608,1950-01-07,9,4,0,0.112494
2609,1950-01-14,2,7,0,0.112438
2610,1950-01-21,6,1,0,0.112382
2611,1950-01-28,4,1,0,0.112326
2612,1950-02-04,5,4,0,0.11227
2613,1950-02-11,7,6,0,0.112214
2614,1950-02-18,9,6,0,0.112159
2615,1950-02-25,1,7,0,0.112103
2616,1950-03-04,3,4,0,0.112048
2617,1950-03-11,1,5,0,0.111992
2618,1950-03-18,7,4,0,0.111937
2619,1950-03-25,6,6,1,0.112376
2620,1950-04-01,2,1,0,0.112321
2621,1950-04-08,4,1,0,0.112265
2622,1950-04-15,1,4,0,0.11221
2623,1950-04-22,7,4,0,0.112154
2624,1950-04-29,5,6,0,0.112099
2625,1950-05-06,9,6,0,0.112043
2626,1950-05-13,6,7,0,0.111988
2627,1950-05-20,1,1,1,0.112426
2628,1950-05-27,2,4,0,0.112371
2629,1950-06-03,3,1,0,0.112315
2630,1950-06-10,1,5,0,0.11226
2631,1950-06-17,5,4,0,0.112205
2632,1950-06-24,3,6,0,0.11215
2633,1950-07-01,2,5,0,0.112094
2634,1950-07-08,6,1,0,0.112039
2635,1950-07-15,4,1,0,0.111984
2636,1950-07-22,8,4,0,0.111929
2637,1950-07-29,8,3,0,0.111874
2638,1950-08-05,3,3,1,0.11231
2639,1950-08-12,7,5,0,0.112255
2640,1950-08-19,9,6,0,0.1122
2641,1950-08-26,6,7,0,0.112145
2642,1950-09-02,9,1,0,0.11209
2643,1950-09-09,9,7,0,0.112035
2644,1950-09-16,9,7,0,0.11198
2645,1950-09-23,1,7,0,0.111926
2646,1950-09-30,4,4,1,0.11236
2647,1950-10-07,5,4,0,0.112305
2648,1950-10-14,1,6,0,0.11225
2649,1950-10-21,6,4,0,0.112195
2650,1950-10-28,6,1,0,0.11214
2651,1950-11-04,9,1,0,0.112086
2652,1950-11-11,3,7,0,0.112031
2653,1950-11-18,5,5,1,0.112463
2654,1950-11-25,8,6,0,0.112409
2655,1950-12-02,8,3,0,0.112354
2656,1950-12-09,4,3,0,0.112299
2657,1950-12-16,9,4,0,0.112245
2658,1950-12-23,3,7,0,0.11219
2659,1950-12-30,8,5,0,0.112136
2660,1951-01-06,8,3,0,0.112082
2661,1951-01-13,8,3,0,0.112027
2662,1951-01-20,5,3,0,0.111973
2663,1951-01-27,5,6,0,0.111919
2664,1951-02-03,9,6,0,0.111864
2665,1951-02-10,9,7,0,0.11181
2666,1951-02-17,9,7,0,0.111756
2667,1951-02-24,4,7,0,0.111702
2668,1951-03-03,8,4,0,0.111648
2669,1951-03-10,9,3,0,0.111594
2670,1951-03-17,1,7,0,0.11154
2671,1951-03-24,2,4,0,0.111486
2672,1951-03-31,6,1,0,0.111433
2673,1951-04-07,7,9,0,0.111379
2674,1951-04-14,9,6,0,0.111325
2675,1951-04-21,7,7,1,0.111753
2676,1951-04-28,4,6,0,0.1117
2677,1951-05-05,4,4,1,0.112127
2678,1951-05-12,6,4,0,0.112073
2679,1951-05-19,7,9,0,0.112019
2680,1951-05-26,1,6,0,0.111965
2681,1951-06-01,8,4,0,0.111912
2682,1951-06-09,4,3,0,0.111858
2683,1951-06-16,6,4,0,0.111804
2684,1951-06-23,2,9,0,0.111751
2685,1951-06-30,4,1,0,0.111697
2686,1951-07-07,4,4,1,0.112123
2687,1951-07-14,9,4,0,0.112069
2688,1951-07-21,9,7,0,0.112015
2689,1951-07-28,9,7,0,0.111962
2690,1951-08-04,5,7,0,0.111908
2691,1951-08-11,9,6,0,0.111855
2692,1951-08-18,5,7,0,0.111801
2693,1951-08-25,2,6,0,0.111748
2694,1951-09-01,6,1,0,0.111695
2695,1951-09-08,5,9,0,0.111641
2696,1951-09-15,6,6,1,0.112065
2697,1951-09-22,7,9,0,0.112011
2698,1951-09-29,1,6,0,0.111958
2699,1951-10-06,6,4,0,0.111905
2700,1951-10-13,1,9,0,0.111851
2701,1951-10-20,1,4,0,0.111798
2702,1951-10-27,8,4,0,0.111745
2703,1951-11-03,7,3,0,0.111692
2704,1951-11-10,3,6,0,0.111639
2705,1951-11-17,4,5,0,0.111586
2706,1951-11-24,8,4,0,0.111533
2707,1951-12-01,7,3,0,0.11148
2708,1951-12-10,4,6,0,0.111427
2709,1951-12-15,9,4,0,0.111374
2710,1951-12-22,4,7,0,0.111322
2711,1951-12-28,2,4,0,0.111269
2712,1952-01-05,8,1,0,0.111216
2713,1952-01-12,7,3,0,0.111164
2714,1952-01-19,2,6,0,0.111111
2715,1952-01-26,7,1,0,0.111059
2716,1952-02-02,2,6,0,0.111006
2717,1952-02-09,4,1,0,0.110954
2718,1952-02-16,8,4,0,0.110901
2719,1952-02-23,2,3,0,0.110849
2720,1952-03-01,6,1,0,0.110797
2721,1952-03-08,1,1,1,0.111216
2722,1952-03-15,4,4,1,0.111634
2723,1952-03-22,7,4,0,0.111582
2724,1952-03-29,8,6,0,0.111529
2725,1952-04-05,2,3,0,0.111477
2726,1952-04-12,7,1,0,0.111425
2727,1952-04-19,4,6,0,0.111372
2728,1952-04-26,5,4,0,0.11132
2729,1952-05-03,1,6,0,0.111268
2730,1952-05-10,8,4,0,0.111215
2731,1952-05-17,7,3,0,0.111163
2732,1952-05-24,9,6,0,0.111111
2733,1952-05-31,6,7,0,0.111059
2734,1952-06-07,3,1,0,0.111007
2735,1952-06-14,7,5,0,0.110955
2736,1952-06-21,1,6,0,0.110903
2737,1952-06-28,7,4,0,0.110851
2738,1952-07-05,2,6,0,0.110799
2739,1952-07-12,7,1,0,0.110748
2740,1952-07-19,3,6,0,0.110696
2741,1952-07-26,9,5,0,0.110644
2742,1952-08-02,8,7,0,0.110593
2743,1952-08-09,2,3,0,0.110541
2744,1952-08-16,7,1,0,0.11049
2745,1952-08-23,3,6,0,0.110438
2746,1952-08-30,9,5,0,0.110387
2747,1952-09-06,7,7,1,0.110801
2748,1952-09-13,4,6,0,0.110749
2749,1952-09-20,9,4,0,0.110698
2750,1952-09-27,4,7,0,0.110646
2751,1952-10-04,5,4,0,0.110595
2752,1952-10-11,4,6,0,0.110543
2753,1952-10-18,1,4,0,0.110492
2754,1952-10-25,9,4,0,0.110441
2755,1952-11-03,3,7,0,0.11039
2756,1952-11-08,6,5,0,0.110338
2757,1952-11-15,2,1,0,0.110287
2758,1952-11-22,5,1,0,0.110236
2759,1952-11-29,9,6,0,0.110185
2760,1952-12-06,6,7,0,0.110134
2761,1952-12-13,4,1,0,0.110083
2762,1952-12-20,8,4,0,0.110032
2763,1952-12-29,5,3,0,0.109982
2764,1953-01-03,4,6,0,0.109931
2765,1953-01-10,7,4,0,0.10988
2766,1953-01-17,6,4,0,0.109829
2767,1953-01-24,2,1,0,0.109779
2768,1953-01-31,8,1,0,0.109728
2769,1953-02-07,4,3,0,0.109677
2770,1953-02-14,9,4,0,0.109627
2771,1953-02-21,9,7,0,0.109576
2772,1953-02-28,8,7,0,0.109526
2773,1953-03-07,5,3,0,0.109476
2774,1953-03-14,2,6,0,0.109425
2775,1953-03-21,9,1,0,0.109375
2776,1953-03-28,1,7,0,0.109325
2777,1953-04-04,6,4,0,0.109275
2778,1953-04-11,7,1,0,0.109224
2779,1953-04-18,4,6,0,0.109174
2780,1953-04-25,8,4,0,0.109124
2781,1953-05-02,5,3,0,0.109074
2782,1953-05-09,5,6,0,0.109024
2783,1953-05-16,8,6,0,0.108974
2784,1953-05-23,1,3,0,0.108924
2785,1953-05-30,4,4,1,0.109332
2786,1953-06-06,5,4,0,0.109282
2787,1953-06-13,6,6,1,0.109689
2788,1953-06-20,4,1,0,0.109639
2789,1953-06-27,4,4,1,0.110046
2790,1953-07-04,9,4,0,0.109995
2791,1953-07-11,6,7,0,0.109945
2792,1953-07-18,2,1,0,0.109895
2793,1953-07-25,9,1,0,0.109845
2794,1953-08-01,3,7,0,0.109795
2795,1953-08-08,7,5,0,0.109745
2796,1953-08-14,2,4,0,0.109695
2797,1953-08-22,7,1,0,0.109645
2798,1953-08-29,9,4,0,0.109595
2799,1953-09-05,8,7,0,0.109545
2800,1953-09-12,8,3,0,0.109496
2801,1953-09-19,7,3,0,0.109446
2802,1953-09-26,2,4,0,0.109396
2803,1953-10-03,7,1,0,0.109347
2804,1953-10-10,7,4,0,0.109297
2805,1953-10-17,2,4,0,0.109248
2806,1953-10-24,7,1,0,0.109198
2807,1953-10-31,8,4,0,0.109149
2808,1953-11-07,3,3,1,0.109552
2809,1953-11-14,4,5,0,0.109502
2810,1953-11-21,4,4,1,0.109905
2811,1953-11-28,4,4,1,0.110307
2812,1953-12-05,8,4,0,0.110258
2813,1953-12-12,2,3,0,0.110208
2814,1953-12-19,9,1,0,0.110158
2815,1953-12-28,9,7,0,0.110108
2816,1954-01-02,4,7,0,0.110059
2817,1954-01-09,9,4,0,0.110009
2818,1954-01-16,1,7,0,0.109959
2819,1954-01-23,2,4,0,0.10991
2820,1954-01-30,8,1,0,0.10986
2821,1954-02-06,4,3,0,0.109811
2822,1954-02-13,2,4,0,0.109762
2823,1954-02-20,6,1,0,0.109712
2824,1954-02-27,3,1,0,0.109663
2825,1954-03-06,4,5,0,0.109614
2826,1954-03-13,1,4,0,0.109564
2827,1954-03-20,1,4,0,0.109515
2828,1954-03-27,6,4,0,0.109466
2829,1954-04-03,2,1,0,0.109417
2830,1954-04-10,6,6,1,0.109816
2831,1954-04-17,7,1,0,0.109767
2832,1954-04-24,5,4,0,0.109718
2833,1954-04-30,5,6,0,0.109669
2834,1954-05-08,8,6,0,0.10962
2835,1954-05-15,6,3,0,0.109571
2836,1954-05-22,8,1,0,0.109522
2837,1954-05-29,3,3,1,0.10992
2838,1954-06-05,4,5,0,0.10987
2839,1954-06-12,1,4,0,0.109821
2840,1954-06-19,4,4,1,0.110219
2841,1954-06-26,1,4,0,0.110169
2842,1954-07-03,1,4,0,0.11012
2843,1954-07-10,3,4,0,0.110071
2844,1954-07-17,7,5,0,0.110022
2845,1954-07-24,8,4,0,0.109973
2846,1954-07-31,3,3,1,0.110369
2847,1954-08-07,7,5,0,0.11032
2848,1954-08-14,1,4,0,0.110271
2849,1954-08-21,8,4,0,0.110222
2850,1954-08-28,1,3,0,0.110173
2851,1954-09-04,6,4,0,0.110124
2852,1954-09-11,5,1,0,0.110075
2853,1954-09-18,7,6,0,0.110027
2854,1954-09-25,9,4,0,0.109978
2855,1954-10-02,2,7,0,0.109929
2856,1954-10-09,5,6,0,0.10988
2857,1954-10-16,9,6,0,0.109832
2858,1954-10-23,5,7,0,0.109783
2859,1954-10-30,8,6,0,0.109735
2860,1954-11-06,8,3,0,0.109686
2861,1954-11-13,8,3,0,0.109637
2862,1954-11-20,7,3,0,0.109589
2863,1954-11-27,4,4,1,0.109982
2864,1954-12-04,5,4,0,0.109934
2865,1954-12-11,2,6,0,0.109885
2866,1954-12-18,9,6,0,0.109837
2867,1954-12-24,7,7,1,0.110229
2868,1954-12-31,5,4,0,0.110181
2869,1955-01-08,8,6,0,0.110132
2870,1955-01-15,3,3,1,0.110524
2871,1955-01-22,9,5,0,0.110475
2872,1955-01-29,4,7,0,0.110427
2873,1955-02-05,9,4,0,0.110378
2874,1955-02-12,2,7,0,0.11033
2875,1955-02-19,8,6,0,0.110281
2876,1955-02-26,6,3,0,0.110233
2877,1955-03-05,8,1,0,0.110184
2878,1955-03-12,8,3,0,0.110136
2879,1955-03-19,9,3,0,0.110088
2880,1955-03-26,6,7,0,0.110039
2881,1955-04-02,6,1,0,0.109991
2882,1955-04-09,6,1,0,0.109943
2883,1955-04-16,7,1,0,0.109895
2884,1955-04-23,4,4,1,0.110284
2885,1955-04-30,2,4,0,0.110236
2886,1955-05-07,8,6,0,0.110188
2887,1955-05-14,1,3,0,0.11014
2888,1955-05-21,1,4,0,0.110092
2889,1955-05-28,1,4,0,0.110044
2890,1955-06-04,8,4,0,0.109996
2891,1955-06-11,5,3,0,0.109948
2892,1955-06-18,2,6,0,0.1099
2893,1955-06-25,5,6,0,0.109852
2894,1955-07-02,1,6,0,0.109804
2895,1955-07-09,9,4,0,0.109756
2896,1955-07-16,3,7,0,0.109708
2897,1955-07-23,5,5,1,0.110096
2898,1955-07-30,5,6,0,0.110048
2899,1955-08-06,7,6,0,0.11
2900,1955-08-13,1,4,0,0.109952
2901,1955-08-20,3,4,0,0.109904
2902,1955-08-27,6,5,0,0.109857
2903,1955-09-03,4,1,0,0.109809
2904,1955-09-10,8,4,0,0.109761
2905,1955-09-17,5,3,0,0.109714
2906,1955-09-24,4,6,0,0.109666
2907,1955-10-01,5,4,0,0.109619
2908,1955-10-08,9,6,0,0.109571
2909,1955-10-15,6,7,0,0.109524
2910,1955-10-22,6,1,0,0.109476
2911,1955-10-29,9,1,0,0.109429
2912,1955-11-05,4,7,0,0.109382
2913,1955-11-12,4,4,1,0.109767
2914,1955-11-19,7,4,0,0.109719
2915,1955-11-26,4,4,1,0.110104
2916,1955-12-03,9,4,0,0.110056
2917,1955-12-10,9,7,0,0.110009
2918,1955-12-17,7,7,1,0.110392
2919,1955-12-24,6,4,0,0.110345
2920,1955-12-31,5,1,0,0.110297
2921,1956-01-07,2,6,0,0.11025
2922,1956-01-14,1,6,0,0.110202
2923,1956-01-21,2,4,0,0.110155
2924,1956-01-28,8,6,0,0.110108
2925,1956-02-04,5,3,0,0.11006
2926,1956-02-11,6,6,1,0.110443
2927,1956-02-18,8,1,0,0.110395
2928,1956-02-25,5,3,0,0.110348
2929,1956-03-03,8,6,0,0.1103
2930,1956-03-10,1,3,0,0.110253
2931,1956-03-17,4,4,1,0.110635
2932,1956-03-24,9,4,0,0.110587
2933,1956-03-31,5,7,0,0.11054
2934,1956-04-07,2,6,0,0.110493
2935,1956-04-14,5,6,0,0.110445
2936,1956-04-21,8,6,0,0.110398
2937,1956-04-28,8,3,0,0.110351
2938,1956-05-05,7,3,0,0.110304
2939,1956-05-12,7,4,0,0.110256
2940,1956-05-19,1,4,0,0.110209
2941,1956-05-26,4,4,1,0.110589
2942,1956-06-02,9,4,0,0.110542
2943,1956-06-09,8,7,0,0.110495
2944,1956-06-16,5,3,0,0.110448
2945,1956-06-23,9,6,0,0.110401
2946,1956-06-30,2,7,0,0.110354
2947,1956-07-07,5,6,0,0.110307
2948,1956-07-14,2,6,0,0.11026
2949,1956-07-21,9,6,0,0.110213
2950,1956-07-28,7,7,1,0.110591
2951,1956-08-04,5,4,0,0.110544
2952,1956-08-11,6,6,1,0.110922
2953,1956-08-18,9,1,0,0.110875
2954,1956-08-25,1,7,0,0.110828
2955,1956-09-01,5,4,0,0.110781
2956,1956-09-08,9,6,0,0.110734
2957,1956-09-15,9,7,0,0.110687
2958,1956-09-22,5,7,0,0.11064
2959,1956-09-29,4,6,0,0.110593
2960,1956-10-06,1,4,0,0.110546
2961,1956-10-13,5,4,0,0.1105
2962,1956-10-20,6,6,1,0.110876
2963,1956-10-27,6,9,0,0.110829
2964,1956-11-03,9,9,1,0.111205
2965,1956-11-10,6,7,0,0.111158
2966,1956-11-17,9,9,1,0.111534
2967,1956-11-24,3,7,0,0.111486
2968,1956-12-01,8,5,0,0.111439
2969,1956-12-07,7,3,0,0.111392
2970,1956-12-15,5,4,0,0.111345
2971,1956-12-22,4,6,0,0.111298
2972,1956-12-29,5,4,0,0.111252
2973,1957-01-05,2,6,0,0.111205
2974,1957-01-12,9,6,0,0.111158
2975,1957-01-19,2,7,0,0.111111
2976,1957-01-26,3,6,0,0.111064
2977,1957-02-02,6,5,0,0.111018
2978,1957-02-09,5,9,0,0.110971
2979,1957-02-16,4,6,0,0.110924
2980,1957-02-23,9,4,0,0.110878
2981,1957-03-02,6,7,0,0.110831
2982,1957-03-09,8,9,0,0.110785
2983,1957-03-16,6,3,0,0.110738
2984,1957-03-23,2,9,0,0.110692
2985,1957-03-30,2,6,0,0.110645
2986,1957-04-06,3,6,0,0.110599
2987,1957-04-13,8,5,0,0.110553
2988,1957-04-20,3,3,1,0.110925
2989,1957-04-27,7,8,0,0.110879
2990,1957-05-04,5,4,0,0.110832
2991,1957-05-11,2,6,0,0.110786
2992,1957-05-18,1,6,0,0.11074
2993,1957-05-25,9,4,0,0.110693
2994,1957-06-01,7,7,1,0.111065
2995,1957-06-08,3,4,0,0.111018
2996,1957-06-15,3,8,0,0.110972
2997,1957-06-22,3,8,0,0.110926
2998,1957-06-28,7,8,0,0.11088
2999,1957-07-06,6,4,0,0.110833
3000,1957-07-13,9,9,1,0.111204
3001,1957-07-20,5,7,0,0.111157
3002,1957-07-27,5,6,0,0.111111
3003,1957-08-03,4,6,0,0.111065
3004,1957-08-10,5,4,0,0.111019
3005,1957-08-17,4,6,0,0.110973
3006,1957-08-24,1,4,0,0.110926
3007,1957-08-31,5,4,0,0.11088
3008,1957-09-07,5,6,0,0.110834
3009,1957-09-14,3,6,0,0.110788
3010,1957-09-21,7,8,0,0.110742
3011,1957-09-28,6,4,0,0.110697
3012,1957-10-05,4,9,0,0.110651
3013,1957-10-12,8,4,0,0.110605
3014,1957-10-19,9,3,0,0.110559
3015,1957-10-26,3,7,0,0.110513
3016,1957-11-02,3,8,0,0.110468
3017,1957-11-09,9,8,0,0.110422
3018,1957-11-16,4,7,0,0.110376
3019,1957-11-23,7,4,0,0.110331
3020,1957-11-30,6,4,0,0.110285
3021,1957-12-07,7,9,0,0.110239
3022,1957-12-14,1,6,0,0.110194
3023,1957-12-21,2,4,0,0.110149
3024,1957-12-28,4,1,0,0.110103
3025,1958-01-04,6,4,0,0.110058
3026,1958-01-11,9,9,1,0.110424
3027,1958-01-18,6,7,0,0.110379
3028,1958-01-25,7,9,0,0.110333
3029,1958-02-01,5,6,0,0.110288
3030,1958-02-08,5,6,0,0.110243
3031,1958-02-15,4,6,0,0.110197
3032,1958-02-22,6,4,0,0.110152
3033,1958-03-01,3,9,0,0.110107
3034,1958-03-08,4,8,0,0.110062
3035,1958-03-15,7,4,0,0.110016
3036,1958-03-22,1,6,0,0.109971
3037,1958-03-29,6,4,0,0.109926
3038,1958-04-05,9,9,1,0.110291
3039,1958-04-12,3,7,0,0.110246
3040,1958-04-19,5,8,0,0.110201
3041,1958-04-26,2,6,0,0.110156
3042,1958-05-03,5,1,0,0.110111
3043,1958-05-10,2,6,0,0.110065
3044,1958-05-17,2,1,0,0.11002
3045,1958-05-24,4,1,0,0.109975
3046,1958-05-31,9,4,0,0.109931
3047,1958-06-07,9,7,0,0.109886
3048,1958-06-14,9,7,0,0.109841
3049,1958-06-21,1,7,0,0.109796
3050,1958-06-28,1,4,0,0.109751
3051,1958-07-05,4,4,1,0.110114
3052,1958-07-12,9,4,0,0.110069
3053,1958-07-19,5,7,0,0.110024
3054,1958-07-26,6,6,1,0.110387
3055,1958-08-02,2,9,0,0.110342
3056,1958-08-09,3,1,0,0.110297
3057,1958-08-16,6,5,0,0.110252
3058,1958-08-23,3,9,0,0.110207
3059,1958-08-30,3,5,0,0.110163
3060,1958-09-06,9,5,0,0.110118
3061,1958-09-13,9,7,0,0.110073
3062,1958-09-20,6,7,0,0.110028
3063,1958-09-27,5,9,0,0.109984
3064,1958-10-04,7,6,0,0.109939
3065,1958-10-11,1,6,0,0.109895
3066,1958-10-18,7,4,0,0.10985
3067,1958-10-25,8,6,0,0.109806
3068,1958-11-01,9,3,0,0.109761
3069,1958-11-08,7,7,1,0.110121
3070,1958-11-15,6,6,1,0.110482
3071,1958-11-22,3,9,0,0.110437
3072,1958-11-29,4,5,0,0.110392
3073,1958-12-06,8,4,0,0.110348
3074,1958-12-13,6,3,0,0.110303
3075,1958-12-20,5,9,0,0.110258
3076,1958-12-27,1,6,0,0.110214
3077,1959-01-03,4,4,1,0.110573
3078,1959-01-10,3,4,0,0.110528
3079,1959-01-17,4,5,0,0.110484
3080,1959-01-24,6,4,0,0.110439
3081,1959-01-31,1,9,0,0.110395
3082,1959-02-07,2,4,0,0.11035
3083,1959-02-14,6,1,0,0.110306
3084,1959-02-21,6,9,0,0.110262
3085,1959-02-28,1,9,0,0.110217
3086,1959-03-07,7,4,0,0.110173
3087,1959-03-14,2,6,0,0.110129
3088,1959-03-21,5,6,0,0.110084
3089,1959-03-28,3,6,0,0.11004
3090,1959-04-04,8,4,0,0.109996
3091,1959-04-11,2,3,0,0.109952
3092,1959-04-18,1,6,0,0.109908
3093,1959-04-27,1,4,0,0.109864
3094,1959-05-04,7,4,0,0.10982
3095,1959-05-09,8,6,0,0.109776
3096,1959-05-16,8,3,0,0.109732
3097,1959-05-23,5,3,0,0.109688
3098,1959-05-30,8,6,0,0.109644
3099,1959-06-06,1,3,0,0.1096
3100,1959-06-13,7,4,0,0.109556
3101,1959-06-20,6,6,1,0.109912
3102,1959-06-27,2,9,0,0.109868
3103,1959-07-04,9,1,0,0.109824
3104,1959-07-11,5,7,0,0.10978
3105,1959-07-18,2,6,0,0.109737
3106,1959-07-25,6,1,0,0.109693
3107,1959-08-01,6,9,0,0.109649
3108,1959-08-08,1,9,0,0.109605
3109,1959-08-17,2,4,0,0.109562
3110,1959-08-22,1,6,0,0.109518
3111,1959-08-29,7,4,0,0.109475
3112,1959-09-05,4,6,0,0.109431
3113,1959-09-12,2,4,0,0.109387
3114,1959-09-19,7,1,0,0.109344
3115,1959-09-26,1,6,0,0.1093
3116,1959-10-03,7,4,0,0.109257
3117,1959-10-10,8,6,0,0.109214
3118,1959-10-17,7,3,0,0.10917
3119,1959-10-24,8,6,0,0.109127
3120,1959-10-31,6,3,0,0.109084
3121,1959-11-07,8,9,0,0.10904
3122,1959-11-14,2,3,0,0.108997
3123,1959-11-21,8,1,0,0.108954
3124,1959-11-28,5,3,0,0.108911
3125,1959-12-05,7,6,0,0.108868
3126,1959-12-12,4,6,0,0.108825
3127,1959-12-19,3,4,0,0.108782
3128,1959-12-28,1,8,0,0.108739
3129,1960-01-04,9,4,0,0.108696
3130,1960-01-09,6,7,0,0.108653
3131,1960-01-16,9,9,1,0.109005
3132,1960-01-23,7,7,1,0.109356
3133,1960-01-30,2,6,0,0.109313
3134,1960-02-06,3,1,0,0.10927
3135,1960-02-13,9,8,0,0.109227
3136,1960-02-20,7,7,1,0.109578
3137,1960-02-27,9,6,0,0.109535
3138,1960-03-05,7,7,1,0.109886
3139,1960-03-12,2,6,0,0.109843
3140,1960-03-21,6,1,0,0.109799
3141,1960-03-26,3,9,0,0.109756
3142,1960-04-02,9,8,0,0.109713
3143,1960-04-09,4,7,0,0.10967
3144,1960-04-16,5,4,0,0.109627
3145,1960-04-23,8,6,0,0.109584
3146,1960-04-30,2,3,0,0.109541
3147,1960-05-07,6,6,1,0.10989
3148,1960-05-14,1,9,0,0.109847
3149,1960-05-21,9,4,0,0.109804
3150,1960-05-28,4,7,0,0.109761
3151,1960-06-04,1,4,0,0.109718
3152,1960-06-11,9,4,0,0.109675
3153,1960-06-18,7,7,1,0.110023
3154,1960-06-25,1,6,0,0.10998
3155,1960-07-02,8,4,0,0.109937
3156,1960-07-09,1,3,0,0.109894
3157,1960-07-16,3,4,0,0.109851
3158,1960-07-23,9,8,0,0.109809
3159,1960-07-30,9,7,0,0.109766
3160,1960-08-06,4,7,0,0.109723
3161,1960-08-13,1,4,0,0.10968
3162,1960-08-20,3,4,0,0.109637
3163,1960-08-27,2,8,0,0.109594
3164,1960-09-03,1,6,0,0.109552
3165,1960-09-10,6,4,0,0.109509
3166,1960-09-17,9,9,1,0.109856
3167,1960-09-24,9,7,0,0.109813
3168,1960-10-01,6,7,0,0.10977
3169,1960-10-08,6,9,0,0.109728
3170,1960-10-15,4,9,0,0.109685
3171,1960-10-22,7,4,0,0.109642
3172,1960-10-29,1,6,0,0.1096
3173,1960-11-07,1,4,0,0.109557
3174,1960-11-12,2,4,0,0.109515
3175,1960-11-19,8,6,0,0.109472
3176,1960-11-26,6,3,0,0.10943
3177,1960-12-03,4,9,0,0.109387
3178,1960-12-10,3,4,0,0.109345
3179,1960-12-17,5,8,0,0.109302
3180,1960-12-24,9,6,0,0.10926
3181,1960-12-31,9,7,0,0.109218
3182,1961-01-09,5,7,0,0.109175
3183,1961-01-14,7,6,0,0.109133
3184,1961-01-21,6,6,1,0.109478
3185,1961-01-28,6,9,0,0.109435
3186,1961-02-04,6,9,0,0.109393
3187,1961-02-11,4,9,0,0.109351
3188,1961-02-18,4,4,1,0.109695
3189,1961-02-25,4,4,1,0.110039
3190,1961-03-04,5,4,0,0.109996
3191,1961-03-11,9,6,0,0.109954
3192,1961-03-18,6,7,0,0.109911
3193,1961-03-25,8,9,0,0.109869
3194,1961-04-01,9,3,0,0.109827
3195,1961-04-08,5,7,0,0.109784
3196,1961-04-15,8,6,0,0.109742
3197,1961-04-22,6,3,0,0.1097
3198,1961-04-29,4,9,0,0.109658
3199,1961-05-06,9,4,0,0.109615
3200,1961-05-13,3,7,0,0.109573
3201,1961-05-20,9,5,0,0.109531
3202,1961-05-27,3,7,0,0.109489
3203,1961-06-05,3,5,0,0.109447
3204,1961-06-17,4,5,0,0.109405
3205,1961-06-24,9,4,0,0.109363
3206,1961-07-01,6,7,0,0.109321
3207,1961-07-08,3,9,0,0.109279
3208,1961-07-15,8,4,0,0.109237
3209,1961-07-22,2,3,0,0.109195
3210,1961-07-29,3,6,0,0.109154
3211,1961-08-05,8,8,1,0.109495
3212,1961-08-12,9,3,0,0.109453
3213,1961-08-19,9,7,0,0.109411
3214,1961-08-26,6,7,0,0.109369
3215,1961-09-02,5,9,0,0.109327
3216,1961-09-09,1,6,0,0.109285
3217,1961-09-16,9,4,0,0.109244
3218,1961-09-23,9,7,0,0.109202
3219,1961-09-30,9,7,0,0.10916
3220,1961-10-07,8,9,0,0.109119
3221,1961-10-14,3,3,1,0.109458
3222,1961-10-21,3,8,0,0.109417
3223,1961-10-28,4,8,0,0.109375
3224,1961-11-06,4,4,1,0.109714
3225,1961-11-11,1,4,0,0.109673
3226,1961-11-18,5,4,0,0.109631
3227,1961-11-25,7,6,0,0.109589
3228,1961-12-02,8,6,0,0.109547
3229,1961-12-11,7,3,0,0.109506
3230,1961-12-16,6,6,1,0.109844
3231,1961-12-23,8,9,0,0.109802
3232,1961-12-30,2,3,0,0.109761
3233,1962-01-06,2,6,0,0.109719
3234,1962-01-13,9,6,0,0.109677
3235,1962-01-20,6,9,0,0.109636
3236,1962-01-27,8,9,0,0.109594
3237,1962-02-03,3,3,1,0.109932
3238,1962-02-10,3,8,0,0.10989
3239,1962-02-17,4,8,0,0.109848
3240,1962-02-24,8,4,0,0.109807
3241,1962-03-03,5,3,0,0.109765
3242,1962-03-10,7,6,0,0.109724
3243,1962-03-17,9,6,0,0.109682
3244,1962-03-24,3,9,0,0.109641
3245,1962-03-31,9,4,0,0.109599
3246,1962-04-07,5,9,0,0.109558
3247,1962-04-14,2,6,0,0.109517
3248,1962-04-21,7,6,0,0.109475
3249,1962-04-28,8,6,0,0.109434
3250,1962-05-05,2,3,0,0.109393
3251,1962-05-12,4,6,0,0.109351
3252,1962-05-19,4,4,1,0.109687
3253,1962-05-26,5,4,0,0.109646
3254,1962-06-02,9,6,0,0.109605
3255,1962-06-09,2,9,0,0.109563
3256,1962-06-16,8,6,0,0.109522
3257,1962-06-23,6,3,0,0.109481
3258,1962-06-30,6,9,0,0.10944
3259,1962-07-07,8,9,0,0.109398
3260,1962-07-14,3,3,1,0.109733
3261,1962-07-21,9,4,0,0.109692
3262,1962-07-28,8,9,0,0.109651
3263,1962-08-04,7,3,0,0.10961
3264,1962-08-11,6,6,1,0.109944
3265,1962-08-18,7,9,0,0.109902
3266,1962-08-25,4,6,0,0.109861
3267,1962-09-01,1,4,0,0.10982
3268,1962-09-08,5,4,0,0.109779
3269,1962-09-15,9,6,0,0.109738
3270,1962-09-22,6,9,0,0.109697
3271,1962-09-29,9,9,1,0.11003
3272,1962-10-06,1,9,0,0.109989
3273,1962-10-13,2,4,0,0.109948
3274,1962-10-20,9,6,0,0.109907
3275,1962-10-27,8,9,0,0.109865
3276,1962-11-03,8,3,0,0.109824
3277,1962-11-10,9,3,0,0.109783
3278,1962-11-17,8,9,0,0.109742
3279,1962-11-24,3,3,1,0.110075
3280,1962-12-01,8,4,0,0.110034
3281,1962-12-08,3,3,1,0.110365
3282,1962-12-15,7,8,0,0.110324
3283,1962-12-22,7,6,0,0.110283
3284,1962-12-29,5,6,0,0.110242
3285,1963-01-05,3,6,0,0.110201
3286,1963-01-12,4,8,0,0.11016
3287,1963-01-19,6,4,0,0.110119
3288,1963-01-26,9,9,1,0.11045
3289,1963-02-02,8,9,0,0.110409
3290,1963-02-09,2,3,0,0.110368
3291,1963-02-16,4,6,0,0.110327
3292,1963-02-23,1,4,0,0.110286
3293,1963-03-02,9,4,0,0.110245
3294,1963-03-09,9,9,1,0.110575
3295,1963-03-16,8,9,0,0.110534
3296,1963-03-23,7,3,0,0.110493
3297,1963-03-30,9,6,0,0.110452
3298,1963-04-06,6,9,0,0.110411
3299,1963-04-13,9,9,1,0.110741
3300,1963-04-20,6,9,0,0.1107
3301,1963-04-27,6,9,0,0.110659
3302,1963-05-04,6,9,0,0.110618
3303,1963-05-11,5,9,0,0.110577
3304,1963-05-18,7,6,0,0.110536
3305,1963-05-25,8,6,0,0.110495
3306,1963-06-01,2,3,0,0.110454
3307,1963-06-08,7,6,0,0.110414
3308,1963-06-15,7,6,0,0.110373
3309,1963-06-22,6,6,1,0.110701
3310,1963-07-01,7,9,0,0.11066
3311,1963-07-06,3,6,0,0.110619
3312,1963-07-13,4,4,1,0.110947
3313,1963-07-20,5,4,0,0.110906
3314,1963-07-27,5,6,0,0.110866
3315,1963-08-03,8,6,0,0.110825
3316,1963-08-10,8,3,0,0.110784
3317,1963-08-17,1,3,0,0.110743
3318,1963-08-24,3,4,0,0.110702
3319,1963-08-31,4,4,1,0.111029
3320,1963-09-07,4,4,1,0.111356
3321,1963-09-14,9,4,0,0.111315
3322,1963-09-21,1,9,0,0.111274
3323,1963-09-28,9,4,0,0.111233
3324,1963-10-05,1,9,0,0.111193
3325,1963-10-12,4,4,1,0.111519
3326,1963-10-19,3,4,0,0.111478
3327,1963-10-26,5,4,0,0.111437
3328,1963-11-02,4,6,0,0.111396
3329,1963-11-09,2,4,0,0.111355
3330,1963-11-16,1,6,0,0.111315
3331,1963-11-23,3,4,0,0.111274
3332,1963-11-30,2,4,0,0.111233
3333,1963-12-07,2,1,0,0.111192
3334,1963-12-14,4,1,0,0.111152
3335,1963-12-21,4,4,1,0.111477
3336,1963-12-28,2,4,0,0.111436
3337,1964-01-04,7,1,0,0.111395
3338,1964-01-11,5,6,0,0.111355
3339,1964-01-18,9,6,0,0.111314
3340,1964-01-25,3,9,0,0.111273
3341,1964-02-01,9,4,0,0.111233
3342,1964-02-08,7,9,0,0.111192
3343,1964-02-15,1,6,0,0.111152
3344,1964-02-22,1,4,0,0.111111
3345,1964-02-29,8,4,0,0.111071
3346,1964-03-07,3,3,1,0.111394
3347,1964-03-14,1,4,0,0.111354
3348,1964-03-21,6,4,0,0.111313
3349,1964-03-28,9,9,1,0.111636
3350,1964-04-07,5,9,0,0.111596
3351,1964-04-11,5,6,0,0.111555
3352,1964-04-18,6,6,1,0.111878
3353,1964-04-27,5,9,0,0.111837
3354,1964-05-04,6,6,1,0.11216
3355,1964-05-09,9,9,1,0.112482
3356,1964-05-16,1,9,0,0.112441
3357,1964-05-23,9,4,0,0.1124
3358,1964-05-30,9,9,1,0.112722
3359,1964-06-06,3,9,0,0.112681
3360,1964-06-13,1,4,0,0.11264
3361,1964-06-20,3,4,0,0.1126
3362,1964-06-27,1,4,0,0.112559
3363,1964-07-04,1,4,0,0.112518
3364,1964-07-11,8,4,0,0.112477
3365,1964-07-18,1,3,0,0.112437
3366,1964-07-25,6,4,0,0.112396
3367,1964-08-01,7,9,0,0.112355
3368,1964-08-08,4,6,0,0.112315
3369,1964-08-17,2,4,0,0.112274
3370,1964-08-22,3,1,0,0.112234
3371,1964-08-29,9,4,0,0.112193
3372,1964-09-05,9,9,1,0.112514
3373,1964-09-12,9,9,1,0.112833
3374,1964-09-19,4,9,0,0.112793
3375,1964-09-26,2,4,0,0.112752
3376,1964-10-03,8,1,0,0.112712
3377,1964-10-10,7,3,0,0.112671
3378,1964-10-17,8,6,0,0.11263
3379,1964-10-24,8,3,0,0.11259
3380,1964-10-31,9,3,0,0.112549
3381,1964-11-07,7,9,0,0.112509
3382,1964-11-14,2,6,0,0.112469
3383,1964-11-21,4,1,0,0.112428
3384,1964-11-28,2,4,0,0.112388
3385,1964-12-05,5,1,0,0.112347
3386,1964-12-12,6,6,1,0.112666
3387,1964-12-19,4,9,0,0.112626
3388,1964-12-28,2,4,0,0.112585
3389,1965-01-02,5,1,0,0.112545
3390,1965-01-09,5,6,0,0.112504
3391,1965-01-16,4,6,0,0.112464
3392,1965-01-23,7,4,0,0.112424
3393,1965-01-30,7,6,0,0.112384
3394,1965-02-06,1,6,0,0.112343
3395,1965-02-13,3,4,0,0.112303
3396,1965-02-20,3,4,0,0.112263
3397,1965-02-27,2,4,0,0.112223
3398,1965-03-06,1,1,1,0.11254
3399,1965-03-13,2,4,0,0.1125
3400,1965-03-20,6,1,0,0.11246
3401,1965-03-27,7,9,0,0.11242
3402,1965-04-03,7,6,0,0.11238
3403,1965-04-10,3,6,0,0.11234
3404,1965-04-17,5,4,0,0.112299
3405,1965-04-24,4,6,0,0.112259
3406,1965-04-30,6,4,0,0.112219
3407,1965-05-08,9,9,1,0.112536
3408,1965-05-15,1,9,0,0.112496
3409,1965-05-22,2,4,0,0.112456
3410,1965-05-29,2,1,0,0.112416
3411,1965-06-05,9,1,0,0.112376
3412,1965-06-12,3,9,0,0.112336
3413,1965-06-19,9,4,0,0.112296
3414,1965-06-26,9,9,1,0.112611
3415,1965-07-03,2,9,0,0.112571
3416,1965-07-10,2,1,0,0.112531
3417,1965-07-17,2,1,0,0.112491
3418,1965-07-24,9,1,0,0.112451
3419,1965-07-31,7,9,0,0.112411
3420,1965-08-07,9,6,0,0.112371
3421,1965-08-14,3,9,0,0.112332
3422,1965-08-21,1,4,0,0.112292
3423,1965-08-28,7,4,0,0.112252
3424,1965-09-04,5,6,0,0.112212
3425,1965-09-11,6,6,1,0.112527
3426,1965-09-18,4,9,0,0.112487
3427,1965-09-25,1,4,0,0.112447
3428,1965-10-02,6,4,0,0.112407
3429,1965-10-09,2,9,0,0.112367
3430,1965-10-16,3,1,0,0.112328
3431,1965-10-23,1,4,0,0.112288
3432,1965-10-30,2,4,0,0.112248
3433,1965-11-06,3,1,0,0.112209
3434,1965-11-13,2,4,0,0.112169
3435,1965-11-20,3,1,0,0.11213
3436,1965-11-27,3,4,0,0.11209
3437,1965-12-04,5,4,0,0.112051
3438,1965-12-11,3,6,0,0.112011
3439,1965-12-18,3,4,0,0.111972
3440,1965-12-24,8,4,0,0.111932
3441,1966-01-03,7,3,0,0.111893
3442,1966-01-08,5,6,0,0.111854
3443,1966-01-15,6,6,1,0.112166
3444,1966-01-22,7,9,0,0.112127
3445,1966-01-29,1,6,0,0.112087
3446,1966-02-05,3,4,0,0.112048
3447,1966-02-12,3,4,0,0.112008
3448,1966-02-19,9,4,0,0.111969
3449,1966-02-26,2,9,0,0.11193
3450,1966-03-05,5,1,0,0.111891
3451,1966-03-12,6,6,1,0.112202
3452,1966-03-19,3,9,0,0.112163
3453,1966-03-26,2,4,0,0.112123
3454,1966-04-02,4,1,0,0.112084
3455,1966-04-09,1,4,0,0.112045
3456,1966-04-16,3,4,0,0.112006
3457,1966-04-23,4,4,1,0.112316
3458,1966-04-30,5,4,0,0.112277
3459,1966-05-07,1,6,0,0.112238
3460,1966-05-14,5,4,0,0.112199
3461,1966-05-21,9,6,0,0.112159
3462,1966-05-28,4,9,0,0.11212
3463,1966-06-04,1,4,0,0.112081
3464,1966-06-11,5,4,0,0.112042
3465,1966-06-18,9,6,0,0.112003
3466,1966-06-25,5,9,0,0.111964
3467,1966-07-02,2,6,0,0.111925
3468,1966-07-09,3,1,0,0.111886
3469,1966-07-16,1,4,0,0.111847
3470,1966-07-23,3,4,0,0.111808
3471,1966-07-30,3,4,0,0.111769
3472,1966-08-06,8,4,0,0.11173
3473,1966-08-13,6,3,0,0.111691
3474,1966-08-20,2,9,0,0.111652
3475,1966-08-27,5,1,0,0.111613
3476,1966-09-03,8,6,0,0.111575
3477,1966-09-10,8,3,0,0.111536
3478,1966-09-17,9,3,0,0.111497
3479,1966-09-24,2,9,0,0.111458
3480,1966-10-01,2,1,0,0.11142
3481,1966-10-08,7,1,0,0.111381
3482,1966-10-15,6,6,1,0.111689
3483,1966-10-22,4,9,0,0.11165
3484,1966-10-29,1,4,0,0.111612
3485,1966-11-05,2,4,0,0.111573
3486,1966-11-12,9,1,0,0.111534
3487,1966-11-19,7,9,0,0.111496
3488,1966-11-26,6,6,1,0.111803
3489,1966-12-03,5,9,0,0.111765
3490,1966-12-10,1,6,0,0.111726
3491,1966-12-17,7,4,0,0.111687
3492,1966-12-24,3,6,0,0.111649
3493,1966-12-31,8,4,0,0.11161
3494,1967-01-07,1,3,0,0.111572
3495,1967-01-14,4,4,1,0.111878
3496,1967-01-21,6,4,0,0.11184
3497,1967-01-28,2,9,0,0.111801
3498,1967-02-04,8,1,0,0.111763
3499,1967-02-11,5,3,0,0.111724
3500,1967-02-18,2,6,0,0.111686
3501,1967-02-25,1,1,1,0.111992
3502,1967-03-04,4,4,1,0.112298
3503,1967-03-11,5,4,0,0.112259
3504,1967-03-18,6,6,1,0.112565
3505,1967-03-25,5,9,0,0.112526
3506,1967-04-01,1,6,0,0.112487
3507,1967-04-08,9,4,0,0.112448
3508,1967-04-15,6,9,0,0.11241
3509,1967-04-22,6,9,0,0.112371
3510,1967-04-29,9,9,1,0.112676
3511,1967-05-06,7,9,0,0.112637
3512,1967-05-13,4,6,0,0.112599
3513,1967-05-20,3,4,0,0.11256
3514,1967-05-27,4,4,1,0.112864
3515,1967-06-03,7,4,0,0.112826
3516,1967-06-10,3,6,0,0.112787
3517,1967-06-17,5,4,0,0.112748
3518,1967-06-24,4,6,0,0.11271
3519,1967-07-01,9,4,0,0.112671
3520,1967-07-08,7,9,0,0.112633
3521,1967-07-15,8,6,0,0.112594
3522,1967-07-22,5,3,0,0.112556
3523,1967-07-29,3,6,0,0.112517
3524,1967-08-05,5,4,0,0.112479
3525,1967-08-12,8,6,0,0.11244
3526,1967-08-19,3,3,1,0.112743
3527,1967-08-26,5,4,0,0.112705
3528,1967-09-02,3,6,0,0.112666
3529,1967-09-09,6,4,0,0.112628
3530,1967-09-16,8,9,0,0.11259
3531,1967-09-23,8,3,0,0.112551
3532,1967-09-30,9,3,0,0.112513
3533,1967-10-07,2,7,0,0.112474
3534,1967-10-16,6,1,0,0.112436
3535,1967-10-21,3,9,0,0.112398
3536,1967-10-27,2,4,0,0.11236
3537,1967-11-06,6,1,0,0.112321
3538,1967-11-11,7,9,0,0.112283
3539,1967-11-18,7,6,0,0.112245
3540,1967-11-25,6,6,1,0.112547
3541,1967-12-02,6,9,0,0.112508
3542,1967-12-09,5,9,0,0.11247
3543,1967-12-16,3,6,0,0.112432
3544,1967-12-23,8,4,0,0.112394
3545,1967-12-30,2,3,0,0.112356
3546,1968-01-05,3,6,0,0.112318
3547,1968-01-13,6,4,0,0.11228
3548,1968-01-20,6,9,0,0.112241
3549,1968-01-27,2,9,0,0.112203
3550,1968-02-03,8,6,0,0.112165
3551,1968-02-10,2,3,0,0.112127
3552,1968-02-17,9,6,0,0.112089
3553,1968-02-24,6,7,0,0.112051
3554,1968-03-02,3,9,0,0.112014
3555,1968-03-09,9,4,0,0.111976
3556,1968-03-16,7,7,1,0.112276
3557,1968-03-23,3,6,0,0.112238
3558,1968-03-30,5,4,0,0.1122
3559,1968-04-06,9,6,0,0.112162
3560,1968-04-13,6,7,0,0.112124
3561,1968-04-20,7,9,0,0.112086
3562,1968-04-27,8,6,0,0.112049
3563,1968-05-04,6,3,0,0.112011
3564,1968-05-11,8,9,0,0.111973
3565,1968-05-18,7,3,0,0.111935
3566,1968-05-25,7,6,0,0.111898
3567,1968-06-01,7,6,0,0.11186
3568,1968-06-08,9,6,0,0.111822
3569,1968-06-15,6,7,0,0.111785
3570,1968-06-22,9,9,1,0.112083
3571,1968-06-28,9,7,0,0.112046
3572,1968-07-06,1,7,0,0.112008
3573,1968-07-13,3,4,0,0.11197
3574,1968-07-20,1,4,0,0.111933
3575,1968-07-27,9,4,0,0.111895
3576,1968-08-03,6,7,0,0.111858
3577,1968-08-10,8,9,0,0.11182
3578,1968-08-17,1,3,0,0.111782
3579,1968-08-24,6,4,0,0.111745
3580,1968-08-31,7,9,0,0.111707
3581,1968-09-07,2,6,0,0.11167
3582,1968-09-14,3,6,0,0.111633
3583,1968-09-21,5,4,0,0.111595
3584,1968-09-28,9,6,0,0.111558
3585,1968-10-05,1,7,0,0.11152
3586,1968-10-12,5,4,0,0.111483
3587,1968-10-19,8,6,0,0.111446
3588,1968-10-26,8,3,0,0.111408
3589,1968-11-02,4,3,0,0.111371
3590,1968-11-09,6,4,0,0.111334
3591,1968-11-16,7,9,0,0.111297
3592,1968-11-23,4,6,0,0.11126
3593,1968-11-30,5,4,0,0.111222
3594,1968-12-07,6,6,1,0.111519
3595,1968-12-14,6,9,0,0.111482
3596,1968-12-21,2,9,0,0.111445
3597,1968-12-28,4,6,0,0.111408
3598,1969-01-04,9,4,0,0.11137
3599,1969-01-11,4,7,0,0.111333
3600,1969-01-18,5,4,0,0.111296
3601,1969-01-25,8,6,0,0.111259
3602,1969-02-01,5,3,0,0.111222
3603,1969-02-08,4,6,0,0.111185
3604,1969-02-15,6,4,0,0.111148
3605,1969-02-22,8,9,0,0.111111
3606,1969-03-01,5,3,0,0.111074
3607,1969-03-08,1,6,0,0.111037
3608,1969-03-15,6,4,0,0.111
3609,1969-03-22,1,9,0,0.110963
3610,1969-03-29,8,4,0,0.110927
3611,1969-04-05,6,3,0,0.11089
3612,1969-04-12,2,9,0,0.110853
3613,1969-04-19,1,6,0,0.110816
3614,1969-04-26,2,4,0,0.110779
3615,1969-05-03,4,1,0,0.110743
3616,1969-05-10,7,4,0,0.110706
3617,1969-05-17,5,6,0,0.110669
3618,1969-05-24,5,6,0,0.110633
3619,1969-05-31,1,6,0,0.110596
3620,1969-06-07,6,4,0,0.110559
3621,1969-06-14,7,9,0,0.110523
3622,1969-06-21,8,6,0,0.110486
3623,1969-06-28,6,3,0,0.11045
3624,1969-07-05,1,9,0,0.110413
3625,1969-07-12,4,4,1,0.110707
3626,1969-07-19,7,4,0,0.110671
3627,1969-07-26,3,6,0,0.110634
3628,1969-08-02,2,5,0,0.110598
3629,1969-08-09,2,1,0,0.110561
3630,1969-08-16,4,1,0,0.110525
3631,1969-08-23,4,4,1,0.110818
3632,1969-08-30,2,4,0,0.110781
3633,1969-09-06,3,1,0,0.110745
3634,1969-09-13,8,5,0,0.110708
3635,1969-09-20,2,3,0,0.110672
3636,1969-09-27,7,1,0,0.110635
3637,1969-10-04,3,6,0,0.110599
3638,1969-10-11,6,5,0,0.110563
3639,1969-10-18,2,9,0,0.110526
3640,1969-10-25,8,1,0,0.11049
3641,1969-10-31,6,3,0,0.110454
3642,1969-11-08,4,9,0,0.110417
3643,1969-11-15,1,4,0,0.110381
3644,1969-11-22,7,4,0,0.110345
3645,1969-11-29,7,6,0,0.110309
3646,1969-12-06,6,6,1,0.110601
3647,1969-12-13,5,9,0,0.110564
3648,1969-12-20,1,6,0,0.110528
3649,1969-12-27,4,4,1,0.11082
3650,1970-01-03,5,4,0,0.110783
3651,1970-01-10,3,6,0,0.110747
3652,1970-01-17,9,5,0,0.110711
3653,1970-01-24,6,7,0,0.110675
3654,1970-01-31,1,9,0,0.110638
3655,1970-02-07,2,4,0,0.110602
3656,1970-02-14,4,1,0,0.110566
3657,1970-02-21,4,4,1,0.110857
3658,1970-02-28,9,4,0,0.110821
3659,1970-03-07,8,7,0,0.110784
3660,1970-03-14,3,3,1,0.111075
3661,1970-03-21,9,5,0,0.111039
3662,1970-03-28,1,7,0,0.111002
3663,1970-04-04,8,4,0,0.110966
3664,1970-04-11,9,3,0,0.11093
3665,1970-04-18,4,7,0,0.110894
3666,1970-04-25,5,4,0,0.110858
3667,1970-05-02,6,6,1,0.111147
3668,1970-05-09,4,9,0,0.111111
3669,1970-05-16,7,4,0,0.111075
3670,1970-05-23,5,6,0,0.111039
3671,1970-05-30,2,6,0,0.111003
3672,1970-06-06,5,1,0,0.110966
3673,1970-06-13,1,6,0,0.11093
3674,1970-06-20,3,4,0,0.110894
3675,1970-06-27,6,5,0,0.110858
3676,1970-07-04,1,9,0,0.110822
3677,1970-07-11,5,4,0,0.110786
3678,1970-07-18,2,6,0,0.11075
3679,1970-07-25,3,1,0,0.110714
3680,1970-08-01,6,5,0,0.110678
3681,1970-08-08,8,9,0,0.110642
3682,1970-08-15,6,3,0,0.110607
3683,1970-08-22,7,9,0,0.110571
3684,1970-08-29,3,6,0,0.110535
3685,1970-09-05,1,5,0,0.110499
3686,1970-09-12,9,4,0,0.110463
3687,1970-09-19,1,7,0,0.110427
3688,1970-09-26,3,4,0,0.110392
3689,1970-10-03,2,5,0,0.110356
3690,1970-10-10,7,1,0,0.11032
3691,1970-10-17,5,6,0,0.110285
3692,1970-10-24,3,6,0,0.110249
3693,1970-10-31,7,5,0,0.110213
3694,1970-11-07,4,6,0,0.110178
3695,1970-11-14,6,4,0,0.110142
3696,1970-11-21,3,9,0,0.110107
3697,1970-11-28,5,5,1,0.110394
3698,1970-12-05,2,6,0,0.110358
3699,1970-12-12,2,1,0,0.110323
3700,1970-12-19,9,1,0,0.110287
3701,1970-12-28,3,7,0,0.110251
3702,1971-01-02,6,5,0,0.110216
3703,1971-01-09,2,9,0,0.11018
3704,1971-01-16,1,1,1,0.110467
3705,1971-01-23,3,4,0,0.110431
3706,1971-01-30,6,5,0,0.110396
3707,1971-02-06,1,9,0,0.11036
3708,1971-02-13,7,4,0,0.110325
3709,1971-02-20,8,6,0,0.110289
3710,1971-02-27,1,3,0,0.110254
3711,1971-03-06,8,4,0,0.110219
3712,1971-03-13,7,3,0,0.110183
3713,1971-03-20,5,6,0,0.110148
3714,1971-03-27,6,6,1,0.110433
3715,1971-04-03,8,9,0,0.110398
3716,1971-04-10,2,3,0,0.110363
3717,1971-04-17,2,1,0,0.110327
3718,1971-04-24,3,1,0,0.110292
3719,1971-05-01,9,5,0,0.110256
3720,1971-05-08,9,7,0,0.110221
3721,1971-05-15,8,9,0,0.110186
3722,1971-05-22,6,3,0,0.11015
3723,1971-05-29,4,9,0,0.110115
3724,1971-06-05,8,4,0,0.11008
3725,1971-06-12,4,3,0,0.110045
3726,1971-06-19,3,4,0,0.11001
3727,1971-06-26,1,5,0,0.109974
3728,1971-07-03,5,4,0,0.109939
3729,1971-07-10,7,6,0,0.109904
3730,1971-07-17,7,6,0,0.109869
3731,1971-07-24,5,6,0,0.109834
3732,1971-07-31,3,6,0,0.109799
3733,1971-08-07,9,5,0,0.109764
3734,1971-08-14,7,9,0,0.109729
3735,1971-08-21,5,6,0,0.109694
3736,1971-08-28,5,6,0,0.109659
3737,1971-09-04,5,6,0,0.109624
3738,1971-09-11,6,6,1,0.109908
3739,1971-09-18,2,9,0,0.109873
3740,1971-09-25,5,1,0,0.109838
3741,1971-10-02,1,6,0,0.109803
3742,1971-10-09,3,4,0,0.109768
3743,1971-10-16,7,5,0,0.109733
3744,1971-10-23,6,6,1,0.110016
3745,1971-10-30,9,9,1,0.110299
3746,1971-11-06,7,7,1,0.110582
3747,1971-11-13,3,6,0,0.110546
3748,1971-11-20,8,5,0,0.110511
3749,1971-11-27,2,3,0,0.110476
3750,1971-12-04,8,1,0,0.110441
3751,1971-12-11,2,3,0,0.110406
3752,1971-12-18,2,1,0,0.110371
3753,1971-12-25,3,1,0,0.110336
3754,1972-01-01,7,5,0,0.110301
3755,1972-01-08,4,6,0,0.110266
3756,1972-01-15,3,4,0,0.110231
3757,1972-01-22,5,5,1,0.110513
3758,1972-01-29,7,6,0,0.110478
3759,1972-02-05,2,6,0,0.110443
3760,1972-02-12,7,1,0,0.110408
3761,1972-02-19,1,6,0,0.110373
3762,1972-02-26,9,4,0,0.110338
3763,1972-03-04,6,7,0,0.110303
3764,1972-03-11,8,9,0,0.110269
3765,1972-03-18,7,3,0,0.110234
3766,1972-03-25,8,6,0,0.110199
3767,1972-04-01,3,3,1,0.11048
3768,1972-04-08,7,5,0,0.110445
3769,1972-04-15,8,6,0,0.11041
3770,1972-04-22,2,3,0,0.110375
3771,1972-04-29,8,1,0,0.11034
3772,1972-05-06,4,3,0,0.110306
3773,1972-05-13,7,4,0,0.110271
3774,1972-05-20,6,6,1,0.110551
3775,1972-05-27,5,9,0,0.110516
3776,1972-06-03,9,6,0,0.110482
3777,1972-06-10,2,7,0,0.110447
3778,1972-06-17,3,1,0,0.110412
3779,1972-06-24,9,5,0,0.110377
3780,1972-07-01,9,7,0,0.110343
3781,1972-07-08,6,7,0,0.110308
3782,1972-07-15,8,9,0,0.110273
3783,1972-07-22,7,3,0,0.110239
3784,1972-07-29,1,6,0,0.110204
3785,1972-08-05,2,4,0,0.110169
3786,1972-08-12,1,1,1,0.110449
3787,1972-08-19,7,4,0,0.110414
3788,1972-08-26,2,6,0,0.110379
3789,1972-09-02,2,1,0,0.110345
3790,1972-09-09,8,1,0,0.11031
3791,1972-09-16,1,3,0,0.110276
3792,1972-09-23,9,4,0,0.110241
3793,1972-09-30,2,7,0,0.110207
3794,1972-10-07,1,1,1,0.110485
3795,1972-10-14,9,4,0,0.110451
3796,1972-10-21,6,7,0,0.110416
3797,1972-10-28,5,9,0,0.110381
3798,1972-11-04,7,6,0,0.110347
3799,1972-11-11,3,6,0,0.110312
3800,1972-11-18,7,5,0,0.110278
3801,1972-11-25,3,6,0,0.110244
3802,1972-12-02,1,5,0,0.110209
3803,1972-12-09,6,4,0,0.110175
3804,1972-12-16,3,9,0,0.11014
3805,1972-12-23,6,5,0,0.110106
3806,1972-12-30,6,9,0,0.110072
3807,1973-01-06,3,9,0,0.110037
3808,1973-01-13,9,5,0,0.110003
3809,1973-01-20,1,7,0,0.109969
3810,1973-01-27,6,4,0,0.109935
3811,1973-02-03,4,9,0,0.1099
3812,1973-02-10,5,4,0,0.109866
3813,1973-02-17,7,6,0,0.109832
3814,1973-02-24,2,6,0,0.109798
3815,1973-03-03,9,1,0,0.109764
3816,1973-03-10,1,7,0,0.10973
3817,1973-03-17,6,4,0,0.109695
3818,1973-03-24,9,9,1,0.109972
3819,1973-03-31,3,7,0,0.109938
3820,1973-04-07,7,5,0,0.109904
3821,1973-04-14,3,6,0,0.10987
3822,1973-04-21,7,5,0,0.109836
3823,1973-04-28,1,6,0,0.109801
3824,1973-05-05,9,4,0,0.109767
3825,1973-05-12,2,7,0,0.109733
3826,1973-05-19,5,1,0,0.109699
3827,1973-05-26,4,6,0,0.109665
3828,1973-06-02,5,4,0,0.109631
3829,1973-06-09,1,6,0,0.109598
3830,1973-06-16,4,4,1,0.109873
3831,1973-06-23,8,4,0,0.109839
3832,1973-06-30,7,3,0,0.109805
3833,1973-07-07,4,6,0,0.109771
3834,1973-07-14,8,4,0,0.109737
3835,1973-07-21,7,3,0,0.109703
3836,1973-07-28,9,6,0,0.109669
3837,1973-08-04,1,7,0,0.109636
3838,1973-08-11,8,4,0,0.109602
3839,1973-08-18,3,7,0,0.109568
3840,1973-08-25,2,5,0,0.109534
3841,1973-09-01,3,1,0,0.1095
3842,1973-09-08,7,5,0,0.109467
3843,1973-09-15,4,6,0,0.109433
3844,1973-09-22,9,4,0,0.109399
3845,1973-09-29,2,7,0,0.109365
3846,1973-10-06,1,1,1,0.10964
3847,1973-10-13,9,4,0,0.109606
3848,1973-10-20,7,7,1,0.10988
3849,1973-10-27,1,6,0,0.109846
3850,1973-11-03,3,4,0,0.109812
3851,1973-11-10,7,5,0,0.109779
3852,1973-11-17,3,6,0,0.109745
3853,1973-11-24,4,5,0,0.109711
3854,1973-12-01,5,4,0,0.109677
3855,1973-12-08,3,6,0,0.109644
3856,1973-12-15,4,5,0,0.10961
3857,1973-12-22,8,4,0,0.109576
3858,1973-12-29,9,3,0,0.109543
3859,1974-01-05,4,7,0,0.109509
3860,1974-01-12,4,4,1,0.109782
3861,1974-01-19,6,4,0,0.109749
3862,1974-01-26,2,9,0,0.109715
3863,1974-02-02,3,1,0,0.109681
3864,1974-02-09,2,5,0,0.109648
3865,1974-02-16,4,1,0,0.109614
3866,1974-02-23,5,4,0,0.109581
3867,1974-03-02,6,6,1,0.109853
3868,1974-03-09,8,9,0,0.10982
3869,1974-03-16,4,3,0,0.109786
3870,1974-03-23,4,4,1,0.110058
3871,1974-03-30,6,4,0,0.110024
3872,1974-04-06,7,9,0,0.109991
3873,1974-04-13,4,6,0,0.109957
3874,1974-04-20,2,4,0,0.109924
3875,1974-04-27,1,1,1,0.110195
3876,1974-05-04,7,4,0,0.110162
3877,1974-05-11,2,6,0,0.110128
3878,1974-05-18,9,1,0,0.110095
3879,1974-05-25,1,7,0,0.110061
3880,1974-06-01,2,4,0,0.110027
3881,1974-06-08,9,1,0,0.109994
3882,1974-06-15,1,7,0,0.10996
3883,1974-06-22,4,4,1,0.110231
3884,1974-06-29,7,4,0,0.110198
3885,1974-07-06,2,6,0,0.110164
3886,1974-07-13,8,1,0,0.110131
3887,1974-07-20,2,3,0,0.110097
3888,1974-07-27,8,1,0,0.110064
3889,1974-08-03,7,3,0,0.11003
3890,1974-08-10,4,6,0,0.109997
3891,1974-08-17,5,4,0,0.109964
3892,1974-08-24,9,6,0,0.10993
3893,1974-08-31,4,7,0,0.109897
3894,1974-09-07,6,4,0,0.109863
3895,1974-09-14,6,9,0,0.10983
3896,1974-09-21,5,9,0,0.109797
3897,1974-09-28,4,6,0,0.109763
3898,1974-10-05,9,4,0,0.10973
3899,1974-10-12,2,7,0,0.109697
3900,1974-10-19,3,1,0,0.109664
3901,1974-10-26,2,5,0,0.109631
3902,1974-11-02,6,1,0,0.109597
3903,1974-11-09,2,9,0,0.109564
3904,1974-11-16,4,1,0,0.109531
3905,1974-11-23,5,4,0,0.109498
3906,1974-11-30,5,6,0,0.109465
3907,1974-12-07,3,6,0,0.109432
3908,1974-12-14,1,5,0,0.109399
3909,1974-12-21,6,4,0,0.109366
3910,1974-12-28,8,9,0,0.109333
3911,1975-01-04,8,7,0,0.1093
3912,1975-01-11,4,7,0,0.109267
3913,1975-01-18,8,4,0,0.109234
3914,1975-01-25,9,7,0,0.109201
3915,1975-02-01,6,7,0,0.109168
3916,1975-02-08,8,9,0,0.109135
3917,1975-02-15,1,7,0,0.109102
3918,1975-02-22,7,4,0,0.109069
3919,1975-03-01,7,6,0,0.109036
3920,1975-03-08,9,6,0,0.109003
3921,1975-03-15,9,7,0,0.10897
3922,1975-03-22,1,7,0,0.108938
3923,1975-03-29,9,4,0,0.108905
3924,1975-04-05,6,7,0,0.108872
3925,1975-04-12,7,9,0,0.108839
3926,1975-04-19,4,6,0,0.108807
3927,1975-04-26,5,4,0,0.108774
3928,1975-05-03,1,6,0,0.108741
3929,1975-05-10,9,4,0,0.108709
3930,1975-05-17,5,7,0,0.108676
3931,1975-05-24,3,6,0,0.108643
3932,1975-05-31,1,5,0,0.108611
3933,1975-06-07,1,4,0,0.108578
3934,1975-06-14,4,4,1,0.108846
3935,1975-06-21,9,4,0,0.108813
3936,1975-06-28,1,7,0,0.10878
3937,1975-07-05,2,4,0,0.108748
3938,1975-07-12,1,1,1,0.109015
3939,1975-07-19,6,4,0,0.108982
3940,1975-07-26,6,9,0,0.108949
3941,1975-08-02,2,9,0,0.108917
3942,1975-08-09,8,1,0,0.108884
3943,1975-08-16,6,7,0,0.108852
3944,1975-08-23,6,9,0,0.108819
3945,1975-08-30,8,9,0,0.108787
3946,1975-09-06,4,7,0,0.108754
3947,1975-09-13,7,4,0,0.108722
3948,1975-09-20,9,4,0,0.108689
3949,1975-09-27,2,7,0,0.108657
3950,1975-10-04,1,1,1,0.108923
3951,1975-10-11,6,4,0,0.10889
3952,1975-10-18,3,9,0,0.108858
3953,1975-10-25,5,5,1,0.109123
3954,1975-11-01,5,6,0,0.109091
3955,1975-11-08,1,6,0,0.109058
3956,1975-11-15,4,4,1,0.109324
3957,1975-11-22,5,4,0,0.109291
3958,1975-11-29,7,6,0,0.109259
3959,1975-12-06,7,4,0,0.109226
3960,1975-12-13,8,4,0,0.109194
3961,1975-12-20,4,7,0,0.109161
3962,1975-12-27,8,4,0,0.109129
3963,1976-01-03,2,7,0,0.109096
3964,1976-01-10,7,1,0,0.109064
3965,1976-01-17,8,4,0,0.109031
3966,1976-01-24,3,7,0,0.108999
3967,1976-01-31,5,5,1,0.109264
3968,1976-02-07,8,6,0,0.109231
3969,1976-02-14,4,3,0,0.109199
3970,1976-02-21,4,4,1,0.109463
3971,1976-02-28,8,4,0,0.109431
3972,1976-03-06,1,3,0,0.109398
3973,1976-03-13,4,4,1,0.109662
3974,1976-03-20,2,4,0,0.10963
3975,1976-03-27,2,1,0,0.109597
3976,1976-04-03,1,1,1,0.109861
3977,1976-04-10,3,4,0,0.109828
3978,1976-04-17,4,5,0,0.109796
3979,1976-04-24,8,4,0,0.109763
3980,1976-05-01,7,3,0,0.109731
3981,1976-05-08,2,4,0,0.109698
3982,1976-05-15,8,1,0,0.109666
3983,1976-05-22,3,7,0,0.109634
3984,1976-05-29,5,5,1,0.109897
3985,1976-06-05,2,6,0,0.109864
3986,1976-06-12,5,1,0,0.109832
3987,1976-06-19,7,6,0,0.109799
3988,1976-06-26,7,4,0,0.109767
3989,1976-07-03,4,4,1,0.110029
3990,1976-07-10,5,4,0,0.109997
3991,1976-07-17,5,6,0,0.109965
3992,1976-07-24,7,6,0,0.109932
3993,1976-07-31,9,4,0,0.1099
3994,1976-08-07,5,7,0,0.109867
3995,1976-08-14,4,6,0,0.109835
3996,1976-08-21,8,4,0,0.109803
3997,1976-08-28,9,3,0,0.10977
3998,1976-09-04,8,7,0,0.109738
3999,1976-09-11,8,3,0,0.109706
4000,1976-09-18,1,3,0,0.109674
4001,1976-09-25,8,4,0,0.109641
4002,1976-10-02,2,3,0,0.109609
4003,1976-10-09,1,1,1,0.109871
4004,1976-10-16,7,4,0,0.109838
4005,1976-10-23,5,4,0,0.109806
4006,1976-10-30,8,6,0,0.109774
4007,1976-11-06,4,3,0,0.109742
4008,1976-11-13,3,4,0,0.10971
4009,1976-11-20,4,5,0,0.109677
4010,1976-11-27,3,4,0,0.109645
4011,1976-12-04,4,5,0,0.109613
4012,1976-12-11,2,4,0,0.109581
4013,1976-12-18,7,1,0,0.109549
4014,1976-12-25,8,4,0,0.109517
4015,1977-01-01,7,3,0,0.109485
4016,1977-01-08,2,4,0,0.109453
4017,1977-01-15,8,1,0,0.109421
4018,1977-01-22,2,7,0,0.109389
4019,1977-01-29,4,1,0,0.109357
4020,1977-02-05,1,4,0,0.109325
4021,1977-02-12,8,4,0,0.109293
4022,1977-02-19,9,7,0,0.109261
4023,1977-02-26,8,7,0,0.109229
4024,1977-03-05,7,7,1,0.109489
4025,1977-03-12,8,4,0,0.109457
4026,1977-03-19,8,7,0,0.109425
4027,1977-03-26,3,7,0,0.109393
4028,1977-04-02,8,5,0,0.109361
4029,1977-04-09,3,7,0,0.109329
4030,1977-04-16,9,5,0,0.109298
4031,1977-04-23,2,7,0,0.109266
4032,1977-04-30,4,1,0,0.109234
4033,1977-05-07,7,4,0,0.109202
4034,1977-05-14,3,4,0,0.10917
4035,1977-05-21,2,5,0,0.109139
4036,1977-05-28,7,1,0,0.109107
4037,1977-06-04,2,4,0,0.109075
4038,1977-06-11,2,1,0,0.109043
4039,1977-06-18,3,1,0,0.109012
4040,1977-06-25,3,5,0,0.10898
4041,1977-07-02,8,5,0,0.108948
4042,1977-07-09,5,3,0,0.108917
4043,1977-07-16,3,6,0,0.108885
4044,1977-07-23,6,5,0,0.108853
4045,1977-07-30,9,9,1,0.109112
4046,1977-08-06,7,7,1,0.10937
4047,1977-08-13,2,4,0,0.109339
4048,1977-08-20,2,1,0,0.109307
4049,1977-08-27,3,1,0,0.109275
4050,1977-09-03,5,5,1,0.109533
4051,1977-09-10,1,6,0,0.109502
4052,1977-09-17,1,4,0,0.10947
4053,1977-09-24,8,4,0,0.109438
4054,1977-10-01,1,3,0,0.109407
4055,1977-10-08,6,4,0,0.109375
4056,1977-10-15,4,9,0,0.109343
4057,1977-10-22,1,4,0,0.109312
4058,1977-10-29,9,4,0,0.10928
4059,1977-11-05,3,7,0,0.109249
4060,1977-11-12,7,5,0,0.109217
4061,1977-11-19,6,4,0,0.109185
4062,1977-11-26,8,9,0,0.109154
4063,1977-12-03,1,3,0,0.109122
4064,1977-12-10,7,4,0,0.109091
4065,1977-12-17,4,4,1,0.109348
4066,1977-12-24,5,4,0,0.109316
4067,1977-12-31,3,6,0,0.109285
4068,1978-01-07,2,5,0,0.109253
4069,1978-01-14,3,1,0,0.109222
4070,1978-01-21,8,5,0,0.10919
4071,1978-01-28,7,3,0,0.109159
4072,1978-02-04,8,4,0,0.109128
4073,1978-02-11,6,7,0,0.109096
4074,1978-02-18,7,9,0,0.109065
4075,1978-02-25,6,4,0,0.109033
4076,1978-03-04,4,9,0,0.109002
4077,1978-03-11,7,4,0,0.108971
4078,1978-03-18,5,4,0,0.108939
4079,1978-03-25,5,6,0,0.108908
4080,1978-04-01,3,6,0,0.108877
4081,1978-04-08,5,5,1,0.109133
4082,1978-04-15,9,6,0,0.109101
4083,1978-04-22,2,7,0,0.10907
4084,1978-04-29,8,1,0,0.109039
4085,1978-05-06,1,7,0,0.109007
4086,1978-05-13,9,4,0,0.108976
4087,1978-05-20,7,7,1,0.109232
4088,1978-05-27,7,4,0,0.1092
4089,1978-06-03,7,4,0,0.109169
4090,1978-06-10,5,4,0,0.109138
4091,1978-06-17,9,6,0,0.109107
4092,1978-06-24,6,7,0,0.109075
4093,1978-07-01,3,9,0,0.109044
4094,1978-07-08,3,5,0,0.109013
4095,1978-07-15,1,5,0,0.108982
4096,1978-07-22,8,4,0,0.108951
4097,1978-07-29,1,7,0,0.108919
4098,1978-08-05,1,4,0,0.108888
4099,1978-08-12,4,4,1,0.109143
4100,1978-08-19,2,4,0,0.109112
4101,1978-08-26,2,1,0,0.109081
4102,1978-09-02,7,1,0,0.109049
4103,1978-09-09,1,4,0,0.109018
4104,1978-09-16,6,4,0,0.108987
4105,1978-09-23,4,9,0,0.108956
4106,1978-09-30,4,4,1,0.10921
4107,1978-10-07,7,4,0,0.109179
4108,1978-10-14,8,4,0,0.109148
4109,1978-10-21,8,7,0,0.109117
4110,1978-10-28,4,7,0,0.109086
4111,1978-11-04,6,4,0,0.109055
4112,1978-11-11,9,9,1,0.109308
4113,1978-11-18,3,7,0,0.109277
4114,1978-11-25,1,5,0,0.109246
4115,1978-12-02,2,4,0,0.109215
4116,1978-12-09,9,1,0,0.109184
4117,1978-12-16,9,7,0,0.109153
4118,1978-12-23,1,7,0,0.109122
4119,1978-12-30,9,4,0,0.109091
4120,1979-01-06,2,7,0,0.10906
4121,1979-01-13,9,1,0,0.109029
4122,1979-01-20,1,7,0,0.108998
4123,1979-01-27,4,4,1,0.109251
4124,1979-02-03,5,4,0,0.10922
4125,1979-02-10,9,6,0,0.109189
4126,1979-02-17,7,7,1,0.109441
4127,1979-02-24,5,4,0,0.10941
4128,1979-03-03,9,6,0,0.109379
4129,1979-03-10,9,7,0,0.109348
4130,1979-03-17,7,7,1,0.109601
4131,1979-03-24,1,4,0,0.10957
4132,1979-03-31,7,4,0,0.109539
4133,1979-04-07,8,4,0,0.109508
4134,1979-04-14,4,7,0,0.109477
4135,1979-04-21,7,4,0,0.109446
4136,1979-04-28,1,4,0,0.109415
4137,1979-05-05,7,4,0,0.109384
4138,1979-05-12,7,4,0,0.109353
4139,1979-05-19,5,4,0,0.109322
4140,1979-05-26,9,6,0,0.109291
4141,1979-06-02,2,7,0,0.10926
4142,1979-06-09,1,1,1,0.109512
4143,1979-06-16,3,4,0,0.109481
4144,1979-06-23,2,5,0,0.10945
4145,1979-06-30,1,1,1,0.109701
4146,1979-07-07,2,4,0,0.10967
4147,1979-07-14,3,1,0,0.109639
4148,1979-07-21,3,5,0,0.109608
4149,1979-07-28,3,5,0,0.109577
4150,1979-08-04,7,5,0,0.109547
4151,1979-08-11,5,4,0,0.109516
4152,1979-08-18,3,6,0,0.109485
4153,1979-08-25,5,5,1,0.109736
4154,1979-09-01,8,6,0,0.109705
4155,1979-09-08,7,7,1,0.109955
4156,1979-09-15,6,4,0,0.109924
4157,1979-09-22,8,9,0,0.109893
4158,1979-09-29,2,7,0,0.109862
4159,1979-10-06,1,1,1,0.110112
4160,1979-10-13,2,4,0,0.110081
4161,1979-10-20,8,1,0,0.110051
4162,1979-10-27,8,7,0,0.11002
4163,1979-11-03,7,7,1,0.110269
4164,1979-11-10,1,6,0,0.110238
4165,1979-11-17,7,4,0,0.110208
4166,1979-11-24,9,6,0,0.110177
4167,1979-12-01,2,7,0,0.110146
4168,1979-12-08,3,1,0,0.110115
4169,1979-12-15,9,5,0,0.110084
4170,1979-12-22,9,7,0,0.110053
4171,1979-12-29,6,7,0,0.110022
4172,1980-01-05,7,9,0,0.109992
4173,1980-01-12,1,6,0,0.109961
4174,1980-01-19,7,4,0,0.10993
4175,1980-01-26,9,6,0,0.109899
4176,1980-02-02,4,7,0,0.109869
4177,1980-02-09,3,4,0,0.109838
4178,1980-02-16,1,5,0,0.109807
4179,1980-02-23,6,4,0,0.109777
4180,1980-03-01,2,9,0,0.109746
4181,1980-03-08,3,1,0,0.109715
4182,1980-03-15,4,5,0,0.109685
4183,1980-03-22,6,4,0,0.109654
4184,1980-03-29,8,9,0,0.109623
4185,1980-04-05,7,7,1,0.109872
4186,1980-04-12,4,6,0,0.109841
4187,1980-04-19,3,4,0,0.10981
4188,1980-04-26,9,5,0,0.10978
4189,1980-05-03,7,7,1,0.110028
4190,1980-05-10,1,4,0,0.109997
4191,1980-05-17,5,4,0,0.109967
4192,1980-05-24,8,6,0,0.109936
4193,1980-05-31,3,7,0,0.109905
4194,1980-06-07,6,5,0,0.109875
4195,1980-06-14,6,9,0,0.109844
4196,1980-06-21,7,9,0,0.109814
4197,1980-06-28,7,4,0,0.109783
4198,1980-07-05,4,4,1,0.110031
4199,1980-07-12,6,4,0,0.11
4200,1980-07-19,2,9,0,0.109969
4201,1980-07-26,4,1,0,0.109939
4202,1980-08-02,6,4,0,0.109908
4203,1980-08-09,5,9,0,0.109878
4204,1980-08-16,3,6,0,0.109847
4205,1980-08-23,3,5,0,0.109817
4206,1980-08-30,3,5,0,0.109787
4207,1980-09-06,5,5,1,0.110033
4208,1980-09-13,9,6,0,0.110003
4209,1980-09-20,6,7,0,0.109972
4210,1980-09-27,4,9,0,0.109942
4211,1980-10-04,9,4,0,0.109911
4212,1980-10-11,9,7,0,0.109881
4213,1980-10-18,5,7,0,0.109851
4214,1980-10-25,3,6,0,0.10982
4215,1980-11-01,1,5,0,0.10979
4216,1980-11-08,5,4,0,0.109759
4217,1980-11-15,4,6,0,0.109729
4218,1980-11-22,1,4,0,0.109699
4219,1980-11-29,7,4,0,0.109669
4220,1980-12-06,4,4,1,0.109914
4221,1980-12-13,6,4,0,0.109884
4222,1980-12-20,5,9,0,0.109854
4223,1980-12-27,5,6,0,0.109823
4224,1981-01-03,6,6,1,0.110069
4225,1981-01-10,2,9,0,0.110039
4226,1981-01-17,9,1,0,0.110008
4227,1981-01-24,9,7,0,0.109978
4228,1981-01-31,2,7,0,0.109948
4229,1981-02-07,6,1,0,0.109917
4230,1981-02-14,4,9,0,0.109887
4231,1981-02-21,7,4,0,0.109857
4232,1981-02-28,3,4,0,0.109827
4233,1981-03-07,5,5,1,0.110072
4234,1981-03-14,1,6,0,0.110041
4235,1981-03-21,2,4,0,0.110011
4236,1981-03-28,9,1,0,0.109981
4237,1981-04-04,5,7,0,0.109951
4238,1981-04-11,5,6,0,0.10992
4239,1981-04-18,3,6,0,0.10989
4240,1981-04-25,6,5,0,0.10986
4241,1981-05-02,5,9,0,0.10983
4242,1981-05-09,4,6,0,0.1098
4243,1981-05-16,1,4,0,0.109769
4244,1981-05-23,3,4,0,0.109739
4245,1981-05-30,1,5,0,0.109709
4246,1981-06-06,8,4,0,0.109679
4247,1981-06-13,9,7,0,0.109649
4248,1981-06-20,9,7,0,0.109619
4249,1981-06-27,6,9,0,0.109589
4250,1981-07-04,7,9,0,0.109559
4251,1981-07-11,5,4,0,0.109529
4252,1981-07-18,1,6,0,0.109499
4253,1981-07-25,1,4,0,0.109469
4254,1981-08-01,9,4,0,0.109439
4255,1981-08-08,8,9,0,0.109409
4256,1981-08-15,4,7,0,0.109379
4257,1981-08-22,3,4,0,0.109349
4258,1981-08-29,6,5,0,0.109319
4259,1981-09-05,9,9,1,0.109563
4260,1981-09-12,3,9,0,0.109533
4261,1981-09-19,9,5,0,0.109503
4262,1981-09-26,9,9,1,0.109746
4263,1981-10-03,2,9,0,0.109716
4264,1981-10-10,2,1,0,0.109686
4265,1981-10-17,6,1,0,0.109656
4266,1981-10-24,9,9,1,0.109899
4267,1981-10-31,2,9,0,0.109869
4268,1981-11-07,1,1,1,0.110112
4269,1981-11-14,5,4,0,0.110082
4270,1981-11-21,2,6,0,0.110052
4271,1981-11-28,5,1,0,0.110022
4272,1981-12-05,9,6,0,0.109992
4273,1981-12-12,6,9,0,0.109962
4274,1981-12-19,6,9,0,0.109932
4275,1981-12-26,4,9,0,0.109902
4276,1982-01-02,1,4,0,0.109872
4277,1982-01-09,6,4,0,0.109842
4278,1982-01-16,8,9,0,0.109812
4279,1982-01-23,7,7,1,0.110054
4280,1982-01-30,1,4,0,0.110024
4281,1982-02-06,1,4,0,0.109995
4282,1982-02-13,4,4,1,0.110236
4283,1982-02-20,1,4,0,0.110206
4284,1982-02-27,7,4,0,0.110176
4285,1982-03-06,8,4,0,0.110147
4286,1982-03-13,7,7,1,0.110388
4287,1982-03-20,6,4,0,0.110358
4288,1982-03-27,5,9,0,0.110328
4289,1982-04-03,1,6,0,0.110298
4290,1982-04-10,8,4,0,0.110268
4291,1982-04-17,5,7,0,0.110238
4292,1982-04-24,3,6,0,0.110209
4293,1982-05-01,9,5,0,0.110179
4294,1982-05-08,9,9,1,0.110419
4295,1982-05-15,3,9,0,0.11039
4296,1982-05-22,6,5,0,0.11036
4297,1982-05-29,5,9,0,0.11033
4298,1982-06-05,7,6,0,0.1103
4299,1982-06-12,3,4,0,0.11027
4300,1982-06-19,4,5,0,0.11024
4301,1982-06-26,2,4,0,0.110211
4302,1982-07-03,1,1,1,0.110451
4303,1982-07-10,7,4,0,0.110421
4304,1982-07-17,9,4,0,0.110391
4305,1982-07-24,1,9,0,0.110362
4306,1982-07-31,6,4,0,0.110332
4307,1982-08-07,7,9,0,0.110302
4308,1982-08-14,6,4,0,0.110272
4309,1982-08-21,3,9,0,0.110243
4310,1982-08-28,4,5,0,0.110213
4311,1982-09-04,4,4,1,0.110453
4312,1982-09-11,5,4,0,0.110423
4313,1982-09-18,3,6,0,0.110393
4314,1982-09-25,6,5,0,0.110363
4315,1982-10-02,3,9,0,0.110334
4316,1982-10-09,3,5,0,0.110304
4317,1982-10-16,6,5,0,0.110274
4318,1982-10-23,8,9,0,0.110245
4319,1982-10-30,3,7,0,0.110215
4320,1982-11-06,6,5,0,0.110185
4321,1982-11-13,8,9,0,0.110156
4322,1982-11-20,5,7,0,0.110126
4323,1982-11-27,2,6,0,0.110097
4324,1982-12-04,9,1,0,0.110067
4325,1982-12-11,6,9,0,0.110038
4326,1982-12-18,6,9,0,0.110008
4327,1982-12-25,7,9,0,0.109979
4328,1983-01-01,2,4,0,0.109949
4329,1983-01-08,6,1,0,0.10992
4330,1983-01-15,3,9,0,0.10989
4331,1983-01-22,1,5,0,0.109861
4332,1983-01-29,4,4,1,0.110099
4333,1983-02-05,5,4,0,0.11007
4334,1983-02-12,6,6,1,0.110308
4335,1983-02-19,9,9,1,0.110546
4336,1983-02-26,7,9,0,0.110516
4337,1983-03-05,3,4,0,0.110487
4338,1983-03-12,5,5,1,0.110725
4339,1983-03-19,9,6,0,0.110695
4340,1983-03-26,1,9,0,0.110666
4341,1983-04-02,7,4,0,0.110636
4342,1983-04-09,2,4,0,0.110606
4343,1983-04-16,7,1,0,0.110577
4344,1983-04-23,4,4,1,0.110814
4345,1983-04-30,9,4,0,0.110785
4346,1983-05-07,8,9,0,0.110755
4347,1983-05-14,1,7,0,0.110726
4348,1983-05-21,4,4,1,0.110963
4349,1983-05-28,2,4,0,0.110933
4350,1983-06-04,7,1,0,0.110904
4351,1983-06-11,3,4,0,0.110874
4352,1983-06-18,2,5,0,0.110845
4353,1983-06-25,8,1,0,0.110815
4354,1983-07-02,8,7,0,0.110786
4355,1983-07-09,6,7,0,0.110756
4356,1983-07-16,7,9,0,0.110727
4357,1983-07-23,1,4,0,0.110697
4358,1983-07-30,4,4,1,0.110934
4359,1983-08-06,6,4,0,0.110904
4360,1983-08-13,8,9,0,0.110875
4361,1983-08-20,7,7,1,0.111111
4362,1983-08-27,9,4,0,0.111082
4363,1983-09-03,4,9,0,0.111052
4364,1983-09-10,7,4,0,0.111023
4365,1983-09-17,3,4,0,0.110993
4366,1983-09-24,6,5,0,0.110964
4367,1983-10-01,1,9,0,0.110934
4368,1983-10-08,1,4,0,0.110905
4369,1983-10-15,8,4,0,0.110875
4370,1983-10-22,2,7,0,0.110846
4371,1983-10-29,8,1,0,0.110817
4372,1983-11-05,4,7,0,0.110787
4373,1983-11-12,1,4,0,0.110758
4374,1983-11-19,9,4,0,0.110728
4375,1983-11-26,9,9,1,0.110964
4376,1983-12-03,4,9,0,0.110935
4377,1983-12-10,3,4,0,0.110905
4378,1983-12-17,4,5,0,0.110876
4379,1983-12-24,2,4,0,0.110847
4380,1983-12-31,3,1,0,0.110817
4381,1984-01-07,3,5,0,0.110788
4382,1984-01-14,7,5,0,0.110759
4383,1984-01-21,1,4,0,0.110729
4384,1984-01-28,8,4,0,0.1107
4385,1984-02-04,3,7,0,0.110671
4386,1984-02-11,6,5,0,0.110642
4387,1984-02-18,3,9,0,0.110612
4388,1984-02-25,7,5,0,0.110583
4389,1984-03-03,3,4,0,0.110554
4390,1984-03-10,7,5,0,0.110525
4391,1984-03-17,7,4,0,0.110496
4392,1984-03-24,7,4,0,0.110467
4393,1984-03-31,1,4,0,0.110438
4394,1984-04-07,8,4,0,0.110408
4395,1984-04-14,1,7,0,0.110379
4396,1984-04-21,1,4,0,0.11035
4397,1984-04-28,1,4,0,0.110321
4398,1984-05-05,2,4,0,0.110292
4399,1984-05-12,4,1,0,0.110263
4400,1984-05-19,5,4,0,0.110234
4401,1984-05-26,8,6,0,0.110205
4402,1984-06-02,8,7,0,0.110176
4403,1984-06-09,3,7,0,0.110147
4404,1984-06-16,6,5,0,0.110118
4405,1984-06-23,8,9,0,0.110089
4406,1984-06-30,2,7,0,0.11006
4407,1984-07-07,6,1,0,0.110032
4408,1984-07-14,1,9,0,0.110003
4409,1984-07-21,4,4,1,0.110236
4410,1984-07-28,8,4,0,0.110207
4411,1984-08-04,2,7,0,0.110178
4412,1984-08-11,9,1,0,0.110149
4413,1984-08-18,7,9,0,0.110121
4414,1984-08-25,3,4,0,0.110092
4415,1984-09-01,1,5,0,0.110063
4416,1984-09-08,8,4,0,0.110034
4417,1984-09-15,2,7,0,0.110005
4418,1984-09-22,9,1,0,0.109976
4419,1984-09-29,8,9,0,0.109948
4420,1984-10-06,4,7,0,0.109919
4421,1984-10-13,3,4,0,0.10989
4422,1984-10-20,7,5,0,0.109861
4423,1984-10-27,1,4,0,0.109833
4424,1984-11-03,7,4,0,0.109804
4425,1984-11-10,9,4,0,0.109775
4426,1984-11-17,6,9,0,0.109747
4427,1984-11-24,3,9,0,0.109718
4428,1984-12-01,7,5,0,0.109689
4429,1984-12-08,1,4,0,0.109661
4430,1984-12-15,4,4,1,0.109893
4431,1984-12-22,3,4,0,0.109864
4432,1984-12-29,1,5,0,0.109836
4433,1985-01-05,6,4,0,0.109807
4434,1985-01-12,6,9,0,0.109778
4435,1985-01-19,1,9,0,0.10975
4436,1985-01-26,9,4,0,0.109721
4437,1985-02-02,5,9,0,0.109693
4438,1985-02-09,3,6,0,0.109664
4439,1985-02-16,7,5,0,0.109635
4440,1985-02-23,4,4,1,0.109867
4441,1985-03-02,3,4,0,0.109839
4442,1985-03-09,1,5,0,0.10981
4443,1985-03-16,5,4,0,0.109781
4444,1985-03-23,8,6,0,0.109753
4445,1985-03-30,8,7,0,0.109724
4446,1985-04-06,1,7,0,0.109696
4447,1985-04-13,8,4,0,0.109667
4448,1985-04-20,1,7,0,0.109639
4449,1985-04-27,4,4,1,0.10987
4450,1985-05-04,6,4,0,0.109842
4451,1985-05-11,5,9,0,0.109813
4452,1985-05-18,8,6,0,0.109785
4453,1985-05-25,2,7,0,0.109756
4454,1985-06-01,7,1,0,0.109728
4455,1985-06-08,9,4,0,0.109699
4456,1985-06-15,7,9,0,0.109671
4457,1985-06-22,6,4,0,0.109642
4458,1985-06-29,1,9,0,0.109614
4459,1985-07-06,9,4,0,0.109585
4460,1985-07-13,2,9,0,0.109557
4461,1985-07-20,5,1,0,0.109529
4462,1985-07-27,7,6,0,0.1095
4463,1985-08-03,9,4,0,0.109472
4464,1985-08-10,6,9,0,0.109444
4465,1985-08-17,4,9,0,0.109415
4466,1985-08-24,4,4,1,0.109646
4467,1985-08-31,5,4,0,0.109617
4468,1985-09-07,3,6,0,0.109589
4469,1985-09-14,2,5,0,0.109561
4470,1985-09-21,1,1,1,0.109791
4471,1985-09-28,3,4,0,0.109762
4472,1985-10-05,3,5,0,0.109734
4473,1985-10-12,8,5,0,0.109706
4474,1985-10-19,5,7,0,0.109677
4475,1985-10-26,9,6,0,0.109649
4476,1985-11-02,4,9,0,0.109621
4477,1985-11-09,8,4,0,0.109593
4478,1985-11-16,5,7,0,0.109564
4479,1985-11-23,5,9,0,0.109536
4480,1985-11-30,3,9,0,0.109508
4481,1985-12-07,8,5,0,0.10948
4482,1985-12-14,9,7,0,0.109451
4483,1985-12-21,4,9,0,0.109423
4484,1985-12-28,2,4,0,0.109395
4485,1986-01-04,3,1,0,0.109367
4486,1986-01-11,9,5,0,0.109339
4487,1986-01-18,8,9,0,0.109311
4488,1986-01-25,9,7,0,0.109283
4489,1986-02-01,5,9,0,0.109254
4490,1986-02-08,2,9,0,0.109226
4491,1986-02-15,4,1,0,0.109198
4492,1986-02-22,1,4,0,0.10917
4493,1986-03-01,3,4,0,0.109142
4494,1986-03-08,2,5,0,0.109114
4495,1986-03-15,2,1,0,0.109086
4496,1986-03-22,8,1,0,0.109058
4497,1986-03-29,2,7,0,0.10903
4498,1986-04-05,8,1,0,0.109002
4499,1986-04-12,7,7,1,0.109231
4500,1986-04-19,6,4,0,0.109203
4501,1986-04-26,7,9,0,0.109175
4502,1986-05-03,3,4,0,0.109147
4503,1986-05-10,4,5,0,0.109119
4504,1986-05-17,6,4,0,0.109091
4505,1986-05-24,2,9,0,0.109063
4506,1986-05-31,5,1,0,0.109035
4507,1986-06-07,7,9,0,0.109007
4508,1986-06-14,6,4,0,0.108979
4509,1986-06-21,8,9,0,0.108951
4510,1986-06-28,8,7,0,0.108924
4511,1986-07-05,1,7,0,0.108896
4512,1986-07-12,4,4,1,0.109123
4513,1986-07-19,1,4,0,0.109096
4514,1986-07-26,1,4,0,0.109068
4515,1986-08-02,8,4,0,0.10904
4516,1986-08-09,5,7,0,0.109012
4517,1986-08-16,5,9,0,0.108984
4518,1986-08-23,4,9,0,0.108956
4519,1986-08-30,8,1,0,0.108929
4520,1986-09-06,4,7,0,0.108901
4521,1986-09-13,7,1,0,0.108873
4522,1986-09-20,4,6,0,0.108845
4523,1986-09-27,2,1,0,0.108818
4524,1986-10-04,1,1,1,0.109045
4525,1986-10-11,5,4,0,0.109017
4526,1986-10-18,3,9,0,0.108989
4527,1986-10-25,9,5,0,0.108961
4528,1986-11-01,8,9,0,0.108934
4529,1986-11-08,2,7,0,0.108906
4530,1986-11-15,1,1,1,0.109133
4531,1986-11-22,7,4,0,0.109105
4532,1986-11-29,6,4,0,0.109077
4533,1986-12-06,8,9,0,0.109049
4534,1986-12-13,5,7,0,0.109022
4535,1986-12-20,2,9,0,0.108994
4536,1986-12-27,3,1,0,0.108966
4537,1987-01-03,3,5,0,0.108939
4538,1987-01-10,7,5,0,0.108911
4539,1987-01-17,7,6,0,0.108883
4540,1987-01-24,1,6,0,0.108856
4541,1987-01-31,5,4,0,0.108828
4542,1987-02-07,2,9,0,0.1088
4543,1987-02-14,3,1,0,0.108773
4544,1987-02-21,1,5,0,0.108745
4545,1987-02-28,2,4,0,0.108718
4546,1987-03-07,8,1,0,0.10869
4547,1987-03-14,9,7,0,0.108663
4548,1987-03-21,4,9,0,0.108635
4549,1987-03-28,9,1,0,0.108608
4550,1987-04-04,1,9,0,0.10858
4551,1987-04-11,8,4,0,0.108553
4552,1987-04-18,1,7,0,0.108525
4553,1987-04-25,6,4,0,0.108498
4554,1987-05-02,4,9,0,0.10847
4555,1987-05-09,3,1,0,0.108443
4556,1987-05-16,6,5,0,0.108415
4557,1987-05-23,6,9,0,0.108388
4558,1987-05-30,1,9,0,0.108361
4559,1987-06-06,4,4,1,0.108586
4560,1987-06-13,6,1,0,0.108558
4561,1987-06-20,4,9,0,0.108531
4562,1987-06-27,6,1,0,0.108504
4563,1987-07-04,8,9,0,0.108476
4564,1987-07-11,8,7,0,0.108449
4565,1987-07-18,5,7,0,0.108422
4566,1987-07-25,8,9,0,0.108394
4567,1987-08-01,9,7,0,0.108367
4568,1987-08-08,3,9,0,0.10834
4569,1987-08-15,8,5,0,0.108312
4570,1987-08-22,8,7,0,0.108285
4571,1987-08-29,7,7,1,0.10851
4572,1987-09-05,1,6,0,0.108482
4573,1987-09-12,2,4,0,0.108455
4574,1987-09-19,7,1,0,0.108428
4575,1987-09-26,1,6,0,0.1084
4576,1987-10-03,4,4,1,0.108625
4577,1987-10-10,2,1,0,0.108597
4578,1987-10-17,5,1,0,0.10857
4579,1987-10-24,9,9,1,0.108794
4580,1987-10-31,7,9,0,0.108767
4581,1987-11-07,5,6,0,0.108739
4582,1987-11-14,3,9,0,0.108712
4583,1987-11-21,3,5,0,0.108685
4584,1987-11-28,5,5,1,0.108908
4585,1987-12-05,9,9,1,0.109132
4586,1987-12-12,5,7,0,0.109105
4587,1987-12-19,7,9,0,0.109077
4588,1987-12-26,7,6,0,0.10905
4589,1988-01-02,8,6,0,0.109023
4590,1988-01-09,1,7,0,0.108995
4591,1988-01-16,6,4,0,0.108968
4592,1988-01-23,7,9,0,0.108941
4593,1988-01-30,4,6,0,0.108913
4594,1988-02-06,4,1,0,0.108886
4595,1988-02-13,6,4,0,0.108859
4596,1988-02-20,9,9,1,0.109082
4597,1988-02-27,6,7,0,0.109055
4598,1988-03-05,1,9,0,0.109027
4599,1988-03-12,7,4,0,0.109
4600,1988-03-19,6,4,0,0.108973
4601,1988-03-26,5,9,0,0.108946
4602,1988-04-02,1,9,0,0.108918
4603,1988-04-09,3,4,0,0.108891
4604,1988-04-16,2,5,0,0.108864
4605,1988-04-23,6,1,0,0.108837
4606,1988-04-30,8,9,0,0.10881
4607,1988-05-07,9,7,0,0.108782
4608,1988-05-14,4,7,0,0.108755
4609,1988-05-21,7,4,0,0.108728
4610,1988-05-28,2,6,0,0.108701
4611,1988-06-04,4,1,0,0.108674
4612,1988-06-11,5,4,0,0.108647
4613,1988-06-18,5,9,0,0.10862
4614,1988-06-25,3,9,0,0.108593
4615,1988-07-02,1,5,0,0.108566
4616,1988-07-09,1,4,0,0.108539
4617,1988-07-16,7,4,0,0.108512
4618,1988-07-23,4,6,0,0.108485
4619,1988-07-30,6,4,0,0.108458
4620,1988-08-06,1,9,0,0.108431
4621,1988-08-13,6,4,0,0.108404
4622,1988-08-20,6,9,0,0.108377
4623,1988-08-27,1,9,0,0.10835
4624,1988-09-03,4,4,1,0.108571
4625,1988-09-10,4,4,1,0.108793
4626,1988-09-17,6,4,0,0.108766
4627,1988-09-24,9,9,1,0.108987
4628,1988-10-01,3,7,0,0.10896
4629,1988-10-08,9,5,0,0.108933
4630,1988-10-15,8,7,0,0.108906
4631,1988-10-22,4,7,0,0.108879
4632,1988-10-29,7,4,0,0.108852
4633,1988-11-05,8,4,0,0.108825
4634,1988-11-12,3,7,0,0.108798
4635,1988-11-19,8,5,0,0.108771
4636,1988-11-26,5,7,0,0.108744
4637,1988-12-03,4,9,0,0.108717
4638,1988-12-10,2,4,0,0.10869
4639,1988-12-17,4,1,0,0.108663
4640,1988-12-24,5,4,0,0.108636
4641,1988-12-31,9,9,1,0.108857
4642,1989-01-07,8,7,0,0.10883
4643,1989-01-14,4,7,0,0.108803
4644,1989-01-21,3,4,0,0.108776
4645,1989-01-28,1,5,0,0.108749
4646,1989-02-04,5,4,0,0.108723
4647,1989-02-11,2,9,0,0.108696
4648,1989-02-18,2,1,0,0.108669
4649,1989-02-25,8,1,0,0.108642
4650,1989-03-04,1,7,0,0.108615
4651,1989-03-11,7,4,0,0.108588
4652,1989-03-18,7,4,0,0.108562
4653,1989-03-25,4,4,1,0.108781
4654,1989-04-01,3,4,0,0.108755
4655,1989-04-08,5,5,1,0.108974
4656,1989-04-15,4,9,0,0.108947
4657,1989-04-22,2,4,0,0.108921
4658,1989-04-29,2,1,0,0.108894
4659,1989-05-06,8,1,0,0.108867
4660,1989-05-13,4,7,0,0.10884
4661,1989-05-20,4,4,1,0.10906
4662,1989-05-27,6,4,0,0.109033
4663,1989-06-03,7,9,0,0.109006
4664,1989-06-10,8,4,0,0.108979
4665,1989-06-17,1,7,0,0.108952
4666,1989-06-24,2,4,0,0.108925
4667,1989-07-01,5,1,0,0.108899
4668,1989-07-08,9,9,1,0.109118
4669,1989-07-15,3,7,0,0.109091
4670,1989-07-22,8,5,0,0.109064
4671,1989-07-29,7,7,1,0.109283
4672,1989-08-05,8,4,0,0.109256
4673,1989-08-12,6,7,0,0.109229
4674,1989-08-19,4,9,0,0.109202
4675,1989-08-26,6,4,0,0.109176
4676,1989-09-02,4,9,0,0.109149
4677,1989-09-09,5,4,0,0.109122
4678,1989-09-16,1,9,0,0.109095
4679,1989-09-23,3,4,0,0.109069
4680,1989-09-30,8,5,0,0.109042
4681,1989-10-07,5,7,0,0.109015
4682,1989-10-14,3,9,0,0.108988
4683,1989-10-21,2,5,0,0.108962
4684,1989-10-28,8,1,0,0.108935
4685,1989-11-04,1,7,0,0.108908
4686,1989-11-11,8,4,0,0.108882
4687,1989-11-18,3,7,0,0.108855
4688,1989-11-25,1,5,0,0.108829
4689,1989-12-02,6,4,0,0.108802
4690,1989-12-09,9,9,1,0.10902
4691,1989-12-16,8,7,0,0.108993
4692,1989-12-23,9,7,0,0.108967
4693,1989-12-30,9,7,0,0.10894
4694,1990-01-06,6,9,0,0.108913
4695,1990-01-13,2,9,0,0.108887
4696,1990-01-20,6,1,0,0.10886
4697,1990-01-27,6,9,0,0.108834
4698,1990-02-03,5,9,0,0.108807
4699,1990-02-10,3,9,0,0.10878
4700,1990-02-17,5,5,1,0.108998
4701,1990-02-24,2,9,0,0.108971
4702,1990-03-03,2,1,0,0.108945
4703,1990-03-10,5,1,0,0.108918
4704,1990-03-17,3,9,0,0.108892
4705,1990-03-24,2,5,0,0.108865
4706,1990-03-31,8,1,0,0.108839
4707,1990-04-07,5,7,0,0.108812
4708,1990-04-14,8,9,0,0.108786
4709,1990-04-21,8,7,0,0.108759
4710,1990-04-28,5,7,0,0.108733
4711,1990-05-05,1,9,0,0.108706
4712,1990-05-12,9,4,0,0.10868
4713,1990-05-19,3,9,0,0.108653
4714,1990-05-26,7,5,0,0.108627
4715,1990-06-02,7,4,0,0.108601
4716,1990-06-09,7,4,0,0.108574
4717,1990-06-16,4,4,1,0.108791
4718,1990-06-23,1,4,0,0.108764
4719,1990-06-30,6,4,0,0.108738
4720,1990-07-07,8,9,0,0.108711
4721,1990-07-14,3,7,0,0.108685
4722,1990-07-21,8,5,0,0.108659
4723,1990-07-28,2,7,0,0.108632
4724,1990-08-04,5,1,0,0.108606
4725,1990-08-11,6,9,0,0.10858
4726,1990-08-18,1,9,0,0.108553
4727,1990-08-25,9,4,0,0.108527
4728,1990-09-01,9,9,1,0.108743
4729,1990-09-08,3,9,0,0.108717
4730,1990-09-15,3,5,0,0.10869
4731,1990-09-22,7,5,0,0.108664
4732,1990-09-29,4,4,1,0.10888
4733,1990-10-06,3,4,0,0.108853
4734,1990-10-13,8,5,0,0.108827
4735,1990-10-20,1,7,0,0.108801
4736,1990-10-27,7,4,0,0.108774
4737,1990-11-03,3,4,0,0.108748
4738,1990-11-10,5,5,1,0.108964
4739,1990-11-17,5,9,0,0.108937
4740,1990-11-24,3,9,0,0.108911
4741,1990-12-01,8,5,0,0.108885
4742,1990-12-08,3,7,0,0.108858
4743,1990-12-15,8,5,0,0.108832
4744,1990-12-22,4,7,0,0.108806
4745,1990-12-29,3,4,0,0.10878
4746,1991-01-05,9,5,0,0.108753
4747,1991-01-12,2,9,0,0.108727
4748,1991-01-19,3,1,0,0.108701
4749,1991-01-26,1,5,0,0.108675
4750,1991-02-02,5,4,0,0.108649
4751,1991-02-09,8,9,0,0.108622
4752,1991-02-16,7,7,1,0.108837
4753,1991-02-23,5,4,0,0.108811
4754,1991-03-02,6,9,0,0.108785
4755,1991-03-09,9,9,1,0.108999
4756,1991-03-16,2,9,0,0.108973
4757,1991-03-23,9,1,0,0.108947
4758,1991-03-30,8,9,0,0.10892
4759,1991-04-06,7,7,1,0.109135
4760,1991-04-13,4,4,1,0.109349
4761,1991-04-20,7,4,0,0.109322
4762,1991-04-27,9,4,0,0.109296
4763,1991-05-04,2,9,0,0.10927
4764,1991-05-11,6,1,0,0.109244
4765,1991-05-18,8,9,0,0.109217
4766,1991-05-25,6,7,0,0.109191
4767,1991-06-01,2,9,0,0.109165
4768,1991-06-08,3,1,0,0.109139
4769,1991-06-15,5,5,1,0.109353
4770,1991-06-22,6,9,0,0.109326
4771,1991-06-29,1,9,0,0.1093
4772,1991-07-06,7,4,0,0.109274
4773,1991-07-13,9,4,0,0.109248
4774,1991-07-20,8,9,0,0.109222
4775,1991-07-27,6,7,0,0.109195
4776,1991-08-03,9,9,1,0.109409
4777,1991-08-10,6,9,0,0.109382
4778,1991-08-17,3,9,0,0.109356
4779,1991-08-24,2,5,0,0.10933
4780,1991-08-31,1,1,1,0.109543
4781,1991-09-07,8,4,0,0.109517
4782,1991-09-14,5,7,0,0.109491
4783,1991-09-21,8,9,0,0.109465
4784,1991-09-28,6,7,0,0.109438
4785,1991-10-05,8,9,0,0.109412
4786,1991-10-12,6,7,0,0.109386
4787,1991-10-19,7,9,0,0.10936
4788,1991-10-26,1,4,0,0.109334
4789,1991-11-02,2,4,0,0.109308
4790,1991-11-09,5,1,0,0.109282
4791,1991-11-16,2,9,0,0.109256
4792,1991-11-23,7,1,0,0.10923
4793,1991-11-30,8,4,0,0.109204
4794,1991-12-07,5,7,0,0.109178
4795,1991-12-14,2,9,0,0.109152
4796,1991-12-21,5,1,0,0.109126
4797,1991-12-28,3,9,0,0.1091
4798,1992-01-04,4,5,0,0.109074
4799,1992-01-11,7,4,0,0.109048
4800,1992-01-18,3,4,0,0.109022
4801,1992-01-25,4,5,0,0.108996
4802,1992-02-01,2,7,0,0.10897
4803,1992-02-08,8,1,0,0.108944
4804,1992-02-15,3,7,0,0.108918
4805,1992-02-22,9,5,0,0.108892
4806,1992-02-29,9,9,1,0.109104
4807,1992-03-08,6,9,0,0.109078
4808,1992-03-14,3,9,0,0.109052
4809,1992-03-21,6,5,0,0.109026
4810,1992-03-28,5,9,0,0.109
4811,1992-04-04,5,9,0,0.108974
4812,1992-04-11,9,9,1,0.109186
4813,1992-04-18,5,9,0,0.10916
4814,1992-04-25,4,9,0,0.109134
4815,1992-05-02,4,7,0,0.109108
4816,1992-05-09,5,4,0,0.109082
4817,1992-05-16,2,9,0,0.109056
4818,1992-05-23,4,1,0,0.109031
4819,1992-05-30,4,4,1,0.109242
4820,1992-06-06,1,4,0,0.109216
4821,1992-06-13,2,4,0,0.10919
4822,1992-06-20,8,1,0,0.109164
4823,1992-06-27,7,7,1,0.109375
4824,1992-07-04,4,4,1,0.109586
4825,1992-07-11,4,4,1,0.109796
4826,1992-07-18,7,4,0,0.109771
4827,1992-07-25,8,4,0,0.109745
4828,1992-08-01,1,7,0,0.109719
4829,1992-08-08,7,4,0,0.109693
4830,1992-08-15,3,4,0,0.109667
4831,1992-08-22,9,5,0,0.109641
4832,1992-08-29,5,9,0,0.109615
4833,1992-09-05,4,9,0,0.109589
4834,1992-09-12,3,4,0,0.109563
4835,1992-09-19,4,5,0,0.109537
4836,1992-09-26,8,4,0,0.109511
4837,1992-10-03,1,7,0,0.109486
4838,1992-10-10,8,4,0,0.10946
4839,1992-10-17,6,7,0,0.109434
4840,1992-10-24,1,9,0,0.109408
4841,1992-10-31,3,4,0,0.109382
4842,1992-11-07,7,5,0,0.109357
4843,1992-11-14,3,4,0,0.109331
4844,1992-11-21,6,5,0,0.109305
4845,1992-11-28,6,9,0,0.109279
4846,1992-12-05,1,9,0,0.109254
4847,1992-12-12,7,4,0,0.109228
4848,1992-12-19,8,4,0,0.109202
4849,1992-12-26,3,7,0,0.109176
4850,1993-01-02,4,5,0,0.109151
4851,1993-01-09,6,4,0,0.109125
4852,1993-01-16,1,9,0,0.109099
4853,1993-01-23,6,4,0,0.109074
4854,1993-01-30,1,9,0,0.109048
4855,1993-02-06,2,4,0,0.109023
4856,1993-02-13,2,8,0,0.108997
4857,1993-02-20,3,8,0,0.108971
4858,1993-02-27,2,5,0,0.108946
4859,1993-03-06,7,8,0,0.10892
4860,1993-03-13,5,4,0,0.108895
4861,1993-03-20,8,9,0,0.108869
4862,1993-03-27,8,7,0,0.108844
4863,1993-04-03,2,7,0,0.108818
4864,1993-04-10,6,8,0,0.108792
4865,1993-04-17,2,9,0,0.108767
4866,1993-04-24,6,8,0,0.108742
4867,1993-05-03,6,9,0,0.108716
4868,1993-05-08,9,9,1,0.108925
4869,1993-05-15,8,9,0,0.108899
4870,1993-05-22,5,7,0,0.108874
4871,1993-05-29,9,9,1,0.109082
4872,1993-06-05,1,9,0,0.109057
4873,1993-06-12,2,4,0,0.109031
4874,1993-06-19,2,8,0,0.109006
4875,1993-06-26,6,8,0,0.10898
4876,1993-07-03,3,9,0,0.108955
4877,1993-07-10,5,5,1,0.109163
4878,1993-07-17,3,9,0,0.109138
4879,1993-07-24,8,5,0,0.109112
4880,1993-07-31,8,7,0,0.109087
4881,1993-08-07,8,7,0,0.109061
4882,1993-08-14,3,7,0,0.109036
4883,1993-08-21,4,5,0,0.10901
4884,1993-08-28,8,4,0,0.108985
4885,1993-09-04,9,7,0,0.108959
4886,1993-09-11,1,9,0,0.108934
4887,1993-09-18,9,4,0,0.108909
4888,1993-09-25,2,9,0,0.108883
4889,1993-10-02,8,8,1,0.109091
4890,1993-10-09,4,7,0,0.109065
4891,1993-10-16,1,4,0,0.10904
4892,1993-10-23,5,4,0,0.109015
4893,1993-10-30,7,9,0,0.108989
4894,1993-11-06,1,4,0,0.108964
4895,1993-11-13,4,4,1,0.109171
4896,1993-11-20,5,4,0,0.109146
4897,1993-11-27,9,9,1,0.109353
4898,1993-12-04,9,9,1,0.10956
4899,1993-12-11,7,9,0,0.109535
4900,1993-12-18,7,4,0,0.109509
4901,1993-12-27,6,4,0,0.109484
4902,1994-01-03,8,9,0,0.109459
4903,1994-01-08,2,7,0,0.109433
4904,1994-01-15,1,8,0,0.109408
4905,1994-01-22,2,4,0,0.109382
4906,1994-01-29,8,8,1,0.109589
4907,1994-02-05,7,7,1,0.109796
4908,1994-02-12,6,4,0,0.10977
4909,1994-02-19,4,9,0,0.109745
4910,1994-02-26,5,4,0,0.109719
4911,1994-03-05,7,9,0,0.109694
4912,1994-03-12,4,4,1,0.1099
4913,1994-03-19,7,4,0,0.109875
4914,1994-03-26,5,4,0,0.109849
4915,1994-04-02,7,9,0,0.109824
4916,1994-04-09,3,4,0,0.109798
4917,1994-04-16,1,5,0,0.109773
4918,1994-04-23,9,4,0,0.109748
4919,1994-04-30,4,9,0,0.109722
4920,1994-05-07,1,4,0,0.109697
4921,1994-05-14,4,4,1,0.109903
4922,1994-05-21,8,4,0,0.109877
4923,1994-05-28,7,7,1,0.110083
4924,1994-06-04,8,4,0,0.110058
4925,1994-06-11,2,7,0,0.110032
4926,1994-06-18,3,8,0,0.110007
4927,1994-06-25,9,5,0,0.109982
4928,1994-07-02,1,9,0,0.109956
4929,1994-07-09,7,4,0,0.109931
4930,1994-07-16,1,4,0,0.109905
4931,1994-07-23,9,4,0,0.10988
4932,1994-07-30,7,9,0,0.109855
4933,1994-08-06,7,4,0,0.109829
4934,1994-08-13,9,4,0,0.109804
4935,1994-08-20,3,9,0,0.109779
4936,1994-08-27,1,5,0,0.109753
4937,1994-09-03,5,4,0,0.109728
4938,1994-09-10,7,9,0,0.109703
4939,1994-09-17,3,4,0,0.109677
4940,1994-09-24,9,5,0,0.109652
4941,1994-10-01,7,9,0,0.109627
4942,1994-10-08,8,4,0,0.109602
4943,1994-10-15,8,7,0,0.109576
4944,1994-10-22,9,7,0,0.109551
4945,1994-10-29,8,9,0,0.109526
4946,1994-11-05,8,7,0,0.109501
4947,1994-11-12,7,7,1,0.109706
4948,1994-11-19,1,4,0,0.10968
4949,1994-11-26,8,4,0,0.109655
4950,1994-12-03,9,7,0,0.10963
4951,1994-12-10,1,9,0,0.109605
4952,1994-12-17,7,4,0,0.10958
4953,1994-12-24,1,4,0,0.109554
4954,1994-12-31,1,4,0,0.109529
4955,1995-01-07,9,4,0,0.109504
4956,1995-01-14,5,9,0,0.109479
4957,1995-01-21,7,9,0,0.109454
4958,1995-01-28,9,4,0,0.109429
4959,1995-02-04,4,9,0,0.109404
4960,1995-02-11,8,4,0,0.109379
4961,1995-02-18,5,7,0,0.109354
4962,1995-02-25,5,9,0,0.109328
4963,1995-03-04,4,9,0,0.109303
4964,1995-03-11,6,4,0,0.109278
4965,1995-03-18,1,9,0,0.109253
4966,1995-03-25,4,4,1,0.109457
4967,1995-04-01,8,4,0,0.109432
4968,1995-04-08,5,7,0,0.109407
4969,1995-04-15,8,9,0,0.109382
4970,1995-04-22,2,7,0,0.109357
4971,1995-04-29,8,8,1,0.109561
4972,1995-05-06,9,7,0,0.109536
4973,1995-05-13,5,9,0,0.109511
4974,1995-05-20,5,9,0,0.109486
4975,1995-05-27,7,9,0,0.109461
4976,1995-06-03,6,4,0,0.109436
4977,1995-06-10,3,9,0,0.109411
4978,1995-06-17,1,5,0,0.109386
4979,1995-06-24,8,4,0,0.109361
4980,1995-07-01,7,7,1,0.109564
4981,1995-07-08,1,4,0,0.109539
4982,1995-07-15,1,4,0,0.109514
4983,1995-07-22,7,4,0,0.109489
4984,1995-07-29,9,4,0,0.109464
4985,1995-08-05,1,9,0,0.109439
4986,1995-08-12,4,4,1,0.109642
4987,1995-08-19,6,4,0,0.109617
4988,1995-08-26,8,9,0,0.109592
4989,1995-09-02,9,7,0,0.109567
4990,1995-09-09,3,9,0,0.109542
4991,1995-09-16,6,5,0,0.109517
4992,1995-09-23,4,9,0,0.109492
4993,1995-09-30,7,4,0,0.109467
4994,1995-10-07,5,4,0,0.109443
4995,1995-10-14,6,9,0,0.109418
4996,1995-10-21,1,9,0,0.109393
4997,1995-10-28,5,4,0,0.109368
4998,1995-11-04,5,9,0,0.109343
4999,1995-11-11,1,9,0,0.109318
5000,1995-11-18,8,4,0,0.109293
5001,1995-11-25,5,7,0,0.109269
5002,1995-12-02,3,9,0,0.109244
5003,1995-12-09,6,5,0,0.109219
5004,1995-12-16,4,9,0,0.109194
5005,1995-12-23,4,7,0,0.109169
5006,1995-12-30,1,4,0,0.109145
5007,1996-01-08,4,4,1,0.109347
5008,1996-01-13,8,4,0,0.109322
5009,1996-01-20,6,7,0,0.109297
5010,1996-01-27,8,9,0,0.109272
5011,1996-02-03,4,7,0,0.109248
5012,1996-02-10,8,4,0,0.109223
5013,1996-02-17,7,7,1,0.109425
5014,1996-02-24,9,4,0,0.1094
5015,1996-03-02,2,9,0,0.109375
5016,1996-03-09,2,8,0,0.10935
5017,1996-03-16,8,8,1,0.109552
5018,1996-03-23,4,7,0,0.109527
5019,1996-03-30,3,4,0,0.109502
5020,1996-04-06,8,5,0,0.109477
5021,1996-04-13,8,7,0,0.109453
5022,1996-04-20,3,7,0,0.109428
5023,1996-04-27,7,5,0,0.109403
5024,1996-05-04,6,4,0,0.109379
5025,1996-05-11,8,9,0,0.109354
5026,1996-05-18,9,7,0,0.109329
5027,1996-05-25,6,9,0,0.109304
5028,1996-06-01,5,9,0,0.10928
5029,1996-06-08,6,9,0,0.109255
5030,1996-06-15,7,9,0,0.10923
5031,1996-06-22,6,4,0,0.109206
5032,1996-06-29,2,9,0,0.109181
5033,1996-07-06,3,8,0,0.109157
5034,1996-07-13,4,5,0,0.109132
5035,1996-07-20,6,4,0,0.109107
5036,1996-07-27,4,9,0,0.109083
5037,1996-08-03,7,4,0,0.109058
5038,1996-08-10,4,4,1,0.109259
5039,1996-08-17,4,7,0,0.109234
5040,1996-08-24,5,4,0,0.10921
5041,1996-08-30,7,9,0,0.109185
5042,1996-09-07,6,4,0,0.10916
5043,1996-09-14,6,9,0,0.109136
5044,1996-09-21,6,9,0,0.109111
5045,1996-09-28,6,9,0,0.109087
5046,1996-10-05,9,9,1,0.109287
5047,1996-10-12,6,9,0,0.109263
5048,1996-10-19,7,9,0,0.109238
5049,1996-10-26,2,4,0,0.109213
5050,1996-11-02,1,8,0,0.109189
5051,1996-11-09,3,4,0,0.109164
5052,1996-11-16,5,5,1,0.109364
5053,1996-11-23,7,9,0,0.10934
5054,1996-11-30,1,4,0,0.109315
5055,1996-12-07,9,4,0,0.109291
5056,1996-12-14,1,9,0,0.109266
5057,1996-12-21,8,4,0,0.109242
5058,1996-12-28,4,7,0,0.109217
5059,1997-01-04,9,4,0,0.109193
5060,1997-01-11,4,9,0,0.109168
5061,1997-01-18,6,4,0,0.109144
5062,1997-01-25,8,9,0,0.109119
5063,1997-02-01,5,7,0,0.109095
5064,1997-02-08,1,9,0,0.109071
5065,1997-02-15,4,4,1,0.10927
5066,1997-02-22,8,4,0,0.109246
5067,1997-03-01,1,7,0,0.109221
5068,1997-03-08,7,4,0,0.109197
5069,1997-03-12,5,4,0,0.109172
5070,1997-03-15,1,9,0,0.109148
5071,1997-03-19,7,4,0,0.109123
5072,1997-03-22,9,4,0,0.109099
5073,1997-03-26,7,9,0,0.109075
5074,1997-03-29,3,4,0,0.10905
5075,1997-04-02,2,5,0,0.109026
5076,1997-04-05,6,8,0,0.109002
5077,1997-04-09,7,9,0,0.108977
5078,1997-04-12,9,4,0,0.108953
5079,1997-04-16,6,7,0,0.108929
5080,1997-04-19,6,9,0,0.108904
5081,1997-04-23,3,9,0,0.10888
5082,1997-04-26,5,5,1,0.109079
5083,1997-04-30,6,9,0,0.109054
5084,1997-05-03,3,9,0,0.10903
5085,1997-05-07,2,5,0,0.109006
5086,1997-05-10,7,8,0,0.108982
5087,1997-05-14,1,4,0,0.108957
5088,1997-05-17,4,4,1,0.109156
5089,1997-05-21,3,4,0,0.109131
5090,1997-05-24,1,5,0,0.109107
5091,1997-05-28,8,4,0,0.109083
5092,1997-05-31,8,7,0,0.109059
5093,1997-06-04,8,7,0,0.109034
5094,1997-06-07,8,7,0,0.10901
5095,1997-06-11,9,7,0,0.108986
5096,1997-06-14,5,6,0,0.108962
5097,1997-06-18,5,9,0,0.108937
5098,1997-06-21,4,9,0,0.108913
5099,1997-06-25,5,4,0,0.108889
5100,1997-06-28,5,9,0,0.108865
5101,1997-07-02,1,9,0,0.108841
5102,1997-07-05,1,4,0,0.108816
5103,1997-07-09,4,4,1,0.109014
5104,1997-07-12,9,4,0,0.10899
5105,1997-07-16,9,6,0,0.108966
5106,1997-07-19,3,9,0,0.108942
5107,1997-07-23,9,5,0,0.108917
5108,1997-07-26,2,9,0,0.108893
5109,1997-07-30,3,8,0,0.108869
5110,1997-08-02,4,5,0,0.108845
5111,1997-08-06,7,4,0,0.108821
5112,1997-08-09,7,4,0,0.108797
5113,1997-08-13,5,4,0,0.108773
5114,1997-08-16,1,9,0,0.108749
5115,1997-08-20,8,4,0,0.108725
5116,1997-08-23,3,7,0,0.1087
5117,1997-08-27,9,5,0,0.108676
5118,1997-08-30,2,9,0,0.108652
5119,1997-09-03,7,8,0,0.108628
5120,1997-09-06,9,4,0,0.108604
5121,1997-09-10,4,9,0,0.10858
5122,1997-09-13,6,7,0,0.108556
5123,1997-09-17,1,9,0,0.108532
5124,1997-09-20,9,4,0,0.108508
5125,1997-09-24,7,9,0,0.108484
5126,1997-09-27,7,4,0,0.10846
5127,1997-10-01,4,4,1,0.108657
5128,1997-10-04,1,7,0,0.108633
5129,1997-10-08,2,4,0,0.108609
5130,1997-10-11,3,8,0,0.108585
5131,1997-10-15,2,5,0,0.108561
5132,1997-10-18,7,8,0,0.108537
5133,1997-10-22,4,4,1,0.108734
5134,1997-10-25,5,7,0,0.10871
5135,1997-10-29,3,9,0,0.108686
5136,1997-11-03,6,5,0,0.108662
5137,1997-11-05,7,9,0,0.108638
5138,1997-11-08,9,4,0,0.108614
5139,1997-11-12,4,7,0,0.10859
5140,1997-11-15,1,7,0,0.108566
5141,1997-11-19,4,4,1,0.108763
5142,1997-11-22,7,7,1,0.108959
5143,1997-11-26,9,4,0,0.108935
5144,1997-11-29,8,7,0,0.108911
5145,1997-12-03,6,7,0,0.108887
5146,1997-12-06,7,9,0,0.108863
5147,1997-12-10,1,4,0,0.108839
5148,1997-12-13,6,4,0,0.108815
5149,1997-12-17,6,9,0,0.108791
5150,1997-12-20,9,9,1,0.108987
5151,1997-12-24,2,7,0,0.108963
5152,1997-12-27,1,8,0,0.108939
5153,1997-12-31,9,4,0,0.108915
5154,1998-01-03,3,7,0,0.108891
5155,1998-01-07,1,5,0,0.108867
5156,1998-01-10,4,4,1,0.109063
5157,1998-01-14,6,7,0,0.109039
5158,1998-01-17,8,9,0,0.109015
5159,1998-01-21,4,7,0,0.108991
5160,1998-01-24,4,7,0,0.108967
5161,1998-01-27,2,7,0,0.108943
5162,1998-01-31,2,8,0,0.10892
5163,1998-02-04,7,8,0,0.108896
5164,1998-02-07,5,4,0,0.108872
5165,1998-02-11,1,9,0,0.108848
5166,1998-02-14,1,4,0,0.108824
5167,1998-02-18,3,4,0,0.1088
5168,1998-02-21,6,5,0,0.108777
5169,1998-02-25,7,9,0,0.108753
5170,1998-02-28,3,4,0,0.108729
5171,1998-03-04,7,5,0,0.108705
5172,1998-03-07,4,4,1,0.1089
5173,1998-03-11,3,7,0,0.108876
5174,1998-03-14,6,5,0,0.108852
5175,1998-03-18,6,9,0,0.108829
5176,1998-03-21,7,9,0,0.108805
5177,1998-03-25,7,4,0,0.108781
5178,1998-03-28,8,4,0,0.108757
5179,1998-04-01,1,7,0,0.108734
5180,1998-04-04,1,4,0,0.10871
5181,1998-04-08,8,4,0,0.108686
5182,1998-04-11,8,7,0,0.108662
5183,1998-04-15,6,7,0,0.108639
5184,1998-04-18,9,9,1,0.108833
5185,1998-04-22,5,7,0,0.108809
5186,1998-04-27,3,9,0,0.108786
5187,1998-04-29,4,5,0,0.108762
5188,1998-05-02,8,7,0,0.108738
5189,1998-05-06,9,7,0,0.108715
5190,1998-05-09,8,7,0,0.108691
5191,1998-05-13,5,7,0,0.108667
5192,1998-05-16,5,9,0,0.108644
5193,1998-05-20,1,9,0,0.10862
5194,1998-05-23,7,4,0,0.108596
5195,1998-05-27,9,4,0,0.108573
5196,1998-05-30,1,7,0,0.108549
5197,1998-06-03,9,4,0,0.108525
5198,1998-06-06,1,7,0,0.108502
5199,1998-06-10,7,4,0,0.108478
5200,1998-06-13,2,4,0,0.108455
5201,1998-06-17,5,8,0,0.108431
5202,1998-06-20,6,9,0,0.108408
5203,1998-06-24,5,9,0,0.108384
5204,1998-06-27,3,9,0,0.10836
5205,1998-07-01,6,5,0,0.108337
5206,1998-07-04,7,9,0,0.108313
5207,1998-07-08,8,4,0,0.10829
5208,1998-07-11,3,7,0,0.108266
5209,1998-07-15,6,5,0,0.108243
5210,1998-07-18,4,9,0,0.108219
5211,1998-07-22,6,7,0,0.108196
5212,1998-07-25,1,9,0,0.108173
5213,1998-07-29,2,4,0,0.108149
5214,1998-08-01,9,8,0,0.108126
5215,1998-08-05,1,7,0,0.108102
5216,1998-08-08,3,4,0,0.108079
5217,1998-08-12,7,5,0,0.108055
5218,1998-08-17,5,4,0,0.108032
5219,1998-08-19,1,9,0,0.108009
5220,1998-08-22,7,4,0,0.107985
5221,1998-08-26,1,4,0,0.107962
5222,1998-08-29,5,4,0,0.107939
5223,1998-09-02,2,9,0,0.107915
5224,1998-09-05,3,8,0,0.107892
5225,1998-09-09,8,5,0,0.107869
5226,1998-09-12,7,7,1,0.108061
5227,1998-09-16,1,4,0,0.108038
5228,1998-09-19,4,4,1,0.108231
5229,1998-09-23,9,7,0,0.108207
5230,1998-09-26,5,7,0,0.108184
5231,1998-09-30,7,9,0,0.108161
5232,1998-10-03,8,4,0,0.108137
5233,1998-10-07,8,7,0,0.108114
5234,1998-10-10,5,7,0,0.108091
5235,1998-10-14,1,9,0,0.108067
5236,1998-10-17,8,4,0,0.108044
5237,1998-10-21,4,7,0,0.108021
5238,1998-10-24,8,7,0,0.107997
5239,1998-10-28,7,7,1,0.10819
5240,1998-10-31,3,4,0,0.108166
5241,1998-11-04,9,5,0,0.108143
5242,1998-11-07,3,7,0,0.10812
5243,1998-11-11,6,5,0,0.108096
5244,1998-11-14,3,9,0,0.108073
5245,1998-11-18,8,5,0,0.10805
5246,1998-11-21,2,7,0,0.108027
5247,1998-11-25,9,8,0,0.108003
5248,1998-11-28,9,7,0,0.10798
5249,1998-12-02,3,9,0,0.107957
5250,1998-12-05,1,5,0,0.107934
5251,1998-12-09,1,4,0,0.107911
5252,1998-12-12,8,4,0,0.107887
5253,1998-12-16,2,7,0,0.107864
5254,1998-12-19,3,8,0,0.107841
5255,1998-12-23,4,1,0,0.107818
5256,1998-12-28,8,7,0,0.107795
5257,1998-12-30,9,7,0,0.107772
5258,1999-01-02,7,9,0,0.107748
5259,1999-01-07,7,4,0,0.107725
5260,1999-01-09,2,4,0,0.107702
5261,1999-01-13,7,3,0,0.107679
5262,1999-01-16,7,4,0,0.107656
5263,1999-01-20,1,4,0,0.107633
5264,1999-01-23,4,4,1,0.107824
5265,1999-01-27,1,7,0,0.107801
5266,1999-01-30,7,4,0,0.107778
5267,1999-02-03,9,4,0,0.107755
5268,1999-02-06,1,7,0,0.107732
5269,1999-02-10,7,4,0,0.107709
5270,1999-02-13,8,4,0,0.107686
5271,1999-02-17,9,7,0,0.107663
5272,1999-02-20,3,7,0,0.10764
5273,1999-02-24,1,1,1,0.107831
5274,1999-02-27,9,4,0,0.107807
5275,1999-03-03,1,7,0,0.107784
5276,1999-03-06,6,4,0,0.107761
5277,1999-03-10,8,9,0,0.107738
5278,1999-03-13,5,7,0,0.107715
5279,1999-03-17,5,9,0,0.107692
5280,1999-03-20,7,9,0,0.107669
5281,1999-03-24,5,4,0,0.107646
5282,1999-03-27,3,9,0,0.107623
5283,1999-03-31,1,1,1,0.107814
5284,1999-04-03,2,4,0,0.107791
5285,1999-04-07,6,3,0,0.107768
5286,1999-04-10,1,9,0,0.107745
5287,1999-04-14,9,4,0,0.107722
5288,1999-04-17,4,7,0,0.107699
5289,1999-04-21,4,7,0,0.107676
5290,1999-04-24,2,4,0,0.107653
5291,1999-04-28,1,3,0,0.10763
5292,1999-05-03,2,4,0,0.107607
5293,1999-05-05,5,3,0,0.107584
5294,1999-05-08,2,3,0,0.107561
5295,1999-05-12,7,3,0,0.107538
5296,1999-05-15,7,4,0,0.107515
5297,1999-05-19,6,4,0,0.107493
5298,1999-05-22,4,9,0,0.10747
5299,1999-05-26,9,4,0,0.107447
5300,1999-05-29,5,7,0,0.107424
5301,1999-06-02,1,3,0,0.107401
5302,1999-06-05,3,4,0,0.107378
5303,1999-06-09,9,1,0,0.107355
5304,1999-06-12,5,7,0,0.107333
5305,1999-06-16,9,3,0,0.10731
5306,1999-06-19,7,7,1,0.107499
5307,1999-06-23,3,4,0,0.107477
5308,1999-06-26,1,1,1,0.107666
5309,1999-06-30,7,4,0,0.107643
5310,1999-07-03,6,4,0,0.10762
5311,1999-07-07,4,9,0,0.107598
5312,1999-07-10,3,4,0,0.107575
5313,1999-07-14,1,1,1,0.107764
5314,1999-07-17,1,4,0,0.107741
5315,1999-07-21,3,4,0,0.107718
5316,1999-07-24,8,1,0,0.107696
5317,1999-07-28,6,7,0,0.107673
5318,1999-07-31,3,9,0,0.10765
5319,1999-08-04,9,1,0,0.107627
5320,1999-08-07,7,7,1,0.107816
5321,1999-08-11,4,4,1,0.108005
5322,1999-08-14,9,4,0,0.107982
5323,1999-08-18,7,7,1,0.108171
5324,1999-08-21,4,4,1,0.10836
5325,1999-08-25,4,4,1,0.108548
5326,1999-08-28,7,4,0,0.108525
5327,1999-09-01,2,4,0,0.108503
5328,1999-09-04,2,3,0,0.10848
5329,1999-09-08,7,3,0,0.108457
5330,1999-09-11,5,4,0,0.108434
5331,1999-09-15,8,9,0,0.108411
5332,1999-09-18,6,7,0,0.108388
5333,1999-09-22,8,9,0,0.108365
5334,1999-09-25,8,7,0,0.108342
5335,1999-09-29,1,7,0,0.108319
5336,1999-10-02,5,4,0,0.108296
5337,1999-10-06,3,9,0,0.108274
5338,1999-10-09,1,1,1,0.108462
5339,1999-10-13,2,4,0,0.108439
5340,1999-10-16,9,3,0,0.108416
5341,1999-10-20,2,7,0,0.108393
5342,1999-10-23,2,3,0,0.10837
5343,1999-10-27,7,3,0,0.108347
5344,1999-10-30,5,4,0,0.108325
5345,1999-11-03,5,3,0,0.108302
5346,1999-11-06,3,3,1,0.10849
5347,1999-11-10,6,1,0,0.108467
5348,1999-11-13,4,9,0,0.108444
5349,1999-11-17,8,4,0,0.108421
5350,1999-11-20,8,7,0,0.108398
5351,1999-11-24,5,7,0,0.108375
5352,1999-11-27,5,3,0,0.108353
5353,1999-12-01,6,3,0,0.10833
5354,1999-12-04,7,9,0,0.108307
5355,1999-12-09,1,4,0,0.108284
5356,1999-12-11,7,4,0,0.108262
5357,1999-12-15,7,4,0,0.108239
5358,1999-12-18,1,4,0,0.108216
5359,1999-12-22,1,4,0,0.108193
5360,1999-12-27,2,4,0,0.108171
5361,1999-12-29,8,3,0,0.108148
5362,2000-01-03,4,7,0,0.108125
5363,2000-01-05,6,4,0,0.108102
5364,2000-01-08,6,9,0,0.10808
5365,2000-01-12,9,9,1,0.108267
5366,2000-01-15,2,7,0,0.108244
5367,2000-01-19,8,8,1,0.108431
5368,2000-01-22,2,7,0,0.108408
5369,2000-01-26,5,8,0,0.108386
5370,2000-01-29,8,3,0,0.108363
5371,2000-02-02,8,7,0,0.10834
5372,2000-02-05,5,7,0,0.108318
5373,2000-02-09,3,3,1,0.108504
5374,2000-02-12,3,1,0,0.108482
5375,2000-02-16,1,1,1,0.108668
5376,2000-02-19,8,4,0,0.108646
5377,2000-02-23,7,7,1,0.108832
5378,2000-02-26,2,4,0,0.108809
5379,2000-03-01,2,8,0,0.108787
5380,2000-03-04,4,8,0,0.108764
5381,2000-03-08,9,4,0,0.108741
5382,2000-03-11,8,7,0,0.108718
5383,2000-03-15,5,7,0,0.108696
5384,2000-03-18,4,3,0,0.108673
5385,2000-03-22,5,4,0,0.10865
5386,2000-03-25,3,3,1,0.108836
5387,2000-03-29,2,1,0,0.108814
5388,2000-04-01,3,8,0,0.108791
5389,2000-04-05,2,1,0,0.108768
5390,2000-04-08,8,8,1,0.108954
5391,2000-04-12,2,7,0,0.108932
5392,2000-04-15,2,8,0,0.108909
5393,2000-04-19,5,8,0,0.108886
5394,2000-04-22,3,3,1,0.109072
5395,2000-04-26,5,1,0,0.109049
5396,2000-04-29,7,3,0,0.109026
5397,2000-05-03,4,4,1,0.109212
5398,2000-05-06,3,4,0,0.109189
5399,2000-05-10,6,1,0,0.109167
5400,2000-05-13,4,9,0,0.109144
5401,2000-05-17,8,4,0,0.109121
5402,2000-05-20,1,7,0,0.109098
5403,2000-05-24,5,4,0,0.109076
5404,2000-05-27,7,3,0,0.109053
5405,2000-05-31,7,4,0,0.10903
5406,2000-06-03,8,4,0,0.109008
5407,2000-06-07,8,7,0,0.108985
5408,2000-06-10,7,7,1,0.10917
5409,2000-06-14,9,4,0,0.109148
5410,2000-06-17,7,7,1,0.109333
5411,2000-06-21,6,4,0,0.10931
5412,2000-06-24,6,9,0,0.109287
5413,2000-06-28,8,9,0,0.109265
5414,2000-07-01,8,7,0,0.109242
5415,2000-07-05,8,7,0,0.109219
5416,2000-07-08,1,7,0,0.109197
5417,2000-07-12,4,4,1,0.109381
5418,2000-07-15,7,4,0,0.109359
5419,2000-07-19,5,4,0,0.109336
5420,2000-07-22,5,3,0,0.109313
5421,2000-07-26,2,3,0,0.109291
5422,2000-07-29,2,8,0,0.109268
5423,2000-08-02,5,8,0,0.109245
5424,2000-08-05,3,3,1,0.10943
5425,2000-08-09,9,1,0,0.109407
5426,2000-08-12,4,7,0,0.109385
5427,2000-08-16,7,7,1,0.109569
5428,2000-08-19,3,4,0,0.109546
5429,2000-08-23,2,1,0,0.109524
5430,2000-08-26,5,8,0,0.109501
5431,2000-08-30,8,3,0,0.109478
5432,2000-09-02,1,7,0,0.109456
5433,2000-09-06,6,4,0,0.109433
5434,2000-09-09,2,9,0,0.109411
5435,2000-09-13,7,8,0,0.109388
5436,2000-09-16,5,4,0,0.109365
5437,2000-09-20,2,3,0,0.109343
5438,2000-09-23,8,8,1,0.109527
5439,2000-09-27,5,7,0,0.109504
5440,2000-09-30,5,3,0,0.109482
5441,2000-10-04,1,3,0,0.109459
5442,2000-10-07,3,4,0,0.109436
5443,2000-10-11,9,1,0,0.109414
5444,2000-10-14,1,7,0,0.109391
5445,2000-10-18,6,4,0,0.109369
5446,2000-10-21,3,9,0,0.109346
5447,2000-10-25,2,1,0,0.109323
5448,2000-10-28,8,8,1,0.109507
5449,2000-11-02,5,7,0,0.109485
5450,2000-11-04,6,3,0,0.109462
5451,2000-11-08,7,9,0,0.109439
5452,2000-11-11,4,4,1,0.109623
5453,2000-11-15,6,7,0,0.1096
5454,2000-11-18,5,9,0,0.109578
5455,2000-11-22,1,3,0,0.109555
5456,2000-11-25,4,4,1,0.109739
5457,2000-11-29,8,7,0,0.109716
5458,2000-12-02,2,7,0,0.109693
5459,2000-12-06,9,8,0,0.109671
5460,2000-12-09,5,7,0,0.109648
5461,2000-12-13,8,3,0,0.109626
5462,2000-12-16,7,7,1,0.109809
5463,2000-12-20,6,4,0,0.109786
5464,2000-12-23,3,9,0,0.109764
5465,2000-12-27,5,1,0,0.109741
5466,2000-12-30,3,3,1,0.109924
5467,2001-01-03,7,1,0,0.109901
5468,2001-01-08,4,4,1,0.110084
5469,2001-01-10,3,7,0,0.110062
5470,2001-01-13,7,1,0,0.110039
5471,2001-01-17,3,4,0,0.110016
5472,2001-01-20,4,1,0,0.109994
5473,2001-01-24,1,7,0,0.109971
5474,2001-01-27,8,4,0,0.109949
5475,2001-01-31,5,7,0,0.109926
5476,2001-02-03,8,3,0,0.109904
5477,2001-02-07,1,7,0,0.109881
5478,2001-02-10,4,4,1,0.110064
5479,2001-02-14,8,7,0,0.110041
5480,2001-02-17,1,7,0,0.110018
5481,2001-02-21,1,4,0,0.109996
5482,2001-02-24,2,4,0,0.109973
5483,2001-02-28,9,8,0,0.109951
5484,2001-03-03,1,7,0,0.109928
5485,2001-03-07,8,4,0,0.109906
5486,2001-03-10,2,7,0,0.109883
5487,2001-03-14,5,8,0,0.109861
5488,2001-03-17,5,3,0,0.109838
5489,2001-03-21,1,3,0,0.109816
5490,2001-03-24,2,4,0,0.109793
5491,2001-03-28,2,8,0,0.109771
5492,2001-03-31,2,8,0,0.109749
5493,2001-04-04,5,8,0,0.109726
5494,2001-04-07,2,3,0,0.109704
5495,2001-04-11,7,8,0,0.109681
5496,2001-04-14,6,4,0,0.109659
5497,2001-04-18,4,9,0,0.109637
5498,2001-04-21,5,7,0,0.109614
5499,2001-04-26,3,3,1,0.109796
5500,2001-04-28,1,1,1,0.109978
5501,2001-05-02,5,4,0,0.109955
5502,2001-05-05,5,3,0,0.109933
5503,2001-05-09,1,3,0,0.10991
5504,2001-05-12,3,4,0,0.109888
5505,2001-05-16,8,1,0,0.109865
5506,2001-05-19,6,7,0,0.109843
5507,2001-05-23,8,9,0,0.109821
5508,2001-05-26,7,7,1,0.110002
5509,2001-05-30,5,4,0,0.10998
5510,2001-06-04,7,3,0,0.109957
5511,2001-06-06,6,4,0,0.109935
5512,2001-06-09,7,8,0,0.109912
5513,2001-06-13,8,4,0,0.10989
5514,2001-06-16,2,7,0,0.109868
5515,2001-06-20,4,8,0,0.109845
5516,2001-06-23,3,7,0,0.109823
5517,2001-06-27,7,1,0,0.109801
5518,2001-06-30,3,4,0,0.109778
5519,2001-07-04,7,1,0,0.109756
5520,2001-07-07,2,4,0,0.109734
5521,2001-07-11,4,8,0,0.109711
5522,2001-07-14,6,7,0,0.109689
5523,2001-07-18,2,7,0,0.109667
5524,2001-07-21,4,8,0,0.109645
5525,2001-07-25,2,7,0,0.109622
5526,2001-07-28,3,8,0,0.1096
5527,2001-08-01,4,1,0,0.109578
5528,2001-08-04,6,7,0,0.109556
5529,2001-08-08,4,7,0,0.109533
5530,2001-08-11,8,6,0,0.109511
5531,2001-08-16,4,7,0,0.109489
5532,2001-08-18,9,6,0,0.109467
5533,2001-08-22,8,7,0,0.109445
5534,2001-08-25,1,7,0,0.109422
5535,2001-08-29,6,4,0,0.1094
5536,2001-09-01,2,7,0,0.109378
5537,2001-09-05,3,8,0,0.109356
5538,2001-09-08,4,1,0,0.109334
5539,2001-09-12,7,6,0,0.109312
5540,2001-09-15,7,4,0,0.10929
5541,2001-09-19,9,4,0,0.109268
5542,2001-09-22,8,7,0,0.109245
5543,2001-09-26,4,7,0,0.109223
5544,2001-09-29,3,7,0,0.109201
5545,2001-10-03,3,1,0,0.109179
5546,2001-10-06,1,1,1,0.109359
5547,2001-10-10,5,4,0,0.109337
5548,2001-10-13,4,3,0,0.109315
5549,2001-10-17,3,7,0,0.109293
5550,2001-10-20,7,1,0,0.109271
5551,2001-10-24,2,4,0,0.109249
5552,2001-10-27,3,8,0,0.109227
5553,2001-10-31,9,1,0,0.109205
5554,2001-11-03,9,7,0,0.109183
5555,2001-11-07,3,7,0,0.109161
5556,2001-11-10,5,1,0,0.109139
5557,2001-11-14,5,3,0,0.109117
5558,2001-11-17,9,3,0,0.109095
5559,2001-11-21,7,7,1,0.109274
5560,2001-11-24,2,4,0,0.109252
5561,2001-11-28,4,8,0,0.10923
5562,2001-12-01,6,7,0,0.109208
5563,2001-12-05,2,7,0,0.109186
5564,2001-12-10,4,8,0,0.109164
5565,2001-12-12,6,6,1,0.109344
5566,2001-12-15,5,7,0,0.109322
5567,2001-12-19,3,3,1,0.109501
5568,2001-12-22,1,1,1,0.10968
5569,2001-12-27,6,4,0,0.109658
5570,2001-12-29,9,7,0,0.109636
5571,2001-12-31,8,7,0,0.109614
5572,2002-01-02,3,7,0,0.109592
5573,2002-01-05,6,1,0,0.10957
5574,2002-01-09,7,9,0,0.109548
5575,2002-01-12,2,4,0,0.109526
5576,2002-01-16,9,8,0,0.109504
5577,2002-01-19,9,7,0,0.109482
5578,2002-01-23,8,7,0,0.10946
5579,2002-01-26,3,7,0,0.109438
5580,2002-01-30,1,1,1,0.109617
5581,2002-02-02,3,4,0,0.109595
5582,2002-02-06,6,1,0,0.109573
5583,2002-02-09,4,7,0,0.109551
5584,2002-02-13,2,6,0,0.109529
5585,2002-02-16,4,8,0,0.109507
5586,2002-02-20,6,6,1,0.109685
5587,2002-02-23,7,7,1,0.109864
5588,2002-02-27,8,4,0,0.109842
5589,2002-03-02,2,7,0,0.10982
5590,2002-03-06,7,8,0,0.109798
5591,2002-03-09,4,4,1,0.109976
5592,2002-03-13,6,6,1,0.110154
5593,2002-03-16,3,7,0,0.110132
5594,2002-03-20,3,1,0,0.11011
5595,2002-03-23,6,1,0,0.110088
5596,2002-03-27,6,7,0,0.110066
5597,2002-03-30,9,7,0,0.110044
5598,2002-04-03,4,7,0,0.110022
5599,2002-04-06,7,6,0,0.11
5600,2002-04-10,2,4,0,0.109978
5601,2002-04-13,9,8,0,0.109956
5602,2002-04-17,1,7,0,0.109934
5603,2002-04-20,2,4,0,0.109912
5604,2002-04-24,9,8,0,0.10989
5605,2002-04-27,2,7,0,0.109868
5606,2002-05-02,3,8,0,0.109846
5607,2002-05-04,1,1,1,0.110024
5608,2002-05-08,7,4,0,0.110002
5609,2002-05-11,5,4,0,0.10998
5610,2002-05-15,5,3,0,0.109958
5611,2002-05-18,1,3,0,0.109936
5612,2002-05-22,2,4,0,0.109914
5613,2002-05-25,9,3,0,0.109892
5614,2002-05-29,9,7,0,0.10987
5615,2002-06-01,3,7,0,0.109848
5616,2002-06-05,8,1,0,0.109827
5617,2002-06-08,8,7,0,0.109805
5618,2002-06-12,7,7,1,0.109982
5619,2002-06-15,8,4,0,0.10996
5620,2002-06-19,9,7,0,0.109938
5621,2002-06-22,8,7,0,0.109916
5622,2002-06-26,4,7,0,0.109894
5623,2002-06-29,7,6,0,0.109873
5624,2002-07-03,4,4,1,0.11005
5625,2002-07-06,4,6,0,0.110028
5626,2002-07-10,8,6,0,0.110006
5627,2002-07-13,3,7,0,0.109984
5628,2002-07-17,5,1,0,0.109962
5629,2002-07-20,7,3,0,0.10994
5630,2002-07-24,1,4,0,0.109919
5631,2002-07-27,1,4,0,0.109897
5632,2002-07-31,7,4,0,0.109875
5633,2002-08-03,6,4,0,0.109853
5634,2002-08-07,9,7,0,0.109831
5635,2002-08-10,7,7,1,0.110008
5636,2002-08-14,8,4,0,0.109986
5637,2002-08-17,8,7,0,0.109964
5638,2002-08-21,5,7,0,0.109942
5639,2002-08-24,6,3,0,0.109921
5640,2002-08-28,4,9,0,0.109899
5641,2002-08-31,5,6,0,0.109877
5642,2002-09-04,8,3,0,0.109855
5643,2002-09-07,5,7,0,0.109833
5644,2002-09-11,4,3,0,0.109812
5645,2002-09-14,3,6,0,0.10979
5646,2002-09-18,7,1,0,0.109768
5647,2002-09-21,2,4,0,0.109746
5648,2002-09-25,1,3,0,0.109725
5649,2002-09-28,4,4,1,0.109901
5650,2002-10-02,1,6,0,0.109879
5651,2002-10-05,2,4,0,0.109857
5652,2002-10-09,9,3,0,0.109836
5653,2002-10-12,9,7,0,0.109814
5654,2002-10-16,7,7,1,0.10999
5655,2002-10-19,6,4,0,0.109968
5656,2002-10-23,3,9,0,0.109947
5657,2002-10-26,4,1,0,0.109925
5658,2002-10-30,3,6,0,0.109903
5659,2002-11-02,2,1,0,0.109881
5660,2002-11-06,5,3,0,0.10986
5661,2002-11-09,4,3,0,0.109838
5662,2002-11-13,7,6,0,0.109816
5663,2002-11-16,9,4,0,0.109795
5664,2002-11-20,1,7,0,0.109773
5665,2002-11-23,2,4,0,0.109751
5666,2002-11-27,6,3,0,0.10973
5667,2002-11-30,7,9,0,0.109708
5668,2002-12-03,4,4,1,0.109884
5669,2002-12-05,4,6,0,0.109862
5670,2002-12-07,5,6,0,0.10984
5671,2002-12-10,2,3,0,0.109819
5672,2002-12-12,8,3,0,0.109797
5673,2002-12-14,5,7,0,0.109775
5674,2002-12-17,2,3,0,0.109754
5675,2002-12-19,9,8,0,0.109732
5676,2002-12-21,5,7,0,0.10971
5677,2002-12-24,2,3,0,0.109689
5678,2002-12-27,4,8,0,0.109667
5679,2002-12-28,6,6,1,0.109843
5680,2002-12-31,9,7,0,0.109821
5681,2003-01-02,4,7,0,0.109799
5682,2003-01-04,8,6,0,0.109778
5683,2003-01-08,2,7,0,0.109756
5684,2003-01-11,5,8,0,0.109735
5685,2003-01-15,8,3,0,0.109713
5686,2003-01-18,1,7,0,0.109691
5687,2003-01-22,7,4,0,0.10967
5688,2003-01-25,1,4,0,0.109648
5689,2003-01-29,1,4,0,0.109627
5690,2003-02-01,5,4,0,0.109605
5691,2003-02-05,6,3,0,0.109584
5692,2003-02-08,8,9,0,0.109562
5693,2003-02-12,7,7,1,0.109737
5694,2003-02-15,2,4,0,0.109715
5695,2003-02-19,2,8,0,0.109694
5696,2003-02-22,2,8,0,0.109672
5697,2003-02-26,2,8,0,0.109651
5698,2003-03-01,2,8,0,0.109629
5699,2003-03-05,7,8,0,0.109608
5700,2003-03-08,9,4,0,0.109586
5701,2003-03-12,2,7,0,0.109565
5702,2003-03-15,1,8,0,0.109543
5703,2003-03-19,6,4,0,0.109522
5704,2003-03-22,3,9,0,0.1095
5705,2003-03-26,6,1,0,0.109479
5706,2003-03-29,5,9,0,0.109458
5707,2003-04-02,1,3,0,0.109436
5708,2003-04-05,3,4,0,0.109415
5709,2003-04-09,6,1,0,0.109393
5710,2003-04-12,3,9,0,0.109372
5711,2003-04-16,9,1,0,0.109351
5712,2003-04-19,7,7,1,0.109525
5713,2003-04-23,5,4,0,0.109503
5714,2003-04-26,2,3,0,0.109482
5715,2003-04-30,8,8,1,0.109656
5716,2003-05-03,6,7,0,0.109635
5717,2003-05-07,4,9,0,0.109613
5718,2003-05-10,8,6,0,0.109592
5719,2003-05-14,8,7,0,0.10957
5720,2003-05-17,6,7,0,0.109549
5721,2003-05-21,9,9,1,0.109723
5722,2003-05-24,1,7,0,0.109701
5723,2003-05-28,7,4,0,0.10968
5724,2003-05-31,6,4,0,0.109659
5725,2003-06-04,2,9,0,0.109637
5726,2003-06-07,5,8,0,0.109616
5727,2003-06-11,8,3,0,0.109594
5728,2003-06-14,5,7,0,0.109573
5729,2003-06-18,9,3,0,0.109552
5730,2003-06-21,8,7,0,0.10953
5731,2003-06-25,5,7,0,0.109509
5732,2003-06-28,6,3,0,0.109488
5733,2003-07-02,8,9,0,0.109466
5734,2003-07-05,6,7,0,0.109445
5735,2003-07-09,1,9,0,0.109424
5736,2003-07-12,9,4,0,0.109402
5737,2003-07-16,4,7,0,0.109381
5738,2003-07-19,1,6,0,0.10936
5739,2003-07-23,1,4,0,0.109339
5740,2003-07-26,2,4,0,0.109317
5741,2003-07-30,7,8,0,0.109296
5742,2003-08-02,8,4,0,0.109275
5743,2003-08-06,6,7,0,0.109253
5744,2003-08-09,2,9,0,0.109232
5745,2003-08-13,3,8,0,0.109211
5746,2003-08-16,2,1,0,0.10919
5747,2003-08-20,5,8,0,0.109169
5748,2003-08-23,8,3,0,0.109147
5749,2003-08-27,9,7,0,0.109126
5750,2003-08-30,9,7,0,0.109105
5751,2003-09-03,5,7,0,0.109084
5752,2003-09-06,6,3,0,0.109063
5753,2003-09-10,4,9,0,0.109042
5754,2003-09-13,2,6,0,0.10902
5755,2003-09-17,3,8,0,0.108999
5756,2003-09-20,3,1,0,0.108978
5757,2003-09-24,9,1,0,0.108957
5758,2003-09-27,4,7,0,0.108936
5759,2003-10-01,6,6,1,0.109109
5760,2003-10-04,3,9,0,0.109087
5761,2003-10-08,4,1,0,0.109066
5762,2003-10-11,5,6,0,0.109045
5763,2003-10-15,3,3,1,0.109218
5764,2003-10-18,6,1,0,0.109197
5765,2003-10-22,1,9,0,0.109175
5766,2003-10-25,8,4,0,0.109154
5767,2003-10-29,6,7,0,0.109133
5768,2003-11-03,9,9,1,0.109305
5769,2003-11-05,9,7,0,0.109284
5770,2003-11-08,7,7,1,0.109457
5771,2003-11-12,5,4,0,0.109435
5772,2003-11-15,2,3,0,0.109414
5773,2003-11-19,8,3,0,0.109393
5774,2003-11-22,2,7,0,0.109372
5775,2003-11-26,7,8,0,0.109351
5776,2003-11-29,1,4,0,0.10933
5777,2003-12-03,7,4,0,0.109309
5778,2003-12-06,6,4,0,0.109288
5779,2003-12-10,4,9,0,0.109266
5780,2003-12-13,2,6,0,0.109245
5781,2003-12-17,5,8,0,0.109224
5782,2003-12-20,8,3,0,0.109203
5783,2003-12-24,1,7,0,0.109182
5784,2003-12-27,7,4,0,0.109161
5785,2003-12-31,4,4,1,0.109333
5786,2004-01-03,8,6,0,0.109312
5787,2004-01-07,5,7,0,0.109291
5788,2004-01-10,9,3,0,0.10927
5789,2004-01-14,7,7,1,0.109441
5790,2004-01-17,6,4,0,0.10942
5791,2004-01-21,2,9,0,0.109399
5792,2004-01-24,3,8,0,0.109378
5793,2004-01-28,4,1,0,0.109357
5794,2004-01-31,7,6,0,0.109336
5795,2004-02-04,5,4,0,0.109315
5796,2004-02-07,9,3,0,0.109294
5797,2004-02-11,6,7,0,0.109273
5798,2004-02-14,9,9,1,0.109444
5799,2004-02-18,5,7,0,0.109423
5800,2004-02-21,2,3,0,0.109402
5801,2004-02-25,5,3,0,0.109381
5802,2004-02-28,8,3,0,0.10936
5803,2004-03-03,9,7,0,0.109339
5804,2004-03-06,8,7,0,0.109318
5805,2004-03-10,1,7,0,0.109297
5806,2004-03-13,5,4,0,0.109276
5807,2004-03-17,8,3,0,0.109255
5808,2004-03-20,3,7,0,0.109234
5809,2004-03-24,8,1,0,0.109213
5810,2004-03-27,2,7,0,0.109192
5811,2004-03-31,1,3,0,0.109171
5812,2004-04-03,5,4,0,0.10915
5813,2004-04-07,4,3,0,0.109129
5814,2004-04-10,9,6,0,0.109108
5815,2004-04-14,3,7,0,0.109087
5816,2004-04-17,9,1,0,0.109067
5817,2004-04-21,7,7,1,0.109237
5818,2004-04-24,7,4,0,0.109216
5819,2004-04-28,8,4,0,0.109195
5820,2004-05-03,4,7,0,0.109174
5821,2004-05-05,7,6,0,0.109154
5822,2004-05-08,2,4,0,0.109133
5823,2004-05-12,3,3,1,0.109303
5824,2004-05-15,7,1,0,0.109282
5825,2004-05-19,2,4,0,0.109261
5826,2004-05-22,5,3,0,0.10924
5827,2004-05-26,6,3,0,0.10922
5828,2004-05-29,9,9,1,0.10939
5829,2004-06-03,2,7,0,0.109369
5830,2004-06-05,8,3,0,0.109348
5831,2004-06-09,5,7,0,0.109327
5832,2004-06-12,1,3,0,0.109306
5833,2004-06-16,5,4,0,0.109285
5834,2004-06-19,2,3,0,0.109265
5835,2004-06-23,8,3,0,0.109244
5836,2004-06-26,9,7,0,0.109223
5837,2004-06-30,4,7,0,0.109202
5838,2004-07-03,2,6,0,0.109181
5839,2004-07-07,7,8,0,0.10916
5840,2004-07-10,9,4,0,0.109139
5841,2004-07-14,6,7,0,0.109119
5842,2004-07-17,8,9,0,0.109098
5843,2004-07-21,5,7,0,0.109077
5844,2004-07-24,7,3,0,0.109056
5845,2004-07-28,1,4,0,0.109035
5846,2004-07-31,4,4,1,0.109205
5847,2004-08-04,4,6,0,0.109184
5848,2004-08-07,3,6,0,0.109164
5849,2004-08-11,6,1,0,0.109143
5850,2004-08-14,3,9,0,0.109122
5851,2004-08-18,5,1,0,0.109101
5852,2004-08-21,3,3,1,0.109271
5853,2004-08-25,3,1,0,0.10925
5854,2004-08-28,2,1,0,0.109229
5855,2004-09-01,8,8,1,0.109399
5856,2004-09-04,3,7,0,0.109378
5857,2004-09-08,2,1,0,0.109357
5858,2004-09-11,8,8,1,0.109527
5859,2004-09-15,7,7,1,0.109696
5860,2004-09-18,9,4,0,0.109675
5861,2004-09-22,3,7,0,0.109654
5862,2004-09-25,7,1,0,0.109633
5863,2004-09-29,6,4,0,0.109612
5864,2004-10-02,9,9,1,0.109782
5865,2004-10-06,4,7,0,0.109761
5866,2004-10-09,9,6,0,0.10974
5867,2004-10-13,7,7,1,0.109909
5868,2004-10-16,3,4,0,0.109888
5869,2004-10-20,6,1,0,0.109867
5870,2004-10-23,4,9,0,0.109846
5871,2004-10-27,3,6,0,0.109825
5872,2004-10-30,3,1,0,0.109805
5873,2004-11-03,2,1,0,0.109784
5874,2004-11-06,1,8,0,0.109763
5875,2004-11-10,1,4,0,0.109742
5876,2004-11-13,1,4,0,0.109721
5877,2004-11-17,6,4,0,0.109701
5878,2004-11-20,7,9,0,0.10968
5879,2004-11-24,8,4,0,0.109659
5880,2004-11-27,8,7,0,0.109638
5881,2004-12-01,6,7,0,0.109618
5882,2004-12-04,2,9,0,0.109597
5883,2004-12-09,2,8,0,0.109576
5884,2004-12-11,8,8,1,0.109745
5885,2004-12-15,5,7,0,0.109724
5886,2004-12-18,6,3,0,0.109703
5887,2004-12-22,5,9,0,0.109682
5888,2004-12-27,7,3,0,0.109662
5889,2004-12-29,7,4,0,0.109641
5890,2005-01-03,2,4,0,0.10962
5891,2005-01-05,9,8,0,0.109599
5892,2005-01-08,3,7,0,0.109579
5893,2005-01-12,7,1,0,0.109558
5894,2005-01-15,3,4,0,0.109537
5895,2005-01-19,2,1,0,0.109517
5896,2005-01-22,5,8,0,0.109496
5897,2005-01-26,5,3,0,0.109475
5898,2005-01-29,4,3,0,0.109455
5899,2005-02-02,7,6,0,0.109434
5900,2005-02-05,1,4,0,0.109413
5901,2005-02-09,9,4,0,0.109393
5902,2005-02-12,1,7,0,0.109372
5903,2005-02-16,4,4,1,0.10954
5904,2005-02-19,3,7,0,0.109519
5905,2005-02-23,1,1,1,0.109687
5906,2005-02-26,2,4,0,0.109666
5907,2005-03-02,2,8,0,0.109646
5908,2005-03-05,9,8,0,0.109625
5909,2005-03-09,1,7,0,0.109605
5910,2005-03-12,3,4,0,0.109584
5911,2005-03-16,2,1,0,0.109563
5912,2005-03-19,9,8,0,0.109543
5913,2005-03-23,1,7,0,0.109522
5914,2005-03-26,3,4,0,0.109501
5915,2005-03-30,6,1,0,0.109481
5916,2005-04-02,8,9,0,0.10946
5917,2005-04-06,2,7,0,0.10944
5918,2005-04-09,3,8,0,0.109419
5919,2005-04-13,4,1,0,0.109398
5920,2005-04-16,7,7,1,0.109566
5921,2005-04-20,9,4,0,0.109545
5922,2005-04-23,4,7,0,0.109525
5923,2005-04-27,8,7,0,0.109504
5924,2005-04-30,6,7,0,0.109484
5925,2005-05-04,1,9,0,0.109463
5926,2005-05-07,3,4,0,0.109442
5927,2005-05-11,8,1,0,0.109422
5928,2005-05-14,1,7,0,0.109401
5929,2005-05-18,9,4,0,0.109381
5930,2005-05-21,1,7,0,0.10936
5931,2005-05-25,8,4,0,0.10934
5932,2005-05-28,4,7,0,0.109319
5933,2005-06-01,1,7,0,0.109299
5934,2005-06-04,4,4,1,0.109466
5935,2005-06-08,4,7,0,0.109445
5936,2005-06-11,7,7,1,0.109612
5937,2005-06-15,5,4,0,0.109592
5938,2005-06-18,6,3,0,0.109571
5939,2005-06-21,5,9,0,0.109551
5940,2005-06-23,2,3,0,0.10953
5941,2005-06-25,1,8,0,0.10951
5942,2005-06-28,5,4,0,0.109489
5943,2005-06-30,5,3,0,0.109469
5944,2005-07-02,1,3,0,0.109448
5945,2005-07-05,3,4,0,0.109428
5946,2005-07-07,4,1,0,0.109407
5947,2005-07-09,9,7,0,0.109387
5948,2005-07-12,1,7,0,0.109366
5949,2005-07-14,8,4,0,0.109346
5950,2005-07-16,6,7,0,0.109325
5951,2005-07-19,5,9,0,0.109305
5952,2005-07-21,6,3,0,0.109285
5953,2005-07-23,3,9,0,0.109264
5954,2005-07-26,6,1,0,0.109244
5955,2005-07-28,9,9,1,0.10941
5956,2005-07-30,1,7,0,0.10939
5957,2005-08-02,4,4,1,0.109556
5958,2005-08-04,2,7,0,0.109535
5959,2005-08-06,7,8,0,0.109515
5960,2005-08-09,4,4,1,0.109681
5961,2005-08-11,3,7,0,0.109661
5962,2005-08-13,4,1,0,0.10964
5963,2005-08-16,8,7,0,0.10962
5964,2005-08-18,2,7,0,0.109599
5965,2005-08-20,3,8,0,0.109579
5966,2005-08-23,8,1,0,0.109558
5967,2005-08-25,5,7,0,0.109538
5968,2005-08-27,4,3,0,0.109518
5969,2005-08-30,2,7,0,0.109497
5970,2005-09-01,5,8,0,0.109477
5971,2005-09-03,6,3,0,0.109456
5972,2005-09-06,3,9,0,0.109436
5973,2005-09-08,4,1,0,0.109416
5974,2005-09-10,1,7,0,0.109395
5975,2005-09-13,3,4,0,0.109375
5976,2005-09-15,3,1,0,0.109355
5977,2005-09-17,9,1,0,0.109334
5978,2005-09-20,6,7,0,0.109314
5979,2005-09-22,8,9,0,0.109294
5980,2005-09-24,6,7,0,0.109273
5981,2005-09-27,7,9,0,0.109253
5982,2005-09-29,6,4,0,0.109233
5983,2005-10-01,8,9,0,0.109212
5984,2005-10-04,3,7,0,0.109192
5985,2005-10-06,1,1,1,0.109358
5986,2005-10-08,9,4,0,0.109337
5987,2005-10-11,5,7,0,0.109317
5988,2005-10-13,3,3,1,0.109482
5989,2005-10-15,3,1,0,0.109462
5990,2005-10-18,4,1,0,0.109442
5991,2005-10-20,7,7,1,0.109607
5992,2005-10-22,1,4,0,0.109587
5993,2005-10-25,7,4,0,0.109566
5994,2005-10-27,2,4,0,0.109546
5995,2005-10-29,2,8,0,0.109526
5996,2005-11-02,1,8,0,0.109505
5997,2005-11-03,3,4,0,0.109485
5998,2005-11-05,4,1,0,0.109465
5999,2005-11-08,2,7,0,0.109444
6000,2005-11-10,2,8,0,0.109424
6001,2005-11-12,4,8,0,0.109404
6002,2005-11-15,3,7,0,0.109384
6003,2005-11-17,4,1,0,0.109363
6004,2005-11-19,3,7,0,0.109343
6005,2005-11-22,4,1,0,0.109323
6006,2005-11-24,2,7,0,0.109303
6007,2005-11-26,8,8,1,0.109467
6008,2005-11-29,7,7,1,0.109632
6009,2005-12-01,5,4,0,0.109612
6010,2005-12-03,1,3,0,0.109592
6011,2005-12-06,5,4,0,0.109571
6012,2005-12-09,1,3,0,0.109551
6013,2005-12-10,3,4,0,0.109531
6014,2005-12-13,8,1,0,0.109511
6015,2005-12-15,9,7,0,0.10949
6016,2005-12-17,4,7,0,0.10947
6017,2005-12-20,9,7,0,0.10945
6018,2005-12-22,6,7,0,0.10943
6019,2005-12-24,1,9,0,0.10941
6020,2005-12-27,3,4,0,0.109389
6021,2005-12-29,4,1,0,0.109369
6022,2005-12-31,2,7,0,0.109349
6023,2006-01-03,2,8,0,0.109329
6024,2006-01-05,5,8,0,0.109309
6025,2006-01-07,9,3,0,0.109289
6026,2006-01-10,3,7,0,0.109268
6027,2006-01-12,1,4,0,0.109248
6028,2006-01-14,7,4,0,0.109228
6029,2006-01-17,3,4,0,0.109208
6030,2006-01-19,7,1,0,0.109188
6031,2006-01-21,7,4,0,0.109168
6032,2006-01-24,6,4,0,0.109148
6033,2006-01-26,4,9,0,0.109128
6034,2006-01-28,5,7,0,0.109108
6035,2006-01-31,9,3,0,0.109088
6036,2006-02-02,7,7,1,0.109251
6037,2006-02-04,9,4,0,0.109231
6038,2006-02-07,1,7,0,0.109211
6039,2006-02-09,5,4,0,0.109191
6040,2006-02-11,2,3,0,0.109171
6041,2006-02-14,6,8,0,0.109151
6042,2006-02-16,8,9,0,0.109131
6043,2006-02-18,3,7,0,0.109111
6044,2006-02-21,5,1,0,0.109091
6045,2006-02-23,6,3,0,0.109071
6046,2006-02-25,8,9,0,0.109051
6047,2006-02-28,4,7,0,0.109031
6048,2006-03-02,1,7,0,0.109011
6049,2006-03-04,7,4,0,0.108991
6050,2006-03-07,7,4,0,0.108971
6051,2006-03-09,9,4,0,0.108951
6052,2006-03-11,4,7,0,0.108931
6053,2006-03-14,1,7,0,0.108911
6054,2006-03-16,5,4,0,0.108891
6055,2006-03-18,2,3,0,0.108871
6056,2006-03-21,1,8,0,0.108851
6057,2006-03-23,7,4,0,0.108831
6058,2006-03-25,9,4,0,0.108811
6059,2006-03-28,3,7,0,0.108791
6060,2006-03-30,7,1,0,0.108771
6061,2006-04-01,9,4,0,0.108751
6062,2006-04-04,3,7,0,0.108731
6063,2006-04-06,1,1,1,0.108895
6064,2006-04-08,1,4,0,0.108875
6065,2006-04-11,5,4,0,0.108855
6066,2006-04-13,8,3,0,0.108835
6067,2006-04-15,8,7,0,0.108815
6068,2006-04-18,9,7,0,0.108795
6069,2006-04-20,5,7,0,0.108775
6070,2006-04-22,2,3,0,0.108755
6071,2006-04-26,6,8,0,0.108735
6072,2006-04-27,1,9,0,0.108716
6073,2006-04-29,8,4,0,0.108696
6074,2006-05-02,4,7,0,0.108676
6075,2006-05-04,6,7,0,0.108656
6076,2006-05-06,8,9,0,0.108636
6077,2006-05-09,7,7,1,0.108799
6078,2006-05-11,2,4,0,0.108779
6079,2006-05-13,5,8,0,0.108759
6080,2006-05-16,7,3,0,0.108739
6081,2006-05-18,2,4,0,0.108719
6082,2006-05-20,1,8,0,0.1087
6083,2006-05-23,4,4,1,0.108862
6084,2006-05-25,2,7,0,0.108842
6085,2006-05-27,4,8,0,0.108822
6086,2006-05-30,8,7,0,0.108803
6087,2006-06-01,9,7,0,0.108783
6088,2006-06-03,4,7,0,0.108763
6089,2006-06-06,4,7,0,0.108743
6090,2006-06-08,1,7,0,0.108723
6091,2006-06-10,9,4,0,0.108704
6092,2006-06-13,5,7,0,0.108684
6093,2006-06-15,6,3,0,0.108664
6094,2006-06-17,5,9,0,0.108644
6095,2006-06-20,8,6,0,0.108624
6096,2006-06-22,2,7,0,0.108605
6097,2006-06-24,3,8,0,0.108585
6098,2006-06-27,7,1,0,0.108565
6099,2006-06-29,4,4,1,0.108727
6100,2006-07-01,3,7,0,0.108708
6101,2006-07-04,1,1,1,0.10887
6102,2006-07-06,5,4,0,0.10885
6103,2006-07-08,2,6,0,0.10883
6104,2006-07-11,7,8,0,0.10881
6105,2006-07-13,7,4,0,0.10879
6106,2006-07-15,3,4,0,0.108771
6107,2006-07-18,1,1,1,0.108932
6108,2006-07-20,2,4,0,0.108913
6109,2006-07-22,7,8,0,0.108893
6110,2006-07-25,8,4,0,0.108873
6111,2006-07-27,2,7,0,0.108853
6112,2006-07-29,5,8,0,0.108834
6113,2006-08-01,3,6,0,0.108814
6114,2006-08-03,6,1,0,0.108794
6115,2006-08-05,6,9,0,0.108774
6116,2006-08-08,7,9,0,0.108755
6117,2006-08-10,8,4,0,0.108735
6118,2006-08-12,8,7,0,0.108715
6119,2006-08-16,7,7,1,0.108877
6120,2006-08-17,2,4,0,0.108857
6121,2006-08-19,9,8,0,0.108837
6122,2006-08-22,6,7,0,0.108818
6123,2006-08-24,1,9,0,0.108798
6124,2006-08-26,1,4,0,0.108778
6125,2006-08-29,8,4,0,0.108759
6126,2006-08-31,8,7,0,0.108739
6127,2006-09-02,4,7,0,0.108719
6128,2006-09-05,9,7,0,0.1087
6129,2006-09-07,3,7,0,0.10868
6130,2006-09-09,3,1,0,0.10866
6131,2006-09-12,9,1,0,0.108641
6132,2006-09-14,7,7,1,0.108802
6133,2006-09-16,8,4,0,0.108782
6134,2006-09-19,8,7,0,0.108762
6135,2006-09-21,6,7,0,0.108743
6136,2006-09-23,2,9,0,0.108723
6137,2006-09-26,8,8,1,0.108884
6138,2006-09-28,4,7,0,0.108864
6139,2006-09-30,9,7,0,0.108845
6140,2006-10-03,4,7,0,0.108825
6141,2006-10-05,3,7,0,0.108805
6142,2006-10-07,2,1,0,0.108786
6143,2006-10-10,4,8,0,0.108766
6144,2006-10-12,4,7,0,0.108747
6145,2006-10-14,8,7,0,0.108727
6146,2006-10-17,1,7,0,0.108707
6147,2006-10-19,5,4,0,0.108688
6148,2006-10-21,2,3,0,0.108668
6149,2006-10-24,6,8,0,0.108649
6150,2006-10-26,6,9,0,0.108629
6151,2006-10-28,2,9,0,0.10861
6152,2006-10-31,9,8,0,0.10859
6153,2006-11-02,1,7,0,0.10857
6154,2006-11-04,2,4,0,0.108551
6155,2006-11-07,1,8,0,0.108531
6156,2006-11-09,9,4,0,0.108512
6157,2006-11-11,3,7,0,0.108492
6158,2006-11-14,7,1,0,0.108473
6159,2006-11-16,2,4,0,0.108453
6160,2006-11-18,7,8,0,0.108434
6161,2006-11-21,2,4,0,0.108414
6162,2006-11-23,7,8,0,0.108395
6163,2006-11-25,5,4,0,0.108375
6164,2006-11-28,6,3,0,0.108356
6165,2006-11-30,7,9,0,0.108336
6166,2006-12-02,5,4,0,0.108317
6167,2006-12-05,5,6,0,0.108297
6168,2006-12-07,3,6,0,0.108278
6169,2006-12-09,2,1,0,0.108259
6170,2006-12-12,7,8,0,0.108239
6171,2006-12-14,6,4,0,0.10822
6172,2006-12-16,2,9,0,0.1082
6173,2006-12-19,3,8,0,0.108181
6174,2006-12-21,1,1,1,0.108341
6175,2006-12-23,1,4,0,0.108321
6176,2006-12-27,1,4,0,0.108302
6177,2006-12-28,7,4,0,0.108283
6178,2006-12-30,6,4,0,0.108263
6179,2007-01-02,5,9,0,0.108244
6180,2007-01-04,6,3,0,0.108224
6181,2007-01-08,8,9,0,0.108205
6182,2007-01-09,8,7,0,0.108186
6183,2007-01-11,6,7,0,0.108166
6184,2007-01-13,5,8,0,0.108147
6185,2007-01-16,1,6,0,0.108127
6186,2007-01-18,5,4,0,0.108108
6187,2007-01-20,8,6,0,0.108089
6188,2007-01-23,4,7,0,0.108069
6189,2007-01-25,3,7,0,0.10805
6190,2007-01-27,7,1,0,0.108031
6191,2007-01-30,9,6,0,0.108011
6192,2007-02-01,1,7,0,0.107992
6193,2007-02-03,9,4,0,0.107973
6194,2007-02-06,6,7,0,0.107954
6195,2007-02-08,1,8,0,0.107934
6196,2007-02-10,9,4,0,0.107915
6197,2007-02-13,8,7,0,0.107896
6198,2007-02-15,3,7,0,0.107876
6199,2007-02-17,7,1,0,0.107857
6200,2007-02-20,1,6,0,0.107838
6201,2007-02-22,6,4,0,0.107819
6202,2007-02-24,5,8,0,0.107799
6203,2007-02-27,7,6,0,0.10778
6204,2007-03-01,2,6,0,0.107761
6205,2007-03-03,1,8,0,0.107742
6206,2007-03-06,2,4,0,0.107722
6207,2007-03-08,6,8,0,0.107703
6208,2007-03-10,4,8,0,0.107684
6209,2007-03-13,7,7,1,0.107843
6210,2007-03-15,1,6,0,0.107824
6211,2007-03-17,1,4,0,0.107805
6212,2007-03-20,5,4,0,0.107785
6213,2007-03-22,1,6,0,0.107766
6214,2007-03-24,4,4,1,0.107925
6215,2007-03-27,7,7,1,0.108084
6216,2007-03-29,8,6,0,0.108065
6217,2007-03-31,3,7,0,0.108046
6218,2007-04-03,4,1,0,0.108026
6219,2007-04-05,7,7,1,0.108185
6220,2007-04-07,7,6,0,0.108166
6221,2007-04-10,8,6,0,0.108147
6222,2007-04-12,2,7,0,0.108127
6223,2007-04-14,7,8,0,0.108108
6224,2007-04-17,6,6,1,0.108267
6225,2007-04-19,3,8,0,0.108247
6226,2007-04-21,9,1,0,0.108228
6227,2007-04-24,2,7,0,0.108209
6228,2007-04-26,6,8,0,0.10819
6229,2007-04-28,4,8,0,0.108171
6230,2007-05-02,4,7,0,0.108151
6231,2007-05-03,1,7,0,0.108132
6232,2007-05-05,8,4,0,0.108113
6233,2007-05-08,7,7,1,0.108271
6234,2007-05-10,1,6,0,0.108252
6235,2007-05-12,9,4,0,0.108233
6236,2007-05-15,3,7,0,0.108214
6237,2007-05-17,9,1,0,0.108194
6238,2007-05-19,5,7,0,0.108175
6239,2007-05-22,3,6,0,0.108156
6240,2007-05-24,7,1,0,0.108137
6241,2007-05-26,2,6,0,0.108118
6242,2007-05-29,5,8,0,0.108099
6243,2007-05-31,1,3,0,0.108079
6244,2007-06-04,3,4,0,0.10806
6245,2007-06-05,5,1,0,0.108041
6246,2007-06-07,3,3,1,0.108199
6247,2007-06-09,5,1,0,0.10818
6248,2007-06-12,4,3,0,0.108161
6249,2007-06-14,8,7,0,0.108142
6250,2007-06-16,8,7,0,0.108122
6251,2007-06-19,1,7,0,0.108103
6252,2007-06-21,6,4,0,0.108084
6253,2007-06-23,6,8,0,0.108065
6254,2007-06-26,8,8,1,0.108223
6255,2007-06-28,7,7,1,0.10838
6256,2007-06-30,5,6,0,0.108361
6257,2007-07-03,9,3,0,0.108342
6258,2007-07-05,5,7,0,0.108323
6259,2007-07-07,9,3,0,0.108304
6260,2007-07-10,6,7,0,0.108285
6261,2007-07-12,7,8,0,0.108266
6262,2007-07-14,5,6,0,0.108247
6263,2007-07-17,7,3,0,0.108227
6264,2007-07-19,5,6,0,0.108208
6265,2007-07-21,7,3,0,0.108189
6266,2007-07-24,5,6,0,0.10817
6267,2007-07-26,4,3,0,0.108151
6268,2007-07-28,9,7,0,0.108132
6269,2007-07-31,9,7,0,0.108113
6270,2007-08-02,7,7,1,0.10827
6271,2007-08-04,8,6,0,0.108251
6272,2007-08-07,9,7,0,0.108232
6273,2007-08-09,1,7,0,0.108213
6274,2007-08-11,4,4,1,0.10837
6275,2007-08-14,5,7,0,0.108351
6276,2007-08-16,2,3,0,0.108332
6277,2007-08-18,3,8,0,0.108313
6278,2007-08-21,6,1,0,0.108294
6279,2007-08-23,4,8,0,0.108275
6280,2007-08-25,3,7,0,0.108256
6281,2007-08-28,8,1,0,0.108237
6282,2007-08-30,1,7,0,0.108217
6283,2007-09-01,4,4,1,0.108374
6284,2007-09-04,1,7,0,0.108355
6285,2007-09-06,7,4,0,0.108336
6286,2007-09-08,4,6,0,0.108317
6287,2007-09-11,1,7,0,0.108298
6288,2007-09-13,1,4,0,0.108279
6289,2007-09-15,1,4,0,0.10826
6290,2007-09-18,7,4,0,0.108241
6291,2007-09-20,2,6,0,0.108222
6292,2007-09-22,5,8,0,0.108203
6293,2007-09-25,8,3,0,0.108184
6294,2007-09-27,1,7,0,0.108165
6295,2007-09-29,2,4,0,0.108146
6296,2007-10-02,2,8,0,0.108127
6297,2007-10-04,9,8,0,0.108108
6298,2007-10-06,5,7,0,0.108089
6299,2007-10-09,8,3,0,0.10807
6300,2007-10-11,6,7,0,0.108051
6301,2007-10-13,1,8,0,0.108032
6302,2007-10-16,3,4,0,0.108013
6303,2007-10-18,5,1,0,0.107994
6304,2007-10-20,6,3,0,0.107975
6305,2007-10-23,8,8,1,0.108132
6306,2007-10-25,6,7,0,0.108113
6307,2007-10-27,8,8,1,0.108269
6308,2007-10-30,8,7,0,0.10825
6309,2007-11-02,9,7,0,0.108231
6310,2007-11-03,2,7,0,0.108212
6311,2007-11-06,3,8,0,0.108193
6312,2007-11-08,3,1,0,0.108174
6313,2007-11-10,5,1,0,0.108155
6314,2007-11-13,4,3,0,0.108136
6315,2007-11-15,4,7,0,0.108118
6316,2007-11-17,5,7,0,0.108099
6317,2007-11-20,5,3,0,0.10808
6318,2007-11-22,3,3,1,0.108236
6319,2007-11-24,2,1,0,0.108217
6320,2007-11-27,2,3,0,0.108198
6321,2007-11-29,5,3,0,0.108179
6322,2007-12-01,7,3,0,0.10816
6323,2007-12-04,5,6,0,0.108141
6324,2007-12-06,7,3,0,0.108122
6325,2007-12-10,5,6,0,0.108103
6326,2007-12-11,2,3,0,0.108085
6327,2007-12-13,6,3,0,0.108066
6328,2007-12-15,5,8,0,0.108047
6329,2007-12-18,9,3,0,0.108028
6330,2007-12-20,9,7,0,0.108009
6331,2007-12-22,7,7,1,0.108165
6332,2007-12-24,7,6,0,0.108146
6333,2007-12-27,7,6,0,0.108127
6334,2007-12-29,6,6,1,0.108282
6335,2008-01-02,9,8,0,0.108264
6336,2008-01-03,1,7,0,0.108245
6337,2008-01-05,4,4,1,0.1084
6338,2008-01-08,4,7,0,0.108381
6339,2008-01-10,5,7,0,0.108362
6340,2008-01-12,1,3,0,0.108343
6341,2008-01-15,8,4,0,0.108325
6342,2008-01-17,7,7,1,0.10848
6343,2008-01-19,3,6,0,0.108461
6344,2008-01-22,1,1,1,0.108616
6345,2008-01-24,4,4,1,0.108771
6346,2008-01-26,2,7,0,0.108752
6347,2008-01-29,5,3,0,0.108733
6348,2008-01-31,8,3,0,0.108715
6349,2008-02-02,8,7,0,0.108696
6350,2008-02-05,5,7,0,0.108677
6351,2008-02-07,8,3,0,0.108658
6352,2008-02-09,2,7,0,0.108639
6353,2008-02-12,9,3,0,0.10862
6354,2008-02-14,3,7,0,0.108601
6355,2008-02-16,2,1,0,0.108582
6356,2008-02-19,2,3,0,0.108563
6357,2008-02-21,1,3,0,0.108545
6358,2008-02-23,9,4,0,0.108526
6359,2008-02-26,2,7,0,0.108507
6360,2008-02-28,2,3,0,0.108488
6361,2008-03-01,9,3,0,0.108469
6362,2008-03-04,9,7,0,0.10845
6363,2008-03-06,1,7,0,0.108432
6364,2008-03-08,5,4,0,0.108413
6365,2008-03-11,8,3,0,0.108394
6366,2008-03-13,9,7,0,0.108375
6367,2008-03-15,9,7,0,0.108356
6368,2008-03-18,3,7,0,0.108338
6369,2008-03-20,7,1,0,0.108319
6370,2008-03-22,5,6,0,0.1083
6371,2008-03-25,5,3,0,0.108281
6372,2008-03-27,3,3,1,0.108436
6373,2008-03-29,7,1,0,0.108417
6374,2008-04-01,4,6,0,0.108398
6375,2008-04-03,1,7,0,0.10838
6376,2008-04-05,9,4,0,0.108361
6377,2008-04-08,9,7,0,0.108342
6378,2008-04-10,8,7,0,0.108323
6379,2008-04-12,3,7,0,0.108304
6380,2008-04-15,8,1,0,0.108286
6381,2008-04-17,6,7,0,0.108267
6382,2008-04-19,3,8,0,0.108248
6383,2008-04-22,7,1,0,0.10823
6384,2008-04-24,6,6,1,0.108384
6385,2008-04-26,9,8,0,0.108365
6386,2008-04-29,9,7,0,0.108346
6387,2008-05-02,1,7,0,0.108328
6388,2008-05-03,3,4,0,0.108309
6389,2008-05-06,6,1,0,0.10829
6390,2008-05-08,7,8,0,0.108271
6391,2008-05-10,3,6,0,0.108253
6392,2008-05-13,3,1,0,0.108234
6393,2008-05-15,3,1,0,0.108215
6394,2008-05-17,9,1,0,0.108197
6395,2008-05-20,9,7,0,0.108178
6396,2008-05-22,6,7,0,0.108159
6397,2008-05-24,8,8,1,0.108313
6398,2008-05-27,7,7,1,0.108467
6399,2008-05-29,6,6,1,0.108621
6400,2008-05-31,6,8,0,0.108602
6401,2008-06-03,1,8,0,0.108583
6402,2008-06-05,3,4,0,0.108565
6403,2008-06-07,2,1,0,0.108546
6404,2008-06-10,7,3,0,0.108527
6405,2008-06-12,8,6,0,0.108508
6406,2008-06-14,9,7,0,0.10849
6407,2008-06-17,3,7,0,0.108471
6408,2008-06-19,9,1,0,0.108452
6409,2008-06-21,6,7,0,0.108434
6410,2008-06-24,6,8,0,0.108415
6411,2008-06-26,1,8,0,0.108396
6412,2008-06-28,8,4,0,0.108378
6413,2008-07-01,6,7,0,0.108359
6414,2008-07-03,8,8,1,0.108512
6415,2008-07-05,6,7,0,0.108494
6416,2008-07-08,9,8,0,0.108475
6417,2008-07-10,8,7,0,0.108457
6418,2008-07-12,2,7,0,0.108438
6419,2008-07-15,1,3,0,0.108419
6420,2008-07-17,2,4,0,0.108401
6421,2008-07-19,1,3,0,0.108382
6422,2008-07-22,8,4,0,0.108363
6423,2008-07-24,1,7,0,0.108345
6424,2008-07-26,7,4,0,0.108326
6425,2008-07-29,6,6,1,0.108479
6426,2008-07-31,5,8,0,0.108461
6427,2008-08-02,3,3,1,0.108614
6428,2008-08-05,6,1,0,0.108595
6429,2008-08-07,2,8,0,0.108576
6430,2008-08-09,1,3,0,0.108558
6431,2008-08-12,1,4,0,0.108539
6432,2008-08-14,7,4,0,0.10852
6433,2008-08-16,9,6,0,0.108502
6434,2008-08-19,7,7,1,0.108655
6435,2008-08-21,2,6,0,0.108636
6436,2008-08-23,3,3,1,0.108789
6437,2008-08-26,7,1,0,0.10877
6438,2008-08-28,6,6,1,0.108923
6439,2008-08-30,1,8,0,0.108904
6440,2008-09-02,1,4,0,0.108885
6441,2008-09-04,5,4,0,0.108867
6442,2008-09-06,4,3,0,0.108848
6443,2008-09-09,6,7,0,0.10883
6444,2008-09-11,7,8,0,0.108811
6445,2008-09-13,8,6,0,0.108792
6446,2008-09-16,2,7,0,0.108774
6447,2008-09-18,5,3,0,0.108755
6448,2008-09-20,4,3,0,0.108737
6449,2008-09-23,5,7,0,0.108718
6450,2008-09-25,8,3,0,0.108699
6451,2008-09-27,5,7,0,0.108681
6452,2008-09-30,2,3,0,0.108662
6453,2008-10-02,7,3,0,0.108644
6454,2008-10-04,6,6,1,0.108796
6455,2008-10-07,1,8,0,0.108777
6456,2008-10-09,8,4,0,0.108759
6457,2008-10-11,3,7,0,0.10874
6458,2008-10-14,6,1,0,0.108722
6459,2008-10-16,8,8,1,0.108874
6460,2008-10-18,5,7,0,0.108855
6461,2008-10-21,9,3,0,0.108837
6462,2008-10-23,9,7,0,0.108818
6463,2008-10-25,5,7,0,0.108799
6464,2008-10-28,2,3,0,0.108781
6465,2008-10-30,8,3,0,0.108762
6466,2008-11-03,8,7,0,0.108744
6467,2008-11-04,7,7,1,0.108896
6468,2008-11-06,3,6,0,0.108877
6469,2008-11-08,5,1,0,0.108859
6470,2008-11-11,3,3,1,0.10901
6471,2008-11-13,7,1,0,0.108992
6472,2008-11-15,8,6,0,0.108973
6473,2008-11-18,3,7,0,0.108955
6474,2008-11-20,4,1,0,0.108936
6475,2008-11-22,7,7,1,0.109088
6476,2008-11-25,6,6,1,0.109239
6477,2008-11-27,7,8,0,0.109221
6478,2008-11-29,3,6,0,0.109202
6479,2008-12-02,3,1,0,0.109184
6480,2008-12-04,1,1,1,0.109335
6481,2008-12-06,2,4,0,0.109317
6482,2008-12-09,3,3,1,0.109468
6483,2008-12-11,9,1,0,0.109449
6484,2008-12-13,9,7,0,0.109431
6485,2008-12-16,8,7,0,0.109412
6486,2008-12-18,3,7,0,0.109394
6487,2008-12-20,4,1,0,0.109375
6488,2008-12-23,8,7,0,0.109356
6489,2008-12-24,8,7,0,0.109338
6490,2008-12-27,7,7,1,0.109489
6491,2008-12-30,8,6,0,0.10947
6492,2009-01-02,2,7,0,0.109452
6493,2009-01-03,9,3,0,0.109433
6494,2009-01-07,7,7,1,0.109584
6495,2009-01-08,4,6,0,0.109566
6496,2009-01-10,4,7,0,0.109547
6497,2009-01-13,9,7,0,0.109529
6498,2009-01-15,3,7,0,0.10951
6499,2009-01-17,4,1,0,0.109492
6500,2009-01-20,8,7,0,0.109473
6501,2009-01-22,7,7,1,0.109624
6502,2009-01-24,6,6,1,0.109775
6503,2009-01-27,3,8,0,0.109756
6504,2009-01-29,5,1,0,0.109738
6505,2009-01-31,4,3,0,0.109719
6506,2009-02-03,8,7,0,0.1097
6507,2009-02-05,3,7,0,0.109682
6508,2009-02-07,7,1,0,0.109663
6509,2009-02-10,5,6,0,0.109645
6510,2009-02-12,9,3,0,0.109626
6511,2009-02-14,1,7,0,0.109608
6512,2009-02-17,6,4,0,0.109589
6513,2009-02-19,1,8,0,0.109571
6514,2009-02-21,5,4,0,0.109552
6515,2009-02-24,8,3,0,0.109533
6516,2009-02-26,9,7,0,0.109515
6517,2009-02-28,6,7,0,0.109496
6518,2009-03-03,7,8,0,0.109478
6519,2009-03-05,6,6,1,0.109628
6520,2009-03-07,7,8,0,0.10961
6521,2009-03-10,6,6,1,0.10976
6522,2009-03-12,1,8,0,0.109742
6523,2009-03-14,6,4,0,0.109723
6524,2009-03-17,5,8,0,0.109705
6525,2009-03-19,6,3,0,0.109686
6526,2009-03-21,8,8,1,0.109836
6527,2009-03-24,5,7,0,0.109818
6528,2009-03-26,3,3,1,0.109968
6529,2009-03-28,8,1,0,0.109949
6530,2009-03-31,6,7,0,0.109931
6531,2009-04-02,2,8,0,0.109912
6532,2009-04-04,9,3,0,0.109894
6533,2009-04-07,2,7,0,0.109875
6534,2009-04-09,2,3,0,0.109857
6535,2009-04-11,1,3,0,0.109838
6536,2009-04-14,3,4,0,0.10982
6537,2009-04-16,6,1,0,0.109801
6538,2009-04-18,9,8,0,0.109783
6539,2009-04-21,2,7,0,0.109764
6540,2009-04-23,3,3,1,0.109914
6541,2009-04-27,5,1,0,0.109896
6542,2009-04-28,6,3,0,0.109877
6543,2009-04-30,6,8,0,0.109859
6544,2009-05-02,7,8,0,0.10984
6545,2009-05-05,2,6,0,0.109822
6546,2009-05-07,9,3,0,0.109803
6547,2009-05-09,8,7,0,0.109785
6548,2009-05-12,3,7,0,0.109766
6549,2009-05-14,7,1,0,0.109748
6550,2009-05-16,8,6,0,0.109729
6551,2009-05-19,2,7,0,0.109711
6552,2009-05-21,8,3,0,0.109693
6553,2009-05-23,4,7,0,0.109674
6554,2009-05-26,6,7,0,0.109656
6555,2009-05-28,1,8,0,0.109637
6556,2009-05-30,7,4,0,0.109619
6557,2009-06-03,4,6,0,0.109601
6558,2009-06-04,4,7,0,0.109582
6559,2009-06-06,5,7,0,0.109564
6560,2009-06-09,1,3,0,0.109545
6561,2009-06-11,5,4,0,0.109527
6562,2009-06-13,3,3,1,0.109676
6563,2009-06-16,9,1,0,0.109658
6564,2009-06-18,9,7,0,0.10964
6565,2009-06-20,4,7,0,0.109621
6566,2009-06-23,9,7,0,0.109603
6567,2009-06-25,2,7,0,0.109584
6568,2009-06-27,9,3,0,0.109566
6569,2009-06-30,1,7,0,0.109548
6570,2009-07-02,6,4,0,0.109529
6571,2009-07-04,4,8,0,0.109511
6572,2009-07-07,1,7,0,0.109493
6573,2009-07-09,9,4,0,0.109474
6574,2009-07-11,8,7,0,0.109456
6575,2009-07-14,2,7,0,0.109438
6576,2009-07-16,3,3,1,0.109587
6577,2009-07-18,4,1,0,0.109568
6578,2009-07-21,8,7,0,0.10955
6579,2009-07-23,8,7,0,0.109532
6580,2009-07-25,5,7,0,0.109513
6581,2009-07-28,3,3,1,0.109662
6582,2009-07-30,7,1,0,0.109644
6583,2009-08-01,6,6,1,0.109793
6584,2009-08-04,6,8,0,0.109774
6585,2009-08-06,9,8,0,0.109756
6586,2009-08-08,5,7,0,0.109738
6587,2009-08-11,1,3,0,0.109719
6588,2009-08-13,2,4,0,0.109701
6589,2009-08-17,4,3,0,0.109683
6590,2009-08-18,7,7,1,0.109831
6591,2009-08-20,3,6,0,0.109813
6592,2009-08-22,9,1,0,0.109795
6593,2009-08-25,8,7,0,0.109776
6594,2009-08-27,6,7,0,0.109758
6595,2009-08-29,1,8,0,0.10974
6596,2009-09-01,5,4,0,0.109722
6597,2009-09-03,4,3,0,0.109703
6598,2009-09-05,3,7,0,0.109685
6599,2009-09-08,5,1,0,0.109667
6600,2009-09-10,3,3,1,0.109815
6601,2009-09-12,8,1,0,0.109797
6602,2009-09-15,1,7,0,0.109778
6603,2009-09-17,2,4,0,0.10976
6604,2009-09-19,3,3,1,0.109908
6605,2009-09-22,1,1,1,0.110057
6606,2009-09-24,2,4,0,0.110038
6607,2009-09-26,8,3,0,0.11002
6608,2009-09-29,3,7,0,0.110002
6609,2009-10-01,5,1,0,0.109983
6610,2009-10-03,5,3,0,0.109965
6611,2009-10-06,7,3,0,0.109947
6612,2009-10-08,4,6,0,0.109928
6613,2009-10-10,7,7,1,0.110076
6614,2009-10-13,1,6,0,0.110058
6615,2009-10-15,6,4,0,0.11004
6616,2009-10-17,8,8,1,0.110188
6617,2009-10-20,3,7,0,0.110169
6618,2009-10-22,1,1,1,0.110317
6619,2009-10-24,7,4,0,0.110299
6620,2009-10-27,5,6,0,0.110281
6621,2009-10-29,1,3,0,0.110262
6622,2009-10-31,9,4,0,0.110244
6623,2009-11-03,4,7,0,0.110226
6624,2009-11-05,1,7,0,0.110207
6625,2009-11-07,8,4,0,0.110189
6626,2009-11-10,9,7,0,0.110171
6627,2009-11-12,9,7,0,0.110153
6628,2009-11-14,1,7,0,0.110134
6629,2009-11-17,8,4,0,0.110116
6630,2009-11-19,8,7,0,0.110098
6631,2009-11-21,8,7,0,0.11008
6632,2009-11-24,6,8,0,0.110061
6633,2009-11-26,9,8,0,0.110043
6634,2009-11-28,1,7,0,0.110025
6635,2009-12-01,2,4,0,0.110007
6636,2009-12-03,4,3,0,0.109988
6637,2009-12-05,5,7,0,0.10997
6638,2009-12-09,2,3,0,0.109952
6639,2009-12-10,3,3,1,0.110099
6640,2009-12-12,2,1,0,0.110081
6641,2009-12-15,9,3,0,0.110063
6642,2009-12-17,1,7,0,0.110045
6643,2009-12-19,4,4,1,0.110192
6644,2009-12-22,7,7,1,0.110339
6645,2009-12-24,5,6,0,0.110321
6646,2009-12-28,1,3,0,0.110303
6647,2009-12-29,2,4,0,0.110284
6648,2009-12-31,7,3,0,0.110266
6649,2010-01-02,2,6,0,0.110248
6650,2010-01-05,2,3,0,0.11023
6651,2010-01-07,3,3,1,0.110377
6652,2010-01-09,3,1,0,0.110358
6653,2010-01-12,6,1,0,0.11034
6654,2010-01-14,5,8,0,0.110322
6655,2010-01-16,7,3,0,0.110304
6656,2010-01-19,5,6,0,0.110286
6657,2010-01-21,1,3,0,0.110267
6658,2010-01-23,9,4,0,0.110249
6659,2010-01-26,8,7,0,0.110231
6660,2010-01-28,1,8,0,0.110213
6661,2010-01-30,4,4,1,0.11036
6662,2010-02-02,9,7,0,0.110341
6663,2010-02-04,5,7,0,0.110323
6664,2010-02-06,3,3,1,0.11047
6665,2010-02-09,7,1,0,0.110452
6666,2010-02-11,4,6,0,0.110433
6667,2010-02-13,2,7,0,0.110415
6668,2010-02-16,6,3,0,0.110397
6669,2010-02-18,5,8,0,0.110379
6670,2010-02-20,9,3,0,0.110361
6671,2010-02-23,2,7,0,0.110343
6672,2010-02-25,9,3,0,0.110324
6673,2010-02-27,5,7,0,0.110306
6674,2010-03-02,3,3,1,0.110453
6675,2010-03-04,8,1,0,0.110434
6676,2010-03-06,8,8,1,0.110581
6677,2010-03-09,1,8,0,0.110563
6678,2010-03-11,1,4,0,0.110544
6679,2010-03-13,7,4,0,0.110526
6680,2010-03-16,7,6,0,0.110508
6681,2010-03-18,2,6,0,0.11049
6682,2010-03-20,6,3,0,0.110472
6683,2010-03-23,6,8,0,0.110454
6684,2010-03-25,7,8,0,0.110435
6685,2010-03-27,3,6,0,0.110417
6686,2010-03-30,2,1,0,0.110399
6687,2010-04-01,4,3,0,0.110381
6688,2010-04-03,2,7,0,0.110363
6689,2010-04-06,1,3,0,0.110345
6690,2010-04-08,2,4,0,0.110327
6691,2010-04-10,9,3,0,0.110309
6692,2010-04-13,4,7,0,0.11029
6693,2010-04-15,5,7,0,0.110272
6694,2010-04-17,6,3,0,0.110254
6695,2010-04-20,5,8,0,0.110236
6696,2010-04-22,3,3,1,0.110382
6697,2010-04-24,9,1,0,0.110364
6698,2010-04-27,2,7,0,0.110346
6699,2010-04-29,1,3,0,0.110328
6700,2010-05-03,4,4,1,0.110474
6701,2010-05-04,3,7,0,0.110456
6702,2010-05-06,5,1,0,0.110437
6703,2010-05-08,7,3,0,0.110419
6704,2010-05-11,7,6,0,0.110401
6705,2010-05-13,2,6,0,0.110383
6706,2010-05-15,7,3,0,0.110365
6707,2010-05-18,5,6,0,0.110347
6708,2010-05-20,9,3,0,0.110329
6709,2010-05-22,2,7,0,0.110311
6710,2010-05-25,3,3,1,0.110457
6711,2010-05-27,8,1,0,0.110438
6712,2010-05-29,4,8,0,0.11042
6713,2010-06-01,3,7,0,0.110402
6714,2010-06-03,3,1,0,0.110384
6715,2010-06-05,1,1,1,0.11053
6716,2010-06-08,8,4,0,0.110512
6717,2010-06-10,6,8,0,0.110494
6718,2010-06-12,5,8,0,0.110476
6719,2010-06-15,6,3,0,0.110458
6720,2010-06-17,5,8,0,0.110439
6721,2010-06-19,3,3,1,0.110585
6722,2010-06-22,5,1,0,0.110567
6723,2010-06-24,7,3,0,0.110549
6724,2010-06-26,3,6,0,0.110531
6725,2010-06-29,4,1,0,0.110513
6726,2010-07-01,2,7,0,0.110495
6727,2010-07-03,6,3,0,0.110477
6728,2010-07-06,3,8,0,0.110458
6729,2010-07-08,4,1,0,0.11044
6730,2010-07-10,3,7,0,0.110422
6731,2010-07-13,9,1,0,0.110404
6732,2010-07-15,5,7,0,0.110386
6733,2010-07-17,5,3,0,0.110368
6734,2010-07-20,6,3,0,0.11035
6735,2010-07-22,7,8,0,0.110332
6736,2010-07-24,2,6,0,0.110314
6737,2010-07-27,5,3,0,0.110297
6738,2010-07-29,7,3,0,0.110279
6739,2010-07-31,1,6,0,0.110261
6740,2010-08-03,9,4,0,0.110243
6741,2010-08-05,1,7,0,0.110225
6742,2010-08-07,4,4,1,0.11037
6743,2010-08-10,3,7,0,0.110352
6744,2010-08-12,3,1,0,0.110334
6745,2010-08-14,9,1,0,0.110316
6746,2010-08-17,8,7,0,0.110298
6747,2010-08-19,8,8,1,0.110442
6748,2010-08-21,5,8,0,0.110424
6749,2010-08-24,9,3,0,0.110407
6750,2010-08-26,4,7,0,0.110389
6751,2010-08-28,6,7,0,0.110371
6752,2010-08-31,4,8,0,0.110353
6753,2010-09-02,4,7,0,0.110335
6754,2010-09-04,2,7,0,0.110317
6755,2010-09-07,8,3,0,0.110299
6756,2010-09-09,9,8,0,0.110281
6757,2010-09-11,5,7,0,0.110263
6758,2010-09-14,9,3,0,0.110245
6759,2010-09-16,5,7,0,0.110227
6760,2010-09-18,8,3,0,0.110209
6761,2010-09-21,7,8,0,0.110191
6762,2010-09-23,5,6,0,0.110174
6763,2010-09-25,5,3,0,0.110156
6764,2010-09-28,8,3,0,0.110138
6765,2010-09-30,1,8,0,0.11012
6766,2010-10-02,5,4,0,0.110102
6767,2010-10-05,7,3,0,0.110084
6768,2010-10-07,6,6,1,0.110229
6769,2010-10-09,7,8,0,0.110211
6770,2010-10-12,8,6,0,0.110193
6771,2010-10-14,7,8,0,0.110175
6772,2010-10-16,2,6,0,0.110157
6773,2010-10-19,4,3,0,0.110139
6774,2010-10-21,8,7,0,0.110121
6775,2010-10-23,8,8,1,0.110266
6776,2010-10-26,5,8,0,0.110248
6777,2010-10-28,1,3,0,0.11023
6778,2010-10-30,2,4,0,0.110212
6779,2010-11-02,1,3,0,0.110194
6780,2010-11-04,3,4,0,0.110176
6781,2010-11-06,8,1,0,0.110159
6782,2010-11-09,9,8,0,0.110141
6783,2010-11-11,4,7,0,0.110123
6784,2010-11-13,1,7,0,0.110105
6785,2010-11-16,3,4,0,0.110087
6786,2010-11-18,5,1,0,0.11007
6787,2010-11-20,9,3,0,0.110052
6788,2010-11-23,3,7,0,0.110034
6789,2010-11-25,7,1,0,0.110016
6790,2010-11-27,5,6,0,0.109998
6791,2010-11-30,4,3,0,0.109981
6792,2010-12-02,8,7,0,0.109963
6793,2010-12-04,5,8,0,0.109945
6794,2010-12-07,1,3,0,0.109927
6795,2010-12-09,2,4,0,0.10991
6796,2010-12-11,1,3,0,0.109892
6797,2010-12-14,8,4,0,0.109874
6798,2010-12-16,1,8,0,0.109856
6799,2010-12-18,9,4,0,0.109839
6800,2010-12-21,3,7,0,0.109821
6801,2010-12-23,8,1,0,0.109803
6802,2010-12-27,9,8,0,0.109786
6803,2010-12-28,5,7,0,0.109768
6804,2010-12-30,6,3,0,0.10975
6805,2011-01-03,9,8,0,0.109733
6806,2011-01-04,5,7,0,0.109715
6807,2011-01-07,7,3,0,0.109697
6808,2011-01-08,9,6,0,0.109679
6809,2011-01-11,8,7,0,0.109662
6810,2011-01-13,6,8,0,0.109644
6811,2011-01-15,3,8,0,0.109627
6812,2011-01-18,3,1,0,0.109609
6813,2011-01-20,1,1,1,0.109752
6814,2011-01-22,4,4,1,0.109895
6815,2011-01-25,7,7,1,0.110039
6816,2011-01-27,6,6,1,0.110182
6817,2011-01-29,4,8,0,0.110164
6818,2011-02-01,2,7,0,0.110146
6819,2011-02-03,9,3,0,0.110129
6820,2011-02-05,8,7,0,0.110111
6821,2011-02-08,7,8,0,0.110093
6822,2011-02-10,5,6,0,0.110076
6823,2011-02-12,9,3,0,0.110058
6824,2011-02-15,6,7,0,0.11004
6825,2011-02-17,5,8,0,0.110022
6826,2011-02-19,6,3,0,0.110005
6827,2011-02-22,7,8,0,0.109987
6828,2011-02-24,1,6,0,0.109969
6829,2011-02-26,6,4,0,0.109952
6830,2011-03-01,4,7,0,0.109934
6831,2011-03-03,9,7,0,0.109917
6832,2011-03-05,7,7,1,0.110059
6833,2011-03-08,7,6,0,0.110042
6834,2011-03-10,4,6,0,0.110024
6835,2011-03-12,6,7,0,0.110006
6836,2011-03-15,7,7,1,0.110149
6837,2011-03-18,7,6,0,0.110131
6838,2011-03-19,3,6,0,0.110114
6839,2011-03-22,8,1,0,0.110096
6840,2011-03-24,4,8,0,0.110079
6841,2011-03-26,7,7,1,0.110221
6842,2011-03-29,3,6,0,0.110203
6843,2011-03-31,9,1,0,0.110186
6844,2011-04-02,5,7,0,0.110168
6845,2011-04-05,6,3,0,0.11015
6846,2011-04-07,1,7,0,0.110133
6847,2011-04-09,8,4,0,0.110115
6848,2011-04-12,7,8,0,0.110098
6849,2011-04-14,3,6,0,0.11008
6850,2011-04-16,5,1,0,0.110062
6851,2011-04-19,1,3,0,0.110045
6852,2011-04-21,9,4,0,0.110027
6853,2011-04-23,8,7,0,0.11001
6854,2011-04-26,8,7,0,0.109992
6855,2011-04-28,6,8,0,0.109974
6856,2011-04-30,8,7,0,0.109957
6857,2011-05-03,2,8,0,0.109939
6858,2011-05-05,1,3,0,0.109922
6859,2011-05-07,1,4,0,0.109904
6860,2011-05-10,6,4,0,0.109887
6861,2011-05-12,6,7,0,0.109869
6862,2011-05-14,6,7,0,0.109852
6863,2011-05-17,3,7,0,0.109834
6864,2011-05-19,4,1,0,0.109816
6865,2011-05-21,1,7,0,0.109799
6866,2011-05-24,1,4,0,0.109781
6867,2011-05-26,5,4,0,0.109764
6868,2011-05-28,7,3,0,0.109746
6869,2011-05-31,5,6,0,0.109729
6870,2011-06-03,2,3,0,0.109711
6871,2011-06-04,6,3,0,0.109694
6872,2011-06-07,7,7,1,0.109836
6873,2011-06-09,9,6,0,0.109818
6874,2011-06-11,5,7,0,0.109801
6875,2011-06-14,4,3,0,0.109783
6876,2011-06-16,1,7,0,0.109766
6877,2011-06-18,8,4,0,0.109748
6878,2011-06-21,8,8,1,0.10989
6879,2011-06-23,5,8,0,0.109873
6880,2011-06-25,1,3,0,0.109855
6881,2011-06-28,5,4,0,0.109838
6882,2011-06-30,2,3,0,0.10982
6883,2011-07-02,1,3,0,0.109803
6884,2011-07-05,4,4,1,0.109944
6885,2011-07-07,5,7,0,0.109927
6886,2011-07-09,6,3,0,0.109909
6887,2011-07-12,3,7,0,0.109892
6888,2011-07-14,1,1,1,0.110033
6889,2011-07-16,8,4,0,0.110016
6890,2011-07-19,2,8,0,0.109998
6891,2011-07-21,4,3,0,0.109981
6892,2011-07-23,3,7,0,0.109963
6893,2011-07-26,4,1,0,0.109946
6894,2011-07-28,1,7,0,0.109929
6895,2011-07-30,8,4,0,0.109911
6896,2011-08-02,5,8,0,0.109894
6897,2011-08-04,1,3,0,0.109876
6898,2011-08-06,9,4,0,0.109859
6899,2011-08-09,1,7,0,0.109841
6900,2011-08-11,3,4,0,0.109824
6901,2011-08-13,6,1,0,0.109806
6902,2011-08-16,7,7,1,0.109948
6903,2011-08-18,2,6,0,0.10993
6904,2011-08-20,9,3,0,0.109913
6905,2011-08-23,9,7,0,0.109895
6906,2011-08-25,1,7,0,0.109878
6907,2011-08-27,7,4,0,0.10986
6908,2011-08-30,1,6,0,0.109843
6909,2011-09-01,3,4,0,0.109826
6910,2011-09-03,5,1,0,0.109808
6911,2011-09-06,8,3,0,0.109791
6912,2011-09-08,8,8,1,0.109932
6913,2011-09-10,3,8,0,0.109914
6914,2011-09-13,8,1,0,0.109897
6915,2011-09-15,6,8,0,0.10988
6916,2011-09-17,6,7,0,0.109862
6917,2011-09-20,2,7,0,0.109845
6918,2011-09-22,7,3,0,0.109828
6919,2011-09-24,3,6,0,0.10981
6920,2011-09-27,3,1,0,0.109793
6921,2011-09-29,7,1,0,0.109775
6922,2011-10-01,2,6,0,0.109758
6923,2011-10-04,5,3,0,0.109741
6924,2011-10-06,5,3,0,0.109723
6925,2011-10-08,4,3,0,0.109706
6926,2011-10-11,4,7,0,0.109689
6927,2011-10-13,4,7,0,0.109671
6928,2011-10-15,1,7,0,0.109654
6929,2011-10-18,7,4,0,0.109637
6930,2011-10-20,1,6,0,0.109619
6931,2011-10-22,9,4,0,0.109602
6932,2011-10-25,3,1,0,0.109585
6933,2011-10-27,1,1,1,0.109725
6934,2011-10-29,1,4,0,0.109708
6935,2011-11-02,8,4,0,0.109691
6936,2011-11-03,2,8,0,0.109673
6937,2011-11-05,8,3,0,0.109656
6938,2011-11-08,6,8,0,0.109639
6939,2011-11-10,3,7,0,0.109621
6940,2011-11-12,1,1,1,0.109762
6941,2011-11-15,4,4,1,0.109902
6942,2011-11-17,9,7,0,0.109885
6943,2011-11-19,9,1,0,0.109868
6944,2011-11-22,5,1,0,0.10985
6945,2011-11-24,8,3,0,0.109833
6946,2011-11-26,6,8,0,0.109816
6947,2011-11-29,9,7,0,0.109798
6948,2011-12-01,9,1,0,0.109781
6949,2011-12-03,7,9,0,0.109764
6950,2011-12-06,3,6,0,0.109746
6951,2011-12-09,9,1,0,0.109729
6952,2011-12-10,5,7,0,0.109712
6953,2011-12-13,7,3,0,0.109695
6954,2011-12-15,1,6,0,0.109677
6955,2011-12-17,3,4,0,0.10966
6956,2011-12-20,7,1,0,0.109643
6957,2011-12-22,7,6,0,0.109626
6958,2011-12-24,6,6,1,0.109766
6959,2011-12-27,6,7,0,0.109748
6960,2011-12-29,5,7,0,0.109731
6961,2011-12-31,3,3,1,0.109871
6962,2012-01-03,3,1,0,0.109854
6963,2012-01-05,6,1,0,0.109837
6964,2012-01-07,1,7,0,0.109819
6965,2012-01-10,8,4,0,0.109802
6966,2012-01-12,5,8,0,0.109785
6967,2012-01-14,2,3,0,0.109768
6968,2012-01-17,7,3,0,0.10975
6969,2012-01-19,7,6,0,0.109733
6970,2012-01-21,4,6,0,0.109716
6971,2012-01-24,4,7,0,0.109699
6972,2012-01-26,6,7,0,0.109681
6973,2012-01-28,6,7,0,0.109664
6974,2012-01-31,8,7,0,0.109647
6975,2012-02-02,6,8,0,0.10963
6976,2012-02-04,9,7,0,0.109613
6977,2012-02-07,7,7,1,0.109752
6978,2012-02-09,5,6,0,0.109735
6979,2012-02-11,7,3,0,0.109718
6980,2012-02-14,6,6,1,0.109857
6981,2012-02-16,6,7,0,0.10984
6982,2012-02-18,5,7,0,0.109823
6983,2012-02-21,2,3,0,0.109806
6984,2012-02-23,3,3,1,0.109945
6985,2012-02-25,5,1,0,0.109928
6986,2012-02-28,5,3,0,0.109911
6987,2012-03-01,5,3,0,0.109894
6988,2012-03-03,4,3,0,0.109876
6989,2012-03-06,8,7,0,0.109859
6990,2012-03-08,5,8,0,0.109842
6991,2012-03-10,9,3,0,0.109825
6992,2012-03-13,3,7,0,0.109808
6993,2012-03-15,9,1,0,0.10979
6994,2012-03-17,1,7,0,0.109773
6995,2012-03-20,1,4,0,0.109756
6996,2012-03-22,4,4,1,0.109895
6997,2012-03-24,8,7,0,0.109878
6998,2012-03-27,1,8,0,0.109861
6999,2012-03-29,1,4,0,0.109844
7000,2012-03-31,8,4,0,0.109827
7001,2012-04-03,5,8,0,0.109809
7002,2012-04-05,5,3,0,0.109792
7003,2012-04-07,6,3,0,0.109775
7004,2012-04-10,1,7,0,0.109758
7005,2012-04-12,3,4,0,0.109741
7006,2012-04-14,3,1,0,0.109724
7007,2012-04-17,9,1,0,0.109707
7008,2012-04-19,9,7,0,0.109689
7009,2012-04-21,5,7,0,0.109672
7010,2012-04-24,5,3,0,0.109655
7011,2012-04-26,7,3,0,0.109638
7012,2012-04-28,4,6,0,0.109621
7013,2012-05-02,5,7,0,0.109604
7014,2012-05-03,1,3,0,0.109587
7015,2012-05-05,5,4,0,0.10957
7016,2012-05-08,9,3,0,0.109553
7017,2012-05-10,1,7,0,0.109536
7018,2012-05-12,6,4,0,0.109519
7019,2012-05-15,1,7,0,0.109502
7020,2012-05-17,1,4,0,0.109485
7021,2012-05-19,8,4,0,0.109467
7022,2012-05-22,1,8,0,0.10945
7023,2012-05-24,1,4,0,0.109433
7024,2012-05-26,3,4,0,0.109416
7025,2012-05-29,3,1,0,0.109399
7026,2012-05-31,4,1,0,0.109382
7027,2012-06-04,9,7,0,0.109365
7028,2012-06-05,4,1,0,0.109348
7029,2012-06-07,4,7,0,0.109331
7030,2012-06-09,1,7,0,0.109314
7031,2012-06-12,2,4,0,0.109297
7032,2012-06-14,5,3,0,0.10928
7033,2012-06-16,1,3,0,0.109263
7034,2012-06-19,6,4,0,0.109246
7035,2012-06-21,4,7,0,0.109229
7036,2012-06-23,1,7,0,0.109212
7037,2012-06-26,3,4,0,0.109195
7038,2012-06-28,5,1,0,0.109178
7039,2012-06-30,3,3,1,0.109317
7040,2012-07-03,3,1,0,0.1093
7041,2012-07-05,3,1,0,0.109283
7042,2012-07-07,2,1,0,0.109266
7043,2012-07-10,4,3,0,0.109249
7044,2012-07-12,2,7,0,0.109232
7045,2012-07-14,6,3,0,0.109215
7046,2012-07-17,7,7,1,0.109353
7047,2012-07-19,9,6,0,0.109336
7048,2012-07-21,4,1,0,0.109319
7049,2012-07-24,4,7,0,0.109302
7050,2012-07-26,8,7,0,0.109285
7051,2012-07-28,6,8,0,0.109268
7052,2012-07-31,9,7,0,0.109252
7053,2012-08-02,3,1,0,0.109235
7054,2012-08-04,7,1,0,0.109218
7055,2012-08-07,6,6,1,0.109356
7056,2012-08-09,9,7,0,0.109339
7057,2012-08-11,4,1,0,0.109322
7058,2012-08-14,1,7,0,0.109305
7059,2012-08-16,2,4,0,0.109288
7060,2012-08-18,7,3,0,0.109271
7061,2012-08-21,5,6,0,0.109254
7062,2012-08-23,4,3,0,0.109237
7063,2012-08-25,9,7,0,0.10922
7064,2012-08-28,8,1,0,0.109203
7065,2012-08-30,9,8,0,0.109187
7066,2012-09-01,9,1,0,0.10917
7067,2012-09-04,1,9,0,0.109153
7068,2012-09-06,8,4,0,0.109136
7069,2012-09-08,5,8,0,0.109119
7070,2012-09-11,4,3,0,0.109102
7071,2012-09-13,8,7,0,0.109085
7072,2012-09-15,4,8,0,0.109068
7073,2012-09-18,2,7,0,0.109052
7074,2012-09-20,4,3,0,0.109035
7075,2012-09-22,1,7,0,0.109018
7076,2012-09-25,3,4,0,0.109001
7077,2012-09-27,3,1,0,0.108984
7078,2012-09-29,1,1,1,0.109122
7079,2012-10-02,7,4,0,0.109105
7080,2012-10-04,1,6,0,0.109088
7081,2012-10-06,9,4,0,0.109071
7082,2012-10-09,4,1,0,0.109054
7083,2012-10-11,5,1,0,0.109038
7084,2012-10-13,9,3,0,0.109021
7085,2012-10-16,1,1,1,0.109158
7086,2012-10-18,9,4,0,0.109141
7087,2012-10-20,7,1,0,0.109125
7088,2012-10-23,6,6,1,0.109262
7089,2012-10-25,9,7,0,0.109245
7090,2012-10-27,1,1,1,0.109382
7091,2012-10-30,1,4,0,0.109365
7092,2012-11-02,8,4,0,0.109349
7093,2012-11-03,5,8,0,0.109332
7094,2012-11-06,9,3,0,0.109315
7095,2012-11-08,1,1,1,0.109452
7096,2012-11-10,8,4,0,0.109435
7097,2012-11-13,9,8,0,0.109418
7098,2012-11-15,3,1,0,0.109401
7099,2012-11-17,9,1,0,0.109385
7100,2012-11-20,9,1,0,0.109368
7101,2012-11-22,3,1,0,0.109351
7102,2012-11-24,5,1,0,0.109334
7103,2012-11-27,6,3,0,0.109317
7104,2012-11-29,6,7,0,0.109301
7105,2012-12-01,7,7,1,0.109437
7106,2012-12-04,1,6,0,0.109421
7107,2012-12-06,1,4,0,0.109404
7108,2012-12-10,5,4,0,0.109387
7109,2012-12-11,3,3,1,0.109524
7110,2012-12-13,4,1,0,0.109507
7111,2012-12-15,2,1,0,0.10949
7112,2012-12-18,1,3,0,0.109473
7113,2012-12-20,7,4,0,0.109457
7114,2012-12-22,8,6,0,0.10944
7115,2012-12-24,6,8,0,0.109423
7116,2012-12-27,5,7,0,0.109406
7117,2012-12-29,2,3,0,0.109389
7118,2013-01-02,3,3,1,0.109526
7119,2013-01-03,8,1,0,0.109509
7120,2013-01-05,1,8,0,0.109492
7121,2013-01-08,5,4,0,0.109476
7122,2013-01-10,5,3,0,0.109459
7123,2013-01-12,3,3,1,0.109595
7124,2013-01-15,5,1,0,0.109579
7125,2013-01-17,1,3,0,0.109562
7126,2013-01-19,5,4,0,0.109545
7127,2013-01-22,3,3,1,0.109681
7128,2013-01-24,3,1,0,0.109665
7129,2013-01-26,7,1,0,0.109648
7130,2013-01-29,3,6,0,0.109631
7131,2013-01-31,8,1,0,0.109614
7132,2013-02-02,4,8,0,0.109597
7133,2013-02-05,8,1,0,0.109581
7134,2013-02-07,9,8,0,0.109564
7135,2013-02-09,3,1,0,0.109547
7136,2013-02-12,9,1,0,0.10953
7137,2013-02-14,2,1,0,0.109514
7138,2013-02-16,1,3,0,0.109497
7139,2013-02-19,6,4,0,0.10948
7140,2013-02-21,9,7,0,0.109463
7141,2013-02-23,9,1,0,0.109447
7142,2013-02-26,1,1,1,0.109583
7143,2013-02-28,8,4,0,0.109566
7144,2013-03-02,8,8,1,0.109702
7145,2013-03-05,5,8,0,0.109685
7146,2013-03-07,3,3,1,0.109821
7147,2013-03-09,2,1,0,0.109805
7148,2013-03-12,8,3,0,0.109788
7149,2013-03-14,9,8,0,0.109771
7150,2013-03-16,5,1,0,0.109754
7151,2013-03-19,1,3,0,0.109737
7152,2013-03-21,7,4,0,0.109721
7153,2013-03-23,3,6,0,0.109704
7154,2013-03-26,3,1,0,0.109687
7155,2013-03-28,4,1,0,0.109671
7156,2013-03-30,9,1,0,0.109654
7157,2013-04-02,1,1,1,0.10979
7158,2013-04-04,7,4,0,0.109773
7159,2013-04-06,5,6,0,0.109756
7160,2013-04-09,8,3,0,0.109739
7161,2013-04-11,6,8,0,0.109723
7162,2013-04-13,9,7,0,0.109706
7163,2013-04-16,2,1,0,0.109689
7164,2013-04-18,7,3,0,0.109673
7165,2013-04-20,3,6,0,0.109656
7166,2013-04-23,6,1,0,0.109639
7167,2013-04-26,1,9,0,0.109622
7168,2013-04-27,6,4,0,0.109606
7169,2013-04-30,9,9,1,0.109741
7170,2013-05-02,7,1,0,0.109725
7171,2013-05-04,4,6,0,0.109708
7172,2013-05-07,6,1,0,0.109691
7173,2013-05-09,1,9,0,0.109674
7174,2013-05-11,9,4,0,0.109658
7175,2013-05-14,1,1,1,0.109793
7176,2013-05-16,8,4,0,0.109776
7177,2013-05-18,6,8,0,0.10976
7178,2013-05-21,4,9,0,0.109743
7179,2013-05-23,9,1,0,0.109726
7180,2013-05-25,9,1,0,0.10971
7181,2013-05-28,6,1,0,0.109693
7182,2013-05-30,6,9,0,0.109676
7183,2013-06-01,1,9,0,0.10966
7184,2013-06-04,5,4,0,0.109643
7185,2013-06-06,5,3,0,0.109626
7186,2013-06-08,7,3,0,0.10961
7187,2013-06-11,2,6,0,0.109593
7188,2013-06-13,6,3,0,0.109577
7189,2013-06-15,5,9,0,0.10956
7190,2013-06-18,3,3,1,0.109695
7191,2013-06-20,9,1,0,0.109678
7192,2013-06-22,3,1,0,0.109662
7193,2013-06-25,2,1,0,0.109645
7194,2013-06-27,1,3,0,0.109629
7195,2013-06-29,5,4,0,0.109612
7196,2013-07-02,9,3,0,0.109595
7197,2013-07-04,2,1,0,0.109579
7198,2013-07-06,5,3,0,0.109562
7199,2013-07-09,6,3,0,0.109545
7200,2013-07-11,3,9,0,0.109529
7201,2013-07-13,8,1,0,0.109512
7202,2013-07-16,8,8,1,0.109647
7203,2013-07-18,8,8,1,0.109782
7204,2013-07-20,3,8,0,0.109765
7205,2013-07-23,7,1,0,0.109749
7206,2013-07-25,6,6,1,0.109883
7207,2013-07-27,3,9,0,0.109867
7208,2013-07-30,6,1,0,0.10985
7209,2013-08-01,2,9,0,0.109834
7210,2013-08-03,5,3,0,0.109817
7211,2013-08-06,2,3,0,0.1098
7212,2013-08-08,9,3,0,0.109784
7213,2013-08-10,7,1,0,0.109767
7214,2013-08-13,5,6,0,0.109751
7215,2013-08-16,5,3,0,0.109734
7216,2013-08-17,7,3,0,0.109717
7217,2013-08-20,8,6,0,0.109701
7218,2013-08-22,6,8,0,0.109684
7219,2013-08-24,1,9,0,0.109668
7220,2013-08-27,8,4,0,0.109651
7221,2013-08-29,2,8,0,0.109635
7222,2013-08-31,2,3,0,0.109618
7223,2013-09-03,2,3,0,0.109601
7224,2013-09-05,6,3,0,0.109585
7225,2013-09-07,7,9,0,0.109568
7226,2013-09-10,7,6,0,0.109552
7227,2013-09-12,2,6,0,0.109535
7228,2013-09-14,7,3,0,0.109519
7229,2013-09-17,7,6,0,0.109502
7230,2013-09-19,5,6,0,0.109486
7231,2013-09-21,5,3,0,0.109469
7232,2013-09-24,5,3,0,0.109453
7233,2013-09-26,4,3,0,0.109436
7234,2013-09-28,4,1,0,0.10942
7235,2013-10-01,3,1,0,0.109403
7236,2013-10-03,5,1,0,0.109387
7237,2013-10-05,5,3,0,0.10937
7238,2013-10-08,2,3,0,0.109354
7239,2013-10-10,5,3,0,0.109337
7240,2013-10-12,5,3,0,0.109321
7241,2013-10-15,3,3,1,0.109455
7242,2013-10-17,9,1,0,0.109439
7243,2013-10-19,2,1,0,0.109422
7244,2013-10-22,8,3,0,0.109406
7245,2013-10-24,4,8,0,0.109389
7246,2013-10-26,1,1,1,0.109523
7247,2013-10-29,2,4,0,0.109507
7248,2013-10-31,8,3,0,0.10949
7249,2013-11-02,8,8,1,0.109624
7250,2013-11-05,9,8,0,0.109608
7251,2013-11-07,2,1,0,0.109591
7252,2013-11-09,1,3,0,0.109575
7253,2013-11-12,8,4,0,0.109558
7254,2013-11-14,2,8,0,0.109542
7255,2013-11-16,3,3,1,0.109675
7256,2013-11-19,1,1,1,0.109809
7257,2013-11-21,3,4,0,0.109793
7258,2013-11-23,5,1,0,0.109776
7259,2013-11-26,3,3,1,0.10991
7260,2013-11-28,4,1,0,0.109893
7261,2013-11-30,4,1,0,0.109877
7262,2013-12-03,2,1,0,0.10986
7263,2013-12-05,8,3,0,0.109844
7264,2013-12-07,5,8,0,0.109827
7265,2013-12-10,1,3,0,0.109811
7266,2013-12-12,1,4,0,0.109795
7267,2013-12-14,7,4,0,0.109778
7268,2013-12-17,3,6,0,0.109762
7269,2013-12-19,6,1,0,0.109745
7270,2013-12-21,4,9,0,0.109729
7271,2013-12-24,9,1,0,0.109712
7272,2013-12-27,7,1,0,0.109696
7273,2013-12-28,2,6,0,0.109679
7274,2013-12-31,4,3,0,0.109663
7275,2014-01-02,8,1,0,0.109646
7276,2014-01-04,7,8,0,0.10963
7277,2014-01-07,9,6,0,0.109614
7278,2014-01-09,8,1,0,0.109597
7279,2014-01-11,8,8,1,0.109731
7280,2014-01-14,4,8,0,0.109714
7281,2014-01-16,9,1,0,0.109698
7282,2014-01-18,4,1,0,0.109681
7283,2014-01-21,5,1,0,0.109665
7284,2014-01-23,1,3,0,0.109648
7285,2014-01-25,4,4,1,0.109782
7286,2014-01-28,1,1,1,0.109915
7287,2014-01-30,5,4,0,0.109898
7288,2014-02-01,7,3,0,0.109882
7289,2014-02-04,1,6,0,0.109865
7290,2014-02-06,3,4,0,0.109849
7291,2014-02-08,2,1,0,0.109833
7292,2014-02-11,6,3,0,0.109816
7293,2014-02-13,6,9,0,0.1098
7294,2014-02-15,3,9,0,0.109783
7295,2014-02-18,9,1,0,0.109767
7296,2014-02-20,4,1,0,0.109751
7297,2014-02-22,3,1,0,0.109734
7298,2014-02-25,8,1,0,0.109718
7299,2014-02-27,2,8,0,0.109701
7300,2014-03-01,5,3,0,0.109685
7301,2014-03-04,1,3,0,0.109669
7302,2014-03-06,2,4,0,0.109652
7303,2014-03-08,7,3,0,0.109636
7304,2014-03-11,8,6,0,0.10962
7305,2014-03-13,4,8,0,0.109603
7306,2014-03-15,1,1,1,0.109736
7307,2014-03-18,2,4,0,0.10972
7308,2014-03-20,3,3,1,0.109852
7309,2014-03-22,8,1,0,0.109836
7310,2014-03-25,5,8,0,0.10982
7311,2014-03-27,1,3,0,0.109803
7312,2014-03-29,3,4,0,0.109787
7313,2014-04-01,3,1,0,0.109771
7314,2014-04-03,6,1,0,0.109754
7315,2014-04-05,7,9,0,0.109738
7316,2014-04-08,9,6,0,0.109722
7317,2014-04-10,6,1,0,0.109705
7318,2014-04-12,5,7,0,0.109689
7319,2014-04-15,4,3,0,0.109673
7320,2014-04-17,8,1,0,0.109656
7321,2014-04-19,5,8,0,0.10964
7322,2014-04-22,5,3,0,0.109624
7323,2014-04-24,9,3,0,0.109607
7324,2014-04-26,3,1,0,0.109591
7325,2014-04-29,5,1,0,0.109575
7326,2014-05-02,8,3,0,0.109558
7327,2014-05-03,7,8,0,0.109542
7328,2014-05-06,7,6,0,0.109526
7329,2014-05-08,1,6,0,0.10951
7330,2014-05-10,1,4,0,0.109493
7331,2014-05-13,7,4,0,0.109477
7332,2014-05-15,9,6,0,0.109461
7333,2014-05-17,5,1,0,0.109445
7334,2014-05-20,7,3,0,0.109428
7335,2014-05-22,1,6,0,0.109412
7336,2014-05-24,3,4,0,0.109396
7337,2014-05-27,1,1,1,0.109528
7338,2014-05-29,9,4,0,0.109512
7339,2014-05-31,6,1,0,0.109496
7340,2014-06-03,6,7,0,0.109479
7341,2014-06-05,4,7,0,0.109463
7342,2014-06-07,9,1,0,0.109447
7343,2014-06-10,1,1,1,0.109579
7344,2014-06-12,7,4,0,0.109563
7345,2014-06-14,7,6,0,0.109546
7346,2014-06-17,9,6,0,0.10953
7347,2014-06-19,6,1,0,0.109514
7348,2014-06-21,8,7,0,0.109498
7349,2014-06-24,3,8,0,0.109481
7350,2014-06-26,3,1,0,0.109465
7351,2014-06-28,1,1,1,0.109597
7352,2014-07-01,4,4,1,0.109729
7353,2014-07-03,3,1,0,0.109713
7354,2014-07-05,8,1,0,0.109697
7355,2014-07-08,3,8,0,0.10968
7356,2014-07-10,2,1,0,0.109664
7357,2014-07-12,2,3,0,0.109648
7358,2014-07-15,4,3,0,0.109632
7359,2014-07-17,2,1,0,0.109615
7360,2014-07-19,5,3,0,0.109599
7361,2014-07-22,6,3,0,0.109583
7362,2014-07-24,4,7,0,0.109567
7363,2014-07-26,6,1,0,0.109551
7364,2014-07-29,1,7,0,0.109534
7365,2014-07-31,4,4,1,0.109666
7366,2014-08-02,5,1,0,0.10965
7367,2014-08-05,1,3,0,0.109634
7368,2014-08-07,5,4,0,0.109617
7369,2014-08-09,9,3,0,0.109601
7370,2014-08-12,6,1,0,0.109585
7371,2014-08-14,9,7,0,0.109569
7372,2014-08-16,2,1,0,0.109553
7373,2014-08-19,4,3,0,0.109536
7374,2014-08-21,5,1,0,0.10952
7375,2014-08-23,1,3,0,0.109504
7376,2014-08-26,8,4,0,0.109488
7377,2014-08-28,2,8,0,0.109472
7378,2014-08-30,2,3,0,0.109456
7379,2014-09-02,3,3,1,0.109587
7380,2014-09-04,7,1,0,0.109571
7381,2014-09-06,2,6,0,0.109555
7382,2014-09-09,3,3,1,0.109686
7383,2014-09-11,7,1,0,0.10967
7384,2014-09-13,9,6,0,0.109654
7385,2014-09-16,3,1,0,0.109637
7386,2014-09-18,8,1,0,0.109621
7387,2014-09-20,3,8,0,0.109605
7388,2014-09-23,2,1,0,0.109589
7389,2014-09-25,2,3,0,0.109573
7390,2014-09-27,5,3,0,0.109557
7391,2014-09-30,8,3,0,0.109541
7392,2014-10-02,7,8,0,0.109525
7393,2014-10-04,3,6,0,0.109508
7394,2014-10-07,7,1,0,0.109492
7395,2014-10-09,5,6,0,0.109476
7396,2014-10-11,2,3,0,0.10946
7397,2014-10-14,4,3,0,0.109444
7398,2014-10-16,7,1,0,0.109428
7399,2014-10-18,1,6,0,0.109412
7400,2014-10-21,6,4,0,0.109396
7401,2014-10-23,6,9,0,0.10938
7402,2014-10-25,4,9,0,0.109364
7403,2014-10-28,2,1,0,0.109347
7404,2014-10-30,6,3,0,0.109331
7405,2014-11-03,6,9,0,0.109315
7406,2014-11-04,9,9,1,0.109446
7407,2014-11-06,6,1,0,0.10943
7408,2014-11-08,3,9,0,0.109414
7409,2014-11-11,7,1,0,0.109398
7410,2014-11-13,8,6,0,0.109382
7411,2014-11-15,5,8,0,0.109366
7412,2014-11-18,1,3,0,0.10935
7413,2014-11-20,2,4,0,0.109334
7414,2014-11-22,3,3,1,0.109464
7415,2014-11-25,8,1,0,0.109448
7416,2014-11-27,4,8,0,0.109432
7417,2014-11-29,7,1,0,0.109416
7418,2014-12-02,8,6,0,0.1094
7419,2014-12-04,1,8,0,0.109384
7420,2014-12-06,5,4,0,0.109368
7421,2014-12-09,5,3,0,0.109352
7422,2014-12-11,4,3,0,0.109336
7423,2014-12-13,7,1,0,0.10932
7424,2014-12-16,4,6,0,0.109304
7425,2014-12-18,7,1,0,0.109288
7426,2014-12-20,3,6,0,0.109272
7427,2014-12-23,7,1,0,0.109256
7428,2014-12-24,1,6,0,0.10924
7429,2014-12-27,3,4,0,0.109224
7430,2014-12-30,9,1,0,0.109208
7431,2015-01-02,1,1,1,0.109338
7432,2015-01-03,3,4,0,0.109322
7433,2015-01-07,4,1,0,0.109306
7434,2015-01-08,4,7,0,0.10929
7435,2015-01-10,4,7,0,0.109274
7436,2015-01-13,7,7,1,0.109405
7437,2015-01-15,5,6,0,0.109389
7438,2015-01-17,3,3,1,0.109519
7439,2015-01-20,4,1,0,0.109503
7440,2015-01-22,6,7,0,0.109487
7441,2015-01-24,6,9,0,0.109471
7442,2015-01-27,4,9,0,0.109455
7443,2015-01-29,6,7,0,0.109439
7444,2015-01-31,1,9,0,0.109423
7445,2015-02-03,7,4,0,0.109407
7446,2015-02-05,8,6,0,0.109391
7447,2015-02-07,5,8,0,0.109375
7448,2015-02-10,4,3,0,0.109359
7449,2015-02-12,6,7,0,0.109343
7450,2015-02-14,2,9,0,0.109327
7451,2015-02-17,5,3,0,0.109311
7452,2015-02-19,7,3,0,0.109295
7453,2015-02-21,4,6,0,0.109279
7454,2015-02-24,2,7,0,0.109263
7455,2015-02-26,9,3,0,0.109247
7456,2015-02-28,8,1,0,0.109231
7457,2015-03-03,5,8,0,0.109216
7458,2015-03-05,7,3,0,0.1092
7459,2015-03-07,7,6,0,0.109184
7460,2015-03-10,5,6,0,0.109168
7461,2015-03-12,5,3,0,0.109152
7462,2015-03-14,2,3,0,0.109136
7463,2015-03-17,6,3,0,0.10912
7464,2015-03-19,3,9,0,0.109104
7465,2015-03-21,4,1,0,0.109088
7466,2015-03-24,1,7,0,0.109072
7467,2015-03-26,1,4,0,0.109056
7468,2015-03-28,1,4,0,0.109041
7469,2015-03-31,9,4,0,0.109025
7470,2015-04-02,4,1,0,0.109009
7471,2015-04-04,8,7,0,0.108993
7472,2015-04-07,9,8,0,0.108977
7473,2015-04-09,6,1,0,0.108961
7474,2015-04-11,2,9,0,0.108945
7475,2015-04-14,3,3,1,0.109075
7476,2015-04-16,2,1,0,0.109059
7477,2015-04-18,6,3,0,0.109043
7478,2015-04-21,8,9,0,0.109027
7479,2015-04-23,3,8,0,0.109012
7480,2015-04-27,3,1,0,0.108996
7481,2015-04-28,7,1,0,0.10898
7482,2015-04-30,5,6,0,0.108964
7483,2015-05-02,4,3,0,0.108948
7484,2015-05-05,2,7,0,0.108932
7485,2015-05-07,6,3,0,0.108917
7486,2015-05-09,9,9,1,0.109046
7487,2015-05-12,2,1,0,0.10903
7488,2015-05-14,8,3,0,0.109014
7489,2015-05-16,2,8,0,0.108999
7490,2015-05-19,9,3,0,0.108983
7491,2015-05-21,1,1,1,0.109112
7492,2015-05-23,3,4,0,0.109096
7493,2015-05-26,6,1,0,0.10908
7494,2015-05-28,6,9,0,0.109065
7495,2015-05-30,3,9,0,0.109049
7496,2015-06-03,5,1,0,0.109033
7497,2015-06-04,8,3,0,0.109017
7498,2015-06-06,7,8,0,0.109001
7499,2015-06-09,2,6,0,0.108986
7500,2015-06-11,5,3,0,0.10897
7501,2015-06-13,2,3,0,0.108954
7502,2015-06-16,8,3,0,0.108938
7503,2015-06-18,3,8,0,0.108922
7504,2015-06-20,3,1,0,0.108907
7505,2015-06-23,1,1,1,0.109036
7506,2015-06-25,1,4,0,0.10902
7507,2015-06-27,6,4,0,0.109004
7508,2015-06-30,4,9,0,0.108988
7509,2015-07-02,2,7,0,0.108973
7510,2015-07-04,6,3,0,0.108957
7511,2015-07-07,7,9,0,0.108941
7512,2015-07-09,6,6,1,0.10907
7513,2015-07-11,2,9,0,0.109054
7514,2015-07-14,8,3,0,0.109038
7515,2015-07-16,7,8,0,0.109023
7516,2015-07-18,4,6,0,0.109007
7517,2015-07-21,3,7,0,0.108991
7518,2015-07-23,7,1,0,0.108975
7519,2015-07-25,3,6,0,0.10896
7520,2015-07-28,1,1,1,0.109088
7521,2015-07-30,7,4,0,0.109073
7522,2015-08-01,5,6,0,0.109057
7523,2015-08-04,8,3,0,0.109041
7524,2015-08-06,9,8,0,0.109025
7525,2015-08-08,6,1,0,0.10901
7526,2015-08-11,1,9,0,0.108994
7527,2015-08-13,6,4,0,0.108978
7528,2015-08-17,3,9,0,0.108962
7529,2015-08-18,2,1,0,0.108947
7530,2015-08-20,4,3,0,0.108931
7531,2015-08-22,5,7,0,0.108915
7532,2015-08-25,4,3,0,0.108899
7533,2015-08-27,8,7,0,0.108884
7534,2015-08-29,6,8,0,0.108868
7535,2015-09-01,6,9,0,0.108852
7536,2015-09-03,1,9,0,0.108837
7537,2015-09-05,3,4,0,0.108821
7538,2015-09-08,1,1,1,0.108949
7539,2015-09-10,2,4,0,0.108934
7540,2015-09-12,8,3,0,0.108918
7541,2015-09-15,9,8,0,0.108902
7542,2015-09-17,3,1,0,0.108887
7543,2015-09-19,2,1,0,0.108871
7544,2015-09-22,4,3,0,0.108855
7545,2015-09-24,1,7,0,0.10884
7546,2015-09-26,8,4,0,0.108824
7547,2015-09-29,5,8,0,0.108808
7548,2015-10-01,4,3,0,0.108793
7549,2015-10-03,2,1,0,0.108777
7550,2015-10-06,1,3,0,0.108761
7551,2015-10-08,7,4,0,0.108746
7552,2015-10-10,6,6,1,0.108874
7553,2015-10-13,3,9,0,0.108858
7554,2015-10-15,9,1,0,0.108843
7555,2015-10-17,3,1,0,0.108827
7556,2015-10-20,6,1,0,0.108811
7557,2015-10-22,5,9,0,0.108796
7558,2015-10-24,2,3,0,0.10878
7559,2015-10-27,6,3,0,0.108764
7560,2015-10-29,4,9,0,0.108749
7561,2015-10-31,3,1,0,0.108733
7562,2015-11-03,2,1,0,0.108718
7563,2015-11-05,5,3,0,0.108702
7564,2015-11-07,2,3,0,0.108686
7565,2015-11-10,5,3,0,0.108671
7566,2015-11-12,1,3,0,0.108655
7567,2015-11-14,8,4,0,0.108639
7568,2015-11-17,6,8,0,0.108624
7569,2015-11-19,6,9,0,0.108608
7570,2015-11-21,2,9,0,0.108593
7571,2015-11-24,3,3,1,0.108721
7572,2015-11-26,1,1,1,0.108848
7573,2015-11-28,1,4,0,0.108833
7574,2015-12-01,2,4,0,0.108817
7575,2015-12-03,3,3,1,0.108945
7576,2015-12-05,2,1,0,0.108929
7577,2015-12-09,4,3,0,0.108914
7578,2015-12-10,2,1,0,0.108898
7579,2015-12-12,9,3,0,0.108883
7580,2015-12-15,7,1,0,0.108867
7581,2015-12-17,8,6,0,0.108851
7582,2015-12-19,8,8,1,0.108979
7583,2015-12-22,7,8,0,0.108963
7584,2015-12-24,2,6,0,0.108948
7585,2015-12-28,7,3,0,0.108932
7586,2015-12-29,7,6,0,0.108917
7587,2015-12-31,7,6,0,0.108901
7588,2016-01-02,6,6,1,0.109028
7589,2016-01-05,9,9,1,0.109156
7590,2016-01-07,7,1,0,0.10914
7591,2016-01-09,4,6,0,0.109125
7592,2016-01-12,1,1,1,0.109252
7593,2016-01-14,4,4,1,0.109379
7594,2016-01-16,4,1,0,0.109364
7595,2016-01-19,4,1,0,0.109348
7596,2016-01-21,4,1,0,0.109333
7597,2016-01-23,7,1,0,0.109317
7598,2016-01-26,1,6,0,0.109301
7599,2016-01-28,1,4,0,0.109286
7600,2016-01-30,3,4,0,0.10927
7601,2016-02-02,2,1,0,0.109254
7602,2016-02-04,8,3,0,0.109239
7603,2016-02-06,2,8,0,0.109223
7604,2016-02-09,5,3,0,0.109208
7605,2016-02-11,2,3,0,0.109192
7606,2016-02-13,7,3,0,0.109177
7607,2016-02-16,8,6,0,0.109161
7608,2016-02-18,6,8,0,0.109145
7609,2016-02-20,5,9,0,0.10913
7610,2016-02-23,3,3,1,0.109257
7611,2016-02-25,7,1,0,0.109241
7612,2016-02-27,5,6,0,0.109226
7613,2016-03-01,1,3,0,0.10921
7614,2016-03-03,7,4,0,0.109195
7615,2016-03-05,9,6,0,0.109179
7616,2016-03-08,9,1,0,0.109163
7617,2016-03-10,6,1,0,0.109148
7618,2016-03-12,7,9,0,0.109132
7619,2016-03-15,7,6,0,0.109117
7620,2016-03-17,2,6,0,0.109101
7621,2016-03-19,2,3,0,0.109086
7622,2016-03-22,1,3,0,0.10907
7623,2016-03-24,5,4,0,0.109055
7624,2016-03-26,1,3,0,0.109039
7625,2016-03-29,6,4,0,0.109024
7626,2016-03-31,2,9,0,0.109008
7627,2016-04-02,6,3,0,0.108993
7628,2016-04-05,4,9,0,0.108977
7629,2016-04-07,2,1,0,0.108962
7630,2016-04-09,8,3,0,0.108946
7631,2016-04-12,5,8,0,0.108931
7632,2016-04-14,2,3,0,0.108915
7633,2016-04-16,4,3,0,0.1089
7634,2016-04-19,6,1,0,0.108884
7635,2016-04-21,8,9,0,0.108869
7636,2016-04-23,1,8,0,0.108853
7637,2016-04-26,5,4,0,0.108838
7638,2016-04-28,3,3,1,0.108964
7639,2016-04-30,9,1,0,0.108949
7640,2016-05-03,4,1,0,0.108933
7641,2016-05-05,6,1,0,0.108918
7642,2016-05-07,2,9,0,0.108902
7643,2016-05-10,5,3,0,0.108887
7644,2016-05-12,2,3,0,0.108872
7645,2016-05-14,8,3,0,0.108856
7646,2016-05-17,1,8,0,0.108841
7647,2016-05-19,6,4,0,0.108825
7648,2016-05-21,1,9,0,0.10881
7649,2016-05-24,9,4,0,0.108794
7650,2016-05-26,6,1,0,0.108779
7651,2016-05-28,3,9,0,0.108763
7652,2016-05-31,2,1,0,0.108748
7653,2016-06-03,5,3,0,0.108733
7654,2016-06-04,2,3,0,0.108717
7655,2016-06-07,7,3,0,0.108702
7656,2016-06-09,9,6,0,0.108686
7657,2016-06-11,7,1,0,0.108671
7658,2016-06-14,1,6,0,0.108656
7659,2016-06-16,6,4,0,0.10864
7660,2016-06-18,7,9,0,0.108625
7661,2016-06-21,8,6,0,0.108609
7662,2016-06-23,6,8,0,0.108594
7663,2016-06-25,6,9,0,0.108579
7664,2016-06-28,1,9,0,0.108563
7665,2016-06-30,7,4,0,0.108548
7666,2016-07-02,1,6,0,0.108533
7667,2016-07-05,7,7,1,0.108659
7668,2016-07-07,7,6,0,0.108643
7669,2016-07-09,7,6,0,0.108628
7670,2016-07-12,7,6,0,0.108613
7671,2016-07-14,6,6,1,0.108739
7672,2016-07-16,1,9,0,0.108723
7673,2016-07-19,4,7,0,0.108708
7674,2016-07-21,7,1,0,0.108693
7675,2016-07-23,1,6,0,0.108677
7676,2016-07-26,2,7,0,0.108662
7677,2016-07-28,5,3,0,0.108647
7678,2016-07-30,9,3,0,0.108631
7679,2016-08-02,8,1,0,0.108616
7680,2016-08-04,4,8,0,0.1086
7681,2016-08-06,1,7,0,0.108585
7682,2016-08-09,8,7,0,0.10857
7683,2016-08-11,6,8,0,0.108554
7684,2016-08-13,8,9,0,0.108539
7685,2016-08-16,4,8,0,0.108524
7686,2016-08-18,3,1,0,0.108509
7687,2016-08-20,7,1,0,0.108493
7688,2016-08-23,8,6,0,0.108478
7689,2016-08-25,1,8,0,0.108463
7690,2016-08-27,1,7,0,0.108447
7691,2016-08-30,3,7,0,0.108432
7692,2016-09-01,6,1,0,0.108417
7693,2016-09-03,5,9,0,0.108401
7694,2016-09-06,3,3,1,0.108527
7695,2016-09-08,5,1,0,0.108512
7696,2016-09-10,7,3,0,0.108497
7697,2016-09-13,6,6,1,0.108622
7698,2016-09-15,6,9,0,0.108607
7699,2016-09-17,5,9,0,0.108592
7700,2016-09-20,5,3,0,0.108576
7701,2016-09-22,9,3,0,0.108561
7702,2016-09-24,9,1,0,0.108546
7703,2016-09-27,6,1,0,0.10853
7704,2016-09-29,8,9,0,0.108515
7705,2016-10-01,1,8,0,0.1085
7706,2016-10-04,3,7,0,0.108485
7707,2016-10-06,2,1,0,0.108469
7708,2016-10-08,7,3,0,0.108454
7709,2016-10-11,8,6,0,0.108439
7710,2016-10-13,4,8,0,0.108424
7711,2016-10-15,9,1,0,0.108408
7712,2016-10-18,6,1,0,0.108393
7713,2016-10-20,3,9,0,0.108378
7714,2016-10-22,2,1,0,0.108363
7715,2016-10-25,8,3,0,0.108347
7716,2016-10-27,4,8,0,0.108332
7717,2016-10-29,5,1,0,0.108317
7718,2016-11-02,3,3,1,0.108442
7719,2016-11-03,4,1,0,0.108427
7720,2016-11-05,1,1,1,0.108552
7721,2016-11-08,6,7,0,0.108537
7722,2016-11-10,6,9,0,0.108522
7723,2016-11-12,7,9,0,0.108506
7724,2016-11-15,7,6,0,0.108491
7725,2016-11-17,6,6,1,0.108616
7726,2016-11-19,2,7,0,0.108601
7727,2016-11-22,2,3,0,0.108586
7728,2016-11-24,1,3,0,0.108571
7729,2016-11-26,4,7,0,0.108555
7730,2016-11-29,6,1,0,0.10854
7731,2016-12-01,8,7,0,0.108525
7732,2016-12-03,9,8,0,0.10851
7733,2016-12-06,4,1,0,0.108495
7734,2016-12-09,1,1,1,0.108619
7735,2016-12-10,7,4,0,0.108604
7736,2016-12-13,2,6,0,0.108589
7737,2016-12-15,6,3,0,0.108574
7738,2016-12-17,8,7,0,0.108559
7739,2016-12-20,6,8,0,0.108543
7740,2016-12-22,4,7,0,0.108528
7741,2016-12-24,3,1,0,0.108513
7742,2016-12-27,8,1,0,0.108498
7743,2016-12-29,9,8,0,0.108483
7744,2016-12-31,8,1,0,0.108467
7745,2017-01-03,2,8,0,0.108452
7746,2017-01-05,7,3,0,0.108437
7747,2017-01-07,4,6,0,0.108422
7748,2017-01-10,6,1,0,0.108407
7749,2017-01-12,5,7,0,0.108392
7750,2017-01-14,8,3,0,0.108376
7751,2017-01-17,4,8,0,0.108361
7752,2017-01-19,1,1,1,0.108486
7753,2017-01-21,5,7,0,0.108471
7754,2017-01-24,6,3,0,0.108456
7755,2017-01-26,2,7,0,0.10844
7756,2017-01-28,4,3,0,0.108425
7757,2017-01-31,7,1,0,0.10841
7758,2017-02-02,6,6,1,0.108535
7759,2017-02-04,6,7,0,0.10852
7760,2017-02-07,3,7,0,0.108504
7761,2017-02-09,7,1,0,0.108489
7762,2017-02-11,1,6,0,0.108474
7763,2017-02-14,2,7,0,0.108459
7764,2017-02-16,8,3,0,0.108444
7765,2017-02-18,3,8,0,0.108429
7766,2017-02-21,8,1,0,0.108414
7767,2017-02-23,4,8,0,0.108398
7768,2017-02-25,9,1,0,0.108383
7769,2017-02-28,8,1,0,0.108368
7770,2017-03-02,7,8,0,0.108353
7771,2017-03-04,3,6,0,0.108338
7772,2017-03-07,5,1,0,0.108323
7773,2017-03-09,1,3,0,0.108308
7774,2017-03-11,2,7,0,0.108293
7775,2017-03-14,1,3,0,0.108278
7776,2017-03-16,4,7,0,0.108263
7777,2017-03-18,9,1,0,0.108247
7778,2017-03-21,9,1,0,0.108232
7779,2017-03-23,8,1,0,0.108217
7780,2017-03-25,2,8,0,0.108202
7781,2017-03-28,2,3,0,0.108187
7782,2017-03-30,3,3,1,0.108311
7783,2017-04-01,1,1,1,0.108435
7784,2017-04-04,6,4,0,0.10842
7785,2017-04-06,2,7,0,0.108405
7786,2017-04-08,1,3,0,0.10839
7787,2017-04-11,3,4,0,0.108375
7788,2017-04-13,9,1,0,0.10836
7789,2017-04-15,5,1,0,0.108345
7790,2017-04-18,6,3,0,0.10833
7791,2017-04-20,7,7,1,0.108454
7792,2017-04-22,2,6,0,0.108439
7793,2017-04-26,7,3,0,0.108424
7794,2017-04-27,7,6,0,0.108409
7795,2017-04-29,2,6,0,0.108394
7796,2017-05-02,7,3,0,0.108378
7797,2017-05-04,6,6,1,0.108502
7798,2017-05-06,8,7,0,0.108487
7799,2017-05-09,1,8,0,0.108472
7800,2017-05-11,8,4,0,0.108457
7801,2017-05-13,5,8,0,0.108442
7802,2017-05-16,8,3,0,0.108427
7803,2017-05-18,5,8,0,0.108412
7804,2017-05-20,2,3,0,0.108397
7805,2017-05-23,2,3,0,0.108382
7806,2017-05-25,1,3,0,0.108367
7807,2017-05-27,7,4,0,0.108352
7808,2017-05-30,8,6,0,0.108337
7809,2017-06-01,2,8,0,0.108322
7810,2017-06-03,5,3,0,0.108307
7811,2017-06-06,9,3,0,0.108292
7812,2017-06-08,1,1,1,0.108415
7813,2017-06-10,1,7,0,0.1084
7814,2017-06-13,7,7,1,0.108524
7815,2017-06-15,3,6,0,0.108509
7816,2017-06-17,7,1,0,0.108494
7817,2017-06-20,4,6,0,0.108479
7818,2017-06-22,1,1,1,0.108602
7819,2017-06-24,1,7,0,0.108587
7820,2017-06-27,3,7,0,0.108572
7821,2017-06-29,8,1,0,0.108557
7822,2017-07-01,6,8,0,0.108542
7823,2017-07-04,4,7,0,0.108527
7824,2017-07-06,4,1,0,0.108512
7825,2017-07-08,2,1,0,0.108497
7826,2017-07-11,6,3,0,0.108482
7827,2017-07-13,6,7,0,0.108467
7828,2017-07-15,2,7,0,0.108452
7829,2017-07-18,1,3,0,0.108437
7830,2017-07-20,9,7,0,0.108422
7831,2017-07-22,1,1,1,0.108545
7832,2017-07-25,7,7,1,0.108669
7833,2017-07-27,1,6,0,0.108654
7834,2017-07-29,7,7,1,0.108777
7835,2017-08-01,9,6,0,0.108762
7836,2017-08-03,4,1,0,0.108747
7837,2017-08-05,6,1,0,0.108732
7838,2017-08-08,7,7,1,0.108855
7839,2017-08-10,5,6,0,0.10884
7840,2017-08-12,2,3,0,0.108825
7841,2017-08-16,1,3,0,0.10881
7842,2017-08-17,7,7,1,0.108933
7843,2017-08-19,1,6,0,0.108918
7844,2017-08-22,4,7,0,0.108903
7845,2017-08-24,8,1,0,0.108888
7846,2017-08-26,6,8,0,0.108873
7847,2017-08-29,8,7,0,0.108858
7848,2017-08-31,7,8,0,0.108843
7849,2017-09-02,7,6,0,0.108828
7850,2017-09-05,6,6,1,0.10895
7851,2017-09-07,6,7,0,0.108935
7852,2017-09-09,1,7,0,0.10892
7853,2017-09-12,8,7,0,0.108905
7854,2017-09-14,6,8,0,0.10889
7855,2017-09-16,5,7,0,0.108875
7856,2017-09-19,2,3,0,0.10886
7857,2017-09-21,8,3,0,0.108845
7858,2017-09-23,5,6,0,0.10883
7859,2017-09-26,7,3,0,0.108815
7860,2017-09-28,4,6,0,0.1088
7861,2017-09-30,3,1,0,0.108785
7862,2017-10-03,8,1,0,0.10877
7863,2017-10-05,2,6,0,0.108756
7864,2017-10-07,5,3,0,0.108741
7865,2017-10-10,6,3,0,0.108726
7866,2017-10-12,3,7,0,0.108711
7867,2017-10-14,3,1,0,0.108696
7868,2017-10-17,4,1,0,0.108681
7869,2017-10-19,6,1,0,0.108666
7870,2017-10-21,5,7,0,0.108651
7871,2017-10-24,1,3,0,0.108636
7872,2017-10-26,6,7,0,0.108621
7873,2017-10-28,4,7,0,0.108606
7874,2017-10-31,4,1,0,0.108591
7875,2017-11-02,6,1,0,0.108576
7876,2017-11-04,5,7,0,0.108561
7877,2017-11-07,3,3,1,0.108684
7878,2017-11-09,8,1,0,0.108669
7879,2017-11-11,6,6,1,0.108791
7880,2017-11-14,6,7,0,0.108776
7881,2017-11-16,1,7,0,0.108761
7882,2017-11-18,7,7,1,0.108884
7883,2017-11-21,9,6,0,0.108869
7884,2017-11-23,8,1,0,0.108854
7885,2017-11-25,2,6,0,0.108839
7886,2017-11-28,3,3,1,0.108961
7887,2017-11-30,2,1,0,0.108946
7888,2017-12-02,9,3,0,0.108931
7889,2017-12-05,7,1,0,0.108916
7890,2017-12-07,6,6,1,0.109039
7891,2017-12-09,2,7,0,0.109024
7892,2017-12-12,8,3,0,0.109009
7893,2017-12-14,8,6,0,0.108994
7894,2017-12-16,3,6,0,0.108979
7895,2017-12-19,3,1,0,0.108964
7896,2017-12-21,4,1,0,0.108949
7897,2017-12-23,4,1,0,0.108934
7898,2017-12-27,1,1,1,0.109056
7899,2017-12-28,6,7,0,0.109041
7900,2017-12-30,6,7,0,0.109026
7901,2018-01-02,5,7,0,0.109011
7902,2018-01-04,5,3,0,0.108996
7903,2018-01-08,1,3,0,0.108981
7904,2018-01-09,4,7,0,0.108966
7905,2018-01-11,9,1,0,0.108952
7906,2018-01-13,5,1,0,0.108937
7907,2018-01-16,8,3,0,0.108922
7908,2018-01-18,6,6,1,0.109044
7909,2018-01-20,6,7,0,0.109029
7910,2018-01-23,4,7,0,0.109014
7911,2018-01-25,5,1,0,0.108999
7912,2018-01-27,9,3,0,0.108984
7913,2018-01-30,3,1,0,0.108969
7914,2018-02-01,7,1,0,0.108954
7915,2018-02-03,2,6,0,0.108939
7916,2018-02-06,6,3,0,0.108924
7917,2018-02-08,7,7,1,0.109046
7918,2018-02-10,7,6,0,0.109031
7919,2018-02-13,7,6,0,0.109016
7920,2018-02-15,1,6,0,0.109002
7921,2018-02-17,2,7,0,0.108987
7922,2018-02-20,9,3,0,0.108972
7923,2018-02-22,7,1,0,0.108957
7924,2018-02-24,1,6,0,0.108942
7925,2018-02-27,4,7,0,0.108927
7926,2018-03-01,2,1,0,0.108912
7927,2018-03-03,4,3,0,0.108897
7928,2018-03-06,8,1,0,0.108883
7929,2018-03-08,5,6,0,0.108868
7930,2018-03-10,6,3,0,0.108853
7931,2018-03-13,5,7,0,0.108838
7932,2018-03-15,5,3,0,0.108823
7933,2018-03-17,2,3,0,0.108808
7934,2018-03-20,8,3,0,0.108793
7935,2018-03-22,8,6,0,0.108779
7936,2018-03-24,1,6,0,0.108764
7937,2018-03-27,1,7,0,0.108749
7938,2018-03-29,6,7,0,0.108734
7939,2018-03-31,2,7,0,0.108719
7940,2018-04-03,6,8,0,0.108705
7941,2018-04-05,1,7,0,0.10869
7942,2018-04-07,1,7,0,0.108675
7943,2018-04-10,3,7,0,0.10866
7944,2018-04-12,9,1,0,0.108645
7945,2018-04-14,8,1,0,0.108631
7946,2018-04-17,2,6,0,0.108616
7947,2018-04-19,6,8,0,0.108601
7948,2018-04-21,7,7,1,0.108722
7949,2018-04-24,4,6,0,0.108707
7950,2018-04-26,2,1,0,0.108693
7951,2018-04-28,3,8,0,0.108678
7952,2018-05-02,4,1,0,0.108663
7953,2018-05-03,1,1,1,0.108784
7954,2018-05-05,8,7,0,0.10877
7955,2018-05-08,2,6,0,0.108755
7956,2018-05-10,9,3,0,0.10874
7957,2018-05-12,2,1,0,0.108725
7958,2018-05-15,4,3,0,0.10871
7959,2018-05-17,4,1,0,0.108696
7960,2018-05-19,1,1,1,0.108817
7961,2018-05-22,4,7,0,0.108802
7962,2018-05-24,5,1,0,0.108787
7963,2018-05-26,1,3,0,0.108772
7964,2018-05-29,4,7,0,0.108758
7965,2018-05-31,9,1,0,0.108743
7966,2018-06-04,8,1,0,0.108728
7967,2018-06-05,3,6,0,0.108713
7968,2018-06-07,4,1,0,0.108699
7969,2018-06-09,2,1,0,0.108684
7970,2018-06-12,1,3,0,0.108669
7971,2018-06-14,6,7,0,0.108654
7972,2018-06-16,9,7,0,0.10864
7973,2018-06-19,5,1,0,0.108625
7974,2018-06-21,6,3,0,0.10861
7975,2018-06-23,6,7,0,0.108595
7976,2018-06-26,2,7,0,0.108581
7977,2018-06-28,6,3,0,0.108566
7978,2018-06-30,7,7,1,0.108687
7979,2018-07-03,7,6,0,0.108672
7980,2018-07-05,9,6,0,0.108657
7981,2018-07-07,6,1,0,0.108643
7982,2018-07-10,3,7,0,0.108628
7983,2018-07-12,2,1,0,0.108613
7984,2018-07-14,3,3,1,0.108734
7985,2018-07-17,6,1,0,0.108719
7986,2018-07-19,8,7,0,0.108704
7987,2018-07-21,4,6,0,0.10869
7988,2018-07-24,9,1,0,0.108675
7989,2018-07-26,6,1,0,0.10866
7990,2018-07-28,2,7,0,0.108646
7991,2018-07-31,4,3,0,0.108631
7992,2018-08-02,9,1,0,0.108616
7993,2018-08-04,1,1,1,0.108737
7994,2018-08-07,9,7,0,0.108722
7995,2018-08-09,4,1,0,0.108707
7996,2018-08-11,5,1,0,0.108693
7997,2018-08-14,4,3,0,0.108678
7998,2018-08-16,1,1,1,0.108798
7999,2018-08-18,3,7,0,0.108784
8000,2018-08-21,5,1,0,0.108769
8001,2018-08-23,8,3,0,0.108754
8002,2018-08-25,2,6,0,0.10874
8003,2018-08-28,2,3,0,0.108725
8004,2018-08-30,3,3,1,0.108845
8005,2018-09-01,1,1,1,0.108966
8006,2018-09-04,7,7,1,0.109086
8007,2018-09-06,5,6,0,0.109071
8008,2018-09-08,7,3,0,0.109057
8009,2018-09-11,3,6,0,0.109042
8010,2018-09-13,2,1,0,0.109027
8011,2018-09-15,7,3,0,0.109012
8012,2018-09-18,2,6,0,0.108998
8013,2018-09-20,4,3,0,0.108983
8014,2018-09-22,2,1,0,0.108968
8015,2018-09-25,7,3,0,0.108954
8016,2018-09-27,4,6,0,0.108939
8017,2018-09-29,6,1,0,0.108924
8018,2018-10-02,3,7,0,0.10891
8019,2018-10-04,4,1,0,0.108895
8020,2018-10-06,1,1,1,0.109015
8021,2018-10-09,8,7,0,0.109
8022,2018-10-11,1,6,0,0.108986
8023,2018-10-13,6,7,0,0.108971
8024,2018-10-16,2,7,0,0.108956
8025,2018-10-18,8,3,0,0.108942
8026,2018-10-20,4,6,0,0.108927
8027,2018-10-23,5,1,0,0.108912
8028,2018-10-25,3,3,1,0.109032
8029,2018-10-27,8,1,0,0.109017
8030,2018-10-30,8,6,0,0.109003
8031,2018-11-02,6,8,0,0.108988
8032,2018-11-03,3,7,0,0.108973
8033,2018-11-06,9,1,0,0.108959
8034,2018-11-08,5,1,0,0.108944
8035,2018-11-10,9,3,0,0.10893
8036,2018-11-13,9,1,0,0.108915
8037,2018-11-15,9,1,0,0.1089
8038,2018-11-17,1,1,1,0.10902
8039,2018-11-20,8,7,0,0.109005
8040,2018-11-22,8,6,0,0.108991
8041,2018-11-24,3,8,0,0.108976
8042,2018-11-27,9,1,0,0.108961
8043,2018-11-29,7,1,0,0.108947
8044,2018-12-01,8,6,0,0.108932
8045,2018-12-04,5,8,0,0.108918
8046,2018-12-06,5,3,0,0.108903
8047,2018-12-10,7,3,0,0.108888
8048,2018-12-11,5,6,0,0.108874
8049,2018-12-13,1,3,0,0.108859
8050,2018-12-15,7,7,1,0.108979
8051,2018-12-18,2,6,0,0.108964
8052,2018-12-20,2,3,0,0.108949
8053,2018-12-22,1,3,0,0.108935
8054,2018-12-24,6,7,0,0.10892
8055,2018-12-27,5,7,0,0.108906
8056,2018-12-29,8,3,0,0.108891
8057,2019-01-02,4,8,0,0.108876
8058,2019-01-03,7,1,0,0.108862
8059,2019-01-05,1,6,0,0.108847
8060,2019-01-08,6,7,0,0.108833
8061,2019-01-10,9,7,0,0.108818
8062,2019-01-12,4,1,0,0.108803
8063,2019-01-15,4,1,0,0.108789
8064,2019-01-17,2,1,0,0.108774
8065,2019-01-19,3,3,1,0.108894
8066,2019-01-22,6,1,0,0.108879
8067,2019-01-24,5,7,0,0.108864
8068,2019-01-26,7,3,0,0.10885
8069,2019-01-29,4,6,0,0.108835
8070,2019-01-31,6,1,0,0.108821
8071,2019-02-02,3,7,0,0.108806
8072,2019-02-05,7,1,0,0.108792
8073,2019-02-07,4,6,0,0.108777
8074,2019-02-09,7,1,0,0.108763
8075,2019-02-12,8,6,0,0.108748
8076,2019-02-14,5,8,0,0.108733
8077,2019-02-16,9,3,0,0.108719
8078,2019-02-19,8,1,0,0.108704
8079,2019-02-21,1,8,0,0.10869
8080,2019-02-23,6,7,0,0.108675
8081,2019-02-26,9,7,0,0.108661
8082,2019-02-28,6,1,0,0.108646
8083,2019-03-02,3,7,0,0.108632
8084,2019-03-05,8,1,0,0.108617
8085,2019-03-07,8,8,1,0.108736
8086,2019-03-09,8,8,1,0.108855
8087,2019-03-12,5,8,0,0.108841
8088,2019-03-14,7,3,0,0.108826
8089,2019-03-16,6,6,1,0.108945
8090,2019-03-19,2,7,0,0.108931
8091,2019-03-21,3,3,1,0.10905
8092,2019-03-23,7,1,0,0.109035
8093,2019-03-26,1,6,0,0.109021
8094,2019-03-28,1,7,0,0.109006
8095,2019-03-30,4,7,0,0.108991
8096,2019-04-02,3,1,0,0.108977
8097,2019-04-04,8,1,0,0.108962
8098,2019-04-06,5,8,0,0.108948
8099,2019-04-09,5,3,0,0.108933
8100,2019-04-11,1,3,0,0.108919
8101,2019-04-13,7,7,1,0.109038
8102,2019-04-16,8,6,0,0.109023
8103,2019-04-18,5,8,0,0.109009
8104,2019-04-20,5,3,0,0.108994
8105,2019-04-23,2,3,0,0.108979
8106,2019-04-26,3,3,1,0.109098
8107,2019-04-27,3,1,0,0.109084
8108,2019-04-30,1,1,1,0.109202
8109,2019-05-02,5,7,0,0.109188
8110,2019-05-04,1,3,0,0.109173
8111,2019-05-07,7,7,1,0.109292
8112,2019-05-09,3,6,0,0.109277
8113,2019-05-11,6,1,0,0.109263
8114,2019-05-14,9,7,0,0.109248
8115,2019-05-16,5,1,0,0.109234
8116,2019-05-18,9,3,0,0.109219
8117,2019-05-21,9,1,0,0.109205
8118,2019-05-23,6,1,0,0.10919
8119,2019-05-25,3,7,0,0.109176
8120,2019-05-28,4,1,0,0.109161
8121,2019-05-30,6,1,0,0.109147
8122,2019-06-01,1,7,0,0.109132
8123,2019-06-04,3,7,0,0.109117
8124,2019-06-06,1,1,1,0.109236
8125,2019-06-08,8,7,0,0.109221
8126,2019-06-11,7,8,0,0.109207
8127,2019-06-13,1,6,0,0.109192
8128,2019-06-15,8,7,0,0.109178
8129,2019-06-18,4,8,0,0.109163
8130,2019-06-20,3,1,0,0.109149
8131,2019-06-22,9,1,0,0.109134
8132,2019-06-25,2,1,0,0.10912
8133,2019-06-27,3,3,1,0.109238
8134,2019-06-29,9,1,0,0.109224
8135,2019-07-02,6,1,0,0.109209
8136,2019-07-04,9,7,0,0.109195
8137,2019-07-06,1,1,1,0.109313
8138,2019-07-09,3,7,0,0.109298
8139,2019-07-11,2,1,0,0.109284
8140,2019-07-13,4,3,0,0.109269
8141,2019-07-16,5,1,0,0.109255
8142,2019-07-18,7,3,0,0.10924
8143,2019-07-20,9,6,0,0.109226
8144,2019-07-23,7,1,0,0.109211
8145,2019-07-25,7,6,0,0.109197
8146,2019-07-27,3,6,0,0.109182
8147,2019-07-30,6,1,0,0.109168
8148,2019-08-01,2,7,0,0.109154
8149,2019-08-03,1,3,0,0.109139
8150,2019-08-06,5,7,0,0.109125
8151,2019-08-08,3,3,1,0.109243
8152,2019-08-10,8,1,0,0.109228
8153,2019-08-13,6,8,0,0.109214
8154,2019-08-16,7,7,1,0.109332
8155,2019-08-17,3,6,0,0.109317
8156,2019-08-20,6,1,0,0.109303
8157,2019-08-22,4,7,0,0.109288
8158,2019-08-24,2,1,0,0.109274
8159,2019-08-27,7,3,0,0.109259
8160,2019-08-29,2,6,0,0.109245
8161,2019-08-31,8,3,0,0.10923
8162,2019-09-03,3,8,0,0.109216
8163,2019-09-05,6,1,0,0.109201
8164,2019-09-07,8,7,0,0.109187
8165,2019-09-10,5,8,0,0.109173
8166,2019-09-12,7,3,0,0.109158
8167,2019-09-14,5,6,0,0.109144
8168,2019-09-17,9,3,0,0.109129
8169,2019-09-19,8,1,0,0.109115
8170,2019-09-21,6,8,0,0.109101
8171,2019-09-24,2,7,0,0.109086
8172,2019-09-26,1,3,0,0.109072
8173,2019-09-28,7,7,1,0.109189
8174,2019-10-01,6,6,1,0.109307
8175,2019-10-03,2,7,0,0.109293
8176,2019-10-05,8,3,0,0.109278
8177,2019-10-08,9,8,0,0.109264
8178,2019-10-10,1,1,1,0.109381
8179,2019-10-12,3,7,0,0.109367
8180,2019-10-15,7,1,0,0.109352
8181,2019-10-17,7,6,0,0.109338
8182,2019-10-19,9,6,0,0.109323
8183,2019-10-22,8,1,0,0.109309
8184,2019-10-24,5,8,0,0.109295
8185,2019-10-26,8,3,0,0.10928
8186,2019-10-29,3,8,0,0.109266
8187,2019-10-31,2,1,0,0.109251
8188,2019-11-02,5,3,0,0.109237
8189,2019-11-05,9,3,0,0.109223
8190,2019-11-07,7,1,0,0.109208
8191,2019-11-09,1,6,0,0.109194
8192,2019-11-12,3,7,0,0.10918
8193,2019-11-14,2,1,0,0.109165
8194,2019-11-16,6,3,0,0.109151
8195,2019-11-19,8,7,0,0.109136
8196,2019-11-21,2,8,0,0.109122
8197,2019-11-23,6,3,0,0.109108
8198,2019-11-26,4,7,0,0.109093
8199,2019-11-28,2,1,0,0.109079
8200,2019-11-30,4,3,0,0.109065
8201,2019-12-03,3,1,0,0.10905
8202,2019-12-05,4,1,0,0.109036
8203,2019-12-07,6,1,0,0.109022
8204,2019-12-10,3,7,0,0.109007
8205,2019-12-12,7,1,0,0.108993
8206,2019-12-14,1,6,0,0.108979
8207,2019-12-17,5,7,0,0.108964
8208,2019-12-19,2,3,0,0.10895
8209,2019-12-21,8,3,0,0.108936
8210,2019-12-24,1,8,0,0.108921
8211,2019-12-27,1,7,0,0.108907
8212,2019-12-28,3,7,0,0.108893
8213,2019-12-31,4,1,0,0.108878
8214,2020-01-02,8,1,0,0.108864
8215,2020-01-04,4,8,0,0.10885
8216,2020-01-07,3,1,0,0.108835
8217,2020-01-09,9,1,0,0.108821
8218,2020-01-11,3,1,0,0.108807
8219,2020-01-14,2,1,0,0.108793
8220,2020-01-16,9,3,0,0.108778
8221,2020-01-18,6,1,0,0.108764
8222,2020-01-21,1,7,0,0.10875
8223,2020-01-23,3,7,0,0.108736
8224,2020-01-25,6,1,0,0.108721
8225,2020-01-28,4,7,0,0.108707
8226,2020-01-30,2,1,0,0.108693
8227,2020-02-01,6,3,0,0.108679
8228,2020-02-04,4,7,0,0.108664
8229,2020-02-06,4,1,0,0.10865
8230,2020-02-08,6,1,0,0.108636
8231,2020-02-11,6,7,0,0.108622
8232,2020-02-13,6,7,0,0.108607
8233,2020-02-15,8,7,0,0.108593
8234,2020-02-18,6,8,0,0.108579
8235,2020-02-20,7,7,1,0.108696
8236,2020-02-22,9,6,0,0.108681
8237,2020-02-25,3,1,0,0.108667
8238,2020-02-27,4,1,0,0.108653
8239,2020-02-29,8,1,0,0.108639
8240,2020-03-03,9,6,0,0.108625
8241,2020-03-05,8,1,0,0.10861
8242,2020-03-07,1,6,0,0.108596
8243,2020-03-10,7,7,1,0.108713
8244,2020-03-12,9,6,0,0.108698
8245,2020-03-14,7,1,0,0.108684
8246,2020-03-17,1,6,0,0.10867
8247,2020-03-19,8,7,0,0.108656
8248,2020-03-21,9,6,0,0.108642
8249,2020-05-05,2,1,0,0.108627
8250,2020-05-07,7,3,0,0.108613
8251,2020-05-09,9,6,0,0.108599
8252,2020-05-12,4,1,0,0.108585
8253,2020-05-14,6,1,0,0.108571
8254,2020-05-16,1,7,0,0.108556
8255,2020-05-19,8,7,0,0.108542
8256,2020-05-21,5,6,0,0.108528
8257,2020-05-23,2,3,0,0.108514
8258,2020-05-26,2,3,0,0.1085
8259,2020-05-28,3,3,1,0.108616
8260,2020-05-30,9,4,0,0.108602
8261,2020-06-03,3,1,0,0.108588
8262,2020-06-04,4,4,1,0.108704
8263,2020-06-06,7,1,0,0.10869
8264,2020-06-09,6,6,1,0.108806
8265,2020-06-11,5,7,0,0.108792
8266,2020-06-13,5,3,0,0.108778
8267,2020-06-16,5,3,0,0.108764
8268,2020-06-18,5,3,0,0.10875
8269,2020-06-20,8,3,0,0.108735
8270,2020-06-23,1,6,0,0.108721
8271,2020-06-25,2,7,0,0.108707
8272,2020-06-27,4,3,0,0.108693
8273,2020-06-30,3,1,0,0.108679
8274,2020-07-02,9,4,0,0.108664
8275,2020-07-04,7,1,0,0.10865
8276,2020-07-07,5,6,0,0.108636
8277,2020-07-09,4,3,0,0.108622
8278,2020-07-11,4,1,0,0.108608
8279,2020-07-14,5,1,0,0.108594
8280,2020-07-16,1,3,0,0.10858
8281,2020-07-18,7,7,1,0.108696
8282,2020-07-21,2,6,0,0.108682
8283,2020-07-23,4,3,0,0.108667
8284,2020-07-25,4,1,0,0.108653
8285,2020-07-28,5,1,0,0.108639
8286,2020-07-30,6,3,0,0.108625
8287,2020-08-01,9,7,0,0.108611
8288,2020-08-04,3,1,0,0.108597
8289,2020-08-06,4,4,1,0.108713
8290,2020-08-08,5,1,0,0.108698
8291,2020-08-11,8,3,0,0.108684
8292,2020-08-13,9,6,0,0.10867
8293,2020-08-17,4,1,0,0.108656
8294,2020-08-18,3,1,0,0.108642
8295,2020-08-20,5,4,0,0.108628
8296,2020-08-22,6,3,0,0.108614
8297,2020-08-25,7,7,1,0.10873
8298,2020-08-27,6,6,1,0.108845
8299,2020-08-29,2,7,0,0.108831
8300,2020-09-01,9,3,0,0.108817
8301,2020-09-03,1,1,1,0.108933
8302,2020-09-05,6,7,0,0.108919
8303,2020-09-08,7,7,1,0.109034
8304,2020-09-10,3,6,0,0.10902
8305,2020-09-12,9,4,0,0.109006
8306,2020-09-15,5,1,0,0.108992
8307,2020-09-17,9,3,0,0.108978
8308,2020-09-19,6,1,0,0.108964
8309,2020-09-22,4,7,0,0.108949
8310,2020-09-24,8,1,0,0.108935
8311,2020-09-26,5,6,0,0.108921
8312,2020-09-29,3,3,1,0.109037
8313,2020-10-01,6,4,0,0.109023
8314,2020-10-03,2,7,0,0.109008
8315,2020-10-06,6,3,0,0.108994
8316,2020-10-08,9,7,0,0.10898
8317,2020-10-10,8,1,0,0.108966
8318,2020-10-13,7,6,0,0.108952
8319,2020-10-15,3,6,0,0.108938
8320,2020-10-17,5,4,0,0.108924
8321,2020-10-20,4,3,0,0.10891
8322,2020-10-22,5,1,0,0.108896
8323,2020-10-24,9,3,0,0.108881
8324,2020-10-27,6,1,0,0.108867
8325,2020-10-29,1,7,0,0.108853
8326,2020-10-31,6,7,0,0.108839
8327,2020-11-03,8,7,0,0.108825
8328,2020-11-05,8,6,0,0.108811
8329,2020-11-07,7,8,0,0.108797
8330,2020-11-10,2,6,0,0.108783
8331,2020-11-12,4,3,0,0.108769
8332,2020-11-14,2,1,0,0.108755
8333,2020-11-17,6,3,0,0.108741
8334,2020-11-19,7,7,1,0.108856
8335,2020-11-21,8,6,0,0.108842
8336,2020-11-24,9,8,0,0.108828
8337,2020-11-26,7,1,0,0.108814
8338,2020-11-28,9,6,0,0.1088
8339,2020-12-01,5,1,0,0.108786
8340,2020-12-03,5,3,0,0.108771
8341,2020-12-05,6,3,0,0.108757
8342,2020-12-09,7,7,1,0.108873
8343,2020-12-10,9,6,0,0.108858
8344,2020-12-12,3,1,0,0.108844
8345,2020-12-15,9,4,0,0.10883
8346,2020-12-17,6,1,0,0.108816
8347,2020-12-19,7,7,1,0.108931
8348,2020-12-22,8,6,0,0.108917
8349,2020-12-24,1,8,0,0.108903
8350,2020-12-28,1,7,0,0.108889
8351,2020-12-29,4,7,0,0.108875
8352,2020-12-31,6,1,0,0.108861
8353,2021-01-02,8,7,0,0.108847
8354,2021-01-05,8,8,1,0.108962
8355,2021-01-07,7,8,0,0.108948
8356,2021-01-09,3,6,0,0.108934
8357,2021-01-12,9,4,0,0.10892
8358,2021-01-14,4,1,0,0.108906
8359,2021-01-16,9,1,0,0.108892
8360,2021-01-19,6,1,0,0.108878
8361,2021-01-21,3,7,0,0.108864
8362,2021-01-23,6,4,0,0.10885
8363,2021-01-26,8,7,0,0.108836
8364,2021-01-28,2,8,0,0.108822
8365,2021-01-30,9,3,0,0.108808
8366,2021-02-02,4,1,0,0.108794
8367,2021-02-04,8,1,0,0.10878
8368,2021-02-06,5,8,0,0.108766
8369,2021-02-09,2,3,0,0.108752
8370,2021-02-11,5,3,0,0.108738
8371,2021-02-13,6,3,0,0.108724
8372,2021-02-16,9,7,0,0.10871
8373,2021-02-18,2,1,0,0.108696
8374,2021-02-20,7,3,0,0.108682
8375,2021-02-23,2,6,0,0.108668
8376,2021-02-25,7,3,0,0.108654
8377,2021-02-27,6,6,1,0.108768
8378,2021-03-02,8,7,0,0.108754
8379,2021-03-04,1,8,0,0.10874
8380,2021-03-06,3,7,0,0.108726
8381,2021-03-09,3,4,0,0.108712
8382,2021-03-11,9,4,0,0.108698
8383,2021-03-13,1,1,1,0.108813
8384,2021-03-16,9,7,0,0.108799
8385,2021-03-18,9,1,0,0.108785
8386,2021-03-20,7,1,0,0.108771
8387,2021-03-23,2,6,0,0.108757
8388,2021-03-25,7,3,0,0.108743
8389,2021-03-27,3,6,0,0.108729
8390,2021-03-30,1,4,0,0.108715
8391,2021-04-01,8,7,0,0.108701
8392,2021-04-03,9,8,0,0.108687
8393,2021-04-06,9,1,0,0.108673
8394,2021-04-08,3,1,0,0.108659
8395,2021-04-10,8,4,0,0.108645
8396,2021-04-13,7,8,0,0.108632
8397,2021-04-15,3,6,0,0.108618
8398,2021-04-17,4,4,1,0.108732
8399,2021-04-20,7,1,0,0.108718
8400,2021-04-22,1,6,0,0.108704
8401,2021-04-24,1,7,0,0.10869
8402,2021-04-27,1,7,0,0.108676
8403,2021-04-29,7,7,1,0.10879
8404,2021-05-03,3,6,0,0.108776
8405,2021-05-04,3,4,0,0.108762
8406,2021-05-06,3,4,0,0.108749
8407,2021-05-08,7,4,0,0.108735
8408,2021-05-11,5,6,0,0.108721
8409,2021-05-13,2,3,0,0.108707
8410,2021-05-15,6,3,0,0.108693
8411,2021-05-18,8,7,0,0.108679
8412,2021-05-20,4,8,0,0.108665
8413,2021-05-22,9,1,0,0.108651
8414,2021-05-25,7,1,0,0.108637
8415,2021-05-27,4,6,0,0.108623
8416,2021-05-29,7,1,0,0.108609
8417,2021-06-01,1,6,0,0.108596
8418,2021-06-03,8,7,0,0.108582
8419,2021-06-05,2,8,0,0.108568
8420,2021-06-08,3,3,1,0.108682
8421,2021-06-10,6,4,0,0.108668
8422,2021-06-12,6,7,0,0.108654
8423,2021-06-15,3,7,0,0.10864
8424,2021-06-17,3,4,0,0.108626
8425,2021-06-19,1,4,0,0.108612
8426,2021-06-22,6,7,0,0.108598
8427,2021-06-24,1,7,0,0.108585
8428,2021-06-26,7,7,1,0.108698
8429,2021-06-29,8,6,0,0.108685
8430,2021-07-01,2,8,0,0.108671
8431,2021-07-03,5,3,0,0.108657
8432,2021-07-06,6,3,0,0.108643
8433,2021-07-08,3,7,0,0.108629
8434,2021-07-10,2,4,0,0.108615
8435,2021-07-13,3,3,1,0.108729
8436,2021-07-15,2,4,0,0.108715
8437,2021-07-17,7,3,0,0.108701
8438,2021-07-20,7,6,0,0.108687
8439,2021-07-22,6,6,1,0.108801
8440,2021-07-24,3,7,0,0.108787
8441,2021-07-27,3,4,0,0.108773
8442,2021-07-29,9,4,0,0.108759
8443,2021-07-31,1,1,1,0.108873
8444,2021-08-03,4,7,0,0.108859
8445,2021-08-05,8,1,0,0.108845
8446,2021-08-07,7,8,0,0.108831
8447,2021-08-10,3,6,0,0.108818
8448,2021-08-12,2,4,0,0.108804
8449,2021-08-14,7,3,0,0.10879
8450,2021-08-17,2,6,0,0.108776
8451,2021-08-19,3,3,1,0.108889
8452,2021-08-21,7,4,0,0.108876
8453,2021-08-24,8,6,0,0.108862
8454,2021-08-26,8,8,1,0.108975
8455,2021-08-28,2,8,0,0.108961
8456,2021-08-31,7,3,0,0.108947
8457,2021-09-02,2,6,0,0.108934
8458,2021-09-04,8,3,0,0.10892
8459,2021-09-07,2,8,0,0.108906
8460,2021-09-09,7,3,0,0.108892
8461,2021-09-11,7,6,0,0.108878
8462,2021-09-14,6,6,1,0.108991
8463,2021-09-16,4,7,0,0.108978
8464,2021-09-18,7,1,0,0.108964
8465,2021-09-21,4,6,0,0.10895
8466,2021-09-23,8,1,0,0.108936
8467,2021-09-25,5,8,0,0.108922
8468,2021-09-28,1,3,0,0.108908
8469,2021-09-30,1,7,0,0.108895
8470,2021-10-02,5,7,0,0.108881
8471,2021-10-05,6,3,0,0.108867
8472,2021-10-07,6,7,0,0.108853
8473,2021-10-09,4,7,0,0.108839
8474,2021-10-12,7,1,0,0.108825
8475,2021-10-14,8,6,0,0.108812
8476,2021-10-16,6,8,0,0.108798
8477,2021-10-19,4,7,0,0.108784
8478,2021-10-21,1,1,1,0.108897
8479,2021-10-23,6,7,0,0.108883
8480,2021-10-26,9,7,0,0.108869
8481,2021-10-28,9,1,0,0.108856
8482,2021-10-30,2,1,0,0.108842
8483,2021-11-02,2,3,0,0.108828
8484,2021-11-04,7,3,0,0.108814
8485,2021-11-06,9,6,0,0.1088
8486,2021-11-09,4,1,0,0.108787
8487,2021-11-11,5,1,0,0.108773
8488,2021-11-13,9,3,0,0.108759
8489,2021-11-16,4,1,0,0.108745
8490,2021-11-18,6,1,0,0.108731
8491,2021-11-20,9,7,0,0.108718
8492,2021-11-23,4,1,0,0.108704
8493,2021-11-25,4,1,0,0.10869
8494,2021-11-27,8,1,0,0.108676
8495,2021-11-30,5,8,0,0.108663
8496,2021-12-02,7,3,0,0.108649
8497,2021-12-04,1,6,0,0.108635
8498,2021-12-07,9,7,0,0.108621
8499,2021-12-09,7,1,0,0.108608
8500,2021-12-11,7,6,0,0.108594
8501,2021-12-14,5,6,0,0.10858
8502,2021-12-16,5,3,0,0.108566
8503,2021-12-18,9,3,0,0.108553
8504,2021-12-21,8,1,0,0.108539
8505,2021-12-23,9,8,0,0.108525
8506,2021-12-27,7,1,0,0.108511
8507,2021-12-28,2,6,0,0.108498
8508,2021-12-30,7,3,0,0.108484
8509,2022-01-03,1,6,0,0.10847
8510,2022-01-04,9,7,0,0.108457
8511,2022-01-07,5,1,0,0.108443
8512,2022-01-08,7,3,0,0.108429
8513,2022-01-11,9,6,0,0.108415
8514,2022-01-13,5,1,0,0.108402
8515,2022-01-15,3,3,1,0.108514
8516,2022-01-18,9,4,0,0.108501
8517,2022-01-20,7,1,0,0.108487
8518,2022-01-22,4,6,0,0.108473
8519,2022-01-25,7,1,0,0.10846
8520,2022-01-27,6,6,1,0.108572
8521,2022-01-29,5,7,0,0.108558
8522,2022-02-01,9,3,0,0.108545
8523,2022-02-03,8,7,0,0.108531
8524,2022-02-05,4,8,0,0.108517
8525,2022-02-08,9,1,0,0.108504
8526,2022-02-10,4,7,0,0.10849
8527,2022-02-12,5,1,0,0.108476
8528,2022-02-15,5,3,0,0.108463
8529,2022-02-17,1,3,0,0.108449
8530,2022-02-19,7,7,1,0.108561
8531,2022-02-22,3,6,0,0.108548
8532,2022-02-24,2,4,0,0.108534
8533,2022-02-26,1,3,0,0.10852
8534,2022-03-01,3,7,0,0.108507
8535,2022-03-03,1,4,0,0.108493
8536,2022-03-05,3,7,0,0.108479
8537,2022-03-08,4,4,1,0.108592
8538,2022-03-10,4,1,0,0.108578
8539,2022-03-12,2,1,0,0.108564
8540,2022-03-15,5,3,0,0.108551
8541,2022-03-17,2,3,0,0.108537
8542,2022-03-19,9,3,0,0.108523
8543,2022-03-22,1,7,0,0.10851
8544,2022-03-24,6,7,0,0.108496
8545,2022-03-26,4,7,0,0.108482
8546,2022-03-29,1,1,1,0.108594
8547,2022-03-31,3,7,0,0.108581
8548,2022-04-02,8,4,0,0.108567
8549,2022-04-05,9,8,0,0.108553
8550,2022-04-07,9,1,0,0.10854
8551,2022-04-09,3,1,0,0.108526
8552,2022-04-12,2,4,0,0.108513
8553,2022-04-14,7,3,0,0.108499
8554,2022-04-16,2,6,0,0.108485
8555,2022-04-19,4,3,0,0.108472
8556,2022-04-21,9,1,0,0.108458
8557,2022-04-23,3,1,0,0.108444
8558,2022-04-26,1,4,0,0.108431
8559,2022-04-28,1,7,0,0.108417
8560,2022-04-30,9,7,0,0.108403
8561,2022-05-03,9,1,0,0.10839
8562,2022-05-05,7,1,0,0.108376
8563,2022-05-07,2,6,0,0.108363
8564,2022-05-10,1,3,0,0.108349
8565,2022-05-12,7,7,1,0.108461
8566,2022-05-14,6,6,1,0.108573
8567,2022-05-17,5,7,0,0.108559
8568,2022-05-19,3,3,1,0.108671
8569,2022-05-21,3,4,0,0.108657
8570,2022-05-24,9,4,0,0.108644
8571,2022-05-26,4,7,0,0.10863
8572,2022-05-28,3,1,0,0.108617
8573,2022-05-31,1,4,0,0.108603
8574,2022-06-03,4,7,0,0.108589
8575,2022-06-04,2,1,0,0.108576
8576,2022-06-07,8,3,0,0.108562
8577,2022-06-09,2,8,0,0.108549
8578,2022-06-11,7,3,0,0.108535
8579,2022-06-14,9,6,0,0.108521
8580,2022-06-16,7,7,1,0.108633
8581,2022-06-18,6,6,1,0.108745
8582,2022-06-21,7,7,1,0.108856
8583,2022-06-23,1,6,0,0.108843
8584,2022-06-25,9,7,0,0.108829
8585,2022-06-28,5,7,0,0.108815
8586,2022-06-30,6,3,0,0.108802
8587,2022-07-02,5,7,0,0.108788
8588,2022-07-05,3,3,1,0.1089
8589,2022-07-07,8,1,0,0.108886
8590,2022-07-09,5,8,0,0.108872
8591,2022-07-12,1,3,0,0.108859
8592,2022-07-14,3,7,0,0.108845
8593,2022-07-16,8,1,0,0.108832
8594,2022-07-19,1,8,0,0.108818
8595,2022-07-21,2,7,0,0.108804
8596,2022-07-23,2,3,0,0.108791
8597,2022-07-26,3,3,1,0.108902
8598,2022-07-28,7,1,0,0.108889
8599,2022-07-30,5,6,0,0.108875
8600,2022-08-02,1,3,0,0.108861
8601,2022-08-04,6,7,0,0.108848
8602,2022-08-06,7,7,1,0.108959
8603,2022-08-09,5,6,0,0.108946
8604,2022-08-11,3,3,1,0.109057
8605,2022-08-13,8,1,0,0.109043
8606,2022-08-16,7,8,0,0.10903
8607,2022-08-18,4,6,0,0.109016
8608,2022-08-20,4,1,0,0.109002
8609,2022-08-23,6,1,0,0.108989
8610,2022-08-25,5,7,0,0.108975
8611,2022-08-27,6,3,0,0.108962
8612,2022-08-30,1,7,0,0.108948
8613,2022-09-01,3,7,0,0.108934
8614,2022-09-03,8,1,0,0.108921
8615,2022-09-06,2,8,0,0.108907
8616,2022-09-08,9,3,0,0.108894
8617,2022-09-10,8,7,0,0.10888
8618,2022-09-13,7,8,0,0.108866
8619,2022-09-15,2,6,0,0.108853
8620,2022-09-17,6,3,0,0.108839
8621,2022-09-20,2,7,0,0.108826
8622,2022-09-22,3,3,1,0.108937
8623,2022-09-24,2,1,0,0.108923
8624,2022-09-27,1,3,0,0.10891
8625,2022-09-29,7,7,1,0.109021
8626,2022-10-01,9,6,0,0.109007
8627,2022-10-04,1,7,0,0.108994
8628,2022-10-06,7,7,1,0.109104
8629,2022-10-08,1,6,0,0.109091
8630,2022-10-11,8,7,0,0.109077
8631,2022-10-13,4,8,0,0.109064
8632,2022-10-15,5,1,0,0.10905
8633,2022-10-18,1,3,0,0.109037
8634,2022-10-20,2,7,0,0.109023
8635,2022-10-22,2,3,0,0.109009
8636,2022-10-25,8,3,0,0.108996
8637,2022-10-27,6,8,0,0.108982
8638,2022-10-29,3,7,0,0.108969
8639,2022-11-02,3,1,0,0.108955
8640,2022-11-03,9,1,0,0.108942
8641,2022-11-05,6,7,0,0.108928
8642,2022-11-08,4,7,0,0.108915
8643,2022-11-10,7,1,0,0.108901
8644,2022-11-12,1,6,0,0.108888
8645,2022-11-15,4,7,0,0.108874
8646,2022-11-17,8,1,0,0.10886
8647,2022-11-19,7,8,0,0.108847
8648,2022-11-22,9,6,0,0.108833
8649,2022-11-24,3,7,0,0.10882
8650,2022-11-26,8,9,0,0.108806
8651,2022-11-29,9,8,0,0.108793
8652,2022-12-01,2,7,0,0.108779
8653,2022-12-03,4,3,0,0.108766
8654,2022-12-06,6,1,0,0.108752
8655,2022-12-09,9,7,0,0.108739
8656,2022-12-10,8,7,0,0.108725
8657,2022-12-13,5,8,0,0.108712
8658,2022-12-15,5,3,0,0.108698
8659,2022-12-17,9,3,0,0.108685
8660,2022-12-20,7,7,1,0.108795
8661,2022-12-22,7,6,0,0.108782
8662,2022-12-24,5,6,0,0.108768
8663,2022-12-27,2,3,0,0.108755
8664,2022-12-29,2,3,0,0.108741
8665,2022-12-31,1,3,0,0.108728
8666,2023-01-03,4,7,0,0.108715
8667,2023-01-05,9,1,0,0.108701
8668,2023-01-07,8,7,0,0.108688
8669,2023-01-10,5,5,1,0.108798
8670,2023-01-12,5,3,0,0.108785
8671,2023-01-14,4,3,0,0.108771
8672,2023-01-17,9,1,0,0.108758
8673,2023-01-19,6,7,0,0.108744
8674,2023-01-21,5,7,0,0.108731
8675,2023-01-24,9,3,0,0.108717
8676,2023-01-26,5,7,0,0.108704
8677,2023-01-28,6,3,0,0.10869
8678,2023-01-31,9,7,0,0.108677
8679,2023-02-02,6,7,0,0.108663
8680,2023-02-04,9,7,0,0.10865
8681,2023-02-07,1,7,0,0.108636
8682,2023-02-09,8,7,0,0.108623
8683,2023-02-11,5,5,1,0.108733
8684,2023-02-14,9,3,0,0.10872
8685,2023-02-16,2,7,0,0.108706
8686,2023-02-18,9,3,0,0.108693
8687,2023-02-21,3,7,0,0.10868
8688,2023-02-23,8,9,0,0.108666
8689,2023-02-25,2,5,0,0.108653
8690,2023-02-28,9,3,0,0.108639
8691,2023-03-02,3,7,0,0.108626
8692,2023-03-04,6,9,0,0.108612
8693,2023-03-07,8,7,0,0.108599
8694,2023-03-09,8,5,0,0.108586
8695,2023-03-11,7,5,0,0.108572
8696,2023-03-14,6,6,1,0.108682
8697,2023-03-16,7,7,1,0.108792
8698,2023-03-18,7,6,0,0.108779
8699,2023-03-21,8,6,0,0.108765
8700,2023-03-23,6,5,0,0.108752
8701,2023-03-25,5,7,0,0.108739
8702,2023-03-28,4,3,0,0.108725
8703,2023-03-30,9,1,0,0.108712
8704,2023-04-01,4,7,0,0.108698
8705,2023-04-04,2,1,0,0.108685
8706,2023-04-06,3,3,1,0.108795
8707,2023-04-08,9,9,1,0.108905
8708,2023-04-11,7,7,1,0.109015
8709,2023-04-13,7,6,0,0.109001
8710,2023-04-15,2,6,0,0.108988
8711,2023-04-18,9,3,0,0.108974
8712,2023-04-20,4,7,0,0.108961
8713,2023-04-22,9,1,0,0.108947
8714,2023-04-26,4,7,0,0.108934
8715,2023-04-27,1,1,1,0.109044
8716,2023-04-29,4,7,0,0.10903
8717,2023-05-02,9,1,0,0.109017
8718,2023-05-04,1,7,0,0.109004
8719,2023-05-06,4,7,0,0.10899
8720,2023-05-09,8,1,0,0.108977
8721,2023-05-11,7,5,0,0.108963
8722,2023-05-13,1,6,0,0.10895
8723,2023-05-16,6,7,0,0.108936
8724,2023-05-18,7,7,1,0.109046
8725,2023-05-20,7,6,0,0.109033
8726,2023-05-23,9,6,0,0.109019
8727,2023-05-25,2,7,0,0.109006
8728,2023-05-27,6,3,0,0.108992
8729,2023-05-30,4,7,0,0.108979
8730,2023-06-01,7,1,0,0.108966
8731,2023-06-03,5,6,0,0.108952
8732,2023-06-06,5,3,0,0.108939
8733,2023-06-08,9,3,0,0.108925
8734,2023-06-10,4,7,0,0.108912
8735,2023-06-13,3,1,0,0.108899
8736,2023-06-15,8,9,0,0.108885
8737,2023-06-17,6,5,0,0.108872
8738,2023-06-20,7,7,1,0.108981
8739,2023-06-22,7,6,0,0.108968
8740,2023-06-24,4,6,0,0.108955
8741,2023-06-27,8,1,0,0.108941
8742,2023-06-29,9,5,0,0.108928
8743,2023-07-01,4,7,0,0.108915
8744,2023-07-04,7,1,0,0.108901
8745,2023-07-06,9,6,0,0.108888
8746,2023-07-07,3,7,0,0.108874
8747,2023-07-08,2,9,0,0.108861
8748,2023-07-11,2,3,0,0.108848
8749,2023-07-13,1,3,0,0.108834
8750,2023-07-14,8,7,0,0.108821
8751,2023-07-15,2,5,0,0.108808
8752,2023-07-18,5,3,0,0.108794
8753,2023-07-20,6,3,0,0.108781
8754,2023-07-21,3,7,0,0.108768
8755,2023-07-22,2,9,0,0.108754
8756,2023-07-25,9,3,0,0.108741
8757,2023-07-27,4,7,0,0.108728
8758,2023-07-28,9,1,0,0.108714
8759,2023-07-29,8,7,0,0.108701
8760,2023-08-01,8,5,0,0.108688
8761,2023-08-03,8,5,0,0.108674
8762,2023-08-04,1,8,0,0.108661
8763,2023-08-05,5,7,0,0.108648
8764,2023-08-08,2,3,0,0.108634
8765,2023-08-10,7,3,0,0.108621
8766,2023-08-11,5,6,0,0.108608
8767,2023-08-12,5,3,0,0.108595
8768,2023-08-16,6,3,0,0.108581
8769,2023-08-17,6,7,0,0.108568
8770,2023-08-18,9,7,0,0.108555
8771,2023-08-19,1,7,0,0.108541
8772,2023-08-22,8,7,0,0.108528
8773,2023-08-24,6,8,0,0.108515
8774,2023-08-25,4,7,0,0.108502
8775,2023-08-26,8,1,0,0.108488
8776,2023-08-29,1,8,0,0.108475
8777,2023-08-31,1,7,0,0.108462
8778,2023-09-01,5,7,0,0.108448
8779,2023-09-02,8,3,0,0.108435
8780,2023-09-05,6,8,0,0.108422
8781,2023-09-07,6,7,0,0.108409
8782,2023-09-08,2,7,0,0.108395
8783,2023-09-09,8,3,0,0.108382
8784,2023-09-12,8,6,0,0.108369
8785,2023-09-14,2,8,0,0.108356
8786,2023-09-15,9,3,0,0.108342
8787,2023-09-16,9,1,0,0.108329
8788,2023-09-19,3,1,0,0.108316
8789,2023-09-21,1,9,0,0.108303
8790,2023-09-22,4,7,0,0.10829
8791,2023-09-23,8,1,0,0.108276
8792,2023-09-26,1,8,0,0.108263
8793,2023-09-28,9,7,0,0.10825
8794,2023-09-29,1,1,1,0.108359
8795,2023-09-30,9,7,0,0.108346
8796,2023-10-03,7,1,0,0.108332
8797,2023-10-05,1,6,0,0.108319
8798,2023-10-06,6,7,0,0.108306
8799,2023-10-07,4,7,0,0.108293
8800,2023-10-10,9,1,0,0.108279
8801,2023-10-12,5,1,0,0.108266
8802,2023-10-13,3,3,1,0.108375
8803,2023-10-14,8,9,0,0.108362
8804,2023-10-17,1,8,0,0.108349
8805,2023-10-19,3,7,0,0.108335
8806,2023-10-20,1,9,0,0.108322
8807,2023-10-21,7,7,1,0.108431
8808,2023-10-24,9,6,0,0.108418
8809,2023-10-26,6,1,0,0.108404
8810,2023-10-27,7,7,1,0.108513
8811,2023-10-28,1,6,0,0.1085
8812,2023-10-31,7,7,1,0.108608
8813,2023-11-02,7,6,0,0.108595
8814,2023-11-03,3,6,0,0.108582
8815,2023-11-04,7,1,0,0.108569
8816,2023-11-07,3,6,0,0.108555
8817,2023-11-09,1,1,1,0.108664
8818,2023-11-10,6,7,0,0.108651
8819,2023-11-11,3,7,0,0.108637
8820,2023-11-14,7,1,0,0.108624
8821,2023-11-16,9,6,0,0.108611
8822,2023-11-17,4,1,0,0.108598
8823,2023-11-18,2,1,0,0.108585
8824,2023-11-21,9,3,0,0.108571
8825,2023-11-23,7,1,0,0.108558
8826,2023-11-24,3,6,0,0.108545
8827,2023-11-25,4,1,0,0.108532
8828,2023-11-28,4,1,0,0.108519
8829,2023-11-30,9,1,0,0.108505
8830,2023-12-01,2,7,0,0.108492
8831,2023-12-02,5,3,0,0.108479
8832,2023-12-05,2,3,0,0.108466
8833,2023-12-07,1,3,0,0.108453
8834,2023-12-09,3,7,0,0.10844
8835,2023-12-11,3,1,0,0.108426
8836,2023-12-12,6,1,0,0.108413
8837,2023-12-14,5,7,0,0.1084
8838,2023-12-15,1,3,0,0.108387
8839,2023-12-16,8,7,0,0.108374
8840,2023-12-19,2,8,0,0.108361
8841,2023-12-21,6,3,0,0.108347
8842,2023-12-22,2,7,0,0.108334
8843,2023-12-23,7,3,0,0.108321
8844,2023-12-27,2,6,0,0.108308
8845,2023-12-28,8,3,0,0.108295
8846,2023-12-29,2,8,0,0.108282
8847,2023-12-30,5,3,0,0.108269
8848,2024-01-02,4,3,0,0.108256
8849,2024-01-04,5,1,0,0.108242
8850,2024-01-05,4,3,0,0.108229
8851,2024-01-08,6,1,0,0.108216
8852,2024-01-09,4,7,0,0.108203
8853,2024-01-11,4,1,0,0.10819
8854,2024-01-12,9,1,0,0.108177
8855,2024-01-13,7,7,1,0.108285
8856,2024-01-16,6,6,1,0.108393
8857,2024-01-18,8,7,0,0.10838
8858,2024-01-19,1,8,0,0.108367
8859,2024-01-20,6,7,0,0.108354
8860,2024-01-23,7,7,1,0.108461
8861,2024-01-25,6,6,1,0.108569
8862,2024-01-26,4,7,0,0.108556
8863,2024-01-27,6,1,0,0.108543
8864,2024-01-30,8,7,0,0.10853
8865,2024-02-01,5,8,0,0.108517
8866,2024-02-02,5,3,0,0.108504
8867,2024-02-03,6,3,0,0.108491
8868,2024-02-06,4,7,0,0.108477
8869,2024-02-08,5,1,0,0.108464
8870,2024-02-09,8,3,0,0.108451
8871,2024-02-10,9,8,0,0.108438
8872,2024-02-13,1,7,0,0.108425
8873,2024-02-15,1,7,0,0.108412
8874,2024-02-16,2,7,0,0.108399
8875,2024-02-17,5,3,0,0.108386
8876,2024-02-20,7,3,0,0.108373
8877,2024-02-22,2,6,0,0.10836
8878,2024-02-23,7,3,0,0.108346
8879,2024-02-24,6,6,1,0.108454
8880,2024-02-27,2,7,0,0.108441
8881,2024-02-29,5,3,0,0.108428
8882,2024-03-01,9,3,0,0.108415
8883,2024-03-02,5,7,0,0.108402
8884,2024-03-05,5,3,0,0.108389
8885,2024-03-07,4,3,0,0.108376
8886,2024-03-08,2,1,0,0.108362
8887,2024-03-09,7,3,0,0.108349
8888,2024-03-12,6,6,1,0.108457
8889,2024-03-14,9,7,0,0.108444
8890,2024-03-15,2,7,0,0.108431
8891,2024-03-16,4,3,0,0.108418
8892,2024-03-19,6,1,0,0.108405
8893,2024-03-21,4,7,0,0.108392
8894,2024-03-22,7,1,0,0.108379
8895,2024-03-23,7,6,0,0.108365
8896,2024-03-26,2,6,0,0.108352
8897,2024-03-28,2,3,0,0.108339
8898,2024-03-29,9,3,0,0.108326
8899,2024-03-30,1,7,0,0.108313
8900,2024-04-02,2,7,0,0.1083
8901,2024-04-04,7,3,0,0.108287
8902,2024-04-05,7,6,0,0.108274
8903,2024-04-06,5,6,0,0.108261
8904,2024-04-09,8,3,0,0.108248
8905,2024-04-11,3,8,0,0.108235
8906,2024-04-12,2,1,0,0.108222
8907,2024-04-13,9,3,0,0.108209
8908,2024-04-16,5,1,0,0.108196
8909,2024-04-18,2,3,0,0.108183
8910,2024-04-19,4,3,0,0.10817
8911,2024-04-20,6,7,0,0.108157
8912,2024-04-23,7,7,1,0.108264
8913,2024-04-26,3,6,0,0.108251
8914,2024-04-27,3,1,0,0.108238
8915,2024-04-29,4,1,0,0.108225
8916,2024-04-30,3,7,0,0.108212
8917,2024-05-02,3,1,0,0.108199
8918,2024-05-03,4,1,0,0.108186
8919,2024-05-04,3,7,0,0.108173
8920,2024-05-07,3,1,0,0.10816
8921,2024-05-09,9,1,0,0.108147
8922,2024-05-10,8,1,0,0.108134
8923,2024-05-11,7,8,0,0.108121
8924,2024-05-14,3,6,0,0.108108
8925,2024-05-16,6,1,0,0.108095
8926,2024-05-17,1,7,0,0.108082
8927,2024-05-18,7,7,1,0.108189
8928,2024-05-21,2,6,0,0.108176
8929,2024-05-23,7,3,0,0.108163
8930,2024-05-24,2,6,0,0.10815
8931,2024-05-25,7,3,0,0.108137
8932,2024-05-28,9,6,0,0.108124
8933,2024-05-30,3,1,0,0.108111
8934,2024-05-31,9,1,0,0.108098
8935,2024-06-01,3,1,0,0.108085
8936,2024-06-04,1,9,0,0.108072
8937,2024-06-06,3,7,0,0.108059
8938,2024-06-07,7,1,0,0.108047
8939,2024-06-08,8,6,0,0.108034
8940,2024-06-11,7,8,0,0.108021
8941,2024-06-13,6,6,1,0.108128
8942,2024-06-14,1,7,0,0.108115
8943,2024-06-15,9,7,0,0.108102
8944,2024-06-18,7,1,0,0.108089
8945,2024-06-20,9,6,0,0.108076
8946,2024-06-21,2,7,0,0.108063
8947,2024-06-22,2,3,0,0.10805
8948,2024-06-25,4,3,0,0.108037
8949,2024-06-27,6,7,0,0.108024
8950,2024-06-28,2,7,0,0.108011
8951,2024-06-29,7,3,0,0.107998
8952,2024-07-02,1,6,0,0.107985
8953,2024-07-04,2,7,0,0.107972
8954,2024-07-05,9,3,0,0.107959
8955,2024-07-06,5,7,0,0.107946
8956,2024-07-09,6,3,0,0.107933
8957,2024-07-11,7,7,1,0.10804
8958,2024-07-12,7,6,0,0.108027
8959,2024-07-13,1,6,0,0.108014
8960,2024-07-16,1,7,0,0.108001
8961,2024-07-18,2,7,0,0.107989
8962,2024-07-19,1,3,0,0.107976
8963,2024-07-20,8,7,0,0.107963
8964,2024-07-23,1,8,0,0.10795
8965,2024-07-25,5,7,0,0.107937
8966,2024-07-26,9,3,0,0.107924
8967,2024-07-27,2,7,0,0.107911
8968,2024-07-30,7,3,0,0.107898
8969,2024-08-01,1,6,0,0.107885
8970,2024-08-02,7,7,1,0.107992
8971,2024-08-03,3,6,0,0.107979
8972,2024-08-06,9,1,0,0.107966
8973,2024-08-08,7,7,1,0.108073
8974,2024-08-09,9,6,0,0.10806
8975,2024-08-10,6,7,0,0.108047
8976,2024-08-13,2,7,0,0.108034
8977,2024-08-16,1,3,0,0.108021
8978,2024-08-17,6,7,0,0.108008
8979,2024-08-19,7,7,1,0.108115
8980,2024-08-20,6,6,1,0.108221
8981,2024-08-22,5,7,0,0.108208
8982,2024-08-23,1,3,0,0.108195
8983,2024-08-24,1,7,0,0.108182
8984,2024-08-27,7,7,1,0.108289
8985,2024-08-29,4,6,0,0.108276
8986,2024-08-30,8,6,0,0.108263
8987,2024-08-31,2,8,0,0.10825
8988,2024-09-03,5,3,0,0.108237
8989,2024-09-05,9,3,0,0.108224
8990,2024-09-06,3,7,0,0.108211
8991,2024-09-07,5,9,0,0.108198
8992,2024-09-10,9,3,0,0.108185
8993,2024-09-12,7,7,1,0.108292
8994,2024-09-13,3,6,0,0.108279
8995,2024-09-14,3,9,0,0.108266
8996,2024-09-17,1,9,0,0.108253
8997,2024-09-19,9,7,0,0.10824
8998,2024-09-20,9,7,0,0.108227
8999,2024-09-21,1,7,0,0.108214
9000,2024-09-24,4,7,0,0.108201
9001,2024-09-26,1,6,0,0.108189
9002,2024-09-27,4,7,0,0.108176
9003,2024-09-28,4,6,0,0.108163
9004,2024-10-01,8,6,0,0.10815
9005,2024-10-03,8,8,1,0.108256
9006,2024-10-04,5,8,0,0.108243
9007,2024-10-05,2,3,0,0.10823
9008,2024-10-08,5,3,0,0.108217
9009,2024-10-10,8,3,0,0.108205
9010,2024-10-11,4,8,0,0.108192
9011,2024-10-12,3,6,0,0.108179
9012,2024-10-15,6,1,0,0.108166
9013,2024-10-17,2,7,0,0.108153
9014,2024-10-18,3,3,1,0.108259
9015,2024-10-19,2,1,0,0.108246
9016,2024-10-22,4,3,0,0.108233
9017,2024-10-24,1,6,0,0.10822
9018,2024-10-25,7,7,1,0.108326
9019,2024-10-26,9,6,0,0.108314
9020,2024-10-29,1,7,0,0.108301
9021,2024-10-31,6,7,0,0.108288
9022,2024-11-02,4,7,0,0.108275
9023,2024-11-04,6,1,0,0.108262
9024,2024-11-05,9,7,0,0.108249
9025,2024-11-07,2,7,0,0.108236
9026,2024-11-08,9,3,0,0.108224
9027,2024-11-09,3,7,0,0.108211
9028,2024-11-12,1,1,1,0.108317
9029,2024-11-14,3,7,0,0.108304
9030,2024-11-15,8,1,0,0.108291
9031,2024-11-16,7,8,0,0.108278
9032,2024-11-19,7,6,0,0.108265
9033,2024-11-21,5,6,0,0.108252
9034,2024-11-22,6,3,0,0.108239
9035,2024-11-23,7,7,1,0.108345
9036,2024-11-26,9,6,0,0.108332
9037,2024-11-28,3,7,0,0.10832
9038,2024-11-29,4,1,0,0.108307
9039,2024-11-30,8,6,0,0.108294
9040,2024-12-03,6,8,0,0.108281
9041,2024-12-05,7,7,1,0.108387
9042,2024-12-06,3,6,0,0.108374
9043,2024-12-07,7,1,0,0.108361
9044,2024-12-10,6,6,1,0.108467
9045,2024-12-12,3,7,0,0.108454
9046,2024-12-13,4,1,0,0.108441
9047,2024-12-14,4,6,0,0.108428
9048,2024-12-17,8,6,0,0.108415
9049,2024-12-19,1,8,0,0.108402
9050,2024-12-20,4,7,0,0.10839
9051,2024-12-21,9,6,0,0.108377
9052,2024-12-24,6,7,0,0.108364
9053,2024-12-27,2,7,0,0.108351
9054,2024-12-28,2,3,0,0.108338
9055,2024-12-30,3,3,1,0.108444
9056,2024-12-31,9,1,0,0.108431
9057,2025-01-02,6,7,0,0.108418
9058,2025-01-03,8,7,0,0.108405
9059,2025-01-04,9,8,0,0.108392
9060,2025-01-07,6,7,0,0.10838
9061,2025-01-09,6,7,0,0.108367
9062,2025-01-10,1,7,0,0.108354
9063,2025-01-11,8,7,0,0.108341
9064,2025-01-14,5,8,0,0.108328
9065,2025-01-16,8,3,0,0.108316
9066,2025-01-17,4,5,0,0.108303
9067,2025-01-18,1,6,0,0.10829
9068,2025-01-21,4,7,0,0.108277
9069,2025-01-23,6,1,0,0.108264
9070,2025-01-24,9,7,0,0.108252
9071,2025-01-25,4,7,0,0.108239
9072,2025-01-28,3,6,0,0.108226
9073,2025-01-30,2,1,0,0.108213
9074,2025-01-31,9,3,0,0.108201
9075,2025-02-01,2,7,0,0.108188
9076,2025-02-04,7,3,0,0.108175
9077,2025-02-06,6,6,1,0.10828
9078,2025-02-07,2,7,0,0.108267
9079,2025-02-08,4,3,0,0.108255
9080,2025-02-11,1,6,0,0.108242
9081,2025-02-13,7,7,1,0.108347
9082,2025-02-14,5,6,0,0.108334
9083,2025-02-15,3,3,1,0.108439
9084,2025-02-18,9,1,0,0.108427
9085,2025-02-20,6,7,0,0.108414
9086,2025-02-21,7,7,1,0.108519
9087,2025-02-22,3,6,0,0.108506
9088,2025-02-25,6,9,0,0.108493
9089,2025-02-27,4,7,0,0.108481
9090,2025-02-28,5,1,0,0.108468
9091,2025-03-01,9,3,0,0.108455
9092,2025-03-04,7,7,1,0.10856
9093,2025-03-06,7,6,0,0.108547
9094,2025-03-07,4,6,0,0.108534
9095,2025-03-08,8,1,0,0.108522
9096,2025-03-11,5,5,1,0.108627
9097,2025-03-13,9,3,0,0.108614
9098,2025-03-14,9,7,0,0.108601
9099,2025-03-15,7,7,1,0.108706
9100,2025-03-18,6,6,1,0.108811
9101,2025-03-20,4,7,0,0.108798
9102,2025-03-21,1,1,1,0.108903
9103,2025-03-22,9,7,0,0.10889
9104,2025-03-25,7,7,1,0.108995
9105,2025-03-27,9,6,0,0.108982
9106,2025-03-28,9,7,0,0.108969
9107,2025-03-29,1,7,0,0.108956
9108,2025-04-01,4,7,0,0.108943
9109,2025-04-03,5,1,0,0.108931
9110,2025-04-04,9,3,0,0.108918
9111,2025-04-05,6,7,0,0.108905
9112,2025-04-08,2,7,0,0.108892
9113,2025-04-10,1,3,0,0.108879
9114,2025-04-11,6,7,0,0.108867
9115,2025-04-12,4,7,0,0.108854
9116,2025-04-15,8,1,0,0.108841
9117,2025-04-17,3,5,0,0.108828
9118,2025-04-18,2,9,0,0.108816
9119,2025-04-19,8,3,0,0.108803
9120,2025-04-22,8,5,0,0.10879
9121,2025-04-24,2,5,0,0.108777
9122,2025-04-26,6,3,0,0.108765
9123,2025-04-28,4,7,0,0.108752
9124,2025-04-29,6,1,0,0.108739
9125,2025-05-02,3,7,0,0.108726
9126,2025-05-03,2,9,0,0.108713
9127,2025-05-05,7,3,0,0.108701
9128,2025-05-06,2,6,0,0.108688
9129,2025-05-08,3,3,1,0.108792
9130,2025-05-09,5,9,0,0.10878
9131,2025-05-10,8,3,0,0.108767
9132,2025-05-13,7,5,0,0.108754
9133,2025-05-15,9,6,0,0.108742
9134,2025-05-16,3,7,0,0.108729
9135,2025-05-17,6,9,0,0.108716
9136,2025-05-20,8,7,0,0.108703
9137,2025-05-22,6,5,0,0.108691
9138,2025-05-23,7,7,1,0.108795
9139,2025-05-24,3,6,0,0.108782
9140,2025-05-27,8,9,0,0.108769
9141,2025-05-29,3,5,0,0.108757
9142,2025-05-30,5,9,0,0.108744
9143,2025-05-31,3,3,1,0.108848
9144,2025-06-03,6,9,0,0.108836
9145,2025-06-05,3,7,0,0.108823
9146,2025-06-06,7,9,0,0.10881
9147,2025-06-07,5,6,0,0.108797
9148,2025-06-10,7,3,0,0.108785
9149,2025-06-12,7,6,0,0.108772
9150,2025-06-13,4,6,0,0.108759
9151,2025-06-14,1,1,1,0.108863
9152,2025-06-17,6,7,0,0.108851
9153,2025-06-19,7,7,1,0.108955
9154,2025-06-20,3,6,0,0.108942
9155,2025-06-21,4,9,0,0.108929
9156,2025-06-24,2,1,0,0.108917
9157,2025-06-26,4,3,0,0.108904
9158,2025-06-27,2,1,0,0.108891
9159,2025-06-28,5,3,0,0.108879
9160,2025-07-01,3,3,1,0.108983
9161,2025-07-03,7,9,0,0.10897
9162,2025-07-04,9,6,0,0.108957
9163,2025-07-05,6,7,0,0.108944
9164,2025-07-08,8,7,0,0.108932
9165,2025-07-10,4,5,0,0.108919
9166,2025-07-11,1,1,1,0.109023
9167,2025-07-12,7,7,1,0.109127
9168,2025-07-15,2,6,0,0.109114
9169,2025-07-17,7,3,0,0.109102
9170,2025-07-18,1,6,0,0.109089
9171,2025-07-19,5,7,0,0.109076
9172,2025-07-22,4,3,0,0.109063
9173,2025-07-24,8,1,0,0.109051
9174,2025-07-25,7,5,0,0.109038
9175,2025-07-26,9,6,0,0.109025
9176,2025-07-29,5,7,0,0.109012
9177,2025-07-31,9,3,0,0.109
9178,2025-08-01,5,7,0,0.108987
9179,2025-08-02,7,3,0,0.108974
9180,2025-08-05,6,6,1,0.109078
9181,2025-08-07,2,7,0,0.109065
9182,2025-08-08,9,3,0,0.109053
9183,2025-08-09,5,7,0,0.10904
9184,2025-08-12,7,3,0,0.109027
9185,2025-08-14,3,6,0,0.109015
9186,2025-08-16,5,9,0,0.109002
9187,2025-08-18,6,3,0,0.108989
9188,2025-08-19,6,7,0,0.108977
9189,2025-08-21,5,7,0,0.108964
9190,2025-08-22,9,3,0,0.108951
9191,2025-08-23,3,7,0,0.108939
9192,2025-08-26,8,9,0,0.108926
9193,2025-08-28,9,5,0,0.108913
9194,2025-08-29,7,7,1,0.109017
9195,2025-08-30,6,6,1,0.109121
9196,2025-09-02,9,7,0,0.109108
9197,2025-09-04,4,7,0,0.109095
9198,2025-09-05,8,1,0,0.109082
9199,2025-09-06,2,5,0,0.10907
9200,2025-09-09,3,3,1,0.109173
9201,2025-09-11,1,9,0,0.109161
9202,2025-09-12,9,7,0,0.109148
9203,2025-09-13,3,7,0,0.109135
9204,2025-09-16,6,1,0,0.109123
9205,2025-09-18,1,7,0,0.10911
9206,2025-09-19,3,7,0,0.109097
9207,2025-09-20,4,1,0,0.109085
9208,2025-09-23,6,1,0,0.109072
9209,2025-09-25,6,7,0,0.109059
9210,2025-09-26,8,7,0,0.109047
9211,2025-09-27,6,5,0,0.109034
9212,2025-09-30,8,7,0,0.109021
9213,2025-10-02,3,5,0,0.109009
9214,2025-10-03,7,1,0,0.108996
9215,2025-10-04,7,6,0,0.108983
9216,2025-10-07,8,6,0,0.108971
9217,2025-10-09,8,5,0,0.108958
9218,2025-10-10,4,8,0,0.108945
9219,2025-10-11,3,1,0,0.108933
9220,2025-10-14,7,1,0,0.10892
9221,2025-10-16,9,6,0,0.108907
9222,2025-10-17,3,7,0,0.108895
9223,2025-10-18,5,1,0,0.108882
9224,2025-10-21,7,3,0,0.10887
9225,2025-10-23,5,6,0,0.108857
9226,2025-10-24,8,3,0,0.108844
9227,2025-10-25,9,8,0,0.108832
9228,2025-10-28,8,7,0,0.108819
9229,2025-10-30,9,8,0,0.108806
9230,2025-10-31,3,7,0,0.108794
9231,2025-11-03,3,1,0,0.108781
9232,2025-11-04,2,1,0,0.108769
9233,2025-11-06,5,3,0,0.108756
9234,2025-11-07,2,3,0,0.108743
9235,2025-11-08,3,3,1,0.108847
9236,2025-11-11,1,1,1,0.10895
9237,2025-11-13,4,7,0,0.108937
9238,2025-11-14,8,1,0,0.108925
9239,2025-11-15,9,8,0,0.108912
9240,2025-11-18,4,7,0,0.108899
9241,2025-11-20,3,1,0,0.108887
9242,2025-11-21,3,1,0,0.108874
9243,2025-11-22,2,1,0,0.108862
9244,2025-11-25,9,3,0,0.108849
9245,2025-11-27,6,7,0,0.108836
9246,2025-11-28,7,7,1,0.10894
9247,2025-11-29,6,6,1,0.109043
9248,2025-12-02,7,7,1,0.109146
9249,2025-12-04,3,6,0,0.109133
9250,2025-12-05,3,1,0,0.10912
9251,2025-12-06,6,1,0,0.109108
9252,2025-12-09,1,7,0,0.109095
9253,2025-12-11,4,7,0,0.109083
9254,2025-12-12,1,1,1,0.109185
9255,2025-12-13,1,7,0,0.109173
9256,2025-12-16,6,7,0,0.10916
9257,2025-12-18,7,7,1,0.109263
9258,2025-12-19,4,6,0,0.10925
9259,2025-12-20,9,1,0,0.109238
9260,2025-12-23,2,7,0,0.109225
9261,2025-12-24,2,3,0,0.109213
9262,2025-12-27,9,3,0,0.1092
9263,2025-12-29,7,7,1,0.109303
9264,2025-12-30,9,6,0,0.10929
9265,2026-01-02,5,7,0,0.109278
9266,2026-01-03,7,3,0,0.109265
9267,2026-01-05,1,6,0,0.109252
9268,2026-01-07,7,7,1,0.109355
9269,2026-01-08,8,6,0,0.109343
9270,2026-01-09,7,8,0,0.10933
9271,2026-01-10,4,6,0,0.109317
9272,2026-01-13,8,1,0,0.109305
9273,2026-01-15,9,7,0,0.109292
9274,2026-01-16,7,7,1,0.109395
9275,2026-01-17,6,6,1,0.109497
9276,2026-01-20,4,7,0,0.109485
9277,2026-01-22,1,1,1,0.109587
9278,2026-01-23,7,7,1,0.10969
9279,2026-01-24,6,6,1,0.109793
9280,2026-01-27,6,7,0,0.10978
9281,2026-01-29,5,7,0,0.109767
9282,2026-01-30,1,3,0,0.109755
9283,2026-01-31,2,7,0,0.109742
9284,2026-02-03,7,3,0,0.109729
9285,2026-02-05,6,6,1,0.109832
9286,2026-02-06,1,7,0,0.109819
9287,2026-02-07,2,7,0,0.109807
9288,2026-02-10,8,3,0,0.109794
9289,2026-02-12,3,7,0,0.109781
9290,2026-02-13,1,1,1,0.109884
9291,2026-02-14,9,7,0,0.109871
9292,2026-02-17,5,7,0,0.109859
9293,2026-02-19,3,3,1,0.109961
9294,2026-02-20,8,1,0,0.109948
9295,2026-02-21,7,7,1,0.110051
9296,2026-02-24,5,6,0,0.110038
9297,2026-02-26,9,3,0,0.110025
9298,2026-02-27,1,7,0,0.110013
9299,2026-02-28,1,7,0,0.11
9300,2026-03-03,1,7,0,0.109987
9301,2026-03-05,7,7,1,0.11009
9302,2026-03-06,4,6,0,0.110077
9303,2026-03-07,3,1,0,0.110064
9304,2026-03-10,6,1,0,0.110052
9305,2026-03-12,2,7,0,0.110039
9306,2026-03-13,5,3,0,0.110026
9307,2026-03-14,3,3,1,0.110129
9308,2026-03-17,5,1,0,0.110116
