t_index,date,true_dr,pred_dr,hit,rolling_accuracy
600,1911-07-08,2,8,0,0.0
601,1911-07-15,3,8,0,0.0
602,1911-07-22,1,6,0,0.0
603,1911-07-29,3,6,0,0.0
604,1911-08-05,3,8,0,0.0
605,1911-08-12,4,1,0,0.0
606,1911-08-19,1,1,1,0.142857
607,1911-08-26,6,3,0,0.125
608,1911-09-02,1,7,0,0.111111
609,1911-09-09,5,6,0,0.1
610,1911-09-16,6,8,0,0.090909
611,1911-09-23,7,7,1,0.166667
612,1911-09-30,4,6,0,0.153846
613,1911-10-07,9,3,0,0.142857
614,1911-10-14,2,6,0,0.133333
615,1911-10-21,1,7,0,0.125
616,1911-10-28,5,6,0,0.117647
617,1911-11-04,1,8,0,0.111111
618,1911-11-11,7,5,0,0.105263
619,1911-11-18,5,9,0,0.1
620,1911-11-25,2,8,0,0.095238
621,1911-12-02,8,2,0,0.090909
622,1911-12-09,4,7,0,0.086957
623,1911-12-16,4,3,0,0.083333
624,1911-12-23,8,4,0,0.08
625,1911-12-30,5,9,0,0.076923
626,1912-01-06,1,6,0,0.074074
627,1912-01-13,5,5,1,0.107143
628,1912-01-20,9,8,0,0.103448
629,1912-01-27,1,7,0,0.1
630,1912-02-03,5,4,0,0.096774
631,1912-02-10,3,8,0,0.09375
632,1912-02-17,4,7,0,0.090909
633,1912-02-24,6,1,0,0.088235
634,1912-03-02,3,7,0,0.085714
635,1912-03-09,8,8,1,0.111111
636,1912-03-16,9,9,1,0.135135
637,1912-03-23,4,3,0,0.131579
638,1912-03-30,4,6,0,0.128205
639,1912-04-06,7,4,0,0.125
640,1912-04-13,4,3,0,0.121951
641,1912-04-20,2,3,0,0.119048
642,1912-04-27,3,3,1,0.139535
643,1912-05-04,6,6,1,0.159091
644,1912-05-11,3,7,0,0.155556
645,1912-05-18,4,8,0,0.152174
646,1912-05-25,3,1,0,0.148936
647,1912-06-01,1,8,0,0.145833
648,1912-06-08,5,6,0,0.142857
649,1912-06-15,7,8,0,0.14
650,1912-06-22,5,2,0,0.137255
651,1912-06-29,6,8,0,0.134615
652,1912-07-06,1,7,0,0.132075
653,1912-07-13,9,6,0,0.12963
654,1912-07-20,8,9,0,0.127273
655,1912-07-27,4,9,0,0.125
656,1912-08-03,9,4,0,0.122807
657,1912-08-10,3,6,0,0.12069
658,1912-08-17,7,5,0,0.118644
659,1912-08-24,8,6,0,0.116667
660,1912-08-31,6,3,0,0.114754
661,1912-09-07,5,6,0,0.112903
662,1912-09-14,9,8,0,0.111111
663,1912-09-21,3,7,0,0.109375
664,1912-09-28,9,5,0,0.107692
665,1912-10-05,6,1,0,0.106061
666,1912-10-12,5,3,0,0.104478
667,1912-10-19,6,8,0,0.102941
668,1912-10-26,9,7,0,0.101449
669,1912-11-02,9,6,0,0.1
670,1912-11-09,8,3,0,0.098592
671,1912-11-16,9,9,1,0.111111
672,1912-11-23,1,3,0,0.109589
673,1912-11-30,7,5,0,0.108108
674,1912-12-07,1,9,0,0.106667
675,1912-12-14,9,5,0,0.105263
676,1912-12-21,3,9,0,0.103896
677,1912-12-28,1,5,0,0.102564
678,1913-01-04,7,6,0,0.101266
679,1913-01-11,5,9,0,0.1
680,1913-01-18,2,8,0,0.098765
681,1913-01-25,7,8,0,0.097561
682,1913-02-01,4,3,0,0.096386
683,1913-02-08,3,3,1,0.107143
684,1913-02-15,5,8,0,0.105882
685,1913-02-22,2,6,0,0.104651
686,1913-03-01,9,8,0,0.103448
687,1913-03-08,7,4,0,0.102273
688,1913-03-15,9,4,0,0.101124
689,1913-03-22,1,3,0,0.1
690,1913-03-29,2,5,0,0.098901
691,1913-04-05,8,3,0,0.097826
692,1913-04-12,6,7,0,0.096774
693,1913-04-19,1,6,0,0.095745
694,1913-04-26,9,6,0,0.094737
695,1913-05-03,6,9,0,0.09375
696,1913-05-10,8,3,0,0.092784
697,1913-05-17,5,4,0,0.091837
698,1913-05-24,3,1,0,0.090909
699,1913-05-31,8,7,0,0.09
700,1913-06-07,4,9,0,0.089109
701,1913-06-14,7,4,0,0.088235
702,1913-06-21,4,3,0,0.087379
703,1913-06-28,3,3,1,0.096154
704,1913-07-05,3,8,0,0.095238
705,1913-07-12,4,4,1,0.103774
706,1913-07-19,8,1,0,0.102804
707,1913-07-26,3,9,0,0.101852
708,1913-08-02,1,4,0,0.100917
709,1913-08-09,6,6,1,0.109091
710,1913-08-16,7,7,1,0.117117
711,1913-08-23,1,6,0,0.116071
712,1913-08-30,2,5,0,0.115044
713,1913-09-06,4,3,0,0.114035
714,1913-09-13,3,3,1,0.121739
715,1913-09-20,3,3,1,0.12931
716,1913-09-27,8,4,0,0.128205
717,1913-10-04,7,9,0,0.127119
718,1913-10-11,4,5,0,0.12605
719,1913-10-18,1,3,0,0.125
720,1913-10-25,6,6,1,0.132231
721,1913-11-01,5,7,0,0.131148
722,1913-11-08,6,8,0,0.130081
723,1913-11-15,2,7,0,0.129032
724,1913-11-22,1,6,0,0.128
725,1913-11-29,4,6,0,0.126984
726,1913-12-06,3,9,0,0.125984
727,1913-12-13,2,3,0,0.125
728,1913-12-20,7,8,0,0.124031
729,1913-12-27,8,3,0,0.123077
730,1914-01-03,3,6,0,0.122137
731,1914-01-10,8,4,0,0.121212
732,1914-01-17,1,9,0,0.120301
733,1914-01-24,2,7,0,0.119403
734,1914-01-31,4,3,0,0.118519
735,1914-02-07,5,3,0,0.117647
736,1914-02-14,8,3,0,0.116788
737,1914-02-21,2,7,0,0.115942
738,1914-02-28,8,7,0,0.115108
739,1914-03-07,8,7,0,0.114286
740,1914-03-14,2,6,0,0.113475
741,1914-03-21,2,7,0,0.112676
742,1914-03-28,7,2,0,0.111888
743,1914-04-04,4,3,0,0.111111
744,1914-04-11,9,3,0,0.110345
745,1914-04-18,9,6,0,0.109589
746,1914-04-25,1,3,0,0.108844
747,1914-05-02,6,5,0,0.108108
748,1914-05-09,6,7,0,0.107383
749,1914-05-16,6,8,0,0.106667
750,1914-05-23,1,8,0,0.10596
751,1914-05-30,4,6,0,0.105263
752,1914-06-06,4,9,0,0.104575
753,1914-06-13,7,4,0,0.103896
754,1914-06-20,8,3,0,0.103226
755,1914-06-27,4,3,0,0.102564
756,1914-07-04,5,4,0,0.101911
757,1914-07-11,2,8,0,0.101266
758,1914-07-18,5,8,0,0.100629
759,1914-07-25,6,7,0,0.1
760,1914-08-01,8,7,0,0.099379
761,1914-08-08,5,4,0,0.098765
762,1914-08-15,4,1,0,0.09816
763,1914-08-22,7,5,0,0.097561
764,1914-08-29,7,3,0,0.09697
765,1914-09-05,1,6,0,0.096386
766,1914-09-12,5,5,1,0.101796
767,1914-09-19,5,8,0,0.10119
768,1914-09-26,7,3,0,0.100592
769,1914-10-03,4,5,0,0.1
770,1914-10-10,8,3,0,0.099415
771,1914-10-17,1,9,0,0.098837
772,1914-10-24,8,2,0,0.098266
773,1914-10-31,2,3,0,0.097701
774,1914-11-07,3,7,0,0.097143
775,1914-11-14,5,6,0,0.096591
776,1914-11-21,1,6,0,0.096045
777,1914-11-28,4,5,0,0.095506
778,1914-12-05,6,9,0,0.094972
779,1914-12-12,4,7,0,0.094444
780,1914-12-19,8,1,0,0.093923
781,1914-12-26,8,9,0,0.093407
782,1915-01-02,6,2,0,0.092896
783,1915-01-09,1,6,0,0.092391
784,1915-01-16,4,6,0,0.091892
785,1915-01-23,3,9,0,0.091398
786,1915-01-30,4,3,0,0.090909
787,1915-02-06,5,1,0,0.090426
788,1915-02-13,8,2,0,0.089947
789,1915-02-20,1,7,0,0.089474
790,1915-02-27,1,2,0,0.089005
791,1915-03-06,6,1,0,0.088542
792,1915-03-13,9,7,0,0.088083
793,1915-03-20,1,6,0,0.087629
794,1915-03-27,4,5,0,0.087179
795,1915-04-03,4,9,0,0.086735
796,1915-04-10,2,4,0,0.086294
797,1915-04-17,8,3,0,0.085859
798,1915-04-24,3,7,0,0.085427
799,1915-05-01,3,4,0,0.085
800,1915-05-08,8,4,0,0.084577
801,1915-05-15,6,9,0,0.084158
802,1915-05-22,3,6,0,0.083744
803,1915-05-29,3,8,0,0.083333
804,1915-06-05,9,4,0,0.082927
805,1915-06-12,4,1,0,0.082524
806,1915-06-19,4,6,0,0.082126
807,1915-06-26,6,4,0,0.081731
808,1915-07-03,9,7,0,0.08134
809,1915-07-10,9,6,0,0.080952
810,1915-07-17,2,3,0,0.080569
811,1915-07-24,6,7,0,0.080189
812,1915-07-31,6,1,0,0.079812
813,1915-08-07,5,8,0,0.079439
814,1915-08-14,2,8,0,0.07907
815,1915-08-21,4,8,0,0.078704
816,1915-08-28,9,3,0,0.078341
817,1915-09-04,2,9,0,0.077982
818,1915-09-11,5,7,0,0.077626
819,1915-09-18,7,7,1,0.081818
820,1915-09-25,8,5,0,0.081448
821,1915-10-02,7,3,0,0.081081
822,1915-10-09,7,4,0,0.080717
823,1915-10-16,1,6,0,0.080357
824,1915-10-23,9,5,0,0.08
825,1915-10-30,6,9,0,0.079646
826,1915-11-06,2,3,0,0.079295
827,1915-11-13,5,6,0,0.078947
828,1915-11-20,8,7,0,0.078603
829,1915-11-27,4,7,0,0.078261
830,1915-12-04,7,4,0,0.077922
831,1915-12-11,5,3,0,0.077586
832,1915-12-18,3,8,0,0.077253
833,1915-12-25,4,7,0,0.076923
834,1915-12-31,5,1,0,0.076596
835,1916-01-08,4,8,0,0.076271
836,1916-01-15,8,5,0,0.075949
837,1916-01-22,8,9,0,0.07563
838,1916-01-29,1,6,0,0.075314
839,1916-02-05,2,2,1,0.079167
840,1916-02-12,4,3,0,0.078838
841,1916-02-19,9,3,0,0.078512
842,1916-02-26,4,9,0,0.078189
843,1916-03-04,2,4,0,0.077869
844,1916-03-11,7,3,0,0.077551
845,1916-03-18,6,4,0,0.077236
846,1916-03-25,5,9,0,0.076923
847,1916-04-01,4,8,0,0.076613
848,1916-04-08,2,5,0,0.076305
849,1916-04-15,2,3,0,0.076
850,1916-04-22,6,2,0,0.075697
851,1916-04-29,1,1,1,0.079365
852,1916-05-06,4,6,0,0.079051
853,1916-05-13,4,9,0,0.07874
854,1916-05-20,6,6,1,0.082353
855,1916-05-27,6,9,0,0.082031
856,1916-06-03,1,8,0,0.081712
857,1916-06-10,1,6,0,0.081395
858,1916-06-17,2,1,0,0.081081
859,1916-06-24,5,3,0,0.080769
860,1916-07-01,5,7,0,0.08046
861,1916-07-08,4,7,0,0.080153
862,1916-07-15,6,5,0,0.079848
863,1916-07-22,8,9,0,0.079545
864,1916-07-29,4,4,1,0.083019
865,1916-08-05,2,4,0,0.082707
866,1916-08-12,1,3,0,0.082397
867,1916-08-19,9,6,0,0.08209
868,1916-08-26,4,9,0,0.081784
869,1916-09-02,6,4,0,0.081481
870,1916-09-09,6,9,0,0.081181
871,1916-09-16,9,8,0,0.080882
872,1916-09-23,2,9,0,0.080586
873,1916-09-30,4,7,0,0.080292
874,1916-10-07,7,3,0,0.08
875,1916-10-14,8,3,0,0.07971
876,1916-10-21,5,3,0,0.079422
877,1916-10-28,8,1,0,0.079137
878,1916-11-04,3,7,0,0.078853
879,1916-11-11,4,3,0,0.078571
880,1916-11-18,8,5,0,0.078292
881,1916-11-25,3,9,0,0.078014
882,1916-12-02,6,4,0,0.077739
883,1916-12-09,2,3,0,0.077465
884,1916-12-16,6,5,0,0.077193
885,1916-12-23,3,1,0,0.076923
886,1916-12-30,8,8,1,0.080139
887,1917-01-06,4,9,0,0.079861
888,1917-01-13,8,4,0,0.079585
889,1917-01-20,8,3,0,0.07931
890,1917-01-27,9,6,0,0.079038
891,1917-02-03,5,3,0,0.078767
892,1917-02-10,5,2,0,0.078498
893,1917-02-17,7,7,1,0.081633
894,1917-02-24,5,5,1,0.084746
895,1917-03-03,6,8,0,0.084459
896,1917-03-10,2,7,0,0.084175
897,1917-03-17,1,6,0,0.083893
898,1917-03-24,1,6,0,0.083612
899,1917-03-31,1,1,1,0.086667
900,1917-04-07,6,1,0,0.086379
901,1917-04-14,8,7,0,0.086093
902,1917-04-21,1,4,0,0.085809
903,1917-04-28,3,2,0,0.085526
904,1917-05-05,1,8,0,0.085246
905,1917-05-12,7,6,0,0.084967
906,1917-05-19,5,9,0,0.084691
907,1917-05-26,3,8,0,0.084416
908,1917-06-02,6,7,0,0.084142
909,1917-06-09,4,3,0,0.083871
910,1917-06-16,8,1,0,0.083601
911,1917-06-23,1,3,0,0.083333
912,1917-06-30,2,2,1,0.086262
913,1917-07-07,5,3,0,0.085987
914,1917-07-14,1,7,0,0.085714
915,1917-07-21,7,5,0,0.085443
916,1917-07-28,4,5,0,0.085174
917,1917-08-04,4,3,0,0.084906
918,1917-08-11,3,6,0,0.084639
919,1917-08-18,1,3,0,0.084375
920,1917-08-25,8,6,0,0.084112
921,1917-09-01,7,3,0,0.083851
922,1917-09-08,9,4,0,0.083591
923,1917-09-15,7,3,0,0.083333
924,1917-09-22,2,4,0,0.083077
925,1917-09-29,6,7,0,0.082822
926,1917-10-06,1,1,1,0.085627
927,1917-10-13,4,6,0,0.085366
928,1917-10-20,1,4,0,0.085106
929,1917-10-27,2,6,0,0.084848
930,1917-11-03,4,3,0,0.084592
931,1917-11-10,6,3,0,0.084337
932,1917-11-17,9,6,0,0.084084
933,1917-11-24,4,9,0,0.083832
934,1917-12-01,3,6,0,0.083582
935,1917-12-08,6,3,0,0.083333
936,1917-12-15,2,4,0,0.083086
937,1917-12-22,8,6,0,0.08284
938,1917-12-29,8,3,0,0.082596
939,1918-01-05,5,6,0,0.082353
940,1918-01-12,5,1,0,0.082111
941,1918-01-19,6,7,0,0.081871
942,1918-01-26,6,2,0,0.081633
943,1918-02-02,1,8,0,0.081395
944,1918-02-09,5,4,0,0.081159
945,1918-02-16,8,8,1,0.083815
946,1918-02-23,6,7,0,0.083573
947,1918-03-02,8,6,0,0.083333
948,1918-03-09,2,4,0,0.083095
949,1918-03-16,5,7,0,0.082857
950,1918-03-23,9,7,0,0.082621
951,1918-03-30,6,7,0,0.082386
952,1918-04-06,3,3,1,0.084986
953,1918-04-13,8,8,1,0.087571
954,1918-04-20,9,9,1,0.090141
955,1918-04-27,1,3,0,0.089888
956,1918-05-04,6,4,0,0.089636
957,1918-05-11,9,7,0,0.089385
958,1918-05-18,5,9,0,0.089136
959,1918-05-25,5,5,1,0.091667
960,1918-06-01,3,7,0,0.091413
961,1918-06-08,4,7,0,0.09116
962,1918-06-15,3,5,0,0.090909
963,1918-06-22,5,3,0,0.090659
964,1918-06-29,3,6,0,0.090411
965,1918-07-06,5,4,0,0.090164
966,1918-07-13,6,6,1,0.092643
967,1918-07-20,8,2,0,0.092391
968,1918-07-27,4,4,1,0.094851
969,1918-08-03,2,4,0,0.094595
970,1918-08-10,1,3,0,0.09434
971,1918-08-17,2,6,0,0.094086
972,1918-08-24,5,4,0,0.093834
973,1918-08-31,6,7,0,0.093583
974,1918-09-07,5,2,0,0.093333
975,1918-09-14,5,8,0,0.093085
976,1918-09-21,5,7,0,0.092838
977,1918-09-28,6,7,0,0.092593
978,1918-10-05,7,2,0,0.092348
979,1918-10-12,6,6,1,0.094737
980,1918-10-19,4,9,0,0.094488
981,1918-10-26,7,8,0,0.094241
982,1918-11-02,2,3,0,0.093995
983,1918-11-09,7,6,0,0.09375
984,1918-11-16,8,4,0,0.093506
985,1918-11-23,6,3,0,0.093264
986,1918-11-30,3,6,0,0.093023
987,1918-12-07,8,8,1,0.095361
988,1918-12-14,3,9,0,0.095116
989,1918-12-21,9,4,0,0.094872
990,1918-12-28,6,4,0,0.094629
991,1919-01-04,3,3,1,0.096939
992,1919-01-11,3,8,0,0.096692
993,1919-01-18,5,4,0,0.096447
994,1919-01-25,3,6,0,0.096203
995,1919-02-01,5,4,0,0.09596
996,1919-02-08,3,6,0,0.095718
997,1919-02-15,7,5,0,0.095477
998,1919-02-22,8,6,0,0.095238
999,1919-03-01,2,6,0,0.095
1000,1919-03-08,8,5,0,0.094763
1001,1919-03-15,1,3,0,0.094527
1002,1919-03-22,3,2,0,0.094293
1003,1919-03-29,8,1,0,0.094059
1004,1919-04-05,4,9,0,0.093827
1005,1919-04-12,3,4,0,0.093596
1006,1919-04-19,3,3,1,0.095823
1007,1919-04-26,8,4,0,0.095588
1008,1919-05-03,4,9,0,0.095355
1009,1919-05-10,7,3,0,0.095122
1010,1919-05-17,3,3,1,0.097324
1011,1919-05-24,6,1,0,0.097087
1012,1919-05-31,4,4,1,0.099274
1013,1919-06-07,1,7,0,0.099034
1014,1919-06-14,9,6,0,0.098795
1015,1919-06-21,7,9,0,0.098558
1016,1919-06-28,6,4,0,0.098321
1017,1919-07-05,1,9,0,0.098086
1018,1919-07-12,6,4,0,0.097852
1019,1919-07-19,1,7,0,0.097619
1020,1919-07-26,4,6,0,0.097387
1021,1919-08-02,5,4,0,0.097156
1022,1919-08-09,7,8,0,0.096927
1023,1919-08-16,7,5,0,0.096698
1024,1919-08-23,7,1,0,0.096471
1025,1919-08-30,5,1,0,0.096244
1026,1919-09-06,1,8,0,0.096019
1027,1919-09-13,3,5,0,0.095794
1028,1919-09-20,2,8,0,0.095571
1029,1919-09-27,3,8,0,0.095349
1030,1919-10-04,7,6,0,0.095128
1031,1919-10-11,8,8,1,0.097222
1032,1919-10-18,8,6,0,0.096998
1033,1919-10-25,4,6,0,0.096774
1034,1919-10-31,1,7,0,0.096552
1035,1919-11-08,5,6,0,0.09633
1036,1919-11-15,4,8,0,0.09611
1037,1919-11-22,8,5,0,0.09589
1038,1919-11-29,9,3,0,0.095672
1039,1919-12-06,7,1,0,0.095455
1040,1919-12-13,8,4,0,0.095238
1041,1919-12-20,3,6,0,0.095023
1042,1919-12-27,5,4,0,0.094808
1043,1920-01-03,4,6,0,0.094595
1044,1920-01-10,8,8,1,0.096629
1045,1920-01-17,9,9,1,0.098655
1046,1920-01-24,5,1,0,0.098434
1047,1920-01-31,8,5,0,0.098214
1048,1920-02-07,7,7,1,0.100223
1049,1920-02-14,2,4,0,0.1
1050,1920-02-21,4,7,0,0.099778
1051,1920-02-28,1,3,0,0.099558
1052,1920-03-06,1,6,0,0.099338
1053,1920-03-13,4,1,0,0.099119
1054,1920-03-20,2,4,0,0.098901
1055,1920-03-27,3,1,0,0.098684
1056,1920-04-03,2,6,0,0.098468
1057,1920-04-10,5,3,0,0.098253
1058,1920-04-17,1,7,0,0.098039
1059,1920-04-24,8,5,0,0.097826
1060,1920-05-01,6,3,0,0.097614
1061,1920-05-08,3,6,0,0.097403
1062,1920-05-15,5,8,0,0.097192
1063,1920-05-22,6,6,1,0.099138
1064,1920-05-29,6,7,0,0.098925
1065,1920-06-05,4,8,0,0.098712
1066,1920-06-12,2,1,0,0.098501
1067,1920-06-19,7,3,0,0.098291
1068,1920-06-26,2,8,0,0.098081
1069,1920-07-03,8,7,0,0.097872
1070,1920-07-10,4,3,0,0.097665
1071,1920-07-17,9,7,0,0.097458
1072,1920-07-24,9,9,1,0.099366
1073,1920-07-31,9,3,0,0.099156
1074,1920-08-07,3,3,1,0.101053
1075,1920-08-14,5,5,1,0.102941
1076,1920-08-21,4,6,0,0.102725
1077,1920-08-28,1,8,0,0.10251
1078,1920-09-04,9,6,0,0.102296
1079,1920-09-11,6,9,0,0.102083
1080,1920-09-18,4,3,0,0.101871
1081,1920-09-25,4,1,0,0.10166
1082,1920-10-02,2,6,0,0.101449
1083,1920-10-09,4,3,0,0.10124
1084,1920-10-16,2,3,0,0.101031
1085,1920-10-23,9,3,0,0.100823
1086,1920-10-30,1,4,0,0.100616
1087,1920-11-06,9,4,0,0.10041
1088,1920-11-13,5,6,0,0.100204
1089,1920-11-20,2,5,0,0.1
1090,1920-11-27,4,8,0,0.099796
1091,1920-12-04,4,3,0,0.099593
1092,1920-12-11,1,6,0,0.099391
1093,1920-12-18,2,6,0,0.09919
1094,1920-12-25,8,4,0,0.09899
1095,1920-12-31,6,3,0,0.09879
1096,1921-01-08,3,6,0,0.098592
1097,1921-01-15,9,8,0,0.098394
1098,1921-01-22,5,6,0,0.098196
1099,1921-01-29,3,5,0,0.098
1100,1921-02-05,5,7,0,0.097804
1101,1921-02-12,7,6,0,0.09761
1102,1921-02-19,6,5,0,0.097416
1103,1921-02-26,8,9,0,0.097222
1104,1921-03-05,9,4,0,0.09703
1105,1921-03-12,2,1,0,0.096838
1106,1921-03-19,8,7,0,0.096647
1107,1921-03-26,1,3,0,0.096457
1108,1921-04-02,9,2,0,0.096267
1109,1921-04-09,2,6,0,0.096078
1110,1921-04-16,6,7,0,0.09589
1111,1921-04-23,7,1,0,0.095703
1112,1921-04-30,6,6,1,0.097466
1113,1921-05-07,6,9,0,0.097276
1114,1921-05-14,3,8,0,0.097087
1115,1921-05-21,2,8,0,0.096899
1116,1921-05-28,3,3,1,0.098646
1117,1921-06-04,5,6,0,0.098456
1118,1921-06-11,5,6,0,0.098266
1119,1921-06-18,9,7,0,0.098077
1120,1921-06-25,6,6,1,0.099808
1121,1921-07-02,9,3,0,0.099617
1122,1921-07-09,2,9,0,0.099426
1123,1921-07-16,7,6,0,0.099237
1124,1921-07-23,3,8,0,0.099048
1125,1921-07-30,5,1,0,0.098859
1126,1921-08-06,3,6,0,0.098672
1127,1921-08-13,5,5,1,0.100379
1128,1921-08-20,8,6,0,0.100189
1129,1921-08-27,2,7,0,0.1
1130,1921-09-03,6,5,0,0.099812
1131,1921-09-10,7,1,0,0.099624
1132,1921-09-17,6,6,1,0.101313
1133,1921-09-24,5,9,0,0.101124
1134,1921-10-01,4,8,0,0.100935
1135,1921-10-08,9,8,0,0.100746
1136,1921-10-15,1,9,0,0.100559
1137,1921-10-22,2,4,0,0.100372
1138,1921-10-29,8,4,0,0.100186
1139,1921-11-05,7,3,0,0.1
1140,1921-11-12,4,4,1,0.101664
1141,1921-11-19,5,3,0,0.101476
1142,1921-11-26,7,8,0,0.101289
1143,1921-12-03,2,5,0,0.101103
1144,1921-12-10,1,7,0,0.100917
1145,1921-12-17,8,6,0,0.100733
1146,1921-12-24,1,3,0,0.100548
1147,1921-12-31,2,2,1,0.10219
1148,1922-01-07,9,8,0,0.102004
1149,1922-01-14,9,4,0,0.101818
1150,1922-01-21,8,3,0,0.101633
1151,1922-01-28,2,9,0,0.101449
1152,1922-02-04,1,6,0,0.101266
1153,1922-02-11,3,6,0,0.101083
1154,1922-02-18,6,8,0,0.100901
1155,1922-02-25,9,4,0,0.100719
1156,1922-03-04,8,9,0,0.100539
1157,1922-03-11,1,9,0,0.100358
1158,1922-03-18,2,2,1,0.101968
1159,1922-03-25,4,8,0,0.101786
1160,1922-04-01,2,3,0,0.101604
1161,1922-04-08,5,3,0,0.101423
1162,1922-04-15,7,1,0,0.101243
1163,1922-04-22,6,5,0,0.101064
1164,1922-04-29,8,9,0,0.100885
1165,1922-05-06,1,4,0,0.100707
1166,1922-05-13,8,2,0,0.100529
1167,1922-05-20,6,1,0,0.100352
1168,1922-05-27,3,6,0,0.100176
1169,1922-06-03,4,8,0,0.1
1170,1922-06-10,4,5,0,0.099825
1171,1922-06-17,8,6,0,0.09965
1172,1922-06-24,8,9,0,0.099476
1173,1922-07-01,6,6,1,0.101045
1174,1922-07-08,9,6,0,0.10087
1175,1922-07-15,1,9,0,0.100694
1176,1922-07-22,1,4,0,0.10052
1177,1922-07-29,5,1,0,0.100346
1178,1922-08-05,3,8,0,0.100173
1179,1922-08-12,6,5,0,0.1
1180,1922-08-19,2,4,0,0.099828
1181,1922-08-26,9,6,0,0.099656
1182,1922-09-02,8,4,0,0.099485
1183,1922-09-09,3,9,0,0.099315
1184,1922-09-16,3,4,0,0.099145
1185,1922-09-23,5,4,0,0.098976
1186,1922-09-30,9,6,0,0.098807
1187,1922-10-07,6,6,1,0.10034
1188,1922-10-14,2,3,0,0.10017
1189,1922-10-21,3,6,0,0.1
1190,1922-10-28,1,6,0,0.099831
1191,1922-11-04,9,6,0,0.099662
1192,1922-11-11,5,6,0,0.099494
1193,1922-11-18,8,5,0,0.099327
1194,1922-11-25,3,7,0,0.09916
1195,1922-12-02,1,3,0,0.098993
1196,1922-12-09,4,6,0,0.098827
1197,1922-12-16,1,4,0,0.098662
1198,1922-12-23,4,2,0,0.098497
1199,1922-12-30,1,4,0,0.098333
1200,1923-01-06,6,2,0,0.09817
1201,1923-01-13,9,7,0,0.098007
1202,1923-01-20,5,9,0,0.097844
1203,1923-01-27,3,5,0,0.097682
1204,1923-02-03,9,5,0,0.097521
1205,1923-02-10,7,6,0,0.09736
1206,1923-02-17,8,4,0,0.097199
1207,1923-02-24,9,3,0,0.097039
1208,1923-03-03,6,1,0,0.09688
1209,1923-03-10,6,3,0,0.096721
1210,1923-03-17,9,8,0,0.096563
1211,1923-03-24,6,9,0,0.096405
1212,1923-03-31,2,3,0,0.096248
1213,1923-04-07,1,6,0,0.096091
1214,1923-04-14,8,6,0,0.095935
1215,1923-04-21,7,1,0,0.095779
1216,1923-04-28,3,4,0,0.095624
1217,1923-05-05,2,1,0,0.095469
1218,1923-05-12,8,3,0,0.095315
1219,1923-05-19,9,7,0,0.095161
1220,1923-05-26,9,1,0,0.095008
1221,1923-06-02,7,3,0,0.094855
1222,1923-06-09,6,4,0,0.094703
1223,1923-06-16,6,9,0,0.094551
1224,1923-06-23,5,9,0,0.0944
1225,1923-06-30,1,8,0,0.094249
1226,1923-07-07,7,5,0,0.094099
1227,1923-07-14,4,5,0,0.093949
1228,1923-07-21,5,3,0,0.0938
1229,1923-07-28,5,8,0,0.093651
1230,1923-08-04,6,7,0,0.093502
1231,1923-08-11,2,7,0,0.093354
1232,1923-08-18,4,1,0,0.093207
1233,1923-08-25,7,3,0,0.09306
1234,1923-09-01,1,3,0,0.092913
1235,1923-09-08,9,5,0,0.092767
1236,1923-09-15,7,6,0,0.092622
1237,1923-09-22,4,4,1,0.094044
1238,1923-09-29,6,3,0,0.093897
1239,1923-10-06,8,9,0,0.09375
1240,1923-10-13,1,4,0,0.093604
1241,1923-10-20,3,2,0,0.093458
1242,1923-10-27,3,8,0,0.093313
1243,1923-11-03,4,4,1,0.09472
1244,1923-11-10,1,5,0,0.094574
1245,1923-11-17,5,6,0,0.094427
1246,1923-11-24,6,8,0,0.094281
1247,1923-12-01,9,2,0,0.094136
1248,1923-12-08,2,6,0,0.093991
1249,1923-12-15,3,7,0,0.093846
1250,1923-12-22,2,6,0,0.093702
1251,1923-12-29,7,3,0,0.093558
1252,1924-01-05,6,3,0,0.093415
1253,1924-01-12,3,9,0,0.093272
1254,1924-01-19,4,8,0,0.09313
1255,1924-01-26,6,1,0,0.092988
1256,1924-02-02,7,9,0,0.092846
1257,1924-02-09,9,6,0,0.092705
1258,1924-02-16,8,3,0,0.092564
1259,1924-02-23,4,9,0,0.092424
1260,1924-03-01,6,7,0,0.092284
1261,1924-03-08,3,9,0,0.092145
1262,1924-03-15,6,8,0,0.092006
1263,1924-03-22,1,4,0,0.091867
1264,1924-03-29,8,4,0,0.091729
1265,1924-04-05,7,1,0,0.091592
1266,1924-04-12,2,4,0,0.091454
1267,1924-04-19,4,7,0,0.091317
1268,1924-04-26,7,3,0,0.091181
1269,1924-05-03,6,3,0,0.091045
1270,1924-05-10,6,9,0,0.090909
1271,1924-05-17,1,9,0,0.090774
1272,1924-05-24,3,4,0,0.090639
1273,1924-05-31,1,8,0,0.090504
1274,1924-06-07,4,6,0,0.09037
1275,1924-06-14,1,4,0,0.090237
1276,1924-06-21,5,6,0,0.090103
1277,1924-06-28,9,8,0,0.089971
1278,1924-07-05,9,6,0,0.089838
1279,1924-07-12,3,3,1,0.091176
1280,1924-07-19,8,5,0,0.091043
1281,1924-07-26,4,9,0,0.090909
1282,1924-08-02,7,7,1,0.09224
1283,1924-08-09,5,3,0,0.092105
1284,1924-08-16,7,8,0,0.091971
1285,1924-08-23,8,5,0,0.091837
1286,1924-08-30,8,3,0,0.091703
1287,1924-09-06,2,6,0,0.09157
1288,1924-09-13,4,6,0,0.091437
1289,1924-09-20,5,7,0,0.091304
1290,1924-09-27,2,8,0,0.091172
1291,1924-10-04,4,8,0,0.09104
1292,1924-10-11,1,5,0,0.090909
1293,1924-10-18,4,6,0,0.090778
1294,1924-10-25,2,1,0,0.090647
1295,1924-10-31,5,3,0,0.090517
1296,1924-11-08,3,7,0,0.090387
1297,1924-11-15,4,5,0,0.090258
1298,1924-11-22,8,1,0,0.090129
1299,1924-11-29,3,9,0,0.09
1300,1924-12-06,5,3,0,0.089872
1301,1924-12-13,3,6,0,0.089744
1302,1924-12-20,6,5,0,0.089616
1303,1924-12-27,9,4,0,0.089489
1304,1925-01-03,5,6,0,0.089362
1305,1925-01-10,8,5,0,0.089235
1306,1925-01-17,6,7,0,0.089109
1307,1925-01-24,5,6,0,0.088983
1308,1925-01-31,2,8,0,0.088858
1309,1925-02-07,1,4,0,0.088732
1310,1925-02-14,5,6,0,0.088608
1311,1925-02-21,9,8,0,0.088483
1312,1925-02-28,7,6,0,0.088359
1313,1925-03-07,8,4,0,0.088235
1314,1925-03-14,4,3,0,0.088112
1315,1925-03-21,9,7,0,0.087989
1316,1925-03-28,8,9,0,0.087866
1317,1925-04-04,5,9,0,0.087744
1318,1925-04-11,3,1,0,0.087622
1319,1925-04-18,4,5,0,0.0875
1320,1925-04-25,5,1,0,0.087379
1321,1925-05-02,2,2,1,0.088643
1322,1925-05-09,8,4,0,0.08852
1323,1925-05-16,5,7,0,0.088398
1324,1925-05-23,1,3,0,0.088276
1325,1925-05-30,5,5,1,0.089532
1326,1925-06-06,1,9,0,0.089409
1327,1925-06-13,4,5,0,0.089286
1328,1925-06-20,5,1,0,0.089163
1329,1925-06-27,9,2,0,0.089041
1330,1925-07-04,7,6,0,0.088919
1331,1925-07-11,8,4,0,0.088798
1332,1925-07-18,3,3,1,0.090041
1333,1925-07-25,8,3,0,0.089918
1334,1925-08-01,3,9,0,0.089796
1335,1925-08-08,5,3,0,0.089674
1336,1925-08-15,3,3,1,0.090909
1337,1925-08-22,5,5,1,0.092141
1338,1925-08-29,4,3,0,0.092016
1339,1925-09-05,1,8,0,0.091892
1340,1925-09-12,4,6,0,0.091768
1341,1925-09-19,3,1,0,0.091644
1342,1925-09-26,7,3,0,0.091521
1343,1925-10-03,9,8,0,0.091398
1344,1925-10-10,7,3,0,0.091275
1345,1925-10-17,9,4,0,0.091153
1346,1925-10-24,7,7,1,0.092369
1347,1925-10-31,3,4,0,0.092246
1348,1925-11-07,2,1,0,0.092123
1349,1925-11-14,9,3,0,0.092
1350,1925-11-21,7,4,0,0.091877
1351,1925-11-28,4,4,1,0.093085
1352,1925-12-05,6,3,0,0.092961
1353,1925-12-12,3,9,0,0.092838
1354,1925-12-19,6,8,0,0.092715
1355,1925-12-26,4,4,1,0.093915
1356,1926-01-02,8,1,0,0.093791
1357,1926-01-09,7,9,0,0.093668
1358,1926-01-16,1,4,0,0.093544
1359,1926-01-23,3,9,0,0.093421
1360,1926-01-30,4,1,0,0.093298
1361,1926-02-06,8,5,0,0.093176
1362,1926-02-13,7,9,0,0.093054
1363,1926-02-20,8,4,0,0.092932
1364,1926-02-27,4,3,0,0.09281
1365,1926-03-06,4,7,0,0.092689
1366,1926-03-13,9,6,0,0.092568
1367,1926-03-20,8,9,0,0.092448
1368,1926-03-27,7,9,0,0.092328
1369,1926-04-03,1,4,0,0.092208
1370,1926-04-10,8,9,0,0.092088
1371,1926-04-17,6,7,0,0.091969
1372,1926-04-24,6,6,1,0.093144
1373,1926-05-01,5,9,0,0.093023
1374,1926-05-08,3,2,0,0.092903
1375,1926-05-15,9,5,0,0.092784
1376,1926-05-22,9,6,0,0.092664
1377,1926-05-29,1,3,0,0.092545
1378,1926-06-05,6,4,0,0.092426
1379,1926-06-12,6,9,0,0.092308
1380,1926-06-19,9,5,0,0.09219
1381,1926-06-26,6,6,1,0.09335
1382,1926-07-03,7,3,0,0.093231
1383,1926-07-10,4,6,0,0.093112
1384,1926-07-17,4,3,0,0.092994
1385,1926-07-24,5,6,0,0.092875
1386,1926-07-31,4,2,0,0.092757
1387,1926-08-07,3,8,0,0.09264
1388,1926-08-14,4,3,0,0.092522
1389,1926-08-21,7,5,0,0.092405
1390,1926-08-28,1,3,0,0.092288
1391,1926-09-04,1,9,0,0.092172
1392,1926-09-11,2,1,0,0.092055
1393,1926-09-18,2,4,0,0.09194
1394,1926-09-25,1,6,0,0.091824
1395,1926-10-02,3,6,0,0.091709
1396,1926-10-09,9,1,0,0.091593
1397,1926-10-16,8,6,0,0.091479
1398,1926-10-23,2,9,0,0.091364
1399,1926-10-30,6,6,1,0.0925
1400,1926-11-06,8,1,0,0.092385
1401,1926-11-13,8,4,0,0.092269
1402,1926-11-20,3,6,0,0.092154
1403,1926-11-27,3,3,1,0.093284
1404,1926-12-04,3,4,0,0.093168
1405,1926-12-11,2,4,0,0.093052
1406,1926-12-18,1,3,0,0.092937
1407,1926-12-25,1,6,0,0.092822
1408,1926-12-31,3,1,0,0.092707
1409,1927-01-08,2,1,0,0.092593
1410,1927-01-15,4,3,0,0.092478
1411,1927-01-22,6,5,0,0.092365
1412,1927-01-29,5,9,0,0.092251
1413,1927-02-05,5,2,0,0.092138
1414,1927-02-12,1,7,0,0.092025
1415,1927-02-19,2,5,0,0.091912
1416,1927-02-26,5,4,0,0.091799
1417,1927-03-05,2,7,0,0.091687
1418,1927-03-12,6,8,0,0.091575
1419,1927-03-19,1,1,1,0.092683
1420,1927-03-26,4,4,1,0.093788
1421,1927-04-02,5,1,0,0.093674
1422,1927-04-09,6,2,0,0.09356
1423,1927-04-16,5,2,0,0.093447
1424,1927-04-23,4,2,0,0.093333
1425,1927-04-30,3,8,0,0.09322
1426,1927-05-07,5,3,0,0.093108
1427,1927-05-14,4,3,0,0.092995
1428,1927-05-21,2,3,0,0.092883
1429,1927-05-28,2,3,0,0.092771
1430,1927-06-04,1,6,0,0.092659
1431,1927-06-11,1,6,0,0.092548
1432,1927-06-18,7,1,0,0.092437
1433,1927-06-25,9,5,0,0.092326
1434,1927-07-02,6,7,0,0.092216
1435,1927-07-09,4,3,0,0.092105
1436,1927-07-16,6,8,0,0.091995
1437,1927-07-23,7,9,0,0.091885
1438,1927-07-30,6,6,1,0.092968
1439,1927-08-06,5,6,0,0.092857
1440,1927-08-13,1,2,0,0.092747
1441,1927-08-20,4,5,0,0.092637
1442,1927-08-27,5,1,0,0.092527
1443,1927-09-03,6,2,0,0.092417
1444,1927-09-10,5,2,0,0.092308
1445,1927-09-17,5,2,0,0.092199
1446,1927-09-24,4,7,0,0.09209
1447,1927-10-01,4,3,0,0.091981
1448,1927-10-08,6,6,1,0.093051
1449,1927-10-15,6,7,0,0.092941
1450,1927-10-22,4,9,0,0.092832
1451,1927-10-29,6,8,0,0.092723
1452,1927-11-05,5,6,0,0.092614
1453,1927-11-12,4,2,0,0.092506
1454,1927-11-19,4,3,0,0.092398
1455,1927-11-26,2,6,0,0.09229
1456,1927-12-03,1,3,0,0.092182
1457,1927-12-10,5,1,0,0.092075
1458,1927-12-17,9,9,1,0.093132
1459,1927-12-24,7,6,0,0.093023
1460,1927-12-31,3,4,0,0.092915
1461,1928-01-07,2,1,0,0.092807
1462,1928-01-14,8,3,0,0.0927
1463,1928-01-21,8,7,0,0.092593
1464,1928-01-28,5,6,0,0.092486
1465,1928-02-04,1,1,1,0.093533
1466,1928-02-11,2,5,0,0.093426
1467,1928-02-18,9,4,0,0.093318
1468,1928-02-25,4,7,0,0.093211
1469,1928-03-03,7,6,0,0.093103
1470,1928-03-10,6,3,0,0.092997
1471,1928-03-17,5,6,0,0.09289
1472,1928-03-24,6,4,0,0.092784
1473,1928-03-31,9,2,0,0.092677
1474,1928-04-07,7,6,0,0.092571
1475,1928-04-14,5,4,0,0.092466
1476,1928-04-21,5,8,0,0.09236
1477,1928-04-28,1,7,0,0.092255
1478,1928-05-05,4,5,0,0.09215
1479,1928-05-12,2,1,0,0.092045
1480,1928-05-19,3,1,0,0.091941
1481,1928-05-26,5,6,0,0.091837
1482,1928-06-02,5,3,0,0.091733
1483,1928-06-09,8,7,0,0.091629
1484,1928-06-16,1,7,0,0.091525
1485,1928-06-23,9,2,0,0.091422
1486,1928-06-30,2,6,0,0.091319
1487,1928-07-07,7,7,1,0.092342
1488,1928-07-14,4,6,0,0.092238
1489,1928-07-21,9,3,0,0.092135
1490,1928-07-28,7,9,0,0.092031
1491,1928-08-04,6,4,0,0.091928
1492,1928-08-11,1,5,0,0.091825
1493,1928-08-18,5,4,0,0.091723
1494,1928-08-25,8,9,0,0.09162
1495,1928-09-01,7,7,1,0.092634
1496,1928-09-08,6,4,0,0.092531
1497,1928-09-15,3,5,0,0.092428
1498,1928-09-22,9,8,0,0.092325
1499,1928-09-29,7,6,0,0.092222
1500,1928-10-06,6,4,0,0.09212
1501,1928-10-13,1,5,0,0.092018
1502,1928-10-20,4,4,1,0.093023
1503,1928-10-27,8,1,0,0.09292
1504,1928-11-03,7,9,0,0.092818
1505,1928-11-10,3,4,0,0.092715
1506,1928-11-17,2,1,0,0.092613
1507,1928-11-24,9,8,0,0.092511
1508,1928-12-01,9,4,0,0.092409
1509,1928-12-08,6,3,0,0.092308
1510,1928-12-15,4,3,0,0.092206
1511,1928-12-22,6,8,0,0.092105
1512,1928-12-29,2,6,0,0.092004
1513,1929-01-05,3,1,0,0.091904
1514,1929-01-12,9,6,0,0.091803
1515,1929-01-19,5,6,0,0.091703
1516,1929-01-26,3,5,0,0.091603
1517,1929-02-02,7,5,0,0.091503
1518,1929-02-09,2,8,0,0.091404
1519,1929-02-16,2,7,0,0.091304
1520,1929-02-23,9,6,0,0.091205
1521,1929-03-02,9,4,0,0.091106
1522,1929-03-09,3,3,1,0.092091
1523,1929-03-16,9,5,0,0.091991
1524,1929-03-23,9,6,0,0.091892
1525,1929-03-30,4,3,0,0.091793
1526,1929-04-06,4,6,0,0.091694
1527,1929-04-13,2,6,0,0.091595
1528,1929-04-20,2,3,0,0.091496
1529,1929-04-27,8,9,0,0.091398
1530,1929-05-04,8,7,0,0.0913
1531,1929-05-11,2,6,0,0.091202
1532,1929-05-18,1,6,0,0.091104
1533,1929-05-25,3,5,0,0.091006
1534,1929-06-01,9,1,0,0.090909
1535,1929-06-08,9,9,1,0.09188
1536,1929-06-15,1,3,0,0.091782
1537,1929-06-22,3,6,0,0.091684
1538,1929-06-29,8,1,0,0.091587
1539,1929-07-06,8,9,0,0.091489
1540,1929-07-13,1,2,0,0.091392
1541,1929-07-20,5,2,0,0.091295
1542,1929-07-27,9,9,1,0.092259
1543,1929-08-03,6,7,0,0.092161
1544,1929-08-10,9,3,0,0.092063
1545,1929-08-17,1,6,0,0.091966
1546,1929-08-24,3,6,0,0.091869
1547,1929-08-31,3,8,0,0.091772
1548,1929-09-07,1,4,0,0.091675
1549,1929-09-14,4,6,0,0.091579
1550,1929-09-21,5,1,0,0.091483
1551,1929-09-28,9,2,0,0.091387
1552,1929-10-05,9,6,0,0.091291
1553,1929-10-12,5,3,0,0.091195
1554,1929-10-19,6,3,0,0.091099
1555,1929-10-26,8,2,0,0.091004
1556,1929-11-02,2,4,0,0.090909
1557,1929-11-09,1,6,0,0.090814
1558,1929-11-16,8,5,0,0.090719
1559,1929-11-23,7,7,1,0.091667
1560,1929-11-30,6,4,0,0.091571
1561,1929-12-07,4,5,0,0.091476
1562,1929-12-14,3,8,0,0.091381
1563,1929-12-21,1,3,0,0.091286
1564,1929-12-28,7,6,0,0.091192
1565,1930-01-04,2,9,0,0.091097
1566,1930-01-11,2,7,0,0.091003
1567,1930-01-18,9,9,1,0.091942
1568,1930-01-25,6,4,0,0.091847
1569,1930-02-01,1,3,0,0.091753
1570,1930-02-08,7,4,0,0.091658
1571,1930-02-15,7,9,0,0.091564
1572,1930-02-22,8,1,0,0.09147
1573,1930-03-01,5,3,0,0.091376
1574,1930-03-08,2,1,0,0.091282
1575,1930-03-15,5,8,0,0.091189
1576,1930-03-22,6,7,0,0.091095
1577,1930-03-29,7,2,0,0.091002
1578,1930-04-05,7,6,0,0.090909
1579,1930-04-12,1,1,1,0.091837
1580,1930-04-19,4,9,0,0.091743
1581,1930-04-26,9,1,0,0.09165
1582,1930-05-03,4,9,0,0.091556
1583,1930-05-10,9,4,0,0.091463
1584,1930-05-17,3,9,0,0.091371
1585,1930-05-24,2,5,0,0.091278
1586,1930-05-31,3,8,0,0.091185
1587,1930-06-07,7,6,0,0.091093
1588,1930-06-14,4,8,0,0.091001
1589,1930-06-21,8,3,0,0.090909
1590,1930-06-28,8,9,0,0.090817
1591,1930-07-05,2,2,1,0.091734
1592,1930-07-12,2,1,0,0.091641
1593,1930-07-19,6,9,0,0.091549
1594,1930-07-26,5,1,0,0.091457
1595,1930-08-02,9,4,0,0.091365
1596,1930-08-09,4,6,0,0.091274
1597,1930-08-16,2,4,0,0.091182
1598,1930-08-23,3,3,1,0.092092
1599,1930-08-30,1,6,0,0.092
1600,1930-09-06,2,6,0,0.091908
1601,1930-09-13,5,4,0,0.091816
1602,1930-09-20,7,7,1,0.092722
1603,1930-09-27,2,5,0,0.092629
1604,1930-10-04,6,7,0,0.092537
1605,1930-10-11,1,1,1,0.093439
1606,1930-10-18,4,4,1,0.09434
1607,1930-10-25,9,1,0,0.094246
1608,1930-10-31,1,9,0,0.094153
1609,1930-11-08,5,6,0,0.094059
1610,1930-11-15,9,9,1,0.094955
1611,1930-11-22,9,6,0,0.094862
1612,1930-11-29,4,3,0,0.094768
1613,1930-12-06,6,4,0,0.094675
1614,1930-12-13,4,6,0,0.094581
1615,1930-12-20,3,8,0,0.094488
1616,1930-12-27,7,3,0,0.094395
1617,1931-01-03,3,8,0,0.094303
1618,1931-01-10,8,2,0,0.09421
1619,1931-01-17,3,9,0,0.094118
1620,1931-01-24,3,3,1,0.095005
1621,1931-01-31,6,4,0,0.094912
1622,1931-02-07,7,4,0,0.094819
1623,1931-02-14,3,6,0,0.094727
1624,1931-02-21,8,2,0,0.094634
1625,1931-02-28,8,9,0,0.094542
1626,1931-03-07,4,2,0,0.09445
1627,1931-03-14,4,7,0,0.094358
1628,1931-03-21,1,6,0,0.094266
1629,1931-03-28,8,6,0,0.094175
1630,1931-04-04,9,7,0,0.094083
1631,1931-04-11,5,1,0,0.093992
1632,1931-04-18,6,3,0,0.093901
1633,1931-04-25,7,7,1,0.094778
1634,1931-05-02,6,6,1,0.095652
1635,1931-05-09,5,5,1,0.096525
1636,1931-05-16,6,4,0,0.096432
1637,1931-05-23,9,7,0,0.096339
1638,1931-05-30,3,6,0,0.096246
1639,1931-06-06,9,5,0,0.096154
1640,1931-06-13,9,9,1,0.097022
1641,1931-06-20,6,3,0,0.096929
1642,1931-06-27,1,3,0,0.096836
1643,1931-07-04,2,4,0,0.096743
1644,1931-07-11,2,4,0,0.096651
1645,1931-07-18,8,9,0,0.096558
1646,1931-07-25,8,8,1,0.097421
1647,1931-08-01,6,2,0,0.097328
1648,1931-08-08,2,6,0,0.097235
1649,1931-08-15,9,1,0,0.097143
1650,1931-08-22,7,4,0,0.09705
1651,1931-08-29,4,4,1,0.097909
1652,1931-09-05,6,3,0,0.097816
1653,1931-09-12,4,6,0,0.097723
1654,1931-09-19,1,8,0,0.09763
1655,1931-09-26,6,6,1,0.098485
1656,1931-10-03,9,9,1,0.099338
1657,1931-10-10,1,6,0,0.099244
1658,1931-10-17,3,6,0,0.09915
1659,1931-10-24,3,8,0,0.099057
1660,1931-10-31,1,4,0,0.098963
1661,1931-11-07,9,6,0,0.09887
1662,1931-11-14,3,2,0,0.098777
1663,1931-11-21,4,5,0,0.098684
1664,1931-11-28,6,5,0,0.098592
1665,1931-12-05,2,6,0,0.098499
1666,1931-12-12,8,9,0,0.098407
1667,1931-12-19,8,8,1,0.099251
1668,1931-12-26,5,2,0,0.099158
1669,1932-01-02,5,1,0,0.099065
1670,1932-01-09,9,7,0,0.098973
1671,1932-01-16,3,6,0,0.098881
1672,1932-01-23,9,5,0,0.098788
1673,1932-01-30,1,9,0,0.098696
1674,1932-02-06,7,6,0,0.098605
1675,1932-02-13,5,9,0,0.098513
1676,1932-02-20,6,8,0,0.098422
1677,1932-02-27,6,7,0,0.09833
1678,1932-03-05,2,9,0,0.098239
1679,1932-03-12,2,9,0,0.098148
1680,1932-03-19,6,9,0,0.098057
1681,1932-03-26,3,1,0,0.097967
1682,1932-04-02,1,8,0,0.097876
1683,1932-04-09,1,6,0,0.097786
1684,1932-04-16,2,1,0,0.097696
1685,1932-04-23,1,4,0,0.097606
1686,1932-04-30,9,5,0,0.097516
1687,1932-05-07,7,2,0,0.097426
1688,1932-05-14,6,4,0,0.097337
1689,1932-05-21,4,5,0,0.097248
1690,1932-05-28,5,1,0,0.097159
1691,1932-06-04,6,2,0,0.09707
1692,1932-06-11,7,7,1,0.097896
1693,1932-06-18,3,6,0,0.097806
1694,1932-06-25,2,2,1,0.09863
1695,1932-07-02,1,3,0,0.09854
1696,1932-07-09,9,5,0,0.09845
1697,1932-07-16,6,2,0,0.098361
1698,1932-07-23,1,3,0,0.098271
1699,1932-07-30,2,4,0,0.098182
1700,1932-08-06,1,4,0,0.098093
1701,1932-08-13,3,5,0,0.098004
1702,1932-08-20,8,3,0,0.097915
1703,1932-08-27,5,9,0,0.097826
1704,1932-09-03,5,1,0,0.097738
1705,1932-09-10,2,7,0,0.097649
1706,1932-09-17,1,8,0,0.097561
1707,1932-09-24,7,3,0,0.097473
1708,1932-10-01,7,5,0,0.097385
1709,1932-10-08,7,1,0,0.097297
1710,1932-10-15,4,1,0,0.09721
1711,1932-10-22,7,3,0,0.097122
1712,1932-10-29,7,3,0,0.097035
1713,1932-11-05,2,1,0,0.096948
1714,1932-11-12,9,6,0,0.096861
1715,1932-11-19,5,7,0,0.096774
1716,1932-11-26,9,3,0,0.096688
1717,1932-12-03,5,6,0,0.096601
1718,1932-12-10,6,3,0,0.096515
1719,1932-12-17,8,7,0,0.096429
1720,1932-12-24,2,4,0,0.096343
1721,1932-12-31,6,1,0,0.096257
1722,1933-01-07,1,1,1,0.097061
1723,1933-01-14,8,4,0,0.096975
1724,1933-01-21,8,7,0,0.096889
1725,1933-01-28,4,2,0,0.096803
1726,1933-02-04,7,4,0,0.096717
1727,1933-02-11,2,3,0,0.096631
1728,1933-02-18,4,6,0,0.096546
1729,1933-02-25,5,5,1,0.097345
1730,1933-03-04,4,2,0,0.097259
1731,1933-03-11,6,3,0,0.097173
1732,1933-03-18,3,6,0,0.097087
1733,1933-03-25,7,8,0,0.097002
1734,1933-04-01,3,8,0,0.096916
1735,1933-04-08,9,2,0,0.096831
1736,1933-04-15,2,9,0,0.096746
1737,1933-04-22,3,7,0,0.096661
1738,1933-04-29,8,6,0,0.096576
1739,1933-05-06,9,9,1,0.097368
1740,1933-05-13,5,1,0,0.097283
1741,1933-05-20,4,3,0,0.097198
1742,1933-05-27,8,3,0,0.097113
1743,1933-06-03,2,8,0,0.097028
1744,1933-06-10,4,6,0,0.096943
1745,1933-06-17,6,5,0,0.096859
1746,1933-06-24,1,6,0,0.096774
1747,1933-07-01,9,4,0,0.09669
1748,1933-07-08,1,6,0,0.096606
1749,1933-07-15,6,6,1,0.097391
1750,1933-07-22,7,9,0,0.097307
1751,1933-07-29,6,6,1,0.09809
1752,1933-08-05,8,5,0,0.098005
1753,1933-08-12,8,4,0,0.09792
1754,1933-08-19,6,2,0,0.097835
1755,1933-08-26,6,6,1,0.098616
1756,1933-09-02,1,9,0,0.098531
1757,1933-09-09,3,4,0,0.098446
1758,1933-09-16,2,8,0,0.098361
1759,1933-09-23,4,3,0,0.098276
1760,1933-09-30,4,5,0,0.098191
1761,1933-10-07,7,6,0,0.098107
1762,1933-10-14,4,3,0,0.098022
1763,1933-10-21,6,3,0,0.097938
1764,1933-10-28,6,6,1,0.098712
1765,1933-11-04,4,9,0,0.098628
1766,1933-11-11,5,1,0,0.098543
1767,1933-11-18,9,2,0,0.098459
1768,1933-11-25,8,6,0,0.098375
1769,1933-12-02,1,9,0,0.098291
1770,1933-12-09,9,2,0,0.098207
1771,1933-12-16,7,6,0,0.098123
1772,1933-12-23,3,4,0,0.098039
1773,1933-12-30,9,2,0,0.097956
1774,1934-01-06,4,9,0,0.097872
1775,1934-01-13,3,6,0,0.097789
1776,1934-01-20,8,3,0,0.097706
1777,1934-01-27,2,9,0,0.097623
1778,1934-02-03,1,6,0,0.09754
1779,1934-02-10,7,3,0,0.097458
1780,1934-02-17,8,5,0,0.097375
1781,1934-02-24,1,3,0,0.097293
1782,1934-03-03,8,2,0,0.09721
1783,1934-03-10,7,7,1,0.097973
1784,1934-03-17,7,4,0,0.09789
1785,1934-03-24,8,1,0,0.097808
1786,1934-03-31,4,3,0,0.097725
1787,1934-04-07,5,7,0,0.097643
1788,1934-04-14,4,2,0,0.097561
1789,1934-04-21,2,8,0,0.097479
1790,1934-04-28,1,3,0,0.097397
1791,1934-05-05,9,3,0,0.097315
1792,1934-05-12,5,6,0,0.097234
1793,1934-05-19,8,3,0,0.097152
1794,1934-05-26,4,7,0,0.097071
1795,1934-06-02,7,7,1,0.097826
1796,1934-06-09,7,3,0,0.097744
1797,1934-06-16,2,1,0,0.097663
1798,1934-06-23,1,6,0,0.097581
1799,1934-06-30,5,9,0,0.0975
1800,1934-07-07,7,9,0,0.097419
1801,1934-07-14,7,2,0,0.097338
1802,1934-07-21,7,1,0,0.097257
1803,1934-07-28,8,1,0,0.097176
1804,1934-08-04,8,3,0,0.097095
1805,1934-08-11,1,6,0,0.097015
1806,1934-08-18,1,2,0,0.096935
1807,1934-08-25,7,1,0,0.096854
1808,1934-09-01,6,5,0,0.096774
1809,1934-09-08,2,5,0,0.096694
1810,1934-09-15,8,9,0,0.096614
1811,1934-09-22,3,8,0,0.096535
1812,1934-09-29,7,3,0,0.096455
1813,1934-10-06,1,3,0,0.096376
1814,1934-10-13,3,9,0,0.096296
1815,1934-10-20,2,8,0,0.096217
1816,1934-10-27,6,3,0,0.096138
1817,1934-11-03,8,1,0,0.096059
1818,1934-11-10,3,4,0,0.09598
1819,1934-11-17,2,3,0,0.095902
1820,1934-11-24,6,3,0,0.095823
1821,1934-12-01,9,1,0,0.095745
1822,1934-12-08,7,6,0,0.095666
1823,1934-12-15,7,4,0,0.095588
1824,1934-12-22,5,1,0,0.09551
1825,1934-12-29,6,8,0,0.095432
1826,1935-01-05,3,7,0,0.095355
1827,1935-01-12,1,8,0,0.095277
1828,1935-01-19,5,6,0,0.095199
1829,1935-01-26,6,9,0,0.095122
1830,1935-02-02,7,7,1,0.095857
1831,1935-02-09,2,6,0,0.095779
1832,1935-02-16,1,6,0,0.095702
1833,1935-02-23,9,5,0,0.095624
1834,1935-03-02,7,6,0,0.095547
1835,1935-03-09,1,4,0,0.095469
1836,1935-03-16,7,3,0,0.095392
1837,1935-03-23,5,5,1,0.096123
1838,1935-03-30,7,6,0,0.096045
1839,1935-04-06,5,2,0,0.095968
1840,1935-04-13,6,6,1,0.096696
1841,1935-04-20,8,7,0,0.096618
1842,1935-04-27,9,4,0,0.096541
1843,1935-05-04,3,1,0,0.096463
1844,1935-05-11,7,9,0,0.096386
1845,1935-05-18,8,3,0,0.096308
1846,1935-05-25,6,3,0,0.096231
1847,1935-06-01,1,6,0,0.096154
1848,1935-06-08,5,4,0,0.096077
1849,1935-06-15,8,9,0,0.096
1850,1935-06-22,1,7,0,0.095923
1851,1935-06-29,7,2,0,0.095847
1852,1935-07-06,2,5,0,0.09577
1853,1935-07-13,8,1,0,0.095694
1854,1935-07-20,6,8,0,0.095618
1855,1935-07-27,7,6,0,0.095541
1856,1935-08-03,6,6,1,0.096261
1857,1935-08-10,9,5,0,0.096184
1858,1935-08-17,6,6,1,0.096902
1859,1935-08-24,4,3,0,0.096825
1860,1935-08-31,6,1,0,0.096749
1861,1935-09-07,3,6,0,0.096672
1862,1935-09-14,9,8,0,0.096595
1863,1935-09-21,7,9,0,0.096519
1864,1935-09-28,7,4,0,0.096443
1865,1935-10-05,2,1,0,0.096367
1866,1935-10-12,8,1,0,0.09629
1867,1935-10-19,5,8,0,0.096215
1868,1935-10-26,7,1,0,0.096139
1869,1935-11-02,5,5,1,0.09685
1870,1935-11-09,7,6,0,0.096774
1871,1935-11-16,1,5,0,0.096698
1872,1935-11-23,1,3,0,0.096622
1873,1935-11-30,8,1,0,0.096546
1874,1935-12-07,7,7,1,0.097255
1875,1935-12-14,7,4,0,0.097179
1876,1935-12-21,6,1,0,0.097103
1877,1935-12-28,9,5,0,0.097027
1878,1936-01-04,9,6,0,0.096951
1879,1936-01-11,5,3,0,0.096875
1880,1936-01-18,3,3,1,0.09758
1881,1936-01-25,3,5,0,0.097504
1882,1936-02-01,6,4,0,0.097428
1883,1936-02-08,4,4,1,0.098131
1884,1936-02-15,1,1,1,0.098833
1885,1936-02-22,7,6,0,0.098756
1886,1936-02-29,4,5,0,0.098679
1887,1936-03-07,4,3,0,0.098602
1888,1936-03-14,7,6,0,0.098526
1889,1936-03-21,6,3,0,0.09845
1890,1936-03-28,9,9,1,0.099148
1891,1936-04-04,8,6,0,0.099071
1892,1936-04-11,9,9,1,0.099768
1893,1936-04-18,2,3,0,0.099691
1894,1936-04-25,8,7,0,0.099614
1895,1936-05-02,1,8,0,0.099537
1896,1936-05-09,1,2,0,0.09946
1897,1936-05-16,8,1,0,0.099384
1898,1936-05-23,7,7,1,0.100077
1899,1936-05-30,4,4,1,0.100769
1900,1936-06-06,2,3,0,0.100692
1901,1936-06-13,6,3,0,0.100614
1902,1936-06-20,5,1,0,0.100537
1903,1936-06-27,5,4,0,0.10046
1904,1936-07-04,5,7,0,0.100383
1905,1936-07-11,4,7,0,0.100306
1906,1936-07-18,8,8,1,0.100995
1907,1936-07-25,8,8,1,0.101682
1908,1936-08-01,6,6,1,0.102368
1909,1936-08-08,6,6,1,0.103053
1910,1936-08-15,1,9,0,0.102975
1911,1936-08-22,4,4,1,0.103659
1912,1936-08-29,7,9,0,0.10358
1913,1936-09-05,1,3,0,0.103501
1914,1936-09-12,7,3,0,0.103422
1915,1936-09-19,3,5,0,0.103343
1916,1936-09-26,2,2,1,0.104024
1917,1936-10-03,6,3,0,0.103945
1918,1936-10-10,1,1,1,0.104625
1919,1936-10-17,4,4,1,0.105303
1920,1936-10-24,3,9,0,0.105223
1921,1936-10-31,9,3,0,0.105144
1922,1936-11-07,8,9,0,0.105064
1923,1936-11-14,9,9,1,0.10574
1924,1936-11-21,3,3,1,0.106415
1925,1936-11-28,4,9,0,0.106335
1926,1936-12-05,2,5,0,0.106255
1927,1936-12-12,1,3,0,0.106175
1928,1936-12-19,1,9,0,0.106095
1929,1936-12-26,1,1,1,0.106767
1930,1937-01-02,5,1,0,0.106687
1931,1937-01-09,5,9,0,0.106607
1932,1937-01-16,1,7,0,0.106527
1933,1937-01-23,7,5,0,0.106447
1934,1937-01-30,1,5,0,0.106367
1935,1937-02-06,9,3,0,0.106287
1936,1937-02-13,4,7,0,0.106208
1937,1937-02-20,9,6,0,0.106129
1938,1937-02-27,1,9,0,0.106049
1939,1937-03-06,6,6,1,0.106716
1940,1937-03-13,3,9,0,0.106637
1941,1937-03-20,5,8,0,0.106557
1942,1937-03-27,8,3,0,0.106478
1943,1937-04-03,3,7,0,0.106399
1944,1937-04-10,3,3,1,0.107063
1945,1937-04-17,8,4,0,0.106984
1946,1937-04-24,9,9,1,0.107647
1947,1937-05-01,3,3,1,0.108309
1948,1937-05-08,1,9,0,0.108228
1949,1937-05-15,9,6,0,0.108148
1950,1937-05-22,7,7,1,0.108808
1951,1937-05-29,2,4,0,0.108728
1952,1937-06-05,5,1,0,0.108647
1953,1937-06-12,7,7,1,0.109306
1954,1937-06-19,4,5,0,0.109225
1955,1937-06-26,4,3,0,0.109145
1956,1937-07-03,9,6,0,0.109064
1957,1937-07-10,5,9,0,0.108984
1958,1937-07-17,7,3,0,0.108904
1959,1937-07-24,5,5,1,0.109559
1960,1937-07-31,9,6,0,0.109478
1961,1937-08-07,7,6,0,0.109398
1962,1937-08-14,3,4,0,0.109318
1963,1937-08-21,2,2,1,0.109971
1964,1937-08-28,9,3,0,0.10989
1965,1937-09-04,3,7,0,0.10981
1966,1937-09-11,8,9,0,0.109729
1967,1937-09-18,3,9,0,0.109649
1968,1937-09-25,7,3,0,0.109569
1969,1937-10-02,4,8,0,0.109489
1970,1937-10-09,8,3,0,0.109409
1971,1937-10-16,5,8,0,0.109329
1972,1937-10-23,8,1,0,0.10925
1973,1937-10-30,1,7,0,0.10917
1974,1937-11-06,2,2,1,0.109818
1975,1937-11-13,2,4,0,0.109738
1976,1937-11-20,1,6,0,0.109659
1977,1937-11-27,9,9,1,0.110305
1978,1937-12-04,2,7,0,0.110225
1979,1937-12-11,3,7,0,0.110145
1980,1937-12-18,1,6,0,0.110065
1981,1937-12-25,7,6,0,0.109986
1982,1937-12-31,6,5,0,0.109906
1983,1938-01-08,8,9,0,0.109827
1984,1938-01-15,1,4,0,0.109747
1985,1938-01-22,5,2,0,0.109668
1986,1938-01-29,3,9,0,0.109589
1987,1938-02-05,8,5,0,0.10951
1988,1938-02-12,9,9,1,0.110151
1989,1938-02-19,4,3,0,0.110072
1990,1938-02-26,9,6,0,0.109993
1991,1938-03-05,3,9,0,0.109914
1992,1938-03-12,9,9,1,0.110553
1993,1938-03-19,2,9,0,0.110473
1994,1938-03-26,5,7,0,0.110394
1995,1938-04-02,7,7,1,0.111032
1996,1938-04-09,5,5,1,0.111668
1997,1938-04-16,7,6,0,0.111588
1998,1938-04-23,4,5,0,0.111508
1999,1938-04-30,4,3,0,0.111429
2000,1938-05-07,5,6,0,0.111349
2001,1938-05-14,9,2,0,0.11127
2002,1938-05-21,7,7,1,0.111903
2003,1938-05-28,8,4,0,0.111823
2004,1938-06-04,3,3,1,0.112456
2005,1938-06-11,6,3,0,0.112376
2006,1938-06-18,9,4,0,0.112296
2007,1938-06-25,5,6,0,0.112216
2008,1938-07-02,6,3,0,0.112136
2009,1938-07-09,8,7,0,0.112057
2010,1938-07-16,9,4,0,0.111977
2011,1938-07-23,4,3,0,0.111898
2012,1938-07-30,9,6,0,0.111819
2013,1938-08-06,8,9,0,0.11174
2014,1938-08-13,8,9,0,0.111661
2015,1938-08-20,7,6,0,0.111582
2016,1938-08-27,6,4,0,0.111503
2017,1938-09-03,4,9,0,0.111425
2018,1938-09-10,2,1,0,0.111346
2019,1938-09-17,6,1,0,0.111268
2020,1938-09-24,6,1,0,0.111189
2021,1938-10-01,1,1,1,0.111814
2022,1938-10-08,7,4,0,0.111736
2023,1938-10-15,4,5,0,0.111657
2024,1938-10-22,7,3,0,0.111579
2025,1938-10-29,2,3,0,0.111501
2026,1938-11-05,3,1,0,0.111423
2027,1938-11-12,4,1,0,0.111345
2028,1938-11-19,6,5,0,0.111267
2029,1938-11-26,7,6,0,0.111189
2030,1938-12-03,1,6,0,0.111111
2031,1938-12-10,2,9,0,0.111034
2032,1938-12-17,8,4,0,0.110956
2033,1938-12-24,6,8,0,0.110879
2034,1938-12-31,3,6,0,0.110801
2035,1939-01-07,4,8,0,0.110724
2036,1939-01-14,9,5,0,0.110647
2037,1939-01-21,1,8,0,0.11057
2038,1939-01-28,2,6,0,0.110493
2039,1939-02-04,7,8,0,0.110417
2040,1939-02-11,9,4,0,0.11034
2041,1939-02-18,5,7,0,0.110264
2042,1939-02-25,8,3,0,0.110187
2043,1939-03-04,5,7,0,0.110111
2044,1939-03-11,9,1,0,0.110035
2045,1939-03-18,1,7,0,0.109959
2046,1939-03-25,3,6,0,0.109883
2047,1939-04-01,1,8,0,0.109807
2048,1939-04-08,3,7,0,0.109731
2049,1939-04-15,3,8,0,0.109655
2050,1939-04-22,6,4,0,0.10958
2051,1939-04-29,2,4,0,0.109504
2052,1939-05-06,1,8,0,0.109429
2053,1939-05-13,7,9,0,0.109354
2054,1939-05-20,4,5,0,0.109278
2055,1939-05-27,8,3,0,0.109203
2056,1939-06-03,7,8,0,0.109128
2057,1939-06-10,6,4,0,0.109053
2058,1939-06-17,5,9,0,0.108979
2059,1939-06-24,4,4,1,0.109589
2060,1939-07-01,4,8,0,0.109514
2061,1939-07-08,3,6,0,0.109439
2062,1939-07-15,2,3,0,0.109364
2063,1939-07-22,6,3,0,0.10929
2064,1939-07-29,7,1,0,0.109215
2065,1939-08-05,9,6,0,0.109141
2066,1939-08-12,4,7,0,0.109066
2067,1939-08-19,9,9,1,0.109673
2068,1939-08-26,4,8,0,0.109598
2069,1939-09-02,2,9,0,0.109524
2070,1939-09-09,2,1,0,0.109449
2071,1939-09-16,6,6,1,0.110054
2072,1939-09-23,5,1,0,0.10998
2073,1939-09-30,5,4,0,0.109905
2074,1939-10-07,5,1,0,0.109831
2075,1939-10-14,9,1,0,0.109756
2076,1939-10-21,9,7,0,0.109682
2077,1939-10-28,5,3,0,0.109608
2078,1939-11-04,5,3,0,0.109533
2079,1939-11-11,6,1,0,0.109459
2080,1939-11-18,1,7,0,0.109386
2081,1939-11-25,7,4,0,0.109312
2082,1939-12-02,7,5,0,0.109238
2083,1939-12-09,6,1,0,0.109164
2084,1939-12-16,7,9,0,0.109091
2085,1939-12-23,1,6,0,0.109017
2086,1939-12-30,7,9,0,0.108944
2087,1940-01-06,7,5,0,0.108871
2088,1940-01-13,2,6,0,0.108798
2089,1940-01-20,4,1,0,0.108725
2090,1940-01-27,5,5,1,0.109323
2091,1940-02-03,6,2,0,0.109249
2092,1940-02-10,3,7,0,0.109176
2093,1940-02-17,9,8,0,0.109103
2094,1940-02-24,1,9,0,0.10903
2095,1940-03-02,5,6,0,0.108957
2096,1940-03-09,4,9,0,0.108884
2097,1940-03-16,9,8,0,0.108812
2098,1940-03-23,6,8,0,0.108739
2099,1940-03-30,1,3,0,0.108667
2100,1940-04-06,4,4,1,0.10926
2101,1940-04-13,9,9,1,0.109854
2102,1940-04-20,7,8,0,0.10978
2103,1940-04-27,2,4,0,0.109707
2104,1940-05-04,1,1,1,0.110299
2105,1940-05-11,3,9,0,0.110226
2106,1940-05-18,3,3,1,0.110816
2107,1940-05-25,1,4,0,0.110743
2108,1940-06-01,3,7,0,0.110669
2109,1940-06-08,1,3,0,0.110596
2110,1940-06-15,1,3,0,0.110523
2111,1940-06-22,1,1,1,0.111111
2112,1940-06-29,3,1,0,0.111038
2113,1940-07-06,2,3,0,0.110964
2114,1940-07-13,2,3,0,0.110891
2115,1940-07-20,8,6,0,0.110818
2116,1940-07-27,4,8,0,0.110745
2117,1940-08-03,8,7,0,0.110672
2118,1940-08-10,8,8,1,0.111257
2119,1940-08-17,3,6,0,0.111184
2120,1940-08-24,2,3,0,0.111111
2121,1940-08-31,5,3,0,0.111038
2122,1940-09-07,3,7,0,0.110965
2123,1940-09-14,8,5,0,0.110892
2124,1940-09-21,3,9,0,0.11082
2125,1940-09-28,6,3,0,0.110747
2126,1940-10-05,5,4,0,0.110675
2127,1940-10-12,2,4,0,0.110602
2128,1940-10-19,7,8,0,0.11053
2129,1940-10-26,4,4,1,0.111111
2130,1940-11-02,4,3,0,0.111039
2131,1940-11-09,6,6,1,0.111619
2132,1940-11-16,7,6,0,0.111546
2133,1940-11-23,6,6,1,0.112125
2134,1940-11-30,1,9,0,0.112052
2135,1940-12-07,8,4,0,0.111979
2136,1940-12-14,4,7,0,0.111906
2137,1940-12-21,2,7,0,0.111834
2138,1940-12-28,7,1,0,0.111761
2139,1941-01-04,6,4,0,0.111688
2140,1941-01-11,9,9,1,0.112265
2141,1941-01-18,6,6,1,0.11284
2142,1941-01-25,8,3,0,0.112767
2143,1941-02-01,7,4,0,0.112694
2144,1941-02-08,9,4,0,0.112621
2145,1941-02-15,1,7,0,0.112549
2146,1941-02-22,4,6,0,0.112476
2147,1941-03-01,7,9,0,0.112403
2148,1941-03-08,4,3,0,0.112331
2149,1941-03-15,4,3,0,0.112258
2150,1941-03-22,7,6,0,0.112186
2151,1941-03-29,2,3,0,0.112113
2152,1941-04-05,7,1,0,0.112041
2153,1941-04-12,4,4,1,0.112613
2154,1941-04-19,1,4,0,0.11254
2155,1941-04-26,4,6,0,0.112468
2156,1941-05-03,7,9,0,0.112396
2157,1941-05-10,7,2,0,0.112323
2158,1941-05-17,7,2,0,0.112251
2159,1941-05-24,8,7,0,0.112179
2160,1941-05-31,9,3,0,0.112108
2161,1941-06-07,2,3,0,0.112036
2162,1941-06-14,6,7,0,0.111964
2163,1941-06-21,4,1,0,0.111893
2164,1941-06-28,2,1,0,0.111821
2165,1941-07-05,3,1,0,0.11175
2166,1941-07-12,6,1,0,0.111678
2167,1941-07-19,8,4,0,0.111607
2168,1941-07-26,4,4,1,0.112173
2169,1941-08-02,7,7,1,0.112739
2170,1941-08-09,5,2,0,0.112667
2171,1941-08-16,4,6,0,0.112595
2172,1941-08-23,7,8,0,0.112524
2173,1941-08-30,5,2,0,0.112452
2174,1941-09-06,5,6,0,0.112381
2175,1941-09-13,9,1,0,0.11231
2176,1941-09-20,7,7,1,0.112873
2177,1941-09-27,3,4,0,0.112801
2178,1941-10-04,1,2,0,0.11273
2179,1941-10-11,2,3,0,0.112658
2180,1941-10-18,1,8,0,0.112587
2181,1941-10-25,5,9,0,0.112516
2182,1941-11-01,9,9,1,0.113076
2183,1941-11-08,6,7,0,0.113005
2184,1941-11-15,3,3,1,0.113565
2185,1941-11-22,2,8,0,0.113493
2186,1941-11-29,5,3,0,0.113422
2187,1941-12-06,5,7,0,0.11335
2188,1941-12-13,4,1,0,0.113279
2189,1941-12-20,2,8,0,0.113208
2190,1941-12-27,5,3,0,0.113136
2191,1942-01-03,9,7,0,0.113065
2192,1942-01-10,4,7,0,0.112994
2193,1942-01-17,6,9,0,0.112923
2194,1942-01-24,7,7,1,0.11348
2195,1942-01-31,6,6,1,0.114035
2196,1942-02-07,1,9,0,0.113964
2197,1942-02-14,1,4,0,0.113892
2198,1942-02-21,6,1,0,0.113821
2199,1942-02-28,6,9,0,0.11375
2200,1942-03-07,5,1,0,0.113679
2201,1942-03-14,9,4,0,0.113608
2202,1942-03-21,4,7,0,0.113537
2203,1942-03-28,6,9,0,0.113466
2204,1942-04-04,9,7,0,0.113396
2205,1942-04-11,9,6,0,0.113325
2206,1942-04-18,1,3,0,0.113255
2207,1942-04-25,4,6,0,0.113184
2208,1942-05-02,7,9,0,0.113114
2209,1942-05-09,6,2,0,0.113043
2210,1942-05-16,3,9,0,0.112973
2211,1942-05-23,6,8,0,0.112903
2212,1942-05-30,1,4,0,0.112833
2213,1942-06-06,9,4,0,0.112763
2214,1942-06-13,3,7,0,0.112693
2215,1942-06-20,5,9,0,0.112624
2216,1942-06-27,8,3,0,0.112554
2217,1942-07-04,7,7,1,0.113103
2218,1942-07-11,1,4,0,0.113033
2219,1942-07-18,6,9,0,0.112963
2220,1942-07-25,5,9,0,0.112893
2221,1942-08-01,5,4,0,0.112824
2222,1942-08-08,2,1,0,0.112754
2223,1942-08-15,7,8,0,0.112685
2224,1942-08-22,8,4,0,0.112615
2225,1942-08-29,3,3,1,0.113161
2226,1942-09-05,7,3,0,0.113092
2227,1942-09-12,2,8,0,0.113022
2228,1942-09-19,3,1,0,0.112953
2229,1942-09-26,3,6,0,0.112883
2230,1942-10-03,5,1,0,0.112814
2231,1942-10-10,2,3,0,0.112745
2232,1942-10-17,6,8,0,0.112676
2233,1942-10-24,1,1,1,0.113219
2234,1942-10-31,9,4,0,0.11315
2235,1942-11-07,1,7,0,0.113081
2236,1942-11-14,4,6,0,0.113012
2237,1942-11-21,4,7,0,0.112943
2238,1942-11-28,4,6,0,0.112874
2239,1942-12-05,7,6,0,0.112805
2240,1942-12-12,8,2,0,0.112736
2241,1942-12-19,1,3,0,0.112667
2242,1942-12-26,8,2,0,0.112599
2243,1943-01-02,6,7,0,0.11253
2244,1943-01-09,8,6,0,0.112462
2245,1943-01-16,5,4,0,0.112394
2246,1943-01-23,5,1,0,0.112325
2247,1943-01-30,9,1,0,0.112257
2248,1943-02-06,7,7,1,0.112796
2249,1943-02-13,9,3,0,0.112727
2250,1943-02-20,5,7,0,0.112659
2251,1943-02-27,6,3,0,0.112591
2252,1943-03-06,5,7,0,0.112523
2253,1943-03-13,2,4,0,0.112455
2254,1943-03-20,3,8,0,0.112387
2255,1943-03-27,1,6,0,0.112319
2256,1943-04-03,3,3,1,0.112855
2257,1943-04-10,3,3,1,0.11339
2258,1943-04-17,8,1,0,0.113321
2259,1943-04-24,1,9,0,0.113253
2260,1943-05-01,5,2,0,0.113185
2261,1943-05-08,3,9,0,0.113117
2262,1943-05-15,6,5,0,0.113049
2263,1943-05-22,3,4,0,0.112981
2264,1943-05-29,4,8,0,0.112913
2265,1943-06-05,7,5,0,0.112845
2266,1943-06-12,8,2,0,0.112777
2267,1943-06-19,8,3,0,0.11271
2268,1943-06-26,6,6,1,0.113241
2269,1943-07-03,9,6,0,0.113174
2270,1943-07-10,5,6,0,0.113106
2271,1943-07-17,1,3,0,0.113038
2272,1943-07-24,6,5,0,0.112971
2273,1943-07-31,2,9,0,0.112903
2274,1943-08-07,9,8,0,0.112836
2275,1943-08-14,3,7,0,0.112768
2276,1943-08-21,9,9,1,0.113298
2277,1943-08-28,1,9,0,0.11323
2278,1943-09-04,1,4,0,0.113163
2279,1943-09-11,1,1,1,0.11369
2280,1943-09-18,8,1,0,0.113623
2281,1943-09-25,5,7,0,0.113555
2282,1943-10-02,6,5,0,0.113488
2283,1943-10-09,4,7,0,0.11342
2284,1943-10-16,6,1,0,0.113353
2285,1943-10-23,6,7,0,0.113286
2286,1943-10-30,2,1,0,0.113219
2287,1943-11-06,9,9,1,0.113744
2288,1943-11-13,8,7,0,0.113677
2289,1943-11-20,8,9,0,0.113609
2290,1943-11-27,6,6,1,0.114134
2291,1943-12-04,8,6,0,0.114066
2292,1943-12-11,5,4,0,0.113999
2293,1943-12-18,5,5,1,0.114522
2294,1943-12-25,9,9,1,0.115044
2295,1943-12-31,9,7,0,0.114976
2296,1944-01-08,3,3,1,0.115498
2297,1944-01-15,5,9,0,0.11543
2298,1944-01-22,1,3,0,0.115362
2299,1944-01-29,6,5,0,0.115294
2300,1944-02-05,2,9,0,0.115226
2301,1944-02-12,8,9,0,0.115159
2302,1944-02-19,1,8,0,0.115091
2303,1944-02-26,9,2,0,0.115023
2304,1944-03-04,9,7,0,0.114956
2305,1944-03-11,8,3,0,0.114889
2306,1944-03-18,5,9,0,0.114821
2307,1944-03-25,2,5,0,0.114754
2308,1944-04-01,4,8,0,0.114687
2309,1944-04-08,4,5,0,0.11462
2310,1944-04-15,1,7,0,0.114553
2311,1944-04-22,1,6,0,0.114486
2312,1944-04-29,4,1,0,0.114419
2313,1944-05-06,3,7,0,0.114352
2314,1944-05-13,6,3,0,0.114286
2315,1944-05-20,2,4,0,0.114219
2316,1944-05-27,2,9,0,0.114153
2317,1944-06-03,9,6,0,0.114086
2318,1944-06-10,2,7,0,0.11402
2319,1944-06-17,5,7,0,0.113953
2320,1944-06-24,6,7,0,0.113887
2321,1944-07-01,1,7,0,0.113821
2322,1944-07-08,3,4,0,0.113755
2323,1944-07-15,1,3,0,0.113689
2324,1944-07-22,2,3,0,0.113623
2325,1944-07-29,5,8,0,0.113557
2326,1944-08-05,7,7,1,0.114071
2327,1944-08-12,3,5,0,0.114005
2328,1944-08-19,5,2,0,0.113939
2329,1944-08-26,9,3,0,0.113873
2330,1944-09-02,2,7,0,0.113807
2331,1944-09-09,6,7,0,0.113741
2332,1944-09-16,9,1,0,0.113676
2333,1944-09-23,3,6,0,0.11361
2334,1944-09-30,4,9,0,0.113545
2335,1944-10-07,3,5,0,0.113479
2336,1944-10-14,4,3,0,0.113414
2337,1944-10-21,4,5,0,0.113349
2338,1944-10-28,6,7,0,0.113283
2339,1944-11-04,7,7,1,0.113793
2340,1944-11-11,4,6,0,0.113728
2341,1944-11-18,7,4,0,0.113662
2342,1944-11-25,4,2,0,0.113597
2343,1944-12-02,4,4,1,0.114106
2344,1944-12-09,1,6,0,0.11404
2345,1944-12-16,2,6,0,0.113975
2346,1944-12-23,9,5,0,0.11391
2347,1944-12-30,9,7,0,0.113844
2348,1945-01-05,3,3,1,0.114351
2349,1945-01-13,4,9,0,0.114286
2350,1945-01-20,8,5,0,0.11422
2351,1945-01-27,5,8,0,0.114155
2352,1945-02-03,5,5,1,0.114661
2353,1945-02-10,2,9,0,0.114595
2354,1945-02-17,7,4,0,0.11453
2355,1945-02-24,6,4,0,0.114465
2356,1945-03-03,4,9,0,0.1144
2357,1945-03-10,9,1,0,0.114334
2358,1945-03-17,8,8,1,0.114838
2359,1945-03-24,8,9,0,0.114773
2360,1945-03-31,7,6,0,0.114708
2361,1945-04-07,7,4,0,0.114642
2362,1945-04-14,1,7,0,0.114577
2363,1945-04-21,9,9,1,0.115079
2364,1945-04-28,6,7,0,0.115014
2365,1945-05-05,2,3,0,0.114949
2366,1945-05-12,1,9,0,0.114884
2367,1945-05-19,8,9,0,0.114819
2368,1945-05-26,6,7,0,0.114754
2369,1945-06-02,2,6,0,0.114689
2370,1945-06-09,2,9,0,0.114625
2371,1945-06-16,6,6,1,0.115124
2372,1945-06-23,1,1,1,0.115623
2373,1945-06-30,7,4,0,0.115558
2374,1945-07-07,8,5,0,0.115493
2375,1945-07-14,6,3,0,0.115428
2376,1945-07-21,7,6,0,0.115363
2377,1945-07-28,3,6,0,0.115298
2378,1945-08-04,4,2,0,0.115233
2379,1945-08-11,9,5,0,0.115169
2380,1945-08-18,4,8,0,0.115104
2381,1945-08-25,1,6,0,0.115039
2382,1945-09-01,9,6,0,0.114975
2383,1945-09-08,8,7,0,0.11491
2384,1945-09-15,8,9,0,0.114846
2385,1945-09-22,2,6,0,0.114782
2386,1945-09-29,3,1,0,0.114717
2387,1945-10-06,8,1,0,0.114653
2388,1945-10-13,3,9,0,0.114589
2389,1945-10-20,5,3,0,0.114525
2390,1945-10-27,3,3,1,0.11502
2391,1945-11-03,2,5,0,0.114955
2392,1945-11-10,9,3,0,0.114891
2393,1945-11-17,6,7,0,0.114827
2394,1945-11-24,1,3,0,0.114763
2395,1945-12-01,4,4,1,0.115256
2396,1945-12-07,5,7,0,0.115192
2397,1945-12-15,3,6,0,0.115128
2398,1945-12-22,1,5,0,0.115064
2399,1945-12-29,2,3,0,0.115
2400,1946-01-05,3,5,0,0.114936
2401,1946-01-12,5,1,0,0.114872
2402,1946-01-19,4,3,0,0.114809
2403,1946-01-26,9,8,0,0.114745
2404,1946-02-02,7,8,0,0.114681
2405,1946-02-09,9,3,0,0.114618
2406,1946-02-16,5,5,1,0.115108
2407,1946-02-23,5,3,0,0.115044
2408,1946-03-02,8,9,0,0.114981
2409,1946-03-09,9,7,0,0.114917
2410,1946-03-16,4,3,0,0.114854
2411,1946-03-23,1,6,0,0.11479
2412,1946-03-30,2,6,0,0.114727
2413,1946-04-06,8,5,0,0.114664
2414,1946-04-13,3,8,0,0.114601
2415,1946-04-20,5,3,0,0.114537
2416,1946-04-27,1,3,0,0.114474
2417,1946-05-04,8,5,0,0.114411
2418,1946-05-11,7,7,1,0.114898
2419,1946-05-18,1,4,0,0.114835
2420,1946-05-25,3,9,0,0.114772
2421,1946-06-01,6,3,0,0.114709
2422,1946-06-08,7,4,0,0.114646
2423,1946-06-15,2,6,0,0.114583
2424,1946-06-22,4,1,0,0.114521
2425,1946-06-29,1,5,0,0.114458
2426,1946-07-06,7,2,0,0.114395
2427,1946-07-13,2,5,0,0.114333
2428,1946-07-20,4,1,0,0.11427
2429,1946-07-27,5,5,1,0.114754
2430,1946-08-03,2,6,0,0.114691
2431,1946-08-10,1,7,0,0.114629
2432,1946-08-17,6,9,0,0.114566
2433,1946-08-24,8,9,0,0.114504
2434,1946-08-31,6,4,0,0.114441
2435,1946-09-14,5,6,0,0.114379
2436,1946-09-21,8,2,0,0.114317
2437,1946-09-28,2,7,0,0.114255
2438,1946-10-05,5,1,0,0.114192
2439,1946-10-12,6,7,0,0.11413
2440,1946-10-19,4,7,0,0.114068
2441,1946-10-26,7,1,0,0.114007
2442,1946-11-02,3,2,0,0.113945
2443,1946-11-09,5,2,0,0.113883
2444,1946-11-16,9,3,0,0.113821
2445,1946-11-23,9,7,0,0.113759
2446,1946-11-30,1,3,0,0.113698
2447,1946-12-07,6,4,0,0.113636
2448,1946-12-14,7,9,0,0.113575
2449,1946-12-21,2,6,0,0.113514
2450,1946-12-28,2,4,0,0.113452
2451,1947-01-04,4,6,0,0.113391
2452,1947-01-11,5,5,1,0.113869
2453,1947-01-18,9,2,0,0.113808
2454,1947-01-25,1,7,0,0.113747
2455,1947-02-01,3,6,0,0.113685
2456,1947-02-08,1,3,0,0.113624
2457,1947-02-15,5,3,0,0.113563
2458,1947-02-22,4,9,0,0.113502
2459,1947-03-01,1,8,0,0.113441
2460,1947-03-08,2,2,1,0.113917
2461,1947-03-15,3,8,0,0.113856
2462,1947-03-22,2,1,0,0.113795
2463,1947-03-29,7,3,0,0.113734
2464,1947-04-05,8,4,0,0.113673
2465,1947-04-12,6,3,0,0.113612
2466,1947-04-19,5,6,0,0.113551
2467,1947-04-26,5,2,0,0.11349
2468,1947-05-03,8,9,0,0.11343
2469,1947-05-10,4,7,0,0.113369
2470,1947-05-17,6,7,0,0.113308
2471,1947-05-24,3,7,0,0.113248
2472,1947-05-31,5,8,0,0.113187
2473,1947-06-07,6,3,0,0.113127
2474,1947-06-14,8,7,0,0.113067
2475,1947-06-21,1,4,0,0.113006
2476,1947-06-28,5,2,0,0.112946
2477,1947-07-05,7,9,0,0.112886
2478,1947-07-12,7,5,0,0.112826
2479,1947-07-19,2,1,0,0.112766
2480,1947-07-26,4,4,1,0.113238
2481,1947-08-02,3,5,0,0.113177
2482,1947-08-09,6,3,0,0.113117
2483,1947-08-16,9,4,0,0.113057
2484,1947-08-23,4,6,0,0.112997
2485,1947-08-30,4,6,0,0.112937
2486,1947-09-06,4,6,0,0.112878
2487,1947-09-13,8,6,0,0.112818
2488,1947-09-20,1,8,0,0.112758
2489,1947-09-27,6,2,0,0.112698
2490,1947-10-04,7,7,1,0.113168
2491,1947-10-11,5,6,0,0.113108
2492,1947-10-18,4,6,0,0.113048
2493,1947-10-25,8,8,1,0.113516
2494,1947-11-01,3,8,0,0.113456
2495,1947-11-08,2,3,0,0.113397
2496,1947-11-15,1,3,0,0.113337
2497,1947-11-22,6,9,0,0.113277
2498,1947-11-29,1,7,0,0.113217
2499,1947-12-06,5,4,0,0.113158
2500,1947-12-13,2,9,0,0.113098
2501,1947-12-20,3,7,0,0.113039
2502,1947-12-27,4,1,0,0.11298
2503,1948-01-03,1,5,0,0.11292
2504,1948-01-10,4,2,0,0.112861
2505,1948-01-17,2,7,0,0.112802
2506,1948-01-24,9,3,0,0.112743
2507,1948-01-31,5,7,0,0.112683
2508,1948-02-07,8,5,0,0.112624
2509,1948-02-14,9,7,0,0.112565
2510,1948-02-21,7,3,0,0.112507
2511,1948-02-28,6,3,0,0.112448
2512,1948-03-06,2,9,0,0.112389
2513,1948-03-13,1,9,0,0.11233
2514,1948-03-20,4,9,0,0.112272
2515,1948-03-27,1,7,0,0.112213
2516,1948-04-03,8,2,0,0.112154
2517,1948-04-10,5,7,0,0.112096
2518,1948-04-17,2,5,0,0.112038
2519,1948-04-24,4,7,0,0.111979
2520,1948-04-30,7,5,0,0.111921
2521,1948-05-08,9,3,0,0.111863
2522,1948-05-15,1,5,0,0.111804
2523,1948-05-22,1,6,0,0.111746
2524,1948-05-29,9,1,0,0.111688
2525,1948-06-05,4,7,0,0.11163
2526,1948-06-12,3,6,0,0.111572
2527,1948-06-19,2,3,0,0.111515
2528,1948-06-26,5,3,0,0.111457
2529,1948-07-03,6,7,0,0.111399
2530,1948-07-10,2,7,0,0.111341
2531,1948-07-17,3,1,0,0.111284
2532,1948-07-24,5,1,0,0.111226
2533,1948-07-31,6,3,0,0.111169
2534,1948-08-07,5,7,0,0.111111
2535,1948-08-14,2,5,0,0.111054
2536,1948-08-21,2,4,0,0.110996
2537,1948-08-28,1,6,0,0.110939
2538,1948-09-04,7,9,0,0.110882
2539,1948-09-11,4,5,0,0.110825
2540,1948-09-18,4,4,1,0.111283
2541,1948-09-25,9,6,0,0.111226
2542,1948-10-02,5,8,0,0.111168
2543,1948-10-09,2,8,0,0.111111
2544,1948-10-16,5,4,0,0.111054
2545,1948-10-23,4,7,0,0.110997
2546,1948-10-30,1,8,0,0.11094
2547,1948-11-06,5,2,0,0.110883
2548,1948-11-13,7,9,0,0.110826
2549,1948-11-20,5,5,1,0.111282
2550,1948-11-27,8,6,0,0.111225
2551,1948-12-04,2,7,0,0.111168
2552,1948-12-11,6,1,0,0.111111
2553,1948-12-18,6,1,0,0.111054
2554,1948-12-24,1,1,1,0.111509
2555,1948-12-31,9,4,0,0.111452
2556,1949-01-08,9,7,0,0.111395
2557,1949-01-15,9,3,0,0.111338
2558,1949-01-22,7,3,0,0.111281
2559,1949-01-29,4,3,0,0.111224
2560,1949-02-05,4,4,1,0.111678
2561,1949-02-12,7,6,0,0.111621
2562,1949-02-19,2,3,0,0.111564
2563,1949-02-26,9,4,0,0.111507
2564,1949-03-05,4,7,0,0.11145
2565,1949-03-12,4,6,0,0.111394
2566,1949-03-19,8,7,0,0.111337
2567,1949-03-26,4,8,0,0.11128
2568,1949-04-02,2,7,0,0.111224
2569,1949-04-09,4,3,0,0.111168
2570,1949-04-16,2,5,0,0.111111
2571,1949-04-23,7,3,0,0.111055
2572,1949-04-30,2,4,0,0.110998
2573,1949-05-07,5,4,0,0.110942
2574,1949-05-14,1,7,0,0.110886
2575,1949-05-21,6,5,0,0.11083
2576,1949-05-28,5,7,0,0.110774
2577,1949-06-04,6,2,0,0.110718
2578,1949-06-11,9,7,0,0.110662
2579,1949-06-18,7,6,0,0.110606
2580,1949-06-25,2,4,0,0.11055
2581,1949-07-02,6,4,0,0.110494
2582,1949-07-09,9,1,0,0.110439
2583,1949-07-16,4,6,0,0.110383
2584,1949-07-23,2,6,0,0.110327
2585,1949-07-30,8,3,0,0.110272
2586,1949-08-06,3,8,0,0.110216
2587,1949-08-13,8,3,0,0.110161
2588,1949-08-20,1,9,0,0.110106
2589,1949-08-27,6,2,0,0.11005
2590,1949-09-03,6,7,0,0.109995
2591,1949-09-10,2,1,0,0.10994
2592,1949-09-17,7,1,0,0.109885
2593,1949-09-24,7,4,0,0.109829
2594,1949-10-01,2,2,1,0.110276
2595,1949-10-08,1,4,0,0.11022
2596,1949-10-15,1,9,0,0.110165
2597,1949-10-22,6,1,0,0.11011
2598,1949-10-29,3,7,0,0.110055
2599,1949-11-05,8,8,1,0.1105
2600,1949-11-12,7,9,0,0.110445
2601,1949-11-19,3,4,0,0.11039
2602,1949-11-26,5,2,0,0.110334
2603,1949-12-03,4,3,0,0.110279
2604,1949-12-12,3,8,0,0.110224
2605,1949-12-17,6,3,0,0.110169
2606,1949-12-24,8,4,0,0.110115
2607,1949-12-31,1,4,0,0.11006
2608,1950-01-07,9,2,0,0.110005
2609,1950-01-14,2,7,0,0.10995
2610,1950-01-21,6,6,1,0.110393
2611,1950-01-28,4,1,0,0.110338
2612,1950-02-04,5,1,0,0.110283
2613,1950-02-11,7,2,0,0.110228
2614,1950-02-18,9,5,0,0.110174
2615,1950-02-25,1,5,0,0.110119
2616,1950-03-04,3,6,0,0.110064
2617,1950-03-11,1,3,0,0.11001
2618,1950-03-18,7,3,0,0.109955
2619,1950-03-25,6,4,0,0.109901
2620,1950-04-01,2,9,0,0.109847
2621,1950-04-08,4,1,0,0.109792
2622,1950-04-15,1,5,0,0.109738
2623,1950-04-22,7,2,0,0.109684
2624,1950-04-29,5,4,0,0.10963
2625,1950-05-06,9,6,0,0.109576
2626,1950-05-13,6,7,0,0.109521
2627,1950-05-20,1,3,0,0.109467
2628,1950-05-27,2,4,0,0.109414
2629,1950-06-03,3,8,0,0.10936
2630,1950-06-10,1,1,1,0.109798
2631,1950-06-17,5,3,0,0.109744
2632,1950-06-24,3,9,0,0.10969
2633,1950-07-01,2,5,0,0.109636
2634,1950-07-08,6,3,0,0.109582
2635,1950-07-15,4,1,0,0.109528
2636,1950-07-22,8,1,0,0.109475
2637,1950-07-29,8,8,1,0.109912
2638,1950-08-05,3,6,0,0.109858
2639,1950-08-12,7,3,0,0.109804
2640,1950-08-19,9,8,0,0.10975
2641,1950-08-26,6,5,0,0.109696
2642,1950-09-02,9,3,0,0.109643
2643,1950-09-09,9,6,0,0.109589
2644,1950-09-16,9,3,0,0.109535
2645,1950-09-23,1,3,0,0.109482
2646,1950-09-30,4,6,0,0.109428
2647,1950-10-07,5,7,0,0.109375
2648,1950-10-14,1,2,0,0.109322
2649,1950-10-21,6,5,0,0.109268
2650,1950-10-28,6,7,0,0.109215
2651,1950-11-04,9,1,0,0.109162
2652,1950-11-11,3,6,0,0.109109
2653,1950-11-18,5,9,0,0.109056
2654,1950-11-25,8,3,0,0.109002
2655,1950-12-02,8,7,0,0.108949
2656,1950-12-09,4,6,0,0.108896
2657,1950-12-16,9,7,0,0.108844
2658,1950-12-23,3,8,0,0.108791
2659,1950-12-30,8,5,0,0.108738
2660,1951-01-06,8,9,0,0.108685
2661,1951-01-13,8,6,0,0.108632
2662,1951-01-20,5,6,0,0.10858
2663,1951-01-27,5,5,1,0.109012
2664,1951-02-03,9,9,1,0.109443
2665,1951-02-10,9,7,0,0.10939
2666,1951-02-17,9,3,0,0.109337
2667,1951-02-24,4,3,0,0.109284
2668,1951-03-03,8,6,0,0.109232
2669,1951-03-10,9,8,0,0.109179
2670,1951-03-17,1,3,0,0.109126
2671,1951-03-24,2,4,0,0.109073
2672,1951-03-31,6,3,0,0.109021
2673,1951-04-07,7,1,0,0.108968
2674,1951-04-14,9,6,0,0.108916
2675,1951-04-21,7,5,0,0.108863
2676,1951-04-28,4,4,1,0.109292
2677,1951-05-05,4,4,1,0.109721
2678,1951-05-12,6,7,0,0.109668
2679,1951-05-19,7,7,1,0.110096
2680,1951-05-26,1,6,0,0.110043
2681,1951-06-01,8,9,0,0.10999
2682,1951-06-09,4,7,0,0.109938
2683,1951-06-16,6,7,0,0.109885
2684,1951-06-23,2,7,0,0.109832
2685,1951-06-30,4,1,0,0.109779
2686,1951-07-07,4,5,0,0.109727
2687,1951-07-14,9,6,0,0.109674
2688,1951-07-21,9,8,0,0.109622
2689,1951-07-28,9,3,0,0.109569
2690,1951-08-04,5,3,0,0.109517
2691,1951-08-11,9,8,0,0.109465
2692,1951-08-18,5,7,0,0.109412
2693,1951-08-25,2,8,0,0.10936
2694,1951-09-01,6,4,0,0.109308
2695,1951-09-08,5,1,0,0.109256
2696,1951-09-15,6,2,0,0.109204
2697,1951-09-22,7,7,1,0.109628
2698,1951-09-29,1,6,0,0.109576
2699,1951-10-06,6,9,0,0.109524
2700,1951-10-13,1,7,0,0.109472
2701,1951-10-20,1,4,0,0.10942
2702,1951-10-27,8,1,0,0.109368
2703,1951-11-03,7,7,1,0.109791
2704,1951-11-10,3,4,0,0.109739
2705,1951-11-17,4,2,0,0.109687
2706,1951-11-24,8,1,0,0.109635
2707,1951-12-01,7,8,0,0.109583
2708,1951-12-10,4,4,1,0.110005
2709,1951-12-15,9,4,0,0.109953
2710,1951-12-22,4,8,0,0.109901
2711,1951-12-28,2,6,0,0.109848
2712,1952-01-05,8,3,0,0.109796
2713,1952-01-12,7,3,0,0.109745
2714,1952-01-19,2,4,0,0.109693
2715,1952-01-26,7,4,0,0.109641
2716,1952-02-02,2,4,0,0.109589
2717,1952-02-09,4,4,1,0.110009
2718,1952-02-16,8,5,0,0.109958
2719,1952-02-23,2,8,0,0.109906
2720,1952-03-01,6,6,1,0.110325
2721,1952-03-08,1,1,1,0.110745
2722,1952-03-15,4,4,1,0.111163
2723,1952-03-22,7,5,0,0.111111
2724,1952-03-29,8,2,0,0.111059
2725,1952-04-05,2,3,0,0.111007
2726,1952-04-12,7,6,0,0.110954
2727,1952-04-19,4,4,1,0.111372
2728,1952-04-26,5,4,0,0.11132
2729,1952-05-03,1,2,0,0.111268
2730,1952-05-10,8,5,0,0.111215
2731,1952-05-17,7,7,1,0.111632
2732,1952-05-24,9,4,0,0.11158
2733,1952-05-31,6,5,0,0.111528
2734,1952-06-07,3,3,1,0.111944
2735,1952-06-14,7,8,0,0.111891
2736,1952-06-21,1,8,0,0.111839
2737,1952-06-28,7,9,0,0.111787
2738,1952-07-05,2,5,0,0.111734
2739,1952-07-12,7,4,0,0.111682
2740,1952-07-19,3,4,0,0.11163
2741,1952-07-26,9,2,0,0.111578
2742,1952-08-02,8,9,0,0.111526
2743,1952-08-09,2,9,0,0.111474
2744,1952-08-16,7,6,0,0.111422
2745,1952-08-23,3,4,0,0.11137
2746,1952-08-30,9,2,0,0.111318
2747,1952-09-06,7,9,0,0.111266
2748,1952-09-13,4,4,1,0.11168
2749,1952-09-20,9,4,0,0.111628
2750,1952-09-27,4,8,0,0.111576
2751,1952-10-04,5,6,0,0.111524
2752,1952-10-11,4,2,0,0.111472
2753,1952-10-18,1,8,0,0.111421
2754,1952-10-25,9,2,0,0.111369
2755,1952-11-03,3,7,0,0.111317
2756,1952-11-08,6,5,0,0.111266
2757,1952-11-15,2,4,0,0.111214
2758,1952-11-22,5,1,0,0.111163
2759,1952-11-29,9,7,0,0.111111
2760,1952-12-06,6,7,0,0.11106
2761,1952-12-13,4,3,0,0.111008
2762,1952-12-20,8,1,0,0.110957
2763,1952-12-29,5,8,0,0.110906
2764,1953-01-03,4,5,0,0.110855
2765,1953-01-10,7,8,0,0.110803
2766,1953-01-17,6,2,0,0.110752
2767,1953-01-24,2,9,0,0.110701
2768,1953-01-31,8,1,0,0.11065
2769,1953-02-07,4,3,0,0.110599
2770,1953-02-14,9,7,0,0.110548
2771,1953-02-21,9,4,0,0.110497
2772,1953-02-28,8,3,0,0.110446
2773,1953-03-07,5,9,0,0.110396
2774,1953-03-14,2,5,0,0.110345
2775,1953-03-21,9,4,0,0.110294
2776,1953-03-28,1,4,0,0.110243
2777,1953-04-04,6,4,0,0.110193
2778,1953-04-11,7,7,1,0.110601
2779,1953-04-18,4,6,0,0.11055
2780,1953-04-25,8,4,0,0.1105
2781,1953-05-02,5,8,0,0.110449
2782,1953-05-09,5,5,1,0.110857
2783,1953-05-16,8,9,0,0.110806
2784,1953-05-23,1,7,0,0.110755
2785,1953-05-30,4,2,0,0.110704
2786,1953-06-06,5,7,0,0.110654
2787,1953-06-13,6,2,0,0.110603
2788,1953-06-20,4,7,0,0.110553
2789,1953-06-27,4,8,0,0.110502
2790,1953-07-04,9,6,0,0.110452
2791,1953-07-11,6,9,0,0.110401
2792,1953-07-18,2,3,0,0.110351
2793,1953-07-25,9,8,0,0.110301
2794,1953-08-01,3,4,0,0.110251
2795,1953-08-08,7,5,0,0.1102
2796,1953-08-14,2,8,0,0.11015
2797,1953-08-22,7,4,0,0.1101
2798,1953-08-29,9,4,0,0.11005
2799,1953-09-05,8,5,0,0.11
2800,1953-09-12,8,9,0,0.10995
2801,1953-09-19,7,6,0,0.1099
2802,1953-09-26,2,4,0,0.10985
2803,1953-10-03,7,7,1,0.110254
2804,1953-10-10,7,4,0,0.110204
2805,1953-10-17,2,2,1,0.110607
2806,1953-10-24,7,7,1,0.11101
2807,1953-10-31,8,4,0,0.11096
2808,1953-11-07,3,3,1,0.111363
2809,1953-11-14,4,3,0,0.111312
2810,1953-11-21,4,8,0,0.111262
2811,1953-11-28,4,6,0,0.111212
2812,1953-12-05,8,6,0,0.111161
2813,1953-12-12,2,8,0,0.111111
2814,1953-12-19,9,6,0,0.111061
2815,1953-12-28,9,4,0,0.111011
2816,1954-01-02,4,3,0,0.110961
2817,1954-01-09,9,6,0,0.110911
2818,1954-01-16,1,9,0,0.110861
2819,1954-01-23,2,6,0,0.110811
2820,1954-01-30,8,3,0,0.110761
2821,1954-02-06,4,3,0,0.110711
2822,1954-02-13,2,7,0,0.110661
2823,1954-02-20,6,3,0,0.110612
2824,1954-02-27,3,1,0,0.110562
2825,1954-03-06,4,8,0,0.110512
2826,1954-03-13,1,8,0,0.110463
2827,1954-03-20,1,2,0,0.110413
2828,1954-03-27,6,1,0,0.110363
2829,1954-04-03,2,7,0,0.110314
2830,1954-04-10,6,9,0,0.110264
2831,1954-04-17,7,1,0,0.110215
2832,1954-04-24,5,6,0,0.110166
2833,1954-04-30,5,6,0,0.110116
2834,1954-05-08,8,9,0,0.110067
2835,1954-05-15,6,7,0,0.110018
2836,1954-05-22,8,6,0,0.109969
2837,1954-05-29,3,4,0,0.10992
2838,1954-06-05,4,3,0,0.10987
2839,1954-06-12,1,1,1,0.110268
2840,1954-06-19,4,2,0,0.110219
2841,1954-06-26,1,5,0,0.110169
2842,1954-07-03,1,4,0,0.11012
2843,1954-07-10,3,1,0,0.110071
2844,1954-07-17,7,1,0,0.110022
2845,1954-07-24,8,8,1,0.110419
2846,1954-07-31,3,3,1,0.110814
2847,1954-08-07,7,3,0,0.110765
2848,1954-08-14,1,8,0,0.110716
2849,1954-08-21,8,9,0,0.110667
2850,1954-08-28,1,7,0,0.110618
2851,1954-09-04,6,2,0,0.110568
2852,1954-09-11,5,7,0,0.110519
2853,1954-09-18,7,2,0,0.11047
2854,1954-09-25,9,5,0,0.110421
2855,1954-10-02,2,5,0,0.110372
2856,1954-10-09,5,6,0,0.110323
2857,1954-10-16,9,7,0,0.110275
2858,1954-10-23,5,7,0,0.110226
2859,1954-10-30,8,8,1,0.110619
2860,1954-11-06,8,7,0,0.110571
2861,1954-11-13,8,6,0,0.110522
2862,1954-11-20,7,6,0,0.110473
2863,1954-11-27,4,4,1,0.110866
2864,1954-12-04,5,4,0,0.110817
2865,1954-12-11,2,6,0,0.110768
2866,1954-12-18,9,4,0,0.110719
2867,1954-12-24,7,9,0,0.11067
2868,1954-12-31,5,4,0,0.110621
2869,1955-01-08,8,6,0,0.110573
2870,1955-01-15,3,7,0,0.110524
2871,1955-01-22,9,3,0,0.110475
2872,1955-01-29,4,9,0,0.110427
2873,1955-02-05,9,9,1,0.110818
2874,1955-02-12,2,9,0,0.110769
2875,1955-02-19,8,6,0,0.110721
2876,1955-02-26,6,3,0,0.110672
2877,1955-03-05,8,6,0,0.110623
2878,1955-03-12,8,4,0,0.110575
2879,1955-03-19,9,6,0,0.110526
2880,1955-03-26,6,3,0,0.110478
2881,1955-04-02,6,3,0,0.110429
2882,1955-04-09,6,1,0,0.110381
2883,1955-04-16,7,1,0,0.110333
2884,1955-04-23,4,6,0,0.110284
2885,1955-04-30,2,4,0,0.110236
2886,1955-05-07,8,3,0,0.110188
2887,1955-05-14,1,3,0,0.11014
2888,1955-05-21,1,2,0,0.110092
2889,1955-05-28,1,1,1,0.11048
2890,1955-06-04,8,1,0,0.110432
2891,1955-06-11,5,7,0,0.110384
2892,1955-06-18,2,5,0,0.110336
2893,1955-06-25,5,4,0,0.110288
2894,1955-07-02,1,7,0,0.11024
2895,1955-07-09,9,5,0,0.110192
2896,1955-07-16,3,7,0,0.110144
2897,1955-07-23,5,5,1,0.110531
2898,1955-07-30,5,3,0,0.110483
2899,1955-08-06,7,9,0,0.110435
2900,1955-08-13,1,5,0,0.110387
2901,1955-08-20,3,9,0,0.110339
2902,1955-08-27,6,1,0,0.110291
2903,1955-09-03,4,4,1,0.110677
2904,1955-09-10,8,8,1,0.111063
2905,1955-09-17,5,8,0,0.111015
2906,1955-09-24,4,5,0,0.110967
2907,1955-10-01,5,8,0,0.110919
2908,1955-10-08,9,2,0,0.110871
2909,1955-10-15,6,7,0,0.110823
2910,1955-10-22,6,3,0,0.110775
2911,1955-10-29,9,1,0,0.110727
2912,1955-11-05,4,6,0,0.110679
2913,1955-11-12,4,9,0,0.110631
2914,1955-11-19,7,6,0,0.110583
2915,1955-11-26,4,2,0,0.110535
2916,1955-12-03,9,4,0,0.110488
2917,1955-12-10,9,9,1,0.110871
2918,1955-12-17,7,3,0,0.110824
2919,1955-12-24,6,4,0,0.110776
2920,1955-12-31,5,9,0,0.110728
2921,1956-01-07,2,2,1,0.111111
2922,1956-01-14,1,4,0,0.111063
2923,1956-01-21,2,9,0,0.111015
2924,1956-01-28,8,8,1,0.111398
2925,1956-02-04,5,3,0,0.11135
2926,1956-02-11,6,5,0,0.111302
2927,1956-02-18,8,7,0,0.111254
2928,1956-02-25,5,4,0,0.111207
2929,1956-03-03,8,5,0,0.111159
2930,1956-03-10,1,7,0,0.111111
2931,1956-03-17,4,2,0,0.111063
2932,1956-03-24,9,5,0,0.111016
2933,1956-03-31,5,9,0,0.110968
2934,1956-04-07,2,8,0,0.110921
2935,1956-04-14,5,4,0,0.110873
2936,1956-04-21,8,7,0,0.110826
2937,1956-04-28,8,7,0,0.110778
2938,1956-05-05,7,6,0,0.110731
2939,1956-05-12,7,4,0,0.110684
2940,1956-05-19,1,2,0,0.110636
2941,1956-05-26,4,3,0,0.110589
2942,1956-06-02,9,5,0,0.110542
2943,1956-06-09,8,9,0,0.110495
2944,1956-06-16,5,8,0,0.110448
2945,1956-06-23,9,5,0,0.110401
2946,1956-06-30,2,6,0,0.110354
2947,1956-07-07,5,6,0,0.110307
2948,1956-07-14,2,7,0,0.11026
2949,1956-07-21,9,5,0,0.110213
2950,1956-07-28,7,7,1,0.110591
2951,1956-08-04,5,4,0,0.110544
2952,1956-08-11,6,8,0,0.110497
2953,1956-08-18,9,7,0,0.11045
2954,1956-08-25,1,6,0,0.110403
2955,1956-09-01,5,6,0,0.110357
2956,1956-09-08,9,9,1,0.110734
2957,1956-09-15,9,6,0,0.110687
2958,1956-09-22,5,3,0,0.11064
2959,1956-09-29,4,8,0,0.110593
2960,1956-10-06,1,8,0,0.110546
2961,1956-10-13,5,4,0,0.1105
2962,1956-10-20,6,9,0,0.110453
2963,1956-10-27,6,7,0,0.110406
2964,1956-11-03,9,1,0,0.110359
2965,1956-11-10,6,6,1,0.110735
2966,1956-11-17,9,3,0,0.110689
2967,1956-11-24,3,6,0,0.110642
2968,1956-12-01,8,5,0,0.110595
2969,1956-12-07,7,9,0,0.110549
2970,1956-12-15,5,4,0,0.110502
2971,1956-12-22,4,6,0,0.110455
2972,1956-12-29,5,8,0,0.110409
2973,1957-01-05,2,2,1,0.110783
2974,1957-01-12,9,5,0,0.110737
2975,1957-01-19,2,7,0,0.11069
2976,1957-01-26,3,6,0,0.110644
2977,1957-02-02,6,1,0,0.110597
2978,1957-02-09,5,4,0,0.110551
2979,1957-02-16,4,2,0,0.110504
2980,1957-02-23,9,8,0,0.110458
2981,1957-03-02,6,9,0,0.110411
2982,1957-03-09,8,3,0,0.110365
2983,1957-03-16,6,4,0,0.110319
2984,1957-03-23,2,6,0,0.110273
2985,1957-03-30,2,9,0,0.110226
2986,1957-04-06,3,6,0,0.11018
2987,1957-04-13,8,1,0,0.110134
2988,1957-04-20,3,9,0,0.110088
2989,1957-04-27,7,3,0,0.110042
2990,1957-05-04,5,8,0,0.109996
2991,1957-05-11,2,6,0,0.10995
2992,1957-05-18,1,9,0,0.109904
2993,1957-05-25,9,9,1,0.110276
2994,1957-06-01,7,7,1,0.110647
2995,1957-06-08,3,4,0,0.110601
2996,1957-06-15,3,2,0,0.110555
2997,1957-06-22,3,1,0,0.110509
2998,1957-06-28,7,1,0,0.110463
2999,1957-07-06,6,8,0,0.110417
3000,1957-07-13,9,9,1,0.110787
3001,1957-07-20,5,6,0,0.110741
3002,1957-07-27,5,8,0,0.110695
3003,1957-08-03,4,9,0,0.110649
3004,1957-08-10,5,8,0,0.110603
3005,1957-08-17,4,2,0,0.110557
3006,1957-08-24,1,8,0,0.110511
3007,1957-08-31,5,4,0,0.110465
3008,1957-09-07,5,9,0,0.110419
3009,1957-09-14,3,9,0,0.110373
3010,1957-09-21,7,5,0,0.110328
3011,1957-09-28,6,8,0,0.110282
3012,1957-10-05,4,9,0,0.110236
3013,1957-10-12,8,8,1,0.110605
3014,1957-10-19,9,8,0,0.110559
3015,1957-10-26,3,3,1,0.110927
3016,1957-11-02,3,5,0,0.110881
3017,1957-11-09,9,1,0,0.110835
3018,1957-11-16,4,9,0,0.11079
3019,1957-11-23,7,9,0,0.110744
3020,1957-11-30,6,2,0,0.110698
3021,1957-12-07,7,9,0,0.110652
3022,1957-12-14,1,6,0,0.110607
3023,1957-12-21,2,3,0,0.110561
3024,1957-12-28,4,8,0,0.110515
3025,1958-01-04,6,5,0,0.11047
3026,1958-01-11,9,7,0,0.110424
3027,1958-01-18,6,6,1,0.110791
3028,1958-01-25,7,3,0,0.110745
3029,1958-02-01,5,6,0,0.1107
3030,1958-02-08,5,6,0,0.110654
3031,1958-02-15,4,9,0,0.110609
3032,1958-02-22,6,1,0,0.110563
3033,1958-03-01,3,7,0,0.110518
3034,1958-03-08,4,8,0,0.110472
3035,1958-03-15,7,1,0,0.110427
3036,1958-03-22,1,6,0,0.110382
3037,1958-03-29,6,3,0,0.110336
3038,1958-04-05,9,7,0,0.110291
3039,1958-04-12,3,6,0,0.110246
3040,1958-04-19,5,5,1,0.11061
3041,1958-04-26,2,3,0,0.110565
3042,1958-05-03,5,9,0,0.11052
3043,1958-05-10,2,7,0,0.110475
3044,1958-05-17,2,5,0,0.110429
3045,1958-05-24,4,6,0,0.110384
3046,1958-05-31,9,5,0,0.110339
3047,1958-06-07,9,9,1,0.110703
3048,1958-06-14,9,3,0,0.110657
3049,1958-06-21,1,3,0,0.110612
3050,1958-06-28,1,6,0,0.110567
3051,1958-07-05,4,1,0,0.110522
3052,1958-07-12,9,9,1,0.110885
3053,1958-07-19,5,9,0,0.110839
3054,1958-07-26,6,8,0,0.110794
3055,1958-08-02,2,7,0,0.110749
3056,1958-08-09,3,9,0,0.110704
3057,1958-08-16,6,1,0,0.110659
3058,1958-08-23,3,4,0,0.110614
3059,1958-08-30,3,4,0,0.110569
3060,1958-09-06,9,1,0,0.110524
3061,1958-09-13,9,9,1,0.110885
3062,1958-09-20,6,1,0,0.11084
3063,1958-09-27,5,3,0,0.110795
3064,1958-10-04,7,2,0,0.110751
3065,1958-10-11,1,5,0,0.110706
3066,1958-10-18,7,3,0,0.110661
3067,1958-10-25,8,5,0,0.110616
3068,1958-11-01,9,3,0,0.110571
3069,1958-11-08,7,3,0,0.110526
3070,1958-11-15,6,4,0,0.110482
3071,1958-11-22,3,9,0,0.110437
3072,1958-11-29,4,4,1,0.110797
3073,1958-12-06,8,1,0,0.110752
3074,1958-12-13,6,8,0,0.110707
3075,1958-12-20,5,6,0,0.110662
3076,1958-12-27,1,2,0,0.110618
3077,1959-01-03,4,5,0,0.110573
3078,1959-01-10,3,9,0,0.110528
3079,1959-01-17,4,6,0,0.110484
3080,1959-01-24,6,1,0,0.110439
3081,1959-01-31,1,7,0,0.110395
3082,1959-02-07,2,4,0,0.11035
3083,1959-02-14,6,8,0,0.110306
3084,1959-02-21,6,1,0,0.110262
3085,1959-02-28,1,9,0,0.110217
3086,1959-03-07,7,4,0,0.110173
3087,1959-03-14,2,5,0,0.110129
3088,1959-03-21,5,7,0,0.110084
3089,1959-03-28,3,7,0,0.11004
3090,1959-04-04,8,5,0,0.109996
3091,1959-04-11,2,3,0,0.109952
3092,1959-04-18,1,6,0,0.109908
3093,1959-04-27,1,9,0,0.109864
3094,1959-05-04,7,1,0,0.10982
3095,1959-05-09,8,2,0,0.109776
3096,1959-05-16,8,3,0,0.109732
3097,1959-05-23,5,6,0,0.109688
3098,1959-05-30,8,5,0,0.109644
3099,1959-06-06,1,7,0,0.1096
3100,1959-06-13,7,2,0,0.109556
3101,1959-06-20,6,2,0,0.109512
3102,1959-06-27,2,9,0,0.109469
3103,1959-07-04,9,9,1,0.109824
3104,1959-07-11,5,7,0,0.10978
3105,1959-07-18,2,8,0,0.109737
3106,1959-07-25,6,5,0,0.109693
3107,1959-08-01,6,1,0,0.109649
3108,1959-08-08,1,1,1,0.110004
3109,1959-08-17,2,4,0,0.10996
3110,1959-08-22,1,8,0,0.109916
3111,1959-08-29,7,9,0,0.109873
3112,1959-09-05,4,2,0,0.109829
3113,1959-09-12,2,4,0,0.109785
3114,1959-09-19,7,3,0,0.109742
3115,1959-09-26,1,4,0,0.109698
3116,1959-10-03,7,3,0,0.109654
3117,1959-10-10,8,4,0,0.109611
3118,1959-10-17,7,3,0,0.109567
3119,1959-10-24,8,4,0,0.109524
3120,1959-10-31,6,3,0,0.10948
3121,1959-11-07,8,6,0,0.109437
3122,1959-11-14,2,4,0,0.109394
3123,1959-11-21,8,6,0,0.10935
3124,1959-11-28,5,3,0,0.109307
3125,1959-12-05,7,5,0,0.109264
3126,1959-12-12,4,5,0,0.10922
3127,1959-12-19,3,4,0,0.109177
3128,1959-12-28,1,6,0,0.109134
3129,1960-01-04,9,3,0,0.109091
3130,1960-01-09,6,7,0,0.109048
3131,1960-01-16,9,3,0,0.109005
3132,1960-01-23,7,6,0,0.108962
3133,1960-01-30,2,4,0,0.108919
3134,1960-02-06,3,7,0,0.108876
3135,1960-02-13,9,6,0,0.108833
3136,1960-02-20,7,9,0,0.10879
3137,1960-02-27,9,4,0,0.108747
3138,1960-03-05,7,5,0,0.108704
3139,1960-03-12,2,4,0,0.108661
3140,1960-03-21,6,7,0,0.108619
3141,1960-03-26,3,1,0,0.108576
3142,1960-04-02,9,4,0,0.108533
3143,1960-04-09,4,9,0,0.108491
3144,1960-04-16,5,9,0,0.108448
3145,1960-04-23,8,2,0,0.108405
3146,1960-04-30,2,1,0,0.108363
3147,1960-05-07,6,6,1,0.108713
3148,1960-05-14,1,1,1,0.109062
3149,1960-05-21,9,4,0,0.10902
3150,1960-05-28,4,7,0,0.108977
3151,1960-06-04,1,9,0,0.108934
3152,1960-06-11,9,4,0,0.108892
3153,1960-06-18,7,7,1,0.10924
3154,1960-06-25,1,4,0,0.109198
3155,1960-07-02,8,7,0,0.109155
3156,1960-07-09,1,7,0,0.109112
3157,1960-07-16,3,2,0,0.10907
3158,1960-07-23,9,1,0,0.109027
3159,1960-07-30,9,9,1,0.109375
3160,1960-08-06,4,1,0,0.109332
3161,1960-08-13,1,9,0,0.10929
3162,1960-08-20,3,4,0,0.109247
3163,1960-08-27,2,1,0,0.109204
3164,1960-09-03,1,6,0,0.109162
3165,1960-09-10,6,9,0,0.109119
3166,1960-09-17,9,7,0,0.109077
3167,1960-09-24,9,6,0,0.109034
3168,1960-10-01,6,1,0,0.108992
3169,1960-10-08,6,3,0,0.108949
3170,1960-10-15,4,1,0,0.108907
3171,1960-10-22,7,8,0,0.108865
3172,1960-10-29,1,6,0,0.108822
3173,1960-11-07,1,7,0,0.10878
3174,1960-11-12,2,1,0,0.108738
3175,1960-11-19,8,8,1,0.109084
3176,1960-11-26,6,3,0,0.109042
3177,1960-12-03,4,6,0,0.108999
3178,1960-12-10,3,8,0,0.108957
3179,1960-12-17,5,6,0,0.108915
3180,1960-12-24,9,3,0,0.108873
3181,1960-12-31,9,6,0,0.10883
3182,1961-01-09,5,1,0,0.108788
3183,1961-01-14,7,8,0,0.108746
3184,1961-01-21,6,5,0,0.108704
3185,1961-01-28,6,9,0,0.108662
3186,1961-02-04,6,1,0,0.10862
3187,1961-02-11,4,1,0,0.108578
3188,1961-02-18,4,8,0,0.108536
3189,1961-02-25,4,7,0,0.108494
3190,1961-03-04,5,7,0,0.108452
3191,1961-03-11,9,2,0,0.10841
3192,1961-03-18,6,6,1,0.108754
3193,1961-03-25,8,3,0,0.108712
3194,1961-04-01,9,4,0,0.108671
3195,1961-04-08,5,3,0,0.108629
3196,1961-04-15,8,8,1,0.108972
3197,1961-04-22,6,1,0,0.10893
3198,1961-04-29,4,6,0,0.108888
3199,1961-05-06,9,8,0,0.108846
3200,1961-05-13,3,9,0,0.108804
3201,1961-05-20,9,5,0,0.108762
3202,1961-05-27,3,9,0,0.108721
3203,1961-06-05,3,5,0,0.108679
3204,1961-06-17,4,1,0,0.108637
3205,1961-06-24,9,1,0,0.108596
3206,1961-07-01,6,9,0,0.108554
3207,1961-07-08,3,3,1,0.108896
3208,1961-07-15,8,4,0,0.108854
3209,1961-07-22,2,3,0,0.108812
3210,1961-07-29,3,6,0,0.108771
3211,1961-08-05,8,6,0,0.108729
3212,1961-08-12,9,3,0,0.108687
3213,1961-08-19,9,3,0,0.108646
3214,1961-08-26,6,1,0,0.108604
3215,1961-09-02,5,3,0,0.108563
3216,1961-09-09,1,2,0,0.108521
3217,1961-09-16,9,4,0,0.10848
3218,1961-09-23,9,7,0,0.108438
3219,1961-09-30,9,1,0,0.108397
3220,1961-10-07,8,1,0,0.108356
3221,1961-10-14,3,8,0,0.108314
3222,1961-10-21,3,3,1,0.108654
3223,1961-10-28,4,4,1,0.108994
3224,1961-11-06,4,1,0,0.108952
3225,1961-11-11,1,7,0,0.108911
3226,1961-11-18,5,4,0,0.108869
3227,1961-11-25,7,9,0,0.108828
3228,1961-12-02,8,5,0,0.108787
3229,1961-12-11,7,3,0,0.108745
3230,1961-12-16,6,4,0,0.108704
3231,1961-12-23,8,9,0,0.108663
3232,1961-12-30,2,4,0,0.108621
3233,1962-01-06,2,6,0,0.10858
3234,1962-01-13,9,6,0,0.108539
3235,1962-01-20,6,7,0,0.108498
3236,1962-01-27,8,3,0,0.108457
3237,1962-02-03,3,2,0,0.108415
3238,1962-02-10,3,3,1,0.108753
3239,1962-02-17,4,4,1,0.109091
3240,1962-02-24,8,1,0,0.10905
3241,1962-03-03,5,8,0,0.109008
3242,1962-03-10,7,5,0,0.108967
3243,1962-03-17,9,5,0,0.108926
3244,1962-03-24,3,7,0,0.108885
3245,1962-03-31,9,5,0,0.108844
3246,1962-04-07,5,9,0,0.108802
3247,1962-04-14,2,8,0,0.108761
3248,1962-04-21,7,5,0,0.10872
3249,1962-04-28,8,4,0,0.108679
3250,1962-05-05,2,3,0,0.108638
3251,1962-05-12,4,6,0,0.108597
3252,1962-05-19,4,5,0,0.108556
3253,1962-05-26,5,7,0,0.108515
3254,1962-06-02,9,2,0,0.108475
3255,1962-06-09,2,6,0,0.108434
3256,1962-06-16,8,6,0,0.108393
3257,1962-06-23,6,3,0,0.108352
3258,1962-06-30,6,6,1,0.108687
3259,1962-07-07,8,1,0,0.108647
3260,1962-07-14,3,2,0,0.108606
3261,1962-07-21,9,3,0,0.108565
3262,1962-07-28,8,9,0,0.108524
3263,1962-08-04,7,8,0,0.108483
3264,1962-08-11,6,4,0,0.108443
3265,1962-08-18,7,9,0,0.108402
3266,1962-08-25,4,6,0,0.108361
3267,1962-09-01,1,4,0,0.108321
3268,1962-09-08,5,4,0,0.10828
3269,1962-09-15,9,9,1,0.108614
3270,1962-09-22,6,6,1,0.108948
3271,1962-09-29,9,3,0,0.108907
3272,1962-10-06,1,6,0,0.108866
3273,1962-10-13,2,6,0,0.108826
3274,1962-10-20,9,8,0,0.108785
3275,1962-10-27,8,7,0,0.108744
3276,1962-11-03,8,8,1,0.109077
3277,1962-11-10,9,6,0,0.109037
3278,1962-11-17,8,3,0,0.108996
3279,1962-11-24,3,8,0,0.108955
3280,1962-12-01,8,3,0,0.108915
3281,1962-12-08,3,9,0,0.108874
3282,1962-12-15,7,3,0,0.108833
3283,1962-12-22,7,8,0,0.108793
3284,1962-12-29,5,2,0,0.108752
3285,1963-01-05,3,6,0,0.108712
3286,1963-01-12,4,5,0,0.108671
3287,1963-01-19,6,8,0,0.108631
3288,1963-01-26,9,7,0,0.108591
3289,1963-02-02,8,6,0,0.10855
3290,1963-02-09,2,8,0,0.10851
3291,1963-02-16,4,6,0,0.10847
3292,1963-02-23,1,5,0,0.108429
3293,1963-03-02,9,4,0,0.108389
3294,1963-03-09,9,7,0,0.108349
3295,1963-03-16,8,1,0,0.108309
3296,1963-03-23,7,8,0,0.108268
3297,1963-03-30,9,4,0,0.108228
3298,1963-04-06,6,7,0,0.108188
3299,1963-04-13,9,3,0,0.108148
3300,1963-04-20,6,6,1,0.108478
3301,1963-04-27,6,9,0,0.108438
3302,1963-05-04,6,1,0,0.108398
3303,1963-05-11,5,1,0,0.108358
3304,1963-05-18,7,2,0,0.108318
3305,1963-05-25,8,5,0,0.108278
3306,1963-06-01,2,3,0,0.108238
3307,1963-06-08,7,6,0,0.108198
3308,1963-06-15,7,8,0,0.108158
3309,1963-06-22,6,2,0,0.108118
3310,1963-07-01,7,9,0,0.108078
3311,1963-07-06,3,6,0,0.108038
3312,1963-07-13,4,2,0,0.107999
3313,1963-07-20,5,8,0,0.107959
3314,1963-07-27,5,9,0,0.107919
3315,1963-08-03,8,9,0,0.107879
3316,1963-08-10,8,1,0,0.10784
3317,1963-08-17,1,6,0,0.1078
3318,1963-08-24,3,2,0,0.10776
3319,1963-08-31,4,1,0,0.107721
3320,1963-09-07,4,8,0,0.107681
3321,1963-09-14,9,7,0,0.107641
3322,1963-09-21,1,9,0,0.107602
3323,1963-09-28,9,6,0,0.107562
3324,1963-10-05,1,7,0,0.107523
3325,1963-10-12,4,6,0,0.107483
3326,1963-10-19,3,9,0,0.107444
3327,1963-10-26,5,6,0,0.107405
3328,1963-11-02,4,3,0,0.107365
3329,1963-11-09,2,1,0,0.107326
3330,1963-11-16,1,3,0,0.107287
3331,1963-11-23,3,9,0,0.107247
3332,1963-11-30,2,1,0,0.107208
3333,1963-12-07,2,6,0,0.107169
3334,1963-12-14,4,6,0,0.10713
3335,1963-12-21,4,5,0,0.107091
3336,1963-12-28,2,7,0,0.107052
3337,1964-01-04,7,1,0,0.107012
3338,1964-01-11,5,8,0,0.106973
3339,1964-01-18,9,6,0,0.106934
3340,1964-01-25,3,6,0,0.106895
3341,1964-02-01,9,5,0,0.106856
3342,1964-02-08,7,9,0,0.106817
3343,1964-02-15,1,4,0,0.106778
3344,1964-02-22,1,7,0,0.10674
3345,1964-02-29,8,1,0,0.106701
3346,1964-03-07,3,7,0,0.106662
3347,1964-03-14,1,3,0,0.106623
3348,1964-03-21,6,3,0,0.106584
3349,1964-03-28,9,7,0,0.106545
3350,1964-04-07,5,6,0,0.106507
3351,1964-04-11,5,8,0,0.106468
3352,1964-04-18,6,8,0,0.106429
3353,1964-04-27,5,7,0,0.106391
3354,1964-05-04,6,2,0,0.106352
3355,1964-05-09,9,7,0,0.106313
3356,1964-05-16,1,6,0,0.106275
3357,1964-05-23,9,4,0,0.106236
3358,1964-05-30,9,7,0,0.106198
3359,1964-06-06,3,1,0,0.106159
3360,1964-06-13,1,9,0,0.106121
3361,1964-06-20,3,3,1,0.106445
3362,1964-06-27,1,1,1,0.106768
3363,1964-07-04,1,3,0,0.106729
3364,1964-07-11,8,1,0,0.106691
3365,1964-07-18,1,7,0,0.106652
3366,1964-07-25,6,2,0,0.106614
3367,1964-08-01,7,9,0,0.106575
3368,1964-08-08,4,6,0,0.106537
3369,1964-08-17,2,4,0,0.106498
3370,1964-08-22,3,1,0,0.10646
3371,1964-08-29,9,6,0,0.106421
3372,1964-09-05,9,9,1,0.106744
3373,1964-09-12,9,3,0,0.106705
3374,1964-09-19,4,3,0,0.106667
3375,1964-09-26,2,9,0,0.106628
3376,1964-10-03,8,3,0,0.10659
3377,1964-10-10,7,6,0,0.106551
3378,1964-10-17,8,4,0,0.106513
3379,1964-10-24,8,3,0,0.106475
3380,1964-10-31,9,6,0,0.106437
3381,1964-11-07,7,3,0,0.106398
3382,1964-11-14,2,4,0,0.10636
3383,1964-11-21,4,7,0,0.106322
3384,1964-11-28,2,5,0,0.106284
3385,1964-12-05,5,3,0,0.106246
3386,1964-12-12,6,7,0,0.106207
3387,1964-12-19,4,7,0,0.106169
3388,1964-12-28,2,8,0,0.106131
3389,1965-01-02,5,3,0,0.106093
3390,1965-01-09,5,7,0,0.106055
3391,1965-01-16,4,8,0,0.106017
3392,1965-01-23,7,1,0,0.105979
3393,1965-01-30,7,6,0,0.105941
3394,1965-02-06,1,2,0,0.105903
3395,1965-02-13,3,7,0,0.105866
3396,1965-02-20,3,1,0,0.105828
3397,1965-02-27,2,4,0,0.10579
3398,1965-03-06,1,6,0,0.105752
3399,1965-03-13,2,9,0,0.105714
3400,1965-03-20,6,8,0,0.105677
3401,1965-03-27,7,1,0,0.105639
3402,1965-04-03,7,6,0,0.105601
3403,1965-04-10,3,2,0,0.105563
3404,1965-04-17,5,2,0,0.105526
3405,1965-04-24,4,3,0,0.105488
3406,1965-04-30,6,1,0,0.105451
3407,1965-05-08,9,7,0,0.105413
3408,1965-05-15,1,6,0,0.105376
3409,1965-05-22,2,4,0,0.105338
3410,1965-05-29,2,8,0,0.105301
3411,1965-06-05,9,6,0,0.105263
3412,1965-06-12,3,7,0,0.105226
3413,1965-06-19,9,9,1,0.105544
3414,1965-06-26,9,9,1,0.105861
3415,1965-07-03,2,3,0,0.105824
3416,1965-07-10,2,6,0,0.105786
3417,1965-07-17,2,9,0,0.105749
3418,1965-07-24,9,9,1,0.106066
3419,1965-07-31,7,7,1,0.106383
3420,1965-08-07,9,4,0,0.106345
3421,1965-08-14,3,7,0,0.106308
3422,1965-08-21,1,9,0,0.10627
3423,1965-08-28,7,3,0,0.106232
3424,1965-09-04,5,4,0,0.106195
3425,1965-09-11,6,6,1,0.106511
3426,1965-09-18,4,7,0,0.106473
3427,1965-09-25,1,8,0,0.106436
3428,1965-10-02,6,4,0,0.106398
3429,1965-10-09,2,7,0,0.10636
3430,1965-10-16,3,9,0,0.106323
3431,1965-10-23,1,6,0,0.106285
3432,1965-10-30,2,3,0,0.106248
3433,1965-11-06,3,8,0,0.10621
3434,1965-11-13,2,1,0,0.106173
3435,1965-11-20,3,1,0,0.106135
3436,1965-11-27,3,1,0,0.106098
3437,1965-12-04,5,4,0,0.106061
3438,1965-12-11,3,3,1,0.106375
3439,1965-12-18,3,5,0,0.106338
3440,1965-12-24,8,4,0,0.106301
3441,1966-01-03,7,3,0,0.106263
3442,1966-01-08,5,4,0,0.106226
3443,1966-01-15,6,6,1,0.10654
3444,1966-01-22,7,7,1,0.106854
3445,1966-01-29,1,6,0,0.106817
3446,1966-02-05,3,3,1,0.10713
3447,1966-02-12,3,1,0,0.107093
3448,1966-02-19,9,4,0,0.107055
3449,1966-02-26,2,9,0,0.107018
3450,1966-03-05,5,6,0,0.10698
3451,1966-03-12,6,7,0,0.106942
3452,1966-03-19,3,7,0,0.106905
3453,1966-03-26,2,4,0,0.106868
3454,1966-04-02,4,3,0,0.10683
3455,1966-04-09,1,5,0,0.106793
3456,1966-04-16,3,4,0,0.106755
3457,1966-04-23,4,3,0,0.106718
3458,1966-04-30,5,8,0,0.106681
3459,1966-05-07,1,9,0,0.106643
3460,1966-05-14,5,4,0,0.106606
3461,1966-05-21,9,9,1,0.106918
3462,1966-05-28,4,6,0,0.106881
3463,1966-06-04,1,9,0,0.106844
3464,1966-06-11,5,4,0,0.106806
3465,1966-06-18,9,9,1,0.107118
3466,1966-06-25,5,6,0,0.107081
3467,1966-07-02,2,8,0,0.107043
3468,1966-07-09,3,5,0,0.107006
3469,1966-07-16,1,1,1,0.107317
3470,1966-07-23,3,3,1,0.107628
3471,1966-07-30,3,3,1,0.107939
3472,1966-08-06,8,4,0,0.107901
3473,1966-08-13,6,3,0,0.107864
3474,1966-08-20,2,6,0,0.107826
3475,1966-08-27,5,9,0,0.107789
3476,1966-09-03,8,7,0,0.107751
3477,1966-09-10,8,1,0,0.107714
3478,1966-09-17,9,6,0,0.107676
3479,1966-09-24,2,3,0,0.107639
3480,1966-10-01,2,5,0,0.107602
3481,1966-10-08,7,9,0,0.107564
3482,1966-10-15,6,8,0,0.107527
3483,1966-10-22,4,9,0,0.10749
3484,1966-10-29,1,8,0,0.107452
3485,1966-11-05,2,5,0,0.107415
3486,1966-11-12,9,8,0,0.107378
3487,1966-11-19,7,7,1,0.107687
3488,1966-11-26,6,4,0,0.10765
3489,1966-12-03,5,9,0,0.107612
3490,1966-12-10,1,2,0,0.107575
3491,1966-12-17,7,5,0,0.107538
3492,1966-12-24,3,5,0,0.107501
3493,1966-12-31,8,2,0,0.107464
3494,1967-01-07,1,3,0,0.107427
3495,1967-01-14,4,2,0,0.10739
3496,1967-01-21,6,9,0,0.107352
3497,1967-01-28,2,7,0,0.107315
3498,1967-02-04,8,9,0,0.107278
3499,1967-02-11,5,6,0,0.107241
3500,1967-02-18,2,5,0,0.107204
3501,1967-02-25,1,5,0,0.107167
3502,1967-03-04,4,9,0,0.107131
3503,1967-03-11,5,9,0,0.107094
3504,1967-03-18,6,9,0,0.107057
3505,1967-03-25,5,7,0,0.10702
3506,1967-04-01,1,2,0,0.106983
3507,1967-04-08,9,5,0,0.106946
3508,1967-04-15,6,7,0,0.10691
3509,1967-04-22,6,9,0,0.106873
3510,1967-04-29,9,1,0,0.106836
3511,1967-05-06,7,6,0,0.106799
3512,1967-05-13,4,6,0,0.106763
3513,1967-05-20,3,4,0,0.106726
3514,1967-05-27,4,6,0,0.10669
3515,1967-06-03,7,8,0,0.106653
3516,1967-06-10,3,6,0,0.106616
3517,1967-06-17,5,2,0,0.10658
3518,1967-06-24,4,3,0,0.106543
3519,1967-07-01,9,1,0,0.106507
3520,1967-07-08,7,9,0,0.10647
3521,1967-07-15,8,4,0,0.106434
3522,1967-07-22,5,3,0,0.106398
3523,1967-07-29,3,5,0,0.106361
3524,1967-08-05,5,5,1,0.106667
3525,1967-08-12,8,3,0,0.10663
3526,1967-08-19,3,1,0,0.106594
3527,1967-08-26,5,3,0,0.106557
3528,1967-09-02,3,3,1,0.106862
3529,1967-09-09,6,5,0,0.106826
3530,1967-09-16,8,4,0,0.106789
3531,1967-09-23,8,2,0,0.106753
3532,1967-09-30,9,6,0,0.106717
3533,1967-10-07,2,3,0,0.10668
3534,1967-10-16,6,5,0,0.106644
3535,1967-10-21,3,1,0,0.106608
3536,1967-10-27,2,4,0,0.106571
3537,1967-11-06,6,3,0,0.106535
3538,1967-11-11,7,1,0,0.106499
3539,1967-11-18,7,6,0,0.106463
3540,1967-11-25,6,2,0,0.106426
3541,1967-12-02,6,9,0,0.10639
3542,1967-12-09,5,1,0,0.106354
3543,1967-12-16,3,2,0,0.106318
3544,1967-12-23,8,5,0,0.106282
3545,1967-12-30,2,3,0,0.106246
3546,1968-01-05,3,6,0,0.10621
3547,1968-01-13,6,1,0,0.106174
3548,1968-01-20,6,4,0,0.106138
3549,1968-01-27,2,1,0,0.106102
3550,1968-02-03,8,9,0,0.106066
3551,1968-02-10,2,6,0,0.10603
3552,1968-02-17,9,6,0,0.105994
3553,1968-02-24,6,7,0,0.105958
3554,1968-03-02,3,9,0,0.105922
3555,1968-03-09,9,4,0,0.105886
3556,1968-03-16,7,9,0,0.105851
3557,1968-03-23,3,4,0,0.105815
3558,1968-03-30,5,2,0,0.105779
3559,1968-04-06,9,3,0,0.105743
3560,1968-04-13,6,6,1,0.106045
3561,1968-04-20,7,3,0,0.106009
3562,1968-04-27,8,6,0,0.105974
3563,1968-05-04,6,3,0,0.105938
3564,1968-05-11,8,6,0,0.105902
3565,1968-05-18,7,2,0,0.105866
3566,1968-05-25,7,4,0,0.105831
3567,1968-06-01,7,2,0,0.105795
3568,1968-06-08,9,2,0,0.10576
3569,1968-06-15,6,7,0,0.105724
3570,1968-06-22,9,3,0,0.105688
3571,1968-06-28,9,6,0,0.105653
3572,1968-07-06,1,3,0,0.105617
3573,1968-07-13,3,4,0,0.105582
3574,1968-07-20,1,3,0,0.105546
3575,1968-07-27,9,3,0,0.105511
3576,1968-08-03,6,7,0,0.105475
3577,1968-08-10,8,9,0,0.10544
3578,1968-08-17,1,2,0,0.105404
3579,1968-08-24,6,2,0,0.105369
3580,1968-08-31,7,7,1,0.105669
3581,1968-09-07,2,6,0,0.105634
3582,1968-09-14,3,7,0,0.105598
3583,1968-09-21,5,1,0,0.105563
3584,1968-09-28,9,3,0,0.105528
3585,1968-10-05,1,6,0,0.105492
3586,1968-10-12,5,4,0,0.105457
3587,1968-10-19,8,9,0,0.105422
3588,1968-10-26,8,1,0,0.105386
3589,1968-11-02,4,6,0,0.105351
3590,1968-11-09,6,7,0,0.105316
3591,1968-11-16,7,7,1,0.105615
3592,1968-11-23,4,6,0,0.10558
3593,1968-11-30,5,4,0,0.105544
3594,1968-12-07,6,9,0,0.105509
3595,1968-12-14,6,7,0,0.105474
3596,1968-12-21,2,1,0,0.105439
3597,1968-12-28,4,8,0,0.105404
3598,1969-01-04,9,5,0,0.105368
3599,1969-01-11,4,9,0,0.105333
3600,1969-01-18,5,9,0,0.105298
3601,1969-01-25,8,6,0,0.105263
3602,1969-02-01,5,1,0,0.105228
3603,1969-02-08,4,5,0,0.105193
3604,1969-02-15,6,1,0,0.105158
3605,1969-02-22,8,7,0,0.105123
3606,1969-03-01,5,2,0,0.105088
3607,1969-03-08,1,5,0,0.105053
3608,1969-03-15,6,5,0,0.105018
3609,1969-03-22,1,7,0,0.104983
3610,1969-03-29,8,4,0,0.104949
3611,1969-04-05,6,7,0,0.104914
3612,1969-04-12,2,6,0,0.104879
3613,1969-04-19,1,8,0,0.104844
3614,1969-04-26,2,9,0,0.104809
3615,1969-05-03,4,8,0,0.104775
3616,1969-05-10,7,5,0,0.10474
3617,1969-05-17,5,3,0,0.104705
3618,1969-05-24,5,6,0,0.10467
3619,1969-05-31,1,8,0,0.104636
3620,1969-06-07,6,5,0,0.104601
3621,1969-06-14,7,7,1,0.104897
3622,1969-06-21,8,6,0,0.104863
3623,1969-06-28,6,3,0,0.104828
3624,1969-07-05,1,6,0,0.104793
3625,1969-07-12,4,4,1,0.105089
3626,1969-07-19,7,9,0,0.105055
3627,1969-07-26,3,3,1,0.10535
3628,1969-08-02,2,5,0,0.105315
3629,1969-08-09,2,6,0,0.105281
3630,1969-08-16,4,9,0,0.105246
3631,1969-08-23,4,5,0,0.105211
3632,1969-08-30,2,7,0,0.105176
3633,1969-09-06,3,3,1,0.105471
3634,1969-09-13,8,1,0,0.105437
3635,1969-09-20,2,3,0,0.105402
3636,1969-09-27,7,6,0,0.105367
3637,1969-10-04,3,8,0,0.105332
3638,1969-10-11,6,2,0,0.105298
3639,1969-10-18,2,4,0,0.105263
3640,1969-10-25,8,8,1,0.105557
3641,1969-10-31,6,6,1,0.105851
3642,1969-11-08,4,6,0,0.105817
3643,1969-11-15,1,8,0,0.105782
3644,1969-11-22,7,5,0,0.105747
3645,1969-11-29,7,5,0,0.105712
3646,1969-12-06,6,2,0,0.105678
3647,1969-12-13,5,9,0,0.105643
3648,1969-12-20,1,2,0,0.105608
3649,1969-12-27,4,6,0,0.105574
3650,1970-01-03,5,9,0,0.105539
3651,1970-01-10,3,6,0,0.105505
3652,1970-01-17,9,5,0,0.10547
3653,1970-01-24,6,9,0,0.105435
3654,1970-01-31,1,9,0,0.105401
3655,1970-02-07,2,4,0,0.105366
3656,1970-02-14,4,8,0,0.105332
3657,1970-02-21,4,5,0,0.105298
3658,1970-02-28,9,7,0,0.105263
3659,1970-03-07,8,9,0,0.105229
3660,1970-03-14,3,8,0,0.105194
3661,1970-03-21,9,3,0,0.10516
3662,1970-03-28,1,9,0,0.105126
3663,1970-04-04,8,4,0,0.105091
3664,1970-04-11,9,7,0,0.105057
3665,1970-04-18,4,3,0,0.105023
3666,1970-04-25,5,9,0,0.104989
3667,1970-05-02,6,6,1,0.10528
3668,1970-05-09,4,7,0,0.105246
3669,1970-05-16,7,1,0,0.105212
3670,1970-05-23,5,3,0,0.105177
3671,1970-05-30,2,6,0,0.105143
3672,1970-06-06,5,5,1,0.105434
3673,1970-06-13,1,7,0,0.1054
3674,1970-06-20,3,4,0,0.105366
3675,1970-06-27,6,3,0,0.105332
3676,1970-07-04,1,4,0,0.105297
3677,1970-07-11,5,4,0,0.105263
3678,1970-07-18,2,9,0,0.105229
3679,1970-07-25,3,5,0,0.105195
3680,1970-08-01,6,1,0,0.105161
3681,1970-08-08,8,4,0,0.105127
3682,1970-08-15,6,2,0,0.105092
3683,1970-08-22,7,6,0,0.105058
3684,1970-08-29,3,6,0,0.105024
3685,1970-09-05,1,2,0,0.10499
3686,1970-09-12,9,3,0,0.104956
3687,1970-09-19,1,6,0,0.104922
3688,1970-09-26,3,4,0,0.104888
3689,1970-10-03,2,3,0,0.104854
3690,1970-10-10,7,6,0,0.10482
3691,1970-10-17,5,8,0,0.104787
3692,1970-10-24,3,6,0,0.104753
3693,1970-10-31,7,5,0,0.104719
3694,1970-11-07,4,8,0,0.104685
3695,1970-11-14,6,4,0,0.104651
3696,1970-11-21,3,7,0,0.104617
3697,1970-11-28,5,4,0,0.104584
3698,1970-12-05,2,3,0,0.10455
3699,1970-12-12,2,5,0,0.104516
3700,1970-12-19,9,9,1,0.104805
3701,1970-12-28,3,7,0,0.104771
3702,1971-01-02,6,9,0,0.104737
3703,1971-01-09,2,4,0,0.104704
3704,1971-01-16,1,8,0,0.10467
3705,1971-01-23,3,9,0,0.104636
3706,1971-01-30,6,3,0,0.104603
3707,1971-02-06,1,2,0,0.104569
3708,1971-02-13,7,4,0,0.104535
3709,1971-02-20,8,5,0,0.104502
3710,1971-02-27,1,6,0,0.104468
3711,1971-03-06,8,2,0,0.104434
3712,1971-03-13,7,7,1,0.104722
3713,1971-03-20,5,4,0,0.104689
3714,1971-03-27,6,6,1,0.104976
3715,1971-04-03,8,7,0,0.104942
3716,1971-04-10,2,2,1,0.105229
3717,1971-04-17,2,6,0,0.105196
3718,1971-04-24,3,9,0,0.105162
3719,1971-05-01,9,6,0,0.105128
3720,1971-05-08,9,9,1,0.105415
3721,1971-05-15,8,1,0,0.105381
3722,1971-05-22,6,8,0,0.105347
3723,1971-05-29,4,6,0,0.105314
3724,1971-06-05,8,1,0,0.10528
3725,1971-06-12,4,8,0,0.105246
3726,1971-06-19,3,7,0,0.105213
3727,1971-06-26,1,6,0,0.105179
3728,1971-07-03,5,3,0,0.105145
3729,1971-07-10,7,9,0,0.105112
3730,1971-07-17,7,5,0,0.105078
3731,1971-07-24,5,2,0,0.105045
3732,1971-07-31,3,6,0,0.105011
3733,1971-08-07,9,5,0,0.104978
3734,1971-08-14,7,9,0,0.104944
3735,1971-08-21,5,4,0,0.104911
3736,1971-08-28,5,6,0,0.104877
3737,1971-09-04,5,8,0,0.104844
3738,1971-09-11,6,8,0,0.10481
3739,1971-09-18,2,7,0,0.104777
3740,1971-09-25,5,8,0,0.104744
3741,1971-10-02,1,7,0,0.10471
3742,1971-10-09,3,4,0,0.104677
3743,1971-10-16,7,3,0,0.104644
3744,1971-10-23,6,8,0,0.10461
3745,1971-10-30,9,5,0,0.104577
3746,1971-11-06,7,6,0,0.104544
3747,1971-11-13,3,4,0,0.104511
3748,1971-11-20,8,2,0,0.104478
3749,1971-11-27,2,3,0,0.104444
3750,1971-12-04,8,6,0,0.104411
3751,1971-12-11,2,6,0,0.104378
3752,1971-12-18,2,6,0,0.104345
3753,1971-12-25,3,9,0,0.104312
3754,1972-01-01,7,6,0,0.104279
3755,1972-01-08,4,8,0,0.104246
3756,1972-01-15,3,4,0,0.104213
3757,1972-01-22,5,6,0,0.10418
3758,1972-01-29,7,3,0,0.104147
3759,1972-02-05,2,5,0,0.104114
3760,1972-02-12,7,7,1,0.104397
3761,1972-02-19,1,8,0,0.104364
3762,1972-02-26,9,3,0,0.104331
3763,1972-03-04,6,6,1,0.104614
3764,1972-03-11,8,9,0,0.104581
3765,1972-03-18,7,2,0,0.104548
3766,1972-03-25,8,4,0,0.104515
3767,1972-04-01,3,6,0,0.104482
3768,1972-04-08,7,3,0,0.104449
3769,1972-04-15,8,4,0,0.104416
3770,1972-04-22,2,3,0,0.104383
3771,1972-04-29,8,6,0,0.104351
3772,1972-05-06,4,6,0,0.104318
3773,1972-05-13,7,7,1,0.1046
3774,1972-05-20,6,3,0,0.104567
3775,1972-05-27,5,9,0,0.104534
3776,1972-06-03,9,2,0,0.104501
3777,1972-06-10,2,6,0,0.104468
3778,1972-06-17,3,6,0,0.104435
3779,1972-06-24,9,6,0,0.104403
3780,1972-07-01,9,9,1,0.104684
3781,1972-07-08,6,1,0,0.104651
3782,1972-07-15,8,9,0,0.104618
3783,1972-07-22,7,2,0,0.104585
3784,1972-07-29,1,4,0,0.104553
3785,1972-08-05,2,3,0,0.10452
3786,1972-08-12,1,8,0,0.104487
3787,1972-08-19,7,9,0,0.104454
3788,1972-08-26,2,8,0,0.104421
3789,1972-09-02,2,7,0,0.104389
3790,1972-09-09,8,9,0,0.104356
3791,1972-09-16,1,6,0,0.104323
3792,1972-09-23,9,2,0,0.104291
3793,1972-09-30,2,6,0,0.104258
3794,1972-10-07,1,6,0,0.104225
3795,1972-10-14,9,9,1,0.104506
3796,1972-10-21,6,6,1,0.104786
3797,1972-10-28,5,8,0,0.104753
3798,1972-11-04,7,2,0,0.10472
3799,1972-11-11,3,5,0,0.104688
3800,1972-11-18,7,2,0,0.104655
3801,1972-11-25,3,8,0,0.104622
3802,1972-12-02,1,2,0,0.104589
3803,1972-12-09,6,3,0,0.104557
3804,1972-12-16,3,7,0,0.104524
3805,1972-12-23,6,4,0,0.104492
3806,1972-12-30,6,2,0,0.104459
3807,1973-01-06,3,1,0,0.104426
3808,1973-01-13,9,4,0,0.104394
3809,1973-01-20,1,9,0,0.104361
3810,1973-01-27,6,4,0,0.104329
3811,1973-02-03,4,7,0,0.104296
3812,1973-02-10,5,8,0,0.104264
3813,1973-02-17,7,6,0,0.104231
3814,1973-02-24,2,5,0,0.104199
3815,1973-03-03,9,7,0,0.104167
3816,1973-03-10,1,7,0,0.104134
3817,1973-03-17,6,6,1,0.104413
3818,1973-03-24,9,7,0,0.10438
3819,1973-03-31,3,6,0,0.104348
3820,1973-04-07,7,9,0,0.104315
3821,1973-04-14,3,8,0,0.104283
3822,1973-04-21,7,2,0,0.104251
3823,1973-04-28,1,8,0,0.104218
3824,1973-05-05,9,3,0,0.104186
3825,1973-05-12,2,6,0,0.104154
3826,1973-05-19,5,6,0,0.104121
3827,1973-05-26,4,7,0,0.104089
3828,1973-06-02,5,1,0,0.104057
3829,1973-06-09,1,6,0,0.104025
3830,1973-06-16,4,4,1,0.104302
3831,1973-06-23,8,5,0,0.10427
3832,1973-06-30,7,8,0,0.104238
3833,1973-07-07,4,4,1,0.104515
3834,1973-07-14,8,4,0,0.104482
3835,1973-07-21,7,8,0,0.10445
3836,1973-07-28,9,4,0,0.104418
3837,1973-08-04,1,7,0,0.104385
3838,1973-08-11,8,6,0,0.104353
3839,1973-08-18,3,7,0,0.104321
3840,1973-08-25,2,3,0,0.104289
3841,1973-09-01,3,6,0,0.104257
3842,1973-09-08,7,6,0,0.104224
3843,1973-09-15,4,8,0,0.104192
3844,1973-09-22,9,4,0,0.10416
3845,1973-09-29,2,9,0,0.104128
3846,1973-10-06,1,5,0,0.104096
3847,1973-10-13,9,9,1,0.104372
3848,1973-10-20,7,6,0,0.10434
3849,1973-10-27,1,4,0,0.104308
3850,1973-11-03,3,3,1,0.104583
3851,1973-11-10,7,3,0,0.104551
3852,1973-11-17,3,4,0,0.104519
3853,1973-11-24,4,2,0,0.104487
3854,1973-12-01,5,8,0,0.104455
3855,1973-12-08,3,6,0,0.104423
3856,1973-12-15,4,5,0,0.104391
3857,1973-12-22,8,5,0,0.104359
3858,1973-12-29,9,8,0,0.104326
3859,1974-01-05,4,3,0,0.104294
3860,1974-01-12,4,9,0,0.104262
3861,1974-01-19,6,9,0,0.104231
3862,1974-01-26,2,7,0,0.104199
3863,1974-02-02,3,8,0,0.104167
3864,1974-02-09,2,6,0,0.104135
3865,1974-02-16,4,3,0,0.104103
3866,1974-02-23,5,4,0,0.104071
3867,1974-03-02,6,6,1,0.104345
3868,1974-03-09,8,7,0,0.104313
3869,1974-03-16,4,2,0,0.104281
3870,1974-03-23,4,7,0,0.104249
3871,1974-03-30,6,6,1,0.104523
3872,1974-04-06,7,7,1,0.104797
3873,1974-04-13,4,6,0,0.104765
3874,1974-04-20,2,4,0,0.104733
3875,1974-04-27,1,3,0,0.104701
3876,1974-05-04,7,9,0,0.104669
3877,1974-05-11,2,8,0,0.104637
3878,1974-05-18,9,7,0,0.104605
3879,1974-05-25,1,7,0,0.104573
3880,1974-06-01,2,6,0,0.104541
3881,1974-06-08,9,8,0,0.104509
3882,1974-06-15,1,7,0,0.104478
3883,1974-06-22,4,6,0,0.104446
3884,1974-06-29,7,5,0,0.104414
3885,1974-07-06,2,3,0,0.104382
3886,1974-07-13,8,7,0,0.10435
3887,1974-07-20,2,6,0,0.104319
3888,1974-07-27,8,6,0,0.104287
3889,1974-08-03,7,6,0,0.104255
3890,1974-08-10,4,4,1,0.104527
3891,1974-08-17,5,4,0,0.104496
3892,1974-08-24,9,6,0,0.104464
3893,1974-08-31,4,6,0,0.104432
3894,1974-09-07,6,4,0,0.104401
3895,1974-09-14,6,7,0,0.104369
3896,1974-09-21,5,1,0,0.104337
3897,1974-09-28,4,2,0,0.104306
3898,1974-10-05,9,1,0,0.104274
3899,1974-10-12,2,9,0,0.104242
3900,1974-10-19,3,5,0,0.104211
3901,1974-10-26,2,6,0,0.104179
3902,1974-11-02,6,3,0,0.104148
3903,1974-11-09,2,1,0,0.104116
3904,1974-11-16,4,8,0,0.104085
3905,1974-11-23,5,5,1,0.104356
3906,1974-11-30,5,6,0,0.104324
3907,1974-12-07,3,8,0,0.104293
3908,1974-12-14,1,5,0,0.104261
3909,1974-12-21,6,3,0,0.10423
3910,1974-12-28,8,7,0,0.104198
3911,1975-01-04,8,2,0,0.104167
3912,1975-01-11,4,6,0,0.104135
3913,1975-01-18,8,7,0,0.104104
3914,1975-01-25,9,8,0,0.104072
3915,1975-02-01,6,4,0,0.104041
3916,1975-02-08,8,8,1,0.104311
3917,1975-02-15,1,2,0,0.10428
3918,1975-02-22,7,2,0,0.104248
3919,1975-03-01,7,2,0,0.104217
3920,1975-03-08,9,2,0,0.104185
3921,1975-03-15,9,1,0,0.104154
3922,1975-03-22,1,1,1,0.104424
3923,1975-03-29,9,6,0,0.104392
3924,1975-04-05,6,6,1,0.104662
3925,1975-04-12,7,8,0,0.10463
3926,1975-04-19,4,6,0,0.104599
3927,1975-04-26,5,4,0,0.104567
3928,1975-05-03,1,6,0,0.104536
3929,1975-05-10,9,4,0,0.104505
3930,1975-05-17,5,6,0,0.104473
3931,1975-05-24,3,2,0,0.104442
3932,1975-05-31,1,5,0,0.10441
3933,1975-06-07,1,3,0,0.104379
3934,1975-06-14,4,1,0,0.104348
3935,1975-06-21,9,5,0,0.104317
3936,1975-06-28,1,9,0,0.104285
3937,1975-07-05,2,6,0,0.104254
3938,1975-07-12,1,8,0,0.104223
3939,1975-07-19,6,9,0,0.104192
3940,1975-07-26,6,7,0,0.10416
3941,1975-08-02,2,1,0,0.104129
3942,1975-08-09,8,8,1,0.104397
3943,1975-08-16,6,6,1,0.104665
3944,1975-08-23,6,6,1,0.104933
3945,1975-08-30,8,1,0,0.104901
3946,1975-09-06,4,2,0,0.10487
3947,1975-09-13,7,7,1,0.105137
3948,1975-09-20,9,3,0,0.105106
3949,1975-09-27,2,1,0,0.105075
3950,1975-10-04,1,5,0,0.105043
3951,1975-10-11,6,9,0,0.105012
3952,1975-10-18,3,7,0,0.104981
3953,1975-10-25,5,4,0,0.104949
3954,1975-11-01,5,3,0,0.104918
3955,1975-11-08,1,8,0,0.104887
3956,1975-11-15,4,4,1,0.105153
3957,1975-11-22,5,9,0,0.105122
3958,1975-11-29,7,6,0,0.105091
3959,1975-12-06,7,5,0,0.10506
3960,1975-12-13,8,2,0,0.105028
3961,1975-12-20,4,3,0,0.104997
3962,1975-12-27,8,7,0,0.104966
3963,1976-01-03,2,9,0,0.104935
3964,1976-01-10,7,6,0,0.104903
3965,1976-01-17,8,8,1,0.105169
3966,1976-01-24,3,3,1,0.105435
3967,1976-01-31,5,3,0,0.105404
3968,1976-02-07,8,3,0,0.105373
3969,1976-02-14,4,1,0,0.105341
3970,1976-02-21,4,7,0,0.10531
3971,1976-02-28,8,6,0,0.105279
3972,1976-03-06,1,9,0,0.105248
3973,1976-03-13,4,2,0,0.105216
3974,1976-03-20,2,5,0,0.105185
3975,1976-03-27,2,3,0,0.105154
3976,1976-04-03,1,9,0,0.105123
3977,1976-04-10,3,9,0,0.105092
3978,1976-04-17,4,3,0,0.105061
3979,1976-04-24,8,8,1,0.105325
3980,1976-05-01,7,9,0,0.105294
3981,1976-05-08,2,4,0,0.105263
3982,1976-05-15,8,7,0,0.105232
3983,1976-05-22,3,6,0,0.105201
3984,1976-05-29,5,3,0,0.10517
3985,1976-06-05,2,3,0,0.105139
3986,1976-06-12,5,5,1,0.105403
3987,1976-06-19,7,7,1,0.105667
3988,1976-06-26,7,5,0,0.105636
3989,1976-07-03,4,2,0,0.105605
3990,1976-07-10,5,4,0,0.105574
3991,1976-07-17,5,6,0,0.105542
3992,1976-07-24,7,8,0,0.105511
3993,1976-07-31,9,5,0,0.10548
3994,1976-08-07,5,1,0,0.105449
3995,1976-08-14,4,2,0,0.105418
3996,1976-08-21,8,1,0,0.105387
3997,1976-08-28,9,9,1,0.10565
3998,1976-09-04,8,4,0,0.105619
3999,1976-09-11,8,8,1,0.105882
4000,1976-09-18,1,6,0,0.105851
4001,1976-09-25,8,2,0,0.10582
4002,1976-10-02,2,7,0,0.105789
4003,1976-10-09,1,6,0,0.105758
4004,1976-10-16,7,9,0,0.105727
4005,1976-10-23,5,2,0,0.105696
4006,1976-10-30,8,6,0,0.105665
4007,1976-11-06,4,1,0,0.105634
4008,1976-11-13,3,7,0,0.105603
4009,1976-11-20,4,6,0,0.105572
4010,1976-11-27,3,8,0,0.105541
4011,1976-12-04,4,4,1,0.105803
4012,1976-12-11,2,8,0,0.105772
4013,1976-12-18,7,3,0,0.105741
4014,1976-12-25,8,8,1,0.106003
4015,1977-01-01,7,3,0,0.105972
4016,1977-01-08,2,4,0,0.105941
4017,1977-01-15,8,7,0,0.10591
4018,1977-01-22,2,6,0,0.105879
4019,1977-01-29,4,6,0,0.105848
4020,1977-02-05,1,5,0,0.105817
4021,1977-02-12,8,5,0,0.105786
4022,1977-02-19,9,7,0,0.105755
4023,1977-02-26,8,4,0,0.105724
4024,1977-03-05,7,8,0,0.105693
4025,1977-03-12,8,4,0,0.105663
4026,1977-03-19,8,3,0,0.105632
4027,1977-03-26,3,6,0,0.105601
4028,1977-04-02,8,3,0,0.10557
4029,1977-04-09,3,3,1,0.105831
4030,1977-04-16,9,3,0,0.1058
4031,1977-04-23,2,9,0,0.105769
4032,1977-04-30,4,5,0,0.105738
4033,1977-05-07,7,5,0,0.105708
4034,1977-05-14,3,3,1,0.105968
4035,1977-05-21,2,2,1,0.106228
4036,1977-05-28,7,6,0,0.106197
4037,1977-06-04,2,8,0,0.106166
4038,1977-06-11,2,7,0,0.106136
4039,1977-06-18,3,9,0,0.106105
4040,1977-06-25,3,6,0,0.106074
4041,1977-07-02,8,4,0,0.106043
4042,1977-07-09,5,3,0,0.106012
4043,1977-07-16,3,5,0,0.105981
4044,1977-07-23,6,5,0,0.105951
4045,1977-07-30,9,2,0,0.10592
4046,1977-08-06,7,6,0,0.105889
4047,1977-08-13,2,4,0,0.105858
4048,1977-08-20,2,7,0,0.105828
4049,1977-08-27,3,9,0,0.105797
4050,1977-09-03,5,6,0,0.105766
4051,1977-09-10,1,3,0,0.105736
4052,1977-09-17,1,4,0,0.105705
4053,1977-09-24,8,1,0,0.105675
4054,1977-10-01,1,7,0,0.105644
4055,1977-10-08,6,2,0,0.105613
4056,1977-10-15,4,7,0,0.105583
4057,1977-10-22,1,8,0,0.105552
4058,1977-10-29,9,5,0,0.105522
4059,1977-11-05,3,6,0,0.105491
4060,1977-11-12,7,9,0,0.105461
4061,1977-11-19,6,4,0,0.10543
4062,1977-11-26,8,5,0,0.1054
4063,1977-12-03,1,4,0,0.10537
4064,1977-12-10,7,2,0,0.105339
4065,1977-12-17,4,2,0,0.105309
4066,1977-12-24,5,4,0,0.105278
4067,1977-12-31,3,6,0,0.105248
4068,1978-01-07,2,5,0,0.105218
4069,1978-01-14,3,6,0,0.105187
4070,1978-01-21,8,6,0,0.105157
4071,1978-01-28,7,3,0,0.105127
4072,1978-02-04,8,4,0,0.105096
4073,1978-02-11,6,3,0,0.105066
4074,1978-02-18,7,6,0,0.105036
4075,1978-02-25,6,6,1,0.105293
4076,1978-03-04,4,5,0,0.105263
4077,1978-03-11,7,1,0,0.105233
4078,1978-03-18,5,3,0,0.105203
4079,1978-03-25,5,6,0,0.105172
4080,1978-04-01,3,8,0,0.105142
4081,1978-04-08,5,5,1,0.105399
4082,1978-04-15,9,3,0,0.105369
4083,1978-04-22,2,6,0,0.105339
4084,1978-04-29,8,5,0,0.105308
4085,1978-05-06,1,6,0,0.105278
4086,1978-05-13,9,2,0,0.105248
4087,1978-05-20,7,6,0,0.105218
4088,1978-05-27,7,4,0,0.105188
4089,1978-06-03,7,2,0,0.105158
4090,1978-06-10,5,2,0,0.105127
4091,1978-06-17,9,6,0,0.105097
4092,1978-06-24,6,6,1,0.105354
4093,1978-07-01,3,8,0,0.105323
4094,1978-07-08,3,4,0,0.105293
4095,1978-07-15,1,4,0,0.105263
4096,1978-07-22,8,3,0,0.105233
4097,1978-07-29,1,7,0,0.105203
4098,1978-08-05,1,9,0,0.105173
4099,1978-08-12,4,8,0,0.105143
4100,1978-08-19,2,5,0,0.105113
4101,1978-08-26,2,3,0,0.105083
4102,1978-09-02,7,9,0,0.105053
4103,1978-09-09,1,8,0,0.105023
4104,1978-09-16,6,3,0,0.104993
4105,1978-09-23,4,7,0,0.104963
4106,1978-09-30,4,1,0,0.104933
4107,1978-10-07,7,6,0,0.104903
4108,1978-10-14,8,3,0,0.104873
4109,1978-10-21,8,3,0,0.104843
4110,1978-10-28,4,6,0,0.104813
4111,1978-11-04,6,7,0,0.104784
4112,1978-11-11,9,7,0,0.104754
4113,1978-11-18,3,6,0,0.104724
4114,1978-11-25,1,9,0,0.104694
4115,1978-12-02,2,3,0,0.104664
4116,1978-12-09,9,8,0,0.104635
4117,1978-12-16,9,7,0,0.104605
4118,1978-12-23,1,1,1,0.104859
4119,1978-12-30,9,6,0,0.10483
4120,1979-01-06,2,6,0,0.1048
4121,1979-01-13,9,5,0,0.10477
4122,1979-01-20,1,7,0,0.10474
4123,1979-01-27,4,6,0,0.104711
4124,1979-02-03,5,5,1,0.104965
4125,1979-02-10,9,6,0,0.104935
4126,1979-02-17,7,6,0,0.104905
4127,1979-02-24,5,4,0,0.104875
4128,1979-03-03,9,6,0,0.104846
4129,1979-03-10,9,6,0,0.104816
4130,1979-03-17,7,1,0,0.104786
4131,1979-03-24,1,4,0,0.104757
4132,1979-03-31,7,3,0,0.104727
4133,1979-04-07,8,2,0,0.104697
4134,1979-04-14,4,3,0,0.104668
4135,1979-04-21,7,7,1,0.104921
4136,1979-04-28,1,3,0,0.104891
4137,1979-05-05,7,3,0,0.104862
4138,1979-05-12,7,8,0,0.104832
4139,1979-05-19,5,2,0,0.104802
4140,1979-05-26,9,6,0,0.104773
4141,1979-06-02,2,6,0,0.104743
4142,1979-06-09,1,5,0,0.104714
4143,1979-06-16,3,9,0,0.104684
4144,1979-06-23,2,3,0,0.104654
4145,1979-06-30,1,3,0,0.104625
4146,1979-07-07,2,9,0,0.104595
4147,1979-07-14,3,8,0,0.104566
4148,1979-07-21,3,6,0,0.104536
4149,1979-07-28,3,4,0,0.104507
4150,1979-08-04,7,4,0,0.104478
4151,1979-08-11,5,4,0,0.104448
4152,1979-08-18,3,6,0,0.104419
4153,1979-08-25,5,5,1,0.104671
4154,1979-09-01,8,3,0,0.104641
4155,1979-09-08,7,4,0,0.104612
4156,1979-09-15,6,4,0,0.104583
4157,1979-09-22,8,5,0,0.104553
4158,1979-09-29,2,1,0,0.104524
4159,1979-10-06,1,6,0,0.104494
4160,1979-10-13,2,9,0,0.104465
4161,1979-10-20,8,8,1,0.104716
4162,1979-10-27,8,6,0,0.104687
4163,1979-11-03,7,6,0,0.104658
4164,1979-11-10,1,4,0,0.104628
4165,1979-11-17,7,3,0,0.104599
4166,1979-11-24,9,8,0,0.10457
4167,1979-12-01,2,5,0,0.10454
4168,1979-12-08,3,5,0,0.104511
4169,1979-12-15,9,6,0,0.104482
4170,1979-12-22,9,9,1,0.104733
4171,1979-12-29,6,1,0,0.104703
4172,1980-01-05,7,8,0,0.104674
4173,1980-01-12,1,6,0,0.104645
4174,1980-01-19,7,7,1,0.104895
4175,1980-01-26,9,8,0,0.104866
4176,1980-02-02,4,5,0,0.104836
4177,1980-02-09,3,4,0,0.104807
4178,1980-02-16,1,4,0,0.104778
4179,1980-02-23,6,3,0,0.104749
4180,1980-03-01,2,7,0,0.104719
4181,1980-03-08,3,8,0,0.10469
4182,1980-03-15,4,6,0,0.104661
4183,1980-03-22,6,8,0,0.104632
4184,1980-03-29,8,7,0,0.104603
4185,1980-04-05,7,2,0,0.104573
4186,1980-04-12,4,4,1,0.104823
4187,1980-04-19,3,4,0,0.104794
4188,1980-04-26,9,4,0,0.104765
4189,1980-05-03,7,9,0,0.104735
4190,1980-05-10,1,4,0,0.104706
4191,1980-05-17,5,7,0,0.104677
4192,1980-05-24,8,9,0,0.104648
4193,1980-05-31,3,7,0,0.104619
4194,1980-06-07,6,3,0,0.10459
4195,1980-06-14,6,2,0,0.104561
4196,1980-06-21,7,1,0,0.104532
4197,1980-06-28,7,6,0,0.104503
4198,1980-07-05,4,2,0,0.104473
4199,1980-07-12,6,4,0,0.104444
4200,1980-07-19,2,7,0,0.104415
4201,1980-07-26,4,8,0,0.104386
4202,1980-08-02,6,5,0,0.104357
4203,1980-08-09,5,7,0,0.104329
4204,1980-08-16,3,2,0,0.1043
4205,1980-08-23,3,5,0,0.104271
4206,1980-08-30,3,4,0,0.104242
4207,1980-09-06,5,4,0,0.104213
4208,1980-09-13,9,3,0,0.104184
4209,1980-09-20,6,6,1,0.104432
4210,1980-09-27,4,8,0,0.104403
4211,1980-10-04,9,1,0,0.104374
4212,1980-10-11,9,9,1,0.104622
4213,1980-10-18,5,1,0,0.104593
4214,1980-10-25,3,2,0,0.104564
4215,1980-11-01,1,5,0,0.104535
4216,1980-11-08,5,6,0,0.104506
4217,1980-11-15,4,9,0,0.104478
4218,1980-11-22,1,8,0,0.104449
4219,1980-11-29,7,5,0,0.10442
4220,1980-12-06,4,8,0,0.104391
4221,1980-12-13,6,4,0,0.104362
4222,1980-12-20,5,7,0,0.104333
4223,1980-12-27,5,2,0,0.104305
4224,1981-01-03,6,8,0,0.104276
4225,1981-01-10,2,8,0,0.104247
4226,1981-01-17,9,8,0,0.104218
4227,1981-01-24,9,7,0,0.10419
4228,1981-01-31,2,1,0,0.104161
4229,1981-02-07,6,5,0,0.104132
4230,1981-02-14,4,1,0,0.104104
4231,1981-02-21,7,1,0,0.104075
4232,1981-02-28,3,3,1,0.104321
4233,1981-03-07,5,2,0,0.104293
4234,1981-03-14,1,3,0,0.104264
4235,1981-03-21,2,4,0,0.104235
4236,1981-03-28,9,8,0,0.104207
4237,1981-04-04,5,7,0,0.104178
4238,1981-04-11,5,2,0,0.104149
4239,1981-04-18,3,8,0,0.104121
4240,1981-04-25,6,5,0,0.104092
4241,1981-05-02,5,2,0,0.104064
4242,1981-05-09,4,2,0,0.104035
4243,1981-05-16,1,1,1,0.104281
4244,1981-05-23,3,5,0,0.104252
4245,1981-05-30,1,3,0,0.104224
4246,1981-06-06,8,6,0,0.104195
4247,1981-06-13,9,7,0,0.104167
4248,1981-06-20,9,4,0,0.104138
4249,1981-06-27,6,1,0,0.10411
4250,1981-07-04,7,8,0,0.104081
4251,1981-07-11,5,6,0,0.104053
4252,1981-07-18,1,6,0,0.104024
4253,1981-07-25,1,4,0,0.103996
4254,1981-08-01,9,8,0,0.103967
4255,1981-08-08,8,6,0,0.103939
4256,1981-08-15,4,8,0,0.10391
4257,1981-08-22,3,7,0,0.103882
4258,1981-08-29,6,4,0,0.103854
4259,1981-09-05,9,2,0,0.103825
4260,1981-09-12,3,6,0,0.103797
4261,1981-09-19,9,9,1,0.104042
4262,1981-09-26,9,9,1,0.104286
4263,1981-10-03,2,1,0,0.104258
4264,1981-10-10,2,6,0,0.104229
4265,1981-10-17,6,9,0,0.104201
4266,1981-10-24,9,1,0,0.104172
4267,1981-10-31,2,6,0,0.104144
4268,1981-11-07,1,6,0,0.104116
4269,1981-11-14,5,9,0,0.104087
4270,1981-11-21,2,9,0,0.104059
4271,1981-11-28,5,5,1,0.104303
4272,1981-12-05,9,7,0,0.104274
4273,1981-12-12,6,6,1,0.104518
4274,1981-12-19,6,8,0,0.10449
4275,1981-12-26,4,1,0,0.104461
4276,1982-01-02,1,1,1,0.104705
4277,1982-01-09,6,5,0,0.104676
4278,1982-01-16,8,7,0,0.104648
4279,1982-01-23,7,2,0,0.10462
4280,1982-01-30,1,4,0,0.104591
4281,1982-02-06,1,7,0,0.104563
4282,1982-02-13,4,8,0,0.104534
4283,1982-02-20,1,5,0,0.104506
4284,1982-02-27,7,5,0,0.104478
4285,1982-03-06,8,4,0,0.104449
4286,1982-03-13,7,3,0,0.104421
4287,1982-03-20,6,4,0,0.104393
4288,1982-03-27,5,5,1,0.104635
4289,1982-04-03,1,4,0,0.104607
4290,1982-04-10,8,4,0,0.104579
4291,1982-04-17,5,7,0,0.10455
4292,1982-04-24,3,5,0,0.104522
4293,1982-05-01,9,5,0,0.104494
4294,1982-05-08,9,9,1,0.104736
4295,1982-05-15,3,1,0,0.104708
4296,1982-05-22,6,9,0,0.104679
4297,1982-05-29,5,2,0,0.104651
4298,1982-06-05,7,4,0,0.104623
4299,1982-06-12,3,5,0,0.104595
4300,1982-06-19,4,2,0,0.104566
4301,1982-06-26,2,8,0,0.104538
4302,1982-07-03,1,3,0,0.10451
4303,1982-07-10,7,9,0,0.104482
4304,1982-07-17,9,8,0,0.104453
4305,1982-07-24,1,5,0,0.104425
4306,1982-07-31,6,4,0,0.104397
4307,1982-08-07,7,7,1,0.104639
4308,1982-08-14,6,6,1,0.10488
4309,1982-08-21,3,5,0,0.104852
4310,1982-08-28,4,4,1,0.105093
4311,1982-09-04,4,8,0,0.105065
4312,1982-09-11,5,6,0,0.105036
4313,1982-09-18,3,6,0,0.105008
4314,1982-09-25,6,5,0,0.10498
4315,1982-10-02,3,2,0,0.104952
4316,1982-10-09,3,4,0,0.104923
4317,1982-10-16,6,4,0,0.104895
4318,1982-10-23,8,2,0,0.104867
4319,1982-10-30,3,2,0,0.104839
4320,1982-11-06,6,3,0,0.104811
4321,1982-11-13,8,2,0,0.104782
4322,1982-11-20,5,2,0,0.104754
4323,1982-11-27,2,5,0,0.104726
4324,1982-12-04,9,5,0,0.104698
4325,1982-12-11,6,7,0,0.10467
4326,1982-12-18,6,8,0,0.104642
4327,1982-12-25,7,1,0,0.104614
4328,1983-01-01,2,6,0,0.104586
4329,1983-01-08,6,7,0,0.104558
4330,1983-01-15,3,1,0,0.10453
4331,1983-01-22,1,4,0,0.104502
4332,1983-01-29,4,6,0,0.104474
4333,1983-02-05,5,5,1,0.104713
4334,1983-02-12,6,6,1,0.104953
4335,1983-02-19,9,8,0,0.104925
4336,1983-02-26,7,6,0,0.104897
4337,1983-03-05,3,4,0,0.104869
4338,1983-03-12,5,2,0,0.104841
4339,1983-03-19,9,3,0,0.104813
4340,1983-03-26,1,6,0,0.104785
4341,1983-04-02,7,6,0,0.104757
4342,1983-04-09,2,8,0,0.104729
4343,1983-04-16,7,7,1,0.104968
4344,1983-04-23,4,8,0,0.10494
4345,1983-04-30,9,4,0,0.104912
4346,1983-05-07,8,9,0,0.104884
4347,1983-05-14,1,8,0,0.104856
4348,1983-05-21,4,9,0,0.104828
4349,1983-05-28,2,5,0,0.1048
4350,1983-06-04,7,1,0,0.104772
4351,1983-06-11,3,8,0,0.104744
4352,1983-06-18,2,5,0,0.104716
4353,1983-06-25,8,3,0,0.104688
4354,1983-07-02,8,6,0,0.10466
4355,1983-07-09,6,6,1,0.104899
4356,1983-07-16,7,6,0,0.104871
4357,1983-07-23,1,6,0,0.104843
4358,1983-07-30,4,7,0,0.104815
4359,1983-08-06,6,5,0,0.104787
4360,1983-08-13,8,7,0,0.104759
4361,1983-08-20,7,2,0,0.104732
4362,1983-08-27,9,4,0,0.104704
4363,1983-09-03,4,1,0,0.104676
4364,1983-09-10,7,4,0,0.104648
4365,1983-09-17,3,3,1,0.104886
4366,1983-09-24,6,2,0,0.104858
4367,1983-10-01,1,2,0,0.10483
4368,1983-10-08,1,4,0,0.104802
4369,1983-10-15,8,8,1,0.10504
4370,1983-10-22,2,7,0,0.105012
4371,1983-10-29,8,1,0,0.104984
4372,1983-11-05,4,6,0,0.104956
4373,1983-11-12,1,7,0,0.104928
4374,1983-11-19,9,5,0,0.104901
4375,1983-11-26,9,6,0,0.104873
4376,1983-12-03,4,1,0,0.104845
4377,1983-12-10,3,4,0,0.104817
4378,1983-12-17,4,4,1,0.105054
4379,1983-12-24,2,8,0,0.105026
4380,1983-12-31,3,1,0,0.104999
4381,1984-01-07,3,6,0,0.104971
4382,1984-01-14,7,4,0,0.104943
4383,1984-01-21,1,4,0,0.104915
4384,1984-01-28,8,7,0,0.104888
4385,1984-02-04,3,7,0,0.10486
4386,1984-02-11,6,3,0,0.104832
4387,1984-02-18,3,2,0,0.104805
4388,1984-02-25,7,4,0,0.104777
4389,1984-03-03,3,1,0,0.104749
4390,1984-03-10,7,2,0,0.104722
4391,1984-03-17,7,3,0,0.104694
4392,1984-03-24,7,2,0,0.104666
4393,1984-03-31,1,7,0,0.104639
4394,1984-04-07,8,7,0,0.104611
4395,1984-04-14,1,7,0,0.104584
4396,1984-04-21,1,9,0,0.104556
4397,1984-04-28,1,8,0,0.104529
4398,1984-05-05,2,8,0,0.104501
4399,1984-05-12,4,8,0,0.104474
4400,1984-05-19,5,5,1,0.104709
4401,1984-05-26,8,6,0,0.104682
4402,1984-06-02,8,7,0,0.104654
4403,1984-06-09,3,6,0,0.104627
4404,1984-06-16,6,3,0,0.104599
4405,1984-06-23,8,2,0,0.104572
4406,1984-06-30,2,2,1,0.104807
4407,1984-07-07,6,1,0,0.104779
4408,1984-07-14,1,1,1,0.105014
4409,1984-07-21,4,4,1,0.105249
4410,1984-07-28,8,5,0,0.105222
4411,1984-08-04,2,9,0,0.105194
4412,1984-08-11,9,6,0,0.105167
4413,1984-08-18,7,7,1,0.105401
4414,1984-08-25,3,3,1,0.105636
4415,1984-09-01,1,2,0,0.105608
4416,1984-09-08,8,6,0,0.10558
4417,1984-09-15,2,7,0,0.105553
4418,1984-09-22,9,6,0,0.105525
4419,1984-09-29,8,7,0,0.105497
4420,1984-10-06,4,8,0,0.10547
4421,1984-10-13,3,7,0,0.105442
4422,1984-10-20,7,4,0,0.105415
4423,1984-10-27,1,3,0,0.105387
4424,1984-11-03,7,7,1,0.105621
4425,1984-11-10,9,8,0,0.105593
4426,1984-11-17,6,1,0,0.105566
4427,1984-11-24,3,8,0,0.105538
4428,1984-12-01,7,4,0,0.105511
4429,1984-12-08,1,1,1,0.105744
4430,1984-12-15,4,7,0,0.105717
4431,1984-12-22,3,5,0,0.105689
4432,1984-12-29,1,4,0,0.105661
4433,1985-01-05,6,6,1,0.105895
4434,1985-01-12,6,7,0,0.105867
4435,1985-01-19,1,1,1,0.1061
4436,1985-01-26,9,4,0,0.106072
4437,1985-02-02,5,6,0,0.106045
4438,1985-02-09,3,2,0,0.106017
4439,1985-02-16,7,5,0,0.10599
4440,1985-02-23,4,1,0,0.105962
4441,1985-03-02,3,4,0,0.105934
4442,1985-03-09,1,4,0,0.105907
4443,1985-03-16,5,6,0,0.105879
4444,1985-03-23,8,9,0,0.105852
4445,1985-03-30,8,7,0,0.105824
4446,1985-04-06,1,6,0,0.105797
4447,1985-04-13,8,9,0,0.105769
4448,1985-04-20,1,7,0,0.105742
4449,1985-04-27,4,9,0,0.105714
4450,1985-05-04,6,5,0,0.105687
4451,1985-05-11,5,7,0,0.105659
4452,1985-05-18,8,4,0,0.105632
4453,1985-05-25,2,7,0,0.105605
4454,1985-06-01,7,6,0,0.105577
4455,1985-06-08,9,8,0,0.10555
4456,1985-06-15,7,1,0,0.105522
4457,1985-06-22,6,3,0,0.105495
4458,1985-06-29,1,5,0,0.105468
4459,1985-07-06,9,4,0,0.10544
4460,1985-07-13,2,6,0,0.105413
4461,1985-07-20,5,6,0,0.105386
4462,1985-07-27,7,7,1,0.105617
4463,1985-08-03,9,5,0,0.10559
4464,1985-08-10,6,1,0,0.105563
4465,1985-08-17,4,3,0,0.105535
4466,1985-08-24,4,1,0,0.105508
4467,1985-08-31,5,6,0,0.105481
4468,1985-09-07,3,6,0,0.105454
4469,1985-09-14,2,5,0,0.105426
4470,1985-09-21,1,3,0,0.105399
4471,1985-09-28,3,9,0,0.105372
4472,1985-10-05,3,1,0,0.105345
4473,1985-10-12,8,4,0,0.105318
4474,1985-10-19,5,3,0,0.10529
4475,1985-10-26,9,5,0,0.105263
4476,1985-11-02,4,6,0,0.105236
4477,1985-11-09,8,4,0,0.105209
4478,1985-11-16,5,9,0,0.105182
4479,1985-11-23,5,5,1,0.105412
4480,1985-11-30,3,8,0,0.105385
4481,1985-12-07,8,5,0,0.105358
4482,1985-12-14,9,3,0,0.105331
4483,1985-12-21,4,4,1,0.105561
4484,1985-12-28,2,4,0,0.105534
4485,1986-01-04,3,3,1,0.105764
4486,1986-01-11,9,6,0,0.105737
4487,1986-01-18,8,9,0,0.10571
4488,1986-01-25,9,8,0,0.105683
4489,1986-02-01,5,4,0,0.105656
4490,1986-02-08,2,2,1,0.105885
4491,1986-02-15,4,5,0,0.105858
4492,1986-02-22,1,5,0,0.105831
4493,1986-03-01,3,9,0,0.105804
4494,1986-03-08,2,3,0,0.105777
4495,1986-03-15,2,3,0,0.105749
4496,1986-03-22,8,9,0,0.105722
4497,1986-03-29,2,6,0,0.105695
4498,1986-04-05,8,6,0,0.105668
4499,1986-04-12,7,6,0,0.105641
4500,1986-04-19,6,4,0,0.105614
4501,1986-04-26,7,5,0,0.105587
4502,1986-05-03,3,6,0,0.10556
4503,1986-05-10,4,2,0,0.105533
4504,1986-05-17,6,8,0,0.105506
4505,1986-05-24,2,7,0,0.105479
4506,1986-05-31,5,8,0,0.105452
4507,1986-06-07,7,7,1,0.105681
4508,1986-06-14,6,5,0,0.105654
4509,1986-06-21,8,5,0,0.105627
4510,1986-06-28,8,2,0,0.1056
4511,1986-07-05,1,6,0,0.105573
4512,1986-07-12,4,9,0,0.105546
4513,1986-07-19,1,5,0,0.105519
4514,1986-07-26,1,9,0,0.105492
4515,1986-08-02,8,8,1,0.10572
4516,1986-08-09,5,7,0,0.105693
4517,1986-08-16,5,5,1,0.105921
4518,1986-08-23,4,3,0,0.105894
4519,1986-08-30,8,1,0,0.105867
4520,1986-09-06,4,9,0,0.10584
4521,1986-09-13,7,7,1,0.106068
4522,1986-09-20,4,3,0,0.106041
4523,1986-09-27,2,3,0,0.106014
4524,1986-10-04,1,3,0,0.105987
4525,1986-10-11,5,3,0,0.10596
4526,1986-10-18,3,9,0,0.105933
4527,1986-10-25,9,5,0,0.105906
4528,1986-11-01,8,9,0,0.105879
4529,1986-11-08,2,8,0,0.105852
4530,1986-11-15,1,6,0,0.105825
4531,1986-11-22,7,3,0,0.105799
4532,1986-11-29,6,8,0,0.105772
4533,1986-12-06,8,5,0,0.105745
4534,1986-12-13,5,2,0,0.105718
4535,1986-12-20,2,5,0,0.105691
4536,1986-12-27,3,5,0,0.105664
4537,1987-01-03,3,6,0,0.105637
4538,1987-01-10,7,8,0,0.105611
4539,1987-01-17,7,1,0,0.105584
4540,1987-01-24,1,1,1,0.105811
4541,1987-01-31,5,7,0,0.105784
4542,1987-02-07,2,9,0,0.105757
4543,1987-02-14,3,5,0,0.10573
4544,1987-02-21,1,6,0,0.105703
4545,1987-02-28,2,6,0,0.105677
4546,1987-03-07,8,8,1,0.105903
4547,1987-03-14,9,6,0,0.105876
4548,1987-03-21,4,4,1,0.106103
4549,1987-03-28,9,4,0,0.106076
4550,1987-04-04,1,9,0,0.106049
4551,1987-04-11,8,6,0,0.106022
4552,1987-04-18,1,7,0,0.105995
4553,1987-04-25,6,9,0,0.105969
4554,1987-05-02,4,7,0,0.105942
4555,1987-05-09,3,1,0,0.105915
4556,1987-05-16,6,4,0,0.105888
4557,1987-05-23,6,2,0,0.105862
4558,1987-05-30,1,1,1,0.106087
4559,1987-06-06,4,4,1,0.106313
4560,1987-06-13,6,5,0,0.106286
4561,1987-06-20,4,7,0,0.106259
4562,1987-06-27,6,1,0,0.106233
4563,1987-07-04,8,7,0,0.106206
4564,1987-07-11,8,2,0,0.106179
4565,1987-07-18,5,6,0,0.106152
4566,1987-07-25,8,5,0,0.106126
4567,1987-08-01,9,7,0,0.106099
4568,1987-08-08,3,4,0,0.106072
4569,1987-08-15,8,9,0,0.106045
4570,1987-08-22,8,3,0,0.106019
4571,1987-08-29,7,6,0,0.105992
4572,1987-09-05,1,4,0,0.105965
4573,1987-09-12,2,7,0,0.105939
4574,1987-09-19,7,8,0,0.105912
4575,1987-09-26,1,8,0,0.105885
4576,1987-10-03,4,7,0,0.105859
4577,1987-10-10,2,5,0,0.105832
4578,1987-10-17,5,3,0,0.105805
4579,1987-10-24,9,7,0,0.105779
4580,1987-10-31,7,6,0,0.105752
4581,1987-11-07,5,3,0,0.105726
4582,1987-11-14,3,6,0,0.105699
4583,1987-11-21,3,5,0,0.105673
4584,1987-11-28,5,8,0,0.105646
4585,1987-12-05,9,3,0,0.10562
4586,1987-12-12,5,6,0,0.105593
4587,1987-12-19,7,2,0,0.105567
4588,1987-12-26,7,5,0,0.10554
4589,1988-01-02,8,1,0,0.105514
4590,1988-01-09,1,3,0,0.105487
4591,1988-01-16,6,9,0,0.105461
4592,1988-01-23,7,7,1,0.105685
4593,1988-01-30,4,6,0,0.105658
4594,1988-02-06,4,3,0,0.105632
4595,1988-02-13,6,6,1,0.105856
4596,1988-02-20,9,7,0,0.105829
4597,1988-02-27,6,6,1,0.106053
4598,1988-03-05,1,3,0,0.106027
4599,1988-03-12,7,4,0,0.106
4600,1988-03-19,6,8,0,0.105974
4601,1988-03-26,5,5,1,0.106197
4602,1988-04-02,1,4,0,0.10617
4603,1988-04-09,3,4,0,0.106144
4604,1988-04-16,2,3,0,0.106117
4605,1988-04-23,6,3,0,0.106091
4606,1988-04-30,8,1,0,0.106064
4607,1988-05-07,9,2,0,0.106038
4608,1988-05-14,4,4,1,0.106261
4609,1988-05-21,7,9,0,0.106234
4610,1988-05-28,2,3,0,0.106208
4611,1988-06-04,4,7,0,0.106181
4612,1988-06-11,5,5,1,0.106404
4613,1988-06-18,5,6,0,0.106378
4614,1988-06-25,3,4,0,0.106351
4615,1988-07-02,1,5,0,0.106325
4616,1988-07-09,1,6,0,0.106298
4617,1988-07-16,7,8,0,0.106272
4618,1988-07-23,4,8,0,0.106245
4619,1988-07-30,6,4,0,0.106219
4620,1988-08-06,1,7,0,0.106192
4621,1988-08-13,6,4,0,0.106166
4622,1988-08-20,6,7,0,0.10614
4623,1988-08-27,1,1,1,0.106362
4624,1988-09-03,4,4,1,0.106584
4625,1988-09-10,4,5,0,0.106557
4626,1988-09-17,6,6,1,0.106779
4627,1988-09-24,9,7,0,0.106753
4628,1988-10-01,3,6,0,0.106726
4629,1988-10-08,9,9,1,0.106948
4630,1988-10-15,8,9,0,0.106921
4631,1988-10-22,4,8,0,0.106895
4632,1988-10-29,7,7,1,0.107116
4633,1988-11-05,8,3,0,0.10709
4634,1988-11-12,3,3,1,0.107311
4635,1988-11-19,8,6,0,0.107284
4636,1988-11-26,5,3,0,0.107258
4637,1988-12-03,4,5,0,0.107231
4638,1988-12-10,2,1,0,0.107205
4639,1988-12-17,4,3,0,0.107178
4640,1988-12-24,5,5,1,0.107399
4641,1988-12-31,9,6,0,0.107373
4642,1989-01-07,8,6,0,0.107346
4643,1989-01-14,4,8,0,0.107319
4644,1989-01-21,3,7,0,0.107293
4645,1989-01-28,1,4,0,0.107266
4646,1989-02-04,5,6,0,0.10724
4647,1989-02-11,2,9,0,0.107213
4648,1989-02-18,2,5,0,0.107187
4649,1989-02-25,8,9,0,0.10716
4650,1989-03-04,1,6,0,0.107134
4651,1989-03-11,7,9,0,0.107108
4652,1989-03-18,7,4,0,0.107081
4653,1989-03-25,4,1,0,0.107055
4654,1989-04-01,3,4,0,0.107028
4655,1989-04-08,5,4,0,0.107002
4656,1989-04-15,4,3,0,0.106976
4657,1989-04-22,2,1,0,0.106949
4658,1989-04-29,2,3,0,0.106923
4659,1989-05-06,8,9,0,0.106897
4660,1989-05-13,4,6,0,0.10687
4661,1989-05-20,4,7,0,0.106844
4662,1989-05-27,6,6,1,0.107064
4663,1989-06-03,7,7,1,0.107283
4664,1989-06-10,8,6,0,0.107257
4665,1989-06-17,1,3,0,0.107231
4666,1989-06-24,2,9,0,0.107204
4667,1989-07-01,5,8,0,0.107178
4668,1989-07-08,9,7,0,0.107152
4669,1989-07-15,3,6,0,0.107125
4670,1989-07-22,8,9,0,0.107099
4671,1989-07-29,7,3,0,0.107073
4672,1989-08-05,8,4,0,0.107046
4673,1989-08-12,6,3,0,0.10702
4674,1989-08-19,4,6,0,0.106994
4675,1989-08-26,6,1,0,0.106968
4676,1989-09-02,4,7,0,0.106941
4677,1989-09-09,5,1,0,0.106915
4678,1989-09-16,1,6,0,0.106889
4679,1989-09-23,3,4,0,0.106863
4680,1989-09-30,8,3,0,0.106837
4681,1989-10-07,5,3,0,0.10681
4682,1989-10-14,3,5,0,0.106784
4683,1989-10-21,2,5,0,0.106758
4684,1989-10-28,8,6,0,0.106732
4685,1989-11-04,1,6,0,0.106706
4686,1989-11-11,8,2,0,0.10668
4687,1989-11-18,3,7,0,0.106654
4688,1989-11-25,1,6,0,0.106628
4689,1989-12-02,6,6,1,0.106846
4690,1989-12-09,9,7,0,0.10682
4691,1989-12-16,8,6,0,0.106794
4692,1989-12-23,9,8,0,0.106768
4693,1989-12-30,9,4,0,0.106742
4694,1990-01-06,6,1,0,0.106716
4695,1990-01-13,2,3,0,0.106689
4696,1990-01-20,6,8,0,0.106663
4697,1990-01-27,6,1,0,0.106637
4698,1990-02-03,5,1,0,0.106611
4699,1990-02-10,3,4,0,0.106585
4700,1990-02-17,5,5,1,0.106803
4701,1990-02-24,2,3,0,0.106777
4702,1990-03-03,2,5,0,0.106751
4703,1990-03-10,5,9,0,0.106725
4704,1990-03-17,3,7,0,0.106699
4705,1990-03-24,2,5,0,0.106673
4706,1990-03-31,8,6,0,0.106647
4707,1990-04-07,5,6,0,0.106621
4708,1990-04-14,8,5,0,0.106595
4709,1990-04-21,8,7,0,0.106569
4710,1990-04-28,5,6,0,0.106543
4711,1990-05-05,1,5,0,0.106518
4712,1990-05-12,9,4,0,0.106492
4713,1990-05-19,3,6,0,0.106466
4714,1990-05-26,7,9,0,0.10644
4715,1990-06-02,7,1,0,0.106414
4716,1990-06-09,7,1,0,0.106388
4717,1990-06-16,4,1,0,0.106362
4718,1990-06-23,1,3,0,0.106336
4719,1990-06-30,6,9,0,0.106311
4720,1990-07-07,8,7,0,0.106285
4721,1990-07-14,3,2,0,0.106259
4722,1990-07-21,8,6,0,0.106233
4723,1990-07-28,2,3,0,0.106208
4724,1990-08-04,5,1,0,0.106182
4725,1990-08-11,6,7,0,0.106156
4726,1990-08-18,1,8,0,0.10613
4727,1990-08-25,9,4,0,0.106105
4728,1990-09-01,9,6,0,0.106079
4729,1990-09-08,3,1,0,0.106053
4730,1990-09-15,3,9,0,0.106028
4731,1990-09-22,7,8,0,0.106002
4732,1990-09-29,4,1,0,0.105976
4733,1990-10-06,3,3,1,0.106193
4734,1990-10-13,8,4,0,0.106167
4735,1990-10-20,1,3,0,0.106141
4736,1990-10-27,7,2,0,0.106116
4737,1990-11-03,3,4,0,0.10609
4738,1990-11-10,5,2,0,0.106064
4739,1990-11-17,5,3,0,0.106039
4740,1990-11-24,3,3,1,0.106255
4741,1990-12-01,8,5,0,0.106229
4742,1990-12-08,3,3,1,0.106445
4743,1990-12-15,8,6,0,0.106419
4744,1990-12-22,4,3,0,0.106393
4745,1990-12-29,3,7,0,0.106368
4746,1991-01-05,9,4,0,0.106342
4747,1991-01-12,2,9,0,0.106316
4748,1991-01-19,3,5,0,0.106291
4749,1991-01-26,1,1,1,0.106506
4750,1991-02-02,5,6,0,0.10648
4751,1991-02-09,8,9,0,0.106455
4752,1991-02-16,7,8,0,0.106429
4753,1991-02-23,5,4,0,0.106403
4754,1991-03-02,6,6,1,0.106619
4755,1991-03-09,9,8,0,0.106593
4756,1991-03-16,2,6,0,0.106567
4757,1991-03-23,9,5,0,0.106542
4758,1991-03-30,8,7,0,0.106516
4759,1991-04-06,7,8,0,0.10649
4760,1991-04-13,4,4,1,0.106705
4761,1991-04-20,7,3,0,0.106679
4762,1991-04-27,9,3,0,0.106654
4763,1991-05-04,2,6,0,0.106628
4764,1991-05-11,6,5,0,0.106603
4765,1991-05-18,8,1,0,0.106577
4766,1991-05-25,6,2,0,0.106551
4767,1991-06-01,2,6,0,0.106526
4768,1991-06-08,3,8,0,0.1065
4769,1991-06-15,5,1,0,0.106475
4770,1991-06-22,6,3,0,0.106449
4771,1991-06-29,1,9,0,0.106424
4772,1991-07-06,7,4,0,0.106398
4773,1991-07-13,9,4,0,0.106373
4774,1991-07-20,8,6,0,0.106347
4775,1991-07-27,6,8,0,0.106322
4776,1991-08-03,9,6,0,0.106296
4777,1991-08-10,6,6,1,0.10651
4778,1991-08-17,3,3,1,0.106724
4779,1991-08-24,2,4,0,0.106699
4780,1991-08-31,1,6,0,0.106673
4781,1991-09-07,8,3,0,0.106648
4782,1991-09-14,5,7,0,0.106622
4783,1991-09-21,8,5,0,0.106597
4784,1991-09-28,6,7,0,0.106571
4785,1991-10-05,8,6,0,0.106546
4786,1991-10-12,6,2,0,0.10652
4787,1991-10-19,7,6,0,0.106495
4788,1991-10-26,1,6,0,0.106469
4789,1991-11-02,2,7,0,0.106444
4790,1991-11-09,5,8,0,0.106419
4791,1991-11-16,2,7,0,0.106393
4792,1991-11-23,7,5,0,0.106368
4793,1991-11-30,8,8,1,0.106581
4794,1991-12-07,5,3,0,0.106555
4795,1991-12-14,2,5,0,0.10653
4796,1991-12-21,5,5,1,0.106743
4797,1991-12-28,3,7,0,0.106717
4798,1992-01-04,4,5,0,0.106692
4799,1992-01-11,7,8,0,0.106667
4800,1992-01-18,3,3,1,0.106879
4801,1992-01-25,4,5,0,0.106854
4802,1992-02-01,2,8,0,0.106828
4803,1992-02-08,8,3,0,0.106803
4804,1992-02-15,3,6,0,0.106778
4805,1992-02-22,9,6,0,0.106752
4806,1992-02-29,9,9,1,0.106965
4807,1992-03-08,6,1,0,0.106939
4808,1992-03-14,3,3,1,0.107151
4809,1992-03-21,6,4,0,0.107126
4810,1992-03-28,5,2,0,0.1071
4811,1992-04-04,5,4,0,0.107075
4812,1992-04-11,9,3,0,0.10705
4813,1992-04-18,5,6,0,0.107024
4814,1992-04-25,4,2,0,0.106999
4815,1992-05-02,4,1,0,0.106973
4816,1992-05-09,5,6,0,0.106948
4817,1992-05-16,2,6,0,0.106923
4818,1992-05-23,4,5,0,0.106897
4819,1992-05-30,4,5,0,0.106872
4820,1992-06-06,1,6,0,0.106847
4821,1992-06-13,2,6,0,0.106821
4822,1992-06-20,8,8,1,0.107033
4823,1992-06-27,7,6,0,0.107008
4824,1992-07-04,4,4,1,0.107219
4825,1992-07-11,4,3,0,0.107194
4826,1992-07-18,7,6,0,0.107168
4827,1992-07-25,8,3,0,0.107143
4828,1992-08-01,1,3,0,0.107118
4829,1992-08-08,7,2,0,0.107092
4830,1992-08-15,3,4,0,0.107067
4831,1992-08-22,9,5,0,0.107042
4832,1992-08-29,5,9,0,0.107016
4833,1992-09-05,4,2,0,0.106991
4834,1992-09-12,3,1,0,0.106966
4835,1992-09-19,4,4,1,0.107177
4836,1992-09-26,8,8,1,0.107387
4837,1992-10-03,1,9,0,0.107362
4838,1992-10-10,8,7,0,0.107337
4839,1992-10-17,6,7,0,0.107311
4840,1992-10-24,1,6,0,0.107286
4841,1992-10-31,3,4,0,0.107261
4842,1992-11-07,7,3,0,0.107235
4843,1992-11-14,3,1,0,0.10721
4844,1992-11-21,6,5,0,0.107185
4845,1992-11-28,6,2,0,0.10716
4846,1992-12-05,1,1,1,0.10737
4847,1992-12-12,7,4,0,0.107345
4848,1992-12-19,8,4,0,0.107319
4849,1992-12-26,3,3,1,0.107529
4850,1993-01-02,4,6,0,0.107504
4851,1993-01-09,6,8,0,0.107479
4852,1993-01-16,1,7,0,0.107454
4853,1993-01-23,6,4,0,0.107428
4854,1993-01-30,1,7,0,0.107403
4855,1993-02-06,2,4,0,0.107378
4856,1993-02-13,2,8,0,0.107353
4857,1993-02-20,3,9,0,0.107327
4858,1993-02-27,2,1,0,0.107302
4859,1993-03-06,7,1,0,0.107277
4860,1993-03-13,5,8,0,0.107252
4861,1993-03-20,8,6,0,0.107227
4862,1993-03-27,8,7,0,0.107202
4863,1993-04-03,2,6,0,0.107176
4864,1993-04-10,6,1,0,0.107151
4865,1993-04-17,2,1,0,0.107126
4866,1993-04-24,6,8,0,0.107101
4867,1993-05-03,6,1,0,0.107076
4868,1993-05-08,9,1,0,0.107051
4869,1993-05-15,8,6,0,0.107026
4870,1993-05-22,5,8,0,0.107001
4871,1993-05-29,9,5,0,0.106976
4872,1993-06-05,1,6,0,0.106951
4873,1993-06-12,2,6,0,0.106926
4874,1993-06-19,2,8,0,0.106901
4875,1993-06-26,6,9,0,0.106876
4876,1993-07-03,3,1,0,0.106851
4877,1993-07-10,5,4,0,0.106826
4878,1993-07-17,3,3,1,0.107034
4879,1993-07-24,8,5,0,0.107009
4880,1993-07-31,8,3,0,0.106984
4881,1993-08-07,8,6,0,0.106959
4882,1993-08-14,3,6,0,0.106934
4883,1993-08-21,4,6,0,0.106909
4884,1993-08-28,8,8,1,0.107118
4885,1993-09-04,9,9,1,0.107326
4886,1993-09-11,1,4,0,0.107301
4887,1993-09-18,9,6,0,0.107276
4888,1993-09-25,2,6,0,0.107251
4889,1993-10-02,8,6,0,0.107226
4890,1993-10-09,4,6,0,0.107201
4891,1993-10-16,1,7,0,0.107176
4892,1993-10-23,5,2,0,0.107151
4893,1993-10-30,7,9,0,0.107126
4894,1993-11-06,1,7,0,0.107101
4895,1993-11-13,4,7,0,0.107076
4896,1993-11-20,5,5,1,0.107284
4897,1993-11-27,9,6,0,0.107259
4898,1993-12-04,9,6,0,0.107234
4899,1993-12-11,7,1,0,0.107209
4900,1993-12-18,7,3,0,0.107184
4901,1993-12-27,6,1,0,0.107159
4902,1994-01-03,8,5,0,0.107135
4903,1994-01-08,2,2,1,0.107342
4904,1994-01-15,1,6,0,0.107317
4905,1994-01-22,2,3,0,0.107292
4906,1994-01-29,8,8,1,0.107499
4907,1994-02-05,7,4,0,0.107474
4908,1994-02-12,6,4,0,0.10745
4909,1994-02-19,4,5,0,0.107425
4910,1994-02-26,5,1,0,0.1074
4911,1994-03-05,7,9,0,0.107375
4912,1994-03-12,4,7,0,0.10735
4913,1994-03-19,7,3,0,0.107325
4914,1994-03-26,5,3,0,0.1073
4915,1994-04-02,7,6,0,0.107275
4916,1994-04-09,3,7,0,0.10725
4917,1994-04-16,1,5,0,0.107226
4918,1994-04-23,9,6,0,0.107201
4919,1994-04-30,4,6,0,0.107176
4920,1994-05-07,1,9,0,0.107151
4921,1994-05-14,4,5,0,0.107126
4922,1994-05-21,8,5,0,0.107102
4923,1994-05-28,7,9,0,0.107077
4924,1994-06-04,8,4,0,0.107052
4925,1994-06-11,2,3,0,0.107027
4926,1994-06-18,3,1,0,0.107003
4927,1994-06-25,9,1,0,0.106978
4928,1994-07-02,1,9,0,0.106953
4929,1994-07-09,7,6,0,0.106928
4930,1994-07-16,1,8,0,0.106904
4931,1994-07-23,9,7,0,0.106879
4932,1994-07-30,7,6,0,0.106854
4933,1994-08-06,7,3,0,0.10683
4934,1994-08-13,9,1,0,0.106805
4935,1994-08-20,3,6,0,0.10678
4936,1994-08-27,1,9,0,0.106756
4937,1994-09-03,5,6,0,0.106731
4938,1994-09-10,7,9,0,0.106707
4939,1994-09-17,3,7,0,0.106682
4940,1994-09-24,9,5,0,0.106657
4941,1994-10-01,7,9,0,0.106633
4942,1994-10-08,8,3,0,0.106608
4943,1994-10-15,8,3,0,0.106584
4944,1994-10-22,9,6,0,0.106559
4945,1994-10-29,8,4,0,0.106535
4946,1994-11-05,8,8,1,0.10674
4947,1994-11-12,7,6,0,0.106716
4948,1994-11-19,1,4,0,0.106691
4949,1994-11-26,8,7,0,0.106667
4950,1994-12-03,9,7,0,0.106642
4951,1994-12-10,1,4,0,0.106618
4952,1994-12-17,7,6,0,0.106593
4953,1994-12-24,1,8,0,0.106569
4954,1994-12-31,1,7,0,0.106544
4955,1995-01-07,9,8,0,0.10652
4956,1995-01-14,5,6,0,0.106495
4957,1995-01-21,7,2,0,0.106471
4958,1995-01-28,9,7,0,0.106446
4959,1995-02-04,4,6,0,0.106422
4960,1995-02-11,8,9,0,0.106398
4961,1995-02-18,5,9,0,0.106373
4962,1995-02-25,5,5,1,0.106578
4963,1995-03-04,4,3,0,0.106554
4964,1995-03-11,6,1,0,0.106529
4965,1995-03-18,1,7,0,0.106505
4966,1995-03-25,4,4,1,0.106709
4967,1995-04-01,8,5,0,0.106685
4968,1995-04-08,5,9,0,0.106661
4969,1995-04-15,8,5,0,0.106636
4970,1995-04-22,2,8,0,0.106612
4971,1995-04-29,8,1,0,0.106587
4972,1995-05-06,9,7,0,0.106563
4973,1995-05-13,5,4,0,0.106539
4974,1995-05-20,5,2,0,0.106514
4975,1995-05-27,7,3,0,0.10649
4976,1995-06-03,6,7,0,0.106466
4977,1995-06-10,3,5,0,0.106441
4978,1995-06-17,1,4,0,0.106417
4979,1995-06-24,8,6,0,0.106393
4980,1995-07-01,7,7,1,0.106597
4981,1995-07-08,1,4,0,0.106572
4982,1995-07-15,1,7,0,0.106548
4983,1995-07-22,7,8,0,0.106524
4984,1995-07-29,9,8,0,0.106499
4985,1995-08-05,1,6,0,0.106475
4986,1995-08-12,4,6,0,0.106451
4987,1995-08-19,6,5,0,0.106427
4988,1995-08-26,8,7,0,0.106402
4989,1995-09-02,9,2,0,0.106378
4990,1995-09-09,3,4,0,0.106354
4991,1995-09-16,6,9,0,0.10633
4992,1995-09-23,4,2,0,0.106305
4993,1995-09-30,7,1,0,0.106281
4994,1995-10-07,5,3,0,0.106257
4995,1995-10-14,6,6,1,0.10646
4996,1995-10-21,1,9,0,0.106436
4997,1995-10-28,5,4,0,0.106412
4998,1995-11-04,5,9,0,0.106388
4999,1995-11-11,1,3,0,0.106364
5000,1995-11-18,8,4,0,0.106339
5001,1995-11-25,5,7,0,0.106315
5002,1995-12-02,3,5,0,0.106291
5003,1995-12-09,6,5,0,0.106267
5004,1995-12-16,4,4,1,0.10647
5005,1995-12-23,4,1,0,0.106446
5006,1995-12-30,1,6,0,0.106422
5007,1996-01-08,4,5,0,0.106397
5008,1996-01-13,8,5,0,0.106373
5009,1996-01-20,6,9,0,0.106349
5010,1996-01-27,8,6,0,0.106325
5011,1996-02-03,4,2,0,0.106301
5012,1996-02-10,8,7,0,0.106277
5013,1996-02-17,7,9,0,0.106253
5014,1996-02-24,9,4,0,0.106229
5015,1996-03-02,2,1,0,0.106205
5016,1996-03-09,2,6,0,0.106181
5017,1996-03-16,8,9,0,0.106157
5018,1996-03-23,4,7,0,0.106133
5019,1996-03-30,3,7,0,0.106109
5020,1996-04-06,8,4,0,0.106085
5021,1996-04-13,8,3,0,0.106061
5022,1996-04-20,3,6,0,0.106037
5023,1996-04-27,7,6,0,0.106013
5024,1996-05-04,6,1,0,0.105989
5025,1996-05-11,8,5,0,0.105965
5026,1996-05-18,9,2,0,0.105941
5027,1996-05-25,6,4,0,0.105917
5028,1996-06-01,5,3,0,0.105893
5029,1996-06-08,6,4,0,0.105869
5030,1996-06-15,7,9,0,0.105845
5031,1996-06-22,6,6,1,0.106047
5032,1996-06-29,2,5,0,0.106023
5033,1996-07-06,3,8,0,0.105999
5034,1996-07-13,4,1,0,0.105975
5035,1996-07-20,6,8,0,0.105951
5036,1996-07-27,4,7,0,0.105927
5037,1996-08-03,7,1,0,0.105904
5038,1996-08-10,4,3,0,0.10588
5039,1996-08-17,4,3,0,0.105856
5040,1996-08-24,5,6,0,0.105832
5041,1996-08-30,7,9,0,0.105808
5042,1996-09-07,6,7,0,0.105784
5043,1996-09-14,6,5,0,0.105761
5044,1996-09-21,6,1,0,0.105737
5045,1996-09-28,6,1,0,0.105713
5046,1996-10-05,9,1,0,0.105689
5047,1996-10-12,6,6,1,0.10589
5048,1996-10-19,7,3,0,0.105866
5049,1996-10-26,2,6,0,0.105843
5050,1996-11-02,1,7,0,0.105819
5051,1996-11-09,3,3,1,0.10602
5052,1996-11-16,5,3,0,0.105996
5053,1996-11-23,7,3,0,0.105972
5054,1996-11-30,1,7,0,0.105948
5055,1996-12-07,9,7,0,0.105925
5056,1996-12-14,1,6,0,0.105901
5057,1996-12-21,8,4,0,0.105877
5058,1996-12-28,4,7,0,0.105853
5059,1997-01-04,9,7,0,0.10583
5060,1997-01-11,4,9,0,0.105806
5061,1997-01-18,6,9,0,0.105782
5062,1997-01-25,8,7,0,0.105758
5063,1997-02-01,5,2,0,0.105735
5064,1997-02-08,1,5,0,0.105711
5065,1997-02-15,4,4,1,0.105911
5066,1997-02-22,8,5,0,0.105888
5067,1997-03-01,1,9,0,0.105864
5068,1997-03-08,7,8,0,0.10584
5069,1997-03-12,5,8,0,0.105817
5070,1997-03-15,1,6,0,0.105793
5071,1997-03-19,7,4,0,0.105769
5072,1997-03-22,9,8,0,0.105746
5073,1997-03-26,7,1,0,0.105722
5074,1997-03-29,3,3,1,0.105922
5075,1997-04-02,2,5,0,0.105898
5076,1997-04-05,6,1,0,0.105874
5077,1997-04-09,7,1,0,0.105851
5078,1997-04-12,9,6,0,0.105827
5079,1997-04-16,6,1,0,0.105804
5080,1997-04-19,6,3,0,0.10578
5081,1997-04-23,3,1,0,0.105756
5082,1997-04-26,5,4,0,0.105733
5083,1997-04-30,6,3,0,0.105709
5084,1997-05-03,3,7,0,0.105686
5085,1997-05-07,2,4,0,0.105662
5086,1997-05-10,7,6,0,0.105639
5087,1997-05-14,1,8,0,0.105615
5088,1997-05-17,4,7,0,0.105591
5089,1997-05-21,3,5,0,0.105568
5090,1997-05-24,1,4,0,0.105544
5091,1997-05-28,8,6,0,0.105521
5092,1997-05-31,8,7,0,0.105497
5093,1997-06-04,8,6,0,0.105474
5094,1997-06-07,8,6,0,0.105451
5095,1997-06-11,9,6,0,0.105427
5096,1997-06-14,5,4,0,0.105404
5097,1997-06-18,5,2,0,0.10538
5098,1997-06-21,4,3,0,0.105357
5099,1997-06-25,5,1,0,0.105333
5100,1997-06-28,5,9,0,0.10531
5101,1997-07-02,1,4,0,0.105287
5102,1997-07-05,1,4,0,0.105263
5103,1997-07-09,4,8,0,0.10524
5104,1997-07-12,9,5,0,0.105216
5105,1997-07-16,9,9,1,0.105415
5106,1997-07-19,3,1,0,0.105392
5107,1997-07-23,9,9,1,0.10559
5108,1997-07-26,2,9,0,0.105567
5109,1997-07-30,3,6,0,0.105543
5110,1997-08-02,4,1,0,0.10552
5111,1997-08-06,7,8,0,0.105496
5112,1997-08-09,7,3,0,0.105473
5113,1997-08-13,5,1,0,0.10545
5114,1997-08-16,1,6,0,0.105426
5115,1997-08-20,8,4,0,0.105403
5116,1997-08-23,3,7,0,0.10538
5117,1997-08-27,9,7,0,0.105356
5118,1997-08-30,2,9,0,0.105333
5119,1997-09-03,7,6,0,0.10531
5120,1997-09-06,9,8,0,0.105286
5121,1997-09-10,4,6,0,0.105263
5122,1997-09-13,6,9,0,0.10524
5123,1997-09-17,1,7,0,0.105217
5124,1997-09-20,9,4,0,0.105193
5125,1997-09-24,7,6,0,0.10517
5126,1997-09-27,7,3,0,0.105147
5127,1997-10-01,4,1,0,0.105124
5128,1997-10-04,1,4,0,0.1051
5129,1997-10-08,2,4,0,0.105077
5130,1997-10-11,3,8,0,0.105054
5131,1997-10-15,2,1,0,0.105031
5132,1997-10-18,7,6,0,0.105008
5133,1997-10-22,4,8,0,0.104985
5134,1997-10-25,5,4,0,0.104961
5135,1997-10-29,3,9,0,0.104938
5136,1997-11-03,6,5,0,0.104915
5137,1997-11-05,7,4,0,0.104892
5138,1997-11-08,9,6,0,0.104869
5139,1997-11-12,4,6,0,0.104846
5140,1997-11-15,1,6,0,0.104823
5141,1997-11-19,4,2,0,0.1048
5142,1997-11-22,7,5,0,0.104777
5143,1997-11-26,9,3,0,0.104754
5144,1997-11-29,8,6,0,0.10473
5145,1997-12-03,6,8,0,0.104707
5146,1997-12-06,7,6,0,0.104684
5147,1997-12-10,1,6,0,0.104661
5148,1997-12-13,6,7,0,0.104638
5149,1997-12-17,6,7,0,0.104615
5150,1997-12-20,9,1,0,0.104592
5151,1997-12-24,2,6,0,0.104569
5152,1997-12-27,1,6,0,0.104546
5153,1997-12-31,9,3,0,0.104523
5154,1998-01-03,3,7,0,0.104501
5155,1998-01-07,1,9,0,0.104478
5156,1998-01-10,4,6,0,0.104455
5157,1998-01-14,6,5,0,0.104432
5158,1998-01-17,8,7,0,0.104409
5159,1998-01-21,4,2,0,0.104386
5160,1998-01-24,4,7,0,0.104363
5161,1998-01-27,2,6,0,0.10434
5162,1998-01-31,2,3,0,0.104317
5163,1998-02-04,7,8,0,0.104294
5164,1998-02-07,5,8,0,0.104272
5165,1998-02-11,1,6,0,0.104249
5166,1998-02-14,1,4,0,0.104226
5167,1998-02-18,3,8,0,0.104203
5168,1998-02-21,6,3,0,0.10418
5169,1998-02-25,7,4,0,0.104158
5170,1998-02-28,3,6,0,0.104135
5171,1998-03-04,7,2,0,0.104112
5172,1998-03-07,4,1,0,0.104089
5173,1998-03-11,3,4,0,0.104066
5174,1998-03-14,6,4,0,0.104044
5175,1998-03-18,6,4,0,0.104021
5176,1998-03-21,7,1,0,0.103998
5177,1998-03-25,7,6,0,0.103976
5178,1998-03-28,8,1,0,0.103953
5179,1998-04-01,1,3,0,0.10393
5180,1998-04-04,1,7,0,0.103907
5181,1998-04-08,8,8,1,0.104103
5182,1998-04-11,8,7,0,0.10408
5183,1998-04-15,6,6,1,0.104276
5184,1998-04-18,9,6,0,0.104253
5185,1998-04-22,5,6,0,0.10423
5186,1998-04-27,3,5,0,0.104208
5187,1998-04-29,4,6,0,0.104185
5188,1998-05-02,8,8,1,0.10438
5189,1998-05-06,9,9,1,0.104575
5190,1998-05-09,8,4,0,0.104552
5191,1998-05-13,5,8,0,0.10453
5192,1998-05-16,5,5,1,0.104725
5193,1998-05-20,1,4,0,0.104702
5194,1998-05-23,7,4,0,0.104679
5195,1998-05-27,9,8,0,0.104656
5196,1998-05-30,1,6,0,0.104633
5197,1998-06-03,9,4,0,0.104611
5198,1998-06-06,1,7,0,0.104588
5199,1998-06-10,7,4,0,0.104565
5200,1998-06-13,2,9,0,0.104542
5201,1998-06-17,5,7,0,0.10452
5202,1998-06-20,6,7,0,0.104497
5203,1998-06-24,5,7,0,0.104474
5204,1998-06-27,3,4,0,0.104452
5205,1998-07-01,6,6,1,0.104646
5206,1998-07-04,7,4,0,0.104623
5207,1998-07-08,8,6,0,0.104601
5208,1998-07-11,3,3,1,0.104795
5209,1998-07-15,6,7,0,0.104772
5210,1998-07-18,4,4,1,0.104966
5211,1998-07-22,6,1,0,0.104944
5212,1998-07-25,1,7,0,0.104921
5213,1998-07-29,2,4,0,0.104898
5214,1998-08-01,9,8,0,0.104875
5215,1998-08-05,1,7,0,0.104853
5216,1998-08-08,3,4,0,0.10483
5217,1998-08-12,7,3,0,0.104807
5218,1998-08-17,5,4,0,0.104785
5219,1998-08-19,1,6,0,0.104762
5220,1998-08-22,7,4,0,0.104739
5221,1998-08-26,1,9,0,0.104717
5222,1998-08-29,5,7,0,0.104694
5223,1998-09-02,2,9,0,0.104671
5224,1998-09-05,3,5,0,0.104649
5225,1998-09-09,8,1,0,0.104626
5226,1998-09-12,7,3,0,0.104603
5227,1998-09-16,1,4,0,0.104581
5228,1998-09-19,4,7,0,0.104558
5229,1998-09-23,9,5,0,0.104536
5230,1998-09-26,5,9,0,0.104513
5231,1998-09-30,7,5,0,0.104491
5232,1998-10-03,8,7,0,0.104468
5233,1998-10-07,8,3,0,0.104445
5234,1998-10-10,5,6,0,0.104423
5235,1998-10-14,1,5,0,0.1044
5236,1998-10-17,8,4,0,0.104378
5237,1998-10-21,4,7,0,0.104355
5238,1998-10-24,8,7,0,0.104333
5239,1998-10-28,7,9,0,0.10431
5240,1998-10-31,3,4,0,0.104288
5241,1998-11-04,9,2,0,0.104265
5242,1998-11-07,3,9,0,0.104243
5243,1998-11-11,6,9,0,0.10422
5244,1998-11-14,3,4,0,0.104198
5245,1998-11-18,8,4,0,0.104176
5246,1998-11-21,2,3,0,0.104153
5247,1998-11-25,9,1,0,0.104131
5248,1998-11-28,9,7,0,0.104108
5249,1998-12-02,3,3,1,0.104301
5250,1998-12-05,1,9,0,0.104279
5251,1998-12-09,1,6,0,0.104256
5252,1998-12-12,8,8,1,0.104449
5253,1998-12-16,2,7,0,0.104426
5254,1998-12-19,3,1,0,0.104404
5255,1998-12-23,4,1,0,0.104381
5256,1998-12-28,8,8,1,0.104574
5257,1998-12-30,9,9,1,0.104766
5258,1999-01-02,7,4,0,0.104744
5259,1999-01-07,7,3,0,0.104721
5260,1999-01-09,2,1,0,0.104699
5261,1999-01-13,7,7,1,0.104891
5262,1999-01-16,7,8,0,0.104868
5263,1999-01-20,1,1,1,0.10506
5264,1999-01-23,4,7,0,0.105038
5265,1999-01-27,1,5,0,0.105015
5266,1999-01-30,7,4,0,0.104993
5267,1999-02-03,9,9,1,0.105184
5268,1999-02-06,1,1,1,0.105376
5269,1999-02-10,7,4,0,0.105353
5270,1999-02-13,8,9,0,0.105331
5271,1999-02-17,9,3,0,0.105308
5272,1999-02-20,3,4,0,0.105286
5273,1999-02-24,1,9,0,0.105263
5274,1999-02-27,9,6,0,0.105241
5275,1999-03-03,1,7,0,0.105218
5276,1999-03-06,6,4,0,0.105196
5277,1999-03-10,8,7,0,0.105173
5278,1999-03-13,5,2,0,0.105151
5279,1999-03-17,5,5,1,0.105342
5280,1999-03-20,7,4,0,0.105319
5281,1999-03-24,5,7,0,0.105297
5282,1999-03-27,3,6,0,0.105274
5283,1999-03-31,1,6,0,0.105252
5284,1999-04-03,2,6,0,0.105229
5285,1999-04-07,6,8,0,0.105207
5286,1999-04-10,1,1,1,0.105398
5287,1999-04-14,9,4,0,0.105375
5288,1999-04-17,4,7,0,0.105353
5289,1999-04-21,4,6,0,0.10533
5290,1999-04-24,2,6,0,0.105308
5291,1999-04-28,1,3,0,0.105286
5292,1999-05-03,2,3,0,0.105263
5293,1999-05-05,5,8,0,0.105241
5294,1999-05-08,2,7,0,0.105218
5295,1999-05-12,7,5,0,0.105196
5296,1999-05-15,7,8,0,0.105174
5297,1999-05-19,6,1,0,0.105151
5298,1999-05-22,4,5,0,0.105129
5299,1999-05-26,9,1,0,0.105106
5300,1999-05-29,5,9,0,0.105084
5301,1999-06-02,1,5,0,0.105062
5302,1999-06-05,3,4,0,0.105039
5303,1999-06-09,9,3,0,0.105017
5304,1999-06-12,5,9,0,0.104995
5305,1999-06-16,9,5,0,0.104972
5306,1999-06-19,7,6,0,0.10495
5307,1999-06-23,3,3,1,0.10514
5308,1999-06-26,1,2,0,0.105118
5309,1999-06-30,7,6,0,0.105096
5310,1999-07-03,6,9,0,0.105073
5311,1999-07-07,4,5,0,0.105051
5312,1999-07-10,3,1,0,0.105029
5313,1999-07-14,1,4,0,0.105006
5314,1999-07-17,1,6,0,0.104984
5315,1999-07-21,3,8,0,0.104962
5316,1999-07-24,8,3,0,0.10494
5317,1999-07-28,6,3,0,0.104917
5318,1999-07-31,3,6,0,0.104895
5319,1999-08-04,9,4,0,0.104873
5320,1999-08-07,7,9,0,0.104851
5321,1999-08-11,4,3,0,0.104828
5322,1999-08-14,9,3,0,0.104806
5323,1999-08-18,7,9,0,0.104784
5324,1999-08-21,4,3,0,0.104762
5325,1999-08-25,4,3,0,0.10474
5326,1999-08-28,7,6,0,0.104718
5327,1999-09-01,2,3,0,0.104695
5328,1999-09-04,2,7,0,0.104673
5329,1999-09-08,7,8,0,0.104651
5330,1999-09-11,5,8,0,0.104629
5331,1999-09-15,8,6,0,0.104607
5332,1999-09-18,6,8,0,0.104585
5333,1999-09-22,8,6,0,0.104563
5334,1999-09-25,8,2,0,0.104541
5335,1999-09-29,1,6,0,0.104519
5336,1999-10-02,5,7,0,0.104497
5337,1999-10-06,3,9,0,0.104474
5338,1999-10-09,1,6,0,0.104452
5339,1999-10-13,2,6,0,0.10443
5340,1999-10-16,9,8,0,0.104408
5341,1999-10-20,2,7,0,0.104386
5342,1999-10-23,2,6,0,0.104364
5343,1999-10-27,7,8,0,0.104342
5344,1999-10-30,5,8,0,0.10432
5345,1999-11-03,5,6,0,0.104298
5346,1999-11-06,3,4,0,0.104276
5347,1999-11-10,6,6,1,0.104465
5348,1999-11-13,4,4,1,0.104654
5349,1999-11-17,8,1,0,0.104632
5350,1999-11-20,8,9,0,0.10461
5351,1999-11-24,5,6,0,0.104588
5352,1999-11-27,5,5,1,0.104776
5353,1999-12-01,6,3,0,0.104754
5354,1999-12-04,7,7,1,0.104942
5355,1999-12-09,1,6,0,0.10492
5356,1999-12-11,7,7,1,0.105108
5357,1999-12-15,7,9,0,0.105086
5358,1999-12-18,1,1,1,0.105274
5359,1999-12-22,1,7,0,0.105252
5360,1999-12-27,2,8,0,0.10523
5361,1999-12-29,8,8,1,0.105418
5362,2000-01-03,4,4,1,0.105606
5363,2000-01-05,6,7,0,0.105584
5364,2000-01-08,6,7,0,0.105561
5365,2000-01-12,9,1,0,0.105539
5366,2000-01-15,2,6,0,0.105517
5367,2000-01-19,8,6,0,0.105495
5368,2000-01-22,2,4,0,0.105473
5369,2000-01-26,5,1,0,0.105451
5370,2000-01-29,8,7,0,0.105429
5371,2000-02-02,8,8,1,0.105616
5372,2000-02-05,5,6,0,0.105594
5373,2000-02-09,3,5,0,0.105572
5374,2000-02-12,3,6,0,0.10555
5375,2000-02-16,1,8,0,0.105528
5376,2000-02-19,8,6,0,0.105506
5377,2000-02-23,7,7,1,0.105693
5378,2000-02-26,2,4,0,0.105671
5379,2000-03-01,2,7,0,0.105649
5380,2000-03-04,4,8,0,0.105626
5381,2000-03-08,9,5,0,0.105604
5382,2000-03-11,8,9,0,0.105582
5383,2000-03-15,5,8,0,0.10556
5384,2000-03-18,4,5,0,0.105538
5385,2000-03-22,5,1,0,0.105516
5386,2000-03-25,3,9,0,0.105494
5387,2000-03-29,2,6,0,0.105472
5388,2000-04-01,3,6,0,0.10545
5389,2000-04-05,2,1,0,0.105428
5390,2000-04-08,8,6,0,0.105406
5391,2000-04-12,2,4,0,0.105384
5392,2000-04-15,2,1,0,0.105362
5393,2000-04-19,5,8,0,0.10534
5394,2000-04-22,3,7,0,0.105318
5395,2000-04-26,5,6,0,0.105296
5396,2000-04-29,7,3,0,0.105274
5397,2000-05-03,4,5,0,0.105252
5398,2000-05-06,3,4,0,0.10523
5399,2000-05-10,6,1,0,0.105208
5400,2000-05-13,4,4,1,0.105395
5401,2000-05-17,8,1,0,0.105373
5402,2000-05-20,1,9,0,0.105351
5403,2000-05-24,5,7,0,0.105329
5404,2000-05-27,7,9,0,0.105307
5405,2000-05-31,7,5,0,0.105285
5406,2000-06-03,8,1,0,0.105263
5407,2000-06-07,8,3,0,0.105241
5408,2000-06-10,7,6,0,0.105219
5409,2000-06-14,9,4,0,0.105198
5410,2000-06-17,7,1,0,0.105176
5411,2000-06-21,6,3,0,0.105154
5412,2000-06-24,6,5,0,0.105132
5413,2000-06-28,8,1,0,0.10511
5414,2000-07-01,8,2,0,0.105088
5415,2000-07-05,8,6,0,0.105066
5416,2000-07-08,1,6,0,0.105045
5417,2000-07-12,4,7,0,0.105023
5418,2000-07-15,7,5,0,0.105001
5419,2000-07-19,5,3,0,0.104979
5420,2000-07-22,5,6,0,0.104957
5421,2000-07-26,2,3,0,0.104936
5422,2000-07-29,2,5,0,0.104914
5423,2000-08-02,5,8,0,0.104892
5424,2000-08-05,3,7,0,0.10487
5425,2000-08-09,9,6,0,0.104849
5426,2000-08-12,4,9,0,0.104827
5427,2000-08-16,7,6,0,0.104805
5428,2000-08-19,3,3,1,0.104991
5429,2000-08-23,2,2,1,0.105176
5430,2000-08-26,5,6,0,0.105154
5431,2000-08-30,8,7,0,0.105132
5432,2000-09-02,1,8,0,0.105111
5433,2000-09-06,6,7,0,0.105089
5434,2000-09-09,2,7,0,0.105067
5435,2000-09-13,7,8,0,0.105045
5436,2000-09-16,5,8,0,0.105024
5437,2000-09-20,2,6,0,0.105002
5438,2000-09-23,8,5,0,0.10498
5439,2000-09-27,5,4,0,0.104959
5440,2000-09-30,5,5,1,0.105144
5441,2000-10-04,1,3,0,0.105122
5442,2000-10-07,3,4,0,0.1051
5443,2000-10-11,9,3,0,0.105078
5444,2000-10-14,1,9,0,0.105057
5445,2000-10-18,6,6,1,0.105241
5446,2000-10-21,3,7,0,0.10522
5447,2000-10-25,2,4,0,0.105198
5448,2000-10-28,8,6,0,0.105176
5449,2000-11-02,5,4,0,0.105155
5450,2000-11-04,6,5,0,0.105133
5451,2000-11-08,7,7,1,0.105317
5452,2000-11-11,4,6,0,0.105296
5453,2000-11-15,6,3,0,0.105274
5454,2000-11-18,5,7,0,0.105252
5455,2000-11-22,1,4,0,0.105231
5456,2000-11-25,4,4,1,0.105415
5457,2000-11-29,8,5,0,0.105393
5458,2000-12-02,2,9,0,0.105371
5459,2000-12-06,9,1,0,0.10535
5460,2000-12-09,5,7,0,0.105328
5461,2000-12-13,8,5,0,0.105306
5462,2000-12-16,7,8,0,0.105285
5463,2000-12-20,6,4,0,0.105263
5464,2000-12-23,3,5,0,0.105242
5465,2000-12-27,5,4,0,0.10522
5466,2000-12-30,3,3,1,0.105404
5467,2001-01-03,7,6,0,0.105382
5468,2001-01-08,4,4,1,0.105566
5469,2001-01-10,3,3,1,0.105749
5470,2001-01-13,7,6,0,0.105728
5471,2001-01-17,3,4,0,0.105706
5472,2001-01-20,4,2,0,0.105684
5473,2001-01-24,1,8,0,0.105663
5474,2001-01-27,8,4,0,0.105641
5475,2001-01-31,5,7,0,0.105619
5476,2001-02-03,8,5,0,0.105598
5477,2001-02-07,1,8,0,0.105576
5478,2001-02-10,4,7,0,0.105554
5479,2001-02-14,8,5,0,0.105533
5480,2001-02-17,1,9,0,0.105511
5481,2001-02-21,1,7,0,0.10549
5482,2001-02-24,2,8,0,0.105468
5483,2001-02-28,9,8,0,0.105446
5484,2001-03-03,1,7,0,0.105425
5485,2001-03-07,8,6,0,0.105403
5486,2001-03-10,2,7,0,0.105382
5487,2001-03-14,5,1,0,0.10536
5488,2001-03-17,5,7,0,0.105339
5489,2001-03-21,1,3,0,0.105317
5490,2001-03-24,2,4,0,0.105295
5491,2001-03-28,2,8,0,0.105274
5492,2001-03-31,2,8,0,0.105252
5493,2001-04-04,5,8,0,0.105231
5494,2001-04-07,2,7,0,0.105209
5495,2001-04-11,7,5,0,0.105188
5496,2001-04-14,6,8,0,0.105166
5497,2001-04-18,4,5,0,0.105145
5498,2001-04-21,5,8,0,0.105123
5499,2001-04-26,3,9,0,0.105102
5500,2001-04-28,1,6,0,0.105081
5501,2001-05-02,5,6,0,0.105059
5502,2001-05-05,5,9,0,0.105038
5503,2001-05-09,1,1,1,0.10522
5504,2001-05-12,3,4,0,0.105199
5505,2001-05-16,8,3,0,0.105177
5506,2001-05-19,6,3,0,0.105156
5507,2001-05-23,8,8,1,0.105338
5508,2001-05-26,7,2,0,0.105317
5509,2001-05-30,5,4,0,0.105295
5510,2001-06-04,7,6,0,0.105274
5511,2001-06-06,6,7,0,0.105252
5512,2001-06-09,7,4,0,0.105231
5513,2001-06-13,8,6,0,0.10521
5514,2001-06-16,2,3,0,0.105188
5515,2001-06-20,4,1,0,0.105167
5516,2001-06-23,3,5,0,0.105145
5517,2001-06-27,7,6,0,0.105124
5518,2001-06-30,3,4,0,0.105103
5519,2001-07-04,7,2,0,0.105081
5520,2001-07-07,2,4,0,0.10506
5521,2001-07-11,4,7,0,0.105039
5522,2001-07-14,6,5,0,0.105017
5523,2001-07-18,2,7,0,0.104996
5524,2001-07-21,4,8,0,0.104975
5525,2001-07-25,2,5,0,0.104953
5526,2001-07-28,3,1,0,0.104932
5527,2001-08-01,4,1,0,0.104911
5528,2001-08-04,6,8,0,0.104889
5529,2001-08-08,4,7,0,0.104868
5530,2001-08-11,8,8,1,0.10505
5531,2001-08-16,4,9,0,0.105028
5532,2001-08-18,9,7,0,0.105007
5533,2001-08-22,8,9,0,0.104986
5534,2001-08-25,1,8,0,0.104965
5535,2001-08-29,6,7,0,0.104943
5536,2001-09-01,2,7,0,0.104922
5537,2001-09-05,3,8,0,0.104901
5538,2001-09-08,4,1,0,0.10488
5539,2001-09-12,7,8,0,0.104858
5540,2001-09-15,7,3,0,0.104837
5541,2001-09-19,9,1,0,0.104816
5542,2001-09-22,8,1,0,0.104795
5543,2001-09-26,4,8,0,0.104773
5544,2001-09-29,3,7,0,0.104752
5545,2001-10-03,3,6,0,0.104731
5546,2001-10-06,1,8,0,0.10471
5547,2001-10-10,5,5,1,0.104891
5548,2001-10-13,4,9,0,0.10487
5549,2001-10-17,3,1,0,0.104848
5550,2001-10-20,7,6,0,0.104827
5551,2001-10-24,2,4,0,0.104806
5552,2001-10-27,3,7,0,0.104785
5553,2001-10-31,9,1,0,0.104764
5554,2001-11-03,9,9,1,0.104945
5555,2001-11-07,3,3,1,0.105125
5556,2001-11-10,5,9,0,0.105104
5557,2001-11-14,5,3,0,0.105083
5558,2001-11-17,9,1,0,0.105062
5559,2001-11-21,7,6,0,0.10504
5560,2001-11-24,2,3,0,0.105019
5561,2001-11-28,4,7,0,0.104998
5562,2001-12-01,6,5,0,0.104977
5563,2001-12-05,2,7,0,0.104956
5564,2001-12-10,4,8,0,0.104935
5565,2001-12-12,6,5,0,0.104913
5566,2001-12-15,5,7,0,0.104892
5567,2001-12-19,3,1,0,0.104871
5568,2001-12-22,1,6,0,0.10485
5569,2001-12-27,6,5,0,0.104829
5570,2001-12-29,9,7,0,0.104808
5571,2001-12-31,8,6,0,0.104787
5572,2002-01-02,3,8,0,0.104766
5573,2002-01-05,6,6,1,0.104946
5574,2002-01-09,7,4,0,0.104925
5575,2002-01-12,2,6,0,0.104904
5576,2002-01-16,9,7,0,0.104882
5577,2002-01-19,9,7,0,0.104861
5578,2002-01-23,8,3,0,0.10484
5579,2002-01-26,3,8,0,0.104819
5580,2002-01-30,1,6,0,0.104798
5581,2002-02-02,3,5,0,0.104777
5582,2002-02-06,6,3,0,0.104756
5583,2002-02-09,4,4,1,0.104936
5584,2002-02-13,2,8,0,0.104915
5585,2002-02-16,4,3,0,0.104894
5586,2002-02-20,6,5,0,0.104873
5587,2002-02-23,7,7,1,0.105052
5588,2002-02-27,8,6,0,0.105031
5589,2002-03-02,2,3,0,0.10501
5590,2002-03-06,7,1,0,0.104989
5591,2002-03-09,4,8,0,0.104968
5592,2002-03-13,6,3,0,0.104947
5593,2002-03-16,3,7,0,0.104926
5594,2002-03-20,3,4,0,0.104905
5595,2002-03-23,6,1,0,0.104884
5596,2002-03-27,6,4,0,0.104863
5597,2002-03-30,9,1,0,0.104842
5598,2002-04-03,4,6,0,0.104821
5599,2002-04-06,7,6,0,0.1048
5600,2002-04-10,2,3,0,0.104779
5601,2002-04-13,9,7,0,0.104758
5602,2002-04-17,1,7,0,0.104737
5603,2002-04-20,2,6,0,0.104716
5604,2002-04-24,9,8,0,0.104695
5605,2002-04-27,2,7,0,0.104674
5606,2002-05-02,3,6,0,0.104653
5607,2002-05-04,1,1,1,0.104832
5608,2002-05-08,7,5,0,0.104811
5609,2002-05-11,5,9,0,0.10479
5610,2002-05-15,5,6,0,0.10477
5611,2002-05-18,1,1,1,0.104948
5612,2002-05-22,2,4,0,0.104927
5613,2002-05-25,9,8,0,0.104906
5614,2002-05-29,9,7,0,0.104885
5615,2002-06-01,3,3,1,0.105064
5616,2002-06-05,8,9,0,0.105043
5617,2002-06-08,8,3,0,0.105022
5618,2002-06-12,7,6,0,0.105001
5619,2002-06-15,8,4,0,0.10498
5620,2002-06-19,9,3,0,0.104959
5621,2002-06-22,8,4,0,0.104938
5622,2002-06-26,4,8,0,0.104917
5623,2002-06-29,7,7,1,0.105096
5624,2002-07-03,4,3,0,0.105075
5625,2002-07-06,4,3,0,0.105054
5626,2002-07-10,8,6,0,0.105033
5627,2002-07-13,3,9,0,0.105012
5628,2002-07-17,5,6,0,0.104991
5629,2002-07-20,7,3,0,0.10497
5630,2002-07-24,1,7,0,0.104949
5631,2002-07-27,1,7,0,0.104928
5632,2002-07-31,7,8,0,0.104908
5633,2002-08-03,6,9,0,0.104887
5634,2002-08-07,9,4,0,0.104866
5635,2002-08-10,7,6,0,0.104845
5636,2002-08-14,8,3,0,0.104824
5637,2002-08-17,8,3,0,0.104803
5638,2002-08-21,5,7,0,0.104783
5639,2002-08-24,6,5,0,0.104762
5640,2002-08-28,4,7,0,0.104741
5641,2002-08-31,5,8,0,0.10472
5642,2002-09-04,8,9,0,0.1047
5643,2002-09-07,5,8,0,0.104679
5644,2002-09-11,4,5,0,0.104658
5645,2002-09-14,3,1,0,0.104637
5646,2002-09-18,7,6,0,0.104617
5647,2002-09-21,2,4,0,0.104596
5648,2002-09-25,1,7,0,0.104575
5649,2002-09-28,4,3,0,0.104554
5650,2002-10-02,1,5,0,0.104534
5651,2002-10-05,2,4,0,0.104513
5652,2002-10-09,9,8,0,0.104492
5653,2002-10-12,9,9,1,0.10467
5654,2002-10-16,7,3,0,0.104649
5655,2002-10-19,6,3,0,0.104628
5656,2002-10-23,3,4,0,0.104607
5657,2002-10-26,4,4,1,0.104784
5658,2002-10-30,3,8,0,0.104764
5659,2002-11-02,2,6,0,0.104743
5660,2002-11-06,5,6,0,0.104722
5661,2002-11-09,4,7,0,0.104702
5662,2002-11-13,7,1,0,0.104681
5663,2002-11-16,9,3,0,0.10466
5664,2002-11-20,1,1,1,0.104837
5665,2002-11-23,2,6,0,0.104816
5666,2002-11-27,6,8,0,0.104796
5667,2002-11-30,7,1,0,0.104775
5668,2002-12-03,4,6,0,0.104754
5669,2002-12-05,4,3,0,0.104734
5670,2002-12-07,5,6,0,0.104713
5671,2002-12-10,2,9,0,0.104692
5672,2002-12-12,8,5,0,0.104672
5673,2002-12-14,5,4,0,0.104651
5674,2002-12-17,2,5,0,0.104631
5675,2002-12-19,9,5,0,0.10461
5676,2002-12-21,5,9,0,0.104589
5677,2002-12-24,2,5,0,0.104569
5678,2002-12-27,4,5,0,0.104548
5679,2002-12-28,6,5,0,0.104528
5680,2002-12-31,9,7,0,0.104507
5681,2003-01-02,4,6,0,0.104486
5682,2003-01-04,8,6,0,0.104466
5683,2003-01-08,2,9,0,0.104445
5684,2003-01-11,5,1,0,0.104425
5685,2003-01-15,8,7,0,0.104404
5686,2003-01-18,1,8,0,0.104384
5687,2003-01-22,7,6,0,0.104363
5688,2003-01-25,1,9,0,0.104343
5689,2003-01-29,1,7,0,0.104322
5690,2003-02-01,5,8,0,0.104302
5691,2003-02-05,6,9,0,0.104281
5692,2003-02-08,8,7,0,0.104261
5693,2003-02-12,7,2,0,0.10424
5694,2003-02-15,2,4,0,0.10422
5695,2003-02-19,2,7,0,0.104199
5696,2003-02-22,2,8,0,0.104179
5697,2003-02-26,2,8,0,0.104158
5698,2003-03-01,2,8,0,0.104138
5699,2003-03-05,7,8,0,0.104118
5700,2003-03-08,9,8,0,0.104097
5701,2003-03-12,2,1,0,0.104077
5702,2003-03-15,1,3,0,0.104056
5703,2003-03-19,6,3,0,0.104036
5704,2003-03-22,3,7,0,0.104016
5705,2003-03-26,6,4,0,0.103995
5706,2003-03-29,5,4,0,0.103975
5707,2003-04-02,1,1,1,0.10415
5708,2003-04-05,3,4,0,0.10413
5709,2003-04-09,6,3,0,0.10411
5710,2003-04-12,3,4,0,0.104089
5711,2003-04-16,9,4,0,0.104069
5712,2003-04-19,7,9,0,0.104049
5713,2003-04-23,5,3,0,0.104028
5714,2003-04-26,2,5,0,0.104008
5715,2003-04-30,8,5,0,0.103987
5716,2003-05-03,6,4,0,0.103967
5717,2003-05-07,4,8,0,0.103947
5718,2003-05-10,8,8,1,0.104122
5719,2003-05-14,8,9,0,0.104102
5720,2003-05-17,6,7,0,0.104081
5721,2003-05-21,9,8,0,0.104061
5722,2003-05-24,1,6,0,0.104041
5723,2003-05-28,7,6,0,0.10402
5724,2003-05-31,6,9,0,0.104
5725,2003-06-04,2,4,0,0.10398
5726,2003-06-07,5,8,0,0.103959
5727,2003-06-11,8,7,0,0.103939
5728,2003-06-14,5,1,0,0.103919
5729,2003-06-18,9,5,0,0.103899
5730,2003-06-21,8,6,0,0.103878
5731,2003-06-25,5,4,0,0.103858
5732,2003-06-28,6,5,0,0.103838
5733,2003-07-02,8,7,0,0.103818
5734,2003-07-05,6,2,0,0.103797
5735,2003-07-09,1,8,0,0.103777
5736,2003-07-12,9,4,0,0.103757
5737,2003-07-16,4,7,0,0.103737
5738,2003-07-19,1,6,0,0.103717
5739,2003-07-23,1,2,0,0.103696
5740,2003-07-26,2,8,0,0.103676
5741,2003-07-30,7,8,0,0.103656
5742,2003-08-02,8,8,1,0.10383
5743,2003-08-06,6,3,0,0.10381
5744,2003-08-09,2,8,0,0.10379
5745,2003-08-13,3,8,0,0.10377
5746,2003-08-16,2,1,0,0.10375
5747,2003-08-20,5,6,0,0.10373
5748,2003-08-23,8,7,0,0.103709
5749,2003-08-27,9,1,0,0.103689
5750,2003-08-30,9,4,0,0.103669
5751,2003-09-03,5,3,0,0.103649
5752,2003-09-06,6,2,0,0.103629
5753,2003-09-10,4,7,0,0.103609
5754,2003-09-13,2,8,0,0.103589
5755,2003-09-17,3,3,1,0.103763
5756,2003-09-20,3,1,0,0.103742
5757,2003-09-24,9,1,0,0.103722
5758,2003-09-27,4,9,0,0.103702
5759,2003-10-01,6,6,1,0.103876
5760,2003-10-04,3,7,0,0.103856
5761,2003-10-08,4,4,1,0.104029
5762,2003-10-11,5,8,0,0.104009
5763,2003-10-15,3,9,0,0.103989
5764,2003-10-18,6,6,1,0.104163
5765,2003-10-22,1,4,0,0.104142
5766,2003-10-25,8,4,0,0.104122
5767,2003-10-29,6,7,0,0.104102
5768,2003-11-03,9,8,0,0.104082
5769,2003-11-05,9,6,0,0.104062
5770,2003-11-08,7,3,0,0.104042
5771,2003-11-12,5,3,0,0.104022
5772,2003-11-15,2,5,0,0.104002
5773,2003-11-19,8,5,0,0.103981
5774,2003-11-22,2,4,0,0.103961
5775,2003-11-26,7,1,0,0.103941
5776,2003-11-29,1,8,0,0.103921
5777,2003-12-03,7,7,1,0.104094
5778,2003-12-06,6,9,0,0.104074
5779,2003-12-10,4,4,1,0.104247
5780,2003-12-13,2,8,0,0.104227
5781,2003-12-17,5,3,0,0.104207
5782,2003-12-20,8,7,0,0.104187
5783,2003-12-24,1,1,1,0.10436
5784,2003-12-27,7,7,1,0.104532
5785,2003-12-31,4,9,0,0.104512
5786,2004-01-03,8,4,0,0.104492
5787,2004-01-07,5,9,0,0.104472
5788,2004-01-10,9,5,0,0.104452
5789,2004-01-14,7,6,0,0.104432
5790,2004-01-17,6,3,0,0.104411
5791,2004-01-21,2,4,0,0.104391
5792,2004-01-24,3,3,1,0.104564
5793,2004-01-28,4,1,0,0.104544
5794,2004-01-31,7,8,0,0.104524
5795,2004-02-04,5,3,0,0.104503
5796,2004-02-07,9,5,0,0.104483
5797,2004-02-11,6,6,1,0.104656
5798,2004-02-14,9,3,0,0.104636
5799,2004-02-18,5,6,0,0.104615
5800,2004-02-21,2,2,1,0.104788
5801,2004-02-25,5,5,1,0.10496
5802,2004-02-28,8,7,0,0.104939
5803,2004-03-03,9,1,0,0.104919
5804,2004-03-06,8,4,0,0.104899
5805,2004-03-10,1,4,0,0.104879
5806,2004-03-13,5,7,0,0.104859
5807,2004-03-17,8,9,0,0.104839
5808,2004-03-20,3,1,0,0.104819
5809,2004-03-24,8,6,0,0.104798
5810,2004-03-27,2,3,0,0.104778
5811,2004-03-31,1,1,1,0.10495
5812,2004-04-03,5,3,0,0.10493
5813,2004-04-07,4,9,0,0.10491
5814,2004-04-10,9,1,0,0.10489
5815,2004-04-14,3,8,0,0.10487
5816,2004-04-17,9,9,1,0.105041
5817,2004-04-21,7,9,0,0.105021
5818,2004-04-24,7,3,0,0.105001
5819,2004-04-28,8,1,0,0.104981
5820,2004-05-03,4,3,0,0.104961
5821,2004-05-05,7,7,1,0.105132
5822,2004-05-08,2,3,0,0.105112
5823,2004-05-12,3,7,0,0.105092
5824,2004-05-15,7,1,0,0.105072
5825,2004-05-19,2,4,0,0.105052
5826,2004-05-22,5,7,0,0.105032
5827,2004-05-26,6,7,0,0.105011
5828,2004-05-29,9,7,0,0.104991
5829,2004-06-03,2,6,0,0.104971
5830,2004-06-05,8,3,0,0.104951
5831,2004-06-09,5,4,0,0.104931
5832,2004-06-12,1,5,0,0.104911
5833,2004-06-16,5,3,0,0.104891
5834,2004-06-19,2,9,0,0.104871
5835,2004-06-23,8,5,0,0.104851
5836,2004-06-26,9,4,0,0.104831
5837,2004-06-30,4,4,1,0.105002
5838,2004-07-03,2,6,0,0.104982
5839,2004-07-07,7,3,0,0.104962
5840,2004-07-10,9,8,0,0.104942
5841,2004-07-14,6,1,0,0.104922
5842,2004-07-17,8,3,0,0.104902
5843,2004-07-21,5,2,0,0.104882
5844,2004-07-24,7,5,0,0.104862
5845,2004-07-28,1,7,0,0.104842
5846,2004-07-31,4,7,0,0.104822
5847,2004-08-04,4,5,0,0.104802
5848,2004-08-07,3,6,0,0.104782
5849,2004-08-11,6,6,1,0.104952
5850,2004-08-14,3,4,0,0.104932
5851,2004-08-18,5,4,0,0.104912
5852,2004-08-21,3,3,1,0.105083
5853,2004-08-25,3,6,0,0.105063
5854,2004-08-28,2,1,0,0.105043
5855,2004-09-01,8,6,0,0.105023
5856,2004-09-04,3,4,0,0.105003
5857,2004-09-08,2,6,0,0.104983
5858,2004-09-11,8,8,1,0.105153
5859,2004-09-15,7,4,0,0.105133
5860,2004-09-18,9,4,0,0.105113
5861,2004-09-22,3,1,0,0.105093
5862,2004-09-25,7,9,0,0.105073
5863,2004-09-29,6,4,0,0.105053
5864,2004-10-02,9,4,0,0.105033
5865,2004-10-06,4,6,0,0.105013
5866,2004-10-09,9,6,0,0.104993
5867,2004-10-13,7,8,0,0.104973
5868,2004-10-16,3,3,1,0.105143
5869,2004-10-20,6,2,0,0.105123
5870,2004-10-23,4,4,1,0.105293
5871,2004-10-27,3,8,0,0.105273
5872,2004-10-30,3,6,0,0.105253
5873,2004-11-03,2,1,0,0.105233
5874,2004-11-06,1,8,0,0.105213
5875,2004-11-10,1,3,0,0.105193
5876,2004-11-13,1,8,0,0.105173
5877,2004-11-17,6,8,0,0.105153
5878,2004-11-20,7,7,1,0.105323
5879,2004-11-24,8,6,0,0.105303
5880,2004-11-27,8,3,0,0.105283
5881,2004-12-01,6,6,1,0.105452
5882,2004-12-04,2,8,0,0.105433
5883,2004-12-09,2,3,0,0.105413
5884,2004-12-11,8,8,1,0.105582
5885,2004-12-15,5,4,0,0.105562
5886,2004-12-18,6,5,0,0.105542
5887,2004-12-22,5,7,0,0.105522
5888,2004-12-27,7,1,0,0.105502
5889,2004-12-29,7,7,1,0.105671
5890,2005-01-03,2,1,0,0.105651
5891,2005-01-05,9,7,0,0.105631
5892,2005-01-08,3,9,0,0.105611
5893,2005-01-12,7,9,0,0.105591
5894,2005-01-15,3,4,0,0.105571
5895,2005-01-19,2,2,1,0.10574
5896,2005-01-22,5,8,0,0.10572
5897,2005-01-26,5,7,0,0.1057
5898,2005-01-29,4,1,0,0.10568
5899,2005-02-02,7,1,0,0.10566
5900,2005-02-05,1,3,0,0.10564
5901,2005-02-09,9,7,0,0.105621
5902,2005-02-12,1,7,0,0.105601
5903,2005-02-16,4,6,0,0.105581
5904,2005-02-19,3,5,0,0.105561
5905,2005-02-23,1,6,0,0.105541
5906,2005-02-26,2,5,0,0.105521
5907,2005-03-02,2,8,0,0.105501
5908,2005-03-05,9,8,0,0.105481
5909,2005-03-09,1,9,0,0.105461
5910,2005-03-12,3,6,0,0.105442
5911,2005-03-16,2,3,0,0.105422
5912,2005-03-19,9,8,0,0.105402
5913,2005-03-23,1,9,0,0.105382
5914,2005-03-26,3,6,0,0.105362
5915,2005-03-30,6,2,0,0.105342
5916,2005-04-02,8,4,0,0.105323
5917,2005-04-06,2,2,1,0.105491
5918,2005-04-09,3,1,0,0.105471
5919,2005-04-13,4,1,0,0.105451
5920,2005-04-16,7,8,0,0.105431
5921,2005-04-20,9,3,0,0.105411
5922,2005-04-23,4,1,0,0.105392
5923,2005-04-27,8,6,0,0.105372
5924,2005-04-30,6,9,0,0.105352
5925,2005-05-04,1,8,0,0.105332
5926,2005-05-07,3,4,0,0.105313
5927,2005-05-11,8,2,0,0.105293
5928,2005-05-14,1,3,0,0.105273
5929,2005-05-18,9,7,0,0.105253
5930,2005-05-21,1,7,0,0.105234
5931,2005-05-25,8,6,0,0.105214
5932,2005-05-28,4,7,0,0.105194
5933,2005-06-01,1,7,0,0.105174
5934,2005-06-04,4,2,0,0.105155
5935,2005-06-08,4,5,0,0.105135
5936,2005-06-11,7,6,0,0.105115
5937,2005-06-15,5,3,0,0.105096
5938,2005-06-18,6,5,0,0.105076
5939,2005-06-21,5,7,0,0.105056
5940,2005-06-23,2,1,0,0.105037
5941,2005-06-25,1,5,0,0.105017
5942,2005-06-28,5,3,0,0.104997
5943,2005-06-30,5,9,0,0.104978
5944,2005-07-02,1,1,1,0.105145
5945,2005-07-05,3,3,1,0.105312
5946,2005-07-07,4,2,0,0.105293
5947,2005-07-09,9,8,0,0.105273
5948,2005-07-12,1,8,0,0.105253
5949,2005-07-14,8,6,0,0.105234
5950,2005-07-16,6,7,0,0.105214
5951,2005-07-19,5,8,0,0.105194
5952,2005-07-21,6,1,0,0.105175
5953,2005-07-23,3,7,0,0.105155
5954,2005-07-26,6,4,0,0.105135
5955,2005-07-28,9,4,0,0.105116
5956,2005-07-30,1,6,0,0.105096
5957,2005-08-02,4,6,0,0.105077
5958,2005-08-04,2,5,0,0.105057
5959,2005-08-06,7,3,0,0.105037
5960,2005-08-09,4,8,0,0.105018
5961,2005-08-11,3,4,0,0.104998
5962,2005-08-13,4,6,0,0.104979
5963,2005-08-16,8,8,1,0.105145
5964,2005-08-18,2,9,0,0.105126
5965,2005-08-20,3,1,0,0.105106
5966,2005-08-23,8,1,0,0.105087
5967,2005-08-25,5,3,0,0.105067
5968,2005-08-27,4,5,0,0.105047
5969,2005-08-30,2,1,0,0.105028
5970,2005-09-01,5,3,0,0.105008
5971,2005-09-03,6,7,0,0.104989
5972,2005-09-06,3,7,0,0.104969
5973,2005-09-08,4,4,1,0.105136
5974,2005-09-10,1,8,0,0.105116
5975,2005-09-13,3,4,0,0.105097
5976,2005-09-15,3,2,0,0.105077
5977,2005-09-17,9,1,0,0.105058
5978,2005-09-20,6,9,0,0.105038
5979,2005-09-22,8,3,0,0.105019
5980,2005-09-24,6,2,0,0.104999
5981,2005-09-27,7,8,0,0.10498
5982,2005-09-29,6,6,1,0.105146
5983,2005-10-01,8,4,0,0.105126
5984,2005-10-04,3,2,0,0.105107
5985,2005-10-06,1,6,0,0.105087
5986,2005-10-08,9,5,0,0.105068
5987,2005-10-11,5,7,0,0.105048
5988,2005-10-13,3,2,0,0.105029
5989,2005-10-15,3,6,0,0.105009
5990,2005-10-18,4,1,0,0.10499
5991,2005-10-20,7,8,0,0.10497
5992,2005-10-22,1,3,0,0.104951
5993,2005-10-25,7,7,1,0.105117
5994,2005-10-27,2,9,0,0.105097
5995,2005-10-29,2,7,0,0.105078
5996,2005-11-02,1,8,0,0.105058
5997,2005-11-03,3,3,1,0.105224
5998,2005-11-05,4,3,0,0.105205
5999,2005-11-08,2,8,0,0.105185
6000,2005-11-10,2,3,0,0.105166
6001,2005-11-12,4,8,0,0.105146
6002,2005-11-15,3,5,0,0.105127
6003,2005-11-17,4,6,0,0.105107
6004,2005-11-19,3,8,0,0.105088
6005,2005-11-22,4,4,1,0.105253
6006,2005-11-24,2,8,0,0.105234
6007,2005-11-26,8,3,0,0.105214
6008,2005-11-29,7,4,0,0.105195
6009,2005-12-01,5,4,0,0.105176
6010,2005-12-03,1,6,0,0.105156
6011,2005-12-06,5,3,0,0.105137
6012,2005-12-09,1,9,0,0.105117
6013,2005-12-10,3,3,1,0.105283
6014,2005-12-13,8,3,0,0.105263
6015,2005-12-15,9,3,0,0.105244
6016,2005-12-17,4,4,1,0.105409
6017,2005-12-20,9,6,0,0.105389
6018,2005-12-22,6,8,0,0.10537
6019,2005-12-24,1,3,0,0.105351
6020,2005-12-27,3,4,0,0.105331
6021,2005-12-29,4,3,0,0.105312
6022,2005-12-31,2,8,0,0.105292
6023,2006-01-03,2,3,0,0.105273
6024,2006-01-05,5,8,0,0.105253
6025,2006-01-07,9,6,0,0.105234
6026,2006-01-10,3,6,0,0.105215
6027,2006-01-12,1,9,0,0.105195
6028,2006-01-14,7,5,0,0.105176
6029,2006-01-17,3,9,0,0.105157
6030,2006-01-19,7,2,0,0.105137
6031,2006-01-21,7,3,0,0.105118
6032,2006-01-24,6,1,0,0.105098
6033,2006-01-26,4,4,1,0.105263
6034,2006-01-28,5,8,0,0.105244
6035,2006-01-31,9,9,1,0.105408
6036,2006-02-02,7,6,0,0.105389
6037,2006-02-04,9,3,0,0.10537
6038,2006-02-07,1,1,1,0.105534
6039,2006-02-09,5,4,0,0.105515
6040,2006-02-11,2,9,0,0.105495
6041,2006-02-14,6,5,0,0.105476
6042,2006-02-16,8,1,0,0.105457
6043,2006-02-18,3,2,0,0.105437
6044,2006-02-21,5,6,0,0.105418
6045,2006-02-23,6,3,0,0.105398
6046,2006-02-25,8,7,0,0.105379
6047,2006-02-28,4,2,0,0.10536
6048,2006-03-02,1,7,0,0.10534
6049,2006-03-04,7,4,0,0.105321
6050,2006-03-07,7,9,0,0.105302
6051,2006-03-09,9,1,0,0.105282
6052,2006-03-11,4,1,0,0.105263
6053,2006-03-14,1,9,0,0.105244
6054,2006-03-16,5,4,0,0.105225
6055,2006-03-18,2,9,0,0.105205
6056,2006-03-21,1,5,0,0.105186
6057,2006-03-23,7,3,0,0.105167
6058,2006-03-25,9,9,1,0.105331
6059,2006-03-28,3,1,0,0.105311
6060,2006-03-30,7,9,0,0.105292
6061,2006-04-01,9,3,0,0.105273
6062,2006-04-04,3,1,0,0.105254
6063,2006-04-06,1,9,0,0.105234
6064,2006-04-08,1,5,0,0.105215
6065,2006-04-11,5,8,0,0.105196
6066,2006-04-13,8,9,0,0.105177
6067,2006-04-15,8,1,0,0.105157
6068,2006-04-18,9,6,0,0.105138
6069,2006-04-20,5,4,0,0.105119
6070,2006-04-22,2,2,1,0.105282
6071,2006-04-26,6,5,0,0.105263
6072,2006-04-27,1,1,1,0.105427
6073,2006-04-29,8,4,0,0.105407
6074,2006-05-02,4,7,0,0.105388
6075,2006-05-04,6,7,0,0.105369
6076,2006-05-06,8,7,0,0.10535
6077,2006-05-09,7,2,0,0.10533
6078,2006-05-11,2,4,0,0.105311
6079,2006-05-13,5,7,0,0.105292
6080,2006-05-16,7,6,0,0.105273
6081,2006-05-18,2,7,0,0.105254
6082,2006-05-20,1,7,0,0.105234
6083,2006-05-23,4,3,0,0.105215
6084,2006-05-25,2,5,0,0.105196
6085,2006-05-27,4,3,0,0.105177
6086,2006-05-30,8,5,0,0.105158
6087,2006-06-01,9,9,1,0.105321
6088,2006-06-03,4,4,1,0.105484
6089,2006-06-06,4,9,0,0.105464
6090,2006-06-08,1,6,0,0.105445
6091,2006-06-10,9,4,0,0.105426
6092,2006-06-13,5,7,0,0.105407
6093,2006-06-15,6,2,0,0.105388
6094,2006-06-17,5,8,0,0.105369
6095,2006-06-20,8,1,0,0.105349
6096,2006-06-22,2,1,0,0.10533
6097,2006-06-24,3,1,0,0.105311
6098,2006-06-27,7,1,0,0.105292
6099,2006-06-29,4,3,0,0.105273
6100,2006-07-01,3,3,1,0.105435
6101,2006-07-04,1,4,0,0.105416
6102,2006-07-06,5,5,1,0.105579
6103,2006-07-08,2,9,0,0.10556
6104,2006-07-11,7,5,0,0.10554
6105,2006-07-13,7,8,0,0.105521
6106,2006-07-15,3,1,0,0.105502
6107,2006-07-18,1,2,0,0.105483
6108,2006-07-20,2,5,0,0.105464
6109,2006-07-22,7,8,0,0.105445
6110,2006-07-25,8,8,1,0.105607
6111,2006-07-27,2,3,0,0.105588
6112,2006-07-29,5,1,0,0.105569
6113,2006-08-01,3,7,0,0.10555
6114,2006-08-03,6,6,1,0.105712
6115,2006-08-05,6,4,0,0.105693
6116,2006-08-08,7,9,0,0.105673
6117,2006-08-10,8,6,0,0.105654
6118,2006-08-12,8,3,0,0.105635
6119,2006-08-16,7,6,0,0.105616
6120,2006-08-17,2,4,0,0.105597
6121,2006-08-19,9,7,0,0.105578
6122,2006-08-22,6,1,0,0.105559
6123,2006-08-24,1,3,0,0.105539
6124,2006-08-26,1,4,0,0.10552
6125,2006-08-29,8,8,1,0.105682
6126,2006-08-31,8,7,0,0.105663
6127,2006-09-02,4,6,0,0.105644
6128,2006-09-05,9,7,0,0.105625
6129,2006-09-07,3,8,0,0.105606
6130,2006-09-09,3,9,0,0.105587
6131,2006-09-12,9,4,0,0.105568
6132,2006-09-14,7,9,0,0.105549
6133,2006-09-16,8,3,0,0.105529
6134,2006-09-19,8,8,1,0.105691
6135,2006-09-21,6,6,1,0.105853
6136,2006-09-23,2,8,0,0.105833
6137,2006-09-26,8,3,0,0.105814
6138,2006-09-28,4,7,0,0.105795
6139,2006-09-30,9,7,0,0.105776
6140,2006-10-03,4,8,0,0.105757
6141,2006-10-05,3,9,0,0.105738
6142,2006-10-07,2,4,0,0.105719
6143,2006-10-10,4,8,0,0.1057
6144,2006-10-12,4,5,0,0.105681
6145,2006-10-14,8,6,0,0.105662
6146,2006-10-17,1,9,0,0.105643
6147,2006-10-19,5,7,0,0.105624
6148,2006-10-21,2,9,0,0.105605
6149,2006-10-24,6,5,0,0.105586
6150,2006-10-26,6,1,0,0.105567
6151,2006-10-28,2,9,0,0.105548
6152,2006-10-31,9,3,0,0.105529
6153,2006-11-02,1,1,1,0.10569
6154,2006-11-04,2,4,0,0.105671
6155,2006-11-07,1,8,0,0.105652
6156,2006-11-09,9,3,0,0.105633
6157,2006-11-11,3,7,0,0.105614
6158,2006-11-14,7,9,0,0.105595
6159,2006-11-16,2,4,0,0.105576
6160,2006-11-18,7,7,1,0.105736
6161,2006-11-21,2,8,0,0.105717
6162,2006-11-23,7,7,1,0.105878
6163,2006-11-25,5,8,0,0.105859
6164,2006-11-28,6,6,1,0.10602
6165,2006-11-30,7,8,0,0.106001
6166,2006-12-02,5,6,0,0.105982
6167,2006-12-05,5,6,0,0.105963
6168,2006-12-07,3,1,0,0.105944
6169,2006-12-09,2,6,0,0.105925
6170,2006-12-12,7,8,0,0.105906
6171,2006-12-14,6,8,0,0.105887
6172,2006-12-16,2,4,0,0.105868
6173,2006-12-19,3,3,1,0.106028
6174,2006-12-21,1,1,1,0.106188
6175,2006-12-23,1,5,0,0.106169
6176,2006-12-27,1,8,0,0.10615
6177,2006-12-28,7,8,0,0.106131
6178,2006-12-30,6,9,0,0.106112
6179,2007-01-02,5,4,0,0.106093
6180,2007-01-04,6,1,0,0.106074
6181,2007-01-08,8,7,0,0.106055
6182,2007-01-09,8,2,0,0.106036
6183,2007-01-11,6,6,1,0.106196
6184,2007-01-13,5,8,0,0.106177
6185,2007-01-16,1,1,1,0.106337
6186,2007-01-18,5,3,0,0.106318
6187,2007-01-20,8,9,0,0.106299
6188,2007-01-23,4,1,0,0.10628
6189,2007-01-25,3,7,0,0.106261
6190,2007-01-27,7,4,0,0.106242
6191,2007-01-30,9,4,0,0.106223
6192,2007-02-01,1,1,1,0.106383
6193,2007-02-03,9,4,0,0.106364
6194,2007-02-06,6,7,0,0.106345
6195,2007-02-08,1,3,0,0.106326
6196,2007-02-10,9,4,0,0.106307
6197,2007-02-13,8,6,0,0.106288
6198,2007-02-15,3,4,0,0.106269
6199,2007-02-17,7,6,0,0.10625
6200,2007-02-20,1,4,0,0.106231
6201,2007-02-22,6,7,0,0.106212
6202,2007-02-24,5,7,0,0.106193
6203,2007-02-27,7,1,0,0.106174
6204,2007-03-01,2,7,0,0.106155
6205,2007-03-03,1,7,0,0.106136
6206,2007-03-06,2,3,0,0.106117
6207,2007-03-08,6,8,0,0.106098
6208,2007-03-10,4,1,0,0.10608
6209,2007-03-13,7,8,0,0.106061
6210,2007-03-15,1,3,0,0.106042
6211,2007-03-17,1,7,0,0.106023
6212,2007-03-20,5,8,0,0.106004
6213,2007-03-22,1,8,0,0.105985
6214,2007-03-24,4,3,0,0.105966
6215,2007-03-27,7,5,0,0.105947
6216,2007-03-29,8,3,0,0.105928
6217,2007-03-31,3,8,0,0.10591
6218,2007-04-03,4,6,0,0.105891
6219,2007-04-05,7,8,0,0.105872
6220,2007-04-07,7,3,0,0.105853
6221,2007-04-10,8,1,0,0.105834
6222,2007-04-12,2,8,0,0.105815
6223,2007-04-14,7,1,0,0.105797
6224,2007-04-17,6,8,0,0.105778
6225,2007-04-19,3,4,0,0.105759
6226,2007-04-21,9,4,0,0.10574
6227,2007-04-24,2,9,0,0.105721
6228,2007-04-26,6,3,0,0.105703
6229,2007-04-28,4,1,0,0.105684
6230,2007-05-02,4,8,0,0.105665
6231,2007-05-03,1,6,0,0.105646
6232,2007-05-05,8,4,0,0.105628
6233,2007-05-08,7,7,1,0.105786
6234,2007-05-10,1,4,0,0.105768
6235,2007-05-12,9,7,0,0.105749
6236,2007-05-15,3,6,0,0.10573
6237,2007-05-17,9,9,1,0.105889
6238,2007-05-19,5,9,0,0.10587
6239,2007-05-22,3,2,0,0.105851
6240,2007-05-24,7,6,0,0.105832
6241,2007-05-26,2,4,0,0.105814
6242,2007-05-29,5,7,0,0.105795
6243,2007-05-31,1,7,0,0.105776
6244,2007-06-04,3,3,1,0.105934
6245,2007-06-05,5,3,0,0.105916
6246,2007-06-07,3,3,1,0.106074
6247,2007-06-09,5,6,0,0.106055
6248,2007-06-12,4,3,0,0.106036
6249,2007-06-14,8,1,0,0.106018
6250,2007-06-16,8,9,0,0.105999
6251,2007-06-19,1,6,0,0.10598
6252,2007-06-21,6,7,0,0.105961
6253,2007-06-23,6,7,0,0.105943
6254,2007-06-26,8,9,0,0.105924
6255,2007-06-28,7,2,0,0.105905
6256,2007-06-30,5,4,0,0.105887
6257,2007-07-03,9,6,0,0.105868
6258,2007-07-05,5,6,0,0.105849
6259,2007-07-07,9,2,0,0.10583
6260,2007-07-10,6,6,1,0.105988
6261,2007-07-12,7,3,0,0.10597
6262,2007-07-14,5,6,0,0.105951
6263,2007-07-17,7,6,0,0.105932
6264,2007-07-19,5,7,0,0.105914
6265,2007-07-21,7,6,0,0.105895
6266,2007-07-24,5,7,0,0.105876
6267,2007-07-26,4,6,0,0.105857
6268,2007-07-28,9,8,0,0.105839
6269,2007-07-31,9,8,0,0.10582
6270,2007-08-02,7,3,0,0.105801
6271,2007-08-04,8,3,0,0.105783
6272,2007-08-07,9,8,0,0.105764
6273,2007-08-09,1,4,0,0.105746
6274,2007-08-11,4,4,1,0.105903
6275,2007-08-14,5,5,1,0.106061
6276,2007-08-16,2,9,0,0.106042
6277,2007-08-18,3,5,0,0.106023
6278,2007-08-21,6,1,0,0.106005
6279,2007-08-23,4,4,1,0.106162
6280,2007-08-25,3,8,0,0.106143
6281,2007-08-28,8,4,0,0.106125
6282,2007-08-30,1,3,0,0.106106
6283,2007-09-01,4,7,0,0.106087
6284,2007-09-04,1,5,0,0.106069
6285,2007-09-06,7,4,0,0.10605
6286,2007-09-08,4,9,0,0.106031
6287,2007-09-11,1,3,0,0.106013
6288,2007-09-13,1,4,0,0.105994
6289,2007-09-15,1,8,0,0.105975
6290,2007-09-18,7,8,0,0.105957
6291,2007-09-20,2,9,0,0.105938
6292,2007-09-22,5,7,0,0.10592
6293,2007-09-25,8,7,0,0.105901
6294,2007-09-27,1,1,1,0.106058
6295,2007-09-29,2,7,0,0.106039
6296,2007-10-02,2,8,0,0.106021
6297,2007-10-04,9,8,0,0.106002
6298,2007-10-06,5,1,0,0.105984
6299,2007-10-09,8,2,0,0.105965
6300,2007-10-11,6,1,0,0.105946
6301,2007-10-13,1,8,0,0.105928
6302,2007-10-16,3,4,0,0.105909
6303,2007-10-18,5,3,0,0.105891
6304,2007-10-20,6,3,0,0.105872
6305,2007-10-23,8,8,1,0.106029
6306,2007-10-25,6,2,0,0.10601
6307,2007-10-27,8,8,1,0.106167
6308,2007-10-30,8,2,0,0.106148
6309,2007-11-02,9,6,0,0.10613
6310,2007-11-03,2,4,0,0.106111
6311,2007-11-06,3,6,0,0.106092
6312,2007-11-08,3,1,0,0.106074
6313,2007-11-10,5,4,0,0.106055
6314,2007-11-13,4,3,0,0.106037
6315,2007-11-15,4,8,0,0.106018
6316,2007-11-17,5,6,0,0.106
6317,2007-11-20,5,9,0,0.105981
6318,2007-11-22,3,1,0,0.105963
6319,2007-11-24,2,6,0,0.105944
6320,2007-11-27,2,8,0,0.105926
6321,2007-11-29,5,9,0,0.105907
6322,2007-12-01,7,7,1,0.106063
6323,2007-12-04,5,5,1,0.106219
6324,2007-12-06,7,6,0,0.106201
6325,2007-12-10,5,5,1,0.106357
6326,2007-12-11,2,6,0,0.106338
6327,2007-12-13,6,5,0,0.10632
6328,2007-12-15,5,1,0,0.106301
6329,2007-12-18,9,1,0,0.106283
6330,2007-12-20,9,6,0,0.106264
6331,2007-12-22,7,3,0,0.106246
6332,2007-12-24,7,3,0,0.106227
6333,2007-12-27,7,1,0,0.106209
6334,2007-12-29,6,1,0,0.10619
6335,2008-01-02,9,4,0,0.106172
6336,2008-01-03,1,6,0,0.106153
6337,2008-01-05,4,4,1,0.106309
6338,2008-01-08,4,5,0,0.10629
6339,2008-01-10,5,6,0,0.106272
6340,2008-01-12,1,9,0,0.106253
6341,2008-01-15,8,3,0,0.106235
6342,2008-01-17,7,7,1,0.10639
6343,2008-01-19,3,4,0,0.106372
6344,2008-01-22,1,2,0,0.106353
6345,2008-01-24,4,5,0,0.106335
6346,2008-01-26,2,5,0,0.106316
6347,2008-01-29,5,3,0,0.106298
6348,2008-01-31,8,7,0,0.106279
6349,2008-02-02,8,1,0,0.106261
6350,2008-02-05,5,6,0,0.106242
6351,2008-02-07,8,5,0,0.106224
6352,2008-02-09,2,1,0,0.106205
6353,2008-02-12,9,1,0,0.106187
6354,2008-02-14,3,1,0,0.106169
6355,2008-02-16,2,9,0,0.10615
6356,2008-02-19,2,8,0,0.106132
6357,2008-02-21,1,9,0,0.106113
6358,2008-02-23,9,3,0,0.106095
6359,2008-02-26,2,6,0,0.106076
6360,2008-02-28,2,3,0,0.106058
6361,2008-03-01,9,9,1,0.106213
6362,2008-03-04,9,1,0,0.106195
6363,2008-03-06,1,3,0,0.106176
6364,2008-03-08,5,4,0,0.106158
6365,2008-03-11,8,8,1,0.106313
6366,2008-03-13,9,1,0,0.106294
6367,2008-03-15,9,4,0,0.106276
6368,2008-03-18,3,3,1,0.106431
6369,2008-03-20,7,9,0,0.106412
6370,2008-03-22,5,4,0,0.106394
6371,2008-03-25,5,6,0,0.106376
6372,2008-03-27,3,1,0,0.106357
6373,2008-03-29,7,6,0,0.106339
6374,2008-04-01,4,4,1,0.106494
6375,2008-04-03,1,3,0,0.106475
6376,2008-04-05,9,4,0,0.106457
6377,2008-04-08,9,6,0,0.106438
6378,2008-04-10,8,3,0,0.10642
6379,2008-04-12,3,4,0,0.106401
6380,2008-04-15,8,6,0,0.106383
6381,2008-04-17,6,3,0,0.106365
6382,2008-04-19,3,8,0,0.106346
6383,2008-04-22,7,4,0,0.106328
6384,2008-04-24,6,4,0,0.106309
6385,2008-04-26,9,4,0,0.106291
6386,2008-04-29,9,6,0,0.106273
6387,2008-05-02,1,3,0,0.106254
6388,2008-05-03,3,4,0,0.106236
6389,2008-05-06,6,3,0,0.106218
6390,2008-05-08,7,4,0,0.106199
6391,2008-05-10,3,6,0,0.106181
6392,2008-05-13,3,2,0,0.106163
6393,2008-05-15,3,4,0,0.106144
6394,2008-05-17,9,4,0,0.106126
6395,2008-05-20,9,9,1,0.10628
6396,2008-05-22,6,3,0,0.106262
6397,2008-05-24,8,3,0,0.106244
6398,2008-05-27,7,2,0,0.106225
6399,2008-05-29,6,4,0,0.106207
6400,2008-05-31,6,4,0,0.106189
6401,2008-06-03,1,9,0,0.10617
6402,2008-06-05,3,4,0,0.106152
6403,2008-06-07,2,3,0,0.106134
6404,2008-06-10,7,8,0,0.106115
6405,2008-06-12,8,8,1,0.106269
6406,2008-06-14,9,8,0,0.106251
6407,2008-06-17,3,4,0,0.106233
6408,2008-06-19,9,9,1,0.106387
6409,2008-06-21,6,9,0,0.106368
6410,2008-06-24,6,8,0,0.10635
6411,2008-06-26,1,1,1,0.106504
6412,2008-06-28,8,4,0,0.106485
6413,2008-07-01,6,7,0,0.106467
6414,2008-07-03,8,8,1,0.106621
6415,2008-07-05,6,2,0,0.106602
6416,2008-07-08,9,8,0,0.106584
6417,2008-07-10,8,6,0,0.106566
6418,2008-07-12,2,3,0,0.106548
6419,2008-07-15,1,1,1,0.106701
6420,2008-07-17,2,9,0,0.106683
6421,2008-07-19,1,8,0,0.106664
6422,2008-07-22,8,9,0,0.106646
6423,2008-07-24,1,7,0,0.106628
6424,2008-07-26,7,7,1,0.106781
6425,2008-07-29,6,9,0,0.106763
6426,2008-07-31,5,4,0,0.106744
6427,2008-08-02,3,1,0,0.106726
6428,2008-08-05,6,6,1,0.106879
6429,2008-08-07,2,4,0,0.106861
6430,2008-08-09,1,3,0,0.106843
6431,2008-08-12,1,9,0,0.106824
6432,2008-08-14,7,8,0,0.106806
6433,2008-08-16,9,9,1,0.106959
6434,2008-08-19,7,1,0,0.106941
6435,2008-08-21,2,3,0,0.106923
6436,2008-08-23,3,7,0,0.106904
6437,2008-08-26,7,1,0,0.106886
6438,2008-08-28,6,4,0,0.106868
6439,2008-08-30,1,4,0,0.106849
6440,2008-09-02,1,4,0,0.106831
6441,2008-09-04,5,8,0,0.106813
6442,2008-09-06,4,8,0,0.106794
6443,2008-09-09,6,8,0,0.106776
6444,2008-09-11,7,7,1,0.106929
6445,2008-09-13,8,6,0,0.106911
6446,2008-09-16,2,8,0,0.106892
6447,2008-09-18,5,1,0,0.106874
6448,2008-09-20,4,7,0,0.106856
6449,2008-09-23,5,8,0,0.106838
6450,2008-09-25,8,9,0,0.106819
6451,2008-09-27,5,1,0,0.106801
6452,2008-09-30,2,5,0,0.106783
6453,2008-10-02,7,5,0,0.106765
6454,2008-10-04,6,8,0,0.106746
6455,2008-10-07,1,4,0,0.106728
6456,2008-10-09,8,4,0,0.10671
6457,2008-10-11,3,7,0,0.106692
6458,2008-10-14,6,6,1,0.106844
6459,2008-10-16,8,4,0,0.106826
6460,2008-10-18,5,2,0,0.106808
6461,2008-10-21,9,5,0,0.106789
6462,2008-10-23,9,6,0,0.106771
6463,2008-10-25,5,3,0,0.106753
6464,2008-10-28,2,2,1,0.106905
6465,2008-10-30,8,5,0,0.106887
6466,2008-11-03,8,4,0,0.106869
6467,2008-11-04,7,6,0,0.106851
6468,2008-11-06,3,6,0,0.106833
6469,2008-11-08,5,2,0,0.106814
6470,2008-11-11,3,3,1,0.106966
6471,2008-11-13,7,6,0,0.106948
6472,2008-11-15,8,4,0,0.10693
6473,2008-11-18,3,8,0,0.106912
6474,2008-11-20,4,6,0,0.106894
6475,2008-11-22,7,8,0,0.106875
6476,2008-11-25,6,3,0,0.106857
6477,2008-11-27,7,4,0,0.106839
6478,2008-11-29,3,6,0,0.106821
6479,2008-12-02,3,2,0,0.106803
6480,2008-12-04,1,9,0,0.106785
6481,2008-12-06,2,5,0,0.106766
6482,2008-12-09,3,8,0,0.106748
6483,2008-12-11,9,1,0,0.10673
6484,2008-12-13,9,9,1,0.106882
6485,2008-12-16,8,3,0,0.106864
6486,2008-12-18,3,3,1,0.107015
6487,2008-12-20,4,6,0,0.106997
6488,2008-12-23,8,8,1,0.107149
6489,2008-12-24,8,9,0,0.107131
6490,2008-12-27,7,6,0,0.107113
6491,2008-12-30,8,6,0,0.107094
6492,2009-01-02,2,3,0,0.107076
6493,2009-01-03,9,1,0,0.107058
6494,2009-01-07,7,1,0,0.10704
6495,2009-01-08,4,3,0,0.107022
6496,2009-01-10,4,3,0,0.107004
6497,2009-01-13,9,6,0,0.106985
6498,2009-01-15,3,9,0,0.106967
6499,2009-01-17,4,9,0,0.106949
6500,2009-01-20,8,8,1,0.1071
6501,2009-01-22,7,9,0,0.107082
6502,2009-01-24,6,6,1,0.107234
6503,2009-01-27,3,4,0,0.107215
6504,2009-01-29,5,4,0,0.107197
6505,2009-01-31,4,3,0,0.107179
6506,2009-02-03,8,8,1,0.10733
6507,2009-02-05,3,9,0,0.107312
6508,2009-02-07,7,6,0,0.107294
6509,2009-02-10,5,4,0,0.107276
6510,2009-02-12,9,5,0,0.107258
6511,2009-02-14,1,6,0,0.10724
6512,2009-02-17,6,4,0,0.107221
6513,2009-02-19,1,7,0,0.107203
6514,2009-02-21,5,4,0,0.107185
6515,2009-02-24,8,8,1,0.107336
6516,2009-02-26,9,1,0,0.107318
6517,2009-02-28,6,4,0,0.1073
6518,2009-03-03,7,8,0,0.107282
6519,2009-03-05,6,6,1,0.107432
6520,2009-03-07,7,4,0,0.107414
6521,2009-03-10,6,6,1,0.107565
6522,2009-03-12,1,4,0,0.107547
6523,2009-03-14,6,4,0,0.107529
6524,2009-03-17,5,7,0,0.107511
6525,2009-03-19,6,1,0,0.107492
6526,2009-03-21,8,8,1,0.107643
6527,2009-03-24,5,2,0,0.107625
6528,2009-03-26,3,5,0,0.107607
6529,2009-03-28,8,6,0,0.107589
6530,2009-03-31,6,3,0,0.10757
6531,2009-04-02,2,8,0,0.107552
6532,2009-04-04,9,3,0,0.107534
6533,2009-04-07,2,1,0,0.107516
6534,2009-04-09,2,3,0,0.107498
6535,2009-04-11,1,9,0,0.10748
6536,2009-04-14,3,9,0,0.107462
6537,2009-04-16,6,2,0,0.107444
6538,2009-04-18,9,4,0,0.107425
6539,2009-04-21,2,6,0,0.107407
6540,2009-04-23,3,3,1,0.107558
6541,2009-04-27,5,1,0,0.10754
6542,2009-04-28,6,3,0,0.107521
6543,2009-04-30,6,8,0,0.107503
6544,2009-05-02,7,1,0,0.107485
6545,2009-05-05,2,6,0,0.107467
6546,2009-05-07,9,7,0,0.107449
6547,2009-05-09,8,1,0,0.107431
6548,2009-05-12,3,3,1,0.107581
6549,2009-05-14,7,6,0,0.107563
6550,2009-05-16,8,4,0,0.107545
6551,2009-05-19,2,3,0,0.107527
6552,2009-05-21,8,1,0,0.107509
6553,2009-05-23,4,4,1,0.107659
6554,2009-05-26,6,7,0,0.107641
6555,2009-05-28,1,7,0,0.107623
6556,2009-05-30,7,4,0,0.107604
6557,2009-06-03,4,9,0,0.107586
6558,2009-06-04,4,3,0,0.107568
6559,2009-06-06,5,6,0,0.10755
6560,2009-06-09,1,9,0,0.107532
6561,2009-06-11,5,3,0,0.107514
6562,2009-06-13,3,8,0,0.107496
6563,2009-06-16,9,6,0,0.107478
6564,2009-06-18,9,9,1,0.107628
6565,2009-06-20,4,3,0,0.10761
6566,2009-06-23,9,9,1,0.107759
6567,2009-06-25,2,9,0,0.107741
6568,2009-06-27,9,3,0,0.107723
6569,2009-06-30,1,1,1,0.107873
6570,2009-07-02,6,4,0,0.107855
6571,2009-07-04,4,7,0,0.107837
6572,2009-07-07,1,8,0,0.107819
6573,2009-07-09,9,4,0,0.1078
6574,2009-07-11,8,6,0,0.107782
6575,2009-07-14,2,3,0,0.107764
6576,2009-07-16,3,1,0,0.107746
6577,2009-07-18,4,1,0,0.107728
6578,2009-07-21,8,8,1,0.107878
6579,2009-07-23,8,9,0,0.10786
6580,2009-07-25,5,6,0,0.107841
6581,2009-07-28,3,5,0,0.107823
6582,2009-07-30,7,6,0,0.107805
6583,2009-08-01,6,4,0,0.107787
6584,2009-08-04,6,4,0,0.107769
6585,2009-08-06,9,1,0,0.107751
6586,2009-08-08,5,6,0,0.107733
6587,2009-08-11,1,2,0,0.107715
6588,2009-08-13,2,3,0,0.107697
6589,2009-08-17,4,8,0,0.107679
6590,2009-08-18,7,5,0,0.107661
6591,2009-08-20,3,3,1,0.10781
6592,2009-08-22,9,2,0,0.107792
6593,2009-08-25,8,9,0,0.107774
6594,2009-08-27,6,3,0,0.107756
6595,2009-08-29,1,8,0,0.107738
6596,2009-09-01,5,4,0,0.107721
6597,2009-09-03,4,8,0,0.107703
6598,2009-09-05,3,8,0,0.107685
6599,2009-09-08,5,4,0,0.107667
6600,2009-09-10,3,3,1,0.107815
6601,2009-09-12,8,6,0,0.107797
6602,2009-09-15,1,3,0,0.107779
6603,2009-09-17,2,7,0,0.107761
6604,2009-09-19,3,8,0,0.107744
6605,2009-09-22,1,1,1,0.107892
6606,2009-09-24,2,5,0,0.107874
6607,2009-09-26,8,8,1,0.108023
6608,2009-09-29,3,4,0,0.108005
6609,2009-10-01,5,7,0,0.107987
6610,2009-10-03,5,3,0,0.107969
6611,2009-10-06,7,1,0,0.107951
6612,2009-10-08,4,5,0,0.107933
6613,2009-10-10,7,4,0,0.107915
6614,2009-10-13,1,3,0,0.107897
6615,2009-10-15,6,7,0,0.107879
6616,2009-10-17,8,7,0,0.107861
6617,2009-10-20,3,5,0,0.107843
6618,2009-10-22,1,7,0,0.107825
6619,2009-10-24,7,5,0,0.107807
6620,2009-10-27,5,9,0,0.107789
6621,2009-10-29,1,5,0,0.107772
6622,2009-10-31,9,3,0,0.107754
6623,2009-11-03,4,6,0,0.107736
6624,2009-11-05,1,9,0,0.107718
6625,2009-11-07,8,4,0,0.1077
6626,2009-11-10,9,7,0,0.107682
6627,2009-11-12,9,4,0,0.107664
6628,2009-11-14,1,3,0,0.107646
6629,2009-11-17,8,4,0,0.107629
6630,2009-11-19,8,7,0,0.107611
6631,2009-11-21,8,6,0,0.107593
6632,2009-11-24,6,6,1,0.107741
6633,2009-11-26,9,8,0,0.107723
6634,2009-11-28,1,6,0,0.107705
6635,2009-12-01,2,4,0,0.107687
6636,2009-12-03,4,8,0,0.107669
6637,2009-12-05,5,5,1,0.107817
6638,2009-12-09,2,9,0,0.107799
6639,2009-12-10,3,5,0,0.107781
6640,2009-12-12,2,1,0,0.107764
6641,2009-12-15,9,8,0,0.107746
6642,2009-12-17,1,1,1,0.107893
6643,2009-12-19,4,4,1,0.108041
6644,2009-12-22,7,5,0,0.108023
6645,2009-12-24,5,3,0,0.108005
6646,2009-12-28,1,5,0,0.107987
6647,2009-12-29,2,3,0,0.10797
6648,2009-12-31,7,8,0,0.107952
6649,2010-01-02,2,8,0,0.107934
6650,2010-01-05,2,7,0,0.107916
6651,2010-01-07,3,9,0,0.107898
6652,2010-01-09,3,1,0,0.10788
6653,2010-01-12,6,1,0,0.107863
6654,2010-01-14,5,4,0,0.107845
6655,2010-01-16,7,1,0,0.107827
6656,2010-01-19,5,5,1,0.107974
6657,2010-01-21,1,5,0,0.107956
6658,2010-01-23,9,3,0,0.107939
6659,2010-01-26,8,6,0,0.107921
6660,2010-01-28,1,3,0,0.107903
6661,2010-01-30,4,7,0,0.107885
6662,2010-02-02,9,5,0,0.107867
6663,2010-02-04,5,9,0,0.10785
6664,2010-02-06,3,2,0,0.107832
6665,2010-02-09,7,6,0,0.107814
6666,2010-02-11,4,4,1,0.107961
6667,2010-02-13,2,4,0,0.107943
6668,2010-02-16,6,3,0,0.107926
6669,2010-02-18,5,1,0,0.107908
6670,2010-02-20,9,1,0,0.10789
6671,2010-02-23,2,6,0,0.107872
6672,2010-02-25,9,3,0,0.107854
6673,2010-02-27,5,1,0,0.107837
6674,2010-03-02,3,2,0,0.107819
6675,2010-03-04,8,6,0,0.107801
6676,2010-03-06,8,3,0,0.107783
6677,2010-03-09,1,6,0,0.107766
6678,2010-03-11,1,7,0,0.107748
6679,2010-03-13,7,8,0,0.10773
6680,2010-03-16,7,9,0,0.107713
6681,2010-03-18,2,6,0,0.107695
6682,2010-03-20,6,7,0,0.107677
6683,2010-03-23,6,1,0,0.107659
6684,2010-03-25,7,1,0,0.107642
6685,2010-03-27,3,6,0,0.107624
6686,2010-03-30,2,2,1,0.107771
6687,2010-04-01,4,8,0,0.107753
6688,2010-04-03,2,5,0,0.107735
6689,2010-04-06,1,3,0,0.107718
6690,2010-04-08,2,3,0,0.1077
6691,2010-04-10,9,8,0,0.107682
6692,2010-04-13,4,1,0,0.107665
6693,2010-04-15,5,9,0,0.107647
6694,2010-04-17,6,9,0,0.107629
6695,2010-04-20,5,8,0,0.107612
6696,2010-04-22,3,1,0,0.107594
6697,2010-04-24,9,6,0,0.107576
6698,2010-04-27,2,9,0,0.107559
6699,2010-04-29,1,3,0,0.107541
6700,2010-05-03,4,3,0,0.107523
6701,2010-05-04,3,5,0,0.107506
6702,2010-05-06,5,4,0,0.107488
6703,2010-05-08,7,3,0,0.107471
6704,2010-05-11,7,5,0,0.107453
6705,2010-05-13,2,6,0,0.107435
6706,2010-05-15,7,7,1,0.107581
6707,2010-05-18,5,8,0,0.107564
6708,2010-05-20,9,5,0,0.107546
6709,2010-05-22,2,6,0,0.107529
6710,2010-05-25,3,3,1,0.107675
6711,2010-05-27,8,1,0,0.107657
6712,2010-05-29,4,3,0,0.107639
6713,2010-06-01,3,7,0,0.107622
6714,2010-06-03,3,4,0,0.107604
6715,2010-06-05,1,1,1,0.10775
6716,2010-06-08,8,5,0,0.107733
6717,2010-06-10,6,7,0,0.107715
6718,2010-06-12,5,8,0,0.107697
6719,2010-06-15,6,1,0,0.10768
6720,2010-06-17,5,8,0,0.107662
6721,2010-06-19,3,6,0,0.107645
6722,2010-06-22,5,6,0,0.107627
6723,2010-06-24,7,3,0,0.107609
6724,2010-06-26,3,5,0,0.107592
6725,2010-06-29,4,2,0,0.107574
6726,2010-07-01,2,8,0,0.107557
6727,2010-07-03,6,3,0,0.107539
6728,2010-07-06,3,1,0,0.107522
6729,2010-07-08,4,4,1,0.107667
6730,2010-07-10,3,8,0,0.10765
6731,2010-07-13,9,4,0,0.107632
6732,2010-07-15,5,9,0,0.107615
6733,2010-07-17,5,2,0,0.107597
6734,2010-07-20,6,1,0,0.107579
6735,2010-07-22,7,8,0,0.107562
6736,2010-07-24,2,6,0,0.107544
6737,2010-07-27,5,7,0,0.107527
6738,2010-07-29,7,7,1,0.107672
6739,2010-07-31,1,5,0,0.107655
6740,2010-08-03,9,7,0,0.107637
6741,2010-08-05,1,6,0,0.10762
6742,2010-08-07,4,4,1,0.107765
6743,2010-08-10,3,5,0,0.107747
6744,2010-08-12,3,4,0,0.10773
6745,2010-08-14,9,1,0,0.107712
6746,2010-08-17,8,9,0,0.107695
6747,2010-08-19,8,3,0,0.107677
6748,2010-08-21,5,6,0,0.10766
6749,2010-08-24,9,5,0,0.107642
6750,2010-08-26,4,6,0,0.107625
6751,2010-08-28,6,9,0,0.107607
6752,2010-08-31,4,7,0,0.10759
6753,2010-09-02,4,8,0,0.107572
6754,2010-09-04,2,6,0,0.107555
6755,2010-09-07,8,3,0,0.107537
6756,2010-09-09,9,4,0,0.10752
6757,2010-09-11,5,4,0,0.107502
6758,2010-09-14,9,2,0,0.107485
6759,2010-09-16,5,6,0,0.107468
6760,2010-09-18,8,2,0,0.10745
6761,2010-09-21,7,1,0,0.107433
6762,2010-09-23,5,6,0,0.107415
6763,2010-09-25,5,5,1,0.10756
6764,2010-09-28,8,1,0,0.107543
6765,2010-09-30,1,1,1,0.107687
6766,2010-10-02,5,7,0,0.10767
6767,2010-10-05,7,8,0,0.107652
6768,2010-10-07,6,5,0,0.107635
6769,2010-10-09,7,4,0,0.107618
6770,2010-10-12,8,6,0,0.1076
6771,2010-10-14,7,3,0,0.107583
6772,2010-10-16,2,6,0,0.107565
6773,2010-10-19,4,7,0,0.107548
6774,2010-10-21,8,5,0,0.10753
6775,2010-10-23,8,9,0,0.107513
6776,2010-10-26,5,6,0,0.107496
6777,2010-10-28,1,5,0,0.107478
6778,2010-10-30,2,3,0,0.107461
6779,2010-11-02,1,8,0,0.107443
6780,2010-11-04,3,3,1,0.107588
6781,2010-11-06,8,2,0,0.10757
6782,2010-11-09,9,3,0,0.107553
6783,2010-11-11,4,4,1,0.107697
6784,2010-11-13,1,9,0,0.10768
6785,2010-11-16,3,4,0,0.107662
6786,2010-11-18,5,2,0,0.107645
6787,2010-11-20,9,3,0,0.107628
6788,2010-11-23,3,6,0,0.10761
6789,2010-11-25,7,9,0,0.107593
6790,2010-11-27,5,4,0,0.107576
6791,2010-11-30,4,5,0,0.107558
6792,2010-12-02,8,8,1,0.107702
6793,2010-12-04,5,8,0,0.107685
6794,2010-12-07,1,5,0,0.107667
6795,2010-12-09,2,3,0,0.10765
6796,2010-12-11,1,8,0,0.107633
6797,2010-12-14,8,3,0,0.107615
6798,2010-12-16,1,7,0,0.107598
6799,2010-12-18,9,7,0,0.107581
6800,2010-12-21,3,6,0,0.107563
6801,2010-12-23,8,9,0,0.107546
6802,2010-12-27,9,9,1,0.10769
6803,2010-12-28,5,4,0,0.107672
6804,2010-12-30,6,2,0,0.107655
6805,2011-01-03,9,8,0,0.107638
6806,2011-01-04,5,6,0,0.10762
6807,2011-01-07,7,2,0,0.107603
6808,2011-01-08,9,5,0,0.107586
6809,2011-01-11,8,1,0,0.107568
6810,2011-01-13,6,3,0,0.107551
6811,2011-01-15,3,8,0,0.107534
6812,2011-01-18,3,4,0,0.107516
6813,2011-01-20,1,1,1,0.10766
6814,2011-01-22,4,5,0,0.107643
6815,2011-01-25,7,5,0,0.107625
6816,2011-01-27,6,3,0,0.107608
6817,2011-01-29,4,4,1,0.107752
6818,2011-02-01,2,8,0,0.107734
6819,2011-02-03,9,3,0,0.107717
6820,2011-02-05,8,1,0,0.1077
6821,2011-02-08,7,3,0,0.107682
6822,2011-02-10,5,6,0,0.107665
6823,2011-02-12,9,5,0,0.107648
6824,2011-02-15,6,6,1,0.107791
6825,2011-02-17,5,8,0,0.107774
6826,2011-02-19,6,6,1,0.107917
6827,2011-02-22,7,8,0,0.1079
6828,2011-02-24,1,6,0,0.107882
6829,2011-02-26,6,7,0,0.107865
6830,2011-03-01,4,7,0,0.107848
6831,2011-03-03,9,8,0,0.107831
6832,2011-03-05,7,9,0,0.107813
6833,2011-03-08,7,3,0,0.107796
6834,2011-03-10,4,2,0,0.107779
6835,2011-03-12,6,4,0,0.107761
6836,2011-03-15,7,7,1,0.107904
6837,2011-03-18,7,6,0,0.107887
6838,2011-03-19,3,2,0,0.10787
6839,2011-03-22,8,2,0,0.107853
6840,2011-03-24,4,9,0,0.107835
6841,2011-03-26,7,7,1,0.107978
6842,2011-03-29,3,3,1,0.108121
6843,2011-03-31,9,2,0,0.108104
6844,2011-04-02,5,9,0,0.108086
6845,2011-04-05,6,2,0,0.108069
6846,2011-04-07,1,8,0,0.108052
6847,2011-04-09,8,4,0,0.108035
6848,2011-04-12,7,7,1,0.108177
6849,2011-04-14,3,6,0,0.10816
6850,2011-04-16,5,2,0,0.108143
6851,2011-04-19,1,3,0,0.108125
6852,2011-04-21,9,3,0,0.108108
6853,2011-04-23,8,6,0,0.108091
6854,2011-04-26,8,3,0,0.108074
6855,2011-04-28,6,6,1,0.108216
6856,2011-04-30,8,8,1,0.108359
6857,2011-05-03,2,5,0,0.108341
6858,2011-05-05,1,1,1,0.108484
6859,2011-05-07,1,3,0,0.108466
6860,2011-05-10,6,8,0,0.108449
6861,2011-05-12,6,7,0,0.108432
6862,2011-05-14,6,1,0,0.108414
6863,2011-05-17,3,1,0,0.108397
6864,2011-05-19,4,4,1,0.10854
6865,2011-05-21,1,8,0,0.108522
6866,2011-05-24,1,4,0,0.108505
6867,2011-05-26,5,8,0,0.108488
6868,2011-05-28,7,8,0,0.10847
6869,2011-05-31,5,5,1,0.108612
6870,2011-06-03,2,5,0,0.108595
6871,2011-06-04,6,5,0,0.108578
6872,2011-06-07,7,1,0,0.10856
6873,2011-06-09,9,6,0,0.108543
6874,2011-06-11,5,1,0,0.108526
6875,2011-06-14,4,2,0,0.108509
6876,2011-06-16,1,8,0,0.108491
6877,2011-06-18,8,4,0,0.108474
6878,2011-06-21,8,7,0,0.108457
6879,2011-06-23,5,6,0,0.108439
6880,2011-06-25,1,5,0,0.108422
6881,2011-06-28,5,3,0,0.108405
6882,2011-06-30,2,8,0,0.108388
6883,2011-07-02,1,5,0,0.10837
6884,2011-07-05,4,3,0,0.108353
6885,2011-07-07,5,5,1,0.108495
6886,2011-07-09,6,9,0,0.108478
6887,2011-07-12,3,8,0,0.108461
6888,2011-07-14,1,4,0,0.108443
6889,2011-07-16,8,5,0,0.108426
6890,2011-07-19,2,7,0,0.108409
6891,2011-07-21,4,1,0,0.108392
6892,2011-07-23,3,5,0,0.108374
6893,2011-07-26,4,4,1,0.108516
6894,2011-07-28,1,8,0,0.108499
6895,2011-07-30,8,4,0,0.108482
6896,2011-08-02,5,7,0,0.108464
6897,2011-08-04,1,5,0,0.108447
6898,2011-08-06,9,3,0,0.10843
6899,2011-08-09,1,6,0,0.108413
6900,2011-08-11,3,4,0,0.108395
6901,2011-08-13,6,2,0,0.108378
6902,2011-08-16,7,4,0,0.108361
6903,2011-08-18,2,6,0,0.108344
6904,2011-08-20,9,7,0,0.108327
6905,2011-08-23,9,1,0,0.10831
6906,2011-08-25,1,3,0,0.108292
6907,2011-08-27,7,4,0,0.108275
6908,2011-08-30,1,9,0,0.108258
6909,2011-09-01,3,7,0,0.108241
6910,2011-09-03,5,2,0,0.108224
6911,2011-09-06,8,3,0,0.108207
6912,2011-09-08,8,1,0,0.108189
6913,2011-09-10,3,6,0,0.108172
6914,2011-09-13,8,7,0,0.108155
6915,2011-09-15,6,9,0,0.108138
6916,2011-09-17,6,8,0,0.108121
6917,2011-09-20,2,1,0,0.108104
6918,2011-09-22,7,3,0,0.108087
6919,2011-09-24,3,8,0,0.10807
6920,2011-09-27,3,2,0,0.108053
6921,2011-09-29,7,1,0,0.108035
6922,2011-10-01,2,4,0,0.108018
6923,2011-10-04,5,7,0,0.108001
6924,2011-10-06,5,7,0,0.107984
6925,2011-10-08,4,1,0,0.107967
6926,2011-10-11,4,8,0,0.10795
6927,2011-10-13,4,6,0,0.107933
6928,2011-10-15,1,6,0,0.107916
6929,2011-10-18,7,4,0,0.107899
6930,2011-10-20,1,9,0,0.107882
6931,2011-10-22,9,7,0,0.107865
6932,2011-10-25,3,6,0,0.107848
6933,2011-10-27,1,9,0,0.107831
6934,2011-10-29,1,5,0,0.107814
6935,2011-11-02,8,8,1,0.107955
6936,2011-11-03,2,7,0,0.107938
6937,2011-11-05,8,1,0,0.10792
6938,2011-11-08,6,4,0,0.107903
6939,2011-11-10,3,8,0,0.107886
6940,2011-11-12,1,4,0,0.107869
6941,2011-11-15,4,5,0,0.107852
6942,2011-11-17,9,5,0,0.107835
6943,2011-11-19,9,9,1,0.107976
6944,2011-11-22,5,3,0,0.107959
6945,2011-11-24,8,2,0,0.107942
6946,2011-11-26,6,1,0,0.107925
6947,2011-11-29,9,8,0,0.107908
6948,2011-12-01,9,6,0,0.107891
6949,2011-12-03,7,3,0,0.107874
6950,2011-12-06,3,3,1,0.108014
6951,2011-12-09,9,2,0,0.107997
6952,2011-12-10,5,9,0,0.10798
6953,2011-12-13,7,2,0,0.107963
6954,2011-12-15,1,5,0,0.107946
6955,2011-12-17,3,7,0,0.10793
6956,2011-12-20,7,2,0,0.107913
6957,2011-12-22,7,4,0,0.107896
6958,2011-12-24,6,2,0,0.107879
6959,2011-12-27,6,4,0,0.107862
6960,2011-12-29,5,1,0,0.107845
6961,2011-12-31,3,6,0,0.107828
6962,2012-01-03,3,6,0,0.107811
6963,2012-01-05,6,1,0,0.107794
6964,2012-01-07,1,4,0,0.107777
6965,2012-01-10,8,4,0,0.10776
6966,2012-01-12,5,7,0,0.107743
6967,2012-01-14,2,5,0,0.107726
6968,2012-01-17,7,5,0,0.107709
6969,2012-01-19,7,8,0,0.107692
6970,2012-01-21,4,6,0,0.107675
6971,2012-01-24,4,4,1,0.107815
6972,2012-01-26,6,6,1,0.107955
6973,2012-01-28,6,7,0,0.107939
6974,2012-01-31,8,1,0,0.107922
6975,2012-02-02,6,2,0,0.107905
6976,2012-02-04,9,8,0,0.107888
6977,2012-02-07,7,6,0,0.107871
6978,2012-02-09,5,3,0,0.107854
6979,2012-02-11,7,5,0,0.107837
6980,2012-02-14,6,5,0,0.10782
6981,2012-02-16,6,4,0,0.107803
6982,2012-02-18,5,1,0,0.107786
6983,2012-02-21,2,6,0,0.107769
6984,2012-02-23,3,7,0,0.107753
6985,2012-02-25,5,1,0,0.107736
6986,2012-02-28,5,3,0,0.107719
6987,2012-03-01,5,1,0,0.107702
6988,2012-03-03,4,1,0,0.107685
6989,2012-03-06,8,8,1,0.107825
6990,2012-03-08,5,8,0,0.107808
6991,2012-03-10,9,5,0,0.107791
6992,2012-03-13,3,6,0,0.107774
6993,2012-03-15,9,9,1,0.107914
6994,2012-03-17,1,9,0,0.107897
6995,2012-03-20,1,4,0,0.10788
6996,2012-03-22,4,8,0,0.107863
6997,2012-03-24,8,5,0,0.107846
6998,2012-03-27,1,8,0,0.107829
6999,2012-03-29,1,7,0,0.107813
7000,2012-03-31,8,8,1,0.107952
7001,2012-04-03,5,7,0,0.107935
7002,2012-04-05,5,5,1,0.108074
7003,2012-04-07,6,1,0,0.108057
7004,2012-04-10,1,8,0,0.108041
7005,2012-04-12,3,4,0,0.108024
7006,2012-04-14,3,2,0,0.108007
7007,2012-04-17,9,1,0,0.10799
7008,2012-04-19,9,9,1,0.108129
7009,2012-04-21,5,3,0,0.108112
7010,2012-04-24,5,2,0,0.108095
7011,2012-04-26,7,1,0,0.108079
7012,2012-04-28,4,5,0,0.108062
7013,2012-05-02,5,4,0,0.108045
7014,2012-05-03,1,6,0,0.108028
7015,2012-05-05,5,3,0,0.108011
7016,2012-05-08,9,8,0,0.107994
7017,2012-05-10,1,6,0,0.107978
7018,2012-05-12,6,4,0,0.107961
7019,2012-05-15,1,7,0,0.107944
7020,2012-05-17,1,4,0,0.107927
7021,2012-05-19,8,8,1,0.108066
7022,2012-05-22,1,7,0,0.108049
7023,2012-05-24,1,7,0,0.108032
7024,2012-05-26,3,8,0,0.108016
7025,2012-05-29,3,3,1,0.108154
7026,2012-05-31,4,1,0,0.108138
7027,2012-06-04,9,8,0,0.108121
7028,2012-06-05,4,9,0,0.108104
7029,2012-06-07,4,1,0,0.108087
7030,2012-06-09,1,6,0,0.10807
7031,2012-06-12,2,4,0,0.108053
7032,2012-06-14,5,8,0,0.108037
7033,2012-06-16,1,7,0,0.10802
7034,2012-06-19,6,3,0,0.108003
7035,2012-06-21,4,7,0,0.107986
7036,2012-06-23,1,8,0,0.10797
7037,2012-06-26,3,2,0,0.107953
7038,2012-06-28,5,3,0,0.107936
7039,2012-06-30,3,3,1,0.108075
7040,2012-07-03,3,6,0,0.108058
7041,2012-07-05,3,1,0,0.108041
7042,2012-07-07,2,1,0,0.108024
7043,2012-07-10,4,8,0,0.108007
7044,2012-07-12,2,5,0,0.107991
7045,2012-07-14,6,3,0,0.107974
7046,2012-07-17,7,1,0,0.107957
7047,2012-07-19,9,6,0,0.10794
7048,2012-07-21,4,1,0,0.107924
7049,2012-07-24,4,1,0,0.107907
7050,2012-07-26,8,6,0,0.10789
7051,2012-07-28,6,8,0,0.107874
7052,2012-07-31,9,8,0,0.107857
7053,2012-08-02,3,6,0,0.10784
7054,2012-08-04,7,9,0,0.107823
7055,2012-08-07,6,4,0,0.107807
7056,2012-08-09,9,4,0,0.10779
7057,2012-08-11,4,6,0,0.107773
7058,2012-08-14,1,4,0,0.107757
7059,2012-08-16,2,2,1,0.107895
7060,2012-08-18,7,8,0,0.107878
7061,2012-08-21,5,8,0,0.107861
7062,2012-08-23,4,5,0,0.107845
7063,2012-08-25,9,8,0,0.107828
7064,2012-08-28,8,9,0,0.107811
7065,2012-08-30,9,3,0,0.107795
7066,2012-09-01,9,4,0,0.107778
7067,2012-09-04,1,3,0,0.107761
7068,2012-09-06,8,4,0,0.107745
7069,2012-09-08,5,7,0,0.107728
7070,2012-09-11,4,5,0,0.107711
7071,2012-09-13,8,8,1,0.107849
7072,2012-09-15,4,8,0,0.107833
7073,2012-09-18,2,7,0,0.107816
7074,2012-09-20,4,3,0,0.107799
7075,2012-09-22,1,5,0,0.107783
7076,2012-09-25,3,2,0,0.107766
7077,2012-09-27,3,3,1,0.107904
7078,2012-09-29,1,1,1,0.108041
7079,2012-10-02,7,5,0,0.108025
7080,2012-10-04,1,9,0,0.108008
7081,2012-10-06,9,7,0,0.107991
7082,2012-10-09,4,3,0,0.107975
7083,2012-10-11,5,1,0,0.107958
7084,2012-10-13,9,6,0,0.107941
7085,2012-10-16,1,6,0,0.107925
7086,2012-10-18,9,4,0,0.107908
7087,2012-10-20,7,3,0,0.107891
7088,2012-10-23,6,3,0,0.107875
7089,2012-10-25,9,4,0,0.107858
7090,2012-10-27,1,6,0,0.107842
7091,2012-10-30,1,4,0,0.107825
7092,2012-11-02,8,8,1,0.107962
7093,2012-11-03,5,7,0,0.107946
7094,2012-11-06,9,5,0,0.107929
7095,2012-11-08,1,6,0,0.107913
7096,2012-11-10,8,4,0,0.107896
7097,2012-11-13,9,7,0,0.107879
7098,2012-11-15,3,4,0,0.107863
7099,2012-11-17,9,9,1,0.108
7100,2012-11-20,9,9,1,0.108137
7101,2012-11-22,3,1,0,0.108121
7102,2012-11-24,5,9,0,0.108104
7103,2012-11-27,6,3,0,0.108087
7104,2012-11-29,6,8,0,0.108071
7105,2012-12-01,7,1,0,0.108054
7106,2012-12-04,1,6,0,0.108037
7107,2012-12-06,1,9,0,0.108021
7108,2012-12-10,5,8,0,0.108004
7109,2012-12-11,3,8,0,0.107988
7110,2012-12-13,4,6,0,0.107971
7111,2012-12-15,2,8,0,0.107955
7112,2012-12-18,1,3,0,0.107938
7113,2012-12-20,7,3,0,0.107921
7114,2012-12-22,8,9,0,0.107905
7115,2012-12-24,6,3,0,0.107888
7116,2012-12-27,5,8,0,0.107872
7117,2012-12-29,2,6,0,0.107855
7118,2013-01-02,3,3,1,0.107992
7119,2013-01-03,8,1,0,0.107975
7120,2013-01-05,1,9,0,0.107959
7121,2013-01-08,5,7,0,0.107942
7122,2013-01-10,5,8,0,0.107926
7123,2013-01-12,3,1,0,0.107909
7124,2013-01-15,5,6,0,0.107893
7125,2013-01-17,1,3,0,0.107876
7126,2013-01-19,5,3,0,0.10786
7127,2013-01-22,3,8,0,0.107843
7128,2013-01-24,3,6,0,0.107827
7129,2013-01-26,7,1,0,0.10781
7130,2013-01-29,3,4,0,0.107794
7131,2013-01-31,8,2,0,0.107777
7132,2013-02-02,4,9,0,0.107761
7133,2013-02-05,8,7,0,0.107744
7134,2013-02-07,9,8,0,0.107728
7135,2013-02-09,3,4,0,0.107711
7136,2013-02-12,9,9,1,0.107848
7137,2013-02-14,2,9,0,0.107831
7138,2013-02-16,1,3,0,0.107815
7139,2013-02-19,6,3,0,0.107798
7140,2013-02-21,9,7,0,0.107782
7141,2013-02-23,9,6,0,0.107765
7142,2013-02-26,1,3,0,0.107749
7143,2013-02-28,8,4,0,0.107732
7144,2013-03-02,8,7,0,0.107716
7145,2013-03-05,5,6,0,0.107699
7146,2013-03-07,3,5,0,0.107683
7147,2013-03-09,2,6,0,0.107666
7148,2013-03-12,8,8,1,0.107803
7149,2013-03-14,9,4,0,0.107786
7150,2013-03-16,5,4,0,0.10777
7151,2013-03-19,1,2,0,0.107753
7152,2013-03-21,7,3,0,0.107737
7153,2013-03-23,3,9,0,0.10772
7154,2013-03-26,3,2,0,0.107704
7155,2013-03-28,4,1,0,0.107688
7156,2013-03-30,9,8,0,0.107671
7157,2013-04-02,1,9,0,0.107655
7158,2013-04-04,7,4,0,0.107638
7159,2013-04-06,5,9,0,0.107622
7160,2013-04-09,8,5,0,0.107606
7161,2013-04-11,6,1,0,0.107589
7162,2013-04-13,9,8,0,0.107573
7163,2013-04-16,2,6,0,0.107556
7164,2013-04-18,7,3,0,0.10754
7165,2013-04-20,3,8,0,0.107524
7166,2013-04-23,6,2,0,0.107507
7167,2013-04-26,1,4,0,0.107491
7168,2013-04-27,6,4,0,0.107475
7169,2013-04-30,9,7,0,0.107458
7170,2013-05-02,7,6,0,0.107442
7171,2013-05-04,4,3,0,0.107425
7172,2013-05-07,6,4,0,0.107409
7173,2013-05-09,1,7,0,0.107393
7174,2013-05-11,9,4,0,0.107376
7175,2013-05-14,1,7,0,0.10736
7176,2013-05-16,8,4,0,0.107344
7177,2013-05-18,6,7,0,0.107327
7178,2013-05-21,4,8,0,0.107311
7179,2013-05-23,9,8,0,0.107295
7180,2013-05-25,9,9,1,0.10743
7181,2013-05-28,6,1,0,0.107414
7182,2013-05-30,6,8,0,0.107398
7183,2013-06-01,1,1,1,0.107533
7184,2013-06-04,5,4,0,0.107517
7185,2013-06-06,5,8,0,0.107501
7186,2013-06-08,7,3,0,0.107484
7187,2013-06-11,2,5,0,0.107468
7188,2013-06-13,6,7,0,0.107452
7189,2013-06-15,5,1,0,0.107436
7190,2013-06-18,3,6,0,0.107419
7191,2013-06-20,9,6,0,0.107403
7192,2013-06-22,3,9,0,0.107387
7193,2013-06-25,2,9,0,0.10737
7194,2013-06-27,1,8,0,0.107354
7195,2013-06-29,5,3,0,0.107338
7196,2013-07-02,9,8,0,0.107322
7197,2013-07-04,2,6,0,0.107305
7198,2013-07-06,5,3,0,0.107289
7199,2013-07-09,6,7,0,0.107273
7200,2013-07-11,3,8,0,0.107256
7201,2013-07-13,8,4,0,0.10724
7202,2013-07-16,8,9,0,0.107224
7203,2013-07-18,8,5,0,0.107208
7204,2013-07-20,3,5,0,0.107192
7205,2013-07-23,7,7,1,0.107327
7206,2013-07-25,6,4,0,0.10731
7207,2013-07-27,3,9,0,0.107294
7208,2013-07-30,6,4,0,0.107278
7209,2013-08-01,2,4,0,0.107262
7210,2013-08-03,5,3,0,0.107245
7211,2013-08-06,2,7,0,0.107229
7212,2013-08-08,9,3,0,0.107213
7213,2013-08-10,7,1,0,0.107197
7214,2013-08-13,5,3,0,0.107181
7215,2013-08-16,5,5,1,0.107316
7216,2013-08-17,7,3,0,0.107299
7217,2013-08-20,8,5,0,0.107283
7218,2013-08-22,6,3,0,0.107267
7219,2013-08-24,1,8,0,0.107251
7220,2013-08-27,8,4,0,0.107235
7221,2013-08-29,2,7,0,0.107218
7222,2013-08-31,2,1,0,0.107202
7223,2013-09-03,2,9,0,0.107186
7224,2013-09-05,6,9,0,0.10717
7225,2013-09-07,7,1,0,0.107154
7226,2013-09-10,7,6,0,0.107137
7227,2013-09-12,2,6,0,0.107121
7228,2013-09-14,7,7,1,0.107256
7229,2013-09-17,7,8,0,0.10724
7230,2013-09-19,5,2,0,0.107224
7231,2013-09-21,5,5,1,0.107358
7232,2013-09-24,5,3,0,0.107342
7233,2013-09-26,4,3,0,0.107326
7234,2013-09-28,4,8,0,0.10731
7235,2013-10-01,3,6,0,0.107294
7236,2013-10-03,5,4,0,0.107277
7237,2013-10-05,5,3,0,0.107261
7238,2013-10-08,2,3,0,0.107245
7239,2013-10-10,5,3,0,0.107229
7240,2013-10-12,5,7,0,0.107213
7241,2013-10-15,3,3,1,0.107347
7242,2013-10-17,9,6,0,0.107331
7243,2013-10-19,2,9,0,0.107315
7244,2013-10-22,8,3,0,0.107299
7245,2013-10-24,4,4,1,0.107433
7246,2013-10-26,1,7,0,0.107417
7247,2013-10-29,2,2,1,0.107551
7248,2013-10-31,8,8,1,0.107685
7249,2013-11-02,8,4,0,0.107669
7250,2013-11-05,9,5,0,0.107653
7251,2013-11-07,2,4,0,0.107637
7252,2013-11-09,1,3,0,0.107621
7253,2013-11-12,8,3,0,0.107604
7254,2013-11-14,2,7,0,0.107588
7255,2013-11-16,3,1,0,0.107572
7256,2013-11-19,1,1,1,0.107706
7257,2013-11-21,3,5,0,0.10769
7258,2013-11-23,5,3,0,0.107674
7259,2013-11-26,3,3,1,0.107808
7260,2013-11-28,4,6,0,0.107792
7261,2013-11-30,4,8,0,0.107775
7262,2013-12-03,2,6,0,0.107759
7263,2013-12-05,8,1,0,0.107743
7264,2013-12-07,5,4,0,0.107727
7265,2013-12-10,1,5,0,0.107711
7266,2013-12-12,1,3,0,0.107695
7267,2013-12-14,7,8,0,0.107678
7268,2013-12-17,3,9,0,0.107662
7269,2013-12-19,6,2,0,0.107646
7270,2013-12-21,4,4,1,0.10778
7271,2013-12-24,9,8,0,0.107764
7272,2013-12-27,7,9,0,0.107748
7273,2013-12-28,2,3,0,0.107731
7274,2013-12-31,4,7,0,0.107715
7275,2014-01-02,8,5,0,0.107699
7276,2014-01-04,7,9,0,0.107683
7277,2014-01-07,9,6,0,0.107667
7278,2014-01-09,8,1,0,0.107651
7279,2014-01-11,8,3,0,0.107635
7280,2014-01-14,4,5,0,0.107619
7281,2014-01-16,9,7,0,0.107603
7282,2014-01-18,4,9,0,0.107586
7283,2014-01-21,5,1,0,0.10757
7284,2014-01-23,1,9,0,0.107554
7285,2014-01-25,4,3,0,0.107538
7286,2014-01-28,1,5,0,0.107522
7287,2014-01-30,5,2,0,0.107506
7288,2014-02-01,7,8,0,0.10749
7289,2014-02-04,1,5,0,0.107474
7290,2014-02-06,3,9,0,0.107458
7291,2014-02-08,2,3,0,0.107442
7292,2014-02-11,6,8,0,0.107426
7293,2014-02-13,6,1,0,0.10741
7294,2014-02-15,3,1,0,0.107394
7295,2014-02-18,9,4,0,0.107378
7296,2014-02-20,4,9,0,0.107362
7297,2014-02-22,3,1,0,0.107345
7298,2014-02-25,8,4,0,0.107329
7299,2014-02-27,2,9,0,0.107313
7300,2014-03-01,5,1,0,0.107297
7301,2014-03-04,1,7,0,0.107281
7302,2014-03-06,2,3,0,0.107265
7303,2014-03-08,7,8,0,0.107249
7304,2014-03-11,8,8,1,0.107383
7305,2014-03-13,4,3,0,0.107367
7306,2014-03-15,1,7,0,0.107351
7307,2014-03-18,2,2,1,0.107484
7308,2014-03-20,3,8,0,0.107468
7309,2014-03-22,8,1,0,0.107452
7310,2014-03-25,5,9,0,0.107436
7311,2014-03-27,1,5,0,0.10742
7312,2014-03-29,3,3,1,0.107553
7313,2014-04-01,3,3,1,0.107685
7314,2014-04-03,6,1,0,0.107669
7315,2014-04-05,7,4,0,0.107653
7316,2014-04-08,9,6,0,0.107637
7317,2014-04-10,6,1,0,0.107621
7318,2014-04-12,5,8,0,0.107605
7319,2014-04-15,4,6,0,0.107589
7320,2014-04-17,8,8,1,0.107722
7321,2014-04-19,5,9,0,0.107706
7322,2014-04-22,5,5,1,0.107839
7323,2014-04-24,9,3,0,0.107823
7324,2014-04-26,3,6,0,0.107807
7325,2014-04-29,5,9,0,0.107791
7326,2014-05-02,8,3,0,0.107775
7327,2014-05-03,7,1,0,0.107759
7328,2014-05-06,7,6,0,0.107743
7329,2014-05-08,1,2,0,0.107727
7330,2014-05-10,1,9,0,0.107711
7331,2014-05-13,7,8,0,0.107695
7332,2014-05-15,9,9,1,0.107827
7333,2014-05-17,5,1,0,0.107811
7334,2014-05-20,7,2,0,0.107795
7335,2014-05-22,1,5,0,0.107779
7336,2014-05-24,3,9,0,0.107763
7337,2014-05-27,1,3,0,0.107747
7338,2014-05-29,9,5,0,0.107731
7339,2014-05-31,6,7,0,0.107715
7340,2014-06-03,6,8,0,0.107699
7341,2014-06-05,4,1,0,0.107683
7342,2014-06-07,9,8,0,0.107667
7343,2014-06-10,1,9,0,0.107651
7344,2014-06-12,7,4,0,0.107635
7345,2014-06-14,7,9,0,0.107619
7346,2014-06-17,9,2,0,0.107603
7347,2014-06-19,6,1,0,0.107587
7348,2014-06-21,8,6,0,0.107571
7349,2014-06-24,3,2,0,0.107556
7350,2014-06-26,3,7,0,0.10754
7351,2014-06-28,1,1,1,0.107672
7352,2014-07-01,4,5,0,0.107656
7353,2014-07-03,3,5,0,0.10764
7354,2014-07-05,8,4,0,0.107624
7355,2014-07-08,3,9,0,0.107608
7356,2014-07-10,2,7,0,0.107592
7357,2014-07-12,2,8,0,0.107576
7358,2014-07-15,4,9,0,0.10756
7359,2014-07-17,2,5,0,0.107544
7360,2014-07-19,5,1,0,0.107528
7361,2014-07-22,6,7,0,0.107513
7362,2014-07-24,4,8,0,0.107497
7363,2014-07-26,6,8,0,0.107481
7364,2014-07-29,1,7,0,0.107465
7365,2014-07-31,4,4,1,0.107597
7366,2014-08-02,5,5,1,0.107729
7367,2014-08-05,1,9,0,0.107713
7368,2014-08-07,5,3,0,0.107697
7369,2014-08-09,9,8,0,0.107681
7370,2014-08-12,6,6,1,0.107813
7371,2014-08-14,9,8,0,0.107797
7372,2014-08-16,2,6,0,0.107781
7373,2014-08-19,4,3,0,0.107765
7374,2014-08-21,5,5,1,0.107897
7375,2014-08-23,1,9,0,0.107881
7376,2014-08-26,8,3,0,0.107865
7377,2014-08-28,2,7,0,0.107849
7378,2014-08-30,2,1,0,0.107833
7379,2014-09-02,3,9,0,0.107817
7380,2014-09-04,7,1,0,0.107801
7381,2014-09-06,2,4,0,0.107785
7382,2014-09-09,3,7,0,0.107769
7383,2014-09-11,7,1,0,0.107754
7384,2014-09-13,9,4,0,0.107738
7385,2014-09-16,3,1,0,0.107722
7386,2014-09-18,8,9,0,0.107706
7387,2014-09-20,3,9,0,0.10769
7388,2014-09-23,2,7,0,0.107674
7389,2014-09-25,2,8,0,0.107658
7390,2014-09-27,5,9,0,0.107642
7391,2014-09-30,8,7,0,0.107627
7392,2014-10-02,7,1,0,0.107611
7393,2014-10-04,3,6,0,0.107595
7394,2014-10-07,7,2,0,0.107579
7395,2014-10-09,5,4,0,0.107563
7396,2014-10-11,2,5,0,0.107547
7397,2014-10-14,4,3,0,0.107532
7398,2014-10-16,7,5,0,0.107516
7399,2014-10-18,1,3,0,0.1075
7400,2014-10-21,6,9,0,0.107484
7401,2014-10-23,6,7,0,0.107468
7402,2014-10-25,4,1,0,0.107453
7403,2014-10-28,2,8,0,0.107437
7404,2014-10-30,6,1,0,0.107421
7405,2014-11-03,6,1,0,0.107405
7406,2014-11-04,9,1,0,0.107389
7407,2014-11-06,6,6,1,0.107521
7408,2014-11-08,3,8,0,0.107505
7409,2014-11-11,7,4,0,0.107489
7410,2014-11-13,8,4,0,0.107473
7411,2014-11-15,5,3,0,0.107457
7412,2014-11-18,1,5,0,0.107442
7413,2014-11-20,2,3,0,0.107426
7414,2014-11-22,3,8,0,0.10741
7415,2014-11-25,8,1,0,0.107394
7416,2014-11-27,4,3,0,0.107379
7417,2014-11-29,7,7,1,0.10751
7418,2014-12-02,8,3,0,0.107494
7419,2014-12-04,1,3,0,0.107478
7420,2014-12-06,5,7,0,0.107462
7421,2014-12-09,5,9,0,0.107446
7422,2014-12-11,4,3,0,0.107431
7423,2014-12-13,7,8,0,0.107415
7424,2014-12-16,4,3,0,0.107399
7425,2014-12-18,7,4,0,0.107384
7426,2014-12-20,3,3,1,0.107514
7427,2014-12-23,7,2,0,0.107499
7428,2014-12-24,1,4,0,0.107483
7429,2014-12-27,3,9,0,0.107467
7430,2014-12-30,9,3,0,0.107451
7431,2015-01-02,1,9,0,0.107436
7432,2015-01-03,3,4,0,0.10742
7433,2015-01-07,4,3,0,0.107404
7434,2015-01-08,4,8,0,0.107388
7435,2015-01-10,4,6,0,0.107373
7436,2015-01-13,7,6,0,0.107357
7437,2015-01-15,5,3,0,0.107341
7438,2015-01-17,3,5,0,0.107326
7439,2015-01-20,4,6,0,0.10731
7440,2015-01-22,6,8,0,0.107294
7441,2015-01-24,6,7,0,0.107279
7442,2015-01-27,4,1,0,0.107263
7443,2015-01-29,6,8,0,0.107247
7444,2015-01-31,1,7,0,0.107232
7445,2015-02-03,7,4,0,0.107216
7446,2015-02-05,8,9,0,0.1072
7447,2015-02-07,5,3,0,0.107185
7448,2015-02-10,4,5,0,0.107169
7449,2015-02-12,6,8,0,0.107153
7450,2015-02-14,2,7,0,0.107138
7451,2015-02-17,5,3,0,0.107122
7452,2015-02-19,7,7,1,0.107252
7453,2015-02-21,4,5,0,0.107237
7454,2015-02-24,2,4,0,0.107221
7455,2015-02-26,9,1,0,0.107205
7456,2015-02-28,8,1,0,0.10719
7457,2015-03-03,5,8,0,0.107174
7458,2015-03-05,7,5,0,0.107158
7459,2015-03-07,7,5,0,0.107143
7460,2015-03-10,5,2,0,0.107127
7461,2015-03-12,5,5,1,0.107257
7462,2015-03-14,2,3,0,0.107242
7463,2015-03-17,6,3,0,0.107226
7464,2015-03-19,3,1,0,0.10721
7465,2015-03-21,4,4,1,0.107341
7466,2015-03-24,1,8,0,0.107325
7467,2015-03-26,1,2,0,0.107309
7468,2015-03-28,1,8,0,0.107294
7469,2015-03-31,9,8,0,0.107278
7470,2015-04-02,4,6,0,0.107262
7471,2015-04-04,8,1,0,0.107247
7472,2015-04-07,9,9,1,0.107377
7473,2015-04-09,6,4,0,0.107361
7474,2015-04-11,2,8,0,0.107345
7475,2015-04-14,3,3,1,0.107475
7476,2015-04-16,2,1,0,0.10746
7477,2015-04-18,6,8,0,0.107444
7478,2015-04-21,8,1,0,0.107428
7479,2015-04-23,3,2,0,0.107413
7480,2015-04-27,3,7,0,0.107397
7481,2015-04-28,7,1,0,0.107382
7482,2015-04-30,5,4,0,0.107366
7483,2015-05-02,4,5,0,0.10735
7484,2015-05-05,2,8,0,0.107335
7485,2015-05-07,6,1,0,0.107319
7486,2015-05-09,9,1,0,0.107304
7487,2015-05-12,2,6,0,0.107288
7488,2015-05-14,8,3,0,0.107272
7489,2015-05-16,2,4,0,0.107257
7490,2015-05-19,9,1,0,0.107241
7491,2015-05-21,1,1,1,0.107371
7492,2015-05-23,3,4,0,0.107355
7493,2015-05-26,6,3,0,0.10734
7494,2015-05-28,6,4,0,0.107324
7495,2015-05-30,3,1,0,0.107309
7496,2015-06-03,5,4,0,0.107293
7497,2015-06-04,8,3,0,0.107277
7498,2015-06-06,7,1,0,0.107262
7499,2015-06-09,2,6,0,0.107246
7500,2015-06-11,5,7,0,0.107231
7501,2015-06-13,2,7,0,0.107215
7502,2015-06-16,8,3,0,0.1072
7503,2015-06-18,3,4,0,0.107184
7504,2015-06-20,3,7,0,0.107169
7505,2015-06-23,1,1,1,0.107298
7506,2015-06-25,1,5,0,0.107282
7507,2015-06-27,6,8,0,0.107267
7508,2015-06-30,4,7,0,0.107251
7509,2015-07-02,2,8,0,0.107236
7510,2015-07-04,6,1,0,0.10722
7511,2015-07-07,7,1,0,0.107205
7512,2015-07-09,6,6,1,0.107334
7513,2015-07-11,2,9,0,0.107318
7514,2015-07-14,8,3,0,0.107303
7515,2015-07-16,7,4,0,0.107287
7516,2015-07-18,4,6,0,0.107272
7517,2015-07-21,3,4,0,0.107256
7518,2015-07-23,7,4,0,0.107241
7519,2015-07-25,3,4,0,0.107225
7520,2015-07-28,1,2,0,0.10721
7521,2015-07-30,7,1,0,0.107194
7522,2015-08-01,5,9,0,0.107179
7523,2015-08-04,8,5,0,0.107163
7524,2015-08-06,9,7,0,0.107148
7525,2015-08-08,6,4,0,0.107133
7526,2015-08-11,1,8,0,0.107117
7527,2015-08-13,6,4,0,0.107102
7528,2015-08-17,3,7,0,0.107086
7529,2015-08-18,2,4,0,0.107071
7530,2015-08-20,4,8,0,0.107055
7531,2015-08-22,5,5,1,0.107184
7532,2015-08-25,4,9,0,0.107169
7533,2015-08-27,8,8,1,0.107297
7534,2015-08-29,6,9,0,0.107282
7535,2015-09-01,6,8,0,0.107266
7536,2015-09-03,1,1,1,0.107395
7537,2015-09-05,3,4,0,0.10738
7538,2015-09-08,1,3,0,0.107364
7539,2015-09-10,2,7,0,0.107349
7540,2015-09-12,8,8,1,0.107477
7541,2015-09-15,9,4,0,0.107462
7542,2015-09-17,3,4,0,0.107446
7543,2015-09-19,2,9,0,0.107431
7544,2015-09-22,4,8,0,0.107415
7545,2015-09-24,1,5,0,0.1074
7546,2015-09-26,8,2,0,0.107384
7547,2015-09-29,5,7,0,0.107369
7548,2015-10-01,4,5,0,0.107354
7549,2015-10-03,2,8,0,0.107338
7550,2015-10-06,1,1,1,0.107467
7551,2015-10-08,7,3,0,0.107451
7552,2015-10-10,6,9,0,0.107436
7553,2015-10-13,3,9,0,0.10742
7554,2015-10-15,9,4,0,0.107405
7555,2015-10-17,3,9,0,0.107389
7556,2015-10-20,6,9,0,0.107374
7557,2015-10-22,5,4,0,0.107358
7558,2015-10-24,2,6,0,0.107343
7559,2015-10-27,6,3,0,0.107328
7560,2015-10-29,4,1,0,0.107312
7561,2015-10-31,3,8,0,0.107297
7562,2015-11-03,2,4,0,0.107281
7563,2015-11-05,5,8,0,0.107266
7564,2015-11-07,2,7,0,0.107251
7565,2015-11-10,5,6,0,0.107235
7566,2015-11-12,1,7,0,0.10722
7567,2015-11-14,8,3,0,0.107204
7568,2015-11-17,6,7,0,0.107189
7569,2015-11-19,6,8,0,0.107174
7570,2015-11-21,2,1,0,0.107158
7571,2015-11-24,3,3,1,0.107286
7572,2015-11-26,1,1,1,0.107414
7573,2015-11-28,1,2,0,0.107399
7574,2015-12-01,2,8,0,0.107384
7575,2015-12-03,3,8,0,0.107368
7576,2015-12-05,2,1,0,0.107353
7577,2015-12-09,4,8,0,0.107337
7578,2015-12-10,2,5,0,0.107322
7579,2015-12-12,9,1,0,0.107307
7580,2015-12-15,7,1,0,0.107291
7581,2015-12-17,8,3,0,0.107276
7582,2015-12-19,8,3,0,0.10726
7583,2015-12-22,7,5,0,0.107245
7584,2015-12-24,2,6,0,0.10723
7585,2015-12-28,7,7,1,0.107358
7586,2015-12-29,7,8,0,0.107342
7587,2015-12-31,7,2,0,0.107327
7588,2016-01-02,6,2,0,0.107311
7589,2016-01-05,9,9,1,0.107439
7590,2016-01-07,7,6,0,0.107424
7591,2016-01-09,4,3,0,0.107408
7592,2016-01-12,1,4,0,0.107393
7593,2016-01-14,4,2,0,0.107378
7594,2016-01-16,4,5,0,0.107362
7595,2016-01-19,4,6,0,0.107347
7596,2016-01-21,4,6,0,0.107332
7597,2016-01-23,7,6,0,0.107316
7598,2016-01-26,1,3,0,0.107301
7599,2016-01-28,1,9,0,0.107286
7600,2016-01-30,3,8,0,0.10727
7601,2016-02-02,2,3,0,0.107255
7602,2016-02-04,8,8,1,0.107383
7603,2016-02-06,2,4,0,0.107367
7604,2016-02-09,5,1,0,0.107352
7605,2016-02-11,2,7,0,0.107337
7606,2016-02-13,7,5,0,0.107321
7607,2016-02-16,8,8,1,0.107449
7608,2016-02-18,6,8,0,0.107433
7609,2016-02-20,5,8,0,0.107418
7610,2016-02-23,3,6,0,0.107403
7611,2016-02-25,7,6,0,0.107387
7612,2016-02-27,5,4,0,0.107372
7613,2016-03-01,1,5,0,0.107357
7614,2016-03-03,7,3,0,0.107341
7615,2016-03-05,9,9,1,0.107469
7616,2016-03-08,9,1,0,0.107453
7617,2016-03-10,6,1,0,0.107438
7618,2016-03-12,7,8,0,0.107423
7619,2016-03-15,7,6,0,0.107407
7620,2016-03-17,2,6,0,0.107392
7621,2016-03-19,2,7,0,0.107377
7622,2016-03-22,1,9,0,0.107362
7623,2016-03-24,5,3,0,0.107346
7624,2016-03-26,1,9,0,0.107331
7625,2016-03-29,6,3,0,0.107316
7626,2016-03-31,2,7,0,0.1073
7627,2016-04-02,6,3,0,0.107285
7628,2016-04-05,4,1,0,0.10727
7629,2016-04-07,2,8,0,0.107255
7630,2016-04-09,8,1,0,0.107239
7631,2016-04-12,5,4,0,0.107224
7632,2016-04-14,2,5,0,0.107209
7633,2016-04-16,4,5,0,0.107194
7634,2016-04-19,6,5,0,0.107178
7635,2016-04-21,8,7,0,0.107163
7636,2016-04-23,1,2,0,0.107148
7637,2016-04-26,5,7,0,0.107133
7638,2016-04-28,3,9,0,0.107117
7639,2016-04-30,9,6,0,0.107102
7640,2016-05-03,4,9,0,0.107087
7641,2016-05-05,6,1,0,0.107072
7642,2016-05-07,2,7,0,0.107057
7643,2016-05-10,5,3,0,0.107041
7644,2016-05-12,2,7,0,0.107026
7645,2016-05-14,8,5,0,0.107011
7646,2016-05-17,1,4,0,0.106996
7647,2016-05-19,6,7,0,0.106981
7648,2016-05-21,1,7,0,0.106966
7649,2016-05-24,9,4,0,0.10695
7650,2016-05-26,6,6,1,0.107077
7651,2016-05-28,3,8,0,0.107062
7652,2016-05-31,2,4,0,0.107047
7653,2016-06-03,5,8,0,0.107031
7654,2016-06-04,2,7,0,0.107016
7655,2016-06-07,7,5,0,0.107001
7656,2016-06-09,9,8,0,0.106986
7657,2016-06-11,7,1,0,0.106971
7658,2016-06-14,1,3,0,0.106956
7659,2016-06-16,6,9,0,0.106941
7660,2016-06-18,7,7,1,0.107067
7661,2016-06-21,8,6,0,0.107052
7662,2016-06-23,6,8,0,0.107037
7663,2016-06-25,6,8,0,0.107022
7664,2016-06-28,1,1,1,0.107148
7665,2016-06-30,7,4,0,0.107133
7666,2016-07-02,1,9,0,0.107118
7667,2016-07-05,7,9,0,0.107102
7668,2016-07-07,7,9,0,0.107087
7669,2016-07-09,7,2,0,0.107072
7670,2016-07-12,7,2,0,0.107057
7671,2016-07-14,6,2,0,0.107042
7672,2016-07-16,1,9,0,0.107027
7673,2016-07-19,4,4,1,0.107153
7674,2016-07-21,7,5,0,0.107138
7675,2016-07-23,1,3,0,0.107123
7676,2016-07-26,2,7,0,0.107108
7677,2016-07-28,5,8,0,0.107092
7678,2016-07-30,9,7,0,0.107077
7679,2016-08-02,8,6,0,0.107062
7680,2016-08-04,4,8,0,0.107047
7681,2016-08-06,1,7,0,0.107032
7682,2016-08-09,8,2,0,0.107017
7683,2016-08-11,6,7,0,0.107002
7684,2016-08-13,8,8,1,0.107128
7685,2016-08-16,4,2,0,0.107113
7686,2016-08-18,3,7,0,0.107098
7687,2016-08-20,7,4,0,0.107082
7688,2016-08-23,8,4,0,0.107067
7689,2016-08-25,1,8,0,0.107052
7690,2016-08-27,1,7,0,0.107037
7691,2016-08-30,3,8,0,0.107022
7692,2016-09-01,6,3,0,0.107007
7693,2016-09-03,5,4,0,0.106992
7694,2016-09-06,3,6,0,0.106977
7695,2016-09-08,5,6,0,0.106962
7696,2016-09-10,7,3,0,0.106947
7697,2016-09-13,6,5,0,0.106932
7698,2016-09-15,6,9,0,0.106916
7699,2016-09-17,5,1,0,0.106901
7700,2016-09-20,5,6,0,0.106886
7701,2016-09-22,9,3,0,0.106871
7702,2016-09-24,9,6,0,0.106856
7703,2016-09-27,6,1,0,0.106841
7704,2016-09-29,8,3,0,0.106826
7705,2016-10-01,1,2,0,0.106811
7706,2016-10-04,3,7,0,0.106796
7707,2016-10-06,2,3,0,0.106781
7708,2016-10-08,7,8,0,0.106766
7709,2016-10-11,8,8,1,0.106892
7710,2016-10-13,4,8,0,0.106877
7711,2016-10-15,9,7,0,0.106862
7712,2016-10-18,6,9,0,0.106847
7713,2016-10-20,3,8,0,0.106832
7714,2016-10-22,2,4,0,0.106817
7715,2016-10-25,8,8,1,0.106942
7716,2016-10-27,4,4,1,0.107068
7717,2016-10-29,5,7,0,0.107053
7718,2016-11-02,3,9,0,0.107038
7719,2016-11-03,4,6,0,0.107022
7720,2016-11-05,1,8,0,0.107007
7721,2016-11-08,6,2,0,0.106992
7722,2016-11-10,6,7,0,0.106977
7723,2016-11-12,7,1,0,0.106962
7724,2016-11-15,7,6,0,0.106947
7725,2016-11-17,6,6,1,0.107073
7726,2016-11-19,2,9,0,0.107058
7727,2016-11-22,2,3,0,0.107043
7728,2016-11-24,1,9,0,0.107028
7729,2016-11-26,4,3,0,0.107013
7730,2016-11-29,6,5,0,0.106998
7731,2016-12-01,8,7,0,0.106983
7732,2016-12-03,9,2,0,0.106968
7733,2016-12-06,4,4,1,0.107093
7734,2016-12-09,1,1,1,0.107218
7735,2016-12-10,7,2,0,0.107203
7736,2016-12-13,2,9,0,0.107188
7737,2016-12-15,6,7,0,0.107173
7738,2016-12-17,8,1,0,0.107158
7739,2016-12-20,6,2,0,0.107143
7740,2016-12-22,4,8,0,0.107128
7741,2016-12-24,3,8,0,0.107113
7742,2016-12-27,8,4,0,0.107098
7743,2016-12-29,9,3,0,0.107083
7744,2016-12-31,8,4,0,0.107068
7745,2017-01-03,2,8,0,0.107053
7746,2017-01-05,7,1,0,0.107038
7747,2017-01-07,4,8,0,0.107023
7748,2017-01-10,6,4,0,0.107008
7749,2017-01-12,5,7,0,0.106993
7750,2017-01-14,8,6,0,0.106978
7751,2017-01-17,4,7,0,0.106963
7752,2017-01-19,1,7,0,0.106948
7753,2017-01-21,5,2,0,0.106933
7754,2017-01-24,6,9,0,0.106918
7755,2017-01-26,2,8,0,0.106903
7756,2017-01-28,4,3,0,0.106888
7757,2017-01-31,7,5,0,0.106873
7758,2017-02-02,6,3,0,0.106858
7759,2017-02-04,6,9,0,0.106844
7760,2017-02-07,3,1,0,0.106829
7761,2017-02-09,7,4,0,0.106814
7762,2017-02-11,1,4,0,0.106799
7763,2017-02-14,2,7,0,0.106784
7764,2017-02-16,8,8,1,0.106909
7765,2017-02-18,3,4,0,0.106894
7766,2017-02-21,8,7,0,0.106879
7767,2017-02-23,4,9,0,0.106864
7768,2017-02-25,9,7,0,0.106849
7769,2017-02-28,8,9,0,0.106834
7770,2017-03-02,7,8,0,0.106819
7771,2017-03-04,3,2,0,0.106804
7772,2017-03-07,5,2,0,0.106789
7773,2017-03-09,1,3,0,0.106774
7774,2017-03-11,2,3,0,0.10676
7775,2017-03-14,1,8,0,0.106745
7776,2017-03-16,4,3,0,0.10673
7777,2017-03-18,9,5,0,0.106715
7778,2017-03-21,9,9,1,0.106839
7779,2017-03-23,8,1,0,0.106825
7780,2017-03-25,2,8,0,0.10681
7781,2017-03-28,2,1,0,0.106795
7782,2017-03-30,3,9,0,0.10678
7783,2017-04-01,1,1,1,0.106904
7784,2017-04-04,6,1,0,0.106889
7785,2017-04-06,2,7,0,0.106874
7786,2017-04-08,1,3,0,0.10686
7787,2017-04-11,3,3,1,0.106984
7788,2017-04-13,9,3,0,0.106969
7789,2017-04-15,5,9,0,0.106954
7790,2017-04-18,6,2,0,0.106939
7791,2017-04-20,7,8,0,0.106924
7792,2017-04-22,2,6,0,0.106909
7793,2017-04-26,7,7,1,0.107034
7794,2017-04-27,7,8,0,0.107019
7795,2017-04-29,2,6,0,0.107004
7796,2017-05-02,7,7,1,0.107128
7797,2017-05-04,6,8,0,0.107113
7798,2017-05-06,8,9,0,0.107098
7799,2017-05-09,1,6,0,0.107083
7800,2017-05-11,8,7,0,0.107068
7801,2017-05-13,5,7,0,0.107054
7802,2017-05-16,8,5,0,0.107039
7803,2017-05-18,5,7,0,0.107024
7804,2017-05-20,2,5,0,0.107009
7805,2017-05-23,2,7,0,0.106994
7806,2017-05-25,1,9,0,0.106979
7807,2017-05-27,7,3,0,0.106964
7808,2017-05-30,8,9,0,0.10695
7809,2017-06-01,2,8,0,0.106935
7810,2017-06-03,5,1,0,0.10692
7811,2017-06-06,9,7,0,0.106905
7812,2017-06-08,1,6,0,0.10689
7813,2017-06-10,1,4,0,0.106876
7814,2017-06-13,7,8,0,0.106861
7815,2017-06-15,3,9,0,0.106846
7816,2017-06-17,7,2,0,0.106831
7817,2017-06-20,4,4,1,0.106955
7818,2017-06-22,1,4,0,0.10694
7819,2017-06-24,1,2,0,0.106925
7820,2017-06-27,3,8,0,0.10691
7821,2017-06-29,8,3,0,0.106896
7822,2017-07-01,6,9,0,0.106881
7823,2017-07-04,4,8,0,0.106866
7824,2017-07-06,4,8,0,0.106851
7825,2017-07-08,2,7,0,0.106836
7826,2017-07-11,6,1,0,0.106822
7827,2017-07-13,6,1,0,0.106807
7828,2017-07-15,2,1,0,0.106792
7829,2017-07-18,1,3,0,0.106777
7830,2017-07-20,9,3,0,0.106763
7831,2017-07-22,1,6,0,0.106748
7832,2017-07-25,7,4,0,0.106733
7833,2017-07-27,1,9,0,0.106718
7834,2017-07-29,7,7,1,0.106842
7835,2017-08-01,9,9,1,0.106965
7836,2017-08-03,4,1,0,0.10695
7837,2017-08-05,6,1,0,0.106936
7838,2017-08-08,7,7,1,0.107059
7839,2017-08-10,5,6,0,0.107044
7840,2017-08-12,2,5,0,0.107029
7841,2017-08-16,1,7,0,0.107015
7842,2017-08-17,7,3,0,0.107
7843,2017-08-19,1,9,0,0.106985
7844,2017-08-22,4,7,0,0.10697
7845,2017-08-24,8,5,0,0.106956
7846,2017-08-26,6,9,0,0.106941
7847,2017-08-29,8,8,1,0.107064
7848,2017-08-31,7,6,0,0.107049
7849,2017-09-02,7,2,0,0.107034
7850,2017-09-05,6,6,1,0.107158
7851,2017-09-07,6,9,0,0.107143
7852,2017-09-09,1,1,1,0.107266
7853,2017-09-12,8,4,0,0.107251
7854,2017-09-14,6,7,0,0.107236
7855,2017-09-16,5,8,0,0.107222
7856,2017-09-19,2,6,0,0.107207
7857,2017-09-21,8,7,0,0.107192
7858,2017-09-23,5,4,0,0.107177
7859,2017-09-26,7,5,0,0.107163
7860,2017-09-28,4,5,0,0.107148
7861,2017-09-30,3,4,0,0.107133
7862,2017-10-03,8,4,0,0.107118
7863,2017-10-05,2,9,0,0.107104
7864,2017-10-07,5,1,0,0.107089
7865,2017-10-10,6,7,0,0.107074
7866,2017-10-12,3,7,0,0.107059
7867,2017-10-14,3,4,0,0.107045
7868,2017-10-17,4,1,0,0.10703
7869,2017-10-19,6,8,0,0.107015
7870,2017-10-21,5,7,0,0.107
7871,2017-10-24,1,2,0,0.106986
7872,2017-10-26,6,3,0,0.106971
7873,2017-10-28,4,7,0,0.106956
7874,2017-10-31,4,8,0,0.106942
7875,2017-11-02,6,7,0,0.106927
7876,2017-11-04,5,7,0,0.106912
7877,2017-11-07,3,2,0,0.106897
7878,2017-11-09,8,6,0,0.106883
7879,2017-11-11,6,9,0,0.106868
7880,2017-11-14,6,8,0,0.106853
7881,2017-11-16,1,1,1,0.106976
7882,2017-11-18,7,4,0,0.106961
7883,2017-11-21,9,9,1,0.107084
7884,2017-11-23,8,1,0,0.107069
7885,2017-11-25,2,8,0,0.107055
7886,2017-11-28,3,5,0,0.10704
7887,2017-11-30,2,1,0,0.107025
7888,2017-12-02,9,8,0,0.107011
7889,2017-12-05,7,1,0,0.106996
7890,2017-12-07,6,3,0,0.106981
7891,2017-12-09,2,9,0,0.106967
7892,2017-12-12,8,3,0,0.106952
7893,2017-12-14,8,4,0,0.106937
7894,2017-12-16,3,5,0,0.106923
7895,2017-12-19,3,7,0,0.106908
7896,2017-12-21,4,1,0,0.106893
7897,2017-12-23,4,8,0,0.106879
7898,2017-12-27,1,6,0,0.106864
7899,2017-12-28,6,2,0,0.106849
7900,2017-12-30,6,7,0,0.106835
7901,2018-01-02,5,1,0,0.10682
7902,2018-01-04,5,3,0,0.106805
7903,2018-01-08,1,3,0,0.106791
7904,2018-01-09,4,3,0,0.106776
7905,2018-01-11,9,5,0,0.106762
7906,2018-01-13,5,9,0,0.106747
7907,2018-01-16,8,2,0,0.106732
7908,2018-01-18,6,7,0,0.106718
7909,2018-01-20,6,8,0,0.106703
7910,2018-01-23,4,1,0,0.106689
7911,2018-01-25,5,8,0,0.106674
7912,2018-01-27,9,9,1,0.106796
7913,2018-01-30,3,6,0,0.106782
7914,2018-02-01,7,9,0,0.106767
7915,2018-02-03,2,4,0,0.106752
7916,2018-02-06,6,7,0,0.106738
7917,2018-02-08,7,1,0,0.106723
7918,2018-02-10,7,6,0,0.106709
7919,2018-02-13,7,6,0,0.106694
7920,2018-02-15,1,6,0,0.106679
7921,2018-02-17,2,7,0,0.106665
7922,2018-02-20,9,8,0,0.10665
7923,2018-02-22,7,1,0,0.106636
7924,2018-02-24,1,3,0,0.106621
7925,2018-02-27,4,7,0,0.106607
7926,2018-03-01,2,5,0,0.106592
7927,2018-03-03,4,1,0,0.106578
7928,2018-03-06,8,5,0,0.106563
7929,2018-03-08,5,9,0,0.106548
7930,2018-03-10,6,5,0,0.106534
7931,2018-03-13,5,7,0,0.106519
7932,2018-03-15,5,3,0,0.106505
7933,2018-03-17,2,3,0,0.10649
7934,2018-03-20,8,7,0,0.106476
7935,2018-03-22,8,4,0,0.106461
7936,2018-03-24,1,5,0,0.106447
7937,2018-03-27,1,7,0,0.106432
7938,2018-03-29,6,8,0,0.106418
7939,2018-03-31,2,7,0,0.106403
7940,2018-04-03,6,3,0,0.106389
7941,2018-04-05,1,1,1,0.10651
7942,2018-04-07,1,4,0,0.106496
7943,2018-04-10,3,8,0,0.106481
7944,2018-04-12,9,3,0,0.106467
7945,2018-04-14,8,9,0,0.106452
7946,2018-04-17,2,8,0,0.106438
7947,2018-04-19,6,5,0,0.106424
7948,2018-04-21,7,1,0,0.106409
7949,2018-04-24,4,6,0,0.106395
7950,2018-04-26,2,3,0,0.10638
7951,2018-04-28,3,1,0,0.106366
7952,2018-05-02,4,1,0,0.106351
7953,2018-05-03,1,8,0,0.106337
7954,2018-05-05,8,2,0,0.106322
7955,2018-05-08,2,7,0,0.106308
7956,2018-05-10,9,5,0,0.106293
7957,2018-05-12,2,1,0,0.106279
7958,2018-05-15,4,3,0,0.106264
7959,2018-05-17,4,5,0,0.10625
7960,2018-05-19,1,6,0,0.106236
7961,2018-05-22,4,2,0,0.106221
7962,2018-05-24,5,5,1,0.106343
7963,2018-05-26,1,9,0,0.106328
7964,2018-05-29,4,3,0,0.106314
7965,2018-05-31,9,5,0,0.106299
7966,2018-06-04,8,9,0,0.106285
7967,2018-06-05,3,8,0,0.10627
7968,2018-06-07,4,7,0,0.106256
7969,2018-06-09,2,8,0,0.106242
7970,2018-06-12,1,1,1,0.106363
7971,2018-06-14,6,3,0,0.106348
7972,2018-06-16,9,7,0,0.106334
7973,2018-06-19,5,6,0,0.10632
7974,2018-06-21,6,2,0,0.106305
7975,2018-06-23,6,7,0,0.106291
7976,2018-06-26,2,1,0,0.106276
7977,2018-06-28,6,3,0,0.106262
7978,2018-06-30,7,1,0,0.106247
7979,2018-07-03,7,6,0,0.106233
7980,2018-07-05,9,6,0,0.106219
7981,2018-07-07,6,1,0,0.106204
7982,2018-07-10,3,3,1,0.106325
7983,2018-07-12,2,4,0,0.106311
7984,2018-07-14,3,8,0,0.106297
7985,2018-07-17,6,1,0,0.106282
7986,2018-07-19,8,4,0,0.106268
7987,2018-07-21,4,6,0,0.106253
7988,2018-07-24,9,7,0,0.106239
7989,2018-07-26,6,9,0,0.106225
7990,2018-07-28,2,3,0,0.10621
7991,2018-07-31,4,3,0,0.106196
7992,2018-08-02,9,5,0,0.106182
7993,2018-08-04,1,9,0,0.106167
7994,2018-08-07,9,4,0,0.106153
7995,2018-08-09,4,6,0,0.106138
7996,2018-08-11,5,1,0,0.106124
7997,2018-08-14,4,9,0,0.10611
7998,2018-08-16,1,8,0,0.106095
7999,2018-08-18,3,2,0,0.106081
8000,2018-08-21,5,3,0,0.106067
8001,2018-08-23,8,3,0,0.106052
8002,2018-08-25,2,7,0,0.106038
8003,2018-08-28,2,5,0,0.106024
8004,2018-08-30,3,9,0,0.106009
8005,2018-09-01,1,1,1,0.10613
8006,2018-09-04,7,1,0,0.106116
8007,2018-09-06,5,9,0,0.106102
8008,2018-09-08,7,5,0,0.106087
8009,2018-09-11,3,5,0,0.106073
8010,2018-09-13,2,2,1,0.106193
8011,2018-09-15,7,8,0,0.106179
8012,2018-09-18,2,8,0,0.106165
8013,2018-09-20,4,7,0,0.106151
8014,2018-09-22,2,5,0,0.106136
8015,2018-09-25,7,1,0,0.106122
8016,2018-09-27,4,8,0,0.106108
8017,2018-09-29,6,3,0,0.106093
8018,2018-10-02,3,7,0,0.106079
8019,2018-10-04,4,4,1,0.106199
8020,2018-10-06,1,8,0,0.106185
8021,2018-10-09,8,2,0,0.106171
8022,2018-10-11,1,7,0,0.106157
8023,2018-10-13,6,1,0,0.106142
8024,2018-10-16,2,7,0,0.106128
8025,2018-10-18,8,3,0,0.106114
8026,2018-10-20,4,4,1,0.106234
8027,2018-10-23,5,7,0,0.10622
8028,2018-10-25,3,9,0,0.106205
8029,2018-10-27,8,6,0,0.106191
8030,2018-10-30,8,9,0,0.106177
8031,2018-11-02,6,5,0,0.106163
8032,2018-11-03,3,8,0,0.106148
8033,2018-11-06,9,4,0,0.106134
8034,2018-11-08,5,9,0,0.10612
8035,2018-11-10,9,2,0,0.106105
8036,2018-11-13,9,6,0,0.106091
8037,2018-11-15,9,1,0,0.106077
8038,2018-11-17,1,1,1,0.106197
8039,2018-11-20,8,4,0,0.106183
8040,2018-11-22,8,7,0,0.106169
8041,2018-11-24,3,6,0,0.106154
8042,2018-11-27,9,7,0,0.10614
8043,2018-11-29,7,9,0,0.106126
8044,2018-12-01,8,3,0,0.106111
8045,2018-12-04,5,8,0,0.106097
8046,2018-12-06,5,5,1,0.106217
8047,2018-12-10,7,3,0,0.106203
8048,2018-12-11,5,5,1,0.106323
8049,2018-12-13,1,5,0,0.106309
8050,2018-12-15,7,3,0,0.106294
8051,2018-12-18,2,9,0,0.10628
8052,2018-12-20,2,7,0,0.106266
8053,2018-12-22,1,9,0,0.106252
8054,2018-12-24,6,3,0,0.106237
8055,2018-12-27,5,7,0,0.106223
8056,2018-12-29,8,3,0,0.106209
8057,2019-01-02,4,7,0,0.106195
8058,2019-01-03,7,7,1,0.106315
8059,2019-01-05,1,3,0,0.1063
8060,2019-01-08,6,7,0,0.106286
8061,2019-01-10,9,7,0,0.106272
8062,2019-01-12,4,6,0,0.106258
8063,2019-01-15,4,1,0,0.106243
8064,2019-01-17,2,6,0,0.106229
8065,2019-01-19,3,1,0,0.106215
8066,2019-01-22,6,1,0,0.106201
8067,2019-01-24,5,4,0,0.106186
8068,2019-01-26,7,3,0,0.106172
8069,2019-01-29,4,5,0,0.106158
8070,2019-01-31,6,3,0,0.106144
8071,2019-02-02,3,7,0,0.10613
8072,2019-02-05,7,4,0,0.106115
8073,2019-02-07,4,4,1,0.106235
8074,2019-02-09,7,3,0,0.106221
8075,2019-02-12,8,3,0,0.106207
8076,2019-02-14,5,8,0,0.106192
8077,2019-02-16,9,5,0,0.106178
8078,2019-02-19,8,6,0,0.106164
8079,2019-02-21,1,3,0,0.10615
8080,2019-02-23,6,1,0,0.106136
8081,2019-02-26,9,9,1,0.106255
8082,2019-02-28,6,6,1,0.106374
8083,2019-03-02,3,3,1,0.106494
8084,2019-03-05,8,4,0,0.10648
8085,2019-03-07,8,9,0,0.106465
8086,2019-03-09,8,6,0,0.106451
8087,2019-03-12,5,6,0,0.106437
8088,2019-03-14,7,5,0,0.106423
8089,2019-03-16,6,5,0,0.106409
8090,2019-03-19,2,9,0,0.106394
8091,2019-03-21,3,3,1,0.106514
8092,2019-03-23,7,1,0,0.106499
8093,2019-03-26,1,4,0,0.106485
8094,2019-03-28,1,7,0,0.106471
8095,2019-03-30,4,8,0,0.106457
8096,2019-04-02,3,5,0,0.106443
8097,2019-04-04,8,4,0,0.106428
8098,2019-04-06,5,9,0,0.106414
8099,2019-04-09,5,5,1,0.106533
8100,2019-04-11,1,3,0,0.106519
8101,2019-04-13,7,3,0,0.106505
8102,2019-04-16,8,9,0,0.106491
8103,2019-04-18,5,8,0,0.106477
8104,2019-04-20,5,5,1,0.106596
8105,2019-04-23,2,1,0,0.106581
8106,2019-04-26,3,8,0,0.106567
8107,2019-04-27,3,1,0,0.106553
8108,2019-04-30,1,1,1,0.106672
8109,2019-05-02,5,7,0,0.106658
8110,2019-05-04,1,9,0,0.106644
8111,2019-05-07,7,3,0,0.106629
8112,2019-05-09,3,9,0,0.106615
8113,2019-05-11,6,2,0,0.106601
8114,2019-05-14,9,4,0,0.106587
8115,2019-05-16,5,6,0,0.106573
8116,2019-05-18,9,2,0,0.106558
8117,2019-05-21,9,6,0,0.106544
8118,2019-05-23,6,1,0,0.10653
8119,2019-05-25,3,3,1,0.106649
8120,2019-05-28,4,4,1,0.106768
8121,2019-05-30,6,8,0,0.106754
8122,2019-06-01,1,7,0,0.106739
8123,2019-06-04,3,4,0,0.106725
8124,2019-06-06,1,3,0,0.106711
8125,2019-06-08,8,7,0,0.106697
8126,2019-06-11,7,7,1,0.106815
8127,2019-06-13,1,2,0,0.106801
8128,2019-06-15,8,7,0,0.106787
8129,2019-06-18,4,7,0,0.106773
8130,2019-06-20,3,7,0,0.106759
8131,2019-06-22,9,4,0,0.106745
8132,2019-06-25,2,9,0,0.10673
8133,2019-06-27,3,3,1,0.106849
8134,2019-06-29,9,1,0,0.106835
8135,2019-07-02,6,9,0,0.106821
8136,2019-07-04,9,3,0,0.106806
8137,2019-07-06,1,6,0,0.106792
8138,2019-07-09,3,4,0,0.106778
8139,2019-07-11,2,3,0,0.106764
8140,2019-07-13,4,8,0,0.10675
8141,2019-07-16,5,5,1,0.106868
8142,2019-07-18,7,9,0,0.106854
8143,2019-07-20,9,5,0,0.10684
8144,2019-07-23,7,1,0,0.106826
8145,2019-07-25,7,3,0,0.106812
8146,2019-07-27,3,6,0,0.106797
8147,2019-07-30,6,2,0,0.106783
8148,2019-08-01,2,4,0,0.106769
8149,2019-08-03,1,3,0,0.106755
8150,2019-08-06,5,3,0,0.106741
8151,2019-08-08,3,9,0,0.106727
8152,2019-08-10,8,6,0,0.106713
8153,2019-08-13,6,9,0,0.106698
8154,2019-08-16,7,8,0,0.106684
8155,2019-08-17,3,6,0,0.10667
8156,2019-08-20,6,2,0,0.106656
8157,2019-08-22,4,4,1,0.106774
8158,2019-08-24,2,8,0,0.10676
8159,2019-08-27,7,1,0,0.106746
8160,2019-08-29,2,8,0,0.106732
8161,2019-08-31,8,7,0,0.106718
8162,2019-09-03,3,4,0,0.106704
8163,2019-09-05,6,7,0,0.10669
8164,2019-09-07,8,4,0,0.106675
8165,2019-09-10,5,6,0,0.106661
8166,2019-09-12,7,5,0,0.106647
8167,2019-09-14,5,5,1,0.106765
8168,2019-09-17,9,5,0,0.106751
8169,2019-09-19,8,6,0,0.106737
8170,2019-09-21,6,3,0,0.106723
8171,2019-09-24,2,8,0,0.106709
8172,2019-09-26,1,3,0,0.106695
8173,2019-09-28,7,3,0,0.106681
8174,2019-10-01,6,9,0,0.106667
8175,2019-10-03,2,9,0,0.106653
8176,2019-10-05,8,3,0,0.106639
8177,2019-10-08,9,4,0,0.106624
8178,2019-10-10,1,4,0,0.10661
8179,2019-10-12,3,4,0,0.106596
8180,2019-10-15,7,2,0,0.106582
8181,2019-10-17,7,4,0,0.106568
8182,2019-10-19,9,6,0,0.106554
8183,2019-10-22,8,1,0,0.10654
8184,2019-10-24,5,3,0,0.106526
8185,2019-10-26,8,5,0,0.106512
8186,2019-10-29,3,7,0,0.106498
8187,2019-10-31,2,7,0,0.106484
8188,2019-11-02,5,8,0,0.10647
8189,2019-11-05,9,7,0,0.106456
8190,2019-11-07,7,6,0,0.106442
8191,2019-11-09,1,3,0,0.106428
8192,2019-11-12,3,7,0,0.106414
8193,2019-11-14,2,2,1,0.106531
8194,2019-11-16,6,8,0,0.106517
8195,2019-11-19,8,7,0,0.106503
8196,2019-11-21,2,6,0,0.106489
8197,2019-11-23,6,5,0,0.106475
8198,2019-11-26,4,7,0,0.106461
8199,2019-11-28,2,2,1,0.106579
8200,2019-11-30,4,1,0,0.106565
8201,2019-12-03,3,5,0,0.106551
8202,2019-12-05,4,4,1,0.106668
8203,2019-12-07,6,8,0,0.106654
8204,2019-12-10,3,7,0,0.10664
8205,2019-12-12,7,4,0,0.106626
8206,2019-12-14,1,4,0,0.106612
8207,2019-12-17,5,7,0,0.106598
8208,2019-12-19,2,9,0,0.106584
8209,2019-12-21,8,8,1,0.106702
8210,2019-12-24,1,4,0,0.106688
8211,2019-12-27,1,6,0,0.106674
8212,2019-12-28,3,8,0,0.10666
8213,2019-12-31,4,2,0,0.106646
8214,2020-01-02,8,8,1,0.106763
8215,2020-01-04,4,9,0,0.106749
8216,2020-01-07,3,7,0,0.106735
8217,2020-01-09,9,4,0,0.106721
8218,2020-01-11,3,9,0,0.106707
8219,2020-01-14,2,9,0,0.106693
8220,2020-01-16,9,8,0,0.106679
8221,2020-01-18,6,1,0,0.106665
8222,2020-01-21,1,3,0,0.106651
8223,2020-01-23,3,4,0,0.106637
8224,2020-01-25,6,2,0,0.106623
8225,2020-01-28,4,4,1,0.10674
8226,2020-01-30,2,2,1,0.106857
8227,2020-02-01,6,1,0,0.106843
8228,2020-02-04,4,7,0,0.106829
8229,2020-02-06,4,2,0,0.106815
8230,2020-02-08,6,6,1,0.106932
8231,2020-02-11,6,7,0,0.106918
8232,2020-02-13,6,1,0,0.106904
8233,2020-02-15,8,1,0,0.10689
8234,2020-02-18,6,2,0,0.106876
8235,2020-02-20,7,8,0,0.106862
8236,2020-02-22,9,6,0,0.106848
8237,2020-02-25,3,1,0,0.106834
8238,2020-02-27,4,9,0,0.10682
8239,2020-02-29,8,8,1,0.106937
8240,2020-03-03,9,9,1,0.107054
8241,2020-03-05,8,4,0,0.10704
8242,2020-03-07,1,3,0,0.107026
8243,2020-03-10,7,1,0,0.107012
8244,2020-03-12,9,9,1,0.107129
8245,2020-03-14,7,1,0,0.107115
8246,2020-03-17,1,3,0,0.107101
8247,2020-03-19,8,7,0,0.107087
8248,2020-03-21,9,7,0,0.107073
8249,2020-05-05,2,4,0,0.107059
8250,2020-05-07,7,3,0,0.107045
8251,2020-05-09,9,8,0,0.107031
8252,2020-05-12,4,1,0,0.107017
8253,2020-05-14,6,1,0,0.107003
8254,2020-05-16,1,7,0,0.106989
8255,2020-05-19,8,4,0,0.106975
8256,2020-05-21,5,7,0,0.106961
8257,2020-05-23,2,5,0,0.106947
8258,2020-05-26,2,8,0,0.106933
8259,2020-05-28,3,9,0,0.106919
8260,2020-05-30,9,1,0,0.106905
8261,2020-06-03,3,9,0,0.106891
8262,2020-06-04,4,9,0,0.106877
8263,2020-06-06,7,8,0,0.106863
8264,2020-06-09,6,3,0,0.106849
8265,2020-06-11,5,9,0,0.106835
8266,2020-06-13,5,3,0,0.106821
8267,2020-06-16,5,1,0,0.106808
8268,2020-06-18,5,1,0,0.106794
8269,2020-06-20,8,1,0,0.10678
8270,2020-06-23,1,7,0,0.106766
8271,2020-06-25,2,1,0,0.106752
8272,2020-06-27,4,8,0,0.106738
8273,2020-06-30,3,5,0,0.106724
8274,2020-07-02,9,4,0,0.10671
8275,2020-07-04,7,9,0,0.106696
8276,2020-07-07,5,3,0,0.106682
8277,2020-07-09,4,5,0,0.106668
8278,2020-07-11,4,8,0,0.106655
8279,2020-07-14,5,6,0,0.106641
8280,2020-07-16,1,9,0,0.106627
8281,2020-07-18,7,3,0,0.106613
8282,2020-07-21,2,9,0,0.106599
8283,2020-07-23,4,7,0,0.106585
8284,2020-07-25,4,5,0,0.106571
8285,2020-07-28,5,6,0,0.106557
8286,2020-07-30,6,1,0,0.106544
8287,2020-08-01,9,7,0,0.10653
8288,2020-08-04,3,6,0,0.106516
8289,2020-08-06,4,9,0,0.106502
8290,2020-08-08,5,8,0,0.106488
8291,2020-08-11,8,1,0,0.106474
8292,2020-08-13,9,1,0,0.10646
8293,2020-08-17,4,4,1,0.106577
8294,2020-08-18,3,6,0,0.106563
8295,2020-08-20,5,4,0,0.106549
8296,2020-08-22,6,3,0,0.106535
8297,2020-08-25,7,7,1,0.106651
8298,2020-08-27,6,6,1,0.106767
8299,2020-08-29,2,9,0,0.106753
8300,2020-09-01,9,3,0,0.106739
8301,2020-09-03,1,1,1,0.106855
8302,2020-09-05,6,4,0,0.106841
8303,2020-09-08,7,9,0,0.106828
8304,2020-09-10,3,6,0,0.106814
8305,2020-09-12,9,2,0,0.1068
8306,2020-09-15,5,9,0,0.106786
8307,2020-09-17,9,2,0,0.106772
8308,2020-09-19,6,6,1,0.106888
8309,2020-09-22,4,3,0,0.106874
8310,2020-09-24,8,2,0,0.10686
8311,2020-09-26,5,9,0,0.106846
8312,2020-09-29,3,5,0,0.106833
8313,2020-10-01,6,6,1,0.106948
8314,2020-10-03,2,4,0,0.106935
8315,2020-10-06,6,3,0,0.106921
8316,2020-10-08,9,7,0,0.106907
8317,2020-10-10,8,6,0,0.106893
8318,2020-10-13,7,3,0,0.106879
8319,2020-10-15,3,2,0,0.106865
8320,2020-10-17,5,2,0,0.106851
8321,2020-10-20,4,3,0,0.106838
8322,2020-10-22,5,8,0,0.106824
8323,2020-10-24,9,1,0,0.10681
8324,2020-10-27,6,6,1,0.106926
8325,2020-10-29,1,3,0,0.106912
8326,2020-10-31,6,4,0,0.106898
8327,2020-11-03,8,9,0,0.106884
8328,2020-11-05,8,6,0,0.10687
8329,2020-11-07,7,5,0,0.106856
8330,2020-11-10,2,2,1,0.106972
8331,2020-11-12,4,7,0,0.106958
8332,2020-11-14,2,5,0,0.106944
8333,2020-11-17,6,1,0,0.10693
8334,2020-11-19,7,7,1,0.107046
8335,2020-11-21,8,6,0,0.107032
8336,2020-11-24,9,8,0,0.107018
8337,2020-11-26,7,4,0,0.107004
8338,2020-11-28,9,3,0,0.106991
8339,2020-12-01,5,4,0,0.106977
8340,2020-12-03,5,2,0,0.106963
8341,2020-12-05,6,1,0,0.106949
8342,2020-12-09,7,7,1,0.107064
8343,2020-12-10,9,6,0,0.107051
8344,2020-12-12,3,4,0,0.107037
8345,2020-12-15,9,9,1,0.107152
8346,2020-12-17,6,9,0,0.107138
8347,2020-12-19,7,3,0,0.107124
8348,2020-12-22,8,6,0,0.107111
8349,2020-12-24,1,8,0,0.107097
8350,2020-12-28,1,1,1,0.107212
8351,2020-12-29,4,8,0,0.107198
8352,2020-12-31,6,5,0,0.107184
8353,2021-01-02,8,7,0,0.10717
8354,2021-01-05,8,6,0,0.107157
8355,2021-01-07,7,5,0,0.107143
8356,2021-01-09,3,2,0,0.107129
8357,2021-01-12,9,2,0,0.107115
8358,2021-01-14,4,9,0,0.107101
8359,2021-01-16,9,6,0,0.107088
8360,2021-01-19,6,9,0,0.107074
8361,2021-01-21,3,3,1,0.107189
8362,2021-01-23,6,4,0,0.107175
8363,2021-01-26,8,4,0,0.107161
8364,2021-01-28,2,6,0,0.107147
8365,2021-01-30,9,5,0,0.107134
8366,2021-02-02,4,1,0,0.10712
8367,2021-02-04,8,6,0,0.107106
8368,2021-02-06,5,9,0,0.107092
8369,2021-02-09,2,5,0,0.107079
8370,2021-02-11,5,8,0,0.107065
8371,2021-02-13,6,7,0,0.107051
8372,2021-02-16,9,7,0,0.107037
8373,2021-02-18,2,6,0,0.107023
8374,2021-02-20,7,3,0,0.10701
8375,2021-02-23,2,8,0,0.106996
8376,2021-02-25,7,7,1,0.107111
8377,2021-02-27,6,8,0,0.107097
8378,2021-03-02,8,9,0,0.107083
8379,2021-03-04,1,2,0,0.107069
8380,2021-03-06,3,1,0,0.107056
8381,2021-03-09,3,2,0,0.107042
8382,2021-03-11,9,1,0,0.107028
8383,2021-03-13,1,9,0,0.107014
8384,2021-03-16,9,4,0,0.107001
8385,2021-03-18,9,6,0,0.106987
8386,2021-03-20,7,1,0,0.106973
8387,2021-03-23,2,3,0,0.106959
8388,2021-03-25,7,7,1,0.107074
8389,2021-03-27,3,8,0,0.10706
8390,2021-03-30,1,2,0,0.107047
8391,2021-04-01,8,7,0,0.107033
8392,2021-04-03,9,7,0,0.107019
8393,2021-04-06,9,4,0,0.107005
8394,2021-04-08,3,1,0,0.106992
8395,2021-04-10,8,9,0,0.106978
8396,2021-04-13,7,9,0,0.106964
8397,2021-04-15,3,2,0,0.106951
8398,2021-04-17,4,2,0,0.106937
8399,2021-04-20,7,8,0,0.106923
8400,2021-04-22,1,3,0,0.106909
8401,2021-04-24,1,7,0,0.106896
8402,2021-04-27,1,8,0,0.106882
8403,2021-04-29,7,8,0,0.106868
8404,2021-05-03,3,9,0,0.106855
8405,2021-05-04,3,2,0,0.106841
8406,2021-05-06,3,1,0,0.106827
8407,2021-05-08,7,1,0,0.106814
8408,2021-05-11,5,4,0,0.1068
8409,2021-05-13,2,5,0,0.106786
8410,2021-05-15,6,8,0,0.106773
8411,2021-05-18,8,7,0,0.106759
8412,2021-05-20,4,2,0,0.106745
8413,2021-05-22,9,7,0,0.106732
8414,2021-05-25,7,9,0,0.106718
8415,2021-05-27,4,3,0,0.106704
8416,2021-05-29,7,3,0,0.106691
8417,2021-06-01,1,3,0,0.106677
8418,2021-06-03,8,1,0,0.106663
8419,2021-06-05,2,7,0,0.10665
8420,2021-06-08,3,5,0,0.106636
8421,2021-06-10,6,1,0,0.106622
8422,2021-06-12,6,4,0,0.106609
8423,2021-06-15,3,1,0,0.106595
8424,2021-06-17,3,4,0,0.106581
8425,2021-06-19,1,1,1,0.106696
8426,2021-06-22,6,7,0,0.106682
8427,2021-06-24,1,9,0,0.106668
8428,2021-06-26,7,4,0,0.106655
8429,2021-06-29,8,9,0,0.106641
8430,2021-07-01,2,8,0,0.106628
8431,2021-07-03,5,5,1,0.106742
8432,2021-07-06,6,6,1,0.106856
8433,2021-07-08,3,7,0,0.106842
8434,2021-07-10,2,4,0,0.106828
8435,2021-07-13,3,8,0,0.106815
8436,2021-07-15,2,1,0,0.106801
8437,2021-07-17,7,8,0,0.106787
8438,2021-07-20,7,8,0,0.106774
8439,2021-07-22,6,6,1,0.106888
8440,2021-07-24,3,9,0,0.106874
8441,2021-07-27,3,4,0,0.10686
8442,2021-07-29,9,1,0,0.106847
8443,2021-07-31,1,9,0,0.106833
8444,2021-08-03,4,4,1,0.106947
8445,2021-08-05,8,5,0,0.106933
8446,2021-08-07,7,9,0,0.10692
8447,2021-08-10,3,2,0,0.106906
8448,2021-08-12,2,2,1,0.10702
8449,2021-08-14,7,8,0,0.107006
8450,2021-08-17,2,8,0,0.106993
8451,2021-08-19,3,7,0,0.106979
8452,2021-08-21,7,1,0,0.106965
8453,2021-08-24,8,4,0,0.106952
8454,2021-08-26,8,8,1,0.107066
8455,2021-08-28,2,5,0,0.107052
8456,2021-08-31,7,5,0,0.107038
8457,2021-09-02,2,8,0,0.107025
8458,2021-09-04,8,7,0,0.107011
8459,2021-09-07,2,4,0,0.106997
8460,2021-09-09,7,5,0,0.106984
8461,2021-09-11,7,8,0,0.10697
8462,2021-09-14,6,6,1,0.107084
8463,2021-09-16,4,9,0,0.10707
8464,2021-09-18,7,2,0,0.107057
8465,2021-09-21,4,3,0,0.107043
8466,2021-09-23,8,3,0,0.107029
8467,2021-09-25,5,9,0,0.107016
8468,2021-09-28,1,5,0,0.107002
8469,2021-09-30,1,3,0,0.106989
8470,2021-10-02,5,8,0,0.106975
8471,2021-10-05,6,9,0,0.106961
8472,2021-10-07,6,7,0,0.106948
8473,2021-10-09,4,1,0,0.106934
8474,2021-10-12,7,2,0,0.106921
8475,2021-10-14,8,3,0,0.106907
8476,2021-10-16,6,8,0,0.106893
8477,2021-10-19,4,8,0,0.10688
8478,2021-10-21,1,2,0,0.106866
8479,2021-10-23,6,2,0,0.106853
8480,2021-10-26,9,9,1,0.106966
8481,2021-10-28,9,6,0,0.106953
8482,2021-10-30,2,1,0,0.106939
8483,2021-11-02,2,3,0,0.106925
8484,2021-11-04,7,9,0,0.106912
8485,2021-11-06,9,8,0,0.106898
8486,2021-11-09,4,4,1,0.107012
8487,2021-11-11,5,6,0,0.106998
8488,2021-11-13,9,9,1,0.107111
8489,2021-11-16,4,6,0,0.107098
8490,2021-11-18,6,6,1,0.107211
8491,2021-11-20,9,7,0,0.107197
8492,2021-11-23,4,6,0,0.107184
8493,2021-11-25,4,6,0,0.10717
8494,2021-11-27,8,6,0,0.107156
8495,2021-11-30,5,5,1,0.10727
8496,2021-12-02,7,5,0,0.107256
8497,2021-12-04,1,5,0,0.107242
8498,2021-12-07,9,1,0,0.107229
8499,2021-12-09,7,6,0,0.107215
8500,2021-12-11,7,4,0,0.107202
8501,2021-12-14,5,6,0,0.107188
8502,2021-12-16,5,5,1,0.107301
8503,2021-12-18,9,1,0,0.107287
8504,2021-12-21,8,6,0,0.107274
8505,2021-12-23,9,3,0,0.10726
8506,2021-12-27,7,4,0,0.107247
8507,2021-12-28,2,4,0,0.107233
8508,2021-12-30,7,7,1,0.107346
8509,2022-01-03,1,8,0,0.107332
8510,2022-01-04,9,1,0,0.107319
8511,2022-01-07,5,6,0,0.107305
8512,2022-01-08,7,2,0,0.107292
8513,2022-01-11,9,5,0,0.107278
8514,2022-01-13,5,4,0,0.107265
8515,2022-01-15,3,2,0,0.107251
8516,2022-01-18,9,6,0,0.107238
8517,2022-01-20,7,9,0,0.107224
8518,2022-01-22,4,4,1,0.107337
8519,2022-01-25,7,3,0,0.107323
8520,2022-01-27,6,3,0,0.10731
8521,2022-01-29,5,9,0,0.107296
8522,2022-02-01,9,3,0,0.107283
8523,2022-02-03,8,6,0,0.107269
8524,2022-02-05,4,3,0,0.107256
8525,2022-02-08,9,7,0,0.107242
8526,2022-02-10,4,9,0,0.107228
8527,2022-02-12,5,6,0,0.107215
8528,2022-02-15,5,9,0,0.107201
8529,2022-02-17,1,1,1,0.107314
8530,2022-02-19,7,3,0,0.1073
8531,2022-02-22,3,9,0,0.107287
8532,2022-02-24,2,2,1,0.107399
8533,2022-02-26,1,7,0,0.107386
8534,2022-03-01,3,7,0,0.107372
8535,2022-03-03,1,2,0,0.107359
8536,2022-03-05,3,7,0,0.107345
8537,2022-03-08,4,2,0,0.107332
8538,2022-03-10,4,8,0,0.107318
8539,2022-03-12,2,6,0,0.107305
8540,2022-03-15,5,1,0,0.107291
8541,2022-03-17,2,6,0,0.107278
8542,2022-03-19,9,8,0,0.107264
8543,2022-03-22,1,1,1,0.107377
8544,2022-03-24,6,4,0,0.107363
8545,2022-03-26,4,9,0,0.10735
8546,2022-03-29,1,2,0,0.107336
8547,2022-03-31,3,2,0,0.107323
8548,2022-04-02,8,2,0,0.107309
8549,2022-04-05,9,9,1,0.107421
8550,2022-04-07,9,4,0,0.107408
8551,2022-04-09,3,1,0,0.107394
8552,2022-04-12,2,9,0,0.107381
8553,2022-04-14,7,7,1,0.107493
8554,2022-04-16,2,8,0,0.10748
8555,2022-04-19,4,7,0,0.107466
8556,2022-04-21,9,5,0,0.107453
8557,2022-04-23,3,9,0,0.107439
8558,2022-04-26,1,9,0,0.107426
8559,2022-04-28,1,7,0,0.107412
8560,2022-04-30,9,8,0,0.107399
8561,2022-05-03,9,6,0,0.107385
8562,2022-05-05,7,3,0,0.107372
8563,2022-05-07,2,4,0,0.107358
8564,2022-05-10,1,7,0,0.107345
8565,2022-05-12,7,3,0,0.107331
8566,2022-05-14,6,9,0,0.107318
8567,2022-05-17,5,9,0,0.107304
8568,2022-05-19,3,3,1,0.107416
8569,2022-05-21,3,6,0,0.107403
8570,2022-05-24,9,1,0,0.107389
8571,2022-05-26,4,9,0,0.107376
8572,2022-05-28,3,6,0,0.107362
8573,2022-05-31,1,4,0,0.107349
8574,2022-06-03,4,1,0,0.107335
8575,2022-06-04,2,5,0,0.107322
8576,2022-06-07,8,1,0,0.107309
8577,2022-06-09,2,4,0,0.107295
8578,2022-06-11,7,5,0,0.107282
8579,2022-06-14,9,8,0,0.107268
8580,2022-06-16,7,4,0,0.107255
8581,2022-06-18,6,4,0,0.107241
8582,2022-06-21,7,5,0,0.107228
8583,2022-06-23,1,6,0,0.107214
8584,2022-06-25,9,9,1,0.107326
8585,2022-06-28,5,6,0,0.107313
8586,2022-06-30,6,3,0,0.107299
8587,2022-07-02,5,7,0,0.107286
8588,2022-07-05,3,3,1,0.107398
8589,2022-07-07,8,6,0,0.107384
8590,2022-07-09,5,9,0,0.107371
8591,2022-07-12,1,5,0,0.107357
8592,2022-07-14,3,7,0,0.107344
8593,2022-07-16,8,2,0,0.10733
8594,2022-07-19,1,9,0,0.107317
8595,2022-07-21,2,1,0,0.107304
8596,2022-07-23,2,8,0,0.10729
8597,2022-07-26,3,9,0,0.107277
8598,2022-07-28,7,1,0,0.107263
8599,2022-07-30,5,4,0,0.10725
8600,2022-08-02,1,5,0,0.107237
8601,2022-08-04,6,3,0,0.107223
8602,2022-08-06,7,9,0,0.10721
8603,2022-08-09,5,6,0,0.107196
8604,2022-08-11,3,5,0,0.107183
8605,2022-08-13,8,6,0,0.10717
8606,2022-08-16,7,9,0,0.107156
8607,2022-08-18,4,2,0,0.107143
8608,2022-08-20,4,3,0,0.107129
8609,2022-08-23,6,6,1,0.107241
8610,2022-08-25,5,7,0,0.107228
8611,2022-08-27,6,3,0,0.107214
8612,2022-08-30,1,7,0,0.107201
8613,2022-09-01,3,4,0,0.107187
8614,2022-09-03,8,2,0,0.107174
8615,2022-09-06,2,9,0,0.107161
8616,2022-09-08,9,7,0,0.107147
8617,2022-09-10,8,1,0,0.107134
8618,2022-09-13,7,3,0,0.107121
8619,2022-09-15,2,2,1,0.107232
8620,2022-09-17,6,7,0,0.107219
8621,2022-09-20,2,7,0,0.107205
8622,2022-09-22,3,3,1,0.107316
8623,2022-09-24,2,1,0,0.107303
8624,2022-09-27,1,7,0,0.10729
8625,2022-09-29,7,7,1,0.107401
8626,2022-10-01,9,9,1,0.107512
8627,2022-10-04,1,4,0,0.107499
8628,2022-10-06,7,4,0,0.107485
8629,2022-10-08,1,9,0,0.107472
8630,2022-10-11,8,9,0,0.107459
8631,2022-10-13,4,7,0,0.107445
8632,2022-10-15,5,7,0,0.107432
8633,2022-10-18,1,9,0,0.107418
8634,2022-10-20,2,3,0,0.107405
8635,2022-10-22,2,8,0,0.107392
8636,2022-10-25,8,9,0,0.107378
8637,2022-10-27,6,4,0,0.107365
8638,2022-10-29,3,8,0,0.107352
8639,2022-11-02,3,4,0,0.107338
8640,2022-11-03,9,1,0,0.107325
8641,2022-11-05,6,9,0,0.107312
8642,2022-11-08,4,3,0,0.107298
8643,2022-11-10,7,2,0,0.107285
8644,2022-11-12,1,3,0,0.107272
8645,2022-11-15,4,9,0,0.107258
8646,2022-11-17,8,5,0,0.107245
8647,2022-11-19,7,5,0,0.107232
8648,2022-11-22,9,2,0,0.107218
8649,2022-11-24,3,4,0,0.107205
8650,2022-11-26,8,9,0,0.107192
8651,2022-11-29,9,9,1,0.107303
8652,2022-12-01,2,4,0,0.107289
8653,2022-12-03,4,3,0,0.107276
8654,2022-12-06,6,5,0,0.107263
8655,2022-12-09,9,7,0,0.107249
8656,2022-12-10,8,6,0,0.107236
8657,2022-12-13,5,3,0,0.107223
8658,2022-12-15,5,5,1,0.107333
8659,2022-12-17,9,1,0,0.10732
8660,2022-12-20,7,6,0,0.107307
8661,2022-12-22,7,4,0,0.107293
8662,2022-12-24,5,6,0,0.10728
8663,2022-12-27,2,5,0,0.107267
8664,2022-12-29,2,8,0,0.107254
8665,2022-12-31,1,9,0,0.10724
8666,2023-01-03,4,7,0,0.107227
8667,2023-01-05,9,5,0,0.107214
8668,2023-01-07,8,9,0,0.1072
8669,2023-01-10,5,3,0,0.107187
8670,2023-01-12,5,5,1,0.107298
8671,2023-01-14,4,1,0,0.107284
8672,2023-01-17,9,8,0,0.107271
8673,2023-01-19,6,8,0,0.107258
8674,2023-01-21,5,3,0,0.107245
8675,2023-01-24,9,3,0,0.107231
8676,2023-01-26,5,6,0,0.107218
8677,2023-01-28,6,3,0,0.107205
8678,2023-01-31,9,7,0,0.107191
8679,2023-02-02,6,6,1,0.107302
8680,2023-02-04,9,3,0,0.107289
8681,2023-02-07,1,6,0,0.107275
8682,2023-02-09,8,4,0,0.107262
8683,2023-02-11,5,7,0,0.107249
8684,2023-02-14,9,5,0,0.107236
8685,2023-02-16,2,6,0,0.107222
8686,2023-02-18,9,3,0,0.107209
8687,2023-02-21,3,1,0,0.107196
8688,2023-02-23,8,9,0,0.107183
8689,2023-02-25,2,9,0,0.107169
8690,2023-02-28,9,7,0,0.107156
8691,2023-03-02,3,1,0,0.107143
8692,2023-03-04,6,9,0,0.10713
8693,2023-03-07,8,4,0,0.107116
8694,2023-03-09,8,2,0,0.107103
8695,2023-03-11,7,5,0,0.10709
8696,2023-03-14,6,2,0,0.107077
8697,2023-03-16,7,5,0,0.107063
8698,2023-03-18,7,6,0,0.10705
8699,2023-03-21,8,6,0,0.107037
8700,2023-03-23,6,8,0,0.107024
8701,2023-03-25,5,8,0,0.107011
8702,2023-03-28,4,3,0,0.106997
8703,2023-03-30,9,8,0,0.106984
8704,2023-04-01,4,8,0,0.106971
8705,2023-04-04,2,6,0,0.106958
8706,2023-04-06,3,1,0,0.106945
8707,2023-04-08,9,1,0,0.106931
8708,2023-04-11,7,9,0,0.106918
8709,2023-04-13,7,4,0,0.106905
8710,2023-04-15,2,6,0,0.106892
8711,2023-04-18,9,7,0,0.106879
8712,2023-04-20,4,1,0,0.106866
8713,2023-04-22,9,6,0,0.106852
8714,2023-04-26,4,8,0,0.106839
8715,2023-04-27,1,6,0,0.106826
8716,2023-04-29,4,2,0,0.106813
8717,2023-05-02,9,9,1,0.106923
8718,2023-05-04,1,8,0,0.10691
8719,2023-05-06,4,4,1,0.10702
8720,2023-05-09,8,9,0,0.107007
8721,2023-05-11,7,5,0,0.106993
8722,2023-05-13,1,2,0,0.10698
8723,2023-05-16,6,9,0,0.106967
8724,2023-05-18,7,9,0,0.106954
8725,2023-05-20,7,6,0,0.106941
8726,2023-05-23,9,6,0,0.106928
8727,2023-05-25,2,4,0,0.106914
8728,2023-05-27,6,3,0,0.106901
8729,2023-05-30,4,7,0,0.106888
8730,2023-06-01,7,2,0,0.106875
8731,2023-06-03,5,1,0,0.106862
8732,2023-06-06,5,5,1,0.106972
8733,2023-06-08,9,1,0,0.106958
8734,2023-06-10,4,6,0,0.106945
8735,2023-06-13,3,6,0,0.106932
8736,2023-06-15,8,4,0,0.106919
8737,2023-06-17,6,9,0,0.106906
8738,2023-06-20,7,8,0,0.106893
8739,2023-06-22,7,6,0,0.10688
8740,2023-06-24,4,6,0,0.106866
8741,2023-06-27,8,4,0,0.106853
8742,2023-06-29,9,5,0,0.10684
8743,2023-07-01,4,4,1,0.10695
8744,2023-07-04,7,6,0,0.106937
8745,2023-07-06,9,1,0,0.106924
8746,2023-07-07,3,4,0,0.106911
8747,2023-07-08,2,9,0,0.106897
8748,2023-07-11,2,7,0,0.106884
8749,2023-07-13,1,1,1,0.106994
8750,2023-07-14,8,7,0,0.106981
8751,2023-07-15,2,7,0,0.106968
8752,2023-07-18,5,7,0,0.106954
8753,2023-07-20,6,6,1,0.107064
8754,2023-07-21,3,7,0,0.107051
8755,2023-07-22,2,4,0,0.107038
8756,2023-07-25,9,7,0,0.107025
8757,2023-07-27,4,1,0,0.107012
8758,2023-07-28,9,6,0,0.106998
8759,2023-07-29,8,8,1,0.107108
8760,2023-08-01,8,3,0,0.107095
8761,2023-08-03,8,7,0,0.107082
8762,2023-08-04,1,7,0,0.107068
8763,2023-08-05,5,1,0,0.107055
8764,2023-08-08,2,9,0,0.107042
8765,2023-08-10,7,8,0,0.107029
8766,2023-08-11,5,8,0,0.107016
8767,2023-08-12,5,5,1,0.107125
8768,2023-08-16,6,1,0,0.107112
8769,2023-08-17,6,7,0,0.107099
8770,2023-08-18,9,1,0,0.107086
8771,2023-08-19,1,6,0,0.107073
8772,2023-08-22,8,4,0,0.10706
8773,2023-08-24,6,7,0,0.107047
8774,2023-08-25,4,8,0,0.107034
8775,2023-08-26,8,2,0,0.107021
8776,2023-08-29,1,5,0,0.107007
8777,2023-08-31,1,1,1,0.107117
8778,2023-09-01,5,8,0,0.107104
8779,2023-09-02,8,9,0,0.10709
8780,2023-09-05,6,1,0,0.107077
8781,2023-09-07,6,8,0,0.107064
8782,2023-09-08,2,1,0,0.107051
8783,2023-09-09,8,3,0,0.107038
8784,2023-09-12,8,4,0,0.107025
8785,2023-09-14,2,7,0,0.107012
8786,2023-09-15,9,5,0,0.106999
8787,2023-09-16,9,1,0,0.106986
8788,2023-09-19,3,3,1,0.107095
8789,2023-09-21,1,9,0,0.107082
8790,2023-09-22,4,1,0,0.107069
8791,2023-09-23,8,9,0,0.107056
8792,2023-09-26,1,5,0,0.107043
8793,2023-09-28,9,1,0,0.10703
8794,2023-09-29,1,6,0,0.107016
8795,2023-09-30,9,4,0,0.107003
8796,2023-10-03,7,6,0,0.10699
8797,2023-10-05,1,4,0,0.106977
8798,2023-10-06,6,9,0,0.106964
8799,2023-10-07,4,7,0,0.106951
8800,2023-10-10,9,2,0,0.106938
8801,2023-10-12,5,8,0,0.106925
8802,2023-10-13,3,3,1,0.107034
8803,2023-10-14,8,6,0,0.107021
8804,2023-10-17,1,9,0,0.107008
8805,2023-10-19,3,1,0,0.106995
8806,2023-10-20,1,2,0,0.106982
8807,2023-10-21,7,1,0,0.106969
8808,2023-10-24,9,9,1,0.107078
8809,2023-10-26,6,4,0,0.107065
8810,2023-10-27,7,3,0,0.107052
8811,2023-10-28,1,6,0,0.107038
8812,2023-10-31,7,9,0,0.107025
8813,2023-11-02,7,9,0,0.107012
8814,2023-11-03,3,6,0,0.106999
8815,2023-11-04,7,2,0,0.106986
8816,2023-11-07,3,4,0,0.106973
8817,2023-11-09,1,2,0,0.10696
8818,2023-11-10,6,7,0,0.106947
8819,2023-11-11,3,7,0,0.106934
8820,2023-11-14,7,4,0,0.106921
8821,2023-11-16,9,4,0,0.106908
8822,2023-11-17,4,4,1,0.107017
8823,2023-11-18,2,6,0,0.107004
8824,2023-11-21,9,3,0,0.106991
8825,2023-11-23,7,1,0,0.106978
8826,2023-11-24,3,4,0,0.106965
8827,2023-11-25,4,2,0,0.106952
8828,2023-11-28,4,8,0,0.106939
8829,2023-11-30,9,6,0,0.106926
8830,2023-12-01,2,8,0,0.106913
8831,2023-12-02,5,3,0,0.1069
8832,2023-12-05,2,6,0,0.106887
8833,2023-12-07,1,8,0,0.106874
8834,2023-12-09,3,7,0,0.106861
8835,2023-12-11,3,2,0,0.106848
8836,2023-12-12,6,1,0,0.106835
8837,2023-12-14,5,4,0,0.106822
8838,2023-12-15,1,3,0,0.106809
8839,2023-12-16,8,3,0,0.106796
8840,2023-12-19,2,7,0,0.106783
8841,2023-12-21,6,9,0,0.10677
8842,2023-12-22,2,7,0,0.106757
8843,2023-12-23,7,3,0,0.106744
8844,2023-12-27,2,8,0,0.106731
8845,2023-12-28,8,7,0,0.106718
8846,2023-12-29,2,4,0,0.106705
8847,2023-12-30,5,9,0,0.106693
8848,2024-01-02,4,6,0,0.10668
8849,2024-01-04,5,8,0,0.106667
8850,2024-01-05,4,9,0,0.106654
8851,2024-01-08,6,8,0,0.106641
8852,2024-01-09,4,7,0,0.106628
8853,2024-01-11,4,2,0,0.106615
8854,2024-01-12,9,6,0,0.106602
8855,2024-01-13,7,8,0,0.106589
8856,2024-01-16,6,4,0,0.106576
8857,2024-01-18,8,5,0,0.106563
8858,2024-01-19,1,2,0,0.10655
8859,2024-01-20,6,1,0,0.106538
8860,2024-01-23,7,7,1,0.106646
8861,2024-01-25,6,6,1,0.106754
8862,2024-01-26,4,5,0,0.106741
8863,2024-01-27,6,2,0,0.106728
8864,2024-01-30,8,7,0,0.106715
8865,2024-02-01,5,2,0,0.106702
8866,2024-02-02,5,5,1,0.10681
8867,2024-02-03,6,1,0,0.106797
8868,2024-02-06,4,7,0,0.106784
8869,2024-02-08,5,2,0,0.106771
8870,2024-02-09,8,9,0,0.106759
8871,2024-02-10,9,1,0,0.106746
8872,2024-02-13,1,4,0,0.106733
8873,2024-02-15,1,4,0,0.10672
8874,2024-02-16,2,8,0,0.106707
8875,2024-02-17,5,8,0,0.106694
8876,2024-02-20,7,6,0,0.106681
8877,2024-02-22,2,5,0,0.106668
8878,2024-02-23,7,7,1,0.106776
8879,2024-02-24,6,8,0,0.106763
8880,2024-02-27,2,4,0,0.10675
8881,2024-02-29,5,3,0,0.106738
8882,2024-03-01,9,6,0,0.106725
8883,2024-03-02,5,6,0,0.106712
8884,2024-03-05,5,3,0,0.106699
8885,2024-03-07,4,1,0,0.106686
8886,2024-03-08,2,8,0,0.106673
8887,2024-03-09,7,3,0,0.10666
8888,2024-03-12,6,8,0,0.106647
8889,2024-03-14,9,4,0,0.106634
8890,2024-03-15,2,6,0,0.106622
8891,2024-03-16,4,3,0,0.106609
8892,2024-03-19,6,5,0,0.106596
8893,2024-03-21,4,7,0,0.106583
8894,2024-03-22,7,2,0,0.10657
8895,2024-03-23,7,1,0,0.106557
8896,2024-03-26,2,6,0,0.106545
8897,2024-03-28,2,7,0,0.106532
8898,2024-03-29,9,1,0,0.106519
8899,2024-03-30,1,1,1,0.106627
8900,2024-04-02,2,4,0,0.106614
8901,2024-04-04,7,8,0,0.106601
8902,2024-04-05,7,8,0,0.106588
8903,2024-04-06,5,6,0,0.106575
8904,2024-04-09,8,5,0,0.106562
8905,2024-04-11,3,1,0,0.106549
8906,2024-04-12,2,7,0,0.106537
8907,2024-04-13,9,7,0,0.106524
8908,2024-04-16,5,1,0,0.106511
8909,2024-04-18,2,3,0,0.106498
8910,2024-04-19,4,8,0,0.106485
8911,2024-04-20,6,5,0,0.106473
8912,2024-04-23,7,7,1,0.10658
8913,2024-04-26,3,6,0,0.106567
8914,2024-04-27,3,2,0,0.106554
8915,2024-04-29,4,1,0,0.106542
8916,2024-04-30,3,8,0,0.106529
8917,2024-05-02,3,4,0,0.106516
8918,2024-05-03,4,1,0,0.106503
8919,2024-05-04,3,8,0,0.10649
8920,2024-05-07,3,4,0,0.106478
8921,2024-05-09,9,1,0,0.106465
8922,2024-05-10,8,9,0,0.106452
8923,2024-05-11,7,8,0,0.106439
8924,2024-05-14,3,2,0,0.106426
8925,2024-05-16,6,2,0,0.106414
8926,2024-05-17,1,4,0,0.106401
8927,2024-05-18,7,4,0,0.106388
8928,2024-05-21,2,9,0,0.106375
8929,2024-05-23,7,7,1,0.106483
8930,2024-05-24,2,8,0,0.10647
8931,2024-05-25,7,7,1,0.106577
8932,2024-05-28,9,8,0,0.106564
8933,2024-05-30,3,4,0,0.106551
8934,2024-05-31,9,9,1,0.106659
8935,2024-06-01,3,9,0,0.106646
8936,2024-06-04,1,9,0,0.106633
8937,2024-06-06,3,7,0,0.10662
8938,2024-06-07,7,3,0,0.106608
8939,2024-06-08,8,4,0,0.106595
8940,2024-06-11,7,6,0,0.106582
8941,2024-06-13,6,2,0,0.106569
8942,2024-06-14,1,9,0,0.106556
8943,2024-06-15,9,4,0,0.106544
8944,2024-06-18,7,7,1,0.106651
8945,2024-06-20,9,6,0,0.106638
8946,2024-06-21,2,4,0,0.106625
8947,2024-06-22,2,3,0,0.106612
8948,2024-06-25,4,1,0,0.1066
8949,2024-06-27,6,5,0,0.106587
8950,2024-06-28,2,7,0,0.106574
8951,2024-06-29,7,3,0,0.106561
8952,2024-07-02,1,8,0,0.106549
8953,2024-07-04,2,9,0,0.106536
8954,2024-07-05,9,8,0,0.106523
8955,2024-07-06,5,1,0,0.10651
8956,2024-07-09,6,3,0,0.106498
8957,2024-07-11,7,7,1,0.106604
8958,2024-07-12,7,6,0,0.106592
8959,2024-07-13,1,6,0,0.106579
8960,2024-07-16,1,9,0,0.106566
8961,2024-07-18,2,8,0,0.106553
8962,2024-07-19,1,8,0,0.106541
8963,2024-07-20,8,7,0,0.106528
8964,2024-07-23,1,7,0,0.106515
8965,2024-07-25,5,1,0,0.106503
8966,2024-07-26,9,8,0,0.10649
8967,2024-07-27,2,6,0,0.106477
8968,2024-07-30,7,3,0,0.106464
8969,2024-08-01,1,8,0,0.106452
8970,2024-08-02,7,9,0,0.106439
8971,2024-08-03,3,9,0,0.106426
8972,2024-08-06,9,2,0,0.106413
8973,2024-08-08,7,9,0,0.106401
8974,2024-08-09,9,6,0,0.106388
8975,2024-08-10,6,4,0,0.106375
8976,2024-08-13,2,3,0,0.106363
8977,2024-08-16,1,3,0,0.10635
8978,2024-08-17,6,7,0,0.106337
8979,2024-08-19,7,7,1,0.106444
8980,2024-08-20,6,6,1,0.106551
8981,2024-08-22,5,9,0,0.106538
8982,2024-08-23,1,3,0,0.106525
8983,2024-08-24,1,3,0,0.106512
8984,2024-08-27,7,8,0,0.1065
8985,2024-08-29,4,9,0,0.106487
8986,2024-08-30,8,4,0,0.106474
8987,2024-08-31,2,5,0,0.106462
8988,2024-09-03,5,5,1,0.106568
8989,2024-09-05,9,6,0,0.106555
8990,2024-09-06,3,6,0,0.106543
8991,2024-09-07,5,9,0,0.10653
8992,2024-09-10,9,3,0,0.106517
8993,2024-09-12,7,6,0,0.106505
8994,2024-09-13,3,6,0,0.106492
8995,2024-09-14,3,2,0,0.106479
8996,2024-09-17,1,1,1,0.106586
8997,2024-09-19,9,7,0,0.106573
8998,2024-09-20,9,7,0,0.10656
8999,2024-09-21,1,3,0,0.106548
9000,2024-09-24,4,4,1,0.106654
9001,2024-09-26,1,9,0,0.106641
9002,2024-09-27,4,2,0,0.106629
9003,2024-09-28,4,9,0,0.106616
9004,2024-10-01,8,6,0,0.106603
9005,2024-10-03,8,5,0,0.106591
9006,2024-10-04,5,7,0,0.106578
9007,2024-10-05,2,5,0,0.106565
9008,2024-10-08,5,8,0,0.106553
9009,2024-10-10,8,6,0,0.10654
9010,2024-10-11,4,1,0,0.106527
9011,2024-10-12,3,7,0,0.106515
9012,2024-10-15,6,4,0,0.106502
9013,2024-10-17,2,4,0,0.106489
9014,2024-10-18,3,3,1,0.106595
9015,2024-10-19,2,1,0,0.106583
9016,2024-10-22,4,7,0,0.10657
9017,2024-10-24,1,5,0,0.106557
9018,2024-10-25,7,4,0,0.106545
9019,2024-10-26,9,9,1,0.106651
9020,2024-10-29,1,4,0,0.106638
9021,2024-10-31,6,4,0,0.106626
9022,2024-11-02,4,7,0,0.106613
9023,2024-11-04,6,7,0,0.1066
9024,2024-11-05,9,7,0,0.106588
9025,2024-11-07,2,6,0,0.106575
9026,2024-11-08,9,3,0,0.106562
9027,2024-11-09,3,1,0,0.10655
9028,2024-11-12,1,9,0,0.106537
9029,2024-11-14,3,7,0,0.106524
9030,2024-11-15,8,3,0,0.106512
9031,2024-11-16,7,9,0,0.106499
9032,2024-11-19,7,2,0,0.106486
9033,2024-11-21,5,6,0,0.106474
9034,2024-11-22,6,5,0,0.106461
9035,2024-11-23,7,7,1,0.106567
9036,2024-11-26,9,6,0,0.106554
9037,2024-11-28,3,4,0,0.106542
9038,2024-11-29,4,9,0,0.106529
9039,2024-11-30,8,8,1,0.106635
9040,2024-12-03,6,5,0,0.106622
9041,2024-12-05,7,6,0,0.10661
9042,2024-12-06,3,6,0,0.106597
9043,2024-12-07,7,2,0,0.106585
9044,2024-12-10,6,4,0,0.106572
9045,2024-12-12,3,5,0,0.106559
9046,2024-12-13,4,4,1,0.106665
9047,2024-12-14,4,8,0,0.106652
9048,2024-12-17,8,6,0,0.10664
9049,2024-12-19,1,5,0,0.106627
9050,2024-12-20,4,1,0,0.106615
9051,2024-12-21,9,9,1,0.10672
9052,2024-12-24,6,8,0,0.106708
9053,2024-12-27,2,3,0,0.106695
9054,2024-12-28,2,3,0,0.106682
9055,2024-12-30,3,1,0,0.10667
9056,2024-12-31,9,1,0,0.106657
9057,2025-01-02,6,9,0,0.106645
9058,2025-01-03,8,3,0,0.106632
9059,2025-01-04,9,2,0,0.106619
9060,2025-01-07,6,4,0,0.106607
9061,2025-01-09,6,3,0,0.106594
9062,2025-01-10,1,1,1,0.1067
9063,2025-01-11,8,4,0,0.106687
9064,2025-01-14,5,7,0,0.106675
9065,2025-01-16,8,5,0,0.106662
9066,2025-01-17,4,1,0,0.106649
9067,2025-01-18,1,7,0,0.106637
9068,2025-01-21,4,4,1,0.106742
9069,2025-01-23,6,9,0,0.10673
9070,2025-01-24,9,7,0,0.106717
9071,2025-01-25,4,6,0,0.106704
9072,2025-01-28,3,6,0,0.106692
9073,2025-01-30,2,4,0,0.106679
9074,2025-01-31,9,7,0,0.106667
9075,2025-02-01,2,1,0,0.106654
9076,2025-02-04,7,3,0,0.106642
9077,2025-02-06,6,8,0,0.106629
9078,2025-02-07,2,5,0,0.106616
9079,2025-02-08,4,3,0,0.106604
9080,2025-02-11,1,5,0,0.106591
9081,2025-02-13,7,4,0,0.106579
9082,2025-02-14,5,9,0,0.106566
9083,2025-02-15,3,5,0,0.106554
9084,2025-02-18,9,6,0,0.106541
9085,2025-02-20,6,9,0,0.106528
9086,2025-02-21,7,3,0,0.106516
9087,2025-02-22,3,6,0,0.106503
9088,2025-02-25,6,2,0,0.106491
9089,2025-02-27,4,4,1,0.106596
9090,2025-02-28,5,7,0,0.106583
9091,2025-03-01,9,9,1,0.106689
9092,2025-03-04,7,6,0,0.106676
9093,2025-03-06,7,3,0,0.106664
9094,2025-03-07,4,6,0,0.106651
9095,2025-03-08,8,4,0,0.106638
9096,2025-03-11,5,5,1,0.106744
9097,2025-03-13,9,5,0,0.106731
9098,2025-03-14,9,6,0,0.106718
9099,2025-03-15,7,3,0,0.106706
9100,2025-03-18,6,3,0,0.106693
9101,2025-03-20,4,5,0,0.106681
9102,2025-03-21,1,7,0,0.106668
9103,2025-03-22,9,4,0,0.106656
9104,2025-03-25,7,7,1,0.106761
9105,2025-03-27,9,6,0,0.106748
9106,2025-03-28,9,3,0,0.106736
9107,2025-03-29,1,3,0,0.106723
9108,2025-04-01,4,4,1,0.106828
9109,2025-04-03,5,9,0,0.106816
9110,2025-04-04,9,9,1,0.10692
9111,2025-04-05,6,6,1,0.107025
9112,2025-04-08,2,3,0,0.107013
9113,2025-04-10,1,3,0,0.107
9114,2025-04-11,6,7,0,0.106988
9115,2025-04-12,4,7,0,0.106975
9116,2025-04-15,8,7,0,0.106963
9117,2025-04-17,3,5,0,0.10695
9118,2025-04-18,2,7,0,0.106937
9119,2025-04-19,8,7,0,0.106925
9120,2025-04-22,8,4,0,0.106912
9121,2025-04-24,2,5,0,0.1069
9122,2025-04-26,6,5,0,0.106887
9123,2025-04-28,4,7,0,0.106875
9124,2025-04-29,6,7,0,0.106862
9125,2025-05-02,3,7,0,0.10685
9126,2025-05-03,2,4,0,0.106837
9127,2025-05-05,7,7,1,0.106942
9128,2025-05-06,2,8,0,0.106929
9129,2025-05-08,3,7,0,0.106917
9130,2025-05-09,5,1,0,0.106904
9131,2025-05-10,8,3,0,0.106892
9132,2025-05-13,7,1,0,0.106879
9133,2025-05-15,9,2,0,0.106867
9134,2025-05-16,3,3,1,0.106971
9135,2025-05-17,6,9,0,0.106959
9136,2025-05-20,8,4,0,0.106946
9137,2025-05-22,6,2,0,0.106934
9138,2025-05-23,7,6,0,0.106921
9139,2025-05-24,3,6,0,0.106909
9140,2025-05-27,8,2,0,0.106896
9141,2025-05-29,3,9,0,0.106884
9142,2025-05-30,5,7,0,0.106871
9143,2025-05-31,3,3,1,0.106976
9144,2025-06-03,6,6,1,0.10708
9145,2025-06-05,3,4,0,0.107068
9146,2025-06-06,7,4,0,0.107055
9147,2025-06-07,5,4,0,0.107043
9148,2025-06-10,7,5,0,0.10703
9149,2025-06-12,7,5,0,0.107018
9150,2025-06-13,4,6,0,0.107005
9151,2025-06-14,1,4,0,0.106993
9152,2025-06-17,6,4,0,0.10698
9153,2025-06-19,7,7,1,0.107084
9154,2025-06-20,3,6,0,0.107072
9155,2025-06-21,4,2,0,0.107059
9156,2025-06-24,2,8,0,0.107047
9157,2025-06-26,4,3,0,0.107034
9158,2025-06-27,2,5,0,0.107022
9159,2025-06-28,5,3,0,0.107009
9160,2025-07-01,3,6,0,0.106997
9161,2025-07-03,7,6,0,0.106984
9162,2025-07-04,9,4,0,0.106972
9163,2025-07-05,6,3,0,0.106959
9164,2025-07-08,8,3,0,0.106947
9165,2025-07-10,4,6,0,0.106934
9166,2025-07-11,1,7,0,0.106922
9167,2025-07-12,7,4,0,0.106909
9168,2025-07-15,2,9,0,0.106897
9169,2025-07-17,7,7,1,0.107001
9170,2025-07-18,1,2,0,0.106989
9171,2025-07-19,5,7,0,0.106976
9172,2025-07-22,4,9,0,0.106964
9173,2025-07-24,8,8,1,0.107068
9174,2025-07-25,7,5,0,0.107055
9175,2025-07-26,9,2,0,0.107043
9176,2025-07-29,5,3,0,0.10703
9177,2025-07-31,9,3,0,0.107018
9178,2025-08-01,5,6,0,0.107005
9179,2025-08-02,7,3,0,0.106993
9180,2025-08-05,6,5,0,0.106981
9181,2025-08-07,2,4,0,0.106968
9182,2025-08-08,9,3,0,0.106956
9183,2025-08-09,5,1,0,0.106943
9184,2025-08-12,7,3,0,0.106931
9185,2025-08-14,3,5,0,0.106918
9186,2025-08-16,5,2,0,0.106906
9187,2025-08-18,6,3,0,0.106893
9188,2025-08-19,6,7,0,0.106881
9189,2025-08-21,5,1,0,0.106868
9190,2025-08-22,9,3,0,0.106856
9191,2025-08-23,3,6,0,0.106844
9192,2025-08-26,8,9,0,0.106831
9193,2025-08-28,9,9,1,0.106935
9194,2025-08-29,7,4,0,0.106923
9195,2025-08-30,6,6,1,0.107027
9196,2025-09-02,9,4,0,0.107014
9197,2025-09-04,4,6,0,0.107002
9198,2025-09-05,8,6,0,0.106989
9199,2025-09-06,2,5,0,0.106977
9200,2025-09-09,3,5,0,0.106964
9201,2025-09-11,1,1,1,0.107068
9202,2025-09-12,9,7,0,0.107056
9203,2025-09-13,3,7,0,0.107043
9204,2025-09-16,6,9,0,0.107031
9205,2025-09-18,1,4,0,0.107018
9206,2025-09-19,3,4,0,0.107006
9207,2025-09-20,4,3,0,0.106993
9208,2025-09-23,6,8,0,0.106981
9209,2025-09-25,6,7,0,0.106969
9210,2025-09-26,8,1,0,0.106956
9211,2025-09-27,6,6,1,0.10706
9212,2025-09-30,8,6,0,0.107047
9213,2025-10-02,3,6,0,0.107035
9214,2025-10-03,7,7,1,0.107139
9215,2025-10-04,7,4,0,0.107126
9216,2025-10-07,8,6,0,0.107114
9217,2025-10-09,8,6,0,0.107101
9218,2025-10-10,4,5,0,0.107089
9219,2025-10-11,3,7,0,0.107077
9220,2025-10-14,7,4,0,0.107064
9221,2025-10-16,9,4,0,0.107052
9222,2025-10-17,3,3,1,0.107155
9223,2025-10-18,5,9,0,0.107143
9224,2025-10-21,7,3,0,0.10713
9225,2025-10-23,5,5,1,0.107234
9226,2025-10-24,8,5,0,0.107222
9227,2025-10-25,9,7,0,0.107209
9228,2025-10-28,8,4,0,0.107197
9229,2025-10-30,9,8,0,0.107184
9230,2025-10-31,3,4,0,0.107172
9231,2025-11-03,3,9,0,0.107159
9232,2025-11-04,2,1,0,0.107147
9233,2025-11-06,5,7,0,0.107135
9234,2025-11-07,2,6,0,0.107122
9235,2025-11-08,3,5,0,0.10711
9236,2025-11-11,1,1,1,0.107213
9237,2025-11-13,4,7,0,0.107201
9238,2025-11-14,8,9,0,0.107188
9239,2025-11-15,9,5,0,0.107176
9240,2025-11-18,4,4,1,0.107279
9241,2025-11-20,3,6,0,0.107267
9242,2025-11-21,3,4,0,0.107254
9243,2025-11-22,2,1,0,0.107242
9244,2025-11-25,9,7,0,0.10723
9245,2025-11-27,6,1,0,0.107217
9246,2025-11-28,7,3,0,0.107205
9247,2025-11-29,6,6,1,0.107308
9248,2025-12-02,7,9,0,0.107296
9249,2025-12-04,3,6,0,0.107283
9250,2025-12-05,3,2,0,0.107271
9251,2025-12-06,6,1,0,0.107258
9252,2025-12-09,1,4,0,0.107246
9253,2025-12-11,4,4,1,0.107349
9254,2025-12-12,1,9,0,0.107337
9255,2025-12-13,1,4,0,0.107324
9256,2025-12-16,6,8,0,0.107312
9257,2025-12-18,7,7,1,0.107415
9258,2025-12-19,4,6,0,0.107403
9259,2025-12-20,9,4,0,0.10739
9260,2025-12-23,2,8,0,0.107378
9261,2025-12-24,2,3,0,0.107366
9262,2025-12-27,9,1,0,0.107353
9263,2025-12-29,7,1,0,0.107341
9264,2025-12-30,9,6,0,0.107328
9265,2026-01-02,5,3,0,0.107316
9266,2026-01-03,7,3,0,0.107304
9267,2026-01-05,1,5,0,0.107291
9268,2026-01-07,7,7,1,0.107394
9269,2026-01-08,8,9,0,0.107382
9270,2026-01-09,7,8,0,0.107369
9271,2026-01-10,4,2,0,0.107357
9272,2026-01-13,8,4,0,0.107345
9273,2026-01-15,9,5,0,0.107332
9274,2026-01-16,7,4,0,0.10732
9275,2026-01-17,6,6,1,0.107423
9276,2026-01-20,4,9,0,0.10741
9277,2026-01-22,1,7,0,0.107398
9278,2026-01-23,7,4,0,0.107386
9279,2026-01-24,6,9,0,0.107373
9280,2026-01-27,6,4,0,0.107361
9281,2026-01-29,5,1,0,0.107349
9282,2026-01-30,1,3,0,0.107336
9283,2026-01-31,2,3,0,0.107324
9284,2026-02-03,7,8,0,0.107311
9285,2026-02-05,6,2,0,0.107299
9286,2026-02-06,1,4,0,0.107287
9287,2026-02-07,2,4,0,0.107274
9288,2026-02-10,8,8,1,0.107377
9289,2026-02-12,3,4,0,0.107365
9290,2026-02-13,1,7,0,0.107352
9291,2026-02-14,9,7,0,0.10734
9292,2026-02-17,5,7,0,0.107328
9293,2026-02-19,3,3,1,0.10743
9294,2026-02-20,8,6,0,0.107418
9295,2026-02-21,7,9,0,0.107406
9296,2026-02-24,5,2,0,0.107393
9297,2026-02-26,9,5,0,0.107381
9298,2026-02-27,1,6,0,0.107369
9299,2026-02-28,1,4,0,0.107356
9300,2026-03-03,1,8,0,0.107344
9301,2026-03-05,7,8,0,0.107332
9302,2026-03-06,4,9,0,0.107319
9303,2026-03-07,3,4,0,0.107307
9304,2026-03-10,6,4,0,0.107295
9305,2026-03-12,2,4,0,0.107282
9306,2026-03-13,5,3,0,0.10727
9307,2026-03-14,3,6,0,0.107258
9308,2026-03-17,5,6,0,0.107245
