slice_idx,window_start_date,window_end_date,from_dr,to_dr,count,p_to_given_from
0,1900-01-06,1907-09-07,1,1,3,0.073171
0,1900-01-06,1907-09-07,1,2,5,0.121951
0,1900-01-06,1907-09-07,1,3,3,0.073171
0,1900-01-06,1907-09-07,1,4,2,0.04878
0,1900-01-06,1907-09-07,1,5,3,0.073171
0,1900-01-06,1907-09-07,1,6,5,0.121951
0,1900-01-06,1907-09-07,1,7,11,0.268293
0,1900-01-06,1907-09-07,1,8,4,0.097561
0,1900-01-06,1907-09-07,1,9,5,0.121951
0,1900-01-06,1907-09-07,2,1,1,0.028571
0,1900-01-06,1907-09-07,2,2,4,0.114286
0,1900-01-06,1907-09-07,2,3,4,0.114286
0,1900-01-06,1907-09-07,2,4,2,0.057143
0,1900-01-06,1907-09-07,2,5,5,0.142857
0,1900-01-06,1907-09-07,2,6,1,0.028571
0,1900-01-06,1907-09-07,2,7,4,0.114286
0,1900-01-06,1907-09-07,2,8,4,0.114286
0,1900-01-06,1907-09-07,2,9,10,0.285714
0,1900-01-06,1907-09-07,3,1,7,0.205882
0,1900-01-06,1907-09-07,3,2,2,0.058824
0,1900-01-06,1907-09-07,3,3,3,0.088235
0,1900-01-06,1907-09-07,3,4,4,0.117647
0,1900-01-06,1907-09-07,3,5,3,0.088235
0,1900-01-06,1907-09-07,3,6,3,0.088235
0,1900-01-06,1907-09-07,3,7,3,0.088235
0,1900-01-06,1907-09-07,3,8,4,0.117647
0,1900-01-06,1907-09-07,3,9,5,0.147059
0,1900-01-06,1907-09-07,4,1,3,0.083333
0,1900-01-06,1907-09-07,4,2,3,0.083333
0,1900-01-06,1907-09-07,4,3,0,0.0
0,1900-01-06,1907-09-07,4,4,3,0.083333
0,1900-01-06,1907-09-07,4,5,4,0.111111
0,1900-01-06,1907-09-07,4,6,6,0.166667
0,1900-01-06,1907-09-07,4,7,8,0.222222
0,1900-01-06,1907-09-07,4,8,6,0.166667
0,1900-01-06,1907-09-07,4,9,3,0.083333
0,1900-01-06,1907-09-07,5,1,6,0.125
0,1900-01-06,1907-09-07,5,2,1,0.020833
0,1900-01-06,1907-09-07,5,3,5,0.104167
0,1900-01-06,1907-09-07,5,4,5,0.104167
0,1900-01-06,1907-09-07,5,5,6,0.125
0,1900-01-06,1907-09-07,5,6,7,0.145833
0,1900-01-06,1907-09-07,5,7,10,0.208333
0,1900-01-06,1907-09-07,5,8,3,0.0625
0,1900-01-06,1907-09-07,5,9,5,0.104167
0,1900-01-06,1907-09-07,6,1,5,0.116279
0,1900-01-06,1907-09-07,6,2,6,0.139535
0,1900-01-06,1907-09-07,6,3,5,0.116279
0,1900-01-06,1907-09-07,6,4,7,0.162791
0,1900-01-06,1907-09-07,6,5,4,0.093023
0,1900-01-06,1907-09-07,6,6,3,0.069767
0,1900-01-06,1907-09-07,6,7,6,0.139535
0,1900-01-06,1907-09-07,6,8,4,0.093023
0,1900-01-06,1907-09-07,6,9,3,0.069767
0,1900-01-06,1907-09-07,7,1,8,0.126984
0,1900-01-06,1907-09-07,7,2,5,0.079365
0,1900-01-06,1907-09-07,7,3,7,0.111111
0,1900-01-06,1907-09-07,7,4,6,0.095238
0,1900-01-06,1907-09-07,7,5,8,0.126984
0,1900-01-06,1907-09-07,7,6,9,0.142857
0,1900-01-06,1907-09-07,7,7,9,0.142857
0,1900-01-06,1907-09-07,7,8,8,0.126984
0,1900-01-06,1907-09-07,7,9,3,0.047619
0,1900-01-06,1907-09-07,8,1,2,0.040816
0,1900-01-06,1907-09-07,8,2,6,0.122449
0,1900-01-06,1907-09-07,8,3,2,0.040816
0,1900-01-06,1907-09-07,8,4,5,0.102041
0,1900-01-06,1907-09-07,8,5,9,0.183673
0,1900-01-06,1907-09-07,8,6,6,0.122449
0,1900-01-06,1907-09-07,8,7,5,0.102041
0,1900-01-06,1907-09-07,8,8,7,0.142857
0,1900-01-06,1907-09-07,8,9,7,0.142857
0,1900-01-06,1907-09-07,9,1,5,0.098039
0,1900-01-06,1907-09-07,9,2,4,0.078431
0,1900-01-06,1907-09-07,9,3,5,0.098039
0,1900-01-06,1907-09-07,9,4,2,0.039216
0,1900-01-06,1907-09-07,9,5,6,0.117647
0,1900-01-06,1907-09-07,9,6,3,0.058824
0,1900-01-06,1907-09-07,9,7,7,0.137255
0,1900-01-06,1907-09-07,9,8,9,0.176471
0,1900-01-06,1907-09-07,9,9,10,0.196078
1,1901-12-07,1909-08-07,1,1,4,0.085106
1,1901-12-07,1909-08-07,1,2,7,0.148936
1,1901-12-07,1909-08-07,1,3,2,0.042553
1,1901-12-07,1909-08-07,1,4,3,0.06383
1,1901-12-07,1909-08-07,1,5,3,0.06383
1,1901-12-07,1909-08-07,1,6,7,0.148936
1,1901-12-07,1909-08-07,1,7,10,0.212766
1,1901-12-07,1909-08-07,1,8,6,0.12766
1,1901-12-07,1909-08-07,1,9,5,0.106383
1,1901-12-07,1909-08-07,2,1,3,0.083333
1,1901-12-07,1909-08-07,2,2,4,0.111111
1,1901-12-07,1909-08-07,2,3,4,0.111111
1,1901-12-07,1909-08-07,2,4,1,0.027778
1,1901-12-07,1909-08-07,2,5,5,0.138889
1,1901-12-07,1909-08-07,2,6,1,0.027778
1,1901-12-07,1909-08-07,2,7,3,0.083333
1,1901-12-07,1909-08-07,2,8,6,0.166667
1,1901-12-07,1909-08-07,2,9,9,0.25
1,1901-12-07,1909-08-07,3,1,5,0.166667
1,1901-12-07,1909-08-07,3,2,2,0.066667
1,1901-12-07,1909-08-07,3,3,1,0.033333
1,1901-12-07,1909-08-07,3,4,3,0.1
1,1901-12-07,1909-08-07,3,5,2,0.066667
1,1901-12-07,1909-08-07,3,6,4,0.133333
1,1901-12-07,1909-08-07,3,7,3,0.1
1,1901-12-07,1909-08-07,3,8,6,0.2
1,1901-12-07,1909-08-07,3,9,4,0.133333
1,1901-12-07,1909-08-07,4,1,5,0.151515
1,1901-12-07,1909-08-07,4,2,3,0.090909
1,1901-12-07,1909-08-07,4,3,0,0.0
1,1901-12-07,1909-08-07,4,4,1,0.030303
1,1901-12-07,1909-08-07,4,5,4,0.121212
1,1901-12-07,1909-08-07,4,6,8,0.242424
1,1901-12-07,1909-08-07,4,7,5,0.151515
1,1901-12-07,1909-08-07,4,8,4,0.121212
1,1901-12-07,1909-08-07,4,9,3,0.090909
1,1901-12-07,1909-08-07,5,1,6,0.125
1,1901-12-07,1909-08-07,5,2,2,0.041667
1,1901-12-07,1909-08-07,5,3,6,0.125
1,1901-12-07,1909-08-07,5,4,6,0.125
1,1901-12-07,1909-08-07,5,5,6,0.125
1,1901-12-07,1909-08-07,5,6,6,0.125
1,1901-12-07,1909-08-07,5,7,8,0.166667
1,1901-12-07,1909-08-07,5,8,2,0.041667
1,1901-12-07,1909-08-07,5,9,6,0.125
1,1901-12-07,1909-08-07,6,1,7,0.142857
1,1901-12-07,1909-08-07,6,2,8,0.163265
1,1901-12-07,1909-08-07,6,3,4,0.081633
1,1901-12-07,1909-08-07,6,4,6,0.122449
1,1901-12-07,1909-08-07,6,5,6,0.122449
1,1901-12-07,1909-08-07,6,6,4,0.081633
1,1901-12-07,1909-08-07,6,7,5,0.102041
1,1901-12-07,1909-08-07,6,8,7,0.142857
1,1901-12-07,1909-08-07,6,9,2,0.040816
1,1901-12-07,1909-08-07,7,1,8,0.156863
1,1901-12-07,1909-08-07,7,2,3,0.058824
1,1901-12-07,1909-08-07,7,3,5,0.098039
1,1901-12-07,1909-08-07,7,4,4,0.078431
1,1901-12-07,1909-08-07,7,5,9,0.176471
1,1901-12-07,1909-08-07,7,6,8,0.156863
1,1901-12-07,1909-08-07,7,7,5,0.098039
1,1901-12-07,1909-08-07,7,8,5,0.098039
1,1901-12-07,1909-08-07,7,9,4,0.078431
1,1901-12-07,1909-08-07,8,1,3,0.057692
1,1901-12-07,1909-08-07,8,2,5,0.096154
1,1901-12-07,1909-08-07,8,3,3,0.057692
1,1901-12-07,1909-08-07,8,4,5,0.096154
1,1901-12-07,1909-08-07,8,5,7,0.134615
1,1901-12-07,1909-08-07,8,6,8,0.153846
1,1901-12-07,1909-08-07,8,7,6,0.115385
1,1901-12-07,1909-08-07,8,8,8,0.153846
1,1901-12-07,1909-08-07,8,9,7,0.134615
1,1901-12-07,1909-08-07,9,1,6,0.111111
1,1901-12-07,1909-08-07,9,2,2,0.037037
1,1901-12-07,1909-08-07,9,3,5,0.092593
1,1901-12-07,1909-08-07,9,4,4,0.074074
1,1901-12-07,1909-08-07,9,5,6,0.111111
1,1901-12-07,1909-08-07,9,6,3,0.055556
1,1901-12-07,1909-08-07,9,7,6,0.111111
1,1901-12-07,1909-08-07,9,8,8,0.148148
1,1901-12-07,1909-08-07,9,9,14,0.259259
2,1903-11-07,1911-07-08,1,1,6,0.122449
2,1903-11-07,1911-07-08,1,2,5,0.102041
2,1903-11-07,1911-07-08,1,3,1,0.020408
2,1903-11-07,1911-07-08,1,4,3,0.061224
2,1903-11-07,1911-07-08,1,5,3,0.061224
2,1903-11-07,1911-07-08,1,6,8,0.163265
2,1903-11-07,1911-07-08,1,7,12,0.244898
2,1903-11-07,1911-07-08,1,8,6,0.122449
2,1903-11-07,1911-07-08,1,9,5,0.102041
2,1903-11-07,1911-07-08,2,1,3,0.071429
2,1903-11-07,1911-07-08,2,2,4,0.095238
2,1903-11-07,1911-07-08,2,3,5,0.119048
2,1903-11-07,1911-07-08,2,4,2,0.047619
2,1903-11-07,1911-07-08,2,5,7,0.166667
2,1903-11-07,1911-07-08,2,6,4,0.095238
2,1903-11-07,1911-07-08,2,7,4,0.095238
2,1903-11-07,1911-07-08,2,8,6,0.142857
2,1903-11-07,1911-07-08,2,9,7,0.166667
2,1903-11-07,1911-07-08,3,1,4,0.117647
2,1903-11-07,1911-07-08,3,2,4,0.117647
2,1903-11-07,1911-07-08,3,3,3,0.088235
2,1903-11-07,1911-07-08,3,4,3,0.088235
2,1903-11-07,1911-07-08,3,5,3,0.088235
2,1903-11-07,1911-07-08,3,6,4,0.117647
2,1903-11-07,1911-07-08,3,7,4,0.117647
2,1903-11-07,1911-07-08,3,8,6,0.176471
2,1903-11-07,1911-07-08,3,9,3,0.088235
2,1903-11-07,1911-07-08,4,1,5,0.131579
2,1903-11-07,1911-07-08,4,2,4,0.105263
2,1903-11-07,1911-07-08,4,3,1,0.026316
2,1903-11-07,1911-07-08,4,4,7,0.184211
2,1903-11-07,1911-07-08,4,5,6,0.157895
2,1903-11-07,1911-07-08,4,6,6,0.157895
2,1903-11-07,1911-07-08,4,7,3,0.078947
2,1903-11-07,1911-07-08,4,8,4,0.105263
2,1903-11-07,1911-07-08,4,9,2,0.052632
2,1903-11-07,1911-07-08,5,1,6,0.12766
2,1903-11-07,1911-07-08,5,2,7,0.148936
2,1903-11-07,1911-07-08,5,3,5,0.106383
2,1903-11-07,1911-07-08,5,4,5,0.106383
2,1903-11-07,1911-07-08,5,5,3,0.06383
2,1903-11-07,1911-07-08,5,6,5,0.106383
2,1903-11-07,1911-07-08,5,7,8,0.170213
2,1903-11-07,1911-07-08,5,8,3,0.06383
2,1903-11-07,1911-07-08,5,9,5,0.106383
2,1903-11-07,1911-07-08,6,1,7,0.159091
2,1903-11-07,1911-07-08,6,2,8,0.181818
2,1903-11-07,1911-07-08,6,3,4,0.090909
2,1903-11-07,1911-07-08,6,4,5,0.113636
2,1903-11-07,1911-07-08,6,5,6,0.136364
2,1903-11-07,1911-07-08,6,6,1,0.022727
2,1903-11-07,1911-07-08,6,7,5,0.113636
2,1903-11-07,1911-07-08,6,8,7,0.159091
2,1903-11-07,1911-07-08,6,9,1,0.022727
2,1903-11-07,1911-07-08,7,1,7,0.137255
2,1903-11-07,1911-07-08,7,2,3,0.058824
2,1903-11-07,1911-07-08,7,3,7,0.137255
2,1903-11-07,1911-07-08,7,4,3,0.058824
2,1903-11-07,1911-07-08,7,5,8,0.156863
2,1903-11-07,1911-07-08,7,6,6,0.117647
2,1903-11-07,1911-07-08,7,7,5,0.098039
2,1903-11-07,1911-07-08,7,8,6,0.117647
2,1903-11-07,1911-07-08,7,9,6,0.117647
2,1903-11-07,1911-07-08,8,1,3,0.055556
2,1903-11-07,1911-07-08,8,2,5,0.092593
2,1903-11-07,1911-07-08,8,3,6,0.111111
2,1903-11-07,1911-07-08,8,4,6,0.111111
2,1903-11-07,1911-07-08,8,5,7,0.12963
2,1903-11-07,1911-07-08,8,6,8,0.148148
2,1903-11-07,1911-07-08,8,7,5,0.092593
2,1903-11-07,1911-07-08,8,8,9,0.166667
2,1903-11-07,1911-07-08,8,9,5,0.092593
2,1903-11-07,1911-07-08,9,1,8,0.195122
2,1903-11-07,1911-07-08,9,2,2,0.04878
2,1903-11-07,1911-07-08,9,3,2,0.04878
2,1903-11-07,1911-07-08,9,4,4,0.097561
2,1903-11-07,1911-07-08,9,5,4,0.097561
2,1903-11-07,1911-07-08,9,6,2,0.04878
2,1903-11-07,1911-07-08,9,7,5,0.121951
2,1903-11-07,1911-07-08,9,8,6,0.146341
2,1903-11-07,1911-07-08,9,9,8,0.195122
3,1905-10-07,1913-06-07,1,1,5,0.116279
3,1905-10-07,1913-06-07,1,2,7,0.162791
3,1905-10-07,1913-06-07,1,3,4,0.093023
3,1905-10-07,1913-06-07,1,4,3,0.069767
3,1905-10-07,1913-06-07,1,5,2,0.046512
3,1905-10-07,1913-06-07,1,6,5,0.116279
3,1905-10-07,1913-06-07,1,7,9,0.209302
3,1905-10-07,1913-06-07,1,8,4,0.093023
3,1905-10-07,1913-06-07,1,9,4,0.093023
3,1905-10-07,1913-06-07,2,1,4,0.095238
3,1905-10-07,1913-06-07,2,2,3,0.071429
3,1905-10-07,1913-06-07,2,3,6,0.142857
3,1905-10-07,1913-06-07,2,4,2,0.047619
3,1905-10-07,1913-06-07,2,5,6,0.142857
3,1905-10-07,1913-06-07,2,6,4,0.095238
3,1905-10-07,1913-06-07,2,7,4,0.095238
3,1905-10-07,1913-06-07,2,8,6,0.142857
3,1905-10-07,1913-06-07,2,9,7,0.166667
3,1905-10-07,1913-06-07,3,1,2,0.04878
3,1905-10-07,1913-06-07,3,2,3,0.073171
3,1905-10-07,1913-06-07,3,3,4,0.097561
3,1905-10-07,1913-06-07,3,4,4,0.097561
3,1905-10-07,1913-06-07,3,5,5,0.121951
3,1905-10-07,1913-06-07,3,6,6,0.146341
3,1905-10-07,1913-06-07,3,7,4,0.097561
3,1905-10-07,1913-06-07,3,8,5,0.121951
3,1905-10-07,1913-06-07,3,9,8,0.195122
3,1905-10-07,1913-06-07,4,1,4,0.088889
3,1905-10-07,1913-06-07,4,2,4,0.088889
3,1905-10-07,1913-06-07,4,3,2,0.044444
3,1905-10-07,1913-06-07,4,4,12,0.266667
3,1905-10-07,1913-06-07,4,5,6,0.133333
3,1905-10-07,1913-06-07,4,6,10,0.222222
3,1905-10-07,1913-06-07,4,7,2,0.044444
3,1905-10-07,1913-06-07,4,8,3,0.066667
3,1905-10-07,1913-06-07,4,9,2,0.044444
3,1905-10-07,1913-06-07,5,1,5,0.108696
3,1905-10-07,1913-06-07,5,2,6,0.130435
3,1905-10-07,1913-06-07,5,3,4,0.086957
3,1905-10-07,1913-06-07,5,4,5,0.108696
3,1905-10-07,1913-06-07,5,5,5,0.108696
3,1905-10-07,1913-06-07,5,6,6,0.130435
3,1905-10-07,1913-06-07,5,7,6,0.130435
3,1905-10-07,1913-06-07,5,8,4,0.086957
3,1905-10-07,1913-06-07,5,9,5,0.108696
3,1905-10-07,1913-06-07,6,1,8,0.166667
3,1905-10-07,1913-06-07,6,2,8,0.166667
3,1905-10-07,1913-06-07,6,3,8,0.166667
3,1905-10-07,1913-06-07,6,4,4,0.083333
3,1905-10-07,1913-06-07,6,5,6,0.125
3,1905-10-07,1913-06-07,6,6,1,0.020833
3,1905-10-07,1913-06-07,6,7,3,0.0625
3,1905-10-07,1913-06-07,6,8,8,0.166667
3,1905-10-07,1913-06-07,6,9,2,0.041667
3,1905-10-07,1913-06-07,7,1,5,0.119048
3,1905-10-07,1913-06-07,7,2,3,0.071429
3,1905-10-07,1913-06-07,7,3,6,0.142857
3,1905-10-07,1913-06-07,7,4,3,0.071429
3,1905-10-07,1913-06-07,7,5,4,0.095238
3,1905-10-07,1913-06-07,7,6,6,0.142857
3,1905-10-07,1913-06-07,7,7,3,0.071429
3,1905-10-07,1913-06-07,7,8,6,0.142857
3,1905-10-07,1913-06-07,7,9,6,0.142857
3,1905-10-07,1913-06-07,8,1,2,0.04
3,1905-10-07,1913-06-07,8,2,5,0.1
3,1905-10-07,1913-06-07,8,3,5,0.1
3,1905-10-07,1913-06-07,8,4,6,0.12
3,1905-10-07,1913-06-07,8,5,7,0.14
3,1905-10-07,1913-06-07,8,6,6,0.12
3,1905-10-07,1913-06-07,8,7,5,0.1
3,1905-10-07,1913-06-07,8,8,10,0.2
3,1905-10-07,1913-06-07,8,9,4,0.08
3,1905-10-07,1913-06-07,9,1,8,0.186047
3,1905-10-07,1913-06-07,9,2,3,0.069767
3,1905-10-07,1913-06-07,9,3,2,0.046512
3,1905-10-07,1913-06-07,9,4,6,0.139535
3,1905-10-07,1913-06-07,9,5,5,0.116279
3,1905-10-07,1913-06-07,9,6,5,0.116279
3,1905-10-07,1913-06-07,9,7,5,0.116279
3,1905-10-07,1913-06-07,9,8,4,0.093023
3,1905-10-07,1913-06-07,9,9,5,0.116279
4,1907-09-07,1915-05-08,1,1,3,0.073171
4,1907-09-07,1915-05-08,1,2,5,0.121951
4,1907-09-07,1915-05-08,1,3,5,0.121951
4,1907-09-07,1915-05-08,1,4,3,0.073171
4,1907-09-07,1915-05-08,1,5,2,0.04878
4,1907-09-07,1915-05-08,1,6,6,0.146341
4,1907-09-07,1915-05-08,1,7,7,0.170732
4,1907-09-07,1915-05-08,1,8,5,0.121951
4,1907-09-07,1915-05-08,1,9,5,0.121951
4,1907-09-07,1915-05-08,2,1,4,0.093023
4,1907-09-07,1915-05-08,2,2,4,0.093023
4,1907-09-07,1915-05-08,2,3,7,0.162791
4,1907-09-07,1915-05-08,2,4,2,0.046512
4,1907-09-07,1915-05-08,2,5,7,0.162791
4,1907-09-07,1915-05-08,2,6,3,0.069767
4,1907-09-07,1915-05-08,2,7,4,0.093023
4,1907-09-07,1915-05-08,2,8,8,0.186047
4,1907-09-07,1915-05-08,2,9,4,0.093023
4,1907-09-07,1915-05-08,3,1,0,0.0
4,1907-09-07,1915-05-08,3,2,6,0.130435
4,1907-09-07,1915-05-08,3,3,7,0.152174
4,1907-09-07,1915-05-08,3,4,4,0.086957
4,1907-09-07,1915-05-08,3,5,7,0.152174
4,1907-09-07,1915-05-08,3,6,4,0.086957
4,1907-09-07,1915-05-08,3,7,5,0.108696
4,1907-09-07,1915-05-08,3,8,5,0.108696
4,1907-09-07,1915-05-08,3,9,8,0.173913
4,1907-09-07,1915-05-08,4,1,5,0.108696
4,1907-09-07,1915-05-08,4,2,5,0.108696
4,1907-09-07,1915-05-08,4,3,3,0.065217
4,1907-09-07,1915-05-08,4,4,12,0.26087
4,1907-09-07,1915-05-08,4,5,7,0.152174
4,1907-09-07,1915-05-08,4,6,9,0.195652
4,1907-09-07,1915-05-08,4,7,1,0.021739
4,1907-09-07,1915-05-08,4,8,1,0.021739
4,1907-09-07,1915-05-08,4,9,3,0.065217
4,1907-09-07,1915-05-08,5,1,5,0.111111
4,1907-09-07,1915-05-08,5,2,7,0.155556
4,1907-09-07,1915-05-08,5,3,4,0.088889
4,1907-09-07,1915-05-08,5,4,6,0.133333
4,1907-09-07,1915-05-08,5,5,3,0.066667
4,1907-09-07,1915-05-08,5,6,8,0.177778
4,1907-09-07,1915-05-08,5,7,2,0.044444
4,1907-09-07,1915-05-08,5,8,6,0.133333
4,1907-09-07,1915-05-08,5,9,4,0.088889
4,1907-09-07,1915-05-08,6,1,7,0.148936
4,1907-09-07,1915-05-08,6,2,6,0.12766
4,1907-09-07,1915-05-08,6,3,8,0.170213
4,1907-09-07,1915-05-08,6,4,4,0.085106
4,1907-09-07,1915-05-08,6,5,6,0.12766
4,1907-09-07,1915-05-08,6,6,1,0.021277
4,1907-09-07,1915-05-08,6,7,5,0.106383
4,1907-09-07,1915-05-08,6,8,8,0.170213
4,1907-09-07,1915-05-08,6,9,2,0.042553
4,1907-09-07,1915-05-08,7,1,4,0.105263
4,1907-09-07,1915-05-08,7,2,2,0.052632
4,1907-09-07,1915-05-08,7,3,5,0.131579
4,1907-09-07,1915-05-08,7,4,4,0.105263
4,1907-09-07,1915-05-08,7,5,3,0.078947
4,1907-09-07,1915-05-08,7,6,5,0.131579
4,1907-09-07,1915-05-08,7,7,4,0.105263
4,1907-09-07,1915-05-08,7,8,4,0.105263
4,1907-09-07,1915-05-08,7,9,7,0.184211
4,1907-09-07,1915-05-08,8,1,5,0.098039
4,1907-09-07,1915-05-08,8,2,3,0.058824
4,1907-09-07,1915-05-08,8,3,7,0.137255
4,1907-09-07,1915-05-08,8,4,5,0.098039
4,1907-09-07,1915-05-08,8,5,6,0.117647
4,1907-09-07,1915-05-08,8,6,5,0.098039
4,1907-09-07,1915-05-08,8,7,6,0.117647
4,1907-09-07,1915-05-08,8,8,10,0.196078
4,1907-09-07,1915-05-08,8,9,4,0.078431
4,1907-09-07,1915-05-08,9,1,8,0.186047
4,1907-09-07,1915-05-08,9,2,4,0.093023
4,1907-09-07,1915-05-08,9,3,0,0.0
4,1907-09-07,1915-05-08,9,4,6,0.139535
4,1907-09-07,1915-05-08,9,5,4,0.093023
4,1907-09-07,1915-05-08,9,6,7,0.162791
4,1907-09-07,1915-05-08,9,7,4,0.093023
4,1907-09-07,1915-05-08,9,8,4,0.093023
4,1907-09-07,1915-05-08,9,9,6,0.139535
5,1909-08-07,1917-04-07,1,1,2,0.05
5,1909-08-07,1917-04-07,1,2,4,0.1
5,1909-08-07,1917-04-07,1,3,6,0.15
5,1909-08-07,1917-04-07,1,4,3,0.075
5,1909-08-07,1917-04-07,1,5,5,0.125
5,1909-08-07,1917-04-07,1,6,7,0.175
5,1909-08-07,1917-04-07,1,7,7,0.175
5,1909-08-07,1917-04-07,1,8,3,0.075
5,1909-08-07,1917-04-07,1,9,3,0.075
5,1909-08-07,1917-04-07,2,1,1,0.027027
5,1909-08-07,1917-04-07,2,2,4,0.108108
5,1909-08-07,1917-04-07,2,3,7,0.189189
5,1909-08-07,1917-04-07,2,4,2,0.054054
5,1909-08-07,1917-04-07,2,5,5,0.135135
5,1909-08-07,1917-04-07,2,6,7,0.189189
5,1909-08-07,1917-04-07,2,7,3,0.081081
5,1909-08-07,1917-04-07,2,8,5,0.135135
5,1909-08-07,1917-04-07,2,9,3,0.081081
5,1909-08-07,1917-04-07,3,1,2,0.04
5,1909-08-07,1917-04-07,3,2,5,0.1
5,1909-08-07,1917-04-07,3,3,9,0.18
5,1909-08-07,1917-04-07,3,4,4,0.08
5,1909-08-07,1917-04-07,3,5,9,0.18
5,1909-08-07,1917-04-07,3,6,3,0.06
5,1909-08-07,1917-04-07,3,7,5,0.1
5,1909-08-07,1917-04-07,3,8,4,0.08
5,1909-08-07,1917-04-07,3,9,9,0.18
5,1909-08-07,1917-04-07,4,1,3,0.066667
5,1909-08-07,1917-04-07,4,2,4,0.088889
5,1909-08-07,1917-04-07,4,3,3,0.066667
5,1909-08-07,1917-04-07,4,4,12,0.266667
5,1909-08-07,1917-04-07,4,5,8,0.177778
5,1909-08-07,1917-04-07,4,6,8,0.177778
5,1909-08-07,1917-04-07,4,7,2,0.044444
5,1909-08-07,1917-04-07,4,8,1,0.022222
5,1909-08-07,1917-04-07,4,9,4,0.088889
5,1909-08-07,1917-04-07,5,1,8,0.16
5,1909-08-07,1917-04-07,5,2,7,0.14
5,1909-08-07,1917-04-07,5,3,3,0.06
5,1909-08-07,1917-04-07,5,4,5,0.1
5,1909-08-07,1917-04-07,5,5,3,0.06
5,1909-08-07,1917-04-07,5,6,8,0.16
5,1909-08-07,1917-04-07,5,7,7,0.14
5,1909-08-07,1917-04-07,5,8,5,0.1
5,1909-08-07,1917-04-07,5,9,4,0.08
5,1909-08-07,1917-04-07,6,1,5,0.106383
5,1909-08-07,1917-04-07,6,2,3,0.06383
5,1909-08-07,1917-04-07,6,3,8,0.170213
5,1909-08-07,1917-04-07,6,4,6,0.12766
5,1909-08-07,1917-04-07,6,5,5,0.106383
5,1909-08-07,1917-04-07,6,6,0,0.0
5,1909-08-07,1917-04-07,6,7,7,0.148936
5,1909-08-07,1917-04-07,6,8,7,0.148936
5,1909-08-07,1917-04-07,6,9,6,0.12766
5,1909-08-07,1917-04-07,7,1,6,0.133333
5,1909-08-07,1917-04-07,7,2,4,0.088889
5,1909-08-07,1917-04-07,7,3,5,0.111111
5,1909-08-07,1917-04-07,7,4,5,0.111111
5,1909-08-07,1917-04-07,7,5,4,0.088889
5,1909-08-07,1917-04-07,7,6,4,0.088889
5,1909-08-07,1917-04-07,7,7,5,0.111111
5,1909-08-07,1917-04-07,7,8,4,0.088889
5,1909-08-07,1917-04-07,7,9,8,0.177778
5,1909-08-07,1917-04-07,8,1,4,0.093023
5,1909-08-07,1917-04-07,8,2,1,0.023256
5,1909-08-07,1917-04-07,8,3,8,0.186047
5,1909-08-07,1917-04-07,8,4,4,0.093023
5,1909-08-07,1917-04-07,8,5,8,0.186047
5,1909-08-07,1917-04-07,8,6,3,0.069767
5,1909-08-07,1917-04-07,8,7,5,0.116279
5,1909-08-07,1917-04-07,8,8,8,0.186047
5,1909-08-07,1917-04-07,8,9,2,0.046512
5,1909-08-07,1917-04-07,9,1,10,0.232558
5,1909-08-07,1917-04-07,9,2,4,0.093023
5,1909-08-07,1917-04-07,9,3,1,0.023256
5,1909-08-07,1917-04-07,9,4,4,0.093023
5,1909-08-07,1917-04-07,9,5,3,0.069767
5,1909-08-07,1917-04-07,9,6,7,0.162791
5,1909-08-07,1917-04-07,9,7,4,0.093023
5,1909-08-07,1917-04-07,9,8,6,0.139535
5,1909-08-07,1917-04-07,9,9,4,0.093023
6,1911-07-08,1919-03-08,1,1,2,0.04
6,1911-07-08,1919-03-08,1,2,7,0.14
6,1911-07-08,1919-03-08,1,3,10,0.2
6,1911-07-08,1919-03-08,1,4,6,0.12
6,1911-07-08,1919-03-08,1,5,6,0.12
6,1911-07-08,1919-03-08,1,6,6,0.12
6,1911-07-08,1919-03-08,1,7,6,0.12
6,1911-07-08,1919-03-08,1,8,5,0.1
6,1911-07-08,1919-03-08,1,9,2,0.04
6,1911-07-08,1919-03-08,2,1,4,0.111111
6,1911-07-08,1919-03-08,2,2,6,0.166667
6,1911-07-08,1919-03-08,2,3,6,0.166667
6,1911-07-08,1919-03-08,2,4,1,0.027778
6,1911-07-08,1919-03-08,2,5,3,0.083333
6,1911-07-08,1919-03-08,2,6,6,0.166667
6,1911-07-08,1919-03-08,2,7,1,0.027778
6,1911-07-08,1919-03-08,2,8,7,0.194444
6,1911-07-08,1919-03-08,2,9,2,0.055556
6,1911-07-08,1919-03-08,3,1,5,0.1
6,1911-07-08,1919-03-08,3,2,5,0.1
6,1911-07-08,1919-03-08,3,3,6,0.12
6,1911-07-08,1919-03-08,3,4,6,0.12
6,1911-07-08,1919-03-08,3,5,6,0.12
6,1911-07-08,1919-03-08,3,6,6,0.12
6,1911-07-08,1919-03-08,3,7,3,0.06
6,1911-07-08,1919-03-08,3,8,4,0.08
6,1911-07-08,1919-03-08,3,9,9,0.18
6,1911-07-08,1919-03-08,4,1,5,0.113636
6,1911-07-08,1919-03-08,4,2,3,0.068182
6,1911-07-08,1919-03-08,4,3,5,0.113636
6,1911-07-08,1919-03-08,4,4,7,0.159091
6,1911-07-08,1919-03-08,4,5,7,0.159091
6,1911-07-08,1919-03-08,4,6,8,0.181818
6,1911-07-08,1919-03-08,4,7,2,0.045455
6,1911-07-08,1919-03-08,4,8,2,0.045455
6,1911-07-08,1919-03-08,4,9,5,0.113636
6,1911-07-08,1919-03-08,5,1,7,0.152174
6,1911-07-08,1919-03-08,5,2,3,0.065217
6,1911-07-08,1919-03-08,5,3,3,0.065217
6,1911-07-08,1919-03-08,5,4,7,0.152174
6,1911-07-08,1919-03-08,5,5,5,0.108696
6,1911-07-08,1919-03-08,5,6,6,0.130435
6,1911-07-08,1919-03-08,5,7,6,0.130435
6,1911-07-08,1919-03-08,5,8,6,0.130435
6,1911-07-08,1919-03-08,5,9,3,0.065217
6,1911-07-08,1919-03-08,6,1,4,0.083333
6,1911-07-08,1919-03-08,6,2,4,0.083333
6,1911-07-08,1919-03-08,6,3,8,0.166667
6,1911-07-08,1919-03-08,6,4,5,0.104167
6,1911-07-08,1919-03-08,6,5,6,0.125
6,1911-07-08,1919-03-08,6,6,1,0.020833
6,1911-07-08,1919-03-08,6,7,7,0.145833
6,1911-07-08,1919-03-08,6,8,8,0.166667
6,1911-07-08,1919-03-08,6,9,5,0.104167
6,1911-07-08,1919-03-08,7,1,6,0.162162
6,1911-07-08,1919-03-08,7,2,3,0.081081
6,1911-07-08,1919-03-08,7,3,3,0.081081
6,1911-07-08,1919-03-08,7,4,3,0.081081
6,1911-07-08,1919-03-08,7,5,4,0.108108
6,1911-07-08,1919-03-08,7,6,5,0.135135
6,1911-07-08,1919-03-08,7,7,4,0.108108
6,1911-07-08,1919-03-08,7,8,2,0.054054
6,1911-07-08,1919-03-08,7,9,7,0.189189
6,1911-07-08,1919-03-08,8,1,8,0.173913
6,1911-07-08,1919-03-08,8,2,1,0.021739
6,1911-07-08,1919-03-08,8,3,6,0.130435
6,1911-07-08,1919-03-08,8,4,4,0.086957
6,1911-07-08,1919-03-08,8,5,7,0.152174
6,1911-07-08,1919-03-08,8,6,3,0.065217
6,1911-07-08,1919-03-08,8,7,5,0.108696
6,1911-07-08,1919-03-08,8,8,7,0.152174
6,1911-07-08,1919-03-08,8,9,5,0.108696
6,1911-07-08,1919-03-08,9,1,9,0.209302
6,1911-07-08,1919-03-08,9,2,4,0.093023
6,1911-07-08,1919-03-08,9,3,3,0.069767
6,1911-07-08,1919-03-08,9,4,5,0.116279
6,1911-07-08,1919-03-08,9,5,2,0.046512
6,1911-07-08,1919-03-08,9,6,7,0.162791
6,1911-07-08,1919-03-08,9,7,3,0.069767
6,1911-07-08,1919-03-08,9,8,5,0.116279
6,1911-07-08,1919-03-08,9,9,5,0.116279
7,1913-06-07,1921-02-05,1,1,3,0.057692
7,1913-06-07,1921-02-05,1,2,7,0.134615
7,1913-06-07,1921-02-05,1,3,8,0.153846
7,1913-06-07,1921-02-05,1,4,6,0.115385
7,1913-06-07,1921-02-05,1,5,6,0.115385
7,1913-06-07,1921-02-05,1,6,8,0.153846
7,1913-06-07,1921-02-05,1,7,5,0.096154
7,1913-06-07,1921-02-05,1,8,5,0.096154
7,1913-06-07,1921-02-05,1,9,4,0.076923
7,1913-06-07,1921-02-05,2,1,4,0.105263
7,1913-06-07,1921-02-05,2,2,7,0.184211
7,1913-06-07,1921-02-05,2,3,5,0.131579
7,1913-06-07,1921-02-05,2,4,1,0.026316
7,1913-06-07,1921-02-05,2,5,4,0.105263
7,1913-06-07,1921-02-05,2,6,7,0.184211
7,1913-06-07,1921-02-05,2,7,2,0.052632
7,1913-06-07,1921-02-05,2,8,5,0.131579
7,1913-06-07,1921-02-05,2,9,3,0.078947
7,1913-06-07,1921-02-05,3,1,7,0.137255
7,1913-06-07,1921-02-05,3,2,6,0.117647
7,1913-06-07,1921-02-05,3,3,7,0.137255
7,1913-06-07,1921-02-05,3,4,5,0.098039
7,1913-06-07,1921-02-05,3,5,7,0.137255
7,1913-06-07,1921-02-05,3,6,6,0.117647
7,1913-06-07,1921-02-05,3,7,4,0.078431
7,1913-06-07,1921-02-05,3,8,5,0.098039
7,1913-06-07,1921-02-05,3,9,4,0.078431
7,1913-06-07,1921-02-05,4,1,6,0.181818
7,1913-06-07,1921-02-05,4,2,2,0.060606
7,1913-06-07,1921-02-05,4,3,7,0.212121
7,1913-06-07,1921-02-05,4,4,1,0.030303
7,1913-06-07,1921-02-05,4,5,5,0.151515
7,1913-06-07,1921-02-05,4,6,2,0.060606
7,1913-06-07,1921-02-05,4,7,1,0.030303
7,1913-06-07,1921-02-05,4,8,4,0.121212
7,1913-06-07,1921-02-05,4,9,5,0.151515
7,1913-06-07,1921-02-05,5,1,6,0.125
7,1913-06-07,1921-02-05,5,2,3,0.0625
7,1913-06-07,1921-02-05,5,3,3,0.0625
7,1913-06-07,1921-02-05,5,4,9,0.1875
7,1913-06-07,1921-02-05,5,5,4,0.083333
7,1913-06-07,1921-02-05,5,6,5,0.104167
7,1913-06-07,1921-02-05,5,7,10,0.208333
7,1913-06-07,1921-02-05,5,8,5,0.104167
7,1913-06-07,1921-02-05,5,9,3,0.0625
7,1913-06-07,1921-02-05,6,1,4,0.086957
7,1913-06-07,1921-02-05,6,2,3,0.065217
7,1913-06-07,1921-02-05,6,3,5,0.108696
7,1913-06-07,1921-02-05,6,4,4,0.086957
7,1913-06-07,1921-02-05,6,5,7,0.152174
7,1913-06-07,1921-02-05,6,6,3,0.065217
7,1913-06-07,1921-02-05,6,7,8,0.173913
7,1913-06-07,1921-02-05,6,8,8,0.173913
7,1913-06-07,1921-02-05,6,9,4,0.086957
7,1913-06-07,1921-02-05,7,1,7,0.159091
7,1913-06-07,1921-02-05,7,2,4,0.090909
7,1913-06-07,1921-02-05,7,3,5,0.113636
7,1913-06-07,1921-02-05,7,4,2,0.045455
7,1913-06-07,1921-02-05,7,5,7,0.159091
7,1913-06-07,1921-02-05,7,6,5,0.113636
7,1913-06-07,1921-02-05,7,7,5,0.113636
7,1913-06-07,1921-02-05,7,8,2,0.045455
7,1913-06-07,1921-02-05,7,9,7,0.159091
7,1913-06-07,1921-02-05,8,1,9,0.195652
7,1913-06-07,1921-02-05,8,2,3,0.065217
7,1913-06-07,1921-02-05,8,3,7,0.152174
7,1913-06-07,1921-02-05,8,4,2,0.043478
7,1913-06-07,1921-02-05,8,5,6,0.130435
7,1913-06-07,1921-02-05,8,6,4,0.086957
7,1913-06-07,1921-02-05,8,7,5,0.108696
7,1913-06-07,1921-02-05,8,8,4,0.086957
7,1913-06-07,1921-02-05,8,9,6,0.130435
7,1913-06-07,1921-02-05,9,1,6,0.142857
7,1913-06-07,1921-02-05,9,2,3,0.071429
7,1913-06-07,1921-02-05,9,3,4,0.095238
7,1913-06-07,1921-02-05,9,4,3,0.071429
7,1913-06-07,1921-02-05,9,5,3,0.071429
7,1913-06-07,1921-02-05,9,6,5,0.119048
7,1913-06-07,1921-02-05,9,7,4,0.095238
7,1913-06-07,1921-02-05,9,8,8,0.190476
7,1913-06-07,1921-02-05,9,9,6,0.142857
8,1915-05-08,1923-01-06,1,1,7,0.12963
8,1915-05-08,1923-01-06,1,2,8,0.148148
8,1915-05-08,1923-01-06,1,3,7,0.12963
8,1915-05-08,1923-01-06,1,4,7,0.12963
8,1915-05-08,1923-01-06,1,5,6,0.111111
8,1915-05-08,1923-01-06,1,6,7,0.12963
8,1915-05-08,1923-01-06,1,7,6,0.111111
8,1915-05-08,1923-01-06,1,8,3,0.055556
8,1915-05-08,1923-01-06,1,9,3,0.055556
8,1915-05-08,1923-01-06,2,1,4,0.129032
8,1915-05-08,1923-01-06,2,2,6,0.193548
8,1915-05-08,1923-01-06,2,3,4,0.129032
8,1915-05-08,1923-01-06,2,4,1,0.032258
8,1915-05-08,1923-01-06,2,5,2,0.064516
8,1915-05-08,1923-01-06,2,6,8,0.258065
8,1915-05-08,1923-01-06,2,7,1,0.032258
8,1915-05-08,1923-01-06,2,8,2,0.064516
8,1915-05-08,1923-01-06,2,9,3,0.096774
8,1915-05-08,1923-01-06,3,1,9,0.163636
8,1915-05-08,1923-01-06,3,2,4,0.072727
8,1915-05-08,1923-01-06,3,3,5,0.090909
8,1915-05-08,1923-01-06,3,4,6,0.109091
8,1915-05-08,1923-01-06,3,5,6,0.109091
8,1915-05-08,1923-01-06,3,6,7,0.127273
8,1915-05-08,1923-01-06,3,7,4,0.072727
8,1915-05-08,1923-01-06,3,8,10,0.181818
8,1915-05-08,1923-01-06,3,9,4,0.072727
8,1915-05-08,1923-01-06,4,1,6,0.162162
8,1915-05-08,1923-01-06,4,2,1,0.027027
8,1915-05-08,1923-01-06,4,3,8,0.216216
8,1915-05-08,1923-01-06,4,4,2,0.054054
8,1915-05-08,1923-01-06,4,5,5,0.135135
8,1915-05-08,1923-01-06,4,6,4,0.108108
8,1915-05-08,1923-01-06,4,7,2,0.054054
8,1915-05-08,1923-01-06,4,8,4,0.108108
8,1915-05-08,1923-01-06,4,9,5,0.135135
8,1915-05-08,1923-01-06,5,1,5,0.111111
8,1915-05-08,1923-01-06,5,2,2,0.044444
8,1915-05-08,1923-01-06,5,3,5,0.111111
8,1915-05-08,1923-01-06,5,4,7,0.155556
8,1915-05-08,1923-01-06,5,5,5,0.111111
8,1915-05-08,1923-01-06,5,6,3,0.066667
8,1915-05-08,1923-01-06,5,7,12,0.266667
8,1915-05-08,1923-01-06,5,8,4,0.088889
8,1915-05-08,1923-01-06,5,9,2,0.044444
8,1915-05-08,1923-01-06,6,1,4,0.081633
8,1915-05-08,1923-01-06,6,2,2,0.040816
8,1915-05-08,1923-01-06,6,3,8,0.163265
8,1915-05-08,1923-01-06,6,4,5,0.102041
8,1915-05-08,1923-01-06,6,5,6,0.122449
8,1915-05-08,1923-01-06,6,6,3,0.061224
8,1915-05-08,1923-01-06,6,7,9,0.183673
8,1915-05-08,1923-01-06,6,8,8,0.163265
8,1915-05-08,1923-01-06,6,9,4,0.081633
8,1915-05-08,1923-01-06,7,1,6,0.130435
8,1915-05-08,1923-01-06,7,2,4,0.086957
8,1915-05-08,1923-01-06,7,3,8,0.173913
8,1915-05-08,1923-01-06,7,4,2,0.043478
8,1915-05-08,1923-01-06,7,5,8,0.173913
8,1915-05-08,1923-01-06,7,6,5,0.108696
8,1915-05-08,1923-01-06,7,7,3,0.065217
8,1915-05-08,1923-01-06,7,8,4,0.086957
8,1915-05-08,1923-01-06,7,9,6,0.130435
8,1915-05-08,1923-01-06,8,1,8,0.173913
8,1915-05-08,1923-01-06,8,2,4,0.086957
8,1915-05-08,1923-01-06,8,3,5,0.108696
8,1915-05-08,1923-01-06,8,4,4,0.086957
8,1915-05-08,1923-01-06,8,5,5,0.108696
8,1915-05-08,1923-01-06,8,6,7,0.152174
8,1915-05-08,1923-01-06,8,7,5,0.108696
8,1915-05-08,1923-01-06,8,8,3,0.065217
8,1915-05-08,1923-01-06,8,9,5,0.108696
8,1915-05-08,1923-01-06,9,1,5,0.135135
8,1915-05-08,1923-01-06,9,2,1,0.027027
8,1915-05-08,1923-01-06,9,3,5,0.135135
8,1915-05-08,1923-01-06,9,4,3,0.081081
8,1915-05-08,1923-01-06,9,5,2,0.054054
8,1915-05-08,1923-01-06,9,6,4,0.108108
8,1915-05-08,1923-01-06,9,7,4,0.108108
8,1915-05-08,1923-01-06,9,8,8,0.216216
8,1915-05-08,1923-01-06,9,9,5,0.135135
9,1917-04-07,1924-12-06,1,1,9,0.183673
9,1917-04-07,1924-12-06,1,2,9,0.183673
9,1917-04-07,1924-12-06,1,3,6,0.122449
9,1917-04-07,1924-12-06,1,4,7,0.142857
9,1917-04-07,1924-12-06,1,5,2,0.040816
9,1917-04-07,1924-12-06,1,6,3,0.061224
9,1917-04-07,1924-12-06,1,7,6,0.122449
9,1917-04-07,1924-12-06,1,8,4,0.081633
9,1917-04-07,1924-12-06,1,9,3,0.061224
9,1917-04-07,1924-12-06,2,1,5,0.151515
9,1917-04-07,1924-12-06,2,2,4,0.121212
9,1917-04-07,1924-12-06,2,3,3,0.090909
9,1917-04-07,1924-12-06,2,4,3,0.090909
9,1917-04-07,1924-12-06,2,5,3,0.090909
9,1917-04-07,1924-12-06,2,6,6,0.181818
9,1917-04-07,1924-12-06,2,7,3,0.090909
9,1917-04-07,1924-12-06,2,8,3,0.090909
9,1917-04-07,1924-12-06,2,9,3,0.090909
9,1917-04-07,1924-12-06,3,1,8,0.137931
9,1917-04-07,1924-12-06,3,2,6,0.103448
9,1917-04-07,1924-12-06,3,3,3,0.051724
9,1917-04-07,1924-12-06,3,4,6,0.103448
9,1917-04-07,1924-12-06,3,5,5,0.086207
9,1917-04-07,1924-12-06,3,6,10,0.172414
9,1917-04-07,1924-12-06,3,7,4,0.068966
9,1917-04-07,1924-12-06,3,8,12,0.206897
9,1917-04-07,1924-12-06,3,9,4,0.068966
9,1917-04-07,1924-12-06,4,1,6,0.15
9,1917-04-07,1924-12-06,4,2,1,0.025
9,1917-04-07,1924-12-06,4,3,10,0.25
9,1917-04-07,1924-12-06,4,4,3,0.075
9,1917-04-07,1924-12-06,4,5,3,0.075
9,1917-04-07,1924-12-06,4,6,5,0.125
9,1917-04-07,1924-12-06,4,7,1,0.025
9,1917-04-07,1924-12-06,4,8,5,0.125
9,1917-04-07,1924-12-06,4,9,6,0.15
9,1917-04-07,1924-12-06,5,1,2,0.055556
9,1917-04-07,1924-12-06,5,2,1,0.027778
9,1917-04-07,1924-12-06,5,3,5,0.138889
9,1917-04-07,1924-12-06,5,4,6,0.166667
9,1917-04-07,1924-12-06,5,5,5,0.138889
9,1917-04-07,1924-12-06,5,6,2,0.055556
9,1917-04-07,1924-12-06,5,7,7,0.194444
9,1917-04-07,1924-12-06,5,8,5,0.138889
9,1917-04-07,1924-12-06,5,9,3,0.083333
9,1917-04-07,1924-12-06,6,1,5,0.098039
9,1917-04-07,1924-12-06,6,2,3,0.058824
9,1917-04-07,1924-12-06,6,3,11,0.215686
9,1917-04-07,1924-12-06,6,4,5,0.098039
9,1917-04-07,1924-12-06,6,5,5,0.098039
9,1917-04-07,1924-12-06,6,6,6,0.117647
9,1917-04-07,1924-12-06,6,7,7,0.137255
9,1917-04-07,1924-12-06,6,8,9,0.176471
9,1917-04-07,1924-12-06,6,9,0,0.0
9,1917-04-07,1924-12-06,7,1,2,0.044444
9,1917-04-07,1924-12-06,7,2,2,0.044444
9,1917-04-07,1924-12-06,7,3,8,0.177778
9,1917-04-07,1924-12-06,7,4,2,0.044444
9,1917-04-07,1924-12-06,7,5,5,0.111111
9,1917-04-07,1924-12-06,7,6,7,0.155556
9,1917-04-07,1924-12-06,7,7,7,0.155556
9,1917-04-07,1924-12-06,7,8,6,0.133333
9,1917-04-07,1924-12-06,7,9,6,0.133333
9,1917-04-07,1924-12-06,8,1,9,0.163636
9,1917-04-07,1924-12-06,8,2,6,0.109091
9,1917-04-07,1924-12-06,8,3,6,0.109091
9,1917-04-07,1924-12-06,8,4,4,0.072727
9,1917-04-07,1924-12-06,8,5,5,0.090909
9,1917-04-07,1924-12-06,8,6,9,0.163636
9,1917-04-07,1924-12-06,8,7,5,0.090909
9,1917-04-07,1924-12-06,8,8,6,0.109091
9,1917-04-07,1924-12-06,8,9,5,0.090909
9,1917-04-07,1924-12-06,9,1,2,0.060606
9,1917-04-07,1924-12-06,9,2,1,0.030303
9,1917-04-07,1924-12-06,9,3,6,0.181818
9,1917-04-07,1924-12-06,9,4,4,0.121212
9,1917-04-07,1924-12-06,9,5,3,0.090909
9,1917-04-07,1924-12-06,9,6,3,0.090909
9,1917-04-07,1924-12-06,9,7,5,0.151515
9,1917-04-07,1924-12-06,9,8,6,0.181818
9,1917-04-07,1924-12-06,9,9,3,0.090909
10,1919-03-08,1926-11-06,1,1,9,0.225
10,1919-03-08,1926-11-06,1,2,6,0.15
10,1919-03-08,1926-11-06,1,3,2,0.05
10,1919-03-08,1926-11-06,1,4,6,0.15
10,1919-03-08,1926-11-06,1,5,2,0.05
10,1919-03-08,1926-11-06,1,6,3,0.075
10,1919-03-08,1926-11-06,1,7,6,0.15
10,1919-03-08,1926-11-06,1,8,3,0.075
10,1919-03-08,1926-11-06,1,9,3,0.075
10,1919-03-08,1926-11-06,2,1,2,0.066667
10,1919-03-08,1926-11-06,2,2,2,0.066667
10,1919-03-08,1926-11-06,2,3,4,0.133333
10,1919-03-08,1926-11-06,2,4,4,0.133333
10,1919-03-08,1926-11-06,2,5,3,0.1
10,1919-03-08,1926-11-06,2,6,6,0.2
10,1919-03-08,1926-11-06,2,7,4,0.133333
10,1919-03-08,1926-11-06,2,8,3,0.1
10,1919-03-08,1926-11-06,2,9,2,0.066667
10,1919-03-08,1926-11-06,3,1,6,0.105263
10,1919-03-08,1926-11-06,3,2,5,0.087719
10,1919-03-08,1926-11-06,3,3,4,0.070175
10,1919-03-08,1926-11-06,3,4,5,0.087719
10,1919-03-08,1926-11-06,3,5,6,0.105263
10,1919-03-08,1926-11-06,3,6,9,0.157895
10,1919-03-08,1926-11-06,3,7,7,0.122807
10,1919-03-08,1926-11-06,3,8,11,0.192982
10,1919-03-08,1926-11-06,3,9,4,0.070175
10,1919-03-08,1926-11-06,4,1,5,0.128205
10,1919-03-08,1926-11-06,4,2,2,0.051282
10,1919-03-08,1926-11-06,4,3,9,0.230769
10,1919-03-08,1926-11-06,4,4,2,0.051282
10,1919-03-08,1926-11-06,4,5,2,0.051282
10,1919-03-08,1926-11-06,4,6,4,0.102564
10,1919-03-08,1926-11-06,4,7,3,0.076923
10,1919-03-08,1926-11-06,4,8,7,0.179487
10,1919-03-08,1926-11-06,4,9,5,0.128205
10,1919-03-08,1926-11-06,5,1,2,0.054054
10,1919-03-08,1926-11-06,5,2,1,0.027027
10,1919-03-08,1926-11-06,5,3,9,0.243243
10,1919-03-08,1926-11-06,5,4,5,0.135135
10,1919-03-08,1926-11-06,5,5,4,0.108108
10,1919-03-08,1926-11-06,5,6,2,0.054054
10,1919-03-08,1926-11-06,5,7,7,0.189189
10,1919-03-08,1926-11-06,5,8,5,0.135135
10,1919-03-08,1926-11-06,5,9,2,0.054054
10,1919-03-08,1926-11-06,6,1,5,0.098039
10,1919-03-08,1926-11-06,6,2,3,0.058824
10,1919-03-08,1926-11-06,6,3,11,0.215686
10,1919-03-08,1926-11-06,6,4,5,0.098039
10,1919-03-08,1926-11-06,6,5,4,0.078431
10,1919-03-08,1926-11-06,6,6,5,0.098039
10,1919-03-08,1926-11-06,6,7,6,0.117647
10,1919-03-08,1926-11-06,6,8,7,0.137255
10,1919-03-08,1926-11-06,6,9,5,0.098039
10,1919-03-08,1926-11-06,7,1,2,0.037037
10,1919-03-08,1926-11-06,7,2,4,0.074074
10,1919-03-08,1926-11-06,7,3,7,0.12963
10,1919-03-08,1926-11-06,7,4,3,0.055556
10,1919-03-08,1926-11-06,7,5,7,0.12963
10,1919-03-08,1926-11-06,7,6,8,0.148148
10,1919-03-08,1926-11-06,7,7,7,0.12963
10,1919-03-08,1926-11-06,7,8,9,0.166667
10,1919-03-08,1926-11-06,7,9,7,0.12963
10,1919-03-08,1926-11-06,8,1,8,0.137931
10,1919-03-08,1926-11-06,8,2,6,0.103448
10,1919-03-08,1926-11-06,8,3,6,0.103448
10,1919-03-08,1926-11-06,8,4,5,0.086207
10,1919-03-08,1926-11-06,8,5,5,0.086207
10,1919-03-08,1926-11-06,8,6,11,0.189655
10,1919-03-08,1926-11-06,8,7,8,0.137931
10,1919-03-08,1926-11-06,8,8,7,0.12069
10,1919-03-08,1926-11-06,8,9,2,0.034483
10,1919-03-08,1926-11-06,9,1,1,0.029412
10,1919-03-08,1926-11-06,9,2,1,0.029412
10,1919-03-08,1926-11-06,9,3,5,0.147059
10,1919-03-08,1926-11-06,9,4,4,0.117647
10,1919-03-08,1926-11-06,9,5,4,0.117647
10,1919-03-08,1926-11-06,9,6,3,0.088235
10,1919-03-08,1926-11-06,9,7,6,0.176471
10,1919-03-08,1926-11-06,9,8,7,0.205882
10,1919-03-08,1926-11-06,9,9,3,0.088235
11,1921-02-05,1928-10-06,1,1,9,0.214286
11,1921-02-05,1928-10-06,1,2,5,0.119048
11,1921-02-05,1928-10-06,1,3,2,0.047619
11,1921-02-05,1928-10-06,1,4,9,0.214286
11,1921-02-05,1928-10-06,1,5,3,0.071429
11,1921-02-05,1928-10-06,1,6,2,0.047619
11,1921-02-05,1928-10-06,1,7,8,0.190476
11,1921-02-05,1928-10-06,1,8,3,0.071429
11,1921-02-05,1928-10-06,1,9,1,0.02381
11,1921-02-05,1928-10-06,2,1,3,0.09375
11,1921-02-05,1928-10-06,2,2,1,0.03125
11,1921-02-05,1928-10-06,2,3,6,0.1875
11,1921-02-05,1928-10-06,2,4,5,0.15625
11,1921-02-05,1928-10-06,2,5,3,0.09375
11,1921-02-05,1928-10-06,2,6,5,0.15625
11,1921-02-05,1928-10-06,2,7,3,0.09375
11,1921-02-05,1928-10-06,2,8,3,0.09375
11,1921-02-05,1928-10-06,2,9,3,0.09375
11,1921-02-05,1928-10-06,3,1,5,0.086207
11,1921-02-05,1928-10-06,3,2,4,0.068966
11,1921-02-05,1928-10-06,3,3,5,0.086207
11,1921-02-05,1928-10-06,3,4,8,0.137931
11,1921-02-05,1928-10-06,3,5,7,0.12069
11,1921-02-05,1928-10-06,3,6,7,0.12069
11,1921-02-05,1928-10-06,3,7,8,0.137931
11,1921-02-05,1928-10-06,3,8,10,0.172414
11,1921-02-05,1928-10-06,3,9,4,0.068966
11,1921-02-05,1928-10-06,4,1,5,0.104167
11,1921-02-05,1928-10-06,4,2,7,0.145833
11,1921-02-05,1928-10-06,4,3,6,0.125
11,1921-02-05,1928-10-06,4,4,4,0.083333
11,1921-02-05,1928-10-06,4,5,3,0.0625
11,1921-02-05,1928-10-06,4,6,7,0.145833
11,1921-02-05,1928-10-06,4,7,3,0.0625
11,1921-02-05,1928-10-06,4,8,6,0.125
11,1921-02-05,1928-10-06,4,9,7,0.145833
11,1921-02-05,1928-10-06,5,1,3,0.088235
11,1921-02-05,1928-10-06,5,2,2,0.058824
11,1921-02-05,1928-10-06,5,3,9,0.264706
11,1921-02-05,1928-10-06,5,4,3,0.088235
11,1921-02-05,1928-10-06,5,5,3,0.088235
11,1921-02-05,1928-10-06,5,6,3,0.088235
11,1921-02-05,1928-10-06,5,7,5,0.147059
11,1921-02-05,1928-10-06,5,8,4,0.117647
11,1921-02-05,1928-10-06,5,9,2,0.058824
11,1921-02-05,1928-10-06,6,1,5,0.108696
11,1921-02-05,1928-10-06,6,2,5,0.108696
11,1921-02-05,1928-10-06,6,3,11,0.23913
11,1921-02-05,1928-10-06,6,4,5,0.108696
11,1921-02-05,1928-10-06,6,5,2,0.043478
11,1921-02-05,1928-10-06,6,6,3,0.065217
11,1921-02-05,1928-10-06,6,7,5,0.108696
11,1921-02-05,1928-10-06,6,8,4,0.086957
11,1921-02-05,1928-10-06,6,9,6,0.130435
11,1921-02-05,1928-10-06,7,1,1,0.019231
11,1921-02-05,1928-10-06,7,2,3,0.057692
11,1921-02-05,1928-10-06,7,3,7,0.134615
11,1921-02-05,1928-10-06,7,4,5,0.096154
11,1921-02-05,1928-10-06,7,5,6,0.115385
11,1921-02-05,1928-10-06,7,6,6,0.115385
11,1921-02-05,1928-10-06,7,7,6,0.115385
11,1921-02-05,1928-10-06,7,8,11,0.211538
11,1921-02-05,1928-10-06,7,9,7,0.134615
11,1921-02-05,1928-10-06,8,1,9,0.166667
11,1921-02-05,1928-10-06,8,2,5,0.092593
11,1921-02-05,1928-10-06,8,3,7,0.12963
11,1921-02-05,1928-10-06,8,4,4,0.074074
11,1921-02-05,1928-10-06,8,5,4,0.074074
11,1921-02-05,1928-10-06,8,6,9,0.166667
11,1921-02-05,1928-10-06,8,7,9,0.166667
11,1921-02-05,1928-10-06,8,8,7,0.12963
11,1921-02-05,1928-10-06,8,9,0,0.0
11,1921-02-05,1928-10-06,9,1,2,0.058824
11,1921-02-05,1928-10-06,9,2,1,0.029412
11,1921-02-05,1928-10-06,9,3,5,0.147059
11,1921-02-05,1928-10-06,9,4,5,0.147059
11,1921-02-05,1928-10-06,9,5,2,0.058824
11,1921-02-05,1928-10-06,9,6,4,0.117647
11,1921-02-05,1928-10-06,9,7,5,0.147059
11,1921-02-05,1928-10-06,9,8,6,0.176471
11,1921-02-05,1928-10-06,9,9,4,0.117647
12,1923-01-06,1930-09-06,1,1,5,0.138889
12,1923-01-06,1930-09-06,1,2,4,0.111111
12,1923-01-06,1930-09-06,1,3,3,0.083333
12,1923-01-06,1930-09-06,1,4,8,0.222222
12,1923-01-06,1930-09-06,1,5,5,0.138889
12,1923-01-06,1930-09-06,1,6,1,0.027778
12,1923-01-06,1930-09-06,1,7,6,0.166667
12,1923-01-06,1930-09-06,1,8,3,0.083333
12,1923-01-06,1930-09-06,1,9,1,0.027778
12,1923-01-06,1930-09-06,2,1,5,0.108696
12,1923-01-06,1930-09-06,2,2,3,0.065217
12,1923-01-06,1930-09-06,2,3,5,0.108696
12,1923-01-06,1930-09-06,2,4,6,0.130435
12,1923-01-06,1930-09-06,2,5,5,0.108696
12,1923-01-06,1930-09-06,2,6,4,0.086957
12,1923-01-06,1930-09-06,2,7,5,0.108696
12,1923-01-06,1930-09-06,2,8,7,0.152174
12,1923-01-06,1930-09-06,2,9,6,0.130435
12,1923-01-06,1930-09-06,3,1,4,0.071429
12,1923-01-06,1930-09-06,3,2,4,0.071429
12,1923-01-06,1930-09-06,3,3,7,0.125
12,1923-01-06,1930-09-06,3,4,6,0.107143
12,1923-01-06,1930-09-06,3,5,8,0.142857
12,1923-01-06,1930-09-06,3,6,7,0.125
12,1923-01-06,1930-09-06,3,7,9,0.160714
12,1923-01-06,1930-09-06,3,8,5,0.089286
12,1923-01-06,1930-09-06,3,9,6,0.107143
12,1923-01-06,1930-09-06,4,1,3,0.071429
12,1923-01-06,1930-09-06,4,2,7,0.166667
12,1923-01-06,1930-09-06,4,3,5,0.119048
12,1923-01-06,1930-09-06,4,4,3,0.071429
12,1923-01-06,1930-09-06,4,5,5,0.119048
12,1923-01-06,1930-09-06,4,6,6,0.142857
12,1923-01-06,1930-09-06,4,7,2,0.047619
12,1923-01-06,1930-09-06,4,8,5,0.119048
12,1923-01-06,1930-09-06,4,9,6,0.142857
12,1923-01-06,1930-09-06,5,1,5,0.121951
12,1923-01-06,1930-09-06,5,2,4,0.097561
12,1923-01-06,1930-09-06,5,3,9,0.219512
12,1923-01-06,1930-09-06,5,4,3,0.073171
12,1923-01-06,1930-09-06,5,5,3,0.073171
12,1923-01-06,1930-09-06,5,6,2,0.04878
12,1923-01-06,1930-09-06,5,7,3,0.073171
12,1923-01-06,1930-09-06,5,8,8,0.195122
12,1923-01-06,1930-09-06,5,9,4,0.097561
12,1923-01-06,1930-09-06,6,1,5,0.125
12,1923-01-06,1930-09-06,6,2,6,0.15
12,1923-01-06,1930-09-06,6,3,9,0.225
12,1923-01-06,1930-09-06,6,4,4,0.1
12,1923-01-06,1930-09-06,6,5,1,0.025
12,1923-01-06,1930-09-06,6,6,4,0.1
12,1923-01-06,1930-09-06,6,7,1,0.025
12,1923-01-06,1930-09-06,6,8,3,0.075
12,1923-01-06,1930-09-06,6,9,7,0.175
12,1923-01-06,1930-09-06,7,1,0,0.0
12,1923-01-06,1930-09-06,7,2,5,0.113636
12,1923-01-06,1930-09-06,7,3,3,0.068182
12,1923-01-06,1930-09-06,7,4,4,0.090909
12,1923-01-06,1930-09-06,7,5,6,0.136364
12,1923-01-06,1930-09-06,7,6,6,0.136364
12,1923-01-06,1930-09-06,7,7,5,0.113636
12,1923-01-06,1930-09-06,7,8,7,0.159091
12,1923-01-06,1930-09-06,7,9,8,0.181818
12,1923-01-06,1930-09-06,8,1,7,0.132075
12,1923-01-06,1930-09-06,8,2,8,0.150943
12,1923-01-06,1930-09-06,8,3,10,0.188679
12,1923-01-06,1930-09-06,8,4,2,0.037736
12,1923-01-06,1930-09-06,8,5,5,0.09434
12,1923-01-06,1930-09-06,8,6,7,0.132075
12,1923-01-06,1930-09-06,8,7,7,0.132075
12,1923-01-06,1930-09-06,8,8,7,0.132075
12,1923-01-06,1930-09-06,8,9,0,0.0
12,1923-01-06,1930-09-06,9,1,2,0.047619
12,1923-01-06,1930-09-06,9,2,4,0.095238
12,1923-01-06,1930-09-06,9,3,5,0.119048
12,1923-01-06,1930-09-06,9,4,6,0.142857
12,1923-01-06,1930-09-06,9,5,3,0.071429
12,1923-01-06,1930-09-06,9,6,4,0.095238
12,1923-01-06,1930-09-06,9,7,6,0.142857
12,1923-01-06,1930-09-06,9,8,8,0.190476
12,1923-01-06,1930-09-06,9,9,4,0.095238
13,1924-12-06,1932-08-06,1,1,3,0.081081
13,1924-12-06,1932-08-06,1,2,2,0.054054
13,1924-12-06,1932-08-06,1,3,3,0.081081
13,1924-12-06,1932-08-06,1,4,10,0.27027
13,1924-12-06,1932-08-06,1,5,6,0.162162
13,1924-12-06,1932-08-06,1,6,3,0.081081
13,1924-12-06,1932-08-06,1,7,6,0.162162
13,1924-12-06,1932-08-06,1,8,2,0.054054
13,1924-12-06,1932-08-06,1,9,2,0.054054
13,1924-12-06,1932-08-06,2,1,7,0.145833
13,1924-12-06,1932-08-06,2,2,4,0.083333
13,1924-12-06,1932-08-06,2,3,7,0.145833
13,1924-12-06,1932-08-06,2,4,7,0.145833
13,1924-12-06,1932-08-06,2,5,5,0.104167
13,1924-12-06,1932-08-06,2,6,3,0.0625
13,1924-12-06,1932-08-06,2,7,4,0.083333
13,1924-12-06,1932-08-06,2,8,6,0.125
13,1924-12-06,1932-08-06,2,9,5,0.104167
13,1924-12-06,1932-08-06,3,1,3,0.052632
13,1924-12-06,1932-08-06,3,2,3,0.052632
13,1924-12-06,1932-08-06,3,3,11,0.192982
13,1924-12-06,1932-08-06,3,4,9,0.157895
13,1924-12-06,1932-08-06,3,5,7,0.122807
13,1924-12-06,1932-08-06,3,6,5,0.087719
13,1924-12-06,1932-08-06,3,7,8,0.140351
13,1924-12-06,1932-08-06,3,8,4,0.070175
13,1924-12-06,1932-08-06,3,9,7,0.122807
13,1924-12-06,1932-08-06,4,1,4,0.081633
13,1924-12-06,1932-08-06,4,2,9,0.183673
13,1924-12-06,1932-08-06,4,3,4,0.081633
13,1924-12-06,1932-08-06,4,4,2,0.040816
13,1924-12-06,1932-08-06,4,5,6,0.122449
13,1924-12-06,1932-08-06,4,6,9,0.183673
13,1924-12-06,1932-08-06,4,7,5,0.102041
13,1924-12-06,1932-08-06,4,8,5,0.102041
13,1924-12-06,1932-08-06,4,9,5,0.102041
13,1924-12-06,1932-08-06,5,1,5,0.116279
13,1924-12-06,1932-08-06,5,2,5,0.116279
13,1924-12-06,1932-08-06,5,3,9,0.209302
13,1924-12-06,1932-08-06,5,4,5,0.116279
13,1924-12-06,1932-08-06,5,5,4,0.093023
13,1924-12-06,1932-08-06,5,6,2,0.046512
13,1924-12-06,1932-08-06,5,7,3,0.069767
13,1924-12-06,1932-08-06,5,8,8,0.186047
13,1924-12-06,1932-08-06,5,9,2,0.046512
13,1924-12-06,1932-08-06,6,1,5,0.125
13,1924-12-06,1932-08-06,6,2,9,0.225
13,1924-12-06,1932-08-06,6,3,8,0.2
13,1924-12-06,1932-08-06,6,4,5,0.125
13,1924-12-06,1932-08-06,6,5,2,0.05
13,1924-12-06,1932-08-06,6,6,1,0.025
13,1924-12-06,1932-08-06,6,7,1,0.025
13,1924-12-06,1932-08-06,6,8,0,0.0
13,1924-12-06,1932-08-06,6,9,9,0.225
13,1924-12-06,1932-08-06,7,1,3,0.078947
13,1924-12-06,1932-08-06,7,2,5,0.131579
13,1924-12-06,1932-08-06,7,3,2,0.052632
13,1924-12-06,1932-08-06,7,4,3,0.078947
13,1924-12-06,1932-08-06,7,5,6,0.157895
13,1924-12-06,1932-08-06,7,6,7,0.184211
13,1924-12-06,1932-08-06,7,7,0,0.0
13,1924-12-06,1932-08-06,7,8,6,0.157895
13,1924-12-06,1932-08-06,7,9,6,0.157895
13,1924-12-06,1932-08-06,8,1,6,0.12766
13,1924-12-06,1932-08-06,8,2,7,0.148936
13,1924-12-06,1932-08-06,8,3,9,0.191489
13,1924-12-06,1932-08-06,8,4,2,0.042553
13,1924-12-06,1932-08-06,8,5,5,0.106383
13,1924-12-06,1932-08-06,8,6,5,0.106383
13,1924-12-06,1932-08-06,8,7,7,0.148936
13,1924-12-06,1932-08-06,8,8,5,0.106383
13,1924-12-06,1932-08-06,8,9,1,0.021277
13,1924-12-06,1932-08-06,9,1,1,0.02439
13,1924-12-06,1932-08-06,9,2,5,0.121951
13,1924-12-06,1932-08-06,9,3,4,0.097561
13,1924-12-06,1932-08-06,9,4,6,0.146341
13,1924-12-06,1932-08-06,9,5,2,0.04878
13,1924-12-06,1932-08-06,9,6,5,0.121951
13,1924-12-06,1932-08-06,9,7,4,0.097561
13,1924-12-06,1932-08-06,9,8,10,0.243902
13,1924-12-06,1932-08-06,9,9,4,0.097561
14,1926-11-06,1934-07-07,1,1,2,0.05
14,1926-11-06,1934-07-07,1,2,3,0.075
14,1926-11-06,1934-07-07,1,3,4,0.1
14,1926-11-06,1934-07-07,1,4,8,0.2
14,1926-11-06,1934-07-07,1,5,4,0.1
14,1926-11-06,1934-07-07,1,6,5,0.125
14,1926-11-06,1934-07-07,1,7,8,0.2
14,1926-11-06,1934-07-07,1,8,1,0.025
14,1926-11-06,1934-07-07,1,9,5,0.125
14,1926-11-06,1934-07-07,2,1,8,0.150943
14,1926-11-06,1934-07-07,2,2,4,0.075472
14,1926-11-06,1934-07-07,2,3,8,0.150943
14,1926-11-06,1934-07-07,2,4,7,0.132075
14,1926-11-06,1934-07-07,2,5,5,0.09434
14,1926-11-06,1934-07-07,2,6,3,0.056604
14,1926-11-06,1934-07-07,2,7,5,0.09434
14,1926-11-06,1934-07-07,2,8,6,0.113208
14,1926-11-06,1934-07-07,2,9,7,0.132075
14,1926-11-06,1934-07-07,3,1,3,0.05
14,1926-11-06,1934-07-07,3,2,6,0.1
14,1926-11-06,1934-07-07,3,3,12,0.2
14,1926-11-06,1934-07-07,3,4,10,0.166667
14,1926-11-06,1934-07-07,3,5,8,0.133333
14,1926-11-06,1934-07-07,3,6,5,0.083333
14,1926-11-06,1934-07-07,3,7,5,0.083333
14,1926-11-06,1934-07-07,3,8,4,0.066667
14,1926-11-06,1934-07-07,3,9,7,0.116667
14,1926-11-06,1934-07-07,4,1,4,0.086957
14,1926-11-06,1934-07-07,4,2,9,0.195652
14,1926-11-06,1934-07-07,4,3,2,0.043478
14,1926-11-06,1934-07-07,4,4,3,0.065217
14,1926-11-06,1934-07-07,4,5,6,0.130435
14,1926-11-06,1934-07-07,4,6,11,0.23913
14,1926-11-06,1934-07-07,4,7,3,0.065217
14,1926-11-06,1934-07-07,4,8,3,0.065217
14,1926-11-06,1934-07-07,4,9,5,0.108696
14,1926-11-06,1934-07-07,5,1,6,0.153846
14,1926-11-06,1934-07-07,5,2,4,0.102564
14,1926-11-06,1934-07-07,5,3,6,0.153846
14,1926-11-06,1934-07-07,5,4,5,0.128205
14,1926-11-06,1934-07-07,5,5,3,0.076923
14,1926-11-06,1934-07-07,5,6,3,0.076923
14,1926-11-06,1934-07-07,5,7,2,0.051282
14,1926-11-06,1934-07-07,5,8,6,0.153846
14,1926-11-06,1934-07-07,5,9,4,0.102564
14,1926-11-06,1934-07-07,6,1,5,0.116279
14,1926-11-06,1934-07-07,6,2,8,0.186047
14,1926-11-06,1934-07-07,6,3,8,0.186047
14,1926-11-06,1934-07-07,6,4,5,0.116279
14,1926-11-06,1934-07-07,6,5,3,0.069767
14,1926-11-06,1934-07-07,6,6,2,0.046512
14,1926-11-06,1934-07-07,6,7,5,0.116279
14,1926-11-06,1934-07-07,6,8,2,0.046512
14,1926-11-06,1934-07-07,6,9,5,0.116279
14,1926-11-06,1934-07-07,7,1,5,0.128205
14,1926-11-06,1934-07-07,7,2,6,0.153846
14,1926-11-06,1934-07-07,7,3,5,0.128205
14,1926-11-06,1934-07-07,7,4,3,0.076923
14,1926-11-06,1934-07-07,7,5,5,0.128205
14,1926-11-06,1934-07-07,7,6,7,0.179487
14,1926-11-06,1934-07-07,7,7,0,0.0
14,1926-11-06,1934-07-07,7,8,3,0.076923
14,1926-11-06,1934-07-07,7,9,5,0.128205
14,1926-11-06,1934-07-07,8,1,5,0.135135
14,1926-11-06,1934-07-07,8,2,6,0.162162
14,1926-11-06,1934-07-07,8,3,9,0.243243
14,1926-11-06,1934-07-07,8,4,1,0.027027
14,1926-11-06,1934-07-07,8,5,4,0.108108
14,1926-11-06,1934-07-07,8,6,3,0.081081
14,1926-11-06,1934-07-07,8,7,4,0.108108
14,1926-11-06,1934-07-07,8,8,4,0.108108
14,1926-11-06,1934-07-07,8,9,1,0.027027
14,1926-11-06,1934-07-07,9,1,3,0.069767
14,1926-11-06,1934-07-07,9,2,7,0.162791
14,1926-11-06,1934-07-07,9,3,6,0.139535
14,1926-11-06,1934-07-07,9,4,4,0.093023
14,1926-11-06,1934-07-07,9,5,1,0.023256
14,1926-11-06,1934-07-07,9,6,4,0.093023
14,1926-11-06,1934-07-07,9,7,7,0.162791
14,1926-11-06,1934-07-07,9,8,7,0.162791
14,1926-11-06,1934-07-07,9,9,4,0.093023
15,1928-10-06,1936-06-06,1,1,3,0.073171
15,1928-10-06,1936-06-06,1,2,2,0.04878
15,1928-10-06,1936-06-06,1,3,4,0.097561
15,1928-10-06,1936-06-06,1,4,5,0.121951
15,1928-10-06,1936-06-06,1,5,4,0.097561
15,1928-10-06,1936-06-06,1,6,5,0.121951
15,1928-10-06,1936-06-06,1,7,8,0.195122
15,1928-10-06,1936-06-06,1,8,3,0.073171
15,1928-10-06,1936-06-06,1,9,7,0.170732
15,1928-10-06,1936-06-06,2,1,6,0.117647
15,1928-10-06,1936-06-06,2,2,5,0.098039
15,1928-10-06,1936-06-06,2,3,5,0.098039
15,1928-10-06,1936-06-06,2,4,9,0.176471
15,1928-10-06,1936-06-06,2,5,4,0.078431
15,1928-10-06,1936-06-06,2,6,3,0.058824
15,1928-10-06,1936-06-06,2,7,7,0.137255
15,1928-10-06,1936-06-06,2,8,7,0.137255
15,1928-10-06,1936-06-06,2,9,5,0.098039
15,1928-10-06,1936-06-06,3,1,4,0.068966
15,1928-10-06,1936-06-06,3,2,6,0.103448
15,1928-10-06,1936-06-06,3,3,12,0.206897
15,1928-10-06,1936-06-06,3,4,6,0.103448
15,1928-10-06,1936-06-06,3,5,5,0.086207
15,1928-10-06,1936-06-06,3,6,6,0.103448
15,1928-10-06,1936-06-06,3,7,5,0.086207
15,1928-10-06,1936-06-06,3,8,7,0.12069
15,1928-10-06,1936-06-06,3,9,7,0.12069
15,1928-10-06,1936-06-06,4,1,4,0.093023
15,1928-10-06,1936-06-06,4,2,7,0.162791
15,1928-10-06,1936-06-06,4,3,5,0.116279
15,1928-10-06,1936-06-06,4,4,2,0.046512
15,1928-10-06,1936-06-06,4,5,6,0.139535
15,1928-10-06,1936-06-06,4,6,9,0.209302
15,1928-10-06,1936-06-06,4,7,5,0.116279
15,1928-10-06,1936-06-06,4,8,2,0.046512
15,1928-10-06,1936-06-06,4,9,3,0.069767
15,1928-10-06,1936-06-06,5,1,5,0.128205
15,1928-10-06,1936-06-06,5,2,3,0.076923
15,1928-10-06,1936-06-06,5,3,6,0.153846
15,1928-10-06,1936-06-06,5,4,4,0.102564
15,1928-10-06,1936-06-06,5,5,3,0.076923
15,1928-10-06,1936-06-06,5,6,4,0.102564
15,1928-10-06,1936-06-06,5,7,1,0.025641
15,1928-10-06,1936-06-06,5,8,7,0.179487
15,1928-10-06,1936-06-06,5,9,6,0.153846
15,1928-10-06,1936-06-06,6,1,7,0.155556
15,1928-10-06,1936-06-06,6,2,6,0.133333
15,1928-10-06,1936-06-06,6,3,6,0.133333
15,1928-10-06,1936-06-06,6,4,7,0.155556
15,1928-10-06,1936-06-06,6,5,5,0.111111
15,1928-10-06,1936-06-06,6,6,3,0.066667
15,1928-10-06,1936-06-06,6,7,5,0.111111
15,1928-10-06,1936-06-06,6,8,2,0.044444
15,1928-10-06,1936-06-06,6,9,4,0.088889
15,1928-10-06,1936-06-06,7,1,5,0.116279
15,1928-10-06,1936-06-06,7,2,8,0.186047
15,1928-10-06,1936-06-06,7,3,4,0.093023
15,1928-10-06,1936-06-06,7,4,2,0.046512
15,1928-10-06,1936-06-06,7,5,5,0.116279
15,1928-10-06,1936-06-06,7,6,8,0.186047
15,1928-10-06,1936-06-06,7,7,3,0.069767
15,1928-10-06,1936-06-06,7,8,4,0.093023
15,1928-10-06,1936-06-06,7,9,4,0.093023
15,1928-10-06,1936-06-06,8,1,3,0.075
15,1928-10-06,1936-06-06,8,2,6,0.15
15,1928-10-06,1936-06-06,8,3,10,0.25
15,1928-10-06,1936-06-06,8,4,4,0.1
15,1928-10-06,1936-06-06,8,5,7,0.175
15,1928-10-06,1936-06-06,8,6,3,0.075
15,1928-10-06,1936-06-06,8,7,2,0.05
15,1928-10-06,1936-06-06,8,8,3,0.075
15,1928-10-06,1936-06-06,8,9,2,0.05
15,1928-10-06,1936-06-06,9,1,4,0.1
15,1928-10-06,1936-06-06,9,2,7,0.175
15,1928-10-06,1936-06-06,9,3,6,0.15
15,1928-10-06,1936-06-06,9,4,4,0.1
15,1928-10-06,1936-06-06,9,5,1,0.025
15,1928-10-06,1936-06-06,9,6,4,0.1
15,1928-10-06,1936-06-06,9,7,7,0.175
15,1928-10-06,1936-06-06,9,8,5,0.125
15,1928-10-06,1936-06-06,9,9,2,0.05
16,1930-09-06,1938-05-07,1,1,3,0.06383
16,1930-09-06,1938-05-07,1,2,5,0.106383
16,1930-09-06,1938-05-07,1,3,3,0.06383
16,1930-09-06,1938-05-07,1,4,5,0.106383
16,1930-09-06,1938-05-07,1,5,6,0.12766
16,1930-09-06,1938-05-07,1,6,5,0.106383
16,1930-09-06,1938-05-07,1,7,8,0.170213
16,1930-09-06,1938-05-07,1,8,4,0.085106
16,1930-09-06,1938-05-07,1,9,8,0.170213
16,1930-09-06,1938-05-07,2,1,7,0.148936
16,1930-09-06,1938-05-07,2,2,3,0.06383
16,1930-09-06,1938-05-07,2,3,5,0.106383
16,1930-09-06,1938-05-07,2,4,9,0.191489
16,1930-09-06,1938-05-07,2,5,4,0.085106
16,1930-09-06,1938-05-07,2,6,3,0.06383
16,1930-09-06,1938-05-07,2,7,8,0.170213
16,1930-09-06,1938-05-07,2,8,6,0.12766
16,1930-09-06,1938-05-07,2,9,2,0.042553
16,1930-09-06,1938-05-07,3,1,4,0.071429
16,1930-09-06,1938-05-07,3,2,8,0.142857
16,1930-09-06,1938-05-07,3,3,10,0.178571
16,1930-09-06,1938-05-07,3,4,8,0.142857
16,1930-09-06,1938-05-07,3,5,4,0.071429
16,1930-09-06,1938-05-07,3,6,4,0.071429
16,1930-09-06,1938-05-07,3,7,5,0.089286
16,1930-09-06,1938-05-07,3,8,7,0.125
16,1930-09-06,1938-05-07,3,9,6,0.107143
16,1930-09-06,1938-05-07,4,1,6,0.117647
16,1930-09-06,1938-05-07,4,2,8,0.156863
16,1930-09-06,1938-05-07,4,3,7,0.137255
16,1930-09-06,1938-05-07,4,4,3,0.058824
16,1930-09-06,1938-05-07,4,5,7,0.137255
16,1930-09-06,1938-05-07,4,6,8,0.156863
16,1930-09-06,1938-05-07,4,7,7,0.137255
16,1930-09-06,1938-05-07,4,8,2,0.039216
16,1930-09-06,1938-05-07,4,9,3,0.058824
16,1930-09-06,1938-05-07,5,1,6,0.139535
16,1930-09-06,1938-05-07,5,2,5,0.116279
16,1930-09-06,1938-05-07,5,3,4,0.093023
16,1930-09-06,1938-05-07,5,4,8,0.186047
16,1930-09-06,1938-05-07,5,5,4,0.093023
16,1930-09-06,1938-05-07,5,6,8,0.186047
16,1930-09-06,1938-05-07,5,7,2,0.046512
16,1930-09-06,1938-05-07,5,8,2,0.046512
16,1930-09-06,1938-05-07,5,9,4,0.093023
16,1930-09-06,1938-05-07,6,1,6,0.136364
16,1930-09-06,1938-05-07,6,2,6,0.136364
16,1930-09-06,1938-05-07,6,3,6,0.136364
16,1930-09-06,1938-05-07,6,4,7,0.159091
16,1930-09-06,1938-05-07,6,5,5,0.113636
16,1930-09-06,1938-05-07,6,6,3,0.068182
16,1930-09-06,1938-05-07,6,7,6,0.136364
16,1930-09-06,1938-05-07,6,8,2,0.045455
16,1930-09-06,1938-05-07,6,9,3,0.068182
16,1930-09-06,1938-05-07,7,1,7,0.155556
16,1930-09-06,1938-05-07,7,2,7,0.155556
16,1930-09-06,1938-05-07,7,3,5,0.111111
16,1930-09-06,1938-05-07,7,4,3,0.066667
16,1930-09-06,1938-05-07,7,5,5,0.111111
16,1930-09-06,1938-05-07,7,6,7,0.155556
16,1930-09-06,1938-05-07,7,7,3,0.066667
16,1930-09-06,1938-05-07,7,8,5,0.111111
16,1930-09-06,1938-05-07,7,9,3,0.066667
16,1930-09-06,1938-05-07,8,1,4,0.117647
16,1930-09-06,1938-05-07,8,2,2,0.058824
16,1930-09-06,1938-05-07,8,3,9,0.264706
16,1930-09-06,1938-05-07,8,4,5,0.147059
16,1930-09-06,1938-05-07,8,5,6,0.176471
16,1930-09-06,1938-05-07,8,6,2,0.058824
16,1930-09-06,1938-05-07,8,7,1,0.029412
16,1930-09-06,1938-05-07,8,8,3,0.088235
16,1930-09-06,1938-05-07,8,9,2,0.058824
16,1930-09-06,1938-05-07,9,1,4,0.121212
16,1930-09-06,1938-05-07,9,2,4,0.121212
16,1930-09-06,1938-05-07,9,3,7,0.212121
16,1930-09-06,1938-05-07,9,4,3,0.090909
16,1930-09-06,1938-05-07,9,5,2,0.060606
16,1930-09-06,1938-05-07,9,6,3,0.090909
16,1930-09-06,1938-05-07,9,7,5,0.151515
16,1930-09-06,1938-05-07,9,8,3,0.090909
16,1930-09-06,1938-05-07,9,9,2,0.060606
17,1932-08-06,1940-04-06,1,1,4,0.086957
17,1932-08-06,1940-04-06,1,2,5,0.108696
17,1932-08-06,1940-04-06,1,3,3,0.065217
17,1932-08-06,1940-04-06,1,4,3,0.065217
17,1932-08-06,1940-04-06,1,5,6,0.130435
17,1932-08-06,1940-04-06,1,6,4,0.086957
17,1932-08-06,1940-04-06,1,7,6,0.130435
17,1932-08-06,1940-04-06,1,8,4,0.086957
17,1932-08-06,1940-04-06,1,9,11,0.23913
17,1932-08-06,1940-04-06,2,1,7,0.145833
17,1932-08-06,1940-04-06,2,2,3,0.0625
17,1932-08-06,1940-04-06,2,3,4,0.083333
17,1932-08-06,1940-04-06,2,4,7,0.145833
17,1932-08-06,1940-04-06,2,5,4,0.083333
17,1932-08-06,1940-04-06,2,6,3,0.0625
17,1932-08-06,1940-04-06,2,7,9,0.1875
17,1932-08-06,1940-04-06,2,8,7,0.145833
17,1932-08-06,1940-04-06,2,9,4,0.083333
17,1932-08-06,1940-04-06,3,1,4,0.071429
17,1932-08-06,1940-04-06,3,2,10,0.178571
17,1932-08-06,1940-04-06,3,3,6,0.107143
17,1932-08-06,1940-04-06,3,4,5,0.089286
17,1932-08-06,1940-04-06,3,5,7,0.125
17,1932-08-06,1940-04-06,3,6,5,0.089286
17,1932-08-06,1940-04-06,3,7,6,0.107143
17,1932-08-06,1940-04-06,3,8,9,0.160714
17,1932-08-06,1940-04-06,3,9,4,0.071429
17,1932-08-06,1940-04-06,4,1,4,0.093023
17,1932-08-06,1940-04-06,4,2,7,0.162791
17,1932-08-06,1940-04-06,4,3,6,0.139535
17,1932-08-06,1940-04-06,4,4,5,0.116279
17,1932-08-06,1940-04-06,4,5,7,0.162791
17,1932-08-06,1940-04-06,4,6,4,0.093023
17,1932-08-06,1940-04-06,4,7,5,0.116279
17,1932-08-06,1940-04-06,4,8,2,0.046512
17,1932-08-06,1940-04-06,4,9,3,0.069767
17,1932-08-06,1940-04-06,5,1,9,0.183673
17,1932-08-06,1940-04-06,5,2,6,0.122449
17,1932-08-06,1940-04-06,5,3,5,0.102041
17,1932-08-06,1940-04-06,5,4,6,0.122449
17,1932-08-06,1940-04-06,5,5,5,0.102041
17,1932-08-06,1940-04-06,5,6,9,0.183673
17,1932-08-06,1940-04-06,5,7,2,0.040816
17,1932-08-06,1940-04-06,5,8,2,0.040816
17,1932-08-06,1940-04-06,5,9,5,0.102041
17,1932-08-06,1940-04-06,6,1,4,0.102564
17,1932-08-06,1940-04-06,6,2,2,0.051282
17,1932-08-06,1940-04-06,6,3,9,0.230769
17,1932-08-06,1940-04-06,6,4,3,0.076923
17,1932-08-06,1940-04-06,6,5,5,0.128205
17,1932-08-06,1940-04-06,6,6,4,0.102564
17,1932-08-06,1940-04-06,6,7,7,0.179487
17,1932-08-06,1940-04-06,6,8,4,0.102564
17,1932-08-06,1940-04-06,6,9,1,0.025641
17,1932-08-06,1940-04-06,7,1,6,0.125
17,1932-08-06,1940-04-06,7,2,9,0.1875
17,1932-08-06,1940-04-06,7,3,6,0.125
17,1932-08-06,1940-04-06,7,4,3,0.0625
17,1932-08-06,1940-04-06,7,5,7,0.145833
17,1932-08-06,1940-04-06,7,6,5,0.104167
17,1932-08-06,1940-04-06,7,7,4,0.083333
17,1932-08-06,1940-04-06,7,8,5,0.104167
17,1932-08-06,1940-04-06,7,9,3,0.0625
17,1932-08-06,1940-04-06,8,1,5,0.138889
17,1932-08-06,1940-04-06,8,2,1,0.027778
17,1932-08-06,1940-04-06,8,3,9,0.25
17,1932-08-06,1940-04-06,8,4,7,0.194444
17,1932-08-06,1940-04-06,8,5,5,0.138889
17,1932-08-06,1940-04-06,8,6,2,0.055556
17,1932-08-06,1940-04-06,8,7,2,0.055556
17,1932-08-06,1940-04-06,8,8,3,0.083333
17,1932-08-06,1940-04-06,8,9,2,0.055556
17,1932-08-06,1940-04-06,9,1,4,0.114286
17,1932-08-06,1940-04-06,9,2,4,0.114286
17,1932-08-06,1940-04-06,9,3,8,0.228571
17,1932-08-06,1940-04-06,9,4,4,0.114286
17,1932-08-06,1940-04-06,9,5,3,0.085714
17,1932-08-06,1940-04-06,9,6,3,0.085714
17,1932-08-06,1940-04-06,9,7,7,0.2
17,1932-08-06,1940-04-06,9,8,0,0.0
17,1932-08-06,1940-04-06,9,9,2,0.057143
18,1934-07-07,1942-03-07,1,1,3,0.066667
18,1934-07-07,1942-03-07,1,2,4,0.088889
18,1934-07-07,1942-03-07,1,3,3,0.066667
18,1934-07-07,1942-03-07,1,4,6,0.133333
18,1934-07-07,1942-03-07,1,5,6,0.133333
18,1934-07-07,1942-03-07,1,6,3,0.066667
18,1934-07-07,1942-03-07,1,7,5,0.111111
18,1934-07-07,1942-03-07,1,8,6,0.133333
18,1934-07-07,1942-03-07,1,9,9,0.2
18,1934-07-07,1942-03-07,2,1,7,0.162791
18,1934-07-07,1942-03-07,2,2,2,0.046512
18,1934-07-07,1942-03-07,2,3,3,0.069767
18,1934-07-07,1942-03-07,2,4,6,0.139535
18,1934-07-07,1942-03-07,2,5,4,0.093023
18,1934-07-07,1942-03-07,2,6,3,0.069767
18,1934-07-07,1942-03-07,2,7,7,0.162791
18,1934-07-07,1942-03-07,2,8,7,0.162791
18,1934-07-07,1942-03-07,2,9,4,0.093023
18,1934-07-07,1942-03-07,3,1,3,0.052632
18,1934-07-07,1942-03-07,3,2,7,0.122807
18,1934-07-07,1942-03-07,3,3,8,0.140351
18,1934-07-07,1942-03-07,3,4,6,0.105263
18,1934-07-07,1942-03-07,3,5,8,0.140351
18,1934-07-07,1942-03-07,3,6,5,0.087719
18,1934-07-07,1942-03-07,3,7,8,0.140351
18,1934-07-07,1942-03-07,3,8,9,0.157895
18,1934-07-07,1942-03-07,3,9,3,0.052632
18,1934-07-07,1942-03-07,4,1,4,0.083333
18,1934-07-07,1942-03-07,4,2,7,0.145833
18,1934-07-07,1942-03-07,4,3,7,0.145833
18,1934-07-07,1942-03-07,4,4,5,0.104167
18,1934-07-07,1942-03-07,4,5,9,0.1875
18,1934-07-07,1942-03-07,4,6,5,0.104167
18,1934-07-07,1942-03-07,4,7,6,0.125
18,1934-07-07,1942-03-07,4,8,2,0.041667
18,1934-07-07,1942-03-07,4,9,3,0.0625
18,1934-07-07,1942-03-07,5,1,9,0.169811
18,1934-07-07,1942-03-07,5,2,10,0.188679
18,1934-07-07,1942-03-07,5,3,5,0.09434
18,1934-07-07,1942-03-07,5,4,6,0.113208
18,1934-07-07,1942-03-07,5,5,4,0.075472
18,1934-07-07,1942-03-07,5,6,9,0.169811
18,1934-07-07,1942-03-07,5,7,3,0.056604
18,1934-07-07,1942-03-07,5,8,2,0.037736
18,1934-07-07,1942-03-07,5,9,5,0.09434
18,1934-07-07,1942-03-07,6,1,5,0.125
18,1934-07-07,1942-03-07,6,2,3,0.075
18,1934-07-07,1942-03-07,6,3,13,0.325
18,1934-07-07,1942-03-07,6,4,4,0.1
18,1934-07-07,1942-03-07,6,5,5,0.125
18,1934-07-07,1942-03-07,6,6,4,0.1
18,1934-07-07,1942-03-07,6,7,3,0.075
18,1934-07-07,1942-03-07,6,8,3,0.075
18,1934-07-07,1942-03-07,6,9,0,0.0
18,1934-07-07,1942-03-07,7,1,5,0.113636
18,1934-07-07,1942-03-07,7,2,6,0.136364
18,1934-07-07,1942-03-07,7,3,4,0.090909
18,1934-07-07,1942-03-07,7,4,2,0.045455
18,1934-07-07,1942-03-07,7,5,8,0.181818
18,1934-07-07,1942-03-07,7,6,5,0.113636
18,1934-07-07,1942-03-07,7,7,6,0.136364
18,1934-07-07,1942-03-07,7,8,7,0.159091
18,1934-07-07,1942-03-07,7,9,1,0.022727
18,1934-07-07,1942-03-07,8,1,5,0.125
18,1934-07-07,1942-03-07,8,2,1,0.025
18,1934-07-07,1942-03-07,8,3,8,0.2
18,1934-07-07,1942-03-07,8,4,7,0.175
18,1934-07-07,1942-03-07,8,5,6,0.15
18,1934-07-07,1942-03-07,8,6,2,0.05
18,1934-07-07,1942-03-07,8,7,3,0.075
18,1934-07-07,1942-03-07,8,8,4,0.1
18,1934-07-07,1942-03-07,8,9,4,0.1
18,1934-07-07,1942-03-07,9,1,3,0.1
18,1934-07-07,1942-03-07,9,2,3,0.1
18,1934-07-07,1942-03-07,9,3,6,0.2
18,1934-07-07,1942-03-07,9,4,6,0.2
18,1934-07-07,1942-03-07,9,5,3,0.1
18,1934-07-07,1942-03-07,9,6,4,0.133333
18,1934-07-07,1942-03-07,9,7,3,0.1
18,1934-07-07,1942-03-07,9,8,0,0.0
18,1934-07-07,1942-03-07,9,9,2,0.066667
19,1936-06-06,1944-02-05,1,1,4,0.085106
19,1936-06-06,1944-02-05,1,2,6,0.12766
19,1936-06-06,1944-02-05,1,3,2,0.042553
19,1936-06-06,1944-02-05,1,4,8,0.170213
19,1936-06-06,1944-02-05,1,5,6,0.12766
19,1936-06-06,1944-02-05,1,6,4,0.085106
19,1936-06-06,1944-02-05,1,7,4,0.085106
19,1936-06-06,1944-02-05,1,8,6,0.12766
19,1936-06-06,1944-02-05,1,9,7,0.148936
19,1936-06-06,1944-02-05,2,1,9,0.191489
19,1936-06-06,1944-02-05,2,2,3,0.06383
19,1936-06-06,1944-02-05,2,3,3,0.06383
19,1936-06-06,1944-02-05,2,4,4,0.085106
19,1936-06-06,1944-02-05,2,5,6,0.12766
19,1936-06-06,1944-02-05,2,6,4,0.085106
19,1936-06-06,1944-02-05,2,7,6,0.12766
19,1936-06-06,1944-02-05,2,8,7,0.148936
19,1936-06-06,1944-02-05,2,9,5,0.106383
19,1936-06-06,1944-02-05,3,1,1,0.020833
19,1936-06-06,1944-02-05,3,2,7,0.145833
19,1936-06-06,1944-02-05,3,3,5,0.104167
19,1936-06-06,1944-02-05,3,4,7,0.145833
19,1936-06-06,1944-02-05,3,5,9,0.1875
19,1936-06-06,1944-02-05,3,6,5,0.104167
19,1936-06-06,1944-02-05,3,7,7,0.145833
19,1936-06-06,1944-02-05,3,8,5,0.104167
19,1936-06-06,1944-02-05,3,9,2,0.041667
19,1936-06-06,1944-02-05,4,1,3,0.066667
19,1936-06-06,1944-02-05,4,2,5,0.111111
19,1936-06-06,1944-02-05,4,3,4,0.088889
19,1936-06-06,1944-02-05,4,4,5,0.111111
19,1936-06-06,1944-02-05,4,5,11,0.244444
19,1936-06-06,1944-02-05,4,6,6,0.133333
19,1936-06-06,1944-02-05,4,7,6,0.133333
19,1936-06-06,1944-02-05,4,8,4,0.088889
19,1936-06-06,1944-02-05,4,9,1,0.022222
19,1936-06-06,1944-02-05,5,1,10,0.172414
19,1936-06-06,1944-02-05,5,2,10,0.172414
19,1936-06-06,1944-02-05,5,3,4,0.068966
19,1936-06-06,1944-02-05,5,4,7,0.12069
19,1936-06-06,1944-02-05,5,5,5,0.086207
19,1936-06-06,1944-02-05,5,6,10,0.172414
19,1936-06-06,1944-02-05,5,7,3,0.051724
19,1936-06-06,1944-02-05,5,8,4,0.068966
19,1936-06-06,1944-02-05,5,9,5,0.086207
19,1936-06-06,1944-02-05,6,1,4,0.086957
19,1936-06-06,1944-02-05,6,2,6,0.130435
19,1936-06-06,1944-02-05,6,3,13,0.282609
19,1936-06-06,1944-02-05,6,4,3,0.065217
19,1936-06-06,1944-02-05,6,5,5,0.108696
19,1936-06-06,1944-02-05,6,6,6,0.130435
19,1936-06-06,1944-02-05,6,7,3,0.065217
19,1936-06-06,1944-02-05,6,8,5,0.108696
19,1936-06-06,1944-02-05,6,9,1,0.021739
19,1936-06-06,1944-02-05,7,1,7,0.175
19,1936-06-06,1944-02-05,7,2,5,0.125
19,1936-06-06,1944-02-05,7,3,5,0.125
19,1936-06-06,1944-02-05,7,4,2,0.05
19,1936-06-06,1944-02-05,7,5,7,0.175
19,1936-06-06,1944-02-05,7,6,4,0.1
19,1936-06-06,1944-02-05,7,7,3,0.075
19,1936-06-06,1944-02-05,7,8,5,0.125
19,1936-06-06,1944-02-05,7,9,2,0.05
19,1936-06-06,1944-02-05,8,1,7,0.170732
19,1936-06-06,1944-02-05,8,2,2,0.04878
19,1936-06-06,1944-02-05,8,3,5,0.121951
19,1936-06-06,1944-02-05,8,4,4,0.097561
19,1936-06-06,1944-02-05,8,5,5,0.121951
19,1936-06-06,1944-02-05,8,6,4,0.097561
19,1936-06-06,1944-02-05,8,7,6,0.146341
19,1936-06-06,1944-02-05,8,8,4,0.097561
19,1936-06-06,1944-02-05,8,9,4,0.097561
19,1936-06-06,1944-02-05,9,1,2,0.071429
19,1936-06-06,1944-02-05,9,2,3,0.107143
19,1936-06-06,1944-02-05,9,3,7,0.25
19,1936-06-06,1944-02-05,9,4,6,0.214286
19,1936-06-06,1944-02-05,9,5,3,0.107143
19,1936-06-06,1944-02-05,9,6,3,0.107143
19,1936-06-06,1944-02-05,9,7,2,0.071429
19,1936-06-06,1944-02-05,9,8,1,0.035714
19,1936-06-06,1944-02-05,9,9,1,0.035714
20,1938-05-07,1946-01-05,1,1,7,0.137255
20,1938-05-07,1946-01-05,1,2,3,0.058824
20,1938-05-07,1946-01-05,1,3,2,0.039216
20,1938-05-07,1946-01-05,1,4,8,0.156863
20,1938-05-07,1946-01-05,1,5,5,0.098039
20,1938-05-07,1946-01-05,1,6,6,0.117647
20,1938-05-07,1946-01-05,1,7,8,0.156863
20,1938-05-07,1946-01-05,1,8,5,0.098039
20,1938-05-07,1946-01-05,1,9,7,0.137255
20,1938-05-07,1946-01-05,2,1,7,0.162791
20,1938-05-07,1946-01-05,2,2,3,0.069767
20,1938-05-07,1946-01-05,2,3,2,0.046512
20,1938-05-07,1946-01-05,2,4,7,0.162791
20,1938-05-07,1946-01-05,2,5,6,0.139535
20,1938-05-07,1946-01-05,2,6,5,0.116279
20,1938-05-07,1946-01-05,2,7,4,0.093023
20,1938-05-07,1946-01-05,2,8,4,0.093023
20,1938-05-07,1946-01-05,2,9,5,0.116279
20,1938-05-07,1946-01-05,3,1,1,0.023256
20,1938-05-07,1946-01-05,3,2,5,0.116279
20,1938-05-07,1946-01-05,3,3,4,0.093023
20,1938-05-07,1946-01-05,3,4,5,0.116279
20,1938-05-07,1946-01-05,3,5,9,0.209302
20,1938-05-07,1946-01-05,3,6,7,0.162791
20,1938-05-07,1946-01-05,3,7,4,0.093023
20,1938-05-07,1946-01-05,3,8,5,0.116279
20,1938-05-07,1946-01-05,3,9,3,0.069767
20,1938-05-07,1946-01-05,4,1,4,0.088889
20,1938-05-07,1946-01-05,4,2,5,0.111111
20,1938-05-07,1946-01-05,4,3,4,0.088889
20,1938-05-07,1946-01-05,4,4,6,0.133333
20,1938-05-07,1946-01-05,4,5,8,0.177778
20,1938-05-07,1946-01-05,4,6,8,0.177778
20,1938-05-07,1946-01-05,4,7,4,0.088889
20,1938-05-07,1946-01-05,4,8,5,0.111111
20,1938-05-07,1946-01-05,4,9,1,0.022222
20,1938-05-07,1946-01-05,5,1,8,0.170213
20,1938-05-07,1946-01-05,5,2,6,0.12766
20,1938-05-07,1946-01-05,5,3,3,0.06383
20,1938-05-07,1946-01-05,5,4,3,0.06383
20,1938-05-07,1946-01-05,5,5,3,0.06383
20,1938-05-07,1946-01-05,5,6,9,0.191489
20,1938-05-07,1946-01-05,5,7,4,0.085106
20,1938-05-07,1946-01-05,5,8,6,0.12766
20,1938-05-07,1946-01-05,5,9,5,0.106383
20,1938-05-07,1946-01-05,6,1,6,0.109091
20,1938-05-07,1946-01-05,6,2,7,0.127273
20,1938-05-07,1946-01-05,6,3,12,0.218182
20,1938-05-07,1946-01-05,6,4,2,0.036364
20,1938-05-07,1946-01-05,6,5,6,0.109091
20,1938-05-07,1946-01-05,6,6,8,0.145455
20,1938-05-07,1946-01-05,6,7,4,0.072727
20,1938-05-07,1946-01-05,6,8,8,0.145455
20,1938-05-07,1946-01-05,6,9,2,0.036364
20,1938-05-07,1946-01-05,7,1,7,0.170732
20,1938-05-07,1946-01-05,7,2,5,0.121951
20,1938-05-07,1946-01-05,7,3,5,0.121951
20,1938-05-07,1946-01-05,7,4,3,0.073171
20,1938-05-07,1946-01-05,7,5,5,0.121951
20,1938-05-07,1946-01-05,7,6,5,0.121951
20,1938-05-07,1946-01-05,7,7,5,0.121951
20,1938-05-07,1946-01-05,7,8,5,0.121951
20,1938-05-07,1946-01-05,7,9,1,0.02439
20,1938-05-07,1946-01-05,8,1,8,0.181818
20,1938-05-07,1946-01-05,8,2,4,0.090909
20,1938-05-07,1946-01-05,8,3,5,0.113636
20,1938-05-07,1946-01-05,8,4,5,0.113636
20,1938-05-07,1946-01-05,8,5,4,0.090909
20,1938-05-07,1946-01-05,8,6,4,0.090909
20,1938-05-07,1946-01-05,8,7,6,0.136364
20,1938-05-07,1946-01-05,8,8,4,0.090909
20,1938-05-07,1946-01-05,8,9,4,0.090909
20,1938-05-07,1946-01-05,9,1,3,0.096774
20,1938-05-07,1946-01-05,9,2,4,0.129032
20,1938-05-07,1946-01-05,9,3,6,0.193548
20,1938-05-07,1946-01-05,9,4,6,0.193548
20,1938-05-07,1946-01-05,9,5,1,0.032258
20,1938-05-07,1946-01-05,9,6,3,0.096774
20,1938-05-07,1946-01-05,9,7,3,0.096774
20,1938-05-07,1946-01-05,9,8,2,0.064516
20,1938-05-07,1946-01-05,9,9,3,0.096774
21,1940-04-06,1947-12-13,1,1,6,0.12
21,1940-04-06,1947-12-13,1,2,3,0.06
21,1940-04-06,1947-12-13,1,3,3,0.06
21,1940-04-06,1947-12-13,1,4,8,0.16
21,1940-04-06,1947-12-13,1,5,6,0.12
21,1940-04-06,1947-12-13,1,6,6,0.12
21,1940-04-06,1947-12-13,1,7,9,0.18
21,1940-04-06,1947-12-13,1,8,5,0.1
21,1940-04-06,1947-12-13,1,9,4,0.08
21,1940-04-06,1947-12-13,2,1,7,0.170732
21,1940-04-06,1947-12-13,2,2,2,0.04878
21,1940-04-06,1947-12-13,2,3,1,0.02439
21,1940-04-06,1947-12-13,2,4,6,0.146341
21,1940-04-06,1947-12-13,2,5,8,0.195122
21,1940-04-06,1947-12-13,2,6,5,0.121951
21,1940-04-06,1947-12-13,2,7,4,0.097561
21,1940-04-06,1947-12-13,2,8,4,0.097561
21,1940-04-06,1947-12-13,2,9,4,0.097561
21,1940-04-06,1947-12-13,3,1,1,0.027778
21,1940-04-06,1947-12-13,3,2,3,0.083333
21,1940-04-06,1947-12-13,3,3,5,0.138889
21,1940-04-06,1947-12-13,3,4,6,0.166667
21,1940-04-06,1947-12-13,3,5,9,0.25
21,1940-04-06,1947-12-13,3,6,5,0.138889
21,1940-04-06,1947-12-13,3,7,4,0.111111
21,1940-04-06,1947-12-13,3,8,1,0.027778
21,1940-04-06,1947-12-13,3,9,2,0.055556
21,1940-04-06,1947-12-13,4,1,4,0.086957
21,1940-04-06,1947-12-13,4,2,4,0.086957
21,1940-04-06,1947-12-13,4,3,4,0.086957
21,1940-04-06,1947-12-13,4,4,5,0.108696
21,1940-04-06,1947-12-13,4,5,10,0.217391
21,1940-04-06,1947-12-13,4,6,10,0.217391
21,1940-04-06,1947-12-13,4,7,5,0.108696
21,1940-04-06,1947-12-13,4,8,4,0.086957
21,1940-04-06,1947-12-13,4,9,0,0.0
21,1940-04-06,1947-12-13,5,1,5,0.09434
21,1940-04-06,1947-12-13,5,2,6,0.113208
21,1940-04-06,1947-12-13,5,3,3,0.056604
21,1940-04-06,1947-12-13,5,4,5,0.09434
21,1940-04-06,1947-12-13,5,5,3,0.056604
21,1940-04-06,1947-12-13,5,6,10,0.188679
21,1940-04-06,1947-12-13,5,7,8,0.150943
21,1940-04-06,1947-12-13,5,8,5,0.09434
21,1940-04-06,1947-12-13,5,9,8,0.150943
21,1940-04-06,1947-12-13,6,1,8,0.137931
21,1940-04-06,1947-12-13,6,2,11,0.189655
21,1940-04-06,1947-12-13,6,3,7,0.12069
21,1940-04-06,1947-12-13,6,4,3,0.051724
21,1940-04-06,1947-12-13,6,5,6,0.103448
21,1940-04-06,1947-12-13,6,6,9,0.155172
21,1940-04-06,1947-12-13,6,7,5,0.086207
21,1940-04-06,1947-12-13,6,8,6,0.103448
21,1940-04-06,1947-12-13,6,9,3,0.051724
21,1940-04-06,1947-12-13,7,1,7,0.148936
21,1940-04-06,1947-12-13,7,2,5,0.106383
21,1940-04-06,1947-12-13,7,3,4,0.085106
21,1940-04-06,1947-12-13,7,4,4,0.085106
21,1940-04-06,1947-12-13,7,5,7,0.148936
21,1940-04-06,1947-12-13,7,6,6,0.12766
21,1940-04-06,1947-12-13,7,7,5,0.106383
21,1940-04-06,1947-12-13,7,8,5,0.106383
21,1940-04-06,1947-12-13,7,9,4,0.085106
21,1940-04-06,1947-12-13,8,1,8,0.222222
21,1940-04-06,1947-12-13,8,2,4,0.111111
21,1940-04-06,1947-12-13,8,3,4,0.111111
21,1940-04-06,1947-12-13,8,4,3,0.083333
21,1940-04-06,1947-12-13,8,5,3,0.083333
21,1940-04-06,1947-12-13,8,6,4,0.111111
21,1940-04-06,1947-12-13,8,7,4,0.111111
21,1940-04-06,1947-12-13,8,8,3,0.083333
21,1940-04-06,1947-12-13,8,9,3,0.083333
21,1940-04-06,1947-12-13,9,1,4,0.121212
21,1940-04-06,1947-12-13,9,2,3,0.090909
21,1940-04-06,1947-12-13,9,3,5,0.151515
21,1940-04-06,1947-12-13,9,4,6,0.181818
21,1940-04-06,1947-12-13,9,5,1,0.030303
21,1940-04-06,1947-12-13,9,6,3,0.090909
21,1940-04-06,1947-12-13,9,7,3,0.090909
21,1940-04-06,1947-12-13,9,8,3,0.090909
21,1940-04-06,1947-12-13,9,9,5,0.151515
22,1942-03-07,1949-11-12,1,1,6,0.122449
22,1942-03-07,1949-11-12,1,2,4,0.081633
22,1942-03-07,1949-11-12,1,3,2,0.040816
22,1942-03-07,1949-11-12,1,4,8,0.163265
22,1942-03-07,1949-11-12,1,5,6,0.122449
22,1942-03-07,1949-11-12,1,6,7,0.142857
22,1942-03-07,1949-11-12,1,7,8,0.163265
22,1942-03-07,1949-11-12,1,8,5,0.102041
22,1942-03-07,1949-11-12,1,9,3,0.061224
22,1942-03-07,1949-11-12,2,1,8,0.181818
22,1942-03-07,1949-11-12,2,2,4,0.090909
22,1942-03-07,1949-11-12,2,3,4,0.090909
22,1942-03-07,1949-11-12,2,4,7,0.159091
22,1942-03-07,1949-11-12,2,5,7,0.159091
22,1942-03-07,1949-11-12,2,6,4,0.090909
22,1942-03-07,1949-11-12,2,7,4,0.090909
22,1942-03-07,1949-11-12,2,8,3,0.068182
22,1942-03-07,1949-11-12,2,9,3,0.068182
22,1942-03-07,1949-11-12,3,1,1,0.03125
22,1942-03-07,1949-11-12,3,2,3,0.09375
22,1942-03-07,1949-11-12,3,3,3,0.09375
22,1942-03-07,1949-11-12,3,4,4,0.125
22,1942-03-07,1949-11-12,3,5,7,0.21875
22,1942-03-07,1949-11-12,3,6,3,0.09375
22,1942-03-07,1949-11-12,3,7,3,0.09375
22,1942-03-07,1949-11-12,3,8,2,0.0625
22,1942-03-07,1949-11-12,3,9,6,0.1875
22,1942-03-07,1949-11-12,4,1,4,0.095238
22,1942-03-07,1949-11-12,4,2,4,0.095238
22,1942-03-07,1949-11-12,4,3,3,0.071429
22,1942-03-07,1949-11-12,4,4,5,0.119048
22,1942-03-07,1949-11-12,4,5,9,0.214286
22,1942-03-07,1949-11-12,4,6,7,0.166667
22,1942-03-07,1949-11-12,4,7,5,0.119048
22,1942-03-07,1949-11-12,4,8,3,0.071429
22,1942-03-07,1949-11-12,4,9,2,0.047619
22,1942-03-07,1949-11-12,5,1,3,0.058824
22,1942-03-07,1949-11-12,5,2,4,0.078431
22,1942-03-07,1949-11-12,5,3,3,0.058824
22,1942-03-07,1949-11-12,5,4,4,0.078431
22,1942-03-07,1949-11-12,5,5,6,0.117647
22,1942-03-07,1949-11-12,5,6,11,0.215686
22,1942-03-07,1949-11-12,5,7,7,0.137255
22,1942-03-07,1949-11-12,5,8,6,0.117647
22,1942-03-07,1949-11-12,5,9,7,0.137255
22,1942-03-07,1949-11-12,6,1,7,0.125
22,1942-03-07,1949-11-12,6,2,10,0.178571
22,1942-03-07,1949-11-12,6,3,2,0.035714
22,1942-03-07,1949-11-12,6,4,2,0.035714
22,1942-03-07,1949-11-12,6,5,4,0.071429
22,1942-03-07,1949-11-12,6,6,10,0.178571
22,1942-03-07,1949-11-12,6,7,6,0.107143
22,1942-03-07,1949-11-12,6,8,7,0.125
22,1942-03-07,1949-11-12,6,9,8,0.142857
22,1942-03-07,1949-11-12,7,1,9,0.18
22,1942-03-07,1949-11-12,7,2,6,0.12
22,1942-03-07,1949-11-12,7,3,4,0.08
22,1942-03-07,1949-11-12,7,4,4,0.08
22,1942-03-07,1949-11-12,7,5,7,0.14
22,1942-03-07,1949-11-12,7,6,5,0.1
22,1942-03-07,1949-11-12,7,7,8,0.16
22,1942-03-07,1949-11-12,7,8,3,0.06
22,1942-03-07,1949-11-12,7,9,4,0.08
22,1942-03-07,1949-11-12,8,1,8,0.222222
22,1942-03-07,1949-11-12,8,2,4,0.111111
22,1942-03-07,1949-11-12,8,3,4,0.111111
22,1942-03-07,1949-11-12,8,4,4,0.111111
22,1942-03-07,1949-11-12,8,5,3,0.083333
22,1942-03-07,1949-11-12,8,6,5,0.138889
22,1942-03-07,1949-11-12,8,7,4,0.111111
22,1942-03-07,1949-11-12,8,8,2,0.055556
22,1942-03-07,1949-11-12,8,9,2,0.055556
22,1942-03-07,1949-11-12,9,1,3,0.075
22,1942-03-07,1949-11-12,9,2,5,0.125
22,1942-03-07,1949-11-12,9,3,7,0.175
22,1942-03-07,1949-11-12,9,4,4,0.1
22,1942-03-07,1949-11-12,9,5,2,0.05
22,1942-03-07,1949-11-12,9,6,4,0.1
22,1942-03-07,1949-11-12,9,7,5,0.125
22,1942-03-07,1949-11-12,9,8,5,0.125
22,1942-03-07,1949-11-12,9,9,5,0.125
23,1944-02-05,1951-10-13,1,1,5,0.096154
23,1944-02-05,1951-10-13,1,2,5,0.096154
23,1944-02-05,1951-10-13,1,3,4,0.076923
23,1944-02-05,1951-10-13,1,4,6,0.115385
23,1944-02-05,1951-10-13,1,5,6,0.115385
23,1944-02-05,1951-10-13,1,6,7,0.134615
23,1944-02-05,1951-10-13,1,7,10,0.192308
23,1944-02-05,1951-10-13,1,8,3,0.057692
23,1944-02-05,1951-10-13,1,9,6,0.115385
23,1944-02-05,1951-10-13,2,1,7,0.152174
23,1944-02-05,1951-10-13,2,2,4,0.086957
23,1944-02-05,1951-10-13,2,3,6,0.130435
23,1944-02-05,1951-10-13,2,4,8,0.173913
23,1944-02-05,1951-10-13,2,5,7,0.152174
23,1944-02-05,1951-10-13,2,6,3,0.065217
23,1944-02-05,1951-10-13,2,7,4,0.086957
23,1944-02-05,1951-10-13,2,8,3,0.065217
23,1944-02-05,1951-10-13,2,9,4,0.086957
23,1944-02-05,1951-10-13,3,1,4,0.105263
23,1944-02-05,1951-10-13,3,2,4,0.105263
23,1944-02-05,1951-10-13,3,3,5,0.131579
23,1944-02-05,1951-10-13,3,4,3,0.078947
23,1944-02-05,1951-10-13,3,5,6,0.157895
23,1944-02-05,1951-10-13,3,6,2,0.052632
23,1944-02-05,1951-10-13,3,7,4,0.105263
23,1944-02-05,1951-10-13,3,8,4,0.105263
23,1944-02-05,1951-10-13,3,9,6,0.157895
23,1944-02-05,1951-10-13,4,1,5,0.128205
23,1944-02-05,1951-10-13,4,2,5,0.128205
23,1944-02-05,1951-10-13,4,3,3,0.076923
23,1944-02-05,1951-10-13,4,4,4,0.102564
23,1944-02-05,1951-10-13,4,5,9,0.230769
23,1944-02-05,1951-10-13,4,6,5,0.128205
23,1944-02-05,1951-10-13,4,7,3,0.076923
23,1944-02-05,1951-10-13,4,8,1,0.025641
23,1944-02-05,1951-10-13,4,9,4,0.102564
23,1944-02-05,1951-10-13,5,1,3,0.065217
23,1944-02-05,1951-10-13,5,2,5,0.108696
23,1944-02-05,1951-10-13,5,3,4,0.086957
23,1944-02-05,1951-10-13,5,4,5,0.108696
23,1944-02-05,1951-10-13,5,5,5,0.108696
23,1944-02-05,1951-10-13,5,6,9,0.195652
23,1944-02-05,1951-10-13,5,7,6,0.130435
23,1944-02-05,1951-10-13,5,8,4,0.086957
23,1944-02-05,1951-10-13,5,9,5,0.108696
23,1944-02-05,1951-10-13,6,1,6,0.12766
23,1944-02-05,1951-10-13,6,2,7,0.148936
23,1944-02-05,1951-10-13,6,3,1,0.021277
23,1944-02-05,1951-10-13,6,4,2,0.042553
23,1944-02-05,1951-10-13,6,5,2,0.042553
23,1944-02-05,1951-10-13,6,6,8,0.170213
23,1944-02-05,1951-10-13,6,7,8,0.170213
23,1944-02-05,1951-10-13,6,8,6,0.12766
23,1944-02-05,1951-10-13,6,9,7,0.148936
23,1944-02-05,1951-10-13,7,1,10,0.178571
23,1944-02-05,1951-10-13,7,2,8,0.142857
23,1944-02-05,1951-10-13,7,3,4,0.071429
23,1944-02-05,1951-10-13,7,4,4,0.071429
23,1944-02-05,1951-10-13,7,5,6,0.107143
23,1944-02-05,1951-10-13,7,6,6,0.107143
23,1944-02-05,1951-10-13,7,7,12,0.214286
23,1944-02-05,1951-10-13,7,8,2,0.035714
23,1944-02-05,1951-10-13,7,9,4,0.071429
23,1944-02-05,1951-10-13,8,1,7,0.225806
23,1944-02-05,1951-10-13,8,2,3,0.096774
23,1944-02-05,1951-10-13,8,3,4,0.129032
23,1944-02-05,1951-10-13,8,4,4,0.129032
23,1944-02-05,1951-10-13,8,5,2,0.064516
23,1944-02-05,1951-10-13,8,6,3,0.096774
23,1944-02-05,1951-10-13,8,7,1,0.032258
23,1944-02-05,1951-10-13,8,8,4,0.129032
23,1944-02-05,1951-10-13,8,9,3,0.096774
23,1944-02-05,1951-10-13,9,1,5,0.111111
23,1944-02-05,1951-10-13,9,2,6,0.133333
23,1944-02-05,1951-10-13,9,3,7,0.155556
23,1944-02-05,1951-10-13,9,4,2,0.044444
23,1944-02-05,1951-10-13,9,5,3,0.066667
23,1944-02-05,1951-10-13,9,6,4,0.088889
23,1944-02-05,1951-10-13,9,7,8,0.177778
23,1944-02-05,1951-10-13,9,8,4,0.088889
23,1944-02-05,1951-10-13,9,9,6,0.133333
24,1946-01-05,1953-09-12,1,1,2,0.043478
24,1946-01-05,1953-09-12,1,2,5,0.108696
24,1946-01-05,1953-09-12,1,3,4,0.086957
24,1946-01-05,1953-09-12,1,4,5,0.108696
24,1946-01-05,1953-09-12,1,5,4,0.086957
24,1946-01-05,1953-09-12,1,6,7,0.152174
24,1946-01-05,1953-09-12,1,7,9,0.195652
24,1946-01-05,1953-09-12,1,8,3,0.065217
24,1946-01-05,1953-09-12,1,9,7,0.152174
24,1946-01-05,1953-09-12,2,1,7,0.132075
24,1946-01-05,1953-09-12,2,2,5,0.09434
24,1946-01-05,1953-09-12,2,3,8,0.150943
24,1946-01-05,1953-09-12,2,4,5,0.09434
24,1946-01-05,1953-09-12,2,5,7,0.132075
24,1946-01-05,1953-09-12,2,6,3,0.056604
24,1946-01-05,1953-09-12,2,7,8,0.150943
24,1946-01-05,1953-09-12,2,8,5,0.09434
24,1946-01-05,1953-09-12,2,9,5,0.09434
24,1946-01-05,1953-09-12,3,1,5,0.142857
24,1946-01-05,1953-09-12,3,2,3,0.085714
24,1946-01-05,1953-09-12,3,3,5,0.142857
24,1946-01-05,1953-09-12,3,4,3,0.085714
24,1946-01-05,1953-09-12,3,5,5,0.142857
24,1946-01-05,1953-09-12,3,6,2,0.057143
24,1946-01-05,1953-09-12,3,7,4,0.114286
24,1946-01-05,1953-09-12,3,8,4,0.114286
24,1946-01-05,1953-09-12,3,9,4,0.114286
24,1946-01-05,1953-09-12,4,1,3,0.096774
24,1946-01-05,1953-09-12,4,2,4,0.129032
24,1946-01-05,1953-09-12,4,3,0,0.0
24,1946-01-05,1953-09-12,4,4,3,0.096774
24,1946-01-05,1953-09-12,4,5,9,0.290323
24,1946-01-05,1953-09-12,4,6,4,0.129032
24,1946-01-05,1953-09-12,4,7,3,0.096774
24,1946-01-05,1953-09-12,4,8,0,0.0
24,1946-01-05,1953-09-12,4,9,5,0.16129
24,1946-01-05,1953-09-12,5,1,3,0.061224
24,1946-01-05,1953-09-12,5,2,10,0.204082
24,1946-01-05,1953-09-12,5,3,6,0.122449
24,1946-01-05,1953-09-12,5,4,5,0.102041
24,1946-01-05,1953-09-12,5,5,6,0.122449
24,1946-01-05,1953-09-12,5,6,7,0.142857
24,1946-01-05,1953-09-12,5,7,4,0.081633
24,1946-01-05,1953-09-12,5,8,3,0.061224
24,1946-01-05,1953-09-12,5,9,5,0.102041
24,1946-01-05,1953-09-12,6,1,5,0.113636
24,1946-01-05,1953-09-12,6,2,9,0.204545
24,1946-01-05,1953-09-12,6,3,0,0.0
24,1946-01-05,1953-09-12,6,4,2,0.045455
24,1946-01-05,1953-09-12,6,5,3,0.068182
24,1946-01-05,1953-09-12,6,6,6,0.136364
24,1946-01-05,1953-09-12,6,7,7,0.159091
24,1946-01-05,1953-09-12,6,8,5,0.113636
24,1946-01-05,1953-09-12,6,9,7,0.159091
24,1946-01-05,1953-09-12,7,1,10,0.166667
24,1946-01-05,1953-09-12,7,2,7,0.116667
24,1946-01-05,1953-09-12,7,3,3,0.05
24,1946-01-05,1953-09-12,7,4,3,0.05
24,1946-01-05,1953-09-12,7,5,7,0.116667
24,1946-01-05,1953-09-12,7,6,6,0.1
24,1946-01-05,1953-09-12,7,7,13,0.216667
24,1946-01-05,1953-09-12,7,8,3,0.05
24,1946-01-05,1953-09-12,7,9,8,0.133333
24,1946-01-05,1953-09-12,8,1,6,0.1875
24,1946-01-05,1953-09-12,8,2,3,0.09375
24,1946-01-05,1953-09-12,8,3,2,0.0625
24,1946-01-05,1953-09-12,8,4,2,0.0625
24,1946-01-05,1953-09-12,8,5,3,0.09375
24,1946-01-05,1953-09-12,8,6,4,0.125
24,1946-01-05,1953-09-12,8,7,4,0.125
24,1946-01-05,1953-09-12,8,8,4,0.125
24,1946-01-05,1953-09-12,8,9,4,0.125
24,1946-01-05,1953-09-12,9,1,5,0.1
24,1946-01-05,1953-09-12,9,2,7,0.14
24,1946-01-05,1953-09-12,9,3,7,0.14
24,1946-01-05,1953-09-12,9,4,3,0.06
24,1946-01-05,1953-09-12,9,5,5,0.1
24,1946-01-05,1953-09-12,9,6,5,0.1
24,1946-01-05,1953-09-12,9,7,8,0.16
24,1946-01-05,1953-09-12,9,8,5,0.1
24,1946-01-05,1953-09-12,9,9,5,0.1
25,1947-12-13,1955-08-13,1,1,3,0.06383
25,1947-12-13,1955-08-13,1,2,5,0.106383
25,1947-12-13,1955-08-13,1,3,2,0.042553
25,1947-12-13,1955-08-13,1,4,5,0.106383
25,1947-12-13,1955-08-13,1,5,4,0.085106
25,1947-12-13,1955-08-13,1,6,6,0.12766
25,1947-12-13,1955-08-13,1,7,9,0.191489
25,1947-12-13,1955-08-13,1,8,5,0.106383
25,1947-12-13,1955-08-13,1,9,8,0.170213
25,1947-12-13,1955-08-13,2,1,4,0.074074
25,1947-12-13,1955-08-13,2,2,6,0.111111
25,1947-12-13,1955-08-13,2,3,10,0.185185
25,1947-12-13,1955-08-13,2,4,7,0.12963
25,1947-12-13,1955-08-13,2,5,5,0.092593
25,1947-12-13,1955-08-13,2,6,2,0.037037
25,1947-12-13,1955-08-13,2,7,8,0.148148
25,1947-12-13,1955-08-13,2,8,5,0.092593
25,1947-12-13,1955-08-13,2,9,7,0.12963
25,1947-12-13,1955-08-13,3,1,6,0.166667
25,1947-12-13,1955-08-13,3,2,3,0.083333
25,1947-12-13,1955-08-13,3,3,5,0.138889
25,1947-12-13,1955-08-13,3,4,2,0.055556
25,1947-12-13,1955-08-13,3,5,2,0.055556
25,1947-12-13,1955-08-13,3,6,3,0.083333
25,1947-12-13,1955-08-13,3,7,4,0.111111
25,1947-12-13,1955-08-13,3,8,5,0.138889
25,1947-12-13,1955-08-13,3,9,6,0.166667
25,1947-12-13,1955-08-13,4,1,3,0.085714
25,1947-12-13,1955-08-13,4,2,7,0.2
25,1947-12-13,1955-08-13,4,3,1,0.028571
25,1947-12-13,1955-08-13,4,4,4,0.114286
25,1947-12-13,1955-08-13,4,5,8,0.228571
25,1947-12-13,1955-08-13,4,6,2,0.057143
25,1947-12-13,1955-08-13,4,7,3,0.085714
25,1947-12-13,1955-08-13,4,8,2,0.057143
25,1947-12-13,1955-08-13,4,9,5,0.142857
25,1947-12-13,1955-08-13,5,1,4,0.090909
25,1947-12-13,1955-08-13,5,2,9,0.204545
25,1947-12-13,1955-08-13,5,3,6,0.136364
25,1947-12-13,1955-08-13,5,4,5,0.113636
25,1947-12-13,1955-08-13,5,5,5,0.113636
25,1947-12-13,1955-08-13,5,6,6,0.136364
25,1947-12-13,1955-08-13,5,7,1,0.022727
25,1947-12-13,1955-08-13,5,8,6,0.136364
25,1947-12-13,1955-08-13,5,9,2,0.045455
25,1947-12-13,1955-08-13,6,1,4,0.105263
25,1947-12-13,1955-08-13,6,2,6,0.157895
25,1947-12-13,1955-08-13,6,3,0,0.0
25,1947-12-13,1955-08-13,6,4,2,0.052632
25,1947-12-13,1955-08-13,6,5,4,0.105263
25,1947-12-13,1955-08-13,6,6,5,0.131579
25,1947-12-13,1955-08-13,6,7,5,0.131579
25,1947-12-13,1955-08-13,6,8,6,0.157895
25,1947-12-13,1955-08-13,6,9,6,0.157895
25,1947-12-13,1955-08-13,7,1,9,0.160714
25,1947-12-13,1955-08-13,7,2,7,0.125
25,1947-12-13,1955-08-13,7,3,3,0.053571
25,1947-12-13,1955-08-13,7,4,2,0.035714
25,1947-12-13,1955-08-13,7,5,5,0.089286
25,1947-12-13,1955-08-13,7,6,7,0.125
25,1947-12-13,1955-08-13,7,7,13,0.232143
25,1947-12-13,1955-08-13,7,8,4,0.071429
25,1947-12-13,1955-08-13,7,9,6,0.107143
25,1947-12-13,1955-08-13,8,1,7,0.162791
25,1947-12-13,1955-08-13,8,2,4,0.093023
25,1947-12-13,1955-08-13,8,3,2,0.046512
25,1947-12-13,1955-08-13,8,4,6,0.139535
25,1947-12-13,1955-08-13,8,5,4,0.093023
25,1947-12-13,1955-08-13,8,6,3,0.069767
25,1947-12-13,1955-08-13,8,7,7,0.162791
25,1947-12-13,1955-08-13,8,8,6,0.139535
25,1947-12-13,1955-08-13,8,9,4,0.093023
25,1947-12-13,1955-08-13,9,1,6,0.12766
25,1947-12-13,1955-08-13,9,2,7,0.148936
25,1947-12-13,1955-08-13,9,3,8,0.170213
25,1947-12-13,1955-08-13,9,4,2,0.042553
25,1947-12-13,1955-08-13,9,5,7,0.148936
25,1947-12-13,1955-08-13,9,6,4,0.085106
25,1947-12-13,1955-08-13,9,7,6,0.12766
25,1947-12-13,1955-08-13,9,8,4,0.085106
25,1947-12-13,1955-08-13,9,9,3,0.06383
26,1949-11-12,1957-07-13,1,1,5,0.102041
26,1949-11-12,1957-07-13,1,2,4,0.081633
26,1949-11-12,1957-07-13,1,3,3,0.061224
26,1949-11-12,1957-07-13,1,4,3,0.061224
26,1949-11-12,1957-07-13,1,5,6,0.122449
26,1949-11-12,1957-07-13,1,6,6,0.122449
26,1949-11-12,1957-07-13,1,7,9,0.183673
26,1949-11-12,1957-07-13,1,8,4,0.081633
26,1949-11-12,1957-07-13,1,9,9,0.183673
26,1949-11-12,1957-07-13,2,1,5,0.092593
26,1949-11-12,1957-07-13,2,2,6,0.111111
26,1949-11-12,1957-07-13,2,3,6,0.111111
26,1949-11-12,1957-07-13,2,4,8,0.148148
26,1949-11-12,1957-07-13,2,5,5,0.092593
26,1949-11-12,1957-07-13,2,6,2,0.037037
26,1949-11-12,1957-07-13,2,7,8,0.148148
26,1949-11-12,1957-07-13,2,8,7,0.12963
26,1949-11-12,1957-07-13,2,9,7,0.12963
26,1949-11-12,1957-07-13,3,1,8,0.205128
26,1949-11-12,1957-07-13,3,2,3,0.076923
26,1949-11-12,1957-07-13,3,3,5,0.128205
26,1949-11-12,1957-07-13,3,4,3,0.076923
26,1949-11-12,1957-07-13,3,5,4,0.102564
26,1949-11-12,1957-07-13,3,6,3,0.076923
26,1949-11-12,1957-07-13,3,7,3,0.076923
26,1949-11-12,1957-07-13,3,8,6,0.153846
26,1949-11-12,1957-07-13,3,9,4,0.102564
26,1949-11-12,1957-07-13,4,1,3,0.078947
26,1949-11-12,1957-07-13,4,2,6,0.157895
26,1949-11-12,1957-07-13,4,3,4,0.105263
26,1949-11-12,1957-07-13,4,4,4,0.105263
26,1949-11-12,1957-07-13,4,5,7,0.184211
26,1949-11-12,1957-07-13,4,6,4,0.105263
26,1949-11-12,1957-07-13,4,7,4,0.105263
26,1949-11-12,1957-07-13,4,8,2,0.052632
26,1949-11-12,1957-07-13,4,9,4,0.105263
26,1949-11-12,1957-07-13,5,1,4,0.088889
26,1949-11-12,1957-07-13,5,2,9,0.2
26,1949-11-12,1957-07-13,5,3,7,0.155556
26,1949-11-12,1957-07-13,5,4,7,0.155556
26,1949-11-12,1957-07-13,5,5,3,0.066667
26,1949-11-12,1957-07-13,5,6,5,0.111111
26,1949-11-12,1957-07-13,5,7,2,0.044444
26,1949-11-12,1957-07-13,5,8,6,0.133333
26,1949-11-12,1957-07-13,5,9,2,0.044444
26,1949-11-12,1957-07-13,6,1,5,0.135135
26,1949-11-12,1957-07-13,6,2,6,0.162162
26,1949-11-12,1957-07-13,6,3,2,0.054054
26,1949-11-12,1957-07-13,6,4,2,0.054054
26,1949-11-12,1957-07-13,6,5,7,0.189189
26,1949-11-12,1957-07-13,6,6,4,0.108108
26,1949-11-12,1957-07-13,6,7,5,0.135135
26,1949-11-12,1957-07-13,6,8,5,0.135135
26,1949-11-12,1957-07-13,6,9,1,0.027027
26,1949-11-12,1957-07-13,7,1,6,0.122449
26,1949-11-12,1957-07-13,7,2,8,0.163265
26,1949-11-12,1957-07-13,7,3,2,0.040816
26,1949-11-12,1957-07-13,7,4,2,0.040816
26,1949-11-12,1957-07-13,7,5,3,0.061224
26,1949-11-12,1957-07-13,7,6,6,0.122449
26,1949-11-12,1957-07-13,7,7,8,0.163265
26,1949-11-12,1957-07-13,7,8,7,0.142857
26,1949-11-12,1957-07-13,7,9,7,0.142857
26,1949-11-12,1957-07-13,8,1,7,0.155556
26,1949-11-12,1957-07-13,8,2,7,0.155556
26,1949-11-12,1957-07-13,8,3,4,0.088889
26,1949-11-12,1957-07-13,8,4,5,0.111111
26,1949-11-12,1957-07-13,8,5,3,0.066667
26,1949-11-12,1957-07-13,8,6,4,0.088889
26,1949-11-12,1957-07-13,8,7,6,0.133333
26,1949-11-12,1957-07-13,8,8,5,0.111111
26,1949-11-12,1957-07-13,8,9,4,0.088889
26,1949-11-12,1957-07-13,9,1,6,0.136364
26,1949-11-12,1957-07-13,9,2,5,0.113636
26,1949-11-12,1957-07-13,9,3,6,0.136364
26,1949-11-12,1957-07-13,9,4,4,0.090909
26,1949-11-12,1957-07-13,9,5,7,0.159091
26,1949-11-12,1957-07-13,9,6,3,0.068182
26,1949-11-12,1957-07-13,9,7,5,0.113636
26,1949-11-12,1957-07-13,9,8,3,0.068182
26,1949-11-12,1957-07-13,9,9,5,0.113636
27,1951-10-13,1959-06-13,1,1,4,0.105263
27,1951-10-13,1959-06-13,1,2,1,0.026316
27,1951-10-13,1959-06-13,1,3,1,0.026316
27,1951-10-13,1959-06-13,1,4,3,0.078947
27,1951-10-13,1959-06-13,1,5,6,0.157895
27,1951-10-13,1959-06-13,1,6,4,0.105263
27,1951-10-13,1959-06-13,1,7,7,0.184211
27,1951-10-13,1959-06-13,1,8,5,0.131579
27,1951-10-13,1959-06-13,1,9,7,0.184211
27,1951-10-13,1959-06-13,2,1,4,0.078431
27,1951-10-13,1959-06-13,2,2,4,0.078431
27,1951-10-13,1959-06-13,2,3,7,0.137255
27,1951-10-13,1959-06-13,2,4,6,0.117647
27,1951-10-13,1959-06-13,2,5,5,0.098039
27,1951-10-13,1959-06-13,2,6,4,0.078431
27,1951-10-13,1959-06-13,2,7,8,0.156863
27,1951-10-13,1959-06-13,2,8,6,0.117647
27,1951-10-13,1959-06-13,2,9,7,0.137255
27,1951-10-13,1959-06-13,3,1,5,0.142857
27,1951-10-13,1959-06-13,3,2,2,0.057143
27,1951-10-13,1959-06-13,3,3,4,0.114286
27,1951-10-13,1959-06-13,3,4,3,0.085714
27,1951-10-13,1959-06-13,3,5,4,0.114286
27,1951-10-13,1959-06-13,3,6,5,0.142857
27,1951-10-13,1959-06-13,3,7,4,0.114286
27,1951-10-13,1959-06-13,3,8,4,0.114286
27,1951-10-13,1959-06-13,3,9,4,0.114286
27,1951-10-13,1959-06-13,4,1,2,0.051282
27,1951-10-13,1959-06-13,4,2,6,0.153846
27,1951-10-13,1959-06-13,4,3,5,0.128205
27,1951-10-13,1959-06-13,4,4,6,0.153846
27,1951-10-13,1959-06-13,4,5,4,0.102564
27,1951-10-13,1959-06-13,4,6,5,0.128205
27,1951-10-13,1959-06-13,4,7,4,0.102564
27,1951-10-13,1959-06-13,4,8,4,0.102564
27,1951-10-13,1959-06-13,4,9,3,0.076923
27,1951-10-13,1959-06-13,5,1,3,0.057692
27,1951-10-13,1959-06-13,5,2,9,0.173077
27,1951-10-13,1959-06-13,5,3,8,0.153846
27,1951-10-13,1959-06-13,5,4,4,0.076923
27,1951-10-13,1959-06-13,5,5,7,0.134615
27,1951-10-13,1959-06-13,5,6,6,0.115385
27,1951-10-13,1959-06-13,5,7,7,0.134615
27,1951-10-13,1959-06-13,5,8,5,0.096154
27,1951-10-13,1959-06-13,5,9,3,0.057692
27,1951-10-13,1959-06-13,6,1,5,0.104167
27,1951-10-13,1959-06-13,6,2,11,0.229167
27,1951-10-13,1959-06-13,6,3,2,0.041667
27,1951-10-13,1959-06-13,6,4,3,0.0625
27,1951-10-13,1959-06-13,6,5,11,0.229167
27,1951-10-13,1959-06-13,6,6,4,0.083333
27,1951-10-13,1959-06-13,6,7,4,0.083333
27,1951-10-13,1959-06-13,6,8,5,0.104167
27,1951-10-13,1959-06-13,6,9,3,0.0625
27,1951-10-13,1959-06-13,7,1,4,0.083333
27,1951-10-13,1959-06-13,7,2,7,0.145833
27,1951-10-13,1959-06-13,7,3,0,0.0
27,1951-10-13,1959-06-13,7,4,3,0.0625
27,1951-10-13,1959-06-13,7,5,4,0.083333
27,1951-10-13,1959-06-13,7,6,8,0.166667
27,1951-10-13,1959-06-13,7,7,5,0.104167
27,1951-10-13,1959-06-13,7,8,9,0.1875
27,1951-10-13,1959-06-13,7,9,8,0.166667
27,1951-10-13,1959-06-13,8,1,7,0.152174
27,1951-10-13,1959-06-13,8,2,6,0.130435
27,1951-10-13,1959-06-13,8,3,4,0.086957
27,1951-10-13,1959-06-13,8,4,6,0.130435
27,1951-10-13,1959-06-13,8,5,3,0.065217
27,1951-10-13,1959-06-13,8,6,6,0.130435
27,1951-10-13,1959-06-13,8,7,6,0.130435
27,1951-10-13,1959-06-13,8,8,4,0.086957
27,1951-10-13,1959-06-13,8,9,4,0.086957
27,1951-10-13,1959-06-13,9,1,4,0.093023
27,1951-10-13,1959-06-13,9,2,4,0.093023
27,1951-10-13,1959-06-13,9,3,5,0.116279
27,1951-10-13,1959-06-13,9,4,5,0.116279
27,1951-10-13,1959-06-13,9,5,8,0.186047
27,1951-10-13,1959-06-13,9,6,6,0.139535
27,1951-10-13,1959-06-13,9,7,3,0.069767
27,1951-10-13,1959-06-13,9,8,4,0.093023
27,1951-10-13,1959-06-13,9,9,4,0.093023
28,1953-09-12,1961-05-13,1,1,7,0.155556
28,1953-09-12,1961-05-13,1,2,2,0.044444
28,1953-09-12,1961-05-13,1,3,3,0.066667
28,1953-09-12,1961-05-13,1,4,3,0.066667
28,1953-09-12,1961-05-13,1,5,7,0.155556
28,1953-09-12,1961-05-13,1,6,3,0.066667
28,1953-09-12,1961-05-13,1,7,4,0.088889
28,1953-09-12,1961-05-13,1,8,10,0.222222
28,1953-09-12,1961-05-13,1,9,6,0.133333
28,1953-09-12,1961-05-13,2,1,4,0.088889
28,1953-09-12,1961-05-13,2,2,4,0.088889
28,1953-09-12,1961-05-13,2,3,8,0.177778
28,1953-09-12,1961-05-13,2,4,4,0.088889
28,1953-09-12,1961-05-13,2,5,4,0.088889
28,1953-09-12,1961-05-13,2,6,5,0.111111
28,1953-09-12,1961-05-13,2,7,5,0.111111
28,1953-09-12,1961-05-13,2,8,5,0.111111
28,1953-09-12,1961-05-13,2,9,6,0.133333
28,1953-09-12,1961-05-13,3,1,6,0.142857
28,1953-09-12,1961-05-13,3,2,3,0.071429
28,1953-09-12,1961-05-13,3,3,4,0.095238
28,1953-09-12,1961-05-13,3,4,6,0.142857
28,1953-09-12,1961-05-13,3,5,4,0.095238
28,1953-09-12,1961-05-13,3,6,5,0.119048
28,1953-09-12,1961-05-13,3,7,5,0.119048
28,1953-09-12,1961-05-13,3,8,5,0.119048
28,1953-09-12,1961-05-13,3,9,4,0.095238
28,1953-09-12,1961-05-13,4,1,2,0.046512
28,1953-09-12,1961-05-13,4,2,6,0.139535
28,1953-09-12,1961-05-13,4,3,6,0.139535
28,1953-09-12,1961-05-13,4,4,7,0.162791
28,1953-09-12,1961-05-13,4,5,5,0.116279
28,1953-09-12,1961-05-13,4,6,5,0.116279
28,1953-09-12,1961-05-13,4,7,5,0.116279
28,1953-09-12,1961-05-13,4,8,4,0.093023
28,1953-09-12,1961-05-13,4,9,3,0.069767
28,1953-09-12,1961-05-13,5,1,3,0.057692
28,1953-09-12,1961-05-13,5,2,6,0.115385
28,1953-09-12,1961-05-13,5,3,9,0.173077
28,1953-09-12,1961-05-13,5,4,5,0.096154
28,1953-09-12,1961-05-13,5,5,6,0.115385
28,1953-09-12,1961-05-13,5,6,7,0.134615
28,1953-09-12,1961-05-13,5,7,8,0.153846
28,1953-09-12,1961-05-13,5,8,5,0.096154
28,1953-09-12,1961-05-13,5,9,3,0.057692
28,1953-09-12,1961-05-13,6,1,6,0.12766
28,1953-09-12,1961-05-13,6,2,7,0.148936
28,1953-09-12,1961-05-13,6,3,3,0.06383
28,1953-09-12,1961-05-13,6,4,4,0.085106
28,1953-09-12,1961-05-13,6,5,10,0.212766
28,1953-09-12,1961-05-13,6,6,5,0.106383
28,1953-09-12,1961-05-13,6,7,4,0.085106
28,1953-09-12,1961-05-13,6,8,3,0.06383
28,1953-09-12,1961-05-13,6,9,5,0.106383
28,1953-09-12,1961-05-13,7,1,3,0.075
28,1953-09-12,1961-05-13,7,2,9,0.225
28,1953-09-12,1961-05-13,7,3,0,0.0
28,1953-09-12,1961-05-13,7,4,3,0.075
28,1953-09-12,1961-05-13,7,5,5,0.125
28,1953-09-12,1961-05-13,7,6,6,0.15
28,1953-09-12,1961-05-13,7,7,3,0.075
28,1953-09-12,1961-05-13,7,8,7,0.175
28,1953-09-12,1961-05-13,7,9,4,0.1
28,1953-09-12,1961-05-13,8,1,9,0.195652
28,1953-09-12,1961-05-13,8,2,5,0.108696
28,1953-09-12,1961-05-13,8,3,3,0.065217
28,1953-09-12,1961-05-13,8,4,6,0.130435
28,1953-09-12,1961-05-13,8,5,5,0.108696
28,1953-09-12,1961-05-13,8,6,6,0.130435
28,1953-09-12,1961-05-13,8,7,3,0.065217
28,1953-09-12,1961-05-13,8,8,3,0.065217
28,1953-09-12,1961-05-13,8,9,6,0.130435
28,1953-09-12,1961-05-13,9,1,5,0.125
28,1953-09-12,1961-05-13,9,2,3,0.075
28,1953-09-12,1961-05-13,9,3,6,0.15
28,1953-09-12,1961-05-13,9,4,5,0.125
28,1953-09-12,1961-05-13,9,5,6,0.15
28,1953-09-12,1961-05-13,9,6,5,0.125
28,1953-09-12,1961-05-13,9,7,3,0.075
28,1953-09-12,1961-05-13,9,8,4,0.1
28,1953-09-12,1961-05-13,9,9,3,0.075
29,1955-08-13,1963-04-20,1,1,6,0.142857
29,1955-08-13,1963-04-20,1,2,3,0.071429
29,1955-08-13,1963-04-20,1,3,4,0.095238
29,1955-08-13,1963-04-20,1,4,2,0.047619
29,1955-08-13,1963-04-20,1,5,7,0.166667
29,1955-08-13,1963-04-20,1,6,3,0.071429
29,1955-08-13,1963-04-20,1,7,3,0.071429
29,1955-08-13,1963-04-20,1,8,8,0.190476
29,1955-08-13,1963-04-20,1,9,6,0.142857
29,1955-08-13,1963-04-20,2,1,4,0.086957
29,1955-08-13,1963-04-20,2,2,5,0.108696
29,1955-08-13,1963-04-20,2,3,7,0.152174
29,1955-08-13,1963-04-20,2,4,3,0.065217
29,1955-08-13,1963-04-20,2,5,6,0.130435
29,1955-08-13,1963-04-20,2,6,6,0.130435
29,1955-08-13,1963-04-20,2,7,5,0.108696
29,1955-08-13,1963-04-20,2,8,6,0.130435
29,1955-08-13,1963-04-20,2,9,4,0.086957
29,1955-08-13,1963-04-20,3,1,5,0.116279
29,1955-08-13,1963-04-20,3,2,4,0.093023
29,1955-08-13,1963-04-20,3,3,4,0.093023
29,1955-08-13,1963-04-20,3,4,9,0.209302
29,1955-08-13,1963-04-20,3,5,4,0.093023
29,1955-08-13,1963-04-20,3,6,5,0.116279
29,1955-08-13,1963-04-20,3,7,5,0.116279
29,1955-08-13,1963-04-20,3,8,5,0.116279
29,1955-08-13,1963-04-20,3,9,2,0.046512
29,1955-08-13,1963-04-20,4,1,4,0.097561
29,1955-08-13,1963-04-20,4,2,4,0.097561
29,1955-08-13,1963-04-20,4,3,5,0.121951
29,1955-08-13,1963-04-20,4,4,7,0.170732
29,1955-08-13,1963-04-20,4,5,3,0.073171
29,1955-08-13,1963-04-20,4,6,7,0.170732
29,1955-08-13,1963-04-20,4,7,6,0.146341
29,1955-08-13,1963-04-20,4,8,2,0.04878
29,1955-08-13,1963-04-20,4,9,3,0.073171
29,1955-08-13,1963-04-20,5,1,2,0.04
29,1955-08-13,1963-04-20,5,2,9,0.18
29,1955-08-13,1963-04-20,5,3,9,0.18
29,1955-08-13,1963-04-20,5,4,3,0.06
29,1955-08-13,1963-04-20,5,5,5,0.1
29,1955-08-13,1963-04-20,5,6,5,0.1
29,1955-08-13,1963-04-20,5,7,8,0.16
29,1955-08-13,1963-04-20,5,8,5,0.1
29,1955-08-13,1963-04-20,5,9,4,0.08
29,1955-08-13,1963-04-20,6,1,5,0.098039
29,1955-08-13,1963-04-20,6,2,6,0.117647
29,1955-08-13,1963-04-20,6,3,5,0.098039
29,1955-08-13,1963-04-20,6,4,4,0.078431
29,1955-08-13,1963-04-20,6,5,11,0.215686
29,1955-08-13,1963-04-20,6,6,5,0.098039
29,1955-08-13,1963-04-20,6,7,4,0.078431
29,1955-08-13,1963-04-20,6,8,5,0.098039
29,1955-08-13,1963-04-20,6,9,6,0.117647
29,1955-08-13,1963-04-20,7,1,3,0.078947
29,1955-08-13,1963-04-20,7,2,8,0.210526
29,1955-08-13,1963-04-20,7,3,1,0.026316
29,1955-08-13,1963-04-20,7,4,3,0.078947
29,1955-08-13,1963-04-20,7,5,5,0.131579
29,1955-08-13,1963-04-20,7,6,4,0.105263
29,1955-08-13,1963-04-20,7,7,3,0.078947
29,1955-08-13,1963-04-20,7,8,7,0.184211
29,1955-08-13,1963-04-20,7,9,4,0.105263
29,1955-08-13,1963-04-20,8,1,8,0.170213
29,1955-08-13,1963-04-20,8,2,5,0.106383
29,1955-08-13,1963-04-20,8,3,3,0.06383
29,1955-08-13,1963-04-20,8,4,5,0.106383
29,1955-08-13,1963-04-20,8,5,6,0.12766
29,1955-08-13,1963-04-20,8,6,9,0.191489
29,1955-08-13,1963-04-20,8,7,0,0.0
29,1955-08-13,1963-04-20,8,8,4,0.085106
29,1955-08-13,1963-04-20,8,9,7,0.148936
29,1955-08-13,1963-04-20,9,1,5,0.119048
29,1955-08-13,1963-04-20,9,2,2,0.047619
29,1955-08-13,1963-04-20,9,3,4,0.095238
29,1955-08-13,1963-04-20,9,4,5,0.119048
29,1955-08-13,1963-04-20,9,5,4,0.095238
29,1955-08-13,1963-04-20,9,6,7,0.166667
29,1955-08-13,1963-04-20,9,7,4,0.095238
29,1955-08-13,1963-04-20,9,8,5,0.119048
29,1955-08-13,1963-04-20,9,9,6,0.142857
30,1957-07-13,1965-03-20,1,1,4,0.1
30,1957-07-13,1965-03-20,1,2,4,0.1
30,1957-07-13,1965-03-20,1,3,6,0.15
30,1957-07-13,1965-03-20,1,4,2,0.05
30,1957-07-13,1965-03-20,1,5,6,0.15
30,1957-07-13,1965-03-20,1,6,1,0.025
30,1957-07-13,1965-03-20,1,7,3,0.075
30,1957-07-13,1965-03-20,1,8,9,0.225
30,1957-07-13,1965-03-20,1,9,5,0.125
30,1957-07-13,1965-03-20,2,1,2,0.046512
30,1957-07-13,1965-03-20,2,2,5,0.116279
30,1957-07-13,1965-03-20,2,3,8,0.186047
30,1957-07-13,1965-03-20,2,4,2,0.046512
30,1957-07-13,1965-03-20,2,5,8,0.186047
30,1957-07-13,1965-03-20,2,6,6,0.139535
30,1957-07-13,1965-03-20,2,7,6,0.139535
30,1957-07-13,1965-03-20,2,8,3,0.069767
30,1957-07-13,1965-03-20,2,9,3,0.069767
30,1957-07-13,1965-03-20,3,1,5,0.128205
30,1957-07-13,1965-03-20,3,2,5,0.128205
30,1957-07-13,1965-03-20,3,3,2,0.051282
30,1957-07-13,1965-03-20,3,4,8,0.205128
30,1957-07-13,1965-03-20,3,5,4,0.102564
30,1957-07-13,1965-03-20,3,6,5,0.128205
30,1957-07-13,1965-03-20,3,7,5,0.128205
30,1957-07-13,1965-03-20,3,8,4,0.102564
30,1957-07-13,1965-03-20,3,9,1,0.025641
30,1957-07-13,1965-03-20,4,1,4,0.102564
30,1957-07-13,1965-03-20,4,2,4,0.102564
30,1957-07-13,1965-03-20,4,3,3,0.076923
30,1957-07-13,1965-03-20,4,4,6,0.153846
30,1957-07-13,1965-03-20,4,5,4,0.102564
30,1957-07-13,1965-03-20,4,6,8,0.205128
30,1957-07-13,1965-03-20,4,7,4,0.102564
30,1957-07-13,1965-03-20,4,8,2,0.051282
30,1957-07-13,1965-03-20,4,9,4,0.102564
30,1957-07-13,1965-03-20,5,1,3,0.053571
30,1957-07-13,1965-03-20,5,2,7,0.125
30,1957-07-13,1965-03-20,5,3,8,0.142857
30,1957-07-13,1965-03-20,5,4,2,0.035714
30,1957-07-13,1965-03-20,5,5,6,0.107143
30,1957-07-13,1965-03-20,5,6,6,0.107143
30,1957-07-13,1965-03-20,5,7,8,0.142857
30,1957-07-13,1965-03-20,5,8,10,0.178571
30,1957-07-13,1965-03-20,5,9,6,0.107143
30,1957-07-13,1965-03-20,6,1,5,0.098039
30,1957-07-13,1965-03-20,6,2,6,0.117647
30,1957-07-13,1965-03-20,6,3,5,0.098039
30,1957-07-13,1965-03-20,6,4,5,0.098039
30,1957-07-13,1965-03-20,6,5,9,0.176471
30,1957-07-13,1965-03-20,6,6,5,0.098039
30,1957-07-13,1965-03-20,6,7,5,0.098039
30,1957-07-13,1965-03-20,6,8,4,0.078431
30,1957-07-13,1965-03-20,6,9,7,0.137255
30,1957-07-13,1965-03-20,7,1,5,0.119048
30,1957-07-13,1965-03-20,7,2,6,0.142857
30,1957-07-13,1965-03-20,7,3,2,0.047619
30,1957-07-13,1965-03-20,7,4,4,0.095238
30,1957-07-13,1965-03-20,7,5,6,0.142857
30,1957-07-13,1965-03-20,7,6,5,0.119048
30,1957-07-13,1965-03-20,7,7,3,0.071429
30,1957-07-13,1965-03-20,7,8,5,0.119048
30,1957-07-13,1965-03-20,7,9,6,0.142857
30,1957-07-13,1965-03-20,8,1,6,0.122449
30,1957-07-13,1965-03-20,8,2,4,0.081633
30,1957-07-13,1965-03-20,8,3,1,0.020408
30,1957-07-13,1965-03-20,8,4,5,0.102041
30,1957-07-13,1965-03-20,8,5,9,0.183673
30,1957-07-13,1965-03-20,8,6,9,0.183673
30,1957-07-13,1965-03-20,8,7,1,0.020408
30,1957-07-13,1965-03-20,8,8,8,0.163265
30,1957-07-13,1965-03-20,8,9,6,0.122449
30,1957-07-13,1965-03-20,9,1,6,0.146341
30,1957-07-13,1965-03-20,9,2,2,0.04878
30,1957-07-13,1965-03-20,9,3,4,0.097561
30,1957-07-13,1965-03-20,9,4,6,0.146341
30,1957-07-13,1965-03-20,9,5,4,0.097561
30,1957-07-13,1965-03-20,9,6,6,0.146341
30,1957-07-13,1965-03-20,9,7,6,0.146341
30,1957-07-13,1965-03-20,9,8,4,0.097561
30,1957-07-13,1965-03-20,9,9,3,0.073171
31,1959-06-13,1967-02-18,1,1,3,0.075
31,1959-06-13,1967-02-18,1,2,6,0.15
31,1959-06-13,1967-02-18,1,3,6,0.15
31,1959-06-13,1967-02-18,1,4,2,0.05
31,1959-06-13,1967-02-18,1,5,5,0.125
31,1959-06-13,1967-02-18,1,6,2,0.05
31,1959-06-13,1967-02-18,1,7,3,0.075
31,1959-06-13,1967-02-18,1,8,8,0.2
31,1959-06-13,1967-02-18,1,9,5,0.125
31,1959-06-13,1967-02-18,2,1,3,0.06
31,1959-06-13,1967-02-18,2,2,8,0.16
31,1959-06-13,1967-02-18,2,3,7,0.14
31,1959-06-13,1967-02-18,2,4,5,0.1
31,1959-06-13,1967-02-18,2,5,9,0.18
31,1959-06-13,1967-02-18,2,6,5,0.1
31,1959-06-13,1967-02-18,2,7,5,0.1
31,1959-06-13,1967-02-18,2,8,5,0.1
31,1959-06-13,1967-02-18,2,9,3,0.06
31,1959-06-13,1967-02-18,3,1,7,0.159091
31,1959-06-13,1967-02-18,3,2,9,0.204545
31,1959-06-13,1967-02-18,3,3,3,0.068182
31,1959-06-13,1967-02-18,3,4,8,0.181818
31,1959-06-13,1967-02-18,3,5,3,0.068182
31,1959-06-13,1967-02-18,3,6,3,0.068182
31,1959-06-13,1967-02-18,3,7,3,0.068182
31,1959-06-13,1967-02-18,3,8,7,0.159091
31,1959-06-13,1967-02-18,3,9,1,0.022727
31,1959-06-13,1967-02-18,4,1,4,0.102564
31,1959-06-13,1967-02-18,4,2,3,0.076923
31,1959-06-13,1967-02-18,4,3,4,0.102564
31,1959-06-13,1967-02-18,4,4,4,0.102564
31,1959-06-13,1967-02-18,4,5,6,0.153846
31,1959-06-13,1967-02-18,4,6,7,0.179487
31,1959-06-13,1967-02-18,4,7,5,0.128205
31,1959-06-13,1967-02-18,4,8,0,0.0
31,1959-06-13,1967-02-18,4,9,6,0.153846
31,1959-06-13,1967-02-18,5,1,4,0.068966
31,1959-06-13,1967-02-18,5,2,8,0.137931
31,1959-06-13,1967-02-18,5,3,9,0.155172
31,1959-06-13,1967-02-18,5,4,4,0.068966
31,1959-06-13,1967-02-18,5,5,6,0.103448
31,1959-06-13,1967-02-18,5,6,7,0.12069
31,1959-06-13,1967-02-18,5,7,4,0.068966
31,1959-06-13,1967-02-18,5,8,10,0.172414
31,1959-06-13,1967-02-18,5,9,6,0.103448
31,1959-06-13,1967-02-18,6,1,5,0.121951
31,1959-06-13,1967-02-18,6,2,2,0.04878
31,1959-06-13,1967-02-18,6,3,6,0.146341
31,1959-06-13,1967-02-18,6,4,3,0.073171
31,1959-06-13,1967-02-18,6,5,7,0.170732
31,1959-06-13,1967-02-18,6,6,4,0.097561
31,1959-06-13,1967-02-18,6,7,4,0.097561
31,1959-06-13,1967-02-18,6,8,3,0.073171
31,1959-06-13,1967-02-18,6,9,7,0.170732
31,1959-06-13,1967-02-18,7,1,4,0.114286
31,1959-06-13,1967-02-18,7,2,5,0.142857
31,1959-06-13,1967-02-18,7,3,2,0.057143
31,1959-06-13,1967-02-18,7,4,2,0.057143
31,1959-06-13,1967-02-18,7,5,8,0.228571
31,1959-06-13,1967-02-18,7,6,3,0.085714
31,1959-06-13,1967-02-18,7,7,2,0.057143
31,1959-06-13,1967-02-18,7,8,3,0.085714
31,1959-06-13,1967-02-18,7,9,6,0.171429
31,1959-06-13,1967-02-18,8,1,5,0.102041
31,1959-06-13,1967-02-18,8,2,5,0.102041
31,1959-06-13,1967-02-18,8,3,1,0.020408
31,1959-06-13,1967-02-18,8,4,5,0.102041
31,1959-06-13,1967-02-18,8,5,10,0.204082
31,1959-06-13,1967-02-18,8,6,7,0.142857
31,1959-06-13,1967-02-18,8,7,1,0.020408
31,1959-06-13,1967-02-18,8,8,9,0.183673
31,1959-06-13,1967-02-18,8,9,6,0.122449
31,1959-06-13,1967-02-18,9,1,5,0.113636
31,1959-06-13,1967-02-18,9,2,4,0.090909
31,1959-06-13,1967-02-18,9,3,5,0.113636
31,1959-06-13,1967-02-18,9,4,6,0.136364
31,1959-06-13,1967-02-18,9,5,4,0.090909
31,1959-06-13,1967-02-18,9,6,3,0.068182
31,1959-06-13,1967-02-18,9,7,8,0.181818
31,1959-06-13,1967-02-18,9,8,4,0.090909
31,1959-06-13,1967-02-18,9,9,5,0.113636
32,1961-05-13,1969-01-18,1,1,0,0.0
32,1961-05-13,1969-01-18,1,2,5,0.166667
32,1961-05-13,1969-01-18,1,3,4,0.133333
32,1961-05-13,1969-01-18,1,4,4,0.133333
32,1961-05-13,1969-01-18,1,5,4,0.133333
32,1961-05-13,1969-01-18,1,6,1,0.033333
32,1961-05-13,1969-01-18,1,7,4,0.133333
32,1961-05-13,1969-01-18,1,8,3,0.1
32,1961-05-13,1969-01-18,1,9,5,0.166667
32,1961-05-13,1969-01-18,2,1,2,0.037037
32,1961-05-13,1969-01-18,2,2,8,0.148148
32,1961-05-13,1969-01-18,2,3,7,0.12963
32,1961-05-13,1969-01-18,2,4,6,0.111111
32,1961-05-13,1969-01-18,2,5,9,0.166667
32,1961-05-13,1969-01-18,2,6,6,0.111111
32,1961-05-13,1969-01-18,2,7,5,0.092593
32,1961-05-13,1969-01-18,2,8,6,0.111111
32,1961-05-13,1969-01-18,2,9,5,0.092593
32,1961-05-13,1969-01-18,3,1,5,0.121951
32,1961-05-13,1969-01-18,3,2,9,0.219512
32,1961-05-13,1969-01-18,3,3,3,0.073171
32,1961-05-13,1969-01-18,3,4,6,0.146341
32,1961-05-13,1969-01-18,3,5,4,0.097561
32,1961-05-13,1969-01-18,3,6,1,0.02439
32,1961-05-13,1969-01-18,3,7,4,0.097561
32,1961-05-13,1969-01-18,3,8,6,0.146341
32,1961-05-13,1969-01-18,3,9,3,0.073171
32,1961-05-13,1969-01-18,4,1,5,0.125
32,1961-05-13,1969-01-18,4,2,5,0.125
32,1961-05-13,1969-01-18,4,3,4,0.1
32,1961-05-13,1969-01-18,4,4,2,0.05
32,1961-05-13,1969-01-18,4,5,5,0.125
32,1961-05-13,1969-01-18,4,6,8,0.2
32,1961-05-13,1969-01-18,4,7,5,0.125
32,1961-05-13,1969-01-18,4,8,0,0.0
32,1961-05-13,1969-01-18,4,9,6,0.15
32,1961-05-13,1969-01-18,5,1,5,0.089286
32,1961-05-13,1969-01-18,5,2,7,0.125
32,1961-05-13,1969-01-18,5,3,6,0.107143
32,1961-05-13,1969-01-18,5,4,3,0.053571
32,1961-05-13,1969-01-18,5,5,7,0.125
32,1961-05-13,1969-01-18,5,6,6,0.107143
32,1961-05-13,1969-01-18,5,7,4,0.071429
32,1961-05-13,1969-01-18,5,8,10,0.178571
32,1961-05-13,1969-01-18,5,9,8,0.142857
32,1961-05-13,1969-01-18,6,1,3,0.073171
32,1961-05-13,1969-01-18,6,2,4,0.097561
32,1961-05-13,1969-01-18,6,3,5,0.121951
32,1961-05-13,1969-01-18,6,4,2,0.04878
32,1961-05-13,1969-01-18,6,5,8,0.195122
32,1961-05-13,1969-01-18,6,6,4,0.097561
32,1961-05-13,1969-01-18,6,7,5,0.121951
32,1961-05-13,1969-01-18,6,8,6,0.146341
32,1961-05-13,1969-01-18,6,9,4,0.097561
32,1961-05-13,1969-01-18,7,1,4,0.095238
32,1961-05-13,1969-01-18,7,2,6,0.142857
32,1961-05-13,1969-01-18,7,3,7,0.166667
32,1961-05-13,1969-01-18,7,4,3,0.071429
32,1961-05-13,1969-01-18,7,5,7,0.166667
32,1961-05-13,1969-01-18,7,6,3,0.071429
32,1961-05-13,1969-01-18,7,7,2,0.047619
32,1961-05-13,1969-01-18,7,8,4,0.095238
32,1961-05-13,1969-01-18,7,9,6,0.142857
32,1961-05-13,1969-01-18,8,1,3,0.061224
32,1961-05-13,1969-01-18,8,2,5,0.102041
32,1961-05-13,1969-01-18,8,3,1,0.020408
32,1961-05-13,1969-01-18,8,4,8,0.163265
32,1961-05-13,1969-01-18,8,5,8,0.163265
32,1961-05-13,1969-01-18,8,6,8,0.163265
32,1961-05-13,1969-01-18,8,7,2,0.040816
32,1961-05-13,1969-01-18,8,8,9,0.183673
32,1961-05-13,1969-01-18,8,9,5,0.102041
32,1961-05-13,1969-01-18,9,1,3,0.06383
32,1961-05-13,1969-01-18,9,2,5,0.106383
32,1961-05-13,1969-01-18,9,3,4,0.085106
32,1961-05-13,1969-01-18,9,4,6,0.12766
32,1961-05-13,1969-01-18,9,5,5,0.106383
32,1961-05-13,1969-01-18,9,6,4,0.085106
32,1961-05-13,1969-01-18,9,7,10,0.212766
32,1961-05-13,1969-01-18,9,8,5,0.106383
32,1961-05-13,1969-01-18,9,9,5,0.106383
33,1963-04-20,1970-12-19,1,1,0,0.0
33,1963-04-20,1970-12-19,1,2,5,0.15625
33,1963-04-20,1970-12-19,1,3,3,0.09375
33,1963-04-20,1970-12-19,1,4,5,0.15625
33,1963-04-20,1970-12-19,1,5,2,0.0625
33,1963-04-20,1970-12-19,1,6,2,0.0625
33,1963-04-20,1970-12-19,1,7,6,0.1875
33,1963-04-20,1970-12-19,1,8,4,0.125
33,1963-04-20,1970-12-19,1,9,5,0.15625
33,1963-04-20,1970-12-19,2,1,3,0.058824
33,1963-04-20,1970-12-19,2,2,6,0.117647
33,1963-04-20,1970-12-19,2,3,8,0.156863
33,1963-04-20,1970-12-19,2,4,5,0.098039
33,1963-04-20,1970-12-19,2,5,7,0.137255
33,1963-04-20,1970-12-19,2,6,6,0.117647
33,1963-04-20,1970-12-19,2,7,3,0.058824
33,1963-04-20,1970-12-19,2,8,5,0.098039
33,1963-04-20,1970-12-19,2,9,8,0.156863
33,1963-04-20,1970-12-19,3,1,6,0.130435
33,1963-04-20,1970-12-19,3,2,8,0.173913
33,1963-04-20,1970-12-19,3,3,5,0.108696
33,1963-04-20,1970-12-19,3,4,4,0.086957
33,1963-04-20,1970-12-19,3,5,6,0.130435
33,1963-04-20,1970-12-19,3,6,1,0.021739
33,1963-04-20,1970-12-19,3,7,6,0.130435
33,1963-04-20,1970-12-19,3,8,7,0.152174
33,1963-04-20,1970-12-19,3,9,3,0.065217
33,1963-04-20,1970-12-19,4,1,3,0.083333
33,1963-04-20,1970-12-19,4,2,5,0.138889
33,1963-04-20,1970-12-19,4,3,4,0.111111
33,1963-04-20,1970-12-19,4,4,0,0.0
33,1963-04-20,1970-12-19,4,5,9,0.25
33,1963-04-20,1970-12-19,4,6,5,0.138889
33,1963-04-20,1970-12-19,4,7,3,0.083333
33,1963-04-20,1970-12-19,4,8,0,0.0
33,1963-04-20,1970-12-19,4,9,7,0.194444
33,1963-04-20,1970-12-19,5,1,7,0.12069
33,1963-04-20,1970-12-19,5,2,5,0.086207
33,1963-04-20,1970-12-19,5,3,7,0.12069
33,1963-04-20,1970-12-19,5,4,4,0.068966
33,1963-04-20,1970-12-19,5,5,7,0.12069
33,1963-04-20,1970-12-19,5,6,7,0.12069
33,1963-04-20,1970-12-19,5,7,5,0.086207
33,1963-04-20,1970-12-19,5,8,10,0.172414
33,1963-04-20,1970-12-19,5,9,6,0.103448
33,1963-04-20,1970-12-19,6,1,3,0.075
33,1963-04-20,1970-12-19,6,2,4,0.1
33,1963-04-20,1970-12-19,6,3,5,0.125
33,1963-04-20,1970-12-19,6,4,1,0.025
33,1963-04-20,1970-12-19,6,5,7,0.175
33,1963-04-20,1970-12-19,6,6,5,0.125
33,1963-04-20,1970-12-19,6,7,6,0.15
33,1963-04-20,1970-12-19,6,8,4,0.1
33,1963-04-20,1970-12-19,6,9,5,0.125
33,1963-04-20,1970-12-19,7,1,4,0.090909
33,1963-04-20,1970-12-19,7,2,6,0.136364
33,1963-04-20,1970-12-19,7,3,7,0.159091
33,1963-04-20,1970-12-19,7,4,5,0.113636
33,1963-04-20,1970-12-19,7,5,7,0.159091
33,1963-04-20,1970-12-19,7,6,4,0.090909
33,1963-04-20,1970-12-19,7,7,2,0.045455
33,1963-04-20,1970-12-19,7,8,3,0.068182
33,1963-04-20,1970-12-19,7,9,6,0.136364
33,1963-04-20,1970-12-19,8,1,5,0.111111
33,1963-04-20,1970-12-19,8,2,7,0.155556
33,1963-04-20,1970-12-19,8,3,1,0.022222
33,1963-04-20,1970-12-19,8,4,5,0.111111
33,1963-04-20,1970-12-19,8,5,6,0.133333
33,1963-04-20,1970-12-19,8,6,6,0.133333
33,1963-04-20,1970-12-19,8,7,4,0.088889
33,1963-04-20,1970-12-19,8,8,7,0.155556
33,1963-04-20,1970-12-19,8,9,4,0.088889
33,1963-04-20,1970-12-19,9,1,1,0.020833
33,1963-04-20,1970-12-19,9,2,6,0.125
33,1963-04-20,1970-12-19,9,3,6,0.125
33,1963-04-20,1970-12-19,9,4,7,0.145833
33,1963-04-20,1970-12-19,9,5,6,0.125
33,1963-04-20,1970-12-19,9,6,4,0.083333
33,1963-04-20,1970-12-19,9,7,9,0.1875
33,1963-04-20,1970-12-19,9,8,5,0.104167
33,1963-04-20,1970-12-19,9,9,4,0.083333
34,1965-03-20,1972-11-18,1,1,0,0.0
34,1965-03-20,1972-11-18,1,2,5,0.15625
34,1965-03-20,1972-11-18,1,3,1,0.03125
34,1965-03-20,1972-11-18,1,4,5,0.15625
34,1965-03-20,1972-11-18,1,5,2,0.0625
34,1965-03-20,1972-11-18,1,6,4,0.125
34,1965-03-20,1972-11-18,1,7,7,0.21875
34,1965-03-20,1972-11-18,1,8,2,0.0625
34,1965-03-20,1972-11-18,1,9,6,0.1875
34,1965-03-20,1972-11-18,2,1,2,0.037037
34,1965-03-20,1972-11-18,2,2,4,0.074074
34,1965-03-20,1972-11-18,2,3,8,0.148148
34,1965-03-20,1972-11-18,2,4,5,0.092593
34,1965-03-20,1972-11-18,2,5,7,0.12963
34,1965-03-20,1972-11-18,2,6,8,0.148148
34,1965-03-20,1972-11-18,2,7,5,0.092593
34,1965-03-20,1972-11-18,2,8,7,0.12963
34,1965-03-20,1972-11-18,2,9,8,0.148148
34,1965-03-20,1972-11-18,3,1,4,0.078431
34,1965-03-20,1972-11-18,3,2,10,0.196078
34,1965-03-20,1972-11-18,3,3,6,0.117647
34,1965-03-20,1972-11-18,3,4,4,0.078431
34,1965-03-20,1972-11-18,3,5,4,0.078431
34,1965-03-20,1972-11-18,3,6,2,0.039216
34,1965-03-20,1972-11-18,3,7,7,0.137255
34,1965-03-20,1972-11-18,3,8,11,0.215686
34,1965-03-20,1972-11-18,3,9,3,0.058824
34,1965-03-20,1972-11-18,4,1,6,0.153846
34,1965-03-20,1972-11-18,4,2,6,0.153846
34,1965-03-20,1972-11-18,4,3,6,0.153846
34,1965-03-20,1972-11-18,4,4,0,0.0
34,1965-03-20,1972-11-18,4,5,8,0.205128
34,1965-03-20,1972-11-18,4,6,3,0.076923
34,1965-03-20,1972-11-18,4,7,4,0.102564
34,1965-03-20,1972-11-18,4,8,0,0.0
34,1965-03-20,1972-11-18,4,9,6,0.153846
34,1965-03-20,1972-11-18,5,1,6,0.115385
34,1965-03-20,1972-11-18,5,2,6,0.115385
34,1965-03-20,1972-11-18,5,3,6,0.115385
34,1965-03-20,1972-11-18,5,4,5,0.096154
34,1965-03-20,1972-11-18,5,5,7,0.134615
34,1965-03-20,1972-11-18,5,6,5,0.096154
34,1965-03-20,1972-11-18,5,7,6,0.115385
34,1965-03-20,1972-11-18,5,8,5,0.096154
34,1965-03-20,1972-11-18,5,9,6,0.115385
34,1965-03-20,1972-11-18,6,1,2,0.052632
34,1965-03-20,1972-11-18,6,2,5,0.131579
34,1965-03-20,1972-11-18,6,3,6,0.157895
34,1965-03-20,1972-11-18,6,4,1,0.026316
34,1965-03-20,1972-11-18,6,5,6,0.157895
34,1965-03-20,1972-11-18,6,6,5,0.131579
34,1965-03-20,1972-11-18,6,7,4,0.105263
34,1965-03-20,1972-11-18,6,8,5,0.131579
34,1965-03-20,1972-11-18,6,9,4,0.105263
34,1965-03-20,1972-11-18,7,1,4,0.085106
34,1965-03-20,1972-11-18,7,2,7,0.148936
34,1965-03-20,1972-11-18,7,3,8,0.170213
34,1965-03-20,1972-11-18,7,4,6,0.12766
34,1965-03-20,1972-11-18,7,5,7,0.148936
34,1965-03-20,1972-11-18,7,6,4,0.085106
34,1965-03-20,1972-11-18,7,7,4,0.085106
34,1965-03-20,1972-11-18,7,8,2,0.042553
34,1965-03-20,1972-11-18,7,9,5,0.106383
34,1965-03-20,1972-11-18,8,1,8,0.2
34,1965-03-20,1972-11-18,8,2,5,0.125
34,1965-03-20,1972-11-18,8,3,4,0.1
34,1965-03-20,1972-11-18,8,4,4,0.1
34,1965-03-20,1972-11-18,8,5,5,0.125
34,1965-03-20,1972-11-18,8,6,3,0.075
34,1965-03-20,1972-11-18,8,7,4,0.1
34,1965-03-20,1972-11-18,8,8,3,0.075
34,1965-03-20,1972-11-18,8,9,4,0.1
34,1965-03-20,1972-11-18,9,1,1,0.021277
34,1965-03-20,1972-11-18,9,2,6,0.12766
34,1965-03-20,1972-11-18,9,3,6,0.12766
34,1965-03-20,1972-11-18,9,4,8,0.170213
34,1965-03-20,1972-11-18,9,5,6,0.12766
34,1965-03-20,1972-11-18,9,6,4,0.085106
34,1965-03-20,1972-11-18,9,7,6,0.12766
34,1965-03-20,1972-11-18,9,8,5,0.106383
34,1965-03-20,1972-11-18,9,9,5,0.106383
35,1967-02-18,1974-10-19,1,1,0,0.0
35,1967-02-18,1974-10-19,1,2,4,0.114286
35,1967-02-18,1974-10-19,1,3,1,0.028571
35,1967-02-18,1974-10-19,1,4,4,0.114286
35,1967-02-18,1974-10-19,1,5,3,0.085714
35,1967-02-18,1974-10-19,1,6,5,0.142857
35,1967-02-18,1974-10-19,1,7,7,0.2
35,1967-02-18,1974-10-19,1,8,4,0.114286
35,1967-02-18,1974-10-19,1,9,7,0.2
35,1967-02-18,1974-10-19,2,1,1,0.021277
35,1967-02-18,1974-10-19,2,2,2,0.042553
35,1967-02-18,1974-10-19,2,3,8,0.170213
35,1967-02-18,1974-10-19,2,4,3,0.06383
35,1967-02-18,1974-10-19,2,5,5,0.106383
35,1967-02-18,1974-10-19,2,6,10,0.212766
35,1967-02-18,1974-10-19,2,7,5,0.106383
35,1967-02-18,1974-10-19,2,8,7,0.148936
35,1967-02-18,1974-10-19,2,9,6,0.12766
35,1967-02-18,1974-10-19,3,1,2,0.037037
35,1967-02-18,1974-10-19,3,2,8,0.148148
35,1967-02-18,1974-10-19,3,3,8,0.148148
35,1967-02-18,1974-10-19,3,4,4,0.074074
35,1967-02-18,1974-10-19,3,5,5,0.092593
35,1967-02-18,1974-10-19,3,6,2,0.037037
35,1967-02-18,1974-10-19,3,7,8,0.148148
35,1967-02-18,1974-10-19,3,8,12,0.222222
35,1967-02-18,1974-10-19,3,9,5,0.092593
35,1967-02-18,1974-10-19,4,1,9,0.209302
35,1967-02-18,1974-10-19,4,2,6,0.139535
35,1967-02-18,1974-10-19,4,3,8,0.186047
35,1967-02-18,1974-10-19,4,4,0,0.0
35,1967-02-18,1974-10-19,4,5,7,0.162791
35,1967-02-18,1974-10-19,4,6,5,0.116279
35,1967-02-18,1974-10-19,4,7,3,0.069767
35,1967-02-18,1974-10-19,4,8,1,0.023256
35,1967-02-18,1974-10-19,4,9,4,0.093023
35,1967-02-18,1974-10-19,5,1,4,0.095238
35,1967-02-18,1974-10-19,5,2,5,0.119048
35,1967-02-18,1974-10-19,5,3,5,0.119048
35,1967-02-18,1974-10-19,5,4,3,0.071429
35,1967-02-18,1974-10-19,5,5,4,0.095238
35,1967-02-18,1974-10-19,5,6,2,0.047619
35,1967-02-18,1974-10-19,5,7,6,0.142857
35,1967-02-18,1974-10-19,5,8,5,0.119048
35,1967-02-18,1974-10-19,5,9,8,0.190476
35,1967-02-18,1974-10-19,6,1,3,0.071429
35,1967-02-18,1974-10-19,6,2,5,0.119048
35,1967-02-18,1974-10-19,6,3,6,0.142857
35,1967-02-18,1974-10-19,6,4,4,0.095238
35,1967-02-18,1974-10-19,6,5,4,0.095238
35,1967-02-18,1974-10-19,6,6,6,0.142857
35,1967-02-18,1974-10-19,6,7,4,0.095238
35,1967-02-18,1974-10-19,6,8,5,0.119048
35,1967-02-18,1974-10-19,6,9,5,0.119048
35,1967-02-18,1974-10-19,7,1,5,0.106383
35,1967-02-18,1974-10-19,7,2,8,0.170213
35,1967-02-18,1974-10-19,7,3,8,0.170213
35,1967-02-18,1974-10-19,7,4,7,0.148936
35,1967-02-18,1974-10-19,7,5,5,0.106383
35,1967-02-18,1974-10-19,7,6,3,0.06383
35,1967-02-18,1974-10-19,7,7,5,0.106383
35,1967-02-18,1974-10-19,7,8,2,0.042553
35,1967-02-18,1974-10-19,7,9,4,0.085106
35,1967-02-18,1974-10-19,8,1,9,0.209302
35,1967-02-18,1974-10-19,8,2,4,0.093023
35,1967-02-18,1974-10-19,8,3,6,0.139535
35,1967-02-18,1974-10-19,8,4,8,0.186047
35,1967-02-18,1974-10-19,8,5,3,0.069767
35,1967-02-18,1974-10-19,8,6,5,0.116279
35,1967-02-18,1974-10-19,8,7,5,0.116279
35,1967-02-18,1974-10-19,8,8,1,0.023256
35,1967-02-18,1974-10-19,8,9,2,0.046512
35,1967-02-18,1974-10-19,9,1,2,0.042553
35,1967-02-18,1974-10-19,9,2,5,0.106383
35,1967-02-18,1974-10-19,9,3,4,0.085106
35,1967-02-18,1974-10-19,9,4,10,0.212766
35,1967-02-18,1974-10-19,9,5,7,0.148936
35,1967-02-18,1974-10-19,9,6,4,0.085106
35,1967-02-18,1974-10-19,9,7,4,0.085106
35,1967-02-18,1974-10-19,9,8,6,0.12766
35,1967-02-18,1974-10-19,9,9,5,0.106383
36,1969-01-18,1976-09-18,1,1,2,0.054054
36,1969-01-18,1976-09-18,1,2,4,0.108108
36,1969-01-18,1976-09-18,1,3,2,0.054054
36,1969-01-18,1976-09-18,1,4,4,0.108108
36,1969-01-18,1976-09-18,1,5,3,0.081081
36,1969-01-18,1976-09-18,1,6,6,0.162162
36,1969-01-18,1976-09-18,1,7,6,0.162162
36,1969-01-18,1976-09-18,1,8,5,0.135135
36,1969-01-18,1976-09-18,1,9,5,0.135135
36,1969-01-18,1976-09-18,2,1,2,0.044444
36,1969-01-18,1976-09-18,2,2,1,0.022222
36,1969-01-18,1976-09-18,2,3,6,0.133333
36,1969-01-18,1976-09-18,2,4,2,0.044444
36,1969-01-18,1976-09-18,2,5,5,0.111111
36,1969-01-18,1976-09-18,2,6,7,0.155556
36,1969-01-18,1976-09-18,2,7,5,0.111111
36,1969-01-18,1976-09-18,2,8,11,0.244444
36,1969-01-18,1976-09-18,2,9,6,0.133333
36,1969-01-18,1976-09-18,3,1,1,0.019608
36,1969-01-18,1976-09-18,3,2,8,0.156863
36,1969-01-18,1976-09-18,3,3,8,0.156863
36,1969-01-18,1976-09-18,3,4,2,0.039216
36,1969-01-18,1976-09-18,3,5,4,0.078431
36,1969-01-18,1976-09-18,3,6,3,0.058824
36,1969-01-18,1976-09-18,3,7,8,0.156863
36,1969-01-18,1976-09-18,3,8,13,0.254902
36,1969-01-18,1976-09-18,3,9,4,0.078431
36,1969-01-18,1976-09-18,4,1,7,0.166667
36,1969-01-18,1976-09-18,4,2,5,0.119048
36,1969-01-18,1976-09-18,4,3,8,0.190476
36,1969-01-18,1976-09-18,4,4,1,0.02381
36,1969-01-18,1976-09-18,4,5,6,0.142857
36,1969-01-18,1976-09-18,4,6,4,0.095238
36,1969-01-18,1976-09-18,4,7,4,0.095238
36,1969-01-18,1976-09-18,4,8,3,0.071429
36,1969-01-18,1976-09-18,4,9,4,0.095238
36,1969-01-18,1976-09-18,5,1,3,0.073171
36,1969-01-18,1976-09-18,5,2,4,0.097561
36,1969-01-18,1976-09-18,5,3,6,0.146341
36,1969-01-18,1976-09-18,5,4,3,0.073171
36,1969-01-18,1976-09-18,5,5,4,0.097561
36,1969-01-18,1976-09-18,5,6,2,0.04878
36,1969-01-18,1976-09-18,5,7,7,0.170732
36,1969-01-18,1976-09-18,5,8,4,0.097561
36,1969-01-18,1976-09-18,5,9,8,0.195122
36,1969-01-18,1976-09-18,6,1,4,0.095238
36,1969-01-18,1976-09-18,6,2,6,0.142857
36,1969-01-18,1976-09-18,6,3,8,0.190476
36,1969-01-18,1976-09-18,6,4,6,0.142857
36,1969-01-18,1976-09-18,6,5,3,0.071429
36,1969-01-18,1976-09-18,6,6,4,0.095238
36,1969-01-18,1976-09-18,6,7,4,0.095238
36,1969-01-18,1976-09-18,6,8,2,0.047619
36,1969-01-18,1976-09-18,6,9,5,0.119048
36,1969-01-18,1976-09-18,7,1,6,0.125
36,1969-01-18,1976-09-18,7,2,7,0.145833
36,1969-01-18,1976-09-18,7,3,3,0.0625
36,1969-01-18,1976-09-18,7,4,9,0.1875
36,1969-01-18,1976-09-18,7,5,4,0.083333
36,1969-01-18,1976-09-18,7,6,5,0.104167
36,1969-01-18,1976-09-18,7,7,5,0.104167
36,1969-01-18,1976-09-18,7,8,3,0.0625
36,1969-01-18,1976-09-18,7,9,6,0.125
36,1969-01-18,1976-09-18,8,1,9,0.191489
36,1969-01-18,1976-09-18,8,2,5,0.106383
36,1969-01-18,1976-09-18,8,3,6,0.12766
36,1969-01-18,1976-09-18,8,4,6,0.12766
36,1969-01-18,1976-09-18,8,5,3,0.06383
36,1969-01-18,1976-09-18,8,6,6,0.12766
36,1969-01-18,1976-09-18,8,7,7,0.148936
36,1969-01-18,1976-09-18,8,8,2,0.042553
36,1969-01-18,1976-09-18,8,9,3,0.06383
36,1969-01-18,1976-09-18,9,1,4,0.085106
36,1969-01-18,1976-09-18,9,2,5,0.106383
36,1969-01-18,1976-09-18,9,3,4,0.085106
36,1969-01-18,1976-09-18,9,4,9,0.191489
36,1969-01-18,1976-09-18,9,5,8,0.170213
36,1969-01-18,1976-09-18,9,6,5,0.106383
36,1969-01-18,1976-09-18,9,7,2,0.042553
36,1969-01-18,1976-09-18,9,8,4,0.085106
36,1969-01-18,1976-09-18,9,9,6,0.12766
37,1970-12-19,1978-08-19,1,1,3,0.075
37,1970-12-19,1978-08-19,1,2,4,0.1
37,1970-12-19,1978-08-19,1,3,4,0.1
37,1970-12-19,1978-08-19,1,4,5,0.125
37,1970-12-19,1978-08-19,1,5,5,0.125
37,1970-12-19,1978-08-19,1,6,5,0.125
37,1970-12-19,1978-08-19,1,7,5,0.125
37,1970-12-19,1978-08-19,1,8,4,0.1
37,1970-12-19,1978-08-19,1,9,5,0.125
37,1970-12-19,1978-08-19,2,1,3,0.068182
37,1970-12-19,1978-08-19,2,2,2,0.045455
37,1970-12-19,1978-08-19,2,3,6,0.136364
37,1970-12-19,1978-08-19,2,4,2,0.045455
37,1970-12-19,1978-08-19,2,5,6,0.136364
37,1970-12-19,1978-08-19,2,6,6,0.136364
37,1970-12-19,1978-08-19,2,7,6,0.136364
37,1970-12-19,1978-08-19,2,8,10,0.227273
37,1970-12-19,1978-08-19,2,9,3,0.068182
37,1970-12-19,1978-08-19,3,1,2,0.038462
37,1970-12-19,1978-08-19,3,2,9,0.173077
37,1970-12-19,1978-08-19,3,3,5,0.096154
37,1970-12-19,1978-08-19,3,4,5,0.096154
37,1970-12-19,1978-08-19,3,5,4,0.076923
37,1970-12-19,1978-08-19,3,6,3,0.057692
37,1970-12-19,1978-08-19,3,7,7,0.134615
37,1970-12-19,1978-08-19,3,8,12,0.230769
37,1970-12-19,1978-08-19,3,9,5,0.096154
37,1970-12-19,1978-08-19,4,1,7,0.145833
37,1970-12-19,1978-08-19,4,2,6,0.125
37,1970-12-19,1978-08-19,4,3,11,0.229167
37,1970-12-19,1978-08-19,4,4,4,0.083333
37,1970-12-19,1978-08-19,4,5,2,0.041667
37,1970-12-19,1978-08-19,4,6,4,0.083333
37,1970-12-19,1978-08-19,4,7,5,0.104167
37,1970-12-19,1978-08-19,4,8,5,0.104167
37,1970-12-19,1978-08-19,4,9,4,0.083333
37,1970-12-19,1978-08-19,5,1,1,0.025641
37,1970-12-19,1978-08-19,5,2,3,0.076923
37,1970-12-19,1978-08-19,5,3,5,0.128205
37,1970-12-19,1978-08-19,5,4,3,0.076923
37,1970-12-19,1978-08-19,5,5,5,0.128205
37,1970-12-19,1978-08-19,5,6,3,0.076923
37,1970-12-19,1978-08-19,5,7,5,0.128205
37,1970-12-19,1978-08-19,5,8,4,0.102564
37,1970-12-19,1978-08-19,5,9,10,0.25641
37,1970-12-19,1978-08-19,6,1,8,0.195122
37,1970-12-19,1978-08-19,6,2,6,0.146341
37,1970-12-19,1978-08-19,6,3,7,0.170732
37,1970-12-19,1978-08-19,6,4,6,0.146341
37,1970-12-19,1978-08-19,6,5,1,0.02439
37,1970-12-19,1978-08-19,6,6,5,0.121951
37,1970-12-19,1978-08-19,6,7,2,0.04878
37,1970-12-19,1978-08-19,6,8,2,0.04878
37,1970-12-19,1978-08-19,6,9,4,0.097561
37,1970-12-19,1978-08-19,7,1,5,0.106383
37,1970-12-19,1978-08-19,7,2,6,0.12766
37,1970-12-19,1978-08-19,7,3,3,0.06383
37,1970-12-19,1978-08-19,7,4,9,0.191489
37,1970-12-19,1978-08-19,7,5,4,0.085106
37,1970-12-19,1978-08-19,7,6,4,0.085106
37,1970-12-19,1978-08-19,7,7,8,0.170213
37,1970-12-19,1978-08-19,7,8,3,0.06383
37,1970-12-19,1978-08-19,7,9,5,0.106383
37,1970-12-19,1978-08-19,8,1,6,0.133333
37,1970-12-19,1978-08-19,8,2,3,0.066667
37,1970-12-19,1978-08-19,8,3,8,0.177778
37,1970-12-19,1978-08-19,8,4,7,0.155556
37,1970-12-19,1978-08-19,8,5,4,0.088889
37,1970-12-19,1978-08-19,8,6,7,0.155556
37,1970-12-19,1978-08-19,8,7,5,0.111111
37,1970-12-19,1978-08-19,8,8,2,0.044444
37,1970-12-19,1978-08-19,8,9,3,0.066667
37,1970-12-19,1978-08-19,9,1,5,0.113636
37,1970-12-19,1978-08-19,9,2,4,0.090909
37,1970-12-19,1978-08-19,9,3,3,0.068182
37,1970-12-19,1978-08-19,9,4,7,0.159091
37,1970-12-19,1978-08-19,9,5,8,0.181818
37,1970-12-19,1978-08-19,9,6,4,0.090909
37,1970-12-19,1978-08-19,9,7,4,0.090909
37,1970-12-19,1978-08-19,9,8,3,0.068182
37,1970-12-19,1978-08-19,9,9,6,0.136364
38,1972-11-18,1980-07-19,1,1,9,0.195652
38,1972-11-18,1980-07-19,1,2,6,0.130435
38,1972-11-18,1980-07-19,1,3,3,0.065217
38,1972-11-18,1980-07-19,1,4,4,0.086957
38,1972-11-18,1980-07-19,1,5,4,0.086957
38,1972-11-18,1980-07-19,1,6,5,0.108696
38,1972-11-18,1980-07-19,1,7,2,0.043478
38,1972-11-18,1980-07-19,1,8,6,0.130435
38,1972-11-18,1980-07-19,1,9,7,0.152174
38,1972-11-18,1980-07-19,2,1,3,0.071429
38,1972-11-18,1980-07-19,2,2,4,0.095238
38,1972-11-18,1980-07-19,2,3,6,0.142857
38,1972-11-18,1980-07-19,2,4,2,0.047619
38,1972-11-18,1980-07-19,2,5,5,0.119048
38,1972-11-18,1980-07-19,2,6,5,0.119048
38,1972-11-18,1980-07-19,2,7,3,0.071429
38,1972-11-18,1980-07-19,2,8,10,0.238095
38,1972-11-18,1980-07-19,2,9,4,0.095238
38,1972-11-18,1980-07-19,3,1,5,0.102041
38,1972-11-18,1980-07-19,3,2,5,0.102041
38,1972-11-18,1980-07-19,3,3,7,0.142857
38,1972-11-18,1980-07-19,3,4,4,0.081633
38,1972-11-18,1980-07-19,3,5,4,0.081633
38,1972-11-18,1980-07-19,3,6,3,0.061224
38,1972-11-18,1980-07-19,3,7,7,0.142857
38,1972-11-18,1980-07-19,3,8,9,0.183673
38,1972-11-18,1980-07-19,3,9,5,0.102041
38,1972-11-18,1980-07-19,4,1,4,0.093023
38,1972-11-18,1980-07-19,4,2,7,0.162791
38,1972-11-18,1980-07-19,4,3,9,0.209302
38,1972-11-18,1980-07-19,4,4,4,0.093023
38,1972-11-18,1980-07-19,4,5,1,0.023256
38,1972-11-18,1980-07-19,4,6,4,0.093023
38,1972-11-18,1980-07-19,4,7,5,0.116279
38,1972-11-18,1980-07-19,4,8,5,0.116279
38,1972-11-18,1980-07-19,4,9,4,0.093023
38,1972-11-18,1980-07-19,5,1,1,0.028571
38,1972-11-18,1980-07-19,5,2,3,0.085714
38,1972-11-18,1980-07-19,5,3,6,0.171429
38,1972-11-18,1980-07-19,5,4,3,0.085714
38,1972-11-18,1980-07-19,5,5,3,0.085714
38,1972-11-18,1980-07-19,5,6,3,0.085714
38,1972-11-18,1980-07-19,5,7,3,0.085714
38,1972-11-18,1980-07-19,5,8,6,0.171429
38,1972-11-18,1980-07-19,5,9,7,0.2
38,1972-11-18,1980-07-19,6,1,11,0.244444
38,1972-11-18,1980-07-19,6,2,4,0.088889
38,1972-11-18,1980-07-19,6,3,4,0.088889
38,1972-11-18,1980-07-19,6,4,5,0.111111
38,1972-11-18,1980-07-19,6,5,2,0.044444
38,1972-11-18,1980-07-19,6,6,5,0.111111
38,1972-11-18,1980-07-19,6,7,4,0.088889
38,1972-11-18,1980-07-19,6,8,5,0.111111
38,1972-11-18,1980-07-19,6,9,5,0.111111
38,1972-11-18,1980-07-19,7,1,3,0.075
38,1972-11-18,1980-07-19,7,2,6,0.15
38,1972-11-18,1980-07-19,7,3,1,0.025
38,1972-11-18,1980-07-19,7,4,7,0.175
38,1972-11-18,1980-07-19,7,5,3,0.075
38,1972-11-18,1980-07-19,7,6,6,0.15
38,1972-11-18,1980-07-19,7,7,6,0.15
38,1972-11-18,1980-07-19,7,8,4,0.1
38,1972-11-18,1980-07-19,7,9,4,0.1
38,1972-11-18,1980-07-19,8,1,5,0.090909
38,1972-11-18,1980-07-19,8,2,4,0.072727
38,1972-11-18,1980-07-19,8,3,8,0.145455
38,1972-11-18,1980-07-19,8,4,11,0.2
38,1972-11-18,1980-07-19,8,5,4,0.072727
38,1972-11-18,1980-07-19,8,6,9,0.163636
38,1972-11-18,1980-07-19,8,7,6,0.109091
38,1972-11-18,1980-07-19,8,8,4,0.072727
38,1972-11-18,1980-07-19,8,9,4,0.072727
38,1972-11-18,1980-07-19,9,1,5,0.111111
38,1972-11-18,1980-07-19,9,2,3,0.066667
38,1972-11-18,1980-07-19,9,3,5,0.111111
38,1972-11-18,1980-07-19,9,4,3,0.066667
38,1972-11-18,1980-07-19,9,5,9,0.2
38,1972-11-18,1980-07-19,9,6,5,0.111111
38,1972-11-18,1980-07-19,9,7,4,0.088889
38,1972-11-18,1980-07-19,9,8,6,0.133333
38,1972-11-18,1980-07-19,9,9,5,0.111111
39,1974-10-19,1982-06-19,1,1,11,0.22
39,1974-10-19,1982-06-19,1,2,7,0.14
39,1974-10-19,1982-06-19,1,3,4,0.08
39,1974-10-19,1982-06-19,1,4,6,0.12
39,1974-10-19,1982-06-19,1,5,4,0.08
39,1974-10-19,1982-06-19,1,6,5,0.1
39,1974-10-19,1982-06-19,1,7,2,0.04
39,1974-10-19,1982-06-19,1,8,5,0.1
39,1974-10-19,1982-06-19,1,9,6,0.12
39,1974-10-19,1982-06-19,2,1,4,0.088889
39,1974-10-19,1982-06-19,2,2,5,0.111111
39,1974-10-19,1982-06-19,2,3,5,0.111111
39,1974-10-19,1982-06-19,2,4,2,0.044444
39,1974-10-19,1982-06-19,2,5,5,0.111111
39,1974-10-19,1982-06-19,2,6,3,0.066667
39,1974-10-19,1982-06-19,2,7,4,0.088889
39,1974-10-19,1982-06-19,2,8,12,0.266667
39,1974-10-19,1982-06-19,2,9,5,0.111111
39,1974-10-19,1982-06-19,3,1,7,0.166667
39,1974-10-19,1982-06-19,3,2,4,0.095238
39,1974-10-19,1982-06-19,3,3,4,0.095238
39,1974-10-19,1982-06-19,3,4,6,0.142857
39,1974-10-19,1982-06-19,3,5,3,0.071429
39,1974-10-19,1982-06-19,3,6,4,0.095238
39,1974-10-19,1982-06-19,3,7,5,0.119048
39,1974-10-19,1982-06-19,3,8,5,0.119048
39,1974-10-19,1982-06-19,3,9,4,0.095238
39,1974-10-19,1982-06-19,4,1,3,0.069767
39,1974-10-19,1982-06-19,4,2,7,0.162791
39,1974-10-19,1982-06-19,4,3,5,0.116279
39,1974-10-19,1982-06-19,4,4,6,0.139535
39,1974-10-19,1982-06-19,4,5,3,0.069767
39,1974-10-19,1982-06-19,4,6,4,0.093023
39,1974-10-19,1982-06-19,4,7,6,0.139535
39,1974-10-19,1982-06-19,4,8,5,0.116279
39,1974-10-19,1982-06-19,4,9,4,0.093023
39,1974-10-19,1982-06-19,5,1,2,0.055556
39,1974-10-19,1982-06-19,5,2,5,0.138889
39,1974-10-19,1982-06-19,5,3,4,0.111111
39,1974-10-19,1982-06-19,5,4,3,0.083333
39,1974-10-19,1982-06-19,5,5,2,0.055556
39,1974-10-19,1982-06-19,5,6,5,0.138889
39,1974-10-19,1982-06-19,5,7,3,0.083333
39,1974-10-19,1982-06-19,5,8,8,0.222222
39,1974-10-19,1982-06-19,5,9,4,0.111111
39,1974-10-19,1982-06-19,6,1,10,0.208333
39,1974-10-19,1982-06-19,6,2,3,0.0625
39,1974-10-19,1982-06-19,6,3,6,0.125
39,1974-10-19,1982-06-19,6,4,4,0.083333
39,1974-10-19,1982-06-19,6,5,3,0.0625
39,1974-10-19,1982-06-19,6,6,7,0.145833
39,1974-10-19,1982-06-19,6,7,6,0.125
39,1974-10-19,1982-06-19,6,8,5,0.104167
39,1974-10-19,1982-06-19,6,9,4,0.083333
39,1974-10-19,1982-06-19,7,1,2,0.04878
39,1974-10-19,1982-06-19,7,2,6,0.146341
39,1974-10-19,1982-06-19,7,3,1,0.02439
39,1974-10-19,1982-06-19,7,4,8,0.195122
39,1974-10-19,1982-06-19,7,5,3,0.073171
39,1974-10-19,1982-06-19,7,6,7,0.170732
39,1974-10-19,1982-06-19,7,7,6,0.146341
39,1974-10-19,1982-06-19,7,8,5,0.121951
39,1974-10-19,1982-06-19,7,9,3,0.073171
39,1974-10-19,1982-06-19,8,1,4,0.074074
39,1974-10-19,1982-06-19,8,2,5,0.092593
39,1974-10-19,1982-06-19,8,3,8,0.148148
39,1974-10-19,1982-06-19,8,4,6,0.111111
39,1974-10-19,1982-06-19,8,5,6,0.111111
39,1974-10-19,1982-06-19,8,6,9,0.166667
39,1974-10-19,1982-06-19,8,7,5,0.092593
39,1974-10-19,1982-06-19,8,8,5,0.092593
39,1974-10-19,1982-06-19,8,9,6,0.111111
39,1974-10-19,1982-06-19,9,1,7,0.170732
39,1974-10-19,1982-06-19,9,2,3,0.073171
39,1974-10-19,1982-06-19,9,3,5,0.121951
39,1974-10-19,1982-06-19,9,4,2,0.04878
39,1974-10-19,1982-06-19,9,5,6,0.146341
39,1974-10-19,1982-06-19,9,6,4,0.097561
39,1974-10-19,1982-06-19,9,7,4,0.097561
39,1974-10-19,1982-06-19,9,8,5,0.121951
39,1974-10-19,1982-06-19,9,9,5,0.121951
40,1976-09-18,1984-05-19,1,1,10,0.204082
40,1976-09-18,1984-05-19,1,2,7,0.142857
40,1976-09-18,1984-05-19,1,3,3,0.061224
40,1976-09-18,1984-05-19,1,4,7,0.142857
40,1976-09-18,1984-05-19,1,5,4,0.081633
40,1976-09-18,1984-05-19,1,6,4,0.081633
40,1976-09-18,1984-05-19,1,7,4,0.081633
40,1976-09-18,1984-05-19,1,8,4,0.081633
40,1976-09-18,1984-05-19,1,9,6,0.122449
40,1976-09-18,1984-05-19,2,1,4,0.093023
40,1976-09-18,1984-05-19,2,2,5,0.116279
40,1976-09-18,1984-05-19,2,3,6,0.139535
40,1976-09-18,1984-05-19,2,4,2,0.046512
40,1976-09-18,1984-05-19,2,5,5,0.116279
40,1976-09-18,1984-05-19,2,6,4,0.093023
40,1976-09-18,1984-05-19,2,7,3,0.069767
40,1976-09-18,1984-05-19,2,8,10,0.232558
40,1976-09-18,1984-05-19,2,9,4,0.093023
40,1976-09-18,1984-05-19,3,1,7,0.162791
40,1976-09-18,1984-05-19,3,2,4,0.093023
40,1976-09-18,1984-05-19,3,3,5,0.116279
40,1976-09-18,1984-05-19,3,4,7,0.162791
40,1976-09-18,1984-05-19,3,5,3,0.069767
40,1976-09-18,1984-05-19,3,6,7,0.162791
40,1976-09-18,1984-05-19,3,7,4,0.093023
40,1976-09-18,1984-05-19,3,8,3,0.069767
40,1976-09-18,1984-05-19,3,9,3,0.069767
40,1976-09-18,1984-05-19,4,1,4,0.095238
40,1976-09-18,1984-05-19,4,2,7,0.166667
40,1976-09-18,1984-05-19,4,3,4,0.095238
40,1976-09-18,1984-05-19,4,4,6,0.142857
40,1976-09-18,1984-05-19,4,5,4,0.095238
40,1976-09-18,1984-05-19,4,6,4,0.095238
40,1976-09-18,1984-05-19,4,7,4,0.095238
40,1976-09-18,1984-05-19,4,8,4,0.095238
40,1976-09-18,1984-05-19,4,9,5,0.119048
40,1976-09-18,1984-05-19,5,1,3,0.073171
40,1976-09-18,1984-05-19,5,2,8,0.195122
40,1976-09-18,1984-05-19,5,3,4,0.097561
40,1976-09-18,1984-05-19,5,4,4,0.097561
40,1976-09-18,1984-05-19,5,5,1,0.02439
40,1976-09-18,1984-05-19,5,6,5,0.121951
40,1976-09-18,1984-05-19,5,7,2,0.04878
40,1976-09-18,1984-05-19,5,8,10,0.243902
40,1976-09-18,1984-05-19,5,9,4,0.097561
40,1976-09-18,1984-05-19,6,1,9,0.18
40,1976-09-18,1984-05-19,6,2,1,0.02
40,1976-09-18,1984-05-19,6,3,4,0.08
40,1976-09-18,1984-05-19,6,4,4,0.08
40,1976-09-18,1984-05-19,6,5,2,0.04
40,1976-09-18,1984-05-19,6,6,9,0.18
40,1976-09-18,1984-05-19,6,7,6,0.12
40,1976-09-18,1984-05-19,6,8,9,0.18
40,1976-09-18,1984-05-19,6,9,6,0.12
40,1976-09-18,1984-05-19,7,1,2,0.054054
40,1976-09-18,1984-05-19,7,2,6,0.162162
40,1976-09-18,1984-05-19,7,3,3,0.081081
40,1976-09-18,1984-05-19,7,4,4,0.108108
40,1976-09-18,1984-05-19,7,5,3,0.081081
40,1976-09-18,1984-05-19,7,6,8,0.216216
40,1976-09-18,1984-05-19,7,7,5,0.135135
40,1976-09-18,1984-05-19,7,8,4,0.108108
40,1976-09-18,1984-05-19,7,9,2,0.054054
40,1976-09-18,1984-05-19,8,1,4,0.071429
40,1976-09-18,1984-05-19,8,2,3,0.053571
40,1976-09-18,1984-05-19,8,3,10,0.178571
40,1976-09-18,1984-05-19,8,4,5,0.089286
40,1976-09-18,1984-05-19,8,5,12,0.214286
40,1976-09-18,1984-05-19,8,6,7,0.125
40,1976-09-18,1984-05-19,8,7,5,0.089286
40,1976-09-18,1984-05-19,8,8,6,0.107143
40,1976-09-18,1984-05-19,8,9,4,0.071429
40,1976-09-18,1984-05-19,9,1,5,0.128205
40,1976-09-18,1984-05-19,9,2,2,0.051282
40,1976-09-18,1984-05-19,9,3,4,0.102564
40,1976-09-18,1984-05-19,9,4,3,0.076923
40,1976-09-18,1984-05-19,9,5,7,0.179487
40,1976-09-18,1984-05-19,9,6,3,0.076923
40,1976-09-18,1984-05-19,9,7,4,0.102564
40,1976-09-18,1984-05-19,9,8,6,0.153846
40,1976-09-18,1984-05-19,9,9,5,0.128205
41,1978-08-19,1986-04-19,1,1,9,0.191489
41,1978-08-19,1986-04-19,1,2,8,0.170213
41,1978-08-19,1986-04-19,1,3,3,0.06383
41,1978-08-19,1986-04-19,1,4,5,0.106383
41,1978-08-19,1986-04-19,1,5,5,0.106383
41,1978-08-19,1986-04-19,1,6,4,0.085106
41,1978-08-19,1986-04-19,1,7,3,0.06383
41,1978-08-19,1986-04-19,1,8,5,0.106383
41,1978-08-19,1986-04-19,1,9,5,0.106383
41,1978-08-19,1986-04-19,2,1,3,0.068182
41,1978-08-19,1986-04-19,2,2,4,0.090909
41,1978-08-19,1986-04-19,2,3,5,0.113636
41,1978-08-19,1986-04-19,2,4,3,0.068182
41,1978-08-19,1986-04-19,2,5,4,0.090909
41,1978-08-19,1986-04-19,2,6,5,0.113636
41,1978-08-19,1986-04-19,2,7,3,0.068182
41,1978-08-19,1986-04-19,2,8,10,0.227273
41,1978-08-19,1986-04-19,2,9,7,0.159091
41,1978-08-19,1986-04-19,3,1,6,0.153846
41,1978-08-19,1986-04-19,3,2,4,0.102564
41,1978-08-19,1986-04-19,3,3,9,0.230769
41,1978-08-19,1986-04-19,3,4,3,0.076923
41,1978-08-19,1986-04-19,3,5,1,0.025641
41,1978-08-19,1986-04-19,3,6,6,0.153846
41,1978-08-19,1986-04-19,3,7,4,0.102564
41,1978-08-19,1986-04-19,3,8,4,0.102564
41,1978-08-19,1986-04-19,3,9,2,0.051282
41,1978-08-19,1986-04-19,4,1,5,0.138889
41,1978-08-19,1986-04-19,4,2,5,0.138889
41,1978-08-19,1986-04-19,4,3,2,0.055556
41,1978-08-19,1986-04-19,4,4,4,0.111111
41,1978-08-19,1986-04-19,4,5,4,0.111111
41,1978-08-19,1986-04-19,4,6,5,0.138889
41,1978-08-19,1986-04-19,4,7,3,0.083333
41,1978-08-19,1986-04-19,4,8,3,0.083333
41,1978-08-19,1986-04-19,4,9,5,0.138889
41,1978-08-19,1986-04-19,5,1,4,0.097561
41,1978-08-19,1986-04-19,5,2,8,0.195122
41,1978-08-19,1986-04-19,5,3,3,0.073171
41,1978-08-19,1986-04-19,5,4,4,0.097561
41,1978-08-19,1986-04-19,5,5,0,0.0
41,1978-08-19,1986-04-19,5,6,6,0.146341
41,1978-08-19,1986-04-19,5,7,4,0.097561
41,1978-08-19,1986-04-19,5,8,8,0.195122
41,1978-08-19,1986-04-19,5,9,4,0.097561
41,1978-08-19,1986-04-19,6,1,7,0.137255
41,1978-08-19,1986-04-19,6,2,4,0.078431
41,1978-08-19,1986-04-19,6,3,3,0.058824
41,1978-08-19,1986-04-19,6,4,5,0.098039
41,1978-08-19,1986-04-19,6,5,3,0.058824
41,1978-08-19,1986-04-19,6,6,6,0.117647
41,1978-08-19,1986-04-19,6,7,7,0.137255
41,1978-08-19,1986-04-19,6,8,9,0.176471
41,1978-08-19,1986-04-19,6,9,7,0.137255
41,1978-08-19,1986-04-19,7,1,2,0.04878
41,1978-08-19,1986-04-19,7,2,6,0.146341
41,1978-08-19,1986-04-19,7,3,4,0.097561
41,1978-08-19,1986-04-19,7,4,3,0.073171
41,1978-08-19,1986-04-19,7,5,3,0.073171
41,1978-08-19,1986-04-19,7,6,10,0.243902
41,1978-08-19,1986-04-19,7,7,7,0.170732
41,1978-08-19,1986-04-19,7,8,3,0.073171
41,1978-08-19,1986-04-19,7,9,3,0.073171
41,1978-08-19,1986-04-19,8,1,7,0.122807
41,1978-08-19,1986-04-19,8,2,3,0.052632
41,1978-08-19,1986-04-19,8,3,7,0.122807
41,1978-08-19,1986-04-19,8,4,5,0.087719
41,1978-08-19,1986-04-19,8,5,13,0.22807
41,1978-08-19,1986-04-19,8,6,5,0.087719
41,1978-08-19,1986-04-19,8,7,7,0.122807
41,1978-08-19,1986-04-19,8,8,5,0.087719
41,1978-08-19,1986-04-19,8,9,5,0.087719
41,1978-08-19,1986-04-19,9,1,4,0.090909
41,1978-08-19,1986-04-19,9,2,2,0.045455
41,1978-08-19,1986-04-19,9,3,3,0.068182
41,1978-08-19,1986-04-19,9,4,4,0.090909
41,1978-08-19,1986-04-19,9,5,8,0.181818
41,1978-08-19,1986-04-19,9,6,4,0.090909
41,1978-08-19,1986-04-19,9,7,3,0.068182
41,1978-08-19,1986-04-19,9,8,10,0.227273
41,1978-08-19,1986-04-19,9,9,6,0.136364
42,1980-07-19,1988-03-19,1,1,6,0.130435
42,1980-07-19,1988-03-19,1,2,6,0.130435
42,1980-07-19,1988-03-19,1,3,3,0.065217
42,1980-07-19,1988-03-19,1,4,6,0.130435
42,1980-07-19,1988-03-19,1,5,8,0.173913
42,1980-07-19,1988-03-19,1,6,3,0.065217
42,1980-07-19,1988-03-19,1,7,6,0.130435
42,1980-07-19,1988-03-19,1,8,4,0.086957
42,1980-07-19,1988-03-19,1,9,4,0.086957
42,1980-07-19,1988-03-19,2,1,4,0.1
42,1980-07-19,1988-03-19,2,2,2,0.05
42,1980-07-19,1988-03-19,2,3,6,0.15
42,1980-07-19,1988-03-19,2,4,3,0.075
42,1980-07-19,1988-03-19,2,5,5,0.125
42,1980-07-19,1988-03-19,2,6,3,0.075
42,1980-07-19,1988-03-19,2,7,3,0.075
42,1980-07-19,1988-03-19,2,8,8,0.2
42,1980-07-19,1988-03-19,2,9,6,0.15
42,1980-07-19,1988-03-19,3,1,6,0.162162
42,1980-07-19,1988-03-19,3,2,4,0.108108
42,1980-07-19,1988-03-19,3,3,7,0.189189
42,1980-07-19,1988-03-19,3,4,4,0.108108
42,1980-07-19,1988-03-19,3,5,2,0.054054
42,1980-07-19,1988-03-19,3,6,7,0.189189
42,1980-07-19,1988-03-19,3,7,3,0.081081
42,1980-07-19,1988-03-19,3,8,2,0.054054
42,1980-07-19,1988-03-19,3,9,2,0.054054
42,1980-07-19,1988-03-19,4,1,5,0.125
42,1980-07-19,1988-03-19,4,2,5,0.125
42,1980-07-19,1988-03-19,4,3,2,0.05
42,1980-07-19,1988-03-19,4,4,4,0.1
42,1980-07-19,1988-03-19,4,5,7,0.175
42,1980-07-19,1988-03-19,4,6,4,0.1
42,1980-07-19,1988-03-19,4,7,3,0.075
42,1980-07-19,1988-03-19,4,8,5,0.125
42,1980-07-19,1988-03-19,4,9,5,0.125
42,1980-07-19,1988-03-19,5,1,4,0.08
42,1980-07-19,1988-03-19,5,2,8,0.16
42,1980-07-19,1988-03-19,5,3,3,0.06
42,1980-07-19,1988-03-19,5,4,6,0.12
42,1980-07-19,1988-03-19,5,5,2,0.04
42,1980-07-19,1988-03-19,5,6,10,0.2
42,1980-07-19,1988-03-19,5,7,6,0.12
42,1980-07-19,1988-03-19,5,8,5,0.1
42,1980-07-19,1988-03-19,5,9,6,0.12
42,1980-07-19,1988-03-19,6,1,6,0.12
42,1980-07-19,1988-03-19,6,2,5,0.1
42,1980-07-19,1988-03-19,6,3,4,0.08
42,1980-07-19,1988-03-19,6,4,5,0.1
42,1980-07-19,1988-03-19,6,5,3,0.06
42,1980-07-19,1988-03-19,6,6,5,0.1
42,1980-07-19,1988-03-19,6,7,7,0.14
42,1980-07-19,1988-03-19,6,8,6,0.12
42,1980-07-19,1988-03-19,6,9,9,0.18
42,1980-07-19,1988-03-19,7,1,4,0.086957
42,1980-07-19,1988-03-19,7,2,5,0.108696
42,1980-07-19,1988-03-19,7,3,5,0.108696
42,1980-07-19,1988-03-19,7,4,6,0.130435
42,1980-07-19,1988-03-19,7,5,4,0.086957
42,1980-07-19,1988-03-19,7,6,9,0.195652
42,1980-07-19,1988-03-19,7,7,7,0.152174
42,1980-07-19,1988-03-19,7,8,3,0.065217
42,1980-07-19,1988-03-19,7,9,3,0.065217
42,1980-07-19,1988-03-19,8,1,7,0.159091
42,1980-07-19,1988-03-19,8,2,2,0.045455
42,1980-07-19,1988-03-19,8,3,4,0.090909
42,1980-07-19,1988-03-19,8,4,2,0.045455
42,1980-07-19,1988-03-19,8,5,12,0.272727
42,1980-07-19,1988-03-19,8,6,3,0.068182
42,1980-07-19,1988-03-19,8,7,5,0.113636
42,1980-07-19,1988-03-19,8,8,4,0.090909
42,1980-07-19,1988-03-19,8,9,5,0.113636
42,1980-07-19,1988-03-19,9,1,4,0.085106
42,1980-07-19,1988-03-19,9,2,3,0.06383
42,1980-07-19,1988-03-19,9,3,3,0.06383
42,1980-07-19,1988-03-19,9,4,4,0.085106
42,1980-07-19,1988-03-19,9,5,7,0.148936
42,1980-07-19,1988-03-19,9,6,6,0.12766
42,1980-07-19,1988-03-19,9,7,6,0.12766
42,1980-07-19,1988-03-19,9,8,7,0.148936
42,1980-07-19,1988-03-19,9,9,7,0.148936
43,1982-06-19,1990-02-17,1,1,5,0.128205
43,1982-06-19,1990-02-17,1,2,6,0.153846
43,1982-06-19,1990-02-17,1,3,2,0.051282
43,1982-06-19,1990-02-17,1,4,4,0.102564
43,1982-06-19,1990-02-17,1,5,8,0.205128
43,1982-06-19,1990-02-17,1,6,1,0.025641
43,1982-06-19,1990-02-17,1,7,6,0.153846
43,1982-06-19,1990-02-17,1,8,2,0.051282
43,1982-06-19,1990-02-17,1,9,5,0.128205
43,1982-06-19,1990-02-17,2,1,3,0.069767
43,1982-06-19,1990-02-17,2,2,1,0.023256
43,1982-06-19,1990-02-17,2,3,5,0.116279
43,1982-06-19,1990-02-17,2,4,5,0.116279
43,1982-06-19,1990-02-17,2,5,4,0.093023
43,1982-06-19,1990-02-17,2,6,6,0.139535
43,1982-06-19,1990-02-17,2,7,4,0.093023
43,1982-06-19,1990-02-17,2,8,9,0.209302
43,1982-06-19,1990-02-17,2,9,6,0.139535
43,1982-06-19,1990-02-17,3,1,4,0.117647
43,1982-06-19,1990-02-17,3,2,4,0.117647
43,1982-06-19,1990-02-17,3,3,6,0.176471
43,1982-06-19,1990-02-17,3,4,2,0.058824
43,1982-06-19,1990-02-17,3,5,4,0.117647
43,1982-06-19,1990-02-17,3,6,6,0.176471
43,1982-06-19,1990-02-17,3,7,3,0.088235
43,1982-06-19,1990-02-17,3,8,2,0.058824
43,1982-06-19,1990-02-17,3,9,3,0.088235
43,1982-06-19,1990-02-17,4,1,4,0.108108
43,1982-06-19,1990-02-17,4,2,5,0.135135
43,1982-06-19,1990-02-17,4,3,3,0.081081
43,1982-06-19,1990-02-17,4,4,2,0.054054
43,1982-06-19,1990-02-17,4,5,5,0.135135
43,1982-06-19,1990-02-17,4,6,5,0.135135
43,1982-06-19,1990-02-17,4,7,4,0.108108
43,1982-06-19,1990-02-17,4,8,5,0.135135
43,1982-06-19,1990-02-17,4,9,4,0.108108
43,1982-06-19,1990-02-17,5,1,3,0.055556
43,1982-06-19,1990-02-17,5,2,8,0.148148
43,1982-06-19,1990-02-17,5,3,5,0.092593
43,1982-06-19,1990-02-17,5,4,8,0.148148
43,1982-06-19,1990-02-17,5,5,2,0.037037
43,1982-06-19,1990-02-17,5,6,8,0.148148
43,1982-06-19,1990-02-17,5,7,6,0.111111
43,1982-06-19,1990-02-17,5,8,4,0.074074
43,1982-06-19,1990-02-17,5,9,10,0.185185
43,1982-06-19,1990-02-17,6,1,6,0.12766
43,1982-06-19,1990-02-17,6,2,6,0.12766
43,1982-06-19,1990-02-17,6,3,1,0.021277
43,1982-06-19,1990-02-17,6,4,4,0.085106
43,1982-06-19,1990-02-17,6,5,5,0.106383
43,1982-06-19,1990-02-17,6,6,3,0.06383
43,1982-06-19,1990-02-17,6,7,8,0.170213
43,1982-06-19,1990-02-17,6,8,7,0.148936
43,1982-06-19,1990-02-17,6,9,7,0.148936
43,1982-06-19,1990-02-17,7,1,5,0.104167
43,1982-06-19,1990-02-17,7,2,4,0.083333
43,1982-06-19,1990-02-17,7,3,5,0.104167
43,1982-06-19,1990-02-17,7,4,4,0.083333
43,1982-06-19,1990-02-17,7,5,6,0.125
43,1982-06-19,1990-02-17,7,6,9,0.1875
43,1982-06-19,1990-02-17,7,7,6,0.125
43,1982-06-19,1990-02-17,7,8,4,0.083333
43,1982-06-19,1990-02-17,7,9,5,0.104167
43,1982-06-19,1990-02-17,8,1,7,0.152174
43,1982-06-19,1990-02-17,8,2,3,0.065217
43,1982-06-19,1990-02-17,8,3,3,0.065217
43,1982-06-19,1990-02-17,8,4,4,0.086957
43,1982-06-19,1990-02-17,8,5,12,0.26087
43,1982-06-19,1990-02-17,8,6,2,0.043478
43,1982-06-19,1990-02-17,8,7,5,0.108696
43,1982-06-19,1990-02-17,8,8,5,0.108696
43,1982-06-19,1990-02-17,8,9,5,0.108696
43,1982-06-19,1990-02-17,9,1,2,0.038462
43,1982-06-19,1990-02-17,9,2,6,0.115385
43,1982-06-19,1990-02-17,9,3,4,0.076923
43,1982-06-19,1990-02-17,9,4,4,0.076923
43,1982-06-19,1990-02-17,9,5,9,0.173077
43,1982-06-19,1990-02-17,9,6,7,0.134615
43,1982-06-19,1990-02-17,9,7,6,0.115385
43,1982-06-19,1990-02-17,9,8,7,0.134615
43,1982-06-19,1990-02-17,9,9,7,0.134615
44,1984-05-19,1992-01-18,1,1,4,0.121212
44,1984-05-19,1992-01-18,1,2,5,0.151515
44,1984-05-19,1992-01-18,1,3,2,0.060606
44,1984-05-19,1992-01-18,1,4,2,0.060606
44,1984-05-19,1992-01-18,1,5,8,0.242424
44,1984-05-19,1992-01-18,1,6,1,0.030303
44,1984-05-19,1992-01-18,1,7,4,0.121212
44,1984-05-19,1992-01-18,1,8,2,0.060606
44,1984-05-19,1992-01-18,1,9,5,0.151515
44,1984-05-19,1992-01-18,2,1,2,0.047619
44,1984-05-19,1992-01-18,2,2,1,0.02381
44,1984-05-19,1992-01-18,2,3,4,0.095238
44,1984-05-19,1992-01-18,2,4,6,0.142857
44,1984-05-19,1992-01-18,2,5,4,0.095238
44,1984-05-19,1992-01-18,2,6,10,0.238095
44,1984-05-19,1992-01-18,2,7,3,0.071429
44,1984-05-19,1992-01-18,2,8,7,0.166667
44,1984-05-19,1992-01-18,2,9,5,0.119048
44,1984-05-19,1992-01-18,3,1,4,0.1
44,1984-05-19,1992-01-18,3,2,6,0.15
44,1984-05-19,1992-01-18,3,3,8,0.2
44,1984-05-19,1992-01-18,3,4,2,0.05
44,1984-05-19,1992-01-18,3,5,5,0.125
44,1984-05-19,1992-01-18,3,6,2,0.05
44,1984-05-19,1992-01-18,3,7,3,0.075
44,1984-05-19,1992-01-18,3,8,4,0.1
44,1984-05-19,1992-01-18,3,9,6,0.15
44,1984-05-19,1992-01-18,4,1,3,0.065217
44,1984-05-19,1992-01-18,4,2,3,0.065217
44,1984-05-19,1992-01-18,4,3,5,0.108696
44,1984-05-19,1992-01-18,4,4,4,0.086957
44,1984-05-19,1992-01-18,4,5,8,0.173913
44,1984-05-19,1992-01-18,4,6,6,0.130435
44,1984-05-19,1992-01-18,4,7,7,0.152174
44,1984-05-19,1992-01-18,4,8,8,0.173913
44,1984-05-19,1992-01-18,4,9,2,0.043478
44,1984-05-19,1992-01-18,5,1,2,0.036364
44,1984-05-19,1992-01-18,5,2,8,0.145455
44,1984-05-19,1992-01-18,5,3,5,0.090909
44,1984-05-19,1992-01-18,5,4,11,0.2
44,1984-05-19,1992-01-18,5,5,5,0.090909
44,1984-05-19,1992-01-18,5,6,7,0.127273
44,1984-05-19,1992-01-18,5,7,6,0.109091
44,1984-05-19,1992-01-18,5,8,2,0.036364
44,1984-05-19,1992-01-18,5,9,9,0.163636
44,1984-05-19,1992-01-18,6,1,6,0.136364
44,1984-05-19,1992-01-18,6,2,6,0.136364
44,1984-05-19,1992-01-18,6,3,2,0.045455
44,1984-05-19,1992-01-18,6,4,3,0.068182
44,1984-05-19,1992-01-18,6,5,6,0.136364
44,1984-05-19,1992-01-18,6,6,2,0.045455
44,1984-05-19,1992-01-18,6,7,8,0.181818
44,1984-05-19,1992-01-18,6,8,5,0.113636
44,1984-05-19,1992-01-18,6,9,6,0.136364
44,1984-05-19,1992-01-18,7,1,3,0.065217
44,1984-05-19,1992-01-18,7,2,3,0.065217
44,1984-05-19,1992-01-18,7,3,5,0.108696
44,1984-05-19,1992-01-18,7,4,6,0.130435
44,1984-05-19,1992-01-18,7,5,6,0.130435
44,1984-05-19,1992-01-18,7,6,8,0.173913
44,1984-05-19,1992-01-18,7,7,6,0.130435
44,1984-05-19,1992-01-18,7,8,4,0.086957
44,1984-05-19,1992-01-18,7,9,5,0.108696
44,1984-05-19,1992-01-18,8,1,7,0.166667
44,1984-05-19,1992-01-18,8,2,5,0.119048
44,1984-05-19,1992-01-18,8,3,3,0.071429
44,1984-05-19,1992-01-18,8,4,6,0.142857
44,1984-05-19,1992-01-18,8,5,6,0.142857
44,1984-05-19,1992-01-18,8,6,1,0.02381
44,1984-05-19,1992-01-18,8,7,3,0.071429
44,1984-05-19,1992-01-18,8,8,4,0.095238
44,1984-05-19,1992-01-18,8,9,7,0.166667
44,1984-05-19,1992-01-18,9,1,2,0.038462
44,1984-05-19,1992-01-18,9,2,6,0.115385
44,1984-05-19,1992-01-18,9,3,6,0.115385
44,1984-05-19,1992-01-18,9,4,6,0.115385
44,1984-05-19,1992-01-18,9,5,7,0.134615
44,1984-05-19,1992-01-18,9,6,6,0.115385
44,1984-05-19,1992-01-18,9,7,6,0.115385
44,1984-05-19,1992-01-18,9,8,6,0.115385
44,1984-05-19,1992-01-18,9,9,7,0.134615
45,1986-04-19,1993-12-18,1,1,5,0.151515
45,1986-04-19,1993-12-18,1,2,3,0.090909
45,1986-04-19,1993-12-18,1,3,1,0.030303
45,1986-04-19,1993-12-18,1,4,3,0.090909
45,1986-04-19,1993-12-18,1,5,7,0.212121
45,1986-04-19,1993-12-18,1,6,2,0.060606
45,1986-04-19,1993-12-18,1,7,4,0.121212
45,1986-04-19,1993-12-18,1,8,3,0.090909
45,1986-04-19,1993-12-18,1,9,5,0.151515
45,1986-04-19,1993-12-18,2,1,2,0.047619
45,1986-04-19,1993-12-18,2,2,2,0.047619
45,1986-04-19,1993-12-18,2,3,3,0.071429
45,1986-04-19,1993-12-18,2,4,6,0.142857
45,1986-04-19,1993-12-18,2,5,7,0.166667
45,1986-04-19,1993-12-18,2,6,9,0.214286
45,1986-04-19,1993-12-18,2,7,4,0.095238
45,1986-04-19,1993-12-18,2,8,8,0.190476
45,1986-04-19,1993-12-18,2,9,1,0.02381
45,1986-04-19,1993-12-18,3,1,3,0.065217
45,1986-04-19,1993-12-18,3,2,7,0.152174
45,1986-04-19,1993-12-18,3,3,8,0.173913
45,1986-04-19,1993-12-18,3,4,4,0.086957
45,1986-04-19,1993-12-18,3,5,5,0.108696
45,1986-04-19,1993-12-18,3,6,3,0.065217
45,1986-04-19,1993-12-18,3,7,5,0.108696
45,1986-04-19,1993-12-18,3,8,5,0.108696
45,1986-04-19,1993-12-18,3,9,6,0.130435
45,1986-04-19,1993-12-18,4,1,3,0.066667
45,1986-04-19,1993-12-18,4,2,3,0.066667
45,1986-04-19,1993-12-18,4,3,5,0.111111
45,1986-04-19,1993-12-18,4,4,3,0.066667
45,1986-04-19,1993-12-18,4,5,8,0.177778
45,1986-04-19,1993-12-18,4,6,7,0.155556
45,1986-04-19,1993-12-18,4,7,6,0.133333
45,1986-04-19,1993-12-18,4,8,8,0.177778
45,1986-04-19,1993-12-18,4,9,2,0.044444
45,1986-04-19,1993-12-18,5,1,2,0.035714
45,1986-04-19,1993-12-18,5,2,9,0.160714
45,1986-04-19,1993-12-18,5,3,5,0.089286
45,1986-04-19,1993-12-18,5,4,10,0.178571
45,1986-04-19,1993-12-18,5,5,6,0.107143
45,1986-04-19,1993-12-18,5,6,4,0.071429
45,1986-04-19,1993-12-18,5,7,7,0.125
45,1986-04-19,1993-12-18,5,8,4,0.071429
45,1986-04-19,1993-12-18,5,9,9,0.160714
45,1986-04-19,1993-12-18,6,1,5,0.131579
45,1986-04-19,1993-12-18,6,2,3,0.078947
45,1986-04-19,1993-12-18,6,3,2,0.052632
45,1986-04-19,1993-12-18,6,4,2,0.052632
45,1986-04-19,1993-12-18,6,5,5,0.131579
45,1986-04-19,1993-12-18,6,6,3,0.078947
45,1986-04-19,1993-12-18,6,7,8,0.210526
45,1986-04-19,1993-12-18,6,8,4,0.105263
45,1986-04-19,1993-12-18,6,9,6,0.157895
45,1986-04-19,1993-12-18,7,1,5,0.119048
45,1986-04-19,1993-12-18,7,2,3,0.071429
45,1986-04-19,1993-12-18,7,3,6,0.142857
45,1986-04-19,1993-12-18,7,4,5,0.119048
45,1986-04-19,1993-12-18,7,5,7,0.166667
45,1986-04-19,1993-12-18,7,6,5,0.119048
45,1986-04-19,1993-12-18,7,7,0,0.0
45,1986-04-19,1993-12-18,7,8,6,0.142857
45,1986-04-19,1993-12-18,7,9,5,0.119048
45,1986-04-19,1993-12-18,8,1,7,0.145833
45,1986-04-19,1993-12-18,8,2,4,0.083333
45,1986-04-19,1993-12-18,8,3,7,0.145833
45,1986-04-19,1993-12-18,8,4,6,0.125
45,1986-04-19,1993-12-18,8,5,5,0.104167
45,1986-04-19,1993-12-18,8,6,1,0.020833
45,1986-04-19,1993-12-18,8,7,3,0.0625
45,1986-04-19,1993-12-18,8,8,7,0.145833
45,1986-04-19,1993-12-18,8,9,8,0.166667
45,1986-04-19,1993-12-18,9,1,2,0.04
45,1986-04-19,1993-12-18,9,2,8,0.16
45,1986-04-19,1993-12-18,9,3,9,0.18
45,1986-04-19,1993-12-18,9,4,6,0.12
45,1986-04-19,1993-12-18,9,5,6,0.12
45,1986-04-19,1993-12-18,9,6,4,0.08
45,1986-04-19,1993-12-18,9,7,5,0.1
45,1986-04-19,1993-12-18,9,8,3,0.06
45,1986-04-19,1993-12-18,9,9,7,0.14
46,1988-03-19,1995-11-18,1,1,4,0.129032
46,1988-03-19,1995-11-18,1,2,4,0.129032
46,1988-03-19,1995-11-18,1,3,1,0.032258
46,1988-03-19,1995-11-18,1,4,5,0.16129
46,1988-03-19,1995-11-18,1,5,7,0.225806
46,1988-03-19,1995-11-18,1,6,2,0.064516
46,1988-03-19,1995-11-18,1,7,1,0.032258
46,1988-03-19,1995-11-18,1,8,3,0.096774
46,1988-03-19,1995-11-18,1,9,4,0.129032
46,1988-03-19,1995-11-18,2,1,4,0.085106
46,1988-03-19,1995-11-18,2,2,2,0.042553
46,1988-03-19,1995-11-18,2,3,3,0.06383
46,1988-03-19,1995-11-18,2,4,5,0.106383
46,1988-03-19,1995-11-18,2,5,8,0.170213
46,1988-03-19,1995-11-18,2,6,9,0.191489
46,1988-03-19,1995-11-18,2,7,4,0.085106
46,1988-03-19,1995-11-18,2,8,9,0.191489
46,1988-03-19,1995-11-18,2,9,3,0.06383
46,1988-03-19,1995-11-18,3,1,0,0.0
46,1988-03-19,1995-11-18,3,2,8,0.177778
46,1988-03-19,1995-11-18,3,3,7,0.155556
46,1988-03-19,1995-11-18,3,4,4,0.088889
46,1988-03-19,1995-11-18,3,5,5,0.111111
46,1988-03-19,1995-11-18,3,6,2,0.044444
46,1988-03-19,1995-11-18,3,7,8,0.177778
46,1988-03-19,1995-11-18,3,8,6,0.133333
46,1988-03-19,1995-11-18,3,9,5,0.111111
46,1988-03-19,1995-11-18,4,1,2,0.041667
46,1988-03-19,1995-11-18,4,2,5,0.104167
46,1988-03-19,1995-11-18,4,3,6,0.125
46,1988-03-19,1995-11-18,4,4,4,0.083333
46,1988-03-19,1995-11-18,4,5,9,0.1875
46,1988-03-19,1995-11-18,4,6,7,0.145833
46,1988-03-19,1995-11-18,4,7,7,0.145833
46,1988-03-19,1995-11-18,4,8,6,0.125
46,1988-03-19,1995-11-18,4,9,2,0.041667
46,1988-03-19,1995-11-18,5,1,3,0.054545
46,1988-03-19,1995-11-18,5,2,9,0.163636
46,1988-03-19,1995-11-18,5,3,5,0.090909
46,1988-03-19,1995-11-18,5,4,11,0.2
46,1988-03-19,1995-11-18,5,5,5,0.090909
46,1988-03-19,1995-11-18,5,6,1,0.018182
46,1988-03-19,1995-11-18,5,7,7,0.127273
46,1988-03-19,1995-11-18,5,8,5,0.090909
46,1988-03-19,1995-11-18,5,9,9,0.163636
46,1988-03-19,1995-11-18,6,1,3,0.09375
46,1988-03-19,1995-11-18,6,2,3,0.09375
46,1988-03-19,1995-11-18,6,3,1,0.03125
46,1988-03-19,1995-11-18,6,4,3,0.09375
46,1988-03-19,1995-11-18,6,5,4,0.125
46,1988-03-19,1995-11-18,6,6,3,0.09375
46,1988-03-19,1995-11-18,6,7,8,0.25
46,1988-03-19,1995-11-18,6,8,4,0.125
46,1988-03-19,1995-11-18,6,9,3,0.09375
46,1988-03-19,1995-11-18,7,1,6,0.133333
46,1988-03-19,1995-11-18,7,2,4,0.088889
46,1988-03-19,1995-11-18,7,3,8,0.177778
46,1988-03-19,1995-11-18,7,4,3,0.066667
46,1988-03-19,1995-11-18,7,5,8,0.177778
46,1988-03-19,1995-11-18,7,6,4,0.088889
46,1988-03-19,1995-11-18,7,7,1,0.022222
46,1988-03-19,1995-11-18,7,8,6,0.133333
46,1988-03-19,1995-11-18,7,9,5,0.111111
46,1988-03-19,1995-11-18,8,1,6,0.12
46,1988-03-19,1995-11-18,8,2,5,0.1
46,1988-03-19,1995-11-18,8,3,8,0.16
46,1988-03-19,1995-11-18,8,4,6,0.12
46,1988-03-19,1995-11-18,8,5,4,0.08
46,1988-03-19,1995-11-18,8,6,2,0.04
46,1988-03-19,1995-11-18,8,7,4,0.08
46,1988-03-19,1995-11-18,8,8,7,0.14
46,1988-03-19,1995-11-18,8,9,8,0.16
46,1988-03-19,1995-11-18,9,1,2,0.042553
46,1988-03-19,1995-11-18,9,2,7,0.148936
46,1988-03-19,1995-11-18,9,3,6,0.12766
46,1988-03-19,1995-11-18,9,4,7,0.148936
46,1988-03-19,1995-11-18,9,5,5,0.106383
46,1988-03-19,1995-11-18,9,6,3,0.06383
46,1988-03-19,1995-11-18,9,7,5,0.106383
46,1988-03-19,1995-11-18,9,8,4,0.085106
46,1988-03-19,1995-11-18,9,9,8,0.170213
47,1990-02-17,1997-06-28,1,1,3,0.088235
47,1990-02-17,1997-06-28,1,2,4,0.117647
47,1990-02-17,1997-06-28,1,3,2,0.058824
47,1990-02-17,1997-06-28,1,4,5,0.147059
47,1990-02-17,1997-06-28,1,5,6,0.176471
47,1990-02-17,1997-06-28,1,6,4,0.117647
47,1990-02-17,1997-06-28,1,7,2,0.058824
47,1990-02-17,1997-06-28,1,8,6,0.176471
47,1990-02-17,1997-06-28,1,9,2,0.058824
47,1990-02-17,1997-06-28,2,1,6,0.136364
47,1990-02-17,1997-06-28,2,2,3,0.068182
47,1990-02-17,1997-06-28,2,3,5,0.113636
47,1990-02-17,1997-06-28,2,4,5,0.113636
47,1990-02-17,1997-06-28,2,5,8,0.181818
47,1990-02-17,1997-06-28,2,6,6,0.136364
47,1990-02-17,1997-06-28,2,7,4,0.090909
47,1990-02-17,1997-06-28,2,8,4,0.090909
47,1990-02-17,1997-06-28,2,9,3,0.068182
47,1990-02-17,1997-06-28,3,1,1,0.020408
47,1990-02-17,1997-06-28,3,2,9,0.183673
47,1990-02-17,1997-06-28,3,3,8,0.163265
47,1990-02-17,1997-06-28,3,4,6,0.122449
47,1990-02-17,1997-06-28,3,5,3,0.061224
47,1990-02-17,1997-06-28,3,6,3,0.061224
47,1990-02-17,1997-06-28,3,7,9,0.183673
47,1990-02-17,1997-06-28,3,8,7,0.142857
47,1990-02-17,1997-06-28,3,9,3,0.061224
47,1990-02-17,1997-06-28,4,1,5,0.096154
47,1990-02-17,1997-06-28,4,2,5,0.096154
47,1990-02-17,1997-06-28,4,3,6,0.115385
47,1990-02-17,1997-06-28,4,4,5,0.096154
47,1990-02-17,1997-06-28,4,5,10,0.192308
47,1990-02-17,1997-06-28,4,6,4,0.076923
47,1990-02-17,1997-06-28,4,7,6,0.115385
47,1990-02-17,1997-06-28,4,8,6,0.115385
47,1990-02-17,1997-06-28,4,9,5,0.096154
47,1990-02-17,1997-06-28,5,1,3,0.057692
47,1990-02-17,1997-06-28,5,2,6,0.115385
47,1990-02-17,1997-06-28,5,3,4,0.076923
47,1990-02-17,1997-06-28,5,4,11,0.211538
47,1990-02-17,1997-06-28,5,5,6,0.115385
47,1990-02-17,1997-06-28,5,6,3,0.057692
47,1990-02-17,1997-06-28,5,7,7,0.134615
47,1990-02-17,1997-06-28,5,8,5,0.096154
47,1990-02-17,1997-06-28,5,9,7,0.134615
47,1990-02-17,1997-06-28,6,1,2,0.064516
47,1990-02-17,1997-06-28,6,2,4,0.129032
47,1990-02-17,1997-06-28,6,3,2,0.064516
47,1990-02-17,1997-06-28,6,4,5,0.16129
47,1990-02-17,1997-06-28,6,5,1,0.032258
47,1990-02-17,1997-06-28,6,6,3,0.096774
47,1990-02-17,1997-06-28,6,7,5,0.16129
47,1990-02-17,1997-06-28,6,8,4,0.129032
47,1990-02-17,1997-06-28,6,9,5,0.16129
47,1990-02-17,1997-06-28,7,1,6,0.130435
47,1990-02-17,1997-06-28,7,2,3,0.065217
47,1990-02-17,1997-06-28,7,3,8,0.173913
47,1990-02-17,1997-06-28,7,4,5,0.108696
47,1990-02-17,1997-06-28,7,5,8,0.173913
47,1990-02-17,1997-06-28,7,6,4,0.086957
47,1990-02-17,1997-06-28,7,7,2,0.043478
47,1990-02-17,1997-06-28,7,8,5,0.108696
47,1990-02-17,1997-06-28,7,9,5,0.108696
47,1990-02-17,1997-06-28,8,1,7,0.14
47,1990-02-17,1997-06-28,8,2,5,0.1
47,1990-02-17,1997-06-28,8,3,8,0.16
47,1990-02-17,1997-06-28,8,4,5,0.1
47,1990-02-17,1997-06-28,8,5,5,0.1
47,1990-02-17,1997-06-28,8,6,1,0.02
47,1990-02-17,1997-06-28,8,7,6,0.12
47,1990-02-17,1997-06-28,8,8,7,0.14
47,1990-02-17,1997-06-28,8,9,6,0.12
47,1990-02-17,1997-06-28,9,1,1,0.02381
47,1990-02-17,1997-06-28,9,2,5,0.119048
47,1990-02-17,1997-06-28,9,3,6,0.142857
47,1990-02-17,1997-06-28,9,4,5,0.119048
47,1990-02-17,1997-06-28,9,5,5,0.119048
47,1990-02-17,1997-06-28,9,6,3,0.071429
47,1990-02-17,1997-06-28,9,7,5,0.119048
47,1990-02-17,1997-06-28,9,8,6,0.142857
47,1990-02-17,1997-06-28,9,9,6,0.142857
48,1992-01-18,1998-06-13,1,1,3,0.076923
48,1992-01-18,1998-06-13,1,2,4,0.102564
48,1992-01-18,1998-06-13,1,3,3,0.076923
48,1992-01-18,1998-06-13,1,4,5,0.128205
48,1992-01-18,1998-06-13,1,5,5,0.128205
48,1992-01-18,1998-06-13,1,6,5,0.128205
48,1992-01-18,1998-06-13,1,7,3,0.076923
48,1992-01-18,1998-06-13,1,8,7,0.179487
48,1992-01-18,1998-06-13,1,9,4,0.102564
48,1992-01-18,1998-06-13,2,1,6,0.142857
48,1992-01-18,1998-06-13,2,2,4,0.095238
48,1992-01-18,1998-06-13,2,3,4,0.095238
48,1992-01-18,1998-06-13,2,4,7,0.166667
48,1992-01-18,1998-06-13,2,5,7,0.166667
48,1992-01-18,1998-06-13,2,6,2,0.047619
48,1992-01-18,1998-06-13,2,7,4,0.095238
48,1992-01-18,1998-06-13,2,8,4,0.095238
48,1992-01-18,1998-06-13,2,9,4,0.095238
48,1992-01-18,1998-06-13,3,1,1,0.02439
48,1992-01-18,1998-06-13,3,2,6,0.146341
48,1992-01-18,1998-06-13,3,3,5,0.121951
48,1992-01-18,1998-06-13,3,4,5,0.121951
48,1992-01-18,1998-06-13,3,5,2,0.04878
48,1992-01-18,1998-06-13,3,6,6,0.146341
48,1992-01-18,1998-06-13,3,7,9,0.219512
48,1992-01-18,1998-06-13,3,8,6,0.146341
48,1992-01-18,1998-06-13,3,9,1,0.02439
48,1992-01-18,1998-06-13,4,1,9,0.18
48,1992-01-18,1998-06-13,4,2,6,0.12
48,1992-01-18,1998-06-13,4,3,4,0.08
48,1992-01-18,1998-06-13,4,4,4,0.08
48,1992-01-18,1998-06-13,4,5,9,0.18
48,1992-01-18,1998-06-13,4,6,4,0.08
48,1992-01-18,1998-06-13,4,7,5,0.1
48,1992-01-18,1998-06-13,4,8,2,0.04
48,1992-01-18,1998-06-13,4,9,7,0.14
48,1992-01-18,1998-06-13,5,1,2,0.039216
48,1992-01-18,1998-06-13,5,2,6,0.117647
48,1992-01-18,1998-06-13,5,3,3,0.058824
48,1992-01-18,1998-06-13,5,4,8,0.156863
48,1992-01-18,1998-06-13,5,5,4,0.078431
48,1992-01-18,1998-06-13,5,6,3,0.058824
48,1992-01-18,1998-06-13,5,7,8,0.156863
48,1992-01-18,1998-06-13,5,8,8,0.156863
48,1992-01-18,1998-06-13,5,9,9,0.176471
48,1992-01-18,1998-06-13,6,1,3,0.088235
48,1992-01-18,1998-06-13,6,2,4,0.117647
48,1992-01-18,1998-06-13,6,3,2,0.058824
48,1992-01-18,1998-06-13,6,4,5,0.147059
48,1992-01-18,1998-06-13,6,5,1,0.029412
48,1992-01-18,1998-06-13,6,6,4,0.117647
48,1992-01-18,1998-06-13,6,7,4,0.117647
48,1992-01-18,1998-06-13,6,8,4,0.117647
48,1992-01-18,1998-06-13,6,9,7,0.205882
48,1992-01-18,1998-06-13,7,1,7,0.14
48,1992-01-18,1998-06-13,7,2,2,0.04
48,1992-01-18,1998-06-13,7,3,6,0.12
48,1992-01-18,1998-06-13,7,4,5,0.1
48,1992-01-18,1998-06-13,7,5,11,0.22
48,1992-01-18,1998-06-13,7,6,4,0.08
48,1992-01-18,1998-06-13,7,7,4,0.08
48,1992-01-18,1998-06-13,7,8,5,0.1
48,1992-01-18,1998-06-13,7,9,6,0.12
48,1992-01-18,1998-06-13,8,1,6,0.12766
48,1992-01-18,1998-06-13,8,2,3,0.06383
48,1992-01-18,1998-06-13,8,3,8,0.170213
48,1992-01-18,1998-06-13,8,4,6,0.12766
48,1992-01-18,1998-06-13,8,5,5,0.106383
48,1992-01-18,1998-06-13,8,6,2,0.042553
48,1992-01-18,1998-06-13,8,7,8,0.170213
48,1992-01-18,1998-06-13,8,8,6,0.12766
48,1992-01-18,1998-06-13,8,9,3,0.06383
48,1992-01-18,1998-06-13,9,1,2,0.043478
48,1992-01-18,1998-06-13,9,2,6,0.130435
48,1992-01-18,1998-06-13,9,3,7,0.152174
48,1992-01-18,1998-06-13,9,4,5,0.108696
48,1992-01-18,1998-06-13,9,5,7,0.152174
48,1992-01-18,1998-06-13,9,6,4,0.086957
48,1992-01-18,1998-06-13,9,7,5,0.108696
48,1992-01-18,1998-06-13,9,8,5,0.108696
48,1992-01-18,1998-06-13,9,9,5,0.108696
49,1993-12-18,1999-05-29,1,1,6,0.136364
49,1993-12-18,1999-05-29,1,2,5,0.113636
49,1993-12-18,1999-05-29,1,3,3,0.068182
49,1993-12-18,1999-05-29,1,4,7,0.159091
49,1993-12-18,1999-05-29,1,5,4,0.090909
49,1993-12-18,1999-05-29,1,6,5,0.113636
49,1993-12-18,1999-05-29,1,7,3,0.068182
49,1993-12-18,1999-05-29,1,8,7,0.159091
49,1993-12-18,1999-05-29,1,9,4,0.090909
49,1993-12-18,1999-05-29,2,1,8,0.181818
49,1993-12-18,1999-05-29,2,2,5,0.113636
49,1993-12-18,1999-05-29,2,3,4,0.090909
49,1993-12-18,1999-05-29,2,4,6,0.136364
49,1993-12-18,1999-05-29,2,5,5,0.113636
49,1993-12-18,1999-05-29,2,6,3,0.068182
49,1993-12-18,1999-05-29,2,7,3,0.068182
49,1993-12-18,1999-05-29,2,8,6,0.136364
49,1993-12-18,1999-05-29,2,9,4,0.090909
49,1993-12-18,1999-05-29,3,1,1,0.028571
49,1993-12-18,1999-05-29,3,2,5,0.142857
49,1993-12-18,1999-05-29,3,3,3,0.085714
49,1993-12-18,1999-05-29,3,4,6,0.171429
49,1993-12-18,1999-05-29,3,5,3,0.085714
49,1993-12-18,1999-05-29,3,6,6,0.171429
49,1993-12-18,1999-05-29,3,7,5,0.142857
49,1993-12-18,1999-05-29,3,8,4,0.114286
49,1993-12-18,1999-05-29,3,9,2,0.057143
49,1993-12-18,1999-05-29,4,1,9,0.155172
49,1993-12-18,1999-05-29,4,2,8,0.137931
49,1993-12-18,1999-05-29,4,3,5,0.086207
49,1993-12-18,1999-05-29,4,4,6,0.103448
49,1993-12-18,1999-05-29,4,5,11,0.189655
49,1993-12-18,1999-05-29,4,6,3,0.051724
49,1993-12-18,1999-05-29,4,7,6,0.103448
49,1993-12-18,1999-05-29,4,8,3,0.051724
49,1993-12-18,1999-05-29,4,9,7,0.12069
49,1993-12-18,1999-05-29,5,1,3,0.055556
49,1993-12-18,1999-05-29,5,2,5,0.092593
49,1993-12-18,1999-05-29,5,3,5,0.092593
49,1993-12-18,1999-05-29,5,4,11,0.203704
49,1993-12-18,1999-05-29,5,5,5,0.092593
49,1993-12-18,1999-05-29,5,6,4,0.074074
49,1993-12-18,1999-05-29,5,7,6,0.111111
49,1993-12-18,1999-05-29,5,8,6,0.111111
49,1993-12-18,1999-05-29,5,9,9,0.166667
49,1993-12-18,1999-05-29,6,1,3,0.076923
49,1993-12-18,1999-05-29,6,2,4,0.102564
49,1993-12-18,1999-05-29,6,3,2,0.051282
49,1993-12-18,1999-05-29,6,4,6,0.153846
49,1993-12-18,1999-05-29,6,5,3,0.076923
49,1993-12-18,1999-05-29,6,6,4,0.102564
49,1993-12-18,1999-05-29,6,7,6,0.153846
49,1993-12-18,1999-05-29,6,8,4,0.102564
49,1993-12-18,1999-05-29,6,9,7,0.179487
49,1993-12-18,1999-05-29,7,1,5,0.113636
49,1993-12-18,1999-05-29,7,2,2,0.045455
49,1993-12-18,1999-05-29,7,3,5,0.113636
49,1993-12-18,1999-05-29,7,4,6,0.136364
49,1993-12-18,1999-05-29,7,5,10,0.227273
49,1993-12-18,1999-05-29,7,6,4,0.090909
49,1993-12-18,1999-05-29,7,7,4,0.090909
49,1993-12-18,1999-05-29,7,8,3,0.068182
49,1993-12-18,1999-05-29,7,9,5,0.113636
49,1993-12-18,1999-05-29,8,1,5,0.125
49,1993-12-18,1999-05-29,8,2,4,0.1
49,1993-12-18,1999-05-29,8,3,4,0.1
49,1993-12-18,1999-05-29,8,4,6,0.15
49,1993-12-18,1999-05-29,8,5,7,0.175
49,1993-12-18,1999-05-29,8,6,4,0.1
49,1993-12-18,1999-05-29,8,7,6,0.15
49,1993-12-18,1999-05-29,8,8,3,0.075
49,1993-12-18,1999-05-29,8,9,1,0.025
49,1993-12-18,1999-05-29,9,1,4,0.095238
49,1993-12-18,1999-05-29,9,2,6,0.142857
49,1993-12-18,1999-05-29,9,3,4,0.095238
49,1993-12-18,1999-05-29,9,4,4,0.095238
49,1993-12-18,1999-05-29,9,5,6,0.142857
49,1993-12-18,1999-05-29,9,6,6,0.142857
49,1993-12-18,1999-05-29,9,7,5,0.119048
49,1993-12-18,1999-05-29,9,8,4,0.095238
49,1993-12-18,1999-05-29,9,9,3,0.071429
50,1995-11-18,2000-05-13,1,1,6,0.139535
50,1995-11-18,2000-05-13,1,2,3,0.069767
50,1995-11-18,2000-05-13,1,3,5,0.116279
50,1995-11-18,2000-05-13,1,4,4,0.093023
50,1995-11-18,2000-05-13,1,5,5,0.116279
50,1995-11-18,2000-05-13,1,6,5,0.116279
50,1995-11-18,2000-05-13,1,7,3,0.069767
50,1995-11-18,2000-05-13,1,8,8,0.186047
50,1995-11-18,2000-05-13,1,9,4,0.093023
50,1995-11-18,2000-05-13,2,1,8,0.177778
50,1995-11-18,2000-05-13,2,2,7,0.155556
50,1995-11-18,2000-05-13,2,3,2,0.044444
50,1995-11-18,2000-05-13,2,4,7,0.155556
50,1995-11-18,2000-05-13,2,5,3,0.066667
50,1995-11-18,2000-05-13,2,6,3,0.066667
50,1995-11-18,2000-05-13,2,7,5,0.111111
50,1995-11-18,2000-05-13,2,8,6,0.133333
50,1995-11-18,2000-05-13,2,9,4,0.088889
50,1995-11-18,2000-05-13,3,1,1,0.030303
50,1995-11-18,2000-05-13,3,2,5,0.151515
50,1995-11-18,2000-05-13,3,3,5,0.151515
50,1995-11-18,2000-05-13,3,4,6,0.181818
50,1995-11-18,2000-05-13,3,5,2,0.060606
50,1995-11-18,2000-05-13,3,6,6,0.181818
50,1995-11-18,2000-05-13,3,7,2,0.060606
50,1995-11-18,2000-05-13,3,8,4,0.121212
50,1995-11-18,2000-05-13,3,9,2,0.060606
50,1995-11-18,2000-05-13,4,1,10,0.181818
50,1995-11-18,2000-05-13,4,2,5,0.090909
50,1995-11-18,2000-05-13,4,3,4,0.072727
50,1995-11-18,2000-05-13,4,4,7,0.127273
50,1995-11-18,2000-05-13,4,5,8,0.145455
50,1995-11-18,2000-05-13,4,6,3,0.054545
50,1995-11-18,2000-05-13,4,7,6,0.109091
50,1995-11-18,2000-05-13,4,8,3,0.054545
50,1995-11-18,2000-05-13,4,9,9,0.163636
50,1995-11-18,2000-05-13,5,1,2,0.034483
50,1995-11-18,2000-05-13,5,2,7,0.12069
50,1995-11-18,2000-05-13,5,3,5,0.086207
50,1995-11-18,2000-05-13,5,4,9,0.155172
50,1995-11-18,2000-05-13,5,5,7,0.12069
50,1995-11-18,2000-05-13,5,6,4,0.068966
50,1995-11-18,2000-05-13,5,7,9,0.155172
50,1995-11-18,2000-05-13,5,8,8,0.137931
50,1995-11-18,2000-05-13,5,9,7,0.12069
50,1995-11-18,2000-05-13,6,1,3,0.075
50,1995-11-18,2000-05-13,6,2,4,0.1
50,1995-11-18,2000-05-13,6,3,3,0.075
50,1995-11-18,2000-05-13,6,4,5,0.125
50,1995-11-18,2000-05-13,6,5,6,0.15
50,1995-11-18,2000-05-13,6,6,4,0.1
50,1995-11-18,2000-05-13,6,7,5,0.125
50,1995-11-18,2000-05-13,6,8,3,0.075
50,1995-11-18,2000-05-13,6,9,7,0.175
50,1995-11-18,2000-05-13,7,1,4,0.095238
50,1995-11-18,2000-05-13,7,2,3,0.071429
50,1995-11-18,2000-05-13,7,3,2,0.047619
50,1995-11-18,2000-05-13,7,4,5,0.119048
50,1995-11-18,2000-05-13,7,5,9,0.214286
50,1995-11-18,2000-05-13,7,6,6,0.142857
50,1995-11-18,2000-05-13,7,7,4,0.095238
50,1995-11-18,2000-05-13,7,8,4,0.095238
50,1995-11-18,2000-05-13,7,9,5,0.119048
50,1995-11-18,2000-05-13,8,1,5,0.116279
50,1995-11-18,2000-05-13,8,2,4,0.093023
50,1995-11-18,2000-05-13,8,3,3,0.069767
50,1995-11-18,2000-05-13,8,4,6,0.139535
50,1995-11-18,2000-05-13,8,5,11,0.255814
50,1995-11-18,2000-05-13,8,6,3,0.069767
50,1995-11-18,2000-05-13,8,7,6,0.139535
50,1995-11-18,2000-05-13,8,8,4,0.093023
50,1995-11-18,2000-05-13,8,9,1,0.023256
50,1995-11-18,2000-05-13,9,1,4,0.097561
50,1995-11-18,2000-05-13,9,2,7,0.170732
50,1995-11-18,2000-05-13,9,3,4,0.097561
50,1995-11-18,2000-05-13,9,4,6,0.146341
50,1995-11-18,2000-05-13,9,5,7,0.170732
50,1995-11-18,2000-05-13,9,6,6,0.146341
50,1995-11-18,2000-05-13,9,7,2,0.04878
50,1995-11-18,2000-05-13,9,8,3,0.073171
50,1995-11-18,2000-05-13,9,9,2,0.04878
51,1997-06-28,2001-04-28,1,1,7,0.170732
51,1997-06-28,2001-04-28,1,2,2,0.04878
51,1997-06-28,2001-04-28,1,3,4,0.097561
51,1997-06-28,2001-04-28,1,4,6,0.146341
51,1997-06-28,2001-04-28,1,5,6,0.146341
51,1997-06-28,2001-04-28,1,6,3,0.073171
51,1997-06-28,2001-04-28,1,7,2,0.04878
51,1997-06-28,2001-04-28,1,8,5,0.121951
51,1997-06-28,2001-04-28,1,9,6,0.146341
51,1997-06-28,2001-04-28,2,1,7,0.152174
51,1997-06-28,2001-04-28,2,2,6,0.130435
51,1997-06-28,2001-04-28,2,3,0,0.0
51,1997-06-28,2001-04-28,2,4,4,0.086957
51,1997-06-28,2001-04-28,2,5,6,0.130435
51,1997-06-28,2001-04-28,2,6,3,0.065217
51,1997-06-28,2001-04-28,2,7,6,0.130435
51,1997-06-28,2001-04-28,2,8,9,0.195652
51,1997-06-28,2001-04-28,2,9,5,0.108696
51,1997-06-28,2001-04-28,3,1,1,0.030303
51,1997-06-28,2001-04-28,3,2,4,0.121212
51,1997-06-28,2001-04-28,3,3,5,0.151515
51,1997-06-28,2001-04-28,3,4,6,0.181818
51,1997-06-28,2001-04-28,3,5,2,0.060606
51,1997-06-28,2001-04-28,3,6,7,0.212121
51,1997-06-28,2001-04-28,3,7,2,0.060606
51,1997-06-28,2001-04-28,3,8,4,0.121212
51,1997-06-28,2001-04-28,3,9,2,0.060606
51,1997-06-28,2001-04-28,4,1,7,0.125
51,1997-06-28,2001-04-28,4,2,7,0.125
51,1997-06-28,2001-04-28,4,3,4,0.071429
51,1997-06-28,2001-04-28,4,4,7,0.125
51,1997-06-28,2001-04-28,4,5,8,0.142857
51,1997-06-28,2001-04-28,4,6,3,0.053571
51,1997-06-28,2001-04-28,4,7,6,0.107143
51,1997-06-28,2001-04-28,4,8,7,0.125
51,1997-06-28,2001-04-28,4,9,7,0.125
51,1997-06-28,2001-04-28,5,1,4,0.0625
51,1997-06-28,2001-04-28,5,2,7,0.109375
51,1997-06-28,2001-04-28,5,3,7,0.109375
51,1997-06-28,2001-04-28,5,4,11,0.171875
51,1997-06-28,2001-04-28,5,5,9,0.140625
51,1997-06-28,2001-04-28,5,6,2,0.03125
51,1997-06-28,2001-04-28,5,7,9,0.140625
51,1997-06-28,2001-04-28,5,8,8,0.125
51,1997-06-28,2001-04-28,5,9,7,0.109375
51,1997-06-28,2001-04-28,6,1,3,0.083333
51,1997-06-28,2001-04-28,6,2,3,0.083333
51,1997-06-28,2001-04-28,6,3,2,0.055556
51,1997-06-28,2001-04-28,6,4,2,0.055556
51,1997-06-28,2001-04-28,6,5,8,0.222222
51,1997-06-28,2001-04-28,6,6,3,0.083333
51,1997-06-28,2001-04-28,6,7,6,0.166667
51,1997-06-28,2001-04-28,6,8,2,0.055556
51,1997-06-28,2001-04-28,6,9,7,0.194444
51,1997-06-28,2001-04-28,7,1,4,0.097561
51,1997-06-28,2001-04-28,7,2,7,0.170732
51,1997-06-28,2001-04-28,7,3,2,0.04878
51,1997-06-28,2001-04-28,7,4,4,0.097561
51,1997-06-28,2001-04-28,7,5,7,0.170732
51,1997-06-28,2001-04-28,7,6,6,0.146341
51,1997-06-28,2001-04-28,7,7,4,0.097561
51,1997-06-28,2001-04-28,7,8,3,0.073171
51,1997-06-28,2001-04-28,7,9,4,0.097561
51,1997-06-28,2001-04-28,8,1,4,0.097561
51,1997-06-28,2001-04-28,8,2,3,0.073171
51,1997-06-28,2001-04-28,8,3,3,0.073171
51,1997-06-28,2001-04-28,8,4,7,0.170732
51,1997-06-28,2001-04-28,8,5,11,0.268293
51,1997-06-28,2001-04-28,8,6,4,0.097561
51,1997-06-28,2001-04-28,8,7,4,0.097561
51,1997-06-28,2001-04-28,8,8,3,0.073171
51,1997-06-28,2001-04-28,8,9,2,0.04878
51,1997-06-28,2001-04-28,9,1,4,0.095238
51,1997-06-28,2001-04-28,9,2,7,0.166667
51,1997-06-28,2001-04-28,9,3,6,0.142857
51,1997-06-28,2001-04-28,9,4,9,0.214286
51,1997-06-28,2001-04-28,9,5,6,0.142857
51,1997-06-28,2001-04-28,9,6,5,0.119048
51,1997-06-28,2001-04-28,9,7,2,0.047619
51,1997-06-28,2001-04-28,9,8,0,0.0
51,1997-06-28,2001-04-28,9,9,3,0.071429
52,1998-06-13,2002-04-10,1,1,9,0.214286
52,1998-06-13,2002-04-10,1,2,3,0.071429
52,1998-06-13,2002-04-10,1,3,4,0.095238
52,1998-06-13,2002-04-10,1,4,7,0.166667
52,1998-06-13,2002-04-10,1,5,6,0.142857
52,1998-06-13,2002-04-10,1,6,4,0.095238
52,1998-06-13,2002-04-10,1,7,1,0.02381
52,1998-06-13,2002-04-10,1,8,4,0.095238
52,1998-06-13,2002-04-10,1,9,4,0.095238
52,1998-06-13,2002-04-10,2,1,9,0.1875
52,1998-06-13,2002-04-10,2,2,6,0.125
52,1998-06-13,2002-04-10,2,3,0,0.0
52,1998-06-13,2002-04-10,2,4,1,0.020833
52,1998-06-13,2002-04-10,2,5,6,0.125
52,1998-06-13,2002-04-10,2,6,6,0.125
52,1998-06-13,2002-04-10,2,7,7,0.145833
52,1998-06-13,2002-04-10,2,8,8,0.166667
52,1998-06-13,2002-04-10,2,9,5,0.104167
52,1998-06-13,2002-04-10,3,1,1,0.028571
52,1998-06-13,2002-04-10,3,2,5,0.142857
52,1998-06-13,2002-04-10,3,3,6,0.171429
52,1998-06-13,2002-04-10,3,4,8,0.228571
52,1998-06-13,2002-04-10,3,5,2,0.057143
52,1998-06-13,2002-04-10,3,6,5,0.142857
52,1998-06-13,2002-04-10,3,7,2,0.057143
52,1998-06-13,2002-04-10,3,8,4,0.114286
52,1998-06-13,2002-04-10,3,9,2,0.057143
52,1998-06-13,2002-04-10,4,1,3,0.055556
52,1998-06-13,2002-04-10,4,2,8,0.148148
52,1998-06-13,2002-04-10,4,3,6,0.111111
52,1998-06-13,2002-04-10,4,4,7,0.12963
52,1998-06-13,2002-04-10,4,5,7,0.12963
52,1998-06-13,2002-04-10,4,6,4,0.074074
52,1998-06-13,2002-04-10,4,7,5,0.092593
52,1998-06-13,2002-04-10,4,8,8,0.148148
52,1998-06-13,2002-04-10,4,9,6,0.111111
52,1998-06-13,2002-04-10,5,1,6,0.101695
52,1998-06-13,2002-04-10,5,2,4,0.067797
52,1998-06-13,2002-04-10,5,3,8,0.135593
52,1998-06-13,2002-04-10,5,4,11,0.186441
52,1998-06-13,2002-04-10,5,5,8,0.135593
52,1998-06-13,2002-04-10,5,6,2,0.033898
52,1998-06-13,2002-04-10,5,7,8,0.135593
52,1998-06-13,2002-04-10,5,8,7,0.118644
52,1998-06-13,2002-04-10,5,9,5,0.084746
52,1998-06-13,2002-04-10,6,1,3,0.075
52,1998-06-13,2002-04-10,6,2,3,0.075
52,1998-06-13,2002-04-10,6,3,3,0.075
52,1998-06-13,2002-04-10,6,4,3,0.075
52,1998-06-13,2002-04-10,6,5,9,0.225
52,1998-06-13,2002-04-10,6,6,3,0.075
52,1998-06-13,2002-04-10,6,7,7,0.175
52,1998-06-13,2002-04-10,6,8,3,0.075
52,1998-06-13,2002-04-10,6,9,6,0.15
52,1998-06-13,2002-04-10,7,1,4,0.105263
52,1998-06-13,2002-04-10,7,2,8,0.210526
52,1998-06-13,2002-04-10,7,3,3,0.078947
52,1998-06-13,2002-04-10,7,4,4,0.105263
52,1998-06-13,2002-04-10,7,5,5,0.131579
52,1998-06-13,2002-04-10,7,6,4,0.105263
52,1998-06-13,2002-04-10,7,7,3,0.078947
52,1998-06-13,2002-04-10,7,8,3,0.078947
52,1998-06-13,2002-04-10,7,9,4,0.105263
52,1998-06-13,2002-04-10,8,1,4,0.090909
52,1998-06-13,2002-04-10,8,2,5,0.113636
52,1998-06-13,2002-04-10,8,3,1,0.022727
52,1998-06-13,2002-04-10,8,4,5,0.113636
52,1998-06-13,2002-04-10,8,5,11,0.25
52,1998-06-13,2002-04-10,8,6,6,0.136364
52,1998-06-13,2002-04-10,8,7,3,0.068182
52,1998-06-13,2002-04-10,8,8,6,0.136364
52,1998-06-13,2002-04-10,8,9,3,0.068182
52,1998-06-13,2002-04-10,9,1,3,0.075
52,1998-06-13,2002-04-10,9,2,6,0.15
52,1998-06-13,2002-04-10,9,3,3,0.075
52,1998-06-13,2002-04-10,9,4,8,0.2
52,1998-06-13,2002-04-10,9,5,5,0.125
52,1998-06-13,2002-04-10,9,6,6,0.15
52,1998-06-13,2002-04-10,9,7,2,0.05
52,1998-06-13,2002-04-10,9,8,1,0.025
52,1998-06-13,2002-04-10,9,9,6,0.15
53,1999-05-29,2003-03-08,1,1,6,0.142857
53,1999-05-29,2003-03-08,1,2,3,0.071429
53,1999-05-29,2003-03-08,1,3,6,0.142857
53,1999-05-29,2003-03-08,1,4,6,0.142857
53,1999-05-29,2003-03-08,1,5,7,0.166667
53,1999-05-29,2003-03-08,1,6,5,0.119048
53,1999-05-29,2003-03-08,1,7,2,0.047619
53,1999-05-29,2003-03-08,1,8,3,0.071429
53,1999-05-29,2003-03-08,1,9,4,0.095238
53,1999-05-29,2003-03-08,2,1,8,0.177778
53,1999-05-29,2003-03-08,2,2,4,0.088889
53,1999-05-29,2003-03-08,2,3,0,0.0
53,1999-05-29,2003-03-08,2,4,1,0.022222
53,1999-05-29,2003-03-08,2,5,5,0.111111
53,1999-05-29,2003-03-08,2,6,5,0.111111
53,1999-05-29,2003-03-08,2,7,9,0.2
53,1999-05-29,2003-03-08,2,8,7,0.155556
53,1999-05-29,2003-03-08,2,9,6,0.133333
53,1999-05-29,2003-03-08,3,1,3,0.075
53,1999-05-29,2003-03-08,3,2,5,0.125
53,1999-05-29,2003-03-08,3,3,7,0.175
53,1999-05-29,2003-03-08,3,4,7,0.175
53,1999-05-29,2003-03-08,3,5,2,0.05
53,1999-05-29,2003-03-08,3,6,5,0.125
53,1999-05-29,2003-03-08,3,7,3,0.075
53,1999-05-29,2003-03-08,3,8,4,0.1
53,1999-05-29,2003-03-08,3,9,4,0.1
53,1999-05-29,2003-03-08,4,1,4,0.08
53,1999-05-29,2003-03-08,4,2,6,0.12
53,1999-05-29,2003-03-08,4,3,7,0.14
53,1999-05-29,2003-03-08,4,4,7,0.14
53,1999-05-29,2003-03-08,4,5,5,0.1
53,1999-05-29,2003-03-08,4,6,3,0.06
53,1999-05-29,2003-03-08,4,7,4,0.08
53,1999-05-29,2003-03-08,4,8,7,0.14
53,1999-05-29,2003-03-08,4,9,7,0.14
53,1999-05-29,2003-03-08,5,1,6,0.107143
53,1999-05-29,2003-03-08,5,2,4,0.071429
53,1999-05-29,2003-03-08,5,3,7,0.125
53,1999-05-29,2003-03-08,5,4,8,0.142857
53,1999-05-29,2003-03-08,5,5,8,0.142857
53,1999-05-29,2003-03-08,5,6,2,0.035714
53,1999-05-29,2003-03-08,5,7,9,0.160714
53,1999-05-29,2003-03-08,5,8,8,0.142857
53,1999-05-29,2003-03-08,5,9,4,0.071429
53,1999-05-29,2003-03-08,6,1,2,0.055556
53,1999-05-29,2003-03-08,6,2,4,0.111111
53,1999-05-29,2003-03-08,6,3,4,0.111111
53,1999-05-29,2003-03-08,6,4,2,0.055556
53,1999-05-29,2003-03-08,6,5,9,0.25
53,1999-05-29,2003-03-08,6,6,3,0.083333
53,1999-05-29,2003-03-08,6,7,4,0.111111
53,1999-05-29,2003-03-08,6,8,3,0.083333
53,1999-05-29,2003-03-08,6,9,5,0.138889
53,1999-05-29,2003-03-08,7,1,5,0.121951
53,1999-05-29,2003-03-08,7,2,8,0.195122
53,1999-05-29,2003-03-08,7,3,2,0.04878
53,1999-05-29,2003-03-08,7,4,4,0.097561
53,1999-05-29,2003-03-08,7,5,5,0.121951
53,1999-05-29,2003-03-08,7,6,4,0.097561
53,1999-05-29,2003-03-08,7,7,4,0.097561
53,1999-05-29,2003-03-08,7,8,4,0.097561
53,1999-05-29,2003-03-08,7,9,5,0.121951
53,1999-05-29,2003-03-08,8,1,5,0.111111
53,1999-05-29,2003-03-08,8,2,5,0.111111
53,1999-05-29,2003-03-08,8,3,2,0.044444
53,1999-05-29,2003-03-08,8,4,5,0.111111
53,1999-05-29,2003-03-08,8,5,9,0.2
53,1999-05-29,2003-03-08,8,6,6,0.133333
53,1999-05-29,2003-03-08,8,7,3,0.066667
53,1999-05-29,2003-03-08,8,8,7,0.155556
53,1999-05-29,2003-03-08,8,9,3,0.066667
53,1999-05-29,2003-03-08,9,1,2,0.044444
53,1999-05-29,2003-03-08,9,2,6,0.133333
53,1999-05-29,2003-03-08,9,3,5,0.111111
53,1999-05-29,2003-03-08,9,4,10,0.222222
53,1999-05-29,2003-03-08,9,5,6,0.133333
53,1999-05-29,2003-03-08,9,6,4,0.088889
53,1999-05-29,2003-03-08,9,7,3,0.066667
53,1999-05-29,2003-03-08,9,8,2,0.044444
53,1999-05-29,2003-03-08,9,9,7,0.155556
54,2000-05-13,2004-02-21,1,1,6,0.146341
54,2000-05-13,2004-02-21,1,2,3,0.073171
54,2000-05-13,2004-02-21,1,3,5,0.121951
54,2000-05-13,2004-02-21,1,4,6,0.146341
54,2000-05-13,2004-02-21,1,5,5,0.121951
54,2000-05-13,2004-02-21,1,6,5,0.121951
54,2000-05-13,2004-02-21,1,7,3,0.073171
54,2000-05-13,2004-02-21,1,8,4,0.097561
54,2000-05-13,2004-02-21,1,9,4,0.097561
54,2000-05-13,2004-02-21,2,1,5,0.121951
54,2000-05-13,2004-02-21,2,2,3,0.073171
54,2000-05-13,2004-02-21,2,3,0,0.0
54,2000-05-13,2004-02-21,2,4,1,0.02439
54,2000-05-13,2004-02-21,2,5,4,0.097561
54,2000-05-13,2004-02-21,2,6,6,0.146341
54,2000-05-13,2004-02-21,2,7,8,0.195122
54,2000-05-13,2004-02-21,2,8,7,0.170732
54,2000-05-13,2004-02-21,2,9,7,0.170732
54,2000-05-13,2004-02-21,3,1,4,0.085106
54,2000-05-13,2004-02-21,3,2,4,0.085106
54,2000-05-13,2004-02-21,3,3,9,0.191489
54,2000-05-13,2004-02-21,3,4,7,0.148936
54,2000-05-13,2004-02-21,3,5,3,0.06383
54,2000-05-13,2004-02-21,3,6,6,0.12766
54,2000-05-13,2004-02-21,3,7,4,0.085106
54,2000-05-13,2004-02-21,3,8,5,0.106383
54,2000-05-13,2004-02-21,3,9,5,0.106383
54,2000-05-13,2004-02-21,4,1,5,0.098039
54,2000-05-13,2004-02-21,4,2,8,0.156863
54,2000-05-13,2004-02-21,4,3,9,0.176471
54,2000-05-13,2004-02-21,4,4,5,0.098039
54,2000-05-13,2004-02-21,4,5,4,0.078431
54,2000-05-13,2004-02-21,4,6,5,0.098039
54,2000-05-13,2004-02-21,4,7,4,0.078431
54,2000-05-13,2004-02-21,4,8,7,0.137255
54,2000-05-13,2004-02-21,4,9,4,0.078431
54,2000-05-13,2004-02-21,5,1,8,0.173913
54,2000-05-13,2004-02-21,5,2,1,0.021739
54,2000-05-13,2004-02-21,5,3,6,0.130435
54,2000-05-13,2004-02-21,5,4,8,0.173913
54,2000-05-13,2004-02-21,5,5,5,0.108696
54,2000-05-13,2004-02-21,5,6,1,0.021739
54,2000-05-13,2004-02-21,5,7,6,0.130435
54,2000-05-13,2004-02-21,5,8,6,0.130435
54,2000-05-13,2004-02-21,5,9,5,0.108696
54,2000-05-13,2004-02-21,6,1,4,0.095238
54,2000-05-13,2004-02-21,6,2,5,0.119048
54,2000-05-13,2004-02-21,6,3,3,0.071429
54,2000-05-13,2004-02-21,6,4,5,0.119048
54,2000-05-13,2004-02-21,6,5,6,0.142857
54,2000-05-13,2004-02-21,6,6,4,0.095238
54,2000-05-13,2004-02-21,6,7,5,0.119048
54,2000-05-13,2004-02-21,6,8,3,0.071429
54,2000-05-13,2004-02-21,6,9,7,0.166667
54,2000-05-13,2004-02-21,7,1,4,0.1
54,2000-05-13,2004-02-21,7,2,7,0.175
54,2000-05-13,2004-02-21,7,3,4,0.1
54,2000-05-13,2004-02-21,7,4,5,0.125
54,2000-05-13,2004-02-21,7,5,5,0.125
54,2000-05-13,2004-02-21,7,6,3,0.075
54,2000-05-13,2004-02-21,7,7,4,0.1
54,2000-05-13,2004-02-21,7,8,3,0.075
54,2000-05-13,2004-02-21,7,9,5,0.125
54,2000-05-13,2004-02-21,8,1,4,0.086957
54,2000-05-13,2004-02-21,8,2,5,0.108696
54,2000-05-13,2004-02-21,8,3,4,0.086957
54,2000-05-13,2004-02-21,8,4,4,0.086957
54,2000-05-13,2004-02-21,8,5,7,0.152174
54,2000-05-13,2004-02-21,8,6,8,0.173913
54,2000-05-13,2004-02-21,8,7,3,0.065217
54,2000-05-13,2004-02-21,8,8,8,0.173913
54,2000-05-13,2004-02-21,8,9,3,0.065217
54,2000-05-13,2004-02-21,9,1,1,0.021739
54,2000-05-13,2004-02-21,9,2,6,0.130435
54,2000-05-13,2004-02-21,9,3,7,0.152174
54,2000-05-13,2004-02-21,9,4,10,0.217391
54,2000-05-13,2004-02-21,9,5,7,0.152174
54,2000-05-13,2004-02-21,9,6,3,0.065217
54,2000-05-13,2004-02-21,9,7,3,0.065217
54,2000-05-13,2004-02-21,9,8,3,0.065217
54,2000-05-13,2004-02-21,9,9,6,0.130435
55,2001-04-28,2005-02-05,1,1,6,0.146341
55,2001-04-28,2005-02-05,1,2,3,0.073171
55,2001-04-28,2005-02-05,1,3,6,0.146341
55,2001-04-28,2005-02-05,1,4,5,0.121951
55,2001-04-28,2005-02-05,1,5,5,0.121951
55,2001-04-28,2005-02-05,1,6,6,0.146341
55,2001-04-28,2005-02-05,1,7,2,0.04878
55,2001-04-28,2005-02-05,1,8,5,0.121951
55,2001-04-28,2005-02-05,1,9,3,0.073171
55,2001-04-28,2005-02-05,2,1,5,0.108696
55,2001-04-28,2005-02-05,2,2,4,0.086957
55,2001-04-28,2005-02-05,2,3,1,0.021739
55,2001-04-28,2005-02-05,2,4,3,0.065217
55,2001-04-28,2005-02-05,2,5,4,0.086957
55,2001-04-28,2005-02-05,2,6,8,0.173913
55,2001-04-28,2005-02-05,2,7,7,0.152174
55,2001-04-28,2005-02-05,2,8,7,0.152174
55,2001-04-28,2005-02-05,2,9,7,0.152174
55,2001-04-28,2005-02-05,3,1,4,0.083333
55,2001-04-28,2005-02-05,3,2,7,0.145833
55,2001-04-28,2005-02-05,3,3,8,0.166667
55,2001-04-28,2005-02-05,3,4,6,0.125
55,2001-04-28,2005-02-05,3,5,3,0.0625
55,2001-04-28,2005-02-05,3,6,6,0.125
55,2001-04-28,2005-02-05,3,7,4,0.083333
55,2001-04-28,2005-02-05,3,8,5,0.104167
55,2001-04-28,2005-02-05,3,9,5,0.104167
55,2001-04-28,2005-02-05,4,1,4,0.08
55,2001-04-28,2005-02-05,4,2,6,0.12
55,2001-04-28,2005-02-05,4,3,11,0.22
55,2001-04-28,2005-02-05,4,4,9,0.18
55,2001-04-28,2005-02-05,4,5,2,0.04
55,2001-04-28,2005-02-05,4,6,5,0.1
55,2001-04-28,2005-02-05,4,7,6,0.12
55,2001-04-28,2005-02-05,4,8,3,0.06
55,2001-04-28,2005-02-05,4,9,4,0.08
55,2001-04-28,2005-02-05,5,1,8,0.222222
55,2001-04-28,2005-02-05,5,2,2,0.055556
55,2001-04-28,2005-02-05,5,3,5,0.138889
55,2001-04-28,2005-02-05,5,4,4,0.111111
55,2001-04-28,2005-02-05,5,5,2,0.055556
55,2001-04-28,2005-02-05,5,6,1,0.027778
55,2001-04-28,2005-02-05,5,7,5,0.138889
55,2001-04-28,2005-02-05,5,8,5,0.138889
55,2001-04-28,2005-02-05,5,9,4,0.111111
55,2001-04-28,2005-02-05,6,1,5,0.1
55,2001-04-28,2005-02-05,6,2,11,0.22
55,2001-04-28,2005-02-05,6,3,4,0.08
55,2001-04-28,2005-02-05,6,4,5,0.1
55,2001-04-28,2005-02-05,6,5,4,0.08
55,2001-04-28,2005-02-05,6,6,7,0.14
55,2001-04-28,2005-02-05,6,7,5,0.1
55,2001-04-28,2005-02-05,6,8,3,0.06
55,2001-04-28,2005-02-05,6,9,6,0.12
55,2001-04-28,2005-02-05,7,1,4,0.102564
55,2001-04-28,2005-02-05,7,2,4,0.102564
55,2001-04-28,2005-02-05,7,3,4,0.102564
55,2001-04-28,2005-02-05,7,4,6,0.153846
55,2001-04-28,2005-02-05,7,5,5,0.128205
55,2001-04-28,2005-02-05,7,6,3,0.076923
55,2001-04-28,2005-02-05,7,7,3,0.076923
55,2001-04-28,2005-02-05,7,8,5,0.128205
55,2001-04-28,2005-02-05,7,9,5,0.128205
55,2001-04-28,2005-02-05,8,1,3,0.068182
55,2001-04-28,2005-02-05,8,2,4,0.090909
55,2001-04-28,2005-02-05,8,3,5,0.113636
55,2001-04-28,2005-02-05,8,4,3,0.068182
55,2001-04-28,2005-02-05,8,5,5,0.113636
55,2001-04-28,2005-02-05,8,6,10,0.227273
55,2001-04-28,2005-02-05,8,7,3,0.068182
55,2001-04-28,2005-02-05,8,8,7,0.159091
55,2001-04-28,2005-02-05,8,9,4,0.090909
55,2001-04-28,2005-02-05,9,1,2,0.043478
55,2001-04-28,2005-02-05,9,2,6,0.130435
55,2001-04-28,2005-02-05,9,3,4,0.086957
55,2001-04-28,2005-02-05,9,4,9,0.195652
55,2001-04-28,2005-02-05,9,5,6,0.130435
55,2001-04-28,2005-02-05,9,6,4,0.086957
55,2001-04-28,2005-02-05,9,7,4,0.086957
55,2001-04-28,2005-02-05,9,8,4,0.086957
55,2001-04-28,2005-02-05,9,9,7,0.152174
56,2002-04-10,2005-11-10,1,1,4,0.090909
56,2002-04-10,2005-11-10,1,2,3,0.068182
56,2002-04-10,2005-11-10,1,3,6,0.136364
56,2002-04-10,2005-11-10,1,4,5,0.113636
56,2002-04-10,2005-11-10,1,5,5,0.113636
56,2002-04-10,2005-11-10,1,6,8,0.181818
56,2002-04-10,2005-11-10,1,7,2,0.045455
56,2002-04-10,2005-11-10,1,8,7,0.159091
56,2002-04-10,2005-11-10,1,9,4,0.090909
56,2002-04-10,2005-11-10,2,1,4,0.088889
56,2002-04-10,2005-11-10,2,2,3,0.066667
56,2002-04-10,2005-11-10,2,3,3,0.066667
56,2002-04-10,2005-11-10,2,4,3,0.066667
56,2002-04-10,2005-11-10,2,5,6,0.133333
56,2002-04-10,2005-11-10,2,6,4,0.088889
56,2002-04-10,2005-11-10,2,7,8,0.177778
56,2002-04-10,2005-11-10,2,8,7,0.155556
56,2002-04-10,2005-11-10,2,9,7,0.155556
56,2002-04-10,2005-11-10,3,1,6,0.107143
56,2002-04-10,2005-11-10,3,2,8,0.142857
56,2002-04-10,2005-11-10,3,3,10,0.178571
56,2002-04-10,2005-11-10,3,4,5,0.089286
56,2002-04-10,2005-11-10,3,5,7,0.125
56,2002-04-10,2005-11-10,3,6,5,0.089286
56,2002-04-10,2005-11-10,3,7,4,0.071429
56,2002-04-10,2005-11-10,3,8,6,0.107143
56,2002-04-10,2005-11-10,3,9,5,0.089286
56,2002-04-10,2005-11-10,4,1,6,0.122449
56,2002-04-10,2005-11-10,4,2,4,0.081633
56,2002-04-10,2005-11-10,4,3,13,0.265306
56,2002-04-10,2005-11-10,4,4,8,0.163265
56,2002-04-10,2005-11-10,4,5,1,0.020408
56,2002-04-10,2005-11-10,4,6,3,0.061224
56,2002-04-10,2005-11-10,4,7,6,0.122449
56,2002-04-10,2005-11-10,4,8,3,0.061224
56,2002-04-10,2005-11-10,4,9,5,0.102041
56,2002-04-10,2005-11-10,5,1,9,0.214286
56,2002-04-10,2005-11-10,5,2,2,0.047619
56,2002-04-10,2005-11-10,5,3,7,0.166667
56,2002-04-10,2005-11-10,5,4,6,0.142857
56,2002-04-10,2005-11-10,5,5,3,0.071429
56,2002-04-10,2005-11-10,5,6,3,0.071429
56,2002-04-10,2005-11-10,5,7,4,0.095238
56,2002-04-10,2005-11-10,5,8,3,0.071429
56,2002-04-10,2005-11-10,5,9,5,0.119048
56,2002-04-10,2005-11-10,6,1,6,0.139535
56,2002-04-10,2005-11-10,6,2,13,0.302326
56,2002-04-10,2005-11-10,6,3,2,0.046512
56,2002-04-10,2005-11-10,6,4,3,0.069767
56,2002-04-10,2005-11-10,6,5,4,0.093023
56,2002-04-10,2005-11-10,6,6,6,0.139535
56,2002-04-10,2005-11-10,6,7,4,0.093023
56,2002-04-10,2005-11-10,6,8,0,0.0
56,2002-04-10,2005-11-10,6,9,5,0.116279
56,2002-04-10,2005-11-10,7,1,3,0.081081
56,2002-04-10,2005-11-10,7,2,4,0.108108
56,2002-04-10,2005-11-10,7,3,3,0.081081
56,2002-04-10,2005-11-10,7,4,8,0.216216
56,2002-04-10,2005-11-10,7,5,5,0.135135
56,2002-04-10,2005-11-10,7,6,3,0.081081
56,2002-04-10,2005-11-10,7,7,2,0.054054
56,2002-04-10,2005-11-10,7,8,5,0.135135
56,2002-04-10,2005-11-10,7,9,4,0.108108
56,2002-04-10,2005-11-10,8,1,3,0.076923
56,2002-04-10,2005-11-10,8,2,2,0.051282
56,2002-04-10,2005-11-10,8,3,7,0.179487
56,2002-04-10,2005-11-10,8,4,3,0.076923
56,2002-04-10,2005-11-10,8,5,5,0.128205
56,2002-04-10,2005-11-10,8,6,7,0.179487
56,2002-04-10,2005-11-10,8,7,3,0.076923
56,2002-04-10,2005-11-10,8,8,5,0.128205
56,2002-04-10,2005-11-10,8,9,4,0.102564
56,2002-04-10,2005-11-10,9,1,3,0.066667
56,2002-04-10,2005-11-10,9,2,6,0.133333
56,2002-04-10,2005-11-10,9,3,5,0.111111
56,2002-04-10,2005-11-10,9,4,8,0.177778
56,2002-04-10,2005-11-10,9,5,6,0.133333
56,2002-04-10,2005-11-10,9,6,4,0.088889
56,2002-04-10,2005-11-10,9,7,4,0.088889
56,2002-04-10,2005-11-10,9,8,4,0.088889
56,2002-04-10,2005-11-10,9,9,5,0.111111
57,2003-03-08,2006-07-01,1,1,3,0.073171
57,2003-03-08,2006-07-01,1,2,3,0.073171
57,2003-03-08,2006-07-01,1,3,4,0.097561
57,2003-03-08,2006-07-01,1,4,7,0.170732
57,2003-03-08,2006-07-01,1,5,3,0.073171
57,2003-03-08,2006-07-01,1,6,10,0.243902
57,2003-03-08,2006-07-01,1,7,1,0.02439
57,2003-03-08,2006-07-01,1,8,7,0.170732
57,2003-03-08,2006-07-01,1,9,3,0.073171
57,2003-03-08,2006-07-01,2,1,3,0.061224
57,2003-03-08,2006-07-01,2,2,7,0.142857
57,2003-03-08,2006-07-01,2,3,3,0.061224
57,2003-03-08,2006-07-01,2,4,4,0.081633
57,2003-03-08,2006-07-01,2,5,6,0.122449
57,2003-03-08,2006-07-01,2,6,6,0.122449
57,2003-03-08,2006-07-01,2,7,6,0.122449
57,2003-03-08,2006-07-01,2,8,7,0.142857
57,2003-03-08,2006-07-01,2,9,7,0.142857
57,2003-03-08,2006-07-01,3,1,4,0.078431
57,2003-03-08,2006-07-01,3,2,7,0.137255
57,2003-03-08,2006-07-01,3,3,9,0.176471
57,2003-03-08,2006-07-01,3,4,5,0.098039
57,2003-03-08,2006-07-01,3,5,7,0.137255
57,2003-03-08,2006-07-01,3,6,6,0.117647
57,2003-03-08,2006-07-01,3,7,3,0.058824
57,2003-03-08,2006-07-01,3,8,6,0.117647
57,2003-03-08,2006-07-01,3,9,4,0.078431
57,2003-03-08,2006-07-01,4,1,7,0.118644
57,2003-03-08,2006-07-01,4,2,7,0.118644
57,2003-03-08,2006-07-01,4,3,10,0.169492
57,2003-03-08,2006-07-01,4,4,11,0.186441
57,2003-03-08,2006-07-01,4,5,2,0.033898
57,2003-03-08,2006-07-01,4,6,3,0.050847
57,2003-03-08,2006-07-01,4,7,8,0.135593
57,2003-03-08,2006-07-01,4,8,5,0.084746
57,2003-03-08,2006-07-01,4,9,6,0.101695
57,2003-03-08,2006-07-01,5,1,10,0.27027
57,2003-03-08,2006-07-01,5,2,2,0.054054
57,2003-03-08,2006-07-01,5,3,7,0.189189
57,2003-03-08,2006-07-01,5,4,7,0.189189
57,2003-03-08,2006-07-01,5,5,2,0.054054
57,2003-03-08,2006-07-01,5,6,2,0.054054
57,2003-03-08,2006-07-01,5,7,2,0.054054
57,2003-03-08,2006-07-01,5,8,1,0.027027
57,2003-03-08,2006-07-01,5,9,4,0.108108
57,2003-03-08,2006-07-01,6,1,8,0.163265
57,2003-03-08,2006-07-01,6,2,13,0.265306
57,2003-03-08,2006-07-01,6,3,4,0.081633
57,2003-03-08,2006-07-01,6,4,4,0.081633
57,2003-03-08,2006-07-01,6,5,3,0.061224
57,2003-03-08,2006-07-01,6,6,7,0.142857
57,2003-03-08,2006-07-01,6,7,4,0.081633
57,2003-03-08,2006-07-01,6,8,0,0.0
57,2003-03-08,2006-07-01,6,9,6,0.122449
57,2003-03-08,2006-07-01,7,1,3,0.09375
57,2003-03-08,2006-07-01,7,2,3,0.09375
57,2003-03-08,2006-07-01,7,3,2,0.0625
57,2003-03-08,2006-07-01,7,4,8,0.25
57,2003-03-08,2006-07-01,7,5,4,0.125
57,2003-03-08,2006-07-01,7,6,3,0.09375
57,2003-03-08,2006-07-01,7,7,2,0.0625
57,2003-03-08,2006-07-01,7,8,4,0.125
57,2003-03-08,2006-07-01,7,9,3,0.09375
57,2003-03-08,2006-07-01,8,1,1,0.025641
57,2003-03-08,2006-07-01,8,2,2,0.051282
57,2003-03-08,2006-07-01,8,3,8,0.205128
57,2003-03-08,2006-07-01,8,4,5,0.128205
57,2003-03-08,2006-07-01,8,5,5,0.128205
57,2003-03-08,2006-07-01,8,6,5,0.128205
57,2003-03-08,2006-07-01,8,7,3,0.076923
57,2003-03-08,2006-07-01,8,8,4,0.102564
57,2003-03-08,2006-07-01,8,9,6,0.153846
57,2003-03-08,2006-07-01,9,1,2,0.046512
57,2003-03-08,2006-07-01,9,2,6,0.139535
57,2003-03-08,2006-07-01,9,3,4,0.093023
57,2003-03-08,2006-07-01,9,4,8,0.186047
57,2003-03-08,2006-07-01,9,5,5,0.116279
57,2003-03-08,2006-07-01,9,6,6,0.139535
57,2003-03-08,2006-07-01,9,7,3,0.069767
57,2003-03-08,2006-07-01,9,8,5,0.116279
57,2003-03-08,2006-07-01,9,9,4,0.093023
58,2004-02-21,2007-02-20,1,1,1,0.025
58,2004-02-21,2007-02-20,1,2,4,0.1
58,2004-02-21,2007-02-20,1,3,3,0.075
58,2004-02-21,2007-02-20,1,4,8,0.2
58,2004-02-21,2007-02-20,1,5,1,0.025
58,2004-02-21,2007-02-20,1,6,11,0.275
58,2004-02-21,2007-02-20,1,7,1,0.025
58,2004-02-21,2007-02-20,1,8,5,0.125
58,2004-02-21,2007-02-20,1,9,6,0.15
58,2004-02-21,2007-02-20,2,1,3,0.053571
58,2004-02-21,2007-02-20,2,2,8,0.142857
58,2004-02-21,2007-02-20,2,3,4,0.071429
58,2004-02-21,2007-02-20,2,4,4,0.071429
58,2004-02-21,2007-02-20,2,5,6,0.107143
58,2004-02-21,2007-02-20,2,6,7,0.125
58,2004-02-21,2007-02-20,2,7,11,0.196429
58,2004-02-21,2007-02-20,2,8,7,0.125
58,2004-02-21,2007-02-20,2,9,6,0.107143
58,2004-02-21,2007-02-20,3,1,4,0.093023
58,2004-02-21,2007-02-20,3,2,8,0.186047
58,2004-02-21,2007-02-20,3,3,5,0.116279
58,2004-02-21,2007-02-20,3,4,6,0.139535
58,2004-02-21,2007-02-20,3,5,6,0.139535
58,2004-02-21,2007-02-20,3,6,4,0.093023
58,2004-02-21,2007-02-20,3,7,3,0.069767
58,2004-02-21,2007-02-20,3,8,4,0.093023
58,2004-02-21,2007-02-20,3,9,3,0.069767
58,2004-02-21,2007-02-20,4,1,6,0.1
58,2004-02-21,2007-02-20,4,2,7,0.116667
58,2004-02-21,2007-02-20,4,3,8,0.133333
58,2004-02-21,2007-02-20,4,4,13,0.216667
58,2004-02-21,2007-02-20,4,5,3,0.05
58,2004-02-21,2007-02-20,4,6,1,0.016667
58,2004-02-21,2007-02-20,4,7,8,0.133333
58,2004-02-21,2007-02-20,4,8,6,0.1
58,2004-02-21,2007-02-20,4,9,8,0.133333
58,2004-02-21,2007-02-20,5,1,10,0.27027
58,2004-02-21,2007-02-20,5,2,4,0.108108
58,2004-02-21,2007-02-20,5,3,8,0.216216
58,2004-02-21,2007-02-20,5,4,5,0.135135
58,2004-02-21,2007-02-20,5,5,3,0.081081
58,2004-02-21,2007-02-20,5,6,2,0.054054
58,2004-02-21,2007-02-20,5,7,1,0.027027
58,2004-02-21,2007-02-20,5,8,0,0.0
58,2004-02-21,2007-02-20,5,9,4,0.108108
58,2004-02-21,2007-02-20,6,1,5,0.106383
58,2004-02-21,2007-02-20,6,2,12,0.255319
58,2004-02-21,2007-02-20,6,3,6,0.12766
58,2004-02-21,2007-02-20,6,4,2,0.042553
58,2004-02-21,2007-02-20,6,5,4,0.085106
58,2004-02-21,2007-02-20,6,6,7,0.148936
58,2004-02-21,2007-02-20,6,7,2,0.042553
58,2004-02-21,2007-02-20,6,8,4,0.085106
58,2004-02-21,2007-02-20,6,9,5,0.106383
58,2004-02-21,2007-02-20,7,1,3,0.09375
58,2004-02-21,2007-02-20,7,2,3,0.09375
58,2004-02-21,2007-02-20,7,3,0,0.0
58,2004-02-21,2007-02-20,7,4,10,0.3125
58,2004-02-21,2007-02-20,7,5,6,0.1875
58,2004-02-21,2007-02-20,7,6,4,0.125
58,2004-02-21,2007-02-20,7,7,1,0.03125
58,2004-02-21,2007-02-20,7,8,3,0.09375
58,2004-02-21,2007-02-20,7,9,2,0.0625
58,2004-02-21,2007-02-20,8,1,2,0.04878
58,2004-02-21,2007-02-20,8,2,3,0.073171
58,2004-02-21,2007-02-20,8,3,7,0.170732
58,2004-02-21,2007-02-20,8,4,5,0.121951
58,2004-02-21,2007-02-20,8,5,4,0.097561
58,2004-02-21,2007-02-20,8,6,6,0.146341
58,2004-02-21,2007-02-20,8,7,2,0.04878
58,2004-02-21,2007-02-20,8,8,6,0.146341
58,2004-02-21,2007-02-20,8,9,6,0.146341
58,2004-02-21,2007-02-20,9,1,6,0.136364
58,2004-02-21,2007-02-20,9,2,6,0.136364
58,2004-02-21,2007-02-20,9,3,2,0.045455
58,2004-02-21,2007-02-20,9,4,7,0.159091
58,2004-02-21,2007-02-20,9,5,4,0.090909
58,2004-02-21,2007-02-20,9,6,5,0.113636
58,2004-02-21,2007-02-20,9,7,4,0.090909
58,2004-02-21,2007-02-20,9,8,6,0.136364
58,2004-02-21,2007-02-20,9,9,4,0.090909
59,2005-02-05,2007-10-11,1,1,1,0.022727
59,2005-02-05,2007-10-11,1,2,4,0.090909
59,2005-02-05,2007-10-11,1,3,3,0.068182
59,2005-02-05,2007-10-11,1,4,8,0.181818
59,2005-02-05,2007-10-11,1,5,3,0.068182
59,2005-02-05,2007-10-11,1,6,10,0.227273
59,2005-02-05,2007-10-11,1,7,1,0.022727
59,2005-02-05,2007-10-11,1,8,6,0.136364
59,2005-02-05,2007-10-11,1,9,8,0.181818
59,2005-02-05,2007-10-11,2,1,3,0.065217
59,2005-02-05,2007-10-11,2,2,7,0.152174
59,2005-02-05,2007-10-11,2,3,3,0.065217
59,2005-02-05,2007-10-11,2,4,3,0.065217
59,2005-02-05,2007-10-11,2,5,3,0.065217
59,2005-02-05,2007-10-11,2,6,7,0.152174
59,2005-02-05,2007-10-11,2,7,9,0.195652
59,2005-02-05,2007-10-11,2,8,6,0.130435
59,2005-02-05,2007-10-11,2,9,5,0.108696
59,2005-02-05,2007-10-11,3,1,4,0.095238
59,2005-02-05,2007-10-11,3,2,4,0.095238
59,2005-02-05,2007-10-11,3,3,6,0.142857
59,2005-02-05,2007-10-11,3,4,7,0.166667
59,2005-02-05,2007-10-11,3,5,7,0.166667
59,2005-02-05,2007-10-11,3,6,3,0.071429
59,2005-02-05,2007-10-11,3,7,2,0.047619
59,2005-02-05,2007-10-11,3,8,4,0.095238
59,2005-02-05,2007-10-11,3,9,5,0.119048
59,2005-02-05,2007-10-11,4,1,6,0.1
59,2005-02-05,2007-10-11,4,2,9,0.15
59,2005-02-05,2007-10-11,4,3,7,0.116667
59,2005-02-05,2007-10-11,4,4,9,0.15
59,2005-02-05,2007-10-11,4,5,5,0.083333
59,2005-02-05,2007-10-11,4,6,1,0.016667
59,2005-02-05,2007-10-11,4,7,7,0.116667
59,2005-02-05,2007-10-11,4,8,7,0.116667
59,2005-02-05,2007-10-11,4,9,9,0.15
59,2005-02-05,2007-10-11,5,1,10,0.232558
59,2005-02-05,2007-10-11,5,2,4,0.093023
59,2005-02-05,2007-10-11,5,3,7,0.162791
59,2005-02-05,2007-10-11,5,4,6,0.139535
59,2005-02-05,2007-10-11,5,5,4,0.093023
59,2005-02-05,2007-10-11,5,6,5,0.116279
59,2005-02-05,2007-10-11,5,7,2,0.046512
59,2005-02-05,2007-10-11,5,8,1,0.023256
59,2005-02-05,2007-10-11,5,9,4,0.093023
59,2005-02-05,2007-10-11,6,1,7,0.159091
59,2005-02-05,2007-10-11,6,2,7,0.159091
59,2005-02-05,2007-10-11,6,3,5,0.113636
59,2005-02-05,2007-10-11,6,4,3,0.068182
59,2005-02-05,2007-10-11,6,5,4,0.090909
59,2005-02-05,2007-10-11,6,6,6,0.136364
59,2005-02-05,2007-10-11,6,7,1,0.022727
59,2005-02-05,2007-10-11,6,8,7,0.159091
59,2005-02-05,2007-10-11,6,9,4,0.090909
59,2005-02-05,2007-10-11,7,1,3,0.09375
59,2005-02-05,2007-10-11,7,2,2,0.0625
59,2005-02-05,2007-10-11,7,3,1,0.03125
59,2005-02-05,2007-10-11,7,4,11,0.34375
59,2005-02-05,2007-10-11,7,5,6,0.1875
59,2005-02-05,2007-10-11,7,6,4,0.125
59,2005-02-05,2007-10-11,7,7,1,0.03125
59,2005-02-05,2007-10-11,7,8,3,0.09375
59,2005-02-05,2007-10-11,7,9,1,0.03125
59,2005-02-05,2007-10-11,8,1,3,0.065217
59,2005-02-05,2007-10-11,8,2,4,0.086957
59,2005-02-05,2007-10-11,8,3,7,0.152174
59,2005-02-05,2007-10-11,8,4,5,0.108696
59,2005-02-05,2007-10-11,8,5,6,0.130435
59,2005-02-05,2007-10-11,8,6,5,0.108696
59,2005-02-05,2007-10-11,8,7,4,0.086957
59,2005-02-05,2007-10-11,8,8,7,0.152174
59,2005-02-05,2007-10-11,8,9,5,0.108696
59,2005-02-05,2007-10-11,9,1,7,0.162791
59,2005-02-05,2007-10-11,9,2,4,0.093023
59,2005-02-05,2007-10-11,9,3,3,0.069767
59,2005-02-05,2007-10-11,9,4,8,0.186047
59,2005-02-05,2007-10-11,9,5,5,0.116279
59,2005-02-05,2007-10-11,9,6,4,0.093023
59,2005-02-05,2007-10-11,9,7,5,0.116279
59,2005-02-05,2007-10-11,9,8,5,0.116279
59,2005-02-05,2007-10-11,9,9,2,0.046512
60,2005-11-10,2008-05-31,1,1,1,0.027778
60,2005-11-10,2008-05-31,1,2,4,0.111111
60,2005-11-10,2008-05-31,1,3,2,0.055556
60,2005-11-10,2008-05-31,1,4,7,0.194444
60,2005-11-10,2008-05-31,1,5,4,0.111111
60,2005-11-10,2008-05-31,1,6,6,0.166667
60,2005-11-10,2008-05-31,1,7,1,0.027778
60,2005-11-10,2008-05-31,1,8,4,0.111111
60,2005-11-10,2008-05-31,1,9,7,0.194444
60,2005-11-10,2008-05-31,2,1,3,0.057692
60,2005-11-10,2008-05-31,2,2,9,0.173077
60,2005-11-10,2008-05-31,2,3,2,0.038462
60,2005-11-10,2008-05-31,2,4,6,0.115385
60,2005-11-10,2008-05-31,2,5,4,0.076923
60,2005-11-10,2008-05-31,2,6,8,0.153846
60,2005-11-10,2008-05-31,2,7,8,0.153846
60,2005-11-10,2008-05-31,2,8,7,0.134615
60,2005-11-10,2008-05-31,2,9,5,0.096154
60,2005-11-10,2008-05-31,3,1,2,0.057143
60,2005-11-10,2008-05-31,3,2,2,0.057143
60,2005-11-10,2008-05-31,3,3,4,0.114286
60,2005-11-10,2008-05-31,3,4,7,0.2
60,2005-11-10,2008-05-31,3,5,3,0.085714
60,2005-11-10,2008-05-31,3,6,6,0.171429
60,2005-11-10,2008-05-31,3,7,3,0.085714
60,2005-11-10,2008-05-31,3,8,3,0.085714
60,2005-11-10,2008-05-31,3,9,5,0.142857
60,2005-11-10,2008-05-31,4,1,5,0.087719
60,2005-11-10,2008-05-31,4,2,10,0.175439
60,2005-11-10,2008-05-31,4,3,3,0.052632
60,2005-11-10,2008-05-31,4,4,9,0.157895
60,2005-11-10,2008-05-31,4,5,5,0.087719
60,2005-11-10,2008-05-31,4,6,0,0.0
60,2005-11-10,2008-05-31,4,7,6,0.105263
60,2005-11-10,2008-05-31,4,8,10,0.175439
60,2005-11-10,2008-05-31,4,9,9,0.157895
60,2005-11-10,2008-05-31,5,1,7,0.170732
60,2005-11-10,2008-05-31,5,2,6,0.146341
60,2005-11-10,2008-05-31,5,3,5,0.121951
60,2005-11-10,2008-05-31,5,4,3,0.073171
60,2005-11-10,2008-05-31,5,5,5,0.121951
60,2005-11-10,2008-05-31,5,6,5,0.121951
60,2005-11-10,2008-05-31,5,7,3,0.073171
60,2005-11-10,2008-05-31,5,8,2,0.04878
60,2005-11-10,2008-05-31,5,9,5,0.121951
60,2005-11-10,2008-05-31,6,1,5,0.108696
60,2005-11-10,2008-05-31,6,2,5,0.108696
60,2005-11-10,2008-05-31,6,3,6,0.130435
60,2005-11-10,2008-05-31,6,4,3,0.065217
60,2005-11-10,2008-05-31,6,5,4,0.086957
60,2005-11-10,2008-05-31,6,6,6,0.130435
60,2005-11-10,2008-05-31,6,7,3,0.065217
60,2005-11-10,2008-05-31,6,8,9,0.195652
60,2005-11-10,2008-05-31,6,9,5,0.108696
60,2005-11-10,2008-05-31,7,1,5,0.135135
60,2005-11-10,2008-05-31,7,2,4,0.108108
60,2005-11-10,2008-05-31,7,3,3,0.081081
60,2005-11-10,2008-05-31,7,4,8,0.216216
60,2005-11-10,2008-05-31,7,5,5,0.135135
60,2005-11-10,2008-05-31,7,6,7,0.189189
60,2005-11-10,2008-05-31,7,7,1,0.027027
60,2005-11-10,2008-05-31,7,8,3,0.081081
60,2005-11-10,2008-05-31,7,9,1,0.027027
60,2005-11-10,2008-05-31,8,1,3,0.056604
60,2005-11-10,2008-05-31,8,2,9,0.169811
60,2005-11-10,2008-05-31,8,3,7,0.132075
60,2005-11-10,2008-05-31,8,4,5,0.09434
60,2005-11-10,2008-05-31,8,5,6,0.113208
60,2005-11-10,2008-05-31,8,6,6,0.113208
60,2005-11-10,2008-05-31,8,7,6,0.113208
60,2005-11-10,2008-05-31,8,8,7,0.132075
60,2005-11-10,2008-05-31,8,9,4,0.075472
60,2005-11-10,2008-05-31,9,1,6,0.139535
60,2005-11-10,2008-05-31,9,2,3,0.069767
60,2005-11-10,2008-05-31,9,3,3,0.069767
60,2005-11-10,2008-05-31,9,4,9,0.209302
60,2005-11-10,2008-05-31,9,5,5,0.116279
60,2005-11-10,2008-05-31,9,6,2,0.046512
60,2005-11-10,2008-05-31,9,7,6,0.139535
60,2005-11-10,2008-05-31,9,8,7,0.162791
60,2005-11-10,2008-05-31,9,9,2,0.046512
61,2006-07-01,2009-01-20,1,1,4,0.108108
61,2006-07-01,2009-01-20,1,2,3,0.081081
61,2006-07-01,2009-01-20,1,3,2,0.054054
61,2006-07-01,2009-01-20,1,4,4,0.108108
61,2006-07-01,2009-01-20,1,5,6,0.162162
61,2006-07-01,2009-01-20,1,6,4,0.108108
61,2006-07-01,2009-01-20,1,7,2,0.054054
61,2006-07-01,2009-01-20,1,8,3,0.081081
61,2006-07-01,2009-01-20,1,9,9,0.243243
61,2006-07-01,2009-01-20,2,1,4,0.083333
61,2006-07-01,2009-01-20,2,2,5,0.104167
61,2006-07-01,2009-01-20,2,3,4,0.083333
61,2006-07-01,2009-01-20,2,4,7,0.145833
61,2006-07-01,2009-01-20,2,5,3,0.0625
61,2006-07-01,2009-01-20,2,6,6,0.125
61,2006-07-01,2009-01-20,2,7,7,0.145833
61,2006-07-01,2009-01-20,2,8,6,0.125
61,2006-07-01,2009-01-20,2,9,6,0.125
61,2006-07-01,2009-01-20,3,1,2,0.060606
61,2006-07-01,2009-01-20,3,2,1,0.030303
61,2006-07-01,2009-01-20,3,3,3,0.090909
61,2006-07-01,2009-01-20,3,4,6,0.181818
61,2006-07-01,2009-01-20,3,5,4,0.121212
61,2006-07-01,2009-01-20,3,6,6,0.181818
61,2006-07-01,2009-01-20,3,7,3,0.090909
61,2006-07-01,2009-01-20,3,8,4,0.121212
61,2006-07-01,2009-01-20,3,9,4,0.121212
61,2006-07-01,2009-01-20,4,1,3,0.065217
61,2006-07-01,2009-01-20,4,2,8,0.173913
61,2006-07-01,2009-01-20,4,3,3,0.065217
61,2006-07-01,2009-01-20,4,4,5,0.108696
61,2006-07-01,2009-01-20,4,5,6,0.130435
61,2006-07-01,2009-01-20,4,6,1,0.021739
61,2006-07-01,2009-01-20,4,7,4,0.086957
61,2006-07-01,2009-01-20,4,8,9,0.195652
61,2006-07-01,2009-01-20,4,9,7,0.152174
61,2006-07-01,2009-01-20,5,1,5,0.108696
61,2006-07-01,2009-01-20,5,2,8,0.173913
61,2006-07-01,2009-01-20,5,3,4,0.086957
61,2006-07-01,2009-01-20,5,4,3,0.065217
61,2006-07-01,2009-01-20,5,5,6,0.130435
61,2006-07-01,2009-01-20,5,6,6,0.130435
61,2006-07-01,2009-01-20,5,7,5,0.108696
61,2006-07-01,2009-01-20,5,8,3,0.065217
61,2006-07-01,2009-01-20,5,9,6,0.130435
61,2006-07-01,2009-01-20,6,1,4,0.086957
61,2006-07-01,2009-01-20,6,2,5,0.108696
61,2006-07-01,2009-01-20,6,3,3,0.065217
61,2006-07-01,2009-01-20,6,4,3,0.065217
61,2006-07-01,2009-01-20,6,5,5,0.108696
61,2006-07-01,2009-01-20,6,6,6,0.130435
61,2006-07-01,2009-01-20,6,7,5,0.108696
61,2006-07-01,2009-01-20,6,8,11,0.23913
61,2006-07-01,2009-01-20,6,9,4,0.086957
61,2006-07-01,2009-01-20,7,1,4,0.095238
61,2006-07-01,2009-01-20,7,2,6,0.142857
61,2006-07-01,2009-01-20,7,3,4,0.095238
61,2006-07-01,2009-01-20,7,4,8,0.190476
61,2006-07-01,2009-01-20,7,5,4,0.095238
61,2006-07-01,2009-01-20,7,6,9,0.214286
61,2006-07-01,2009-01-20,7,7,1,0.02381
61,2006-07-01,2009-01-20,7,8,4,0.095238
61,2006-07-01,2009-01-20,7,9,2,0.047619
61,2006-07-01,2009-01-20,8,1,4,0.071429
61,2006-07-01,2009-01-20,8,2,10,0.178571
61,2006-07-01,2009-01-20,8,3,6,0.107143
61,2006-07-01,2009-01-20,8,4,2,0.035714
61,2006-07-01,2009-01-20,8,5,6,0.107143
61,2006-07-01,2009-01-20,8,6,7,0.125
61,2006-07-01,2009-01-20,8,7,8,0.142857
61,2006-07-01,2009-01-20,8,8,9,0.160714
61,2006-07-01,2009-01-20,8,9,4,0.071429
61,2006-07-01,2009-01-20,9,1,7,0.152174
61,2006-07-01,2009-01-20,9,2,1,0.021739
61,2006-07-01,2009-01-20,9,3,4,0.086957
61,2006-07-01,2009-01-20,9,4,9,0.195652
61,2006-07-01,2009-01-20,9,5,6,0.130435
61,2006-07-01,2009-01-20,9,6,1,0.021739
61,2006-07-01,2009-01-20,9,7,7,0.152174
61,2006-07-01,2009-01-20,9,8,7,0.152174
61,2006-07-01,2009-01-20,9,9,4,0.086957
62,2007-02-20,2009-09-10,1,1,7,0.166667
62,2007-02-20,2009-09-10,1,2,4,0.095238
62,2007-02-20,2009-09-10,1,3,4,0.095238
62,2007-02-20,2009-09-10,1,4,4,0.095238
62,2007-02-20,2009-09-10,1,5,6,0.142857
62,2007-02-20,2009-09-10,1,6,4,0.095238
62,2007-02-20,2009-09-10,1,7,1,0.02381
62,2007-02-20,2009-09-10,1,8,6,0.142857
62,2007-02-20,2009-09-10,1,9,6,0.142857
62,2007-02-20,2009-09-10,2,1,9,0.191489
62,2007-02-20,2009-09-10,2,2,6,0.12766
62,2007-02-20,2009-09-10,2,3,4,0.085106
62,2007-02-20,2009-09-10,2,4,6,0.12766
62,2007-02-20,2009-09-10,2,5,3,0.06383
62,2007-02-20,2009-09-10,2,6,4,0.085106
62,2007-02-20,2009-09-10,2,7,3,0.06383
62,2007-02-20,2009-09-10,2,8,6,0.12766
62,2007-02-20,2009-09-10,2,9,6,0.12766
62,2007-02-20,2009-09-10,3,1,1,0.026316
62,2007-02-20,2009-09-10,3,2,1,0.026316
62,2007-02-20,2009-09-10,3,3,4,0.105263
62,2007-02-20,2009-09-10,3,4,5,0.131579
62,2007-02-20,2009-09-10,3,5,4,0.105263
62,2007-02-20,2009-09-10,3,6,6,0.157895
62,2007-02-20,2009-09-10,3,7,4,0.105263
62,2007-02-20,2009-09-10,3,8,9,0.236842
62,2007-02-20,2009-09-10,3,9,4,0.105263
62,2007-02-20,2009-09-10,4,1,4,0.093023
62,2007-02-20,2009-09-10,4,2,7,0.162791
62,2007-02-20,2009-09-10,4,3,2,0.046512
62,2007-02-20,2009-09-10,4,4,5,0.116279
62,2007-02-20,2009-09-10,4,5,6,0.139535
62,2007-02-20,2009-09-10,4,6,2,0.046512
62,2007-02-20,2009-09-10,4,7,4,0.093023
62,2007-02-20,2009-09-10,4,8,8,0.186047
62,2007-02-20,2009-09-10,4,9,5,0.116279
62,2007-02-20,2009-09-10,5,1,5,0.111111
62,2007-02-20,2009-09-10,5,2,6,0.133333
62,2007-02-20,2009-09-10,5,3,4,0.088889
62,2007-02-20,2009-09-10,5,4,4,0.088889
62,2007-02-20,2009-09-10,5,5,5,0.111111
62,2007-02-20,2009-09-10,5,6,7,0.155556
62,2007-02-20,2009-09-10,5,7,5,0.111111
62,2007-02-20,2009-09-10,5,8,3,0.066667
62,2007-02-20,2009-09-10,5,9,6,0.133333
62,2007-02-20,2009-09-10,6,1,5,0.113636
62,2007-02-20,2009-09-10,6,2,6,0.136364
62,2007-02-20,2009-09-10,6,3,2,0.045455
62,2007-02-20,2009-09-10,6,4,2,0.045455
62,2007-02-20,2009-09-10,6,5,4,0.090909
62,2007-02-20,2009-09-10,6,6,7,0.159091
62,2007-02-20,2009-09-10,6,7,7,0.159091
62,2007-02-20,2009-09-10,6,8,8,0.181818
62,2007-02-20,2009-09-10,6,9,3,0.068182
62,2007-02-20,2009-09-10,7,1,3,0.071429
62,2007-02-20,2009-09-10,7,2,6,0.142857
62,2007-02-20,2009-09-10,7,3,5,0.119048
62,2007-02-20,2009-09-10,7,4,7,0.166667
62,2007-02-20,2009-09-10,7,5,4,0.095238
62,2007-02-20,2009-09-10,7,6,7,0.166667
62,2007-02-20,2009-09-10,7,7,2,0.047619
62,2007-02-20,2009-09-10,7,8,6,0.142857
62,2007-02-20,2009-09-10,7,9,2,0.047619
62,2007-02-20,2009-09-10,8,1,5,0.084746
62,2007-02-20,2009-09-10,8,2,11,0.186441
62,2007-02-20,2009-09-10,8,3,7,0.118644
62,2007-02-20,2009-09-10,8,4,3,0.050847
62,2007-02-20,2009-09-10,8,5,8,0.135593
62,2007-02-20,2009-09-10,8,6,4,0.067797
62,2007-02-20,2009-09-10,8,7,10,0.169492
62,2007-02-20,2009-09-10,8,8,7,0.118644
62,2007-02-20,2009-09-10,8,9,4,0.067797
62,2007-02-20,2009-09-10,9,1,3,0.075
62,2007-02-20,2009-09-10,9,2,0,0.0
62,2007-02-20,2009-09-10,9,3,6,0.15
62,2007-02-20,2009-09-10,9,4,7,0.175
62,2007-02-20,2009-09-10,9,5,5,0.125
62,2007-02-20,2009-09-10,9,6,3,0.075
62,2007-02-20,2009-09-10,9,7,6,0.15
62,2007-02-20,2009-09-10,9,8,6,0.15
62,2007-02-20,2009-09-10,9,9,4,0.1
63,2007-10-11,2010-05-03,1,1,6,0.15
63,2007-10-11,2010-05-03,1,2,4,0.1
63,2007-10-11,2010-05-03,1,3,6,0.15
63,2007-10-11,2010-05-03,1,4,7,0.175
63,2007-10-11,2010-05-03,1,5,4,0.1
63,2007-10-11,2010-05-03,1,6,4,0.1
63,2007-10-11,2010-05-03,1,7,1,0.025
63,2007-10-11,2010-05-03,1,8,5,0.125
63,2007-10-11,2010-05-03,1,9,3,0.075
63,2007-10-11,2010-05-03,2,1,9,0.191489
63,2007-10-11,2010-05-03,2,2,8,0.170213
63,2007-10-11,2010-05-03,2,3,5,0.106383
63,2007-10-11,2010-05-03,2,4,5,0.106383
63,2007-10-11,2010-05-03,2,5,5,0.106383
63,2007-10-11,2010-05-03,2,6,1,0.021277
63,2007-10-11,2010-05-03,2,7,4,0.085106
63,2007-10-11,2010-05-03,2,8,5,0.106383
63,2007-10-11,2010-05-03,2,9,5,0.106383
63,2007-10-11,2010-05-03,3,1,1,0.025
63,2007-10-11,2010-05-03,3,2,2,0.05
63,2007-10-11,2010-05-03,3,3,4,0.1
63,2007-10-11,2010-05-03,3,4,4,0.1
63,2007-10-11,2010-05-03,3,5,4,0.1
63,2007-10-11,2010-05-03,3,6,8,0.2
63,2007-10-11,2010-05-03,3,7,5,0.125
63,2007-10-11,2010-05-03,3,8,9,0.225
63,2007-10-11,2010-05-03,3,9,3,0.075
63,2007-10-11,2010-05-03,4,1,4,0.085106
63,2007-10-11,2010-05-03,4,2,6,0.12766
63,2007-10-11,2010-05-03,4,3,0,0.0
63,2007-10-11,2010-05-03,4,4,10,0.212766
63,2007-10-11,2010-05-03,4,5,5,0.106383
63,2007-10-11,2010-05-03,4,6,4,0.085106
63,2007-10-11,2010-05-03,4,7,6,0.12766
63,2007-10-11,2010-05-03,4,8,8,0.170213
63,2007-10-11,2010-05-03,4,9,4,0.085106
63,2007-10-11,2010-05-03,5,1,3,0.069767
63,2007-10-11,2010-05-03,5,2,5,0.116279
63,2007-10-11,2010-05-03,5,3,4,0.093023
63,2007-10-11,2010-05-03,5,4,4,0.093023
63,2007-10-11,2010-05-03,5,5,5,0.116279
63,2007-10-11,2010-05-03,5,6,7,0.162791
63,2007-10-11,2010-05-03,5,7,5,0.116279
63,2007-10-11,2010-05-03,5,8,3,0.069767
63,2007-10-11,2010-05-03,5,9,7,0.162791
63,2007-10-11,2010-05-03,6,1,5,0.108696
63,2007-10-11,2010-05-03,6,2,5,0.108696
63,2007-10-11,2010-05-03,6,3,3,0.065217
63,2007-10-11,2010-05-03,6,4,2,0.043478
63,2007-10-11,2010-05-03,6,5,5,0.108696
63,2007-10-11,2010-05-03,6,6,6,0.130435
63,2007-10-11,2010-05-03,6,7,9,0.195652
63,2007-10-11,2010-05-03,6,8,8,0.173913
63,2007-10-11,2010-05-03,6,9,3,0.065217
63,2007-10-11,2010-05-03,7,1,6,0.133333
63,2007-10-11,2010-05-03,7,2,7,0.155556
63,2007-10-11,2010-05-03,7,3,4,0.088889
63,2007-10-11,2010-05-03,7,4,7,0.155556
63,2007-10-11,2010-05-03,7,5,4,0.088889
63,2007-10-11,2010-05-03,7,6,7,0.155556
63,2007-10-11,2010-05-03,7,7,2,0.044444
63,2007-10-11,2010-05-03,7,8,5,0.111111
63,2007-10-11,2010-05-03,7,9,3,0.066667
63,2007-10-11,2010-05-03,8,1,5,0.087719
63,2007-10-11,2010-05-03,8,2,10,0.175439
63,2007-10-11,2010-05-03,8,3,8,0.140351
63,2007-10-11,2010-05-03,8,4,4,0.070175
63,2007-10-11,2010-05-03,8,5,5,0.087719
63,2007-10-11,2010-05-03,8,6,4,0.070175
63,2007-10-11,2010-05-03,8,7,10,0.175439
63,2007-10-11,2010-05-03,8,8,8,0.140351
63,2007-10-11,2010-05-03,8,9,3,0.052632
63,2007-10-11,2010-05-03,9,1,1,0.028571
63,2007-10-11,2010-05-03,9,2,0,0.0
63,2007-10-11,2010-05-03,9,3,6,0.171429
63,2007-10-11,2010-05-03,9,4,4,0.114286
63,2007-10-11,2010-05-03,9,5,6,0.171429
63,2007-10-11,2010-05-03,9,6,4,0.114286
63,2007-10-11,2010-05-03,9,7,3,0.085714
63,2007-10-11,2010-05-03,9,8,7,0.2
63,2007-10-11,2010-05-03,9,9,4,0.114286
64,2008-05-31,2010-12-21,1,1,8,0.163265
64,2008-05-31,2010-12-21,1,2,4,0.081633
64,2008-05-31,2010-12-21,1,3,7,0.142857
64,2008-05-31,2010-12-21,1,4,10,0.204082
64,2008-05-31,2010-12-21,1,5,3,0.061224
64,2008-05-31,2010-12-21,1,6,4,0.081633
64,2008-05-31,2010-12-21,1,7,1,0.020408
64,2008-05-31,2010-12-21,1,8,7,0.142857
64,2008-05-31,2010-12-21,1,9,5,0.102041
64,2008-05-31,2010-12-21,2,1,8,0.156863
64,2008-05-31,2010-12-21,2,2,9,0.176471
64,2008-05-31,2010-12-21,2,3,5,0.098039
64,2008-05-31,2010-12-21,2,4,7,0.137255
64,2008-05-31,2010-12-21,2,5,5,0.098039
64,2008-05-31,2010-12-21,2,6,4,0.078431
64,2008-05-31,2010-12-21,2,7,4,0.078431
64,2008-05-31,2010-12-21,2,8,4,0.078431
64,2008-05-31,2010-12-21,2,9,5,0.098039
64,2008-05-31,2010-12-21,3,1,4,0.1
64,2008-05-31,2010-12-21,3,2,2,0.05
64,2008-05-31,2010-12-21,3,3,3,0.075
64,2008-05-31,2010-12-21,3,4,3,0.075
64,2008-05-31,2010-12-21,3,5,7,0.175
64,2008-05-31,2010-12-21,3,6,7,0.175
64,2008-05-31,2010-12-21,3,7,3,0.075
64,2008-05-31,2010-12-21,3,8,8,0.2
64,2008-05-31,2010-12-21,3,9,3,0.075
64,2008-05-31,2010-12-21,4,1,4,0.076923
64,2008-05-31,2010-12-21,4,2,10,0.192308
64,2008-05-31,2010-12-21,4,3,3,0.057692
64,2008-05-31,2010-12-21,4,4,10,0.192308
64,2008-05-31,2010-12-21,4,5,4,0.076923
64,2008-05-31,2010-12-21,4,6,5,0.096154
64,2008-05-31,2010-12-21,4,7,7,0.134615
64,2008-05-31,2010-12-21,4,8,5,0.096154
64,2008-05-31,2010-12-21,4,9,4,0.076923
64,2008-05-31,2010-12-21,5,1,4,0.105263
64,2008-05-31,2010-12-21,5,2,6,0.157895
64,2008-05-31,2010-12-21,5,3,3,0.078947
64,2008-05-31,2010-12-21,5,4,5,0.131579
64,2008-05-31,2010-12-21,5,5,3,0.078947
64,2008-05-31,2010-12-21,5,6,5,0.131579
64,2008-05-31,2010-12-21,5,7,4,0.105263
64,2008-05-31,2010-12-21,5,8,3,0.078947
64,2008-05-31,2010-12-21,5,9,5,0.131579
64,2008-05-31,2010-12-21,6,1,7,0.155556
64,2008-05-31,2010-12-21,6,2,6,0.133333
64,2008-05-31,2010-12-21,6,3,4,0.088889
64,2008-05-31,2010-12-21,6,4,2,0.044444
64,2008-05-31,2010-12-21,6,5,3,0.066667
64,2008-05-31,2010-12-21,6,6,5,0.111111
64,2008-05-31,2010-12-21,6,7,7,0.155556
64,2008-05-31,2010-12-21,6,8,8,0.177778
64,2008-05-31,2010-12-21,6,9,3,0.066667
64,2008-05-31,2010-12-21,7,1,5,0.128205
64,2008-05-31,2010-12-21,7,2,6,0.153846
64,2008-05-31,2010-12-21,7,3,2,0.051282
64,2008-05-31,2010-12-21,7,4,7,0.179487
64,2008-05-31,2010-12-21,7,5,4,0.102564
64,2008-05-31,2010-12-21,7,6,6,0.153846
64,2008-05-31,2010-12-21,7,7,3,0.076923
64,2008-05-31,2010-12-21,7,8,4,0.102564
64,2008-05-31,2010-12-21,7,9,2,0.051282
64,2008-05-31,2010-12-21,8,1,5,0.1
64,2008-05-31,2010-12-21,8,2,7,0.14
64,2008-05-31,2010-12-21,8,3,6,0.12
64,2008-05-31,2010-12-21,8,4,4,0.08
64,2008-05-31,2010-12-21,8,5,5,0.1
64,2008-05-31,2010-12-21,8,6,5,0.1
64,2008-05-31,2010-12-21,8,7,8,0.16
64,2008-05-31,2010-12-21,8,8,7,0.14
64,2008-05-31,2010-12-21,8,9,3,0.06
64,2008-05-31,2010-12-21,9,1,3,0.083333
64,2008-05-31,2010-12-21,9,2,1,0.027778
64,2008-05-31,2010-12-21,9,3,7,0.194444
64,2008-05-31,2010-12-21,9,4,4,0.111111
64,2008-05-31,2010-12-21,9,5,5,0.138889
64,2008-05-31,2010-12-21,9,6,4,0.111111
64,2008-05-31,2010-12-21,9,7,2,0.055556
64,2008-05-31,2010-12-21,9,8,4,0.111111
64,2008-05-31,2010-12-21,9,9,6,0.166667
65,2009-01-20,2011-08-11,1,1,5,0.106383
65,2009-01-20,2011-08-11,1,2,6,0.12766
65,2009-01-20,2011-08-11,1,3,7,0.148936
65,2009-01-20,2011-08-11,1,4,10,0.212766
65,2009-01-20,2011-08-11,1,5,2,0.042553
65,2009-01-20,2011-08-11,1,6,4,0.085106
65,2009-01-20,2011-08-11,1,7,1,0.021277
65,2009-01-20,2011-08-11,1,8,7,0.148936
65,2009-01-20,2011-08-11,1,9,5,0.106383
65,2009-01-20,2011-08-11,2,1,10,0.185185
65,2009-01-20,2011-08-11,2,2,10,0.185185
65,2009-01-20,2011-08-11,2,3,4,0.074074
65,2009-01-20,2011-08-11,2,4,6,0.111111
65,2009-01-20,2011-08-11,2,5,8,0.148148
65,2009-01-20,2011-08-11,2,6,5,0.092593
65,2009-01-20,2011-08-11,2,7,4,0.074074
65,2009-01-20,2011-08-11,2,8,3,0.055556
65,2009-01-20,2011-08-11,2,9,4,0.074074
65,2009-01-20,2011-08-11,3,1,5,0.116279
65,2009-01-20,2011-08-11,3,2,3,0.069767
65,2009-01-20,2011-08-11,3,3,4,0.093023
65,2009-01-20,2011-08-11,3,4,3,0.069767
65,2009-01-20,2011-08-11,3,5,8,0.186047
65,2009-01-20,2011-08-11,3,6,7,0.162791
65,2009-01-20,2011-08-11,3,7,3,0.069767
65,2009-01-20,2011-08-11,3,8,7,0.162791
65,2009-01-20,2011-08-11,3,9,3,0.069767
65,2009-01-20,2011-08-11,4,1,5,0.090909
65,2009-01-20,2011-08-11,4,2,9,0.163636
65,2009-01-20,2011-08-11,4,3,6,0.109091
65,2009-01-20,2011-08-11,4,4,10,0.181818
65,2009-01-20,2011-08-11,4,5,2,0.036364
65,2009-01-20,2011-08-11,4,6,4,0.072727
65,2009-01-20,2011-08-11,4,7,9,0.163636
65,2009-01-20,2011-08-11,4,8,5,0.090909
65,2009-01-20,2011-08-11,4,9,5,0.090909
65,2009-01-20,2011-08-11,5,1,4,0.111111
65,2009-01-20,2011-08-11,5,2,4,0.111111
65,2009-01-20,2011-08-11,5,3,3,0.083333
65,2009-01-20,2011-08-11,5,4,5,0.138889
65,2009-01-20,2011-08-11,5,5,2,0.055556
65,2009-01-20,2011-08-11,5,6,6,0.166667
65,2009-01-20,2011-08-11,5,7,3,0.083333
65,2009-01-20,2011-08-11,5,8,4,0.111111
65,2009-01-20,2011-08-11,5,9,5,0.138889
65,2009-01-20,2011-08-11,6,1,6,0.136364
65,2009-01-20,2011-08-11,6,2,7,0.159091
65,2009-01-20,2011-08-11,6,3,5,0.113636
65,2009-01-20,2011-08-11,6,4,4,0.090909
65,2009-01-20,2011-08-11,6,5,1,0.022727
65,2009-01-20,2011-08-11,6,6,5,0.113636
65,2009-01-20,2011-08-11,6,7,8,0.181818
65,2009-01-20,2011-08-11,6,8,6,0.136364
65,2009-01-20,2011-08-11,6,9,2,0.045455
65,2009-01-20,2011-08-11,7,1,6,0.153846
65,2009-01-20,2011-08-11,7,2,5,0.128205
65,2009-01-20,2011-08-11,7,3,2,0.051282
65,2009-01-20,2011-08-11,7,4,8,0.205128
65,2009-01-20,2011-08-11,7,5,4,0.102564
65,2009-01-20,2011-08-11,7,6,5,0.128205
65,2009-01-20,2011-08-11,7,7,2,0.051282
65,2009-01-20,2011-08-11,7,8,5,0.128205
65,2009-01-20,2011-08-11,7,9,2,0.051282
65,2009-01-20,2011-08-11,8,1,3,0.065217
65,2009-01-20,2011-08-11,8,2,7,0.152174
65,2009-01-20,2011-08-11,8,3,5,0.108696
65,2009-01-20,2011-08-11,8,4,5,0.108696
65,2009-01-20,2011-08-11,8,5,4,0.086957
65,2009-01-20,2011-08-11,8,6,5,0.108696
65,2009-01-20,2011-08-11,8,7,7,0.152174
65,2009-01-20,2011-08-11,8,8,6,0.130435
65,2009-01-20,2011-08-11,8,9,4,0.086957
65,2009-01-20,2011-08-11,9,1,3,0.083333
65,2009-01-20,2011-08-11,9,2,3,0.083333
65,2009-01-20,2011-08-11,9,3,7,0.194444
65,2009-01-20,2011-08-11,9,4,4,0.111111
65,2009-01-20,2011-08-11,9,5,5,0.138889
65,2009-01-20,2011-08-11,9,6,3,0.083333
65,2009-01-20,2011-08-11,9,7,2,0.055556
65,2009-01-20,2011-08-11,9,8,3,0.083333
65,2009-01-20,2011-08-11,9,9,6,0.166667
66,2009-09-10,2012-03-31,1,1,3,0.069767
66,2009-09-10,2012-03-31,1,2,5,0.116279
66,2009-09-10,2012-03-31,1,3,5,0.116279
66,2009-09-10,2012-03-31,1,4,13,0.302326
66,2009-09-10,2012-03-31,1,5,3,0.069767
66,2009-09-10,2012-03-31,1,6,3,0.069767
66,2009-09-10,2012-03-31,1,7,3,0.069767
66,2009-09-10,2012-03-31,1,8,3,0.069767
66,2009-09-10,2012-03-31,1,9,5,0.116279
66,2009-09-10,2012-03-31,2,1,7,0.132075
66,2009-09-10,2012-03-31,2,2,11,0.207547
66,2009-09-10,2012-03-31,2,3,4,0.075472
66,2009-09-10,2012-03-31,2,4,8,0.150943
66,2009-09-10,2012-03-31,2,5,8,0.150943
66,2009-09-10,2012-03-31,2,6,7,0.132075
66,2009-09-10,2012-03-31,2,7,2,0.037736
66,2009-09-10,2012-03-31,2,8,4,0.075472
66,2009-09-10,2012-03-31,2,9,2,0.037736
66,2009-09-10,2012-03-31,3,1,5,0.119048
66,2009-09-10,2012-03-31,3,2,3,0.071429
66,2009-09-10,2012-03-31,3,3,3,0.071429
66,2009-09-10,2012-03-31,3,4,3,0.071429
66,2009-09-10,2012-03-31,3,5,7,0.166667
66,2009-09-10,2012-03-31,3,6,9,0.214286
66,2009-09-10,2012-03-31,3,7,3,0.071429
66,2009-09-10,2012-03-31,3,8,4,0.095238
66,2009-09-10,2012-03-31,3,9,5,0.119048
66,2009-09-10,2012-03-31,4,1,6,0.096774
66,2009-09-10,2012-03-31,4,2,9,0.145161
66,2009-09-10,2012-03-31,4,3,9,0.145161
66,2009-09-10,2012-03-31,4,4,10,0.16129
66,2009-09-10,2012-03-31,4,5,3,0.048387
66,2009-09-10,2012-03-31,4,6,4,0.064516
66,2009-09-10,2012-03-31,4,7,8,0.129032
66,2009-09-10,2012-03-31,4,8,6,0.096774
66,2009-09-10,2012-03-31,4,9,7,0.112903
66,2009-09-10,2012-03-31,5,1,2,0.052632
66,2009-09-10,2012-03-31,5,2,6,0.157895
66,2009-09-10,2012-03-31,5,3,3,0.078947
66,2009-09-10,2012-03-31,5,4,5,0.131579
66,2009-09-10,2012-03-31,5,5,4,0.105263
66,2009-09-10,2012-03-31,5,6,5,0.131579
66,2009-09-10,2012-03-31,5,7,4,0.105263
66,2009-09-10,2012-03-31,5,8,5,0.131579
66,2009-09-10,2012-03-31,5,9,4,0.105263
66,2009-09-10,2012-03-31,6,1,8,0.181818
66,2009-09-10,2012-03-31,6,2,5,0.113636
66,2009-09-10,2012-03-31,6,3,6,0.136364
66,2009-09-10,2012-03-31,6,4,4,0.090909
66,2009-09-10,2012-03-31,6,5,2,0.045455
66,2009-09-10,2012-03-31,6,6,3,0.068182
66,2009-09-10,2012-03-31,6,7,7,0.159091
66,2009-09-10,2012-03-31,6,8,6,0.136364
66,2009-09-10,2012-03-31,6,9,3,0.068182
66,2009-09-10,2012-03-31,7,1,6,0.157895
66,2009-09-10,2012-03-31,7,2,5,0.131579
66,2009-09-10,2012-03-31,7,3,2,0.052632
66,2009-09-10,2012-03-31,7,4,9,0.236842
66,2009-09-10,2012-03-31,7,5,4,0.105263
66,2009-09-10,2012-03-31,7,6,5,0.131579
66,2009-09-10,2012-03-31,7,7,2,0.052632
66,2009-09-10,2012-03-31,7,8,3,0.078947
66,2009-09-10,2012-03-31,7,9,2,0.052632
66,2009-09-10,2012-03-31,8,1,3,0.075
66,2009-09-10,2012-03-31,8,2,5,0.125
66,2009-09-10,2012-03-31,8,3,4,0.1
66,2009-09-10,2012-03-31,8,4,5,0.125
66,2009-09-10,2012-03-31,8,5,3,0.075
66,2009-09-10,2012-03-31,8,6,6,0.15
66,2009-09-10,2012-03-31,8,7,5,0.125
66,2009-09-10,2012-03-31,8,8,4,0.1
66,2009-09-10,2012-03-31,8,9,5,0.125
66,2009-09-10,2012-03-31,9,1,3,0.075
66,2009-09-10,2012-03-31,9,2,4,0.1
66,2009-09-10,2012-03-31,9,3,6,0.15
66,2009-09-10,2012-03-31,9,4,5,0.125
66,2009-09-10,2012-03-31,9,5,5,0.125
66,2009-09-10,2012-03-31,9,6,2,0.05
66,2009-09-10,2012-03-31,9,7,3,0.075
66,2009-09-10,2012-03-31,9,8,5,0.125
66,2009-09-10,2012-03-31,9,9,7,0.175
67,2010-05-03,2012-11-20,1,1,3,0.068182
67,2010-05-03,2012-11-20,1,2,4,0.090909
67,2010-05-03,2012-11-20,1,3,7,0.159091
67,2010-05-03,2012-11-20,1,4,9,0.204545
67,2010-05-03,2012-11-20,1,5,3,0.068182
67,2010-05-03,2012-11-20,1,6,4,0.090909
67,2010-05-03,2012-11-20,1,7,5,0.113636
67,2010-05-03,2012-11-20,1,8,3,0.068182
67,2010-05-03,2012-11-20,1,9,6,0.136364
67,2010-05-03,2012-11-20,2,1,9,0.163636
67,2010-05-03,2012-11-20,2,2,11,0.2
67,2010-05-03,2012-11-20,2,3,3,0.054545
67,2010-05-03,2012-11-20,2,4,9,0.163636
67,2010-05-03,2012-11-20,2,5,8,0.145455
67,2010-05-03,2012-11-20,2,6,7,0.127273
67,2010-05-03,2012-11-20,2,7,2,0.036364
67,2010-05-03,2012-11-20,2,8,4,0.072727
67,2010-05-03,2012-11-20,2,9,2,0.036364
67,2010-05-03,2012-11-20,3,1,4,0.095238
67,2010-05-03,2012-11-20,3,2,4,0.095238
67,2010-05-03,2012-11-20,3,3,3,0.071429
67,2010-05-03,2012-11-20,3,4,2,0.047619
67,2010-05-03,2012-11-20,3,5,8,0.190476
67,2010-05-03,2012-11-20,3,6,9,0.214286
67,2010-05-03,2012-11-20,3,7,3,0.071429
67,2010-05-03,2012-11-20,3,8,4,0.095238
67,2010-05-03,2012-11-20,3,9,5,0.119048
67,2010-05-03,2012-11-20,4,1,7,0.127273
67,2010-05-03,2012-11-20,4,2,8,0.145455
67,2010-05-03,2012-11-20,4,3,9,0.163636
67,2010-05-03,2012-11-20,4,4,6,0.109091
67,2010-05-03,2012-11-20,4,5,3,0.054545
67,2010-05-03,2012-11-20,4,6,6,0.109091
67,2010-05-03,2012-11-20,4,7,6,0.109091
67,2010-05-03,2012-11-20,4,8,4,0.072727
67,2010-05-03,2012-11-20,4,9,6,0.109091
67,2010-05-03,2012-11-20,5,1,6,0.139535
67,2010-05-03,2012-11-20,5,2,9,0.209302
67,2010-05-03,2012-11-20,5,3,2,0.046512
67,2010-05-03,2012-11-20,5,4,7,0.162791
67,2010-05-03,2012-11-20,5,5,4,0.093023
67,2010-05-03,2012-11-20,5,6,4,0.093023
67,2010-05-03,2012-11-20,5,7,4,0.093023
67,2010-05-03,2012-11-20,5,8,5,0.116279
67,2010-05-03,2012-11-20,5,9,2,0.046512
67,2010-05-03,2012-11-20,6,1,6,0.139535
67,2010-05-03,2012-11-20,6,2,4,0.093023
67,2010-05-03,2012-11-20,6,3,6,0.139535
67,2010-05-03,2012-11-20,6,4,3,0.069767
67,2010-05-03,2012-11-20,6,5,3,0.069767
67,2010-05-03,2012-11-20,6,6,3,0.069767
67,2010-05-03,2012-11-20,6,7,7,0.162791
67,2010-05-03,2012-11-20,6,8,7,0.162791
67,2010-05-03,2012-11-20,6,9,4,0.093023
67,2010-05-03,2012-11-20,7,1,3,0.076923
67,2010-05-03,2012-11-20,7,2,4,0.102564
67,2010-05-03,2012-11-20,7,3,2,0.051282
67,2010-05-03,2012-11-20,7,4,10,0.25641
67,2010-05-03,2012-11-20,7,5,5,0.128205
67,2010-05-03,2012-11-20,7,6,5,0.128205
67,2010-05-03,2012-11-20,7,7,4,0.102564
67,2010-05-03,2012-11-20,7,8,5,0.128205
67,2010-05-03,2012-11-20,7,9,1,0.025641
67,2010-05-03,2012-11-20,8,1,3,0.073171
67,2010-05-03,2012-11-20,8,2,7,0.170732
67,2010-05-03,2012-11-20,8,3,5,0.121951
67,2010-05-03,2012-11-20,8,4,4,0.097561
67,2010-05-03,2012-11-20,8,5,4,0.097561
67,2010-05-03,2012-11-20,8,6,4,0.097561
67,2010-05-03,2012-11-20,8,7,4,0.097561
67,2010-05-03,2012-11-20,8,8,4,0.097561
67,2010-05-03,2012-11-20,8,9,6,0.146341
67,2010-05-03,2012-11-20,9,1,3,0.078947
67,2010-05-03,2012-11-20,9,2,4,0.105263
67,2010-05-03,2012-11-20,9,3,5,0.131579
67,2010-05-03,2012-11-20,9,4,5,0.131579
67,2010-05-03,2012-11-20,9,5,5,0.131579
67,2010-05-03,2012-11-20,9,6,1,0.026316
67,2010-05-03,2012-11-20,9,7,4,0.105263
67,2010-05-03,2012-11-20,9,8,4,0.105263
67,2010-05-03,2012-11-20,9,9,7,0.184211
68,2010-12-21,2013-07-11,1,1,3,0.071429
68,2010-12-21,2013-07-11,1,2,3,0.071429
68,2010-12-21,2013-07-11,1,3,6,0.142857
68,2010-12-21,2013-07-11,1,4,6,0.142857
68,2010-12-21,2013-07-11,1,5,3,0.071429
68,2010-12-21,2013-07-11,1,6,6,0.142857
68,2010-12-21,2013-07-11,1,7,8,0.190476
68,2010-12-21,2013-07-11,1,8,1,0.02381
68,2010-12-21,2013-07-11,1,9,6,0.142857
68,2010-12-21,2013-07-11,2,1,9,0.214286
68,2010-12-21,2013-07-11,2,2,8,0.190476
68,2010-12-21,2013-07-11,2,3,3,0.071429
68,2010-12-21,2013-07-11,2,4,4,0.095238
68,2010-12-21,2013-07-11,2,5,7,0.166667
68,2010-12-21,2013-07-11,2,6,3,0.071429
68,2010-12-21,2013-07-11,2,7,1,0.02381
68,2010-12-21,2013-07-11,2,8,6,0.142857
68,2010-12-21,2013-07-11,2,9,1,0.02381
68,2010-12-21,2013-07-11,3,1,3,0.069767
68,2010-12-21,2013-07-11,3,2,4,0.093023
68,2010-12-21,2013-07-11,3,3,4,0.093023
68,2010-12-21,2013-07-11,3,4,4,0.093023
68,2010-12-21,2013-07-11,3,5,5,0.116279
68,2010-12-21,2013-07-11,3,6,10,0.232558
68,2010-12-21,2013-07-11,3,7,4,0.093023
68,2010-12-21,2013-07-11,3,8,4,0.093023
68,2010-12-21,2013-07-11,3,9,5,0.116279
68,2010-12-21,2013-07-11,4,1,7,0.14
68,2010-12-21,2013-07-11,4,2,3,0.06
68,2010-12-21,2013-07-11,4,3,8,0.16
68,2010-12-21,2013-07-11,4,4,5,0.1
68,2010-12-21,2013-07-11,4,5,4,0.08
68,2010-12-21,2013-07-11,4,6,8,0.16
68,2010-12-21,2013-07-11,4,7,6,0.12
68,2010-12-21,2013-07-11,4,8,3,0.06
68,2010-12-21,2013-07-11,4,9,6,0.12
68,2010-12-21,2013-07-11,5,1,5,0.106383
68,2010-12-21,2013-07-11,5,2,7,0.148936
68,2010-12-21,2013-07-11,5,3,4,0.085106
68,2010-12-21,2013-07-11,5,4,9,0.191489
68,2010-12-21,2013-07-11,5,5,6,0.12766
68,2010-12-21,2013-07-11,5,6,5,0.106383
68,2010-12-21,2013-07-11,5,7,4,0.085106
68,2010-12-21,2013-07-11,5,8,4,0.085106
68,2010-12-21,2013-07-11,5,9,3,0.06383
68,2010-12-21,2013-07-11,6,1,7,0.148936
68,2010-12-21,2013-07-11,6,2,4,0.085106
68,2010-12-21,2013-07-11,6,3,6,0.12766
68,2010-12-21,2013-07-11,6,4,4,0.085106
68,2010-12-21,2013-07-11,6,5,5,0.106383
68,2010-12-21,2013-07-11,6,6,3,0.06383
68,2010-12-21,2013-07-11,6,7,8,0.170213
68,2010-12-21,2013-07-11,6,8,7,0.148936
68,2010-12-21,2013-07-11,6,9,3,0.06383
68,2010-12-21,2013-07-11,7,1,2,0.046512
68,2010-12-21,2013-07-11,7,2,3,0.069767
68,2010-12-21,2013-07-11,7,3,2,0.046512
68,2010-12-21,2013-07-11,7,4,11,0.255814
68,2010-12-21,2013-07-11,7,5,6,0.139535
68,2010-12-21,2013-07-11,7,6,4,0.093023
68,2010-12-21,2013-07-11,7,7,4,0.093023
68,2010-12-21,2013-07-11,7,8,8,0.186047
68,2010-12-21,2013-07-11,7,9,3,0.069767
68,2010-12-21,2013-07-11,8,1,4,0.090909
68,2010-12-21,2013-07-11,8,2,7,0.159091
68,2010-12-21,2013-07-11,8,3,6,0.136364
68,2010-12-21,2013-07-11,8,4,3,0.068182
68,2010-12-21,2013-07-11,8,5,4,0.090909
68,2010-12-21,2013-07-11,8,6,3,0.068182
68,2010-12-21,2013-07-11,8,7,4,0.090909
68,2010-12-21,2013-07-11,8,8,5,0.113636
68,2010-12-21,2013-07-11,8,9,8,0.181818
68,2010-12-21,2013-07-11,9,1,2,0.047619
68,2010-12-21,2013-07-11,9,2,4,0.095238
68,2010-12-21,2013-07-11,9,3,4,0.095238
68,2010-12-21,2013-07-11,9,4,4,0.095238
68,2010-12-21,2013-07-11,9,5,6,0.142857
68,2010-12-21,2013-07-11,9,6,5,0.119048
68,2010-12-21,2013-07-11,9,7,4,0.095238
68,2010-12-21,2013-07-11,9,8,6,0.142857
68,2010-12-21,2013-07-11,9,9,7,0.166667
69,2011-08-11,2014-03-01,1,1,5,0.104167
69,2011-08-11,2014-03-01,1,2,2,0.041667
69,2011-08-11,2014-03-01,1,3,8,0.166667
69,2011-08-11,2014-03-01,1,4,8,0.166667
69,2011-08-11,2014-03-01,1,5,2,0.041667
69,2011-08-11,2014-03-01,1,6,8,0.166667
69,2011-08-11,2014-03-01,1,7,8,0.166667
69,2011-08-11,2014-03-01,1,8,2,0.041667
69,2011-08-11,2014-03-01,1,9,5,0.104167
69,2011-08-11,2014-03-01,2,1,6,0.142857
69,2011-08-11,2014-03-01,2,2,8,0.190476
69,2011-08-11,2014-03-01,2,3,5,0.119048
69,2011-08-11,2014-03-01,2,4,3,0.071429
69,2011-08-11,2014-03-01,2,5,5,0.119048
69,2011-08-11,2014-03-01,2,6,4,0.095238
69,2011-08-11,2014-03-01,2,7,1,0.02381
69,2011-08-11,2014-03-01,2,8,9,0.214286
69,2011-08-11,2014-03-01,2,9,1,0.02381
69,2011-08-11,2014-03-01,3,1,7,0.145833
69,2011-08-11,2014-03-01,3,2,4,0.083333
69,2011-08-11,2014-03-01,3,3,3,0.0625
69,2011-08-11,2014-03-01,3,4,9,0.1875
69,2011-08-11,2014-03-01,3,5,2,0.041667
69,2011-08-11,2014-03-01,3,6,9,0.1875
69,2011-08-11,2014-03-01,3,7,7,0.145833
69,2011-08-11,2014-03-01,3,8,3,0.0625
69,2011-08-11,2014-03-01,3,9,4,0.083333
69,2011-08-11,2014-03-01,4,1,9,0.163636
69,2011-08-11,2014-03-01,4,2,6,0.109091
69,2011-08-11,2014-03-01,4,3,8,0.145455
69,2011-08-11,2014-03-01,4,4,7,0.127273
69,2011-08-11,2014-03-01,4,5,5,0.090909
69,2011-08-11,2014-03-01,4,6,8,0.145455
69,2011-08-11,2014-03-01,4,7,5,0.090909
69,2011-08-11,2014-03-01,4,8,2,0.036364
69,2011-08-11,2014-03-01,4,9,5,0.090909
69,2011-08-11,2014-03-01,5,1,6,0.139535
69,2011-08-11,2014-03-01,5,2,7,0.162791
69,2011-08-11,2014-03-01,5,3,3,0.069767
69,2011-08-11,2014-03-01,5,4,8,0.186047
69,2011-08-11,2014-03-01,5,5,6,0.139535
69,2011-08-11,2014-03-01,5,6,3,0.069767
69,2011-08-11,2014-03-01,5,7,5,0.116279
69,2011-08-11,2014-03-01,5,8,2,0.046512
69,2011-08-11,2014-03-01,5,9,3,0.069767
69,2011-08-11,2014-03-01,6,1,8,0.170213
69,2011-08-11,2014-03-01,6,2,3,0.06383
69,2011-08-11,2014-03-01,6,3,9,0.191489
69,2011-08-11,2014-03-01,6,4,3,0.06383
69,2011-08-11,2014-03-01,6,5,5,0.106383
69,2011-08-11,2014-03-01,6,6,3,0.06383
69,2011-08-11,2014-03-01,6,7,5,0.106383
69,2011-08-11,2014-03-01,6,8,7,0.148936
69,2011-08-11,2014-03-01,6,9,4,0.085106
69,2011-08-11,2014-03-01,7,1,2,0.047619
69,2011-08-11,2014-03-01,7,2,3,0.071429
69,2011-08-11,2014-03-01,7,3,3,0.071429
69,2011-08-11,2014-03-01,7,4,10,0.238095
69,2011-08-11,2014-03-01,7,5,6,0.142857
69,2011-08-11,2014-03-01,7,6,5,0.119048
69,2011-08-11,2014-03-01,7,7,4,0.095238
69,2011-08-11,2014-03-01,7,8,6,0.142857
69,2011-08-11,2014-03-01,7,9,3,0.071429
69,2011-08-11,2014-03-01,8,1,4,0.097561
69,2011-08-11,2014-03-01,8,2,6,0.146341
69,2011-08-11,2014-03-01,8,3,6,0.146341
69,2011-08-11,2014-03-01,8,4,3,0.073171
69,2011-08-11,2014-03-01,8,5,6,0.146341
69,2011-08-11,2014-03-01,8,6,2,0.04878
69,2011-08-11,2014-03-01,8,7,4,0.097561
69,2011-08-11,2014-03-01,8,8,5,0.121951
69,2011-08-11,2014-03-01,8,9,5,0.121951
69,2011-08-11,2014-03-01,9,1,1,0.029412
69,2011-08-11,2014-03-01,9,2,3,0.088235
69,2011-08-11,2014-03-01,9,3,3,0.088235
69,2011-08-11,2014-03-01,9,4,3,0.088235
69,2011-08-11,2014-03-01,9,5,7,0.205882
69,2011-08-11,2014-03-01,9,6,5,0.147059
69,2011-08-11,2014-03-01,9,7,3,0.088235
69,2011-08-11,2014-03-01,9,8,5,0.147059
69,2011-08-11,2014-03-01,9,9,4,0.117647
70,2012-03-31,2014-10-21,1,1,4,0.085106
70,2012-03-31,2014-10-21,1,2,1,0.021277
70,2012-03-31,2014-10-21,1,3,8,0.170213
70,2012-03-31,2014-10-21,1,4,5,0.106383
70,2012-03-31,2014-10-21,1,5,2,0.042553
70,2012-03-31,2014-10-21,1,6,9,0.191489
70,2012-03-31,2014-10-21,1,7,8,0.170213
70,2012-03-31,2014-10-21,1,8,4,0.085106
70,2012-03-31,2014-10-21,1,9,6,0.12766
70,2012-03-31,2014-10-21,2,1,4,0.111111
70,2012-03-31,2014-10-21,2,2,4,0.111111
70,2012-03-31,2014-10-21,2,3,5,0.138889
70,2012-03-31,2014-10-21,2,4,2,0.055556
70,2012-03-31,2014-10-21,2,5,6,0.166667
70,2012-03-31,2014-10-21,2,6,3,0.083333
70,2012-03-31,2014-10-21,2,7,2,0.055556
70,2012-03-31,2014-10-21,2,8,9,0.25
70,2012-03-31,2014-10-21,2,9,1,0.027778
70,2012-03-31,2014-10-21,3,1,9,0.1875
70,2012-03-31,2014-10-21,3,2,3,0.0625
70,2012-03-31,2014-10-21,3,3,5,0.104167
70,2012-03-31,2014-10-21,3,4,8,0.166667
70,2012-03-31,2014-10-21,3,5,2,0.041667
70,2012-03-31,2014-10-21,3,6,9,0.1875
70,2012-03-31,2014-10-21,3,7,5,0.104167
70,2012-03-31,2014-10-21,3,8,4,0.083333
70,2012-03-31,2014-10-21,3,9,3,0.0625
70,2012-03-31,2014-10-21,4,1,8,0.170213
70,2012-03-31,2014-10-21,4,2,4,0.085106
70,2012-03-31,2014-10-21,4,3,6,0.12766
70,2012-03-31,2014-10-21,4,4,7,0.148936
70,2012-03-31,2014-10-21,4,5,4,0.085106
70,2012-03-31,2014-10-21,4,6,8,0.170213
70,2012-03-31,2014-10-21,4,7,6,0.12766
70,2012-03-31,2014-10-21,4,8,1,0.021277
70,2012-03-31,2014-10-21,4,9,3,0.06383
70,2012-03-31,2014-10-21,5,1,7,0.155556
70,2012-03-31,2014-10-21,5,2,6,0.133333
70,2012-03-31,2014-10-21,5,3,3,0.066667
70,2012-03-31,2014-10-21,5,4,6,0.133333
70,2012-03-31,2014-10-21,5,5,5,0.111111
70,2012-03-31,2014-10-21,5,6,4,0.088889
70,2012-03-31,2014-10-21,5,7,5,0.111111
70,2012-03-31,2014-10-21,5,8,3,0.066667
70,2012-03-31,2014-10-21,5,9,6,0.133333
70,2012-03-31,2014-10-21,6,1,6,0.12
70,2012-03-31,2014-10-21,6,2,4,0.08
70,2012-03-31,2014-10-21,6,3,7,0.14
70,2012-03-31,2014-10-21,6,4,5,0.1
70,2012-03-31,2014-10-21,6,5,8,0.16
70,2012-03-31,2014-10-21,6,6,3,0.06
70,2012-03-31,2014-10-21,6,7,7,0.14
70,2012-03-31,2014-10-21,6,8,7,0.14
70,2012-03-31,2014-10-21,6,9,3,0.06
70,2012-03-31,2014-10-21,7,1,5,0.111111
70,2012-03-31,2014-10-21,7,2,2,0.044444
70,2012-03-31,2014-10-21,7,3,6,0.133333
70,2012-03-31,2014-10-21,7,4,9,0.2
70,2012-03-31,2014-10-21,7,5,3,0.066667
70,2012-03-31,2014-10-21,7,6,5,0.111111
70,2012-03-31,2014-10-21,7,7,3,0.066667
70,2012-03-31,2014-10-21,7,8,8,0.177778
70,2012-03-31,2014-10-21,7,9,4,0.088889
70,2012-03-31,2014-10-21,8,1,3,0.065217
70,2012-03-31,2014-10-21,8,2,7,0.152174
70,2012-03-31,2014-10-21,8,3,6,0.130435
70,2012-03-31,2014-10-21,8,4,2,0.043478
70,2012-03-31,2014-10-21,8,5,7,0.152174
70,2012-03-31,2014-10-21,8,6,5,0.108696
70,2012-03-31,2014-10-21,8,7,5,0.108696
70,2012-03-31,2014-10-21,8,8,7,0.152174
70,2012-03-31,2014-10-21,8,9,4,0.086957
70,2012-03-31,2014-10-21,9,1,1,0.027778
70,2012-03-31,2014-10-21,9,2,5,0.138889
70,2012-03-31,2014-10-21,9,3,2,0.055556
70,2012-03-31,2014-10-21,9,4,3,0.083333
70,2012-03-31,2014-10-21,9,5,8,0.222222
70,2012-03-31,2014-10-21,9,6,4,0.111111
70,2012-03-31,2014-10-21,9,7,4,0.111111
70,2012-03-31,2014-10-21,9,8,3,0.083333
70,2012-03-31,2014-10-21,9,9,6,0.166667
71,2012-11-20,2015-06-11,1,1,6,0.117647
71,2012-11-20,2015-06-11,1,2,2,0.039216
71,2012-11-20,2015-06-11,1,3,5,0.098039
71,2012-11-20,2015-06-11,1,4,6,0.117647
71,2012-11-20,2015-06-11,1,5,3,0.058824
71,2012-11-20,2015-06-11,1,6,8,0.156863
71,2012-11-20,2015-06-11,1,7,9,0.176471
71,2012-11-20,2015-06-11,1,8,5,0.098039
71,2012-11-20,2015-06-11,1,9,7,0.137255
71,2012-11-20,2015-06-11,2,1,3,0.083333
71,2012-11-20,2015-06-11,2,2,2,0.055556
71,2012-11-20,2015-06-11,2,3,5,0.138889
71,2012-11-20,2015-06-11,2,4,2,0.055556
71,2012-11-20,2015-06-11,2,5,6,0.166667
71,2012-11-20,2015-06-11,2,6,4,0.111111
71,2012-11-20,2015-06-11,2,7,2,0.055556
71,2012-11-20,2015-06-11,2,8,8,0.222222
71,2012-11-20,2015-06-11,2,9,4,0.111111
71,2012-11-20,2015-06-11,3,1,11,0.234043
71,2012-11-20,2015-06-11,3,2,3,0.06383
71,2012-11-20,2015-06-11,3,3,6,0.12766
71,2012-11-20,2015-06-11,3,4,10,0.212766
71,2012-11-20,2015-06-11,3,5,1,0.021277
71,2012-11-20,2015-06-11,3,6,6,0.12766
71,2012-11-20,2015-06-11,3,7,4,0.085106
71,2012-11-20,2015-06-11,3,8,3,0.06383
71,2012-11-20,2015-06-11,3,9,3,0.06383
71,2012-11-20,2015-06-11,4,1,7,0.159091
71,2012-11-20,2015-06-11,4,2,4,0.090909
71,2012-11-20,2015-06-11,4,3,7,0.159091
71,2012-11-20,2015-06-11,4,4,6,0.136364
71,2012-11-20,2015-06-11,4,5,3,0.068182
71,2012-11-20,2015-06-11,4,6,5,0.113636
71,2012-11-20,2015-06-11,4,7,6,0.136364
71,2012-11-20,2015-06-11,4,8,1,0.022727
71,2012-11-20,2015-06-11,4,9,5,0.113636
71,2012-11-20,2015-06-11,5,1,4,0.097561
71,2012-11-20,2015-06-11,5,2,5,0.121951
71,2012-11-20,2015-06-11,5,3,4,0.097561
71,2012-11-20,2015-06-11,5,4,3,0.073171
71,2012-11-20,2015-06-11,5,5,6,0.146341
71,2012-11-20,2015-06-11,5,6,3,0.073171
71,2012-11-20,2015-06-11,5,7,5,0.121951
71,2012-11-20,2015-06-11,5,8,2,0.04878
71,2012-11-20,2015-06-11,5,9,9,0.219512
71,2012-11-20,2015-06-11,6,1,7,0.155556
71,2012-11-20,2015-06-11,6,2,5,0.111111
71,2012-11-20,2015-06-11,6,3,6,0.133333
71,2012-11-20,2015-06-11,6,4,5,0.111111
71,2012-11-20,2015-06-11,6,5,7,0.155556
71,2012-11-20,2015-06-11,6,6,2,0.044444
71,2012-11-20,2015-06-11,6,7,6,0.133333
71,2012-11-20,2015-06-11,6,8,4,0.088889
71,2012-11-20,2015-06-11,6,9,3,0.066667
71,2012-11-20,2015-06-11,7,1,6,0.136364
71,2012-11-20,2015-06-11,7,2,3,0.068182
71,2012-11-20,2015-06-11,7,3,8,0.181818
71,2012-11-20,2015-06-11,7,4,6,0.136364
71,2012-11-20,2015-06-11,7,5,1,0.022727
71,2012-11-20,2015-06-11,7,6,5,0.113636
71,2012-11-20,2015-06-11,7,7,2,0.045455
71,2012-11-20,2015-06-11,7,8,7,0.159091
71,2012-11-20,2015-06-11,7,9,6,0.136364
71,2012-11-20,2015-06-11,8,1,2,0.047619
71,2012-11-20,2015-06-11,8,2,7,0.166667
71,2012-11-20,2015-06-11,8,3,4,0.095238
71,2012-11-20,2015-06-11,8,4,2,0.047619
71,2012-11-20,2015-06-11,8,5,6,0.142857
71,2012-11-20,2015-06-11,8,6,7,0.166667
71,2012-11-20,2015-06-11,8,7,5,0.119048
71,2012-11-20,2015-06-11,8,8,5,0.119048
71,2012-11-20,2015-06-11,8,9,4,0.095238
71,2012-11-20,2015-06-11,9,1,5,0.1
71,2012-11-20,2015-06-11,9,2,6,0.12
71,2012-11-20,2015-06-11,9,3,2,0.04
71,2012-11-20,2015-06-11,9,4,4,0.08
71,2012-11-20,2015-06-11,9,5,8,0.16
71,2012-11-20,2015-06-11,9,6,5,0.1
71,2012-11-20,2015-06-11,9,7,5,0.1
71,2012-11-20,2015-06-11,9,8,7,0.14
71,2012-11-20,2015-06-11,9,9,8,0.16
72,2013-07-11,2016-01-30,1,1,5,0.09434
72,2013-07-11,2016-01-30,1,2,2,0.037736
72,2013-07-11,2016-01-30,1,3,11,0.207547
72,2013-07-11,2016-01-30,1,4,6,0.113208
72,2013-07-11,2016-01-30,1,5,5,0.09434
72,2013-07-11,2016-01-30,1,6,6,0.113208
72,2013-07-11,2016-01-30,1,7,6,0.113208
72,2013-07-11,2016-01-30,1,8,7,0.132075
72,2013-07-11,2016-01-30,1,9,5,0.09434
72,2013-07-11,2016-01-30,2,1,5,0.119048
72,2013-07-11,2016-01-30,2,2,3,0.071429
72,2013-07-11,2016-01-30,2,3,4,0.095238
72,2013-07-11,2016-01-30,2,4,5,0.119048
72,2013-07-11,2016-01-30,2,5,4,0.095238
72,2013-07-11,2016-01-30,2,6,5,0.119048
72,2013-07-11,2016-01-30,2,7,5,0.119048
72,2013-07-11,2016-01-30,2,8,6,0.142857
72,2013-07-11,2016-01-30,2,9,5,0.119048
72,2013-07-11,2016-01-30,3,1,13,0.265306
72,2013-07-11,2016-01-30,3,2,4,0.081633
72,2013-07-11,2016-01-30,3,3,6,0.122449
72,2013-07-11,2016-01-30,3,4,8,0.163265
72,2013-07-11,2016-01-30,3,5,3,0.061224
72,2013-07-11,2016-01-30,3,6,3,0.061224
72,2013-07-11,2016-01-30,3,7,5,0.102041
72,2013-07-11,2016-01-30,3,8,3,0.061224
72,2013-07-11,2016-01-30,3,9,4,0.081633
72,2013-07-11,2016-01-30,4,1,7,0.166667
72,2013-07-11,2016-01-30,4,2,6,0.142857
72,2013-07-11,2016-01-30,4,3,5,0.119048
72,2013-07-11,2016-01-30,4,4,6,0.142857
72,2013-07-11,2016-01-30,4,5,5,0.119048
72,2013-07-11,2016-01-30,4,6,2,0.047619
72,2013-07-11,2016-01-30,4,7,5,0.119048
72,2013-07-11,2016-01-30,4,8,1,0.02381
72,2013-07-11,2016-01-30,4,9,5,0.119048
72,2013-07-11,2016-01-30,5,1,4,0.108108
72,2013-07-11,2016-01-30,5,2,5,0.135135
72,2013-07-11,2016-01-30,5,3,2,0.054054
72,2013-07-11,2016-01-30,5,4,0,0.0
72,2013-07-11,2016-01-30,5,5,4,0.108108
72,2013-07-11,2016-01-30,5,6,3,0.081081
72,2013-07-11,2016-01-30,5,7,7,0.189189
72,2013-07-11,2016-01-30,5,8,5,0.135135
72,2013-07-11,2016-01-30,5,9,7,0.189189
72,2013-07-11,2016-01-30,6,1,4,0.114286
72,2013-07-11,2016-01-30,6,2,6,0.171429
72,2013-07-11,2016-01-30,6,3,4,0.114286
72,2013-07-11,2016-01-30,6,4,4,0.114286
72,2013-07-11,2016-01-30,6,5,5,0.142857
72,2013-07-11,2016-01-30,6,6,2,0.057143
72,2013-07-11,2016-01-30,6,7,4,0.114286
72,2013-07-11,2016-01-30,6,8,3,0.085714
72,2013-07-11,2016-01-30,6,9,3,0.085714
72,2013-07-11,2016-01-30,7,1,9,0.191489
72,2013-07-11,2016-01-30,7,2,3,0.06383
72,2013-07-11,2016-01-30,7,3,9,0.191489
72,2013-07-11,2016-01-30,7,4,5,0.106383
72,2013-07-11,2016-01-30,7,5,0,0.0
72,2013-07-11,2016-01-30,7,6,6,0.12766
72,2013-07-11,2016-01-30,7,7,1,0.021277
72,2013-07-11,2016-01-30,7,8,7,0.148936
72,2013-07-11,2016-01-30,7,9,7,0.148936
72,2013-07-11,2016-01-30,8,1,1,0.022727
72,2013-07-11,2016-01-30,8,2,7,0.159091
72,2013-07-11,2016-01-30,8,3,4,0.090909
72,2013-07-11,2016-01-30,8,4,2,0.045455
72,2013-07-11,2016-01-30,8,5,5,0.113636
72,2013-07-11,2016-01-30,8,6,7,0.159091
72,2013-07-11,2016-01-30,8,7,6,0.136364
72,2013-07-11,2016-01-30,8,8,6,0.136364
72,2013-07-11,2016-01-30,8,9,6,0.136364
72,2013-07-11,2016-01-30,9,1,5,0.098039
72,2013-07-11,2016-01-30,9,2,6,0.117647
72,2013-07-11,2016-01-30,9,3,4,0.078431
72,2013-07-11,2016-01-30,9,4,6,0.117647
72,2013-07-11,2016-01-30,9,5,6,0.117647
72,2013-07-11,2016-01-30,9,6,1,0.019608
72,2013-07-11,2016-01-30,9,7,8,0.156863
72,2013-07-11,2016-01-30,9,8,6,0.117647
72,2013-07-11,2016-01-30,9,9,9,0.176471
73,2014-03-01,2016-09-20,1,1,3,0.065217
73,2014-03-01,2016-09-20,1,2,2,0.043478
73,2014-03-01,2016-09-20,1,3,8,0.173913
73,2014-03-01,2016-09-20,1,4,4,0.086957
73,2014-03-01,2016-09-20,1,5,5,0.108696
73,2014-03-01,2016-09-20,1,6,4,0.086957
73,2014-03-01,2016-09-20,1,7,7,0.152174
73,2014-03-01,2016-09-20,1,8,8,0.173913
73,2014-03-01,2016-09-20,1,9,5,0.108696
73,2014-03-01,2016-09-20,2,1,5,0.119048
73,2014-03-01,2016-09-20,2,2,3,0.071429
73,2014-03-01,2016-09-20,2,3,1,0.02381
73,2014-03-01,2016-09-20,2,4,6,0.142857
73,2014-03-01,2016-09-20,2,5,9,0.214286
73,2014-03-01,2016-09-20,2,6,3,0.071429
73,2014-03-01,2016-09-20,2,7,7,0.166667
73,2014-03-01,2016-09-20,2,8,3,0.071429
73,2014-03-01,2016-09-20,2,9,5,0.119048
73,2014-03-01,2016-09-20,3,1,8,0.190476
73,2014-03-01,2016-09-20,3,2,4,0.095238
73,2014-03-01,2016-09-20,3,3,5,0.119048
73,2014-03-01,2016-09-20,3,4,5,0.119048
73,2014-03-01,2016-09-20,3,5,3,0.071429
73,2014-03-01,2016-09-20,3,6,4,0.095238
73,2014-03-01,2016-09-20,3,7,3,0.071429
73,2014-03-01,2016-09-20,3,8,5,0.119048
73,2014-03-01,2016-09-20,3,9,5,0.119048
73,2014-03-01,2016-09-20,4,1,4,0.102564
73,2014-03-01,2016-09-20,4,2,4,0.102564
73,2014-03-01,2016-09-20,4,3,6,0.153846
73,2014-03-01,2016-09-20,4,4,4,0.102564
73,2014-03-01,2016-09-20,4,5,7,0.179487
73,2014-03-01,2016-09-20,4,6,3,0.076923
73,2014-03-01,2016-09-20,4,7,4,0.102564
73,2014-03-01,2016-09-20,4,8,2,0.051282
73,2014-03-01,2016-09-20,4,9,5,0.128205
73,2014-03-01,2016-09-20,5,1,3,0.065217
73,2014-03-01,2016-09-20,5,2,6,0.130435
73,2014-03-01,2016-09-20,5,3,4,0.086957
73,2014-03-01,2016-09-20,5,4,3,0.065217
73,2014-03-01,2016-09-20,5,5,7,0.152174
73,2014-03-01,2016-09-20,5,6,4,0.086957
73,2014-03-01,2016-09-20,5,7,6,0.130435
73,2014-03-01,2016-09-20,5,8,6,0.130435
73,2014-03-01,2016-09-20,5,9,7,0.152174
73,2014-03-01,2016-09-20,6,1,4,0.121212
73,2014-03-01,2016-09-20,6,2,5,0.151515
73,2014-03-01,2016-09-20,6,3,1,0.030303
73,2014-03-01,2016-09-20,6,4,3,0.090909
73,2014-03-01,2016-09-20,6,5,6,0.181818
73,2014-03-01,2016-09-20,6,6,2,0.060606
73,2014-03-01,2016-09-20,6,7,7,0.212121
73,2014-03-01,2016-09-20,6,8,3,0.090909
73,2014-03-01,2016-09-20,6,9,2,0.060606
73,2014-03-01,2016-09-20,7,1,9,0.183673
73,2014-03-01,2016-09-20,7,2,4,0.081633
73,2014-03-01,2016-09-20,7,3,9,0.183673
73,2014-03-01,2016-09-20,7,4,5,0.102041
73,2014-03-01,2016-09-20,7,5,0,0.0
73,2014-03-01,2016-09-20,7,6,4,0.081633
73,2014-03-01,2016-09-20,7,7,2,0.040816
73,2014-03-01,2016-09-20,7,8,7,0.142857
73,2014-03-01,2016-09-20,7,9,9,0.183673
73,2014-03-01,2016-09-20,8,1,3,0.06383
73,2014-03-01,2016-09-20,8,2,8,0.170213
73,2014-03-01,2016-09-20,8,3,5,0.106383
73,2014-03-01,2016-09-20,8,4,2,0.042553
73,2014-03-01,2016-09-20,8,5,3,0.06383
73,2014-03-01,2016-09-20,8,6,7,0.148936
73,2014-03-01,2016-09-20,8,7,5,0.106383
73,2014-03-01,2016-09-20,8,8,6,0.12766
73,2014-03-01,2016-09-20,8,9,8,0.170213
73,2014-03-01,2016-09-20,9,1,7,0.125
73,2014-03-01,2016-09-20,9,2,7,0.125
73,2014-03-01,2016-09-20,9,3,3,0.053571
73,2014-03-01,2016-09-20,9,4,7,0.125
73,2014-03-01,2016-09-20,9,5,5,0.089286
73,2014-03-01,2016-09-20,9,6,2,0.035714
73,2014-03-01,2016-09-20,9,7,8,0.142857
73,2014-03-01,2016-09-20,9,8,7,0.125
73,2014-03-01,2016-09-20,9,9,10,0.178571
74,2014-10-21,2017-05-11,1,1,5,0.098039
74,2014-10-21,2017-05-11,1,2,3,0.058824
74,2014-10-21,2017-05-11,1,3,10,0.196078
74,2014-10-21,2017-05-11,1,4,6,0.117647
74,2014-10-21,2017-05-11,1,5,6,0.117647
74,2014-10-21,2017-05-11,1,6,2,0.039216
74,2014-10-21,2017-05-11,1,7,7,0.137255
74,2014-10-21,2017-05-11,1,8,6,0.117647
74,2014-10-21,2017-05-11,1,9,6,0.117647
74,2014-10-21,2017-05-11,2,1,7,0.145833
74,2014-10-21,2017-05-11,2,2,4,0.083333
74,2014-10-21,2017-05-11,2,3,1,0.020833
74,2014-10-21,2017-05-11,2,4,7,0.145833
74,2014-10-21,2017-05-11,2,5,10,0.208333
74,2014-10-21,2017-05-11,2,6,4,0.083333
74,2014-10-21,2017-05-11,2,7,7,0.145833
74,2014-10-21,2017-05-11,2,8,2,0.041667
74,2014-10-21,2017-05-11,2,9,6,0.125
74,2014-10-21,2017-05-11,3,1,8,0.190476
74,2014-10-21,2017-05-11,3,2,7,0.166667
74,2014-10-21,2017-05-11,3,3,3,0.071429
74,2014-10-21,2017-05-11,3,4,6,0.142857
74,2014-10-21,2017-05-11,3,5,4,0.095238
74,2014-10-21,2017-05-11,3,6,4,0.095238
74,2014-10-21,2017-05-11,3,7,3,0.071429
74,2014-10-21,2017-05-11,3,8,3,0.071429
74,2014-10-21,2017-05-11,3,9,4,0.095238
74,2014-10-21,2017-05-11,4,1,3,0.078947
74,2014-10-21,2017-05-11,4,2,5,0.131579
74,2014-10-21,2017-05-11,4,3,7,0.184211
74,2014-10-21,2017-05-11,4,4,2,0.052632
74,2014-10-21,2017-05-11,4,5,7,0.184211
74,2014-10-21,2017-05-11,4,6,3,0.078947
74,2014-10-21,2017-05-11,4,7,3,0.078947
74,2014-10-21,2017-05-11,4,8,3,0.078947
74,2014-10-21,2017-05-11,4,9,5,0.131579
74,2014-10-21,2017-05-11,5,1,2,0.044444
74,2014-10-21,2017-05-11,5,2,6,0.133333
74,2014-10-21,2017-05-11,5,3,4,0.088889
74,2014-10-21,2017-05-11,5,4,4,0.088889
74,2014-10-21,2017-05-11,5,5,7,0.155556
74,2014-10-21,2017-05-11,5,6,4,0.088889
74,2014-10-21,2017-05-11,5,7,7,0.155556
74,2014-10-21,2017-05-11,5,8,6,0.133333
74,2014-10-21,2017-05-11,5,9,5,0.111111
74,2014-10-21,2017-05-11,6,1,4,0.121212
74,2014-10-21,2017-05-11,6,2,6,0.181818
74,2014-10-21,2017-05-11,6,3,2,0.060606
74,2014-10-21,2017-05-11,6,4,1,0.030303
74,2014-10-21,2017-05-11,6,5,3,0.090909
74,2014-10-21,2017-05-11,6,6,4,0.121212
74,2014-10-21,2017-05-11,6,7,6,0.181818
74,2014-10-21,2017-05-11,6,8,3,0.090909
74,2014-10-21,2017-05-11,6,9,4,0.121212
74,2014-10-21,2017-05-11,7,1,7,0.142857
74,2014-10-21,2017-05-11,7,2,6,0.122449
74,2014-10-21,2017-05-11,7,3,6,0.122449
74,2014-10-21,2017-05-11,7,4,4,0.081633
74,2014-10-21,2017-05-11,7,5,1,0.020408
74,2014-10-21,2017-05-11,7,6,6,0.122449
74,2014-10-21,2017-05-11,7,7,4,0.081633
74,2014-10-21,2017-05-11,7,8,5,0.102041
74,2014-10-21,2017-05-11,7,9,10,0.204082
74,2014-10-21,2017-05-11,8,1,5,0.135135
74,2014-10-21,2017-05-11,8,2,6,0.162162
74,2014-10-21,2017-05-11,8,3,4,0.108108
74,2014-10-21,2017-05-11,8,4,2,0.054054
74,2014-10-21,2017-05-11,8,5,0,0.0
74,2014-10-21,2017-05-11,8,6,3,0.081081
74,2014-10-21,2017-05-11,8,7,5,0.135135
74,2014-10-21,2017-05-11,8,8,3,0.081081
74,2014-10-21,2017-05-11,8,9,9,0.243243
74,2014-10-21,2017-05-11,9,1,10,0.175439
74,2014-10-21,2017-05-11,9,2,5,0.087719
74,2014-10-21,2017-05-11,9,3,5,0.087719
74,2014-10-21,2017-05-11,9,4,6,0.105263
74,2014-10-21,2017-05-11,9,5,6,0.105263
74,2014-10-21,2017-05-11,9,6,3,0.052632
74,2014-10-21,2017-05-11,9,7,8,0.140351
74,2014-10-21,2017-05-11,9,8,6,0.105263
74,2014-10-21,2017-05-11,9,9,8,0.140351
75,2015-06-11,2017-12-30,1,1,4,0.090909
75,2015-06-11,2017-12-30,1,2,3,0.068182
75,2015-06-11,2017-12-30,1,3,8,0.181818
75,2015-06-11,2017-12-30,1,4,5,0.113636
75,2015-06-11,2017-12-30,1,5,7,0.159091
75,2015-06-11,2017-12-30,1,6,3,0.068182
75,2015-06-11,2017-12-30,1,7,4,0.090909
75,2015-06-11,2017-12-30,1,8,5,0.113636
75,2015-06-11,2017-12-30,1,9,5,0.113636
75,2015-06-11,2017-12-30,2,1,7,0.142857
75,2015-06-11,2017-12-30,2,2,5,0.102041
75,2015-06-11,2017-12-30,2,3,2,0.040816
75,2015-06-11,2017-12-30,2,4,7,0.142857
75,2015-06-11,2017-12-30,2,5,10,0.204082
75,2015-06-11,2017-12-30,2,6,3,0.061224
75,2015-06-11,2017-12-30,2,7,7,0.142857
75,2015-06-11,2017-12-30,2,8,4,0.081633
75,2015-06-11,2017-12-30,2,9,4,0.081633
75,2015-06-11,2017-12-30,3,1,7,0.159091
75,2015-06-11,2017-12-30,3,2,5,0.113636
75,2015-06-11,2017-12-30,3,3,3,0.068182
75,2015-06-11,2017-12-30,3,4,5,0.113636
75,2015-06-11,2017-12-30,3,5,4,0.090909
75,2015-06-11,2017-12-30,3,6,6,0.136364
75,2015-06-11,2017-12-30,3,7,6,0.136364
75,2015-06-11,2017-12-30,3,8,3,0.068182
75,2015-06-11,2017-12-30,3,9,5,0.113636
75,2015-06-11,2017-12-30,4,1,3,0.081081
75,2015-06-11,2017-12-30,4,2,7,0.189189
75,2015-06-11,2017-12-30,4,3,7,0.189189
75,2015-06-11,2017-12-30,4,4,1,0.027027
75,2015-06-11,2017-12-30,4,5,9,0.243243
75,2015-06-11,2017-12-30,4,6,2,0.054054
75,2015-06-11,2017-12-30,4,7,1,0.027027
75,2015-06-11,2017-12-30,4,8,3,0.081081
75,2015-06-11,2017-12-30,4,9,4,0.108108
75,2015-06-11,2017-12-30,5,1,4,0.074074
75,2015-06-11,2017-12-30,5,2,4,0.074074
75,2015-06-11,2017-12-30,5,3,6,0.111111
75,2015-06-11,2017-12-30,5,4,7,0.12963
75,2015-06-11,2017-12-30,5,5,9,0.166667
75,2015-06-11,2017-12-30,5,6,4,0.074074
75,2015-06-11,2017-12-30,5,7,9,0.166667
75,2015-06-11,2017-12-30,5,8,9,0.166667
75,2015-06-11,2017-12-30,5,9,2,0.037037
75,2015-06-11,2017-12-30,6,1,2,0.057143
75,2015-06-11,2017-12-30,6,2,6,0.171429
75,2015-06-11,2017-12-30,6,3,3,0.085714
75,2015-06-11,2017-12-30,6,4,2,0.057143
75,2015-06-11,2017-12-30,6,5,4,0.114286
75,2015-06-11,2017-12-30,6,6,5,0.142857
75,2015-06-11,2017-12-30,6,7,6,0.171429
75,2015-06-11,2017-12-30,6,8,3,0.085714
75,2015-06-11,2017-12-30,6,9,4,0.114286
75,2015-06-11,2017-12-30,7,1,5,0.098039
75,2015-06-11,2017-12-30,7,2,8,0.156863
75,2015-06-11,2017-12-30,7,3,7,0.137255
75,2015-06-11,2017-12-30,7,4,3,0.058824
75,2015-06-11,2017-12-30,7,5,4,0.078431
75,2015-06-11,2017-12-30,7,6,5,0.098039
75,2015-06-11,2017-12-30,7,7,6,0.117647
75,2015-06-11,2017-12-30,7,8,4,0.078431
75,2015-06-11,2017-12-30,7,9,9,0.176471
75,2015-06-11,2017-12-30,8,1,6,0.153846
75,2015-06-11,2017-12-30,8,2,5,0.128205
75,2015-06-11,2017-12-30,8,3,2,0.051282
75,2015-06-11,2017-12-30,8,4,2,0.051282
75,2015-06-11,2017-12-30,8,5,1,0.025641
75,2015-06-11,2017-12-30,8,6,4,0.102564
75,2015-06-11,2017-12-30,8,7,6,0.153846
75,2015-06-11,2017-12-30,8,8,5,0.128205
75,2015-06-11,2017-12-30,8,9,8,0.205128
75,2015-06-11,2017-12-30,9,1,6,0.12766
75,2015-06-11,2017-12-30,9,2,5,0.106383
75,2015-06-11,2017-12-30,9,3,6,0.12766
75,2015-06-11,2017-12-30,9,4,6,0.12766
75,2015-06-11,2017-12-30,9,5,6,0.12766
75,2015-06-11,2017-12-30,9,6,3,0.06383
75,2015-06-11,2017-12-30,9,7,6,0.12766
75,2015-06-11,2017-12-30,9,8,3,0.06383
75,2015-06-11,2017-12-30,9,9,6,0.12766
76,2016-01-30,2018-08-21,1,1,5,0.111111
76,2016-01-30,2018-08-21,1,2,4,0.088889
76,2016-01-30,2018-08-21,1,3,3,0.066667
76,2016-01-30,2018-08-21,1,4,6,0.133333
76,2016-01-30,2018-08-21,1,5,7,0.155556
76,2016-01-30,2018-08-21,1,6,4,0.088889
76,2016-01-30,2018-08-21,1,7,5,0.111111
76,2016-01-30,2018-08-21,1,8,4,0.088889
76,2016-01-30,2018-08-21,1,9,7,0.155556
76,2016-01-30,2018-08-21,2,1,5,0.113636
76,2016-01-30,2018-08-21,2,2,4,0.090909
76,2016-01-30,2018-08-21,2,3,2,0.045455
76,2016-01-30,2018-08-21,2,4,5,0.113636
76,2016-01-30,2018-08-21,2,5,11,0.25
76,2016-01-30,2018-08-21,2,6,3,0.068182
76,2016-01-30,2018-08-21,2,7,6,0.136364
76,2016-01-30,2018-08-21,2,8,4,0.090909
76,2016-01-30,2018-08-21,2,9,4,0.090909
76,2016-01-30,2018-08-21,3,1,4,0.108108
76,2016-01-30,2018-08-21,3,2,6,0.162162
76,2016-01-30,2018-08-21,3,3,2,0.054054
76,2016-01-30,2018-08-21,3,4,5,0.135135
76,2016-01-30,2018-08-21,3,5,2,0.054054
76,2016-01-30,2018-08-21,3,6,6,0.162162
76,2016-01-30,2018-08-21,3,7,5,0.135135
76,2016-01-30,2018-08-21,3,8,4,0.108108
76,2016-01-30,2018-08-21,3,9,3,0.081081
76,2016-01-30,2018-08-21,4,1,3,0.083333
76,2016-01-30,2018-08-21,4,2,5,0.138889
76,2016-01-30,2018-08-21,4,3,7,0.194444
76,2016-01-30,2018-08-21,4,4,1,0.027778
76,2016-01-30,2018-08-21,4,5,7,0.194444
76,2016-01-30,2018-08-21,4,6,4,0.111111
76,2016-01-30,2018-08-21,4,7,2,0.055556
76,2016-01-30,2018-08-21,4,8,5,0.138889
76,2016-01-30,2018-08-21,4,9,2,0.055556
76,2016-01-30,2018-08-21,5,1,6,0.1
76,2016-01-30,2018-08-21,5,2,3,0.05
76,2016-01-30,2018-08-21,5,3,8,0.133333
76,2016-01-30,2018-08-21,5,4,9,0.15
76,2016-01-30,2018-08-21,5,5,12,0.2
76,2016-01-30,2018-08-21,5,6,4,0.066667
76,2016-01-30,2018-08-21,5,7,7,0.116667
76,2016-01-30,2018-08-21,5,8,8,0.133333
76,2016-01-30,2018-08-21,5,9,3,0.05
76,2016-01-30,2018-08-21,6,1,4,0.097561
76,2016-01-30,2018-08-21,6,2,3,0.073171
76,2016-01-30,2018-08-21,6,3,4,0.097561
76,2016-01-30,2018-08-21,6,4,3,0.073171
76,2016-01-30,2018-08-21,6,5,5,0.121951
76,2016-01-30,2018-08-21,6,6,6,0.146341
76,2016-01-30,2018-08-21,6,7,8,0.195122
76,2016-01-30,2018-08-21,6,8,4,0.097561
76,2016-01-30,2018-08-21,6,9,4,0.097561
76,2016-01-30,2018-08-21,7,1,3,0.061224
76,2016-01-30,2018-08-21,7,2,9,0.183673
76,2016-01-30,2018-08-21,7,3,8,0.163265
76,2016-01-30,2018-08-21,7,4,2,0.040816
76,2016-01-30,2018-08-21,7,5,6,0.122449
76,2016-01-30,2018-08-21,7,6,3,0.061224
76,2016-01-30,2018-08-21,7,7,6,0.122449
76,2016-01-30,2018-08-21,7,8,3,0.061224
76,2016-01-30,2018-08-21,7,9,9,0.183673
76,2016-01-30,2018-08-21,8,1,10,0.232558
76,2016-01-30,2018-08-21,8,2,4,0.093023
76,2016-01-30,2018-08-21,8,3,1,0.023256
76,2016-01-30,2018-08-21,8,4,2,0.046512
76,2016-01-30,2018-08-21,8,5,1,0.023256
76,2016-01-30,2018-08-21,8,6,4,0.093023
76,2016-01-30,2018-08-21,8,7,6,0.139535
76,2016-01-30,2018-08-21,8,8,7,0.162791
76,2016-01-30,2018-08-21,8,9,8,0.186047
76,2016-01-30,2018-08-21,9,1,5,0.111111
76,2016-01-30,2018-08-21,9,2,5,0.111111
76,2016-01-30,2018-08-21,9,3,3,0.066667
76,2016-01-30,2018-08-21,9,4,3,0.066667
76,2016-01-30,2018-08-21,9,5,9,0.2
76,2016-01-30,2018-08-21,9,6,7,0.155556
76,2016-01-30,2018-08-21,9,7,4,0.088889
76,2016-01-30,2018-08-21,9,8,4,0.088889
76,2016-01-30,2018-08-21,9,9,5,0.111111
77,2016-09-20,2019-04-11,1,1,5,0.092593
77,2016-09-20,2019-04-11,1,2,5,0.092593
77,2016-09-20,2019-04-11,1,3,6,0.111111
77,2016-09-20,2019-04-11,1,4,6,0.111111
77,2016-09-20,2019-04-11,1,5,11,0.203704
77,2016-09-20,2019-04-11,1,6,5,0.092593
77,2016-09-20,2019-04-11,1,7,5,0.092593
77,2016-09-20,2019-04-11,1,8,5,0.092593
77,2016-09-20,2019-04-11,1,9,6,0.111111
77,2016-09-20,2019-04-11,2,1,7,0.166667
77,2016-09-20,2019-04-11,2,2,3,0.071429
77,2016-09-20,2019-04-11,2,3,2,0.047619
77,2016-09-20,2019-04-11,2,4,5,0.119048
77,2016-09-20,2019-04-11,2,5,7,0.166667
77,2016-09-20,2019-04-11,2,6,4,0.095238
77,2016-09-20,2019-04-11,2,7,5,0.119048
77,2016-09-20,2019-04-11,2,8,5,0.119048
77,2016-09-20,2019-04-11,2,9,4,0.095238
77,2016-09-20,2019-04-11,3,1,6,0.15
77,2016-09-20,2019-04-11,3,2,6,0.15
77,2016-09-20,2019-04-11,3,3,3,0.075
77,2016-09-20,2019-04-11,3,4,4,0.1
77,2016-09-20,2019-04-11,3,5,4,0.1
77,2016-09-20,2019-04-11,3,6,5,0.125
77,2016-09-20,2019-04-11,3,7,4,0.1
77,2016-09-20,2019-04-11,3,8,4,0.1
77,2016-09-20,2019-04-11,3,9,4,0.1
77,2016-09-20,2019-04-11,4,1,4,0.125
77,2016-09-20,2019-04-11,4,2,5,0.15625
77,2016-09-20,2019-04-11,4,3,5,0.15625
77,2016-09-20,2019-04-11,4,4,1,0.03125
77,2016-09-20,2019-04-11,4,5,5,0.15625
77,2016-09-20,2019-04-11,4,6,4,0.125
77,2016-09-20,2019-04-11,4,7,2,0.0625
77,2016-09-20,2019-04-11,4,8,5,0.15625
77,2016-09-20,2019-04-11,4,9,1,0.03125
77,2016-09-20,2019-04-11,5,1,7,0.127273
77,2016-09-20,2019-04-11,5,2,2,0.036364
77,2016-09-20,2019-04-11,5,3,7,0.127273
77,2016-09-20,2019-04-11,5,4,7,0.127273
77,2016-09-20,2019-04-11,5,5,10,0.181818
77,2016-09-20,2019-04-11,5,6,4,0.072727
77,2016-09-20,2019-04-11,5,7,8,0.145455
77,2016-09-20,2019-04-11,5,8,8,0.145455
77,2016-09-20,2019-04-11,5,9,2,0.036364
77,2016-09-20,2019-04-11,6,1,4,0.093023
77,2016-09-20,2019-04-11,6,2,4,0.093023
77,2016-09-20,2019-04-11,6,3,5,0.116279
77,2016-09-20,2019-04-11,6,4,4,0.093023
77,2016-09-20,2019-04-11,6,5,4,0.093023
77,2016-09-20,2019-04-11,6,6,6,0.139535
77,2016-09-20,2019-04-11,6,7,6,0.139535
77,2016-09-20,2019-04-11,6,8,5,0.116279
77,2016-09-20,2019-04-11,6,9,5,0.116279
77,2016-09-20,2019-04-11,7,1,6,0.130435
77,2016-09-20,2019-04-11,7,2,7,0.152174
77,2016-09-20,2019-04-11,7,3,6,0.130435
77,2016-09-20,2019-04-11,7,4,1,0.021739
77,2016-09-20,2019-04-11,7,5,6,0.130435
77,2016-09-20,2019-04-11,7,6,4,0.086957
77,2016-09-20,2019-04-11,7,7,5,0.108696
77,2016-09-20,2019-04-11,7,8,4,0.086957
77,2016-09-20,2019-04-11,7,9,7,0.152174
77,2016-09-20,2019-04-11,8,1,10,0.208333
77,2016-09-20,2019-04-11,8,2,6,0.125
77,2016-09-20,2019-04-11,8,3,2,0.041667
77,2016-09-20,2019-04-11,8,4,2,0.041667
77,2016-09-20,2019-04-11,8,5,1,0.020833
77,2016-09-20,2019-04-11,8,6,5,0.104167
77,2016-09-20,2019-04-11,8,7,7,0.145833
77,2016-09-20,2019-04-11,8,8,8,0.166667
77,2016-09-20,2019-04-11,8,9,7,0.145833
77,2016-09-20,2019-04-11,9,1,5,0.125
77,2016-09-20,2019-04-11,9,2,3,0.075
77,2016-09-20,2019-04-11,9,3,4,0.1
77,2016-09-20,2019-04-11,9,4,2,0.05
77,2016-09-20,2019-04-11,9,5,7,0.175
77,2016-09-20,2019-04-11,9,6,7,0.175
77,2016-09-20,2019-04-11,9,7,4,0.1
77,2016-09-20,2019-04-11,9,8,4,0.1
77,2016-09-20,2019-04-11,9,9,4,0.1
78,2017-05-11,2019-11-30,1,1,3,0.068182
78,2017-05-11,2019-11-30,1,2,4,0.090909
78,2017-05-11,2019-11-30,1,3,5,0.113636
78,2017-05-11,2019-11-30,1,4,3,0.068182
78,2017-05-11,2019-11-30,1,5,10,0.227273
78,2017-05-11,2019-11-30,1,6,5,0.113636
78,2017-05-11,2019-11-30,1,7,5,0.113636
78,2017-05-11,2019-11-30,1,8,6,0.136364
78,2017-05-11,2019-11-30,1,9,3,0.068182
78,2017-05-11,2019-11-30,2,1,5,0.125
78,2017-05-11,2019-11-30,2,2,2,0.05
78,2017-05-11,2019-11-30,2,3,3,0.075
78,2017-05-11,2019-11-30,2,4,5,0.125
78,2017-05-11,2019-11-30,2,5,7,0.175
78,2017-05-11,2019-11-30,2,6,2,0.05
78,2017-05-11,2019-11-30,2,7,4,0.1
78,2017-05-11,2019-11-30,2,8,6,0.15
78,2017-05-11,2019-11-30,2,9,6,0.15
78,2017-05-11,2019-11-30,3,1,4,0.085106
78,2017-05-11,2019-11-30,3,2,5,0.106383
78,2017-05-11,2019-11-30,3,3,7,0.148936
78,2017-05-11,2019-11-30,3,4,5,0.106383
78,2017-05-11,2019-11-30,3,5,7,0.148936
78,2017-05-11,2019-11-30,3,6,5,0.106383
78,2017-05-11,2019-11-30,3,7,4,0.085106
78,2017-05-11,2019-11-30,3,8,4,0.085106
78,2017-05-11,2019-11-30,3,9,6,0.12766
78,2017-05-11,2019-11-30,4,1,3,0.078947
78,2017-05-11,2019-11-30,4,2,6,0.157895
78,2017-05-11,2019-11-30,4,3,8,0.210526
78,2017-05-11,2019-11-30,4,4,3,0.078947
78,2017-05-11,2019-11-30,4,5,4,0.105263
78,2017-05-11,2019-11-30,4,6,4,0.105263
78,2017-05-11,2019-11-30,4,7,2,0.052632
78,2017-05-11,2019-11-30,4,8,4,0.105263
78,2017-05-11,2019-11-30,4,9,4,0.105263
78,2017-05-11,2019-11-30,5,1,7,0.122807
78,2017-05-11,2019-11-30,5,2,5,0.087719
78,2017-05-11,2019-11-30,5,3,7,0.122807
78,2017-05-11,2019-11-30,5,4,7,0.122807
78,2017-05-11,2019-11-30,5,5,9,0.157895
78,2017-05-11,2019-11-30,5,6,5,0.087719
78,2017-05-11,2019-11-30,5,7,7,0.122807
78,2017-05-11,2019-11-30,5,8,8,0.140351
78,2017-05-11,2019-11-30,5,9,2,0.035088
78,2017-05-11,2019-11-30,6,1,3,0.076923
78,2017-05-11,2019-11-30,6,2,2,0.051282
78,2017-05-11,2019-11-30,6,3,4,0.102564
78,2017-05-11,2019-11-30,6,4,8,0.205128
78,2017-05-11,2019-11-30,6,5,3,0.076923
78,2017-05-11,2019-11-30,6,6,4,0.102564
78,2017-05-11,2019-11-30,6,7,4,0.102564
78,2017-05-11,2019-11-30,6,8,7,0.179487
78,2017-05-11,2019-11-30,6,9,4,0.102564
78,2017-05-11,2019-11-30,7,1,6,0.15
78,2017-05-11,2019-11-30,7,2,5,0.125
78,2017-05-11,2019-11-30,7,3,5,0.125
78,2017-05-11,2019-11-30,7,4,1,0.025
78,2017-05-11,2019-11-30,7,5,6,0.15
78,2017-05-11,2019-11-30,7,6,2,0.05
78,2017-05-11,2019-11-30,7,7,4,0.1
78,2017-05-11,2019-11-30,7,8,5,0.125
78,2017-05-11,2019-11-30,7,9,6,0.15
78,2017-05-11,2019-11-30,8,1,9,0.163636
78,2017-05-11,2019-11-30,8,2,7,0.127273
78,2017-05-11,2019-11-30,8,3,3,0.054545
78,2017-05-11,2019-11-30,8,4,4,0.072727
78,2017-05-11,2019-11-30,8,5,5,0.090909
78,2017-05-11,2019-11-30,8,6,5,0.090909
78,2017-05-11,2019-11-30,8,7,7,0.127273
78,2017-05-11,2019-11-30,8,8,9,0.163636
78,2017-05-11,2019-11-30,8,9,6,0.109091
78,2017-05-11,2019-11-30,9,1,4,0.1
78,2017-05-11,2019-11-30,9,2,4,0.1
78,2017-05-11,2019-11-30,9,3,5,0.125
78,2017-05-11,2019-11-30,9,4,3,0.075
78,2017-05-11,2019-11-30,9,5,6,0.15
78,2017-05-11,2019-11-30,9,6,7,0.175
78,2017-05-11,2019-11-30,9,7,2,0.05
78,2017-05-11,2019-11-30,9,8,6,0.15
78,2017-05-11,2019-11-30,9,9,3,0.075
79,2017-12-30,2020-09-01,1,1,2,0.04
79,2017-12-30,2020-09-01,1,2,7,0.14
79,2017-12-30,2020-09-01,1,3,6,0.12
79,2017-12-30,2020-09-01,1,4,3,0.06
79,2017-12-30,2020-09-01,1,5,10,0.2
79,2017-12-30,2020-09-01,1,6,7,0.14
79,2017-12-30,2020-09-01,1,7,6,0.12
79,2017-12-30,2020-09-01,1,8,7,0.14
79,2017-12-30,2020-09-01,1,9,2,0.04
79,2017-12-30,2020-09-01,2,1,4,0.095238
79,2017-12-30,2020-09-01,2,2,0,0.0
79,2017-12-30,2020-09-01,2,3,3,0.071429
79,2017-12-30,2020-09-01,2,4,6,0.142857
79,2017-12-30,2020-09-01,2,5,7,0.166667
79,2017-12-30,2020-09-01,2,6,2,0.047619
79,2017-12-30,2020-09-01,2,7,5,0.119048
79,2017-12-30,2020-09-01,2,8,7,0.166667
79,2017-12-30,2020-09-01,2,9,8,0.190476
79,2017-12-30,2020-09-01,3,1,4,0.090909
79,2017-12-30,2020-09-01,3,2,6,0.136364
79,2017-12-30,2020-09-01,3,3,5,0.113636
79,2017-12-30,2020-09-01,3,4,4,0.090909
79,2017-12-30,2020-09-01,3,5,6,0.136364
79,2017-12-30,2020-09-01,3,6,5,0.113636
79,2017-12-30,2020-09-01,3,7,3,0.068182
79,2017-12-30,2020-09-01,3,8,7,0.159091
79,2017-12-30,2020-09-01,3,9,4,0.090909
79,2017-12-30,2020-09-01,4,1,5,0.125
79,2017-12-30,2020-09-01,4,2,4,0.1
79,2017-12-30,2020-09-01,4,3,8,0.2
79,2017-12-30,2020-09-01,4,4,4,0.1
79,2017-12-30,2020-09-01,4,5,2,0.05
79,2017-12-30,2020-09-01,4,6,5,0.125
79,2017-12-30,2020-09-01,4,7,3,0.075
79,2017-12-30,2020-09-01,4,8,4,0.1
79,2017-12-30,2020-09-01,4,9,5,0.125
79,2017-12-30,2020-09-01,5,1,7,0.152174
79,2017-12-30,2020-09-01,5,2,6,0.130435
79,2017-12-30,2020-09-01,5,3,5,0.108696
79,2017-12-30,2020-09-01,5,4,5,0.108696
79,2017-12-30,2020-09-01,5,5,6,0.130435
79,2017-12-30,2020-09-01,5,6,4,0.086957
79,2017-12-30,2020-09-01,5,7,4,0.086957
79,2017-12-30,2020-09-01,5,8,5,0.108696
79,2017-12-30,2020-09-01,5,9,4,0.086957
79,2017-12-30,2020-09-01,6,1,4,0.097561
79,2017-12-30,2020-09-01,6,2,3,0.073171
79,2017-12-30,2020-09-01,6,3,3,0.073171
79,2017-12-30,2020-09-01,6,4,10,0.243902
79,2017-12-30,2020-09-01,6,5,2,0.04878
79,2017-12-30,2020-09-01,6,6,5,0.121951
79,2017-12-30,2020-09-01,6,7,5,0.121951
79,2017-12-30,2020-09-01,6,8,6,0.146341
79,2017-12-30,2020-09-01,6,9,3,0.073171
79,2017-12-30,2020-09-01,7,1,7,0.189189
79,2017-12-30,2020-09-01,7,2,2,0.054054
79,2017-12-30,2020-09-01,7,3,5,0.135135
79,2017-12-30,2020-09-01,7,4,2,0.054054
79,2017-12-30,2020-09-01,7,5,5,0.135135
79,2017-12-30,2020-09-01,7,6,4,0.108108
79,2017-12-30,2020-09-01,7,7,2,0.054054
79,2017-12-30,2020-09-01,7,8,5,0.135135
79,2017-12-30,2020-09-01,7,9,5,0.135135
79,2017-12-30,2020-09-01,8,1,10,0.178571
79,2017-12-30,2020-09-01,8,2,10,0.178571
79,2017-12-30,2020-09-01,8,3,5,0.089286
79,2017-12-30,2020-09-01,8,4,3,0.053571
79,2017-12-30,2020-09-01,8,5,4,0.071429
79,2017-12-30,2020-09-01,8,6,3,0.053571
79,2017-12-30,2020-09-01,8,7,6,0.107143
79,2017-12-30,2020-09-01,8,8,8,0.142857
79,2017-12-30,2020-09-01,8,9,7,0.125
79,2017-12-30,2020-09-01,9,1,7,0.159091
79,2017-12-30,2020-09-01,9,2,4,0.090909
79,2017-12-30,2020-09-01,9,3,4,0.090909
79,2017-12-30,2020-09-01,9,4,2,0.045455
79,2017-12-30,2020-09-01,9,5,4,0.090909
79,2017-12-30,2020-09-01,9,6,6,0.136364
79,2017-12-30,2020-09-01,9,7,4,0.090909
79,2017-12-30,2020-09-01,9,8,7,0.159091
79,2017-12-30,2020-09-01,9,9,6,0.136364
80,2018-08-21,2021-04-22,1,1,2,0.041667
80,2018-08-21,2021-04-22,1,2,6,0.125
80,2018-08-21,2021-04-22,1,3,5,0.104167
80,2018-08-21,2021-04-22,1,4,3,0.0625
80,2018-08-21,2021-04-22,1,5,10,0.208333
80,2018-08-21,2021-04-22,1,6,9,0.1875
80,2018-08-21,2021-04-22,1,7,5,0.104167
80,2018-08-21,2021-04-22,1,8,8,0.166667
80,2018-08-21,2021-04-22,1,9,0,0.0
80,2018-08-21,2021-04-22,2,1,6,0.130435
80,2018-08-21,2021-04-22,2,2,2,0.043478
80,2018-08-21,2021-04-22,2,3,3,0.065217
80,2018-08-21,2021-04-22,2,4,6,0.130435
80,2018-08-21,2021-04-22,2,5,8,0.173913
80,2018-08-21,2021-04-22,2,6,1,0.021739
80,2018-08-21,2021-04-22,2,7,5,0.108696
80,2018-08-21,2021-04-22,2,8,7,0.152174
80,2018-08-21,2021-04-22,2,9,8,0.173913
80,2018-08-21,2021-04-22,3,1,3,0.065217
80,2018-08-21,2021-04-22,3,2,4,0.086957
80,2018-08-21,2021-04-22,3,3,5,0.108696
80,2018-08-21,2021-04-22,3,4,5,0.108696
80,2018-08-21,2021-04-22,3,5,7,0.152174
80,2018-08-21,2021-04-22,3,6,8,0.173913
80,2018-08-21,2021-04-22,3,7,2,0.043478
80,2018-08-21,2021-04-22,3,8,7,0.152174
80,2018-08-21,2021-04-22,3,9,5,0.108696
80,2018-08-21,2021-04-22,4,1,5,0.116279
80,2018-08-21,2021-04-22,4,2,5,0.116279
80,2018-08-21,2021-04-22,4,3,8,0.186047
80,2018-08-21,2021-04-22,4,4,4,0.093023
80,2018-08-21,2021-04-22,4,5,4,0.093023
80,2018-08-21,2021-04-22,4,6,6,0.139535
80,2018-08-21,2021-04-22,4,7,3,0.069767
80,2018-08-21,2021-04-22,4,8,3,0.069767
80,2018-08-21,2021-04-22,4,9,5,0.116279
80,2018-08-21,2021-04-22,5,1,5,0.102041
80,2018-08-21,2021-04-22,5,2,9,0.183673
80,2018-08-21,2021-04-22,5,3,5,0.102041
80,2018-08-21,2021-04-22,5,4,4,0.081633
80,2018-08-21,2021-04-22,5,5,6,0.122449
80,2018-08-21,2021-04-22,5,6,6,0.122449
80,2018-08-21,2021-04-22,5,7,6,0.122449
80,2018-08-21,2021-04-22,5,8,4,0.081633
80,2018-08-21,2021-04-22,5,9,4,0.081633
80,2018-08-21,2021-04-22,6,1,6,0.130435
80,2018-08-21,2021-04-22,6,2,4,0.086957
80,2018-08-21,2021-04-22,6,3,4,0.086957
80,2018-08-21,2021-04-22,6,4,9,0.195652
80,2018-08-21,2021-04-22,6,5,4,0.086957
80,2018-08-21,2021-04-22,6,6,7,0.152174
80,2018-08-21,2021-04-22,6,7,5,0.108696
80,2018-08-21,2021-04-22,6,8,5,0.108696
80,2018-08-21,2021-04-22,6,9,2,0.043478
80,2018-08-21,2021-04-22,7,1,6,0.162162
80,2018-08-21,2021-04-22,7,2,3,0.081081
80,2018-08-21,2021-04-22,7,3,5,0.135135
80,2018-08-21,2021-04-22,7,4,5,0.135135
80,2018-08-21,2021-04-22,7,5,3,0.081081
80,2018-08-21,2021-04-22,7,6,4,0.108108
80,2018-08-21,2021-04-22,7,7,3,0.081081
80,2018-08-21,2021-04-22,7,8,4,0.108108
80,2018-08-21,2021-04-22,7,9,4,0.108108
80,2018-08-21,2021-04-22,8,1,7,0.148936
80,2018-08-21,2021-04-22,8,2,10,0.212766
80,2018-08-21,2021-04-22,8,3,6,0.12766
80,2018-08-21,2021-04-22,8,4,4,0.085106
80,2018-08-21,2021-04-22,8,5,5,0.106383
80,2018-08-21,2021-04-22,8,6,2,0.042553
80,2018-08-21,2021-04-22,8,7,5,0.106383
80,2018-08-21,2021-04-22,8,8,4,0.085106
80,2018-08-21,2021-04-22,8,9,4,0.085106
80,2018-08-21,2021-04-22,9,1,8,0.210526
80,2018-08-21,2021-04-22,9,2,3,0.078947
80,2018-08-21,2021-04-22,9,3,5,0.131579
80,2018-08-21,2021-04-22,9,4,3,0.078947
80,2018-08-21,2021-04-22,9,5,2,0.052632
80,2018-08-21,2021-04-22,9,6,3,0.078947
80,2018-08-21,2021-04-22,9,7,3,0.078947
80,2018-08-21,2021-04-22,9,8,5,0.131579
80,2018-08-21,2021-04-22,9,9,6,0.157895
81,2019-04-11,2021-12-11,1,1,2,0.055556
81,2019-04-11,2021-12-11,1,2,5,0.138889
81,2019-04-11,2021-12-11,1,3,2,0.055556
81,2019-04-11,2021-12-11,1,4,4,0.111111
81,2019-04-11,2021-12-11,1,5,6,0.166667
81,2019-04-11,2021-12-11,1,6,6,0.166667
81,2019-04-11,2021-12-11,1,7,4,0.111111
81,2019-04-11,2021-12-11,1,8,5,0.138889
81,2019-04-11,2021-12-11,1,9,2,0.055556
81,2019-04-11,2021-12-11,2,1,4,0.083333
81,2019-04-11,2021-12-11,2,2,4,0.083333
81,2019-04-11,2021-12-11,2,3,5,0.104167
81,2019-04-11,2021-12-11,2,4,6,0.125
81,2019-04-11,2021-12-11,2,5,7,0.145833
81,2019-04-11,2021-12-11,2,6,2,0.041667
81,2019-04-11,2021-12-11,2,7,5,0.104167
81,2019-04-11,2021-12-11,2,8,7,0.145833
81,2019-04-11,2021-12-11,2,9,8,0.166667
81,2019-04-11,2021-12-11,3,1,1,0.020833
81,2019-04-11,2021-12-11,3,2,4,0.083333
81,2019-04-11,2021-12-11,3,3,8,0.166667
81,2019-04-11,2021-12-11,3,4,4,0.083333
81,2019-04-11,2021-12-11,3,5,8,0.166667
81,2019-04-11,2021-12-11,3,6,8,0.166667
81,2019-04-11,2021-12-11,3,7,3,0.0625
81,2019-04-11,2021-12-11,3,8,5,0.104167
81,2019-04-11,2021-12-11,3,9,7,0.145833
81,2019-04-11,2021-12-11,4,1,4,0.097561
81,2019-04-11,2021-12-11,4,2,5,0.121951
81,2019-04-11,2021-12-11,4,3,7,0.170732
81,2019-04-11,2021-12-11,4,4,3,0.073171
81,2019-04-11,2021-12-11,4,5,6,0.146341
81,2019-04-11,2021-12-11,4,6,5,0.121951
81,2019-04-11,2021-12-11,4,7,3,0.073171
81,2019-04-11,2021-12-11,4,8,2,0.04878
81,2019-04-11,2021-12-11,4,9,6,0.146341
81,2019-04-11,2021-12-11,5,1,3,0.058824
81,2019-04-11,2021-12-11,5,2,9,0.176471
81,2019-04-11,2021-12-11,5,3,6,0.117647
81,2019-04-11,2021-12-11,5,4,5,0.098039
81,2019-04-11,2021-12-11,5,5,5,0.098039
81,2019-04-11,2021-12-11,5,6,5,0.098039
81,2019-04-11,2021-12-11,5,7,5,0.098039
81,2019-04-11,2021-12-11,5,8,7,0.137255
81,2019-04-11,2021-12-11,5,9,6,0.117647
81,2019-04-11,2021-12-11,6,1,7,0.166667
81,2019-04-11,2021-12-11,6,2,3,0.071429
81,2019-04-11,2021-12-11,6,3,2,0.047619
81,2019-04-11,2021-12-11,6,4,9,0.214286
81,2019-04-11,2021-12-11,6,5,5,0.119048
81,2019-04-11,2021-12-11,6,6,5,0.119048
81,2019-04-11,2021-12-11,6,7,4,0.095238
81,2019-04-11,2021-12-11,6,8,5,0.119048
81,2019-04-11,2021-12-11,6,9,2,0.047619
81,2019-04-11,2021-12-11,7,1,3,0.073171
81,2019-04-11,2021-12-11,7,2,5,0.121951
81,2019-04-11,2021-12-11,7,3,7,0.170732
81,2019-04-11,2021-12-11,7,4,5,0.121951
81,2019-04-11,2021-12-11,7,5,3,0.073171
81,2019-04-11,2021-12-11,7,6,5,0.121951
81,2019-04-11,2021-12-11,7,7,5,0.121951
81,2019-04-11,2021-12-11,7,8,4,0.097561
81,2019-04-11,2021-12-11,7,9,4,0.097561
81,2019-04-11,2021-12-11,8,1,6,0.136364
81,2019-04-11,2021-12-11,8,2,6,0.136364
81,2019-04-11,2021-12-11,8,3,5,0.113636
81,2019-04-11,2021-12-11,8,4,3,0.068182
81,2019-04-11,2021-12-11,8,5,7,0.159091
81,2019-04-11,2021-12-11,8,6,1,0.022727
81,2019-04-11,2021-12-11,8,7,4,0.090909
81,2019-04-11,2021-12-11,8,8,4,0.090909
81,2019-04-11,2021-12-11,8,9,8,0.181818
81,2019-04-11,2021-12-11,9,1,6,0.122449
81,2019-04-11,2021-12-11,9,2,7,0.142857
81,2019-04-11,2021-12-11,9,3,6,0.122449
81,2019-04-11,2021-12-11,9,4,2,0.040816
81,2019-04-11,2021-12-11,9,5,4,0.081633
81,2019-04-11,2021-12-11,9,6,4,0.081633
81,2019-04-11,2021-12-11,9,7,8,0.163265
81,2019-04-11,2021-12-11,9,8,6,0.122449
81,2019-04-11,2021-12-11,9,9,6,0.122449
82,2019-11-30,2022-08-02,1,1,2,0.05
82,2019-11-30,2022-08-02,1,2,7,0.175
82,2019-11-30,2022-08-02,1,3,1,0.025
82,2019-11-30,2022-08-02,1,4,6,0.15
82,2019-11-30,2022-08-02,1,5,5,0.125
82,2019-11-30,2022-08-02,1,6,8,0.2
82,2019-11-30,2022-08-02,1,7,3,0.075
82,2019-11-30,2022-08-02,1,8,5,0.125
82,2019-11-30,2022-08-02,1,9,3,0.075
82,2019-11-30,2022-08-02,2,1,4,0.083333
82,2019-11-30,2022-08-02,2,2,4,0.083333
82,2019-11-30,2022-08-02,2,3,5,0.104167
82,2019-11-30,2022-08-02,2,4,5,0.104167
82,2019-11-30,2022-08-02,2,5,5,0.104167
82,2019-11-30,2022-08-02,2,6,4,0.083333
82,2019-11-30,2022-08-02,2,7,7,0.145833
82,2019-11-30,2022-08-02,2,8,8,0.166667
82,2019-11-30,2022-08-02,2,9,6,0.125
82,2019-11-30,2022-08-02,3,1,3,0.061224
82,2019-11-30,2022-08-02,3,2,6,0.122449
82,2019-11-30,2022-08-02,3,3,6,0.122449
82,2019-11-30,2022-08-02,3,4,4,0.081633
82,2019-11-30,2022-08-02,3,5,5,0.102041
82,2019-11-30,2022-08-02,3,6,8,0.163265
82,2019-11-30,2022-08-02,3,7,4,0.081633
82,2019-11-30,2022-08-02,3,8,5,0.102041
82,2019-11-30,2022-08-02,3,9,8,0.163265
82,2019-11-30,2022-08-02,4,1,5,0.119048
82,2019-11-30,2022-08-02,4,2,6,0.142857
82,2019-11-30,2022-08-02,4,3,6,0.142857
82,2019-11-30,2022-08-02,4,4,4,0.095238
82,2019-11-30,2022-08-02,4,5,6,0.142857
82,2019-11-30,2022-08-02,4,6,5,0.119048
82,2019-11-30,2022-08-02,4,7,3,0.071429
82,2019-11-30,2022-08-02,4,8,2,0.047619
82,2019-11-30,2022-08-02,4,9,5,0.119048
82,2019-11-30,2022-08-02,5,1,4,0.093023
82,2019-11-30,2022-08-02,5,2,6,0.139535
82,2019-11-30,2022-08-02,5,3,6,0.139535
82,2019-11-30,2022-08-02,5,4,5,0.116279
82,2019-11-30,2022-08-02,5,5,5,0.116279
82,2019-11-30,2022-08-02,5,6,4,0.093023
82,2019-11-30,2022-08-02,5,7,3,0.069767
82,2019-11-30,2022-08-02,5,8,5,0.116279
82,2019-11-30,2022-08-02,5,9,5,0.116279
82,2019-11-30,2022-08-02,6,1,10,0.222222
82,2019-11-30,2022-08-02,6,2,4,0.088889
82,2019-11-30,2022-08-02,6,3,3,0.066667
82,2019-11-30,2022-08-02,6,4,7,0.155556
82,2019-11-30,2022-08-02,6,5,6,0.133333
82,2019-11-30,2022-08-02,6,6,6,0.133333
82,2019-11-30,2022-08-02,6,7,5,0.111111
82,2019-11-30,2022-08-02,6,8,3,0.066667
82,2019-11-30,2022-08-02,6,9,1,0.022222
82,2019-11-30,2022-08-02,7,1,2,0.047619
82,2019-11-30,2022-08-02,7,2,5,0.119048
82,2019-11-30,2022-08-02,7,3,10,0.238095
82,2019-11-30,2022-08-02,7,4,5,0.119048
82,2019-11-30,2022-08-02,7,5,2,0.047619
82,2019-11-30,2022-08-02,7,6,4,0.095238
82,2019-11-30,2022-08-02,7,7,4,0.095238
82,2019-11-30,2022-08-02,7,8,6,0.142857
82,2019-11-30,2022-08-02,7,9,4,0.095238
82,2019-11-30,2022-08-02,8,1,5,0.116279
82,2019-11-30,2022-08-02,8,2,6,0.139535
82,2019-11-30,2022-08-02,8,3,7,0.162791
82,2019-11-30,2022-08-02,8,4,2,0.046512
82,2019-11-30,2022-08-02,8,5,5,0.116279
82,2019-11-30,2022-08-02,8,6,2,0.046512
82,2019-11-30,2022-08-02,8,7,3,0.069767
82,2019-11-30,2022-08-02,8,8,4,0.093023
82,2019-11-30,2022-08-02,8,9,9,0.209302
82,2019-11-30,2022-08-02,9,1,5,0.104167
82,2019-11-30,2022-08-02,9,2,5,0.104167
82,2019-11-30,2022-08-02,9,3,5,0.104167
82,2019-11-30,2022-08-02,9,4,3,0.0625
82,2019-11-30,2022-08-02,9,5,4,0.083333
82,2019-11-30,2022-08-02,9,6,4,0.083333
82,2019-11-30,2022-08-02,9,7,10,0.208333
82,2019-11-30,2022-08-02,9,8,5,0.104167
82,2019-11-30,2022-08-02,9,9,7,0.145833
83,2020-09-01,2023-03-23,1,1,3,0.081081
83,2020-09-01,2023-03-23,1,2,3,0.081081
83,2020-09-01,2023-03-23,1,3,1,0.027027
83,2020-09-01,2023-03-23,1,4,9,0.243243
83,2020-09-01,2023-03-23,1,5,4,0.108108
83,2020-09-01,2023-03-23,1,6,5,0.135135
83,2020-09-01,2023-03-23,1,7,3,0.081081
83,2020-09-01,2023-03-23,1,8,4,0.108108
83,2020-09-01,2023-03-23,1,9,5,0.135135
83,2020-09-01,2023-03-23,2,1,4,0.095238
83,2020-09-01,2023-03-23,2,2,4,0.095238
83,2020-09-01,2023-03-23,2,3,6,0.142857
83,2020-09-01,2023-03-23,2,4,3,0.071429
83,2020-09-01,2023-03-23,2,5,4,0.095238
83,2020-09-01,2023-03-23,2,6,6,0.142857
83,2020-09-01,2023-03-23,2,7,6,0.142857
83,2020-09-01,2023-03-23,2,8,5,0.119048
83,2020-09-01,2023-03-23,2,9,4,0.095238
83,2020-09-01,2023-03-23,3,1,3,0.06
83,2020-09-01,2023-03-23,3,2,7,0.14
83,2020-09-01,2023-03-23,3,3,7,0.14
83,2020-09-01,2023-03-23,3,4,5,0.1
83,2020-09-01,2023-03-23,3,5,6,0.12
83,2020-09-01,2023-03-23,3,6,6,0.12
83,2020-09-01,2023-03-23,3,7,4,0.08
83,2020-09-01,2023-03-23,3,8,3,0.06
83,2020-09-01,2023-03-23,3,9,9,0.18
83,2020-09-01,2023-03-23,4,1,6,0.133333
83,2020-09-01,2023-03-23,4,2,6,0.133333
83,2020-09-01,2023-03-23,4,3,6,0.133333
83,2020-09-01,2023-03-23,4,4,5,0.111111
83,2020-09-01,2023-03-23,4,5,7,0.155556
83,2020-09-01,2023-03-23,4,6,5,0.111111
83,2020-09-01,2023-03-23,4,7,2,0.044444
83,2020-09-01,2023-03-23,4,8,5,0.111111
83,2020-09-01,2023-03-23,4,9,3,0.066667
83,2020-09-01,2023-03-23,5,1,2,0.042553
83,2020-09-01,2023-03-23,5,2,7,0.148936
83,2020-09-01,2023-03-23,5,3,7,0.148936
83,2020-09-01,2023-03-23,5,4,4,0.085106
83,2020-09-01,2023-03-23,5,5,6,0.12766
83,2020-09-01,2023-03-23,5,6,5,0.106383
83,2020-09-01,2023-03-23,5,7,4,0.085106
83,2020-09-01,2023-03-23,5,8,8,0.170213
83,2020-09-01,2023-03-23,5,9,4,0.085106
83,2020-09-01,2023-03-23,6,1,9,0.225
83,2020-09-01,2023-03-23,6,2,2,0.05
83,2020-09-01,2023-03-23,6,3,3,0.075
83,2020-09-01,2023-03-23,6,4,5,0.125
83,2020-09-01,2023-03-23,6,5,7,0.175
83,2020-09-01,2023-03-23,6,6,5,0.125
83,2020-09-01,2023-03-23,6,7,4,0.1
83,2020-09-01,2023-03-23,6,8,3,0.075
83,2020-09-01,2023-03-23,6,9,2,0.05
83,2020-09-01,2023-03-23,7,1,4,0.090909
83,2020-09-01,2023-03-23,7,2,6,0.136364
83,2020-09-01,2023-03-23,7,3,7,0.159091
83,2020-09-01,2023-03-23,7,4,6,0.136364
83,2020-09-01,2023-03-23,7,5,1,0.022727
83,2020-09-01,2023-03-23,7,6,2,0.045455
83,2020-09-01,2023-03-23,7,7,4,0.090909
83,2020-09-01,2023-03-23,7,8,8,0.181818
83,2020-09-01,2023-03-23,7,9,6,0.136364
83,2020-09-01,2023-03-23,8,1,3,0.065217
83,2020-09-01,2023-03-23,8,2,3,0.065217
83,2020-09-01,2023-03-23,8,3,7,0.152174
83,2020-09-01,2023-03-23,8,4,6,0.130435
83,2020-09-01,2023-03-23,8,5,7,0.152174
83,2020-09-01,2023-03-23,8,6,1,0.021739
83,2020-09-01,2023-03-23,8,7,4,0.086957
83,2020-09-01,2023-03-23,8,8,4,0.086957
83,2020-09-01,2023-03-23,8,9,11,0.23913
83,2020-09-01,2023-03-23,9,1,3,0.061224
83,2020-09-01,2023-03-23,9,2,4,0.081633
83,2020-09-01,2023-03-23,9,3,6,0.122449
83,2020-09-01,2023-03-23,9,4,3,0.061224
83,2020-09-01,2023-03-23,9,5,5,0.102041
83,2020-09-01,2023-03-23,9,6,5,0.102041
83,2020-09-01,2023-03-23,9,7,12,0.244898
83,2020-09-01,2023-03-23,9,8,6,0.122449
83,2020-09-01,2023-03-23,9,9,5,0.102041
84,2021-04-22,2023-10-10,1,1,3,0.076923
84,2021-04-22,2023-10-10,1,2,4,0.102564
84,2021-04-22,2023-10-10,1,3,2,0.051282
84,2021-04-22,2023-10-10,1,4,8,0.205128
84,2021-04-22,2023-10-10,1,5,4,0.102564
84,2021-04-22,2023-10-10,1,6,4,0.102564
84,2021-04-22,2023-10-10,1,7,3,0.076923
84,2021-04-22,2023-10-10,1,8,4,0.102564
84,2021-04-22,2023-10-10,1,9,7,0.179487
84,2021-04-22,2023-10-10,2,1,2,0.052632
84,2021-04-22,2023-10-10,2,2,3,0.078947
84,2021-04-22,2023-10-10,2,3,6,0.157895
84,2021-04-22,2023-10-10,2,4,3,0.078947
84,2021-04-22,2023-10-10,2,5,4,0.105263
84,2021-04-22,2023-10-10,2,6,7,0.184211
84,2021-04-22,2023-10-10,2,7,4,0.105263
84,2021-04-22,2023-10-10,2,8,4,0.105263
84,2021-04-22,2023-10-10,2,9,5,0.131579
84,2021-04-22,2023-10-10,3,1,3,0.0625
84,2021-04-22,2023-10-10,3,2,8,0.166667
84,2021-04-22,2023-10-10,3,3,8,0.166667
84,2021-04-22,2023-10-10,3,4,5,0.104167
84,2021-04-22,2023-10-10,3,5,7,0.145833
84,2021-04-22,2023-10-10,3,6,3,0.0625
84,2021-04-22,2023-10-10,3,7,4,0.083333
84,2021-04-22,2023-10-10,3,8,2,0.041667
84,2021-04-22,2023-10-10,3,9,8,0.166667
84,2021-04-22,2023-10-10,4,1,6,0.117647
84,2021-04-22,2023-10-10,4,2,6,0.117647
84,2021-04-22,2023-10-10,4,3,7,0.137255
84,2021-04-22,2023-10-10,4,4,9,0.176471
84,2021-04-22,2023-10-10,4,5,4,0.078431
84,2021-04-22,2023-10-10,4,6,2,0.039216
84,2021-04-22,2023-10-10,4,7,4,0.078431
84,2021-04-22,2023-10-10,4,8,7,0.137255
84,2021-04-22,2023-10-10,4,9,6,0.117647
84,2021-04-22,2023-10-10,5,1,3,0.068182
84,2021-04-22,2023-10-10,5,2,5,0.113636
84,2021-04-22,2023-10-10,5,3,5,0.113636
84,2021-04-22,2023-10-10,5,4,8,0.181818
84,2021-04-22,2023-10-10,5,5,3,0.068182
84,2021-04-22,2023-10-10,5,6,5,0.113636
84,2021-04-22,2023-10-10,5,7,2,0.045455
84,2021-04-22,2023-10-10,5,8,9,0.204545
84,2021-04-22,2023-10-10,5,9,4,0.090909
84,2021-04-22,2023-10-10,6,1,6,0.171429
84,2021-04-22,2023-10-10,6,2,2,0.057143
84,2021-04-22,2023-10-10,6,3,3,0.085714
84,2021-04-22,2023-10-10,6,4,5,0.142857
84,2021-04-22,2023-10-10,6,5,6,0.171429
84,2021-04-22,2023-10-10,6,6,3,0.085714
84,2021-04-22,2023-10-10,6,7,4,0.114286
84,2021-04-22,2023-10-10,6,8,3,0.085714
84,2021-04-22,2023-10-10,6,9,3,0.085714
84,2021-04-22,2023-10-10,7,1,8,0.2
84,2021-04-22,2023-10-10,7,2,3,0.075
84,2021-04-22,2023-10-10,7,3,5,0.125
84,2021-04-22,2023-10-10,7,4,3,0.075
84,2021-04-22,2023-10-10,7,5,2,0.05
84,2021-04-22,2023-10-10,7,6,4,0.1
84,2021-04-22,2023-10-10,7,7,4,0.1
84,2021-04-22,2023-10-10,7,8,7,0.175
84,2021-04-22,2023-10-10,7,9,4,0.1
84,2021-04-22,2023-10-10,8,1,3,0.058824
84,2021-04-22,2023-10-10,8,2,3,0.058824
84,2021-04-22,2023-10-10,8,3,6,0.117647
84,2021-04-22,2023-10-10,8,4,7,0.137255
84,2021-04-22,2023-10-10,8,5,8,0.156863
84,2021-04-22,2023-10-10,8,6,1,0.019608
84,2021-04-22,2023-10-10,8,7,2,0.039216
84,2021-04-22,2023-10-10,8,8,7,0.137255
84,2021-04-22,2023-10-10,8,9,14,0.27451
84,2021-04-22,2023-10-10,9,1,5,0.092593
84,2021-04-22,2023-10-10,9,2,4,0.074074
84,2021-04-22,2023-10-10,9,3,5,0.092593
84,2021-04-22,2023-10-10,9,4,4,0.074074
84,2021-04-22,2023-10-10,9,5,6,0.111111
84,2021-04-22,2023-10-10,9,6,6,0.111111
84,2021-04-22,2023-10-10,9,7,13,0.240741
84,2021-04-22,2023-10-10,9,8,8,0.148148
84,2021-04-22,2023-10-10,9,9,3,0.055556
85,2021-12-11,2024-04-02,1,1,4,0.090909
85,2021-12-11,2024-04-02,1,2,3,0.068182
85,2021-12-11,2024-04-02,1,3,2,0.045455
85,2021-12-11,2024-04-02,1,4,6,0.136364
85,2021-12-11,2024-04-02,1,5,5,0.113636
85,2021-12-11,2024-04-02,1,6,8,0.181818
85,2021-12-11,2024-04-02,1,7,3,0.068182
85,2021-12-11,2024-04-02,1,8,5,0.113636
85,2021-12-11,2024-04-02,1,9,8,0.181818
85,2021-12-11,2024-04-02,2,1,2,0.052632
85,2021-12-11,2024-04-02,2,2,4,0.105263
85,2021-12-11,2024-04-02,2,3,6,0.157895
85,2021-12-11,2024-04-02,2,4,4,0.105263
85,2021-12-11,2024-04-02,2,5,4,0.105263
85,2021-12-11,2024-04-02,2,6,6,0.157895
85,2021-12-11,2024-04-02,2,7,4,0.105263
85,2021-12-11,2024-04-02,2,8,3,0.078947
85,2021-12-11,2024-04-02,2,9,5,0.131579
85,2021-12-11,2024-04-02,3,1,3,0.076923
85,2021-12-11,2024-04-02,3,2,8,0.205128
85,2021-12-11,2024-04-02,3,3,4,0.102564
85,2021-12-11,2024-04-02,3,4,6,0.153846
85,2021-12-11,2024-04-02,3,5,4,0.102564
85,2021-12-11,2024-04-02,3,6,3,0.076923
85,2021-12-11,2024-04-02,3,7,4,0.102564
85,2021-12-11,2024-04-02,3,8,3,0.076923
85,2021-12-11,2024-04-02,3,9,4,0.102564
85,2021-12-11,2024-04-02,4,1,6,0.109091
85,2021-12-11,2024-04-02,4,2,8,0.145455
85,2021-12-11,2024-04-02,4,3,7,0.127273
85,2021-12-11,2024-04-02,4,4,9,0.163636
85,2021-12-11,2024-04-02,4,5,1,0.018182
85,2021-12-11,2024-04-02,4,6,4,0.072727
85,2021-12-11,2024-04-02,4,7,7,0.127273
85,2021-12-11,2024-04-02,4,8,7,0.127273
85,2021-12-11,2024-04-02,4,9,6,0.109091
85,2021-12-11,2024-04-02,5,1,6,0.133333
85,2021-12-11,2024-04-02,5,2,5,0.111111
85,2021-12-11,2024-04-02,5,3,3,0.066667
85,2021-12-11,2024-04-02,5,4,9,0.2
85,2021-12-11,2024-04-02,5,5,5,0.111111
85,2021-12-11,2024-04-02,5,6,6,0.133333
85,2021-12-11,2024-04-02,5,7,2,0.044444
85,2021-12-11,2024-04-02,5,8,7,0.155556
85,2021-12-11,2024-04-02,5,9,2,0.044444
85,2021-12-11,2024-04-02,6,1,6,0.142857
85,2021-12-11,2024-04-02,6,2,2,0.047619
85,2021-12-11,2024-04-02,6,3,4,0.095238
85,2021-12-11,2024-04-02,6,4,4,0.095238
85,2021-12-11,2024-04-02,6,5,9,0.214286
85,2021-12-11,2024-04-02,6,6,4,0.095238
85,2021-12-11,2024-04-02,6,7,5,0.119048
85,2021-12-11,2024-04-02,6,8,5,0.119048
85,2021-12-11,2024-04-02,6,9,3,0.071429
85,2021-12-11,2024-04-02,7,1,8,0.2
85,2021-12-11,2024-04-02,7,2,1,0.025
85,2021-12-11,2024-04-02,7,3,3,0.075
85,2021-12-11,2024-04-02,7,4,4,0.1
85,2021-12-11,2024-04-02,7,5,4,0.1
85,2021-12-11,2024-04-02,7,6,3,0.075
85,2021-12-11,2024-04-02,7,7,4,0.1
85,2021-12-11,2024-04-02,7,8,8,0.2
85,2021-12-11,2024-04-02,7,9,5,0.125
85,2021-12-11,2024-04-02,8,1,3,0.058824
85,2021-12-11,2024-04-02,8,2,6,0.117647
85,2021-12-11,2024-04-02,8,3,6,0.117647
85,2021-12-11,2024-04-02,8,4,9,0.176471
85,2021-12-11,2024-04-02,8,5,7,0.137255
85,2021-12-11,2024-04-02,8,6,2,0.039216
85,2021-12-11,2024-04-02,8,7,3,0.058824
85,2021-12-11,2024-04-02,8,8,6,0.117647
85,2021-12-11,2024-04-02,8,9,9,0.176471
85,2021-12-11,2024-04-02,9,1,6,0.130435
85,2021-12-11,2024-04-02,9,2,1,0.021739
85,2021-12-11,2024-04-02,9,3,4,0.086957
85,2021-12-11,2024-04-02,9,4,4,0.086957
85,2021-12-11,2024-04-02,9,5,7,0.152174
85,2021-12-11,2024-04-02,9,6,6,0.130435
85,2021-12-11,2024-04-02,9,7,8,0.173913
85,2021-12-11,2024-04-02,9,8,6,0.130435
85,2021-12-11,2024-04-02,9,9,4,0.086957
86,2022-08-02,2024-09-24,1,1,5,0.104167
86,2022-08-02,2024-09-24,1,2,4,0.083333
86,2022-08-02,2024-09-24,1,3,5,0.104167
86,2022-08-02,2024-09-24,1,4,4,0.083333
86,2022-08-02,2024-09-24,1,5,7,0.145833
86,2022-08-02,2024-09-24,1,6,6,0.125
86,2022-08-02,2024-09-24,1,7,2,0.041667
86,2022-08-02,2024-09-24,1,8,7,0.145833
86,2022-08-02,2024-09-24,1,9,8,0.166667
86,2022-08-02,2024-09-24,2,1,5,0.131579
86,2022-08-02,2024-09-24,2,2,5,0.131579
86,2022-08-02,2024-09-24,2,3,4,0.105263
86,2022-08-02,2024-09-24,2,4,6,0.157895
86,2022-08-02,2024-09-24,2,5,4,0.105263
86,2022-08-02,2024-09-24,2,6,4,0.105263
86,2022-08-02,2024-09-24,2,7,5,0.131579
86,2022-08-02,2024-09-24,2,8,0,0.0
86,2022-08-02,2024-09-24,2,9,5,0.131579
86,2022-08-02,2024-09-24,3,1,2,0.057143
86,2022-08-02,2024-09-24,3,2,4,0.114286
86,2022-08-02,2024-09-24,3,3,3,0.085714
86,2022-08-02,2024-09-24,3,4,7,0.2
86,2022-08-02,2024-09-24,3,5,4,0.114286
86,2022-08-02,2024-09-24,3,6,3,0.085714
86,2022-08-02,2024-09-24,3,7,6,0.171429
86,2022-08-02,2024-09-24,3,8,4,0.114286
86,2022-08-02,2024-09-24,3,9,2,0.057143
86,2022-08-02,2024-09-24,4,1,7,0.132075
86,2022-08-02,2024-09-24,4,2,6,0.113208
86,2022-08-02,2024-09-24,4,3,4,0.075472
86,2022-08-02,2024-09-24,4,4,7,0.132075
86,2022-08-02,2024-09-24,4,5,1,0.018868
86,2022-08-02,2024-09-24,4,6,6,0.113208
86,2022-08-02,2024-09-24,4,7,9,0.169811
86,2022-08-02,2024-09-24,4,8,8,0.150943
86,2022-08-02,2024-09-24,4,9,5,0.09434
86,2022-08-02,2024-09-24,5,1,6,0.12766
86,2022-08-02,2024-09-24,5,2,5,0.106383
86,2022-08-02,2024-09-24,5,3,3,0.06383
86,2022-08-02,2024-09-24,5,4,8,0.170213
86,2022-08-02,2024-09-24,5,5,5,0.106383
86,2022-08-02,2024-09-24,5,6,6,0.12766
86,2022-08-02,2024-09-24,5,7,3,0.06383
86,2022-08-02,2024-09-24,5,8,8,0.170213
86,2022-08-02,2024-09-24,5,9,3,0.06383
86,2022-08-02,2024-09-24,6,1,4,0.1
86,2022-08-02,2024-09-24,6,2,4,0.1
86,2022-08-02,2024-09-24,6,3,4,0.1
86,2022-08-02,2024-09-24,6,4,3,0.075
86,2022-08-02,2024-09-24,6,5,9,0.225
86,2022-08-02,2024-09-24,6,6,3,0.075
86,2022-08-02,2024-09-24,6,7,5,0.125
86,2022-08-02,2024-09-24,6,8,5,0.125
86,2022-08-02,2024-09-24,6,9,3,0.075
86,2022-08-02,2024-09-24,7,1,8,0.173913
86,2022-08-02,2024-09-24,7,2,2,0.043478
86,2022-08-02,2024-09-24,7,3,2,0.043478
86,2022-08-02,2024-09-24,7,4,6,0.130435
86,2022-08-02,2024-09-24,7,5,5,0.108696
86,2022-08-02,2024-09-24,7,6,4,0.086957
86,2022-08-02,2024-09-24,7,7,7,0.152174
86,2022-08-02,2024-09-24,7,8,6,0.130435
86,2022-08-02,2024-09-24,7,9,6,0.130435
86,2022-08-02,2024-09-24,8,1,4,0.081633
86,2022-08-02,2024-09-24,8,2,5,0.102041
86,2022-08-02,2024-09-24,8,3,6,0.122449
86,2022-08-02,2024-09-24,8,4,9,0.183673
86,2022-08-02,2024-09-24,8,5,6,0.122449
86,2022-08-02,2024-09-24,8,6,2,0.040816
86,2022-08-02,2024-09-24,8,7,3,0.061224
86,2022-08-02,2024-09-24,8,8,6,0.122449
86,2022-08-02,2024-09-24,8,9,8,0.163265
86,2022-08-02,2024-09-24,9,1,7,0.159091
86,2022-08-02,2024-09-24,9,2,2,0.045455
86,2022-08-02,2024-09-24,9,3,4,0.090909
86,2022-08-02,2024-09-24,9,4,3,0.068182
86,2022-08-02,2024-09-24,9,5,6,0.136364
86,2022-08-02,2024-09-24,9,6,7,0.159091
86,2022-08-02,2024-09-24,9,7,6,0.136364
86,2022-08-02,2024-09-24,9,8,5,0.113636
86,2022-08-02,2024-09-24,9,9,4,0.090909
87,2023-03-23,2025-03-18,1,1,5,0.106383
87,2023-03-23,2025-03-18,1,2,6,0.12766
87,2023-03-23,2025-03-18,1,3,6,0.12766
87,2023-03-23,2025-03-18,1,4,2,0.042553
87,2023-03-23,2025-03-18,1,5,6,0.12766
87,2023-03-23,2025-03-18,1,6,6,0.12766
87,2023-03-23,2025-03-18,1,7,4,0.085106
87,2023-03-23,2025-03-18,1,8,6,0.12766
87,2023-03-23,2025-03-18,1,9,6,0.12766
87,2023-03-23,2025-03-18,2,1,6,0.136364
87,2023-03-23,2025-03-18,2,2,6,0.136364
87,2023-03-23,2025-03-18,2,3,5,0.113636
87,2023-03-23,2025-03-18,2,4,7,0.159091
87,2023-03-23,2025-03-18,2,5,4,0.090909
87,2023-03-23,2025-03-18,2,6,3,0.068182
87,2023-03-23,2025-03-18,2,7,6,0.136364
87,2023-03-23,2025-03-18,2,8,3,0.068182
87,2023-03-23,2025-03-18,2,9,4,0.090909
87,2023-03-23,2025-03-18,3,1,2,0.054054
87,2023-03-23,2025-03-18,3,2,5,0.135135
87,2023-03-23,2025-03-18,3,3,3,0.081081
87,2023-03-23,2025-03-18,3,4,6,0.162162
87,2023-03-23,2025-03-18,3,5,4,0.108108
87,2023-03-23,2025-03-18,3,6,4,0.108108
87,2023-03-23,2025-03-18,3,7,5,0.135135
87,2023-03-23,2025-03-18,3,8,4,0.108108
87,2023-03-23,2025-03-18,3,9,4,0.108108
87,2023-03-23,2025-03-18,4,1,4,0.078431
87,2023-03-23,2025-03-18,4,2,6,0.117647
87,2023-03-23,2025-03-18,4,3,4,0.078431
87,2023-03-23,2025-03-18,4,4,7,0.137255
87,2023-03-23,2025-03-18,4,5,1,0.019608
87,2023-03-23,2025-03-18,4,6,5,0.098039
87,2023-03-23,2025-03-18,4,7,9,0.176471
87,2023-03-23,2025-03-18,4,8,7,0.137255
87,2023-03-23,2025-03-18,4,9,8,0.156863
87,2023-03-23,2025-03-18,5,1,6,0.139535
87,2023-03-23,2025-03-18,5,2,3,0.069767
87,2023-03-23,2025-03-18,5,3,1,0.023256
87,2023-03-23,2025-03-18,5,4,9,0.209302
87,2023-03-23,2025-03-18,5,5,6,0.139535
87,2023-03-23,2025-03-18,5,6,7,0.162791
87,2023-03-23,2025-03-18,5,7,3,0.069767
87,2023-03-23,2025-03-18,5,8,6,0.139535
87,2023-03-23,2025-03-18,5,9,2,0.046512
87,2023-03-23,2025-03-18,6,1,4,0.090909
87,2023-03-23,2025-03-18,6,2,6,0.136364
87,2023-03-23,2025-03-18,6,3,6,0.136364
87,2023-03-23,2025-03-18,6,4,4,0.090909
87,2023-03-23,2025-03-18,6,5,7,0.159091
87,2023-03-23,2025-03-18,6,6,3,0.068182
87,2023-03-23,2025-03-18,6,7,5,0.113636
87,2023-03-23,2025-03-18,6,8,6,0.136364
87,2023-03-23,2025-03-18,6,9,3,0.068182
87,2023-03-23,2025-03-18,7,1,5,0.119048
87,2023-03-23,2025-03-18,7,2,3,0.071429
87,2023-03-23,2025-03-18,7,3,3,0.071429
87,2023-03-23,2025-03-18,7,4,5,0.119048
87,2023-03-23,2025-03-18,7,5,5,0.119048
87,2023-03-23,2025-03-18,7,6,5,0.119048
87,2023-03-23,2025-03-18,7,7,6,0.142857
87,2023-03-23,2025-03-18,7,8,5,0.119048
87,2023-03-23,2025-03-18,7,9,5,0.119048
87,2023-03-23,2025-03-18,8,1,7,0.142857
87,2023-03-23,2025-03-18,8,2,7,0.142857
87,2023-03-23,2025-03-18,8,3,4,0.081633
87,2023-03-23,2025-03-18,8,4,6,0.122449
87,2023-03-23,2025-03-18,8,5,6,0.122449
87,2023-03-23,2025-03-18,8,6,3,0.061224
87,2023-03-23,2025-03-18,8,7,1,0.020408
87,2023-03-23,2025-03-18,8,8,8,0.163265
87,2023-03-23,2025-03-18,8,9,7,0.142857
87,2023-03-23,2025-03-18,9,1,8,0.186047
87,2023-03-23,2025-03-18,9,2,2,0.046512
87,2023-03-23,2025-03-18,9,3,5,0.116279
87,2023-03-23,2025-03-18,9,4,4,0.093023
87,2023-03-23,2025-03-18,9,5,5,0.116279
87,2023-03-23,2025-03-18,9,6,8,0.186047
87,2023-03-23,2025-03-18,9,7,3,0.069767
87,2023-03-23,2025-03-18,9,8,4,0.093023
87,2023-03-23,2025-03-18,9,9,4,0.093023
88,2023-10-10,2025-09-09,1,1,4,0.08
88,2023-10-10,2025-09-09,1,2,6,0.12
88,2023-10-10,2025-09-09,1,3,8,0.16
88,2023-10-10,2025-09-09,1,4,5,0.1
88,2023-10-10,2025-09-09,1,5,7,0.14
88,2023-10-10,2025-09-09,1,6,6,0.12
88,2023-10-10,2025-09-09,1,7,5,0.1
88,2023-10-10,2025-09-09,1,8,4,0.08
88,2023-10-10,2025-09-09,1,9,5,0.1
88,2023-10-10,2025-09-09,2,1,9,0.1875
88,2023-10-10,2025-09-09,2,2,5,0.104167
88,2023-10-10,2025-09-09,2,3,8,0.166667
88,2023-10-10,2025-09-09,2,4,7,0.145833
88,2023-10-10,2025-09-09,2,5,4,0.083333
88,2023-10-10,2025-09-09,2,6,2,0.041667
88,2023-10-10,2025-09-09,2,7,7,0.145833
88,2023-10-10,2025-09-09,2,8,4,0.083333
88,2023-10-10,2025-09-09,2,9,2,0.041667
88,2023-10-10,2025-09-09,3,1,2,0.046512
88,2023-10-10,2025-09-09,3,2,5,0.116279
88,2023-10-10,2025-09-09,3,3,2,0.046512
88,2023-10-10,2025-09-09,3,4,7,0.162791
88,2023-10-10,2025-09-09,3,5,3,0.069767
88,2023-10-10,2025-09-09,3,6,6,0.139535
88,2023-10-10,2025-09-09,3,7,8,0.186047
88,2023-10-10,2025-09-09,3,8,4,0.093023
88,2023-10-10,2025-09-09,3,9,6,0.139535
88,2023-10-10,2025-09-09,4,1,5,0.104167
88,2023-10-10,2025-09-09,4,2,7,0.145833
88,2023-10-10,2025-09-09,4,3,4,0.083333
88,2023-10-10,2025-09-09,4,4,3,0.0625
88,2023-10-10,2025-09-09,4,5,2,0.041667
88,2023-10-10,2025-09-09,4,6,7,0.145833
88,2023-10-10,2025-09-09,4,7,7,0.145833
88,2023-10-10,2025-09-09,4,8,7,0.145833
88,2023-10-10,2025-09-09,4,9,6,0.125
88,2023-10-10,2025-09-09,5,1,8,0.195122
88,2023-10-10,2025-09-09,5,2,6,0.146341
88,2023-10-10,2025-09-09,5,3,1,0.02439
88,2023-10-10,2025-09-09,5,4,4,0.097561
88,2023-10-10,2025-09-09,5,5,6,0.146341
88,2023-10-10,2025-09-09,5,6,4,0.097561
88,2023-10-10,2025-09-09,5,7,6,0.146341
88,2023-10-10,2025-09-09,5,8,4,0.097561
88,2023-10-10,2025-09-09,5,9,2,0.04878
88,2023-10-10,2025-09-09,6,1,3,0.073171
88,2023-10-10,2025-09-09,6,2,5,0.121951
88,2023-10-10,2025-09-09,6,3,4,0.097561
88,2023-10-10,2025-09-09,6,4,7,0.170732
88,2023-10-10,2025-09-09,6,5,5,0.121951
88,2023-10-10,2025-09-09,6,6,2,0.04878
88,2023-10-10,2025-09-09,6,7,6,0.146341
88,2023-10-10,2025-09-09,6,8,5,0.121951
88,2023-10-10,2025-09-09,6,9,4,0.097561
88,2023-10-10,2025-09-09,7,1,4,0.083333
88,2023-10-10,2025-09-09,7,2,5,0.104167
88,2023-10-10,2025-09-09,7,3,6,0.125
88,2023-10-10,2025-09-09,7,4,7,0.145833
88,2023-10-10,2025-09-09,7,5,7,0.145833
88,2023-10-10,2025-09-09,7,6,3,0.0625
88,2023-10-10,2025-09-09,7,7,5,0.104167
88,2023-10-10,2025-09-09,7,8,5,0.104167
88,2023-10-10,2025-09-09,7,9,6,0.125
88,2023-10-10,2025-09-09,8,1,8,0.190476
88,2023-10-10,2025-09-09,8,2,7,0.166667
88,2023-10-10,2025-09-09,8,3,4,0.095238
88,2023-10-10,2025-09-09,8,4,4,0.095238
88,2023-10-10,2025-09-09,8,5,4,0.095238
88,2023-10-10,2025-09-09,8,6,4,0.095238
88,2023-10-10,2025-09-09,8,7,2,0.047619
88,2023-10-10,2025-09-09,8,8,5,0.119048
88,2023-10-10,2025-09-09,8,9,4,0.095238
88,2023-10-10,2025-09-09,9,1,7,0.179487
88,2023-10-10,2025-09-09,9,2,2,0.051282
88,2023-10-10,2025-09-09,9,3,6,0.153846
88,2023-10-10,2025-09-09,9,4,3,0.076923
88,2023-10-10,2025-09-09,9,5,3,0.076923
88,2023-10-10,2025-09-09,9,6,8,0.205128
88,2023-10-10,2025-09-09,9,7,2,0.051282
88,2023-10-10,2025-09-09,9,8,4,0.102564
88,2023-10-10,2025-09-09,9,9,4,0.102564
89,2024-04-02,2026-03-03,1,1,4,0.086957
89,2024-04-02,2026-03-03,1,2,6,0.130435
89,2024-04-02,2026-03-03,1,3,9,0.195652
89,2024-04-02,2026-03-03,1,4,6,0.130435
89,2024-04-02,2026-03-03,1,5,7,0.152174
89,2024-04-02,2026-03-03,1,6,3,0.065217
89,2024-04-02,2026-03-03,1,7,5,0.108696
89,2024-04-02,2026-03-03,1,8,3,0.065217
89,2024-04-02,2026-03-03,1,9,3,0.065217
89,2024-04-02,2026-03-03,2,1,9,0.1875
89,2024-04-02,2026-03-03,2,2,3,0.0625
89,2024-04-02,2026-03-03,2,3,7,0.145833
89,2024-04-02,2026-03-03,2,4,6,0.125
89,2024-04-02,2026-03-03,2,5,4,0.083333
89,2024-04-02,2026-03-03,2,6,3,0.0625
89,2024-04-02,2026-03-03,2,7,7,0.145833
89,2024-04-02,2026-03-03,2,8,5,0.104167
89,2024-04-02,2026-03-03,2,9,4,0.083333
89,2024-04-02,2026-03-03,3,1,3,0.066667
89,2024-04-02,2026-03-03,3,2,6,0.133333
89,2024-04-02,2026-03-03,3,3,3,0.066667
89,2024-04-02,2026-03-03,3,4,5,0.111111
89,2024-04-02,2026-03-03,3,5,4,0.088889
89,2024-04-02,2026-03-03,3,6,5,0.111111
89,2024-04-02,2026-03-03,3,7,8,0.177778
89,2024-04-02,2026-03-03,3,8,4,0.088889
89,2024-04-02,2026-03-03,3,9,7,0.155556
89,2024-04-02,2026-03-03,4,1,4,0.088889
89,2024-04-02,2026-03-03,4,2,7,0.155556
89,2024-04-02,2026-03-03,4,3,4,0.088889
89,2024-04-02,2026-03-03,4,4,4,0.088889
89,2024-04-02,2026-03-03,4,5,3,0.066667
89,2024-04-02,2026-03-03,4,6,6,0.133333
89,2024-04-02,2026-03-03,4,7,4,0.088889
89,2024-04-02,2026-03-03,4,8,7,0.155556
89,2024-04-02,2026-03-03,4,9,6,0.133333
89,2024-04-02,2026-03-03,5,1,7,0.179487
89,2024-04-02,2026-03-03,5,2,6,0.153846
89,2024-04-02,2026-03-03,5,3,3,0.076923
89,2024-04-02,2026-03-03,5,4,2,0.051282
89,2024-04-02,2026-03-03,5,5,4,0.102564
89,2024-04-02,2026-03-03,5,6,3,0.076923
89,2024-04-02,2026-03-03,5,7,6,0.153846
89,2024-04-02,2026-03-03,5,8,3,0.076923
89,2024-04-02,2026-03-03,5,9,5,0.128205
89,2024-04-02,2026-03-03,6,1,1,0.025641
89,2024-04-02,2026-03-03,6,2,6,0.153846
89,2024-04-02,2026-03-03,6,3,3,0.076923
89,2024-04-02,2026-03-03,6,4,8,0.205128
89,2024-04-02,2026-03-03,6,5,3,0.076923
89,2024-04-02,2026-03-03,6,6,1,0.025641
89,2024-04-02,2026-03-03,6,7,7,0.179487
89,2024-04-02,2026-03-03,6,8,3,0.076923
89,2024-04-02,2026-03-03,6,9,7,0.179487
89,2024-04-02,2026-03-03,7,1,3,0.0625
89,2024-04-02,2026-03-03,7,2,6,0.125
89,2024-04-02,2026-03-03,7,3,6,0.125
89,2024-04-02,2026-03-03,7,4,8,0.166667
89,2024-04-02,2026-03-03,7,5,5,0.104167
89,2024-04-02,2026-03-03,7,6,4,0.083333
89,2024-04-02,2026-03-03,7,7,6,0.125
89,2024-04-02,2026-03-03,7,8,6,0.125
89,2024-04-02,2026-03-03,7,9,4,0.083333
89,2024-04-02,2026-03-03,8,1,8,0.186047
89,2024-04-02,2026-03-03,8,2,5,0.116279
89,2024-04-02,2026-03-03,8,3,3,0.069767
89,2024-04-02,2026-03-03,8,4,2,0.046512
89,2024-04-02,2026-03-03,8,5,6,0.139535
89,2024-04-02,2026-03-03,8,6,6,0.139535
89,2024-04-02,2026-03-03,8,7,2,0.046512
89,2024-04-02,2026-03-03,8,8,4,0.093023
89,2024-04-02,2026-03-03,8,9,7,0.162791
89,2024-04-02,2026-03-03,9,1,7,0.148936
89,2024-04-02,2026-03-03,9,2,3,0.06383
89,2024-04-02,2026-03-03,9,3,7,0.148936
89,2024-04-02,2026-03-03,9,4,4,0.085106
89,2024-04-02,2026-03-03,9,5,2,0.042553
89,2024-04-02,2026-03-03,9,6,8,0.170213
89,2024-04-02,2026-03-03,9,7,3,0.06383
89,2024-04-02,2026-03-03,9,8,8,0.170213
89,2024-04-02,2026-03-03,9,9,5,0.106383
