t_index,date,true_dr,pred_dr,hit,rolling_accuracy
600,1911-07-08,9,2,0,0.0
601,1911-07-15,4,9,0,0.0
602,1911-07-22,6,5,0,0.0
603,1911-07-29,3,7,0,0.0
604,1911-08-05,3,5,0,0.0
605,1911-08-12,9,1,0,0.0
606,1911-08-19,6,8,0,0.0
607,1911-08-26,3,3,1,0.125
608,1911-09-02,4,3,0,0.111111
609,1911-09-09,6,6,1,0.2
610,1911-09-16,3,7,0,0.181818
611,1911-09-23,8,3,0,0.166667
612,1911-09-30,9,7,0,0.153846
613,1911-10-07,6,9,0,0.142857
614,1911-10-14,5,3,0,0.133333
615,1911-10-21,6,2,0,0.125
616,1911-10-28,8,4,0,0.117647
617,1911-11-04,1,6,0,0.111111
618,1911-11-11,2,4,0,0.105263
619,1911-11-18,8,9,0,0.1
620,1911-11-25,4,7,0,0.095238
621,1911-12-02,4,5,0,0.090909
622,1911-12-09,3,5,0,0.086957
623,1911-12-16,9,3,0,0.083333
624,1911-12-23,1,8,0,0.08
625,1911-12-30,3,3,1,0.115385
626,1912-01-06,9,7,0,0.111111
627,1912-01-13,4,8,0,0.107143
628,1912-01-20,7,5,0,0.103448
629,1912-01-27,9,7,0,0.1
630,1912-02-03,6,1,0,0.096774
631,1912-02-10,3,3,1,0.125
632,1912-02-17,5,3,0,0.121212
633,1912-02-24,8,6,0,0.117647
634,1912-03-02,4,6,0,0.114286
635,1912-03-09,5,4,0,0.111111
636,1912-03-16,1,7,0,0.108108
637,1912-03-23,7,7,1,0.131579
638,1912-03-30,6,4,0,0.128205
639,1912-04-06,8,1,0,0.125
640,1912-04-13,7,6,0,0.121951
641,1912-04-20,4,1,0,0.119048
642,1912-04-27,6,7,0,0.116279
643,1912-05-04,9,7,0,0.113636
644,1912-05-11,4,8,0,0.111111
645,1912-05-18,6,5,0,0.108696
646,1912-05-25,4,7,0,0.106383
647,1912-06-01,4,1,0,0.104167
648,1912-06-08,4,5,0,0.102041
649,1912-06-15,4,4,1,0.12
650,1912-06-22,6,4,0,0.117647
651,1912-06-29,3,7,0,0.115385
652,1912-07-06,6,5,0,0.113208
653,1912-07-13,8,2,0,0.111111
654,1912-07-20,5,6,0,0.109091
655,1912-07-27,5,8,0,0.107143
656,1912-08-03,8,3,0,0.105263
657,1912-08-10,8,6,0,0.103448
658,1912-08-17,8,6,0,0.101695
659,1912-08-24,5,6,0,0.1
660,1912-08-31,4,8,0,0.098361
661,1912-09-07,6,9,0,0.096774
662,1912-09-14,1,3,0,0.095238
663,1912-09-21,8,7,0,0.09375
664,1912-09-28,8,5,0,0.092308
665,1912-10-05,6,6,1,0.106061
666,1912-10-12,3,4,0,0.104478
667,1912-10-19,6,5,0,0.102941
668,1912-10-26,2,8,0,0.101449
669,1912-11-02,1,5,0,0.1
670,1912-11-09,2,6,0,0.098592
671,1912-11-16,8,9,0,0.097222
672,1912-11-23,8,4,0,0.09589
673,1912-11-30,4,6,0,0.094595
674,1912-12-07,2,5,0,0.093333
675,1912-12-14,3,2,0,0.092105
676,1912-12-21,4,6,0,0.090909
677,1912-12-28,4,6,0,0.089744
678,1913-01-04,5,4,0,0.088608
679,1913-01-11,5,7,0,0.0875
680,1913-01-18,3,3,1,0.098765
681,1913-01-25,9,9,1,0.109756
682,1913-02-01,9,8,0,0.108434
683,1913-02-08,1,9,0,0.107143
684,1913-02-15,4,3,0,0.105882
685,1913-02-22,9,1,0,0.104651
686,1913-03-01,2,8,0,0.103448
687,1913-03-08,3,8,0,0.102273
688,1913-03-15,9,6,0,0.101124
689,1913-03-22,5,8,0,0.1
690,1913-03-29,1,3,0,0.098901
691,1913-04-05,3,7,0,0.097826
692,1913-04-12,9,9,1,0.107527
693,1913-04-19,1,8,0,0.106383
694,1913-04-26,3,3,1,0.115789
695,1913-05-03,5,9,0,0.114583
696,1913-05-10,4,6,0,0.113402
697,1913-05-17,4,9,0,0.112245
698,1913-05-24,9,4,0,0.111111
699,1913-05-31,7,8,0,0.11
700,1913-06-07,6,4,0,0.108911
701,1913-06-14,4,1,0,0.107843
702,1913-06-21,2,4,0,0.106796
703,1913-06-28,8,2,0,0.105769
704,1913-07-05,7,4,0,0.104762
705,1913-07-12,7,1,0,0.103774
706,1913-07-19,9,6,0,0.102804
707,1913-07-26,6,1,0,0.101852
708,1913-08-02,8,3,0,0.100917
709,1913-08-09,7,6,0,0.1
710,1913-08-16,4,7,0,0.099099
711,1913-08-23,2,6,0,0.098214
712,1913-08-30,3,2,0,0.097345
713,1913-09-06,3,6,0,0.096491
714,1913-09-13,4,1,0,0.095652
715,1913-09-20,8,6,0,0.094828
716,1913-09-27,5,2,0,0.094017
717,1913-10-04,6,8,0,0.09322
718,1913-10-11,3,4,0,0.092437
719,1913-10-18,2,5,0,0.091667
720,1913-10-25,8,9,0,0.090909
721,1913-11-01,1,7,0,0.090164
722,1913-11-08,6,4,0,0.089431
723,1913-11-15,1,2,0,0.08871
724,1913-11-22,3,7,0,0.088
725,1913-11-29,3,9,0,0.087302
726,1913-12-06,2,1,0,0.086614
727,1913-12-13,3,9,0,0.085938
728,1913-12-20,8,6,0,0.085271
729,1913-12-27,3,9,0,0.084615
730,1914-01-03,5,8,0,0.083969
731,1914-01-10,8,6,0,0.083333
732,1914-01-17,8,8,1,0.090226
733,1914-01-24,9,6,0,0.089552
734,1914-01-31,5,9,0,0.088889
735,1914-02-07,3,3,1,0.095588
736,1914-02-14,4,9,0,0.094891
737,1914-02-21,3,6,0,0.094203
738,1914-02-28,5,3,0,0.093525
739,1914-03-07,1,6,0,0.092857
740,1914-03-14,9,7,0,0.092199
741,1914-03-21,1,7,0,0.091549
742,1914-03-28,9,3,0,0.090909
743,1914-04-04,2,7,0,0.090278
744,1914-04-11,5,8,0,0.089655
745,1914-04-18,4,4,1,0.09589
746,1914-04-25,1,9,0,0.095238
747,1914-05-02,8,7,0,0.094595
748,1914-05-09,1,8,0,0.09396
749,1914-05-16,4,6,0,0.093333
750,1914-05-23,5,1,0,0.092715
751,1914-05-30,6,7,0,0.092105
752,1914-06-06,2,4,0,0.091503
753,1914-06-13,2,5,0,0.090909
754,1914-06-20,5,8,0,0.090323
755,1914-06-27,6,4,0,0.089744
756,1914-07-04,5,2,0,0.089172
757,1914-07-11,9,6,0,0.088608
758,1914-07-18,9,8,0,0.08805
759,1914-07-25,6,9,0,0.0875
760,1914-08-01,5,3,0,0.086957
761,1914-08-08,4,9,0,0.08642
762,1914-08-15,1,9,0,0.08589
763,1914-08-22,8,7,0,0.085366
764,1914-08-29,5,8,0,0.084848
765,1914-09-05,8,8,1,0.090361
766,1914-09-12,8,8,1,0.095808
767,1914-09-19,7,6,0,0.095238
768,1914-09-26,5,7,0,0.094675
769,1914-10-03,2,6,0,0.094118
770,1914-10-10,3,2,0,0.093567
771,1914-10-17,2,6,0,0.093023
772,1914-10-24,7,9,0,0.092486
773,1914-10-31,9,6,0,0.091954
774,1914-11-07,2,1,0,0.091429
775,1914-11-14,4,5,0,0.090909
776,1914-11-21,9,4,0,0.090395
777,1914-11-28,7,7,1,0.095506
778,1914-12-05,1,4,0,0.094972
779,1914-12-12,7,9,0,0.094444
780,1914-12-19,8,4,0,0.093923
781,1914-12-26,1,5,0,0.093407
782,1915-01-02,2,4,0,0.092896
783,1915-01-09,8,9,0,0.092391
784,1915-01-16,3,7,0,0.091892
785,1915-01-23,6,5,0,0.091398
786,1915-01-30,7,2,0,0.090909
787,1915-02-06,6,1,0,0.090426
788,1915-02-13,7,4,0,0.089947
789,1915-02-20,7,1,0,0.089474
790,1915-02-27,1,6,0,0.089005
791,1915-03-06,6,7,0,0.088542
792,1915-03-13,7,1,0,0.088083
793,1915-03-20,8,1,0,0.087629
794,1915-03-27,3,5,0,0.087179
795,1915-04-03,3,5,0,0.086735
796,1915-04-10,7,1,0,0.086294
797,1915-04-17,3,2,0,0.085859
798,1915-04-24,7,2,0,0.085427
799,1915-05-01,7,2,0,0.085
800,1915-05-08,6,6,1,0.089552
801,1915-05-15,7,4,0,0.089109
802,1915-05-22,2,1,0,0.08867
803,1915-05-29,6,9,0,0.088235
804,1915-06-05,7,2,0,0.087805
805,1915-06-12,4,2,0,0.087379
806,1915-06-19,9,6,0,0.086957
807,1915-06-26,1,7,0,0.086538
808,1915-07-03,5,3,0,0.086124
809,1915-07-10,9,8,0,0.085714
810,1915-07-17,9,8,0,0.085308
811,1915-07-24,8,9,0,0.084906
812,1915-07-31,5,7,0,0.084507
813,1915-08-07,4,8,0,0.084112
814,1915-08-14,6,1,0,0.083721
815,1915-08-21,9,3,0,0.083333
816,1915-08-28,1,8,0,0.082949
817,1915-09-04,5,3,0,0.082569
818,1915-09-11,6,8,0,0.082192
819,1915-09-18,9,2,0,0.081818
820,1915-09-25,1,8,0,0.081448
821,1915-10-02,4,3,0,0.081081
822,1915-10-09,5,1,0,0.080717
823,1915-10-16,7,7,1,0.084821
824,1915-10-23,5,6,0,0.084444
825,1915-10-30,1,6,0,0.084071
826,1915-11-06,2,7,0,0.0837
827,1915-11-13,2,9,0,0.083333
828,1915-11-20,6,5,0,0.082969
829,1915-11-27,4,2,0,0.082609
830,1915-12-04,7,4,0,0.082251
831,1915-12-11,1,7,0,0.081897
832,1915-12-18,3,7,0,0.081545
833,1915-12-25,1,9,0,0.081197
834,1915-12-31,5,7,0,0.080851
835,1916-01-08,1,6,0,0.080508
836,1916-01-15,3,7,0,0.080169
837,1916-01-22,5,9,0,0.079832
838,1916-01-29,6,1,0,0.079498
839,1916-02-05,4,9,0,0.079167
840,1916-02-12,5,4,0,0.078838
841,1916-02-19,7,7,1,0.082645
842,1916-02-26,5,6,0,0.082305
843,1916-03-04,1,6,0,0.081967
844,1916-03-11,6,7,0,0.081633
845,1916-03-18,9,1,0,0.081301
846,1916-03-25,2,8,0,0.080972
847,1916-04-01,6,5,0,0.080645
848,1916-04-08,8,2,0,0.080321
849,1916-04-15,6,6,1,0.084
850,1916-04-22,1,4,0,0.083665
851,1916-04-29,6,7,0,0.083333
852,1916-05-06,5,1,0,0.083004
853,1916-05-13,3,9,0,0.082677
854,1916-05-20,5,9,0,0.082353
855,1916-05-27,2,6,0,0.082031
856,1916-06-03,3,2,0,0.081712
857,1916-06-10,8,6,0,0.081395
858,1916-06-17,3,9,0,0.081081
859,1916-06-24,3,5,0,0.080769
860,1916-07-01,9,1,0,0.08046
861,1916-07-08,8,8,1,0.083969
862,1916-07-15,3,7,0,0.08365
863,1916-07-22,1,5,0,0.083333
864,1916-07-29,6,7,0,0.083019
865,1916-08-05,9,1,0,0.082707
866,1916-08-12,3,8,0,0.082397
867,1916-08-19,3,8,0,0.08209
868,1916-08-26,7,9,0,0.081784
869,1916-09-02,1,2,0,0.081481
870,1916-09-09,7,7,1,0.084871
871,1916-09-16,3,8,0,0.084559
872,1916-09-23,9,7,0,0.084249
873,1916-09-30,8,8,1,0.087591
874,1916-10-07,7,7,1,0.090909
875,1916-10-14,2,7,0,0.09058
876,1916-10-21,2,9,0,0.090253
877,1916-10-28,6,5,0,0.089928
878,1916-11-04,8,8,1,0.09319
879,1916-11-11,5,6,0,0.092857
880,1916-11-18,7,8,0,0.092527
881,1916-11-25,1,6,0,0.092199
882,1916-12-02,7,7,1,0.095406
883,1916-12-09,9,8,0,0.09507
884,1916-12-16,9,1,0,0.094737
885,1916-12-23,6,9,0,0.094406
886,1916-12-30,7,3,0,0.094077
887,1917-01-06,5,2,0,0.09375
888,1917-01-13,7,6,0,0.093426
889,1917-01-20,2,6,0,0.093103
890,1917-01-27,9,9,1,0.09622
891,1917-02-03,7,9,0,0.09589
892,1917-02-10,7,4,0,0.095563
893,1917-02-17,1,6,0,0.095238
894,1917-02-24,6,7,0,0.094915
895,1917-03-03,4,1,0,0.094595
896,1917-03-10,1,4,0,0.094276
897,1917-03-17,5,8,0,0.09396
898,1917-03-24,7,6,0,0.093645
899,1917-03-31,9,6,0,0.093333
900,1917-04-07,1,1,1,0.096346
901,1917-04-14,8,3,0,0.096026
902,1917-04-21,1,5,0,0.09571
903,1917-04-28,4,4,1,0.098684
904,1917-05-05,3,1,0,0.098361
905,1917-05-12,1,3,0,0.098039
906,1917-05-19,2,7,0,0.09772
907,1917-05-26,1,9,0,0.097403
908,1917-06-02,4,6,0,0.097087
909,1917-06-09,9,1,0,0.096774
910,1917-06-16,9,7,0,0.096463
911,1917-06-23,1,9,0,0.096154
912,1917-06-30,5,3,0,0.095847
913,1917-07-07,9,6,0,0.095541
914,1917-07-14,3,8,0,0.095238
915,1917-07-21,4,3,0,0.094937
916,1917-07-28,6,6,1,0.097792
917,1917-08-04,3,3,1,0.100629
918,1917-08-11,1,5,0,0.100313
919,1917-08-18,3,7,0,0.1
920,1917-08-25,9,9,1,0.102804
921,1917-09-01,3,8,0,0.102484
922,1917-09-08,6,3,0,0.102167
923,1917-09-15,8,2,0,0.101852
924,1917-09-22,1,6,0,0.101538
925,1917-09-29,7,4,0,0.101227
926,1917-10-06,9,9,1,0.103976
927,1917-10-13,8,1,0,0.103659
928,1917-10-20,3,7,0,0.103343
929,1917-10-27,2,5,0,0.10303
930,1917-11-03,5,9,0,0.102719
931,1917-11-10,5,4,0,0.10241
932,1917-11-17,8,3,0,0.102102
933,1917-11-24,6,8,0,0.101796
934,1917-12-01,2,4,0,0.101493
935,1917-12-08,6,2,0,0.10119
936,1917-12-15,5,8,0,0.10089
937,1917-12-22,4,9,0,0.100592
938,1917-12-29,8,1,0,0.100295
939,1918-01-05,1,5,0,0.1
940,1918-01-12,5,4,0,0.099707
941,1918-01-19,5,6,0,0.099415
942,1918-01-26,7,3,0,0.099125
943,1918-02-02,3,6,0,0.098837
944,1918-02-09,4,7,0,0.098551
945,1918-02-16,3,6,0,0.098266
946,1918-02-23,6,3,0,0.097983
947,1918-03-02,5,8,0,0.097701
948,1918-03-09,1,9,0,0.097421
949,1918-03-16,3,7,0,0.097143
950,1918-03-23,8,9,0,0.096866
951,1918-03-30,1,9,0,0.096591
952,1918-04-06,3,4,0,0.096317
953,1918-04-13,1,9,0,0.096045
954,1918-04-20,1,7,0,0.095775
955,1918-04-27,3,2,0,0.095506
956,1918-05-04,2,9,0,0.095238
957,1918-05-11,8,5,0,0.094972
958,1918-05-18,4,7,0,0.094708
959,1918-05-25,4,5,0,0.094444
960,1918-06-01,1,4,0,0.094183
961,1918-06-08,2,8,0,0.093923
962,1918-06-15,8,9,0,0.093664
963,1918-06-22,5,4,0,0.093407
964,1918-06-29,8,8,1,0.09589
965,1918-07-06,9,8,0,0.095628
966,1918-07-13,4,9,0,0.095368
967,1918-07-20,5,6,0,0.095109
968,1918-07-27,5,7,0,0.094851
969,1918-08-03,2,3,0,0.094595
970,1918-08-10,1,3,0,0.09434
971,1918-08-17,1,6,0,0.094086
972,1918-08-24,8,2,0,0.093834
973,1918-08-31,9,5,0,0.093583
974,1918-09-07,6,9,0,0.093333
975,1918-09-14,6,3,0,0.093085
976,1918-09-21,2,3,0,0.092838
977,1918-09-28,6,2,0,0.092593
978,1918-10-05,8,8,1,0.094987
979,1918-10-12,9,6,0,0.094737
980,1918-10-19,4,9,0,0.094488
981,1918-10-26,5,5,1,0.096859
982,1918-11-02,4,7,0,0.096606
983,1918-11-09,3,1,0,0.096354
984,1918-11-16,6,3,0,0.096104
985,1918-11-23,1,8,0,0.095855
986,1918-11-30,2,7,0,0.095607
987,1918-12-07,2,9,0,0.095361
988,1918-12-14,2,5,0,0.095116
989,1918-12-21,1,5,0,0.094872
990,1918-12-28,4,6,0,0.094629
991,1919-01-04,1,1,1,0.096939
992,1919-01-11,7,8,0,0.096692
993,1919-01-18,6,9,0,0.096447
994,1919-01-25,7,7,1,0.098734
995,1919-02-01,9,2,0,0.098485
996,1919-02-08,8,1,0,0.098237
997,1919-02-15,8,7,0,0.09799
998,1919-02-22,2,6,0,0.097744
999,1919-03-01,2,3,0,0.0975
1000,1919-03-08,9,5,0,0.097257
1001,1919-03-15,5,9,0,0.097015
1002,1919-03-22,8,3,0,0.096774
1003,1919-03-29,4,8,0,0.096535
1004,1919-04-05,8,4,0,0.096296
1005,1919-04-12,9,5,0,0.096059
1006,1919-04-19,7,9,0,0.095823
1007,1919-04-26,6,4,0,0.095588
1008,1919-05-03,6,7,0,0.095355
1009,1919-05-10,5,3,0,0.095122
1010,1919-05-17,7,9,0,0.094891
1011,1919-05-24,5,3,0,0.09466
1012,1919-05-31,4,6,0,0.094431
1013,1919-06-07,3,1,0,0.094203
1014,1919-06-14,2,6,0,0.093976
1015,1919-06-21,1,5,0,0.09375
1016,1919-06-28,8,6,0,0.093525
1017,1919-07-05,1,5,0,0.093301
1018,1919-07-12,2,4,0,0.093079
1019,1919-07-19,2,9,0,0.092857
1020,1919-07-26,3,5,0,0.092637
1021,1919-08-02,3,8,0,0.092417
1022,1919-08-09,4,9,0,0.092199
1023,1919-08-16,9,6,0,0.091981
1024,1919-08-23,3,7,0,0.091765
1025,1919-08-30,5,3,0,0.091549
1026,1919-09-06,7,6,0,0.091335
1027,1919-09-13,1,5,0,0.091121
1028,1919-09-20,3,7,0,0.090909
1029,1919-09-27,9,9,1,0.093023
1030,1919-10-04,7,8,0,0.092807
1031,1919-10-11,2,4,0,0.092593
1032,1919-10-18,9,9,1,0.094688
1033,1919-10-25,9,5,0,0.09447
1034,1919-10-31,8,9,0,0.094253
1035,1919-11-08,7,7,1,0.09633
1036,1919-11-15,3,7,0,0.09611
1037,1919-11-22,5,7,0,0.09589
1038,1919-11-29,7,6,0,0.095672
1039,1919-12-06,6,5,0,0.095455
1040,1919-12-13,7,7,1,0.097506
1041,1919-12-20,5,2,0,0.097285
1042,1919-12-27,3,6,0,0.097065
1043,1920-01-03,8,9,0,0.096847
1044,1920-01-10,1,9,0,0.096629
1045,1920-01-17,6,4,0,0.096413
1046,1920-01-24,8,1,0,0.096197
1047,1920-01-31,2,6,0,0.095982
1048,1920-02-07,6,3,0,0.095768
1049,1920-02-14,1,8,0,0.095556
1050,1920-02-21,2,2,1,0.097561
1051,1920-02-28,5,9,0,0.097345
1052,1920-03-06,1,4,0,0.09713
1053,1920-03-13,9,7,0,0.096916
1054,1920-03-20,9,7,0,0.096703
1055,1920-03-27,4,9,0,0.096491
1056,1920-04-03,1,5,0,0.09628
1057,1920-04-10,1,7,0,0.09607
1058,1920-04-17,9,8,0,0.095861
1059,1920-04-24,5,7,0,0.095652
1060,1920-05-01,5,3,0,0.095445
1061,1920-05-08,4,3,0,0.095238
1062,1920-05-15,3,1,0,0.095032
1063,1920-05-22,5,6,0,0.094828
1064,1920-05-29,4,6,0,0.094624
1065,1920-06-05,8,1,0,0.094421
1066,1920-06-12,2,5,0,0.094218
1067,1920-06-19,7,6,0,0.094017
1068,1920-06-26,7,6,0,0.093817
1069,1920-07-03,3,6,0,0.093617
1070,1920-07-10,6,7,0,0.093418
1071,1920-07-17,3,8,0,0.09322
1072,1920-07-24,6,5,0,0.093023
1073,1920-07-31,3,8,0,0.092827
1074,1920-08-07,7,5,0,0.092632
1075,1920-08-14,9,2,0,0.092437
1076,1920-08-21,8,1,0,0.092243
1077,1920-08-28,9,7,0,0.09205
1078,1920-09-04,8,9,0,0.091858
1079,1920-09-11,3,7,0,0.091667
1080,1920-09-18,1,2,0,0.091476
1081,1920-09-25,6,7,0,0.091286
1082,1920-10-02,6,1,0,0.091097
1083,1920-10-09,8,3,0,0.090909
1084,1920-10-16,6,6,1,0.092784
1085,1920-10-23,5,4,0,0.092593
1086,1920-10-30,7,9,0,0.092402
1087,1920-11-06,5,6,0,0.092213
1088,1920-11-13,4,6,0,0.092025
1089,1920-11-20,3,8,0,0.091837
1090,1920-11-27,3,5,0,0.09165
1091,1920-12-04,1,9,0,0.091463
1092,1920-12-11,4,7,0,0.091278
1093,1920-12-18,9,1,0,0.091093
1094,1920-12-25,6,7,0,0.090909
1095,1920-12-31,8,3,0,0.090726
1096,1921-01-08,8,6,0,0.090543
1097,1921-01-15,6,6,1,0.092369
1098,1921-01-22,3,5,0,0.092184
1099,1921-01-29,8,5,0,0.092
1100,1921-02-05,5,1,0,0.091816
1101,1921-02-12,7,8,0,0.091633
1102,1921-02-19,5,5,1,0.093439
1103,1921-02-26,3,6,0,0.093254
1104,1921-03-05,8,9,0,0.093069
1105,1921-03-12,4,1,0,0.092885
1106,1921-03-19,6,4,0,0.092702
1107,1921-03-26,3,3,1,0.094488
1108,1921-04-02,8,5,0,0.094303
1109,1921-04-09,4,4,1,0.096078
1110,1921-04-16,4,4,1,0.097847
1111,1921-04-23,8,4,0,0.097656
1112,1921-04-30,7,2,0,0.097466
1113,1921-05-07,8,7,0,0.097276
1114,1921-05-14,6,5,0,0.097087
1115,1921-05-21,3,5,0,0.096899
1116,1921-05-28,8,5,0,0.096712
1117,1921-06-04,7,4,0,0.096525
1118,1921-06-11,6,7,0,0.096339
1119,1921-06-18,4,7,0,0.096154
1120,1921-06-25,7,1,0,0.095969
1121,1921-07-02,9,7,0,0.095785
1122,1921-07-09,6,1,0,0.095602
1123,1921-07-16,4,3,0,0.09542
1124,1921-07-23,2,1,0,0.095238
1125,1921-07-30,3,2,0,0.095057
1126,1921-08-06,6,8,0,0.094877
1127,1921-08-13,3,8,0,0.094697
1128,1921-08-20,8,8,1,0.096408
1129,1921-08-27,6,4,0,0.096226
1130,1921-09-03,7,5,0,0.096045
1131,1921-09-10,4,2,0,0.095865
1132,1921-09-17,5,6,0,0.095685
1133,1921-09-24,3,7,0,0.095506
1134,1921-10-01,4,9,0,0.095327
1135,1921-10-08,6,6,1,0.097015
1136,1921-10-15,7,3,0,0.096834
1137,1921-10-22,3,2,0,0.096654
1138,1921-10-29,1,7,0,0.096475
1139,1921-11-05,7,7,1,0.098148
1140,1921-11-12,1,9,0,0.097967
1141,1921-11-19,2,7,0,0.097786
1142,1921-11-26,6,9,0,0.097606
1143,1921-12-03,5,8,0,0.097426
1144,1921-12-10,5,7,0,0.097248
1145,1921-12-17,6,3,0,0.09707
1146,1921-12-24,1,4,0,0.096892
1147,1921-12-31,1,2,0,0.096715
1148,1922-01-07,6,8,0,0.096539
1149,1922-01-14,7,1,0,0.096364
1150,1922-01-21,8,2,0,0.096189
1151,1922-01-28,2,5,0,0.096014
1152,1922-02-04,4,6,0,0.095841
1153,1922-02-11,3,4,0,0.095668
1154,1922-02-18,8,3,0,0.095495
1155,1922-02-25,3,4,0,0.095324
1156,1922-03-04,7,2,0,0.095153
1157,1922-03-11,6,2,0,0.094982
1158,1922-03-18,3,7,0,0.094812
1159,1922-03-25,8,8,1,0.096429
1160,1922-04-01,7,4,0,0.096257
1161,1922-04-08,3,7,0,0.096085
1162,1922-04-15,4,7,0,0.095915
1163,1922-04-22,3,6,0,0.095745
1164,1922-04-29,7,3,0,0.095575
1165,1922-05-06,5,2,0,0.095406
1166,1922-05-13,7,6,0,0.095238
1167,1922-05-20,7,5,0,0.09507
1168,1922-05-27,8,6,0,0.094903
1169,1922-06-03,5,5,1,0.096491
1170,1922-06-10,8,8,1,0.098074
1171,1922-06-17,1,8,0,0.097902
1172,1922-06-24,1,4,0,0.097731
1173,1922-07-01,1,8,0,0.097561
1174,1922-07-08,7,8,0,0.097391
1175,1922-07-15,8,9,0,0.097222
1176,1922-07-22,6,5,0,0.097054
1177,1922-07-29,8,5,0,0.096886
1178,1922-08-05,8,6,0,0.096718
1179,1922-08-12,1,6,0,0.096552
1180,1922-08-19,9,4,0,0.096386
1181,1922-08-26,3,7,0,0.09622
1182,1922-09-02,6,3,0,0.096055
1183,1922-09-09,7,8,0,0.09589
1184,1922-09-16,3,2,0,0.095726
1185,1922-09-23,3,7,0,0.095563
1186,1922-09-30,1,1,1,0.097104
1187,1922-10-07,2,7,0,0.096939
1188,1922-10-14,3,9,0,0.096774
1189,1922-10-21,4,6,0,0.09661
1190,1922-10-28,1,6,0,0.096447
1191,1922-11-04,1,7,0,0.096284
1192,1922-11-11,4,7,0,0.096121
1193,1922-11-18,1,1,1,0.097643
1194,1922-11-25,4,7,0,0.097479
1195,1922-12-02,9,1,0,0.097315
1196,1922-12-09,7,7,1,0.098827
1197,1922-12-16,3,4,0,0.098662
1198,1922-12-23,5,7,0,0.098497
1199,1922-12-30,3,6,0,0.098333
1200,1923-01-06,2,4,0,0.09817
1201,1923-01-13,7,5,0,0.098007
1202,1923-01-20,6,6,1,0.099502
1203,1923-01-27,1,7,0,0.099338
1204,1923-02-03,7,2,0,0.099174
1205,1923-02-10,9,9,1,0.10066
1206,1923-02-17,4,1,0,0.100494
1207,1923-02-24,3,5,0,0.100329
1208,1923-03-03,6,3,0,0.100164
1209,1923-03-10,3,8,0,0.1
1210,1923-03-17,2,8,0,0.099836
1211,1923-03-24,6,5,0,0.099673
1212,1923-03-31,6,8,0,0.099511
1213,1923-04-07,8,8,1,0.100977
1214,1923-04-14,1,6,0,0.100813
1215,1923-04-21,1,4,0,0.100649
1216,1923-04-28,3,7,0,0.100486
1217,1923-05-05,6,9,0,0.100324
1218,1923-05-12,2,3,0,0.100162
1219,1923-05-19,4,2,0,0.1
1220,1923-05-26,9,4,0,0.099839
1221,1923-06-02,3,7,0,0.099678
1222,1923-06-09,1,3,0,0.099518
1223,1923-06-16,2,7,0,0.099359
1224,1923-06-23,9,9,1,0.1008
1225,1923-06-30,2,9,0,0.100639
1226,1923-07-07,7,5,0,0.100478
1227,1923-07-14,6,6,1,0.101911
1228,1923-07-21,7,7,1,0.103339
1229,1923-07-28,4,2,0,0.103175
1230,1923-08-04,8,6,0,0.103011
1231,1923-08-11,3,2,0,0.102848
1232,1923-08-18,2,7,0,0.102686
1233,1923-08-25,8,5,0,0.102524
1234,1923-09-01,2,4,0,0.102362
1235,1923-09-08,5,6,0,0.102201
1236,1923-09-15,9,4,0,0.102041
1237,1923-09-22,1,3,0,0.101881
1238,1923-09-29,7,3,0,0.101721
1239,1923-10-06,7,9,0,0.101562
1240,1923-10-13,7,6,0,0.101404
1241,1923-10-20,8,6,0,0.101246
1242,1923-10-27,8,5,0,0.101089
1243,1923-11-03,6,6,1,0.102484
1244,1923-11-10,6,5,0,0.102326
1245,1923-11-17,1,8,0,0.102167
1246,1923-11-24,8,2,0,0.102009
1247,1923-12-01,8,1,0,0.101852
1248,1923-12-08,5,6,0,0.101695
1249,1923-12-15,3,8,0,0.101538
1250,1923-12-22,6,4,0,0.101382
1251,1923-12-29,8,3,0,0.101227
1252,1924-01-05,6,6,1,0.102603
1253,1924-01-12,8,5,0,0.102446
1254,1924-01-19,3,6,0,0.10229
1255,1924-01-26,8,2,0,0.102134
1256,1924-02-02,2,7,0,0.101979
1257,1924-02-09,4,6,0,0.101824
1258,1924-02-16,1,4,0,0.101669
1259,1924-02-23,1,7,0,0.101515
1260,1924-03-01,4,7,0,0.101362
1261,1924-03-08,6,1,0,0.101208
1262,1924-03-15,3,3,1,0.102564
1263,1924-03-22,5,8,0,0.10241
1264,1924-03-29,9,6,0,0.102256
1265,1924-04-05,5,3,0,0.102102
1266,1924-04-12,8,3,0,0.101949
1267,1924-04-19,5,8,0,0.101796
1268,1924-04-26,6,8,0,0.101644
1269,1924-05-03,4,4,1,0.102985
1270,1924-05-10,9,1,0,0.102832
1271,1924-05-17,3,7,0,0.102679
1272,1924-05-24,7,3,0,0.102526
1273,1924-05-31,7,2,0,0.102374
1274,1924-06-07,7,8,0,0.102222
1275,1924-06-14,3,8,0,0.102071
1276,1924-06-21,9,7,0,0.10192
1277,1924-06-28,7,8,0,0.10177
1278,1924-07-05,7,4,0,0.10162
1279,1924-07-12,2,3,0,0.101471
1280,1924-07-19,1,9,0,0.101322
1281,1924-07-26,2,6,0,0.101173
1282,1924-08-02,6,9,0,0.101025
1283,1924-08-09,4,8,0,0.100877
1284,1924-08-16,4,1,0,0.10073
1285,1924-08-23,6,4,0,0.100583
1286,1924-08-30,4,3,0,0.100437
1287,1924-09-06,3,4,0,0.100291
1288,1924-09-13,8,6,0,0.100145
1289,1924-09-20,3,7,0,0.1
1290,1924-09-27,9,2,0,0.099855
1291,1924-10-04,8,8,1,0.101156
1292,1924-10-11,6,7,0,0.10101
1293,1924-10-18,6,8,0,0.100865
1294,1924-10-25,3,8,0,0.100719
1295,1924-10-31,8,8,1,0.102011
1296,1924-11-08,7,7,1,0.1033
1297,1924-11-15,9,7,0,0.103152
1298,1924-11-22,7,1,0,0.103004
1299,1924-11-29,8,7,0,0.102857
1300,1924-12-06,8,5,0,0.10271
1301,1924-12-13,7,6,0,0.102564
1302,1924-12-20,9,7,0,0.102418
1303,1924-12-27,8,1,0,0.102273
1304,1925-01-03,1,7,0,0.102128
1305,1925-01-10,5,4,0,0.101983
1306,1925-01-17,8,6,0,0.101839
1307,1925-01-24,8,8,1,0.103107
1308,1925-01-31,7,6,0,0.102962
1309,1925-02-07,8,7,0,0.102817
1310,1925-02-14,1,5,0,0.102672
1311,1925-02-21,5,4,0,0.102528
1312,1925-02-28,3,8,0,0.102384
1313,1925-03-07,7,4,0,0.102241
1314,1925-03-14,6,2,0,0.102098
1315,1925-03-21,9,7,0,0.101955
1316,1925-03-28,4,8,0,0.101813
1317,1925-04-04,8,5,0,0.101671
1318,1925-04-11,7,2,0,0.10153
1319,1925-04-18,9,7,0,0.101389
1320,1925-04-25,8,1,0,0.101248
1321,1925-05-02,8,7,0,0.101108
1322,1925-05-09,2,6,0,0.100968
1323,1925-05-16,7,4,0,0.100829
1324,1925-05-23,2,6,0,0.10069
1325,1925-05-30,8,9,0,0.100551
1326,1925-06-06,6,4,0,0.100413
1327,1925-06-13,9,8,0,0.100275
1328,1925-06-20,6,8,0,0.100137
1329,1925-06-27,9,3,0,0.1
1330,1925-07-04,3,8,0,0.099863
1331,1925-07-11,9,3,0,0.099727
1332,1925-07-18,4,8,0,0.099591
1333,1925-07-25,7,5,0,0.099455
1334,1925-08-01,4,7,0,0.09932
1335,1925-08-08,8,6,0,0.099185
1336,1925-08-15,3,2,0,0.09905
1337,1925-08-22,7,2,0,0.098916
1338,1925-08-29,9,2,0,0.098782
1339,1925-09-05,8,8,1,0.1
1340,1925-09-12,1,7,0,0.099865
1341,1925-09-19,7,5,0,0.09973
1342,1925-09-26,8,9,0,0.099596
1343,1925-10-03,6,5,0,0.099462
1344,1925-10-10,5,8,0,0.099329
1345,1925-10-17,3,7,0,0.099196
1346,1925-10-24,3,4,0,0.099063
1347,1925-10-31,1,1,1,0.100267
1348,1925-11-07,7,7,1,0.101469
1349,1925-11-14,5,9,0,0.101333
1350,1925-11-21,5,7,0,0.101198
1351,1925-11-28,7,3,0,0.101064
1352,1925-12-05,2,5,0,0.10093
1353,1925-12-12,6,9,0,0.100796
1354,1925-12-19,9,8,0,0.100662
1355,1925-12-26,9,8,0,0.100529
1356,1926-01-02,7,9,0,0.100396
1357,1926-01-09,6,7,0,0.100264
1358,1926-01-16,9,7,0,0.100132
1359,1926-01-23,5,8,0,0.1
1360,1926-01-30,4,3,0,0.099869
1361,1926-02-06,1,3,0,0.099738
1362,1926-02-13,4,7,0,0.099607
1363,1926-02-20,8,1,0,0.099476
1364,1926-02-27,5,2,0,0.099346
1365,1926-03-06,2,8,0,0.099217
1366,1926-03-13,5,3,0,0.099087
1367,1926-03-20,1,4,0,0.098958
1368,1926-03-27,1,7,0,0.09883
1369,1926-04-03,4,7,0,0.098701
1370,1926-04-10,5,1,0,0.098573
1371,1926-04-17,5,7,0,0.098446
1372,1926-04-24,3,3,1,0.099612
1373,1926-05-01,6,4,0,0.099483
1374,1926-05-08,2,8,0,0.099355
1375,1926-05-15,6,2,0,0.099227
1376,1926-05-22,3,8,0,0.099099
1377,1926-05-29,4,8,0,0.098972
1378,1926-06-05,2,6,0,0.098845
1379,1926-06-12,8,3,0,0.098718
1380,1926-06-19,6,4,0,0.098592
1381,1926-06-26,2,5,0,0.098465
1382,1926-07-03,2,6,0,0.09834
1383,1926-07-10,3,5,0,0.098214
1384,1926-07-17,5,6,0,0.098089
1385,1926-07-24,3,6,0,0.097964
1386,1926-07-31,2,4,0,0.09784
1387,1926-08-07,4,5,0,0.097716
1388,1926-08-14,7,4,0,0.097592
1389,1926-08-21,5,7,0,0.097468
1390,1926-08-28,8,7,0,0.097345
1391,1926-09-04,4,8,0,0.097222
1392,1926-09-11,3,4,0,0.0971
1393,1926-09-18,6,6,1,0.098237
1394,1926-09-25,1,2,0,0.098113
1395,1926-10-02,1,2,0,0.09799
1396,1926-10-09,8,4,0,0.097867
1397,1926-10-16,4,1,0,0.097744
1398,1926-10-23,3,4,0,0.097622
1399,1926-10-30,7,6,0,0.0975
1400,1926-11-06,8,2,0,0.097378
1401,1926-11-13,3,6,0,0.097257
1402,1926-11-20,5,7,0,0.097136
1403,1926-11-27,1,6,0,0.097015
1404,1926-12-04,3,7,0,0.096894
1405,1926-12-11,3,9,0,0.096774
1406,1926-12-18,4,1,0,0.096654
1407,1926-12-25,6,6,1,0.097772
1408,1926-12-31,2,3,0,0.097651
1409,1927-01-08,3,2,0,0.097531
1410,1927-01-15,4,6,0,0.097411
1411,1927-01-22,6,6,1,0.098522
1412,1927-01-29,2,3,0,0.098401
1413,1927-02-05,3,2,0,0.09828
1414,1927-02-12,5,6,0,0.09816
1415,1927-02-19,2,1,0,0.098039
1416,1927-02-26,3,3,1,0.099143
1417,1927-03-05,5,6,0,0.099022
1418,1927-03-12,7,1,0,0.098901
1419,1927-03-19,5,5,1,0.1
1420,1927-03-26,4,7,0,0.099878
1421,1927-04-02,2,1,0,0.099757
1422,1927-04-09,1,8,0,0.099635
1423,1927-04-16,4,6,0,0.099515
1424,1927-04-23,9,1,0,0.099394
1425,1927-04-30,6,7,0,0.099274
1426,1927-05-07,3,3,1,0.100363
1427,1927-05-14,1,8,0,0.100242
1428,1927-05-21,7,7,1,0.101327
1429,1927-05-28,8,9,0,0.101205
1430,1927-06-04,3,6,0,0.101083
1431,1927-06-11,3,7,0,0.100962
1432,1927-06-18,4,1,0,0.10084
1433,1927-06-25,9,6,0,0.100719
1434,1927-07-02,3,7,0,0.100599
1435,1927-07-09,5,3,0,0.100478
1436,1927-07-16,6,1,0,0.100358
1437,1927-07-23,3,4,0,0.100239
1438,1927-07-30,9,8,0,0.100119
1439,1927-08-06,1,8,0,0.1
1440,1927-08-13,6,3,0,0.099881
1441,1927-08-20,9,1,0,0.099762
1442,1927-08-27,8,8,1,0.10083
1443,1927-09-03,8,7,0,0.100711
1444,1927-09-10,1,6,0,0.100592
1445,1927-09-17,4,5,0,0.100473
1446,1927-09-24,2,9,0,0.100354
1447,1927-10-01,1,8,0,0.100236
1448,1927-10-08,2,4,0,0.100118
1449,1927-10-15,5,9,0,0.1
1450,1927-10-22,4,4,1,0.101058
1451,1927-10-29,9,1,0,0.100939
1452,1927-11-05,8,7,0,0.100821
1453,1927-11-12,7,8,0,0.100703
1454,1927-11-19,5,9,0,0.100585
1455,1927-11-26,1,7,0,0.100467
1456,1927-12-03,1,7,0,0.10035
1457,1927-12-10,4,8,0,0.100233
1458,1927-12-17,1,9,0,0.100116
1459,1927-12-24,4,7,0,0.1
1460,1927-12-31,2,1,0,0.099884
1461,1928-01-07,9,8,0,0.099768
1462,1928-01-14,7,9,0,0.099652
1463,1928-01-21,3,7,0,0.099537
1464,1928-01-28,3,7,0,0.099422
1465,1928-02-04,4,1,0,0.099307
1466,1928-02-11,6,6,1,0.100346
1467,1928-02-18,3,3,1,0.101382
1468,1928-02-25,8,8,1,0.102417
1469,1928-03-03,7,7,1,0.103448
1470,1928-03-10,4,9,0,0.10333
1471,1928-03-17,2,6,0,0.103211
1472,1928-03-24,4,8,0,0.103093
1473,1928-03-31,4,4,1,0.104119
1474,1928-04-07,4,4,1,0.105143
1475,1928-04-14,5,4,0,0.105023
1476,1928-04-21,7,7,1,0.106043
1477,1928-04-28,9,5,0,0.105923
1478,1928-05-05,4,8,0,0.105802
1479,1928-05-12,2,5,0,0.105682
1480,1928-05-19,9,8,0,0.105562
1481,1928-05-26,9,9,1,0.106576
1482,1928-06-02,9,9,1,0.107588
1483,1928-06-09,4,9,0,0.107466
1484,1928-06-16,8,5,0,0.107345
1485,1928-06-23,1,5,0,0.107223
1486,1928-06-30,8,4,0,0.107103
1487,1928-07-07,1,1,1,0.108108
1488,1928-07-14,7,4,0,0.107987
1489,1928-07-21,4,8,0,0.107865
1490,1928-07-28,9,6,0,0.107744
1491,1928-08-04,9,7,0,0.107623
1492,1928-08-11,6,9,0,0.107503
1493,1928-08-18,1,3,0,0.107383
1494,1928-08-25,5,2,0,0.107263
1495,1928-09-01,3,8,0,0.107143
1496,1928-09-08,7,4,0,0.107023
1497,1928-09-15,3,2,0,0.106904
1498,1928-09-22,7,7,1,0.107898
1499,1928-09-29,8,2,0,0.107778
1500,1928-10-06,2,6,0,0.107658
1501,1928-10-13,4,4,1,0.108647
1502,1928-10-20,5,4,0,0.108527
1503,1928-10-27,3,7,0,0.108407
1504,1928-11-03,6,4,0,0.108287
1505,1928-11-10,9,2,0,0.108168
1506,1928-11-17,2,8,0,0.108049
1507,1928-11-24,2,5,0,0.10793
1508,1928-12-01,5,5,1,0.108911
1509,1928-12-08,2,4,0,0.108791
1510,1928-12-15,9,3,0,0.108672
1511,1928-12-22,5,9,0,0.108553
1512,1928-12-29,8,3,0,0.108434
1513,1929-01-05,5,8,0,0.108315
1514,1929-01-12,8,8,1,0.10929
1515,1929-01-19,2,8,0,0.10917
1516,1929-01-26,7,4,0,0.109051
1517,1929-02-02,2,6,0,0.108932
1518,1929-02-09,2,9,0,0.108814
1519,1929-02-16,9,5,0,0.108696
1520,1929-02-23,2,9,0,0.108578
1521,1929-03-02,7,5,0,0.10846
1522,1929-03-09,6,6,1,0.109426
1523,1929-03-16,4,7,0,0.109307
1524,1929-03-23,5,4,0,0.109189
1525,1929-03-30,1,7,0,0.109071
1526,1929-04-06,4,7,0,0.108954
1527,1929-04-13,3,1,0,0.108836
1528,1929-04-20,7,6,0,0.108719
1529,1929-04-27,6,2,0,0.108602
1530,1929-05-04,1,7,0,0.108485
1531,1929-05-11,5,2,0,0.108369
1532,1929-05-18,2,8,0,0.108253
1533,1929-05-25,4,3,0,0.108137
1534,1929-06-01,2,4,0,0.108021
1535,1929-06-08,3,8,0,0.107906
1536,1929-06-15,3,6,0,0.107791
1537,1929-06-22,2,1,0,0.107676
1538,1929-06-29,8,5,0,0.107561
1539,1929-07-06,3,4,0,0.107447
1540,1929-07-13,5,7,0,0.107333
1541,1929-07-20,8,6,0,0.107219
1542,1929-07-27,2,8,0,0.107105
1543,1929-08-03,9,4,0,0.106992
1544,1929-08-10,6,9,0,0.106878
1545,1929-08-17,3,3,1,0.107822
1546,1929-08-24,3,8,0,0.107709
1547,1929-08-31,9,1,0,0.107595
1548,1929-09-07,2,8,0,0.107482
1549,1929-09-14,1,5,0,0.107368
1550,1929-09-21,9,2,0,0.107256
1551,1929-09-28,8,7,0,0.107143
1552,1929-10-05,8,7,0,0.10703
1553,1929-10-12,2,6,0,0.106918
1554,1929-10-19,1,4,0,0.106806
1555,1929-10-26,2,2,1,0.107741
1556,1929-11-02,5,9,0,0.107628
1557,1929-11-09,9,4,0,0.107516
1558,1929-11-16,7,3,0,0.107404
1559,1929-11-23,5,7,0,0.107292
1560,1929-11-30,1,1,1,0.108221
1561,1929-12-07,5,7,0,0.108108
1562,1929-12-14,3,8,0,0.107996
1563,1929-12-21,6,4,0,0.107884
1564,1929-12-28,3,2,0,0.107772
1565,1930-01-04,3,8,0,0.10766
1566,1930-01-11,7,1,0,0.107549
1567,1930-01-18,2,2,1,0.108471
1568,1930-01-25,8,9,0,0.108359
1569,1930-02-01,3,4,0,0.108247
1570,1930-02-08,1,5,0,0.108136
1571,1930-02-15,3,7,0,0.108025
1572,1930-02-22,7,9,0,0.107914
1573,1930-03-01,9,2,0,0.107803
1574,1930-03-08,7,8,0,0.107692
1575,1930-03-15,9,7,0,0.107582
1576,1930-03-22,3,8,0,0.107472
1577,1930-03-29,5,5,1,0.108384
1578,1930-04-05,5,6,0,0.108274
1579,1930-04-12,3,3,1,0.109184
1580,1930-04-19,4,4,1,0.110092
1581,1930-04-26,6,6,1,0.110998
1582,1930-05-03,6,3,0,0.110885
1583,1930-05-10,2,8,0,0.110772
1584,1930-05-17,8,3,0,0.11066
1585,1930-05-24,3,4,0,0.110548
1586,1930-05-31,9,5,0,0.110436
1587,1930-06-07,4,8,0,0.110324
1588,1930-06-14,5,5,1,0.111223
1589,1930-06-21,8,7,0,0.111111
1590,1930-06-28,5,8,0,0.110999
1591,1930-07-05,9,8,0,0.110887
1592,1930-07-12,8,3,0,0.110775
1593,1930-07-19,2,8,0,0.110664
1594,1930-07-26,8,4,0,0.110553
1595,1930-08-02,7,3,0,0.110442
1596,1930-08-09,5,9,0,0.110331
1597,1930-08-16,8,1,0,0.11022
1598,1930-08-23,3,8,0,0.11011
1599,1930-08-30,8,5,0,0.11
1600,1930-09-06,6,7,0,0.10989
1601,1930-09-13,3,5,0,0.10978
1602,1930-09-20,3,8,0,0.109671
1603,1930-09-27,4,1,0,0.109562
1604,1930-10-04,6,6,1,0.110448
1605,1930-10-11,1,3,0,0.110338
1606,1930-10-18,4,2,0,0.110228
1607,1930-10-25,7,1,0,0.110119
1608,1930-10-31,2,7,0,0.11001
1609,1930-11-08,3,9,0,0.109901
1610,1930-11-15,3,6,0,0.109792
1611,1930-11-22,4,4,1,0.110672
1612,1930-11-29,7,6,0,0.110563
1613,1930-12-06,1,7,0,0.110454
1614,1930-12-13,4,7,0,0.110345
1615,1930-12-20,6,1,0,0.110236
1616,1930-12-27,4,3,0,0.110128
1617,1931-01-03,5,4,0,0.11002
1618,1931-01-10,8,7,0,0.109912
1619,1931-01-17,3,8,0,0.109804
1620,1931-01-24,8,5,0,0.109696
1621,1931-01-31,7,7,1,0.110568
1622,1931-02-07,8,5,0,0.110459
1623,1931-02-14,5,6,0,0.110352
1624,1931-02-21,6,8,0,0.110244
1625,1931-02-28,3,4,0,0.110136
1626,1931-03-07,3,8,0,0.110029
1627,1931-03-14,9,4,0,0.109922
1628,1931-03-21,6,8,0,0.109815
1629,1931-03-28,5,3,0,0.109709
1630,1931-04-04,4,7,0,0.109602
1631,1931-04-11,2,1,0,0.109496
1632,1931-04-18,5,3,0,0.10939
1633,1931-04-25,3,4,0,0.109284
1634,1931-05-02,4,4,1,0.110145
1635,1931-05-09,9,6,0,0.110039
1636,1931-05-16,3,7,0,0.109932
1637,1931-05-23,9,5,0,0.109827
1638,1931-05-30,8,8,1,0.110683
1639,1931-06-06,3,8,0,0.110577
1640,1931-06-13,3,8,0,0.110471
1641,1931-06-20,6,4,0,0.110365
1642,1931-06-27,4,3,0,0.110259
1643,1931-07-04,6,4,0,0.110153
1644,1931-07-11,4,3,0,0.110048
1645,1931-07-18,6,4,0,0.109943
1646,1931-07-25,4,3,0,0.109838
1647,1931-08-01,8,4,0,0.109733
1648,1931-08-08,2,5,0,0.109628
1649,1931-08-15,2,4,0,0.109524
1650,1931-08-22,1,5,0,0.10942
1651,1931-08-29,6,2,0,0.109316
1652,1931-09-05,1,1,1,0.110161
1653,1931-09-12,5,2,0,0.110057
1654,1931-09-19,2,3,0,0.109953
1655,1931-09-26,3,3,1,0.110795
1656,1931-10-03,2,3,0,0.110691
1657,1931-10-10,1,8,0,0.110586
1658,1931-10-17,7,2,0,0.110482
1659,1931-10-24,6,8,0,0.110377
1660,1931-10-31,9,7,0,0.110273
1661,1931-11-07,8,8,1,0.111111
1662,1931-11-14,9,8,0,0.111007
1663,1931-11-21,4,9,0,0.110902
1664,1931-11-28,7,5,0,0.110798
1665,1931-12-05,1,7,0,0.110694
1666,1931-12-12,6,7,0,0.11059
1667,1931-12-19,2,1,0,0.110487
1668,1931-12-26,4,3,0,0.110384
1669,1932-01-02,1,4,0,0.11028
1670,1932-01-09,3,7,0,0.110177
1671,1932-01-16,8,9,0,0.110075
1672,1932-01-23,6,7,0,0.109972
1673,1932-01-30,7,5,0,0.10987
1674,1932-02-06,1,2,0,0.109767
1675,1932-02-13,4,7,0,0.109665
1676,1932-02-20,3,1,0,0.109564
1677,1932-02-27,9,6,0,0.109462
1678,1932-03-05,2,8,0,0.109361
1679,1932-03-12,4,5,0,0.109259
1680,1932-03-19,1,4,0,0.109158
1681,1932-03-26,9,7,0,0.109057
1682,1932-04-02,8,7,0,0.108957
1683,1932-04-09,8,8,1,0.109779
1684,1932-04-16,5,6,0,0.109677
1685,1932-04-23,5,8,0,0.109576
1686,1932-04-30,4,3,0,0.109476
1687,1932-05-07,2,1,0,0.109375
1688,1932-05-14,4,3,0,0.109275
1689,1932-05-21,6,4,0,0.109174
1690,1932-05-28,2,3,0,0.109074
1691,1932-06-04,6,3,0,0.108974
1692,1932-06-11,2,8,0,0.108875
1693,1932-06-18,7,3,0,0.108775
1694,1932-06-25,6,6,1,0.109589
1695,1932-07-02,9,7,0,0.109489
1696,1932-07-09,2,8,0,0.109389
1697,1932-07-16,1,5,0,0.10929
1698,1932-07-23,7,2,0,0.10919
1699,1932-07-30,6,8,0,0.109091
1700,1932-08-06,2,7,0,0.108992
1701,1932-08-13,4,3,0,0.108893
1702,1932-08-20,1,4,0,0.108794
1703,1932-08-27,1,7,0,0.108696
1704,1932-09-03,2,4,0,0.108597
1705,1932-09-10,2,9,0,0.108499
1706,1932-09-17,1,5,0,0.108401
1707,1932-09-24,6,2,0,0.108303
1708,1932-10-01,5,1,0,0.108206
1709,1932-10-08,6,7,0,0.108108
1710,1932-10-15,8,4,0,0.108011
1711,1932-10-22,8,6,0,0.107914
1712,1932-10-29,6,6,1,0.108715
1713,1932-11-05,8,5,0,0.108618
1714,1932-11-12,4,6,0,0.10852
1715,1932-11-19,2,4,0,0.108423
1716,1932-11-26,9,3,0,0.108326
1717,1932-12-03,3,9,0,0.108229
1718,1932-12-10,2,5,0,0.108132
1719,1932-12-17,3,8,0,0.108036
1720,1932-12-24,6,3,0,0.107939
1721,1932-12-31,1,3,0,0.107843
1722,1933-01-07,9,2,0,0.107747
1723,1933-01-14,2,8,0,0.107651
1724,1933-01-21,5,5,1,0.108444
1725,1933-01-28,4,4,1,0.109236
1726,1933-02-04,6,1,0,0.109139
1727,1933-02-11,2,3,0,0.109043
1728,1933-02-18,9,3,0,0.108946
1729,1933-02-25,3,9,0,0.10885
1730,1933-03-04,2,5,0,0.108753
1731,1933-03-11,7,8,0,0.108657
1732,1933-03-18,4,6,0,0.108561
1733,1933-03-25,4,6,0,0.108466
1734,1933-04-01,8,4,0,0.10837
1735,1933-04-08,3,2,0,0.108275
1736,1933-04-15,2,8,0,0.108179
1737,1933-04-22,6,8,0,0.108084
1738,1933-04-29,7,8,0,0.107989
1739,1933-05-06,6,1,0,0.107895
1740,1933-05-13,7,7,1,0.108677
1741,1933-05-20,3,1,0,0.108581
1742,1933-05-27,3,7,0,0.108486
1743,1933-06-03,5,4,0,0.108392
1744,1933-06-10,3,6,0,0.108297
1745,1933-06-17,1,4,0,0.108202
1746,1933-06-24,7,7,1,0.10898
1747,1933-07-01,3,8,0,0.108885
1748,1933-07-08,6,7,0,0.10879
1749,1933-07-15,7,3,0,0.108696
1750,1933-07-22,3,1,0,0.108601
1751,1933-07-29,9,7,0,0.108507
1752,1933-08-05,7,8,0,0.108413
1753,1933-08-12,1,7,0,0.108319
1754,1933-08-19,6,7,0,0.108225
1755,1933-08-26,9,1,0,0.108131
1756,1933-09-02,3,8,0,0.108038
1757,1933-09-09,3,5,0,0.107945
1758,1933-09-16,4,4,1,0.108714
1759,1933-09-23,5,6,0,0.108621
1760,1933-09-30,1,7,0,0.108527
1761,1933-10-07,9,7,0,0.108434
1762,1933-10-14,7,8,0,0.10834
1763,1933-10-21,5,7,0,0.108247
1764,1933-10-28,5,1,0,0.108155
1765,1933-11-04,1,3,0,0.108062
1766,1933-11-11,7,7,1,0.108826
1767,1933-11-18,9,8,0,0.108733
1768,1933-11-25,7,8,0,0.10864
1769,1933-12-02,2,7,0,0.108547
1770,1933-12-09,6,9,0,0.108454
1771,1933-12-16,5,8,0,0.108362
1772,1933-12-23,9,7,0,0.108269
1773,1933-12-30,1,8,0,0.108177
1774,1934-01-06,7,3,0,0.108085
1775,1934-01-13,9,9,1,0.108844
1776,1934-01-20,9,8,0,0.108751
1777,1934-01-27,7,9,0,0.108659
1778,1934-02-03,2,7,0,0.108567
1779,1934-02-10,8,9,0,0.108475
1780,1934-02-17,1,7,0,0.108383
1781,1934-02-24,9,4,0,0.108291
1782,1934-03-03,2,7,0,0.108199
1783,1934-03-10,7,5,0,0.108108
1784,1934-03-17,6,6,1,0.108861
1785,1934-03-24,7,7,1,0.109612
1786,1934-03-31,2,3,0,0.10952
1787,1934-04-07,8,9,0,0.109428
1788,1934-04-14,1,7,0,0.109336
1789,1934-04-21,7,4,0,0.109244
1790,1934-04-28,1,9,0,0.109152
1791,1934-05-05,3,7,0,0.10906
1792,1934-05-12,2,9,0,0.108969
1793,1934-05-19,3,8,0,0.108878
1794,1934-05-26,4,6,0,0.108787
1795,1934-06-02,6,6,1,0.109532
1796,1934-06-09,6,3,0,0.10944
1797,1934-06-16,3,8,0,0.109349
1798,1934-06-23,5,8,0,0.109258
1799,1934-06-30,9,6,0,0.109167
1800,1934-07-07,1,8,0,0.109076
1801,1934-07-14,7,3,0,0.108985
1802,1934-07-21,2,9,0,0.108894
1803,1934-07-28,7,9,0,0.108804
1804,1934-08-04,8,6,0,0.108714
1805,1934-08-11,3,5,0,0.108624
1806,1934-08-18,8,8,1,0.109362
1807,1934-08-25,9,7,0,0.109272
1808,1934-09-01,6,4,0,0.109181
1809,1934-09-08,4,3,0,0.109091
1810,1934-09-15,5,4,0,0.109001
1811,1934-09-22,7,7,1,0.109736
1812,1934-09-29,5,5,1,0.11047
1813,1934-10-06,6,1,0,0.110379
1814,1934-10-13,1,4,0,0.110288
1815,1934-10-20,8,2,0,0.110197
1816,1934-10-27,3,1,0,0.110107
1817,1934-11-03,8,8,1,0.110837
1818,1934-11-10,5,7,0,0.110747
1819,1934-11-17,6,8,0,0.110656
1820,1934-11-24,3,4,0,0.110565
1821,1934-12-01,3,8,0,0.110475
1822,1934-12-08,5,4,0,0.110384
1823,1934-12-15,3,6,0,0.110294
1824,1934-12-22,7,4,0,0.110204
1825,1934-12-29,7,2,0,0.110114
1826,1935-01-05,4,3,0,0.110024
1827,1935-01-12,9,6,0,0.109935
1828,1935-01-19,6,3,0,0.109845
1829,1935-01-26,1,3,0,0.109756
1830,1935-02-02,5,2,0,0.109667
1831,1935-02-09,4,3,0,0.109578
1832,1935-02-16,2,1,0,0.109489
1833,1935-02-23,2,9,0,0.1094
1834,1935-03-02,4,5,0,0.109312
1835,1935-03-09,7,1,0,0.109223
1836,1935-03-16,6,1,0,0.109135
1837,1935-03-23,6,7,0,0.109047
1838,1935-03-30,4,3,0,0.108959
1839,1935-04-06,9,4,0,0.108871
1840,1935-04-13,1,3,0,0.108783
1841,1935-04-20,1,3,0,0.108696
1842,1935-04-27,9,4,0,0.108608
1843,1935-05-04,1,2,0,0.108521
1844,1935-05-11,3,3,1,0.109237
1845,1935-05-18,3,9,0,0.109149
1846,1935-05-25,7,4,0,0.109062
1847,1935-06-01,7,2,0,0.108974
1848,1935-06-08,8,3,0,0.108887
1849,1935-06-15,2,3,0,0.1088
1850,1935-06-22,4,4,1,0.109512
1851,1935-06-29,2,1,0,0.109425
1852,1935-07-06,8,9,0,0.109338
1853,1935-07-13,4,1,0,0.10925
1854,1935-07-20,4,4,1,0.10996
1855,1935-07-27,2,4,0,0.109873
1856,1935-08-03,4,8,0,0.109785
1857,1935-08-10,3,1,0,0.109698
1858,1935-08-17,3,6,0,0.109611
1859,1935-08-24,8,4,0,0.109524
1860,1935-08-31,4,7,0,0.109437
1861,1935-09-07,7,4,0,0.10935
1862,1935-09-14,5,1,0,0.109264
1863,1935-09-21,1,1,1,0.109968
1864,1935-09-28,8,7,0,0.109881
1865,1935-10-05,4,1,0,0.109795
1866,1935-10-12,3,4,0,0.109708
1867,1935-10-19,8,6,0,0.109621
1868,1935-10-26,5,7,0,0.109535
1869,1935-11-02,9,8,0,0.109449
1870,1935-11-09,4,1,0,0.109363
1871,1935-11-16,6,5,0,0.109277
1872,1935-11-23,5,3,0,0.109191
1873,1935-11-30,8,9,0,0.109105
1874,1935-12-07,3,8,0,0.10902
1875,1935-12-14,9,8,0,0.108934
1876,1935-12-21,3,8,0,0.108849
1877,1935-12-28,1,5,0,0.108764
1878,1936-01-04,9,7,0,0.108679
1879,1936-01-11,4,2,0,0.108594
1880,1936-01-18,1,5,0,0.108509
1881,1936-01-25,8,1,0,0.108424
1882,1936-02-01,5,1,0,0.10834
1883,1936-02-08,9,8,0,0.108255
1884,1936-02-15,9,1,0,0.108171
1885,1936-02-22,7,9,0,0.108087
1886,1936-02-29,7,7,1,0.10878
1887,1936-03-07,3,8,0,0.108696
1888,1936-03-14,1,7,0,0.108611
1889,1936-03-21,1,7,0,0.108527
1890,1936-03-28,7,4,0,0.108443
1891,1936-04-04,2,9,0,0.108359
1892,1936-04-11,7,9,0,0.108275
1893,1936-04-18,8,6,0,0.108192
1894,1936-04-25,1,3,0,0.108108
1895,1936-05-02,4,4,1,0.108796
1896,1936-05-09,3,1,0,0.108712
1897,1936-05-16,6,6,1,0.109399
1898,1936-05-23,1,3,0,0.109315
1899,1936-05-30,6,2,0,0.109231
1900,1936-06-06,5,1,0,0.109147
1901,1936-06-13,4,9,0,0.109063
1902,1936-06-20,4,1,0,0.108979
1903,1936-06-27,3,4,0,0.108896
1904,1936-07-04,4,6,0,0.108812
1905,1936-07-11,5,6,0,0.108729
1906,1936-07-18,4,7,0,0.108646
1907,1936-07-25,5,1,0,0.108563
1908,1936-08-01,6,7,0,0.10848
1909,1936-08-08,2,4,0,0.108397
1910,1936-08-15,3,3,1,0.109077
1911,1936-08-22,7,6,0,0.108994
1912,1936-08-29,3,7,0,0.108911
1913,1936-09-05,4,7,0,0.108828
1914,1936-09-12,5,6,0,0.108745
1915,1936-09-19,4,7,0,0.108663
1916,1936-09-26,3,1,0,0.10858
1917,1936-10-03,7,6,0,0.108498
1918,1936-10-10,5,7,0,0.108415
1919,1936-10-17,2,1,0,0.108333
1920,1936-10-24,1,3,0,0.108251
1921,1936-10-31,4,6,0,0.108169
1922,1936-11-07,2,1,0,0.108088
1923,1936-11-14,5,8,0,0.108006
1924,1936-11-21,6,4,0,0.107925
1925,1936-11-28,6,4,0,0.107843
1926,1936-12-05,4,3,0,0.107762
1927,1936-12-12,7,4,0,0.107681
1928,1936-12-19,8,1,0,0.1076
1929,1936-12-26,3,3,1,0.108271
1930,1937-01-02,5,8,0,0.108189
1931,1937-01-09,1,6,0,0.108108
1932,1937-01-16,5,7,0,0.108027
1933,1937-01-23,6,3,0,0.107946
1934,1937-01-30,3,4,0,0.107865
1935,1937-02-06,3,8,0,0.107784
1936,1937-02-13,1,4,0,0.107704
1937,1937-02-20,5,7,0,0.107623
1938,1937-02-27,5,6,0,0.107543
1939,1937-03-06,7,3,0,0.107463
1940,1937-03-13,9,5,0,0.107383
1941,1937-03-20,3,8,0,0.107303
1942,1937-03-27,9,5,0,0.107223
1943,1937-04-03,3,8,0,0.107143
1944,1937-04-10,2,5,0,0.107063
1945,1937-04-17,7,8,0,0.106984
1946,1937-04-24,6,6,1,0.107647
1947,1937-05-01,3,7,0,0.107567
1948,1937-05-08,7,3,0,0.107487
1949,1937-05-15,1,7,0,0.107407
1950,1937-05-22,2,7,0,0.107328
1951,1937-05-29,1,9,0,0.107249
1952,1937-06-05,9,6,0,0.107169
1953,1937-06-12,5,2,0,0.10709
1954,1937-06-19,1,3,0,0.107011
1955,1937-06-26,9,7,0,0.106932
1956,1937-07-03,5,2,0,0.106853
1957,1937-07-10,1,3,0,0.106775
1958,1937-07-17,2,7,0,0.106696
1959,1937-07-24,4,9,0,0.106618
1960,1937-07-31,5,1,0,0.106539
1961,1937-08-07,2,7,0,0.106461
1962,1937-08-14,7,3,0,0.106383
1963,1937-08-21,1,6,0,0.106305
1964,1937-08-28,2,7,0,0.106227
1965,1937-09-04,5,9,0,0.106149
1966,1937-09-11,2,4,0,0.106072
1967,1937-09-18,8,3,0,0.105994
1968,1937-09-25,3,4,0,0.105917
1969,1937-10-02,2,8,0,0.105839
1970,1937-10-09,8,8,1,0.106492
1971,1937-10-16,1,3,0,0.106414
1972,1937-10-23,2,4,0,0.106336
1973,1937-10-30,7,9,0,0.106259
1974,1937-11-06,5,6,0,0.106182
1975,1937-11-13,6,1,0,0.106105
1976,1937-11-20,7,4,0,0.106028
1977,1937-11-27,4,3,0,0.105951
1978,1937-12-04,7,6,0,0.105874
1979,1937-12-11,2,1,0,0.105797
1980,1937-12-18,1,9,0,0.10572
1981,1937-12-25,5,6,0,0.105644
1982,1937-12-31,3,6,0,0.105568
1983,1938-01-08,4,4,1,0.106214
1984,1938-01-15,1,6,0,0.106137
1985,1938-01-22,8,8,1,0.106782
1986,1938-01-29,4,1,0,0.106705
1987,1938-02-05,3,4,0,0.106628
1988,1938-02-12,8,6,0,0.106551
1989,1938-02-19,3,7,0,0.106475
1990,1938-02-26,2,8,0,0.106398
1991,1938-03-05,8,8,1,0.10704
1992,1938-03-12,8,1,0,0.106963
1993,1938-03-19,5,6,0,0.106887
1994,1938-03-26,4,8,0,0.10681
1995,1938-04-02,1,3,0,0.106734
1996,1938-04-09,5,8,0,0.106657
1997,1938-04-16,5,3,0,0.106581
1998,1938-04-23,2,3,0,0.106505
1999,1938-04-30,4,3,0,0.106429
2000,1938-05-07,2,1,0,0.106353
2001,1938-05-14,5,8,0,0.106277
2002,1938-05-21,8,4,0,0.106201
2003,1938-05-28,7,8,0,0.106125
2004,1938-06-04,1,5,0,0.10605
2005,1938-06-11,9,7,0,0.105974
2006,1938-06-18,2,2,1,0.10661
2007,1938-06-25,2,5,0,0.106534
2008,1938-07-02,7,5,0,0.106458
2009,1938-07-09,7,6,0,0.106383
2010,1938-07-16,2,3,0,0.106308
2011,1938-07-23,9,9,1,0.106941
2012,1938-07-30,3,9,0,0.106865
2013,1938-08-06,2,5,0,0.106789
2014,1938-08-13,8,8,1,0.10742
2015,1938-08-20,8,1,0,0.107345
2016,1938-08-27,1,6,0,0.107269
2017,1938-09-03,9,4,0,0.107193
2018,1938-09-10,3,2,0,0.107118
2019,1938-09-17,5,5,1,0.107746
2020,1938-09-24,2,1,0,0.107671
2021,1938-10-01,9,3,0,0.107595
2022,1938-10-08,7,9,0,0.107519
2023,1938-10-15,1,7,0,0.107444
2024,1938-10-22,6,7,0,0.107368
2025,1938-10-29,3,1,0,0.107293
2026,1938-11-05,8,3,0,0.107218
2027,1938-11-12,7,7,1,0.107843
2028,1938-11-19,2,5,0,0.107768
2029,1938-11-26,1,9,0,0.107692
2030,1938-12-03,4,6,0,0.107617
2031,1938-12-10,7,1,0,0.107542
2032,1938-12-17,8,1,0,0.107467
2033,1938-12-24,5,3,0,0.107392
2034,1938-12-31,3,8,0,0.107317
2035,1939-01-07,7,4,0,0.107242
2036,1939-01-14,5,7,0,0.107168
2037,1939-01-21,9,1,0,0.107093
2038,1939-01-28,5,1,0,0.107019
2039,1939-02-04,6,1,0,0.106944
2040,1939-02-11,7,4,0,0.10687
2041,1939-02-18,6,3,0,0.106796
2042,1939-02-25,6,7,0,0.106722
2043,1939-03-04,8,3,0,0.106648
2044,1939-03-11,4,6,0,0.106574
2045,1939-03-18,2,4,0,0.106501
2046,1939-03-25,6,8,0,0.106427
2047,1939-04-01,3,8,0,0.106354
2048,1939-04-08,9,8,0,0.10628
2049,1939-04-15,4,8,0,0.106207
2050,1939-04-22,4,5,0,0.106134
2051,1939-04-29,6,4,0,0.106061
2052,1939-05-06,5,3,0,0.105988
2053,1939-05-13,1,4,0,0.105915
2054,1939-05-20,1,7,0,0.105842
2055,1939-05-27,9,4,0,0.105769
2056,1939-06-03,4,2,0,0.105697
2057,1939-06-10,5,5,1,0.10631
2058,1939-06-17,5,7,0,0.106237
2059,1939-06-24,6,3,0,0.106164
2060,1939-07-01,8,4,0,0.106092
2061,1939-07-08,6,6,1,0.106703
2062,1939-07-15,3,8,0,0.10663
2063,1939-07-22,5,8,0,0.106557
2064,1939-07-29,2,1,0,0.106485
2065,1939-08-05,7,3,0,0.106412
2066,1939-08-12,3,6,0,0.106339
2067,1939-08-19,8,7,0,0.106267
2068,1939-08-26,3,7,0,0.106195
2069,1939-09-02,5,8,0,0.106122
2070,1939-09-09,1,1,1,0.10673
2071,1939-09-16,9,7,0,0.106658
2072,1939-09-23,6,2,0,0.106585
2073,1939-09-30,3,3,1,0.107191
2074,1939-10-07,8,8,1,0.107797
2075,1939-10-14,3,7,0,0.107724
2076,1939-10-21,2,8,0,0.107651
2077,1939-10-28,3,8,0,0.107578
2078,1939-11-04,6,6,1,0.108181
2079,1939-11-11,7,1,0,0.108108
2080,1939-11-18,5,3,0,0.108035
2081,1939-11-25,5,1,0,0.107962
2082,1939-12-02,1,3,0,0.107889
2083,1939-12-09,3,7,0,0.107817
2084,1939-12-16,2,9,0,0.107744
2085,1939-12-23,4,8,0,0.107672
2086,1939-12-30,4,1,0,0.107599
2087,1940-01-06,8,4,0,0.107527
2088,1940-01-13,4,2,0,0.107455
2089,1940-01-20,9,4,0,0.107383
2090,1940-01-27,2,3,0,0.107311
2091,1940-02-03,1,5,0,0.107239
2092,1940-02-10,5,4,0,0.107167
2093,1940-02-17,3,5,0,0.107095
2094,1940-02-24,6,4,0,0.107023
2095,1940-03-02,3,1,0,0.106952
2096,1940-03-09,8,8,1,0.107548
2097,1940-03-16,9,7,0,0.107477
2098,1940-03-23,7,4,0,0.107405
2099,1940-03-30,2,7,0,0.107333
2100,1940-04-06,1,9,0,0.107262
2101,1940-04-13,6,4,0,0.10719
2102,1940-04-20,3,1,0,0.107119
2103,1940-04-27,6,8,0,0.107048
2104,1940-05-04,8,3,0,0.106977
2105,1940-05-11,8,6,0,0.106906
2106,1940-05-18,5,6,0,0.106835
2107,1940-05-25,1,8,0,0.106764
2108,1940-06-01,8,7,0,0.106693
2109,1940-06-08,7,1,0,0.106623
2110,1940-06-15,5,5,1,0.107214
2111,1940-06-22,2,1,0,0.107143
2112,1940-06-29,8,3,0,0.107072
2113,1940-07-06,4,1,0,0.107001
2114,1940-07-13,6,4,0,0.106931
2115,1940-07-20,5,3,0,0.10686
2116,1940-07-27,6,4,0,0.10679
2117,1940-08-03,1,4,0,0.106719
2118,1940-08-10,7,2,0,0.106649
2119,1940-08-17,8,9,0,0.106579
2120,1940-08-24,9,3,0,0.106509
2121,1940-08-31,4,4,1,0.107096
2122,1940-09-07,6,5,0,0.107026
2123,1940-09-14,4,3,0,0.106955
2124,1940-09-21,2,4,0,0.106885
2125,1940-09-28,8,8,1,0.107471
2126,1940-10-05,9,4,0,0.1074
2127,1940-10-12,3,4,0,0.10733
2128,1940-10-19,3,5,0,0.10726
2129,1940-10-26,2,4,0,0.10719
2130,1940-11-02,1,8,0,0.10712
2131,1940-11-09,4,6,0,0.10705
2132,1940-11-16,1,1,1,0.107632
2133,1940-11-23,7,8,0,0.107562
2134,1940-11-30,6,9,0,0.107492
2135,1940-12-07,2,7,0,0.107422
2136,1940-12-14,6,3,0,0.107352
2137,1940-12-21,6,8,0,0.107282
2138,1940-12-28,3,8,0,0.107212
2139,1941-01-04,7,8,0,0.107143
2140,1941-01-11,7,7,1,0.107722
2141,1941-01-18,3,3,1,0.108301
2142,1941-01-25,3,7,0,0.108231
2143,1941-02-01,4,4,1,0.108808
2144,1941-02-08,4,6,0,0.108738
2145,1941-02-15,5,4,0,0.108668
2146,1941-02-22,1,7,0,0.108597
2147,1941-03-01,7,7,1,0.109173
2148,1941-03-08,6,9,0,0.109103
2149,1941-03-15,3,7,0,0.109032
2150,1941-03-22,4,8,0,0.108962
2151,1941-03-29,8,6,0,0.108892
2152,1941-04-05,1,2,0,0.108822
2153,1941-04-12,4,4,1,0.109395
2154,1941-04-19,6,1,0,0.109325
2155,1941-04-26,3,3,1,0.109897
2156,1941-05-03,4,8,0,0.109827
2157,1941-05-10,3,6,0,0.109756
2158,1941-05-17,5,6,0,0.109686
2159,1941-05-24,2,1,0,0.109615
2160,1941-05-31,3,3,1,0.110186
2161,1941-06-07,3,6,0,0.110115
2162,1941-06-14,5,4,0,0.110045
2163,1941-06-21,9,1,0,0.109974
2164,1941-06-28,2,1,0,0.109904
2165,1941-07-05,9,5,0,0.109834
2166,1941-07-12,4,9,0,0.109764
2167,1941-07-19,5,5,1,0.110332
2168,1941-07-26,4,7,0,0.110261
2169,1941-08-02,7,1,0,0.110191
2170,1941-08-09,8,1,0,0.110121
2171,1941-08-16,8,3,0,0.110051
2172,1941-08-23,6,6,1,0.110617
2173,1941-08-30,2,8,0,0.110546
2174,1941-09-06,5,3,0,0.110476
2175,1941-09-13,9,4,0,0.110406
2176,1941-09-20,9,1,0,0.110336
2177,1941-09-27,1,9,0,0.110266
2178,1941-10-04,9,3,0,0.110196
2179,1941-10-11,6,2,0,0.110127
2180,1941-10-18,5,3,0,0.110057
2181,1941-10-25,3,6,0,0.109987
2182,1941-11-01,7,4,0,0.109918
2183,1941-11-08,7,7,1,0.11048
2184,1941-11-15,5,3,0,0.11041
2185,1941-11-22,7,1,0,0.11034
2186,1941-11-29,1,5,0,0.110271
2187,1941-12-06,8,6,0,0.110202
2188,1941-12-13,1,1,1,0.110761
2189,1941-12-20,4,4,1,0.111321
2190,1941-12-27,5,1,0,0.111251
2191,1942-01-03,2,7,0,0.111181
2192,1942-01-10,6,3,0,0.111111
2193,1942-01-17,3,8,0,0.111041
2194,1942-01-24,3,8,0,0.110972
2195,1942-01-31,6,4,0,0.110902
2196,1942-02-07,1,3,0,0.110833
2197,1942-02-14,3,7,0,0.110763
2198,1942-02-21,5,9,0,0.110694
2199,1942-02-28,2,1,0,0.110625
2200,1942-03-07,9,3,0,0.110556
2201,1942-03-14,3,9,0,0.110487
2202,1942-03-21,5,5,1,0.111042
2203,1942-03-28,6,1,0,0.110973
2204,1942-04-04,9,4,0,0.110903
2205,1942-04-11,4,8,0,0.110834
2206,1942-04-18,8,5,0,0.110765
2207,1942-04-25,7,2,0,0.110697
2208,1942-05-02,9,5,0,0.110628
2209,1942-05-09,4,8,0,0.110559
2210,1942-05-16,5,5,1,0.111111
2211,1942-05-23,5,7,0,0.111042
2212,1942-05-30,6,3,0,0.110973
2213,1942-06-06,3,4,0,0.110905
2214,1942-06-13,4,8,0,0.110836
2215,1942-06-20,2,6,0,0.110767
2216,1942-06-27,6,8,0,0.110699
2217,1942-07-04,6,3,0,0.11063
2218,1942-07-11,2,3,0,0.110562
2219,1942-07-18,7,3,0,0.110494
2220,1942-07-25,1,6,0,0.110426
2221,1942-08-01,4,6,0,0.110358
2222,1942-08-08,5,1,0,0.11029
2223,1942-08-15,1,7,0,0.110222
2224,1942-08-22,1,7,0,0.110154
2225,1942-08-29,1,9,0,0.110086
2226,1942-09-05,2,9,0,0.110018
2227,1942-09-12,5,9,0,0.109951
2228,1942-09-19,9,4,0,0.109883
2229,1942-09-26,6,1,0,0.109816
2230,1942-10-03,5,3,0,0.109749
2231,1942-10-10,1,6,0,0.109681
2232,1942-10-17,4,7,0,0.109614
2233,1942-10-24,4,1,0,0.109547
2234,1942-10-31,6,5,0,0.10948
2235,1942-11-07,8,3,0,0.109413
2236,1942-11-14,1,6,0,0.109346
2237,1942-11-21,5,4,0,0.10928
2238,1942-11-28,4,3,0,0.109213
2239,1942-12-05,8,1,0,0.109146
2240,1942-12-12,6,2,0,0.10908
2241,1942-12-19,6,8,0,0.109013
2242,1942-12-26,4,3,0,0.108947
2243,1943-01-02,7,4,0,0.108881
2244,1943-01-09,5,8,0,0.108815
2245,1943-01-16,9,1,0,0.108748
2246,1943-01-23,1,1,1,0.10929
2247,1943-01-30,8,3,0,0.109223
2248,1943-02-06,1,1,1,0.109763
2249,1943-02-13,1,4,0,0.109697
2250,1943-02-20,6,2,0,0.109631
2251,1943-02-27,5,1,0,0.109564
2252,1943-03-06,8,1,0,0.109498
2253,1943-03-13,5,8,0,0.109432
2254,1943-03-20,7,8,0,0.109366
2255,1943-03-27,8,5,0,0.1093
2256,1943-04-03,9,3,0,0.109234
2257,1943-04-10,3,4,0,0.109168
2258,1943-04-17,7,5,0,0.109102
2259,1943-04-24,2,7,0,0.109036
2260,1943-05-01,9,9,1,0.109573
2261,1943-05-08,8,3,0,0.109507
2262,1943-05-15,7,8,0,0.109441
2263,1943-05-22,3,5,0,0.109375
2264,1943-05-29,6,7,0,0.109309
2265,1943-06-05,2,1,0,0.109244
2266,1943-06-12,4,3,0,0.109178
2267,1943-06-19,5,4,0,0.109113
2268,1943-06-26,4,7,0,0.109047
2269,1943-07-03,7,1,0,0.108982
2270,1943-07-10,4,8,0,0.108917
2271,1943-07-17,6,7,0,0.108852
2272,1943-07-24,2,3,0,0.108787
2273,1943-07-31,2,3,0,0.108722
2274,1943-08-07,1,5,0,0.108657
2275,1943-08-14,8,4,0,0.108592
2276,1943-08-21,5,1,0,0.108527
2277,1943-08-28,6,8,0,0.108462
2278,1943-09-04,8,3,0,0.108398
2279,1943-09-11,2,6,0,0.108333
2280,1943-09-18,1,4,0,0.108269
2281,1943-09-25,8,4,0,0.108205
2282,1943-10-02,2,1,0,0.10814
2283,1943-10-09,5,4,0,0.108076
2284,1943-10-16,8,9,0,0.108012
2285,1943-10-23,6,8,0,0.107948
2286,1943-10-30,1,8,0,0.107884
2287,1943-11-06,7,7,1,0.108412
2288,1943-11-13,3,9,0,0.108348
2289,1943-11-20,5,7,0,0.108284
2290,1943-11-27,8,1,0,0.10822
2291,1943-12-04,1,8,0,0.108156
2292,1943-12-11,6,4,0,0.108092
2293,1943-12-18,6,1,0,0.108028
2294,1943-12-25,1,3,0,0.107965
2295,1943-12-31,2,7,0,0.107901
2296,1944-01-08,2,5,0,0.107837
2297,1944-01-15,8,5,0,0.107774
2298,1944-01-22,7,4,0,0.10771
2299,1944-01-29,1,5,0,0.107647
2300,1944-02-05,4,6,0,0.107584
2301,1944-02-12,1,1,1,0.108108
2302,1944-02-19,9,8,0,0.108045
2303,1944-02-26,8,2,0,0.107981
2304,1944-03-04,3,8,0,0.107918
2305,1944-03-11,4,2,0,0.107855
2306,1944-03-18,6,6,1,0.108377
2307,1944-03-25,5,3,0,0.108314
2308,1944-04-01,7,1,0,0.10825
2309,1944-04-08,6,5,0,0.108187
2310,1944-04-15,8,7,0,0.108124
2311,1944-04-22,8,6,0,0.108061
2312,1944-04-29,1,6,0,0.107998
2313,1944-05-06,6,4,0,0.107935
2314,1944-05-13,3,1,0,0.107872
2315,1944-05-20,9,8,0,0.107809
2316,1944-05-27,7,8,0,0.107746
2317,1944-06-03,4,7,0,0.107683
2318,1944-06-10,3,6,0,0.107621
2319,1944-06-17,5,6,0,0.107558
2320,1944-06-24,7,1,0,0.107496
2321,1944-07-01,7,5,0,0.107433
2322,1944-07-08,1,3,0,0.107371
2323,1944-07-15,7,6,0,0.107309
2324,1944-07-22,6,9,0,0.107246
2325,1944-07-29,7,7,1,0.107764
2326,1944-08-05,8,3,0,0.107701
2327,1944-08-12,2,3,0,0.107639
2328,1944-08-19,6,4,0,0.107577
2329,1944-08-26,2,3,0,0.107514
2330,1944-09-02,1,3,0,0.107452
2331,1944-09-09,1,4,0,0.10739
2332,1944-09-16,5,2,0,0.107328
2333,1944-09-23,6,3,0,0.107266
2334,1944-09-30,8,3,0,0.107205
2335,1944-10-07,2,6,0,0.107143
2336,1944-10-14,4,4,1,0.107657
2337,1944-10-21,1,4,0,0.107595
2338,1944-10-28,1,8,0,0.107533
2339,1944-11-04,7,2,0,0.107471
2340,1944-11-11,4,9,0,0.10741
2341,1944-11-18,4,6,0,0.107348
2342,1944-11-25,3,5,0,0.107286
2343,1944-12-02,9,6,0,0.107225
2344,1944-12-09,3,8,0,0.107163
2345,1944-12-16,6,5,0,0.107102
2346,1944-12-23,9,1,0,0.107041
2347,1944-12-30,9,8,0,0.106979
2348,1945-01-05,9,9,1,0.10749
2349,1945-01-13,2,9,0,0.107429
2350,1945-01-20,4,5,0,0.107367
2351,1945-01-27,1,1,1,0.107877
2352,1945-02-03,7,8,0,0.107815
2353,1945-02-10,1,9,0,0.107754
2354,1945-02-17,1,7,0,0.107692
2355,1945-02-24,2,7,0,0.107631
2356,1945-03-03,7,5,0,0.10757
2357,1945-03-10,3,6,0,0.107509
2358,1945-03-17,1,7,0,0.107447
2359,1945-03-24,4,7,0,0.107386
2360,1945-03-31,2,1,0,0.107325
2361,1945-04-07,4,8,0,0.107264
2362,1945-04-14,5,1,0,0.107204
2363,1945-04-21,6,7,0,0.107143
2364,1945-04-28,6,3,0,0.107082
2365,1945-05-05,2,3,0,0.107022
2366,1945-05-12,5,3,0,0.106961
2367,1945-05-19,6,9,0,0.1069
2368,1945-05-26,7,3,0,0.10684
2369,1945-06-02,2,3,0,0.10678
2370,1945-06-09,4,9,0,0.106719
2371,1945-06-16,4,1,0,0.106659
2372,1945-06-23,3,5,0,0.106599
2373,1945-06-30,2,6,0,0.106539
2374,1945-07-07,4,8,0,0.106479
2375,1945-07-14,2,1,0,0.106419
2376,1945-07-21,5,8,0,0.106359
2377,1945-07-28,1,9,0,0.106299
2378,1945-08-04,9,7,0,0.106239
2379,1945-08-11,1,2,0,0.10618
2380,1945-08-18,5,3,0,0.10612
2381,1945-08-25,8,3,0,0.106061
2382,1945-09-01,3,8,0,0.106001
2383,1945-09-08,6,2,0,0.105942
2384,1945-09-15,6,1,0,0.105882
2385,1945-09-22,8,3,0,0.105823
2386,1945-09-29,4,6,0,0.105764
2387,1945-10-06,6,4,0,0.105705
2388,1945-10-13,1,3,0,0.105646
2389,1945-10-20,6,7,0,0.105587
2390,1945-10-27,6,3,0,0.105528
2391,1945-11-03,1,8,0,0.105469
2392,1945-11-10,5,7,0,0.10541
2393,1945-11-17,8,3,0,0.105351
2394,1945-11-24,4,8,0,0.105292
2395,1945-12-01,8,4,0,0.105234
2396,1945-12-07,3,2,0,0.105175
2397,1945-12-15,8,2,0,0.105117
2398,1945-12-22,1,7,0,0.105058
2399,1945-12-29,7,4,0,0.105
2400,1946-01-05,7,9,0,0.104942
2401,1946-01-12,5,3,0,0.104883
2402,1946-01-19,3,1,0,0.104825
2403,1946-01-26,5,4,0,0.104767
2404,1946-02-02,9,1,0,0.104709
2405,1946-02-09,1,1,1,0.105205
2406,1946-02-16,3,3,1,0.1057
2407,1946-02-23,7,9,0,0.105642
2408,1946-03-02,2,7,0,0.105583
2409,1946-03-09,5,9,0,0.105525
2410,1946-03-16,4,9,0,0.105467
2411,1946-03-23,6,1,0,0.105408
2412,1946-03-30,2,3,0,0.10535
2413,1946-04-06,5,3,0,0.105292
2414,1946-04-13,2,4,0,0.105234
2415,1946-04-20,6,3,0,0.105176
2416,1946-04-27,9,3,0,0.105118
2417,1946-05-04,4,8,0,0.105061
2418,1946-05-11,6,5,0,0.105003
2419,1946-05-18,4,3,0,0.104945
2420,1946-05-25,5,7,0,0.104887
2421,1946-06-01,7,7,1,0.105379
2422,1946-06-08,5,5,1,0.105869
2423,1946-06-15,3,1,0,0.105811
2424,1946-06-22,4,4,1,0.106301
2425,1946-06-29,4,6,0,0.106243
2426,1946-07-06,6,5,0,0.106185
2427,1946-07-13,5,3,0,0.106127
2428,1946-07-20,6,1,0,0.106069
2429,1946-07-27,1,3,0,0.106011
2430,1946-08-03,7,7,1,0.106499
2431,1946-08-10,6,9,0,0.106441
2432,1946-08-17,2,7,0,0.106383
2433,1946-08-24,1,5,0,0.106325
2434,1946-08-31,5,4,0,0.106267
2435,1946-09-14,9,3,0,0.106209
2436,1946-09-21,5,1,0,0.106151
2437,1946-09-28,5,1,0,0.106094
2438,1946-10-05,6,3,0,0.106036
2439,1946-10-12,6,3,0,0.105978
2440,1946-10-19,2,8,0,0.105921
2441,1946-10-26,9,5,0,0.105863
2442,1946-11-02,9,3,0,0.105806
2443,1946-11-09,7,9,0,0.105748
2444,1946-11-16,9,7,0,0.105691
2445,1946-11-23,9,8,0,0.105634
2446,1946-11-30,7,9,0,0.105577
2447,1946-12-07,2,7,0,0.105519
2448,1946-12-14,5,9,0,0.105462
2449,1946-12-21,7,4,0,0.105405
2450,1946-12-28,8,5,0,0.105348
2451,1947-01-04,1,3,0,0.105292
2452,1947-01-11,3,4,0,0.105235
2453,1947-01-18,3,9,0,0.105178
2454,1947-01-25,5,4,0,0.105121
2455,1947-02-01,6,1,0,0.105065
2456,1947-02-08,2,3,0,0.105008
2457,1947-02-15,7,5,0,0.104952
2458,1947-02-22,5,6,0,0.104895
2459,1947-03-01,4,1,0,0.104839
2460,1947-03-08,5,1,0,0.104782
2461,1947-03-15,9,7,0,0.104726
2462,1947-03-22,8,1,0,0.10467
2463,1947-03-29,3,8,0,0.104614
2464,1947-04-05,2,8,0,0.104558
2465,1947-04-12,8,8,1,0.105038
2466,1947-04-19,6,4,0,0.104981
2467,1947-04-26,7,8,0,0.104925
2468,1947-05-03,9,2,0,0.104869
2469,1947-05-10,6,8,0,0.104813
2470,1947-05-17,1,3,0,0.104757
2471,1947-05-24,6,7,0,0.104701
2472,1947-05-31,6,3,0,0.104645
2473,1947-06-07,7,8,0,0.104589
2474,1947-06-14,6,2,0,0.104533
2475,1947-06-21,7,7,1,0.105011
2476,1947-06-28,5,2,0,0.104955
2477,1947-07-05,7,1,0,0.104899
2478,1947-07-12,4,5,0,0.104843
2479,1947-07-19,5,6,0,0.104787
2480,1947-07-26,9,7,0,0.104732
2481,1947-08-02,3,1,0,0.104676
2482,1947-08-09,5,5,1,0.105151
2483,1947-08-16,5,6,0,0.105096
2484,1947-08-23,2,3,0,0.10504
2485,1947-08-30,1,3,0,0.104984
2486,1947-09-06,9,4,0,0.104928
2487,1947-09-13,2,2,1,0.105403
2488,1947-09-20,7,5,0,0.105347
2489,1947-09-27,2,6,0,0.105291
2490,1947-10-04,1,9,0,0.105235
2491,1947-10-11,4,4,1,0.105708
2492,1947-10-18,7,1,0,0.105652
2493,1947-10-25,9,8,0,0.105597
2494,1947-11-01,4,8,0,0.105541
2495,1947-11-08,7,5,0,0.105485
2496,1947-11-15,7,8,0,0.10543
2497,1947-11-22,1,3,0,0.105374
2498,1947-11-29,5,7,0,0.105319
2499,1947-12-06,7,3,0,0.105263
2500,1947-12-13,1,5,0,0.105208
2501,1947-12-20,6,7,0,0.105152
2502,1947-12-27,6,3,0,0.105097
2503,1948-01-03,6,8,0,0.105042
2504,1948-01-10,2,8,0,0.104987
2505,1948-01-17,2,5,0,0.104932
2506,1948-01-24,9,5,0,0.104877
2507,1948-01-31,6,9,0,0.104822
2508,1948-02-07,7,3,0,0.104767
2509,1948-02-14,7,2,0,0.104712
2510,1948-02-21,7,3,0,0.104657
2511,1948-02-28,6,3,0,0.104603
2512,1948-03-06,9,7,0,0.104548
2513,1948-03-13,2,8,0,0.104493
2514,1948-03-20,1,7,0,0.104439
2515,1948-03-27,8,4,0,0.104384
2516,1948-04-03,8,1,0,0.10433
2517,1948-04-10,7,6,0,0.104275
2518,1948-04-17,5,5,1,0.104742
2519,1948-04-24,6,1,0,0.104688
2520,1948-04-30,1,3,0,0.104633
2521,1948-05-08,4,7,0,0.104579
2522,1948-05-15,5,1,0,0.104524
2523,1948-05-22,9,7,0,0.10447
2524,1948-05-29,7,1,0,0.104416
2525,1948-06-05,7,2,0,0.104361
2526,1948-06-12,2,3,0,0.104307
2527,1948-06-19,6,9,0,0.104253
2528,1948-06-26,9,3,0,0.104199
2529,1948-07-03,8,8,1,0.104663
2530,1948-07-10,4,8,0,0.104609
2531,1948-07-17,4,4,1,0.105072
2532,1948-07-24,5,5,1,0.105535
2533,1948-07-31,5,7,0,0.105481
2534,1948-08-07,8,3,0,0.105426
2535,1948-08-14,6,8,0,0.105372
2536,1948-08-21,9,8,0,0.105318
2537,1948-08-28,2,8,0,0.105263
2538,1948-09-04,3,7,0,0.105209
2539,1948-09-11,9,6,0,0.105155
2540,1948-09-18,5,8,0,0.1051
2541,1948-09-25,5,1,0,0.105046
2542,1948-10-02,6,3,0,0.104992
2543,1948-10-09,8,3,0,0.104938
2544,1948-10-16,9,6,0,0.104884
2545,1948-10-23,6,4,0,0.10483
2546,1948-10-30,8,3,0,0.104777
2547,1948-11-06,1,6,0,0.104723
2548,1948-11-13,8,4,0,0.104669
2549,1948-11-20,5,1,0,0.104615
2550,1948-11-27,2,8,0,0.104562
2551,1948-12-04,3,3,1,0.10502
2552,1948-12-11,7,6,0,0.104967
2553,1948-12-18,1,7,0,0.104913
2554,1948-12-24,4,6,0,0.104859
2555,1948-12-31,2,1,0,0.104806
2556,1949-01-08,2,8,0,0.104752
2557,1949-01-15,3,9,0,0.104699
2558,1949-01-22,9,6,0,0.104645
2559,1949-01-29,9,8,0,0.104592
2560,1949-02-05,3,9,0,0.104539
2561,1949-02-12,8,5,0,0.104485
2562,1949-02-19,6,7,0,0.104432
2563,1949-02-26,9,8,0,0.104379
2564,1949-03-05,3,8,0,0.104326
2565,1949-03-12,3,5,0,0.104273
2566,1949-03-19,3,4,0,0.10422
2567,1949-03-26,9,4,0,0.104167
2568,1949-04-02,7,8,0,0.104114
2569,1949-04-09,5,7,0,0.104061
2570,1949-04-16,3,6,0,0.104008
2571,1949-04-23,2,4,0,0.103955
2572,1949-04-30,3,8,0,0.103903
2573,1949-05-07,4,6,0,0.10385
2574,1949-05-14,1,6,0,0.103797
2575,1949-05-21,6,7,0,0.103745
2576,1949-05-28,9,3,0,0.103692
2577,1949-06-04,3,8,0,0.10364
2578,1949-06-11,9,5,0,0.103588
2579,1949-06-18,8,8,1,0.10404
2580,1949-06-25,1,8,0,0.103988
2581,1949-07-02,2,4,0,0.103935
2582,1949-07-09,1,5,0,0.103883
2583,1949-07-16,7,4,0,0.103831
2584,1949-07-23,3,6,0,0.103778
2585,1949-07-30,5,7,0,0.103726
2586,1949-08-06,5,6,0,0.103674
2587,1949-08-13,2,3,0,0.103622
2588,1949-08-20,8,3,0,0.10357
2589,1949-08-27,4,4,1,0.10402
2590,1949-09-03,9,4,0,0.103968
2591,1949-09-10,2,3,0,0.103916
2592,1949-09-17,4,7,0,0.103864
2593,1949-09-24,7,1,0,0.103811
2594,1949-10-01,7,8,0,0.103759
2595,1949-10-08,7,3,0,0.103707
2596,1949-10-15,1,3,0,0.103655
2597,1949-10-22,7,6,0,0.103604
2598,1949-10-29,1,6,0,0.103552
2599,1949-11-05,4,7,0,0.1035
2600,1949-11-12,9,1,0,0.103448
2601,1949-11-19,6,3,0,0.103397
2602,1949-11-26,4,3,0,0.103345
2603,1949-12-03,2,7,0,0.103293
2604,1949-12-12,9,8,0,0.103242
2605,1949-12-17,7,9,0,0.10319
2606,1949-12-24,1,7,0,0.103139
2607,1949-12-31,7,7,1,0.103586
2608,1950-01-07,7,6,0,0.103534
2609,1950-01-14,3,3,1,0.10398
2610,1950-01-21,8,5,0,0.103928
2611,1950-01-28,1,7,0,0.103877
2612,1950-02-04,2,4,0,0.103825
2613,1950-02-11,5,5,1,0.10427
2614,1950-02-18,2,4,0,0.104218
2615,1950-02-25,5,3,0,0.104167
2616,1950-03-04,1,4,0,0.104115
2617,1950-03-11,2,7,0,0.104063
2618,1950-03-18,4,5,0,0.104012
2619,1950-03-25,5,1,0,0.10396
2620,1950-04-01,6,7,0,0.103909
2621,1950-04-08,6,8,0,0.103858
2622,1950-04-15,7,2,0,0.103806
2623,1950-04-22,3,2,0,0.103755
2624,1950-04-29,8,5,0,0.103704
2625,1950-05-06,8,7,0,0.103653
2626,1950-05-13,5,6,0,0.103601
2627,1950-05-20,3,8,0,0.10355
2628,1950-05-27,7,4,0,0.103499
2629,1950-06-03,2,7,0,0.103448
2630,1950-06-10,7,9,0,0.103397
2631,1950-06-17,9,6,0,0.103346
2632,1950-06-24,2,4,0,0.103296
2633,1950-07-01,1,4,0,0.103245
2634,1950-07-08,3,4,0,0.103194
2635,1950-07-15,3,9,0,0.103143
2636,1950-07-22,1,4,0,0.103093
2637,1950-07-29,6,7,0,0.103042
2638,1950-08-05,7,3,0,0.102992
2639,1950-08-12,7,3,0,0.102941
2640,1950-08-19,7,3,0,0.102891
2641,1950-08-26,4,3,0,0.10284
2642,1950-09-02,5,6,0,0.10279
2643,1950-09-09,4,7,0,0.10274
2644,1950-09-16,9,1,0,0.102689
2645,1950-09-23,7,3,0,0.102639
2646,1950-09-30,1,7,0,0.102589
2647,1950-10-07,3,7,0,0.102539
2648,1950-10-14,3,9,0,0.102489
2649,1950-10-21,5,4,0,0.102439
2650,1950-10-28,4,6,0,0.102389
2651,1950-11-04,2,1,0,0.102339
2652,1950-11-11,9,8,0,0.102289
2653,1950-11-18,3,9,0,0.10224
2654,1950-11-25,1,5,0,0.10219
2655,1950-12-02,5,7,0,0.10214
2656,1950-12-09,1,3,0,0.10209
2657,1950-12-16,1,7,0,0.102041
2658,1950-12-23,9,2,0,0.101991
2659,1950-12-30,7,2,0,0.101942
2660,1951-01-06,7,1,0,0.101892
2661,1951-01-13,6,3,0,0.101843
2662,1951-01-20,8,7,0,0.101794
2663,1951-01-27,9,6,0,0.101744
2664,1951-02-03,3,4,0,0.101695
2665,1951-02-10,1,5,0,0.101646
2666,1951-02-17,9,7,0,0.101597
2667,1951-02-24,1,2,0,0.101547
2668,1951-03-03,7,3,0,0.101498
2669,1951-03-10,1,6,0,0.101449
2670,1951-03-17,9,7,0,0.1014
2671,1951-03-24,5,2,0,0.101351
2672,1951-03-31,8,1,0,0.101302
2673,1951-04-07,9,8,0,0.101254
2674,1951-04-14,1,4,0,0.101205
2675,1951-04-21,4,3,0,0.101156
2676,1951-04-28,5,1,0,0.101107
2677,1951-05-05,4,7,0,0.101059
2678,1951-05-12,1,1,1,0.101491
2679,1951-05-19,2,7,0,0.101442
2680,1951-05-26,2,5,0,0.101394
2681,1951-06-01,3,9,0,0.101345
2682,1951-06-09,2,6,0,0.101296
2683,1951-06-16,3,8,0,0.101248
2684,1951-06-23,7,6,0,0.101199
2685,1951-06-30,2,2,1,0.10163
2686,1951-07-07,2,9,0,0.101581
2687,1951-07-14,8,9,0,0.101533
2688,1951-07-21,8,4,0,0.101484
2689,1951-07-28,2,6,0,0.101435
2690,1951-08-04,4,4,1,0.101865
2691,1951-08-11,9,1,0,0.101816
2692,1951-08-18,9,7,0,0.101768
2693,1951-08-25,1,9,0,0.101719
2694,1951-09-01,8,3,0,0.101671
2695,1951-09-08,1,1,1,0.102099
2696,1951-09-15,1,4,0,0.102051
2697,1951-09-22,6,2,0,0.102002
2698,1951-09-29,1,3,0,0.101953
2699,1951-10-06,7,7,1,0.102381
2700,1951-10-13,2,6,0,0.102332
2701,1951-10-20,7,9,0,0.102284
2702,1951-10-27,8,6,0,0.102235
2703,1951-11-03,8,3,0,0.102186
2704,1951-11-10,7,6,0,0.102138
2705,1951-11-17,1,5,0,0.102089
2706,1951-11-24,7,7,1,0.102515
2707,1951-12-01,9,6,0,0.102467
2708,1951-12-10,8,4,0,0.102418
2709,1951-12-15,2,8,0,0.10237
2710,1951-12-22,4,4,1,0.102795
2711,1951-12-28,9,1,0,0.102746
2712,1952-01-05,9,7,0,0.102698
2713,1952-01-12,2,9,0,0.102649
2714,1952-01-19,7,1,0,0.1026
2715,1952-01-26,6,6,1,0.103025
2716,1952-02-02,2,7,0,0.102976
2717,1952-02-09,6,2,0,0.102927
2718,1952-02-16,2,3,0,0.102879
2719,1952-02-23,7,6,0,0.10283
2720,1952-03-01,7,6,0,0.102782
2721,1952-03-08,6,3,0,0.102733
2722,1952-03-15,9,7,0,0.102685
2723,1952-03-22,2,8,0,0.102637
2724,1952-03-29,9,7,0,0.102588
2725,1952-04-05,7,3,0,0.10254
2726,1952-04-12,4,7,0,0.102492
2727,1952-04-19,4,6,0,0.102444
2728,1952-04-26,2,5,0,0.102395
2729,1952-05-03,7,9,0,0.102347
2730,1952-05-10,7,6,0,0.102299
2731,1952-05-17,7,3,0,0.102251
2732,1952-05-24,5,3,0,0.102203
2733,1952-05-31,2,6,0,0.102156
2734,1952-06-07,3,3,1,0.102576
2735,1952-06-14,1,6,0,0.102528
2736,1952-06-21,6,7,0,0.10248
2737,1952-06-28,2,1,0,0.102432
2738,1952-07-05,3,6,0,0.102384
2739,1952-07-12,1,6,0,0.102336
2740,1952-07-19,2,7,0,0.102289
2741,1952-07-26,5,5,1,0.102708
2742,1952-08-02,2,4,0,0.10266
2743,1952-08-09,7,3,0,0.102612
2744,1952-08-16,1,6,0,0.102564
2745,1952-08-23,5,7,0,0.102516
2746,1952-08-30,8,3,0,0.102469
2747,1952-09-06,3,8,0,0.102421
2748,1952-09-13,8,2,0,0.102373
2749,1952-09-20,7,7,1,0.102791
2750,1952-09-27,9,5,0,0.102743
2751,1952-10-04,4,8,0,0.102695
2752,1952-10-11,5,5,1,0.103112
2753,1952-10-18,1,4,0,0.103064
2754,1952-10-25,7,1,0,0.103016
2755,1952-11-03,9,9,1,0.103432
2756,1952-11-08,3,4,0,0.103384
2757,1952-11-15,6,5,0,0.103336
2758,1952-11-22,1,1,1,0.103752
2759,1952-11-29,7,7,1,0.104167
2760,1952-12-06,9,9,1,0.104581
2761,1952-12-13,8,4,0,0.104533
2762,1952-12-20,6,8,0,0.104485
2763,1952-12-29,2,8,0,0.104436
2764,1953-01-03,8,3,0,0.104388
2765,1953-01-10,7,4,0,0.10434
2766,1953-01-17,8,5,0,0.104292
2767,1953-01-24,9,3,0,0.104244
2768,1953-01-31,6,4,0,0.104195
2769,1953-02-07,8,3,0,0.104147
2770,1953-02-14,2,6,0,0.104099
2771,1953-02-21,2,4,0,0.104052
2772,1953-02-28,1,9,0,0.104004
2773,1953-03-07,9,4,0,0.103956
2774,1953-03-14,1,2,0,0.103908
2775,1953-03-21,9,3,0,0.10386
2776,1953-03-28,5,1,0,0.103813
2777,1953-04-04,5,1,0,0.103765
2778,1953-04-11,6,3,0,0.103717
2779,1953-04-18,5,8,0,0.10367
2780,1953-04-25,2,6,0,0.103622
2781,1953-05-02,4,3,0,0.103575
2782,1953-05-09,1,1,1,0.103985
2783,1953-05-16,9,7,0,0.103938
2784,1953-05-23,5,1,0,0.10389
2785,1953-05-30,2,1,0,0.103843
2786,1953-06-06,8,3,0,0.103795
2787,1953-06-13,1,4,0,0.103748
2788,1953-06-20,6,4,0,0.1037
2789,1953-06-27,5,1,0,0.103653
2790,1953-07-04,2,6,0,0.103606
2791,1953-07-11,5,3,0,0.103558
2792,1953-07-18,3,4,0,0.103511
2793,1953-07-25,6,4,0,0.103464
2794,1953-08-01,8,1,0,0.103417
2795,1953-08-08,5,6,0,0.10337
2796,1953-08-14,3,8,0,0.103323
2797,1953-08-22,4,4,1,0.103731
2798,1953-08-29,6,6,1,0.104138
2799,1953-09-05,6,3,0,0.104091
2800,1953-09-12,7,2,0,0.104044
2801,1953-09-19,7,3,0,0.103996
2802,1953-09-26,2,3,0,0.103949
2803,1953-10-03,7,9,0,0.103902
2804,1953-10-10,8,6,0,0.103855
2805,1953-10-17,4,3,0,0.103808
2806,1953-10-24,5,4,0,0.103761
2807,1953-10-31,9,4,0,0.103714
2808,1953-11-07,4,1,0,0.103667
2809,1953-11-14,5,5,1,0.104072
2810,1953-11-21,8,4,0,0.104025
2811,1953-11-28,7,8,0,0.103978
2812,1953-12-05,8,5,0,0.103931
2813,1953-12-12,1,3,0,0.103884
2814,1953-12-19,9,4,0,0.103837
2815,1953-12-28,3,5,0,0.103791
2816,1954-01-02,8,5,0,0.103744
2817,1954-01-09,1,7,0,0.103697
2818,1954-01-16,4,4,1,0.104101
2819,1954-01-23,2,1,0,0.104054
2820,1954-01-30,7,9,0,0.104007
2821,1954-02-06,2,6,0,0.10396
2822,1954-02-13,9,7,0,0.103914
2823,1954-02-20,3,3,1,0.104317
2824,1954-02-27,9,5,0,0.10427
2825,1954-03-06,1,8,0,0.104223
2826,1954-03-13,5,3,0,0.104176
2827,1954-03-20,8,8,1,0.104578
2828,1954-03-27,8,8,1,0.10498
2829,1954-04-03,4,6,0,0.104933
2830,1954-04-10,4,4,1,0.105334
2831,1954-04-17,2,5,0,0.105287
2832,1954-04-24,3,9,0,0.10524
2833,1954-04-30,2,6,0,0.105192
2834,1954-05-08,8,8,1,0.105593
2835,1954-05-15,2,4,0,0.105546
2836,1954-05-22,4,4,1,0.105945
2837,1954-05-29,7,1,0,0.105898
2838,1954-06-05,6,7,0,0.105851
2839,1954-06-12,6,7,0,0.105804
2840,1954-06-19,1,2,0,0.105756
2841,1954-06-26,7,7,1,0.106155
2842,1954-07-03,6,9,0,0.106108
2843,1954-07-10,5,7,0,0.106061
2844,1954-07-17,6,6,1,0.106459
2845,1954-07-24,4,8,0,0.106411
2846,1954-07-31,8,7,0,0.106364
2847,1954-08-07,7,2,0,0.106317
2848,1954-08-14,6,5,0,0.106269
2849,1954-08-21,2,7,0,0.106222
2850,1954-08-28,9,3,0,0.106175
2851,1954-09-04,5,3,0,0.106128
2852,1954-09-11,7,1,0,0.106081
2853,1954-09-18,1,5,0,0.106034
2854,1954-09-25,9,7,0,0.105987
2855,1954-10-02,2,5,0,0.10594
2856,1954-10-09,2,7,0,0.105893
2857,1954-10-16,9,1,0,0.105846
2858,1954-10-23,1,3,0,0.105799
2859,1954-10-30,1,3,0,0.105752
2860,1954-11-06,5,2,0,0.105705
2861,1954-11-13,5,8,0,0.105659
2862,1954-11-20,1,6,0,0.105612
2863,1954-11-27,8,7,0,0.105565
2864,1954-12-04,4,1,0,0.105519
2865,1954-12-11,6,4,0,0.105472
2866,1954-12-18,7,3,0,0.105426
2867,1954-12-24,5,3,0,0.105379
2868,1954-12-31,3,6,0,0.105333
2869,1955-01-08,3,4,0,0.105286
2870,1955-01-15,6,4,0,0.10524
2871,1955-01-22,5,1,0,0.105194
2872,1955-01-29,6,6,1,0.105587
2873,1955-02-05,8,4,0,0.105541
2874,1955-02-12,8,6,0,0.105495
2875,1955-02-19,4,6,0,0.105448
2876,1955-02-26,2,4,0,0.105402
2877,1955-03-05,4,9,0,0.105356
2878,1955-03-12,4,1,0,0.105309
2879,1955-03-19,7,5,0,0.105263
2880,1955-03-26,5,7,0,0.105217
2881,1955-04-02,8,6,0,0.105171
2882,1955-04-09,7,8,0,0.105125
2883,1955-04-16,9,5,0,0.105079
2884,1955-04-23,5,8,0,0.105033
2885,1955-04-30,2,1,0,0.104987
2886,1955-05-07,5,3,0,0.104941
2887,1955-05-14,4,4,1,0.105332
2888,1955-05-21,8,1,0,0.105286
2889,1955-05-28,5,2,0,0.10524
2890,1955-06-04,3,8,0,0.105194
2891,1955-06-11,9,4,0,0.105148
2892,1955-06-18,5,8,0,0.105102
2893,1955-06-25,4,1,0,0.105057
2894,1955-07-02,3,1,0,0.105011
2895,1955-07-09,1,6,0,0.104965
2896,1955-07-16,8,7,0,0.104919
2897,1955-07-23,3,1,0,0.104874
2898,1955-07-30,7,8,0,0.104828
2899,1955-08-06,2,2,1,0.105217
2900,1955-08-13,3,9,0,0.105172
2901,1955-08-20,8,6,0,0.105126
2902,1955-08-27,2,7,0,0.10508
2903,1955-09-03,1,4,0,0.105035
2904,1955-09-10,6,4,0,0.104989
2905,1955-09-17,5,1,0,0.104944
2906,1955-09-24,2,6,0,0.104898
2907,1955-10-01,9,3,0,0.104853
2908,1955-10-08,4,3,0,0.104807
2909,1955-10-15,1,5,0,0.104762
2910,1955-10-22,5,7,0,0.104717
2911,1955-10-29,3,8,0,0.104671
2912,1955-11-05,4,4,1,0.105058
2913,1955-11-12,7,6,0,0.105013
2914,1955-11-19,2,7,0,0.104968
2915,1955-11-26,8,9,0,0.104922
2916,1955-12-03,4,4,1,0.105309
2917,1955-12-10,3,4,0,0.105263
2918,1955-12-17,1,6,0,0.105218
2919,1955-12-24,3,7,0,0.105172
2920,1955-12-31,9,9,1,0.105558
2921,1956-01-07,9,8,0,0.105512
2922,1956-01-14,8,9,0,0.105467
2923,1956-01-21,3,8,0,0.105422
2924,1956-01-28,5,8,0,0.105376
2925,1956-02-04,2,6,0,0.105331
2926,1956-02-11,2,3,0,0.105286
2927,1956-02-18,4,9,0,0.105241
2928,1956-02-25,3,1,0,0.105195
2929,1956-03-03,4,6,0,0.10515
2930,1956-03-10,5,6,0,0.105105
2931,1956-03-17,6,4,0,0.10506
2932,1956-03-24,3,8,0,0.105015
2933,1956-03-31,9,8,0,0.10497
2934,1956-04-07,3,8,0,0.104925
2935,1956-04-14,3,5,0,0.10488
2936,1956-04-21,2,4,0,0.104835
2937,1956-04-28,1,8,0,0.10479
2938,1956-05-05,8,4,0,0.104746
2939,1956-05-12,2,1,0,0.104701
2940,1956-05-19,1,4,0,0.104656
2941,1956-05-26,6,4,0,0.104611
2942,1956-06-02,1,5,0,0.104567
2943,1956-06-09,1,7,0,0.104522
2944,1956-06-16,7,2,0,0.104478
2945,1956-06-23,9,9,1,0.104859
2946,1956-06-30,4,8,0,0.104815
2947,1956-07-07,7,5,0,0.10477
2948,1956-07-14,8,7,0,0.104725
2949,1956-07-21,1,3,0,0.104681
2950,1956-07-28,9,4,0,0.104636
2951,1956-08-04,5,2,0,0.104592
2952,1956-08-11,5,1,0,0.104547
2953,1956-08-18,3,6,0,0.104503
2954,1956-08-25,3,4,0,0.104459
2955,1956-09-01,5,4,0,0.104414
2956,1956-09-08,4,2,0,0.10437
2957,1956-09-15,4,1,0,0.104326
2958,1956-09-22,6,5,0,0.104281
2959,1956-09-29,3,3,1,0.104661
2960,1956-10-06,5,8,0,0.104617
2961,1956-10-13,4,2,0,0.104572
2962,1956-10-20,9,1,0,0.104528
2963,1956-10-27,9,7,0,0.104484
2964,1956-11-03,2,9,0,0.10444
2965,1956-11-10,8,7,0,0.104396
2966,1956-11-17,6,4,0,0.104351
2967,1956-11-24,2,8,0,0.104307
2968,1956-12-01,2,3,0,0.104263
2969,1956-12-07,6,9,0,0.104219
2970,1956-12-15,5,2,0,0.104175
2971,1956-12-22,8,6,0,0.104132
2972,1956-12-29,3,8,0,0.104088
2973,1957-01-05,1,8,0,0.104044
2974,1957-01-12,4,7,0,0.104
2975,1957-01-19,6,1,0,0.103956
2976,1957-01-26,7,3,0,0.103912
2977,1957-02-02,8,5,0,0.103869
2978,1957-02-09,2,3,0,0.103825
2979,1957-02-16,4,4,1,0.104202
2980,1957-02-23,3,1,0,0.104158
2981,1957-03-02,8,6,0,0.104114
2982,1957-03-09,6,7,0,0.10407
2983,1957-03-16,6,2,0,0.104027
2984,1957-03-23,8,2,0,0.103983
2985,1957-03-30,6,6,1,0.104359
2986,1957-04-06,1,2,0,0.104315
2987,1957-04-13,5,7,0,0.104271
2988,1957-04-20,9,8,0,0.104228
2989,1957-04-27,9,1,0,0.104184
2990,1957-05-04,6,9,0,0.104141
2991,1957-05-11,5,3,0,0.104097
2992,1957-05-18,7,6,0,0.104053
2993,1957-05-25,8,5,0,0.10401
2994,1957-06-01,9,3,0,0.103967
2995,1957-06-08,7,4,0,0.103923
2996,1957-06-15,2,7,0,0.10388
2997,1957-06-22,8,9,0,0.103837
2998,1957-06-28,1,4,0,0.103793
2999,1957-07-06,1,4,0,0.10375
3000,1957-07-13,7,7,1,0.104123
3001,1957-07-20,6,9,0,0.10408
3002,1957-07-27,5,7,0,0.104037
3003,1957-08-03,5,6,0,0.103993
3004,1957-08-10,9,3,0,0.10395
3005,1957-08-17,3,1,0,0.103907
3006,1957-08-24,7,5,0,0.103864
3007,1957-08-31,4,2,0,0.103821
3008,1957-09-07,2,6,0,0.103778
3009,1957-09-14,9,9,1,0.104149
3010,1957-09-21,6,3,0,0.104106
3011,1957-09-28,2,3,0,0.104063
3012,1957-10-05,3,2,0,0.10402
3013,1957-10-12,3,6,0,0.103977
3014,1957-10-19,6,4,0,0.103934
3015,1957-10-26,2,1,0,0.103891
3016,1957-11-02,5,3,0,0.103848
3017,1957-11-09,1,4,0,0.103805
3018,1957-11-16,8,7,0,0.103762
3019,1957-11-23,1,1,1,0.104132
3020,1957-11-30,8,4,0,0.104089
3021,1957-12-07,5,1,0,0.104046
3022,1957-12-14,7,3,0,0.104003
3023,1957-12-21,4,5,0,0.10396
3024,1957-12-28,4,6,0,0.103918
3025,1958-01-04,8,5,0,0.103875
3026,1958-01-11,1,5,0,0.103832
3027,1958-01-18,9,4,0,0.103789
3028,1958-01-25,6,5,0,0.103746
3029,1958-02-01,7,3,0,0.103704
3030,1958-02-08,8,5,0,0.103661
3031,1958-02-15,8,3,0,0.103618
3032,1958-02-22,6,6,1,0.103987
3033,1958-03-01,9,2,0,0.103944
3034,1958-03-08,4,2,0,0.103901
3035,1958-03-15,6,5,0,0.103859
3036,1958-03-22,5,3,0,0.103816
3037,1958-03-29,5,6,0,0.103774
3038,1958-04-05,2,3,0,0.103731
3039,1958-04-12,5,3,0,0.103689
3040,1958-04-19,3,4,0,0.103646
3041,1958-04-26,7,4,0,0.103604
3042,1958-05-03,1,2,0,0.103561
3043,1958-05-10,7,7,1,0.103928
3044,1958-05-17,6,9,0,0.103885
3045,1958-05-24,5,7,0,0.103843
3046,1958-05-31,7,6,0,0.103801
3047,1958-06-07,9,5,0,0.103758
3048,1958-06-14,7,4,0,0.103716
3049,1958-06-21,8,7,0,0.103673
3050,1958-06-28,6,8,0,0.103631
3051,1958-07-05,6,2,0,0.103589
3052,1958-07-12,1,8,0,0.103547
3053,1958-07-19,1,7,0,0.103504
3054,1958-07-26,5,7,0,0.103462
3055,1958-08-02,7,8,0,0.10342
3056,1958-08-09,6,5,0,0.103378
3057,1958-08-16,2,7,0,0.103336
3058,1958-08-23,6,3,0,0.103294
3059,1958-08-30,4,2,0,0.103252
3060,1958-09-06,8,7,0,0.10321
3061,1958-09-13,9,5,0,0.103168
3062,1958-09-20,1,4,0,0.103126
3063,1958-09-27,4,3,0,0.103084
3064,1958-10-04,9,1,0,0.103043
3065,1958-10-11,5,9,0,0.103001
3066,1958-10-18,7,5,0,0.102959
3067,1958-10-25,2,5,0,0.102917
3068,1958-11-01,7,9,0,0.102876
3069,1958-11-08,9,6,0,0.102834
3070,1958-11-15,6,4,0,0.102792
3071,1958-11-22,9,3,0,0.102751
3072,1958-11-29,8,2,0,0.102709
3073,1958-12-06,9,3,0,0.102668
3074,1958-12-13,6,4,0,0.102626
3075,1958-12-20,4,3,0,0.102585
3076,1958-12-27,4,7,0,0.102543
3077,1959-01-03,3,5,0,0.102502
3078,1959-01-10,7,6,0,0.102461
3079,1959-01-17,7,2,0,0.102419
3080,1959-01-24,5,3,0,0.102378
3081,1959-01-31,5,6,0,0.102337
3082,1959-02-07,6,3,0,0.102296
3083,1959-02-14,2,8,0,0.102254
3084,1959-02-21,9,3,0,0.102213
3085,1959-02-28,5,3,0,0.102172
3086,1959-03-07,6,5,0,0.102131
3087,1959-03-14,5,8,0,0.10209
3088,1959-03-21,5,6,0,0.102049
3089,1959-03-28,3,6,0,0.102008
3090,1959-04-04,5,4,0,0.101967
3091,1959-04-11,7,2,0,0.101926
3092,1959-04-18,2,5,0,0.101885
3093,1959-04-27,3,7,0,0.101844
3094,1959-05-04,6,3,0,0.101804
3095,1959-05-09,2,1,0,0.101763
3096,1959-05-16,6,3,0,0.101722
3097,1959-05-23,8,2,0,0.101681
3098,1959-05-30,4,6,0,0.101641
3099,1959-06-06,2,4,0,0.1016
3100,1959-06-13,3,9,0,0.101559
3101,1959-06-20,7,6,0,0.101519
3102,1959-06-27,5,2,0,0.101478
3103,1959-07-04,3,6,0,0.101438
3104,1959-07-11,4,4,1,0.101796
3105,1959-07-18,3,6,0,0.101756
3106,1959-07-25,1,6,0,0.101715
3107,1959-08-01,2,7,0,0.101675
3108,1959-08-08,6,5,0,0.101634
3109,1959-08-17,3,8,0,0.101594
3110,1959-08-22,6,8,0,0.101553
3111,1959-08-29,5,2,0,0.101513
3112,1959-09-05,2,6,0,0.101472
3113,1959-09-12,8,3,0,0.101432
3114,1959-09-19,1,4,0,0.101392
3115,1959-09-26,8,4,0,0.101351
3116,1959-10-03,9,1,0,0.101311
3117,1959-10-10,7,6,0,0.101271
3118,1959-10-17,4,7,0,0.101231
3119,1959-10-24,5,6,0,0.10119
3120,1959-10-31,4,4,1,0.101547
3121,1959-11-07,6,1,0,0.101507
3122,1959-11-14,9,3,0,0.101467
3123,1959-11-21,3,8,0,0.101426
3124,1959-11-28,8,5,0,0.101386
3125,1959-12-05,5,7,0,0.101346
3126,1959-12-12,3,3,1,0.101702
3127,1959-12-19,8,4,0,0.101661
3128,1959-12-28,9,7,0,0.101621
3129,1960-01-04,1,6,0,0.101581
3130,1960-01-09,1,3,0,0.101541
3131,1960-01-16,6,7,0,0.101501
3132,1960-01-23,7,1,0,0.101461
3133,1960-01-30,2,5,0,0.101421
3134,1960-02-06,7,7,1,0.101775
3135,1960-02-13,5,6,0,0.101735
3136,1960-02-20,1,3,0,0.101695
3137,1960-02-27,9,7,0,0.101655
3138,1960-03-05,4,5,0,0.101615
3139,1960-03-12,2,5,0,0.101575
3140,1960-03-21,2,9,0,0.101535
3141,1960-03-26,7,9,0,0.101495
3142,1960-04-02,2,6,0,0.101455
3143,1960-04-09,3,7,0,0.101415
3144,1960-04-16,4,6,0,0.101375
3145,1960-04-23,5,6,0,0.101335
3146,1960-04-30,2,4,0,0.101296
3147,1960-05-07,5,3,0,0.101256
3148,1960-05-14,3,4,0,0.101216
3149,1960-05-21,2,4,0,0.101176
3150,1960-05-28,3,8,0,0.101137
3151,1960-06-04,4,6,0,0.101097
3152,1960-06-11,7,6,0,0.101058
3153,1960-06-18,7,8,0,0.101018
3154,1960-06-25,1,3,0,0.100978
3155,1960-07-02,8,7,0,0.100939
3156,1960-07-09,6,1,0,0.100899
3157,1960-07-16,6,2,0,0.10086
3158,1960-07-23,4,8,0,0.100821
3159,1960-07-30,4,4,1,0.101172
3160,1960-08-06,4,5,0,0.101132
3161,1960-08-13,1,5,0,0.101093
3162,1960-08-20,1,7,0,0.101053
3163,1960-08-27,9,7,0,0.101014
3164,1960-09-03,8,5,0,0.100975
3165,1960-09-10,5,3,0,0.100935
3166,1960-09-17,8,3,0,0.100896
3167,1960-09-24,1,8,0,0.100857
3168,1960-10-01,3,4,0,0.100817
3169,1960-10-08,1,9,0,0.100778
3170,1960-10-15,3,7,0,0.100739
3171,1960-10-22,4,9,0,0.1007
3172,1960-10-29,9,6,0,0.100661
3173,1960-11-07,3,9,0,0.100622
3174,1960-11-12,1,5,0,0.100583
3175,1960-11-19,5,7,0,0.100543
3176,1960-11-26,6,8,0,0.100504
3177,1960-12-03,9,8,0,0.100465
3178,1960-12-10,8,8,1,0.100814
3179,1960-12-17,1,3,0,0.100775
3180,1960-12-24,5,4,0,0.100736
3181,1960-12-31,6,8,0,0.100697
3182,1961-01-09,1,8,0,0.100658
3183,1961-01-14,2,7,0,0.100619
3184,1961-01-21,6,5,0,0.10058
3185,1961-01-28,6,3,0,0.100541
3186,1961-02-04,1,8,0,0.100503
3187,1961-02-11,8,7,0,0.100464
3188,1961-02-18,2,1,0,0.100425
3189,1961-02-25,3,4,0,0.100386
3190,1961-03-04,6,6,1,0.100733
3191,1961-03-11,9,2,0,0.100694
3192,1961-03-18,2,8,0,0.100656
3193,1961-03-25,1,7,0,0.100617
3194,1961-04-01,1,6,0,0.100578
3195,1961-04-08,8,7,0,0.100539
3196,1961-04-15,9,1,0,0.100501
3197,1961-04-22,1,6,0,0.100462
3198,1961-04-29,8,3,0,0.100423
3199,1961-05-06,5,1,0,0.100385
3200,1961-05-13,7,3,0,0.100346
3201,1961-05-20,3,5,0,0.100307
3202,1961-05-27,2,5,0,0.100269
3203,1961-06-05,9,8,0,0.10023
3204,1961-06-17,5,3,0,0.100192
3205,1961-06-24,3,5,0,0.100153
3206,1961-07-01,3,4,0,0.100115
3207,1961-07-08,8,4,0,0.100077
3208,1961-07-15,4,7,0,0.100038
3209,1961-07-22,6,4,0,0.1
3210,1961-07-29,6,3,0,0.099962
3211,1961-08-05,5,8,0,0.099923
3212,1961-08-12,2,6,0,0.099885
3213,1961-08-19,2,3,0,0.099847
3214,1961-08-26,4,9,0,0.099809
3215,1961-09-02,1,1,1,0.100153
3216,1961-09-09,5,1,0,0.100115
3217,1961-09-16,8,8,1,0.100458
3218,1961-09-23,5,8,0,0.10042
3219,1961-09-30,8,3,0,0.100382
3220,1961-10-07,6,8,0,0.100343
3221,1961-10-14,5,2,0,0.100305
3222,1961-10-21,2,6,0,0.100267
3223,1961-10-28,5,3,0,0.100229
3224,1961-11-06,8,4,0,0.10019
3225,1961-11-11,2,8,0,0.100152
3226,1961-11-18,7,4,0,0.100114
3227,1961-11-25,7,6,0,0.100076
3228,1961-12-02,1,3,0,0.100038
3229,1961-12-11,9,7,0,0.1
3230,1961-12-16,9,5,0,0.099962
3231,1961-12-23,1,9,0,0.099924
3232,1961-12-30,3,3,1,0.100266
3233,1962-01-06,4,9,0,0.100228
3234,1962-01-13,6,6,1,0.100569
3235,1962-01-20,9,3,0,0.100531
3236,1962-01-27,7,8,0,0.100493
3237,1962-02-03,2,7,0,0.100455
3238,1962-02-10,5,7,0,0.100417
3239,1962-02-17,2,4,0,0.100379
3240,1962-02-24,6,3,0,0.100341
3241,1962-03-03,3,3,1,0.100681
3242,1962-03-10,6,8,0,0.100643
3243,1962-03-17,7,2,0,0.100605
3244,1962-03-24,8,2,0,0.100567
3245,1962-03-31,6,8,0,0.100529
3246,1962-04-07,8,5,0,0.100491
3247,1962-04-14,8,6,0,0.100453
3248,1962-04-21,8,6,0,0.100415
3249,1962-04-28,3,6,0,0.100377
3250,1962-05-05,7,8,0,0.100339
3251,1962-05-12,8,2,0,0.100302
3252,1962-05-19,1,8,0,0.100264
3253,1962-05-26,9,4,0,0.100226
3254,1962-06-02,9,5,0,0.100188
3255,1962-06-09,4,1,0,0.100151
3256,1962-06-16,4,5,0,0.100113
3257,1962-06-23,6,5,0,0.100075
3258,1962-06-30,8,3,0,0.100038
3259,1962-07-07,8,6,0,0.1
3260,1962-07-14,4,6,0,0.099962
3261,1962-07-21,7,4,0,0.099925
3262,1962-07-28,5,7,0,0.099887
3263,1962-08-04,2,1,0,0.09985
3264,1962-08-11,8,3,0,0.099812
3265,1962-08-18,4,1,0,0.099775
3266,1962-08-25,7,4,0,0.099738
3267,1962-09-01,9,7,0,0.0997
3268,1962-09-08,6,4,0,0.099663
3269,1962-09-15,4,3,0,0.099625
3270,1962-09-22,7,4,0,0.099588
3271,1962-09-29,6,7,0,0.099551
3272,1962-10-06,3,7,0,0.099514
3273,1962-10-13,4,8,0,0.099476
3274,1962-10-20,1,6,0,0.099439
3275,1962-10-27,5,1,0,0.099402
3276,1962-11-03,9,8,0,0.099365
3277,1962-11-10,6,1,0,0.099328
3278,1962-11-17,8,3,0,0.099291
3279,1962-11-24,9,8,0,0.099254
3280,1962-12-01,8,6,0,0.099217
3281,1962-12-08,6,3,0,0.09918
3282,1962-12-15,5,8,0,0.099143
3283,1962-12-22,7,2,0,0.099106
3284,1962-12-29,2,5,0,0.099069
3285,1963-01-05,8,7,0,0.099032
3286,1963-01-12,5,4,0,0.098995
3287,1963-01-19,3,8,0,0.098958
3288,1963-01-26,4,4,1,0.099293
3289,1963-02-02,4,6,0,0.099257
3290,1963-02-09,2,5,0,0.09922
3291,1963-02-16,3,9,0,0.099183
3292,1963-02-23,2,6,0,0.099146
3293,1963-03-02,5,8,0,0.099109
3294,1963-03-09,9,4,0,0.099072
3295,1963-03-16,9,1,0,0.099036
3296,1963-03-23,1,1,1,0.09937
3297,1963-03-30,2,3,0,0.099333
3298,1963-04-06,2,5,0,0.099296
3299,1963-04-13,7,9,0,0.099259
3300,1963-04-20,5,6,0,0.099223
3301,1963-04-27,9,1,0,0.099186
3302,1963-05-04,2,1,0,0.099149
3303,1963-05-11,6,1,0,0.099112
3304,1963-05-18,1,3,0,0.099076
3305,1963-05-25,3,7,0,0.099039
3306,1963-06-01,2,9,0,0.099003
3307,1963-06-08,3,8,0,0.098966
3308,1963-06-15,5,6,0,0.098929
3309,1963-06-22,8,2,0,0.098893
3310,1963-07-01,8,8,1,0.099225
3311,1963-07-06,8,6,0,0.099189
3312,1963-07-13,5,6,0,0.099152
3313,1963-07-20,4,3,0,0.099116
3314,1963-07-27,6,1,0,0.099079
3315,1963-08-03,5,3,0,0.099043
3316,1963-08-10,9,2,0,0.099006
3317,1963-08-17,4,1,0,0.09897
3318,1963-08-24,6,5,0,0.098933
3319,1963-08-31,1,3,0,0.098897
3320,1963-09-07,5,7,0,0.098861
3321,1963-09-14,8,8,1,0.099192
3322,1963-09-21,8,8,1,0.099523
3323,1963-09-28,8,6,0,0.099486
3324,1963-10-05,2,6,0,0.09945
3325,1963-10-12,1,4,0,0.099413
3326,1963-10-19,3,6,0,0.099377
3327,1963-10-26,4,9,0,0.09934
3328,1963-11-02,6,6,1,0.09967
3329,1963-11-09,6,3,0,0.099634
3330,1963-11-16,3,8,0,0.099597
3331,1963-11-23,1,8,0,0.099561
3332,1963-11-30,8,7,0,0.099524
3333,1963-12-07,2,1,0,0.099488
3334,1963-12-14,2,4,0,0.099452
3335,1963-12-21,5,9,0,0.099415
3336,1963-12-28,5,4,0,0.099379
3337,1964-01-04,7,3,0,0.099343
3338,1964-01-11,6,5,0,0.099306
3339,1964-01-18,7,7,1,0.099635
3340,1964-01-25,3,2,0,0.099599
3341,1964-02-01,8,5,0,0.099562
3342,1964-02-08,7,7,1,0.099891
3343,1964-02-15,5,9,0,0.099854
3344,1964-02-22,8,1,0,0.099818
3345,1964-02-29,5,8,0,0.099782
3346,1964-03-07,1,3,0,0.099745
3347,1964-03-14,7,7,1,0.100073
3348,1964-03-21,4,9,0,0.100036
3349,1964-03-28,5,6,0,0.1
3350,1964-04-07,9,4,0,0.099964
3351,1964-04-11,7,1,0,0.099927
3352,1964-04-18,9,2,0,0.099891
3353,1964-04-27,5,4,0,0.099855
3354,1964-05-04,8,5,0,0.099819
3355,1964-05-09,4,8,0,0.099782
3356,1964-05-16,5,4,0,0.099746
3357,1964-05-23,8,4,0,0.09971
3358,1964-05-30,6,8,0,0.099674
3359,1964-06-06,3,5,0,0.099638
3360,1964-06-13,1,8,0,0.099602
3361,1964-06-20,7,7,1,0.099928
3362,1964-06-27,1,9,0,0.099891
3363,1964-07-04,3,7,0,0.099855
3364,1964-07-11,2,9,0,0.099819
3365,1964-07-18,7,8,0,0.099783
3366,1964-07-25,8,6,0,0.099747
3367,1964-08-01,6,8,0,0.099711
3368,1964-08-08,2,5,0,0.099675
3369,1964-08-17,2,6,0,0.099639
3370,1964-08-22,4,9,0,0.099603
3371,1964-08-29,9,1,0,0.099567
3372,1964-09-05,3,9,0,0.099531
3373,1964-09-12,9,5,0,0.099495
3374,1964-09-19,7,8,0,0.099459
3375,1964-09-26,9,2,0,0.099424
3376,1964-10-03,7,4,0,0.099388
3377,1964-10-10,1,2,0,0.099352
3378,1964-10-17,8,7,0,0.099316
3379,1964-10-24,6,1,0,0.099281
3380,1964-10-31,7,5,0,0.099245
3381,1964-11-07,9,3,0,0.099209
3382,1964-11-14,4,4,1,0.099533
3383,1964-11-21,1,5,0,0.099497
3384,1964-11-28,4,1,0,0.099461
3385,1964-12-05,3,1,0,0.099426
3386,1964-12-12,5,6,0,0.09939
3387,1964-12-19,3,2,0,0.099354
3388,1964-12-28,5,4,0,0.099319
3389,1965-01-02,5,2,0,0.099283
3390,1965-01-09,8,3,0,0.099248
3391,1965-01-16,5,8,0,0.099212
3392,1965-01-23,6,3,0,0.099177
3393,1965-01-30,9,8,0,0.099141
3394,1965-02-06,4,8,0,0.099106
3395,1965-02-13,9,5,0,0.09907
3396,1965-02-20,1,3,0,0.099035
3397,1965-02-27,2,3,0,0.098999
3398,1965-03-06,5,5,1,0.099321
3399,1965-03-13,6,4,0,0.099286
3400,1965-03-20,4,8,0,0.09925
3401,1965-03-27,3,4,0,0.099215
3402,1965-04-03,2,5,0,0.099179
3403,1965-04-10,4,8,0,0.099144
3404,1965-04-17,9,1,0,0.099109
3405,1965-04-24,5,3,0,0.099073
3406,1965-04-30,7,8,0,0.099038
3407,1965-05-08,9,5,0,0.099003
3408,1965-05-15,7,4,0,0.098968
3409,1965-05-22,6,1,0,0.098932
3410,1965-05-29,5,7,0,0.098897
3411,1965-06-05,6,2,0,0.098862
3412,1965-06-12,1,4,0,0.098827
3413,1965-06-19,4,7,0,0.098792
3414,1965-06-26,5,1,0,0.098757
3415,1965-07-03,3,4,0,0.098722
3416,1965-07-10,7,4,0,0.098687
3417,1965-07-17,5,2,0,0.098652
3418,1965-07-24,3,1,0,0.098617
3419,1965-07-31,3,4,0,0.098582
3420,1965-08-07,1,4,0,0.098547
3421,1965-08-14,9,7,0,0.098512
3422,1965-08-21,3,5,0,0.098477
3423,1965-08-28,8,5,0,0.098442
3424,1965-09-04,2,7,0,0.098407
3425,1965-09-11,9,4,0,0.098372
3426,1965-09-18,3,3,1,0.098691
3427,1965-09-25,2,5,0,0.098656
3428,1965-10-02,5,8,0,0.098621
3429,1965-10-09,4,4,1,0.09894
3430,1965-10-16,3,6,0,0.098905
3431,1965-10-23,8,5,0,0.09887
3432,1965-10-30,8,7,0,0.098835
3433,1965-11-06,1,6,0,0.0988
3434,1965-11-13,2,4,0,0.098765
3435,1965-11-20,5,5,1,0.099083
3436,1965-11-27,9,4,0,0.099048
3437,1965-12-04,5,1,0,0.099013
3438,1965-12-11,1,7,0,0.098979
3439,1965-12-18,2,7,0,0.098944
3440,1965-12-24,5,5,1,0.099261
3441,1966-01-03,5,4,0,0.099226
3442,1966-01-08,4,3,0,0.099191
3443,1966-01-15,9,6,0,0.099156
3444,1966-01-22,6,3,0,0.099121
3445,1966-01-29,3,3,1,0.099438
3446,1966-02-05,2,8,0,0.099403
3447,1966-02-12,3,8,0,0.099368
3448,1966-02-19,1,6,0,0.099333
3449,1966-02-26,7,7,1,0.099649
3450,1966-03-05,2,9,0,0.099614
3451,1966-03-12,6,7,0,0.099579
3452,1966-03-19,2,3,0,0.099544
3453,1966-03-26,8,6,0,0.099509
3454,1966-04-02,9,4,0,0.099475
3455,1966-04-09,4,6,0,0.09944
3456,1966-04-16,2,5,0,0.099405
3457,1966-04-23,8,9,0,0.09937
3458,1966-04-30,4,4,1,0.099685
3459,1966-05-07,5,4,0,0.09965
3460,1966-05-14,5,4,0,0.099616
3461,1966-05-21,5,3,0,0.099581
3462,1966-05-28,6,3,0,0.099546
3463,1966-06-04,5,4,0,0.099511
3464,1966-06-11,5,6,0,0.099476
3465,1966-06-18,2,6,0,0.099442
3466,1966-06-25,1,3,0,0.099407
3467,1966-07-02,8,6,0,0.099372
3468,1966-07-09,5,1,0,0.099338
3469,1966-07-16,3,3,1,0.099652
3470,1966-07-23,2,4,0,0.099617
3471,1966-07-30,9,8,0,0.099582
3472,1966-08-06,2,3,0,0.099548
3473,1966-08-13,2,1,0,0.099513
3474,1966-08-20,2,9,0,0.099478
3475,1966-08-27,4,9,0,0.099444
3476,1966-09-03,9,1,0,0.099409
3477,1966-09-10,8,3,0,0.099375
3478,1966-09-17,5,3,0,0.09934
3479,1966-09-24,1,3,0,0.099306
3480,1966-10-01,6,7,0,0.099271
3481,1966-10-08,9,1,0,0.099237
3482,1966-10-15,9,8,0,0.099202
3483,1966-10-22,7,1,0,0.099168
3484,1966-10-29,9,1,0,0.099133
3485,1966-11-05,2,4,0,0.099099
3486,1966-11-12,4,1,0,0.099065
3487,1966-11-19,7,1,0,0.09903
3488,1966-11-26,5,7,0,0.098996
3489,1966-12-03,6,3,0,0.098962
3490,1966-12-10,9,4,0,0.098928
3491,1966-12-17,9,8,0,0.098893
3492,1966-12-24,7,1,0,0.098859
3493,1966-12-31,5,1,0,0.098825
3494,1967-01-07,2,3,0,0.098791
3495,1967-01-14,2,3,0,0.098757
3496,1967-01-21,3,9,0,0.098723
3497,1967-01-28,3,6,0,0.098689
3498,1967-02-04,8,4,0,0.098655
3499,1967-02-11,8,7,0,0.098621
3500,1967-02-18,9,6,0,0.098587
3501,1967-02-25,5,4,0,0.098553
3502,1967-03-04,9,1,0,0.098519
3503,1967-03-11,7,1,0,0.098485
3504,1967-03-18,3,1,0,0.098451
3505,1967-03-25,2,5,0,0.098417
3506,1967-04-01,9,8,0,0.098383
3507,1967-04-08,2,3,0,0.098349
3508,1967-04-15,6,1,0,0.098316
3509,1967-04-22,8,3,0,0.098282
3510,1967-04-29,5,8,0,0.098248
3511,1967-05-06,6,3,0,0.098214
3512,1967-05-13,8,9,0,0.098181
3513,1967-05-20,1,8,0,0.098147
3514,1967-05-27,2,4,0,0.098113
3515,1967-06-03,3,5,0,0.09808
3516,1967-06-10,4,6,0,0.098046
3517,1967-06-17,7,6,0,0.098012
3518,1967-06-24,3,5,0,0.097979
3519,1967-07-01,1,5,0,0.097945
3520,1967-07-08,4,7,0,0.097912
3521,1967-07-15,6,5,0,0.097878
3522,1967-07-22,2,3,0,0.097845
3523,1967-07-29,4,6,0,0.097811
3524,1967-08-05,3,1,0,0.097778
3525,1967-08-12,5,8,0,0.097744
3526,1967-08-19,1,2,0,0.097711
3527,1967-08-26,9,7,0,0.097678
3528,1967-09-02,6,5,0,0.097644
3529,1967-09-09,5,3,0,0.097611
3530,1967-09-16,2,6,0,0.097578
3531,1967-09-23,2,3,0,0.097544
3532,1967-09-30,7,9,0,0.097511
3533,1967-10-07,8,6,0,0.097478
3534,1967-10-16,7,6,0,0.097445
3535,1967-10-21,1,5,0,0.097411
3536,1967-10-27,7,7,1,0.097719
3537,1967-11-06,5,9,0,0.097686
3538,1967-11-11,7,3,0,0.097652
3539,1967-11-18,2,5,0,0.097619
3540,1967-11-25,3,7,0,0.097586
3541,1967-12-02,9,6,0,0.097553
3542,1967-12-09,7,8,0,0.09752
3543,1967-12-16,3,1,0,0.097486
3544,1967-12-23,9,5,0,0.097453
3545,1967-12-30,3,8,0,0.09742
3546,1968-01-05,7,5,0,0.097387
3547,1968-01-13,7,2,0,0.097354
3548,1968-01-20,2,3,0,0.097321
3549,1968-01-27,6,7,0,0.097288
3550,1968-02-03,6,3,0,0.097255
3551,1968-02-10,8,8,1,0.097561
3552,1968-02-17,4,8,0,0.097528
3553,1968-02-24,2,4,0,0.097495
3554,1968-03-02,5,9,0,0.097462
3555,1968-03-09,8,4,0,0.097429
3556,1968-03-16,6,8,0,0.097396
3557,1968-03-23,7,5,0,0.097363
3558,1968-03-30,2,3,0,0.09733
3559,1968-04-06,8,7,0,0.097297
3560,1968-04-13,9,4,0,0.097264
3561,1968-04-20,4,4,1,0.097569
3562,1968-04-27,5,5,1,0.097874
3563,1968-05-04,5,4,0,0.097841
3564,1968-05-11,1,6,0,0.097808
3565,1968-05-18,5,7,0,0.097775
3566,1968-05-25,9,8,0,0.097742
3567,1968-06-01,2,1,0,0.097709
3568,1968-06-08,3,1,0,0.097676
3569,1968-06-15,4,6,0,0.097643
3570,1968-06-22,1,6,0,0.09761
3571,1968-06-28,4,1,0,0.097577
3572,1968-07-06,9,5,0,0.097545
3573,1968-07-13,8,3,0,0.097512
3574,1968-07-20,9,3,0,0.097479
3575,1968-07-27,8,4,0,0.097446
3576,1968-08-03,4,3,0,0.097414
3577,1968-08-10,2,4,0,0.097381
3578,1968-08-17,9,9,1,0.097684
3579,1968-08-24,8,3,0,0.097651
3580,1968-08-31,6,3,0,0.097618
3581,1968-09-07,6,5,0,0.097586
3582,1968-09-14,7,8,0,0.097553
3583,1968-09-21,3,2,0,0.09752
3584,1968-09-28,7,5,0,0.097487
3585,1968-10-05,4,2,0,0.097455
3586,1968-10-12,1,6,0,0.097422
3587,1968-10-19,9,1,0,0.09739
3588,1968-10-26,7,5,0,0.097357
3589,1968-11-02,4,1,0,0.097324
3590,1968-11-09,6,6,1,0.097626
3591,1968-11-16,2,3,0,0.097594
3592,1968-11-23,8,6,0,0.097561
3593,1968-11-30,4,4,1,0.097862
3594,1968-12-07,2,2,1,0.098164
3595,1968-12-14,7,9,0,0.098131
3596,1968-12-21,3,6,0,0.098098
3597,1968-12-28,8,7,0,0.098065
3598,1969-01-04,2,7,0,0.098033
3599,1969-01-11,6,4,0,0.098
3600,1969-01-18,5,3,0,0.097967
3601,1969-01-25,7,2,0,0.097935
3602,1969-02-01,7,5,0,0.097902
3603,1969-02-08,6,3,0,0.09787
3604,1969-02-15,6,7,0,0.097837
3605,1969-02-22,3,8,0,0.097804
3606,1969-03-01,7,8,0,0.097772
3607,1969-03-08,1,2,0,0.097739
3608,1969-03-15,7,7,1,0.098039
3609,1969-03-22,5,9,0,0.098007
3610,1969-03-29,2,3,0,0.097974
3611,1969-04-05,3,3,1,0.098274
3612,1969-04-12,8,4,0,0.098241
3613,1969-04-19,7,7,1,0.09854
3614,1969-04-26,8,5,0,0.098507
3615,1969-05-03,1,6,0,0.098475
3616,1969-05-10,9,4,0,0.098442
3617,1969-05-17,9,5,0,0.09841
3618,1969-05-24,3,1,0,0.098377
3619,1969-05-31,4,5,0,0.098344
3620,1969-06-07,2,6,0,0.098312
3621,1969-06-14,3,9,0,0.098279
3622,1969-06-21,3,4,0,0.098247
3623,1969-06-28,5,4,0,0.098214
3624,1969-07-05,8,1,0,0.098182
3625,1969-07-12,7,8,0,0.098149
3626,1969-07-19,6,5,0,0.098117
3627,1969-07-26,7,7,1,0.098415
3628,1969-08-02,2,3,0,0.098382
3629,1969-08-09,6,7,0,0.09835
3630,1969-08-16,8,3,0,0.098317
3631,1969-08-23,2,8,0,0.098285
3632,1969-08-30,9,4,0,0.098253
3633,1969-09-06,3,3,1,0.09855
3634,1969-09-13,8,5,0,0.098517
3635,1969-09-20,1,7,0,0.098485
3636,1969-09-27,7,4,0,0.098452
3637,1969-10-04,2,9,0,0.09842
3638,1969-10-11,8,7,0,0.098388
3639,1969-10-18,6,4,0,0.098355
3640,1969-10-25,5,5,1,0.098652
3641,1969-10-31,1,2,0,0.098619
3642,1969-11-08,8,7,0,0.098587
3643,1969-11-15,2,5,0,0.098555
3644,1969-11-22,9,4,0,0.098522
3645,1969-11-29,4,3,0,0.09849
3646,1969-12-06,5,5,1,0.098786
3647,1969-12-13,3,4,0,0.098753
3648,1969-12-20,3,4,0,0.098721
3649,1969-12-27,3,4,0,0.098689
3650,1970-01-03,7,4,0,0.098656
3651,1970-01-10,9,2,0,0.098624
3652,1970-01-17,6,4,0,0.098592
3653,1970-01-24,9,3,0,0.098559
3654,1970-01-31,9,8,0,0.098527
3655,1970-02-07,2,1,0,0.098495
3656,1970-02-14,5,1,0,0.098463
3657,1970-02-21,1,4,0,0.09843
3658,1970-02-28,9,7,0,0.098398
3659,1970-03-07,5,5,1,0.098693
3660,1970-03-14,7,1,0,0.098661
3661,1970-03-21,4,5,0,0.098628
3662,1970-03-28,9,6,0,0.098596
3663,1970-04-04,6,3,0,0.098564
3664,1970-04-11,5,3,0,0.098532
3665,1970-04-18,4,2,0,0.0985
3666,1970-04-25,7,6,0,0.098468
3667,1970-05-02,4,5,0,0.098435
3668,1970-05-09,5,6,0,0.098403
3669,1970-05-16,2,4,0,0.098371
3670,1970-05-23,1,3,0,0.098339
3671,1970-05-30,2,6,0,0.098307
3672,1970-06-06,9,5,0,0.098275
3673,1970-06-13,5,3,0,0.098243
3674,1970-06-20,3,7,0,0.098211
3675,1970-06-27,7,4,0,0.098179
3676,1970-07-04,5,2,0,0.098148
3677,1970-07-11,3,2,0,0.098116
3678,1970-07-18,5,4,0,0.098084
3679,1970-07-25,8,1,0,0.098052
3680,1970-08-01,8,8,1,0.098345
3681,1970-08-08,2,6,0,0.098313
3682,1970-08-15,9,4,0,0.098281
3683,1970-08-22,4,3,0,0.098249
3684,1970-08-29,5,5,1,0.098541
3685,1970-09-05,6,4,0,0.098509
3686,1970-09-12,9,8,0,0.098477
3687,1970-09-19,8,8,1,0.098769
3688,1970-09-26,3,3,1,0.099061
3689,1970-10-03,6,8,0,0.099029
3690,1970-10-10,6,2,0,0.098997
3691,1970-10-17,7,8,0,0.098965
3692,1970-10-24,3,2,0,0.098933
3693,1970-10-31,1,7,0,0.098901
3694,1970-11-07,4,7,0,0.098869
3695,1970-11-14,5,9,0,0.098837
3696,1970-11-21,8,4,0,0.098805
3697,1970-11-28,1,8,0,0.098773
3698,1970-12-05,6,4,0,0.098742
3699,1970-12-12,3,1,0,0.09871
3700,1970-12-19,2,8,0,0.098678
3701,1970-12-28,6,8,0,0.098646
3702,1971-01-02,8,8,1,0.098937
3703,1971-01-09,1,8,0,0.098905
3704,1971-01-16,7,4,0,0.098873
3705,1971-01-23,4,9,0,0.098841
3706,1971-01-30,1,6,0,0.098809
3707,1971-02-06,6,1,0,0.098777
3708,1971-02-13,2,1,0,0.098746
3709,1971-02-20,7,6,0,0.098714
3710,1971-02-27,2,6,0,0.098682
3711,1971-03-06,6,7,0,0.09865
3712,1971-03-13,3,8,0,0.098619
3713,1971-03-20,2,8,0,0.098587
3714,1971-03-27,4,8,0,0.098555
3715,1971-04-03,5,1,0,0.098524
3716,1971-04-10,9,4,0,0.098492
3717,1971-04-17,5,1,0,0.098461
3718,1971-04-24,8,7,0,0.098429
3719,1971-05-01,5,8,0,0.098397
3720,1971-05-08,7,3,0,0.098366
3721,1971-05-15,6,5,0,0.098334
3722,1971-05-22,3,7,0,0.098303
3723,1971-05-29,7,8,0,0.098271
3724,1971-06-05,5,2,0,0.09824
3725,1971-06-12,5,3,0,0.098209
3726,1971-06-19,5,6,0,0.098177
3727,1971-06-26,7,6,0,0.098146
3728,1971-07-03,3,5,0,0.098114
3729,1971-07-10,4,7,0,0.098083
3730,1971-07-17,2,6,0,0.098052
3731,1971-07-24,6,9,0,0.09802
3732,1971-07-31,6,8,0,0.097989
3733,1971-08-07,1,8,0,0.097958
3734,1971-08-14,4,7,0,0.097927
3735,1971-08-21,1,5,0,0.097895
3736,1971-08-28,9,1,0,0.097864
3737,1971-09-04,4,5,0,0.097833
3738,1971-09-11,7,5,0,0.097802
3739,1971-09-18,9,5,0,0.097771
3740,1971-09-25,3,4,0,0.09774
3741,1971-10-02,8,8,1,0.098027
3742,1971-10-09,1,7,0,0.097996
3743,1971-10-16,3,4,0,0.097964
3744,1971-10-23,2,9,0,0.097933
3745,1971-10-30,3,8,0,0.097902
3746,1971-11-06,8,3,0,0.097871
3747,1971-11-13,5,7,0,0.09784
3748,1971-11-20,2,3,0,0.097809
3749,1971-11-27,8,3,0,0.097778
3750,1971-12-04,1,4,0,0.097747
3751,1971-12-11,7,4,0,0.097716
3752,1971-12-18,3,9,0,0.097685
3753,1971-12-25,2,7,0,0.097654
3754,1972-01-01,7,3,0,0.097623
3755,1972-01-08,1,6,0,0.097592
3756,1972-01-15,5,7,0,0.097561
3757,1972-01-22,9,8,0,0.09753
3758,1972-01-29,1,5,0,0.097499
3759,1972-02-05,7,3,0,0.097468
3760,1972-02-12,4,9,0,0.097438
3761,1972-02-19,3,6,0,0.097407
3762,1972-02-26,8,5,0,0.097376
3763,1972-03-04,3,7,0,0.097345
3764,1972-03-11,3,8,0,0.097314
3765,1972-03-18,9,4,0,0.097284
3766,1972-03-25,9,8,0,0.097253
3767,1972-04-01,4,1,0,0.097222
3768,1972-04-08,3,5,0,0.097192
3769,1972-04-15,5,8,0,0.097161
3770,1972-04-22,9,1,0,0.09713
3771,1972-04-29,2,1,0,0.0971
3772,1972-05-06,7,1,0,0.097069
3773,1972-05-13,9,6,0,0.097038
3774,1972-05-20,4,4,1,0.097323
3775,1972-05-27,6,5,0,0.097292
3776,1972-06-03,3,3,1,0.097576
3777,1972-06-10,8,8,1,0.09786
3778,1972-06-17,7,7,1,0.098144
3779,1972-06-24,7,5,0,0.098113
3780,1972-07-01,7,6,0,0.098082
3781,1972-07-08,1,7,0,0.098052
3782,1972-07-15,2,7,0,0.098021
3783,1972-07-22,5,5,1,0.098304
3784,1972-07-29,4,4,1,0.098587
3785,1972-08-05,3,6,0,0.098556
3786,1972-08-12,6,5,0,0.098525
3787,1972-08-19,4,2,0,0.098494
3788,1972-08-26,1,4,0,0.098463
3789,1972-09-02,6,1,0,0.098433
3790,1972-09-09,2,1,0,0.098402
3791,1972-09-16,8,6,0,0.098371
3792,1972-09-23,3,4,0,0.09834
3793,1972-09-30,8,8,1,0.098622
3794,1972-10-07,3,7,0,0.098592
3795,1972-10-14,2,8,0,0.098561
3796,1972-10-21,5,3,0,0.09853
3797,1972-10-28,4,4,1,0.098812
3798,1972-11-04,9,3,0,0.098781
3799,1972-11-11,4,3,0,0.09875
3800,1972-11-18,1,5,0,0.098719
3801,1972-11-25,9,1,0,0.098688
3802,1972-12-02,5,5,1,0.09897
3803,1972-12-09,9,7,0,0.098939
3804,1972-12-16,5,1,0,0.098908
3805,1972-12-23,3,7,0,0.098877
3806,1972-12-30,9,4,0,0.098846
3807,1973-01-06,2,8,0,0.098815
3808,1973-01-13,6,7,0,0.098785
3809,1973-01-20,6,8,0,0.098754
3810,1973-01-27,4,8,0,0.098723
3811,1973-02-03,9,4,0,0.098692
3812,1973-02-10,8,3,0,0.098662
3813,1973-02-17,4,3,0,0.098631
3814,1973-02-24,1,2,0,0.0986
3815,1973-03-03,5,1,0,0.09857
3816,1973-03-10,7,8,0,0.098539
3817,1973-03-17,9,5,0,0.098508
3818,1973-03-24,8,4,0,0.098478
3819,1973-03-31,1,3,0,0.098447
3820,1973-04-07,6,4,0,0.098417
3821,1973-04-14,9,2,0,0.098386
3822,1973-04-21,9,8,0,0.098356
3823,1973-04-28,6,1,0,0.098325
3824,1973-05-05,9,5,0,0.098295
3825,1973-05-12,7,8,0,0.098264
3826,1973-05-19,2,4,0,0.098234
3827,1973-05-26,8,7,0,0.098203
3828,1973-06-02,4,4,1,0.098483
3829,1973-06-09,8,2,0,0.098452
3830,1973-06-16,4,5,0,0.098422
3831,1973-06-23,2,2,1,0.0987
3832,1973-06-30,2,9,0,0.09867
3833,1973-07-07,3,7,0,0.098639
3834,1973-07-14,9,3,0,0.098609
3835,1973-07-21,4,8,0,0.098578
3836,1973-07-28,3,5,0,0.098548
3837,1973-08-04,3,5,0,0.098518
3838,1973-08-11,2,4,0,0.098487
3839,1973-08-18,6,3,0,0.098457
3840,1973-08-25,1,8,0,0.098426
3841,1973-09-01,2,7,0,0.098396
3842,1973-09-08,6,5,0,0.098366
3843,1973-09-15,3,8,0,0.098335
3844,1973-09-22,8,8,1,0.098613
3845,1973-09-29,6,7,0,0.098583
3846,1973-10-06,2,5,0,0.098553
3847,1973-10-13,5,6,0,0.098522
3848,1973-10-20,9,4,0,0.098492
3849,1973-10-27,5,5,1,0.098769
3850,1973-11-03,2,3,0,0.098739
3851,1973-11-10,8,3,0,0.098708
3852,1973-11-17,3,4,0,0.098678
3853,1973-11-24,8,8,1,0.098955
3854,1973-12-01,1,7,0,0.098925
3855,1973-12-08,7,4,0,0.098894
3856,1973-12-15,4,9,0,0.098864
3857,1973-12-22,1,6,0,0.098834
3858,1973-12-29,8,5,0,0.098803
3859,1974-01-05,7,5,0,0.098773
3860,1974-01-12,7,5,0,0.098743
3861,1974-01-19,5,7,0,0.098712
3862,1974-01-26,3,3,1,0.098989
3863,1974-02-02,7,4,0,0.098958
3864,1974-02-09,1,2,0,0.098928
3865,1974-02-16,8,7,0,0.098898
3866,1974-02-23,4,5,0,0.098867
3867,1974-03-02,3,2,0,0.098837
3868,1974-03-09,2,5,0,0.098807
3869,1974-03-16,3,3,1,0.099083
3870,1974-03-23,8,3,0,0.099052
3871,1974-03-30,3,7,0,0.099022
3872,1974-04-06,5,8,0,0.098992
3873,1974-04-13,9,1,0,0.098962
3874,1974-04-20,4,5,0,0.098931
3875,1974-04-27,6,5,0,0.098901
3876,1974-05-04,4,3,0,0.098871
3877,1974-05-11,3,4,0,0.098841
3878,1974-05-18,3,5,0,0.098811
3879,1974-05-25,3,4,0,0.09878
3880,1974-06-01,3,4,0,0.09875
3881,1974-06-08,8,4,0,0.09872
3882,1974-06-15,4,7,0,0.09869
3883,1974-06-22,6,2,0,0.09866
3884,1974-06-29,4,3,0,0.09863
3885,1974-07-06,3,4,0,0.0986
3886,1974-07-13,7,5,0,0.09857
3887,1974-07-20,2,2,1,0.098844
3888,1974-07-27,4,8,0,0.098814
3889,1974-08-03,1,1,1,0.099088
3890,1974-08-10,6,8,0,0.099058
3891,1974-08-17,1,2,0,0.099028
3892,1974-08-24,8,7,0,0.098998
3893,1974-08-31,6,5,0,0.098968
3894,1974-09-07,9,5,0,0.098938
3895,1974-09-14,1,8,0,0.098908
3896,1974-09-21,9,3,0,0.098878
3897,1974-09-28,9,5,0,0.098848
3898,1974-10-05,4,1,0,0.098818
3899,1974-10-12,5,5,1,0.099091
3900,1974-10-19,5,4,0,0.099061
3901,1974-10-26,7,6,0,0.099031
3902,1974-11-02,7,5,0,0.099001
3903,1974-11-09,8,7,0,0.098971
3904,1974-11-16,7,6,0,0.098941
3905,1974-11-23,4,5,0,0.098911
3906,1974-11-30,2,6,0,0.098881
3907,1974-12-07,8,9,0,0.098851
3908,1974-12-14,6,4,0,0.098821
3909,1974-12-21,2,5,0,0.098792
3910,1974-12-28,7,6,0,0.098762
3911,1975-01-04,9,6,0,0.098732
3912,1975-01-11,6,4,0,0.098702
3913,1975-01-18,2,5,0,0.098672
3914,1975-01-25,5,6,0,0.098643
3915,1975-02-01,1,4,0,0.098613
3916,1975-02-08,8,9,0,0.098583
3917,1975-02-15,4,5,0,0.098553
3918,1975-02-22,4,2,0,0.098524
3919,1975-03-01,9,5,0,0.098494
3920,1975-03-08,2,3,0,0.098464
3921,1975-03-15,7,7,1,0.098736
3922,1975-03-22,1,6,0,0.098706
3923,1975-03-29,1,7,0,0.098676
3924,1975-04-05,5,7,0,0.098647
3925,1975-04-12,9,8,0,0.098617
3926,1975-04-19,2,5,0,0.098587
3927,1975-04-26,8,7,0,0.098558
3928,1975-05-03,2,4,0,0.098528
3929,1975-05-10,8,4,0,0.098498
3930,1975-05-17,9,4,0,0.098469
3931,1975-05-24,9,4,0,0.098439
3932,1975-05-31,5,1,0,0.09841
3933,1975-06-07,3,3,1,0.09868
3934,1975-06-14,8,4,0,0.098651
3935,1975-06-21,5,7,0,0.098621
3936,1975-06-28,5,3,0,0.098592
3937,1975-07-05,7,6,0,0.098562
3938,1975-07-12,6,5,0,0.098532
3939,1975-07-19,2,7,0,0.098503
3940,1975-07-26,1,5,0,0.098474
3941,1975-08-02,3,6,0,0.098444
3942,1975-08-09,7,9,0,0.098415
3943,1975-08-16,4,2,0,0.098385
3944,1975-08-23,8,6,0,0.098356
3945,1975-08-30,6,5,0,0.098326
3946,1975-09-06,4,2,0,0.098297
3947,1975-09-13,2,4,0,0.098268
3948,1975-09-20,8,9,0,0.098238
3949,1975-09-27,9,4,0,0.098209
3950,1975-10-04,6,4,0,0.09818
3951,1975-10-11,3,5,0,0.09815
3952,1975-10-18,6,8,0,0.098121
3953,1975-10-25,7,2,0,0.098092
3954,1975-11-01,6,3,0,0.098063
3955,1975-11-08,5,7,0,0.098033
3956,1975-11-15,6,2,0,0.098004
3957,1975-11-22,7,9,0,0.097975
3958,1975-11-29,2,3,0,0.097946
3959,1975-12-06,9,8,0,0.097917
3960,1975-12-13,1,3,0,0.097888
3961,1975-12-20,6,3,0,0.097858
3962,1975-12-27,4,1,0,0.097829
3963,1976-01-03,6,4,0,0.0978
3964,1976-01-10,1,3,0,0.097771
3965,1976-01-17,1,7,0,0.097742
3966,1976-01-24,4,7,0,0.097713
3967,1976-01-31,3,5,0,0.097684
3968,1976-02-07,8,5,0,0.097655
3969,1976-02-14,6,7,0,0.097626
3970,1976-02-21,3,2,0,0.097597
3971,1976-02-28,2,8,0,0.097568
3972,1976-03-06,8,3,0,0.097539
3973,1976-03-13,7,4,0,0.09751
3974,1976-03-20,2,5,0,0.097481
3975,1976-03-27,8,8,1,0.097749
3976,1976-04-03,2,4,0,0.09772
3977,1976-04-10,3,4,0,0.097691
3978,1976-04-17,7,3,0,0.097662
3979,1976-04-24,1,2,0,0.097633
3980,1976-05-01,2,7,0,0.097604
3981,1976-05-08,9,5,0,0.097575
3982,1976-05-15,7,3,0,0.097547
3983,1976-05-22,4,2,0,0.097518
3984,1976-05-29,7,6,0,0.097489
3985,1976-06-05,4,5,0,0.09746
3986,1976-06-12,8,6,0,0.097431
3987,1976-06-19,1,5,0,0.097403
3988,1976-06-26,4,7,0,0.097374
3989,1976-07-03,7,5,0,0.097345
3990,1976-07-10,8,5,0,0.097316
3991,1976-07-17,8,6,0,0.097288
3992,1976-07-24,9,6,0,0.097259
3993,1976-07-31,3,4,0,0.09723
3994,1976-08-07,9,8,0,0.097202
3995,1976-08-14,5,8,0,0.097173
3996,1976-08-21,9,3,0,0.097145
3997,1976-08-28,8,5,0,0.097116
3998,1976-09-04,7,3,0,0.097087
3999,1976-09-11,9,5,0,0.097059
4000,1976-09-18,1,4,0,0.09703
4001,1976-09-25,3,3,1,0.097296
4002,1976-10-02,4,9,0,0.097267
4003,1976-10-09,2,6,0,0.097239
4004,1976-10-16,5,8,0,0.09721
4005,1976-10-23,6,4,0,0.097181
4006,1976-10-30,1,9,0,0.097153
4007,1976-11-06,5,7,0,0.097124
4008,1976-11-13,9,8,0,0.097096
4009,1976-11-20,5,5,1,0.097361
4010,1976-11-27,3,3,1,0.097625
4011,1976-12-04,7,4,0,0.097597
4012,1976-12-11,6,2,0,0.097568
4013,1976-12-18,1,7,0,0.09754
4014,1976-12-25,1,7,0,0.097511
4015,1977-01-01,5,7,0,0.097482
4016,1977-01-08,2,9,0,0.097454
4017,1977-01-15,3,3,1,0.097718
4018,1977-01-22,6,3,0,0.097689
4019,1977-01-29,1,2,0,0.097661
4020,1977-02-05,2,7,0,0.097632
4021,1977-02-12,3,5,0,0.097604
4022,1977-02-19,4,6,0,0.097575
4023,1977-02-26,4,6,0,0.097547
4024,1977-03-05,4,5,0,0.097518
4025,1977-03-12,8,4,0,0.09749
4026,1977-03-19,3,5,0,0.097461
4027,1977-03-26,2,8,0,0.097433
4028,1977-04-02,1,3,0,0.097404
4029,1977-04-09,4,6,0,0.097376
4030,1977-04-16,9,5,0,0.097348
4031,1977-04-23,3,3,1,0.097611
4032,1977-04-30,9,8,0,0.097582
4033,1977-05-07,7,8,0,0.097554
4034,1977-05-14,8,4,0,0.097525
4035,1977-05-21,3,8,0,0.097497
4036,1977-05-28,5,8,0,0.097469
4037,1977-06-04,5,9,0,0.09744
4038,1977-06-11,6,7,0,0.097412
4039,1977-06-18,6,9,0,0.097384
4040,1977-06-25,1,8,0,0.097355
4041,1977-07-02,9,7,0,0.097327
4042,1977-07-09,6,5,0,0.097299
4043,1977-07-16,8,3,0,0.097271
4044,1977-07-23,6,8,0,0.097242
4045,1977-07-30,3,2,0,0.097214
4046,1977-08-06,5,8,0,0.097186
4047,1977-08-13,8,9,0,0.097158
4048,1977-08-20,4,8,0,0.09713
4049,1977-08-27,3,2,0,0.097101
4050,1977-09-03,7,8,0,0.097073
4051,1977-09-10,7,2,0,0.097045
4052,1977-09-17,4,7,0,0.097017
4053,1977-09-24,3,6,0,0.096989
4054,1977-10-01,4,8,0,0.096961
4055,1977-10-08,8,6,0,0.096933
4056,1977-10-15,5,5,1,0.097194
4057,1977-10-22,4,3,0,0.097166
4058,1977-10-29,3,3,1,0.097427
4059,1977-11-05,1,8,0,0.097399
4060,1977-11-12,9,7,0,0.097371
4061,1977-11-19,9,5,0,0.097343
4062,1977-11-26,5,1,0,0.097314
4063,1977-12-03,8,3,0,0.097286
4064,1977-12-10,2,8,0,0.097258
4065,1977-12-17,2,4,0,0.09723
4066,1977-12-24,1,3,0,0.097202
4067,1977-12-31,7,4,0,0.097174
4068,1978-01-07,5,9,0,0.097146
4069,1978-01-14,9,3,0,0.097118
4070,1978-01-21,1,5,0,0.09709
4071,1978-01-28,3,3,1,0.09735
4072,1978-02-04,8,9,0,0.097322
4073,1978-02-11,8,7,0,0.097294
4074,1978-02-18,6,6,1,0.097554
4075,1978-02-25,6,2,0,0.097526
4076,1978-03-04,6,1,0,0.097498
4077,1978-03-11,9,1,0,0.09747
4078,1978-03-18,9,8,0,0.097442
4079,1978-03-25,7,1,0,0.097414
4080,1978-04-01,5,4,0,0.097386
4081,1978-04-08,8,3,0,0.097358
4082,1978-04-15,3,8,0,0.09733
4083,1978-04-22,2,8,0,0.097302
4084,1978-04-29,7,3,0,0.097274
4085,1978-05-06,4,6,0,0.097246
4086,1978-05-13,7,6,0,0.097218
4087,1978-05-20,7,5,0,0.09719
4088,1978-05-27,3,7,0,0.097163
4089,1978-06-03,4,2,0,0.097135
4090,1978-06-10,2,6,0,0.097107
4091,1978-06-17,5,8,0,0.097079
4092,1978-06-24,3,4,0,0.097051
4093,1978-07-01,1,4,0,0.097023
4094,1978-07-08,4,7,0,0.096996
4095,1978-07-15,4,9,0,0.096968
4096,1978-07-22,7,4,0,0.09694
4097,1978-07-29,7,7,1,0.097198
4098,1978-08-05,7,3,0,0.097171
4099,1978-08-12,2,7,0,0.097143
4100,1978-08-19,9,8,0,0.097115
4101,1978-08-26,6,3,0,0.097087
4102,1978-09-02,9,3,0,0.09706
4103,1978-09-09,5,8,0,0.097032
4104,1978-09-16,8,3,0,0.097004
4105,1978-09-23,1,8,0,0.096977
4106,1978-09-30,9,4,0,0.096949
4107,1978-10-07,5,5,1,0.097206
4108,1978-10-14,4,3,0,0.097179
4109,1978-10-21,2,3,0,0.097151
4110,1978-10-28,6,8,0,0.097123
4111,1978-11-04,1,3,0,0.097096
4112,1978-11-11,1,7,0,0.097068
4113,1978-11-18,1,7,0,0.09704
4114,1978-11-25,9,7,0,0.097013
4115,1978-12-02,3,5,0,0.096985
4116,1978-12-09,5,8,0,0.096958
4117,1978-12-16,8,8,1,0.097214
4118,1978-12-23,4,8,0,0.097187
4119,1978-12-30,2,2,1,0.097443
4120,1979-01-06,4,8,0,0.097416
4121,1979-01-13,6,1,0,0.097388
4122,1979-01-20,8,3,0,0.09736
4123,1979-01-27,5,6,0,0.097333
4124,1979-02-03,4,3,0,0.097305
4125,1979-02-10,3,3,1,0.097561
4126,1979-02-17,1,8,0,0.097533
4127,1979-02-24,1,7,0,0.097506
4128,1979-03-03,9,9,1,0.097761
4129,1979-03-10,3,5,0,0.097734
4130,1979-03-17,7,8,0,0.097706
4131,1979-03-24,8,2,0,0.097678
4132,1979-03-31,4,8,0,0.097651
4133,1979-04-07,9,2,0,0.097623
4134,1979-04-14,8,3,0,0.097595
4135,1979-04-21,8,3,0,0.097568
4136,1979-04-28,1,6,0,0.09754
4137,1979-05-05,8,4,0,0.097513
4138,1979-05-12,6,5,0,0.097485
4139,1979-05-19,1,2,0,0.097458
4140,1979-05-26,6,7,0,0.09743
4141,1979-06-02,6,1,0,0.097403
4142,1979-06-09,7,1,0,0.097375
4143,1979-06-16,9,2,0,0.097348
4144,1979-06-23,3,4,0,0.09732
4145,1979-06-30,6,8,0,0.097293
4146,1979-07-07,1,1,1,0.097547
4147,1979-07-14,2,7,0,0.09752
4148,1979-07-21,8,5,0,0.097492
4149,1979-07-28,8,4,0,0.097465
4150,1979-08-04,3,6,0,0.097437
4151,1979-08-11,3,2,0,0.09741
4152,1979-08-18,8,4,0,0.097382
4153,1979-08-25,4,7,0,0.097355
4154,1979-09-01,1,2,0,0.097328
4155,1979-09-08,2,6,0,0.0973
4156,1979-09-15,2,5,0,0.097273
4157,1979-09-22,6,1,0,0.097246
4158,1979-09-29,5,3,0,0.097218
4159,1979-10-06,3,6,0,0.097191
4160,1979-10-13,1,4,0,0.097164
4161,1979-10-20,6,7,0,0.097136
4162,1979-10-27,7,1,0,0.097109
4163,1979-11-03,6,2,0,0.097082
4164,1979-11-10,8,7,0,0.097055
4165,1979-11-17,5,6,0,0.097027
4166,1979-11-24,2,3,0,0.097
4167,1979-12-01,5,3,0,0.096973
4168,1979-12-08,8,4,0,0.096946
4169,1979-12-15,3,8,0,0.096919
4170,1979-12-22,3,2,0,0.096892
4171,1979-12-29,8,4,0,0.096865
4172,1980-01-05,9,7,0,0.096837
4173,1980-01-12,8,4,0,0.09681
4174,1980-01-19,7,3,0,0.096783
4175,1980-01-26,2,9,0,0.096756
4176,1980-02-02,8,8,1,0.097009
4177,1980-02-09,6,4,0,0.096982
4178,1980-02-16,8,2,0,0.096954
4179,1980-02-23,4,6,0,0.096927
4180,1980-03-01,7,2,0,0.0969
4181,1980-03-08,6,7,0,0.096873
4182,1980-03-15,1,7,0,0.096846
4183,1980-03-22,8,7,0,0.096819
4184,1980-03-29,3,5,0,0.096792
4185,1980-04-05,9,2,0,0.096765
4186,1980-04-12,8,8,1,0.097017
4187,1980-04-19,7,3,0,0.09699
4188,1980-04-26,6,9,0,0.096963
4189,1980-05-03,8,7,0,0.096936
4190,1980-05-10,2,6,0,0.096909
4191,1980-05-17,3,4,0,0.096882
4192,1980-05-24,3,4,0,0.096855
4193,1980-05-31,1,4,0,0.096828
4194,1980-06-07,1,7,0,0.096801
4195,1980-06-14,1,9,0,0.096774
4196,1980-06-21,1,9,0,0.096747
4197,1980-06-28,2,9,0,0.09672
4198,1980-07-05,2,5,0,0.096694
4199,1980-07-12,9,1,0,0.096667
4200,1980-07-19,1,3,0,0.09664
4201,1980-07-26,1,3,0,0.096613
4202,1980-08-02,2,9,0,0.096586
4203,1980-08-09,9,5,0,0.096559
4204,1980-08-16,4,3,0,0.096533
4205,1980-08-23,4,5,0,0.096506
4206,1980-08-30,1,4,0,0.096479
4207,1980-09-06,3,6,0,0.096452
4208,1980-09-13,9,9,1,0.096703
4209,1980-09-20,7,8,0,0.096676
4210,1980-09-27,7,4,0,0.096649
4211,1980-10-04,2,7,0,0.096622
4212,1980-10-11,8,8,1,0.096872
4213,1980-10-18,1,4,0,0.096846
4214,1980-10-25,6,4,0,0.096819
4215,1980-11-01,6,1,0,0.096792
4216,1980-11-08,6,1,0,0.096765
4217,1980-11-15,1,1,1,0.097015
4218,1980-11-22,8,7,0,0.096988
4219,1980-11-29,6,5,0,0.096961
4220,1980-12-06,9,2,0,0.096935
4221,1980-12-13,1,8,0,0.096908
4222,1980-12-20,4,3,0,0.096881
4223,1980-12-27,5,9,0,0.096854
4224,1981-01-03,2,4,0,0.096828
4225,1981-01-10,8,3,0,0.096801
4226,1981-01-17,3,4,0,0.096774
4227,1981-01-24,2,2,1,0.097023
4228,1981-01-31,7,3,0,0.096996
4229,1981-02-07,4,6,0,0.09697
4230,1981-02-14,4,7,0,0.096943
4231,1981-02-21,8,4,0,0.096916
4232,1981-02-28,5,5,1,0.097165
4233,1981-03-07,1,3,0,0.097138
4234,1981-03-14,5,9,0,0.097111
4235,1981-03-21,7,9,0,0.097085
4236,1981-03-28,5,6,0,0.097058
4237,1981-04-04,6,3,0,0.097031
4238,1981-04-11,5,9,0,0.097005
4239,1981-04-18,2,6,0,0.096978
4240,1981-04-25,8,3,0,0.096951
4241,1981-05-02,5,4,0,0.096925
4242,1981-05-09,8,3,0,0.096898
4243,1981-05-16,9,8,0,0.096872
4244,1981-05-23,9,4,0,0.096845
4245,1981-05-30,1,7,0,0.096818
4246,1981-06-06,8,3,0,0.096792
4247,1981-06-13,6,5,0,0.096765
4248,1981-06-20,7,2,0,0.096739
4249,1981-06-27,2,2,1,0.096986
4250,1981-07-04,2,8,0,0.09696
4251,1981-07-11,6,9,0,0.096933
4252,1981-07-18,4,3,0,0.096907
4253,1981-07-25,9,4,0,0.09688
4254,1981-08-01,1,3,0,0.096854
4255,1981-08-08,1,3,0,0.096827
4256,1981-08-15,2,9,0,0.096801
4257,1981-08-22,5,5,1,0.097048
4258,1981-08-29,6,4,0,0.097021
4259,1981-09-05,6,9,0,0.096995
4260,1981-09-12,3,1,0,0.096968
4261,1981-09-19,4,8,0,0.096942
4262,1981-09-26,6,6,1,0.097188
4263,1981-10-03,3,3,1,0.097434
4264,1981-10-10,4,8,0,0.097408
4265,1981-10-17,5,6,0,0.097381
4266,1981-10-24,8,4,0,0.097355
4267,1981-10-31,8,8,1,0.097601
4268,1981-11-07,2,6,0,0.097574
4269,1981-11-14,3,4,0,0.097548
4270,1981-11-21,6,3,0,0.097521
4271,1981-11-28,9,1,0,0.097495
4272,1981-12-05,9,8,0,0.097468
4273,1981-12-12,2,1,0,0.097441
4274,1981-12-19,4,7,0,0.097415
4275,1981-12-26,6,1,0,0.097388
4276,1982-01-02,7,3,0,0.097362
4277,1982-01-09,4,2,0,0.097336
4278,1982-01-16,1,7,0,0.097309
4279,1982-01-23,6,6,1,0.097554
4280,1982-01-30,3,1,0,0.097528
4281,1982-02-06,1,8,0,0.097501
4282,1982-02-13,7,7,1,0.097746
4283,1982-02-20,6,9,0,0.09772
4284,1982-02-27,4,7,0,0.097693
4285,1982-03-06,7,4,0,0.097667
4286,1982-03-13,8,7,0,0.09764
4287,1982-03-20,3,8,0,0.097614
4288,1982-03-27,3,2,0,0.097587
4289,1982-04-03,1,1,1,0.097832
4290,1982-04-10,4,7,0,0.097805
4291,1982-04-17,5,5,1,0.09805
4292,1982-04-24,2,4,0,0.098023
4293,1982-05-01,2,3,0,0.097997
4294,1982-05-08,8,9,0,0.09797
4295,1982-05-15,9,4,0,0.097944
4296,1982-05-22,4,4,1,0.098188
4297,1982-05-29,2,5,0,0.098161
4298,1982-06-05,1,8,0,0.098135
4299,1982-06-12,9,4,0,0.098108
4300,1982-06-19,8,5,0,0.098082
4301,1982-06-26,1,7,0,0.098055
4302,1982-07-03,7,4,0,0.098029
4303,1982-07-10,2,6,0,0.098002
4304,1982-07-17,3,8,0,0.097976
4305,1982-07-24,2,6,0,0.097949
4306,1982-07-31,1,3,0,0.097923
4307,1982-08-07,7,4,0,0.097896
4308,1982-08-14,3,6,0,0.09787
4309,1982-08-21,6,4,0,0.097844
4310,1982-08-28,9,1,0,0.097817
4311,1982-09-04,4,8,0,0.097791
4312,1982-09-11,2,5,0,0.097765
4313,1982-09-18,8,8,1,0.098008
4314,1982-09-25,3,4,0,0.097981
4315,1982-10-02,6,2,0,0.097955
4316,1982-10-09,7,1,0,0.097928
4317,1982-10-16,8,2,0,0.097902
4318,1982-10-23,5,3,0,0.097876
4319,1982-10-30,9,3,0,0.097849
4320,1982-11-06,5,5,1,0.098092
4321,1982-11-13,7,3,0,0.098066
4322,1982-11-20,1,5,0,0.098039
4323,1982-11-27,4,7,0,0.098013
4324,1982-12-04,2,5,0,0.097987
4325,1982-12-11,5,8,0,0.09796
4326,1982-12-18,2,4,0,0.097934
4327,1982-12-25,8,3,0,0.097908
4328,1983-01-01,5,4,0,0.097881
4329,1983-01-08,1,3,0,0.097855
4330,1983-01-15,2,9,0,0.097829
4331,1983-01-22,9,5,0,0.097803
4332,1983-01-29,5,3,0,0.097777
4333,1983-02-05,1,3,0,0.09775
4334,1983-02-12,4,9,0,0.097724
4335,1983-02-19,9,5,0,0.097698
4336,1983-02-26,8,3,0,0.097672
4337,1983-03-05,7,7,1,0.097913
4338,1983-03-12,9,9,1,0.098155
4339,1983-03-19,8,4,0,0.098128
4340,1983-03-26,5,7,0,0.098102
4341,1983-04-02,6,3,0,0.098076
4342,1983-04-09,8,9,0,0.09805
4343,1983-04-16,7,6,0,0.098024
4344,1983-04-23,6,9,0,0.097997
4345,1983-04-30,6,7,0,0.097971
4346,1983-05-07,8,1,0,0.097945
4347,1983-05-14,8,6,0,0.097919
4348,1983-05-21,5,6,0,0.097893
4349,1983-05-28,3,3,1,0.098133
4350,1983-06-04,3,4,0,0.098107
4351,1983-06-11,7,1,0,0.098081
4352,1983-06-18,6,2,0,0.098055
4353,1983-06-25,2,7,0,0.098029
4354,1983-07-02,6,5,0,0.098003
4355,1983-07-09,4,3,0,0.097977
4356,1983-07-16,5,7,0,0.09795
4357,1983-07-23,2,4,0,0.097924
4358,1983-07-30,8,8,1,0.098164
4359,1983-08-06,8,4,0,0.098138
4360,1983-08-13,3,6,0,0.098112
4361,1983-08-20,6,2,0,0.098086
4362,1983-08-27,7,1,0,0.09806
4363,1983-09-03,6,2,0,0.098034
4364,1983-09-10,6,7,0,0.098008
4365,1983-09-17,8,1,0,0.097982
4366,1983-09-24,5,8,0,0.097956
4367,1983-10-01,8,3,0,0.09793
4368,1983-10-08,7,8,0,0.097904
4369,1983-10-15,3,9,0,0.097878
4370,1983-10-22,4,4,1,0.098117
4371,1983-10-29,9,6,0,0.098091
4372,1983-11-05,7,3,0,0.098065
4373,1983-11-12,2,4,0,0.098039
4374,1983-11-19,8,8,1,0.098278
4375,1983-11-26,5,4,0,0.098252
4376,1983-12-03,2,3,0,0.098226
4377,1983-12-10,7,8,0,0.0982
4378,1983-12-17,1,6,0,0.098174
4379,1983-12-24,5,7,0,0.098148
4380,1983-12-31,4,9,0,0.098122
4381,1984-01-07,1,3,0,0.098096
4382,1984-01-14,1,6,0,0.09807
4383,1984-01-21,4,2,0,0.098044
4384,1984-01-28,8,5,0,0.098018
4385,1984-02-04,6,5,0,0.097993
4386,1984-02-11,9,2,0,0.097967
4387,1984-02-18,6,8,0,0.097941
4388,1984-02-25,4,3,0,0.097915
4389,1984-03-03,4,7,0,0.097889
4390,1984-03-10,6,4,0,0.097863
4391,1984-03-17,8,3,0,0.097838
4392,1984-03-24,5,8,0,0.097812
4393,1984-03-31,9,3,0,0.097786
4394,1984-04-07,9,5,0,0.09776
4395,1984-04-14,5,1,0,0.097734
4396,1984-04-21,8,3,0,0.097709
4397,1984-04-28,9,8,0,0.097683
4398,1984-05-05,2,4,0,0.097657
4399,1984-05-12,3,7,0,0.097632
4400,1984-05-19,6,6,1,0.097869
4401,1984-05-26,1,1,1,0.098106
4402,1984-06-02,3,7,0,0.09808
4403,1984-06-09,2,9,0,0.098055
4404,1984-06-16,9,3,0,0.098029
4405,1984-06-23,6,3,0,0.098003
4406,1984-06-30,2,3,0,0.097977
4407,1984-07-07,9,6,0,0.097952
4408,1984-07-14,9,3,0,0.097926
4409,1984-07-21,8,1,0,0.0979
4410,1984-07-28,5,7,0,0.097875
4411,1984-08-04,9,3,0,0.097849
4412,1984-08-11,8,5,0,0.097823
4413,1984-08-18,4,7,0,0.097798
4414,1984-08-25,1,2,0,0.097772
4415,1984-09-01,5,6,0,0.097746
4416,1984-09-08,3,9,0,0.097721
4417,1984-09-15,2,4,0,0.097695
4418,1984-09-22,9,3,0,0.09767
4419,1984-09-29,4,3,0,0.097644
4420,1984-10-06,3,5,0,0.097618
4421,1984-10-13,7,8,0,0.097593
4422,1984-10-20,4,2,0,0.097567
4423,1984-10-27,6,7,0,0.097542
4424,1984-11-03,4,3,0,0.097516
4425,1984-11-10,4,4,1,0.097752
4426,1984-11-17,8,4,0,0.097727
4427,1984-11-24,5,5,1,0.097962
4428,1984-12-01,1,3,0,0.097937
4429,1984-12-08,3,9,0,0.097911
4430,1984-12-15,8,9,0,0.097886
4431,1984-12-22,7,7,1,0.098121
4432,1984-12-29,7,9,0,0.098095
4433,1985-01-05,5,7,0,0.09807
4434,1985-01-12,6,3,0,0.098044
4435,1985-01-19,5,8,0,0.098019
4436,1985-01-26,7,2,0,0.097993
4437,1985-02-02,2,5,0,0.097968
4438,1985-02-09,4,8,0,0.097942
4439,1985-02-16,7,1,0,0.097917
4440,1985-02-23,7,7,1,0.098152
4441,1985-03-02,6,7,0,0.098126
4442,1985-03-09,1,7,0,0.0981
4443,1985-03-16,2,7,0,0.098075
4444,1985-03-23,1,5,0,0.098049
4445,1985-03-30,8,4,0,0.098024
4446,1985-04-06,1,5,0,0.097998
4447,1985-04-13,5,7,0,0.097973
4448,1985-04-20,6,9,0,0.097948
4449,1985-04-27,7,8,0,0.097922
4450,1985-05-04,7,2,0,0.097897
4451,1985-05-11,6,7,0,0.097871
4452,1985-05-18,8,7,0,0.097846
4453,1985-05-25,2,5,0,0.09782
4454,1985-06-01,3,4,0,0.097795
4455,1985-06-08,3,6,0,0.09777
4456,1985-06-15,3,1,0,0.097744
4457,1985-06-22,1,1,1,0.097978
4458,1985-06-29,9,7,0,0.097953
4459,1985-07-06,9,5,0,0.097927
4460,1985-07-13,8,1,0,0.097902
4461,1985-07-20,1,7,0,0.097877
4462,1985-07-27,5,7,0,0.097851
4463,1985-08-03,2,9,0,0.097826
4464,1985-08-10,6,8,0,0.097801
4465,1985-08-17,2,3,0,0.097775
4466,1985-08-24,5,6,0,0.09775
4467,1985-08-31,8,4,0,0.097725
4468,1985-09-07,7,8,0,0.0977
4469,1985-09-14,7,9,0,0.097674
4470,1985-09-21,7,6,0,0.097649
4471,1985-09-28,7,7,1,0.097882
4472,1985-10-05,9,7,0,0.097857
4473,1985-10-12,6,4,0,0.097832
4474,1985-10-19,9,3,0,0.097806
4475,1985-10-26,8,8,1,0.098039
4476,1985-11-02,9,7,0,0.098014
4477,1985-11-09,5,4,0,0.097989
4478,1985-11-16,6,8,0,0.097963
4479,1985-11-23,9,8,0,0.097938
4480,1985-11-30,5,8,0,0.097913
4481,1985-12-07,7,8,0,0.097888
4482,1985-12-14,3,5,0,0.097862
4483,1985-12-21,3,4,0,0.097837
4484,1985-12-28,7,1,0,0.097812
4485,1986-01-04,6,2,0,0.097787
4486,1986-01-11,2,7,0,0.097762
4487,1986-01-18,7,5,0,0.097737
4488,1986-01-25,3,6,0,0.097711
4489,1986-02-01,3,4,0,0.097686
4490,1986-02-08,8,1,0,0.097661
4491,1986-02-15,1,7,0,0.097636
4492,1986-02-22,2,7,0,0.097611
4493,1986-03-01,9,5,0,0.097586
4494,1986-03-08,9,3,0,0.097561
4495,1986-03-15,5,1,0,0.097536
4496,1986-03-22,9,8,0,0.097511
4497,1986-03-29,7,5,0,0.097486
4498,1986-04-05,5,2,0,0.097461
4499,1986-04-12,4,3,0,0.097436
4500,1986-04-19,9,3,0,0.097411
4501,1986-04-26,5,3,0,0.097386
4502,1986-05-03,5,8,0,0.097361
4503,1986-05-10,6,6,1,0.097592
4504,1986-05-17,1,9,0,0.097567
4505,1986-05-24,8,2,0,0.097542
4506,1986-05-31,1,1,1,0.097773
4507,1986-06-07,7,7,1,0.098004
4508,1986-06-14,6,6,1,0.098235
4509,1986-06-21,1,7,0,0.09821
4510,1986-06-28,4,2,0,0.098185
4511,1986-07-05,2,5,0,0.09816
4512,1986-07-12,5,8,0,0.098134
4513,1986-07-19,3,4,0,0.098109
4514,1986-07-26,3,4,0,0.098084
4515,1986-08-02,4,1,0,0.098059
4516,1986-08-09,9,6,0,0.098034
4517,1986-08-16,6,3,0,0.098009
4518,1986-08-23,1,3,0,0.097984
4519,1986-08-30,1,2,0,0.097959
4520,1986-09-06,9,2,0,0.097934
4521,1986-09-13,1,5,0,0.097909
4522,1986-09-20,5,3,0,0.097884
4523,1986-09-27,4,9,0,0.097859
4524,1986-10-04,2,3,0,0.097834
4525,1986-10-11,5,8,0,0.097809
4526,1986-10-18,6,4,0,0.097785
4527,1986-10-25,8,9,0,0.09776
4528,1986-11-01,4,5,0,0.097735
4529,1986-11-08,8,2,0,0.09771
4530,1986-11-15,5,5,1,0.097939
4531,1986-11-22,6,3,0,0.097915
4532,1986-11-29,5,8,0,0.09789
4533,1986-12-06,9,2,0,0.097865
4534,1986-12-13,7,5,0,0.09784
4535,1986-12-20,4,2,0,0.097815
4536,1986-12-27,5,6,0,0.09779
4537,1987-01-03,4,4,1,0.098019
4538,1987-01-10,7,3,0,0.097994
4539,1987-01-17,9,7,0,0.09797
4540,1987-01-24,7,4,0,0.097945
4541,1987-01-31,4,4,1,0.098174
4542,1987-02-07,5,6,0,0.098149
4543,1987-02-14,4,4,1,0.098377
4544,1987-02-21,8,3,0,0.098352
4545,1987-02-28,1,5,0,0.098327
4546,1987-03-07,7,7,1,0.098556
4547,1987-03-14,3,6,0,0.098531
4548,1987-03-21,6,4,0,0.098506
4549,1987-03-28,9,1,0,0.098481
4550,1987-04-04,7,8,0,0.098456
4551,1987-04-11,1,4,0,0.098431
4552,1987-04-18,6,7,0,0.098406
4553,1987-04-25,9,1,0,0.098381
4554,1987-05-02,6,8,0,0.098357
4555,1987-05-09,3,3,1,0.098584
4556,1987-05-16,1,8,0,0.09856
4557,1987-05-23,2,7,0,0.098535
4558,1987-05-30,4,5,0,0.09851
4559,1987-06-06,1,1,1,0.098737
4560,1987-06-13,1,6,0,0.098712
4561,1987-06-20,9,9,1,0.09894
4562,1987-06-27,2,5,0,0.098915
4563,1987-07-04,3,7,0,0.09889
4564,1987-07-11,5,6,0,0.098865
4565,1987-07-18,7,8,0,0.09884
4566,1987-07-25,8,5,0,0.098815
4567,1987-08-01,8,3,0,0.09879
4568,1987-08-08,9,6,0,0.098765
4569,1987-08-15,6,4,0,0.098741
4570,1987-08-22,7,3,0,0.098716
4571,1987-08-29,6,2,0,0.098691
4572,1987-09-05,7,7,1,0.098918
4573,1987-09-12,1,2,0,0.098893
4574,1987-09-19,5,7,0,0.098868
4575,1987-09-26,9,9,1,0.099095
4576,1987-10-03,9,5,0,0.09907
4577,1987-10-10,3,1,0,0.099045
4578,1987-10-17,6,8,0,0.09902
4579,1987-10-24,9,1,0,0.098995
4580,1987-10-31,3,8,0,0.09897
4581,1987-11-07,9,8,0,0.098945
4582,1987-11-14,3,8,0,0.09892
4583,1987-11-21,1,9,0,0.098896
4584,1987-11-28,1,7,0,0.098871
4585,1987-12-05,7,9,0,0.098846
4586,1987-12-12,5,6,0,0.098821
4587,1987-12-19,6,3,0,0.098796
4588,1987-12-26,2,8,0,0.098772
4589,1988-01-02,3,5,0,0.098747
4590,1988-01-09,1,6,0,0.098722
4591,1988-01-16,5,7,0,0.098697
4592,1988-01-23,4,9,0,0.098673
4593,1988-01-30,5,3,0,0.098648
4594,1988-02-06,5,4,0,0.098623
4595,1988-02-13,7,6,0,0.098599
4596,1988-02-20,4,5,0,0.098574
4597,1988-02-27,3,5,0,0.098549
4598,1988-03-05,5,8,0,0.098525
4599,1988-03-12,2,8,0,0.0985
4600,1988-03-19,1,8,0,0.098475
4601,1988-03-26,9,8,0,0.098451
4602,1988-04-02,4,5,0,0.098426
4603,1988-04-09,6,5,0,0.098402
4604,1988-04-16,5,3,0,0.098377
4605,1988-04-23,8,2,0,0.098352
4606,1988-04-30,5,8,0,0.098328
4607,1988-05-07,2,3,0,0.098303
4608,1988-05-14,4,8,0,0.098279
4609,1988-05-21,3,1,0,0.098254
4610,1988-05-28,5,5,1,0.098479
4611,1988-06-04,2,8,0,0.098455
4612,1988-06-11,9,8,0,0.09843
4613,1988-06-18,4,3,0,0.098406
4614,1988-06-25,8,5,0,0.098381
4615,1988-07-02,4,5,0,0.098357
4616,1988-07-09,7,2,0,0.098332
4617,1988-07-16,5,7,0,0.098308
4618,1988-07-23,9,6,0,0.098283
4619,1988-07-30,8,5,0,0.098259
4620,1988-08-06,8,7,0,0.098234
4621,1988-08-13,9,6,0,0.09821
4622,1988-08-20,1,4,0,0.098185
4623,1988-08-27,5,3,0,0.098161
4624,1988-09-03,9,9,1,0.098385
4625,1988-09-10,5,5,1,0.098609
4626,1988-09-17,4,8,0,0.098585
4627,1988-09-24,5,3,0,0.09856
4628,1988-10-01,4,4,1,0.098784
4629,1988-10-08,6,3,0,0.098759
4630,1988-10-15,1,3,0,0.098735
4631,1988-10-22,1,2,0,0.09871
4632,1988-10-29,2,9,0,0.098686
4633,1988-11-05,7,5,0,0.098661
4634,1988-11-12,9,6,0,0.098637
4635,1988-11-19,2,4,0,0.098612
4636,1988-11-26,4,7,0,0.098588
4637,1988-12-03,6,1,0,0.098564
4638,1988-12-10,2,3,0,0.098539
4639,1988-12-17,8,5,0,0.098515
4640,1988-12-24,3,4,0,0.09849
4641,1988-12-31,9,2,0,0.098466
4642,1989-01-07,9,8,0,0.098442
4643,1989-01-14,3,1,0,0.098417
4644,1989-01-21,9,9,1,0.09864
4645,1989-01-28,2,8,0,0.098616
4646,1989-02-04,6,4,0,0.098592
4647,1989-02-11,8,3,0,0.098567
4648,1989-02-18,1,4,0,0.098543
4649,1989-02-25,7,7,1,0.098765
4650,1989-03-04,5,6,0,0.098741
4651,1989-03-11,3,6,0,0.098717
4652,1989-03-18,5,4,0,0.098692
4653,1989-03-25,9,8,0,0.098668
4654,1989-04-01,7,5,0,0.098644
4655,1989-04-08,8,4,0,0.098619
4656,1989-04-15,2,8,0,0.098595
4657,1989-04-22,7,4,0,0.098571
4658,1989-04-29,5,6,0,0.098546
4659,1989-05-06,9,3,0,0.098522
4660,1989-05-13,6,5,0,0.098498
4661,1989-05-20,7,3,0,0.098474
4662,1989-05-27,9,2,0,0.098449
4663,1989-06-03,2,4,0,0.098425
4664,1989-06-10,6,4,0,0.098401
4665,1989-06-17,7,8,0,0.098377
4666,1989-06-24,8,2,0,0.098353
4667,1989-07-01,9,8,0,0.098328
4668,1989-07-08,9,4,0,0.098304
4669,1989-07-15,2,1,0,0.09828
4670,1989-07-22,6,4,0,0.098256
4671,1989-07-29,5,8,0,0.098232
4672,1989-08-05,2,2,1,0.098453
4673,1989-08-12,8,8,1,0.098675
4674,1989-08-19,8,4,0,0.09865
4675,1989-08-26,4,6,0,0.098626
4676,1989-09-02,7,2,0,0.098602
4677,1989-09-09,1,7,0,0.098578
4678,1989-09-16,9,7,0,0.098554
4679,1989-09-23,5,5,1,0.098775
4680,1989-09-30,7,8,0,0.09875
4681,1989-10-07,2,5,0,0.098726
4682,1989-10-14,8,8,1,0.098947
4683,1989-10-21,2,4,0,0.098923
4684,1989-10-28,6,4,0,0.098898
4685,1989-11-04,7,8,0,0.098874
4686,1989-11-11,6,2,0,0.09885
4687,1989-11-18,6,7,0,0.098826
4688,1989-11-25,4,8,0,0.098802
4689,1989-12-02,2,4,0,0.098778
4690,1989-12-09,2,5,0,0.098753
4691,1989-12-16,8,9,0,0.098729
4692,1989-12-23,5,4,0,0.098705
4693,1989-12-30,3,3,1,0.098925
4694,1990-01-06,2,4,0,0.098901
4695,1990-01-13,4,3,0,0.098877
4696,1990-01-20,1,1,1,0.099097
4697,1990-01-27,2,1,0,0.099073
4698,1990-02-03,8,5,0,0.099049
4699,1990-02-10,6,4,0,0.099024
4700,1990-02-17,5,2,0,0.099
4701,1990-02-24,5,2,0,0.098976
4702,1990-03-03,4,6,0,0.098952
4703,1990-03-10,6,3,0,0.098928
4704,1990-03-17,7,3,0,0.098904
4705,1990-03-24,9,2,0,0.09888
4706,1990-03-31,4,4,1,0.099099
4707,1990-04-07,8,5,0,0.099075
4708,1990-04-14,9,5,0,0.099051
4709,1990-04-21,3,4,0,0.099027
4710,1990-04-28,3,9,0,0.099003
4711,1990-05-05,9,1,0,0.098979
4712,1990-05-12,7,8,0,0.098955
4713,1990-05-19,8,4,0,0.09893
4714,1990-05-26,1,8,0,0.098906
4715,1990-06-02,5,7,0,0.098882
4716,1990-06-09,2,9,0,0.098858
4717,1990-06-16,5,8,0,0.098834
4718,1990-06-23,5,4,0,0.09881
4719,1990-06-30,4,6,0,0.098786
4720,1990-07-07,4,3,0,0.098762
4721,1990-07-14,8,8,1,0.098981
4722,1990-07-21,2,5,0,0.098957
4723,1990-07-28,6,4,0,0.098933
4724,1990-08-04,7,8,0,0.098909
4725,1990-08-11,3,2,0,0.098885
4726,1990-08-18,9,4,0,0.098861
4727,1990-08-25,5,7,0,0.098837
4728,1990-09-01,5,7,0,0.098813
4729,1990-09-08,9,6,0,0.098789
4730,1990-09-15,4,5,0,0.098765
4731,1990-09-22,4,5,0,0.098742
4732,1990-09-29,6,8,0,0.098718
4733,1990-10-06,8,3,0,0.098694
4734,1990-10-13,3,4,0,0.09867
4735,1990-10-20,3,2,0,0.098646
4736,1990-10-27,3,1,0,0.098622
4737,1990-11-03,2,1,0,0.098598
4738,1990-11-10,6,3,0,0.098575
4739,1990-11-17,3,8,0,0.098551
4740,1990-11-24,8,8,1,0.098768
4741,1990-12-01,4,7,0,0.098745
4742,1990-12-08,5,2,0,0.098721
4743,1990-12-15,7,4,0,0.098697
4744,1990-12-22,4,5,0,0.098673
4745,1990-12-29,5,5,1,0.09889
4746,1991-01-05,1,4,0,0.098867
4747,1991-01-12,4,9,0,0.098843
4748,1991-01-19,7,5,0,0.098819
4749,1991-01-26,4,7,0,0.098795
4750,1991-02-02,8,5,0,0.098771
4751,1991-02-09,4,5,0,0.098748
4752,1991-02-16,3,2,0,0.098724
4753,1991-02-23,4,5,0,0.0987
4754,1991-03-02,7,6,0,0.098676
4755,1991-03-09,2,7,0,0.098653
4756,1991-03-16,6,8,0,0.098629
4757,1991-03-23,8,3,0,0.098605
4758,1991-03-30,7,4,0,0.098581
4759,1991-04-06,6,9,0,0.098558
4760,1991-04-13,5,7,0,0.098534
4761,1991-04-20,4,2,0,0.09851
4762,1991-04-27,5,3,0,0.098487
4763,1991-05-04,2,4,0,0.098463
4764,1991-05-11,4,8,0,0.098439
4765,1991-05-18,8,1,0,0.098416
4766,1991-05-25,3,5,0,0.098392
4767,1991-06-01,7,2,0,0.098369
4768,1991-06-08,6,2,0,0.098345
4769,1991-06-15,6,7,0,0.098321
4770,1991-06-22,4,8,0,0.098298
4771,1991-06-29,7,4,0,0.098274
4772,1991-07-06,3,7,0,0.098251
4773,1991-07-13,2,4,0,0.098227
4774,1991-07-20,3,3,1,0.098443
4775,1991-07-27,5,6,0,0.09842
4776,1991-08-03,3,8,0,0.098396
4777,1991-08-10,9,4,0,0.098372
4778,1991-08-17,4,7,0,0.098349
4779,1991-08-24,4,5,0,0.098325
4780,1991-08-31,5,8,0,0.098302
4781,1991-09-07,2,4,0,0.098278
4782,1991-09-14,8,8,1,0.098494
4783,1991-09-21,5,4,0,0.09847
4784,1991-09-28,4,3,0,0.098447
4785,1991-10-05,3,3,1,0.098662
4786,1991-10-12,2,5,0,0.098639
4787,1991-10-19,6,3,0,0.098615
4788,1991-10-26,2,8,0,0.098592
4789,1991-11-02,8,5,0,0.098568
4790,1991-11-09,8,4,0,0.098545
4791,1991-11-16,2,6,0,0.098521
4792,1991-11-23,6,4,0,0.098497
4793,1991-11-30,9,8,0,0.098474
4794,1991-12-07,9,8,0,0.098451
4795,1991-12-14,3,1,0,0.098427
4796,1991-12-21,8,9,0,0.098404
4797,1991-12-28,9,7,0,0.09838
4798,1992-01-04,8,4,0,0.098357
4799,1992-01-11,9,7,0,0.098333
4800,1992-01-18,2,4,0,0.09831
4801,1992-01-25,5,4,0,0.098287
4802,1992-02-01,3,4,0,0.098263
4803,1992-02-08,3,4,0,0.09824
4804,1992-02-15,8,1,0,0.098216
4805,1992-02-22,3,7,0,0.098193
4806,1992-02-29,2,2,1,0.098407
4807,1992-03-08,8,3,0,0.098384
4808,1992-03-14,4,4,1,0.098598
4809,1992-03-21,6,2,0,0.098575
4810,1992-03-28,9,3,0,0.098551
4811,1992-04-04,5,8,0,0.098528
4812,1992-04-11,8,7,0,0.098505
4813,1992-04-18,7,8,0,0.098481
4814,1992-04-25,5,9,0,0.098458
4815,1992-05-02,8,3,0,0.098435
4816,1992-05-09,1,8,0,0.098411
4817,1992-05-16,8,7,0,0.098388
4818,1992-05-23,7,1,0,0.098365
4819,1992-05-30,3,9,0,0.098341
4820,1992-06-06,7,4,0,0.098318
4821,1992-06-13,1,2,0,0.098295
4822,1992-06-20,6,7,0,0.098271
4823,1992-06-27,6,9,0,0.098248
4824,1992-07-04,9,8,0,0.098225
4825,1992-07-11,9,8,0,0.098202
4826,1992-07-18,5,1,0,0.098178
4827,1992-07-25,2,8,0,0.098155
4828,1992-08-01,5,8,0,0.098132
4829,1992-08-08,9,4,0,0.098109
4830,1992-08-15,9,5,0,0.098086
4831,1992-08-22,8,1,0,0.098062
4832,1992-08-29,8,7,0,0.098039
4833,1992-09-05,5,6,0,0.098016
4834,1992-09-12,9,3,0,0.097993
4835,1992-09-19,3,5,0,0.09797
4836,1992-09-26,7,9,0,0.097947
4837,1992-10-03,8,2,0,0.097924
4838,1992-10-10,1,8,0,0.0979
4839,1992-10-17,4,7,0,0.097877
4840,1992-10-24,3,5,0,0.097854
4841,1992-10-31,2,5,0,0.097831
4842,1992-11-07,5,3,0,0.097808
4843,1992-11-14,1,4,0,0.097785
4844,1992-11-21,9,9,1,0.097998
4845,1992-11-28,9,5,0,0.097975
4846,1992-12-05,3,1,0,0.097951
4847,1992-12-12,3,9,0,0.097928
4848,1992-12-19,8,1,0,0.097905
4849,1992-12-26,3,7,0,0.097882
4850,1993-01-02,4,2,0,0.097859
4851,1993-01-09,8,6,0,0.097836
4852,1993-01-16,9,5,0,0.097813
4853,1993-01-23,2,4,0,0.09779
4854,1993-01-30,2,4,0,0.097767
4855,1993-02-06,7,9,0,0.097744
4856,1993-02-13,5,6,0,0.097721
4857,1993-02-20,7,3,0,0.097698
4858,1993-02-27,3,5,0,0.097676
4859,1993-03-06,8,4,0,0.097653
4860,1993-03-13,8,7,0,0.09763
4861,1993-03-20,1,5,0,0.097607
4862,1993-03-27,3,7,0,0.097584
4863,1993-04-03,3,9,0,0.097561
4864,1993-04-10,2,1,0,0.097538
4865,1993-04-17,4,3,0,0.097515
4866,1993-04-24,1,1,1,0.097727
4867,1993-05-03,1,1,1,0.097938
4868,1993-05-08,5,9,0,0.097915
4869,1993-05-15,7,9,0,0.097892
4870,1993-05-22,3,5,0,0.097869
4871,1993-05-29,7,4,0,0.097846
4872,1993-06-05,2,2,1,0.098058
4873,1993-06-12,1,8,0,0.098035
4874,1993-06-19,5,8,0,0.098012
4875,1993-06-26,8,9,0,0.097989
4876,1993-07-03,3,8,0,0.097966
4877,1993-07-10,6,2,0,0.097943
4878,1993-07-17,1,1,1,0.098154
4879,1993-07-24,8,2,0,0.098131
4880,1993-07-31,8,1,0,0.098108
4881,1993-08-07,9,5,0,0.098085
4882,1993-08-14,4,4,1,0.098296
4883,1993-08-21,6,5,0,0.098273
4884,1993-08-28,7,3,0,0.09825
4885,1993-09-04,8,2,0,0.098227
4886,1993-09-11,3,1,0,0.098204
4887,1993-09-18,4,2,0,0.098181
4888,1993-09-25,9,6,0,0.098158
4889,1993-10-02,3,3,1,0.098368
4890,1993-10-09,3,9,0,0.098345
4891,1993-10-16,7,1,0,0.098322
4892,1993-10-23,5,2,0,0.0983
4893,1993-10-30,2,3,0,0.098277
4894,1993-11-06,7,8,0,0.098254
4895,1993-11-13,9,6,0,0.098231
4896,1993-11-20,2,4,0,0.098208
4897,1993-11-27,5,4,0,0.098185
4898,1993-12-04,5,4,0,0.098162
4899,1993-12-11,7,6,0,0.09814
4900,1993-12-18,1,5,0,0.098117
4901,1993-12-27,4,7,0,0.098094
4902,1994-01-03,5,5,1,0.098304
4903,1994-01-08,4,4,1,0.098513
4904,1994-01-15,3,3,1,0.098722
4905,1994-01-22,7,5,0,0.098699
4906,1994-01-29,8,2,0,0.098677
4907,1994-02-05,4,3,0,0.098654
4908,1994-02-12,2,2,1,0.098863
4909,1994-02-19,9,5,0,0.09884
4910,1994-02-26,9,3,0,0.098817
4911,1994-03-05,7,1,0,0.098794
4912,1994-03-12,9,4,0,0.098771
4913,1994-03-19,6,4,0,0.098748
4914,1994-03-26,2,3,0,0.098725
4915,1994-04-02,1,5,0,0.098703
4916,1994-04-09,6,8,0,0.09868
4917,1994-04-16,7,9,0,0.098657
4918,1994-04-23,1,2,0,0.098634
4919,1994-04-30,5,7,0,0.098611
4920,1994-05-07,7,9,0,0.098588
4921,1994-05-14,2,5,0,0.098565
4922,1994-05-21,5,8,0,0.098543
4923,1994-05-28,8,4,0,0.09852
4924,1994-06-04,3,8,0,0.098497
4925,1994-06-11,7,2,0,0.098474
4926,1994-06-18,1,2,0,0.098452
4927,1994-06-25,1,7,0,0.098429
4928,1994-07-02,8,9,0,0.098406
4929,1994-07-09,1,1,1,0.098614
4930,1994-07-16,2,7,0,0.098592
4931,1994-07-23,1,5,0,0.098569
4932,1994-07-30,1,6,0,0.098546
4933,1994-08-06,9,9,1,0.098754
4934,1994-08-13,7,5,0,0.098731
4935,1994-08-20,4,4,1,0.098939
4936,1994-08-27,5,5,1,0.099147
4937,1994-09-03,2,4,0,0.099124
4938,1994-09-10,9,8,0,0.099101
4939,1994-09-17,8,3,0,0.099078
4940,1994-09-24,2,7,0,0.099056
4941,1994-10-01,5,4,0,0.099033
4942,1994-10-08,7,4,0,0.09901
4943,1994-10-15,3,5,0,0.098987
4944,1994-10-22,2,7,0,0.098964
4945,1994-10-29,8,3,0,0.098942
4946,1994-11-05,6,4,0,0.098919
4947,1994-11-12,1,5,0,0.098896
4948,1994-11-19,2,2,1,0.099103
4949,1994-11-26,3,5,0,0.09908
4950,1994-12-03,7,6,0,0.099058
4951,1994-12-10,6,2,0,0.099035
4952,1994-12-17,8,7,0,0.099012
4953,1994-12-24,7,4,0,0.098989
4954,1994-12-31,3,9,0,0.098967
4955,1995-01-07,4,2,0,0.098944
4956,1995-01-14,2,6,0,0.098921
4957,1995-01-21,5,5,1,0.099128
4958,1995-01-28,5,4,0,0.099105
4959,1995-02-04,6,7,0,0.099083
4960,1995-02-11,4,8,0,0.09906
4961,1995-02-18,4,4,1,0.099266
4962,1995-02-25,5,8,0,0.099244
4963,1995-03-04,4,4,1,0.09945
4964,1995-03-11,2,3,0,0.099427
4965,1995-03-18,3,5,0,0.099404
4966,1995-03-25,5,6,0,0.099382
4967,1995-04-01,9,8,0,0.099359
4968,1995-04-08,4,5,0,0.099336
4969,1995-04-15,3,5,0,0.099314
4970,1995-04-22,5,5,1,0.09952
4971,1995-04-29,4,9,0,0.099497
4972,1995-05-06,5,3,0,0.099474
4973,1995-05-13,4,4,1,0.09968
4974,1995-05-20,7,3,0,0.099657
4975,1995-05-27,5,7,0,0.099634
4976,1995-06-03,4,3,0,0.099612
4977,1995-06-10,7,3,0,0.099589
4978,1995-06-17,7,7,1,0.099794
4979,1995-06-24,3,7,0,0.099772
4980,1995-07-01,8,4,0,0.099749
4981,1995-07-08,8,7,0,0.099726
4982,1995-07-15,9,5,0,0.099703
4983,1995-07-22,1,4,0,0.099681
4984,1995-07-29,4,3,0,0.099658
4985,1995-08-05,9,5,0,0.099635
4986,1995-08-12,9,3,0,0.099612
4987,1995-08-19,6,7,0,0.09959
4988,1995-08-26,7,3,0,0.099567
4989,1995-09-02,1,2,0,0.099544
4990,1995-09-09,5,7,0,0.099522
4991,1995-09-16,1,9,0,0.099499
4992,1995-09-23,4,9,0,0.099476
4993,1995-09-30,2,5,0,0.099454
4994,1995-10-07,1,5,0,0.099431
4995,1995-10-14,5,6,0,0.099409
4996,1995-10-21,9,9,1,0.099613
4997,1995-10-28,7,5,0,0.099591
4998,1995-11-04,5,4,0,0.099568
4999,1995-11-11,3,3,1,0.099773
5000,1995-11-18,6,4,0,0.09975
5001,1995-11-25,4,1,0,0.099727
5002,1995-12-02,1,4,0,0.099705
5003,1995-12-09,8,1,0,0.099682
5004,1995-12-16,3,1,0,0.099659
5005,1995-12-23,4,2,0,0.099637
5006,1995-12-30,7,6,0,0.099614
5007,1996-01-08,6,7,0,0.099592
5008,1996-01-13,4,7,0,0.099569
5009,1996-01-20,5,4,0,0.099546
5010,1996-01-27,7,4,0,0.099524
5011,1996-02-03,5,5,1,0.099728
5012,1996-02-10,5,3,0,0.099705
5013,1996-02-17,9,6,0,0.099683
5014,1996-02-24,2,5,0,0.09966
5015,1996-03-02,4,4,1,0.099864
5016,1996-03-09,1,1,1,0.100068
5017,1996-03-16,6,1,0,0.100045
5018,1996-03-23,2,9,0,0.100023
5019,1996-03-30,1,5,0,0.1
5020,1996-04-06,6,6,1,0.100204
5021,1996-04-13,8,2,0,0.100181
5022,1996-04-20,2,4,0,0.100158
5023,1996-04-27,4,4,1,0.100362
5024,1996-05-04,3,1,0,0.100339
5025,1996-05-11,6,5,0,0.100316
5026,1996-05-18,9,1,0,0.100294
5027,1996-05-25,2,9,0,0.100271
5028,1996-06-01,7,4,0,0.100248
5029,1996-06-08,8,6,0,0.100226
5030,1996-06-15,4,3,0,0.100203
5031,1996-06-22,9,2,0,0.100181
5032,1996-06-29,8,3,0,0.100158
5033,1996-07-06,7,7,1,0.100361
5034,1996-07-13,7,9,0,0.100338
5035,1996-07-20,9,7,0,0.100316
5036,1996-07-27,3,4,0,0.100293
5037,1996-08-03,1,9,0,0.10027
5038,1996-08-10,2,7,0,0.100248
5039,1996-08-17,7,5,0,0.100225
5040,1996-08-24,9,6,0,0.100203
5041,1996-08-30,6,4,0,0.10018
5042,1996-09-07,3,3,1,0.100383
5043,1996-09-14,8,8,1,0.100585
5044,1996-09-21,5,7,0,0.100562
5045,1996-09-28,8,3,0,0.10054
5046,1996-10-05,5,8,0,0.100517
5047,1996-10-12,4,3,0,0.100495
5048,1996-10-19,5,3,0,0.100472
5049,1996-10-26,6,4,0,0.100449
5050,1996-11-02,6,8,0,0.100427
5051,1996-11-09,2,8,0,0.100404
5052,1996-11-16,3,5,0,0.100382
5053,1996-11-23,2,6,0,0.100359
5054,1996-11-30,2,8,0,0.100337
5055,1996-12-07,3,7,0,0.100314
5056,1996-12-14,2,6,0,0.100292
5057,1996-12-21,2,8,0,0.100269
5058,1996-12-28,6,3,0,0.100247
5059,1997-01-04,4,8,0,0.100224
5060,1997-01-11,1,4,0,0.100202
5061,1997-01-18,2,1,0,0.100179
5062,1997-01-25,4,5,0,0.100157
5063,1997-02-01,8,1,0,0.100134
5064,1997-02-08,8,5,0,0.100112
5065,1997-02-15,2,5,0,0.10009
5066,1997-02-22,9,4,0,0.100067
5067,1997-03-01,5,3,0,0.100045
5068,1997-03-08,9,8,0,0.100022
5069,1997-03-12,8,5,0,0.1
5070,1997-03-15,5,7,0,0.099978
5071,1997-03-19,3,3,1,0.100179
5072,1997-03-22,4,4,1,0.10038
5073,1997-03-26,1,6,0,0.100358
5074,1997-03-29,8,1,0,0.100335
5075,1997-04-02,1,1,1,0.100536
5076,1997-04-05,8,7,0,0.100514
5077,1997-04-09,8,1,0,0.100491
5078,1997-04-12,7,5,0,0.100469
5079,1997-04-16,5,9,0,0.100446
5080,1997-04-19,4,3,0,0.100424
5081,1997-04-23,9,3,0,0.100402
5082,1997-04-26,8,3,0,0.100379
5083,1997-04-30,1,7,0,0.100357
5084,1997-05-03,7,7,1,0.100557
5085,1997-05-07,1,6,0,0.100535
5086,1997-05-10,3,7,0,0.100513
5087,1997-05-14,3,9,0,0.10049
5088,1997-05-17,7,1,0,0.100468
5089,1997-05-21,4,2,0,0.100445
5090,1997-05-24,4,5,0,0.100423
5091,1997-05-28,2,5,0,0.100401
5092,1997-05-31,1,5,0,0.100378
5093,1997-06-04,7,6,0,0.100356
5094,1997-06-07,4,6,0,0.100334
5095,1997-06-11,9,5,0,0.100311
5096,1997-06-14,7,8,0,0.100289
5097,1997-06-18,5,4,0,0.100267
5098,1997-06-21,6,3,0,0.100244
5099,1997-06-25,9,8,0,0.100222
5100,1997-06-28,5,9,0,0.1002
5101,1997-07-02,9,8,0,0.100178
5102,1997-07-05,4,5,0,0.100155
5103,1997-07-09,1,5,0,0.100133
5104,1997-07-12,7,1,0,0.100111
5105,1997-07-16,5,6,0,0.100089
5106,1997-07-19,9,3,0,0.100067
5107,1997-07-23,4,5,0,0.100044
5108,1997-07-26,6,5,0,0.100022
5109,1997-07-30,5,3,0,0.1
5110,1997-08-02,8,2,0,0.099978
5111,1997-08-06,4,5,0,0.099956
5112,1997-08-09,1,2,0,0.099934
5113,1997-08-13,4,1,0,0.099911
5114,1997-08-16,1,5,0,0.099889
5115,1997-08-20,9,1,0,0.099867
5116,1997-08-23,5,5,1,0.100066
5117,1997-08-27,2,8,0,0.100044
5118,1997-08-30,8,8,1,0.100243
5119,1997-09-03,4,4,1,0.100442
5120,1997-09-06,5,2,0,0.10042
5121,1997-09-10,5,4,0,0.100398
5122,1997-09-13,4,6,0,0.100376
5123,1997-09-17,4,3,0,0.100354
5124,1997-09-20,7,5,0,0.100331
5125,1997-09-24,5,7,0,0.100309
5126,1997-09-27,7,3,0,0.100287
5127,1997-10-01,8,5,0,0.100265
5128,1997-10-04,7,3,0,0.100243
5129,1997-10-08,1,5,0,0.100221
5130,1997-10-11,9,7,0,0.100199
5131,1997-10-15,2,5,0,0.100177
5132,1997-10-18,4,4,1,0.100375
5133,1997-10-22,9,1,0,0.100353
5134,1997-10-25,6,8,0,0.100331
5135,1997-10-29,9,3,0,0.100309
5136,1997-11-03,2,9,0,0.100287
5137,1997-11-05,6,4,0,0.100264
5138,1997-11-08,3,8,0,0.100242
5139,1997-11-12,9,8,0,0.10022
5140,1997-11-15,7,7,1,0.100418
5141,1997-11-19,5,4,0,0.100396
5142,1997-11-22,8,3,0,0.100374
5143,1997-11-26,3,5,0,0.100352
5144,1997-11-29,7,2,0,0.10033
5145,1997-12-03,6,2,0,0.100308
5146,1997-12-06,6,7,0,0.100286
5147,1997-12-10,8,8,1,0.100484
5148,1997-12-13,5,4,0,0.100462
5149,1997-12-17,7,3,0,0.10044
5150,1997-12-20,4,5,0,0.100417
5151,1997-12-24,1,5,0,0.100395
5152,1997-12-27,6,1,0,0.100373
5153,1997-12-31,7,2,0,0.100351
5154,1998-01-03,9,2,0,0.100329
5155,1998-01-07,3,4,0,0.100307
5156,1998-01-10,6,9,0,0.100285
5157,1998-01-14,8,1,0,0.100263
5158,1998-01-17,4,5,0,0.100241
5159,1998-01-21,7,2,0,0.100219
5160,1998-01-24,7,7,1,0.100417
5161,1998-01-27,4,7,0,0.100395
5162,1998-01-31,2,5,0,0.100373
5163,1998-02-04,2,5,0,0.100351
5164,1998-02-07,9,3,0,0.100329
5165,1998-02-11,1,5,0,0.100307
5166,1998-02-14,8,3,0,0.100285
5167,1998-02-18,6,1,0,0.100263
5168,1998-02-21,2,5,0,0.100241
5169,1998-02-25,4,5,0,0.100219
5170,1998-02-28,6,1,0,0.100197
5171,1998-03-04,6,3,0,0.100175
5172,1998-03-07,9,8,0,0.100153
5173,1998-03-11,4,9,0,0.100131
5174,1998-03-14,9,5,0,0.100109
5175,1998-03-18,5,8,0,0.100087
5176,1998-03-21,2,8,0,0.100066
5177,1998-03-25,4,8,0,0.100044
5178,1998-03-28,5,1,0,0.100022
5179,1998-04-01,9,4,0,0.1
5180,1998-04-04,3,5,0,0.099978
5181,1998-04-08,6,9,0,0.099956
5182,1998-04-11,9,1,0,0.099935
5183,1998-04-15,5,9,0,0.099913
5184,1998-04-18,2,8,0,0.099891
5185,1998-04-22,8,8,1,0.100087
5186,1998-04-27,3,4,0,0.100065
5187,1998-04-29,6,2,0,0.100044
5188,1998-05-02,4,1,0,0.100022
5189,1998-05-06,4,4,1,0.100218
5190,1998-05-09,5,5,1,0.100414
5191,1998-05-13,8,4,0,0.100392
5192,1998-05-16,7,5,0,0.10037
5193,1998-05-20,7,5,0,0.100348
5194,1998-05-23,6,7,0,0.100326
5195,1998-05-27,1,7,0,0.100305
5196,1998-05-30,3,2,0,0.100283
5197,1998-06-03,8,9,0,0.100261
5198,1998-06-06,7,7,1,0.100457
5199,1998-06-10,9,7,0,0.100435
5200,1998-06-13,3,4,0,0.100413
5201,1998-06-17,4,9,0,0.100391
5202,1998-06-20,5,6,0,0.100369
5203,1998-06-24,9,4,0,0.100348
5204,1998-06-27,6,5,0,0.100326
5205,1998-07-01,4,3,0,0.100304
5206,1998-07-04,3,4,0,0.100282
5207,1998-07-08,3,5,0,0.10026
5208,1998-07-11,9,1,0,0.100239
5209,1998-07-15,1,7,0,0.100217
5210,1998-07-18,4,3,0,0.100195
5211,1998-07-22,5,5,1,0.10039
5212,1998-07-25,3,4,0,0.100369
5213,1998-07-29,2,4,0,0.100347
5214,1998-08-01,8,8,1,0.100542
5215,1998-08-05,6,4,0,0.10052
5216,1998-08-08,9,2,0,0.100498
5217,1998-08-12,5,9,0,0.100476
5218,1998-08-17,2,8,0,0.100455
5219,1998-08-19,2,8,0,0.100433
5220,1998-08-22,1,9,0,0.100411
5221,1998-08-26,1,6,0,0.100389
5222,1998-08-29,1,9,0,0.100368
5223,1998-09-02,9,9,1,0.100562
5224,1998-09-05,2,5,0,0.100541
5225,1998-09-09,5,4,0,0.100519
5226,1998-09-12,5,4,0,0.100497
5227,1998-09-16,4,6,0,0.100475
5228,1998-09-19,6,3,0,0.100454
5229,1998-09-23,7,3,0,0.100432
5230,1998-09-26,3,2,0,0.10041
5231,1998-09-30,2,4,0,0.100389
5232,1998-10-03,1,8,0,0.100367
5233,1998-10-07,4,6,0,0.100345
5234,1998-10-10,8,5,0,0.100324
5235,1998-10-14,4,5,0,0.100302
5236,1998-10-17,1,2,0,0.10028
5237,1998-10-21,1,6,0,0.100259
5238,1998-10-24,2,9,0,0.100237
5239,1998-10-28,2,5,0,0.100216
5240,1998-10-31,1,9,0,0.100194
5241,1998-11-04,1,6,0,0.100172
5242,1998-11-07,8,9,0,0.100151
5243,1998-11-11,5,1,0,0.100129
5244,1998-11-14,1,3,0,0.100108
5245,1998-11-18,3,9,0,0.100086
5246,1998-11-21,5,9,0,0.100065
5247,1998-11-25,1,9,0,0.100043
5248,1998-11-28,6,9,0,0.100022
5249,1998-12-02,5,2,0,0.1
5250,1998-12-05,7,2,0,0.099978
5251,1998-12-09,4,5,0,0.099957
5252,1998-12-12,7,5,0,0.099936
5253,1998-12-16,2,7,0,0.099914
5254,1998-12-19,8,8,1,0.100107
5255,1998-12-23,5,4,0,0.100086
5256,1998-12-28,9,3,0,0.100064
5257,1998-12-30,6,5,0,0.100043
5258,1999-01-02,7,3,0,0.100021
5259,1999-01-07,5,3,0,0.1
5260,1999-01-09,3,3,1,0.100193
5261,1999-01-13,8,4,0,0.100172
5262,1999-01-16,2,7,0,0.10015
5263,1999-01-20,6,4,0,0.100129
5264,1999-01-23,9,3,0,0.100107
5265,1999-01-27,9,9,1,0.1003
5266,1999-01-30,2,7,0,0.100279
5267,1999-02-03,8,4,0,0.100257
5268,1999-02-06,1,4,0,0.100236
5269,1999-02-10,8,7,0,0.100214
5270,1999-02-13,6,1,0,0.100193
5271,1999-02-17,5,2,0,0.100171
5272,1999-02-20,5,2,0,0.10015
5273,1999-02-24,4,6,0,0.100128
5274,1999-02-27,4,3,0,0.100107
5275,1999-03-03,9,5,0,0.100086
5276,1999-03-06,1,8,0,0.100064
5277,1999-03-10,4,3,0,0.100043
5278,1999-03-13,2,5,0,0.100021
5279,1999-03-17,7,5,0,0.1
5280,1999-03-20,3,6,0,0.099979
5281,1999-03-24,3,2,0,0.099957
5282,1999-03-27,4,1,0,0.099936
5283,1999-03-31,4,6,0,0.099915
5284,1999-04-03,2,5,0,0.099893
5285,1999-04-07,5,5,1,0.100085
5286,1999-04-10,8,4,0,0.100064
5287,1999-04-14,5,5,1,0.100256
5288,1999-04-17,3,3,1,0.100448
5289,1999-04-21,4,4,1,0.10064
5290,1999-04-24,3,6,0,0.100618
5291,1999-04-28,6,5,0,0.100597
5292,1999-05-03,6,1,0,0.100575
5293,1999-05-05,7,8,0,0.100554
5294,1999-05-08,5,3,0,0.100532
5295,1999-05-12,4,3,0,0.100511
5296,1999-05-15,8,3,0,0.10049
5297,1999-05-19,1,5,0,0.100468
5298,1999-05-22,5,7,0,0.100447
5299,1999-05-26,6,9,0,0.100426
5300,1999-05-29,1,9,0,0.100404
5301,1999-06-02,5,2,0,0.100383
5302,1999-06-05,8,9,0,0.100361
5303,1999-06-09,5,5,1,0.100553
5304,1999-06-12,7,3,0,0.100531
5305,1999-06-16,2,5,0,0.10051
5306,1999-06-19,1,8,0,0.100489
5307,1999-06-23,5,6,0,0.100467
5308,1999-06-26,3,9,0,0.100446
5309,1999-06-30,3,4,0,0.100425
5310,1999-07-03,8,1,0,0.100403
5311,1999-07-07,9,7,0,0.100382
5312,1999-07-10,9,4,0,0.100361
5313,1999-07-14,5,7,0,0.100339
5314,1999-07-17,7,8,0,0.100318
5315,1999-07-21,6,5,0,0.100297
5316,1999-07-24,1,7,0,0.100276
5317,1999-07-28,3,2,0,0.100254
5318,1999-07-31,2,9,0,0.100233
5319,1999-08-04,1,8,0,0.100212
5320,1999-08-07,5,6,0,0.100191
5321,1999-08-11,8,9,0,0.100169
5322,1999-08-14,8,5,0,0.100148
5323,1999-08-18,5,5,1,0.100339
5324,1999-08-21,5,3,0,0.100317
5325,1999-08-25,7,6,0,0.100296
5326,1999-08-28,6,5,0,0.100275
5327,1999-09-01,5,7,0,0.100254
5328,1999-09-04,5,2,0,0.100233
5329,1999-09-08,8,7,0,0.100211
5330,1999-09-11,5,5,1,0.100402
5331,1999-09-15,4,3,0,0.10038
5332,1999-09-18,9,3,0,0.100359
5333,1999-09-22,4,8,0,0.100338
5334,1999-09-25,4,5,0,0.100317
5335,1999-09-29,3,5,0,0.100296
5336,1999-10-02,4,5,0,0.100274
5337,1999-10-06,9,6,0,0.100253
5338,1999-10-09,2,8,0,0.100232
5339,1999-10-13,7,4,0,0.100211
5340,1999-10-16,1,6,0,0.10019
5341,1999-10-20,8,7,0,0.100169
5342,1999-10-23,7,1,0,0.100148
5343,1999-10-27,8,9,0,0.100126
5344,1999-10-30,5,3,0,0.100105
5345,1999-11-03,5,3,0,0.100084
5346,1999-11-06,2,7,0,0.100063
5347,1999-11-10,7,8,0,0.100042
5348,1999-11-13,7,6,0,0.100021
5349,1999-11-17,6,7,0,0.1
5350,1999-11-20,5,7,0,0.099979
5351,1999-11-24,4,2,0,0.099958
5352,1999-11-27,7,3,0,0.099937
5353,1999-12-01,8,7,0,0.099916
5354,1999-12-04,4,3,0,0.099895
5355,1999-12-09,4,2,0,0.099874
5356,1999-12-11,2,5,0,0.099853
5357,1999-12-15,8,5,0,0.099832
5358,1999-12-18,8,4,0,0.099811
5359,1999-12-22,2,5,0,0.09979
5360,1999-12-27,2,4,0,0.099769
5361,1999-12-29,2,1,0,0.099748
5362,2000-01-03,9,1,0,0.099727
5363,2000-01-05,1,5,0,0.099706
5364,2000-01-08,1,3,0,0.099685
5365,2000-01-12,6,9,0,0.099664
5366,2000-01-15,3,2,0,0.099643
5367,2000-01-19,3,8,0,0.099622
5368,2000-01-22,5,1,0,0.099602
5369,2000-01-26,2,9,0,0.099581
5370,2000-01-29,4,8,0,0.09956
5371,2000-02-02,5,1,0,0.099539
5372,2000-02-05,4,4,1,0.099728
5373,2000-02-09,1,3,0,0.099707
5374,2000-02-12,1,1,1,0.099895
5375,2000-02-16,3,9,0,0.099874
5376,2000-02-19,6,9,0,0.099853
5377,2000-02-23,5,1,0,0.099833
5378,2000-02-26,7,2,0,0.099812
5379,2000-03-01,5,6,0,0.099791
5380,2000-03-04,2,3,0,0.09977
5381,2000-03-08,5,8,0,0.099749
5382,2000-03-11,6,4,0,0.099728
5383,2000-03-15,7,9,0,0.099707
5384,2000-03-18,9,3,0,0.099687
5385,2000-03-22,6,4,0,0.099666
5386,2000-03-25,2,3,0,0.099645
5387,2000-03-29,9,5,0,0.099624
5388,2000-04-01,4,5,0,0.099603
5389,2000-04-05,7,5,0,0.099582
5390,2000-04-08,1,7,0,0.099562
5391,2000-04-12,5,7,0,0.099541
5392,2000-04-15,7,9,0,0.09952
5393,2000-04-19,2,5,0,0.099499
5394,2000-04-22,1,8,0,0.099479
5395,2000-04-26,8,6,0,0.099458
5396,2000-04-29,1,1,1,0.099646
5397,2000-05-03,9,7,0,0.099625
5398,2000-05-06,4,5,0,0.099604
5399,2000-05-10,9,5,0,0.099583
5400,2000-05-13,6,8,0,0.099563
5401,2000-05-17,9,3,0,0.099542
5402,2000-05-20,2,9,0,0.099521
5403,2000-05-24,5,4,0,0.0995
5404,2000-05-27,5,4,0,0.09948
5405,2000-05-31,9,7,0,0.099459
5406,2000-06-03,7,5,0,0.099438
5407,2000-06-07,5,4,0,0.099418
5408,2000-06-10,9,3,0,0.099397
5409,2000-06-14,5,5,1,0.099584
5410,2000-06-17,3,7,0,0.099564
5411,2000-06-21,1,4,0,0.099543
5412,2000-06-24,7,7,1,0.09973
5413,2000-06-28,6,6,1,0.099917
5414,2000-07-01,9,7,0,0.099896
5415,2000-07-05,3,9,0,0.099875
5416,2000-07-08,3,9,0,0.099855
5417,2000-07-12,2,1,0,0.099834
5418,2000-07-15,2,8,0,0.099813
5419,2000-07-19,1,9,0,0.099793
5420,2000-07-22,9,6,0,0.099772
5421,2000-07-26,3,5,0,0.099751
5422,2000-07-29,6,3,0,0.09973
5423,2000-08-02,2,1,0,0.09971
5424,2000-08-05,6,5,0,0.099689
5425,2000-08-09,7,3,0,0.099668
5426,2000-08-12,1,3,0,0.099648
5427,2000-08-16,1,7,0,0.099627
5428,2000-08-19,9,9,1,0.099814
5429,2000-08-23,4,5,0,0.099793
5430,2000-08-26,5,5,1,0.099979
5431,2000-08-30,1,4,0,0.099959
5432,2000-09-02,2,9,0,0.099938
5433,2000-09-06,8,5,0,0.099917
5434,2000-09-09,4,4,1,0.100103
5435,2000-09-13,7,2,0,0.100083
5436,2000-09-16,2,7,0,0.100062
5437,2000-09-20,9,8,0,0.100041
5438,2000-09-23,2,5,0,0.100021
5439,2000-09-27,5,4,0,0.1
5440,2000-09-30,4,4,1,0.100186
5441,2000-10-04,8,3,0,0.100165
5442,2000-10-07,5,5,1,0.100351
5443,2000-10-11,3,3,1,0.100537
5444,2000-10-14,7,4,0,0.100516
5445,2000-10-18,4,2,0,0.100495
5446,2000-10-21,8,5,0,0.100475
5447,2000-10-25,5,5,1,0.10066
5448,2000-10-28,5,3,0,0.100639
5449,2000-11-02,8,7,0,0.100619
5450,2000-11-04,5,5,1,0.100804
5451,2000-11-08,4,3,0,0.100783
5452,2000-11-11,8,3,0,0.100762
5453,2000-11-15,1,5,0,0.100742
5454,2000-11-18,4,7,0,0.100721
5455,2000-11-22,2,5,0,0.1007
5456,2000-11-25,7,5,0,0.100679
5457,2000-11-29,7,6,0,0.100659
5458,2000-12-02,9,6,0,0.100638
5459,2000-12-06,4,6,0,0.100617
5460,2000-12-09,8,5,0,0.100597
5461,2000-12-13,4,5,0,0.100576
5462,2000-12-16,1,2,0,0.100555
5463,2000-12-20,5,1,0,0.100535
5464,2000-12-23,5,9,0,0.100514
5465,2000-12-27,7,7,1,0.100699
5466,2000-12-30,2,5,0,0.100678
5467,2001-01-03,7,8,0,0.100657
5468,2001-01-08,2,6,0,0.100637
5469,2001-01-10,7,8,0,0.100616
5470,2001-01-13,2,6,0,0.100595
5471,2001-01-17,5,8,0,0.100575
5472,2001-01-20,1,4,0,0.100554
5473,2001-01-24,4,9,0,0.100533
5474,2001-01-27,2,5,0,0.100513
5475,2001-01-31,8,5,0,0.100492
5476,2001-02-03,8,4,0,0.100472
5477,2001-02-07,2,5,0,0.100451
5478,2001-02-10,8,4,0,0.10043
5479,2001-02-14,6,4,0,0.10041
5480,2001-02-17,5,5,1,0.100594
5481,2001-02-21,4,7,0,0.100574
5482,2001-02-24,3,3,1,0.100758
5483,2001-02-28,4,5,0,0.100737
5484,2001-03-03,4,6,0,0.100716
5485,2001-03-07,5,5,1,0.100901
5486,2001-03-10,3,4,0,0.10088
5487,2001-03-14,8,4,0,0.100859
5488,2001-03-17,3,7,0,0.100839
5489,2001-03-21,4,2,0,0.100818
5490,2001-03-24,8,6,0,0.100797
5491,2001-03-28,9,5,0,0.100777
5492,2001-03-31,4,4,1,0.100961
5493,2001-04-04,9,5,0,0.10094
5494,2001-04-07,3,8,0,0.100919
5495,2001-04-11,6,3,0,0.100899
5496,2001-04-14,5,1,0,0.100878
5497,2001-04-18,4,7,0,0.100857
5498,2001-04-21,2,3,0,0.100837
5499,2001-04-26,9,5,0,0.100816
5500,2001-04-28,9,5,0,0.100796
5501,2001-05-02,7,7,1,0.100979
5502,2001-05-05,5,4,0,0.100959
5503,2001-05-09,8,3,0,0.100938
5504,2001-05-12,2,5,0,0.100917
5505,2001-05-16,2,4,0,0.100897
5506,2001-05-19,1,1,1,0.10108
5507,2001-05-23,1,6,0,0.101059
5508,2001-05-26,6,9,0,0.101039
5509,2001-05-30,3,2,0,0.101018
5510,2001-06-04,3,8,0,0.100998
5511,2001-06-06,2,1,0,0.100977
5512,2001-06-09,6,8,0,0.100957
5513,2001-06-13,5,3,0,0.100936
5514,2001-06-16,1,7,0,0.100916
5515,2001-06-20,4,9,0,0.100895
5516,2001-06-23,5,5,1,0.101078
5517,2001-06-27,7,4,0,0.101057
5518,2001-06-30,8,5,0,0.101037
5519,2001-07-04,8,3,0,0.101016
5520,2001-07-07,5,2,0,0.100996
5521,2001-07-11,1,3,0,0.100975
5522,2001-07-14,4,9,0,0.100955
5523,2001-07-18,9,5,0,0.100934
5524,2001-07-21,9,3,0,0.100914
5525,2001-07-25,2,7,0,0.100893
5526,2001-07-28,7,5,0,0.100873
5527,2001-08-01,7,6,0,0.100852
5528,2001-08-04,9,6,0,0.100832
5529,2001-08-08,5,4,0,0.100811
5530,2001-08-11,4,7,0,0.100791
5531,2001-08-16,5,3,0,0.10077
5532,2001-08-18,9,4,0,0.10075
5533,2001-08-22,6,5,0,0.10073
5534,2001-08-25,6,3,0,0.100709
5535,2001-08-29,4,8,0,0.100689
5536,2001-09-01,8,4,0,0.100668
5537,2001-09-05,8,5,0,0.100648
5538,2001-09-08,4,5,0,0.100628
5539,2001-09-12,2,2,1,0.10081
5540,2001-09-15,9,5,0,0.100789
5541,2001-09-19,9,5,0,0.100769
5542,2001-09-22,4,7,0,0.100749
5543,2001-09-26,6,5,0,0.100728
5544,2001-09-29,9,3,0,0.100708
5545,2001-10-03,9,9,1,0.10089
5546,2001-10-06,8,7,0,0.100869
5547,2001-10-10,6,7,0,0.100849
5548,2001-10-13,6,5,0,0.100828
5549,2001-10-17,8,8,1,0.10101
5550,2001-10-20,8,4,0,0.10099
5551,2001-10-24,6,5,0,0.100969
5552,2001-10-27,8,5,0,0.100949
5553,2001-10-31,7,4,0,0.100929
5554,2001-11-03,9,9,1,0.10111
5555,2001-11-07,6,4,0,0.10109
5556,2001-11-10,2,3,0,0.101069
5557,2001-11-14,6,6,1,0.101251
5558,2001-11-17,3,3,1,0.101432
5559,2001-11-21,4,8,0,0.101411
5560,2001-11-24,7,6,0,0.101391
5561,2001-11-28,1,7,0,0.10137
5562,2001-12-01,6,7,0,0.10135
5563,2001-12-05,1,3,0,0.10133
5564,2001-12-10,1,2,0,0.101309
5565,2001-12-12,3,9,0,0.101289
5566,2001-12-15,4,9,0,0.101268
5567,2001-12-19,4,6,0,0.101248
5568,2001-12-22,4,5,0,0.101228
5569,2001-12-27,3,5,0,0.101207
5570,2001-12-29,8,5,0,0.101187
5571,2001-12-31,2,7,0,0.101167
5572,2002-01-02,8,4,0,0.101146
5573,2002-01-05,6,4,0,0.101126
5574,2002-01-09,7,5,0,0.101106
5575,2002-01-12,3,3,1,0.101286
5576,2002-01-16,9,2,0,0.101266
5577,2002-01-19,5,7,0,0.101245
5578,2002-01-23,8,7,0,0.101225
5579,2002-01-26,7,5,0,0.101205
5580,2002-01-30,2,9,0,0.101185
5581,2002-02-02,6,8,0,0.101164
5582,2002-02-06,5,3,0,0.101144
5583,2002-02-09,3,7,0,0.101124
5584,2002-02-13,7,4,0,0.101103
5585,2002-02-16,4,2,0,0.101083
5586,2002-02-20,6,5,0,0.101063
5587,2002-02-23,4,3,0,0.101043
5588,2002-02-27,6,4,0,0.101022
5589,2002-03-02,7,3,0,0.101002
5590,2002-03-06,4,3,0,0.100982
5591,2002-03-09,2,5,0,0.100962
5592,2002-03-13,1,5,0,0.100941
5593,2002-03-16,2,6,0,0.100921
5594,2002-03-20,6,5,0,0.100901
5595,2002-03-23,8,3,0,0.100881
5596,2002-03-27,9,4,0,0.100861
5597,2002-03-30,4,4,1,0.10104
5598,2002-04-03,3,5,0,0.10102
5599,2002-04-06,6,5,0,0.101
5600,2002-04-10,9,1,0,0.10098
5601,2002-04-13,5,9,0,0.10096
5602,2002-04-17,3,8,0,0.100939
5603,2002-04-20,3,4,0,0.100919
5604,2002-04-24,2,1,0,0.100899
5605,2002-04-27,8,8,1,0.101079
5606,2002-05-02,1,4,0,0.101059
5607,2002-05-04,8,7,0,0.101038
5608,2002-05-08,3,1,0,0.101018
5609,2002-05-11,5,2,0,0.100998
5610,2002-05-15,9,2,0,0.100978
5611,2002-05-18,1,5,0,0.100958
5612,2002-05-22,6,3,0,0.100938
5613,2002-05-25,5,3,0,0.100917
5614,2002-05-29,8,7,0,0.100897
5615,2002-06-01,1,5,0,0.100877
5616,2002-06-05,7,7,1,0.101056
5617,2002-06-08,7,6,0,0.101036
5618,2002-06-12,1,6,0,0.101016
5619,2002-06-15,9,7,0,0.100996
5620,2002-06-19,8,5,0,0.100976
5621,2002-06-22,6,7,0,0.100956
5622,2002-06-26,2,5,0,0.100936
5623,2002-06-29,7,6,0,0.100916
5624,2002-07-03,5,6,0,0.100896
5625,2002-07-06,6,3,0,0.100875
5626,2002-07-10,3,9,0,0.100855
5627,2002-07-13,9,8,0,0.100835
5628,2002-07-17,2,7,0,0.100815
5629,2002-07-20,7,7,1,0.100994
5630,2002-07-24,9,6,0,0.100974
5631,2002-07-27,4,6,0,0.100954
5632,2002-07-31,4,5,0,0.100934
5633,2002-08-03,4,5,0,0.100914
5634,2002-08-07,9,5,0,0.100894
5635,2002-08-10,3,3,1,0.101072
5636,2002-08-14,1,3,0,0.101052
5637,2002-08-17,1,7,0,0.101032
5638,2002-08-21,5,9,0,0.101012
5639,2002-08-24,7,9,0,0.100992
5640,2002-08-28,2,5,0,0.100972
5641,2002-08-31,7,8,0,0.100952
5642,2002-09-04,4,9,0,0.100932
5643,2002-09-07,3,5,0,0.100912
5644,2002-09-11,2,5,0,0.100892
5645,2002-09-14,5,8,0,0.100872
5646,2002-09-18,1,4,0,0.100852
5647,2002-09-21,5,9,0,0.100832
5648,2002-09-25,5,9,0,0.100812
5649,2002-09-28,1,7,0,0.100792
5650,2002-10-02,4,9,0,0.100772
5651,2002-10-05,3,5,0,0.100752
5652,2002-10-09,3,5,0,0.100732
5653,2002-10-12,9,1,0,0.100712
5654,2002-10-16,9,7,0,0.100692
5655,2002-10-19,3,7,0,0.100672
5656,2002-10-23,3,3,1,0.10085
5657,2002-10-26,8,1,0,0.10083
5658,2002-10-30,4,7,0,0.10081
5659,2002-11-02,3,2,0,0.100791
5660,2002-11-06,9,5,0,0.100771
5661,2002-11-09,9,7,0,0.100751
5662,2002-11-13,7,7,1,0.100928
5663,2002-11-16,5,5,1,0.101106
5664,2002-11-20,2,3,0,0.101086
5665,2002-11-23,8,8,1,0.101263
5666,2002-11-27,1,4,0,0.101243
5667,2002-11-30,4,7,0,0.101223
5668,2002-12-03,1,5,0,0.101203
5669,2002-12-05,3,1,0,0.101183
5670,2002-12-07,1,9,0,0.101163
5671,2002-12-10,3,7,0,0.101144
5672,2002-12-12,4,9,0,0.101124
5673,2002-12-14,1,6,0,0.101104
5674,2002-12-17,2,1,0,0.101084
5675,2002-12-19,9,5,0,0.101064
5676,2002-12-21,5,9,0,0.101044
5677,2002-12-24,7,8,0,0.101024
5678,2002-12-27,8,2,0,0.101004
5679,2002-12-28,6,8,0,0.100984
5680,2002-12-31,5,5,1,0.101161
5681,2003-01-02,5,7,0,0.101141
5682,2003-01-04,3,7,0,0.101121
5683,2003-01-08,7,4,0,0.101101
5684,2003-01-11,3,2,0,0.101082
5685,2003-01-15,6,2,0,0.101062
5686,2003-01-18,9,1,0,0.101042
5687,2003-01-22,2,9,0,0.101022
5688,2003-01-25,1,7,0,0.101002
5689,2003-01-29,3,6,0,0.100982
5690,2003-02-01,4,9,0,0.100962
5691,2003-02-05,9,6,0,0.100943
5692,2003-02-08,4,3,0,0.100923
5693,2003-02-12,8,5,0,0.100903
5694,2003-02-15,8,5,0,0.100883
5695,2003-02-19,5,5,1,0.10106
5696,2003-02-22,8,3,0,0.10104
5697,2003-02-26,2,5,0,0.10102
5698,2003-03-01,1,4,0,0.101
5699,2003-03-05,6,6,1,0.101176
5700,2003-03-08,6,3,0,0.101157
5701,2003-03-12,1,8,0,0.101137
5702,2003-03-15,8,2,0,0.101117
5703,2003-03-19,5,1,0,0.101097
5704,2003-03-22,7,3,0,0.101077
5705,2003-03-26,5,2,0,0.101058
5706,2003-03-29,9,3,0,0.101038
5707,2003-04-02,3,5,0,0.101018
5708,2003-04-05,6,3,0,0.100998
5709,2003-04-09,7,1,0,0.100978
5710,2003-04-12,8,3,0,0.100959
5711,2003-04-16,8,8,1,0.101135
5712,2003-04-19,3,5,0,0.101115
5713,2003-04-23,3,2,0,0.101095
5714,2003-04-26,9,8,0,0.101075
5715,2003-04-30,2,7,0,0.101056
5716,2003-05-03,6,7,0,0.101036
5717,2003-05-07,6,3,0,0.101016
5718,2003-05-10,9,8,0,0.100996
5719,2003-05-14,4,9,0,0.100977
5720,2003-05-17,1,5,0,0.100957
5721,2003-05-21,1,1,1,0.101132
5722,2003-05-24,9,9,1,0.101308
5723,2003-05-28,4,5,0,0.101288
5724,2003-05-31,3,5,0,0.101268
5725,2003-06-04,6,5,0,0.101249
5726,2003-06-07,2,1,0,0.101229
5727,2003-06-11,7,6,0,0.101209
5728,2003-06-14,6,9,0,0.101189
5729,2003-06-18,9,7,0,0.10117
5730,2003-06-21,6,9,0,0.10115
5731,2003-06-25,4,3,0,0.10113
5732,2003-06-28,3,4,0,0.10111
5733,2003-07-02,3,5,0,0.101091
5734,2003-07-05,7,8,0,0.101071
5735,2003-07-09,3,2,0,0.101051
5736,2003-07-12,5,2,0,0.101032
5737,2003-07-16,4,9,0,0.101012
5738,2003-07-19,7,3,0,0.100992
5739,2003-07-23,7,7,1,0.101167
5740,2003-07-26,9,6,0,0.101148
5741,2003-07-30,3,4,0,0.101128
5742,2003-08-02,4,3,0,0.101108
5743,2003-08-06,2,6,0,0.101089
5744,2003-08-09,8,5,0,0.101069
5745,2003-08-13,8,4,0,0.101049
5746,2003-08-16,6,5,0,0.10103
5747,2003-08-20,7,5,0,0.10101
5748,2003-08-23,4,3,0,0.10099
5749,2003-08-27,3,5,0,0.100971
5750,2003-08-30,1,5,0,0.100951
5751,2003-09-03,8,7,0,0.100932
5752,2003-09-06,3,1,0,0.100912
5753,2003-09-10,8,2,0,0.100893
5754,2003-09-13,7,7,1,0.101067
5755,2003-09-17,6,9,0,0.101047
5756,2003-09-20,1,7,0,0.101028
5757,2003-09-24,5,2,0,0.101008
5758,2003-09-27,4,9,0,0.100989
5759,2003-10-01,2,3,0,0.100969
5760,2003-10-04,9,8,0,0.100949
5761,2003-10-08,4,5,0,0.10093
5762,2003-10-11,7,5,0,0.10091
5763,2003-10-15,3,7,0,0.100891
5764,2003-10-18,5,2,0,0.100871
5765,2003-10-22,8,9,0,0.100852
5766,2003-10-25,2,5,0,0.100832
5767,2003-10-29,9,4,0,0.100813
5768,2003-11-03,8,5,0,0.100793
5769,2003-11-05,5,7,0,0.100774
5770,2003-11-08,7,3,0,0.100754
5771,2003-11-12,2,5,0,0.100735
5772,2003-11-15,9,8,0,0.100715
5773,2003-11-19,5,5,1,0.100889
5774,2003-11-22,4,7,0,0.10087
5775,2003-11-26,2,3,0,0.10085
5776,2003-11-29,4,8,0,0.100831
5777,2003-12-03,6,1,0,0.100811
5778,2003-12-06,1,3,0,0.100792
5779,2003-12-10,1,2,0,0.100772
5780,2003-12-13,5,9,0,0.100753
5781,2003-12-17,1,9,0,0.100733
5782,2003-12-20,6,9,0,0.100714
5783,2003-12-24,4,3,0,0.100694
5784,2003-12-27,1,4,0,0.100675
5785,2003-12-31,7,1,0,0.100656
5786,2004-01-03,1,6,0,0.100636
5787,2004-01-07,3,7,0,0.100617
5788,2004-01-10,3,9,0,0.100597
5789,2004-01-14,3,8,0,0.100578
5790,2004-01-17,8,8,1,0.100751
5791,2004-01-21,8,7,0,0.100732
5792,2004-01-24,9,5,0,0.100712
5793,2004-01-28,5,4,0,0.100693
5794,2004-01-31,1,7,0,0.100674
5795,2004-02-04,8,9,0,0.100654
5796,2004-02-07,6,1,0,0.100635
5797,2004-02-11,4,5,0,0.100616
5798,2004-02-14,6,4,0,0.100596
5799,2004-02-18,2,3,0,0.100577
5800,2004-02-21,2,6,0,0.100558
5801,2004-02-25,8,1,0,0.100538
5802,2004-02-28,6,4,0,0.100519
5803,2004-03-03,2,5,0,0.1005
5804,2004-03-06,3,6,0,0.10048
5805,2004-03-10,8,6,0,0.100461
5806,2004-03-13,4,7,0,0.100442
5807,2004-03-17,4,2,0,0.100422
5808,2004-03-20,9,5,0,0.100403
5809,2004-03-24,9,3,0,0.100384
5810,2004-03-27,2,7,0,0.100365
5811,2004-03-31,6,7,0,0.100345
5812,2004-04-03,6,3,0,0.100326
5813,2004-04-07,2,8,0,0.100307
5814,2004-04-10,5,6,0,0.100288
5815,2004-04-14,3,4,0,0.100268
5816,2004-04-17,1,4,0,0.100249
5817,2004-04-21,3,7,0,0.10023
5818,2004-04-24,6,3,0,0.100211
5819,2004-04-28,2,1,0,0.100192
5820,2004-05-03,9,6,0,0.100172
5821,2004-05-05,2,5,0,0.100153
5822,2004-05-08,4,7,0,0.100134
5823,2004-05-12,3,1,0,0.100115
5824,2004-05-15,2,5,0,0.100096
5825,2004-05-19,7,8,0,0.100077
5826,2004-05-22,4,6,0,0.100057
5827,2004-05-26,3,5,0,0.100038
5828,2004-05-29,6,5,0,0.100019
5829,2004-06-03,2,1,0,0.1
5830,2004-06-05,4,6,0,0.099981
5831,2004-06-09,4,1,0,0.099962
5832,2004-06-12,7,5,0,0.099943
5833,2004-06-16,1,7,0,0.099924
5834,2004-06-19,5,7,0,0.099904
5835,2004-06-23,9,9,1,0.100076
5836,2004-06-26,4,5,0,0.100057
5837,2004-06-30,4,5,0,0.100038
5838,2004-07-03,7,5,0,0.100019
5839,2004-07-07,8,7,0,0.1
5840,2004-07-10,3,8,0,0.099981
5841,2004-07-14,4,2,0,0.099962
5842,2004-07-17,4,6,0,0.099943
5843,2004-07-21,3,5,0,0.099924
5844,2004-07-24,2,6,0,0.099905
5845,2004-07-28,6,8,0,0.099886
5846,2004-07-31,6,3,0,0.099867
5847,2004-08-04,2,8,0,0.099848
5848,2004-08-07,2,6,0,0.099829
5849,2004-08-11,6,1,0,0.09981
5850,2004-08-14,2,3,0,0.099791
5851,2004-08-18,5,6,0,0.099772
5852,2004-08-21,1,4,0,0.099753
5853,2004-08-25,6,9,0,0.099734
5854,2004-08-28,6,3,0,0.099715
5855,2004-09-01,7,8,0,0.099696
5856,2004-09-04,4,3,0,0.099677
5857,2004-09-08,4,5,0,0.099658
5858,2004-09-11,2,5,0,0.099639
5859,2004-09-15,8,8,1,0.09981
5860,2004-09-18,3,4,0,0.099791
5861,2004-09-22,2,2,1,0.099962
5862,2004-09-25,7,8,0,0.099943
5863,2004-09-29,2,6,0,0.099924
5864,2004-10-02,2,8,0,0.099905
5865,2004-10-06,9,1,0,0.099886
5866,2004-10-09,7,5,0,0.099867
5867,2004-10-13,8,5,0,0.099848
5868,2004-10-16,5,8,0,0.099829
5869,2004-10-20,1,3,0,0.09981
5870,2004-10-23,2,9,0,0.099791
5871,2004-10-27,8,5,0,0.099772
5872,2004-10-30,9,4,0,0.099753
5873,2004-11-03,1,4,0,0.099735
5874,2004-11-06,4,3,0,0.099716
5875,2004-11-10,7,5,0,0.099697
5876,2004-11-13,9,7,0,0.099678
5877,2004-11-17,6,4,0,0.099659
5878,2004-11-20,1,3,0,0.09964
5879,2004-11-24,8,1,0,0.099621
5880,2004-11-27,6,1,0,0.099602
5881,2004-12-01,9,5,0,0.099583
5882,2004-12-04,7,9,0,0.099565
5883,2004-12-09,6,5,0,0.099546
5884,2004-12-11,2,7,0,0.099527
5885,2004-12-15,5,5,1,0.099697
5886,2004-12-18,3,4,0,0.099678
5887,2004-12-22,2,4,0,0.09966
5888,2004-12-27,1,8,0,0.099641
5889,2004-12-29,1,6,0,0.099622
5890,2005-01-03,9,9,1,0.099792
5891,2005-01-05,9,5,0,0.099773
5892,2005-01-08,8,7,0,0.099754
5893,2005-01-12,9,7,0,0.099736
5894,2005-01-15,4,4,1,0.099906
5895,2005-01-19,8,5,0,0.099887
5896,2005-01-22,6,5,0,0.099868
5897,2005-01-26,3,5,0,0.099849
5898,2005-01-29,7,8,0,0.09983
5899,2005-02-02,5,2,0,0.099811
5900,2005-02-05,2,3,0,0.099792
5901,2005-02-09,8,8,1,0.099962
5902,2005-02-12,5,4,0,0.099943
5903,2005-02-16,1,3,0,0.099925
5904,2005-02-19,9,9,1,0.100094
5905,2005-02-23,3,5,0,0.100075
5906,2005-02-26,5,3,0,0.100057
5907,2005-03-02,3,9,0,0.100038
5908,2005-03-05,5,4,0,0.100019
5909,2005-03-09,9,9,1,0.100188
5910,2005-03-12,1,5,0,0.100169
5911,2005-03-16,2,3,0,0.100151
5912,2005-03-19,9,5,0,0.100132
5913,2005-03-23,6,5,0,0.100113
5914,2005-03-26,1,3,0,0.100094
5915,2005-03-30,6,1,0,0.100075
5916,2005-04-02,6,6,1,0.100244
5917,2005-04-06,7,8,0,0.100226
5918,2005-04-09,5,3,0,0.100207
5919,2005-04-13,4,3,0,0.100188
5920,2005-04-16,3,3,1,0.100357
5921,2005-04-20,4,6,0,0.100338
5922,2005-04-23,7,6,0,0.100319
5923,2005-04-27,4,7,0,0.100301
5924,2005-04-30,1,5,0,0.100282
5925,2005-05-04,6,1,0,0.100263
5926,2005-05-07,5,6,0,0.100244
5927,2005-05-11,1,7,0,0.100225
5928,2005-05-14,4,9,0,0.100206
5929,2005-05-18,4,5,0,0.100188
5930,2005-05-21,9,5,0,0.100169
5931,2005-05-25,5,3,0,0.10015
5932,2005-05-28,6,7,0,0.100131
5933,2005-06-01,9,9,1,0.1003
5934,2005-06-04,9,9,1,0.100469
5935,2005-06-08,5,7,0,0.10045
5936,2005-06-11,4,7,0,0.100431
5937,2005-06-15,5,3,0,0.100412
5938,2005-06-18,5,4,0,0.100393
5939,2005-06-21,4,7,0,0.100375
5940,2005-06-23,3,3,1,0.100543
5941,2005-06-25,1,6,0,0.100524
5942,2005-06-28,6,7,0,0.100505
5943,2005-06-30,2,6,0,0.100487
5944,2005-07-02,3,5,0,0.100468
5945,2005-07-05,3,6,0,0.100449
5946,2005-07-07,3,8,0,0.10043
5947,2005-07-09,9,8,0,0.100411
5948,2005-07-12,7,7,1,0.10058
5949,2005-07-14,9,5,0,0.100561
5950,2005-07-16,2,6,0,0.100542
5951,2005-07-19,3,7,0,0.100523
5952,2005-07-21,2,3,0,0.100504
5953,2005-07-23,5,8,0,0.100486
5954,2005-07-26,1,4,0,0.100467
5955,2005-07-28,3,9,0,0.100448
5956,2005-07-30,3,3,1,0.100616
5957,2005-08-02,7,8,0,0.100597
5958,2005-08-04,4,2,0,0.100578
5959,2005-08-06,1,5,0,0.10056
5960,2005-08-09,8,1,0,0.100541
5961,2005-08-11,3,1,0,0.100522
5962,2005-08-13,2,2,1,0.10069
5963,2005-08-16,1,8,0,0.100671
5964,2005-08-18,4,6,0,0.100652
5965,2005-08-20,3,5,0,0.100634
5966,2005-08-23,8,6,0,0.100615
5967,2005-08-25,8,7,0,0.100596
5968,2005-08-27,4,5,0,0.100577
5969,2005-08-30,3,2,0,0.100559
5970,2005-09-01,5,6,0,0.10054
5971,2005-09-03,6,9,0,0.100521
5972,2005-09-06,2,9,0,0.100503
5973,2005-09-08,7,5,0,0.100484
5974,2005-09-10,4,6,0,0.100465
5975,2005-09-13,8,5,0,0.100446
5976,2005-09-15,3,5,0,0.100428
5977,2005-09-17,8,2,0,0.100409
5978,2005-09-20,9,7,0,0.10039
5979,2005-09-22,4,4,1,0.100558
5980,2005-09-24,9,5,0,0.100539
5981,2005-09-27,8,3,0,0.10052
5982,2005-09-29,7,7,1,0.100687
5983,2005-10-01,2,9,0,0.100669
5984,2005-10-04,5,8,0,0.10065
5985,2005-10-06,3,1,0,0.100631
5986,2005-10-08,1,4,0,0.100613
5987,2005-10-11,6,7,0,0.100594
5988,2005-10-13,5,6,0,0.100575
5989,2005-10-15,3,7,0,0.100557
5990,2005-10-18,5,4,0,0.100538
5991,2005-10-20,9,9,1,0.100705
5992,2005-10-22,6,5,0,0.100686
5993,2005-10-25,1,3,0,0.100667
5994,2005-10-27,8,1,0,0.100649
5995,2005-10-29,7,1,0,0.10063
5996,2005-11-02,4,9,0,0.100611
5997,2005-11-03,6,5,0,0.100593
5998,2005-11-05,2,3,0,0.100574
5999,2005-11-08,7,5,0,0.100556
6000,2005-11-10,8,6,0,0.100537
6001,2005-11-12,9,8,0,0.100518
6002,2005-11-15,4,4,1,0.100685
6003,2005-11-17,9,5,0,0.100666
6004,2005-11-19,6,3,0,0.100648
6005,2005-11-22,3,3,1,0.100814
6006,2005-11-24,6,8,0,0.100795
6007,2005-11-26,3,2,0,0.100777
6008,2005-11-29,4,8,0,0.100758
6009,2005-12-01,2,6,0,0.100739
6010,2005-12-03,6,8,0,0.100721
6011,2005-12-06,9,3,0,0.100702
6012,2005-12-09,3,9,0,0.100684
6013,2005-12-10,3,3,1,0.10085
6014,2005-12-13,4,8,0,0.100831
6015,2005-12-15,8,6,0,0.100812
6016,2005-12-17,2,5,0,0.100794
6017,2005-12-20,8,4,0,0.100775
6018,2005-12-22,4,4,1,0.100941
6019,2005-12-24,8,2,0,0.100923
6020,2005-12-27,5,5,1,0.101088
6021,2005-12-29,1,3,0,0.10107
6022,2005-12-31,4,9,0,0.101051
6023,2006-01-03,4,5,0,0.101032
6024,2006-01-05,7,5,0,0.101014
6025,2006-01-07,5,7,0,0.100995
6026,2006-01-10,1,3,0,0.100977
6027,2006-01-12,3,9,0,0.100958
6028,2006-01-14,6,3,0,0.100939
6029,2006-01-17,5,2,0,0.100921
6030,2006-01-19,4,7,0,0.100902
6031,2006-01-21,9,3,0,0.100884
6032,2006-01-24,8,3,0,0.100865
6033,2006-01-26,3,7,0,0.100847
6034,2006-01-28,9,2,0,0.100828
6035,2006-01-31,6,7,0,0.100809
6036,2006-02-02,3,3,1,0.100975
6037,2006-02-04,2,8,0,0.100956
6038,2006-02-07,2,8,0,0.100938
6039,2006-02-09,2,1,0,0.100919
6040,2006-02-11,5,1,0,0.100901
6041,2006-02-14,1,1,1,0.101066
6042,2006-02-16,6,9,0,0.101047
6043,2006-02-18,4,6,0,0.101029
6044,2006-02-21,2,4,0,0.10101
6045,2006-02-23,6,8,0,0.100992
6046,2006-02-25,6,3,0,0.100973
6047,2006-02-28,1,8,0,0.100954
6048,2006-03-02,8,1,0,0.100936
6049,2006-03-04,4,1,0,0.100917
6050,2006-03-07,7,2,0,0.100899
6051,2006-03-09,7,7,1,0.101064
6052,2006-03-11,1,6,0,0.101045
6053,2006-03-14,2,7,0,0.101027
6054,2006-03-16,1,5,0,0.101008
6055,2006-03-18,4,6,0,0.10099
6056,2006-03-21,5,5,1,0.101154
6057,2006-03-23,3,4,0,0.101136
6058,2006-03-25,9,4,0,0.101117
6059,2006-03-28,8,7,0,0.101099
6060,2006-03-30,3,7,0,0.10108
6061,2006-04-01,3,2,0,0.101062
6062,2006-04-04,8,8,1,0.101226
6063,2006-04-06,9,7,0,0.101208
6064,2006-04-08,2,4,0,0.101189
6065,2006-04-11,8,7,0,0.101171
6066,2006-04-13,4,4,1,0.101335
6067,2006-04-15,8,2,0,0.101317
6068,2006-04-18,1,5,0,0.101298
6069,2006-04-20,6,7,0,0.10128
6070,2006-04-22,1,6,0,0.101261
6071,2006-04-26,6,8,0,0.101243
6072,2006-04-27,9,6,0,0.101224
6073,2006-04-29,2,9,0,0.101206
6074,2006-05-02,7,7,1,0.10137
6075,2006-05-04,4,6,0,0.101351
6076,2006-05-06,4,5,0,0.101333
6077,2006-05-09,9,5,0,0.101314
6078,2006-05-11,4,8,0,0.101296
6079,2006-05-13,1,5,0,0.101277
6080,2006-05-16,4,1,0,0.101259
6081,2006-05-18,4,5,0,0.10124
6082,2006-05-20,4,5,0,0.101222
6083,2006-05-23,1,5,0,0.101204
6084,2006-05-25,6,1,0,0.101185
6085,2006-05-27,6,6,1,0.101349
6086,2006-05-30,2,8,0,0.10133
6087,2006-06-01,4,5,0,0.101312
6088,2006-06-03,4,1,0,0.101293
6089,2006-06-06,1,5,0,0.101275
6090,2006-06-08,4,1,0,0.101257
6091,2006-06-10,2,5,0,0.101238
6092,2006-06-13,2,8,0,0.10122
6093,2006-06-15,2,1,0,0.101201
6094,2006-06-17,9,1,0,0.101183
6095,2006-06-20,9,5,0,0.101164
6096,2006-06-22,5,7,0,0.101146
6097,2006-06-24,5,7,0,0.101128
6098,2006-06-27,3,7,0,0.101109
6099,2006-06-29,5,4,0,0.101091
6100,2006-07-01,2,9,0,0.101073
6101,2006-07-04,7,8,0,0.101054
6102,2006-07-06,4,6,0,0.101036
6103,2006-07-08,9,5,0,0.101017
6104,2006-07-11,4,8,0,0.100999
6105,2006-07-13,5,5,1,0.101162
6106,2006-07-15,2,4,0,0.101144
6107,2006-07-18,3,8,0,0.101126
6108,2006-07-20,5,3,0,0.101107
6109,2006-07-22,2,9,0,0.101089
6110,2006-07-25,7,8,0,0.101071
6111,2006-07-27,5,6,0,0.101052
6112,2006-07-29,5,3,0,0.101034
6113,2006-08-01,1,7,0,0.101016
6114,2006-08-03,9,9,1,0.101179
6115,2006-08-05,8,5,0,0.10116
6116,2006-08-08,9,7,0,0.101142
6117,2006-08-10,8,4,0,0.101124
6118,2006-08-12,1,7,0,0.101105
6119,2006-08-16,6,7,0,0.101087
6120,2006-08-17,3,6,0,0.101069
6121,2006-08-19,7,8,0,0.10105
6122,2006-08-22,5,2,0,0.101032
6123,2006-08-24,3,3,1,0.101195
6124,2006-08-26,2,4,0,0.101176
6125,2006-08-29,2,8,0,0.101158
6126,2006-08-31,4,9,0,0.10114
6127,2006-09-02,8,1,0,0.101122
6128,2006-09-05,2,5,0,0.101103
6129,2006-09-07,8,4,0,0.101085
6130,2006-09-09,6,4,0,0.101067
6131,2006-09-12,2,5,0,0.101048
6132,2006-09-14,2,5,0,0.10103
6133,2006-09-16,7,9,0,0.101012
6134,2006-09-19,6,6,1,0.101174
6135,2006-09-21,4,7,0,0.101156
6136,2006-09-23,2,4,0,0.101138
6137,2006-09-26,6,8,0,0.10112
6138,2006-09-28,6,3,0,0.101101
6139,2006-09-30,5,8,0,0.101083
6140,2006-10-03,4,7,0,0.101065
6141,2006-10-05,7,3,0,0.101047
6142,2006-10-07,1,7,0,0.101028
6143,2006-10-10,4,7,0,0.10101
6144,2006-10-12,3,5,0,0.100992
6145,2006-10-14,1,5,0,0.100974
6146,2006-10-17,9,7,0,0.100955
6147,2006-10-19,4,5,0,0.100937
6148,2006-10-21,4,5,0,0.100919
6149,2006-10-24,2,5,0,0.100901
6150,2006-10-26,9,8,0,0.100883
6151,2006-10-28,1,5,0,0.100865
6152,2006-10-31,6,3,0,0.100846
6153,2006-11-02,8,6,0,0.100828
6154,2006-11-04,6,4,0,0.10081
6155,2006-11-07,3,2,0,0.100792
6156,2006-11-09,4,8,0,0.100774
6157,2006-11-11,7,6,0,0.100756
6158,2006-11-14,6,7,0,0.100738
6159,2006-11-16,8,7,0,0.100719
6160,2006-11-18,8,4,0,0.100701
6161,2006-11-21,2,5,0,0.100683
6162,2006-11-23,7,4,0,0.100665
6163,2006-11-25,6,6,1,0.100827
6164,2006-11-28,8,7,0,0.100809
6165,2006-11-30,8,8,1,0.10097
6166,2006-12-02,8,5,0,0.100952
6167,2006-12-05,3,5,0,0.100934
6168,2006-12-07,4,2,0,0.100916
6169,2006-12-09,2,6,0,0.100898
6170,2006-12-12,9,8,0,0.10088
6171,2006-12-14,1,5,0,0.100861
6172,2006-12-16,9,3,0,0.100843
6173,2006-12-19,5,5,1,0.101005
6174,2006-12-21,7,7,1,0.101166
6175,2006-12-23,5,2,0,0.101148
6176,2006-12-27,1,3,0,0.10113
6177,2006-12-28,8,9,0,0.101112
6178,2006-12-30,8,1,0,0.101093
6179,2007-01-02,8,5,0,0.101075
6180,2007-01-04,5,5,1,0.101236
6181,2007-01-08,9,3,0,0.101218
6182,2007-01-09,1,5,0,0.1012
6183,2007-01-11,2,3,0,0.101182
6184,2007-01-13,7,5,0,0.101164
6185,2007-01-16,4,6,0,0.101146
6186,2007-01-18,9,5,0,0.101128
6187,2007-01-20,7,8,0,0.10111
6188,2007-01-23,2,5,0,0.101091
6189,2007-01-25,6,8,0,0.101073
6190,2007-01-27,8,6,0,0.101055
6191,2007-01-30,6,8,0,0.101037
6192,2007-02-01,9,2,0,0.101019
6193,2007-02-03,1,9,0,0.101001
6194,2007-02-06,9,3,0,0.100983
6195,2007-02-08,2,5,0,0.100965
6196,2007-02-10,7,7,1,0.101126
6197,2007-02-13,4,6,0,0.101108
6198,2007-02-15,4,5,0,0.101089
6199,2007-02-17,1,5,0,0.101071
6200,2007-02-20,7,1,0,0.101053
6201,2007-02-22,4,6,0,0.101035
6202,2007-02-24,2,4,0,0.101017
6203,2007-02-27,9,9,1,0.101178
6204,2007-03-01,7,5,0,0.10116
6205,2007-03-03,5,5,1,0.10132
6206,2007-03-06,6,3,0,0.101302
6207,2007-03-08,1,9,0,0.101284
6208,2007-03-10,5,8,0,0.101266
6209,2007-03-13,2,9,0,0.101248
6210,2007-03-15,6,8,0,0.10123
6211,2007-03-17,2,8,0,0.101212
6212,2007-03-20,4,5,0,0.101194
6213,2007-03-22,9,1,0,0.101176
6214,2007-03-24,4,8,0,0.101158
6215,2007-03-27,5,5,1,0.101318
6216,2007-03-29,4,4,1,0.101478
6217,2007-03-31,8,3,0,0.10146
6218,2007-04-03,5,5,1,0.10162
6219,2007-04-05,8,3,0,0.101601
6220,2007-04-07,8,5,0,0.101583
6221,2007-04-10,4,5,0,0.101565
6222,2007-04-12,3,2,0,0.101547
6223,2007-04-14,4,5,0,0.101529
6224,2007-04-17,7,6,0,0.101511
6225,2007-04-19,1,7,0,0.101493
6226,2007-04-21,8,7,0,0.101475
6227,2007-04-24,5,1,0,0.101457
6228,2007-04-26,9,3,0,0.101439
6229,2007-04-28,5,5,1,0.101599
6230,2007-05-02,1,7,0,0.101581
6231,2007-05-03,5,9,0,0.101562
6232,2007-05-05,3,9,0,0.101544
6233,2007-05-08,9,4,0,0.101526
6234,2007-05-10,7,7,1,0.101686
6235,2007-05-12,8,5,0,0.101668
6236,2007-05-15,3,8,0,0.10165
6237,2007-05-17,6,2,0,0.101632
6238,2007-05-19,4,2,0,0.101614
6239,2007-05-22,4,4,1,0.101773
6240,2007-05-24,3,5,0,0.101755
6241,2007-05-26,3,5,0,0.101737
6242,2007-05-29,9,8,0,0.101719
6243,2007-05-31,4,7,0,0.101701
6244,2007-06-04,7,5,0,0.101683
6245,2007-06-05,3,7,0,0.101665
6246,2007-06-07,8,2,0,0.101647
6247,2007-06-09,3,7,0,0.101629
6248,2007-06-12,1,2,0,0.101611
6249,2007-06-14,2,7,0,0.101593
6250,2007-06-16,8,5,0,0.101575
6251,2007-06-19,7,4,0,0.101557
6252,2007-06-21,4,9,0,0.101539
6253,2007-06-23,2,4,0,0.101521
6254,2007-06-26,2,9,0,0.101503
6255,2007-06-28,8,9,0,0.101485
6256,2007-06-30,6,4,0,0.101467
6257,2007-07-03,6,2,0,0.101449
6258,2007-07-05,2,8,0,0.101431
6259,2007-07-07,1,5,0,0.101413
6260,2007-07-10,5,4,0,0.101396
6261,2007-07-12,1,9,0,0.101378
6262,2007-07-14,1,9,0,0.10136
6263,2007-07-17,8,9,0,0.101342
6264,2007-07-19,2,1,0,0.101324
6265,2007-07-21,6,4,0,0.101306
6266,2007-07-24,1,8,0,0.101288
6267,2007-07-26,4,8,0,0.10127
6268,2007-07-28,2,5,0,0.101252
6269,2007-07-31,6,9,0,0.101235
6270,2007-08-02,6,8,0,0.101217
6271,2007-08-04,8,8,1,0.101375
6272,2007-08-07,6,8,0,0.101357
6273,2007-08-09,1,2,0,0.101339
6274,2007-08-11,3,8,0,0.101322
6275,2007-08-14,4,3,0,0.101304
6276,2007-08-16,9,6,0,0.101286
6277,2007-08-18,3,8,0,0.101268
6278,2007-08-21,5,3,0,0.10125
6279,2007-08-23,7,9,0,0.101232
6280,2007-08-25,6,5,0,0.101215
6281,2007-08-28,8,7,0,0.101197
6282,2007-08-30,1,8,0,0.101179
6283,2007-09-01,9,7,0,0.101161
6284,2007-09-04,1,5,0,0.101143
6285,2007-09-06,9,3,0,0.101126
6286,2007-09-08,4,5,0,0.101108
6287,2007-09-11,8,5,0,0.10109
6288,2007-09-13,9,5,0,0.101072
6289,2007-09-15,1,4,0,0.101054
6290,2007-09-18,9,3,0,0.101037
6291,2007-09-20,7,5,0,0.101019
6292,2007-09-22,4,5,0,0.101001
6293,2007-09-25,5,4,0,0.100983
6294,2007-09-27,6,4,0,0.100966
6295,2007-09-29,8,9,0,0.100948
6296,2007-10-02,7,8,0,0.10093
6297,2007-10-04,8,9,0,0.100913
6298,2007-10-06,5,3,0,0.100895
6299,2007-10-09,5,3,0,0.100877
6300,2007-10-11,6,7,0,0.100859
6301,2007-10-13,3,9,0,0.100842
6302,2007-10-16,6,8,0,0.100824
6303,2007-10-18,5,2,0,0.100806
6304,2007-10-20,9,7,0,0.100789
6305,2007-10-23,8,5,0,0.100771
6306,2007-10-25,7,7,1,0.100929
6307,2007-10-27,1,9,0,0.100911
6308,2007-10-30,2,7,0,0.100893
6309,2007-11-02,2,5,0,0.100876
6310,2007-11-03,4,9,0,0.100858
6311,2007-11-06,8,1,0,0.10084
6312,2007-11-08,5,5,1,0.100998
6313,2007-11-10,2,3,0,0.10098
6314,2007-11-13,8,8,1,0.101137
6315,2007-11-15,2,4,0,0.10112
6316,2007-11-17,5,4,0,0.101102
6317,2007-11-20,9,1,0,0.101084
6318,2007-11-22,5,5,1,0.101241
6319,2007-11-24,5,7,0,0.101224
6320,2007-11-27,5,7,0,0.101206
6321,2007-11-29,6,7,0,0.101188
6322,2007-12-01,9,9,1,0.101345
6323,2007-12-04,5,9,0,0.101328
6324,2007-12-06,7,7,1,0.101485
6325,2007-12-10,9,5,0,0.101467
6326,2007-12-11,8,6,0,0.101449
6327,2007-12-13,2,7,0,0.101432
6328,2007-12-15,6,4,0,0.101414
6329,2007-12-18,7,6,0,0.101396
6330,2007-12-20,3,3,1,0.101553
6331,2007-12-22,4,2,0,0.101535
6332,2007-12-24,1,6,0,0.101518
6333,2007-12-27,4,1,0,0.1015
6334,2007-12-29,9,5,0,0.101482
6335,2008-01-02,7,3,0,0.101464
6336,2008-01-03,6,5,0,0.101447
6337,2008-01-05,2,7,0,0.101429
6338,2008-01-08,4,5,0,0.101411
6339,2008-01-10,8,1,0,0.101394
6340,2008-01-12,2,5,0,0.101376
6341,2008-01-15,5,4,0,0.101358
6342,2008-01-17,9,1,0,0.101341
6343,2008-01-19,9,5,0,0.101323
6344,2008-01-22,8,7,0,0.101305
6345,2008-01-24,3,7,0,0.101288
6346,2008-01-26,8,2,0,0.10127
6347,2008-01-29,8,7,0,0.101253
6348,2008-01-31,7,5,0,0.101235
6349,2008-02-02,2,9,0,0.101217
6350,2008-02-05,4,8,0,0.1012
6351,2008-02-07,9,1,0,0.101182
6352,2008-02-09,7,3,0,0.101165
6353,2008-02-12,3,5,0,0.101147
6354,2008-02-14,6,4,0,0.101129
6355,2008-02-16,7,2,0,0.101112
6356,2008-02-19,1,3,0,0.101094
6357,2008-02-21,5,7,0,0.101077
6358,2008-02-23,3,9,0,0.101059
6359,2008-02-26,7,4,0,0.101042
6360,2008-02-28,4,2,0,0.101024
6361,2008-03-01,5,5,1,0.10118
6362,2008-03-04,2,4,0,0.101163
6363,2008-03-06,8,8,1,0.101319
6364,2008-03-08,2,4,0,0.101301
6365,2008-03-11,3,4,0,0.101283
6366,2008-03-13,6,3,0,0.101266
6367,2008-03-15,7,2,0,0.101248
6368,2008-03-18,2,3,0,0.101231
6369,2008-03-20,5,8,0,0.101213
6370,2008-03-22,8,1,0,0.101196
6371,2008-03-25,6,5,0,0.101178
6372,2008-03-27,5,2,0,0.101161
6373,2008-03-29,6,7,0,0.101143
6374,2008-04-01,6,9,0,0.101126
6375,2008-04-03,8,8,1,0.101281
6376,2008-04-05,7,8,0,0.101264
6377,2008-04-08,8,9,0,0.101246
6378,2008-04-10,7,3,0,0.101229
6379,2008-04-12,2,9,0,0.101211
6380,2008-04-15,2,8,0,0.101194
6381,2008-04-17,9,9,1,0.101349
6382,2008-04-19,3,5,0,0.101331
6383,2008-04-22,7,3,0,0.101314
6384,2008-04-24,6,2,0,0.101296
6385,2008-04-26,8,7,0,0.101279
6386,2008-04-29,4,8,0,0.101261
6387,2008-05-02,8,2,0,0.101244
6388,2008-05-03,3,5,0,0.101226
6389,2008-05-06,3,2,0,0.101209
6390,2008-05-08,9,8,0,0.101192
6391,2008-05-10,4,7,0,0.101174
6392,2008-05-13,4,5,0,0.101157
6393,2008-05-15,8,5,0,0.101139
6394,2008-05-17,2,5,0,0.101122
6395,2008-05-20,7,4,0,0.101104
6396,2008-05-22,6,6,1,0.101259
6397,2008-05-24,9,7,0,0.101242
6398,2008-05-27,4,9,0,0.101224
6399,2008-05-29,2,5,0,0.101207
6400,2008-05-31,1,9,0,0.101189
6401,2008-06-03,9,4,0,0.101172
6402,2008-06-05,7,5,0,0.101155
6403,2008-06-07,6,5,0,0.101137
6404,2008-06-10,2,7,0,0.10112
6405,2008-06-12,1,5,0,0.101102
6406,2008-06-14,3,4,0,0.101085
6407,2008-06-17,6,3,0,0.101067
6408,2008-06-19,5,2,0,0.10105
6409,2008-06-21,5,7,0,0.101033
6410,2008-06-24,8,6,0,0.101015
6411,2008-06-26,8,5,0,0.100998
6412,2008-06-28,7,5,0,0.100981
6413,2008-07-01,9,9,1,0.101135
6414,2008-07-03,9,6,0,0.101118
6415,2008-07-05,1,7,0,0.1011
6416,2008-07-08,1,9,0,0.101083
6417,2008-07-10,6,9,0,0.101066
6418,2008-07-12,7,6,0,0.101048
6419,2008-07-15,6,3,0,0.101031
6420,2008-07-17,9,7,0,0.101014
6421,2008-07-19,8,9,0,0.100996
6422,2008-07-22,3,7,0,0.100979
6423,2008-07-24,9,2,0,0.100962
6424,2008-07-26,4,7,0,0.100944
6425,2008-07-29,6,5,0,0.100927
6426,2008-07-31,1,3,0,0.10091
6427,2008-08-02,5,8,0,0.100892
6428,2008-08-05,3,9,0,0.100875
6429,2008-08-07,3,7,0,0.100858
6430,2008-08-09,5,9,0,0.10084
6431,2008-08-12,5,9,0,0.100823
6432,2008-08-14,2,6,0,0.100806
6433,2008-08-16,3,8,0,0.100788
6434,2008-08-19,6,6,1,0.100943
6435,2008-08-21,6,2,0,0.100925
6436,2008-08-23,8,8,1,0.101079
6437,2008-08-26,9,8,0,0.101062
6438,2008-08-28,3,4,0,0.101045
6439,2008-08-30,4,3,0,0.101027
6440,2008-09-02,9,6,0,0.10101
6441,2008-09-04,5,3,0,0.100993
6442,2008-09-06,1,7,0,0.100976
6443,2008-09-09,6,9,0,0.100958
6444,2008-09-11,7,6,0,0.100941
6445,2008-09-13,4,3,0,0.100924
6446,2008-09-16,5,5,1,0.101077
6447,2008-09-18,6,4,0,0.10106
6448,2008-09-20,5,9,0,0.101043
6449,2008-09-23,7,7,1,0.101197
6450,2008-09-25,3,5,0,0.101179
6451,2008-09-27,8,4,0,0.101162
6452,2008-09-30,8,7,0,0.101145
6453,2008-10-02,2,5,0,0.101127
6454,2008-10-04,4,4,1,0.101281
6455,2008-10-07,5,1,0,0.101264
6456,2008-10-09,7,4,0,0.101246
6457,2008-10-11,8,5,0,0.101229
6458,2008-10-14,6,3,0,0.101212
6459,2008-10-16,8,5,0,0.101195
6460,2008-10-18,1,8,0,0.101177
6461,2008-10-21,1,7,0,0.10116
6462,2008-10-23,7,9,0,0.101143
6463,2008-10-25,2,6,0,0.101126
6464,2008-10-28,8,8,1,0.101279
6465,2008-10-30,2,4,0,0.101262
6466,2008-11-03,4,4,1,0.101415
6467,2008-11-04,8,1,0,0.101397
6468,2008-11-06,7,5,0,0.10138
6469,2008-11-08,7,9,0,0.101363
6470,2008-11-11,2,6,0,0.101346
6471,2008-11-13,1,8,0,0.101328
6472,2008-11-15,1,4,0,0.101311
6473,2008-11-18,5,9,0,0.101294
6474,2008-11-20,2,9,0,0.101277
6475,2008-11-22,9,8,0,0.101259
6476,2008-11-25,9,5,0,0.101242
6477,2008-11-27,5,7,0,0.101225
6478,2008-11-29,4,7,0,0.101208
6479,2008-12-02,2,3,0,0.10119
6480,2008-12-04,3,9,0,0.101173
6481,2008-12-06,5,6,0,0.101156
6482,2008-12-09,9,9,1,0.101309
6483,2008-12-11,4,5,0,0.101292
6484,2008-12-13,1,5,0,0.101274
6485,2008-12-16,4,1,0,0.101257
6486,2008-12-18,4,5,0,0.10124
6487,2008-12-20,8,5,0,0.101223
6488,2008-12-23,9,5,0,0.101206
6489,2008-12-24,9,4,0,0.101188
6490,2008-12-27,3,7,0,0.101171
6491,2008-12-30,8,3,0,0.101154
6492,2009-01-02,1,7,0,0.101137
6493,2009-01-03,9,7,0,0.10112
6494,2009-01-07,8,5,0,0.101103
6495,2009-01-08,5,7,0,0.101085
6496,2009-01-10,2,3,0,0.101068
6497,2009-01-13,9,8,0,0.101051
6498,2009-01-15,6,9,0,0.101034
6499,2009-01-17,6,3,0,0.101017
6500,2009-01-20,4,8,0,0.101
6501,2009-01-22,1,4,0,0.100983
6502,2009-01-24,1,1,1,0.101135
6503,2009-01-27,8,9,0,0.101118
6504,2009-01-29,5,1,0,0.101101
6505,2009-01-31,4,3,0,0.101084
6506,2009-02-03,7,3,0,0.101067
6507,2009-02-05,7,7,1,0.101219
6508,2009-02-07,8,6,0,0.101202
6509,2009-02-10,4,3,0,0.101184
6510,2009-02-12,2,2,1,0.101336
6511,2009-02-14,9,9,1,0.101488
6512,2009-02-17,6,9,0,0.101471
6513,2009-02-19,3,3,1,0.101623
6514,2009-02-21,8,8,1,0.101775
6515,2009-02-24,3,7,0,0.101758
6516,2009-02-26,8,2,0,0.101741
6517,2009-02-28,1,7,0,0.101724
6518,2009-03-03,6,7,0,0.101706
6519,2009-03-05,6,6,1,0.101858
6520,2009-03-07,8,8,1,0.10201
6521,2009-03-10,7,8,0,0.101993
6522,2009-03-12,5,9,0,0.101975
6523,2009-03-14,9,3,0,0.101958
6524,2009-03-17,3,5,0,0.101941
6525,2009-03-19,5,3,0,0.101924
6526,2009-03-21,1,9,0,0.101907
6527,2009-03-24,2,9,0,0.101889
6528,2009-03-26,1,5,0,0.101872
6529,2009-03-28,6,4,0,0.101855
6530,2009-03-31,2,6,0,0.101838
6531,2009-04-02,1,5,0,0.101821
6532,2009-04-04,8,6,0,0.101803
6533,2009-04-07,5,1,0,0.101786
6534,2009-04-09,3,3,1,0.101938
6535,2009-04-11,3,7,0,0.10192
6536,2009-04-14,8,9,0,0.101903
6537,2009-04-16,1,7,0,0.101886
6538,2009-04-18,3,7,0,0.101869
6539,2009-04-21,2,3,0,0.101852
6540,2009-04-23,1,8,0,0.101835
6541,2009-04-27,2,6,0,0.101818
6542,2009-04-28,2,5,0,0.1018
6543,2009-04-30,9,9,1,0.101952
6544,2009-05-02,6,9,0,0.101934
6545,2009-05-05,6,3,0,0.101917
6546,2009-05-07,2,8,0,0.1019
6547,2009-05-09,7,5,0,0.101883
6548,2009-05-12,6,6,1,0.102034
6549,2009-05-14,7,7,1,0.102185
6550,2009-05-16,4,3,0,0.102168
6551,2009-05-19,6,5,0,0.102151
6552,2009-05-21,7,3,0,0.102133
6553,2009-05-23,2,3,0,0.102116
6554,2009-05-26,1,8,0,0.102099
6555,2009-05-28,4,6,0,0.102082
6556,2009-05-30,2,5,0,0.102065
6557,2009-06-03,2,9,0,0.102048
6558,2009-06-04,8,9,0,0.102031
6559,2009-06-06,9,4,0,0.102013
6560,2009-06-09,3,4,0,0.101996
6561,2009-06-11,8,3,0,0.101979
6562,2009-06-13,8,7,0,0.101962
6563,2009-06-16,2,5,0,0.101945
6564,2009-06-18,3,4,0,0.101928
6565,2009-06-20,8,6,0,0.101911
6566,2009-06-23,3,7,0,0.101894
6567,2009-06-25,7,2,0,0.101877
6568,2009-06-27,5,2,0,0.10186
6569,2009-06-30,6,3,0,0.101843
6570,2009-07-02,1,9,0,0.101825
6571,2009-07-04,8,8,1,0.101976
6572,2009-07-07,5,5,1,0.102126
6573,2009-07-09,4,3,0,0.102109
6574,2009-07-11,4,3,0,0.102092
6575,2009-07-14,5,5,1,0.102242
6576,2009-07-16,1,4,0,0.102225
6577,2009-07-18,8,9,0,0.102208
6578,2009-07-21,8,5,0,0.102191
6579,2009-07-23,2,2,1,0.102341
6580,2009-07-25,1,4,0,0.102324
6581,2009-07-28,1,4,0,0.102307
6582,2009-07-30,3,9,0,0.10229
6583,2009-08-01,7,3,0,0.102273
6584,2009-08-04,3,5,0,0.102256
6585,2009-08-06,4,8,0,0.102239
6586,2009-08-08,4,6,0,0.102221
6587,2009-08-11,1,5,0,0.102204
6588,2009-08-13,1,1,1,0.102354
6589,2009-08-17,9,9,1,0.102504
6590,2009-08-18,8,5,0,0.102487
6591,2009-08-20,8,7,0,0.10247
6592,2009-08-22,7,2,0,0.102453
6593,2009-08-25,8,9,0,0.102436
6594,2009-08-27,2,3,0,0.102419
6595,2009-08-29,2,4,0,0.102402
6596,2009-09-01,7,9,0,0.102385
6597,2009-09-03,4,6,0,0.102367
6598,2009-09-05,7,5,0,0.10235
6599,2009-09-08,5,7,0,0.102333
6600,2009-09-10,7,6,0,0.102316
6601,2009-09-12,5,5,1,0.102466
6602,2009-09-15,8,6,0,0.102449
6603,2009-09-17,8,5,0,0.102432
6604,2009-09-19,6,2,0,0.102415
6605,2009-09-22,1,5,0,0.102398
6606,2009-09-24,4,8,0,0.102381
6607,2009-09-26,7,5,0,0.102364
6608,2009-09-29,2,7,0,0.102346
6609,2009-10-01,2,8,0,0.102329
6610,2009-10-03,7,9,0,0.102312
6611,2009-10-06,1,6,0,0.102295
6612,2009-10-08,4,7,0,0.102278
6613,2009-10-10,4,5,0,0.102261
6614,2009-10-13,4,5,0,0.102244
6615,2009-10-15,7,5,0,0.102227
6616,2009-10-17,9,7,0,0.10221
6617,2009-10-20,5,6,0,0.102193
6618,2009-10-22,6,7,0,0.102176
6619,2009-10-24,3,9,0,0.102159
6620,2009-10-27,5,8,0,0.102143
6621,2009-10-29,7,9,0,0.102126
6622,2009-10-31,4,5,0,0.102109
6623,2009-11-03,4,5,0,0.102092
6624,2009-11-05,7,5,0,0.102075
6625,2009-11-07,4,7,0,0.102058
6626,2009-11-10,8,5,0,0.102041
6627,2009-11-12,8,5,0,0.102024
6628,2009-11-14,1,2,0,0.102007
6629,2009-11-17,3,7,0,0.10199
6630,2009-11-19,6,3,0,0.101973
6631,2009-11-21,4,2,0,0.101956
6632,2009-11-24,2,4,0,0.101939
6633,2009-11-26,5,9,0,0.101922
6634,2009-11-28,6,1,0,0.101906
6635,2009-12-01,8,9,0,0.101889
6636,2009-12-03,4,8,0,0.101872
6637,2009-12-05,7,2,0,0.101855
6638,2009-12-09,4,7,0,0.101838
6639,2009-12-10,6,5,0,0.101821
6640,2009-12-12,1,7,0,0.101804
6641,2009-12-15,4,8,0,0.101787
6642,2009-12-17,4,5,0,0.101771
6643,2009-12-19,9,5,0,0.101754
6644,2009-12-22,3,3,1,0.101902
6645,2009-12-24,2,3,0,0.101886
6646,2009-12-28,2,8,0,0.101869
6647,2009-12-29,5,9,0,0.101852
6648,2009-12-31,6,1,0,0.101835
6649,2010-01-02,1,9,0,0.101818
6650,2010-01-05,2,8,0,0.101801
6651,2010-01-07,2,5,0,0.101785
6652,2010-01-09,8,9,0,0.101768
6653,2010-01-12,7,4,0,0.101751
6654,2010-01-14,8,9,0,0.101734
6655,2010-01-16,6,3,0,0.101717
6656,2010-01-19,8,5,0,0.101701
6657,2010-01-21,3,4,0,0.101684
6658,2010-01-23,6,2,0,0.101667
6659,2010-01-26,5,2,0,0.10165
6660,2010-01-28,9,7,0,0.101633
6661,2010-01-30,5,5,1,0.101782
6662,2010-02-02,5,7,0,0.101765
6663,2010-02-04,4,6,0,0.101748
6664,2010-02-06,2,3,0,0.101731
6665,2010-02-09,1,9,0,0.101714
6666,2010-02-11,3,4,0,0.101698
6667,2010-02-13,6,3,0,0.101681
6668,2010-02-16,2,2,1,0.101829
6669,2010-02-18,3,5,0,0.101812
6670,2010-02-20,7,6,0,0.101795
6671,2010-02-23,1,5,0,0.101779
6672,2010-02-25,3,7,0,0.101762
6673,2010-02-27,3,3,1,0.10191
6674,2010-03-02,4,8,0,0.101893
6675,2010-03-04,5,6,0,0.101876
6676,2010-03-06,9,4,0,0.101859
6677,2010-03-09,8,5,0,0.101843
6678,2010-03-11,4,7,0,0.101826
6679,2010-03-13,4,2,0,0.101809
6680,2010-03-16,6,5,0,0.101792
6681,2010-03-18,8,7,0,0.101776
6682,2010-03-20,3,4,0,0.101759
6683,2010-03-23,9,2,0,0.101742
6684,2010-03-25,6,7,0,0.101726
6685,2010-03-27,7,3,0,0.101709
6686,2010-03-30,6,3,0,0.101692
6687,2010-04-01,6,7,0,0.101675
6688,2010-04-03,7,8,0,0.101659
6689,2010-04-06,1,3,0,0.101642
6690,2010-04-08,5,7,0,0.101625
6691,2010-04-10,3,9,0,0.101609
6692,2010-04-13,8,7,0,0.101592
6693,2010-04-15,7,3,0,0.101575
6694,2010-04-17,1,9,0,0.101559
6695,2010-04-20,4,7,0,0.101542
6696,2010-04-22,4,5,0,0.101525
6697,2010-04-24,8,5,0,0.101509
6698,2010-04-27,3,5,0,0.101492
6699,2010-04-29,1,2,0,0.101475
6700,2010-05-03,8,7,0,0.101459
6701,2010-05-04,2,5,0,0.101442
6702,2010-05-06,2,4,0,0.101426
6703,2010-05-08,4,9,0,0.101409
6704,2010-05-11,2,1,0,0.101392
6705,2010-05-13,6,9,0,0.101376
6706,2010-05-15,7,6,0,0.101359
6707,2010-05-18,4,3,0,0.101343
6708,2010-05-20,2,5,0,0.101326
6709,2010-05-22,6,9,0,0.101309
6710,2010-05-25,8,6,0,0.101293
6711,2010-05-27,4,4,1,0.10144
6712,2010-05-29,3,2,0,0.101423
6713,2010-06-01,1,5,0,0.101407
6714,2010-06-03,4,7,0,0.10139
6715,2010-06-05,9,5,0,0.101373
6716,2010-06-08,9,3,0,0.101357
6717,2010-06-10,5,7,0,0.10134
6718,2010-06-12,2,7,0,0.101324
6719,2010-06-15,6,8,0,0.101307
6720,2010-06-17,2,8,0,0.101291
6721,2010-06-19,6,5,0,0.101274
6722,2010-06-22,9,8,0,0.101258
6723,2010-06-24,7,9,0,0.101241
6724,2010-06-26,6,5,0,0.101224
6725,2010-06-29,2,7,0,0.101208
6726,2010-07-01,5,5,1,0.101355
6727,2010-07-03,1,1,1,0.101501
6728,2010-07-06,1,9,0,0.101485
6729,2010-07-08,3,9,0,0.101468
6730,2010-07-10,9,3,0,0.101452
6731,2010-07-13,3,7,0,0.101435
6732,2010-07-15,1,3,0,0.101419
6733,2010-07-17,9,7,0,0.101402
6734,2010-07-20,9,5,0,0.101385
6735,2010-07-22,1,7,0,0.101369
6736,2010-07-24,1,9,0,0.101352
6737,2010-07-27,4,9,0,0.101336
6738,2010-07-29,7,5,0,0.101319
6739,2010-07-31,2,7,0,0.101303
6740,2010-08-03,9,8,0,0.101286
6741,2010-08-05,9,9,1,0.101433
6742,2010-08-07,4,7,0,0.101416
6743,2010-08-10,3,5,0,0.1014
6744,2010-08-12,5,5,1,0.101546
6745,2010-08-14,4,9,0,0.101529
6746,2010-08-17,4,3,0,0.101513
6747,2010-08-19,3,5,0,0.101496
6748,2010-08-21,6,5,0,0.10148
6749,2010-08-24,3,2,0,0.101463
6750,2010-08-26,6,8,0,0.101447
6751,2010-08-28,8,2,0,0.10143
6752,2010-08-31,7,4,0,0.101414
6753,2010-09-02,7,9,0,0.101397
6754,2010-09-04,6,6,1,0.101543
6755,2010-09-07,3,7,0,0.101527
6756,2010-09-09,5,8,0,0.10151
6757,2010-09-11,2,9,0,0.101494
6758,2010-09-14,4,8,0,0.101478
6759,2010-09-16,6,1,0,0.101461
6760,2010-09-18,1,7,0,0.101445
6761,2010-09-21,8,8,1,0.10159
6762,2010-09-23,6,5,0,0.101574
6763,2010-09-25,1,5,0,0.101557
6764,2010-09-28,9,8,0,0.101541
6765,2010-09-30,2,5,0,0.101524
6766,2010-10-02,4,7,0,0.101508
6767,2010-10-05,2,1,0,0.101492
6768,2010-10-07,2,9,0,0.101475
6769,2010-10-09,5,9,0,0.101459
6770,2010-10-12,2,1,0,0.101442
6771,2010-10-14,3,8,0,0.101426
6772,2010-10-16,1,6,0,0.101409
6773,2010-10-19,8,7,0,0.101393
6774,2010-10-21,7,5,0,0.101377
6775,2010-10-23,2,9,0,0.10136
6776,2010-10-26,4,8,0,0.101344
6777,2010-10-28,9,1,0,0.101327
6778,2010-10-30,3,3,1,0.101473
6779,2010-11-02,5,3,0,0.101456
6780,2010-11-04,8,9,0,0.10144
6781,2010-11-06,5,5,1,0.101585
6782,2010-11-09,9,3,0,0.101569
6783,2010-11-11,1,5,0,0.101552
6784,2010-11-13,4,9,0,0.101536
6785,2010-11-16,8,5,0,0.10152
6786,2010-11-18,6,5,0,0.101503
6787,2010-11-20,9,5,0,0.101487
6788,2010-11-23,4,9,0,0.10147
6789,2010-11-25,2,5,0,0.101454
6790,2010-11-27,8,9,0,0.101438
6791,2010-11-30,2,4,0,0.101421
6792,2010-12-02,7,4,0,0.101405
6793,2010-12-04,1,6,0,0.101388
6794,2010-12-07,2,7,0,0.101372
6795,2010-12-09,2,5,0,0.101356
6796,2010-12-11,4,9,0,0.101339
6797,2010-12-14,1,1,1,0.101484
6798,2010-12-16,4,1,0,0.101468
6799,2010-12-18,2,5,0,0.101452
6800,2010-12-21,5,9,0,0.101435
6801,2010-12-23,7,1,0,0.101419
6802,2010-12-27,6,5,0,0.101403
6803,2010-12-28,7,7,1,0.101547
6804,2010-12-30,3,3,1,0.101692
6805,2011-01-03,5,4,0,0.101676
6806,2011-01-04,9,9,1,0.101821
6807,2011-01-07,4,5,0,0.101804
6808,2011-01-08,3,5,0,0.101788
6809,2011-01-11,6,5,0,0.101771
6810,2011-01-13,4,2,0,0.101755
6811,2011-01-15,7,4,0,0.101739
6812,2011-01-18,4,7,0,0.101722
6813,2011-01-20,8,5,0,0.101706
6814,2011-01-22,2,5,0,0.101689
6815,2011-01-25,5,4,0,0.101673
6816,2011-01-27,6,1,0,0.101657
6817,2011-01-29,6,1,0,0.10164
6818,2011-02-01,2,8,0,0.101624
6819,2011-02-03,5,5,1,0.101768
6820,2011-02-05,5,1,0,0.101752
6821,2011-02-08,3,6,0,0.101736
6822,2011-02-10,1,7,0,0.101719
6823,2011-02-12,5,7,0,0.101703
6824,2011-02-15,1,9,0,0.101687
6825,2011-02-17,3,9,0,0.10167
6826,2011-02-19,3,3,1,0.101815
6827,2011-02-22,3,8,0,0.101798
6828,2011-02-24,9,8,0,0.101782
6829,2011-02-26,2,7,0,0.101766
6830,2011-03-01,5,7,0,0.101749
6831,2011-03-03,8,1,0,0.101733
6832,2011-03-05,6,5,0,0.101717
6833,2011-03-08,4,5,0,0.1017
6834,2011-03-10,1,4,0,0.101684
6835,2011-03-12,6,1,0,0.101668
6836,2011-03-15,7,6,0,0.101651
6837,2011-03-18,9,3,0,0.101635
6838,2011-03-19,9,6,0,0.101619
6839,2011-03-22,3,7,0,0.101603
6840,2011-03-24,8,3,0,0.101586
6841,2011-03-26,7,7,1,0.10173
6842,2011-03-29,2,9,0,0.101714
6843,2011-03-31,3,8,0,0.101698
6844,2011-04-02,5,6,0,0.101681
6845,2011-04-05,4,9,0,0.101665
6846,2011-04-07,9,3,0,0.101649
6847,2011-04-09,3,3,1,0.101793
6848,2011-04-12,2,3,0,0.101776
6849,2011-04-14,9,8,0,0.10176
6850,2011-04-16,5,9,0,0.101744
6851,2011-04-19,6,7,0,0.101727
6852,2011-04-21,7,1,0,0.101711
6853,2011-04-23,4,3,0,0.101695
6854,2011-04-26,1,5,0,0.101679
6855,2011-04-28,9,1,0,0.101662
6856,2011-04-30,7,5,0,0.101646
6857,2011-05-03,1,5,0,0.10163
6858,2011-05-05,2,7,0,0.101614
6859,2011-05-07,1,5,0,0.101597
6860,2011-05-10,2,4,0,0.101581
6861,2011-05-12,1,5,0,0.101565
6862,2011-05-14,6,4,0,0.101549
6863,2011-05-17,2,6,0,0.101533
6864,2011-05-19,1,5,0,0.101516
6865,2011-05-21,4,6,0,0.1015
6866,2011-05-24,9,2,0,0.101484
6867,2011-05-26,1,3,0,0.101468
6868,2011-05-28,7,9,0,0.101452
6869,2011-05-31,8,6,0,0.101435
6870,2011-06-03,9,3,0,0.101419
6871,2011-06-04,8,4,0,0.101403
6872,2011-06-07,8,7,0,0.101387
6873,2011-06-09,4,2,0,0.101371
6874,2011-06-11,7,2,0,0.101355
6875,2011-06-14,8,7,0,0.101338
6876,2011-06-16,2,3,0,0.101322
6877,2011-06-18,1,4,0,0.101306
6878,2011-06-21,9,4,0,0.10129
6879,2011-06-23,2,5,0,0.101274
6880,2011-06-25,2,7,0,0.101258
6881,2011-06-28,6,9,0,0.101242
6882,2011-06-30,6,8,0,0.101226
6883,2011-07-02,4,8,0,0.101209
6884,2011-07-05,3,4,0,0.101193
6885,2011-07-07,4,6,0,0.101177
6886,2011-07-09,3,6,0,0.101161
6887,2011-07-12,6,6,1,0.101304
6888,2011-07-14,3,2,0,0.101288
6889,2011-07-16,5,8,0,0.101272
6890,2011-07-19,2,9,0,0.101256
6891,2011-07-21,4,8,0,0.10124
6892,2011-07-23,4,1,0,0.101224
6893,2011-07-26,8,5,0,0.101207
6894,2011-07-28,9,5,0,0.101191
6895,2011-07-30,5,4,0,0.101175
6896,2011-08-02,8,7,0,0.101159
6897,2011-08-04,9,5,0,0.101143
6898,2011-08-06,9,4,0,0.101127
6899,2011-08-09,9,7,0,0.101111
6900,2011-08-11,4,7,0,0.101095
6901,2011-08-13,3,5,0,0.101079
6902,2011-08-16,2,6,0,0.101063
6903,2011-08-18,2,8,0,0.101047
6904,2011-08-20,6,9,0,0.101031
6905,2011-08-23,8,6,0,0.101015
6906,2011-08-25,9,4,0,0.100999
6907,2011-08-27,4,4,1,0.101141
6908,2011-08-30,1,5,0,0.101125
6909,2011-09-01,4,1,0,0.101109
6910,2011-09-03,2,2,1,0.101252
6911,2011-09-06,2,9,0,0.101236
6912,2011-09-08,4,9,0,0.10122
6913,2011-09-10,9,1,0,0.101204
6914,2011-09-13,3,3,1,0.101346
6915,2011-09-15,6,3,0,0.10133
6916,2011-09-17,3,2,0,0.101314
6917,2011-09-20,8,8,1,0.101456
6918,2011-09-22,5,7,0,0.10144
6919,2011-09-24,5,3,0,0.101424
6920,2011-09-27,5,6,0,0.101408
6921,2011-09-29,7,6,0,0.101392
6922,2011-10-01,4,5,0,0.101376
6923,2011-10-04,7,5,0,0.10136
6924,2011-10-06,7,7,1,0.101502
6925,2011-10-08,6,6,1,0.101644
6926,2011-10-11,7,7,1,0.101786
6927,2011-10-13,4,3,0,0.10177
6928,2011-10-15,4,5,0,0.101754
6929,2011-10-18,4,8,0,0.101738
6930,2011-10-20,1,8,0,0.101722
6931,2011-10-22,9,1,0,0.101706
6932,2011-10-25,2,5,0,0.10169
6933,2011-10-27,8,7,0,0.101674
6934,2011-10-29,1,4,0,0.101657
6935,2011-11-02,4,7,0,0.101641
6936,2011-11-03,5,2,0,0.101625
6937,2011-11-05,7,4,0,0.101609
6938,2011-11-08,4,5,0,0.101593
6939,2011-11-10,9,5,0,0.101577
6940,2011-11-12,6,3,0,0.101561
6941,2011-11-15,1,3,0,0.101545
6942,2011-11-17,2,8,0,0.101529
6943,2011-11-19,3,5,0,0.101513
6944,2011-11-22,7,6,0,0.101497
6945,2011-11-24,2,5,0,0.101481
6946,2011-11-26,2,8,0,0.101465
6947,2011-11-29,1,9,0,0.101449
6948,2011-12-01,4,4,1,0.101591
6949,2011-12-03,8,2,0,0.101575
6950,2011-12-06,1,5,0,0.101559
6951,2011-12-09,1,7,0,0.101543
6952,2011-12-10,5,9,0,0.101527
6953,2011-12-13,8,9,0,0.101511
6954,2011-12-15,5,5,1,0.101652
6955,2011-12-17,2,3,0,0.101636
6956,2011-12-20,2,8,0,0.10162
6957,2011-12-22,8,9,0,0.101604
6958,2011-12-24,8,4,0,0.101588
6959,2011-12-27,6,2,0,0.101572
6960,2011-12-29,9,5,0,0.101556
6961,2011-12-31,8,9,0,0.10154
6962,2012-01-03,9,7,0,0.101524
6963,2012-01-05,7,4,0,0.101508
6964,2012-01-07,5,5,1,0.10165
6965,2012-01-10,3,6,0,0.101634
6966,2012-01-12,6,7,0,0.101618
6967,2012-01-14,3,2,0,0.101602
6968,2012-01-17,7,8,0,0.101586
6969,2012-01-19,5,2,0,0.10157
6970,2012-01-21,2,3,0,0.101554
6971,2012-01-24,6,8,0,0.101538
6972,2012-01-26,5,8,0,0.101522
6973,2012-01-28,4,7,0,0.101506
6974,2012-01-31,5,3,0,0.10149
6975,2012-02-02,4,4,1,0.101631
6976,2012-02-04,3,3,1,0.101772
6977,2012-02-07,9,6,0,0.101756
6978,2012-02-09,9,7,0,0.10174
6979,2012-02-11,8,7,0,0.101724
6980,2012-02-14,3,7,0,0.101708
6981,2012-02-16,4,2,0,0.101692
6982,2012-02-18,3,6,0,0.101676
6983,2012-02-21,8,6,0,0.10166
6984,2012-02-23,2,7,0,0.101644
6985,2012-02-25,4,4,1,0.101785
6986,2012-02-28,1,1,1,0.101926
6987,2012-03-01,6,1,0,0.10191
6988,2012-03-03,1,6,0,0.101894
6989,2012-03-06,7,8,0,0.101878
6990,2012-03-08,3,6,0,0.101862
6991,2012-03-10,9,4,0,0.101846
6992,2012-03-13,8,7,0,0.10183
6993,2012-03-15,4,3,0,0.101814
6994,2012-03-17,6,2,0,0.101798
6995,2012-03-20,1,7,0,0.101782
6996,2012-03-22,4,8,0,0.101766
6997,2012-03-24,2,2,1,0.101907
6998,2012-03-27,1,9,0,0.101891
6999,2012-03-29,7,4,0,0.101875
7000,2012-03-31,5,6,0,0.101859
7001,2012-04-03,4,3,0,0.101843
7002,2012-04-05,2,3,0,0.101827
7003,2012-04-07,1,9,0,0.101811
7004,2012-04-10,3,4,0,0.101795
7005,2012-04-12,2,3,0,0.10178
7006,2012-04-14,1,8,0,0.101764
7007,2012-04-17,7,4,0,0.101748
7008,2012-04-19,8,6,0,0.101732
7009,2012-04-21,3,3,1,0.101872
7010,2012-04-24,8,2,0,0.101856
7011,2012-04-26,4,7,0,0.10184
7012,2012-04-28,6,2,0,0.101824
7013,2012-05-02,7,7,1,0.101964
7014,2012-05-03,8,3,0,0.101949
7015,2012-05-05,3,3,1,0.102089
7016,2012-05-08,6,8,0,0.102073
7017,2012-05-10,3,2,0,0.102057
7018,2012-05-12,6,8,0,0.102041
7019,2012-05-15,5,2,0,0.102025
7020,2012-05-17,5,7,0,0.102009
7021,2012-05-19,1,7,0,0.101993
7022,2012-05-22,8,9,0,0.101977
7023,2012-05-24,3,5,0,0.101961
7024,2012-05-26,3,8,0,0.101946
7025,2012-05-29,6,9,0,0.10193
7026,2012-05-31,6,2,0,0.101914
7027,2012-06-04,5,8,0,0.101898
7028,2012-06-05,6,7,0,0.101882
7029,2012-06-07,8,1,0,0.101866
7030,2012-06-09,2,4,0,0.10185
7031,2012-06-12,2,4,0,0.101835
7032,2012-06-14,8,9,0,0.101819
7033,2012-06-16,5,4,0,0.101803
7034,2012-06-19,2,3,0,0.101787
7035,2012-06-21,7,8,0,0.101771
7036,2012-06-23,7,6,0,0.101755
7037,2012-06-26,6,6,1,0.101895
7038,2012-06-28,7,7,1,0.102034
7039,2012-06-30,1,3,0,0.102019
7040,2012-07-03,3,7,0,0.102003
7041,2012-07-05,5,3,0,0.101987
7042,2012-07-07,8,9,0,0.101971
7043,2012-07-10,1,5,0,0.101955
7044,2012-07-12,9,7,0,0.101939
7045,2012-07-14,5,2,0,0.101924
7046,2012-07-17,4,7,0,0.101908
7047,2012-07-19,4,3,0,0.101892
7048,2012-07-21,6,8,0,0.101876
7049,2012-07-24,8,7,0,0.10186
7050,2012-07-26,2,4,0,0.101845
7051,2012-07-28,5,4,0,0.101829
7052,2012-07-31,2,1,0,0.101813
7053,2012-08-02,5,8,0,0.101797
7054,2012-08-04,1,1,1,0.101936
7055,2012-08-07,3,9,0,0.101921
7056,2012-08-09,2,3,0,0.101905
7057,2012-08-11,1,8,0,0.101889
7058,2012-08-14,5,4,0,0.101873
7059,2012-08-16,1,9,0,0.101858
7060,2012-08-18,6,9,0,0.101842
7061,2012-08-21,1,6,0,0.101826
7062,2012-08-23,7,8,0,0.10181
7063,2012-08-25,8,6,0,0.101795
7064,2012-08-28,9,3,0,0.101779
7065,2012-08-30,7,4,0,0.101763
7066,2012-09-01,5,5,1,0.101902
7067,2012-09-04,2,3,0,0.101886
7068,2012-09-06,2,8,0,0.10187
7069,2012-09-08,2,9,0,0.101855
7070,2012-09-11,4,9,0,0.101839
7071,2012-09-13,7,1,0,0.101823
7072,2012-09-15,4,7,0,0.101808
7073,2012-09-18,1,5,0,0.101792
7074,2012-09-20,3,1,0,0.101776
7075,2012-09-22,5,3,0,0.10176
7076,2012-09-25,1,9,0,0.101745
7077,2012-09-27,3,9,0,0.101729
7078,2012-09-29,9,3,0,0.101713
7079,2012-10-02,5,7,0,0.101698
7080,2012-10-04,4,7,0,0.101682
7081,2012-10-06,7,3,0,0.101666
7082,2012-10-09,7,7,1,0.101805
7083,2012-10-11,4,6,0,0.101789
7084,2012-10-13,5,5,1,0.101928
7085,2012-10-16,7,4,0,0.101912
7086,2012-10-18,4,5,0,0.101896
7087,2012-10-20,6,5,0,0.10188
7088,2012-10-23,8,7,0,0.101865
7089,2012-10-25,3,4,0,0.101849
7090,2012-10-27,7,8,0,0.101833
7091,2012-10-30,4,5,0,0.101818
7092,2012-11-02,4,5,0,0.101802
7093,2012-11-03,6,8,0,0.101786
7094,2012-11-06,8,7,0,0.101771
7095,2012-11-08,8,4,0,0.101755
7096,2012-11-10,8,2,0,0.101739
7097,2012-11-13,7,2,0,0.101724
7098,2012-11-15,5,9,0,0.101708
7099,2012-11-17,6,3,0,0.101692
7100,2012-11-20,9,8,0,0.101677
7101,2012-11-22,8,9,0,0.101661
7102,2012-11-24,6,3,0,0.101645
7103,2012-11-27,5,5,1,0.101784
7104,2012-11-29,5,7,0,0.101768
7105,2012-12-01,3,7,0,0.101752
7106,2012-12-04,4,7,0,0.101737
7107,2012-12-06,6,6,1,0.101875
7108,2012-12-10,9,7,0,0.101859
7109,2012-12-11,9,9,1,0.101997
7110,2012-12-13,5,7,0,0.101981
7111,2012-12-15,9,7,0,0.101966
7112,2012-12-18,6,5,0,0.10195
7113,2012-12-20,1,3,0,0.101934
7114,2012-12-22,9,8,0,0.101919
7115,2012-12-24,6,5,0,0.101903
7116,2012-12-27,7,3,0,0.101887
7117,2012-12-29,4,3,0,0.101872
7118,2013-01-02,7,5,0,0.101856
7119,2013-01-03,9,7,0,0.10184
7120,2013-01-05,5,6,0,0.101825
7121,2013-01-08,6,7,0,0.101809
7122,2013-01-10,3,9,0,0.101794
7123,2013-01-12,7,8,0,0.101778
7124,2013-01-15,8,5,0,0.101762
7125,2013-01-17,7,3,0,0.101747
7126,2013-01-19,8,9,0,0.101731
7127,2013-01-22,1,3,0,0.101716
7128,2013-01-24,9,7,0,0.1017
7129,2013-01-26,3,5,0,0.101685
7130,2013-01-29,6,3,0,0.101669
7131,2013-01-31,8,2,0,0.101653
7132,2013-02-02,9,4,0,0.101638
7133,2013-02-05,1,4,0,0.101622
7134,2013-02-07,4,9,0,0.101607
7135,2013-02-09,5,2,0,0.101591
7136,2013-02-12,2,4,0,0.101576
7137,2013-02-14,8,8,1,0.101713
7138,2013-02-16,7,4,0,0.101698
7139,2013-02-19,4,9,0,0.101682
7140,2013-02-21,9,5,0,0.101666
7141,2013-02-23,4,3,0,0.101651
7142,2013-02-26,6,5,0,0.101635
7143,2013-02-28,2,7,0,0.10162
7144,2013-03-02,5,5,1,0.101757
7145,2013-03-05,5,1,0,0.101742
7146,2013-03-07,4,7,0,0.101726
7147,2013-03-09,3,3,1,0.101863
7148,2013-03-12,6,6,1,0.102
7149,2013-03-14,8,2,0,0.101985
7150,2013-03-16,2,4,0,0.101969
7151,2013-03-19,3,4,0,0.101954
7152,2013-03-21,9,6,0,0.101938
7153,2013-03-23,7,7,1,0.102075
7154,2013-03-26,6,5,0,0.102059
7155,2013-03-28,5,7,0,0.102044
7156,2013-03-30,4,7,0,0.102028
7157,2013-04-02,3,3,1,0.102165
7158,2013-04-04,6,6,1,0.102302
7159,2013-04-06,3,2,0,0.102287
7160,2013-04-09,4,8,0,0.102271
7161,2013-04-11,9,6,0,0.102255
7162,2013-04-13,2,3,0,0.10224
7163,2013-04-16,5,7,0,0.102224
7164,2013-04-18,9,1,0,0.102209
7165,2013-04-20,9,5,0,0.102193
7166,2013-04-23,6,7,0,0.102178
7167,2013-04-26,4,3,0,0.102162
7168,2013-04-27,1,4,0,0.102146
7169,2013-04-30,6,1,0,0.102131
7170,2013-05-02,1,6,0,0.102115
7171,2013-05-04,7,8,0,0.1021
7172,2013-05-07,9,6,0,0.102084
7173,2013-05-09,9,6,0,0.102069
7174,2013-05-11,6,7,0,0.102053
7175,2013-05-14,7,3,0,0.102038
7176,2013-05-16,7,3,0,0.102022
7177,2013-05-18,8,6,0,0.102007
7178,2013-05-21,2,3,0,0.101991
7179,2013-05-23,8,4,0,0.101976
7180,2013-05-25,9,4,0,0.10196
7181,2013-05-28,8,4,0,0.101945
7182,2013-05-30,5,3,0,0.101929
7183,2013-06-01,3,3,1,0.102066
7184,2013-06-04,3,4,0,0.10205
7185,2013-06-06,1,9,0,0.102035
7186,2013-06-08,1,7,0,0.102019
7187,2013-06-11,7,9,0,0.102004
7188,2013-06-13,2,6,0,0.101988
7189,2013-06-15,8,8,1,0.102124
7190,2013-06-18,8,4,0,0.102109
7191,2013-06-20,3,2,0,0.102093
7192,2013-06-22,1,8,0,0.102078
7193,2013-06-25,1,7,0,0.102062
7194,2013-06-27,7,9,0,0.102047
7195,2013-06-29,5,6,0,0.102032
7196,2013-07-02,4,6,0,0.102016
7197,2013-07-04,6,3,0,0.102001
7198,2013-07-06,1,7,0,0.101985
7199,2013-07-09,6,8,0,0.10197
7200,2013-07-11,2,6,0,0.101954
7201,2013-07-13,8,5,0,0.101939
7202,2013-07-16,8,4,0,0.101923
7203,2013-07-18,5,2,0,0.101908
7204,2013-07-20,1,3,0,0.101893
7205,2013-07-23,6,3,0,0.101877
7206,2013-07-25,3,6,0,0.101862
7207,2013-07-27,4,8,0,0.101846
7208,2013-07-30,2,6,0,0.101831
7209,2013-08-01,2,9,0,0.101815
7210,2013-08-03,3,9,0,0.1018
7211,2013-08-06,1,6,0,0.101785
7212,2013-08-08,4,7,0,0.101769
7213,2013-08-10,4,2,0,0.101754
7214,2013-08-13,9,8,0,0.101738
7215,2013-08-16,4,3,0,0.101723
7216,2013-08-17,3,5,0,0.101708
7217,2013-08-20,1,6,0,0.101692
7218,2013-08-22,8,7,0,0.101677
7219,2013-08-24,7,5,0,0.101662
7220,2013-08-27,2,9,0,0.101646
7221,2013-08-29,8,8,1,0.101782
7222,2013-08-31,5,4,0,0.101767
7223,2013-09-03,7,3,0,0.101751
7224,2013-09-05,1,5,0,0.101736
7225,2013-09-07,6,7,0,0.10172
7226,2013-09-10,6,6,1,0.101856
7227,2013-09-12,4,8,0,0.101841
7228,2013-09-14,1,4,0,0.101825
7229,2013-09-17,4,6,0,0.10181
7230,2013-09-19,7,2,0,0.101795
7231,2013-09-21,6,7,0,0.101779
7232,2013-09-24,6,7,0,0.101764
7233,2013-09-26,4,8,0,0.101749
7234,2013-09-28,3,1,0,0.101733
7235,2013-10-01,4,6,0,0.101718
7236,2013-10-03,3,6,0,0.101703
7237,2013-10-05,6,6,1,0.101838
7238,2013-10-08,3,3,1,0.101973
7239,2013-10-10,1,8,0,0.101958
7240,2013-10-12,6,7,0,0.101942
7241,2013-10-15,3,6,0,0.101927
7242,2013-10-17,7,8,0,0.101912
7243,2013-10-19,3,5,0,0.101896
7244,2013-10-22,2,4,0,0.101881
7245,2013-10-24,8,8,1,0.102016
7246,2013-10-26,4,4,1,0.102151
7247,2013-10-29,2,2,1,0.102286
7248,2013-10-31,1,9,0,0.102271
7249,2013-11-02,6,4,0,0.102256
7250,2013-11-05,3,6,0,0.10224
7251,2013-11-07,3,8,0,0.102225
7252,2013-11-09,1,9,0,0.10221
7253,2013-11-12,1,7,0,0.102194
7254,2013-11-14,3,9,0,0.102179
7255,2013-11-16,1,3,0,0.102163
7256,2013-11-19,3,7,0,0.102148
7257,2013-11-21,4,3,0,0.102133
7258,2013-11-23,1,6,0,0.102117
7259,2013-11-26,7,6,0,0.102102
7260,2013-11-28,6,6,1,0.102237
7261,2013-11-30,2,7,0,0.102222
7262,2013-12-03,6,5,0,0.102206
7263,2013-12-05,9,8,0,0.102191
7264,2013-12-07,5,9,0,0.102176
7265,2013-12-10,1,7,0,0.10216
7266,2013-12-12,4,3,0,0.102145
7267,2013-12-14,5,2,0,0.10213
7268,2013-12-17,7,4,0,0.102114
7269,2013-12-19,3,5,0,0.102099
7270,2013-12-21,4,4,1,0.102234
7271,2013-12-24,1,6,0,0.102218
7272,2013-12-27,1,6,0,0.102203
7273,2013-12-28,2,9,0,0.102188
7274,2013-12-31,6,5,0,0.102172
7275,2014-01-02,1,8,0,0.102157
7276,2014-01-04,9,8,0,0.102142
7277,2014-01-07,2,5,0,0.102126
7278,2014-01-09,9,7,0,0.102111
7279,2014-01-11,5,9,0,0.102096
7280,2014-01-14,9,7,0,0.102081
7281,2014-01-16,5,5,1,0.102215
7282,2014-01-18,5,7,0,0.1022
7283,2014-01-21,2,7,0,0.102184
7284,2014-01-23,3,8,0,0.102169
7285,2014-01-25,7,6,0,0.102154
7286,2014-01-28,4,5,0,0.102138
7287,2014-01-30,1,5,0,0.102123
7288,2014-02-01,3,1,0,0.102108
7289,2014-02-04,7,3,0,0.102093
7290,2014-02-06,9,5,0,0.102077
7291,2014-02-08,3,6,0,0.102062
7292,2014-02-11,4,6,0,0.102047
7293,2014-02-13,4,6,0,0.102032
7294,2014-02-15,2,8,0,0.102016
7295,2014-02-18,3,9,0,0.102001
7296,2014-02-20,4,6,0,0.101986
7297,2014-02-22,4,6,0,0.101971
7298,2014-02-25,8,8,1,0.102105
7299,2014-02-27,2,5,0,0.10209
7300,2014-03-01,5,4,0,0.102074
7301,2014-03-04,5,1,0,0.102059
7302,2014-03-06,2,7,0,0.102044
7303,2014-03-08,5,8,0,0.102029
7304,2014-03-11,1,1,1,0.102163
7305,2014-03-13,8,3,0,0.102147
7306,2014-03-15,8,5,0,0.102132
7307,2014-03-18,6,2,0,0.102117
7308,2014-03-20,4,5,0,0.102102
7309,2014-03-22,1,1,1,0.102235
7310,2014-03-25,9,1,0,0.10222
7311,2014-03-27,5,2,0,0.102205
7312,2014-03-29,8,7,0,0.10219
7313,2014-04-01,6,5,0,0.102175
7314,2014-04-03,2,5,0,0.102159
7315,2014-04-05,6,5,0,0.102144
7316,2014-04-08,8,8,1,0.102278
7317,2014-04-10,7,4,0,0.102263
7318,2014-04-12,8,9,0,0.102247
7319,2014-04-15,8,3,0,0.102232
7320,2014-04-17,5,2,0,0.102217
7321,2014-04-19,9,3,0,0.102202
7322,2014-04-22,2,5,0,0.102187
7323,2014-04-24,7,7,1,0.10232
7324,2014-04-26,4,6,0,0.102305
7325,2014-04-29,7,5,0,0.10229
7326,2014-05-02,1,7,0,0.102274
7327,2014-05-03,7,7,1,0.102408
7328,2014-05-06,1,6,0,0.102393
7329,2014-05-08,6,7,0,0.102377
7330,2014-05-10,5,6,0,0.102362
7331,2014-05-13,7,4,0,0.102347
7332,2014-05-15,8,5,0,0.102332
7333,2014-05-17,5,3,0,0.102317
7334,2014-05-20,3,3,1,0.10245
7335,2014-05-22,1,4,0,0.102435
7336,2014-05-24,8,7,0,0.102419
7337,2014-05-27,5,5,1,0.102553
7338,2014-05-29,7,3,0,0.102537
7339,2014-05-31,3,5,0,0.102522
7340,2014-06-03,3,4,0,0.102507
7341,2014-06-05,3,9,0,0.102492
7342,2014-06-07,8,9,0,0.102477
7343,2014-06-10,8,7,0,0.102461
7344,2014-06-12,2,5,0,0.102446
7345,2014-06-14,8,4,0,0.102431
7346,2014-06-17,3,4,0,0.102416
7347,2014-06-19,8,8,1,0.102549
7348,2014-06-21,1,7,0,0.102534
7349,2014-06-24,4,7,0,0.102519
7350,2014-06-26,7,5,0,0.102503
7351,2014-06-28,3,7,0,0.102488
7352,2014-07-01,8,4,0,0.102473
7353,2014-07-03,6,7,0,0.102458
7354,2014-07-05,4,5,0,0.102443
7355,2014-07-08,1,1,1,0.102575
7356,2014-07-10,5,1,0,0.10256
7357,2014-07-12,9,9,1,0.102693
7358,2014-07-15,8,5,0,0.102678
7359,2014-07-17,2,3,0,0.102663
7360,2014-07-19,8,4,0,0.102648
7361,2014-07-22,6,4,0,0.102632
7362,2014-07-24,5,5,1,0.102765
7363,2014-07-26,8,7,0,0.10275
7364,2014-07-29,9,5,0,0.102735
7365,2014-07-31,7,4,0,0.102719
7366,2014-08-02,4,5,0,0.102704
7367,2014-08-05,6,5,0,0.102689
7368,2014-08-07,1,7,0,0.102674
7369,2014-08-09,9,8,0,0.102659
7370,2014-08-12,2,5,0,0.102644
7371,2014-08-14,3,7,0,0.102628
7372,2014-08-16,9,6,0,0.102613
7373,2014-08-19,2,7,0,0.102598
7374,2014-08-21,4,7,0,0.102583
7375,2014-08-23,4,1,0,0.102568
7376,2014-08-26,4,8,0,0.102553
7377,2014-08-28,3,8,0,0.102538
7378,2014-08-30,1,6,0,0.102522
7379,2014-09-02,6,7,0,0.102507
7380,2014-09-04,7,6,0,0.102492
7381,2014-09-06,6,3,0,0.102477
7382,2014-09-09,7,7,1,0.102609
7383,2014-09-11,9,3,0,0.102594
7384,2014-09-13,9,6,0,0.102579
7385,2014-09-16,9,7,0,0.102564
7386,2014-09-18,9,7,0,0.102549
7387,2014-09-20,4,7,0,0.102534
7388,2014-09-23,5,5,1,0.102666
7389,2014-09-25,9,4,0,0.102651
7390,2014-09-27,7,5,0,0.102636
7391,2014-09-30,3,5,0,0.102621
7392,2014-10-02,6,4,0,0.102606
7393,2014-10-04,7,3,0,0.102591
7394,2014-10-07,1,3,0,0.102575
7395,2014-10-09,7,7,1,0.102707
7396,2014-10-11,3,6,0,0.102692
7397,2014-10-14,6,4,0,0.102677
7398,2014-10-16,5,3,0,0.102662
7399,2014-10-18,6,7,0,0.102647
7400,2014-10-21,5,9,0,0.102632
7401,2014-10-23,9,7,0,0.102617
7402,2014-10-25,8,5,0,0.102602
7403,2014-10-28,4,3,0,0.102587
7404,2014-10-30,9,2,0,0.102572
7405,2014-11-03,1,3,0,0.102557
7406,2014-11-04,8,4,0,0.102542
7407,2014-11-06,7,5,0,0.102526
7408,2014-11-08,1,8,0,0.102511
7409,2014-11-11,8,7,0,0.102496
7410,2014-11-13,2,5,0,0.102481
7411,2014-11-15,9,4,0,0.102466
7412,2014-11-18,5,5,1,0.102598
7413,2014-11-20,2,7,0,0.102583
7414,2014-11-22,2,8,0,0.102568
7415,2014-11-25,9,9,1,0.1027
7416,2014-11-27,9,5,0,0.102684
7417,2014-11-29,4,7,0,0.102669
7418,2014-12-02,2,5,0,0.102654
7419,2014-12-04,1,9,0,0.102639
7420,2014-12-06,1,4,0,0.102624
7421,2014-12-09,5,9,0,0.102609
7422,2014-12-11,1,9,0,0.102594
7423,2014-12-13,1,3,0,0.102579
7424,2014-12-16,4,9,0,0.102564
7425,2014-12-18,7,5,0,0.102549
7426,2014-12-20,6,7,0,0.102534
7427,2014-12-23,8,7,0,0.102519
7428,2014-12-24,3,4,0,0.102504
7429,2014-12-27,4,8,0,0.102489
7430,2014-12-30,3,6,0,0.102474
7431,2015-01-02,3,6,0,0.102459
7432,2015-01-03,3,8,0,0.102444
7433,2015-01-07,2,8,0,0.102429
7434,2015-01-08,7,8,0,0.102414
7435,2015-01-10,7,6,0,0.102399
7436,2015-01-13,4,6,0,0.102384
7437,2015-01-15,9,5,0,0.102369
7438,2015-01-17,7,3,0,0.102354
7439,2015-01-20,8,5,0,0.102339
7440,2015-01-22,3,3,1,0.10247
7441,2015-01-24,4,8,0,0.102455
7442,2015-01-27,6,6,1,0.102587
7443,2015-01-29,9,1,0,0.102572
7444,2015-01-31,1,9,0,0.102557
7445,2015-02-03,9,4,0,0.102542
7446,2015-02-05,1,2,0,0.102527
7447,2015-02-07,5,9,0,0.102512
7448,2015-02-10,5,9,0,0.102497
7449,2015-02-12,2,7,0,0.102482
7450,2015-02-14,1,8,0,0.102467
7451,2015-02-17,7,4,0,0.102452
7452,2015-02-19,9,6,0,0.102437
7453,2015-02-21,8,6,0,0.102422
7454,2015-02-24,9,3,0,0.102407
7455,2015-02-26,7,4,0,0.102392
7456,2015-02-28,3,5,0,0.102377
7457,2015-03-03,5,4,0,0.102362
7458,2015-03-05,5,9,0,0.102347
7459,2015-03-07,6,7,0,0.102332
7460,2015-03-10,1,9,0,0.102317
7461,2015-03-12,3,8,0,0.102303
7462,2015-03-14,1,3,0,0.102288
7463,2015-03-17,7,7,1,0.102418
7464,2015-03-19,3,6,0,0.102403
7465,2015-03-21,9,4,0,0.102389
7466,2015-03-24,8,7,0,0.102374
7467,2015-03-26,6,3,0,0.102359
7468,2015-03-28,2,5,0,0.102344
7469,2015-03-31,5,5,1,0.102475
7470,2015-04-02,9,1,0,0.10246
7471,2015-04-04,1,5,0,0.102445
7472,2015-04-07,3,9,0,0.10243
7473,2015-04-09,1,3,0,0.102415
7474,2015-04-11,9,7,0,0.1024
7475,2015-04-14,5,2,0,0.102385
7476,2015-04-16,3,7,0,0.10237
7477,2015-04-18,2,4,0,0.102355
7478,2015-04-21,4,8,0,0.10234
7479,2015-04-23,4,1,0,0.102326
7480,2015-04-27,7,8,0,0.102311
7481,2015-04-28,9,7,0,0.102296
7482,2015-04-30,6,6,1,0.102426
7483,2015-05-02,7,3,0,0.102411
7484,2015-05-05,2,3,0,0.102397
7485,2015-05-07,6,8,0,0.102382
7486,2015-05-09,5,8,0,0.102367
7487,2015-05-12,7,7,1,0.102497
7488,2015-05-14,1,5,0,0.102482
7489,2015-05-16,7,7,1,0.102612
7490,2015-05-19,8,6,0,0.102598
7491,2015-05-21,6,3,0,0.102583
7492,2015-05-23,1,5,0,0.102568
7493,2015-05-26,2,8,0,0.102553
7494,2015-05-28,9,5,0,0.102538
7495,2015-05-30,2,5,0,0.102523
7496,2015-06-03,5,7,0,0.102508
7497,2015-06-04,9,1,0,0.102493
7498,2015-06-06,9,5,0,0.102479
7499,2015-06-09,8,7,0,0.102464
7500,2015-06-11,2,3,0,0.102449
7501,2015-06-13,6,4,0,0.102434
7502,2015-06-16,9,8,0,0.102419
7503,2015-06-18,9,9,1,0.102549
7504,2015-06-20,9,8,0,0.102534
7505,2015-06-23,3,8,0,0.10252
7506,2015-06-25,7,6,0,0.102505
7507,2015-06-27,9,5,0,0.10249
7508,2015-06-30,9,6,0,0.102475
7509,2015-07-02,9,8,0,0.10246
7510,2015-07-04,8,8,1,0.10259
7511,2015-07-07,9,3,0,0.102575
7512,2015-07-09,2,4,0,0.10256
7513,2015-07-11,7,7,1,0.10269
7514,2015-07-14,9,6,0,0.102675
7515,2015-07-16,3,6,0,0.10266
7516,2015-07-18,1,6,0,0.102646
7517,2015-07-21,8,7,0,0.102631
7518,2015-07-23,8,5,0,0.102616
7519,2015-07-25,7,2,0,0.102601
7520,2015-07-28,6,8,0,0.102586
7521,2015-07-30,2,7,0,0.102572
7522,2015-08-01,7,5,0,0.102557
7523,2015-08-04,2,6,0,0.102542
7524,2015-08-06,4,8,0,0.102527
7525,2015-08-08,2,1,0,0.102512
7526,2015-08-11,8,9,0,0.102497
7527,2015-08-13,8,4,0,0.102483
7528,2015-08-17,6,2,0,0.102468
7529,2015-08-18,2,5,0,0.102453
7530,2015-08-20,1,5,0,0.102438
7531,2015-08-22,3,4,0,0.102424
7532,2015-08-25,2,3,0,0.102409
7533,2015-08-27,1,8,0,0.102394
7534,2015-08-29,1,4,0,0.102379
7535,2015-09-01,3,9,0,0.102364
7536,2015-09-03,3,3,1,0.102494
7537,2015-09-05,9,8,0,0.102479
7538,2015-09-08,3,7,0,0.102464
7539,2015-09-10,7,6,0,0.10245
7540,2015-09-12,1,5,0,0.102435
7541,2015-09-15,8,7,0,0.10242
7542,2015-09-17,7,5,0,0.102405
7543,2015-09-19,6,8,0,0.102391
7544,2015-09-22,8,7,0,0.102376
7545,2015-09-24,9,4,0,0.102361
7546,2015-09-26,7,4,0,0.102346
7547,2015-09-29,9,5,0,0.102332
7548,2015-10-01,4,6,0,0.102317
7549,2015-10-03,1,5,0,0.102302
7550,2015-10-06,4,1,0,0.102287
7551,2015-10-08,5,5,1,0.102417
7552,2015-10-10,8,4,0,0.102402
7553,2015-10-13,2,5,0,0.102387
7554,2015-10-15,7,4,0,0.102372
7555,2015-10-17,3,6,0,0.102358
7556,2015-10-20,1,4,0,0.102343
7557,2015-10-22,3,7,0,0.102328
7558,2015-10-24,5,3,0,0.102314
7559,2015-10-27,8,9,0,0.102299
7560,2015-10-29,9,5,0,0.102284
7561,2015-10-31,4,4,1,0.102413
7562,2015-11-03,5,5,1,0.102542
7563,2015-11-05,7,4,0,0.102527
7564,2015-11-07,8,5,0,0.102513
7565,2015-11-10,7,3,0,0.102498
7566,2015-11-12,1,8,0,0.102483
7567,2015-11-14,5,7,0,0.102468
7568,2015-11-17,7,9,0,0.102454
7569,2015-11-19,1,5,0,0.102439
7570,2015-11-21,3,7,0,0.102424
7571,2015-11-24,1,3,0,0.10241
7572,2015-11-26,3,7,0,0.102395
7573,2015-11-28,5,3,0,0.10238
7574,2015-12-01,8,9,0,0.102366
7575,2015-12-03,9,5,0,0.102351
7576,2015-12-05,7,4,0,0.102336
7577,2015-12-09,8,5,0,0.102322
7578,2015-12-10,3,3,1,0.10245
7579,2015-12-12,9,8,0,0.102436
7580,2015-12-15,7,7,1,0.102564
7581,2015-12-17,4,5,0,0.102549
7582,2015-12-19,5,5,1,0.102678
7583,2015-12-22,6,4,0,0.102663
7584,2015-12-24,2,1,0,0.102649
7585,2015-12-28,4,5,0,0.102634
7586,2015-12-29,2,1,0,0.102619
7587,2015-12-31,4,9,0,0.102604
7588,2016-01-02,9,1,0,0.10259
7589,2016-01-05,1,3,0,0.102575
7590,2016-01-07,3,9,0,0.10256
7591,2016-01-09,1,3,0,0.102546
7592,2016-01-12,5,7,0,0.102531
7593,2016-01-14,2,9,0,0.102516
7594,2016-01-16,2,8,0,0.102502
7595,2016-01-19,9,9,1,0.10263
7596,2016-01-21,4,5,0,0.102615
7597,2016-01-23,9,5,0,0.102601
7598,2016-01-26,7,3,0,0.102586
7599,2016-01-28,8,5,0,0.102571
7600,2016-01-30,2,3,0,0.102557
7601,2016-02-02,7,4,0,0.102542
7602,2016-02-04,1,6,0,0.102527
7603,2016-02-06,6,7,0,0.102513
7604,2016-02-09,6,6,1,0.102641
7605,2016-02-11,5,8,0,0.102626
7606,2016-02-13,1,7,0,0.102612
7607,2016-02-16,6,3,0,0.102597
7608,2016-02-18,1,6,0,0.102582
7609,2016-02-20,7,8,0,0.102568
7610,2016-02-23,9,6,0,0.102553
7611,2016-02-25,9,6,0,0.102539
7612,2016-02-27,1,8,0,0.102524
7613,2016-03-01,4,3,0,0.102509
7614,2016-03-03,1,5,0,0.102495
7615,2016-03-05,2,1,0,0.10248
7616,2016-03-08,1,9,0,0.102465
7617,2016-03-10,9,4,0,0.102451
7618,2016-03-12,2,5,0,0.102436
7619,2016-03-15,5,7,0,0.102422
7620,2016-03-17,7,1,0,0.102407
7621,2016-03-19,7,5,0,0.102392
7622,2016-03-22,4,6,0,0.102378
7623,2016-03-24,5,5,1,0.102506
7624,2016-03-26,6,4,0,0.102491
7625,2016-03-29,3,1,0,0.102477
7626,2016-03-31,8,8,1,0.102604
7627,2016-04-02,3,7,0,0.10259
7628,2016-04-05,6,8,0,0.102575
7629,2016-04-07,4,3,0,0.10256
7630,2016-04-09,8,1,0,0.102546
7631,2016-04-12,1,5,0,0.102531
7632,2016-04-14,7,7,1,0.102659
7633,2016-04-16,9,6,0,0.102644
7634,2016-04-19,5,6,0,0.10263
7635,2016-04-21,9,7,0,0.102615
7636,2016-04-23,4,5,0,0.102601
7637,2016-04-26,2,5,0,0.102586
7638,2016-04-28,9,9,1,0.102713
7639,2016-04-30,6,5,0,0.102699
7640,2016-05-03,7,3,0,0.102684
7641,2016-05-05,2,3,0,0.10267
7642,2016-05-07,5,8,0,0.102655
7643,2016-05-10,4,1,0,0.102641
7644,2016-05-12,5,3,0,0.102626
7645,2016-05-14,4,4,1,0.102753
7646,2016-05-17,9,3,0,0.102739
7647,2016-05-19,4,3,0,0.102724
7648,2016-05-21,3,5,0,0.10271
7649,2016-05-24,8,6,0,0.102695
7650,2016-05-26,1,7,0,0.10268
7651,2016-05-28,8,7,0,0.102666
7652,2016-05-31,9,5,0,0.102651
7653,2016-06-03,8,4,0,0.102637
7654,2016-06-04,9,3,0,0.102622
7655,2016-06-07,1,4,0,0.102608
7656,2016-06-09,8,4,0,0.102593
7657,2016-06-11,2,5,0,0.102579
7658,2016-06-14,4,4,1,0.102706
7659,2016-06-16,3,1,0,0.102691
7660,2016-06-18,9,6,0,0.102677
7661,2016-06-21,5,7,0,0.102662
7662,2016-06-23,8,7,0,0.102648
7663,2016-06-25,4,5,0,0.102633
7664,2016-06-28,4,2,0,0.102619
7665,2016-06-30,6,8,0,0.102604
7666,2016-07-02,7,1,0,0.10259
7667,2016-07-05,3,2,0,0.102575
7668,2016-07-07,4,4,1,0.102702
7669,2016-07-09,8,6,0,0.102687
7670,2016-07-12,8,5,0,0.102673
7671,2016-07-14,2,2,1,0.1028
7672,2016-07-16,7,4,0,0.102785
7673,2016-07-19,3,6,0,0.102771
7674,2016-07-21,4,4,1,0.102898
7675,2016-07-23,5,6,0,0.102883
7676,2016-07-26,2,4,0,0.102868
7677,2016-07-28,5,8,0,0.102854
7678,2016-07-30,4,1,0,0.102839
7679,2016-08-02,3,3,1,0.102966
7680,2016-08-04,7,6,0,0.102952
7681,2016-08-06,2,5,0,0.102937
7682,2016-08-09,5,8,0,0.102922
7683,2016-08-11,5,1,0,0.102908
7684,2016-08-13,2,6,0,0.102893
7685,2016-08-16,5,8,0,0.102879
7686,2016-08-18,5,1,0,0.102864
7687,2016-08-20,3,6,0,0.10285
7688,2016-08-23,2,4,0,0.102835
7689,2016-08-25,5,8,0,0.102821
7690,2016-08-27,5,1,0,0.102806
7691,2016-08-30,5,6,0,0.102792
7692,2016-09-01,3,6,0,0.102777
7693,2016-09-03,4,4,1,0.102904
7694,2016-09-06,3,6,0,0.102889
7695,2016-09-08,6,6,1,0.103016
7696,2016-09-10,6,3,0,0.103001
7697,2016-09-13,7,8,0,0.102987
7698,2016-09-15,9,3,0,0.102972
7699,2016-09-17,2,6,0,0.102958
7700,2016-09-20,2,7,0,0.102943
7701,2016-09-22,4,9,0,0.102929
7702,2016-09-24,5,1,0,0.102914
7703,2016-09-27,7,4,0,0.1029
7704,2016-09-29,9,5,0,0.102885
7705,2016-10-01,1,6,0,0.102871
7706,2016-10-04,1,4,0,0.102856
7707,2016-10-06,5,9,0,0.102842
7708,2016-10-08,8,9,0,0.102827
7709,2016-10-11,9,5,0,0.102813
7710,2016-10-13,1,4,0,0.102798
7711,2016-10-15,4,4,1,0.102925
7712,2016-10-18,8,5,0,0.10291
7713,2016-10-20,9,5,0,0.102896
7714,2016-10-22,7,4,0,0.102881
7715,2016-10-25,6,5,0,0.102867
7716,2016-10-27,7,7,1,0.102993
7717,2016-10-29,2,3,0,0.102978
7718,2016-11-02,2,8,0,0.102964
7719,2016-11-03,5,9,0,0.102949
7720,2016-11-05,4,5,0,0.102935
7721,2016-11-08,1,3,0,0.102921
7722,2016-11-10,2,1,0,0.102906
7723,2016-11-12,6,9,0,0.102892
7724,2016-11-15,7,8,0,0.102877
7725,2016-11-17,4,2,0,0.102863
7726,2016-11-19,3,5,0,0.102848
7727,2016-11-22,1,6,0,0.102834
7728,2016-11-24,5,7,0,0.102819
7729,2016-11-26,9,9,1,0.102945
7730,2016-11-29,7,5,0,0.102931
7731,2016-12-01,6,5,0,0.102916
7732,2016-12-03,6,7,0,0.102902
7733,2016-12-06,2,8,0,0.102888
7734,2016-12-09,9,5,0,0.102873
7735,2016-12-10,6,5,0,0.102859
7736,2016-12-13,1,3,0,0.102844
7737,2016-12-15,1,8,0,0.10283
7738,2016-12-17,9,9,1,0.102956
7739,2016-12-20,3,2,0,0.102941
7740,2016-12-22,5,6,0,0.102927
7741,2016-12-24,8,9,0,0.102912
7742,2016-12-27,1,5,0,0.102898
7743,2016-12-29,3,7,0,0.102884
7744,2016-12-31,6,3,0,0.102869
7745,2017-01-03,5,3,0,0.102855
7746,2017-01-05,7,7,1,0.10298
7747,2017-01-07,6,5,0,0.102966
7748,2017-01-10,2,7,0,0.102951
7749,2017-01-12,8,5,0,0.102937
7750,2017-01-14,1,4,0,0.102923
7751,2017-01-17,7,7,1,0.103048
7752,2017-01-19,2,9,0,0.103034
7753,2017-01-21,3,8,0,0.103019
7754,2017-01-24,2,6,0,0.103005
7755,2017-01-26,4,8,0,0.10299
7756,2017-01-28,2,1,0,0.102976
7757,2017-01-31,1,9,0,0.102962
7758,2017-02-02,9,4,0,0.102947
7759,2017-02-04,9,2,0,0.102933
7760,2017-02-07,1,8,0,0.102919
7761,2017-02-09,9,4,0,0.102904
7762,2017-02-11,2,2,1,0.103029
7763,2017-02-14,6,7,0,0.103015
7764,2017-02-16,9,8,0,0.103001
7765,2017-02-18,5,9,0,0.102986
7766,2017-02-21,6,8,0,0.102972
7767,2017-02-23,6,1,0,0.102958
7768,2017-02-25,8,8,1,0.103083
7769,2017-02-28,7,4,0,0.103068
7770,2017-03-02,3,8,0,0.103054
7771,2017-03-04,4,4,1,0.103179
7772,2017-03-07,7,6,0,0.103165
7773,2017-03-09,1,7,0,0.10315
7774,2017-03-11,3,7,0,0.103136
7775,2017-03-14,8,3,0,0.103122
7776,2017-03-16,1,7,0,0.103107
7777,2017-03-18,7,7,1,0.103232
7778,2017-03-21,9,9,1,0.103357
7779,2017-03-23,3,6,0,0.103343
7780,2017-03-25,2,5,0,0.103328
7781,2017-03-28,5,8,0,0.103314
7782,2017-03-30,5,5,1,0.103439
7783,2017-04-01,2,6,0,0.103424
7784,2017-04-04,1,8,0,0.10341
7785,2017-04-06,4,4,1,0.103535
7786,2017-04-08,3,5,0,0.10352
7787,2017-04-11,1,6,0,0.103506
7788,2017-04-13,4,7,0,0.103491
7789,2017-04-15,6,5,0,0.103477
7790,2017-04-18,3,7,0,0.103463
7791,2017-04-20,6,8,0,0.103448
7792,2017-04-22,9,3,0,0.103434
7793,2017-04-26,5,9,0,0.10342
7794,2017-04-27,7,8,0,0.103405
7795,2017-04-29,7,5,0,0.103391
7796,2017-05-02,5,6,0,0.103376
7797,2017-05-04,3,6,0,0.103362
7798,2017-05-06,2,4,0,0.103348
7799,2017-05-09,7,8,0,0.103333
7800,2017-05-11,7,6,0,0.103319
7801,2017-05-13,3,6,0,0.103305
7802,2017-05-16,7,4,0,0.10329
7803,2017-05-18,2,2,1,0.103415
7804,2017-05-20,2,8,0,0.1034
7805,2017-05-23,5,9,0,0.103386
7806,2017-05-25,3,5,0,0.103372
7807,2017-05-27,1,4,0,0.103357
7808,2017-05-30,1,7,0,0.103343
7809,2017-06-01,6,9,0,0.103329
7810,2017-06-03,6,6,1,0.103453
7811,2017-06-06,7,8,0,0.103439
7812,2017-06-08,5,2,0,0.103424
7813,2017-06-10,8,3,0,0.10341
7814,2017-06-13,8,5,0,0.103396
7815,2017-06-15,6,2,0,0.103381
7816,2017-06-17,8,2,0,0.103367
7817,2017-06-20,7,4,0,0.103353
7818,2017-06-22,8,8,1,0.103477
7819,2017-06-24,8,3,0,0.103463
7820,2017-06-27,5,2,0,0.103448
7821,2017-06-29,4,3,0,0.103434
7822,2017-07-01,3,3,1,0.103558
7823,2017-07-04,3,6,0,0.103544
7824,2017-07-06,6,9,0,0.103529
7825,2017-07-08,9,3,0,0.103515
7826,2017-07-11,5,9,0,0.103501
7827,2017-07-13,1,7,0,0.103486
7828,2017-07-15,8,3,0,0.103472
7829,2017-07-18,7,5,0,0.103458
7830,2017-07-20,3,8,0,0.103444
7831,2017-07-22,4,4,1,0.103567
7832,2017-07-25,2,6,0,0.103553
7833,2017-07-27,2,9,0,0.103539
7834,2017-07-29,9,9,1,0.103663
7835,2017-08-01,2,5,0,0.103648
7836,2017-08-03,3,7,0,0.103634
7837,2017-08-05,3,6,0,0.10362
7838,2017-08-08,7,9,0,0.103605
7839,2017-08-10,7,2,0,0.103591
7840,2017-08-12,5,6,0,0.103577
7841,2017-08-16,5,3,0,0.103563
7842,2017-08-17,8,2,0,0.103548
7843,2017-08-19,6,5,0,0.103534
7844,2017-08-22,3,2,0,0.10352
7845,2017-08-24,9,8,0,0.103505
7846,2017-08-26,6,7,0,0.103491
7847,2017-08-29,2,3,0,0.103477
7848,2017-08-31,1,5,0,0.103463
7849,2017-09-02,5,4,0,0.103448
7850,2017-09-05,8,9,0,0.103434
7851,2017-09-07,6,5,0,0.10342
7852,2017-09-09,5,2,0,0.103405
7853,2017-09-12,5,7,0,0.103391
7854,2017-09-14,4,2,0,0.103377
7855,2017-09-16,9,3,0,0.103363
7856,2017-09-19,3,3,1,0.103486
7857,2017-09-21,5,5,1,0.10361
7858,2017-09-23,3,8,0,0.103596
7859,2017-09-26,6,4,0,0.103581
7860,2017-09-28,5,3,0,0.103567
7861,2017-09-30,7,7,1,0.10369
7862,2017-10-03,5,5,1,0.103814
7863,2017-10-05,5,3,0,0.1038
7864,2017-10-07,7,2,0,0.103785
7865,2017-10-10,2,5,0,0.103771
7866,2017-10-12,4,8,0,0.103757
7867,2017-10-14,2,1,0,0.103742
7868,2017-10-17,1,9,0,0.103728
7869,2017-10-19,5,4,0,0.103714
7870,2017-10-21,1,9,0,0.1037
7871,2017-10-24,9,3,0,0.103685
7872,2017-10-26,5,2,0,0.103671
7873,2017-10-28,5,7,0,0.103657
7874,2017-10-31,6,7,0,0.103643
7875,2017-11-02,4,1,0,0.103628
7876,2017-11-04,2,1,0,0.103614
7877,2017-11-07,8,9,0,0.1036
7878,2017-11-09,2,4,0,0.103586
7879,2017-11-11,7,4,0,0.103571
7880,2017-11-14,2,6,0,0.103557
7881,2017-11-16,5,8,0,0.103543
7882,2017-11-18,1,5,0,0.103529
7883,2017-11-21,5,9,0,0.103515
7884,2017-11-23,3,9,0,0.1035
7885,2017-11-25,7,4,0,0.103486
7886,2017-11-28,3,2,0,0.103472
7887,2017-11-30,9,4,0,0.103458
7888,2017-12-02,8,7,0,0.103444
7889,2017-12-05,1,3,0,0.103429
7890,2017-12-07,2,7,0,0.103415
7891,2017-12-09,8,9,0,0.103401
7892,2017-12-12,4,4,1,0.103524
7893,2017-12-14,5,2,0,0.10351
7894,2017-12-16,7,4,0,0.103496
7895,2017-12-19,7,5,0,0.103481
7896,2017-12-21,7,6,0,0.103467
7897,2017-12-23,9,6,0,0.103453
7898,2017-12-27,4,6,0,0.103439
7899,2017-12-28,5,5,1,0.103562
7900,2017-12-30,4,4,1,0.103684
7901,2018-01-02,6,3,0,0.10367
7902,2018-01-04,4,7,0,0.103656
7903,2018-01-08,5,1,0,0.103642
7904,2018-01-09,5,4,0,0.103628
7905,2018-01-11,9,6,0,0.103613
7906,2018-01-13,5,5,1,0.103736
7907,2018-01-16,1,7,0,0.103722
7908,2018-01-18,4,9,0,0.103708
7909,2018-01-20,7,5,0,0.103694
7910,2018-01-23,5,7,0,0.103679
7911,2018-01-25,3,3,1,0.103802
7912,2018-01-27,1,4,0,0.103788
7913,2018-01-30,9,7,0,0.103774
7914,2018-02-01,9,2,0,0.103759
7915,2018-02-03,7,8,0,0.103745
7916,2018-02-06,2,5,0,0.103731
7917,2018-02-08,4,8,0,0.103717
7918,2018-02-10,1,1,1,0.103839
7919,2018-02-13,9,1,0,0.103825
7920,2018-02-15,6,2,0,0.103811
7921,2018-02-17,8,3,0,0.103797
7922,2018-02-20,9,4,0,0.103783
7923,2018-02-22,2,4,0,0.103768
7924,2018-02-24,9,7,0,0.103754
7925,2018-02-27,7,5,0,0.10374
7926,2018-03-01,8,5,0,0.103726
7927,2018-03-03,9,3,0,0.103712
7928,2018-03-06,6,4,0,0.103698
7929,2018-03-08,3,3,1,0.10382
7930,2018-03-10,2,8,0,0.103806
7931,2018-03-13,8,8,1,0.103928
7932,2018-03-15,1,4,0,0.103914
7933,2018-03-17,1,7,0,0.1039
7934,2018-03-20,7,9,0,0.103885
7935,2018-03-22,9,9,1,0.104008
7936,2018-03-24,8,4,0,0.103993
7937,2018-03-27,8,3,0,0.103979
7938,2018-03-29,7,2,0,0.103965
7939,2018-03-31,1,8,0,0.103951
7940,2018-04-03,1,7,0,0.103937
7941,2018-04-05,8,9,0,0.103923
7942,2018-04-07,9,5,0,0.103908
7943,2018-04-10,9,4,0,0.103894
7944,2018-04-12,9,8,0,0.10388
7945,2018-04-14,8,8,1,0.104002
7946,2018-04-17,2,3,0,0.103988
7947,2018-04-19,7,4,0,0.103974
7948,2018-04-21,8,6,0,0.10396
7949,2018-04-24,1,3,0,0.103946
7950,2018-04-26,4,7,0,0.103931
7951,2018-04-28,8,5,0,0.103917
7952,2018-05-02,8,5,0,0.103903
7953,2018-05-03,8,2,0,0.103889
7954,2018-05-05,1,2,0,0.103875
7955,2018-05-08,5,7,0,0.103861
7956,2018-05-10,4,9,0,0.103847
7957,2018-05-12,8,3,0,0.103833
7958,2018-05-15,8,5,0,0.103818
7959,2018-05-17,7,2,0,0.103804
7960,2018-05-19,3,8,0,0.10379
7961,2018-05-22,2,4,0,0.103776
7962,2018-05-24,5,8,0,0.103762
7963,2018-05-26,8,5,0,0.103748
7964,2018-05-29,9,5,0,0.103734
7965,2018-05-31,5,4,0,0.10372
7966,2018-06-04,3,7,0,0.103706
7967,2018-06-05,8,4,0,0.103692
7968,2018-06-07,6,7,0,0.103678
7969,2018-06-09,6,5,0,0.103664
7970,2018-06-12,9,8,0,0.103649
7971,2018-06-14,6,9,0,0.103635
7972,2018-06-16,8,3,0,0.103621
7973,2018-06-19,1,4,0,0.103607
7974,2018-06-21,5,7,0,0.103593
7975,2018-06-23,5,9,0,0.103579
7976,2018-06-26,5,6,0,0.103565
7977,2018-06-28,6,6,1,0.103687
7978,2018-06-30,1,1,1,0.103808
7979,2018-07-03,2,8,0,0.103794
7980,2018-07-05,6,9,0,0.10378
7981,2018-07-07,5,8,0,0.103766
7982,2018-07-10,4,7,0,0.103752
7983,2018-07-12,6,3,0,0.103738
7984,2018-07-14,7,7,1,0.103859
7985,2018-07-17,9,2,0,0.103845
7986,2018-07-19,6,4,0,0.103831
7987,2018-07-21,1,3,0,0.103817
7988,2018-07-24,3,2,0,0.103803
7989,2018-07-26,7,3,0,0.103789
7990,2018-07-28,2,2,1,0.10391
7991,2018-07-31,7,8,0,0.103896
7992,2018-08-02,5,6,0,0.103882
7993,2018-08-04,8,3,0,0.103868
7994,2018-08-07,7,5,0,0.103854
7995,2018-08-09,9,8,0,0.10384
7996,2018-08-11,5,6,0,0.103826
7997,2018-08-14,1,7,0,0.103812
7998,2018-08-16,6,9,0,0.103798
7999,2018-08-18,7,6,0,0.103784
8000,2018-08-21,3,2,0,0.10377
8001,2018-08-23,1,4,0,0.103756
8002,2018-08-25,7,7,1,0.103877
8003,2018-08-28,8,9,0,0.103863
8004,2018-08-30,6,3,0,0.103849
8005,2018-09-01,3,5,0,0.103835
8006,2018-09-04,5,8,0,0.103821
8007,2018-09-06,4,8,0,0.103807
8008,2018-09-08,3,3,1,0.103928
8009,2018-09-11,4,6,0,0.103914
8010,2018-09-13,8,6,0,0.1039
8011,2018-09-15,9,5,0,0.103886
8012,2018-09-18,8,4,0,0.103872
8013,2018-09-20,1,3,0,0.103858
8014,2018-09-22,6,7,0,0.103844
8015,2018-09-25,4,6,0,0.10383
8016,2018-09-27,6,1,0,0.103816
8017,2018-09-29,4,7,0,0.103802
8018,2018-10-02,1,1,1,0.103922
8019,2018-10-04,2,1,0,0.103908
8020,2018-10-06,4,9,0,0.103894
8021,2018-10-09,3,1,0,0.10388
8022,2018-10-11,9,6,0,0.103866
8023,2018-10-13,6,7,0,0.103852
8024,2018-10-16,8,3,0,0.103838
8025,2018-10-18,8,4,0,0.103824
8026,2018-10-20,2,2,1,0.103945
8027,2018-10-23,7,4,0,0.103931
8028,2018-10-25,6,6,1,0.104052
8029,2018-10-27,2,7,0,0.104038
8030,2018-10-30,8,5,0,0.104024
8031,2018-11-02,7,4,0,0.10401
8032,2018-11-03,9,8,0,0.103996
8033,2018-11-06,3,6,0,0.103982
8034,2018-11-08,8,5,0,0.103968
8035,2018-11-10,4,7,0,0.103954
8036,2018-11-13,5,2,0,0.10394
8037,2018-11-15,6,4,0,0.103926
8038,2018-11-17,3,1,0,0.103912
8039,2018-11-20,4,8,0,0.103898
8040,2018-11-22,1,6,0,0.103884
8041,2018-11-24,5,1,0,0.10387
8042,2018-11-27,5,9,0,0.103856
8043,2018-11-29,2,6,0,0.103842
8044,2018-12-01,5,8,0,0.103828
8045,2018-12-04,7,5,0,0.103814
8046,2018-12-06,1,5,0,0.1038
8047,2018-12-10,3,7,0,0.103786
8048,2018-12-11,8,3,0,0.103772
8049,2018-12-13,2,7,0,0.103758
8050,2018-12-15,1,4,0,0.103744
8051,2018-12-18,4,4,1,0.103865
8052,2018-12-20,2,5,0,0.103851
8053,2018-12-22,1,9,0,0.103837
8054,2018-12-24,8,4,0,0.103823
8055,2018-12-27,8,5,0,0.103809
8056,2018-12-29,3,2,0,0.103795
8057,2019-01-02,3,8,0,0.103781
8058,2019-01-03,2,9,0,0.103767
8059,2019-01-05,1,8,0,0.103753
8060,2019-01-08,3,4,0,0.103739
8061,2019-01-10,5,3,0,0.103726
8062,2019-01-12,1,8,0,0.103712
8063,2019-01-15,6,9,0,0.103698
8064,2019-01-17,6,6,1,0.103818
8065,2019-01-19,9,8,0,0.103804
8066,2019-01-22,4,9,0,0.10379
8067,2019-01-24,4,5,0,0.103776
8068,2019-01-26,8,8,1,0.103896
8069,2019-01-29,2,5,0,0.103882
8070,2019-01-31,9,4,0,0.103868
8071,2019-02-02,1,5,0,0.103854
8072,2019-02-05,8,4,0,0.10384
8073,2019-02-07,1,5,0,0.103827
8074,2019-02-09,5,7,0,0.103813
8075,2019-02-12,7,9,0,0.103799
8076,2019-02-14,1,5,0,0.103785
8077,2019-02-16,5,7,0,0.103771
8078,2019-02-19,5,9,0,0.103757
8079,2019-02-21,1,6,0,0.103743
8080,2019-02-23,5,6,0,0.103729
8081,2019-02-26,3,9,0,0.103716
8082,2019-02-28,9,4,0,0.103702
8083,2019-03-02,1,7,0,0.103688
8084,2019-03-05,7,4,0,0.103674
8085,2019-03-07,1,9,0,0.10366
8086,2019-03-09,6,7,0,0.103646
8087,2019-03-12,7,6,0,0.103632
8088,2019-03-14,1,3,0,0.103619
8089,2019-03-16,3,7,0,0.103605
8090,2019-03-19,1,3,0,0.103591
8091,2019-03-21,2,7,0,0.103577
8092,2019-03-23,5,9,0,0.103563
8093,2019-03-26,8,5,0,0.10355
8094,2019-03-28,3,5,0,0.103536
8095,2019-03-30,6,8,0,0.103522
8096,2019-04-02,1,5,0,0.103508
8097,2019-04-04,8,2,0,0.103494
8098,2019-04-06,2,5,0,0.10348
8099,2019-04-09,6,4,0,0.103467
8100,2019-04-11,6,8,0,0.103453
8101,2019-04-13,4,8,0,0.103439
8102,2019-04-16,2,1,0,0.103425
8103,2019-04-18,8,9,0,0.103412
8104,2019-04-20,5,4,0,0.103398
8105,2019-04-23,6,3,0,0.103384
8106,2019-04-26,8,1,0,0.10337
8107,2019-04-27,5,8,0,0.103356
8108,2019-04-30,2,3,0,0.103343
8109,2019-05-02,4,8,0,0.103329
8110,2019-05-04,3,1,0,0.103315
8111,2019-05-07,3,6,0,0.103301
8112,2019-05-09,2,9,0,0.103288
8113,2019-05-11,5,8,0,0.103274
8114,2019-05-14,9,5,0,0.10326
8115,2019-05-16,1,5,0,0.103246
8116,2019-05-18,7,4,0,0.103233
8117,2019-05-21,9,9,1,0.103352
8118,2019-05-23,4,6,0,0.103338
8119,2019-05-25,4,5,0,0.103324
8120,2019-05-28,2,8,0,0.103311
8121,2019-05-30,8,8,1,0.10343
8122,2019-06-01,5,4,0,0.103416
8123,2019-06-04,8,3,0,0.103402
8124,2019-06-06,4,5,0,0.103389
8125,2019-06-08,9,2,0,0.103375
8126,2019-06-11,2,3,0,0.103361
8127,2019-06-13,3,7,0,0.103348
8128,2019-06-15,2,6,0,0.103334
8129,2019-06-18,9,8,0,0.10332
8130,2019-06-20,1,5,0,0.103306
8131,2019-06-22,7,4,0,0.103293
8132,2019-06-25,5,9,0,0.103279
8133,2019-06-27,2,3,0,0.103265
8134,2019-06-29,9,8,0,0.103251
8135,2019-07-02,8,5,0,0.103238
8136,2019-07-04,9,3,0,0.103224
8137,2019-07-06,8,4,0,0.10321
8138,2019-07-09,5,3,0,0.103197
8139,2019-07-11,7,3,0,0.103183
8140,2019-07-13,1,5,0,0.103169
8141,2019-07-16,8,7,0,0.103156
8142,2019-07-18,7,5,0,0.103142
8143,2019-07-20,8,9,0,0.103128
8144,2019-07-23,1,3,0,0.103115
8145,2019-07-25,5,7,0,0.103101
8146,2019-07-27,2,9,0,0.103087
8147,2019-07-30,5,8,0,0.103074
8148,2019-08-01,4,5,0,0.10306
8149,2019-08-03,7,3,0,0.103046
8150,2019-08-06,7,7,1,0.103165
8151,2019-08-08,4,6,0,0.103151
8152,2019-08-10,3,5,0,0.103138
8153,2019-08-13,5,6,0,0.103124
8154,2019-08-16,2,8,0,0.103111
8155,2019-08-17,4,8,0,0.103097
8156,2019-08-20,4,1,0,0.103083
8157,2019-08-22,3,8,0,0.10307
8158,2019-08-24,4,6,0,0.103056
8159,2019-08-27,3,6,0,0.103042
8160,2019-08-29,3,6,0,0.103029
8161,2019-08-31,5,9,0,0.103015
8162,2019-09-03,3,8,0,0.103001
8163,2019-09-05,8,4,0,0.102988
8164,2019-09-07,2,7,0,0.102974
8165,2019-09-10,3,4,0,0.102961
8166,2019-09-12,9,6,0,0.102947
8167,2019-09-14,3,7,0,0.102933
8168,2019-09-17,3,5,0,0.10292
8169,2019-09-19,5,9,0,0.102906
8170,2019-09-21,7,8,0,0.102893
8171,2019-09-24,6,5,0,0.102879
8172,2019-09-26,8,7,0,0.102865
8173,2019-09-28,1,8,0,0.102852
8174,2019-10-01,3,7,0,0.102838
8175,2019-10-03,9,3,0,0.102825
8176,2019-10-05,5,7,0,0.102811
8177,2019-10-08,6,7,0,0.102798
8178,2019-10-10,9,1,0,0.102784
8179,2019-10-12,6,9,0,0.10277
8180,2019-10-15,4,3,0,0.102757
8181,2019-10-17,9,1,0,0.102743
8182,2019-10-19,2,3,0,0.10273
8183,2019-10-22,9,7,0,0.102716
8184,2019-10-24,3,5,0,0.102703
8185,2019-10-26,5,5,1,0.102821
8186,2019-10-29,8,8,1,0.102939
8187,2019-10-31,3,5,0,0.102926
8188,2019-11-02,4,8,0,0.102912
8189,2019-11-05,3,6,0,0.102899
8190,2019-11-07,3,6,0,0.102885
8191,2019-11-09,6,9,0,0.102871
8192,2019-11-12,8,5,0,0.102858
8193,2019-11-14,8,8,1,0.102976
8194,2019-11-16,4,2,0,0.102962
8195,2019-11-19,6,2,0,0.102949
8196,2019-11-21,4,7,0,0.102935
8197,2019-11-23,9,1,0,0.102922
8198,2019-11-26,3,3,1,0.10304
8199,2019-11-28,6,5,0,0.103026
8200,2019-11-30,4,5,0,0.103013
8201,2019-12-03,6,1,0,0.102999
8202,2019-12-05,6,7,0,0.102986
8203,2019-12-07,1,8,0,0.102972
8204,2019-12-10,5,8,0,0.102959
8205,2019-12-12,5,9,0,0.102945
8206,2019-12-14,3,6,0,0.102932
8207,2019-12-17,6,4,0,0.102918
8208,2019-12-19,2,5,0,0.102904
8209,2019-12-21,1,5,0,0.102891
8210,2019-12-24,6,4,0,0.102877
8211,2019-12-27,2,6,0,0.102864
8212,2019-12-28,8,5,0,0.10285
8213,2019-12-31,8,4,0,0.102837
8214,2020-01-02,1,2,0,0.102823
8215,2020-01-04,2,7,0,0.10281
8216,2020-01-07,9,5,0,0.102796
8217,2020-01-09,7,5,0,0.102783
8218,2020-01-11,3,5,0,0.102769
8219,2020-01-14,7,4,0,0.102756
8220,2020-01-16,4,2,0,0.102742
8221,2020-01-18,7,5,0,0.102729
8222,2020-01-21,6,7,0,0.102715
8223,2020-01-23,7,7,1,0.102833
8224,2020-01-25,8,3,0,0.10282
8225,2020-01-28,1,3,0,0.102806
8226,2020-01-30,5,7,0,0.102793
8227,2020-02-01,1,9,0,0.102779
8228,2020-02-04,5,6,0,0.102766
8229,2020-02-06,2,9,0,0.102752
8230,2020-02-08,7,8,0,0.102739
8231,2020-02-11,3,6,0,0.102725
8232,2020-02-13,6,4,0,0.102712
8233,2020-02-15,6,5,0,0.102698
8234,2020-02-18,4,8,0,0.102685
8235,2020-02-20,3,1,0,0.102672
8236,2020-02-22,8,6,0,0.102658
8237,2020-02-25,3,7,0,0.102645
8238,2020-02-27,7,8,0,0.102631
8239,2020-02-29,6,2,0,0.102618
8240,2020-03-03,7,7,1,0.102735
8241,2020-03-05,5,3,0,0.102722
8242,2020-03-07,4,3,0,0.102708
8243,2020-03-10,4,3,0,0.102695
8244,2020-03-12,1,8,0,0.102681
8245,2020-03-14,6,1,0,0.102668
8246,2020-03-17,4,6,0,0.102655
8247,2020-03-19,9,1,0,0.102641
8248,2020-03-21,8,3,0,0.102628
8249,2020-05-05,2,3,0,0.102614
8250,2020-05-07,4,4,1,0.102732
8251,2020-05-09,9,1,0,0.102718
8252,2020-05-12,9,3,0,0.102705
8253,2020-05-14,8,8,1,0.102822
8254,2020-05-16,2,3,0,0.102809
8255,2020-05-19,4,4,1,0.102926
8256,2020-05-21,2,1,0,0.102912
8257,2020-05-23,9,8,0,0.102899
8258,2020-05-26,1,5,0,0.102885
8259,2020-05-28,8,4,0,0.102872
8260,2020-05-30,9,5,0,0.102859
8261,2020-06-03,9,4,0,0.102845
8262,2020-06-04,1,8,0,0.102832
8263,2020-06-06,7,4,0,0.102818
8264,2020-06-09,3,9,0,0.102805
8265,2020-06-11,8,4,0,0.102792
8266,2020-06-13,2,3,0,0.102778
8267,2020-06-16,7,4,0,0.102765
8268,2020-06-18,7,6,0,0.102751
8269,2020-06-20,5,6,0,0.102738
8270,2020-06-23,9,3,0,0.102725
8271,2020-06-25,9,5,0,0.102711
8272,2020-06-27,1,8,0,0.102698
8273,2020-06-30,2,4,0,0.102684
8274,2020-07-02,8,9,0,0.102671
8275,2020-07-04,6,4,0,0.102658
8276,2020-07-07,4,5,0,0.102644
8277,2020-07-09,1,1,1,0.102761
8278,2020-07-11,2,6,0,0.102748
8279,2020-07-14,9,9,1,0.102865
8280,2020-07-16,2,5,0,0.102851
8281,2020-07-18,5,7,0,0.102838
8282,2020-07-21,1,5,0,0.102824
8283,2020-07-23,8,6,0,0.102811
8284,2020-07-25,3,5,0,0.102798
8285,2020-07-28,8,8,1,0.102914
8286,2020-07-30,7,3,0,0.102901
8287,2020-08-01,1,8,0,0.102888
8288,2020-08-04,3,7,0,0.102874
8289,2020-08-06,1,3,0,0.102861
8290,2020-08-08,6,7,0,0.102847
8291,2020-08-11,5,6,0,0.102834
8292,2020-08-13,1,7,0,0.102821
8293,2020-08-17,2,6,0,0.102807
8294,2020-08-18,8,9,0,0.102794
8295,2020-08-20,2,4,0,0.102781
8296,2020-08-22,3,4,0,0.102767
8297,2020-08-25,2,6,0,0.102754
8298,2020-08-27,5,8,0,0.102741
8299,2020-08-29,9,1,0,0.102727
8300,2020-09-01,7,5,0,0.102714
8301,2020-09-03,4,5,0,0.102701
8302,2020-09-05,5,5,1,0.102817
8303,2020-09-08,2,4,0,0.102804
8304,2020-09-10,1,8,0,0.10279
8305,2020-09-12,6,4,0,0.102777
8306,2020-09-15,8,6,0,0.102764
8307,2020-09-17,4,8,0,0.10275
8308,2020-09-19,5,2,0,0.102737
8309,2020-09-22,7,4,0,0.102724
8310,2020-09-24,9,5,0,0.10271
8311,2020-09-26,9,4,0,0.102697
8312,2020-09-29,5,8,0,0.102684
8313,2020-10-01,6,7,0,0.10267
8314,2020-10-03,1,1,1,0.102787
8315,2020-10-06,4,8,0,0.102773
8316,2020-10-08,6,5,0,0.10276
8317,2020-10-10,7,7,1,0.102876
8318,2020-10-13,3,3,1,0.102993
8319,2020-10-15,5,4,0,0.102979
8320,2020-10-17,2,8,0,0.102966
8321,2020-10-20,5,8,0,0.102953
8322,2020-10-22,2,1,0,0.102939
8323,2020-10-24,7,8,0,0.102926
8324,2020-10-27,2,6,0,0.102913
8325,2020-10-29,9,8,0,0.102899
8326,2020-10-31,9,5,0,0.102886
8327,2020-11-03,1,8,0,0.102873
8328,2020-11-05,6,4,0,0.102859
8329,2020-11-07,6,6,1,0.102975
8330,2020-11-10,3,8,0,0.102962
8331,2020-11-12,6,8,0,0.102949
8332,2020-11-14,6,5,0,0.102935
8333,2020-11-17,6,8,0,0.102922
8334,2020-11-19,5,8,0,0.102909
8335,2020-11-21,6,7,0,0.102896
8336,2020-11-24,3,1,0,0.102882
8337,2020-11-26,4,8,0,0.102869
8338,2020-11-28,5,6,0,0.102856
8339,2020-12-01,8,4,0,0.102842
8340,2020-12-03,2,5,0,0.102829
8341,2020-12-05,7,4,0,0.102816
8342,2020-12-09,8,6,0,0.102803
8343,2020-12-10,7,3,0,0.102789
8344,2020-12-12,9,8,0,0.102776
8345,2020-12-15,9,4,0,0.102763
8346,2020-12-17,3,1,0,0.102749
8347,2020-12-19,6,5,0,0.102736
8348,2020-12-22,1,5,0,0.102723
8349,2020-12-24,8,8,1,0.102839
8350,2020-12-28,9,5,0,0.102825
8351,2020-12-29,4,4,1,0.102941
8352,2020-12-31,2,5,0,0.102928
8353,2021-01-02,2,8,0,0.102915
8354,2021-01-05,1,9,0,0.102901
8355,2021-01-07,6,4,0,0.102888
8356,2021-01-09,5,6,0,0.102875
8357,2021-01-12,7,7,1,0.10299
8358,2021-01-14,3,5,0,0.102977
8359,2021-01-16,9,4,0,0.102964
8360,2021-01-19,7,7,1,0.10308
8361,2021-01-21,4,5,0,0.103066
8362,2021-01-23,6,5,0,0.103053
8363,2021-01-26,1,7,0,0.10304
8364,2021-01-28,1,8,0,0.103026
8365,2021-01-30,8,9,0,0.103013
8366,2021-02-02,1,5,0,0.103
8367,2021-02-04,4,7,0,0.102987
8368,2021-02-06,1,5,0,0.102973
8369,2021-02-09,5,6,0,0.10296
8370,2021-02-11,5,9,0,0.102947
8371,2021-02-13,9,6,0,0.102934
8372,2021-02-16,6,5,0,0.10292
8373,2021-02-18,2,3,0,0.102907
8374,2021-02-20,5,5,1,0.103023
8375,2021-02-23,6,1,0,0.103009
8376,2021-02-25,7,1,0,0.102996
8377,2021-02-27,2,3,0,0.102983
8378,2021-03-02,8,8,1,0.103098
8379,2021-03-04,5,4,0,0.103085
8380,2021-03-06,3,3,1,0.1032
8381,2021-03-09,8,4,0,0.103187
8382,2021-03-11,3,7,0,0.103174
8383,2021-03-13,6,8,0,0.10316
8384,2021-03-16,5,5,1,0.103276
8385,2021-03-18,5,7,0,0.103262
8386,2021-03-20,4,6,0,0.103249
8387,2021-03-23,7,3,0,0.103236
8388,2021-03-25,7,7,1,0.103351
8389,2021-03-27,4,6,0,0.103338
8390,2021-03-30,8,5,0,0.103324
8391,2021-04-01,7,5,0,0.103311
8392,2021-04-03,2,9,0,0.103298
8393,2021-04-06,2,8,0,0.103285
8394,2021-04-08,4,9,0,0.103271
8395,2021-04-10,6,1,0,0.103258
8396,2021-04-13,1,7,0,0.103245
8397,2021-04-15,1,8,0,0.103232
8398,2021-04-17,5,9,0,0.103218
8399,2021-04-20,5,9,0,0.103205
8400,2021-04-22,3,6,0,0.103192
8401,2021-04-24,9,4,0,0.103179
8402,2021-04-27,7,7,1,0.103294
8403,2021-04-29,6,4,0,0.10328
8404,2021-05-03,8,7,0,0.103267
8405,2021-05-04,3,8,0,0.103254
8406,2021-05-06,3,8,0,0.103241
8407,2021-05-08,6,9,0,0.103227
8408,2021-05-11,9,5,0,0.103214
8409,2021-05-13,8,9,0,0.103201
8410,2021-05-15,8,3,0,0.103188
8411,2021-05-18,8,2,0,0.103175
8412,2021-05-20,5,2,0,0.103161
8413,2021-05-22,4,3,0,0.103148
8414,2021-05-25,3,3,1,0.103263
8415,2021-05-27,7,6,0,0.10325
8416,2021-05-29,9,2,0,0.103237
8417,2021-06-01,3,4,0,0.103223
8418,2021-06-03,3,5,0,0.10321
8419,2021-06-05,5,9,0,0.103197
8420,2021-06-08,7,8,0,0.103184
8421,2021-06-10,1,5,0,0.103171
8422,2021-06-12,2,7,0,0.103157
8423,2021-06-15,9,9,1,0.103272
8424,2021-06-17,6,9,0,0.103259
8425,2021-06-19,5,3,0,0.103246
8426,2021-06-22,8,7,0,0.103232
8427,2021-06-24,1,5,0,0.103219
8428,2021-06-26,9,7,0,0.103206
8429,2021-06-29,6,2,0,0.103193
8430,2021-07-01,4,3,0,0.10318
8431,2021-07-03,5,1,0,0.103166
8432,2021-07-06,3,4,0,0.103153
8433,2021-07-08,9,4,0,0.10314
8434,2021-07-10,7,7,1,0.103255
8435,2021-07-13,7,4,0,0.103241
8436,2021-07-15,2,6,0,0.103228
8437,2021-07-17,1,8,0,0.103215
8438,2021-07-20,4,6,0,0.103202
8439,2021-07-22,9,5,0,0.103189
8440,2021-07-24,8,3,0,0.103176
8441,2021-07-27,9,8,0,0.103162
8442,2021-07-29,5,4,0,0.103149
8443,2021-07-31,8,7,0,0.103136
8444,2021-08-03,9,5,0,0.103123
8445,2021-08-05,7,4,0,0.10311
8446,2021-08-07,7,4,0,0.103097
8447,2021-08-10,6,6,1,0.103211
8448,2021-08-12,1,7,0,0.103198
8449,2021-08-14,9,8,0,0.103185
8450,2021-08-17,7,2,0,0.103172
8451,2021-08-19,3,4,0,0.103158
8452,2021-08-21,9,4,0,0.103145
8453,2021-08-24,2,7,0,0.103132
8454,2021-08-26,2,7,0,0.103119
8455,2021-08-28,3,9,0,0.103106
8456,2021-08-31,3,6,0,0.103093
8457,2021-09-02,4,9,0,0.10308
8458,2021-09-04,2,6,0,0.103067
8459,2021-09-07,8,8,1,0.103181
8460,2021-09-09,9,4,0,0.103168
8461,2021-09-11,3,4,0,0.103154
8462,2021-09-14,5,5,1,0.103268
8463,2021-09-16,8,8,1,0.103383
8464,2021-09-18,9,5,0,0.103369
8465,2021-09-21,2,4,0,0.103356
8466,2021-09-23,6,7,0,0.103343
8467,2021-09-25,4,8,0,0.10333
8468,2021-09-28,1,1,1,0.103444
8469,2021-09-30,4,6,0,0.103431
8470,2021-10-02,5,5,1,0.103545
8471,2021-10-05,9,4,0,0.103532
8472,2021-10-07,5,5,1,0.103645
8473,2021-10-09,8,8,1,0.103759
8474,2021-10-12,9,5,0,0.103746
8475,2021-10-14,2,4,0,0.103733
8476,2021-10-16,5,7,0,0.10372
8477,2021-10-19,5,1,0,0.103707
8478,2021-10-21,2,6,0,0.103693
8479,2021-10-23,6,8,0,0.10368
8480,2021-10-26,1,8,0,0.103667
8481,2021-10-28,7,8,0,0.103654
8482,2021-10-30,3,9,0,0.103641
8483,2021-11-02,3,4,0,0.103628
8484,2021-11-04,2,9,0,0.103614
8485,2021-11-06,3,8,0,0.103601
8486,2021-11-09,5,3,0,0.103588
8487,2021-11-11,9,8,0,0.103575
8488,2021-11-13,7,5,0,0.103562
8489,2021-11-16,2,4,0,0.103549
8490,2021-11-18,2,8,0,0.103536
8491,2021-11-20,7,9,0,0.103523
8492,2021-11-23,8,6,0,0.103509
8493,2021-11-25,5,3,0,0.103496
8494,2021-11-27,3,3,1,0.10361
8495,2021-11-30,9,4,0,0.103597
8496,2021-12-02,2,7,0,0.103584
8497,2021-12-04,4,5,0,0.103571
8498,2021-12-07,5,1,0,0.103557
8499,2021-12-09,4,4,1,0.103671
8500,2021-12-11,8,3,0,0.103658
8501,2021-12-14,4,5,0,0.103645
8502,2021-12-16,6,2,0,0.103632
8503,2021-12-18,1,7,0,0.103618
8504,2021-12-21,4,8,0,0.103605
8505,2021-12-23,1,5,0,0.103592
8506,2021-12-27,6,6,1,0.103706
8507,2021-12-28,2,6,0,0.103692
8508,2021-12-30,3,5,0,0.103679
8509,2022-01-03,3,3,1,0.103793
8510,2022-01-04,9,9,1,0.103906
8511,2022-01-07,6,7,0,0.103893
8512,2022-01-08,1,3,0,0.10388
8513,2022-01-11,7,8,0,0.103867
8514,2022-01-13,4,9,0,0.103853
8515,2022-01-15,7,5,0,0.10384
8516,2022-01-18,8,7,0,0.103827
8517,2022-01-20,3,3,1,0.10394
8518,2022-01-22,4,8,0,0.103927
8519,2022-01-25,4,6,0,0.103914
8520,2022-01-27,3,8,0,0.103901
8521,2022-01-29,9,6,0,0.103888
8522,2022-02-01,1,7,0,0.103875
8523,2022-02-03,9,4,0,0.103862
8524,2022-02-05,7,2,0,0.103849
8525,2022-02-08,3,4,0,0.103835
8526,2022-02-10,2,4,0,0.103822
8527,2022-02-12,9,8,0,0.103809
8528,2022-02-15,3,9,0,0.103796
8529,2022-02-17,2,5,0,0.103783
8530,2022-02-19,8,8,1,0.103896
8531,2022-02-22,6,4,0,0.103883
8532,2022-02-24,7,5,0,0.10387
8533,2022-02-26,3,3,1,0.103983
8534,2022-03-01,1,4,0,0.10397
8535,2022-03-03,2,7,0,0.103957
8536,2022-03-05,8,9,0,0.103944
8537,2022-03-08,3,6,0,0.10393
8538,2022-03-10,3,8,0,0.103917
8539,2022-03-12,1,9,0,0.103904
8540,2022-03-15,4,7,0,0.103891
8541,2022-03-17,4,5,0,0.103878
8542,2022-03-19,4,8,0,0.103865
8543,2022-03-22,3,8,0,0.103852
8544,2022-03-24,2,6,0,0.103839
8545,2022-03-26,4,8,0,0.103826
8546,2022-03-29,2,1,0,0.103813
8547,2022-03-31,7,8,0,0.1038
8548,2022-04-02,3,6,0,0.103787
8549,2022-04-05,6,4,0,0.103774
8550,2022-04-07,5,5,1,0.103886
8551,2022-04-09,4,7,0,0.103873
8552,2022-04-12,2,3,0,0.10386
8553,2022-04-14,8,8,1,0.103973
8554,2022-04-16,3,6,0,0.10396
8555,2022-04-19,2,8,0,0.103947
8556,2022-04-21,6,8,0,0.103934
8557,2022-04-23,6,8,0,0.103921
8558,2022-04-26,4,8,0,0.103908
8559,2022-04-28,9,1,0,0.103894
8560,2022-04-30,3,3,1,0.104007
8561,2022-05-03,9,5,0,0.103994
8562,2022-05-05,9,7,0,0.103981
8563,2022-05-07,5,1,0,0.103968
8564,2022-05-10,2,8,0,0.103955
8565,2022-05-12,3,8,0,0.103942
8566,2022-05-14,8,3,0,0.103929
8567,2022-05-17,1,3,0,0.103916
8568,2022-05-19,8,7,0,0.103903
8569,2022-05-21,9,5,0,0.10389
8570,2022-05-24,8,4,0,0.103877
8571,2022-05-26,8,8,1,0.103989
8572,2022-05-28,2,2,1,0.104101
8573,2022-05-31,7,4,0,0.104088
8574,2022-06-03,9,6,0,0.104075
8575,2022-06-04,7,4,0,0.104062
8576,2022-06-07,8,4,0,0.104049
8577,2022-06-09,5,3,0,0.104036
8578,2022-06-11,3,3,1,0.104148
8579,2022-06-14,6,4,0,0.104135
8580,2022-06-16,4,5,0,0.104122
8581,2022-06-18,9,1,0,0.104109
8582,2022-06-21,4,3,0,0.104096
8583,2022-06-23,3,5,0,0.104083
8584,2022-06-25,5,6,0,0.10407
8585,2022-06-28,6,8,0,0.104057
8586,2022-06-30,3,1,0,0.104044
8587,2022-07-02,7,8,0,0.104031
8588,2022-07-05,8,2,0,0.104018
8589,2022-07-07,9,3,0,0.104005
8590,2022-07-09,4,4,1,0.104117
8591,2022-07-12,3,5,0,0.104104
8592,2022-07-14,4,6,0,0.104091
8593,2022-07-16,2,6,0,0.104078
8594,2022-07-19,6,8,0,0.104065
8595,2022-07-21,1,6,0,0.104052
8596,2022-07-23,6,8,0,0.104039
8597,2022-07-26,8,6,0,0.104026
8598,2022-07-28,5,8,0,0.104013
8599,2022-07-30,1,3,0,0.104
8600,2022-08-02,2,6,0,0.103987
8601,2022-08-04,6,9,0,0.103974
8602,2022-08-06,5,6,0,0.103961
8603,2022-08-09,9,7,0,0.103948
8604,2022-08-11,6,5,0,0.103935
8605,2022-08-13,6,3,0,0.103922
8606,2022-08-16,4,4,1,0.104034
8607,2022-08-18,2,1,0,0.104021
8608,2022-08-20,7,8,0,0.104008
8609,2022-08-23,1,6,0,0.103995
8610,2022-08-25,9,7,0,0.103982
8611,2022-08-27,7,2,0,0.103969
8612,2022-08-30,1,4,0,0.103956
8613,2022-09-01,4,7,0,0.103943
8614,2022-09-03,6,5,0,0.10393
8615,2022-09-06,5,1,0,0.103917
8616,2022-09-08,6,7,0,0.103904
8617,2022-09-10,7,1,0,0.103891
8618,2022-09-13,8,3,0,0.103878
8619,2022-09-15,8,3,0,0.103865
8620,2022-09-17,7,2,0,0.103852
8621,2022-09-20,4,9,0,0.103839
8622,2022-09-22,4,5,0,0.103826
8623,2022-09-24,8,8,1,0.103938
8624,2022-09-27,9,5,0,0.103925
8625,2022-09-29,8,4,0,0.103912
8626,2022-10-01,9,8,0,0.103899
8627,2022-10-04,5,4,0,0.103886
8628,2022-10-06,1,8,0,0.103873
8629,2022-10-08,4,6,0,0.103861
8630,2022-10-11,1,5,0,0.103848
8631,2022-10-13,9,6,0,0.103835
8632,2022-10-15,8,2,0,0.103822
8633,2022-10-18,5,8,0,0.103809
8634,2022-10-20,2,3,0,0.103796
8635,2022-10-22,6,8,0,0.103783
8636,2022-10-25,9,6,0,0.10377
8637,2022-10-27,7,9,0,0.103757
8638,2022-10-29,1,4,0,0.103744
8639,2022-11-02,4,7,0,0.103731
8640,2022-11-03,8,5,0,0.103718
8641,2022-11-05,4,5,0,0.103706
8642,2022-11-08,8,2,0,0.103693
8643,2022-11-10,7,5,0,0.10368
8644,2022-11-12,7,9,0,0.103667
8645,2022-11-15,8,6,0,0.103654
8646,2022-11-17,4,3,0,0.103641
8647,2022-11-19,3,2,0,0.103628
8648,2022-11-22,2,6,0,0.103615
8649,2022-11-24,3,8,0,0.103602
8650,2022-11-26,3,3,1,0.103714
8651,2022-11-29,8,9,0,0.103701
8652,2022-12-01,5,3,0,0.103688
8653,2022-12-03,8,3,0,0.103675
8654,2022-12-06,9,5,0,0.103662
8655,2022-12-09,7,4,0,0.103649
8656,2022-12-10,9,4,0,0.103637
8657,2022-12-13,3,4,0,0.103624
8658,2022-12-15,9,5,0,0.103611
8659,2022-12-17,1,7,0,0.103598
8660,2022-12-20,8,9,0,0.103585
8661,2022-12-22,2,5,0,0.103572
8662,2022-12-24,9,7,0,0.103559
8663,2022-12-27,7,9,0,0.103547
8664,2022-12-29,5,4,0,0.103534
8665,2022-12-31,8,3,0,0.103521
8666,2023-01-03,3,5,0,0.103508
8667,2023-01-05,2,8,0,0.103495
8668,2023-01-07,5,8,0,0.103482
8669,2023-01-10,7,5,0,0.10347
8670,2023-01-12,8,5,0,0.103457
8671,2023-01-14,4,3,0,0.103444
8672,2023-01-17,4,2,0,0.103431
8673,2023-01-19,1,8,0,0.103418
8674,2023-01-21,1,6,0,0.103406
8675,2023-01-24,7,9,0,0.103393
8676,2023-01-26,2,9,0,0.10338
8677,2023-01-28,3,8,0,0.103367
8678,2023-01-31,4,3,0,0.103354
8679,2023-02-02,5,6,0,0.103342
8680,2023-02-04,3,4,0,0.103329
8681,2023-02-07,7,4,0,0.103316
8682,2023-02-09,9,2,0,0.103303
8683,2023-02-11,9,4,0,0.10329
8684,2023-02-14,8,1,0,0.103278
8685,2023-02-16,4,8,0,0.103265
8686,2023-02-18,1,2,0,0.103252
8687,2023-02-21,5,6,0,0.103239
8688,2023-02-23,2,9,0,0.103227
8689,2023-02-25,1,8,0,0.103214
8690,2023-02-28,3,4,0,0.103201
8691,2023-03-02,1,3,0,0.103188
8692,2023-03-04,5,7,0,0.103176
8693,2023-03-07,5,9,0,0.103163
8694,2023-03-09,5,2,0,0.10315
8695,2023-03-11,3,2,0,0.103137
8696,2023-03-14,5,7,0,0.103125
8697,2023-03-16,8,8,1,0.103235
8698,2023-03-18,3,5,0,0.103223
8699,2023-03-21,7,8,0,0.10321
8700,2023-03-23,4,2,0,0.103197
8701,2023-03-25,4,5,0,0.103184
8702,2023-03-28,9,8,0,0.103172
8703,2023-03-30,8,3,0,0.103159
8704,2023-04-01,9,8,0,0.103146
8705,2023-04-04,7,4,0,0.103133
8706,2023-04-06,1,5,0,0.103121
8707,2023-04-08,1,7,0,0.103108
8708,2023-04-11,5,9,0,0.103095
8709,2023-04-13,1,5,0,0.103083
8710,2023-04-15,1,4,0,0.10307
8711,2023-04-18,9,9,1,0.10318
8712,2023-04-20,6,2,0,0.103168
8713,2023-04-22,5,3,0,0.103155
8714,2023-04-26,4,7,0,0.103142
8715,2023-04-27,3,3,1,0.103253
8716,2023-04-29,2,6,0,0.10324
8717,2023-05-02,5,8,0,0.103227
8718,2023-05-04,4,5,0,0.103215
8719,2023-05-06,8,3,0,0.103202
8720,2023-05-09,1,5,0,0.103189
8721,2023-05-11,6,7,0,0.103177
8722,2023-05-13,3,6,0,0.103164
8723,2023-05-16,5,8,0,0.103151
8724,2023-05-18,6,8,0,0.103138
8725,2023-05-20,8,1,0,0.103126
8726,2023-05-23,8,8,1,0.103236
8727,2023-05-25,4,2,0,0.103223
8728,2023-05-27,7,2,0,0.103211
8729,2023-05-30,1,7,0,0.103198
8730,2023-06-01,3,7,0,0.103185
8731,2023-06-03,4,3,0,0.103173
8732,2023-06-06,1,6,0,0.10316
8733,2023-06-08,6,6,1,0.10327
8734,2023-06-10,2,6,0,0.103258
8735,2023-06-13,9,5,0,0.103245
8736,2023-06-15,1,9,0,0.103232
8737,2023-06-17,4,9,0,0.103219
8738,2023-06-20,9,5,0,0.103207
8739,2023-06-22,1,3,0,0.103194
8740,2023-06-24,8,4,0,0.103181
8741,2023-06-27,4,5,0,0.103169
8742,2023-06-29,4,2,0,0.103156
8743,2023-07-01,4,8,0,0.103143
8744,2023-07-04,7,8,0,0.103131
8745,2023-07-06,1,7,0,0.103118
8746,2023-07-07,8,7,0,0.103105
8747,2023-07-08,9,5,0,0.103093
8748,2023-07-11,7,4,0,0.10308
8749,2023-07-13,5,5,1,0.10319
8750,2023-07-14,2,3,0,0.103178
8751,2023-07-15,5,8,0,0.103165
8752,2023-07-18,9,5,0,0.103152
8753,2023-07-20,6,5,0,0.10314
8754,2023-07-21,1,3,0,0.103127
8755,2023-07-22,2,8,0,0.103114
8756,2023-07-25,9,9,1,0.103224
8757,2023-07-27,8,9,0,0.103212
8758,2023-07-28,5,9,0,0.103199
8759,2023-07-29,4,3,0,0.103186
8760,2023-08-01,8,3,0,0.103174
8761,2023-08-03,9,5,0,0.103161
8762,2023-08-04,4,4,1,0.103271
8763,2023-08-05,4,5,0,0.103258
8764,2023-08-08,7,8,0,0.103246
8765,2023-08-10,6,7,0,0.103233
8766,2023-08-11,6,7,0,0.10322
8767,2023-08-12,9,4,0,0.103208
8768,2023-08-16,5,9,0,0.103195
8769,2023-08-17,8,8,1,0.103305
8770,2023-08-18,9,5,0,0.103292
8771,2023-08-19,4,4,1,0.103402
8772,2023-08-22,2,5,0,0.103389
8773,2023-08-24,6,8,0,0.103377
8774,2023-08-25,7,6,0,0.103364
8775,2023-08-26,6,3,0,0.103351
8776,2023-08-29,5,7,0,0.103339
8777,2023-08-31,8,7,0,0.103326
8778,2023-09-01,2,5,0,0.103313
8779,2023-09-02,2,7,0,0.103301
8780,2023-09-05,4,9,0,0.103288
8781,2023-09-07,9,1,0,0.103275
8782,2023-09-08,5,3,0,0.103263
8783,2023-09-09,4,8,0,0.10325
8784,2023-09-12,8,3,0,0.103238
8785,2023-09-14,8,5,0,0.103225
8786,2023-09-15,8,2,0,0.103212
8787,2023-09-16,5,2,0,0.1032
8788,2023-09-19,6,3,0,0.103187
8789,2023-09-21,7,1,0,0.103175
8790,2023-09-22,7,3,0,0.103162
8791,2023-09-23,1,6,0,0.103149
8792,2023-09-26,9,7,0,0.103137
8793,2023-09-28,9,2,0,0.103124
8794,2023-09-29,1,8,0,0.103112
8795,2023-09-30,5,4,0,0.103099
8796,2023-10-03,6,5,0,0.103086
8797,2023-10-05,3,1,0,0.103074
8798,2023-10-06,3,8,0,0.103061
8799,2023-10-07,5,9,0,0.103049
8800,2023-10-10,4,8,0,0.103036
8801,2023-10-12,2,3,0,0.103024
8802,2023-10-13,2,8,0,0.103011
8803,2023-10-14,4,9,0,0.102999
8804,2023-10-17,3,1,0,0.102986
8805,2023-10-19,6,6,1,0.103095
8806,2023-10-20,6,5,0,0.103083
8807,2023-10-21,8,4,0,0.10307
8808,2023-10-24,8,8,1,0.103179
8809,2023-10-26,3,2,0,0.103167
8810,2023-10-27,2,8,0,0.103154
8811,2023-10-28,3,8,0,0.103142
8812,2023-10-31,8,3,0,0.103129
8813,2023-11-02,7,3,0,0.103117
8814,2023-11-03,9,9,1,0.103226
8815,2023-11-04,3,4,0,0.103213
8816,2023-11-07,4,5,0,0.103201
8817,2023-11-09,6,6,1,0.10331
8818,2023-11-10,4,1,0,0.103297
8819,2023-11-11,9,1,0,0.103285
8820,2023-11-14,5,3,0,0.103272
8821,2023-11-16,4,8,0,0.10326
8822,2023-11-17,8,3,0,0.103247
8823,2023-11-18,4,5,0,0.103234
8824,2023-11-21,2,2,1,0.103343
8825,2023-11-23,2,8,0,0.103331
8826,2023-11-24,4,9,0,0.103318
8827,2023-11-25,7,1,0,0.103306
8828,2023-11-28,5,7,0,0.103293
8829,2023-11-30,5,3,0,0.103281
8830,2023-12-01,1,3,0,0.103268
8831,2023-12-02,9,4,0,0.103256
8832,2023-12-05,2,2,1,0.103365
8833,2023-12-07,5,5,1,0.103473
8834,2023-12-09,1,5,0,0.103461
8835,2023-12-11,8,9,0,0.103448
8836,2023-12-12,5,5,1,0.103557
8837,2023-12-14,4,3,0,0.103545
8838,2023-12-15,7,3,0,0.103532
8839,2023-12-16,7,7,1,0.103641
8840,2023-12-19,5,6,0,0.103628
8841,2023-12-21,2,3,0,0.103616
8842,2023-12-22,9,8,0,0.103603
8843,2023-12-23,5,9,0,0.10359
8844,2023-12-27,7,8,0,0.103578
8845,2023-12-28,7,5,0,0.103565
8846,2023-12-29,8,6,0,0.103553
8847,2023-12-30,2,3,0,0.10354
8848,2024-01-02,7,7,1,0.103649
8849,2024-01-04,4,6,0,0.103636
8850,2024-01-05,7,5,0,0.103624
8851,2024-01-08,9,7,0,0.103611
8852,2024-01-09,6,4,0,0.103599
8853,2024-01-11,1,3,0,0.103586
8854,2024-01-12,5,8,0,0.103574
8855,2024-01-13,1,5,0,0.103561
8856,2024-01-16,6,9,0,0.103549
8857,2024-01-18,7,6,0,0.103536
8858,2024-01-19,8,3,0,0.103523
8859,2024-01-20,2,3,0,0.103511
8860,2024-01-23,1,7,0,0.103498
8861,2024-01-25,9,4,0,0.103486
8862,2024-01-26,1,2,0,0.103473
8863,2024-01-27,7,4,0,0.103461
8864,2024-01-30,6,9,0,0.103448
8865,2024-02-01,1,7,0,0.103436
8866,2024-02-02,6,8,0,0.103423
8867,2024-02-03,8,6,0,0.103411
8868,2024-02-06,4,8,0,0.103398
8869,2024-02-08,1,2,0,0.103386
8870,2024-02-09,6,6,1,0.103494
8871,2024-02-10,5,6,0,0.103482
8872,2024-02-13,6,7,0,0.103469
8873,2024-02-15,3,3,1,0.103577
8874,2024-02-16,4,8,0,0.103565
8875,2024-02-17,6,6,1,0.103673
8876,2024-02-20,5,1,0,0.103661
8877,2024-02-22,8,7,0,0.103648
8878,2024-02-23,6,5,0,0.103636
8879,2024-02-24,8,5,0,0.103623
8880,2024-02-27,1,8,0,0.103611
8881,2024-02-29,6,7,0,0.103598
8882,2024-03-01,5,6,0,0.103586
8883,2024-03-02,8,7,0,0.103573
8884,2024-03-05,2,5,0,0.103561
8885,2024-03-07,3,7,0,0.103548
8886,2024-03-08,7,3,0,0.103536
8887,2024-03-09,1,2,0,0.103523
8888,2024-03-12,1,7,0,0.103511
8889,2024-03-14,9,9,1,0.103619
8890,2024-03-15,9,2,0,0.103606
8891,2024-03-16,5,1,0,0.103594
8892,2024-03-19,5,8,0,0.103581
8893,2024-03-21,4,3,0,0.103569
8894,2024-03-22,2,3,0,0.103556
8895,2024-03-23,2,8,0,0.103544
8896,2024-03-26,6,4,0,0.103531
8897,2024-03-28,9,6,0,0.103519
8898,2024-03-29,6,5,0,0.103506
8899,2024-03-30,5,1,0,0.103494
8900,2024-04-02,5,7,0,0.103482
8901,2024-04-04,7,3,0,0.103469
8902,2024-04-05,3,5,0,0.103457
8903,2024-04-06,4,4,1,0.103565
8904,2024-04-09,8,6,0,0.103552
8905,2024-04-11,5,5,1,0.10366
8906,2024-04-12,9,3,0,0.103648
8907,2024-04-13,3,5,0,0.103635
8908,2024-04-16,7,5,0,0.103623
8909,2024-04-18,7,2,0,0.10361
8910,2024-04-19,4,6,0,0.103598
8911,2024-04-20,6,5,0,0.103585
8912,2024-04-23,3,1,0,0.103573
8913,2024-04-26,7,8,0,0.10356
8914,2024-04-27,8,2,0,0.103548
8915,2024-04-29,9,3,0,0.103535
8916,2024-04-30,4,4,1,0.103643
8917,2024-05-02,7,5,0,0.103631
8918,2024-05-03,9,7,0,0.103618
8919,2024-05-04,3,6,0,0.103606
8920,2024-05-07,5,5,1,0.103713
8921,2024-05-09,3,8,0,0.103701
8922,2024-05-10,3,7,0,0.103689
8923,2024-05-11,8,9,0,0.103676
8924,2024-05-14,3,7,0,0.103664
8925,2024-05-16,4,2,0,0.103651
8926,2024-05-17,6,6,1,0.103759
8927,2024-05-18,5,1,0,0.103746
8928,2024-05-21,1,7,0,0.103734
8929,2024-05-23,3,6,0,0.103721
8930,2024-05-24,7,3,0,0.103709
8931,2024-05-25,3,2,0,0.103697
8932,2024-05-28,4,4,1,0.103804
8933,2024-05-30,6,6,1,0.103912
8934,2024-05-31,8,1,0,0.103899
8935,2024-06-01,3,8,0,0.103887
8936,2024-06-04,9,2,0,0.103874
8937,2024-06-06,1,7,0,0.103862
8938,2024-06-07,9,4,0,0.103849
8939,2024-06-08,6,2,0,0.103837
8940,2024-06-11,4,1,0,0.103824
8941,2024-06-13,3,1,0,0.103812
8942,2024-06-14,1,6,0,0.1038
8943,2024-06-15,8,7,0,0.103787
8944,2024-06-18,1,5,0,0.103775
8945,2024-06-20,2,7,0,0.103762
8946,2024-06-21,2,9,0,0.10375
8947,2024-06-22,7,4,0,0.103737
8948,2024-06-25,4,6,0,0.103725
8949,2024-06-27,2,5,0,0.103713
8950,2024-06-28,4,8,0,0.1037
8951,2024-06-29,7,1,0,0.103688
8952,2024-07-02,7,7,1,0.103795
8953,2024-07-04,7,6,0,0.103783
8954,2024-07-05,5,6,0,0.10377
8955,2024-07-06,2,2,1,0.103877
8956,2024-07-09,9,8,0,0.103865
8957,2024-07-11,2,5,0,0.103853
8958,2024-07-12,4,5,0,0.10384
8959,2024-07-13,7,1,0,0.103828
8960,2024-07-16,9,7,0,0.103815
8961,2024-07-18,9,6,0,0.103803
8962,2024-07-19,1,1,1,0.10391
8963,2024-07-20,5,9,0,0.103898
8964,2024-07-23,8,5,0,0.103885
8965,2024-07-25,8,5,0,0.103873
8966,2024-07-26,3,2,0,0.10386
8967,2024-07-27,8,2,0,0.103848
8968,2024-07-30,6,3,0,0.103836
8969,2024-08-01,7,5,0,0.103823
8970,2024-08-02,2,3,0,0.103811
8971,2024-08-03,1,8,0,0.103798
8972,2024-08-06,1,4,0,0.103786
8973,2024-08-08,3,9,0,0.103774
8974,2024-08-09,6,3,0,0.103761
8975,2024-08-10,1,5,0,0.103749
8976,2024-08-13,3,8,0,0.103736
8977,2024-08-16,6,3,0,0.103724
8978,2024-08-17,2,5,0,0.103712
8979,2024-08-19,1,5,0,0.103699
8980,2024-08-20,5,4,0,0.103687
8981,2024-08-22,6,8,0,0.103675
8982,2024-08-23,2,3,0,0.103662
8983,2024-08-24,7,5,0,0.10365
8984,2024-08-27,4,6,0,0.103637
8985,2024-08-29,1,5,0,0.103625
8986,2024-08-30,8,6,0,0.103613
8987,2024-08-31,1,5,0,0.1036
8988,2024-09-03,2,7,0,0.103588
8989,2024-09-05,1,9,0,0.103576
8990,2024-09-06,2,4,0,0.103563
8991,2024-09-07,4,9,0,0.103551
8992,2024-09-10,1,1,1,0.103658
8993,2024-09-12,8,6,0,0.103645
8994,2024-09-13,4,1,0,0.103633
8995,2024-09-14,4,2,0,0.103621
8996,2024-09-17,9,8,0,0.103608
8997,2024-09-19,6,3,0,0.103596
8998,2024-09-20,2,1,0,0.103584
8999,2024-09-21,7,5,0,0.103571
9000,2024-09-24,6,6,1,0.103678
9001,2024-09-26,9,7,0,0.103666
9002,2024-09-27,8,5,0,0.103653
9003,2024-09-28,1,9,0,0.103641
9004,2024-10-01,1,7,0,0.103629
9005,2024-10-03,3,9,0,0.103616
9006,2024-10-04,8,3,0,0.103604
9007,2024-10-05,1,3,0,0.103592
9008,2024-10-08,2,7,0,0.103579
9009,2024-10-10,8,9,0,0.103567
9010,2024-10-11,5,6,0,0.103555
9011,2024-10-12,4,3,0,0.103543
9012,2024-10-15,9,3,0,0.10353
9013,2024-10-17,9,3,0,0.103518
9014,2024-10-18,4,1,0,0.103506
9015,2024-10-19,9,5,0,0.103493
9016,2024-10-22,3,3,1,0.1036
9017,2024-10-24,3,5,0,0.103588
9018,2024-10-25,9,8,0,0.103575
9019,2024-10-26,8,7,0,0.103563
9020,2024-10-29,2,9,0,0.103551
9021,2024-10-31,3,7,0,0.103538
9022,2024-11-02,2,3,0,0.103526
9023,2024-11-04,8,8,1,0.103632
9024,2024-11-05,8,6,0,0.10362
9025,2024-11-07,9,2,0,0.103608
9026,2024-11-08,7,4,0,0.103596
9027,2024-11-09,3,5,0,0.103583
9028,2024-11-12,2,4,0,0.103571
9029,2024-11-14,4,8,0,0.103559
9030,2024-11-15,2,1,0,0.103546
9031,2024-11-16,6,8,0,0.103534
9032,2024-11-19,4,6,0,0.103522
9033,2024-11-21,9,1,0,0.10351
9034,2024-11-22,6,3,0,0.103497
9035,2024-11-23,2,1,0,0.103485
9036,2024-11-26,1,5,0,0.103473
9037,2024-11-28,5,4,0,0.103461
9038,2024-11-29,6,8,0,0.103448
9039,2024-11-30,6,3,0,0.103436
9040,2024-12-03,3,4,0,0.103424
9041,2024-12-05,6,8,0,0.103412
9042,2024-12-06,2,5,0,0.103399
9043,2024-12-07,7,5,0,0.103387
9044,2024-12-10,8,6,0,0.103375
9045,2024-12-12,1,3,0,0.103363
9046,2024-12-13,4,7,0,0.10335
9047,2024-12-14,4,5,0,0.103338
9048,2024-12-17,3,8,0,0.103326
9049,2024-12-19,7,6,0,0.103314
9050,2024-12-20,4,2,0,0.103301
9051,2024-12-21,5,5,1,0.103407
9052,2024-12-24,6,4,0,0.103395
9053,2024-12-27,4,3,0,0.103383
9054,2024-12-28,4,1,0,0.103371
9055,2024-12-30,8,8,1,0.103477
9056,2024-12-31,9,5,0,0.103465
9057,2025-01-02,3,4,0,0.103452
9058,2025-01-03,9,5,0,0.10344
9059,2025-01-04,1,7,0,0.103428
9060,2025-01-07,7,9,0,0.103416
9061,2025-01-09,2,9,0,0.103403
9062,2025-01-10,1,8,0,0.103391
9063,2025-01-11,7,4,0,0.103379
9064,2025-01-14,6,9,0,0.103367
9065,2025-01-16,3,7,0,0.103355
9066,2025-01-17,1,8,0,0.103342
9067,2025-01-18,3,7,0,0.10333
9068,2025-01-21,2,3,0,0.103318
9069,2025-01-23,2,8,0,0.103306
9070,2025-01-24,7,4,0,0.103294
9071,2025-01-25,2,6,0,0.103281
9072,2025-01-28,3,8,0,0.103269
9073,2025-01-30,5,3,0,0.103257
9074,2025-01-31,1,8,0,0.103245
9075,2025-02-01,2,6,0,0.103233
9076,2025-02-04,5,9,0,0.10322
9077,2025-02-06,8,1,0,0.103208
9078,2025-02-07,4,5,0,0.103196
9079,2025-02-08,8,2,0,0.103184
9080,2025-02-11,8,5,0,0.103172
9081,2025-02-13,2,2,1,0.103278
9082,2025-02-14,8,7,0,0.103265
9083,2025-02-15,5,6,0,0.103253
9084,2025-02-18,5,3,0,0.103241
9085,2025-02-20,7,3,0,0.103229
9086,2025-02-21,9,5,0,0.103217
9087,2025-02-22,6,6,1,0.103322
9088,2025-02-25,8,1,0,0.10331
9089,2025-02-27,6,8,0,0.103298
9090,2025-02-28,7,5,0,0.103286
9091,2025-03-01,8,3,0,0.103274
9092,2025-03-04,8,3,0,0.103262
9093,2025-03-06,2,2,1,0.103367
9094,2025-03-07,3,7,0,0.103355
9095,2025-03-08,9,3,0,0.103343
9096,2025-03-11,1,7,0,0.103331
9097,2025-03-13,7,9,0,0.103318
9098,2025-03-14,5,9,0,0.103306
9099,2025-03-15,5,2,0,0.103294
9100,2025-03-18,5,3,0,0.103282
9101,2025-03-20,2,3,0,0.10327
9102,2025-03-21,3,8,0,0.103258
9103,2025-03-22,2,3,0,0.103246
9104,2025-03-25,1,8,0,0.103233
9105,2025-03-27,3,4,0,0.103221
9106,2025-03-28,7,3,0,0.103209
9107,2025-03-29,3,2,0,0.103197
9108,2025-04-01,4,4,1,0.103302
9109,2025-04-03,7,6,0,0.10329
9110,2025-04-04,4,7,0,0.103278
9111,2025-04-05,2,5,0,0.103266
9112,2025-04-08,3,8,0,0.103254
9113,2025-04-10,4,3,0,0.103242
9114,2025-04-11,8,6,0,0.10323
9115,2025-04-12,1,5,0,0.103217
9116,2025-04-15,3,7,0,0.103205
9117,2025-04-17,7,3,0,0.103193
9118,2025-04-18,9,2,0,0.103181
9119,2025-04-19,6,6,1,0.103286
9120,2025-04-22,4,1,0,0.103274
9121,2025-04-24,5,1,0,0.103262
9122,2025-04-26,2,4,0,0.10325
9123,2025-04-28,7,8,0,0.103238
9124,2025-04-29,2,6,0,0.103226
9125,2025-05-02,5,8,0,0.103214
9126,2025-05-03,1,1,1,0.103319
9127,2025-05-05,5,6,0,0.103307
9128,2025-05-06,1,8,0,0.103295
9129,2025-05-08,3,6,0,0.103283
9130,2025-05-09,5,3,0,0.10327
9131,2025-05-10,2,8,0,0.103258
9132,2025-05-13,1,8,0,0.103246
9133,2025-05-15,5,4,0,0.103234
9134,2025-05-16,1,8,0,0.103222
9135,2025-05-17,6,6,1,0.103327
9136,2025-05-20,4,6,0,0.103315
9137,2025-05-22,6,1,0,0.103303
9138,2025-05-23,7,1,0,0.103291
9139,2025-05-24,4,3,0,0.103279
9140,2025-05-27,8,5,0,0.103267
9141,2025-05-29,6,5,0,0.103255
9142,2025-05-30,9,5,0,0.103242
9143,2025-05-31,1,5,0,0.10323
9144,2025-06-03,4,9,0,0.103218
9145,2025-06-05,1,5,0,0.103206
9146,2025-06-06,4,6,0,0.103194
9147,2025-06-07,8,5,0,0.103182
9148,2025-06-10,9,5,0,0.10317
9149,2025-06-12,8,4,0,0.103158
9150,2025-06-13,1,9,0,0.103146
9151,2025-06-14,4,7,0,0.103134
9152,2025-06-17,2,5,0,0.103122
9153,2025-06-19,1,8,0,0.10311
9154,2025-06-20,1,4,0,0.103098
9155,2025-06-21,6,9,0,0.103086
9156,2025-06-24,7,6,0,0.103074
9157,2025-06-26,3,3,1,0.103178
9158,2025-06-27,9,4,0,0.103166
9159,2025-06-28,3,7,0,0.103154
9160,2025-07-01,6,5,0,0.103142
9161,2025-07-03,7,5,0,0.10313
9162,2025-07-04,3,3,1,0.103235
9163,2025-07-05,7,4,0,0.103223
9164,2025-07-08,1,2,0,0.103211
9165,2025-07-10,5,7,0,0.103199
9166,2025-07-11,2,8,0,0.103187
9167,2025-07-12,5,8,0,0.103175
9168,2025-07-15,9,1,0,0.103163
9169,2025-07-17,4,5,0,0.103151
9170,2025-07-18,6,5,0,0.103138
9171,2025-07-19,4,7,0,0.103126
9172,2025-07-22,1,1,1,0.103231
9173,2025-07-24,2,6,0,0.103219
9174,2025-07-25,4,9,0,0.103207
9175,2025-07-26,9,1,0,0.103195
9176,2025-07-29,1,3,0,0.103183
9177,2025-07-31,9,4,0,0.103171
9178,2025-08-01,9,2,0,0.103159
9179,2025-08-02,8,1,0,0.103147
9180,2025-08-05,2,9,0,0.103135
9181,2025-08-07,8,7,0,0.103123
9182,2025-08-08,7,6,0,0.103111
9183,2025-08-09,1,9,0,0.103099
9184,2025-08-12,7,7,1,0.103203
9185,2025-08-14,5,9,0,0.103191
9186,2025-08-16,7,2,0,0.103179
9187,2025-08-18,5,5,1,0.103284
9188,2025-08-19,7,2,0,0.103272
9189,2025-08-21,1,5,0,0.10326
9190,2025-08-22,4,7,0,0.103248
9191,2025-08-23,3,5,0,0.103236
9192,2025-08-26,9,6,0,0.103224
9193,2025-08-28,6,7,0,0.103212
9194,2025-08-29,9,1,0,0.1032
9195,2025-08-30,7,5,0,0.103188
9196,2025-09-02,5,5,1,0.103292
9197,2025-09-04,7,2,0,0.10328
9198,2025-09-05,2,5,0,0.103268
9199,2025-09-06,3,8,0,0.103256
9200,2025-09-09,6,3,0,0.103244
9201,2025-09-11,4,5,0,0.103232
9202,2025-09-12,5,1,0,0.10322
9203,2025-09-13,1,4,0,0.103208
9204,2025-09-16,7,6,0,0.103196
9205,2025-09-18,8,9,0,0.103184
9206,2025-09-19,5,3,0,0.103172
9207,2025-09-20,7,3,0,0.10316
9208,2025-09-23,7,5,0,0.103148
9209,2025-09-25,2,6,0,0.103136
9210,2025-09-26,7,8,0,0.103124
9211,2025-09-27,8,6,0,0.103112
9212,2025-09-30,9,3,0,0.1031
9213,2025-10-02,2,4,0,0.103088
9214,2025-10-03,1,5,0,0.103076
9215,2025-10-04,1,4,0,0.103064
9216,2025-10-07,6,9,0,0.103052
9217,2025-10-09,5,6,0,0.10304
9218,2025-10-10,9,7,0,0.103028
9219,2025-10-11,8,5,0,0.103016
9220,2025-10-14,6,9,0,0.103004
9221,2025-10-16,7,5,0,0.102992
9222,2025-10-17,4,3,0,0.10298
9223,2025-10-18,9,5,0,0.102968
9224,2025-10-21,3,3,1,0.103072
9225,2025-10-23,5,5,1,0.103176
9226,2025-10-24,1,8,0,0.103164
9227,2025-10-25,3,6,0,0.103153
9228,2025-10-28,3,3,1,0.103256
9229,2025-10-30,9,9,1,0.10336
9230,2025-10-31,8,7,0,0.103348
9231,2025-11-03,5,9,0,0.103336
9232,2025-11-04,3,3,1,0.10344
9233,2025-11-06,1,7,0,0.103428
9234,2025-11-07,4,7,0,0.103416
9235,2025-11-08,8,5,0,0.103404
9236,2025-11-11,6,9,0,0.103392
9237,2025-11-13,2,5,0,0.10338
9238,2025-11-14,2,5,0,0.103368
9239,2025-11-15,9,4,0,0.103356
9240,2025-11-18,7,5,0,0.103345
9241,2025-11-20,8,5,0,0.103333
9242,2025-11-21,7,3,0,0.103321
9243,2025-11-22,4,9,0,0.103309
9244,2025-11-25,6,5,0,0.103297
9245,2025-11-27,5,7,0,0.103285
9246,2025-11-28,9,7,0,0.103273
9247,2025-11-29,5,5,1,0.103377
9248,2025-12-02,3,8,0,0.103365
9249,2025-12-04,2,7,0,0.103353
9250,2025-12-05,5,8,0,0.103341
9251,2025-12-06,4,1,0,0.103329
9252,2025-12-09,2,3,0,0.103317
9253,2025-12-11,8,8,1,0.10342
9254,2025-12-12,2,6,0,0.103408
9255,2025-12-13,6,7,0,0.103396
9256,2025-12-16,7,6,0,0.103385
9257,2025-12-18,7,3,0,0.103373
9258,2025-12-19,6,6,1,0.103476
9259,2025-12-20,9,7,0,0.103464
9260,2025-12-23,1,5,0,0.103452
9261,2025-12-24,9,9,1,0.103556
9262,2025-12-27,8,2,0,0.103544
9263,2025-12-29,6,9,0,0.103532
9264,2025-12-30,4,2,0,0.10352
9265,2026-01-02,3,1,0,0.103508
9266,2026-01-03,8,6,0,0.103496
9267,2026-01-05,1,3,0,0.103484
9268,2026-01-07,5,4,0,0.103472
9269,2026-01-08,8,8,1,0.103576
9270,2026-01-09,5,5,1,0.103679
9271,2026-01-10,9,3,0,0.103667
9272,2026-01-13,6,5,0,0.103655
9273,2026-01-15,9,1,0,0.103643
9274,2026-01-16,3,5,0,0.103631
9275,2026-01-17,7,5,0,0.103619
9276,2026-01-20,7,2,0,0.103607
9277,2026-01-22,6,6,1,0.103711
9278,2026-01-23,8,7,0,0.103699
9279,2026-01-24,9,8,0,0.103687
9280,2026-01-27,2,4,0,0.103675
9281,2026-01-29,9,5,0,0.103663
9282,2026-01-30,6,5,0,0.103651
9283,2026-01-31,9,1,0,0.103639
9284,2026-02-03,9,5,0,0.103627
9285,2026-02-05,9,1,0,0.103615
9286,2026-02-06,4,1,0,0.103603
9287,2026-02-07,4,5,0,0.103591
9288,2026-02-10,2,8,0,0.103579
9289,2026-02-12,6,8,0,0.103567
9290,2026-02-13,9,6,0,0.103555
9291,2026-02-14,5,9,0,0.103543
9292,2026-02-17,5,8,0,0.103532
9293,2026-02-19,2,2,1,0.103635
9294,2026-02-20,4,8,0,0.103623
9295,2026-02-21,2,1,0,0.103611
9296,2026-02-24,3,8,0,0.103599
9297,2026-02-26,2,3,0,0.103587
9298,2026-02-27,9,8,0,0.103575
9299,2026-02-28,8,5,0,0.103563
9300,2026-03-03,9,9,1,0.103666
9301,2026-03-05,9,4,0,0.103654
9302,2026-03-06,7,1,0,0.103642
9303,2026-03-07,3,5,0,0.103631
9304,2026-03-10,4,4,1,0.103733
9305,2026-03-12,2,6,0,0.103722
9306,2026-03-13,6,8,0,0.10371
9307,2026-03-14,4,6,0,0.103698
9308,2026-03-17,1,1,1,0.103801
