t_index,date,true_dr,pred_dr,hit,rolling_accuracy
600,1911-07-08,9,9,1,1.0
601,1911-07-15,4,9,0,0.5
602,1911-07-22,6,4,0,0.333333
603,1911-07-29,3,1,0,0.25
604,1911-08-05,3,1,0,0.2
605,1911-08-12,9,1,0,0.166667
606,1911-08-19,6,9,0,0.142857
607,1911-08-26,3,1,0,0.125
608,1911-09-02,4,9,0,0.111111
609,1911-09-09,6,6,1,0.2
610,1911-09-16,3,1,0,0.181818
611,1911-09-23,8,9,0,0.166667
612,1911-09-30,9,5,0,0.153846
613,1911-10-07,6,9,0,0.142857
614,1911-10-14,5,1,0,0.133333
615,1911-10-21,6,7,0,0.125
616,1911-10-28,8,1,0,0.117647
617,1911-11-04,1,5,0,0.111111
618,1911-11-11,2,7,0,0.105263
619,1911-11-18,8,9,0,0.1
620,1911-11-25,4,5,0,0.095238
621,1911-12-02,4,6,0,0.090909
622,1911-12-09,3,6,0,0.086957
623,1911-12-16,9,9,1,0.125
624,1911-12-23,1,9,0,0.12
625,1911-12-30,3,7,0,0.115385
626,1912-01-06,9,9,1,0.148148
627,1912-01-13,4,9,0,0.142857
628,1912-01-20,7,6,0,0.137931
629,1912-01-27,9,3,0,0.133333
630,1912-02-03,6,9,0,0.129032
631,1912-02-10,3,1,0,0.125
632,1912-02-17,5,9,0,0.121212
633,1912-02-24,8,7,0,0.117647
634,1912-03-02,4,5,0,0.114286
635,1912-03-09,5,6,0,0.111111
636,1912-03-16,1,7,0,0.108108
637,1912-03-23,7,7,1,0.131579
638,1912-03-30,6,3,0,0.128205
639,1912-04-06,8,1,0,0.125
640,1912-04-13,7,5,0,0.121951
641,1912-04-20,4,3,0,0.119048
642,1912-04-27,6,6,1,0.139535
643,1912-05-04,9,1,0,0.136364
644,1912-05-11,4,9,0,0.133333
645,1912-05-18,6,6,1,0.152174
646,1912-05-25,4,1,0,0.148936
647,1912-06-01,4,6,0,0.145833
648,1912-06-08,4,6,0,0.142857
649,1912-06-15,4,6,0,0.14
650,1912-06-22,6,4,0,0.137255
651,1912-06-29,3,4,0,0.134615
652,1912-07-06,6,9,0,0.132075
653,1912-07-13,8,3,0,0.12963
654,1912-07-20,5,5,1,0.145455
655,1912-07-27,5,7,0,0.142857
656,1912-08-03,8,7,0,0.140351
657,1912-08-10,8,5,0,0.137931
658,1912-08-17,8,5,0,0.135593
659,1912-08-24,5,8,0,0.133333
660,1912-08-31,4,7,0,0.131148
661,1912-09-07,6,6,1,0.145161
662,1912-09-14,1,3,0,0.142857
663,1912-09-21,8,7,0,0.140625
664,1912-09-28,8,5,0,0.138462
665,1912-10-05,6,8,0,0.136364
666,1912-10-12,3,1,0,0.134328
667,1912-10-19,6,9,0,0.132353
668,1912-10-26,2,3,0,0.130435
669,1912-11-02,1,9,0,0.128571
670,1912-11-09,2,7,0,0.126761
671,1912-11-16,8,9,0,0.125
672,1912-11-23,8,8,1,0.136986
673,1912-11-30,4,8,0,0.135135
674,1912-12-07,2,6,0,0.133333
675,1912-12-14,3,9,0,0.131579
676,1912-12-21,4,9,0,0.12987
677,1912-12-28,4,6,0,0.128205
678,1913-01-04,5,6,0,0.126582
679,1913-01-11,5,7,0,0.125
680,1913-01-18,3,7,0,0.123457
681,1913-01-25,9,9,1,0.134146
682,1913-02-01,9,9,1,0.144578
683,1913-02-08,1,9,0,0.142857
684,1913-02-15,4,7,0,0.141176
685,1913-02-22,9,6,0,0.139535
686,1913-03-01,2,9,0,0.137931
687,1913-03-08,3,9,0,0.136364
688,1913-03-15,9,9,1,0.146067
689,1913-03-22,5,9,0,0.144444
690,1913-03-29,1,7,0,0.142857
691,1913-04-05,3,7,0,0.141304
692,1913-04-12,9,9,1,0.150538
693,1913-04-19,1,9,0,0.148936
694,1913-04-26,3,7,0,0.147368
695,1913-05-03,5,9,0,0.145833
696,1913-05-10,4,7,0,0.14433
697,1913-05-17,4,6,0,0.142857
698,1913-05-24,9,4,0,0.141414
699,1913-05-31,7,9,0,0.14
700,1913-06-07,6,3,0,0.138614
701,1913-06-14,4,3,0,0.137255
702,1913-06-21,2,4,0,0.135922
703,1913-06-28,8,9,0,0.134615
704,1913-07-05,7,8,0,0.133333
705,1913-07-12,7,6,0,0.132075
706,1913-07-19,9,6,0,0.130841
707,1913-07-26,6,9,0,0.12963
708,1913-08-02,8,3,0,0.12844
709,1913-08-09,7,8,0,0.127273
710,1913-08-16,4,6,0,0.126126
711,1913-08-23,2,4,0,0.125
712,1913-08-30,3,9,0,0.123894
713,1913-09-06,3,9,0,0.122807
714,1913-09-13,4,9,0,0.121739
715,1913-09-20,8,4,0,0.12069
716,1913-09-27,5,8,0,0.119658
717,1913-10-04,6,7,0,0.118644
718,1913-10-11,3,3,1,0.12605
719,1913-10-18,2,9,0,0.125
720,1913-10-25,8,9,0,0.123967
721,1913-11-01,1,8,0,0.122951
722,1913-11-08,6,7,0,0.121951
723,1913-11-15,1,3,0,0.120968
724,1913-11-22,3,7,0,0.12
725,1913-11-29,3,9,0,0.119048
726,1913-12-06,2,9,0,0.11811
727,1913-12-13,3,9,0,0.117188
728,1913-12-20,8,9,0,0.116279
729,1913-12-27,3,8,0,0.115385
730,1914-01-03,5,9,0,0.114504
731,1914-01-10,8,6,0,0.113636
732,1914-01-17,8,8,1,0.120301
733,1914-01-24,9,8,0,0.119403
734,1914-01-31,5,9,0,0.118519
735,1914-02-07,3,6,0,0.117647
736,1914-02-14,4,9,0,0.116788
737,1914-02-21,3,4,0,0.115942
738,1914-02-28,5,9,0,0.115108
739,1914-03-07,1,6,0,0.114286
740,1914-03-14,9,7,0,0.113475
741,1914-03-21,1,9,0,0.112676
742,1914-03-28,9,7,0,0.111888
743,1914-04-04,2,9,0,0.111111
744,1914-04-11,5,9,0,0.110345
745,1914-04-18,4,6,0,0.109589
746,1914-04-25,1,4,0,0.108844
747,1914-05-02,8,7,0,0.108108
748,1914-05-09,1,8,0,0.107383
749,1914-05-16,4,7,0,0.106667
750,1914-05-23,5,4,0,0.10596
751,1914-05-30,6,6,1,0.111842
752,1914-06-06,2,3,0,0.111111
753,1914-06-13,2,9,0,0.11039
754,1914-06-20,5,9,0,0.109677
755,1914-06-27,6,6,1,0.115385
756,1914-07-04,5,3,0,0.11465
757,1914-07-11,9,6,0,0.113924
758,1914-07-18,9,9,1,0.119497
759,1914-07-25,6,9,0,0.11875
760,1914-08-01,5,3,0,0.118012
761,1914-08-08,4,6,0,0.117284
762,1914-08-15,1,4,0,0.116564
763,1914-08-22,8,7,0,0.115854
764,1914-08-29,5,8,0,0.115152
765,1914-09-05,8,6,0,0.114458
766,1914-09-12,8,8,1,0.11976
767,1914-09-19,7,8,0,0.119048
768,1914-09-26,5,6,0,0.118343
769,1914-10-03,2,6,0,0.117647
770,1914-10-10,3,9,0,0.116959
771,1914-10-17,2,9,0,0.116279
772,1914-10-24,7,9,0,0.115607
773,1914-10-31,9,6,0,0.114943
774,1914-11-07,2,9,0,0.114286
775,1914-11-14,4,9,0,0.113636
776,1914-11-21,9,4,0,0.112994
777,1914-11-28,7,9,0,0.11236
778,1914-12-05,1,6,0,0.111732
779,1914-12-12,7,7,1,0.116667
780,1914-12-19,8,6,0,0.116022
781,1914-12-26,1,8,0,0.115385
782,1915-01-02,2,7,0,0.114754
783,1915-01-09,8,9,0,0.11413
784,1915-01-16,3,8,0,0.113514
785,1915-01-23,6,9,0,0.112903
786,1915-01-30,7,3,0,0.112299
787,1915-02-06,6,6,1,0.117021
788,1915-02-13,7,3,0,0.116402
789,1915-02-20,7,6,0,0.115789
790,1915-02-27,1,6,0,0.115183
791,1915-03-06,6,7,0,0.114583
792,1915-03-13,7,3,0,0.11399
793,1915-03-20,8,6,0,0.113402
794,1915-03-27,3,8,0,0.112821
795,1915-04-03,3,9,0,0.112245
796,1915-04-10,7,9,0,0.111675
797,1915-04-17,3,6,0,0.111111
798,1915-04-24,7,9,0,0.110553
799,1915-05-01,7,6,0,0.11
800,1915-05-08,6,7,0,0.109453
801,1915-05-15,7,3,0,0.108911
802,1915-05-22,2,6,0,0.108374
803,1915-05-29,6,9,0,0.107843
804,1915-06-05,7,3,0,0.107317
805,1915-06-12,4,6,0,0.106796
806,1915-06-19,9,4,0,0.10628
807,1915-06-26,1,9,0,0.105769
808,1915-07-03,5,7,0,0.105263
809,1915-07-10,9,6,0,0.104762
810,1915-07-17,9,9,1,0.109005
811,1915-07-24,8,9,0,0.108491
812,1915-07-31,5,8,0,0.107981
813,1915-08-07,4,6,0,0.107477
814,1915-08-14,6,4,0,0.106977
815,1915-08-21,9,3,0,0.106481
816,1915-08-28,1,9,0,0.105991
817,1915-09-04,5,7,0,0.105505
818,1915-09-11,6,6,1,0.109589
819,1915-09-18,9,3,0,0.109091
820,1915-09-25,1,9,0,0.108597
821,1915-10-02,4,7,0,0.108108
822,1915-10-09,5,6,0,0.107623
823,1915-10-16,7,6,0,0.107143
824,1915-10-23,5,6,0,0.106667
825,1915-10-30,1,6,0,0.106195
826,1915-11-06,2,7,0,0.105727
827,1915-11-13,2,9,0,0.105263
828,1915-11-20,6,9,0,0.104803
829,1915-11-27,4,3,0,0.104348
830,1915-12-04,7,6,0,0.103896
831,1915-12-11,1,6,0,0.103448
832,1915-12-18,3,7,0,0.103004
833,1915-12-25,1,9,0,0.102564
834,1915-12-31,5,7,0,0.102128
835,1916-01-08,1,6,0,0.101695
836,1916-01-15,3,7,0,0.101266
837,1916-01-22,5,9,0,0.10084
838,1916-01-29,6,6,1,0.104603
839,1916-02-05,4,3,0,0.104167
840,1916-02-12,5,6,0,0.103734
841,1916-02-19,7,6,0,0.103306
842,1916-02-26,5,6,0,0.102881
843,1916-03-04,1,6,0,0.102459
844,1916-03-11,6,7,0,0.102041
845,1916-03-18,9,4,0,0.101626
846,1916-03-25,2,9,0,0.101215
847,1916-04-01,6,9,0,0.100806
848,1916-04-08,8,4,0,0.100402
849,1916-04-15,6,8,0,0.1
850,1916-04-22,1,4,0,0.099602
851,1916-04-29,6,7,0,0.099206
852,1916-05-06,5,4,0,0.098814
853,1916-05-13,3,6,0,0.098425
854,1916-05-20,5,9,0,0.098039
855,1916-05-27,2,6,0,0.097656
856,1916-06-03,3,9,0,0.097276
857,1916-06-10,8,9,0,0.096899
858,1916-06-17,3,8,0,0.096525
859,1916-06-24,3,9,0,0.096154
860,1916-07-01,9,9,1,0.099617
861,1916-07-08,8,9,0,0.099237
862,1916-07-15,3,8,0,0.098859
863,1916-07-22,1,9,0,0.098485
864,1916-07-29,6,7,0,0.098113
865,1916-08-05,9,4,0,0.097744
866,1916-08-12,3,9,0,0.097378
867,1916-08-19,3,9,0,0.097015
868,1916-08-26,7,9,0,0.096654
869,1916-09-02,1,6,0,0.096296
870,1916-09-09,7,7,1,0.099631
871,1916-09-16,3,6,0,0.099265
872,1916-09-23,9,9,1,0.102564
873,1916-09-30,8,9,0,0.10219
874,1916-10-07,7,8,0,0.101818
875,1916-10-14,2,6,0,0.101449
876,1916-10-21,2,9,0,0.101083
877,1916-10-28,6,9,0,0.100719
878,1916-11-04,8,4,0,0.100358
879,1916-11-11,5,8,0,0.1
880,1916-11-18,7,6,0,0.099644
881,1916-11-25,1,6,0,0.099291
882,1916-12-02,7,7,1,0.102473
883,1916-12-09,9,1,0,0.102113
884,1916-12-16,9,9,1,0.105263
885,1916-12-23,6,9,0,0.104895
886,1916-12-30,7,8,0,0.10453
887,1917-01-06,5,1,0,0.104167
888,1917-01-13,7,6,0,0.103806
889,1917-01-20,2,1,0,0.103448
890,1917-01-27,9,9,1,0.106529
891,1917-02-03,7,9,0,0.106164
892,1917-02-10,7,1,0,0.105802
893,1917-02-17,1,1,1,0.108844
894,1917-02-24,6,7,0,0.108475
895,1917-03-03,4,7,0,0.108108
896,1917-03-10,1,6,0,0.107744
897,1917-03-17,5,7,0,0.107383
898,1917-03-24,7,6,0,0.107023
899,1917-03-31,9,1,0,0.106667
900,1917-04-07,1,9,0,0.106312
901,1917-04-14,8,7,0,0.10596
902,1917-04-21,1,5,0,0.105611
903,1917-04-28,4,7,0,0.105263
904,1917-05-05,3,6,0,0.104918
905,1917-05-12,1,9,0,0.104575
906,1917-05-19,2,7,0,0.104235
907,1917-05-26,1,9,0,0.103896
908,1917-06-02,4,7,0,0.10356
909,1917-06-09,9,6,0,0.103226
910,1917-06-16,9,9,1,0.106109
911,1917-06-23,1,9,0,0.105769
912,1917-06-30,5,7,0,0.105431
913,1917-07-07,9,7,0,0.105096
914,1917-07-14,3,9,0,0.104762
915,1917-07-21,4,9,0,0.10443
916,1917-07-28,6,6,1,0.107256
917,1917-08-04,3,4,0,0.106918
918,1917-08-11,1,9,0,0.106583
919,1917-08-18,3,7,0,0.10625
920,1917-08-25,9,9,1,0.109034
921,1917-09-01,3,9,0,0.108696
922,1917-09-08,6,9,0,0.108359
923,1917-09-15,8,4,0,0.108025
924,1917-09-22,1,5,0,0.107692
925,1917-09-29,7,7,1,0.110429
926,1917-10-06,9,1,0,0.110092
927,1917-10-13,8,9,0,0.109756
928,1917-10-20,3,5,0,0.109422
929,1917-10-27,2,9,0,0.109091
930,1917-11-03,5,9,0,0.108761
931,1917-11-10,5,7,0,0.108434
932,1917-11-17,8,7,0,0.108108
933,1917-11-24,6,5,0,0.107784
934,1917-12-01,2,8,0,0.107463
935,1917-12-08,6,9,0,0.107143
936,1917-12-15,5,8,0,0.106825
937,1917-12-22,4,7,0,0.106509
938,1917-12-29,8,6,0,0.106195
939,1918-01-05,1,5,0,0.105882
940,1918-01-12,5,7,0,0.105572
941,1918-01-19,5,7,0,0.105263
942,1918-01-26,7,7,1,0.107872
943,1918-02-02,3,1,0,0.107558
944,1918-02-09,4,9,0,0.107246
945,1918-02-16,3,6,0,0.106936
946,1918-02-23,6,9,0,0.106628
947,1918-03-02,5,8,0,0.106322
948,1918-03-09,1,7,0,0.106017
949,1918-03-16,3,7,0,0.105714
950,1918-03-23,8,9,0,0.105413
951,1918-03-30,1,5,0,0.105114
952,1918-04-06,3,7,0,0.104816
953,1918-04-13,1,9,0,0.10452
954,1918-04-20,1,7,0,0.104225
955,1918-04-27,3,7,0,0.103933
956,1918-05-04,2,9,0,0.103641
957,1918-05-11,8,9,0,0.103352
958,1918-05-18,4,5,0,0.103064
959,1918-05-25,4,6,0,0.102778
960,1918-06-01,1,6,0,0.102493
961,1918-06-08,2,7,0,0.10221
962,1918-06-15,8,9,0,0.101928
963,1918-06-22,5,5,1,0.104396
964,1918-06-29,8,7,0,0.10411
965,1918-07-06,9,5,0,0.103825
966,1918-07-13,4,9,0,0.103542
967,1918-07-20,5,6,0,0.103261
968,1918-07-27,5,7,0,0.102981
969,1918-08-03,2,7,0,0.102703
970,1918-08-10,1,9,0,0.102426
971,1918-08-17,1,7,0,0.102151
972,1918-08-24,8,7,0,0.101877
973,1918-08-31,9,5,0,0.101604
974,1918-09-07,6,9,0,0.101333
975,1918-09-14,6,8,0,0.101064
976,1918-09-21,2,8,0,0.100796
977,1918-09-28,6,9,0,0.100529
978,1918-10-05,8,8,1,0.102902
979,1918-10-12,9,5,0,0.102632
980,1918-10-19,4,9,0,0.102362
981,1918-10-26,5,6,0,0.102094
982,1918-11-02,4,7,0,0.101828
983,1918-11-09,3,6,0,0.101562
984,1918-11-16,6,9,0,0.101299
985,1918-11-23,1,8,0,0.101036
986,1918-11-30,2,7,0,0.100775
987,1918-12-07,2,9,0,0.100515
988,1918-12-14,2,9,0,0.100257
989,1918-12-21,1,9,0,0.1
990,1918-12-28,4,7,0,0.099744
991,1919-01-04,1,6,0,0.09949
992,1919-01-11,7,7,1,0.101781
993,1919-01-18,6,1,0,0.101523
994,1919-01-25,7,8,0,0.101266
995,1919-02-01,9,1,0,0.10101
996,1919-02-08,8,9,0,0.100756
997,1919-02-15,8,5,0,0.100503
998,1919-02-22,2,5,0,0.100251
999,1919-03-01,2,9,0,0.1
1000,1919-03-08,9,9,1,0.102244
1001,1919-03-15,5,9,0,0.10199
1002,1919-03-22,8,7,0,0.101737
1003,1919-03-29,4,5,0,0.101485
1004,1919-04-05,8,6,0,0.101235
1005,1919-04-12,9,5,0,0.100985
1006,1919-04-19,7,9,0,0.100737
1007,1919-04-26,6,1,0,0.10049
1008,1919-05-03,6,8,0,0.100244
1009,1919-05-10,5,8,0,0.1
1010,1919-05-17,7,7,1,0.10219
1011,1919-05-24,5,6,0,0.101942
1012,1919-05-31,4,7,0,0.101695
1013,1919-06-07,3,6,0,0.101449
1014,1919-06-14,2,9,0,0.101205
1015,1919-06-21,1,9,0,0.100962
1016,1919-06-28,8,7,0,0.100719
1017,1919-07-05,1,5,0,0.100478
1018,1919-07-12,2,7,0,0.100239
1019,1919-07-19,2,9,0,0.1
1020,1919-07-26,3,9,0,0.099762
1021,1919-08-02,3,9,0,0.099526
1022,1919-08-09,4,9,0,0.099291
1023,1919-08-16,9,6,0,0.099057
1024,1919-08-23,3,9,0,0.098824
1025,1919-08-30,5,9,0,0.098592
1026,1919-09-06,7,7,1,0.100703
1027,1919-09-13,1,6,0,0.100467
1028,1919-09-20,3,7,0,0.100233
1029,1919-09-27,9,9,1,0.102326
1030,1919-10-04,7,9,0,0.102088
1031,1919-10-11,2,1,0,0.101852
1032,1919-10-18,9,9,1,0.103926
1033,1919-10-25,9,9,1,0.105991
1034,1919-10-31,8,9,0,0.105747
1035,1919-11-08,7,5,0,0.105505
1036,1919-11-15,3,1,0,0.105263
1037,1919-11-22,5,9,0,0.105023
1038,1919-11-29,7,7,1,0.107062
1039,1919-12-06,6,1,0,0.106818
1040,1919-12-13,7,8,0,0.106576
1041,1919-12-20,5,6,0,0.106335
1042,1919-12-27,3,7,0,0.106095
1043,1920-01-03,8,9,0,0.105856
1044,1920-01-10,1,5,0,0.105618
1045,1920-01-17,6,7,0,0.105381
1046,1920-01-24,8,7,0,0.105145
1047,1920-01-31,2,5,0,0.104911
1048,1920-02-07,6,9,0,0.104677
1049,1920-02-14,1,8,0,0.104444
1050,1920-02-21,2,7,0,0.104213
1051,1920-02-28,5,9,0,0.103982
1052,1920-03-06,1,7,0,0.103753
1053,1920-03-13,9,7,0,0.103524
1054,1920-03-20,9,9,1,0.105495
1055,1920-03-27,4,9,0,0.105263
1056,1920-04-03,1,6,0,0.105033
1057,1920-04-10,1,7,0,0.104803
1058,1920-04-17,9,7,0,0.104575
1059,1920-04-24,5,9,0,0.104348
1060,1920-05-01,5,7,0,0.104121
1061,1920-05-08,4,7,0,0.103896
1062,1920-05-15,3,6,0,0.103672
1063,1920-05-22,5,9,0,0.103448
1064,1920-05-29,4,7,0,0.103226
1065,1920-06-05,8,6,0,0.103004
1066,1920-06-12,2,5,0,0.102784
1067,1920-06-19,7,9,0,0.102564
1068,1920-06-26,7,6,0,0.102345
1069,1920-07-03,3,6,0,0.102128
1070,1920-07-10,6,9,0,0.101911
1071,1920-07-17,3,8,0,0.101695
1072,1920-07-24,6,9,0,0.10148
1073,1920-07-31,3,8,0,0.101266
1074,1920-08-07,7,9,0,0.101053
1075,1920-08-14,9,6,0,0.10084
1076,1920-08-21,8,9,0,0.100629
1077,1920-08-28,9,5,0,0.100418
1078,1920-09-04,8,9,0,0.100209
1079,1920-09-11,3,5,0,0.1
1080,1920-09-18,1,9,0,0.099792
1081,1920-09-25,6,7,0,0.099585
1082,1920-10-02,6,8,0,0.099379
1083,1920-10-09,8,8,1,0.10124
1084,1920-10-16,6,5,0,0.101031
1085,1920-10-23,5,8,0,0.100823
1086,1920-10-30,7,7,1,0.102669
1087,1920-11-06,5,6,0,0.102459
1088,1920-11-13,4,7,0,0.102249
1089,1920-11-20,3,6,0,0.102041
1090,1920-11-27,3,9,0,0.101833
1091,1920-12-04,1,9,0,0.101626
1092,1920-12-11,4,7,0,0.10142
1093,1920-12-18,9,6,0,0.101215
1094,1920-12-25,6,8,0,0.10101
1095,1920-12-31,8,8,1,0.102823
1096,1921-01-08,8,5,0,0.102616
1097,1921-01-15,6,8,0,0.10241
1098,1921-01-22,3,8,0,0.102204
1099,1921-01-29,8,9,0,0.102
1100,1921-02-05,5,8,0,0.101796
1101,1921-02-12,7,7,1,0.103586
1102,1921-02-19,5,6,0,0.10338
1103,1921-02-26,3,7,0,0.103175
1104,1921-03-05,8,9,0,0.10297
1105,1921-03-12,4,5,0,0.102767
1106,1921-03-19,6,6,1,0.104536
1107,1921-03-26,3,8,0,0.104331
1108,1921-04-02,8,9,0,0.104126
1109,1921-04-09,4,5,0,0.103922
1110,1921-04-16,4,6,0,0.103718
1111,1921-04-23,8,6,0,0.103516
1112,1921-04-30,7,5,0,0.103314
1113,1921-05-07,8,5,0,0.103113
1114,1921-05-14,6,5,0,0.102913
1115,1921-05-21,3,8,0,0.102713
1116,1921-05-28,8,9,0,0.102515
1117,1921-06-04,7,5,0,0.102317
1118,1921-06-11,6,5,0,0.102119
1119,1921-06-18,4,3,0,0.101923
1120,1921-06-25,7,6,0,0.101727
1121,1921-07-02,9,6,0,0.101533
1122,1921-07-09,6,8,0,0.101338
1123,1921-07-16,4,3,0,0.101145
1124,1921-07-23,2,6,0,0.100952
1125,1921-07-30,3,9,0,0.10076
1126,1921-08-06,6,9,0,0.100569
1127,1921-08-13,3,3,1,0.102273
1128,1921-08-20,8,9,0,0.102079
1129,1921-08-27,6,5,0,0.101887
1130,1921-09-03,7,3,0,0.101695
1131,1921-09-10,4,6,0,0.101504
1132,1921-09-17,5,6,0,0.101313
1133,1921-09-24,3,7,0,0.101124
1134,1921-10-01,4,9,0,0.100935
1135,1921-10-08,6,6,1,0.102612
1136,1921-10-15,7,3,0,0.102421
1137,1921-10-22,3,6,0,0.10223
1138,1921-10-29,1,9,0,0.102041
1139,1921-11-05,7,7,1,0.103704
1140,1921-11-12,1,6,0,0.103512
1141,1921-11-19,2,7,0,0.103321
1142,1921-11-26,6,9,0,0.103131
1143,1921-12-03,5,3,0,0.102941
1144,1921-12-10,5,7,0,0.102752
1145,1921-12-17,6,7,0,0.102564
1146,1921-12-24,1,3,0,0.102377
1147,1921-12-31,1,7,0,0.10219
1148,1922-01-07,6,7,0,0.102004
1149,1922-01-14,7,3,0,0.101818
1150,1922-01-21,8,6,0,0.101633
1151,1922-01-28,2,5,0,0.101449
1152,1922-02-04,4,9,0,0.101266
1153,1922-02-11,3,6,0,0.101083
1154,1922-02-18,8,9,0,0.100901
1155,1922-02-25,3,5,0,0.100719
1156,1922-03-04,7,8,0,0.100539
1157,1922-03-11,6,6,1,0.102151
1158,1922-03-18,3,3,1,0.103757
1159,1922-03-25,8,8,1,0.105357
1160,1922-04-01,7,5,0,0.105169
1161,1922-04-08,3,6,0,0.104982
1162,1922-04-15,4,8,0,0.104796
1163,1922-04-22,3,6,0,0.10461
1164,1922-04-29,7,8,0,0.104425
1165,1922-05-06,5,6,0,0.10424
1166,1922-05-13,7,7,1,0.10582
1167,1922-05-20,7,6,0,0.105634
1168,1922-05-27,8,6,0,0.105448
1169,1922-06-03,5,5,1,0.107018
1170,1922-06-10,8,7,0,0.10683
1171,1922-06-17,1,5,0,0.106643
1172,1922-06-24,1,7,0,0.106457
1173,1922-07-01,1,7,0,0.106272
1174,1922-07-08,7,7,1,0.107826
1175,1922-07-15,8,6,0,0.107639
1176,1922-07-22,6,5,0,0.107452
1177,1922-07-29,8,3,0,0.107266
1178,1922-08-05,8,5,0,0.107081
1179,1922-08-12,1,5,0,0.106897
1180,1922-08-19,9,7,0,0.106713
1181,1922-08-26,3,8,0,0.106529
1182,1922-09-02,6,8,0,0.106346
1183,1922-09-09,7,3,0,0.106164
1184,1922-09-16,3,6,0,0.105983
1185,1922-09-23,3,8,0,0.105802
1186,1922-09-30,1,8,0,0.105622
1187,1922-10-07,2,7,0,0.105442
1188,1922-10-14,3,9,0,0.105263
1189,1922-10-21,4,8,0,0.105085
1190,1922-10-28,1,6,0,0.104907
1191,1922-11-04,1,7,0,0.10473
1192,1922-11-11,4,7,0,0.104553
1193,1922-11-18,1,6,0,0.104377
1194,1922-11-25,4,7,0,0.104202
1195,1922-12-02,9,6,0,0.104027
1196,1922-12-09,7,8,0,0.103853
1197,1922-12-16,3,3,1,0.105351
1198,1922-12-23,5,8,0,0.105175
1199,1922-12-30,3,7,0,0.105
1200,1923-01-06,2,8,0,0.104825
1201,1923-01-13,7,9,0,0.104651
1202,1923-01-20,6,3,0,0.104478
1203,1923-01-27,1,3,0,0.104305
1204,1923-02-03,7,7,1,0.105785
1205,1923-02-10,9,3,0,0.105611
1206,1923-02-17,4,8,0,0.105437
1207,1923-02-24,3,6,0,0.105263
1208,1923-03-03,6,8,0,0.10509
1209,1923-03-10,3,3,1,0.106557
1210,1923-03-17,2,8,0,0.106383
1211,1923-03-24,6,9,0,0.106209
1212,1923-03-31,6,3,0,0.106036
1213,1923-04-07,8,3,0,0.105863
1214,1923-04-14,1,5,0,0.105691
1215,1923-04-21,1,7,0,0.105519
1216,1923-04-28,3,7,0,0.105348
1217,1923-05-05,6,8,0,0.105178
1218,1923-05-12,2,3,0,0.105008
1219,1923-05-19,4,9,0,0.104839
1220,1923-05-26,9,6,0,0.10467
1221,1923-06-02,3,8,0,0.104502
1222,1923-06-09,1,8,0,0.104334
1223,1923-06-16,2,7,0,0.104167
1224,1923-06-23,9,9,1,0.1056
1225,1923-06-30,2,8,0,0.105431
1226,1923-07-07,7,9,0,0.105263
1227,1923-07-14,6,3,0,0.105096
1228,1923-07-21,7,3,0,0.104928
1229,1923-07-28,4,6,0,0.104762
1230,1923-08-04,8,6,0,0.104596
1231,1923-08-11,3,5,0,0.10443
1232,1923-08-18,2,8,0,0.104265
1233,1923-08-25,8,9,0,0.104101
1234,1923-09-01,2,5,0,0.103937
1235,1923-09-08,5,9,0,0.103774
1236,1923-09-15,9,7,0,0.103611
1237,1923-09-22,1,8,0,0.103448
1238,1923-09-29,7,7,1,0.104851
1239,1923-10-06,7,6,0,0.104688
1240,1923-10-13,7,6,0,0.104524
1241,1923-10-20,8,6,0,0.104361
1242,1923-10-27,8,5,0,0.104199
1243,1923-11-03,6,8,0,0.104037
1244,1923-11-10,6,3,0,0.103876
1245,1923-11-17,1,3,0,0.103715
1246,1923-11-24,8,7,0,0.103555
1247,1923-12-01,8,8,1,0.104938
1248,1923-12-08,5,8,0,0.104777
1249,1923-12-15,3,7,0,0.104615
1250,1923-12-22,6,8,0,0.104455
1251,1923-12-29,8,3,0,0.104294
1252,1924-01-05,6,8,0,0.104135
1253,1924-01-12,8,3,0,0.103976
1254,1924-01-19,3,8,0,0.103817
1255,1924-01-26,8,8,1,0.105183
1256,1924-02-02,2,8,0,0.105023
1257,1924-02-09,4,9,0,0.104863
1258,1924-02-16,1,6,0,0.104704
1259,1924-02-23,1,7,0,0.104545
1260,1924-03-01,4,7,0,0.104387
1261,1924-03-08,6,6,1,0.10574
1262,1924-03-15,3,8,0,0.105581
1263,1924-03-22,5,8,0,0.105422
1264,1924-03-29,9,7,0,0.105263
1265,1924-04-05,5,8,0,0.105105
1266,1924-04-12,8,7,0,0.104948
1267,1924-04-19,5,8,0,0.10479
1268,1924-04-26,6,7,0,0.104634
1269,1924-05-03,4,3,0,0.104478
1270,1924-05-10,9,6,0,0.104322
1271,1924-05-17,3,8,0,0.104167
1272,1924-05-24,7,8,0,0.104012
1273,1924-05-31,7,6,0,0.103858
1274,1924-06-07,7,6,0,0.103704
1275,1924-06-14,3,6,0,0.10355
1276,1924-06-21,9,8,0,0.103397
1277,1924-06-28,7,8,0,0.103245
1278,1924-07-05,7,3,0,0.103093
1279,1924-07-12,2,3,0,0.102941
1280,1924-07-19,1,9,0,0.10279
1281,1924-07-26,2,7,0,0.102639
1282,1924-08-02,6,9,0,0.102489
1283,1924-08-09,4,3,0,0.102339
1284,1924-08-16,4,6,0,0.10219
1285,1924-08-23,6,6,1,0.103499
1286,1924-08-30,4,3,0,0.103348
1287,1924-09-06,3,6,0,0.103198
1288,1924-09-13,8,8,1,0.104499
1289,1924-09-20,3,5,0,0.104348
1290,1924-09-27,9,8,0,0.104197
1291,1924-10-04,8,8,1,0.105491
1292,1924-10-11,6,5,0,0.105339
1293,1924-10-18,6,3,0,0.105187
1294,1924-10-25,3,3,1,0.106475
1295,1924-10-31,8,8,1,0.107759
1296,1924-11-08,7,5,0,0.107604
1297,1924-11-15,9,3,0,0.10745
1298,1924-11-22,7,8,0,0.107296
1299,1924-11-29,8,3,0,0.107143
1300,1924-12-06,8,5,0,0.10699
1301,1924-12-13,7,8,0,0.106838
1302,1924-12-20,9,3,0,0.106686
1303,1924-12-27,8,8,1,0.107955
1304,1925-01-03,1,8,0,0.107801
1305,1925-01-10,5,7,0,0.107649
1306,1925-01-17,8,7,0,0.107496
1307,1925-01-24,8,8,1,0.108757
1308,1925-01-31,7,8,0,0.108604
1309,1925-02-07,8,3,0,0.108451
1310,1925-02-14,1,8,0,0.108298
1311,1925-02-21,5,7,0,0.108146
1312,1925-02-28,3,7,0,0.107994
1313,1925-03-07,7,8,0,0.107843
1314,1925-03-14,6,3,0,0.107692
1315,1925-03-21,9,3,0,0.107542
1316,1925-03-28,4,8,0,0.107392
1317,1925-04-04,8,6,0,0.107242
1318,1925-04-11,7,8,0,0.107093
1319,1925-04-18,9,6,0,0.106944
1320,1925-04-25,8,8,1,0.108183
1321,1925-05-02,8,8,1,0.109418
1322,1925-05-09,2,8,0,0.109267
1323,1925-05-16,7,9,0,0.109116
1324,1925-05-23,2,6,0,0.108966
1325,1925-05-30,8,9,0,0.108815
1326,1925-06-06,6,8,0,0.108666
1327,1925-06-13,9,3,0,0.108516
1328,1925-06-20,6,8,0,0.108368
1329,1925-06-27,9,3,0,0.108219
1330,1925-07-04,3,8,0,0.108071
1331,1925-07-11,9,8,0,0.107923
1332,1925-07-18,4,8,0,0.107776
1333,1925-07-25,7,6,0,0.107629
1334,1925-08-01,4,6,0,0.107483
1335,1925-08-08,8,6,0,0.107337
1336,1925-08-15,3,8,0,0.107191
1337,1925-08-22,7,8,0,0.107046
1338,1925-08-29,9,6,0,0.106901
1339,1925-09-05,8,8,1,0.108108
1340,1925-09-12,1,8,0,0.107962
1341,1925-09-19,7,7,1,0.109164
1342,1925-09-26,8,6,0,0.109017
1343,1925-10-03,6,8,0,0.108871
1344,1925-10-10,5,3,0,0.108725
1345,1925-10-17,3,7,0,0.108579
1346,1925-10-24,3,8,0,0.108434
1347,1925-10-31,1,8,0,0.108289
1348,1925-11-07,7,7,1,0.109479
1349,1925-11-14,5,6,0,0.109333
1350,1925-11-21,5,7,0,0.109188
1351,1925-11-28,7,7,1,0.110372
1352,1925-12-05,2,6,0,0.110226
1353,1925-12-12,6,9,0,0.11008
1354,1925-12-19,9,3,0,0.109934
1355,1925-12-26,9,8,0,0.109788
1356,1926-01-02,7,8,0,0.109643
1357,1926-01-09,6,6,1,0.110818
1358,1926-01-16,9,3,0,0.110672
1359,1926-01-23,5,8,0,0.110526
1360,1926-01-30,4,7,0,0.110381
1361,1926-02-06,1,6,0,0.110236
1362,1926-02-13,4,7,0,0.110092
1363,1926-02-20,8,6,0,0.109948
1364,1926-02-27,5,8,0,0.109804
1365,1926-03-06,2,7,0,0.109661
1366,1926-03-13,5,9,0,0.109518
1367,1926-03-20,1,7,0,0.109375
1368,1926-03-27,1,7,0,0.109233
1369,1926-04-03,4,7,0,0.109091
1370,1926-04-10,5,6,0,0.108949
1371,1926-04-17,5,7,0,0.108808
1372,1926-04-24,3,7,0,0.108668
1373,1926-05-01,6,8,0,0.108527
1374,1926-05-08,2,3,0,0.108387
1375,1926-05-15,6,9,0,0.108247
1376,1926-05-22,3,3,1,0.109395
1377,1926-05-29,4,8,0,0.109254
1378,1926-06-05,2,6,0,0.109114
1379,1926-06-12,8,9,0,0.108974
1380,1926-06-19,6,8,0,0.108835
1381,1926-06-26,2,3,0,0.108696
1382,1926-07-03,2,9,0,0.108557
1383,1926-07-10,3,9,0,0.108418
1384,1926-07-17,5,8,0,0.10828
1385,1926-07-24,3,7,0,0.108142
1386,1926-07-31,2,8,0,0.108005
1387,1926-08-07,4,9,0,0.107868
1388,1926-08-14,7,6,0,0.107731
1389,1926-08-21,5,6,0,0.107595
1390,1926-08-28,8,7,0,0.107459
1391,1926-09-04,4,8,0,0.107323
1392,1926-09-11,3,6,0,0.107188
1393,1926-09-18,6,8,0,0.107053
1394,1926-09-25,1,3,0,0.106918
1395,1926-10-02,1,7,0,0.106784
1396,1926-10-09,8,7,0,0.10665
1397,1926-10-16,4,8,0,0.106516
1398,1926-10-23,3,6,0,0.106383
1399,1926-10-30,7,8,0,0.10625
1400,1926-11-06,8,6,0,0.106117
1401,1926-11-13,3,8,0,0.105985
1402,1926-11-20,5,8,0,0.105853
1403,1926-11-27,1,7,0,0.105721
1404,1926-12-04,3,7,0,0.10559
1405,1926-12-11,3,8,0,0.105459
1406,1926-12-18,4,8,0,0.105328
1407,1926-12-25,6,6,1,0.106436
1408,1926-12-31,2,3,0,0.106304
1409,1927-01-08,3,9,0,0.106173
1410,1927-01-15,4,8,0,0.106042
1411,1927-01-22,6,6,1,0.107143
1412,1927-01-29,2,3,0,0.107011
1413,1927-02-05,3,9,0,0.10688
1414,1927-02-12,5,8,0,0.106748
1415,1927-02-19,2,7,0,0.106618
1416,1927-02-26,3,3,1,0.107711
1417,1927-03-05,5,8,0,0.107579
1418,1927-03-12,7,7,1,0.108669
1419,1927-03-19,5,6,0,0.108537
1420,1927-03-26,4,7,0,0.108404
1421,1927-04-02,2,6,0,0.108273
1422,1927-04-09,1,3,0,0.108141
1423,1927-04-16,4,7,0,0.10801
1424,1927-04-23,9,6,0,0.107879
1425,1927-04-30,6,8,0,0.107748
1426,1927-05-07,3,3,1,0.108827
1427,1927-05-14,1,8,0,0.108696
1428,1927-05-21,7,7,1,0.109771
1429,1927-05-28,8,6,0,0.109639
1430,1927-06-04,3,8,0,0.109507
1431,1927-06-11,3,8,0,0.109375
1432,1927-06-18,4,8,0,0.109244
1433,1927-06-25,9,6,0,0.109113
1434,1927-07-02,3,8,0,0.108982
1435,1927-07-09,5,8,0,0.108852
1436,1927-07-16,6,7,0,0.108722
1437,1927-07-23,3,3,1,0.109785
1438,1927-07-30,9,5,0,0.109654
1439,1927-08-06,1,8,0,0.109524
1440,1927-08-13,6,7,0,0.109394
1441,1927-08-20,9,3,0,0.109264
1442,1927-08-27,8,8,1,0.11032
1443,1927-09-03,8,8,1,0.111374
1444,1927-09-10,1,8,0,0.111243
1445,1927-09-17,4,7,0,0.111111
1446,1927-09-24,2,6,0,0.11098
1447,1927-10-01,1,3,0,0.110849
1448,1927-10-08,2,7,0,0.110718
1449,1927-10-15,5,3,0,0.110588
1450,1927-10-22,4,7,0,0.110458
1451,1927-10-29,9,6,0,0.110329
1452,1927-11-05,8,8,1,0.111372
1453,1927-11-12,7,8,0,0.111241
1454,1927-11-19,5,6,0,0.111111
1455,1927-11-26,1,7,0,0.110981
1456,1927-12-03,1,7,0,0.110852
1457,1927-12-10,4,7,0,0.110723
1458,1927-12-17,1,6,0,0.110594
1459,1927-12-24,4,7,0,0.110465
1460,1927-12-31,2,6,0,0.110337
1461,1928-01-07,9,3,0,0.110209
1462,1928-01-14,7,8,0,0.110081
1463,1928-01-21,3,6,0,0.109954
1464,1928-01-28,3,5,0,0.109827
1465,1928-02-04,4,5,0,0.1097
1466,1928-02-11,6,6,1,0.110727
1467,1928-02-18,3,3,1,0.111751
1468,1928-02-25,8,5,0,0.111623
1469,1928-03-03,7,8,0,0.111494
1470,1928-03-10,4,6,0,0.111366
1471,1928-03-17,2,6,0,0.111239
1472,1928-03-24,4,3,0,0.111111
1473,1928-03-31,4,6,0,0.110984
1474,1928-04-07,4,6,0,0.110857
1475,1928-04-14,5,6,0,0.110731
1476,1928-04-21,7,7,1,0.111745
1477,1928-04-28,9,6,0,0.111617
1478,1928-05-05,4,8,0,0.11149
1479,1928-05-12,2,6,0,0.111364
1480,1928-05-19,9,3,0,0.111237
1481,1928-05-26,9,8,0,0.111111
1482,1928-06-02,9,8,0,0.110985
1483,1928-06-09,4,8,0,0.11086
1484,1928-06-16,8,6,0,0.110734
1485,1928-06-23,1,8,0,0.110609
1486,1928-06-30,8,7,0,0.110485
1487,1928-07-07,1,8,0,0.11036
1488,1928-07-14,7,7,1,0.111361
1489,1928-07-21,4,6,0,0.111236
1490,1928-07-28,9,6,0,0.111111
1491,1928-08-04,9,8,0,0.110987
1492,1928-08-11,6,8,0,0.110862
1493,1928-08-18,1,3,0,0.110738
1494,1928-08-25,5,7,0,0.110615
1495,1928-09-01,3,7,0,0.110491
1496,1928-09-08,7,8,0,0.110368
1497,1928-09-15,3,6,0,0.110245
1498,1928-09-22,7,8,0,0.110122
1499,1928-09-29,8,3,0,0.11
1500,1928-10-06,2,8,0,0.109878
1501,1928-10-13,4,9,0,0.109756
1502,1928-10-20,5,6,0,0.109635
1503,1928-10-27,3,7,0,0.109513
1504,1928-11-03,6,8,0,0.109392
1505,1928-11-10,9,3,0,0.109272
1506,1928-11-17,2,8,0,0.109151
1507,1928-11-24,2,9,0,0.109031
1508,1928-12-01,5,9,0,0.108911
1509,1928-12-08,2,7,0,0.108791
1510,1928-12-15,9,9,1,0.109769
1511,1928-12-22,5,8,0,0.109649
1512,1928-12-29,8,7,0,0.109529
1513,1929-01-05,5,8,0,0.109409
1514,1929-01-12,8,7,0,0.10929
1515,1929-01-19,2,8,0,0.10917
1516,1929-01-26,7,9,0,0.109051
1517,1929-02-02,2,3,0,0.108932
1518,1929-02-09,2,9,0,0.108814
1519,1929-02-16,9,9,1,0.109783
1520,1929-02-23,2,8,0,0.109663
1521,1929-03-02,7,9,0,0.109544
1522,1929-03-09,6,3,0,0.109426
1523,1929-03-16,4,3,0,0.109307
1524,1929-03-23,5,6,0,0.109189
1525,1929-03-30,1,7,0,0.109071
1526,1929-04-06,4,7,0,0.108954
1527,1929-04-13,3,6,0,0.108836
1528,1929-04-20,7,8,0,0.108719
1529,1929-04-27,6,6,1,0.109677
1530,1929-05-04,1,3,0,0.10956
1531,1929-05-11,5,7,0,0.109442
1532,1929-05-18,2,7,0,0.109325
1533,1929-05-25,4,9,0,0.109208
1534,1929-06-01,2,6,0,0.109091
1535,1929-06-08,3,9,0,0.108974
1536,1929-06-15,3,8,0,0.108858
1537,1929-06-22,2,8,0,0.108742
1538,1929-06-29,8,9,0,0.108626
1539,1929-07-06,3,8,0,0.108511
1540,1929-07-13,5,8,0,0.108395
1541,1929-07-20,8,7,0,0.10828
1542,1929-07-27,2,8,0,0.108165
1543,1929-08-03,9,9,1,0.10911
1544,1929-08-10,6,8,0,0.108995
1545,1929-08-17,3,3,1,0.109937
1546,1929-08-24,3,5,0,0.10982
1547,1929-08-31,9,5,0,0.109705
1548,1929-09-07,2,8,0,0.109589
1549,1929-09-14,1,9,0,0.109474
1550,1929-09-21,9,7,0,0.109359
1551,1929-09-28,8,8,1,0.110294
1552,1929-10-05,8,8,1,0.111228
1553,1929-10-12,2,8,0,0.111111
1554,1929-10-19,1,9,0,0.110995
1555,1929-10-26,2,7,0,0.110879
1556,1929-11-02,5,9,0,0.110763
1557,1929-11-09,9,7,0,0.110647
1558,1929-11-16,7,8,0,0.110532
1559,1929-11-23,5,6,0,0.110417
1560,1929-11-30,1,7,0,0.110302
1561,1929-12-07,5,7,0,0.110187
1562,1929-12-14,3,7,0,0.110073
1563,1929-12-21,6,5,0,0.109959
1564,1929-12-28,3,3,1,0.110881
1565,1930-01-04,3,5,0,0.110766
1566,1930-01-11,7,5,0,0.110651
1567,1930-01-18,2,6,0,0.110537
1568,1930-01-25,8,9,0,0.110423
1569,1930-02-01,3,8,0,0.110309
1570,1930-02-08,1,5,0,0.110196
1571,1930-02-15,3,7,0,0.110082
1572,1930-02-22,7,5,0,0.109969
1573,1930-03-01,9,6,0,0.109856
1574,1930-03-08,7,8,0,0.109744
1575,1930-03-15,9,6,0,0.109631
1576,1930-03-22,3,8,0,0.109519
1577,1930-03-29,5,5,1,0.110429
1578,1930-04-05,5,7,0,0.110317
1579,1930-04-12,3,7,0,0.110204
1580,1930-04-19,4,5,0,0.110092
1581,1930-04-26,6,6,1,0.110998
1582,1930-05-03,6,3,0,0.110885
1583,1930-05-10,2,3,0,0.110772
1584,1930-05-17,8,9,0,0.11066
1585,1930-05-24,3,8,0,0.110548
1586,1930-05-31,9,5,0,0.110436
1587,1930-06-07,4,8,0,0.110324
1588,1930-06-14,5,6,0,0.110212
1589,1930-06-21,8,7,0,0.110101
1590,1930-06-28,5,8,0,0.10999
1591,1930-07-05,9,7,0,0.109879
1592,1930-07-12,8,8,1,0.110775
1593,1930-07-19,2,8,0,0.110664
1594,1930-07-26,8,9,0,0.110553
1595,1930-08-02,7,8,0,0.110442
1596,1930-08-09,5,6,0,0.110331
1597,1930-08-16,8,7,0,0.11022
1598,1930-08-23,3,8,0,0.11011
1599,1930-08-30,8,5,0,0.11
1600,1930-09-06,6,8,0,0.10989
1601,1930-09-13,3,3,1,0.110778
1602,1930-09-20,3,5,0,0.110668
1603,1930-09-27,4,5,0,0.110558
1604,1930-10-04,6,6,1,0.111443
1605,1930-10-11,1,3,0,0.111332
1606,1930-10-18,4,7,0,0.111221
1607,1930-10-25,7,6,0,0.111111
1608,1930-10-31,2,6,0,0.111001
1609,1930-11-08,3,9,0,0.110891
1610,1930-11-15,3,5,0,0.110781
1611,1930-11-22,4,5,0,0.110672
1612,1930-11-29,7,6,0,0.110563
1613,1930-12-06,1,6,0,0.110454
1614,1930-12-13,4,7,0,0.110345
1615,1930-12-20,6,6,1,0.11122
1616,1930-12-27,4,3,0,0.111111
1617,1931-01-03,5,6,0,0.111002
1618,1931-01-10,8,7,0,0.110893
1619,1931-01-17,3,8,0,0.110784
1620,1931-01-24,8,5,0,0.110676
1621,1931-01-31,7,8,0,0.110568
1622,1931-02-07,8,6,0,0.110459
1623,1931-02-14,5,8,0,0.110352
1624,1931-02-21,6,7,0,0.110244
1625,1931-02-28,3,3,1,0.111111
1626,1931-03-07,3,8,0,0.111003
1627,1931-03-14,9,3,0,0.110895
1628,1931-03-21,6,8,0,0.110787
1629,1931-03-28,5,3,0,0.11068
1630,1931-04-04,4,7,0,0.110572
1631,1931-04-11,2,6,0,0.110465
1632,1931-04-18,5,9,0,0.110358
1633,1931-04-25,3,7,0,0.110251
1634,1931-05-02,4,3,0,0.110145
1635,1931-05-09,9,6,0,0.110039
1636,1931-05-16,3,8,0,0.109932
1637,1931-05-23,9,3,0,0.109827
1638,1931-05-30,8,8,1,0.110683
1639,1931-06-06,3,8,0,0.110577
1640,1931-06-13,3,3,1,0.111431
1641,1931-06-20,6,3,0,0.111324
1642,1931-06-27,4,3,0,0.111218
1643,1931-07-04,6,6,1,0.112069
1644,1931-07-11,4,3,0,0.111962
1645,1931-07-18,6,6,1,0.112811
1646,1931-07-25,4,3,0,0.112703
1647,1931-08-01,8,6,0,0.112595
1648,1931-08-08,2,8,0,0.112488
1649,1931-08-15,2,9,0,0.112381
1650,1931-08-22,1,9,0,0.112274
1651,1931-08-29,6,7,0,0.112167
1652,1931-09-05,1,3,0,0.112061
1653,1931-09-12,5,7,0,0.111954
1654,1931-09-19,2,7,0,0.111848
1655,1931-09-26,3,9,0,0.111742
1656,1931-10-03,2,3,0,0.111637
1657,1931-10-10,1,9,0,0.111531
1658,1931-10-17,7,7,1,0.11237
1659,1931-10-24,6,6,1,0.113208
1660,1931-10-31,9,3,0,0.113101
1661,1931-11-07,8,8,1,0.113936
1662,1931-11-14,9,8,0,0.113829
1663,1931-11-21,4,8,0,0.113722
1664,1931-11-28,7,6,0,0.113615
1665,1931-12-05,1,6,0,0.113508
1666,1931-12-12,6,7,0,0.113402
1667,1931-12-19,2,3,0,0.113296
1668,1931-12-26,4,9,0,0.11319
1669,1932-01-02,1,6,0,0.113084
1670,1932-01-09,3,7,0,0.112979
1671,1932-01-16,8,3,0,0.112873
1672,1932-01-23,6,8,0,0.112768
1673,1932-01-30,7,3,0,0.112663
1674,1932-02-06,1,6,0,0.112558
1675,1932-02-13,4,7,0,0.112454
1676,1932-02-20,3,6,0,0.112349
1677,1932-02-27,9,3,0,0.112245
1678,1932-03-05,2,8,0,0.112141
1679,1932-03-12,4,9,0,0.112037
1680,1932-03-19,1,6,0,0.111933
1681,1932-03-26,9,7,0,0.11183
1682,1932-04-02,8,8,1,0.11265
1683,1932-04-09,8,8,1,0.113469
1684,1932-04-16,5,8,0,0.113364
1685,1932-04-23,5,7,0,0.11326
1686,1932-04-30,4,7,0,0.113155
1687,1932-05-07,2,6,0,0.113051
1688,1932-05-14,4,9,0,0.112948
1689,1932-05-21,6,6,1,0.113761
1690,1932-05-28,2,3,0,0.113657
1691,1932-06-04,6,9,0,0.113553
1692,1932-06-11,2,3,0,0.113449
1693,1932-06-18,7,9,0,0.113346
1694,1932-06-25,6,6,1,0.114155
1695,1932-07-02,9,3,0,0.114051
1696,1932-07-09,2,8,0,0.113947
1697,1932-07-16,1,9,0,0.113843
1698,1932-07-23,7,7,1,0.11465
1699,1932-07-30,6,6,1,0.115455
1700,1932-08-06,2,3,0,0.11535
1701,1932-08-13,4,9,0,0.115245
1702,1932-08-20,1,6,0,0.115141
1703,1932-08-27,1,7,0,0.115036
1704,1932-09-03,2,7,0,0.114932
1705,1932-09-10,2,9,0,0.114828
1706,1932-09-17,1,9,0,0.114724
1707,1932-09-24,6,7,0,0.114621
1708,1932-10-01,5,3,0,0.114518
1709,1932-10-08,6,7,0,0.114414
1710,1932-10-15,8,3,0,0.114311
1711,1932-10-22,8,8,1,0.115108
1712,1932-10-29,6,8,0,0.115004
1713,1932-11-05,8,3,0,0.114901
1714,1932-11-12,4,8,0,0.114798
1715,1932-11-19,2,6,0,0.114695
1716,1932-11-26,9,9,1,0.115488
1717,1932-12-03,3,8,0,0.115385
1718,1932-12-10,2,3,0,0.115282
1719,1932-12-17,3,9,0,0.115179
1720,1932-12-24,6,3,0,0.115076
1721,1932-12-31,1,3,0,0.114973
1722,1933-01-07,9,7,0,0.114871
1723,1933-01-14,2,8,0,0.114769
1724,1933-01-21,5,9,0,0.114667
1725,1933-01-28,4,7,0,0.114565
1726,1933-02-04,6,6,1,0.11535
1727,1933-02-11,2,3,0,0.115248
1728,1933-02-18,9,9,1,0.116032
1729,1933-02-25,3,8,0,0.115929
1730,1933-03-04,2,3,0,0.115827
1731,1933-03-11,7,9,0,0.115724
1732,1933-03-18,4,6,0,0.115622
1733,1933-03-25,4,6,0,0.11552
1734,1933-04-01,8,6,0,0.115419
1735,1933-04-08,3,8,0,0.115317
1736,1933-04-15,2,3,0,0.115215
1737,1933-04-22,6,9,0,0.115114
1738,1933-04-29,7,3,0,0.115013
1739,1933-05-06,6,6,1,0.115789
1740,1933-05-13,7,3,0,0.115688
1741,1933-05-20,3,6,0,0.115587
1742,1933-05-27,3,3,1,0.11636
1743,1933-06-03,5,3,0,0.116259
1744,1933-06-10,3,7,0,0.116157
1745,1933-06-17,1,3,0,0.116056
1746,1933-06-24,7,7,1,0.116827
1747,1933-07-01,3,6,0,0.116725
1748,1933-07-08,6,3,0,0.116623
1749,1933-07-15,7,3,0,0.116522
1750,1933-07-22,3,6,0,0.116421
1751,1933-07-29,9,3,0,0.116319
1752,1933-08-05,7,8,0,0.116219
1753,1933-08-12,1,6,0,0.116118
1754,1933-08-19,6,7,0,0.116017
1755,1933-08-26,9,3,0,0.115917
1756,1933-09-02,3,8,0,0.115817
1757,1933-09-09,3,3,1,0.11658
1758,1933-09-16,4,3,0,0.11648
1759,1933-09-23,5,6,0,0.116379
1760,1933-09-30,1,7,0,0.116279
1761,1933-10-07,9,7,0,0.116179
1762,1933-10-14,7,8,0,0.116079
1763,1933-10-21,5,6,0,0.115979
1764,1933-10-28,5,7,0,0.11588
1765,1933-11-04,1,7,0,0.11578
1766,1933-11-11,7,7,1,0.116538
1767,1933-11-18,9,6,0,0.116438
1768,1933-11-25,7,8,0,0.116339
1769,1933-12-02,2,6,0,0.116239
1770,1933-12-09,6,9,0,0.11614
1771,1933-12-16,5,3,0,0.116041
1772,1933-12-23,9,7,0,0.115942
1773,1933-12-30,1,8,0,0.115843
1774,1934-01-06,7,7,1,0.116596
1775,1934-01-13,9,6,0,0.116497
1776,1934-01-20,9,8,0,0.116398
1777,1934-01-27,7,8,0,0.116299
1778,1934-02-03,2,6,0,0.1162
1779,1934-02-10,8,9,0,0.116102
1780,1934-02-17,1,8,0,0.116003
1781,1934-02-24,9,7,0,0.115905
1782,1934-03-03,2,8,0,0.115807
1783,1934-03-10,7,9,0,0.115709
1784,1934-03-17,6,6,1,0.116456
1785,1934-03-24,7,3,0,0.116358
1786,1934-03-31,2,6,0,0.116259
1787,1934-04-07,8,9,0,0.116162
1788,1934-04-14,1,8,0,0.116064
1789,1934-04-21,7,7,1,0.116807
1790,1934-04-28,1,6,0,0.116709
1791,1934-05-05,3,7,0,0.116611
1792,1934-05-12,2,3,0,0.116513
1793,1934-05-19,3,9,0,0.116415
1794,1934-05-26,4,3,0,0.116318
1795,1934-06-02,6,6,1,0.117057
1796,1934-06-09,6,3,0,0.116959
1797,1934-06-16,3,3,1,0.117696
1798,1934-06-23,5,3,0,0.117598
1799,1934-06-30,9,7,0,0.1175
1800,1934-07-07,1,8,0,0.117402
1801,1934-07-14,7,7,1,0.118136
1802,1934-07-21,2,6,0,0.118038
1803,1934-07-28,7,9,0,0.11794
1804,1934-08-04,8,6,0,0.117842
1805,1934-08-11,3,8,0,0.117745
1806,1934-08-18,8,3,0,0.117647
1807,1934-08-25,9,8,0,0.11755
1808,1934-09-01,6,8,0,0.117452
1809,1934-09-08,4,3,0,0.117355
1810,1934-09-15,5,6,0,0.117258
1811,1934-09-22,7,7,1,0.117987
1812,1934-09-29,5,6,0,0.11789
1813,1934-10-06,6,7,0,0.117792
1814,1934-10-13,1,3,0,0.117695
1815,1934-10-20,8,7,0,0.117599
1816,1934-10-27,3,8,0,0.117502
1817,1934-11-03,8,3,0,0.117406
1818,1934-11-10,5,8,0,0.117309
1819,1934-11-17,6,7,0,0.117213
1820,1934-11-24,3,3,1,0.117936
1821,1934-12-01,3,3,1,0.118658
1822,1934-12-08,5,3,0,0.118561
1823,1934-12-15,3,7,0,0.118464
1824,1934-12-22,7,3,0,0.118367
1825,1934-12-29,7,6,0,0.118271
1826,1935-01-05,4,6,0,0.118174
1827,1935-01-12,9,6,0,0.118078
1828,1935-01-19,6,8,0,0.117982
1829,1935-01-26,1,3,0,0.117886
1830,1935-02-02,5,7,0,0.11779
1831,1935-02-09,4,7,0,0.117695
1832,1935-02-16,2,6,0,0.117599
1833,1935-02-23,2,9,0,0.117504
1834,1935-03-02,4,9,0,0.117409
1835,1935-03-09,7,6,0,0.117314
1836,1935-03-16,6,6,1,0.118027
1837,1935-03-23,6,3,0,0.117932
1838,1935-03-30,4,3,0,0.117837
1839,1935-04-06,9,6,0,0.117742
1840,1935-04-13,1,8,0,0.117647
1841,1935-04-20,1,7,0,0.117552
1842,1935-04-27,9,7,0,0.117458
1843,1935-05-04,1,8,0,0.117363
1844,1935-05-11,3,7,0,0.117269
1845,1935-05-18,3,3,1,0.117978
1846,1935-05-25,7,3,0,0.117883
1847,1935-06-01,7,6,0,0.117788
1848,1935-06-08,8,6,0,0.117694
1849,1935-06-15,2,8,0,0.1176
1850,1935-06-22,4,9,0,0.117506
1851,1935-06-29,2,6,0,0.117412
1852,1935-07-06,8,9,0,0.117318
1853,1935-07-13,4,8,0,0.117225
1854,1935-07-20,4,6,0,0.117131
1855,1935-07-27,2,6,0,0.117038
1856,1935-08-03,4,9,0,0.116945
1857,1935-08-10,3,6,0,0.116852
1858,1935-08-17,3,3,1,0.117554
1859,1935-08-24,8,3,0,0.11746
1860,1935-08-31,4,8,0,0.117367
1861,1935-09-07,7,6,0,0.117274
1862,1935-09-14,5,6,0,0.117181
1863,1935-09-21,1,7,0,0.117089
1864,1935-09-28,8,7,0,0.116996
1865,1935-10-05,4,8,0,0.116904
1866,1935-10-12,3,6,0,0.116811
1867,1935-10-19,8,3,0,0.116719
1868,1935-10-26,5,8,0,0.116627
1869,1935-11-02,9,7,0,0.116535
1870,1935-11-09,4,8,0,0.116444
1871,1935-11-16,6,6,1,0.117138
1872,1935-11-23,5,3,0,0.117046
1873,1935-11-30,8,7,0,0.116954
1874,1935-12-07,3,5,0,0.116863
1875,1935-12-14,9,3,0,0.116771
1876,1935-12-21,3,8,0,0.11668
1877,1935-12-28,1,3,0,0.116588
1878,1936-01-04,9,7,0,0.116497
1879,1936-01-11,4,8,0,0.116406
1880,1936-01-18,1,6,0,0.116315
1881,1936-01-25,8,7,0,0.116225
1882,1936-02-01,5,3,0,0.116134
1883,1936-02-08,9,7,0,0.116044
1884,1936-02-15,9,8,0,0.115953
1885,1936-02-22,7,8,0,0.115863
1886,1936-02-29,7,6,0,0.115773
1887,1936-03-07,3,6,0,0.115683
1888,1936-03-14,1,3,0,0.115593
1889,1936-03-21,1,7,0,0.115504
1890,1936-03-28,7,7,1,0.116189
1891,1936-04-04,2,6,0,0.116099
1892,1936-04-11,7,9,0,0.116009
1893,1936-04-18,8,6,0,0.11592
1894,1936-04-25,1,5,0,0.11583
1895,1936-05-02,4,7,0,0.115741
1896,1936-05-09,3,6,0,0.115652
1897,1936-05-16,6,3,0,0.115562
1898,1936-05-23,1,3,0,0.115473
1899,1936-05-30,6,7,0,0.115385
1900,1936-06-06,5,3,0,0.115296
1901,1936-06-13,4,7,0,0.115207
1902,1936-06-20,4,6,0,0.115119
1903,1936-06-27,3,6,0,0.115031
1904,1936-07-04,4,3,0,0.114943
1905,1936-07-11,5,6,0,0.114855
1906,1936-07-18,4,7,0,0.114767
1907,1936-07-25,5,6,0,0.114679
1908,1936-08-01,6,7,0,0.114591
1909,1936-08-08,2,3,0,0.114504
1910,1936-08-15,3,9,0,0.114416
1911,1936-08-22,7,3,0,0.114329
1912,1936-08-29,3,6,0,0.114242
1913,1936-09-05,4,3,0,0.114155
1914,1936-09-12,5,6,0,0.114068
1915,1936-09-19,4,7,0,0.113982
1916,1936-09-26,3,6,0,0.113895
1917,1936-10-03,7,3,0,0.113809
1918,1936-10-10,5,6,0,0.113723
1919,1936-10-17,2,7,0,0.113636
1920,1936-10-24,1,3,0,0.11355
1921,1936-10-31,4,7,0,0.113464
1922,1936-11-07,2,6,0,0.113379
1923,1936-11-14,5,3,0,0.113293
1924,1936-11-21,6,7,0,0.113208
1925,1936-11-28,6,3,0,0.113122
1926,1936-12-05,4,3,0,0.113037
1927,1936-12-12,7,6,0,0.112952
1928,1936-12-19,8,6,0,0.112867
1929,1936-12-26,3,5,0,0.112782
1930,1937-01-02,5,3,0,0.112697
1931,1937-01-09,1,7,0,0.112613
1932,1937-01-16,5,7,0,0.112528
1933,1937-01-23,6,7,0,0.112444
1934,1937-01-30,3,3,1,0.113109
1935,1937-02-06,3,3,1,0.113772
1936,1937-02-13,1,3,0,0.113687
1937,1937-02-20,5,7,0,0.113602
1938,1937-02-27,5,7,0,0.113518
1939,1937-03-06,7,7,1,0.114179
1940,1937-03-13,9,6,0,0.114094
1941,1937-03-20,3,8,0,0.114009
1942,1937-03-27,9,3,0,0.113924
1943,1937-04-03,3,8,0,0.113839
1944,1937-04-10,2,3,0,0.113755
1945,1937-04-17,7,3,0,0.11367
1946,1937-04-24,6,6,1,0.114328
1947,1937-05-01,3,3,1,0.114985
1948,1937-05-08,7,3,0,0.1149
1949,1937-05-15,1,6,0,0.114815
1950,1937-05-22,2,7,0,0.11473
1951,1937-05-29,1,3,0,0.114645
1952,1937-06-05,9,7,0,0.11456
1953,1937-06-12,5,8,0,0.114476
1954,1937-06-19,1,7,0,0.114391
1955,1937-06-26,9,7,0,0.114307
1956,1937-07-03,5,8,0,0.114223
1957,1937-07-10,1,7,0,0.114138
1958,1937-07-17,2,7,0,0.114054
1959,1937-07-24,4,3,0,0.113971
1960,1937-07-31,5,6,0,0.113887
1961,1937-08-07,2,7,0,0.113803
1962,1937-08-14,7,3,0,0.11372
1963,1937-08-21,1,6,0,0.113636
1964,1937-08-28,2,7,0,0.113553
1965,1937-09-04,5,3,0,0.11347
1966,1937-09-11,2,7,0,0.113387
1967,1937-09-18,8,3,0,0.113304
1968,1937-09-25,3,3,1,0.113952
1969,1937-10-02,2,3,0,0.113869
1970,1937-10-09,8,3,0,0.113786
1971,1937-10-16,1,3,0,0.113703
1972,1937-10-23,2,7,0,0.11362
1973,1937-10-30,7,8,0,0.113537
1974,1937-11-06,5,6,0,0.113455
1975,1937-11-13,6,7,0,0.113372
1976,1937-11-20,7,3,0,0.11329
1977,1937-11-27,4,6,0,0.113208
1978,1937-12-04,7,6,0,0.113125
1979,1937-12-11,2,6,0,0.113043
1980,1937-12-18,1,8,0,0.112962
1981,1937-12-25,5,7,0,0.11288
1982,1937-12-31,3,7,0,0.112798
1983,1938-01-08,4,3,0,0.112717
1984,1938-01-15,1,6,0,0.112635
1985,1938-01-22,8,7,0,0.112554
1986,1938-01-29,4,3,0,0.112473
1987,1938-02-05,3,6,0,0.112392
1988,1938-02-12,8,3,0,0.112311
1989,1938-02-19,3,3,1,0.11295
1990,1938-02-26,2,3,0,0.112868
1991,1938-03-05,8,8,1,0.113506
1992,1938-03-12,8,3,0,0.113424
1993,1938-03-19,5,3,0,0.113343
1994,1938-03-26,4,7,0,0.113262
1995,1938-04-02,1,6,0,0.113181
1996,1938-04-09,5,7,0,0.113099
1997,1938-04-16,5,7,0,0.113019
1998,1938-04-23,2,7,0,0.112938
1999,1938-04-30,4,8,0,0.112857
2000,1938-05-07,2,6,0,0.112777
2001,1938-05-14,5,8,0,0.112696
2002,1938-05-21,8,7,0,0.112616
2003,1938-05-28,7,3,0,0.112536
2004,1938-06-04,1,6,0,0.112456
2005,1938-06-11,9,7,0,0.112376
2006,1938-06-18,2,8,0,0.112296
2007,1938-06-25,2,8,0,0.112216
2008,1938-07-02,7,8,0,0.112136
2009,1938-07-09,7,6,0,0.112057
2010,1938-07-16,2,6,0,0.111977
2011,1938-07-23,9,8,0,0.111898
2012,1938-07-30,3,8,0,0.111819
2013,1938-08-06,2,3,0,0.11174
2014,1938-08-13,8,8,1,0.112367
2015,1938-08-20,8,3,0,0.112288
2016,1938-08-27,1,3,0,0.112209
2017,1938-09-03,9,7,0,0.11213
2018,1938-09-10,3,8,0,0.112051
2019,1938-09-17,5,3,0,0.111972
2020,1938-09-24,2,7,0,0.111893
2021,1938-10-01,9,8,0,0.111814
2022,1938-10-08,7,8,0,0.111736
2023,1938-10-15,1,6,0,0.111657
2024,1938-10-22,6,7,0,0.111579
2025,1938-10-29,3,3,1,0.112202
2026,1938-11-05,8,3,0,0.112123
2027,1938-11-12,7,3,0,0.112045
2028,1938-11-19,2,6,0,0.111966
2029,1938-11-26,1,8,0,0.111888
2030,1938-12-03,4,7,0,0.11181
2031,1938-12-10,7,6,0,0.111732
2032,1938-12-17,8,6,0,0.111654
2033,1938-12-24,5,3,0,0.111576
2034,1938-12-31,3,7,0,0.111498
2035,1939-01-07,7,3,0,0.111421
2036,1939-01-14,5,6,0,0.111343
2037,1939-01-21,9,7,0,0.111266
2038,1939-01-28,5,8,0,0.111188
2039,1939-02-04,6,7,0,0.111111
2040,1939-02-11,7,3,0,0.111034
2041,1939-02-18,6,6,1,0.11165
2042,1939-02-25,6,3,0,0.111573
2043,1939-03-04,8,3,0,0.111496
2044,1939-03-11,4,3,0,0.111419
2045,1939-03-18,2,6,0,0.111342
2046,1939-03-25,6,8,0,0.111265
2047,1939-04-01,3,3,1,0.111878
2048,1939-04-08,9,3,0,0.111801
2049,1939-04-15,4,8,0,0.111724
2050,1939-04-22,4,6,0,0.111647
2051,1939-04-29,6,6,1,0.112259
2052,1939-05-06,5,3,0,0.112182
2053,1939-05-13,1,7,0,0.112105
2054,1939-05-20,1,7,0,0.112027
2055,1939-05-27,9,7,0,0.111951
2056,1939-06-03,4,8,0,0.111874
2057,1939-06-10,5,6,0,0.111797
2058,1939-06-17,5,7,0,0.11172
2059,1939-06-24,6,7,0,0.111644
2060,1939-07-01,8,3,0,0.111567
2061,1939-07-08,6,3,0,0.111491
2062,1939-07-15,3,3,1,0.112098
2063,1939-07-22,5,3,0,0.112022
2064,1939-07-29,2,6,0,0.111945
2065,1939-08-05,7,8,0,0.111869
2066,1939-08-12,3,6,0,0.111793
2067,1939-08-19,8,3,0,0.111717
2068,1939-08-26,3,3,1,0.112321
2069,1939-09-02,5,8,0,0.112245
2070,1939-09-09,1,6,0,0.112169
2071,1939-09-16,9,7,0,0.112092
2072,1939-09-23,6,8,0,0.112016
2073,1939-09-30,3,3,1,0.112619
2074,1939-10-07,8,8,1,0.11322
2075,1939-10-14,3,3,1,0.113821
2076,1939-10-21,2,8,0,0.113744
2077,1939-10-28,3,8,0,0.113667
2078,1939-11-04,6,8,0,0.11359
2079,1939-11-11,7,3,0,0.113514
2080,1939-11-18,5,6,0,0.113437
2081,1939-11-25,5,6,0,0.11336
2082,1939-12-02,1,6,0,0.113284
2083,1939-12-09,3,7,0,0.113208
2084,1939-12-16,2,8,0,0.113131
2085,1939-12-23,4,8,0,0.113055
2086,1939-12-30,4,6,0,0.112979
2087,1940-01-06,8,6,0,0.112903
2088,1940-01-13,4,3,0,0.112827
2089,1940-01-20,9,6,0,0.112752
2090,1940-01-27,2,8,0,0.112676
2091,1940-02-03,1,8,0,0.112601
2092,1940-02-10,5,7,0,0.112525
2093,1940-02-17,3,6,0,0.11245
2094,1940-02-24,6,8,0,0.112375
2095,1940-03-02,3,3,1,0.112968
2096,1940-03-09,8,8,1,0.11356
2097,1940-03-16,9,3,0,0.113485
2098,1940-03-23,7,8,0,0.113409
2099,1940-03-30,2,6,0,0.113333
2100,1940-04-06,1,8,0,0.113258
2101,1940-04-13,6,7,0,0.113182
2102,1940-04-20,3,3,1,0.113772
2103,1940-04-27,6,8,0,0.113697
2104,1940-05-04,8,3,0,0.113621
2105,1940-05-11,8,3,0,0.113546
2106,1940-05-18,5,3,0,0.11347
2107,1940-05-25,1,6,0,0.113395
2108,1940-06-01,8,7,0,0.11332
2109,1940-06-08,7,3,0,0.113245
2110,1940-06-15,5,6,0,0.11317
2111,1940-06-22,2,1,0,0.113095
2112,1940-06-29,8,8,1,0.113681
2113,1940-07-06,4,3,0,0.113606
2114,1940-07-13,6,6,1,0.114191
2115,1940-07-20,5,3,0,0.114116
2116,1940-07-27,6,1,0,0.114041
2117,1940-08-03,1,3,0,0.113966
2118,1940-08-10,7,7,1,0.114549
2119,1940-08-17,8,6,0,0.114474
2120,1940-08-24,9,3,0,0.114398
2121,1940-08-31,4,8,0,0.114323
2122,1940-09-07,6,6,1,0.114905
2123,1940-09-14,4,3,0,0.114829
2124,1940-09-21,2,6,0,0.114754
2125,1940-09-28,8,8,1,0.115334
2126,1940-10-05,9,3,0,0.115259
2127,1940-10-12,3,8,0,0.115183
2128,1940-10-19,3,8,0,0.115108
2129,1940-10-26,2,8,0,0.115033
2130,1940-11-02,1,8,0,0.114958
2131,1940-11-09,4,7,0,0.114883
2132,1940-11-16,1,6,0,0.114808
2133,1940-11-23,7,7,1,0.115385
2134,1940-11-30,6,6,1,0.115961
2135,1940-12-07,2,3,0,0.115885
2136,1940-12-14,6,8,0,0.11581
2137,1940-12-21,6,3,0,0.115735
2138,1940-12-28,3,3,1,0.116309
2139,1941-01-04,7,8,0,0.116234
2140,1941-01-11,7,6,0,0.116158
2141,1941-01-18,3,6,0,0.116083
2142,1941-01-25,3,8,0,0.116008
2143,1941-02-01,4,8,0,0.115933
2144,1941-02-08,4,6,0,0.115858
2145,1941-02-15,5,6,0,0.115783
2146,1941-02-22,1,6,0,0.115708
2147,1941-03-01,7,7,1,0.116279
2148,1941-03-08,6,6,1,0.11685
2149,1941-03-15,3,3,1,0.117419
2150,1941-03-22,4,8,0,0.117344
2151,1941-03-29,8,6,0,0.117268
2152,1941-04-05,1,3,0,0.117193
2153,1941-04-12,4,7,0,0.117117
2154,1941-04-19,6,6,1,0.117685
2155,1941-04-26,3,3,1,0.118252
2156,1941-05-03,4,8,0,0.118176
2157,1941-05-10,3,6,0,0.1181
2158,1941-05-17,5,8,0,0.118024
2159,1941-05-24,2,1,0,0.117949
2160,1941-05-31,3,8,0,0.117873
2161,1941-06-07,3,8,0,0.117798
2162,1941-06-14,5,3,0,0.117722
2163,1941-06-21,9,1,0,0.117647
2164,1941-06-28,2,8,0,0.117572
2165,1941-07-05,9,8,0,0.117497
2166,1941-07-12,4,8,0,0.117422
2167,1941-07-19,5,6,0,0.117347
2168,1941-07-26,4,1,0,0.117272
2169,1941-08-02,7,6,0,0.117197
2170,1941-08-09,8,6,0,0.117123
2171,1941-08-16,8,3,0,0.117048
2172,1941-08-23,6,3,0,0.116974
2173,1941-08-30,2,3,0,0.1169
2174,1941-09-06,5,8,0,0.116825
2175,1941-09-13,9,1,0,0.116751
2176,1941-09-20,9,8,0,0.116677
2177,1941-09-27,1,8,0,0.116603
2178,1941-10-04,9,7,0,0.116529
2179,1941-10-11,6,8,0,0.116456
2180,1941-10-18,5,3,0,0.116382
2181,1941-10-25,3,1,0,0.116308
2182,1941-11-01,7,3,0,0.116235
2183,1941-11-08,7,6,0,0.116162
2184,1941-11-15,5,6,0,0.116088
2185,1941-11-22,7,1,0,0.116015
2186,1941-11-29,1,6,0,0.115942
2187,1941-12-06,8,7,0,0.115869
2188,1941-12-13,1,3,0,0.115796
2189,1941-12-20,4,7,0,0.115723
2190,1941-12-27,5,6,0,0.115651
2191,1942-01-03,2,1,0,0.115578
2192,1942-01-10,6,8,0,0.115505
2193,1942-01-17,3,3,1,0.11606
2194,1942-01-24,3,3,1,0.116614
2195,1942-01-31,6,3,0,0.116541
2196,1942-02-07,1,3,0,0.116468
2197,1942-02-14,3,7,0,0.116395
2198,1942-02-21,5,3,0,0.116323
2199,1942-02-28,2,1,0,0.11625
2200,1942-03-07,9,8,0,0.116177
2201,1942-03-14,3,8,0,0.116105
2202,1942-03-21,5,3,0,0.116032
2203,1942-03-28,6,1,0,0.11596
2204,1942-04-04,9,3,0,0.115888
2205,1942-04-11,4,8,0,0.115816
2206,1942-04-18,8,6,0,0.115744
2207,1942-04-25,7,3,0,0.115672
2208,1942-05-02,9,6,0,0.1156
2209,1942-05-09,4,8,0,0.115528
2210,1942-05-16,5,6,0,0.115456
2211,1942-05-23,5,6,0,0.115385
2212,1942-05-30,6,6,1,0.115933
2213,1942-06-06,3,3,1,0.116481
2214,1942-06-13,4,3,0,0.116409
2215,1942-06-20,2,6,0,0.116337
2216,1942-06-27,6,8,0,0.116265
2217,1942-07-04,6,3,0,0.116193
2218,1942-07-11,2,3,0,0.116121
2219,1942-07-18,7,8,0,0.116049
2220,1942-07-25,1,6,0,0.115978
2221,1942-08-01,4,7,0,0.115906
2222,1942-08-08,5,6,0,0.115835
2223,1942-08-15,1,6,0,0.115764
2224,1942-08-22,1,7,0,0.115692
2225,1942-08-29,1,7,0,0.115621
2226,1942-09-05,2,7,0,0.11555
2227,1942-09-12,5,8,0,0.115479
2228,1942-09-19,9,6,0,0.115408
2229,1942-09-26,6,8,0,0.115337
2230,1942-10-03,5,3,0,0.115267
2231,1942-10-10,1,6,0,0.115196
2232,1942-10-17,4,7,0,0.115126
2233,1942-10-24,4,6,0,0.115055
2234,1942-10-31,6,6,1,0.115596
2235,1942-11-07,8,3,0,0.115526
2236,1942-11-14,1,3,0,0.115455
2237,1942-11-21,5,7,0,0.115385
2238,1942-11-28,4,1,0,0.115314
2239,1942-12-05,8,6,0,0.115244
2240,1942-12-12,6,3,0,0.115174
2241,1942-12-19,6,3,0,0.115104
2242,1942-12-26,4,3,0,0.115033
2243,1943-01-02,7,6,0,0.114964
2244,1943-01-09,5,6,0,0.114894
2245,1943-01-16,9,1,0,0.114824
2246,1943-01-23,1,8,0,0.114754
2247,1943-01-30,8,7,0,0.114684
2248,1943-02-06,1,3,0,0.114615
2249,1943-02-13,1,7,0,0.114545
2250,1943-02-20,6,7,0,0.114476
2251,1943-02-27,5,3,0,0.114407
2252,1943-03-06,8,1,0,0.114338
2253,1943-03-13,5,3,0,0.114268
2254,1943-03-20,7,1,0,0.114199
2255,1943-03-27,8,6,0,0.11413
2256,1943-04-03,9,3,0,0.114062
2257,1943-04-10,3,8,0,0.113993
2258,1943-04-17,7,3,0,0.113924
2259,1943-04-24,2,6,0,0.113855
2260,1943-05-01,9,8,0,0.113787
2261,1943-05-08,8,8,1,0.11432
2262,1943-05-15,7,3,0,0.114251
2263,1943-05-22,3,6,0,0.114183
2264,1943-05-29,6,3,0,0.114114
2265,1943-06-05,2,3,0,0.114046
2266,1943-06-12,4,9,0,0.113977
2267,1943-06-19,5,6,0,0.113909
2268,1943-06-26,4,1,0,0.113841
2269,1943-07-03,7,6,0,0.113772
2270,1943-07-10,4,6,0,0.113704
2271,1943-07-17,6,6,1,0.114234
2272,1943-07-24,2,3,0,0.114166
2273,1943-07-31,2,9,0,0.114098
2274,1943-08-07,1,9,0,0.11403
2275,1943-08-14,8,7,0,0.113962
2276,1943-08-21,5,3,0,0.113894
2277,1943-08-28,6,1,0,0.113826
2278,1943-09-04,8,3,0,0.113758
2279,1943-09-11,2,5,0,0.11369
2280,1943-09-18,1,9,0,0.113623
2281,1943-09-25,8,7,0,0.113555
2282,1943-10-02,2,5,0,0.113488
2283,1943-10-09,5,9,0,0.11342
2284,1943-10-16,8,6,0,0.113353
2285,1943-10-23,6,5,0,0.113286
2286,1943-10-30,1,3,0,0.113219
2287,1943-11-06,7,7,1,0.113744
2288,1943-11-13,3,6,0,0.113677
2289,1943-11-20,5,3,0,0.113609
2290,1943-11-27,8,6,0,0.113542
2291,1943-12-04,1,5,0,0.113475
2292,1943-12-11,6,7,0,0.113408
2293,1943-12-18,6,3,0,0.113341
2294,1943-12-25,1,3,0,0.113274
2295,1943-12-31,2,7,0,0.113208
2296,1944-01-08,2,9,0,0.113141
2297,1944-01-15,8,9,0,0.113074
2298,1944-01-22,7,5,0,0.113008
2299,1944-01-29,1,6,0,0.112941
2300,1944-02-05,4,7,0,0.112875
2301,1944-02-12,1,6,0,0.112808
2302,1944-02-19,9,7,0,0.112742
2303,1944-02-26,8,8,1,0.113263
2304,1944-03-04,3,5,0,0.113196
2305,1944-03-11,4,5,0,0.11313
2306,1944-03-18,6,6,1,0.11365
2307,1944-03-25,5,3,0,0.113583
2308,1944-04-01,7,6,0,0.113517
2309,1944-04-08,6,6,1,0.114035
2310,1944-04-15,8,3,0,0.113968
2311,1944-04-22,8,3,0,0.113902
2312,1944-04-29,1,3,0,0.113835
2313,1944-05-06,6,7,0,0.113769
2314,1944-05-13,3,3,1,0.114286
2315,1944-05-20,9,5,0,0.114219
2316,1944-05-27,7,8,0,0.114153
2317,1944-06-03,4,6,0,0.114086
2318,1944-06-10,3,6,0,0.11402
2319,1944-06-17,5,5,1,0.114535
2320,1944-06-24,7,6,0,0.114468
2321,1944-07-01,7,6,0,0.114402
2322,1944-07-08,1,6,0,0.114335
2323,1944-07-15,7,7,1,0.114849
2324,1944-07-22,6,6,1,0.115362
2325,1944-07-29,7,3,0,0.115295
2326,1944-08-05,8,6,0,0.115229
2327,1944-08-12,2,3,0,0.115162
2328,1944-08-19,6,8,0,0.115095
2329,1944-08-26,2,3,0,0.115029
2330,1944-09-02,1,8,0,0.114962
2331,1944-09-09,1,7,0,0.114896
2332,1944-09-16,5,7,0,0.11483
2333,1944-09-23,6,6,1,0.11534
2334,1944-09-30,8,3,0,0.115274
2335,1944-10-07,2,3,0,0.115207
2336,1944-10-14,4,8,0,0.115141
2337,1944-10-21,1,6,0,0.115075
2338,1944-10-28,1,7,0,0.115009
2339,1944-11-04,7,7,1,0.115517
2340,1944-11-11,4,6,0,0.115451
2341,1944-11-18,4,6,0,0.115385
2342,1944-11-25,3,6,0,0.115318
2343,1944-12-02,9,5,0,0.115252
2344,1944-12-09,3,8,0,0.115186
2345,1944-12-16,6,5,0,0.11512
2346,1944-12-23,9,3,0,0.115054
2347,1944-12-30,9,8,0,0.114989
2348,1945-01-05,9,8,0,0.114923
2349,1945-01-13,2,8,0,0.114857
2350,1945-01-20,4,8,0,0.114792
2351,1945-01-27,1,6,0,0.114726
2352,1945-02-03,7,7,1,0.115231
2353,1945-02-10,1,6,0,0.115165
2354,1945-02-17,1,7,0,0.1151
2355,1945-02-24,2,7,0,0.115034
2356,1945-03-03,7,8,0,0.114969
2357,1945-03-10,3,6,0,0.114903
2358,1945-03-17,1,5,0,0.114838
2359,1945-03-24,4,7,0,0.114773
2360,1945-03-31,2,6,0,0.114708
2361,1945-04-07,4,8,0,0.114642
2362,1945-04-14,5,6,0,0.114577
2363,1945-04-21,6,6,1,0.115079
2364,1945-04-28,6,3,0,0.115014
2365,1945-05-05,2,3,0,0.114949
2366,1945-05-12,5,8,0,0.114884
2367,1945-05-19,6,6,1,0.115385
2368,1945-05-26,7,3,0,0.115319
2369,1945-06-02,2,6,0,0.115254
2370,1945-06-09,4,8,0,0.115189
2371,1945-06-16,4,6,0,0.115124
2372,1945-06-23,3,6,0,0.115059
2373,1945-06-30,2,5,0,0.114994
2374,1945-07-07,4,8,0,0.11493
2375,1945-07-14,2,6,0,0.114865
2376,1945-07-21,5,8,0,0.1148
2377,1945-07-28,1,6,0,0.114736
2378,1945-08-04,9,7,0,0.114671
2379,1945-08-11,1,8,0,0.114607
2380,1945-08-18,5,7,0,0.114542
2381,1945-08-25,8,6,0,0.114478
2382,1945-09-01,3,3,1,0.114975
2383,1945-09-08,6,5,0,0.11491
2384,1945-09-15,6,3,0,0.114846
2385,1945-09-22,8,3,0,0.114782
2386,1945-09-29,4,3,0,0.114717
2387,1945-10-06,6,6,1,0.115213
2388,1945-10-13,1,3,0,0.115148
2389,1945-10-20,6,7,0,0.115084
2390,1945-10-27,6,3,0,0.11502
2391,1945-11-03,1,3,0,0.114955
2392,1945-11-10,5,7,0,0.114891
2393,1945-11-17,8,6,0,0.114827
2394,1945-11-24,4,3,0,0.114763
2395,1945-12-01,8,6,0,0.114699
2396,1945-12-07,3,3,1,0.115192
2397,1945-12-15,8,5,0,0.115128
2398,1945-12-22,1,3,0,0.115064
2399,1945-12-29,7,7,1,0.115556
2400,1946-01-05,7,6,0,0.115491
2401,1946-01-12,5,6,0,0.115427
2402,1946-01-19,3,6,0,0.115363
2403,1946-01-26,5,5,1,0.115854
2404,1946-02-02,9,6,0,0.115789
2405,1946-02-09,1,8,0,0.115725
2406,1946-02-16,3,7,0,0.115661
2407,1946-02-23,7,5,0,0.115597
2408,1946-03-02,2,6,0,0.115533
2409,1946-03-09,5,8,0,0.11547
2410,1946-03-16,4,6,0,0.115406
2411,1946-03-23,6,6,1,0.115894
2412,1946-03-30,2,3,0,0.11583
2413,1946-04-06,5,8,0,0.115766
2414,1946-04-13,2,6,0,0.115702
2415,1946-04-20,6,5,0,0.115639
2416,1946-04-27,9,3,0,0.115575
2417,1946-05-04,4,8,0,0.115512
2418,1946-05-11,6,6,1,0.115998
2419,1946-05-18,4,3,0,0.115934
2420,1946-05-25,5,6,0,0.11587
2421,1946-06-01,7,6,0,0.115807
2422,1946-06-08,5,6,0,0.115743
2423,1946-06-15,3,6,0,0.11568
2424,1946-06-22,4,5,0,0.115616
2425,1946-06-29,4,6,0,0.115553
2426,1946-07-06,6,6,1,0.116037
2427,1946-07-13,5,3,0,0.115974
2428,1946-07-20,6,6,1,0.116457
2429,1946-07-27,1,3,0,0.116393
2430,1946-08-03,7,7,1,0.116876
2431,1946-08-10,6,6,1,0.117358
2432,1946-08-17,2,3,0,0.117294
2433,1946-08-24,1,5,0,0.11723
2434,1946-08-31,5,7,0,0.117166
2435,1946-09-14,9,6,0,0.117102
2436,1946-09-21,5,8,0,0.117039
2437,1946-09-28,5,6,0,0.116975
2438,1946-10-05,6,6,1,0.117455
2439,1946-10-12,6,3,0,0.117391
2440,1946-10-19,2,3,0,0.117328
2441,1946-10-26,9,5,0,0.117264
2442,1946-11-02,9,8,0,0.1172
2443,1946-11-09,7,8,0,0.117137
2444,1946-11-16,9,6,0,0.117073
2445,1946-11-23,9,8,0,0.11701
2446,1946-11-30,7,8,0,0.116946
2447,1946-12-07,2,6,0,0.116883
2448,1946-12-14,5,5,1,0.117361
2449,1946-12-21,7,6,0,0.117297
2450,1946-12-28,8,6,0,0.117234
2451,1947-01-04,1,3,0,0.117171
2452,1947-01-11,3,7,0,0.117107
2453,1947-01-18,3,5,0,0.117044
2454,1947-01-25,5,5,1,0.11752
2455,1947-02-01,6,6,1,0.117996
2456,1947-02-08,2,3,0,0.117932
2457,1947-02-15,7,5,0,0.117869
2458,1947-02-22,5,6,0,0.117805
2459,1947-03-01,4,6,0,0.117742
2460,1947-03-08,5,6,0,0.117679
2461,1947-03-15,9,6,0,0.117615
2462,1947-03-22,8,8,1,0.118089
2463,1947-03-29,3,3,1,0.118562
2464,1947-04-05,2,5,0,0.118499
2465,1947-04-12,8,5,0,0.118435
2466,1947-04-19,6,3,0,0.118372
2467,1947-04-26,7,3,0,0.118308
2468,1947-05-03,9,6,0,0.118245
2469,1947-05-10,6,8,0,0.118182
2470,1947-05-17,1,3,0,0.118119
2471,1947-05-24,6,7,0,0.118056
2472,1947-05-31,6,3,0,0.117993
2473,1947-06-07,7,3,0,0.11793
2474,1947-06-14,6,6,1,0.1184
2475,1947-06-21,7,3,0,0.118337
2476,1947-06-28,5,6,0,0.118274
2477,1947-07-05,7,6,0,0.118211
2478,1947-07-12,4,6,0,0.118148
2479,1947-07-19,5,6,0,0.118085
2480,1947-07-26,9,6,0,0.118022
2481,1947-08-02,3,8,0,0.11796
2482,1947-08-09,5,5,1,0.118428
2483,1947-08-16,5,6,0,0.118365
2484,1947-08-23,2,6,0,0.118302
2485,1947-08-30,1,5,0,0.11824
2486,1947-09-06,9,7,0,0.118177
2487,1947-09-13,2,8,0,0.118114
2488,1947-09-20,7,5,0,0.118052
2489,1947-09-27,2,6,0,0.117989
2490,1947-10-04,1,5,0,0.117927
2491,1947-10-11,4,7,0,0.117865
2492,1947-10-18,7,6,0,0.117802
2493,1947-10-25,9,6,0,0.11774
2494,1947-11-01,4,8,0,0.117678
2495,1947-11-08,7,6,0,0.117616
2496,1947-11-15,7,6,0,0.117554
2497,1947-11-22,1,6,0,0.117492
2498,1947-11-29,5,7,0,0.11743
2499,1947-12-06,7,6,0,0.117368
2500,1947-12-13,1,6,0,0.117307
2501,1947-12-20,6,7,0,0.117245
2502,1947-12-27,6,3,0,0.117183
2503,1948-01-03,6,3,0,0.117122
2504,1948-01-10,2,3,0,0.11706
2505,1948-01-17,2,5,0,0.116999
2506,1948-01-24,9,5,0,0.116938
2507,1948-01-31,6,8,0,0.116876
2508,1948-02-07,7,3,0,0.116815
2509,1948-02-14,7,6,0,0.116754
2510,1948-02-21,7,6,0,0.116693
2511,1948-02-28,6,6,1,0.117155
2512,1948-03-06,9,3,0,0.117094
2513,1948-03-13,2,8,0,0.117032
2514,1948-03-20,1,5,0,0.116971
2515,1948-03-27,8,7,0,0.11691
2516,1948-04-03,8,3,0,0.116849
2517,1948-04-10,7,3,0,0.116788
2518,1948-04-17,5,6,0,0.116727
2519,1948-04-24,6,6,1,0.117188
2520,1948-04-30,1,3,0,0.117126
2521,1948-05-08,4,7,0,0.117066
2522,1948-05-15,5,6,0,0.117005
2523,1948-05-22,9,6,0,0.116944
2524,1948-05-29,7,8,0,0.116883
2525,1948-06-05,7,6,0,0.116822
2526,1948-06-12,2,6,0,0.116762
2527,1948-06-19,6,5,0,0.116701
2528,1948-06-26,9,3,0,0.116641
2529,1948-07-03,8,8,1,0.117098
2530,1948-07-10,4,3,0,0.117038
2531,1948-07-17,4,6,0,0.116977
2532,1948-07-24,5,6,0,0.116917
2533,1948-07-31,5,6,0,0.116856
2534,1948-08-07,8,6,0,0.116796
2535,1948-08-14,6,3,0,0.116736
2536,1948-08-21,9,3,0,0.116675
2537,1948-08-28,2,8,0,0.116615
2538,1948-09-04,3,5,0,0.116555
2539,1948-09-11,9,5,0,0.116495
2540,1948-09-18,5,8,0,0.116435
2541,1948-09-25,5,6,0,0.116375
2542,1948-10-02,6,6,1,0.11683
2543,1948-10-09,8,3,0,0.11677
2544,1948-10-16,9,3,0,0.11671
2545,1948-10-23,6,8,0,0.11665
2546,1948-10-30,8,3,0,0.11659
2547,1948-11-06,1,3,0,0.11653
2548,1948-11-13,8,7,0,0.11647
2549,1948-11-20,5,3,0,0.11641
2550,1948-11-27,2,6,0,0.116351
2551,1948-12-04,3,5,0,0.116291
2552,1948-12-11,7,5,0,0.116231
2553,1948-12-18,1,6,0,0.116172
2554,1948-12-24,4,7,0,0.116113
2555,1948-12-31,2,6,0,0.116053
2556,1949-01-08,2,5,0,0.115994
2557,1949-01-15,3,5,0,0.115935
2558,1949-01-22,9,5,0,0.115875
2559,1949-01-29,9,8,0,0.115816
2560,1949-02-05,3,8,0,0.115757
2561,1949-02-12,8,5,0,0.115698
2562,1949-02-19,6,3,0,0.115639
2563,1949-02-26,9,3,0,0.11558
2564,1949-03-05,3,8,0,0.115522
2565,1949-03-12,3,5,0,0.115463
2566,1949-03-19,3,5,0,0.115404
2567,1949-03-26,9,5,0,0.115346
2568,1949-04-02,7,8,0,0.115287
2569,1949-04-09,5,6,0,0.115228
2570,1949-04-16,3,6,0,0.11517
2571,1949-04-23,2,5,0,0.115112
2572,1949-04-30,3,5,0,0.115053
2573,1949-05-07,4,5,0,0.114995
2574,1949-05-14,1,6,0,0.114937
2575,1949-05-21,6,7,0,0.114879
2576,1949-05-28,9,3,0,0.11482
2577,1949-06-04,3,8,0,0.114762
2578,1949-06-11,9,5,0,0.114704
2579,1949-06-18,8,8,1,0.115152
2580,1949-06-25,1,3,0,0.115093
2581,1949-07-02,2,7,0,0.115035
2582,1949-07-09,1,5,0,0.114977
2583,1949-07-16,7,7,1,0.115423
2584,1949-07-23,3,5,0,0.115365
2585,1949-07-30,5,5,1,0.115811
2586,1949-08-06,5,6,0,0.115752
2587,1949-08-13,2,6,0,0.115694
2588,1949-08-20,8,1,0,0.115636
2589,1949-08-27,4,3,0,0.115578
2590,1949-09-03,9,6,0,0.11552
2591,1949-09-10,2,8,0,0.115462
2592,1949-09-17,4,1,0,0.115404
2593,1949-09-24,7,6,0,0.115346
2594,1949-10-01,7,5,0,0.115288
2595,1949-10-08,7,5,0,0.11523
2596,1949-10-15,1,5,0,0.115173
2597,1949-10-22,7,7,1,0.115616
2598,1949-10-29,1,5,0,0.115558
2599,1949-11-05,4,7,0,0.1155
2600,1949-11-12,9,6,0,0.115442
2601,1949-11-19,6,8,0,0.115385
2602,1949-11-26,4,3,0,0.115327
2603,1949-12-03,2,6,0,0.115269
2604,1949-12-12,9,1,0,0.115212
2605,1949-12-17,7,8,0,0.115155
2606,1949-12-24,1,5,0,0.115097
2607,1949-12-31,7,7,1,0.115538
2608,1950-01-07,7,5,0,0.11548
2609,1950-01-14,3,5,0,0.115423
2610,1950-01-21,8,5,0,0.115365
2611,1950-01-28,1,3,0,0.115308
2612,1950-02-04,2,7,0,0.115251
2613,1950-02-11,5,1,0,0.115194
2614,1950-02-18,2,6,0,0.115136
2615,1950-02-25,5,5,1,0.115575
2616,1950-03-04,1,6,0,0.115518
2617,1950-03-11,2,7,0,0.115461
2618,1950-03-18,4,5,0,0.115404
2619,1950-03-25,5,6,0,0.115347
2620,1950-04-01,6,6,1,0.115784
2621,1950-04-08,6,3,0,0.115727
2622,1950-04-15,7,3,0,0.11567
2623,1950-04-22,3,5,0,0.115613
2624,1950-04-29,8,5,0,0.115556
2625,1950-05-06,8,3,0,0.115499
2626,1950-05-13,5,3,0,0.115442
2627,1950-05-20,3,6,0,0.115385
2628,1950-05-27,7,5,0,0.115328
2629,1950-06-03,2,5,0,0.115271
2630,1950-06-10,7,5,0,0.115214
2631,1950-06-17,9,5,0,0.115157
2632,1950-06-24,2,8,0,0.115101
2633,1950-07-01,1,5,0,0.115044
2634,1950-07-08,3,7,0,0.114988
2635,1950-07-15,3,5,0,0.114931
2636,1950-07-22,1,5,0,0.114875
2637,1950-07-29,6,7,0,0.114818
2638,1950-08-05,7,3,0,0.114762
2639,1950-08-12,7,5,0,0.114706
2640,1950-08-19,7,5,0,0.11465
2641,1950-08-26,4,5,0,0.114594
2642,1950-09-02,5,6,0,0.114537
2643,1950-09-09,4,6,0,0.114481
2644,1950-09-16,9,6,0,0.114425
2645,1950-09-23,7,8,0,0.11437
2646,1950-09-30,1,5,0,0.114314
2647,1950-10-07,3,7,0,0.114258
2648,1950-10-14,3,5,0,0.114202
2649,1950-10-21,5,5,1,0.114634
2650,1950-10-28,4,6,0,0.114578
2651,1950-11-04,2,6,0,0.114522
2652,1950-11-11,9,5,0,0.114467
2653,1950-11-18,3,8,0,0.114411
2654,1950-11-25,1,5,0,0.114355
2655,1950-12-02,5,7,0,0.1143
2656,1950-12-09,1,6,0,0.114244
2657,1950-12-16,1,7,0,0.114189
2658,1950-12-23,9,7,0,0.114133
2659,1950-12-30,7,8,0,0.114078
2660,1951-01-06,7,5,0,0.114022
2661,1951-01-13,6,5,0,0.113967
2662,1951-01-20,8,3,0,0.113912
2663,1951-01-27,9,3,0,0.113857
2664,1951-02-03,3,8,0,0.113801
2665,1951-02-10,1,5,0,0.113746
2666,1951-02-17,9,7,0,0.113691
2667,1951-02-24,1,8,0,0.113636
2668,1951-03-03,7,7,1,0.114065
2669,1951-03-10,1,6,0,0.11401
2670,1951-03-17,9,7,0,0.113955
2671,1951-03-24,5,8,0,0.1139
2672,1951-03-31,8,6,0,0.113845
2673,1951-04-07,9,3,0,0.11379
2674,1951-04-14,1,8,0,0.113735
2675,1951-04-21,4,7,0,0.11368
2676,1951-04-28,5,6,0,0.113625
2677,1951-05-05,4,6,0,0.113571
2678,1951-05-12,1,5,0,0.113516
2679,1951-05-19,2,7,0,0.113462
2680,1951-05-26,2,5,0,0.113407
2681,1951-06-01,3,5,0,0.113353
2682,1951-06-09,2,5,0,0.113298
2683,1951-06-16,3,5,0,0.113244
2684,1951-06-23,7,5,0,0.113189
2685,1951-06-30,2,6,0,0.113135
2686,1951-07-07,2,5,0,0.113081
2687,1951-07-14,8,5,0,0.113027
2688,1951-07-21,8,3,0,0.112973
2689,1951-07-28,2,3,0,0.112919
2690,1951-08-04,4,5,0,0.112865
2691,1951-08-11,9,5,0,0.112811
2692,1951-08-18,9,8,0,0.112757
2693,1951-08-25,1,8,0,0.112703
2694,1951-09-01,8,7,0,0.112649
2695,1951-09-08,1,3,0,0.112595
2696,1951-09-15,1,7,0,0.112542
2697,1951-09-22,6,7,0,0.112488
2698,1951-09-29,1,3,0,0.112434
2699,1951-10-06,7,7,1,0.112857
2700,1951-10-13,2,6,0,0.112803
2701,1951-10-20,7,5,0,0.11275
2702,1951-10-27,8,6,0,0.112696
2703,1951-11-03,8,3,0,0.112643
2704,1951-11-10,7,3,0,0.112589
2705,1951-11-17,1,6,0,0.112536
2706,1951-11-24,7,7,1,0.112957
2707,1951-12-01,9,6,0,0.112903
2708,1951-12-10,8,8,1,0.113324
2709,1951-12-15,2,3,0,0.11327
2710,1951-12-22,4,5,0,0.113216
2711,1951-12-28,9,5,0,0.113163
2712,1952-01-05,9,8,0,0.113109
2713,1952-01-12,2,8,0,0.113056
2714,1952-01-19,7,5,0,0.113002
2715,1952-01-26,6,6,1,0.113422
2716,1952-02-02,2,3,0,0.113368
2717,1952-02-09,6,5,0,0.113314
2718,1952-02-16,2,3,0,0.113261
2719,1952-02-23,7,5,0,0.113208
2720,1952-03-01,7,6,0,0.113154
2721,1952-03-08,6,6,1,0.113572
2722,1952-03-15,9,3,0,0.113519
2723,1952-03-22,2,8,0,0.113465
2724,1952-03-29,9,5,0,0.113412
2725,1952-04-05,7,8,0,0.113358
2726,1952-04-12,4,6,0,0.113305
2727,1952-04-19,4,5,0,0.113252
2728,1952-04-26,2,5,0,0.113199
2729,1952-05-03,7,9,0,0.113146
2730,1952-05-10,7,6,0,0.113092
2731,1952-05-17,7,6,0,0.113039
2732,1952-05-24,5,6,0,0.112986
2733,1952-05-31,2,6,0,0.112933
2734,1952-06-07,3,9,0,0.112881
2735,1952-06-14,1,5,0,0.112828
2736,1952-06-21,6,7,0,0.112775
2737,1952-06-28,2,3,0,0.112722
2738,1952-07-05,3,9,0,0.112669
2739,1952-07-12,1,5,0,0.112617
2740,1952-07-19,2,7,0,0.112564
2741,1952-07-26,5,3,0,0.112512
2742,1952-08-02,2,6,0,0.112459
2743,1952-08-09,7,5,0,0.112407
2744,1952-08-16,1,6,0,0.112354
2745,1952-08-23,5,7,0,0.112302
2746,1952-08-30,8,6,0,0.11225
2747,1952-09-06,3,3,1,0.112663
2748,1952-09-13,8,5,0,0.112611
2749,1952-09-20,7,3,0,0.112558
2750,1952-09-27,9,6,0,0.112506
2751,1952-10-04,4,8,0,0.112454
2752,1952-10-11,5,5,1,0.112866
2753,1952-10-18,1,6,0,0.112813
2754,1952-10-25,7,7,1,0.113225
2755,1952-11-03,9,6,0,0.113173
2756,1952-11-08,3,8,0,0.11312
2757,1952-11-15,6,5,0,0.113068
2758,1952-11-22,1,3,0,0.113015
2759,1952-11-29,7,7,1,0.113426
2760,1952-12-06,9,6,0,0.113373
2761,1952-12-13,8,8,1,0.113784
2762,1952-12-20,6,3,0,0.113731
2763,1952-12-29,2,3,0,0.113678
2764,1953-01-03,8,5,0,0.113626
2765,1953-01-10,7,3,0,0.113573
2766,1953-01-17,8,6,0,0.113521
2767,1953-01-24,9,3,0,0.113469
2768,1953-01-31,6,8,0,0.113416
2769,1953-02-07,8,3,0,0.113364
2770,1953-02-14,2,3,0,0.113312
2771,1953-02-21,2,5,0,0.11326
2772,1953-02-28,1,5,0,0.113208
2773,1953-03-07,9,7,0,0.113155
2774,1953-03-14,1,8,0,0.113103
2775,1953-03-21,9,7,0,0.113051
2776,1953-03-28,5,8,0,0.113
2777,1953-04-04,5,6,0,0.112948
2778,1953-04-11,6,6,1,0.113355
2779,1953-04-18,5,3,0,0.113303
2780,1953-04-25,2,6,0,0.113251
2781,1953-05-02,4,5,0,0.113199
2782,1953-05-09,1,5,0,0.113147
2783,1953-05-16,9,7,0,0.113095
2784,1953-05-23,5,8,0,0.113043
2785,1953-05-30,2,6,0,0.112992
2786,1953-06-06,8,5,0,0.11294
2787,1953-06-13,1,3,0,0.112888
2788,1953-06-20,6,7,0,0.112837
2789,1953-06-27,5,3,0,0.112785
2790,1953-07-04,2,6,0,0.112734
2791,1953-07-11,5,8,0,0.112682
2792,1953-07-18,3,6,0,0.112631
2793,1953-07-25,6,5,0,0.11258
2794,1953-08-01,8,3,0,0.112528
2795,1953-08-08,5,3,0,0.112477
2796,1953-08-14,3,6,0,0.112426
2797,1953-08-22,4,5,0,0.112375
2798,1953-08-29,6,5,0,0.112324
2799,1953-09-05,6,3,0,0.112273
2800,1953-09-12,7,3,0,0.112222
2801,1953-09-19,7,6,0,0.112171
2802,1953-09-26,2,7,0,0.11212
2803,1953-10-03,7,5,0,0.112069
2804,1953-10-10,8,7,0,0.112018
2805,1953-10-17,4,3,0,0.111967
2806,1953-10-24,5,5,1,0.11237
2807,1953-10-31,9,6,0,0.112319
2808,1953-11-07,4,8,0,0.112268
2809,1953-11-14,5,5,1,0.11267
2810,1953-11-21,8,6,0,0.112619
2811,1953-11-28,7,3,0,0.112568
2812,1953-12-05,8,7,0,0.112517
2813,1953-12-12,1,3,0,0.112466
2814,1953-12-19,9,7,0,0.112415
2815,1953-12-28,3,8,0,0.112365
2816,1954-01-02,8,5,0,0.112314
2817,1954-01-09,1,1,1,0.112714
2818,1954-01-16,4,7,0,0.112663
2819,1954-01-23,2,5,0,0.112613
2820,1954-01-30,7,5,0,0.112562
2821,1954-02-06,2,7,0,0.112511
2822,1954-02-13,9,5,0,0.112461
2823,1954-02-20,3,8,0,0.11241
2824,1954-02-27,9,5,0,0.11236
2825,1954-03-06,1,8,0,0.112309
2826,1954-03-13,5,7,0,0.112259
2827,1954-03-20,8,6,0,0.112208
2828,1954-03-27,8,1,0,0.112158
2829,1954-04-03,4,1,0,0.112108
2830,1954-04-10,4,5,0,0.112057
2831,1954-04-17,2,5,0,0.112007
2832,1954-04-24,3,5,0,0.111957
2833,1954-04-30,2,5,0,0.111907
2834,1954-05-08,8,5,0,0.111857
2835,1954-05-15,2,1,0,0.111807
2836,1954-05-22,4,8,0,0.111757
2837,1954-05-29,7,5,0,0.111707
2838,1954-06-05,6,7,0,0.111657
2839,1954-06-12,6,3,0,0.111607
2840,1954-06-19,1,3,0,0.111557
2841,1954-06-26,7,7,1,0.111954
2842,1954-07-03,6,6,1,0.11235
2843,1954-07-10,5,3,0,0.112299
2844,1954-07-17,6,6,1,0.112695
2845,1954-07-24,4,3,0,0.112645
2846,1954-07-31,8,5,0,0.112595
2847,1954-08-07,7,1,0,0.112544
2848,1954-08-14,6,6,1,0.112939
2849,1954-08-21,2,3,0,0.112889
2850,1954-08-28,9,8,0,0.112839
2851,1954-09-04,5,8,0,0.112789
2852,1954-09-11,7,6,0,0.112739
2853,1954-09-18,1,6,0,0.112689
2854,1954-09-25,9,7,0,0.112639
2855,1954-10-02,2,8,0,0.112589
2856,1954-10-09,2,9,0,0.112539
2857,1954-10-16,9,9,1,0.112932
2858,1954-10-23,1,8,0,0.112882
2859,1954-10-30,1,7,0,0.112832
2860,1954-11-06,5,7,0,0.112782
2861,1954-11-13,5,6,0,0.112732
2862,1954-11-20,1,6,0,0.112682
2863,1954-11-27,8,7,0,0.112633
2864,1954-12-04,4,1,0,0.112583
2865,1954-12-11,6,5,0,0.112533
2866,1954-12-18,7,3,0,0.112483
2867,1954-12-24,5,6,0,0.112434
2868,1954-12-31,3,6,0,0.112384
2869,1955-01-08,3,5,0,0.112335
2870,1955-01-15,6,5,0,0.112285
2871,1955-01-22,5,3,0,0.112236
2872,1955-01-29,6,6,1,0.112626
2873,1955-02-05,8,3,0,0.112577
2874,1955-02-12,8,1,0,0.112527
2875,1955-02-19,4,1,0,0.112478
2876,1955-02-26,2,5,0,0.112429
2877,1955-03-05,4,9,0,0.112379
2878,1955-03-12,4,5,0,0.11233
2879,1955-03-19,7,5,0,0.112281
2880,1955-03-26,5,6,0,0.112231
2881,1955-04-02,8,6,0,0.112182
2882,1955-04-09,7,1,0,0.112133
2883,1955-04-16,9,6,0,0.112084
2884,1955-04-23,5,8,0,0.112035
2885,1955-04-30,2,6,0,0.111986
2886,1955-05-07,5,9,0,0.111937
2887,1955-05-14,4,6,0,0.111888
2888,1955-05-21,8,5,0,0.111839
2889,1955-05-28,5,1,0,0.11179
2890,1955-06-04,3,6,0,0.111742
2891,1955-06-11,9,5,0,0.111693
2892,1955-06-18,5,8,0,0.111644
2893,1955-06-25,4,6,0,0.111595
2894,1955-07-02,3,5,0,0.111547
2895,1955-07-09,1,5,0,0.111498
2896,1955-07-16,8,7,0,0.11145
2897,1955-07-23,3,1,0,0.111401
2898,1955-07-30,7,5,0,0.111353
2899,1955-08-06,2,6,0,0.111304
2900,1955-08-13,3,9,0,0.111256
2901,1955-08-20,8,5,0,0.111208
2902,1955-08-27,2,1,0,0.111159
2903,1955-09-03,1,9,0,0.111111
2904,1955-09-10,6,7,0,0.111063
2905,1955-09-17,5,3,0,0.111015
2906,1955-09-24,2,6,0,0.110967
2907,1955-10-01,9,9,1,0.111352
2908,1955-10-08,4,8,0,0.111304
2909,1955-10-15,1,5,0,0.111255
2910,1955-10-22,5,7,0,0.111207
2911,1955-10-29,3,6,0,0.111159
2912,1955-11-05,4,5,0,0.111111
2913,1955-11-12,7,5,0,0.111063
2914,1955-11-19,2,6,0,0.111015
2915,1955-11-26,8,9,0,0.110967
2916,1955-12-03,4,1,0,0.110919
2917,1955-12-10,3,5,0,0.110871
2918,1955-12-17,1,5,0,0.110824
2919,1955-12-24,3,7,0,0.110776
2920,1955-12-31,9,5,0,0.110728
2921,1956-01-07,9,8,0,0.11068
2922,1956-01-14,8,8,1,0.111063
2923,1956-01-21,3,1,0,0.111015
2924,1956-01-28,5,5,1,0.111398
2925,1956-02-04,2,6,0,0.11135
2926,1956-02-11,2,9,0,0.111302
2927,1956-02-18,4,9,0,0.111254
2928,1956-02-25,3,5,0,0.111207
2929,1956-03-03,4,5,0,0.111159
2930,1956-03-10,5,5,1,0.11154
2931,1956-03-17,6,6,1,0.111921
2932,1956-03-24,3,3,1,0.112302
2933,1956-03-31,9,5,0,0.112254
2934,1956-04-07,3,8,0,0.112206
2935,1956-04-14,3,5,0,0.112158
2936,1956-04-21,2,5,0,0.11211
2937,1956-04-28,1,9,0,0.112062
2938,1956-05-05,8,7,0,0.112014
2939,1956-05-12,2,3,0,0.111966
2940,1956-05-19,1,9,0,0.111918
2941,1956-05-26,6,7,0,0.11187
2942,1956-06-02,1,3,0,0.111822
2943,1956-06-09,1,7,0,0.111775
2944,1956-06-16,7,7,1,0.112154
2945,1956-06-23,9,6,0,0.112106
2946,1956-06-30,4,8,0,0.112058
2947,1956-07-07,7,5,0,0.11201
2948,1956-07-14,8,6,0,0.111963
2949,1956-07-21,1,3,0,0.111915
2950,1956-07-28,9,7,0,0.111867
2951,1956-08-04,5,8,0,0.11182
2952,1956-08-11,5,6,0,0.111772
2953,1956-08-18,3,6,0,0.111725
2954,1956-08-25,3,5,0,0.111677
2955,1956-09-01,5,3,0,0.11163
2956,1956-09-08,4,6,0,0.111583
2957,1956-09-15,4,5,0,0.111535
2958,1956-09-22,6,5,0,0.111488
2959,1956-09-29,3,3,1,0.111864
2960,1956-10-06,5,5,1,0.112241
2961,1956-10-13,4,6,0,0.112193
2962,1956-10-20,9,5,0,0.112146
2963,1956-10-27,9,8,0,0.112098
2964,1956-11-03,2,8,0,0.112051
2965,1956-11-10,8,9,0,0.112003
2966,1956-11-17,6,1,0,0.111956
2967,1956-11-24,2,3,0,0.111909
2968,1956-12-01,2,9,0,0.111862
2969,1956-12-07,6,9,0,0.111814
2970,1956-12-15,5,3,0,0.111767
2971,1956-12-22,8,6,0,0.11172
2972,1956-12-29,3,1,0,0.111673
2973,1957-01-05,1,5,0,0.111626
2974,1957-01-12,4,7,0,0.111579
2975,1957-01-19,6,5,0,0.111532
2976,1957-01-26,7,3,0,0.111485
2977,1957-02-02,8,6,0,0.111438
2978,1957-02-09,2,3,0,0.111391
2979,1957-02-16,4,9,0,0.111345
2980,1957-02-23,3,5,0,0.111298
2981,1957-03-02,8,5,0,0.111251
2982,1957-03-09,6,3,0,0.111204
2983,1957-03-16,6,3,0,0.111158
2984,1957-03-23,8,3,0,0.111111
2985,1957-03-30,6,3,0,0.111065
2986,1957-04-06,1,3,0,0.111018
2987,1957-04-13,5,7,0,0.110972
2988,1957-04-20,9,6,0,0.110925
2989,1957-04-27,9,8,0,0.110879
2990,1957-05-04,6,8,0,0.110832
2991,1957-05-11,5,3,0,0.110786
2992,1957-05-18,7,6,0,0.11074
2993,1957-05-25,8,6,0,0.110693
2994,1957-06-01,9,3,0,0.110647
2995,1957-06-08,7,8,0,0.110601
2996,1957-06-15,2,6,0,0.110555
2997,1957-06-22,8,9,0,0.110509
2998,1957-06-28,1,3,0,0.110463
2999,1957-07-06,1,7,0,0.110417
3000,1957-07-13,7,7,1,0.110787
3001,1957-07-20,6,6,1,0.111157
3002,1957-07-27,5,3,0,0.111111
3003,1957-08-03,5,6,0,0.111065
3004,1957-08-10,9,6,0,0.111019
3005,1957-08-17,3,8,0,0.110973
3006,1957-08-24,7,5,0,0.110926
3007,1957-08-31,4,6,0,0.11088
3008,1957-09-07,2,5,0,0.110834
3009,1957-09-14,9,8,0,0.110788
3010,1957-09-21,6,8,0,0.110742
3011,1957-09-28,2,3,0,0.110697
3012,1957-10-05,3,9,0,0.110651
3013,1957-10-12,3,5,0,0.110605
3014,1957-10-19,6,5,0,0.110559
3015,1957-10-26,2,3,0,0.110513
3016,1957-11-02,5,9,0,0.110468
3017,1957-11-09,1,6,0,0.110422
3018,1957-11-16,8,7,0,0.110376
3019,1957-11-23,1,1,1,0.110744
3020,1957-11-30,8,7,0,0.110698
3021,1957-12-07,5,1,0,0.110652
3022,1957-12-14,7,6,0,0.110607
3023,1957-12-21,4,6,0,0.110561
3024,1957-12-28,4,5,0,0.110515
3025,1958-01-04,8,5,0,0.11047
3026,1958-01-11,1,1,1,0.110836
3027,1958-01-18,9,7,0,0.110791
3028,1958-01-25,6,8,0,0.110745
3029,1958-02-01,7,3,0,0.1107
3030,1958-02-08,8,6,0,0.110654
3031,1958-02-15,8,1,0,0.110609
3032,1958-02-22,6,1,0,0.110563
3033,1958-03-01,9,3,0,0.110518
3034,1958-03-08,4,8,0,0.110472
3035,1958-03-15,6,5,0,0.110427
3036,1958-03-22,5,3,0,0.110382
3037,1958-03-29,5,6,0,0.110336
3038,1958-04-05,2,6,0,0.110291
3039,1958-04-12,5,9,0,0.110246
3040,1958-04-19,3,6,0,0.110201
3041,1958-04-26,7,5,0,0.110156
3042,1958-05-03,1,6,0,0.110111
3043,1958-05-10,7,7,1,0.110475
3044,1958-05-17,6,6,1,0.110838
3045,1958-05-24,5,3,0,0.110793
3046,1958-05-31,7,6,0,0.110748
3047,1958-06-07,9,6,0,0.110703
3048,1958-06-14,7,8,0,0.110657
3049,1958-06-21,8,6,0,0.110612
3050,1958-06-28,6,1,0,0.110567
3051,1958-07-05,6,3,0,0.110522
3052,1958-07-12,1,3,0,0.110477
3053,1958-07-19,1,7,0,0.110432
3054,1958-07-26,5,7,0,0.110387
3055,1958-08-02,7,6,0,0.110342
3056,1958-08-09,6,6,1,0.110704
3057,1958-08-16,2,3,0,0.110659
3058,1958-08-23,6,9,0,0.110614
3059,1958-08-30,4,3,0,0.110569
3060,1958-09-06,8,6,0,0.110524
3061,1958-09-13,9,1,0,0.110479
3062,1958-09-20,1,8,0,0.110434
3063,1958-09-27,4,7,0,0.11039
3064,1958-10-04,9,6,0,0.110345
3065,1958-10-11,5,8,0,0.1103
3066,1958-10-18,7,6,0,0.110255
3067,1958-10-25,2,6,0,0.110211
3068,1958-11-01,7,9,0,0.110166
3069,1958-11-08,9,6,0,0.110121
3070,1958-11-15,6,8,0,0.110077
3071,1958-11-22,9,3,0,0.110032
3072,1958-11-29,8,8,1,0.110392
3073,1958-12-06,9,1,0,0.110348
3074,1958-12-13,6,8,0,0.110303
3075,1958-12-20,4,3,0,0.110258
3076,1958-12-27,4,6,0,0.110214
3077,1959-01-03,3,6,0,0.110169
3078,1959-01-10,7,5,0,0.110125
3079,1959-01-17,7,6,0,0.110081
3080,1959-01-24,5,6,0,0.110036
3081,1959-01-31,5,6,0,0.109992
3082,1959-02-07,6,6,1,0.11035
3083,1959-02-14,2,3,0,0.110306
3084,1959-02-21,9,9,1,0.110664
3085,1959-02-28,5,8,0,0.110619
3086,1959-03-07,6,6,1,0.110977
3087,1959-03-14,5,3,0,0.110932
3088,1959-03-21,5,6,0,0.110888
3089,1959-03-28,3,6,0,0.110843
3090,1959-04-04,5,5,1,0.1112
3091,1959-04-11,7,6,0,0.111156
3092,1959-04-18,2,6,0,0.111111
3093,1959-04-27,3,9,0,0.111067
3094,1959-05-04,6,5,0,0.111022
3095,1959-05-09,2,3,0,0.110978
3096,1959-05-16,6,9,0,0.110933
3097,1959-05-23,8,3,0,0.110889
3098,1959-05-30,4,1,0,0.110844
3099,1959-06-06,2,6,0,0.1108
3100,1959-06-13,3,9,0,0.110756
3101,1959-06-20,7,5,0,0.110711
3102,1959-06-27,5,6,0,0.110667
3103,1959-07-04,3,6,0,0.110623
3104,1959-07-11,4,5,0,0.110579
3105,1959-07-18,3,6,0,0.110535
3106,1959-07-25,1,5,0,0.110491
3107,1959-08-01,2,7,0,0.110447
3108,1959-08-08,6,9,0,0.110403
3109,1959-08-17,3,3,1,0.110757
3110,1959-08-22,6,5,0,0.110713
3111,1959-08-29,5,3,0,0.110669
3112,1959-09-05,2,6,0,0.110625
3113,1959-09-12,8,9,0,0.110581
3114,1959-09-19,1,1,1,0.110934
3115,1959-09-26,8,7,0,0.11089
3116,1959-10-03,9,1,0,0.110846
3117,1959-10-10,7,8,0,0.110802
3118,1959-10-17,4,6,0,0.110758
3119,1959-10-24,5,6,0,0.110714
3120,1959-10-31,4,6,0,0.11067
3121,1959-11-07,6,5,0,0.110626
3122,1959-11-14,9,3,0,0.110583
3123,1959-11-21,3,8,0,0.110539
3124,1959-11-28,8,5,0,0.110495
3125,1959-12-05,5,1,0,0.110451
3126,1959-12-12,3,6,0,0.110408
3127,1959-12-19,8,5,0,0.110364
3128,1959-12-28,9,1,0,0.11032
3129,1960-01-04,1,8,0,0.110277
3130,1960-01-09,1,7,0,0.110233
3131,1960-01-16,6,7,0,0.11019
3132,1960-01-23,7,3,0,0.110146
3133,1960-01-30,2,6,0,0.110103
3134,1960-02-06,7,9,0,0.110059
3135,1960-02-13,5,6,0,0.110016
3136,1960-02-20,1,6,0,0.109972
3137,1960-02-27,9,7,0,0.109929
3138,1960-03-05,4,8,0,0.109886
3139,1960-03-12,2,6,0,0.109843
3140,1960-03-21,2,9,0,0.109799
3141,1960-03-26,7,9,0,0.109756
3142,1960-04-02,2,6,0,0.109713
3143,1960-04-09,3,9,0,0.10967
3144,1960-04-16,4,5,0,0.109627
3145,1960-04-23,5,6,0,0.109584
3146,1960-04-30,2,6,0,0.109541
3147,1960-05-07,5,3,0,0.109498
3148,1960-05-14,3,6,0,0.109455
3149,1960-05-21,2,5,0,0.109412
3150,1960-05-28,3,3,1,0.109761
3151,1960-06-04,4,5,0,0.109718
3152,1960-06-11,7,5,0,0.109675
3153,1960-06-18,7,6,0,0.109632
3154,1960-06-25,1,6,0,0.109589
3155,1960-07-02,8,7,0,0.109546
3156,1960-07-09,6,1,0,0.109503
3157,1960-07-16,6,3,0,0.109461
3158,1960-07-23,4,3,0,0.109418
3159,1960-07-30,4,5,0,0.109375
3160,1960-08-06,4,5,0,0.109332
3161,1960-08-13,1,5,0,0.10929
3162,1960-08-20,1,7,0,0.109247
3163,1960-08-27,9,7,0,0.109204
3164,1960-09-03,8,8,1,0.109552
3165,1960-09-10,5,1,0,0.109509
3166,1960-09-17,8,6,0,0.109466
3167,1960-09-24,1,1,1,0.109813
3168,1960-10-01,3,7,0,0.10977
3169,1960-10-08,1,5,0,0.109728
3170,1960-10-15,3,7,0,0.109685
3171,1960-10-22,4,5,0,0.109642
3172,1960-10-29,9,5,0,0.1096
3173,1960-11-07,3,8,0,0.109557
3174,1960-11-12,1,5,0,0.109515
3175,1960-11-19,5,7,0,0.109472
3176,1960-11-26,6,6,1,0.109818
3177,1960-12-03,9,3,0,0.109775
3178,1960-12-10,8,8,1,0.11012
3179,1960-12-17,1,1,1,0.110465
3180,1960-12-24,5,7,0,0.110422
3181,1960-12-31,6,6,1,0.110767
3182,1961-01-09,1,3,0,0.110724
3183,1961-01-14,2,7,0,0.110681
3184,1961-01-21,6,3,0,0.110638
3185,1961-01-28,6,3,0,0.110596
3186,1961-02-04,1,3,0,0.110553
3187,1961-02-11,8,7,0,0.11051
3188,1961-02-18,2,1,0,0.110467
3189,1961-02-25,3,3,1,0.110811
3190,1961-03-04,6,5,0,0.110768
3191,1961-03-11,9,3,0,0.110725
3192,1961-03-18,2,8,0,0.110683
3193,1961-03-25,1,3,0,0.11064
3194,1961-04-01,1,7,0,0.110597
3195,1961-04-08,8,7,0,0.110555
3196,1961-04-15,9,1,0,0.110512
3197,1961-04-22,1,8,0,0.11047
3198,1961-04-29,8,7,0,0.110427
3199,1961-05-06,5,1,0,0.110385
3200,1961-05-13,7,6,0,0.110342
3201,1961-05-20,3,6,0,0.1103
3202,1961-05-27,2,5,0,0.110257
3203,1961-06-05,9,3,0,0.110215
3204,1961-06-17,5,8,0,0.110173
3205,1961-06-24,3,6,0,0.11013
3206,1961-07-01,3,5,0,0.110088
3207,1961-07-08,8,5,0,0.110046
3208,1961-07-15,4,1,0,0.110004
3209,1961-07-22,6,5,0,0.109962
3210,1961-07-29,6,3,0,0.10992
3211,1961-08-05,5,3,0,0.109877
3212,1961-08-12,2,6,0,0.109835
3213,1961-08-19,2,3,0,0.109793
3214,1961-08-26,4,3,0,0.109751
3215,1961-09-02,1,6,0,0.109709
3216,1961-09-09,5,7,0,0.109668
3217,1961-09-16,8,6,0,0.109626
3218,1961-09-23,5,1,0,0.109584
3219,1961-09-30,8,6,0,0.109542
3220,1961-10-07,6,1,0,0.1095
3221,1961-10-14,5,3,0,0.109458
3222,1961-10-21,2,6,0,0.109417
3223,1961-10-28,5,3,0,0.109375
3224,1961-11-06,8,6,0,0.109333
3225,1961-11-11,2,1,0,0.109292
3226,1961-11-18,7,3,0,0.10925
3227,1961-11-25,7,6,0,0.109209
3228,1961-12-02,1,6,0,0.109167
3229,1961-12-11,9,7,0,0.109125
3230,1961-12-16,9,8,0,0.109084
3231,1961-12-23,1,8,0,0.109043
3232,1961-12-30,3,7,0,0.109001
3233,1962-01-06,4,5,0,0.10896
3234,1962-01-13,6,6,1,0.109298
3235,1962-01-20,9,3,0,0.109256
3236,1962-01-27,7,8,0,0.109215
3237,1962-02-03,2,6,0,0.109174
3238,1962-02-10,5,3,0,0.109132
3239,1962-02-17,2,6,0,0.109091
3240,1962-02-24,6,3,0,0.10905
3241,1962-03-03,3,3,1,0.109387
3242,1962-03-10,6,5,0,0.109345
3243,1962-03-17,7,3,0,0.109304
3244,1962-03-24,8,6,0,0.109263
3245,1962-03-31,6,1,0,0.109221
3246,1962-04-07,8,3,0,0.10918
3247,1962-04-14,8,1,0,0.109139
3248,1962-04-21,8,1,0,0.109098
3249,1962-04-28,3,1,0,0.109057
3250,1962-05-05,7,5,0,0.109015
3251,1962-05-12,8,6,0,0.108974
3252,1962-05-19,1,1,1,0.10931
3253,1962-05-26,9,7,0,0.109269
3254,1962-06-02,9,8,0,0.109228
3255,1962-06-09,4,8,0,0.109187
3256,1962-06-16,4,6,0,0.109146
3257,1962-06-23,6,6,1,0.109481
3258,1962-06-30,8,3,0,0.10944
3259,1962-07-07,8,1,0,0.109398
3260,1962-07-14,4,1,0,0.109357
3261,1962-07-21,7,6,0,0.109316
3262,1962-07-28,5,6,0,0.109275
3263,1962-08-04,2,6,0,0.109234
3264,1962-08-11,8,3,0,0.109193
3265,1962-08-18,4,1,0,0.109152
3266,1962-08-25,7,6,0,0.109111
3267,1962-09-01,9,6,0,0.10907
3268,1962-09-08,6,8,0,0.10903
3269,1962-09-15,4,3,0,0.108989
3270,1962-09-22,7,6,0,0.108948
3271,1962-09-29,6,6,1,0.109281
3272,1962-10-06,3,3,1,0.109615
3273,1962-10-13,4,5,0,0.109574
3274,1962-10-20,1,6,0,0.109533
3275,1962-10-27,5,7,0,0.109492
3276,1962-11-03,9,6,0,0.109451
3277,1962-11-10,6,8,0,0.10941
3278,1962-11-17,8,3,0,0.109369
3279,1962-11-24,9,1,0,0.109328
3280,1962-12-01,8,8,1,0.109661
3281,1962-12-08,6,1,0,0.10962
3282,1962-12-15,5,3,0,0.109579
3283,1962-12-22,7,6,0,0.109538
3284,1962-12-29,2,6,0,0.109497
3285,1963-01-05,8,3,0,0.109456
3286,1963-01-12,5,1,0,0.109416
3287,1963-01-19,3,6,0,0.109375
3288,1963-01-26,4,5,0,0.109334
3289,1963-02-02,4,6,0,0.109294
3290,1963-02-09,2,6,0,0.109253
3291,1963-02-16,3,3,1,0.109584
3292,1963-02-23,2,5,0,0.109543
3293,1963-03-02,5,3,0,0.109503
3294,1963-03-09,9,6,0,0.109462
3295,1963-03-16,9,8,0,0.109421
3296,1963-03-23,1,8,0,0.109381
3297,1963-03-30,2,7,0,0.10934
3298,1963-04-06,2,3,0,0.1093
3299,1963-04-13,7,3,0,0.109259
3300,1963-04-20,5,6,0,0.109219
3301,1963-04-27,9,6,0,0.109178
3302,1963-05-04,2,8,0,0.109138
3303,1963-05-11,6,3,0,0.109098
3304,1963-05-18,1,3,0,0.109057
3305,1963-05-25,3,7,0,0.109017
3306,1963-06-01,2,5,0,0.108977
3307,1963-06-08,3,3,1,0.109306
3308,1963-06-15,5,5,1,0.109635
3309,1963-06-22,8,6,0,0.109594
3310,1963-07-01,8,1,0,0.109554
3311,1963-07-06,8,1,0,0.109513
3312,1963-07-13,5,1,0,0.109473
3313,1963-07-20,4,6,0,0.109433
3314,1963-07-27,6,6,1,0.109761
3315,1963-08-03,5,3,0,0.10972
3316,1963-08-10,9,6,0,0.10968
3317,1963-08-17,4,8,0,0.109639
3318,1963-08-24,6,6,1,0.109967
3319,1963-08-31,1,3,0,0.109926
3320,1963-09-07,5,7,0,0.109886
3321,1963-09-14,8,6,0,0.109846
3322,1963-09-21,8,1,0,0.109805
3323,1963-09-28,8,1,0,0.109765
3324,1963-10-05,2,1,0,0.109725
3325,1963-10-12,1,3,0,0.109685
3326,1963-10-19,3,7,0,0.109644
3327,1963-10-26,4,5,0,0.109604
3328,1963-11-02,6,6,1,0.10993
3329,1963-11-09,6,3,0,0.10989
3330,1963-11-16,3,3,1,0.110216
3331,1963-11-23,1,5,0,0.110176
3332,1963-11-30,8,7,0,0.110135
3333,1963-12-07,2,1,0,0.110095
3334,1963-12-14,2,3,0,0.110055
3335,1963-12-21,5,3,0,0.110015
3336,1963-12-28,5,6,0,0.109974
3337,1964-01-04,7,6,0,0.109934
3338,1964-01-11,6,6,1,0.110259
3339,1964-01-18,7,3,0,0.110219
3340,1964-01-25,3,6,0,0.110179
3341,1964-02-01,8,5,0,0.110139
3342,1964-02-08,7,1,0,0.110098
3343,1964-02-15,5,6,0,0.110058
3344,1964-02-22,8,6,0,0.110018
3345,1964-02-29,5,1,0,0.109978
3346,1964-03-07,1,6,0,0.109938
3347,1964-03-14,7,7,1,0.110262
3348,1964-03-21,4,6,0,0.110222
3349,1964-03-28,5,6,0,0.110182
3350,1964-04-07,9,6,0,0.110142
3351,1964-04-11,7,8,0,0.110102
3352,1964-04-18,9,6,0,0.110062
3353,1964-04-27,5,8,0,0.110022
3354,1964-05-04,8,6,0,0.109982
3355,1964-05-09,4,1,0,0.109942
3356,1964-05-16,5,6,0,0.109902
3357,1964-05-23,8,6,0,0.109862
3358,1964-05-30,6,1,0,0.109822
3359,1964-06-06,3,3,1,0.110145
3360,1964-06-13,1,5,0,0.110105
3361,1964-06-20,7,7,1,0.110427
3362,1964-06-27,1,6,0,0.110387
3363,1964-07-04,3,7,0,0.110347
3364,1964-07-11,2,5,0,0.110307
3365,1964-07-18,7,3,0,0.110268
3366,1964-07-25,8,6,0,0.110228
3367,1964-08-01,6,1,0,0.110188
3368,1964-08-08,2,3,0,0.110148
3369,1964-08-17,2,3,0,0.110108
3370,1964-08-22,4,3,0,0.110069
3371,1964-08-29,9,6,0,0.110029
3372,1964-09-05,3,8,0,0.109989
3373,1964-09-12,9,5,0,0.10995
3374,1964-09-19,7,8,0,0.10991
3375,1964-09-26,9,6,0,0.10987
3376,1964-10-03,7,8,0,0.109831
3377,1964-10-10,1,6,0,0.109791
3378,1964-10-17,8,7,0,0.109752
3379,1964-10-24,6,1,0,0.109712
3380,1964-10-31,7,3,0,0.109673
3381,1964-11-07,9,6,0,0.109633
3382,1964-11-14,4,8,0,0.109594
3383,1964-11-21,1,6,0,0.109555
3384,1964-11-28,4,7,0,0.109515
3385,1964-12-05,3,6,0,0.109476
3386,1964-12-12,5,5,1,0.109795
3387,1964-12-19,3,6,0,0.109756
3388,1964-12-28,5,5,1,0.110075
3389,1965-01-02,5,6,0,0.110036
3390,1965-01-09,8,6,0,0.109996
3391,1965-01-16,5,1,0,0.109957
3392,1965-01-23,6,6,1,0.110276
3393,1965-01-30,9,3,0,0.110236
3394,1965-02-06,4,8,0,0.110197
3395,1965-02-13,9,6,0,0.110157
3396,1965-02-20,1,8,0,0.110118
3397,1965-02-27,2,7,0,0.110079
3398,1965-03-06,5,3,0,0.110039
3399,1965-03-13,6,6,1,0.110357
3400,1965-03-20,4,3,0,0.110318
3401,1965-03-27,3,6,0,0.110278
3402,1965-04-03,2,5,0,0.110239
3403,1965-04-10,4,5,0,0.1102
3404,1965-04-17,9,6,0,0.11016
3405,1965-04-24,5,8,0,0.110121
3406,1965-04-30,7,6,0,0.110082
3407,1965-05-08,9,6,0,0.110043
3408,1965-05-15,7,8,0,0.110004
3409,1965-05-22,6,6,1,0.11032
3410,1965-05-29,5,3,0,0.110281
3411,1965-06-05,6,6,1,0.110597
3412,1965-06-12,1,3,0,0.110558
3413,1965-06-19,4,7,0,0.110519
3414,1965-06-26,5,6,0,0.11048
3415,1965-07-03,3,6,0,0.11044
3416,1965-07-10,7,5,0,0.110401
3417,1965-07-17,5,6,0,0.110362
3418,1965-07-24,3,6,0,0.110323
3419,1965-07-31,3,5,0,0.110284
3420,1965-08-07,1,5,0,0.110245
3421,1965-08-14,9,7,0,0.110206
3422,1965-08-21,3,7,0,0.110166
3423,1965-08-28,8,5,0,0.110127
3424,1965-09-04,2,1,0,0.110088
3425,1965-09-11,9,5,0,0.11005
3426,1965-09-18,3,7,0,0.110011
3427,1965-09-25,2,5,0,0.109972
3428,1965-10-02,5,5,1,0.110286
3429,1965-10-09,4,6,0,0.110247
3430,1965-10-16,3,6,0,0.110208
3431,1965-10-23,8,5,0,0.110169
3432,1965-10-30,8,1,0,0.110131
3433,1965-11-06,1,1,1,0.110445
3434,1965-11-13,2,7,0,0.110406
3435,1965-11-20,5,5,1,0.110719
3436,1965-11-27,9,6,0,0.11068
3437,1965-12-04,5,7,0,0.110641
3438,1965-12-11,1,6,0,0.110602
3439,1965-12-18,2,7,0,0.110563
3440,1965-12-24,5,5,1,0.110876
3441,1966-01-03,5,6,0,0.110837
3442,1966-01-08,4,6,0,0.110798
3443,1966-01-15,9,6,0,0.110759
3444,1966-01-22,6,7,0,0.110721
3445,1966-01-29,3,3,1,0.111033
3446,1966-02-05,2,5,0,0.110994
3447,1966-02-12,3,5,0,0.110955
3448,1966-02-19,1,5,0,0.110916
3449,1966-02-26,7,7,1,0.111228
3450,1966-03-05,2,6,0,0.111189
3451,1966-03-12,6,5,0,0.11115
3452,1966-03-19,2,3,0,0.111111
3453,1966-03-26,8,5,0,0.111072
3454,1966-04-02,9,1,0,0.111033
3455,1966-04-09,4,7,0,0.110994
3456,1966-04-16,2,6,0,0.110956
3457,1966-04-23,8,5,0,0.110917
3458,1966-04-30,4,1,0,0.110878
3459,1966-05-07,5,6,0,0.110839
3460,1966-05-14,5,6,0,0.1108
3461,1966-05-21,5,6,0,0.110762
3462,1966-05-28,6,6,1,0.111072
3463,1966-06-04,5,3,0,0.111034
3464,1966-06-11,5,6,0,0.110995
3465,1966-06-18,2,6,0,0.110956
3466,1966-06-25,1,5,0,0.110917
3467,1966-07-02,8,7,0,0.110879
3468,1966-07-09,5,1,0,0.11084
3469,1966-07-16,3,6,0,0.110801
3470,1966-07-23,2,5,0,0.110763
3471,1966-07-30,9,5,0,0.110724
3472,1966-08-06,2,7,0,0.110686
3473,1966-08-13,2,5,0,0.110647
3474,1966-08-20,2,5,0,0.110609
3475,1966-08-27,4,5,0,0.11057
3476,1966-09-03,9,6,0,0.110532
3477,1966-09-10,8,7,0,0.110493
3478,1966-09-17,5,1,0,0.110455
3479,1966-09-24,1,6,0,0.110417
3480,1966-10-01,6,7,0,0.110378
3481,1966-10-08,9,3,0,0.11034
3482,1966-10-15,9,8,0,0.110302
3483,1966-10-22,7,8,0,0.110264
3484,1966-10-29,9,6,0,0.110225
3485,1966-11-05,2,7,0,0.110187
3486,1966-11-12,4,5,0,0.110149
3487,1966-11-19,7,6,0,0.110111
3488,1966-11-26,5,6,0,0.110073
3489,1966-12-03,6,6,1,0.110381
3490,1966-12-10,9,3,0,0.110342
3491,1966-12-17,9,7,0,0.110304
3492,1966-12-24,7,7,1,0.110612
3493,1966-12-31,5,6,0,0.110574
3494,1967-01-07,2,6,0,0.110535
3495,1967-01-14,2,5,0,0.110497
3496,1967-01-21,3,5,0,0.110459
3497,1967-01-28,3,5,0,0.110421
3498,1967-02-04,8,5,0,0.110383
3499,1967-02-11,8,1,0,0.110345
3500,1967-02-18,9,1,0,0.110307
3501,1967-02-25,5,7,0,0.110269
3502,1967-03-04,9,6,0,0.110231
3503,1967-03-11,7,7,1,0.110537
3504,1967-03-18,3,5,0,0.110499
3505,1967-03-25,2,8,0,0.110461
3506,1967-04-01,9,5,0,0.110423
3507,1967-04-08,2,7,0,0.110385
3508,1967-04-15,6,5,0,0.110347
3509,1967-04-22,8,3,0,0.110309
3510,1967-04-29,5,1,0,0.110271
3511,1967-05-06,6,6,1,0.110577
3512,1967-05-13,8,3,0,0.110539
3513,1967-05-20,1,5,0,0.110501
3514,1967-05-27,2,7,0,0.110463
3515,1967-06-03,3,5,0,0.110425
3516,1967-06-10,4,8,0,0.110387
3517,1967-06-17,7,6,0,0.11035
3518,1967-06-24,3,5,0,0.110312
3519,1967-07-01,1,8,0,0.110274
3520,1967-07-08,4,7,0,0.110236
3521,1967-07-15,6,6,1,0.110541
3522,1967-07-22,2,3,0,0.110503
3523,1967-07-29,4,5,0,0.110465
3524,1967-08-05,3,6,0,0.110427
3525,1967-08-12,5,8,0,0.11039
3526,1967-08-19,1,6,0,0.110352
3527,1967-08-26,9,7,0,0.110314
3528,1967-09-02,6,7,0,0.110277
3529,1967-09-09,5,3,0,0.110239
3530,1967-09-16,2,6,0,0.110201
3531,1967-09-23,2,5,0,0.110164
3532,1967-09-30,7,5,0,0.110126
3533,1967-10-07,8,5,0,0.110089
3534,1967-10-16,7,1,0,0.110051
3535,1967-10-21,1,5,0,0.110014
3536,1967-10-27,7,7,1,0.110317
3537,1967-11-06,5,5,1,0.110619
3538,1967-11-11,7,6,0,0.110582
3539,1967-11-18,2,5,0,0.110544
3540,1967-11-25,3,5,0,0.110507
3541,1967-12-02,9,5,0,0.110469
3542,1967-12-09,7,7,1,0.110771
3543,1967-12-16,3,5,0,0.110734
3544,1967-12-23,9,5,0,0.110696
3545,1967-12-30,3,7,0,0.110659
3546,1968-01-05,7,5,0,0.110621
3547,1968-01-13,7,5,0,0.110583
3548,1968-01-20,2,5,0,0.110546
3549,1968-01-27,6,3,0,0.110508
3550,1968-02-03,6,3,0,0.110471
3551,1968-02-10,8,3,0,0.110434
3552,1968-02-17,4,1,0,0.110396
3553,1968-02-24,2,6,0,0.110359
3554,1968-03-02,5,3,0,0.110321
3555,1968-03-09,8,6,0,0.110284
3556,1968-03-16,6,1,0,0.110247
3557,1968-03-23,7,3,0,0.11021
3558,1968-03-30,2,5,0,0.110172
3559,1968-04-06,8,5,0,0.110135
3560,1968-04-13,9,1,0,0.110098
3561,1968-04-20,4,7,0,0.110061
3562,1968-04-27,5,6,0,0.110024
3563,1968-05-04,5,6,0,0.109987
3564,1968-05-11,1,6,0,0.109949
3565,1968-05-18,5,7,0,0.109912
3566,1968-05-25,9,6,0,0.109875
3567,1968-06-01,2,7,0,0.109838
3568,1968-06-08,3,5,0,0.109801
3569,1968-06-15,4,5,0,0.109764
3570,1968-06-22,1,6,0,0.109727
3571,1968-06-28,4,7,0,0.10969
3572,1968-07-06,9,6,0,0.109654
3573,1968-07-13,8,7,0,0.109617
3574,1968-07-20,9,1,0,0.10958
3575,1968-07-27,8,7,0,0.109543
3576,1968-08-03,4,1,0,0.109506
3577,1968-08-10,2,6,0,0.109469
3578,1968-08-17,9,3,0,0.109433
3579,1968-08-24,8,7,0,0.109396
3580,1968-08-31,6,1,0,0.109359
3581,1968-09-07,6,3,0,0.109323
3582,1968-09-14,7,3,0,0.109286
3583,1968-09-21,3,5,0,0.109249
3584,1968-09-28,7,5,0,0.109213
3585,1968-10-05,4,5,0,0.109176
3586,1968-10-12,1,6,0,0.10914
3587,1968-10-19,9,7,0,0.109103
3588,1968-10-26,7,7,1,0.109401
3589,1968-11-02,4,5,0,0.109365
3590,1968-11-09,6,6,1,0.109662
3591,1968-11-16,2,3,0,0.109626
3592,1968-11-23,8,3,0,0.109589
3593,1968-11-30,4,1,0,0.109552
3594,1968-12-07,2,6,0,0.109516
3595,1968-12-14,7,3,0,0.109479
3596,1968-12-21,3,5,0,0.109443
3597,1968-12-28,8,5,0,0.109406
3598,1969-01-04,2,1,0,0.10937
3599,1969-01-11,6,3,0,0.109333
3600,1969-01-18,5,3,0,0.109297
3601,1969-01-25,7,6,0,0.10926
3602,1969-02-01,7,5,0,0.109224
3603,1969-02-08,6,5,0,0.109188
3604,1969-02-15,6,3,0,0.109151
3605,1969-02-22,3,3,1,0.109448
3606,1969-03-01,7,8,0,0.109411
3607,1969-03-08,1,5,0,0.109375
3608,1969-03-15,7,7,1,0.109671
3609,1969-03-22,5,5,1,0.109967
3610,1969-03-29,2,6,0,0.10993
3611,1969-04-05,3,3,1,0.110226
3612,1969-04-12,8,8,1,0.110521
3613,1969-04-19,7,1,0,0.110484
3614,1969-04-26,8,5,0,0.110448
3615,1969-05-03,1,1,1,0.110743
3616,1969-05-10,9,7,0,0.110706
3617,1969-05-17,9,7,0,0.110669
3618,1969-05-24,3,7,0,0.110633
3619,1969-05-31,4,8,0,0.110596
3620,1969-06-07,2,6,0,0.110559
3621,1969-06-14,3,3,1,0.110854
3622,1969-06-21,3,8,0,0.110817
3623,1969-06-28,5,8,0,0.11078
3624,1969-07-05,8,6,0,0.110744
3625,1969-07-12,7,1,0,0.110707
3626,1969-07-19,6,5,0,0.110671
3627,1969-07-26,7,3,0,0.110634
3628,1969-08-02,2,5,0,0.110598
3629,1969-08-09,6,3,0,0.110561
3630,1969-08-16,8,3,0,0.110525
3631,1969-08-23,2,1,0,0.110488
3632,1969-08-30,9,3,0,0.110452
3633,1969-09-06,3,7,0,0.110415
3634,1969-09-13,8,8,1,0.110708
3635,1969-09-20,1,1,1,0.111001
3636,1969-09-27,7,7,1,0.111294
3637,1969-10-04,2,5,0,0.111257
3638,1969-10-11,8,3,0,0.111221
3639,1969-10-18,6,1,0,0.111184
3640,1969-10-25,5,3,0,0.111148
3641,1969-10-31,1,6,0,0.111111
3642,1969-11-08,8,7,0,0.111075
3643,1969-11-15,2,1,0,0.111038
3644,1969-11-22,9,3,0,0.111002
3645,1969-11-29,4,7,0,0.110965
3646,1969-12-06,5,6,0,0.110929
3647,1969-12-13,3,6,0,0.110892
3648,1969-12-20,3,8,0,0.110856
3649,1969-12-27,3,8,0,0.11082
3650,1970-01-03,7,8,0,0.110783
3651,1970-01-10,9,5,0,0.110747
3652,1970-01-17,6,7,0,0.110711
3653,1970-01-24,9,3,0,0.110675
3654,1970-01-31,9,7,0,0.110638
3655,1970-02-07,2,7,0,0.110602
3656,1970-02-14,5,3,0,0.110566
3657,1970-02-21,1,6,0,0.11053
3658,1970-02-28,9,7,0,0.110494
3659,1970-03-07,5,7,0,0.110458
3660,1970-03-14,7,6,0,0.110421
3661,1970-03-21,4,5,0,0.110385
3662,1970-03-28,9,6,0,0.110349
3663,1970-04-04,6,7,0,0.110313
3664,1970-04-11,5,3,0,0.110277
3665,1970-04-18,4,6,0,0.110241
3666,1970-04-25,7,6,0,0.110205
3667,1970-05-02,4,5,0,0.110169
3668,1970-05-09,5,6,0,0.110134
3669,1970-05-16,2,6,0,0.110098
3670,1970-05-23,1,3,0,0.110062
3671,1970-05-30,2,7,0,0.110026
3672,1970-06-06,9,3,0,0.10999
3673,1970-06-13,5,7,0,0.109954
3674,1970-06-20,3,6,0,0.109919
3675,1970-06-27,7,8,0,0.109883
3676,1970-07-04,5,5,1,0.110172
3677,1970-07-11,3,6,0,0.110136
3678,1970-07-18,5,8,0,0.110101
3679,1970-07-25,8,6,0,0.110065
3680,1970-08-01,8,1,0,0.110029
3681,1970-08-08,2,1,0,0.109994
3682,1970-08-15,9,3,0,0.109958
3683,1970-08-22,4,7,0,0.109922
3684,1970-08-29,5,6,0,0.109887
3685,1970-09-05,6,6,1,0.110175
3686,1970-09-12,9,3,0,0.110139
3687,1970-09-19,8,7,0,0.110104
3688,1970-09-26,3,1,0,0.110068
3689,1970-10-03,6,8,0,0.110032
3690,1970-10-10,6,3,0,0.109997
3691,1970-10-17,7,3,0,0.109961
3692,1970-10-24,3,5,0,0.109926
3693,1970-10-31,1,8,0,0.10989
3694,1970-11-07,4,7,0,0.109855
3695,1970-11-14,5,5,1,0.110142
3696,1970-11-21,8,6,0,0.110107
3697,1970-11-28,1,1,1,0.110394
3698,1970-12-05,6,7,0,0.110358
3699,1970-12-12,3,3,1,0.110645
3700,1970-12-19,2,8,0,0.110609
3701,1970-12-28,6,3,0,0.110574
3702,1971-01-02,8,3,0,0.110538
3703,1971-01-09,1,1,1,0.110825
3704,1971-01-16,7,7,1,0.111111
3705,1971-01-23,4,5,0,0.111075
3706,1971-01-30,1,5,0,0.11104
3707,1971-02-06,6,7,0,0.111004
3708,1971-02-13,2,3,0,0.110968
3709,1971-02-20,7,3,0,0.110932
3710,1971-02-27,2,5,0,0.110897
3711,1971-03-06,6,3,0,0.110861
3712,1971-03-13,3,3,1,0.111147
3713,1971-03-20,2,8,0,0.111111
3714,1971-03-27,4,3,0,0.111075
3715,1971-04-03,5,5,1,0.111361
3716,1971-04-10,9,6,0,0.111325
3717,1971-04-17,5,7,0,0.111289
3718,1971-04-24,8,6,0,0.111254
3719,1971-05-01,5,1,0,0.111218
3720,1971-05-08,7,6,0,0.111182
3721,1971-05-15,6,5,0,0.111147
3722,1971-05-22,3,3,1,0.111431
3723,1971-05-29,7,8,0,0.111396
3724,1971-06-05,5,5,1,0.11168
3725,1971-06-12,5,6,0,0.111644
3726,1971-06-19,5,6,0,0.111609
3727,1971-06-26,7,6,0,0.111573
3728,1971-07-03,3,5,0,0.111537
3729,1971-07-10,4,8,0,0.111502
3730,1971-07-17,2,5,0,0.111466
3731,1971-07-24,6,3,0,0.11143
3732,1971-07-31,6,3,0,0.111395
3733,1971-08-07,1,3,0,0.111359
3734,1971-08-14,4,7,0,0.111324
3735,1971-08-21,1,5,0,0.111288
3736,1971-08-28,9,7,0,0.111253
3737,1971-09-04,4,7,0,0.111217
3738,1971-09-11,7,5,0,0.111182
3739,1971-09-18,9,5,0,0.111146
3740,1971-09-25,3,7,0,0.111111
3741,1971-10-02,8,8,1,0.111394
3742,1971-10-09,1,1,1,0.111677
3743,1971-10-16,3,7,0,0.111641
3744,1971-10-23,2,8,0,0.111606
3745,1971-10-30,3,3,1,0.111888
3746,1971-11-06,8,8,1,0.11217
3747,1971-11-13,5,1,0,0.112135
3748,1971-11-20,2,6,0,0.112099
3749,1971-11-27,8,3,0,0.112063
3750,1971-12-04,1,1,1,0.112345
3751,1971-12-11,7,7,1,0.112627
3752,1971-12-18,3,5,0,0.112591
3753,1971-12-25,2,8,0,0.112555
3754,1972-01-01,7,3,0,0.11252
3755,1972-01-08,1,5,0,0.112484
3756,1972-01-15,5,7,0,0.112449
3757,1972-01-22,9,6,0,0.112413
3758,1972-01-29,1,7,0,0.112377
3759,1972-02-05,7,7,1,0.112658
3760,1972-02-12,4,5,0,0.112623
3761,1972-02-19,3,5,0,0.112587
3762,1972-02-26,8,8,1,0.112868
3763,1972-03-04,3,1,0,0.112832
3764,1972-03-11,3,8,0,0.112796
3765,1972-03-18,9,8,0,0.112761
3766,1972-03-25,9,7,0,0.112725
3767,1972-04-01,4,7,0,0.112689
3768,1972-04-08,3,5,0,0.112654
3769,1972-04-15,5,8,0,0.112618
3770,1972-04-22,9,6,0,0.112583
3771,1972-04-29,2,7,0,0.112547
3772,1972-05-06,7,3,0,0.112512
3773,1972-05-13,9,5,0,0.112476
3774,1972-05-20,4,7,0,0.112441
3775,1972-05-27,6,5,0,0.112406
3776,1972-06-03,3,3,1,0.112685
3777,1972-06-10,8,8,1,0.112964
3778,1972-06-17,7,1,0,0.112929
3779,1972-06-24,7,5,0,0.112893
3780,1972-07-01,7,5,0,0.112858
3781,1972-07-08,1,5,0,0.112822
3782,1972-07-15,2,7,0,0.112787
3783,1972-07-22,5,3,0,0.112751
3784,1972-07-29,4,6,0,0.112716
3785,1972-08-05,3,5,0,0.11268
3786,1972-08-12,6,8,0,0.112645
3787,1972-08-19,4,3,0,0.11261
3788,1972-08-26,1,5,0,0.112574
3789,1972-09-02,6,7,0,0.112539
3790,1972-09-09,2,3,0,0.112504
3791,1972-09-16,8,3,0,0.112469
3792,1972-09-23,3,1,0,0.112433
3793,1972-09-30,8,8,1,0.112711
3794,1972-10-07,3,1,0,0.112676
3795,1972-10-14,2,8,0,0.112641
3796,1972-10-21,5,3,0,0.112606
3797,1972-10-28,4,6,0,0.11257
3798,1972-11-04,9,5,0,0.112535
3799,1972-11-11,4,7,0,0.1125
3800,1972-11-18,1,5,0,0.112465
3801,1972-11-25,9,7,0,0.11243
3802,1972-12-02,5,7,0,0.112395
3803,1972-12-09,9,6,0,0.11236
3804,1972-12-16,5,7,0,0.112324
3805,1972-12-23,3,6,0,0.112289
3806,1972-12-30,9,8,0,0.112254
3807,1973-01-06,2,7,0,0.112219
3808,1973-01-13,6,3,0,0.112184
3809,1973-01-20,6,3,0,0.11215
3810,1973-01-27,4,3,0,0.112115
3811,1973-02-03,9,5,0,0.11208
3812,1973-02-10,8,7,0,0.112045
3813,1973-02-17,4,1,0,0.11201
3814,1973-02-24,1,5,0,0.111975
3815,1973-03-03,5,7,0,0.11194
3816,1973-03-10,7,6,0,0.111906
3817,1973-03-17,9,5,0,0.111871
3818,1973-03-24,8,8,1,0.112147
3819,1973-03-31,1,1,1,0.112422
3820,1973-04-07,6,7,0,0.112387
3821,1973-04-14,9,3,0,0.112353
3822,1973-04-21,9,8,0,0.112318
3823,1973-04-28,6,8,0,0.112283
3824,1973-05-05,9,3,0,0.112248
3825,1973-05-12,7,8,0,0.112213
3826,1973-05-19,2,5,0,0.112178
3827,1973-05-26,8,3,0,0.112144
3828,1973-06-02,4,1,0,0.112109
3829,1973-06-09,8,5,0,0.112074
3830,1973-06-16,4,1,0,0.11204
3831,1973-06-23,2,5,0,0.112005
3832,1973-06-30,2,3,0,0.11197
3833,1973-07-07,3,3,1,0.112245
3834,1973-07-14,9,8,0,0.11221
3835,1973-07-21,4,8,0,0.112176
3836,1973-07-28,3,5,0,0.112141
3837,1973-08-04,3,8,0,0.112106
3838,1973-08-11,2,8,0,0.112072
3839,1973-08-18,6,3,0,0.112037
3840,1973-08-25,1,3,0,0.112002
3841,1973-09-01,2,7,0,0.111968
3842,1973-09-08,6,3,0,0.111933
3843,1973-09-15,3,3,1,0.112207
3844,1973-09-22,8,8,1,0.112481
3845,1973-09-29,6,1,0,0.112446
3846,1973-10-06,2,3,0,0.112411
3847,1973-10-13,5,3,0,0.112377
3848,1973-10-20,9,6,0,0.112342
3849,1973-10-27,5,8,0,0.112308
3850,1973-11-03,2,6,0,0.112273
3851,1973-11-10,8,3,0,0.112239
3852,1973-11-17,3,1,0,0.112204
3853,1973-11-24,8,8,1,0.112477
3854,1973-12-01,1,1,1,0.11275
3855,1973-12-08,7,7,1,0.113022
3856,1973-12-15,4,5,0,0.112987
3857,1973-12-22,1,5,0,0.112953
3858,1973-12-29,8,7,0,0.112918
3859,1974-01-05,7,1,0,0.112883
3860,1974-01-12,7,5,0,0.112849
3861,1974-01-19,5,5,1,0.113121
3862,1974-01-26,3,6,0,0.113086
3863,1974-02-02,7,8,0,0.113051
3864,1974-02-09,1,5,0,0.113017
3865,1974-02-16,8,7,0,0.112982
3866,1974-02-23,4,1,0,0.112948
3867,1974-03-02,3,5,0,0.112913
3868,1974-03-09,2,8,0,0.112879
3869,1974-03-16,3,3,1,0.11315
3870,1974-03-23,8,8,1,0.113421
3871,1974-03-30,3,1,0,0.113386
3872,1974-04-06,5,8,0,0.113352
3873,1974-04-13,9,6,0,0.113317
3874,1974-04-20,4,8,0,0.113282
3875,1974-04-27,6,5,0,0.113248
3876,1974-05-04,4,3,0,0.113213
3877,1974-05-11,3,5,0,0.113179
3878,1974-05-18,3,8,0,0.113144
3879,1974-05-25,3,8,0,0.11311
3880,1974-06-01,3,8,0,0.113075
3881,1974-06-08,8,8,1,0.113346
3882,1974-06-15,4,1,0,0.113311
3883,1974-06-22,6,5,0,0.113276
3884,1974-06-29,4,3,0,0.113242
3885,1974-07-06,3,6,0,0.113208
3886,1974-07-13,7,8,0,0.113173
3887,1974-07-20,2,5,0,0.113139
3888,1974-07-27,4,3,0,0.113104
3889,1974-08-03,1,6,0,0.11307
3890,1974-08-10,6,7,0,0.113036
3891,1974-08-17,1,3,0,0.113001
3892,1974-08-24,8,7,0,0.112967
3893,1974-08-31,6,1,0,0.112933
3894,1974-09-07,9,3,0,0.112898
3895,1974-09-14,1,8,0,0.112864
3896,1974-09-21,9,7,0,0.11283
3897,1974-09-28,9,8,0,0.112796
3898,1974-10-05,4,8,0,0.112761
3899,1974-10-12,5,6,0,0.112727
3900,1974-10-19,5,6,0,0.112693
3901,1974-10-26,7,6,0,0.112659
3902,1974-11-02,7,5,0,0.112625
3903,1974-11-09,8,5,0,0.112591
3904,1974-11-16,7,1,0,0.112557
3905,1974-11-23,4,5,0,0.112523
3906,1974-11-30,2,5,0,0.112489
3907,1974-12-07,8,3,0,0.112455
3908,1974-12-14,6,1,0,0.112421
3909,1974-12-21,2,3,0,0.112387
3910,1974-12-28,7,3,0,0.112353
3911,1975-01-04,9,5,0,0.112319
3912,1975-01-11,6,8,0,0.112285
3913,1975-01-18,2,3,0,0.112251
3914,1975-01-25,5,3,0,0.112217
3915,1975-02-01,1,6,0,0.112183
3916,1975-02-08,8,7,0,0.11215
3917,1975-02-15,4,1,0,0.112116
3918,1975-02-22,4,5,0,0.112082
3919,1975-03-01,9,5,0,0.112048
3920,1975-03-08,2,8,0,0.112014
3921,1975-03-15,7,3,0,0.111981
3922,1975-03-22,1,5,0,0.111947
3923,1975-03-29,1,7,0,0.111913
3924,1975-04-05,5,7,0,0.11188
3925,1975-04-12,9,6,0,0.111846
3926,1975-04-19,2,8,0,0.111812
3927,1975-04-26,8,3,0,0.111779
3928,1975-05-03,2,1,0,0.111745
3929,1975-05-10,8,3,0,0.111712
3930,1975-05-17,9,1,0,0.111678
3931,1975-05-24,9,8,0,0.111645
3932,1975-05-31,5,8,0,0.111611
3933,1975-06-07,3,6,0,0.111578
3934,1975-06-14,8,8,1,0.111844
3935,1975-06-21,5,1,0,0.111811
3936,1975-06-28,5,6,0,0.111777
3937,1975-07-05,7,6,0,0.111744
3938,1975-07-12,6,5,0,0.11171
3939,1975-07-19,2,3,0,0.111677
3940,1975-07-26,1,3,0,0.111643
3941,1975-08-02,3,7,0,0.11161
3942,1975-08-09,7,8,0,0.111576
3943,1975-08-16,4,5,0,0.111543
3944,1975-08-23,8,5,0,0.11151
3945,1975-08-30,6,1,0,0.111476
3946,1975-09-06,4,3,0,0.111443
3947,1975-09-13,2,5,0,0.11141
3948,1975-09-20,8,3,0,0.111377
3949,1975-09-27,9,1,0,0.111343
3950,1975-10-04,6,8,0,0.11131
3951,1975-10-11,3,3,1,0.111575
3952,1975-10-18,6,8,0,0.111542
3953,1975-10-25,7,3,0,0.111509
3954,1975-11-01,6,5,0,0.111475
3955,1975-11-08,5,3,0,0.111442
3956,1975-11-15,6,6,1,0.111707
3957,1975-11-22,7,3,0,0.111674
3958,1975-11-29,2,5,0,0.11164
3959,1975-12-06,9,8,0,0.111607
3960,1975-12-13,1,8,0,0.111574
3961,1975-12-20,6,7,0,0.111541
3962,1975-12-27,4,3,0,0.111508
3963,1976-01-03,6,5,0,0.111474
3964,1976-01-10,1,3,0,0.111441
3965,1976-01-17,1,7,0,0.111408
3966,1976-01-24,4,7,0,0.111375
3967,1976-01-31,3,6,0,0.111342
3968,1976-02-07,8,8,1,0.111606
3969,1976-02-14,6,1,0,0.111573
3970,1976-02-21,3,3,1,0.111836
3971,1976-02-28,2,8,0,0.111803
3972,1976-03-06,8,8,1,0.112066
3973,1976-03-13,7,1,0,0.112033
3974,1976-03-20,2,5,0,0.112
3975,1976-03-27,8,8,1,0.112263
3976,1976-04-03,2,1,0,0.11223
3977,1976-04-10,3,8,0,0.112197
3978,1976-04-17,7,8,0,0.112163
3979,1976-04-24,1,5,0,0.11213
3980,1976-05-01,2,7,0,0.112097
3981,1976-05-08,9,8,0,0.112064
3982,1976-05-15,7,8,0,0.112031
3983,1976-05-22,4,5,0,0.111998
3984,1976-05-29,7,6,0,0.111965
3985,1976-06-05,4,5,0,0.111931
3986,1976-06-12,8,6,0,0.111898
3987,1976-06-19,1,1,1,0.112161
3988,1976-06-26,4,7,0,0.112127
3989,1976-07-03,7,6,0,0.112094
3990,1976-07-10,8,5,0,0.112061
3991,1976-07-17,8,1,0,0.112028
3992,1976-07-24,9,1,0,0.111995
3993,1976-07-31,3,7,0,0.111962
3994,1976-08-07,9,8,0,0.111929
3995,1976-08-14,5,7,0,0.111896
3996,1976-08-21,9,6,0,0.111863
3997,1976-08-28,8,7,0,0.11183
3998,1976-09-04,7,1,0,0.111798
3999,1976-09-11,9,5,0,0.111765
4000,1976-09-18,1,8,0,0.111732
4001,1976-09-25,3,7,0,0.111699
4002,1976-10-02,4,8,0,0.111666
4003,1976-10-09,2,6,0,0.111633
4004,1976-10-16,5,8,0,0.111601
4005,1976-10-23,6,6,1,0.111861
4006,1976-10-30,1,3,0,0.111829
4007,1976-11-06,5,7,0,0.111796
4008,1976-11-13,9,6,0,0.111763
4009,1976-11-20,5,8,0,0.11173
4010,1976-11-27,3,6,0,0.111697
4011,1976-12-04,7,8,0,0.111665
4012,1976-12-11,6,5,0,0.111632
4013,1976-12-18,1,3,0,0.111599
4014,1976-12-25,1,7,0,0.111567
4015,1977-01-01,5,7,0,0.111534
4016,1977-01-08,2,6,0,0.111501
4017,1977-01-15,3,8,0,0.111469
4018,1977-01-22,6,8,0,0.111436
4019,1977-01-29,1,3,0,0.111404
4020,1977-02-05,2,7,0,0.111371
4021,1977-02-12,3,8,0,0.111338
4022,1977-02-19,4,8,0,0.111306
4023,1977-02-26,4,6,0,0.111273
4024,1977-03-05,4,6,0,0.111241
4025,1977-03-12,8,6,0,0.111208
4026,1977-03-19,3,1,0,0.111176
4027,1977-03-26,2,8,0,0.111144
4028,1977-04-02,1,3,0,0.111111
4029,1977-04-09,4,7,0,0.111079
4030,1977-04-16,9,6,0,0.111046
4031,1977-04-23,3,8,0,0.111014
4032,1977-04-30,9,8,0,0.110982
4033,1977-05-07,7,8,0,0.110949
4034,1977-05-14,8,6,0,0.110917
4035,1977-05-21,3,1,0,0.110885
4036,1977-05-28,5,8,0,0.110852
4037,1977-06-04,5,6,0,0.11082
4038,1977-06-11,6,6,1,0.111079
4039,1977-06-18,6,3,0,0.111047
4040,1977-06-25,1,3,0,0.111014
4041,1977-07-02,9,7,0,0.110982
4042,1977-07-09,6,7,0,0.11095
4043,1977-07-16,8,3,0,0.110918
4044,1977-07-23,6,1,0,0.110885
4045,1977-07-30,3,3,1,0.111143
4046,1977-08-06,5,8,0,0.111111
4047,1977-08-13,8,6,0,0.111079
4048,1977-08-20,4,1,0,0.111047
4049,1977-08-27,3,6,0,0.111014
4050,1977-09-03,7,8,0,0.110982
4051,1977-09-10,7,6,0,0.11095
4052,1977-09-17,4,6,0,0.110918
4053,1977-09-24,3,6,0,0.110886
4054,1977-10-01,4,8,0,0.110854
4055,1977-10-08,8,6,0,0.110822
4056,1977-10-15,5,1,0,0.11079
4057,1977-10-22,4,6,0,0.110758
4058,1977-10-29,3,6,0,0.110726
4059,1977-11-05,1,8,0,0.110694
4060,1977-11-12,9,7,0,0.110662
4061,1977-11-19,9,7,0,0.11063
4062,1977-11-26,5,7,0,0.110598
4063,1977-12-03,8,6,0,0.110566
4064,1977-12-10,2,1,0,0.110534
4065,1977-12-17,2,3,0,0.110502
4066,1977-12-24,1,3,0,0.11047
4067,1977-12-31,7,7,1,0.110727
4068,1978-01-07,5,6,0,0.110695
4069,1978-01-14,9,6,0,0.110663
4070,1978-01-21,1,7,0,0.110631
4071,1978-01-28,3,7,0,0.110599
4072,1978-02-04,8,8,1,0.110855
4073,1978-02-11,8,1,0,0.110823
4074,1978-02-18,6,1,0,0.110791
4075,1978-02-25,6,3,0,0.110759
4076,1978-03-04,6,3,0,0.110728
4077,1978-03-11,9,3,0,0.110696
4078,1978-03-18,9,7,0,0.110664
4079,1978-03-25,7,7,1,0.11092
4080,1978-04-01,5,5,1,0.111175
4081,1978-04-08,8,6,0,0.111143
4082,1978-04-15,3,1,0,0.111111
4083,1978-04-22,2,8,0,0.111079
4084,1978-04-29,7,3,0,0.111047
4085,1978-05-06,4,5,0,0.111015
4086,1978-05-13,7,6,0,0.110984
4087,1978-05-20,7,5,0,0.110952
4088,1978-05-27,3,5,0,0.11092
4089,1978-06-03,4,8,0,0.110888
4090,1978-06-10,2,6,0,0.110856
4091,1978-06-17,5,3,0,0.110825
4092,1978-06-24,3,6,0,0.110793
4093,1978-07-01,1,8,0,0.110761
4094,1978-07-08,4,7,0,0.11073
4095,1978-07-15,4,6,0,0.110698
4096,1978-07-22,7,6,0,0.110666
4097,1978-07-29,7,5,0,0.110635
4098,1978-08-05,7,5,0,0.110603
4099,1978-08-12,2,5,0,0.110571
4100,1978-08-19,9,3,0,0.11054
4101,1978-08-26,6,7,0,0.110508
4102,1978-09-02,9,3,0,0.110477
4103,1978-09-09,5,7,0,0.110445
4104,1978-09-16,8,6,0,0.110414
4105,1978-09-23,1,1,1,0.110667
4106,1978-09-30,9,7,0,0.110636
4107,1978-10-07,5,7,0,0.110604
4108,1978-10-14,4,6,0,0.110573
4109,1978-10-21,2,6,0,0.110541
4110,1978-10-28,6,3,0,0.11051
4111,1978-11-04,1,3,0,0.110478
4112,1978-11-11,1,7,0,0.110447
4113,1978-11-18,1,7,0,0.110415
4114,1978-11-25,9,7,0,0.110384
4115,1978-12-02,3,7,0,0.110353
4116,1978-12-09,5,8,0,0.110321
4117,1978-12-16,8,6,0,0.11029
4118,1978-12-23,4,1,0,0.110259
4119,1978-12-30,2,6,0,0.110227
4120,1979-01-06,4,3,0,0.110196
4121,1979-01-13,6,6,1,0.110449
4122,1979-01-20,8,3,0,0.110417
4123,1979-01-27,5,1,0,0.110386
4124,1979-02-03,4,6,0,0.110355
4125,1979-02-10,3,6,0,0.110323
4126,1979-02-17,1,8,0,0.110292
4127,1979-02-24,1,7,0,0.110261
4128,1979-03-03,9,7,0,0.11023
4129,1979-03-10,3,7,0,0.110198
4130,1979-03-17,7,8,0,0.110167
4131,1979-03-24,8,5,0,0.110136
4132,1979-03-31,4,1,0,0.110105
4133,1979-04-07,9,6,0,0.110074
4134,1979-04-14,8,7,0,0.110042
4135,1979-04-21,8,1,0,0.110011
4136,1979-04-28,1,1,1,0.110263
4137,1979-05-05,8,7,0,0.110232
4138,1979-05-12,6,1,0,0.110201
4139,1979-05-19,1,3,0,0.110169
4140,1979-05-26,6,7,0,0.110138
4141,1979-06-02,6,3,0,0.110107
4142,1979-06-09,7,3,0,0.110076
4143,1979-06-16,9,5,0,0.110045
4144,1979-06-23,3,7,0,0.110014
4145,1979-06-30,6,8,0,0.109983
4146,1979-07-07,1,3,0,0.109952
4147,1979-07-14,2,7,0,0.109921
4148,1979-07-21,8,3,0,0.10989
4149,1979-07-28,8,1,0,0.109859
4150,1979-08-04,3,1,0,0.109828
4151,1979-08-11,3,8,0,0.109797
4152,1979-08-18,8,8,1,0.110048
4153,1979-08-25,4,1,0,0.110017
4154,1979-09-01,1,6,0,0.109986
4155,1979-09-08,2,7,0,0.109955
4156,1979-09-15,2,8,0,0.109924
4157,1979-09-22,6,8,0,0.109893
4158,1979-09-29,5,3,0,0.109862
4159,1979-10-06,3,6,0,0.109831
4160,1979-10-13,1,8,0,0.109801
4161,1979-10-20,6,7,0,0.10977
4162,1979-10-27,7,3,0,0.109739
4163,1979-11-03,6,5,0,0.109708
4164,1979-11-10,8,3,0,0.109677
4165,1979-11-17,5,1,0,0.109647
4166,1979-11-24,2,6,0,0.109616
4167,1979-12-01,5,8,0,0.109585
4168,1979-12-08,8,6,0,0.109554
4169,1979-12-15,3,1,0,0.109524
4170,1979-12-22,3,8,0,0.109493
4171,1979-12-29,8,8,1,0.109742
4172,1980-01-05,9,1,0,0.109712
4173,1980-01-12,8,7,0,0.109681
4174,1980-01-19,7,1,0,0.10965
4175,1980-01-26,2,5,0,0.10962
4176,1980-02-02,8,8,1,0.109869
4177,1980-02-09,6,1,0,0.109838
4178,1980-02-16,8,3,0,0.109807
4179,1980-02-23,4,1,0,0.109777
4180,1980-03-01,7,6,0,0.109746
4181,1980-03-08,6,5,0,0.109715
4182,1980-03-15,1,3,0,0.109685
4183,1980-03-22,8,7,0,0.109654
4184,1980-03-29,3,1,0,0.109623
4185,1980-04-05,9,8,0,0.109593
4186,1980-04-12,8,8,1,0.109841
4187,1980-04-19,7,1,0,0.10981
4188,1980-04-26,6,6,1,0.110059
4189,1980-05-03,8,3,0,0.110028
4190,1980-05-10,2,1,0,0.109997
4191,1980-05-17,3,8,0,0.109967
4192,1980-05-24,3,8,0,0.109936
4193,1980-05-31,1,8,0,0.109905
4194,1980-06-07,1,7,0,0.109875
4195,1980-06-14,1,7,0,0.109844
4196,1980-06-21,1,7,0,0.109814
4197,1980-06-28,2,7,0,0.109783
4198,1980-07-05,2,8,0,0.109753
4199,1980-07-12,9,8,0,0.109722
4200,1980-07-19,1,8,0,0.109692
4201,1980-07-26,1,7,0,0.109661
4202,1980-08-02,2,7,0,0.109631
4203,1980-08-09,9,8,0,0.1096
4204,1980-08-16,4,8,0,0.10957
4205,1980-08-23,4,6,0,0.10954
4206,1980-08-30,1,6,0,0.109509
4207,1980-09-06,3,7,0,0.109479
4208,1980-09-13,9,8,0,0.109449
4209,1980-09-20,7,8,0,0.109418
4210,1980-09-27,7,6,0,0.109388
4211,1980-10-04,2,6,0,0.109358
4212,1980-10-11,8,8,1,0.109604
4213,1980-10-18,1,1,1,0.109851
4214,1980-10-25,6,7,0,0.10982
4215,1980-11-01,6,3,0,0.10979
4216,1980-11-08,6,3,0,0.109759
4217,1980-11-15,1,3,0,0.109729
4218,1980-11-22,8,7,0,0.109699
4219,1980-11-29,6,1,0,0.109669
4220,1980-12-06,9,3,0,0.109638
4221,1980-12-13,1,8,0,0.109608
4222,1980-12-20,4,7,0,0.109578
4223,1980-12-27,5,6,0,0.109547
4224,1981-01-03,2,6,0,0.109517
4225,1981-01-10,8,8,1,0.109763
4226,1981-01-17,3,1,0,0.109733
4227,1981-01-24,2,8,0,0.109702
4228,1981-01-31,7,8,0,0.109672
4229,1981-02-07,4,6,0,0.109642
4230,1981-02-14,4,6,0,0.109612
4231,1981-02-21,8,6,0,0.109581
4232,1981-02-28,5,1,0,0.109551
4233,1981-03-07,1,6,0,0.109521
4234,1981-03-14,5,7,0,0.109491
4235,1981-03-21,7,6,0,0.109461
4236,1981-03-28,5,6,0,0.109431
4237,1981-04-04,6,6,1,0.109676
4238,1981-04-11,5,3,0,0.109646
4239,1981-04-18,2,6,0,0.109615
4240,1981-04-25,8,8,1,0.10986
4241,1981-05-02,5,1,0,0.10983
4242,1981-05-09,8,6,0,0.1098
4243,1981-05-16,9,1,0,0.109769
4244,1981-05-23,9,8,0,0.109739
4245,1981-05-30,1,8,0,0.109709
4246,1981-06-06,8,7,0,0.109679
4247,1981-06-13,6,1,0,0.109649
4248,1981-06-20,7,3,0,0.109619
4249,1981-06-27,2,6,0,0.109589
4250,1981-07-04,2,8,0,0.109559
4251,1981-07-11,6,8,0,0.109529
4252,1981-07-18,4,3,0,0.109499
4253,1981-07-25,9,6,0,0.109469
4254,1981-08-01,1,8,0,0.109439
4255,1981-08-08,1,7,0,0.109409
4256,1981-08-15,2,7,0,0.109379
4257,1981-08-22,5,8,0,0.109349
4258,1981-08-29,6,6,1,0.109593
4259,1981-09-05,6,3,0,0.109563
4260,1981-09-12,3,3,1,0.109806
4261,1981-09-19,4,8,0,0.109776
4262,1981-09-26,6,6,1,0.110019
4263,1981-10-03,3,3,1,0.110262
4264,1981-10-10,4,8,0,0.110232
4265,1981-10-17,5,6,0,0.110202
4266,1981-10-24,8,6,0,0.110172
4267,1981-10-31,8,1,0,0.110142
4268,1981-11-07,2,1,0,0.110112
4269,1981-11-14,3,8,0,0.110082
4270,1981-11-21,6,8,0,0.110052
4271,1981-11-28,9,3,0,0.110022
4272,1981-12-05,9,8,0,0.109992
4273,1981-12-12,2,8,0,0.109962
4274,1981-12-19,4,8,0,0.109932
4275,1981-12-26,6,6,1,0.110174
4276,1982-01-02,7,3,0,0.110144
4277,1982-01-09,4,2,0,0.110114
4278,1982-01-16,1,6,0,0.110084
4279,1982-01-23,6,7,0,0.110054
4280,1982-01-30,3,3,1,0.110296
4281,1982-02-06,1,8,0,0.110266
4282,1982-02-13,7,7,1,0.110508
4283,1982-02-20,6,2,0,0.110478
4284,1982-02-27,4,3,0,0.110448
4285,1982-03-06,7,6,0,0.110418
4286,1982-03-13,8,6,0,0.110388
4287,1982-03-20,3,1,0,0.110358
4288,1982-03-27,3,8,0,0.110328
4289,1982-04-03,1,8,0,0.110298
4290,1982-04-10,4,7,0,0.110268
4291,1982-04-17,5,6,0,0.110238
4292,1982-04-24,2,6,0,0.110209
4293,1982-05-01,2,8,0,0.110179
4294,1982-05-08,8,8,1,0.110419
4295,1982-05-15,9,1,0,0.11039
4296,1982-05-22,4,8,0,0.11036
4297,1982-05-29,2,6,0,0.11033
4298,1982-06-05,1,8,0,0.1103
4299,1982-06-12,9,7,0,0.11027
4300,1982-06-19,8,8,1,0.110511
4301,1982-06-26,1,1,1,0.110751
4302,1982-07-03,7,7,1,0.110991
4303,1982-07-10,2,6,0,0.110961
4304,1982-07-17,3,8,0,0.110931
4305,1982-07-24,2,8,0,0.110901
4306,1982-07-31,1,8,0,0.110871
4307,1982-08-07,7,7,1,0.111111
4308,1982-08-14,3,2,0,0.111081
4309,1982-08-21,6,8,0,0.111051
4310,1982-08-28,9,3,0,0.111021
4311,1982-09-04,4,8,0,0.110991
4312,1982-09-11,2,6,0,0.110961
4313,1982-09-18,8,8,1,0.111201
4314,1982-09-25,3,1,0,0.111171
4315,1982-10-02,6,8,0,0.111141
4316,1982-10-09,7,3,0,0.111111
4317,1982-10-16,8,2,0,0.111081
4318,1982-10-23,5,1,0,0.111051
4319,1982-10-30,9,6,0,0.111022
4320,1982-11-06,5,8,0,0.110992
4321,1982-11-13,7,6,0,0.110962
4322,1982-11-20,1,2,0,0.110932
4323,1982-11-27,4,7,0,0.110902
4324,1982-12-04,2,6,0,0.110872
4325,1982-12-11,5,8,0,0.110843
4326,1982-12-18,2,6,0,0.110813
4327,1982-12-25,8,8,1,0.111052
4328,1983-01-01,5,1,0,0.111022
4329,1983-01-08,1,6,0,0.110992
4330,1983-01-15,2,7,0,0.110962
4331,1983-01-22,9,8,0,0.110932
4332,1983-01-29,5,8,0,0.110903
4333,1983-02-05,1,6,0,0.110873
4334,1983-02-12,4,7,0,0.110843
4335,1983-02-19,9,6,0,0.110814
4336,1983-02-26,8,8,1,0.111052
4337,1983-03-05,7,1,0,0.111022
4338,1983-03-12,9,2,0,0.110992
4339,1983-03-19,8,8,1,0.11123
4340,1983-03-26,5,1,0,0.1112
4341,1983-04-02,6,6,1,0.111438
4342,1983-04-09,8,3,0,0.111408
4343,1983-04-16,7,1,0,0.111378
4344,1983-04-23,6,2,0,0.111348
4345,1983-04-30,6,3,0,0.111319
4346,1983-05-07,8,3,0,0.111289
4347,1983-05-14,8,1,0,0.111259
4348,1983-05-21,5,1,0,0.11123
4349,1983-05-28,3,6,0,0.1112
4350,1983-06-04,3,8,0,0.11117
4351,1983-06-11,7,8,0,0.111141
4352,1983-06-18,6,6,1,0.111378
4353,1983-06-25,2,3,0,0.111348
4354,1983-07-02,6,8,0,0.111318
4355,1983-07-09,4,3,0,0.111289
4356,1983-07-16,5,6,0,0.111259
4357,1983-07-23,2,6,0,0.111229
4358,1983-07-30,8,8,1,0.111466
4359,1983-08-06,8,1,0,0.111436
4360,1983-08-13,3,1,0,0.111407
4361,1983-08-20,6,8,0,0.111377
4362,1983-08-27,7,3,0,0.111347
4363,1983-09-03,6,6,1,0.111583
4364,1983-09-10,6,3,0,0.111554
4365,1983-09-17,8,3,0,0.111524
4366,1983-09-24,5,1,0,0.111495
4367,1983-10-01,8,6,0,0.111465
4368,1983-10-08,7,1,0,0.111435
4369,1983-10-15,3,6,0,0.111406
4370,1983-10-22,4,8,0,0.111376
4371,1983-10-29,9,5,0,0.111347
4372,1983-11-05,7,8,0,0.111317
4373,1983-11-12,2,6,0,0.111288
4374,1983-11-19,8,8,1,0.111523
4375,1983-11-26,5,1,0,0.111494
4376,1983-12-03,2,6,0,0.111464
4377,1983-12-10,7,8,0,0.111435
4378,1983-12-17,1,6,0,0.111405
4379,1983-12-24,5,7,0,0.111376
4380,1983-12-31,4,6,0,0.111346
4381,1984-01-07,1,5,0,0.111317
4382,1984-01-14,1,7,0,0.111287
4383,1984-01-21,4,7,0,0.111258
4384,1984-01-28,8,5,0,0.111229
4385,1984-02-04,6,5,0,0.111199
4386,1984-02-11,9,3,0,0.11117
4387,1984-02-18,6,8,0,0.11114
4388,1984-02-25,4,3,0,0.111111
4389,1984-03-03,4,5,0,0.111082
4390,1984-03-10,6,5,0,0.111052
4391,1984-03-17,8,3,0,0.111023
4392,1984-03-24,5,5,1,0.111258
4393,1984-03-31,9,6,0,0.111228
4394,1984-04-07,9,8,0,0.111199
4395,1984-04-14,5,8,0,0.11117
4396,1984-04-21,8,6,0,0.11114
4397,1984-04-28,9,5,0,0.111111
4398,1984-05-05,2,8,0,0.111082
4399,1984-05-12,3,8,0,0.111053
4400,1984-05-19,6,8,0,0.111023
4401,1984-05-26,1,3,0,0.110994
4402,1984-06-02,3,7,0,0.110965
4403,1984-06-09,2,8,0,0.110936
4404,1984-06-16,9,8,0,0.110907
4405,1984-06-23,6,8,0,0.110878
4406,1984-06-30,2,3,0,0.110848
4407,1984-07-07,9,8,0,0.110819
4408,1984-07-14,9,8,0,0.11079
4409,1984-07-21,8,8,1,0.111024
4410,1984-07-28,5,5,1,0.111257
4411,1984-08-04,9,6,0,0.111228
4412,1984-08-11,8,8,1,0.111461
4413,1984-08-18,4,5,0,0.111432
4414,1984-08-25,1,6,0,0.111402
4415,1984-09-01,5,7,0,0.111373
4416,1984-09-08,3,6,0,0.111344
4417,1984-09-15,2,8,0,0.111315
4418,1984-09-22,9,8,0,0.111286
4419,1984-09-29,4,8,0,0.111257
4420,1984-10-06,3,6,0,0.111227
4421,1984-10-13,7,8,0,0.111198
4422,1984-10-20,4,6,0,0.111169
4423,1984-10-27,6,6,1,0.111402
4424,1984-11-03,4,3,0,0.111373
4425,1984-11-10,4,6,0,0.111343
4426,1984-11-17,8,6,0,0.111314
4427,1984-11-24,5,5,1,0.111546
4428,1984-12-01,1,6,0,0.111517
4429,1984-12-08,3,7,0,0.111488
4430,1984-12-15,8,8,1,0.11172
4431,1984-12-22,7,5,0,0.111691
4432,1984-12-29,7,6,0,0.111662
4433,1985-01-05,5,6,0,0.111633
4434,1985-01-12,6,6,1,0.111864
4435,1985-01-19,5,3,0,0.111835
4436,1985-01-26,7,6,0,0.111806
4437,1985-02-02,2,6,0,0.111777
4438,1985-02-09,4,8,0,0.111748
4439,1985-02-16,7,6,0,0.111719
4440,1985-02-23,7,6,0,0.11169
4441,1985-03-02,6,6,1,0.111921
4442,1985-03-09,1,3,0,0.111892
4443,1985-03-16,2,7,0,0.111863
4444,1985-03-23,1,8,0,0.111834
4445,1985-03-30,8,7,0,0.111804
4446,1985-04-06,1,5,0,0.111775
4447,1985-04-13,5,7,0,0.111746
4448,1985-04-20,6,6,1,0.111977
4449,1985-04-27,7,3,0,0.111948
4450,1985-05-04,7,6,0,0.111919
4451,1985-05-11,6,6,1,0.11215
4452,1985-05-18,8,3,0,0.11212
4453,1985-05-25,2,5,0,0.112091
4454,1985-06-01,3,8,0,0.112062
4455,1985-06-08,3,8,0,0.112033
4456,1985-06-15,3,8,0,0.112004
4457,1985-06-22,1,8,0,0.111975
4458,1985-06-29,9,7,0,0.111946
4459,1985-07-06,9,8,0,0.111917
4460,1985-07-13,8,8,1,0.112147
4461,1985-07-20,1,5,0,0.112118
4462,1985-07-27,5,7,0,0.112089
4463,1985-08-03,2,6,0,0.11206
4464,1985-08-10,6,8,0,0.112031
4465,1985-08-17,2,3,0,0.112002
4466,1985-08-24,5,8,0,0.111973
4467,1985-08-31,8,6,0,0.111944
4468,1985-09-07,7,5,0,0.111915
4469,1985-09-14,7,6,0,0.111886
4470,1985-09-21,7,6,0,0.111857
4471,1985-09-28,7,6,0,0.111829
4472,1985-10-05,9,6,0,0.1118
4473,1985-10-12,6,8,0,0.111771
4474,1985-10-19,9,3,0,0.111742
4475,1985-10-26,8,8,1,0.111971
4476,1985-11-02,9,5,0,0.111942
4477,1985-11-09,5,8,0,0.111913
4478,1985-11-16,6,6,1,0.112142
4479,1985-11-23,9,3,0,0.112113
4480,1985-11-30,5,8,0,0.112085
4481,1985-12-07,7,6,0,0.112056
4482,1985-12-14,3,6,0,0.112027
4483,1985-12-21,3,8,0,0.111998
4484,1985-12-28,7,8,0,0.111969
4485,1986-01-04,6,6,1,0.112198
4486,1986-01-11,2,3,0,0.112169
4487,1986-01-18,7,8,0,0.11214
4488,1986-01-25,3,6,0,0.112111
4489,1986-02-01,3,8,0,0.112082
4490,1986-02-08,8,8,1,0.11231
4491,1986-02-15,1,5,0,0.112282
4492,1986-02-22,2,7,0,0.112253
4493,1986-03-01,9,8,0,0.112224
4494,1986-03-08,9,8,0,0.112195
4495,1986-03-15,5,8,0,0.112166
4496,1986-03-22,9,6,0,0.112138
4497,1986-03-29,7,8,0,0.112109
4498,1986-04-05,5,6,0,0.11208
4499,1986-04-12,4,6,0,0.112051
4500,1986-04-19,9,6,0,0.112023
4501,1986-04-26,5,8,0,0.111994
4502,1986-05-03,5,6,0,0.111965
4503,1986-05-10,6,6,1,0.112193
4504,1986-05-17,1,3,0,0.112164
4505,1986-05-24,8,7,0,0.112135
4506,1986-05-31,1,5,0,0.112106
4507,1986-06-07,7,7,1,0.112334
4508,1986-06-14,6,6,1,0.112561
4509,1986-06-21,1,3,0,0.112532
4510,1986-06-28,4,7,0,0.112503
4511,1986-07-05,2,6,0,0.112474
4512,1986-07-12,5,8,0,0.112446
4513,1986-07-19,3,6,0,0.112417
4514,1986-07-26,3,8,0,0.112388
4515,1986-08-02,4,8,0,0.11236
4516,1986-08-09,9,6,0,0.112331
4517,1986-08-16,6,8,0,0.112302
4518,1986-08-23,1,3,0,0.112274
4519,1986-08-30,1,7,0,0.112245
4520,1986-09-06,9,7,0,0.112216
4521,1986-09-13,1,8,0,0.112188
4522,1986-09-20,5,7,0,0.112159
4523,1986-09-27,4,6,0,0.11213
4524,1986-10-04,2,6,0,0.112102
4525,1986-10-11,5,8,0,0.112073
4526,1986-10-18,6,6,1,0.112299
4527,1986-10-25,8,3,0,0.112271
4528,1986-11-01,4,1,0,0.112242
4529,1986-11-08,8,6,0,0.112214
4530,1986-11-15,5,1,0,0.112185
4531,1986-11-22,6,6,1,0.112411
4532,1986-11-29,5,3,0,0.112382
4533,1986-12-06,9,6,0,0.112354
4534,1986-12-13,7,8,0,0.112325
4535,1986-12-20,4,6,0,0.112297
4536,1986-12-27,5,6,0,0.112268
4537,1987-01-03,4,6,0,0.11224
4538,1987-01-10,7,6,0,0.112211
4539,1987-01-17,9,6,0,0.112183
4540,1987-01-24,7,8,0,0.112154
4541,1987-01-31,4,6,0,0.112126
4542,1987-02-07,5,6,0,0.112097
4543,1987-02-14,4,6,0,0.112069
4544,1987-02-21,8,5,0,0.112041
4545,1987-02-28,1,5,0,0.112012
4546,1987-03-07,7,7,1,0.112237
4547,1987-03-14,3,6,0,0.112209
4548,1987-03-21,6,8,0,0.11218
4549,1987-03-28,9,3,0,0.112152
4550,1987-04-04,7,8,0,0.112124
4551,1987-04-11,1,6,0,0.112095
4552,1987-04-18,6,7,0,0.112067
4553,1987-04-25,9,3,0,0.112038
4554,1987-05-02,6,8,0,0.11201
4555,1987-05-09,3,3,1,0.112235
4556,1987-05-16,1,8,0,0.112206
4557,1987-05-23,2,7,0,0.112178
4558,1987-05-30,4,8,0,0.11215
4559,1987-06-06,1,5,0,0.112121
4560,1987-06-13,1,7,0,0.112093
4561,1987-06-20,9,7,0,0.112065
4562,1987-06-27,2,8,0,0.112036
4563,1987-07-04,3,8,0,0.112008
4564,1987-07-11,5,8,0,0.11198
4565,1987-07-18,7,6,0,0.111952
4566,1987-07-25,8,6,0,0.111923
4567,1987-08-01,8,1,0,0.111895
4568,1987-08-08,9,1,0,0.111867
4569,1987-08-15,6,8,0,0.111839
4570,1987-08-22,7,3,0,0.111811
4571,1987-08-29,6,6,1,0.112034
4572,1987-09-05,7,3,0,0.112006
4573,1987-09-12,1,6,0,0.111978
4574,1987-09-19,5,7,0,0.11195
4575,1987-09-26,9,6,0,0.111922
4576,1987-10-03,9,8,0,0.111893
4577,1987-10-10,3,8,0,0.111865
4578,1987-10-17,6,8,0,0.111837
4579,1987-10-24,9,3,0,0.111809
4580,1987-10-31,3,8,0,0.111781
4581,1987-11-07,9,8,0,0.111753
4582,1987-11-14,3,8,0,0.111725
4583,1987-11-21,1,8,0,0.111697
4584,1987-11-28,1,7,0,0.111669
4585,1987-12-05,7,7,1,0.111892
4586,1987-12-12,5,6,0,0.111864
4587,1987-12-19,6,6,1,0.112086
4588,1987-12-26,2,3,0,0.112058
4589,1988-01-02,3,8,0,0.11203
4590,1988-01-09,1,8,0,0.112002
4591,1988-01-16,5,7,0,0.111974
4592,1988-01-23,4,6,0,0.111946
4593,1988-01-30,5,5,1,0.112168
4594,1988-02-06,5,6,0,0.11214
4595,1988-02-13,7,6,0,0.112112
4596,1988-02-20,4,6,0,0.112084
4597,1988-02-27,3,5,0,0.112056
4598,1988-03-05,5,8,0,0.112028
4599,1988-03-12,2,6,0,0.112
4600,1988-03-19,1,8,0,0.111972
4601,1988-03-26,9,7,0,0.111944
4602,1988-04-02,4,8,0,0.111916
4603,1988-04-09,6,5,0,0.111888
4604,1988-04-16,5,3,0,0.11186
4605,1988-04-23,8,6,0,0.111832
4606,1988-04-30,5,1,0,0.111804
4607,1988-05-07,2,6,0,0.111776
4608,1988-05-14,4,8,0,0.111749
4609,1988-05-21,3,5,0,0.111721
4610,1988-05-28,5,8,0,0.111693
4611,1988-06-04,2,6,0,0.111665
4612,1988-06-11,9,8,0,0.111637
4613,1988-06-18,4,8,0,0.111609
4614,1988-06-25,8,5,0,0.111582
4615,1988-07-02,4,5,0,0.111554
4616,1988-07-09,7,5,0,0.111526
4617,1988-07-16,5,6,0,0.111498
4618,1988-07-23,9,6,0,0.111471
4619,1988-07-30,8,8,1,0.111692
4620,1988-08-06,8,5,0,0.111664
4621,1988-08-13,9,5,0,0.111636
4622,1988-08-20,1,8,0,0.111608
4623,1988-08-27,5,7,0,0.111581
4624,1988-09-03,9,6,0,0.111553
4625,1988-09-10,5,8,0,0.111525
4626,1988-09-17,4,6,0,0.111497
4627,1988-09-24,5,5,1,0.111718
4628,1988-10-01,4,6,0,0.11169
4629,1988-10-08,6,5,0,0.111663
4630,1988-10-15,1,3,0,0.111635
4631,1988-10-22,1,7,0,0.111607
4632,1988-10-29,2,7,0,0.111579
4633,1988-11-05,7,8,0,0.111552
4634,1988-11-12,9,6,0,0.111524
4635,1988-11-19,2,8,0,0.111497
4636,1988-11-26,4,8,0,0.111469
4637,1988-12-03,6,5,0,0.111441
4638,1988-12-10,2,3,0,0.111414
4639,1988-12-17,8,8,1,0.111634
4640,1988-12-24,3,5,0,0.111606
4641,1988-12-31,9,8,0,0.111578
4642,1989-01-07,9,8,0,0.111551
4643,1989-01-14,3,8,0,0.111523
4644,1989-01-21,9,8,0,0.111496
4645,1989-01-28,2,8,0,0.111468
4646,1989-02-04,6,8,0,0.111441
4647,1989-02-11,8,3,0,0.111413
4648,1989-02-18,1,5,0,0.111386
4649,1989-02-25,7,7,1,0.111605
4650,1989-03-04,5,6,0,0.111577
4651,1989-03-11,3,6,0,0.11155
4652,1989-03-18,5,8,0,0.111522
4653,1989-03-25,9,6,0,0.111495
4654,1989-04-01,7,8,0,0.111467
4655,1989-04-08,8,6,0,0.11144
4656,1989-04-15,2,1,0,0.111412
4657,1989-04-22,7,8,0,0.111385
4658,1989-04-29,5,6,0,0.111357
4659,1989-05-06,9,6,0,0.11133
4660,1989-05-13,6,8,0,0.111303
4661,1989-05-20,7,3,0,0.111275
4662,1989-05-27,9,6,0,0.111248
4663,1989-06-03,2,8,0,0.11122
4664,1989-06-10,6,8,0,0.111193
4665,1989-06-17,7,3,0,0.111166
4666,1989-06-24,8,6,0,0.111138
4667,1989-07-01,9,1,0,0.111111
4668,1989-07-08,9,8,0,0.111084
4669,1989-07-15,2,8,0,0.111057
4670,1989-07-22,6,8,0,0.111029
4671,1989-07-29,5,3,0,0.111002
4672,1989-08-05,2,6,0,0.110975
4673,1989-08-12,8,8,1,0.111193
4674,1989-08-19,8,1,0,0.111166
4675,1989-08-26,4,1,0,0.111138
4676,1989-09-02,7,6,0,0.111111
4677,1989-09-09,1,6,0,0.111084
4678,1989-09-16,9,7,0,0.111057
4679,1989-09-23,5,8,0,0.111029
4680,1989-09-30,7,6,0,0.111002
4681,1989-10-07,2,6,0,0.110975
4682,1989-10-14,8,8,1,0.111193
4683,1989-10-21,2,1,0,0.111166
4684,1989-10-28,6,8,0,0.111138
4685,1989-11-04,7,3,0,0.111111
4686,1989-11-11,6,6,1,0.111329
4687,1989-11-18,6,3,0,0.111301
4688,1989-11-25,4,3,0,0.111274
4689,1989-12-02,2,6,0,0.111247
4690,1989-12-09,2,8,0,0.11122
4691,1989-12-16,8,8,1,0.111437
4692,1989-12-23,5,1,0,0.11141
4693,1989-12-30,3,6,0,0.111383
4694,1990-01-06,2,8,0,0.111355
4695,1990-01-13,4,8,0,0.111328
4696,1990-01-20,1,6,0,0.111301
4697,1990-01-27,2,7,0,0.111274
4698,1990-02-03,8,8,1,0.111491
4699,1990-02-10,6,5,0,0.111463
4700,1990-02-17,5,3,0,0.111436
4701,1990-02-24,5,6,0,0.111409
4702,1990-03-03,4,6,0,0.111382
4703,1990-03-10,6,6,1,0.111598
4704,1990-03-17,7,3,0,0.111571
4705,1990-03-24,9,6,0,0.111544
4706,1990-03-31,4,8,0,0.111517
4707,1990-04-07,8,6,0,0.11149
4708,1990-04-14,9,5,0,0.111463
4709,1990-04-21,3,8,0,0.111436
4710,1990-04-28,3,8,0,0.111408
4711,1990-05-05,9,8,0,0.111381
4712,1990-05-12,7,8,0,0.111354
4713,1990-05-19,8,6,0,0.111327
4714,1990-05-26,1,5,0,0.1113
4715,1990-06-02,5,7,0,0.111273
4716,1990-06-09,2,6,0,0.111246
4717,1990-06-16,5,8,0,0.111219
4718,1990-06-23,5,6,0,0.111192
4719,1990-06-30,4,6,0,0.111165
4720,1990-07-07,4,6,0,0.111138
4721,1990-07-14,8,6,0,0.111111
4722,1990-07-21,2,1,0,0.111084
4723,1990-07-28,6,8,0,0.111057
4724,1990-08-04,7,3,0,0.11103
4725,1990-08-11,3,6,0,0.111003
4726,1990-08-18,9,8,0,0.110976
4727,1990-08-25,5,8,0,0.11095
4728,1990-09-01,5,6,0,0.110923
4729,1990-09-08,9,6,0,0.110896
4730,1990-09-15,4,8,0,0.110869
4731,1990-09-22,4,6,0,0.110842
4732,1990-09-29,6,6,1,0.111057
4733,1990-10-06,8,3,0,0.11103
4734,1990-10-13,3,1,0,0.111004
4735,1990-10-20,3,8,0,0.110977
4736,1990-10-27,3,8,0,0.11095
4737,1990-11-03,2,3,0,0.110923
4738,1990-11-10,6,8,0,0.110896
4739,1990-11-17,3,3,1,0.111111
4740,1990-11-24,8,3,0,0.111084
4741,1990-12-01,4,1,0,0.111057
4742,1990-12-08,5,6,0,0.111031
4743,1990-12-15,7,6,0,0.111004
4744,1990-12-22,4,6,0,0.110977
4745,1990-12-29,5,6,0,0.11095
4746,1991-01-05,1,6,0,0.110924
4747,1991-01-12,4,7,0,0.110897
4748,1991-01-19,7,6,0,0.11087
4749,1991-01-26,4,6,0,0.110843
4750,1991-02-02,8,6,0,0.110817
4751,1991-02-09,4,1,0,0.11079
4752,1991-02-16,3,6,0,0.110763
4753,1991-02-23,4,8,0,0.110737
4754,1991-03-02,7,6,0,0.11071
4755,1991-03-09,2,6,0,0.110683
4756,1991-03-16,6,8,0,0.110657
4757,1991-03-23,8,3,0,0.11063
4758,1991-03-30,7,1,0,0.110604
4759,1991-04-06,6,6,1,0.110817
4760,1991-04-13,5,3,0,0.110791
4761,1991-04-20,4,6,0,0.110764
4762,1991-04-27,5,6,0,0.110737
4763,1991-05-04,2,6,0,0.110711
4764,1991-05-11,4,8,0,0.110684
4765,1991-05-18,8,5,0,0.110658
4766,1991-05-25,3,1,0,0.110631
4767,1991-06-01,7,8,0,0.110605
4768,1991-06-08,6,6,1,0.110818
4769,1991-06-15,6,3,0,0.110791
4770,1991-06-22,4,3,0,0.110765
4771,1991-06-29,7,5,0,0.110738
4772,1991-07-06,3,6,0,0.110712
4773,1991-07-13,2,8,0,0.110685
4774,1991-07-20,3,8,0,0.110659
4775,1991-07-27,5,8,0,0.110632
4776,1991-08-03,3,6,0,0.110606
4777,1991-08-10,9,8,0,0.110579
4778,1991-08-17,4,8,0,0.110553
4779,1991-08-24,4,5,0,0.110526
4780,1991-08-31,5,5,1,0.110739
4781,1991-09-07,2,6,0,0.110713
4782,1991-09-14,8,8,1,0.110925
4783,1991-09-21,5,1,0,0.110899
4784,1991-09-28,4,6,0,0.110872
4785,1991-10-05,3,5,0,0.110846
4786,1991-10-12,2,8,0,0.110819
4787,1991-10-19,6,8,0,0.110793
4788,1991-10-26,2,3,0,0.110766
4789,1991-11-02,8,8,1,0.110979
4790,1991-11-09,8,5,0,0.110952
4791,1991-11-16,2,5,0,0.110926
4792,1991-11-23,6,8,0,0.110899
4793,1991-11-30,9,3,0,0.110873
4794,1991-12-07,9,8,0,0.110846
4795,1991-12-14,3,8,0,0.11082
4796,1991-12-21,8,8,1,0.111032
4797,1991-12-28,9,5,0,0.111005
4798,1992-01-04,8,8,1,0.111217
4799,1992-01-11,9,5,0,0.11119
4800,1992-01-18,2,8,0,0.111164
4801,1992-01-25,5,8,0,0.111138
4802,1992-02-01,3,6,0,0.111111
4803,1992-02-08,3,8,0,0.111085
4804,1992-02-15,8,8,1,0.111296
4805,1992-02-22,3,5,0,0.11127
4806,1992-02-29,2,8,0,0.111243
4807,1992-03-08,8,8,1,0.111454
4808,1992-03-14,4,5,0,0.111428
4809,1992-03-21,6,5,0,0.111401
4810,1992-03-28,9,3,0,0.111375
4811,1992-04-04,5,8,0,0.111349
4812,1992-04-11,8,6,0,0.111322
4813,1992-04-18,7,5,0,0.111296
4814,1992-04-25,5,6,0,0.111269
4815,1992-05-02,8,6,0,0.111243
4816,1992-05-09,1,5,0,0.111217
4817,1992-05-16,8,7,0,0.11119
4818,1992-05-23,7,1,0,0.111164
4819,1992-05-30,3,6,0,0.111137
4820,1992-06-06,7,8,0,0.111111
4821,1992-06-13,1,6,0,0.111085
4822,1992-06-20,6,7,0,0.111058
4823,1992-06-27,6,3,0,0.111032
4824,1992-07-04,9,3,0,0.111006
4825,1992-07-11,9,8,0,0.11098
4826,1992-07-18,5,8,0,0.110953
4827,1992-07-25,2,6,0,0.110927
4828,1992-08-01,5,8,0,0.110901
4829,1992-08-08,9,6,0,0.110875
4830,1992-08-15,9,8,0,0.110848
4831,1992-08-22,8,8,1,0.111059
4832,1992-08-29,8,1,0,0.111032
4833,1992-09-05,5,1,0,0.111006
4834,1992-09-12,9,6,0,0.11098
4835,1992-09-19,3,8,0,0.110954
4836,1992-09-26,7,8,0,0.110928
4837,1992-10-03,8,6,0,0.110901
4838,1992-10-10,1,5,0,0.110875
4839,1992-10-17,4,7,0,0.110849
4840,1992-10-24,3,5,0,0.110823
4841,1992-10-31,2,8,0,0.110797
4842,1992-11-07,5,8,0,0.110771
4843,1992-11-14,1,6,0,0.110745
4844,1992-11-21,9,7,0,0.110718
4845,1992-11-28,9,8,0,0.110692
4846,1992-12-05,3,8,0,0.110666
4847,1992-12-12,3,8,0,0.11064
4848,1992-12-19,8,8,1,0.11085
4849,1992-12-26,3,1,0,0.110824
4850,1993-01-02,4,8,0,0.110797
4851,1993-01-09,8,5,0,0.110771
4852,1993-01-16,9,1,0,0.110745
4853,1993-01-23,2,8,0,0.110719
4854,1993-01-30,2,8,0,0.110693
4855,1993-02-06,7,8,0,0.110667
4856,1993-02-13,5,6,0,0.110641
4857,1993-02-20,7,6,0,0.110615
4858,1993-02-27,3,6,0,0.110589
4859,1993-03-06,8,8,1,0.110798
4860,1993-03-13,8,1,0,0.110772
4861,1993-03-20,1,1,1,0.110981
4862,1993-03-27,3,7,0,0.110955
4863,1993-04-03,3,8,0,0.110929
4864,1993-04-10,2,8,0,0.110903
4865,1993-04-17,4,8,0,0.110877
4866,1993-04-24,1,5,0,0.110851
4867,1993-05-03,1,7,0,0.110825
4868,1993-05-08,5,7,0,0.110799
4869,1993-05-15,7,6,0,0.110773
4870,1993-05-22,3,6,0,0.110747
4871,1993-05-29,7,8,0,0.110721
4872,1993-06-05,2,6,0,0.110695
4873,1993-06-12,1,8,0,0.110669
4874,1993-06-19,5,7,0,0.110643
4875,1993-06-26,8,6,0,0.110617
4876,1993-07-03,3,1,0,0.110592
4877,1993-07-10,6,8,0,0.110566
4878,1993-07-17,1,3,0,0.11054
4879,1993-07-24,8,7,0,0.110514
4880,1993-07-31,8,1,0,0.110488
4881,1993-08-07,9,1,0,0.110462
4882,1993-08-14,4,8,0,0.110437
4883,1993-08-21,6,5,0,0.110411
4884,1993-08-28,7,3,0,0.110385
4885,1993-09-04,8,6,0,0.110359
4886,1993-09-11,3,1,0,0.110334
4887,1993-09-18,4,8,0,0.110308
4888,1993-09-25,9,6,0,0.110282
4889,1993-10-02,3,8,0,0.110256
4890,1993-10-09,3,8,0,0.110231
4891,1993-10-16,7,8,0,0.110205
4892,1993-10-23,5,6,0,0.110179
4893,1993-10-30,2,6,0,0.110154
4894,1993-11-06,7,8,0,0.110128
4895,1993-11-13,9,6,0,0.110102
4896,1993-11-20,2,8,0,0.110077
4897,1993-11-27,5,8,0,0.110051
4898,1993-12-04,5,6,0,0.110026
4899,1993-12-11,7,6,0,0.11
4900,1993-12-18,1,6,0,0.109974
4901,1993-12-27,4,7,0,0.109949
4902,1994-01-03,5,6,0,0.109923
4903,1994-01-08,4,6,0,0.109898
4904,1994-01-15,3,5,0,0.109872
4905,1994-01-22,7,8,0,0.109847
4906,1994-01-29,8,6,0,0.109821
4907,1994-02-05,4,1,0,0.109796
4908,1994-02-12,2,5,0,0.10977
4909,1994-02-19,9,8,0,0.109745
4910,1994-02-26,9,8,0,0.109719
4911,1994-03-05,7,8,0,0.109694
4912,1994-03-12,9,6,0,0.109668
4913,1994-03-19,6,8,0,0.109643
4914,1994-03-26,2,3,0,0.109618
4915,1994-04-02,1,8,0,0.109592
4916,1994-04-09,6,7,0,0.109567
4917,1994-04-16,7,3,0,0.109541
4918,1994-04-23,1,6,0,0.109516
4919,1994-04-30,5,7,0,0.109491
4920,1994-05-07,7,6,0,0.109465
4921,1994-05-14,2,6,0,0.10944
4922,1994-05-21,5,8,0,0.109415
4923,1994-05-28,8,6,0,0.109389
4924,1994-06-04,3,1,0,0.109364
4925,1994-06-11,7,8,0,0.109339
4926,1994-06-18,1,6,0,0.109314
4927,1994-06-25,1,7,0,0.109288
4928,1994-07-02,8,7,0,0.109263
4929,1994-07-09,1,1,1,0.109469
4930,1994-07-16,2,7,0,0.109444
4931,1994-07-23,1,8,0,0.109418
4932,1994-07-30,1,7,0,0.109393
4933,1994-08-06,9,7,0,0.109368
4934,1994-08-13,7,8,0,0.109343
4935,1994-08-20,4,6,0,0.109317
4936,1994-08-27,5,5,1,0.109523
4937,1994-09-03,2,6,0,0.109497
4938,1994-09-10,9,8,0,0.109472
4939,1994-09-17,8,8,1,0.109677
4940,1994-09-24,2,1,0,0.109652
4941,1994-10-01,5,8,0,0.109627
4942,1994-10-08,7,6,0,0.109602
4943,1994-10-15,3,6,0,0.109576
4944,1994-10-22,2,8,0,0.109551
4945,1994-10-29,8,8,1,0.109756
4946,1994-11-05,6,1,0,0.109731
4947,1994-11-12,1,3,0,0.109706
4948,1994-11-19,2,7,0,0.10968
4949,1994-11-26,3,8,0,0.109655
4950,1994-12-03,7,8,0,0.10963
4951,1994-12-10,6,6,1,0.109835
4952,1994-12-17,8,3,0,0.109809
4953,1994-12-24,7,1,0,0.109784
4954,1994-12-31,3,6,0,0.109759
4955,1995-01-07,4,8,0,0.109734
4956,1995-01-14,2,5,0,0.109709
4957,1995-01-21,5,8,0,0.109683
4958,1995-01-28,5,6,0,0.109658
4959,1995-02-04,6,6,1,0.109862
4960,1995-02-11,4,3,0,0.109837
4961,1995-02-18,4,5,0,0.109812
4962,1995-02-25,5,5,1,0.110016
4963,1995-03-04,4,6,0,0.109991
4964,1995-03-11,2,5,0,0.109966
4965,1995-03-18,3,8,0,0.10994
4966,1995-03-25,5,8,0,0.109915
4967,1995-04-01,9,6,0,0.10989
4968,1995-04-08,4,8,0,0.109865
4969,1995-04-15,3,5,0,0.10984
4970,1995-04-22,5,8,0,0.109815
4971,1995-04-29,4,6,0,0.10979
4972,1995-05-06,5,5,1,0.109993
4973,1995-05-13,4,6,0,0.109968
4974,1995-05-20,7,5,0,0.109943
4975,1995-05-27,5,6,0,0.109918
4976,1995-06-03,4,6,0,0.109893
4977,1995-06-10,7,5,0,0.109868
4978,1995-06-17,7,6,0,0.109842
4979,1995-06-24,3,6,0,0.109817
4980,1995-07-01,8,8,1,0.110021
4981,1995-07-08,8,1,0,0.109995
4982,1995-07-15,9,1,0,0.10997
4983,1995-07-22,1,8,0,0.109945
4984,1995-07-29,4,7,0,0.10992
4985,1995-08-05,9,5,0,0.109895
4986,1995-08-12,9,8,0,0.10987
4987,1995-08-19,6,8,0,0.109845
4988,1995-08-26,7,3,0,0.10982
4989,1995-09-02,1,6,0,0.109795
4990,1995-09-09,5,7,0,0.10977
4991,1995-09-16,1,6,0,0.109745
4992,1995-09-23,4,7,0,0.10972
4993,1995-09-30,2,5,0,0.109695
4994,1995-10-07,1,8,0,0.10967
4995,1995-10-14,5,7,0,0.109645
4996,1995-10-21,9,6,0,0.10962
4997,1995-10-28,7,8,0,0.109595
4998,1995-11-04,5,6,0,0.10957
4999,1995-11-11,3,6,0,0.109545
5000,1995-11-18,6,8,0,0.109521
5001,1995-11-25,4,3,0,0.109496
5002,1995-12-02,1,5,0,0.109471
5003,1995-12-09,8,7,0,0.109446
5004,1995-12-16,3,1,0,0.109421
5005,1995-12-23,4,8,0,0.109396
5006,1995-12-30,7,5,0,0.109371
5007,1996-01-08,6,6,1,0.109574
5008,1996-01-13,4,3,0,0.109549
5009,1996-01-20,5,5,1,0.109751
5010,1996-01-27,7,6,0,0.109726
5011,1996-02-03,5,6,0,0.109701
5012,1996-02-10,5,6,0,0.109676
5013,1996-02-17,9,6,0,0.109651
5014,1996-02-24,2,8,0,0.109626
5015,1996-03-02,4,8,0,0.109601
5016,1996-03-09,1,5,0,0.109577
5017,1996-03-16,6,7,0,0.109552
5018,1996-03-23,2,3,0,0.109527
5019,1996-03-30,1,8,0,0.109502
5020,1996-04-06,6,7,0,0.109477
5021,1996-04-13,8,3,0,0.109453
5022,1996-04-20,2,1,0,0.109428
5023,1996-04-27,4,8,0,0.109403
5024,1996-05-04,3,5,0,0.109379
5025,1996-05-11,6,8,0,0.109354
5026,1996-05-18,9,3,0,0.109329
5027,1996-05-25,2,8,0,0.109304
5028,1996-06-01,7,8,0,0.10928
5029,1996-06-08,8,6,0,0.109255
5030,1996-06-15,4,1,0,0.10923
5031,1996-06-22,9,5,0,0.109206
5032,1996-06-29,8,8,1,0.109407
5033,1996-07-06,7,1,0,0.109382
5034,1996-07-13,7,6,0,0.109357
5035,1996-07-20,9,6,0,0.109333
5036,1996-07-27,3,8,0,0.109308
5037,1996-08-03,1,8,0,0.109283
5038,1996-08-10,2,7,0,0.109259
5039,1996-08-17,7,8,0,0.109234
5040,1996-08-24,9,6,0,0.10921
5041,1996-08-30,6,8,0,0.109185
5042,1996-09-07,3,3,1,0.109386
5043,1996-09-14,8,8,1,0.109586
5044,1996-09-21,5,1,0,0.109561
5045,1996-09-28,8,6,0,0.109537
5046,1996-10-05,5,1,0,0.109512
5047,1996-10-12,4,6,0,0.109487
5048,1996-10-19,5,5,1,0.109688
5049,1996-10-26,6,6,1,0.109888
5050,1996-11-02,6,3,0,0.109863
5051,1996-11-09,2,3,0,0.109838
5052,1996-11-16,3,8,0,0.109814
5053,1996-11-23,2,8,0,0.109789
5054,1996-11-30,2,8,0,0.109764
5055,1996-12-07,3,8,0,0.10974
5056,1996-12-14,2,8,0,0.109715
5057,1996-12-21,2,8,0,0.10969
5058,1996-12-28,6,8,0,0.109666
5059,1997-01-04,4,3,0,0.109641
5060,1997-01-11,1,5,0,0.109617
5061,1997-01-18,2,7,0,0.109592
5062,1997-01-25,4,8,0,0.109568
5063,1997-02-01,8,5,0,0.109543
5064,1997-02-08,8,1,0,0.109518
5065,1997-02-15,2,1,0,0.109494
5066,1997-02-22,9,8,0,0.109469
5067,1997-03-01,5,8,0,0.109445
5068,1997-03-08,9,6,0,0.10942
5069,1997-03-12,8,8,1,0.10962
5070,1997-03-15,5,1,0,0.109595
5071,1997-03-19,3,6,0,0.109571
5072,1997-03-22,4,8,0,0.109546
5073,1997-03-26,1,5,0,0.109522
5074,1997-03-29,8,7,0,0.109497
5075,1997-04-02,1,5,0,0.109473
5076,1997-04-05,8,7,0,0.109448
5077,1997-04-09,8,1,0,0.109424
5078,1997-04-12,7,1,0,0.109399
5079,1997-04-16,5,6,0,0.109375
5080,1997-04-19,4,6,0,0.109351
5081,1997-04-23,9,5,0,0.109326
5082,1997-04-26,8,8,1,0.109525
5083,1997-04-30,1,1,1,0.109723
5084,1997-05-03,7,7,1,0.109922
5085,1997-05-07,1,6,0,0.109897
5086,1997-05-10,3,7,0,0.109873
5087,1997-05-14,3,8,0,0.109848
5088,1997-05-17,7,8,0,0.109824
5089,1997-05-21,4,6,0,0.1098
5090,1997-05-24,4,5,0,0.109775
5091,1997-05-28,2,5,0,0.109751
5092,1997-05-31,1,8,0,0.109726
5093,1997-06-04,7,7,1,0.109924
5094,1997-06-07,4,6,0,0.1099
5095,1997-06-11,9,5,0,0.109875
5096,1997-06-14,7,8,0,0.109851
5097,1997-06-18,5,6,0,0.109827
5098,1997-06-21,6,6,1,0.110024
5099,1997-06-25,9,3,0,0.11
5100,1997-06-28,5,8,0,0.109976
5101,1997-07-02,9,6,0,0.109951
5102,1997-07-05,4,8,0,0.109927
5103,1997-07-09,1,5,0,0.109902
5104,1997-07-12,7,7,1,0.1101
5105,1997-07-16,5,6,0,0.110075
5106,1997-07-19,9,6,0,0.110051
5107,1997-07-23,4,8,0,0.110027
5108,1997-07-26,6,5,0,0.110002
5109,1997-07-30,5,3,0,0.109978
5110,1997-08-02,8,6,0,0.109953
5111,1997-08-06,4,1,0,0.109929
5112,1997-08-09,1,5,0,0.109905
5113,1997-08-13,4,7,0,0.10988
5114,1997-08-16,1,5,0,0.109856
5115,1997-08-20,9,7,0,0.109832
5116,1997-08-23,5,8,0,0.109807
5117,1997-08-27,2,6,0,0.109783
5118,1997-08-30,8,8,1,0.10998
5119,1997-09-03,4,1,0,0.109956
5120,1997-09-06,5,5,1,0.110153
5121,1997-09-10,5,6,0,0.110128
5122,1997-09-13,4,6,0,0.110104
5123,1997-09-17,4,5,0,0.11008
5124,1997-09-20,7,5,0,0.110055
5125,1997-09-24,5,5,1,0.110252
5126,1997-09-27,7,6,0,0.110228
5127,1997-10-01,8,5,0,0.110203
5128,1997-10-04,7,1,0,0.110179
5129,1997-10-08,1,5,0,0.110155
5130,1997-10-11,9,7,0,0.11013
5131,1997-10-15,2,8,0,0.110106
5132,1997-10-18,4,8,0,0.110082
5133,1997-10-22,9,5,0,0.110057
5134,1997-10-25,6,8,0,0.110033
5135,1997-10-29,9,3,0,0.110009
5136,1997-11-03,2,8,0,0.109985
5137,1997-11-05,6,8,0,0.10996
5138,1997-11-08,3,3,1,0.110156
5139,1997-11-12,9,8,0,0.110132
5140,1997-11-15,7,8,0,0.110108
5141,1997-11-19,5,5,1,0.110304
5142,1997-11-22,8,6,0,0.11028
5143,1997-11-26,3,1,0,0.110255
5144,1997-11-29,7,8,0,0.110231
5145,1997-12-03,6,5,0,0.110207
5146,1997-12-06,6,3,0,0.110183
5147,1997-12-10,8,3,0,0.110158
5148,1997-12-13,5,1,0,0.110134
5149,1997-12-17,7,6,0,0.11011
5150,1997-12-20,4,5,0,0.110086
5151,1997-12-24,1,5,0,0.110062
5152,1997-12-27,6,7,0,0.110037
5153,1997-12-31,7,3,0,0.110013
5154,1998-01-03,9,5,0,0.109989
5155,1998-01-07,3,8,0,0.109965
5156,1998-01-10,6,8,0,0.109941
5157,1998-01-14,8,3,0,0.109917
5158,1998-01-17,4,1,0,0.109893
5159,1998-01-21,7,5,0,0.109868
5160,1998-01-24,7,5,0,0.109844
5161,1998-01-27,4,5,0,0.10982
5162,1998-01-31,2,5,0,0.109796
5163,1998-02-04,2,8,0,0.109772
5164,1998-02-07,9,8,0,0.109748
5165,1998-02-11,1,8,0,0.109724
5166,1998-02-14,8,7,0,0.1097
5167,1998-02-18,6,1,0,0.109676
5168,1998-02-21,2,3,0,0.109652
5169,1998-02-25,4,8,0,0.109628
5170,1998-02-28,6,5,0,0.109604
5171,1998-03-04,6,3,0,0.10958
5172,1998-03-07,9,3,0,0.109556
5173,1998-03-11,4,8,0,0.109532
5174,1998-03-14,9,5,0,0.109508
5175,1998-03-18,5,8,0,0.109484
5176,1998-03-21,2,6,0,0.10946
5177,1998-03-25,4,8,0,0.109436
5178,1998-03-28,5,5,1,0.109631
5179,1998-04-01,9,6,0,0.109607
5180,1998-04-04,3,8,0,0.109583
5181,1998-04-08,6,8,0,0.109559
5182,1998-04-11,9,3,0,0.109535
5183,1998-04-15,5,8,0,0.109511
5184,1998-04-18,2,6,0,0.109487
5185,1998-04-22,8,8,1,0.109682
5186,1998-04-27,3,1,0,0.109658
5187,1998-04-29,6,8,0,0.109634
5188,1998-05-02,4,3,0,0.10961
5189,1998-05-06,4,5,0,0.109586
5190,1998-05-09,5,5,1,0.10978
5191,1998-05-13,8,6,0,0.109756
5192,1998-05-16,7,1,0,0.109732
5193,1998-05-20,7,5,0,0.109708
5194,1998-05-23,6,5,0,0.109684
5195,1998-05-27,1,3,0,0.109661
5196,1998-05-30,3,7,0,0.109637
5197,1998-06-03,8,8,1,0.10983
5198,1998-06-06,7,1,0,0.109806
5199,1998-06-10,9,5,0,0.109783
5200,1998-06-13,3,8,0,0.109759
5201,1998-06-17,4,8,0,0.109735
5202,1998-06-20,5,5,1,0.109928
5203,1998-06-24,9,6,0,0.109904
5204,1998-06-27,6,8,0,0.109881
5205,1998-07-01,4,3,0,0.109857
5206,1998-07-04,3,5,0,0.109833
5207,1998-07-08,3,8,0,0.109809
5208,1998-07-11,9,8,0,0.109785
5209,1998-07-15,1,8,0,0.109761
5210,1998-07-18,4,7,0,0.109738
5211,1998-07-22,5,5,1,0.109931
5212,1998-07-25,3,6,0,0.109907
5213,1998-07-29,2,8,0,0.109883
5214,1998-08-01,8,8,1,0.110076
5215,1998-08-05,6,1,0,0.110052
5216,1998-08-08,9,3,0,0.110028
5217,1998-08-12,5,8,0,0.110004
5218,1998-08-17,2,6,0,0.109981
5219,1998-08-19,2,8,0,0.109957
5220,1998-08-22,1,8,0,0.109933
5221,1998-08-26,1,7,0,0.109909
5222,1998-08-29,1,7,0,0.109885
5223,1998-09-02,9,7,0,0.109862
5224,1998-09-05,2,8,0,0.109838
5225,1998-09-09,5,8,0,0.109814
5226,1998-09-12,5,2,0,0.10979
5227,1998-09-16,4,2,0,0.109767
5228,1998-09-19,6,5,0,0.109743
5229,1998-09-23,7,3,0,0.109719
5230,1998-09-26,3,5,0,0.109696
5231,1998-09-30,2,8,0,0.109672
5232,1998-10-03,1,8,0,0.109648
5233,1998-10-07,4,7,0,0.109625
5234,1998-10-10,8,5,0,0.109601
5235,1998-10-14,4,1,0,0.109577
5236,1998-10-17,1,5,0,0.109554
5237,1998-10-21,1,7,0,0.10953
5238,1998-10-24,2,7,0,0.109506
5239,1998-10-28,2,8,0,0.109483
5240,1998-10-31,1,8,0,0.109459
5241,1998-11-04,1,7,0,0.109436
5242,1998-11-07,8,7,0,0.109412
5243,1998-11-11,5,1,0,0.109388
5244,1998-11-14,1,2,0,0.109365
5245,1998-11-18,3,7,0,0.109341
5246,1998-11-21,5,8,0,0.109318
5247,1998-11-25,1,2,0,0.109294
5248,1998-11-28,6,7,0,0.109271
5249,1998-12-02,5,3,0,0.109247
5250,1998-12-05,7,2,0,0.109224
5251,1998-12-09,4,5,0,0.1092
5252,1998-12-12,7,5,0,0.109177
5253,1998-12-16,2,5,0,0.109153
5254,1998-12-19,8,8,1,0.109345
5255,1998-12-23,5,5,1,0.109536
5256,1998-12-28,9,2,0,0.109513
5257,1998-12-30,6,8,0,0.109489
5258,1999-01-02,7,3,0,0.109466
5259,1999-01-07,5,5,1,0.109657
5260,1999-01-09,3,2,0,0.109633
5261,1999-01-13,8,8,1,0.109824
5262,1999-01-16,2,5,0,0.109801
5263,1999-01-20,6,8,0,0.109777
5264,1999-01-23,9,3,0,0.109753
5265,1999-01-27,9,8,0,0.10973
5266,1999-01-30,2,8,0,0.109706
5267,1999-02-03,8,8,1,0.109897
5268,1999-02-06,1,5,0,0.109874
5269,1999-02-10,8,7,0,0.10985
5270,1999-02-13,6,5,0,0.109827
5271,1999-02-17,5,3,0,0.109803
5272,1999-02-20,5,2,0,0.10978
5273,1999-02-24,4,2,0,0.109756
5274,1999-02-27,4,5,0,0.109733
5275,1999-03-03,9,5,0,0.109709
5276,1999-03-06,1,8,0,0.109686
5277,1999-03-10,4,7,0,0.109662
5278,1999-03-13,2,5,0,0.109639
5279,1999-03-17,7,8,0,0.109615
5280,1999-03-20,3,5,0,0.109592
5281,1999-03-24,3,8,0,0.109569
5282,1999-03-27,4,8,0,0.109545
5283,1999-03-31,4,5,0,0.109522
5284,1999-04-03,2,5,0,0.109498
5285,1999-04-07,5,8,0,0.109475
5286,1999-04-10,8,2,0,0.109452
5287,1999-04-14,5,5,1,0.109642
5288,1999-04-17,3,2,0,0.109618
5289,1999-04-21,4,8,0,0.109595
5290,1999-04-24,3,5,0,0.109572
5291,1999-04-28,6,8,0,0.109548
5292,1999-05-03,6,3,0,0.109525
5293,1999-05-05,7,3,0,0.109501
5294,1999-05-08,5,5,1,0.109691
5295,1999-05-12,4,2,0,0.109668
5296,1999-05-15,8,5,0,0.109644
5297,1999-05-19,1,5,0,0.109621
5298,1999-05-22,5,7,0,0.109598
5299,1999-05-26,6,2,0,0.109574
5300,1999-05-29,1,3,0,0.109551
5301,1999-06-02,5,7,0,0.109528
5302,1999-06-05,8,6,0,0.109505
5303,1999-06-09,5,5,1,0.109694
5304,1999-06-12,7,6,0,0.109671
5305,1999-06-16,2,5,0,0.109647
5306,1999-06-19,1,8,0,0.109624
5307,1999-06-23,5,7,0,0.109601
5308,1999-06-26,3,6,0,0.109577
5309,1999-06-30,3,8,0,0.109554
5310,1999-07-03,8,8,1,0.109743
5311,1999-07-07,9,5,0,0.10972
5312,1999-07-10,9,8,0,0.109697
5313,1999-07-14,5,8,0,0.109673
5314,1999-07-17,7,6,0,0.10965
5315,1999-07-21,6,5,0,0.109627
5316,1999-07-24,1,3,0,0.109604
5317,1999-07-28,3,7,0,0.10958
5318,1999-07-31,2,8,0,0.109557
5319,1999-08-04,1,8,0,0.109534
5320,1999-08-07,5,7,0,0.109511
5321,1999-08-11,8,7,0,0.109488
5322,1999-08-14,8,5,0,0.109464
5323,1999-08-18,5,5,1,0.109653
5324,1999-08-21,5,7,0,0.10963
5325,1999-08-25,7,7,1,0.109818
5326,1999-08-28,6,5,0,0.109795
5327,1999-09-01,5,3,0,0.109772
5328,1999-09-04,5,7,0,0.109748
5329,1999-09-08,8,7,0,0.109725
5330,1999-09-11,5,5,1,0.109913
5331,1999-09-15,4,7,0,0.10989
5332,1999-09-18,9,5,0,0.109867
5333,1999-09-22,4,8,0,0.109844
5334,1999-09-25,4,5,0,0.10982
5335,1999-09-29,3,5,0,0.109797
5336,1999-10-02,4,8,0,0.109774
5337,1999-10-06,9,5,0,0.109751
5338,1999-10-09,2,8,0,0.109728
5339,1999-10-13,7,8,0,0.109705
5340,1999-10-16,1,5,0,0.109682
5341,1999-10-20,8,7,0,0.109658
5342,1999-10-23,7,5,0,0.109635
5343,1999-10-27,8,5,0,0.109612
5344,1999-10-30,5,5,1,0.1098
5345,1999-11-03,5,7,0,0.109777
5346,1999-11-06,2,7,0,0.109754
5347,1999-11-10,7,8,0,0.10973
5348,1999-11-13,7,5,0,0.109707
5349,1999-11-17,6,5,0,0.109684
5350,1999-11-20,5,3,0,0.109661
5351,1999-11-24,4,7,0,0.109638
5352,1999-11-27,7,5,0,0.109615
5353,1999-12-01,8,6,0,0.109592
5354,1999-12-04,4,5,0,0.109569
5355,1999-12-09,4,5,0,0.109546
5356,1999-12-11,2,5,0,0.109523
5357,1999-12-15,8,8,1,0.10971
5358,1999-12-18,8,5,0,0.109687
5359,1999-12-22,2,5,0,0.109664
5360,1999-12-27,2,8,0,0.109641
5361,1999-12-29,2,8,0,0.109618
5362,2000-01-03,9,8,0,0.109595
5363,2000-01-05,1,8,0,0.109572
5364,2000-01-08,1,7,0,0.109549
5365,2000-01-12,6,7,0,0.109526
5366,2000-01-15,3,3,1,0.109713
5367,2000-01-19,3,8,0,0.10969
5368,2000-01-22,5,8,0,0.109667
5369,2000-01-26,2,7,0,0.109644
5370,2000-01-29,4,8,0,0.109621
5371,2000-02-02,5,5,1,0.109807
5372,2000-02-05,4,2,0,0.109784
5373,2000-02-09,1,5,0,0.109761
5374,2000-02-12,1,7,0,0.109738
5375,2000-02-16,3,7,0,0.109715
5376,2000-02-19,6,8,0,0.109692
5377,2000-02-23,5,3,0,0.109669
5378,2000-02-26,7,4,0,0.109646
5379,2000-03-01,5,6,0,0.109623
5380,2000-03-04,2,7,0,0.109601
5381,2000-03-08,5,8,0,0.109578
5382,2000-03-11,6,2,0,0.109555
5383,2000-03-15,7,3,0,0.109532
5384,2000-03-18,9,5,0,0.109509
5385,2000-03-22,6,8,0,0.109486
5386,2000-03-25,2,3,0,0.109463
5387,2000-03-29,9,8,0,0.10944
5388,2000-04-01,4,8,0,0.109417
5389,2000-04-05,7,5,0,0.109395
5390,2000-04-08,1,5,0,0.109372
5391,2000-04-12,5,7,0,0.109349
5392,2000-04-15,7,2,0,0.109326
5393,2000-04-19,2,5,0,0.109303
5394,2000-04-22,1,8,0,0.109281
5395,2000-04-26,8,7,0,0.109258
5396,2000-04-29,1,5,0,0.109235
5397,2000-05-03,9,7,0,0.109212
5398,2000-05-06,4,8,0,0.109189
5399,2000-05-10,9,5,0,0.109167
5400,2000-05-13,6,8,0,0.109144
5401,2000-05-17,9,3,0,0.109121
5402,2000-05-20,2,8,0,0.109098
5403,2000-05-24,5,8,0,0.109076
5404,2000-05-27,5,7,0,0.109053
5405,2000-05-31,9,7,0,0.10903
5406,2000-06-03,7,8,0,0.109008
5407,2000-06-07,5,5,1,0.109193
5408,2000-06-10,9,7,0,0.10917
5409,2000-06-14,5,8,0,0.109148
5410,2000-06-17,3,7,0,0.109125
5411,2000-06-21,1,8,0,0.109102
5412,2000-06-24,7,7,1,0.109287
5413,2000-06-28,6,5,0,0.109265
5414,2000-07-01,9,3,0,0.109242
5415,2000-07-05,3,8,0,0.109219
5416,2000-07-08,3,8,0,0.109197
5417,2000-07-12,2,3,0,0.109174
5418,2000-07-15,2,8,0,0.109151
5419,2000-07-19,1,8,0,0.109129
5420,2000-07-22,9,7,0,0.109106
5421,2000-07-26,3,8,0,0.109083
5422,2000-07-29,6,3,0,0.109061
5423,2000-08-02,2,3,0,0.109038
5424,2000-08-05,6,8,0,0.109016
5425,2000-08-09,7,3,0,0.108993
5426,2000-08-12,1,5,0,0.10897
5427,2000-08-16,1,7,0,0.108948
5428,2000-08-19,9,7,0,0.108925
5429,2000-08-23,4,8,0,0.108903
5430,2000-08-26,5,5,1,0.109087
5431,2000-08-30,1,7,0,0.109065
5432,2000-09-02,2,7,0,0.109042
5433,2000-09-06,8,8,1,0.109226
5434,2000-09-09,4,5,0,0.109204
5435,2000-09-13,7,5,0,0.109181
5436,2000-09-16,2,5,0,0.109159
5437,2000-09-20,9,8,0,0.109136
5438,2000-09-23,2,8,0,0.109113
5439,2000-09-27,5,8,0,0.109091
5440,2000-09-30,4,7,0,0.109068
5441,2000-10-04,8,5,0,0.109046
5442,2000-10-07,5,5,1,0.10923
5443,2000-10-11,3,7,0,0.109207
5444,2000-10-14,7,3,0,0.109185
5445,2000-10-18,4,5,0,0.109162
5446,2000-10-21,8,5,0,0.10914
5447,2000-10-25,5,5,1,0.109323
5448,2000-10-28,5,7,0,0.109301
5449,2000-11-02,8,7,0,0.109278
5450,2000-11-04,5,5,1,0.109462
5451,2000-11-08,4,7,0,0.109439
5452,2000-11-11,8,5,0,0.109417
5453,2000-11-15,1,5,0,0.109394
5454,2000-11-18,4,7,0,0.109372
5455,2000-11-22,2,5,0,0.109349
5456,2000-11-25,7,8,0,0.109327
5457,2000-11-29,7,5,0,0.109304
5458,2000-12-02,9,5,0,0.109282
5459,2000-12-06,4,8,0,0.109259
5460,2000-12-09,8,5,0,0.109237
5461,2000-12-13,4,5,0,0.109214
5462,2000-12-16,1,5,0,0.109192
5463,2000-12-20,5,7,0,0.109169
5464,2000-12-23,5,4,0,0.109147
5465,2000-12-27,7,4,0,0.109125
5466,2000-12-30,2,5,0,0.109102
5467,2001-01-03,7,8,0,0.10908
5468,2001-01-08,2,5,0,0.109057
5469,2001-01-10,7,8,0,0.109035
5470,2001-01-13,2,5,0,0.109013
5471,2001-01-17,5,8,0,0.10899
5472,2001-01-20,1,7,0,0.108968
5473,2001-01-24,4,7,0,0.108945
5474,2001-01-27,2,5,0,0.108923
5475,2001-01-31,8,8,1,0.109106
5476,2001-02-03,8,5,0,0.109083
5477,2001-02-07,2,5,0,0.109061
5478,2001-02-10,8,8,1,0.109244
5479,2001-02-14,6,5,0,0.109221
5480,2001-02-17,5,7,0,0.109199
5481,2001-02-21,4,7,0,0.109177
5482,2001-02-24,3,5,0,0.109154
5483,2001-02-28,4,3,0,0.109132
5484,2001-03-03,4,5,0,0.10911
5485,2001-03-07,5,5,1,0.109292
5486,2001-03-10,3,4,0,0.109269
5487,2001-03-14,8,3,0,0.109247
5488,2001-03-17,3,5,0,0.109225
5489,2001-03-21,4,8,0,0.109202
5490,2001-03-24,8,5,0,0.10918
5491,2001-03-28,9,5,0,0.109158
5492,2001-03-31,4,8,0,0.109135
5493,2001-04-04,9,5,0,0.109113
5494,2001-04-07,3,8,0,0.109091
5495,2001-04-11,6,8,0,0.109069
5496,2001-04-14,5,7,0,0.109046
5497,2001-04-18,4,4,1,0.109228
5498,2001-04-21,2,5,0,0.109206
5499,2001-04-26,9,8,0,0.109184
5500,2001-04-28,9,8,0,0.109161
5501,2001-05-02,7,8,0,0.109139
5502,2001-05-05,5,5,1,0.109321
5503,2001-05-09,8,4,0,0.109299
5504,2001-05-12,2,5,0,0.109276
5505,2001-05-16,2,8,0,0.109254
5506,2001-05-19,1,8,0,0.109232
5507,2001-05-23,1,7,0,0.109209
5508,2001-05-26,6,7,0,0.109187
5509,2001-05-30,3,7,0,0.109165
5510,2001-06-04,3,8,0,0.109143
5511,2001-06-06,2,3,0,0.109121
5512,2001-06-09,6,8,0,0.109098
5513,2001-06-13,5,3,0,0.109076
5514,2001-06-16,1,4,0,0.109054
5515,2001-06-20,4,7,0,0.109032
5516,2001-06-23,5,5,1,0.109213
5517,2001-06-27,7,4,0,0.109191
5518,2001-06-30,8,5,0,0.109169
5519,2001-07-04,8,5,0,0.109146
5520,2001-07-07,5,5,1,0.109327
5521,2001-07-11,1,4,0,0.109305
5522,2001-07-14,4,7,0,0.109283
5523,2001-07-18,9,5,0,0.109261
5524,2001-07-21,9,8,0,0.109239
5525,2001-07-25,2,9,0,0.109216
5526,2001-07-28,7,8,0,0.109194
5527,2001-08-01,7,5,0,0.109172
5528,2001-08-04,9,5,0,0.10915
5529,2001-08-08,5,9,0,0.109128
5530,2001-08-11,4,4,1,0.109308
5531,2001-08-16,5,5,1,0.109489
5532,2001-08-18,9,4,0,0.109467
5533,2001-08-22,6,9,0,0.109445
5534,2001-08-25,6,3,0,0.109422
5535,2001-08-29,4,3,0,0.1094
5536,2001-09-01,8,5,0,0.109378
5537,2001-09-05,8,5,0,0.109356
5538,2001-09-08,4,5,0,0.109334
5539,2001-09-12,2,5,0,0.109312
5540,2001-09-15,9,8,0,0.10929
5541,2001-09-19,9,9,1,0.10947
5542,2001-09-22,4,9,0,0.109448
5543,2001-09-26,6,5,0,0.109426
5544,2001-09-29,9,3,0,0.109403
5545,2001-10-03,9,9,1,0.109584
5546,2001-10-06,8,9,0,0.109561
5547,2001-10-10,6,5,0,0.109539
5548,2001-10-13,6,3,0,0.109517
5549,2001-10-17,8,3,0,0.109495
5550,2001-10-20,8,5,0,0.109473
5551,2001-10-24,6,5,0,0.109451
5552,2001-10-27,8,3,0,0.109429
5553,2001-10-31,7,5,0,0.109407
5554,2001-11-03,9,5,0,0.109384
5555,2001-11-07,6,9,0,0.109362
5556,2001-11-10,2,3,0,0.10934
5557,2001-11-14,6,8,0,0.109318
5558,2001-11-17,3,3,1,0.109498
5559,2001-11-21,4,3,0,0.109476
5560,2001-11-24,7,5,0,0.109454
5561,2001-11-28,1,5,0,0.109432
5562,2001-12-01,6,7,0,0.10941
5563,2001-12-05,1,3,0,0.109388
5564,2001-12-10,1,7,0,0.109366
5565,2001-12-12,3,7,0,0.109344
5566,2001-12-15,4,3,0,0.109322
5567,2001-12-19,4,5,0,0.1093
5568,2001-12-22,4,5,0,0.109278
5569,2001-12-27,3,5,0,0.109256
5570,2001-12-29,8,3,0,0.109234
5571,2001-12-31,2,5,0,0.109212
5572,2002-01-02,8,8,1,0.109391
5573,2002-01-05,6,5,0,0.109369
5574,2002-01-09,7,3,0,0.109347
5575,2002-01-12,3,5,0,0.109325
5576,2002-01-16,9,8,0,0.109303
5577,2002-01-19,5,9,0,0.109281
5578,2002-01-23,8,4,0,0.109259
5579,2002-01-26,7,5,0,0.109237
5580,2002-01-30,2,5,0,0.109215
5581,2002-02-02,6,8,0,0.109193
5582,2002-02-06,5,3,0,0.109171
5583,2002-02-09,3,4,0,0.109149
5584,2002-02-13,7,8,0,0.109127
5585,2002-02-16,4,5,0,0.109105
5586,2002-02-20,6,5,0,0.109084
5587,2002-02-23,4,3,0,0.109062
5588,2002-02-27,6,5,0,0.10904
5589,2002-03-02,7,3,0,0.109018
5590,2002-03-06,4,5,0,0.108996
5591,2002-03-09,2,5,0,0.108974
5592,2002-03-13,1,8,0,0.108953
5593,2002-03-16,2,7,0,0.108931
5594,2002-03-20,6,8,0,0.108909
5595,2002-03-23,8,7,0,0.108887
5596,2002-03-27,9,5,0,0.108865
5597,2002-03-30,4,9,0,0.108844
5598,2002-04-03,3,5,0,0.108822
5599,2002-04-06,6,8,0,0.1088
5600,2002-04-10,9,7,0,0.108778
5601,2002-04-13,5,9,0,0.108756
5602,2002-04-17,3,4,0,0.108735
5603,2002-04-20,3,8,0,0.108713
5604,2002-04-24,2,3,0,0.108691
5605,2002-04-27,8,8,1,0.108869
5606,2002-05-02,1,5,0,0.108848
5607,2002-05-04,8,7,0,0.108826
5608,2002-05-08,3,5,0,0.108804
5609,2002-05-11,5,3,0,0.108782
5610,2002-05-15,9,4,0,0.108761
5611,2002-05-18,1,9,0,0.108739
5612,2002-05-22,6,7,0,0.108717
5613,2002-05-25,5,7,0,0.108696
5614,2002-05-29,8,4,0,0.108674
5615,2002-06-01,1,5,0,0.108652
5616,2002-06-05,7,7,1,0.10883
5617,2002-06-08,7,5,0,0.108808
5618,2002-06-12,1,5,0,0.108787
5619,2002-06-15,9,7,0,0.108765
5620,2002-06-19,8,9,0,0.108743
5621,2002-06-22,6,5,0,0.108722
5622,2002-06-26,2,7,0,0.1087
5623,2002-06-29,7,8,0,0.108678
5624,2002-07-03,5,5,1,0.108856
5625,2002-07-06,6,4,0,0.108834
5626,2002-07-10,3,7,0,0.108812
5627,2002-07-13,9,3,0,0.108791
5628,2002-07-17,2,9,0,0.108769
5629,2002-07-20,7,8,0,0.108748
5630,2002-07-24,9,5,0,0.108726
5631,2002-07-27,4,9,0,0.108704
5632,2002-07-31,4,5,0,0.108683
5633,2002-08-03,4,5,0,0.108661
5634,2002-08-07,9,5,0,0.10864
5635,2002-08-10,3,9,0,0.108618
5636,2002-08-14,1,3,0,0.108596
5637,2002-08-17,1,7,0,0.108575
5638,2002-08-21,5,7,0,0.108553
5639,2002-08-24,7,4,0,0.108532
5640,2002-08-28,2,5,0,0.10851
5641,2002-08-31,7,8,0,0.108489
5642,2002-09-04,4,5,0,0.108467
5643,2002-09-07,3,5,0,0.108446
5644,2002-09-11,2,3,0,0.108424
5645,2002-09-14,5,8,0,0.108403
5646,2002-09-18,1,4,0,0.108381
5647,2002-09-21,5,7,0,0.10836
5648,2002-09-25,5,4,0,0.108338
5649,2002-09-28,1,4,0,0.108317
5650,2002-10-02,4,7,0,0.108295
5651,2002-10-05,3,5,0,0.108274
5652,2002-10-09,3,3,1,0.10845
5653,2002-10-12,9,3,0,0.108429
5654,2002-10-16,9,9,1,0.108605
5655,2002-10-19,3,9,0,0.108584
5656,2002-10-23,3,3,1,0.10876
5657,2002-10-26,8,3,0,0.108739
5658,2002-10-30,4,5,0,0.108717
5659,2002-11-02,3,5,0,0.108696
5660,2002-11-06,9,3,0,0.108674
5661,2002-11-09,9,9,1,0.10885
5662,2002-11-13,7,9,0,0.108829
5663,2002-11-16,5,5,1,0.109005
5664,2002-11-20,2,4,0,0.108983
5665,2002-11-23,8,8,1,0.109159
5666,2002-11-27,1,5,0,0.109138
5667,2002-11-30,4,7,0,0.109116
5668,2002-12-03,1,5,0,0.109094
5669,2002-12-05,3,7,0,0.109073
5670,2002-12-07,1,3,0,0.109051
5671,2002-12-10,3,7,0,0.10903
5672,2002-12-12,4,3,0,0.109008
5673,2002-12-14,1,5,0,0.108987
5674,2002-12-17,2,7,0,0.108966
5675,2002-12-19,9,8,0,0.108944
5676,2002-12-21,5,9,0,0.108923
5677,2002-12-24,7,4,0,0.108901
5678,2002-12-27,8,5,0,0.10888
5679,2002-12-28,6,5,0,0.108858
5680,2002-12-31,5,3,0,0.108837
5681,2003-01-02,5,7,0,0.108815
5682,2003-01-04,3,7,0,0.108794
5683,2003-01-08,7,3,0,0.108773
5684,2003-01-11,3,5,0,0.108751
5685,2003-01-15,6,3,0,0.10873
5686,2003-01-18,9,3,0,0.108708
5687,2003-01-22,2,9,0,0.108687
5688,2003-01-25,1,8,0,0.108666
5689,2003-01-29,3,7,0,0.108644
5690,2003-02-01,4,3,0,0.108623
5691,2003-02-05,9,5,0,0.108602
5692,2003-02-08,4,9,0,0.10858
5693,2003-02-12,8,5,0,0.108559
5694,2003-02-15,8,5,0,0.108538
5695,2003-02-19,5,5,1,0.108713
5696,2003-02-22,8,7,0,0.108691
5697,2003-02-26,2,5,0,0.10867
5698,2003-03-01,1,8,0,0.108649
5699,2003-03-05,6,7,0,0.108627
5700,2003-03-08,6,3,0,0.108606
5701,2003-03-12,1,3,0,0.108585
5702,2003-03-15,8,7,0,0.108564
5703,2003-03-19,5,5,1,0.108738
5704,2003-03-22,7,7,1,0.108913
5705,2003-03-26,5,5,1,0.109087
5706,2003-03-29,9,7,0,0.109066
5707,2003-04-02,3,9,0,0.109045
5708,2003-04-05,6,3,0,0.109023
5709,2003-04-09,7,3,0,0.109002
5710,2003-04-12,8,5,0,0.108981
5711,2003-04-16,8,5,0,0.108959
5712,2003-04-19,3,5,0,0.108938
5713,2003-04-23,3,3,1,0.109112
5714,2003-04-26,9,3,0,0.109091
5715,2003-04-30,2,9,0,0.10907
5716,2003-05-03,6,8,0,0.109048
5717,2003-05-07,6,7,0,0.109027
5718,2003-05-10,9,7,0,0.109006
5719,2003-05-14,4,9,0,0.108984
5720,2003-05-17,1,5,0,0.108963
5721,2003-05-21,1,7,0,0.108942
5722,2003-05-24,9,7,0,0.108921
5723,2003-05-28,4,9,0,0.108899
5724,2003-05-31,3,5,0,0.108878
5725,2003-06-04,6,3,0,0.108857
5726,2003-06-07,2,7,0,0.108836
5727,2003-06-11,7,8,0,0.108814
5728,2003-06-14,6,5,0,0.108793
5729,2003-06-18,9,7,0,0.108772
5730,2003-06-21,6,4,0,0.108751
5731,2003-06-25,4,7,0,0.10873
5732,2003-06-28,3,5,0,0.108708
5733,2003-07-02,3,3,1,0.108882
5734,2003-07-05,7,3,0,0.108861
5735,2003-07-09,3,5,0,0.10884
5736,2003-07-12,5,3,0,0.108818
5737,2003-07-16,4,7,0,0.108797
5738,2003-07-19,7,5,0,0.108776
5739,2003-07-23,7,5,0,0.108755
5740,2003-07-26,9,5,0,0.108734
5741,2003-07-30,3,4,0,0.108713
5742,2003-08-02,4,3,0,0.108691
5743,2003-08-06,2,5,0,0.10867
5744,2003-08-09,8,8,1,0.108844
5745,2003-08-13,8,5,0,0.108822
5746,2003-08-16,6,5,0,0.108801
5747,2003-08-20,7,7,1,0.108974
5748,2003-08-23,4,5,0,0.108953
5749,2003-08-27,3,5,0,0.108932
5750,2003-08-30,1,3,0,0.108911
5751,2003-09-03,8,7,0,0.10889
5752,2003-09-06,3,5,0,0.108869
5753,2003-09-10,8,3,0,0.108847
5754,2003-09-13,7,5,0,0.108826
5755,2003-09-17,6,5,0,0.108805
5756,2003-09-20,1,7,0,0.108784
5757,2003-09-24,5,7,0,0.108763
5758,2003-09-27,4,7,0,0.108742
5759,2003-10-01,2,5,0,0.108721
5760,2003-10-04,9,8,0,0.1087
5761,2003-10-08,4,4,1,0.108873
5762,2003-10-11,7,5,0,0.108851
5763,2003-10-15,3,5,0,0.10883
5764,2003-10-18,5,3,0,0.108809
5765,2003-10-22,8,4,0,0.108788
5766,2003-10-25,2,5,0,0.108767
5767,2003-10-29,9,8,0,0.108746
5768,2003-11-03,8,4,0,0.108725
5769,2003-11-05,5,5,1,0.108897
5770,2003-11-08,7,4,0,0.108876
5771,2003-11-12,2,5,0,0.108855
5772,2003-11-15,9,8,0,0.108834
5773,2003-11-19,5,4,0,0.108813
5774,2003-11-22,4,7,0,0.108792
5775,2003-11-26,2,5,0,0.108771
5776,2003-11-29,4,8,0,0.10875
5777,2003-12-03,6,5,0,0.108729
5778,2003-12-06,1,7,0,0.108708
5779,2003-12-10,1,7,0,0.108687
5780,2003-12-13,5,7,0,0.108666
5781,2003-12-17,1,4,0,0.108645
5782,2003-12-20,6,7,0,0.108624
5783,2003-12-24,4,7,0,0.108603
5784,2003-12-27,1,5,0,0.108582
5785,2003-12-31,7,7,1,0.108754
5786,2004-01-03,1,5,0,0.108733
5787,2004-01-07,3,7,0,0.108712
5788,2004-01-10,3,3,1,0.108884
5789,2004-01-14,3,3,1,0.109056
5790,2004-01-17,8,3,0,0.109035
5791,2004-01-21,8,5,0,0.109014
5792,2004-01-24,9,5,0,0.108993
5793,2004-01-28,5,4,0,0.108972
5794,2004-01-31,1,4,0,0.108951
5795,2004-02-04,8,7,0,0.10893
5796,2004-02-07,6,5,0,0.108909
5797,2004-02-11,4,7,0,0.108888
5798,2004-02-14,6,5,0,0.108867
5799,2004-02-18,2,7,0,0.108846
5800,2004-02-21,2,8,0,0.108825
5801,2004-02-25,8,8,1,0.108997
5802,2004-02-28,6,5,0,0.108976
5803,2004-03-03,2,7,0,0.108955
5804,2004-03-06,3,8,0,0.108934
5805,2004-03-10,8,3,0,0.108913
5806,2004-03-13,4,5,0,0.108892
5807,2004-03-17,4,5,0,0.108871
5808,2004-03-20,9,5,0,0.10885
5809,2004-03-24,9,4,0,0.108829
5810,2004-03-27,2,4,0,0.108808
5811,2004-03-31,6,8,0,0.108787
5812,2004-04-03,6,7,0,0.108767
5813,2004-04-07,2,7,0,0.108746
5814,2004-04-10,5,8,0,0.108725
5815,2004-04-14,3,4,0,0.108704
5816,2004-04-17,1,3,0,0.108683
5817,2004-04-21,3,7,0,0.108662
5818,2004-04-24,6,3,0,0.108642
5819,2004-04-28,2,7,0,0.108621
5820,2004-05-03,9,8,0,0.1086
5821,2004-05-05,2,4,0,0.108579
5822,2004-05-08,4,8,0,0.108558
5823,2004-05-12,3,5,0,0.108538
5824,2004-05-15,2,3,0,0.108517
5825,2004-05-19,7,8,0,0.108496
5826,2004-05-22,4,5,0,0.108475
5827,2004-05-26,3,5,0,0.108454
5828,2004-05-29,6,3,0,0.108434
5829,2004-06-03,2,2,1,0.108604
5830,2004-06-05,4,8,0,0.108583
5831,2004-06-09,4,5,0,0.108563
5832,2004-06-12,7,5,0,0.108542
5833,2004-06-16,1,5,0,0.108521
5834,2004-06-19,5,7,0,0.1085
5835,2004-06-23,9,4,0,0.10848
5836,2004-06-26,4,4,1,0.10865
5837,2004-06-30,4,5,0,0.108629
5838,2004-07-03,7,5,0,0.108609
5839,2004-07-07,8,5,0,0.108588
5840,2004-07-10,3,5,0,0.108567
5841,2004-07-14,4,3,0,0.108546
5842,2004-07-17,4,5,0,0.108526
5843,2004-07-21,3,5,0,0.108505
5844,2004-07-24,2,3,0,0.108484
5845,2004-07-28,6,8,0,0.108464
5846,2004-07-31,6,2,0,0.108443
5847,2004-08-04,2,2,1,0.108613
5848,2004-08-07,2,8,0,0.108592
5849,2004-08-11,6,8,0,0.108571
5850,2004-08-14,2,2,1,0.108741
5851,2004-08-18,5,8,0,0.10872
5852,2004-08-21,1,4,0,0.1087
5853,2004-08-25,6,7,0,0.108679
5854,2004-08-28,6,2,0,0.108658
5855,2004-09-01,7,2,0,0.108638
5856,2004-09-04,4,5,0,0.108617
5857,2004-09-08,4,5,0,0.108596
5858,2004-09-11,2,5,0,0.108576
5859,2004-09-15,8,8,1,0.108745
5860,2004-09-18,3,5,0,0.108725
5861,2004-09-22,2,3,0,0.108704
5862,2004-09-25,7,8,0,0.108683
5863,2004-09-29,2,5,0,0.108663
5864,2004-10-02,2,8,0,0.108642
5865,2004-10-06,9,8,0,0.108621
5866,2004-10-09,7,4,0,0.108601
5867,2004-10-13,8,5,0,0.10858
5868,2004-10-16,5,5,1,0.108749
5869,2004-10-20,1,4,0,0.108729
5870,2004-10-23,2,7,0,0.108708
5871,2004-10-27,8,8,1,0.108877
5872,2004-10-30,9,5,0,0.108856
5873,2004-11-03,1,4,0,0.108836
5874,2004-11-06,4,7,0,0.108815
5875,2004-11-10,7,5,0,0.108795
5876,2004-11-13,9,5,0,0.108774
5877,2004-11-17,6,4,0,0.108753
5878,2004-11-20,1,2,0,0.108733
5879,2004-11-24,8,7,0,0.108712
5880,2004-11-27,6,5,0,0.108692
5881,2004-12-01,9,2,0,0.108671
5882,2004-12-04,7,4,0,0.10865
5883,2004-12-09,6,5,0,0.10863
5884,2004-12-11,2,2,1,0.108798
5885,2004-12-15,5,8,0,0.108778
5886,2004-12-18,3,4,0,0.108757
5887,2004-12-22,2,3,0,0.108737
5888,2004-12-27,1,8,0,0.108716
5889,2004-12-29,1,7,0,0.108696
5890,2005-01-03,9,7,0,0.108675
5891,2005-01-05,9,4,0,0.108655
5892,2005-01-08,8,4,0,0.108634
5893,2005-01-12,9,5,0,0.108614
5894,2005-01-15,4,4,1,0.108782
5895,2005-01-19,8,5,0,0.108761
5896,2005-01-22,6,5,0,0.108741
5897,2005-01-26,3,2,0,0.10872
5898,2005-01-29,7,3,0,0.1087
5899,2005-02-02,5,5,1,0.108868
5900,2005-02-05,2,4,0,0.108847
5901,2005-02-09,8,8,1,0.109015
5902,2005-02-12,5,5,1,0.109183
5903,2005-02-16,1,4,0,0.109163
5904,2005-02-19,9,7,0,0.109142
5905,2005-02-23,3,4,0,0.109122
5906,2005-02-26,5,3,0,0.109101
5907,2005-03-02,3,4,0,0.109081
5908,2005-03-05,5,3,0,0.10906
5909,2005-03-09,9,4,0,0.10904
5910,2005-03-12,1,4,0,0.109019
5911,2005-03-16,2,7,0,0.108998
5912,2005-03-19,9,8,0,0.108978
5913,2005-03-23,6,4,0,0.108957
5914,2005-03-26,1,2,0,0.108937
5915,2005-03-30,6,7,0,0.108916
5916,2005-04-02,6,2,0,0.108896
5917,2005-04-06,7,2,0,0.108876
5918,2005-04-09,5,5,1,0.109043
5919,2005-04-13,4,4,1,0.109211
5920,2005-04-16,3,5,0,0.10919
5921,2005-04-20,4,3,0,0.109169
5922,2005-04-23,7,5,0,0.109149
5923,2005-04-27,4,5,0,0.109128
5924,2005-04-30,1,5,0,0.109108
5925,2005-05-04,6,7,0,0.109087
5926,2005-05-07,5,2,0,0.109067
5927,2005-05-11,1,4,0,0.109047
5928,2005-05-14,4,7,0,0.109026
5929,2005-05-18,4,5,0,0.109006
5930,2005-05-21,9,5,0,0.108985
5931,2005-05-25,5,4,0,0.108965
5932,2005-05-28,6,4,0,0.108944
5933,2005-06-01,9,2,0,0.108924
5934,2005-06-04,9,4,0,0.108903
5935,2005-06-08,5,4,0,0.108883
5936,2005-06-11,4,4,1,0.10905
5937,2005-06-15,5,5,1,0.109217
5938,2005-06-18,5,4,0,0.109196
5939,2005-06-21,4,4,1,0.109363
5940,2005-06-23,3,5,0,0.109343
5941,2005-06-25,1,3,0,0.109322
5942,2005-06-28,6,7,0,0.109302
5943,2005-06-30,2,2,1,0.109469
5944,2005-07-02,3,8,0,0.109448
5945,2005-07-05,3,3,1,0.109615
5946,2005-07-07,3,3,1,0.109781
5947,2005-07-09,9,3,0,0.109761
5948,2005-07-12,7,4,0,0.10974
5949,2005-07-14,9,5,0,0.10972
5950,2005-07-16,2,4,0,0.109699
5951,2005-07-19,3,8,0,0.109679
5952,2005-07-21,2,3,0,0.109658
5953,2005-07-23,5,8,0,0.109638
5954,2005-07-26,1,4,0,0.109617
5955,2005-07-28,3,7,0,0.109597
5956,2005-07-30,3,3,1,0.109763
5957,2005-08-02,7,3,0,0.109742
5958,2005-08-04,4,5,0,0.109722
5959,2005-08-06,1,5,0,0.109701
5960,2005-08-09,8,7,0,0.109681
5961,2005-08-11,3,5,0,0.109661
5962,2005-08-13,2,3,0,0.10964
5963,2005-08-16,1,8,0,0.10962
5964,2005-08-18,4,7,0,0.109599
5965,2005-08-20,3,5,0,0.109579
5966,2005-08-23,8,3,0,0.109558
5967,2005-08-25,8,5,0,0.109538
5968,2005-08-27,4,5,0,0.109518
5969,2005-08-30,3,5,0,0.109497
5970,2005-09-01,5,3,0,0.109477
5971,2005-09-03,6,4,0,0.109456
5972,2005-09-06,2,2,1,0.109622
5973,2005-09-08,7,8,0,0.109602
5974,2005-09-10,4,5,0,0.109581
5975,2005-09-13,8,5,0,0.109561
5976,2005-09-15,3,5,0,0.109541
5977,2005-09-17,8,3,0,0.10952
5978,2005-09-20,9,5,0,0.1095
5979,2005-09-22,4,4,1,0.109665
5980,2005-09-24,9,5,0,0.109645
5981,2005-09-27,8,4,0,0.109625
5982,2005-09-29,7,5,0,0.109604
5983,2005-10-01,2,5,0,0.109584
5984,2005-10-04,5,8,0,0.109564
5985,2005-10-06,3,4,0,0.109543
5986,2005-10-08,1,3,0,0.109523
5987,2005-10-11,6,7,0,0.109503
5988,2005-10-13,5,2,0,0.109482
5989,2005-10-15,3,4,0,0.109462
5990,2005-10-18,5,3,0,0.109442
5991,2005-10-20,9,4,0,0.109421
5992,2005-10-22,6,4,0,0.109401
5993,2005-10-25,1,2,0,0.109381
5994,2005-10-27,8,7,0,0.109361
5995,2005-10-29,7,5,0,0.10934
5996,2005-11-02,4,5,0,0.10932
5997,2005-11-03,6,5,0,0.1093
5998,2005-11-05,2,2,1,0.109465
5999,2005-11-08,7,8,0,0.109444
6000,2005-11-10,8,5,0,0.109424
6001,2005-11-12,9,5,0,0.109404
6002,2005-11-15,4,4,1,0.109569
6003,2005-11-17,9,5,0,0.109548
6004,2005-11-19,6,4,0,0.109528
6005,2005-11-22,3,2,0,0.109508
6006,2005-11-24,6,3,0,0.109488
6007,2005-11-26,3,2,0,0.109467
6008,2005-11-29,4,3,0,0.109447
6009,2005-12-01,2,5,0,0.109427
6010,2005-12-03,6,8,0,0.109407
6011,2005-12-06,9,2,0,0.109387
6012,2005-12-09,3,4,0,0.109366
6013,2005-12-10,3,3,1,0.109531
6014,2005-12-13,4,3,0,0.109511
6015,2005-12-15,8,5,0,0.10949
6016,2005-12-17,2,5,0,0.10947
6017,2005-12-20,8,8,1,0.109635
6018,2005-12-22,4,5,0,0.109614
6019,2005-12-24,8,5,0,0.109594
6020,2005-12-27,5,5,1,0.109758
6021,2005-12-29,1,4,0,0.109738
6022,2005-12-31,4,7,0,0.109718
6023,2006-01-03,4,5,0,0.109698
6024,2006-01-05,7,5,0,0.109677
6025,2006-01-07,5,5,1,0.109842
6026,2006-01-10,1,4,0,0.109821
6027,2006-01-12,3,7,0,0.109801
6028,2006-01-14,6,3,0,0.109781
6029,2006-01-17,5,2,0,0.109761
6030,2006-01-19,4,4,1,0.109925
6031,2006-01-21,9,5,0,0.109904
6032,2006-01-24,8,4,0,0.109884
6033,2006-01-26,3,5,0,0.109864
6034,2006-01-28,9,3,0,0.109844
6035,2006-01-31,6,4,0,0.109823
6036,2006-02-02,3,2,0,0.109803
6037,2006-02-04,2,3,0,0.109783
6038,2006-02-07,2,8,0,0.109763
6039,2006-02-09,2,8,0,0.109743
6040,2006-02-11,5,8,0,0.109722
6041,2006-02-14,1,4,0,0.109702
6042,2006-02-16,6,7,0,0.109682
6043,2006-02-18,4,2,0,0.109662
6044,2006-02-21,2,5,0,0.109642
6045,2006-02-23,6,8,0,0.109622
6046,2006-02-25,6,2,0,0.109602
6047,2006-02-28,1,2,0,0.109581
6048,2006-03-02,8,7,0,0.109561
6049,2006-03-04,4,5,0,0.109541
6050,2006-03-07,7,5,0,0.109521
6051,2006-03-09,7,5,0,0.109501
6052,2006-03-11,1,5,0,0.109481
6053,2006-03-14,2,7,0,0.109461
6054,2006-03-16,1,8,0,0.109441
6055,2006-03-18,4,7,0,0.109421
6056,2006-03-21,5,5,1,0.109584
6057,2006-03-23,3,4,0,0.109564
6058,2006-03-25,9,3,0,0.109544
6059,2006-03-28,8,4,0,0.109524
6060,2006-03-30,3,5,0,0.109504
6061,2006-04-01,3,3,1,0.109667
6062,2006-04-04,8,3,0,0.109647
6063,2006-04-06,9,5,0,0.109627
6064,2006-04-08,2,4,0,0.109607
6065,2006-04-11,8,8,1,0.109769
6066,2006-04-13,4,5,0,0.109749
6067,2006-04-15,8,5,0,0.109729
6068,2006-04-18,1,5,0,0.109709
6069,2006-04-20,6,7,0,0.109689
6070,2006-04-22,1,2,0,0.109669
6071,2006-04-26,6,7,0,0.109649
6072,2006-04-27,9,2,0,0.109629
6073,2006-04-29,2,4,0,0.109609
6074,2006-05-02,7,8,0,0.109589
6075,2006-05-04,4,5,0,0.109569
6076,2006-05-06,4,5,0,0.109549
6077,2006-05-09,9,5,0,0.109529
6078,2006-05-11,4,4,1,0.109692
6079,2006-05-13,1,5,0,0.109672
6080,2006-05-16,4,7,0,0.109652
6081,2006-05-18,4,5,0,0.109632
6082,2006-05-20,4,5,0,0.109612
6083,2006-05-23,1,5,0,0.109592
6084,2006-05-25,6,7,0,0.109572
6085,2006-05-27,6,2,0,0.109552
6086,2006-05-30,2,2,1,0.109714
6087,2006-06-01,4,8,0,0.109694
6088,2006-06-03,4,5,0,0.109674
6089,2006-06-06,1,5,0,0.109654
6090,2006-06-08,4,7,0,0.109634
6091,2006-06-10,2,5,0,0.109614
6092,2006-06-13,2,8,0,0.109594
6093,2006-06-15,2,8,0,0.109574
6094,2006-06-17,9,8,0,0.109554
6095,2006-06-20,9,4,0,0.109534
6096,2006-06-22,5,4,0,0.109514
6097,2006-06-24,5,4,0,0.109494
6098,2006-06-27,3,4,0,0.109474
6099,2006-06-29,5,3,0,0.109455
6100,2006-07-01,2,4,0,0.109435
6101,2006-07-04,7,8,0,0.109415
6102,2006-07-06,4,5,0,0.109395
6103,2006-07-08,9,5,0,0.109375
6104,2006-07-11,4,4,1,0.109537
6105,2006-07-13,5,5,1,0.109699
6106,2006-07-15,2,4,0,0.109679
6107,2006-07-18,3,8,0,0.109659
6108,2006-07-20,5,3,0,0.109639
6109,2006-07-22,2,4,0,0.109619
6110,2006-07-25,7,8,0,0.109599
6111,2006-07-27,5,5,1,0.109761
6112,2006-07-29,5,4,0,0.109741
6113,2006-08-01,1,4,0,0.109721
6114,2006-08-03,9,7,0,0.109701
6115,2006-08-05,8,4,0,0.109681
6116,2006-08-08,9,5,0,0.109661
6117,2006-08-10,8,4,0,0.109641
6118,2006-08-12,1,5,0,0.109621
6119,2006-08-16,6,7,0,0.109601
6120,2006-08-17,3,2,0,0.109582
6121,2006-08-19,7,3,0,0.109562
6122,2006-08-22,5,5,1,0.109723
6123,2006-08-24,3,4,0,0.109703
6124,2006-08-26,2,3,0,0.109683
6125,2006-08-29,2,8,0,0.109663
6126,2006-08-31,4,8,0,0.109644
6127,2006-09-02,8,5,0,0.109624
6128,2006-09-05,2,5,0,0.109604
6129,2006-09-07,8,8,1,0.109765
6130,2006-09-09,6,5,0,0.109745
6131,2006-09-12,2,2,1,0.109906
6132,2006-09-14,2,8,0,0.109886
6133,2006-09-16,7,8,0,0.109866
6134,2006-09-19,6,5,0,0.109846
6135,2006-09-21,4,2,0,0.109827
6136,2006-09-23,2,5,0,0.109807
6137,2006-09-26,6,8,0,0.109787
6138,2006-09-28,6,2,0,0.109767
6139,2006-09-30,5,2,0,0.109747
6140,2006-10-03,4,4,1,0.109908
6141,2006-10-05,7,5,0,0.109888
6142,2006-10-07,1,5,0,0.109868
6143,2006-10-10,4,7,0,0.109848
6144,2006-10-12,3,5,0,0.109829
6145,2006-10-14,1,3,0,0.109809
6146,2006-10-17,9,7,0,0.109789
6147,2006-10-19,4,4,1,0.10995
6148,2006-10-21,4,5,0,0.10993
6149,2006-10-24,2,5,0,0.10991
6150,2006-10-26,9,8,0,0.10989
6151,2006-10-28,1,4,0,0.10987
6152,2006-10-31,6,7,0,0.109851
6153,2006-11-02,8,2,0,0.109831
6154,2006-11-04,6,5,0,0.109811
6155,2006-11-07,3,2,0,0.109791
6156,2006-11-09,4,3,0,0.109771
6157,2006-11-11,7,5,0,0.109752
6158,2006-11-14,6,5,0,0.109732
6159,2006-11-16,8,2,0,0.109712
6160,2006-11-18,8,5,0,0.109693
6161,2006-11-21,2,5,0,0.109673
6162,2006-11-23,7,8,0,0.109653
6163,2006-11-25,6,5,0,0.109633
6164,2006-11-28,8,2,0,0.109614
6165,2006-11-30,8,5,0,0.109594
6166,2006-12-02,8,5,0,0.109574
6167,2006-12-05,3,5,0,0.109555
6168,2006-12-07,4,3,0,0.109535
6169,2006-12-09,2,5,0,0.109515
6170,2006-12-12,9,8,0,0.109496
6171,2006-12-14,1,4,0,0.109476
6172,2006-12-16,9,7,0,0.109456
6173,2006-12-19,5,4,0,0.109437
6174,2006-12-21,7,4,0,0.109417
6175,2006-12-23,5,5,1,0.109577
6176,2006-12-27,1,4,0,0.109557
6177,2006-12-28,8,7,0,0.109537
6178,2006-12-30,8,5,0,0.109518
6179,2007-01-02,8,5,0,0.109498
6180,2007-01-04,5,5,1,0.109658
6181,2007-01-08,9,4,0,0.109638
6182,2007-01-09,1,4,0,0.109618
6183,2007-01-11,2,7,0,0.109599
6184,2007-01-13,7,8,0,0.109579
6185,2007-01-16,4,5,0,0.10956
6186,2007-01-18,9,5,0,0.10954
6187,2007-01-20,7,4,0,0.10952
6188,2007-01-23,2,5,0,0.109501
6189,2007-01-25,6,8,0,0.109481
6190,2007-01-27,8,2,0,0.109462
6191,2007-01-30,6,5,0,0.109442
6192,2007-02-01,9,2,0,0.109422
6193,2007-02-03,1,4,0,0.109403
6194,2007-02-06,9,7,0,0.109383
6195,2007-02-08,2,4,0,0.109364
6196,2007-02-10,7,8,0,0.109344
6197,2007-02-13,4,5,0,0.109325
6198,2007-02-15,4,5,0,0.109305
6199,2007-02-17,1,5,0,0.109286
6200,2007-02-20,7,7,1,0.109445
6201,2007-02-22,4,5,0,0.109425
6202,2007-02-24,2,5,0,0.109406
6203,2007-02-27,9,8,0,0.109386
6204,2007-03-01,7,4,0,0.109367
6205,2007-03-03,5,5,1,0.109526
6206,2007-03-06,6,4,0,0.109506
6207,2007-03-08,1,2,0,0.109486
6208,2007-03-10,5,7,0,0.109467
6209,2007-03-13,2,4,0,0.109447
6210,2007-03-15,6,8,0,0.109428
6211,2007-03-17,2,2,1,0.109587
6212,2007-03-20,4,8,0,0.109567
6213,2007-03-22,9,5,0,0.109548
6214,2007-03-24,4,4,1,0.109706
6215,2007-03-27,5,5,1,0.109865
6216,2007-03-29,4,4,1,0.110023
6217,2007-03-31,8,5,0,0.110004
6218,2007-04-03,5,5,1,0.110162
6219,2007-04-05,8,4,0,0.110142
6220,2007-04-07,8,5,0,0.110123
6221,2007-04-10,4,5,0,0.110103
6222,2007-04-12,3,5,0,0.110084
6223,2007-04-14,4,3,0,0.110064
6224,2007-04-17,7,5,0,0.110044
6225,2007-04-19,1,5,0,0.110025
6226,2007-04-21,8,7,0,0.110005
6227,2007-04-24,5,5,1,0.110163
6228,2007-04-26,9,4,0,0.110144
6229,2007-04-28,5,4,0,0.110124
6230,2007-05-02,1,4,0,0.110105
6231,2007-05-03,5,7,0,0.110085
6232,2007-05-05,3,4,0,0.110066
6233,2007-05-08,9,3,0,0.110046
6234,2007-05-10,7,4,0,0.110027
6235,2007-05-12,8,5,0,0.110007
6236,2007-05-15,3,5,0,0.109988
6237,2007-05-17,6,3,0,0.109968
6238,2007-05-19,4,2,0,0.109949
6239,2007-05-22,4,5,0,0.109929
6240,2007-05-24,3,5,0,0.10991
6241,2007-05-26,3,3,1,0.110067
6242,2007-05-29,9,3,0,0.110048
6243,2007-05-31,4,4,1,0.110206
6244,2007-06-04,7,5,0,0.110186
6245,2007-06-05,3,5,0,0.110166
6246,2007-06-07,8,3,0,0.110147
6247,2007-06-09,3,5,0,0.110127
6248,2007-06-12,1,3,0,0.110108
6249,2007-06-14,2,7,0,0.110088
6250,2007-06-16,8,8,1,0.110246
6251,2007-06-19,7,5,0,0.110226
6252,2007-06-21,4,5,0,0.110207
6253,2007-06-23,2,5,0,0.110187
6254,2007-06-26,2,8,0,0.110168
6255,2007-06-28,8,8,1,0.110325
6256,2007-06-30,6,5,0,0.110306
6257,2007-07-03,6,2,0,0.110286
6258,2007-07-05,2,2,1,0.110444
6259,2007-07-07,1,8,0,0.110424
6260,2007-07-10,5,7,0,0.110405
6261,2007-07-12,1,4,0,0.110385
6262,2007-07-14,1,7,0,0.110366
6263,2007-07-17,8,7,0,0.110346
6264,2007-07-19,2,5,0,0.110327
6265,2007-07-21,6,8,0,0.110307
6266,2007-07-24,1,2,0,0.110288
6267,2007-07-26,4,7,0,0.110268
6268,2007-07-28,2,5,0,0.110249
6269,2007-07-31,6,8,0,0.110229
6270,2007-08-02,6,2,0,0.11021
6271,2007-08-04,8,2,0,0.11019
6272,2007-08-07,6,5,0,0.110171
6273,2007-08-09,1,2,0,0.110152
6274,2007-08-11,3,7,0,0.110132
6275,2007-08-14,4,3,0,0.110113
6276,2007-08-16,9,5,0,0.110093
6277,2007-08-18,3,4,0,0.110074
6278,2007-08-21,5,3,0,0.110055
6279,2007-08-23,7,4,0,0.110035
6280,2007-08-25,6,5,0,0.110016
6281,2007-08-28,8,2,0,0.109996
6282,2007-08-30,1,5,0,0.109977
6283,2007-09-01,9,7,0,0.109958
6284,2007-09-04,1,4,0,0.109938
6285,2007-09-06,9,7,0,0.109919
6286,2007-09-08,4,4,1,0.110076
6287,2007-09-11,8,5,0,0.110056
6288,2007-09-13,9,5,0,0.110037
6289,2007-09-15,1,4,0,0.110018
6290,2007-09-18,9,7,0,0.109998
6291,2007-09-20,7,4,0,0.109979
6292,2007-09-22,4,5,0,0.10996
6293,2007-09-25,5,5,1,0.110116
6294,2007-09-27,6,4,0,0.110097
6295,2007-09-29,8,2,0,0.110077
6296,2007-10-02,7,5,0,0.110058
6297,2007-10-04,8,5,0,0.110039
6298,2007-10-06,5,5,1,0.110195
6299,2007-10-09,5,4,0,0.110175
6300,2007-10-11,6,4,0,0.110156
6301,2007-10-13,3,2,0,0.110137
6302,2007-10-16,6,3,0,0.110117
6303,2007-10-18,5,2,0,0.110098
6304,2007-10-20,9,4,0,0.110079
6305,2007-10-23,8,4,0,0.11006
6306,2007-10-25,7,5,0,0.11004
6307,2007-10-27,1,5,0,0.110021
6308,2007-10-30,2,7,0,0.110002
6309,2007-11-02,2,8,0,0.109982
6310,2007-11-03,4,8,0,0.109963
6311,2007-11-06,8,5,0,0.109944
6312,2007-11-08,5,5,1,0.1101
6313,2007-11-10,2,4,0,0.110081
6314,2007-11-13,8,8,1,0.110236
6315,2007-11-15,2,5,0,0.110217
6316,2007-11-17,5,8,0,0.110198
6317,2007-11-20,9,4,0,0.110178
6318,2007-11-22,5,4,0,0.110159
6319,2007-11-24,5,4,0,0.11014
6320,2007-11-27,5,4,0,0.110121
6321,2007-11-29,6,4,0,0.110101
6322,2007-12-01,9,2,0,0.110082
6323,2007-12-04,5,4,0,0.110063
6324,2007-12-06,7,4,0,0.110044
6325,2007-12-10,9,5,0,0.110024
6326,2007-12-11,8,4,0,0.110005
6327,2007-12-13,2,5,0,0.109986
6328,2007-12-15,6,8,0,0.109967
6329,2007-12-18,7,2,0,0.109948
6330,2007-12-20,3,5,0,0.109928
6331,2007-12-22,4,3,0,0.109909
6332,2007-12-24,1,5,0,0.10989
6333,2007-12-27,4,7,0,0.109871
6334,2007-12-29,9,5,0,0.109852
6335,2008-01-02,7,4,0,0.109833
6336,2008-01-03,6,5,0,0.109813
6337,2008-01-05,2,2,1,0.109969
6338,2008-01-08,4,8,0,0.109949
6339,2008-01-10,8,5,0,0.10993
6340,2008-01-12,2,5,0,0.109911
6341,2008-01-15,5,8,0,0.109892
6342,2008-01-17,9,4,0,0.109873
6343,2008-01-19,9,4,0,0.109854
6344,2008-01-22,8,4,0,0.109835
6345,2008-01-24,3,5,0,0.109816
6346,2008-01-26,8,3,0,0.109796
6347,2008-01-29,8,5,0,0.109777
6348,2008-01-31,7,5,0,0.109758
6349,2008-02-02,2,5,0,0.109739
6350,2008-02-05,4,8,0,0.10972
6351,2008-02-07,9,5,0,0.109701
6352,2008-02-09,7,4,0,0.109682
6353,2008-02-12,3,5,0,0.109663
6354,2008-02-14,6,3,0,0.109644
6355,2008-02-16,7,2,0,0.109625
6356,2008-02-19,1,5,0,0.109606
6357,2008-02-21,5,7,0,0.109587
6358,2008-02-23,3,4,0,0.109568
6359,2008-02-26,7,3,0,0.109549
6360,2008-02-28,4,5,0,0.10953
6361,2008-03-01,5,5,1,0.109684
6362,2008-03-04,2,4,0,0.109665
6363,2008-03-06,8,8,1,0.10982
6364,2008-03-08,2,5,0,0.109801
6365,2008-03-11,3,8,0,0.109781
6366,2008-03-13,6,3,0,0.109762
6367,2008-03-15,7,2,0,0.109743
6368,2008-03-18,2,5,0,0.109724
6369,2008-03-20,5,8,0,0.109705
6370,2008-03-22,8,4,0,0.109686
6371,2008-03-25,6,5,0,0.109667
6372,2008-03-27,5,2,0,0.109648
6373,2008-03-29,6,4,0,0.109629
6374,2008-04-01,6,2,0,0.10961
6375,2008-04-03,8,2,0,0.109591
6376,2008-04-05,7,5,0,0.109572
6377,2008-04-08,8,5,0,0.109553
6378,2008-04-10,7,5,0,0.109535
6379,2008-04-12,2,5,0,0.109516
6380,2008-04-15,2,8,0,0.109497
6381,2008-04-17,9,8,0,0.109478
6382,2008-04-19,3,4,0,0.109459
6383,2008-04-22,7,3,0,0.10944
6384,2008-04-24,6,5,0,0.109421
6385,2008-04-26,8,2,0,0.109402
6386,2008-04-29,4,5,0,0.109383
6387,2008-05-02,8,5,0,0.109364
6388,2008-05-03,3,5,0,0.109345
6389,2008-05-06,3,3,1,0.109499
6390,2008-05-08,9,3,0,0.10948
6391,2008-05-10,4,4,1,0.109634
6392,2008-05-13,4,5,0,0.109615
6393,2008-05-15,8,5,0,0.109596
6394,2008-05-17,2,5,0,0.109577
6395,2008-05-20,7,8,0,0.109558
6396,2008-05-22,6,5,0,0.109539
6397,2008-05-24,9,2,0,0.109521
6398,2008-05-27,4,4,1,0.109674
6399,2008-05-29,2,5,0,0.109655
6400,2008-05-31,1,8,0,0.109636
6401,2008-06-03,9,7,0,0.109617
6402,2008-06-05,7,4,0,0.109598
6403,2008-06-07,6,5,0,0.10958
6404,2008-06-10,2,2,1,0.109733
6405,2008-06-12,1,8,0,0.109714
6406,2008-06-14,3,7,0,0.109695
6407,2008-06-17,6,3,0,0.109676
6408,2008-06-19,5,2,0,0.109657
6409,2008-06-21,5,4,0,0.109639
6410,2008-06-24,8,4,0,0.10962
6411,2008-06-26,8,5,0,0.109601
6412,2008-06-28,7,5,0,0.109582
6413,2008-07-01,9,5,0,0.109563
6414,2008-07-03,9,4,0,0.109544
6415,2008-07-05,1,4,0,0.109525
6416,2008-07-08,1,7,0,0.109507
6417,2008-07-10,6,7,0,0.109488
6418,2008-07-12,7,2,0,0.109469
6419,2008-07-15,6,5,0,0.10945
6420,2008-07-17,9,2,0,0.109431
6421,2008-07-19,8,4,0,0.109413
6422,2008-07-22,3,5,0,0.109394
6423,2008-07-24,9,3,0,0.109375
6424,2008-07-26,4,4,1,0.109528
6425,2008-07-29,6,5,0,0.109509
6426,2008-07-31,1,2,0,0.10949
6427,2008-08-02,5,7,0,0.109472
6428,2008-08-05,3,4,0,0.109453
6429,2008-08-07,3,3,1,0.109605
6430,2008-08-09,5,3,0,0.109587
6431,2008-08-12,5,4,0,0.109568
6432,2008-08-14,2,4,0,0.109549
6433,2008-08-16,3,8,0,0.10953
6434,2008-08-19,6,3,0,0.109512
6435,2008-08-21,6,2,0,0.109493
6436,2008-08-23,8,2,0,0.109474
6437,2008-08-26,9,5,0,0.109455
6438,2008-08-28,3,4,0,0.109437
6439,2008-08-30,4,3,0,0.109418
6440,2008-09-02,9,5,0,0.109399
6441,2008-09-04,5,4,0,0.10938
6442,2008-09-06,1,4,0,0.109362
6443,2008-09-09,6,7,0,0.109343
6444,2008-09-11,7,2,0,0.109324
6445,2008-09-13,4,6,0,0.109306
6446,2008-09-16,5,5,1,0.109458
6447,2008-09-18,6,4,0,0.109439
6448,2008-09-20,5,2,0,0.10942
6449,2008-09-23,7,4,0,0.109402
6450,2008-09-25,3,6,0,0.109383
6451,2008-09-27,8,3,0,0.109364
6452,2008-09-30,8,5,0,0.109346
6453,2008-10-02,2,5,0,0.109327
6454,2008-10-04,4,8,0,0.109308
6455,2008-10-07,5,5,1,0.10946
6456,2008-10-09,7,4,0,0.109442
6457,2008-10-11,8,6,0,0.109423
6458,2008-10-14,6,5,0,0.109404
6459,2008-10-16,8,2,0,0.109386
6460,2008-10-18,1,5,0,0.109367
6461,2008-10-21,1,7,0,0.109348
6462,2008-10-23,7,7,1,0.1095
6463,2008-10-25,2,6,0,0.109482
6464,2008-10-28,8,8,1,0.109633
6465,2008-10-30,2,5,0,0.109615
6466,2008-11-03,4,8,0,0.109596
6467,2008-11-04,8,5,0,0.109577
6468,2008-11-06,7,5,0,0.109559
6469,2008-11-08,7,6,0,0.10954
6470,2008-11-11,2,6,0,0.109521
6471,2008-11-13,1,8,0,0.109503
6472,2008-11-15,1,7,0,0.109484
6473,2008-11-18,5,7,0,0.109465
6474,2008-11-20,2,4,0,0.109447
6475,2008-11-22,9,8,0,0.109428
6476,2008-11-25,9,4,0,0.10941
6477,2008-11-27,5,4,0,0.109391
6478,2008-11-29,4,4,1,0.109542
6479,2008-12-02,2,5,0,0.109524
6480,2008-12-04,3,8,0,0.109505
6481,2008-12-06,5,3,0,0.109487
6482,2008-12-09,9,4,0,0.109468
6483,2008-12-11,4,4,1,0.109619
6484,2008-12-13,1,5,0,0.109601
6485,2008-12-16,4,7,0,0.109582
6486,2008-12-18,4,5,0,0.109563
6487,2008-12-20,8,5,0,0.109545
6488,2008-12-23,9,5,0,0.109526
6489,2008-12-24,9,4,0,0.109508
6490,2008-12-27,3,4,0,0.109489
6491,2008-12-30,8,3,0,0.10947
6492,2009-01-02,1,5,0,0.109452
6493,2009-01-03,9,7,0,0.109433
6494,2009-01-07,8,4,0,0.109415
6495,2009-01-08,5,5,1,0.109566
6496,2009-01-10,2,4,0,0.109547
6497,2009-01-13,9,8,0,0.109529
6498,2009-01-15,6,4,0,0.10951
6499,2009-01-17,6,2,0,0.109492
6500,2009-01-20,4,2,0,0.109473
6501,2009-01-22,1,5,0,0.109454
6502,2009-01-24,1,7,0,0.109436
6503,2009-01-27,8,7,0,0.109417
6504,2009-01-29,5,5,1,0.109568
6505,2009-01-31,4,4,1,0.109719
6506,2009-02-03,7,5,0,0.1097
6507,2009-02-05,7,6,0,0.109682
6508,2009-02-07,8,6,0,0.109663
6509,2009-02-10,4,5,0,0.109645
6510,2009-02-12,2,5,0,0.109626
6511,2009-02-14,9,8,0,0.109608
6512,2009-02-17,6,4,0,0.109589
6513,2009-02-19,3,2,0,0.109571
6514,2009-02-21,8,3,0,0.109552
6515,2009-02-24,3,5,0,0.109533
6516,2009-02-26,8,3,0,0.109515
6517,2009-02-28,1,5,0,0.109496
6518,2009-03-03,6,7,0,0.109478
6519,2009-03-05,6,2,0,0.109459
6520,2009-03-07,8,2,0,0.109441
6521,2009-03-10,7,5,0,0.109422
6522,2009-03-12,5,6,0,0.109404
6523,2009-03-14,9,4,0,0.109386
6524,2009-03-17,3,4,0,0.109367
6525,2009-03-19,5,3,0,0.109349
6526,2009-03-21,1,4,0,0.10933
6527,2009-03-24,2,7,0,0.109312
6528,2009-03-26,1,8,0,0.109293
6529,2009-03-28,6,7,0,0.109275
6530,2009-03-31,2,2,1,0.109425
6531,2009-04-02,1,8,0,0.109407
6532,2009-04-04,8,7,0,0.109388
6533,2009-04-07,5,5,1,0.109538
6534,2009-04-09,3,4,0,0.10952
6535,2009-04-11,3,3,1,0.10967
6536,2009-04-14,8,3,0,0.109651
6537,2009-04-16,1,5,0,0.109633
6538,2009-04-18,3,7,0,0.109614
6539,2009-04-21,2,3,0,0.109596
6540,2009-04-23,1,8,0,0.109578
6541,2009-04-27,2,7,0,0.109559
6542,2009-04-28,2,8,0,0.109541
6543,2009-04-30,9,8,0,0.109522
6544,2009-05-02,6,4,0,0.109504
6545,2009-05-05,6,2,0,0.109485
6546,2009-05-07,2,2,1,0.109635
6547,2009-05-09,7,8,0,0.109617
6548,2009-05-12,6,5,0,0.109598
6549,2009-05-14,7,2,0,0.10958
6550,2009-05-16,4,6,0,0.109561
6551,2009-05-19,6,5,0,0.109543
6552,2009-05-21,7,2,0,0.109525
6553,2009-05-23,2,6,0,0.109506
6554,2009-05-26,1,8,0,0.109488
6555,2009-05-28,4,7,0,0.109469
6556,2009-05-30,2,5,0,0.109451
6557,2009-06-03,2,8,0,0.109433
6558,2009-06-04,8,8,1,0.109582
6559,2009-06-06,9,5,0,0.109564
6560,2009-06-09,3,4,0,0.109545
6561,2009-06-11,8,3,0,0.109527
6562,2009-06-13,8,5,0,0.109509
6563,2009-06-16,2,5,0,0.10949
6564,2009-06-18,3,8,0,0.109472
6565,2009-06-20,8,3,0,0.109454
6566,2009-06-23,3,5,0,0.109435
6567,2009-06-25,7,8,0,0.109417
6568,2009-06-27,5,6,0,0.109399
6569,2009-06-30,6,4,0,0.10938
6570,2009-07-02,1,2,0,0.109362
6571,2009-07-04,8,7,0,0.109344
6572,2009-07-07,5,5,1,0.109493
6573,2009-07-09,4,4,1,0.109642
6574,2009-07-11,4,5,0,0.109623
6575,2009-07-14,5,5,1,0.109772
6576,2009-07-16,1,4,0,0.109754
6577,2009-07-18,8,7,0,0.109736
6578,2009-07-21,8,5,0,0.109717
6579,2009-07-23,2,5,0,0.109699
6580,2009-07-25,1,8,0,0.109681
6581,2009-07-28,1,7,0,0.109662
6582,2009-07-30,3,7,0,0.109644
6583,2009-08-01,7,8,0,0.109626
6584,2009-08-04,3,5,0,0.109607
6585,2009-08-06,4,8,0,0.109589
6586,2009-08-08,4,5,0,0.109571
6587,2009-08-11,1,5,0,0.109552
6588,2009-08-13,1,7,0,0.109534
6589,2009-08-17,9,7,0,0.109516
6590,2009-08-18,8,4,0,0.109498
6591,2009-08-20,8,5,0,0.109479
6592,2009-08-22,7,5,0,0.109461
6593,2009-08-25,8,5,0,0.109443
6594,2009-08-27,2,5,0,0.109425
6595,2009-08-29,2,8,0,0.109406
6596,2009-09-01,7,8,0,0.109388
6597,2009-09-03,4,5,0,0.10937
6598,2009-09-05,7,5,0,0.109352
6599,2009-09-08,5,5,1,0.1095
6600,2009-09-10,7,4,0,0.109482
6601,2009-09-12,5,5,1,0.10963
6602,2009-09-15,8,4,0,0.109612
6603,2009-09-17,8,5,0,0.109594
6604,2009-09-19,6,5,0,0.109575
6605,2009-09-22,1,2,0,0.109557
6606,2009-09-24,4,7,0,0.109539
6607,2009-09-26,7,5,0,0.109521
6608,2009-09-29,2,5,0,0.109502
6609,2009-10-01,2,8,0,0.109484
6610,2009-10-03,7,8,0,0.109466
6611,2009-10-06,1,5,0,0.109448
6612,2009-10-08,4,7,0,0.10943
6613,2009-10-10,4,5,0,0.109411
6614,2009-10-13,4,5,0,0.109393
6615,2009-10-15,7,5,0,0.109375
6616,2009-10-17,9,5,0,0.109357
6617,2009-10-20,5,4,0,0.109339
6618,2009-10-22,6,4,0,0.10932
6619,2009-10-24,3,2,0,0.109302
6620,2009-10-27,5,8,0,0.109284
6621,2009-10-29,7,4,0,0.109266
6622,2009-10-31,4,5,0,0.109248
6623,2009-11-03,4,5,0,0.10923
6624,2009-11-05,7,5,0,0.109212
6625,2009-11-07,4,5,0,0.109193
6626,2009-11-10,8,5,0,0.109175
6627,2009-11-12,8,5,0,0.109157
6628,2009-11-14,1,5,0,0.109139
6629,2009-11-17,3,4,0,0.109121
6630,2009-11-19,6,8,0,0.109103
6631,2009-11-21,4,2,0,0.109085
6632,2009-11-24,2,5,0,0.109067
6633,2009-11-26,5,8,0,0.109049
6634,2009-11-28,6,4,0,0.109031
6635,2009-12-01,8,2,0,0.109013
6636,2009-12-03,4,5,0,0.108995
6637,2009-12-05,7,5,0,0.108976
6638,2009-12-09,4,5,0,0.108958
6639,2009-12-10,6,5,0,0.10894
6640,2009-12-12,1,2,0,0.108922
6641,2009-12-15,4,4,1,0.10907
6642,2009-12-17,4,5,0,0.109052
6643,2009-12-19,9,5,0,0.109034
6644,2009-12-22,3,4,0,0.109016
6645,2009-12-24,2,8,0,0.108998
6646,2009-12-28,2,8,0,0.10898
6647,2009-12-29,5,8,0,0.108962
6648,2009-12-31,6,4,0,0.108944
6649,2010-01-02,1,2,0,0.108926
6650,2010-01-05,2,4,0,0.108908
6651,2010-01-07,2,8,0,0.10889
6652,2010-01-09,8,8,1,0.109037
6653,2010-01-12,7,5,0,0.109019
6654,2010-01-14,8,5,0,0.109001
6655,2010-01-16,6,5,0,0.108983
6656,2010-01-19,8,2,0,0.108965
6657,2010-01-21,3,5,0,0.108947
6658,2010-01-23,6,8,0,0.108929
6659,2010-01-26,5,2,0,0.108911
6660,2010-01-28,9,4,0,0.108893
6661,2010-01-30,5,4,0,0.108875
6662,2010-02-02,5,4,0,0.108857
6663,2010-02-04,4,4,1,0.109004
6664,2010-02-06,2,5,0,0.108986
6665,2010-02-09,1,8,0,0.108968
6666,2010-02-11,3,4,0,0.10895
6667,2010-02-13,6,8,0,0.108932
6668,2010-02-16,2,2,1,0.109079
6669,2010-02-18,3,8,0,0.109061
6670,2010-02-20,7,8,0,0.109043
6671,2010-02-23,1,5,0,0.109025
6672,2010-02-25,3,4,0,0.109007
6673,2010-02-27,3,8,0,0.108989
6674,2010-03-02,4,3,0,0.108971
6675,2010-03-04,5,5,1,0.109118
6676,2010-03-06,9,4,0,0.1091
6677,2010-03-09,8,4,0,0.109082
6678,2010-03-11,4,5,0,0.109064
6679,2010-03-13,4,5,0,0.109046
6680,2010-03-16,6,5,0,0.109028
6681,2010-03-18,8,2,0,0.10901
6682,2010-03-20,3,5,0,0.108992
6683,2010-03-23,9,3,0,0.108974
6684,2010-03-25,6,4,0,0.108956
6685,2010-03-27,7,2,0,0.108939
6686,2010-03-30,6,5,0,0.108921
6687,2010-04-01,6,2,0,0.108903
6688,2010-04-03,7,2,0,0.108885
6689,2010-04-06,1,5,0,0.108867
6690,2010-04-08,5,4,0,0.108849
6691,2010-04-10,3,4,0,0.108831
6692,2010-04-13,8,3,0,0.108813
6693,2010-04-15,7,5,0,0.108796
6694,2010-04-17,1,5,0,0.108778
6695,2010-04-20,4,4,1,0.108924
6696,2010-04-22,4,5,0,0.108906
6697,2010-04-24,8,5,0,0.108888
6698,2010-04-27,3,5,0,0.10887
6699,2010-04-29,1,8,0,0.108852
6700,2010-05-03,8,4,0,0.108835
6701,2010-05-04,2,5,0,0.108817
6702,2010-05-06,2,8,0,0.108799
6703,2010-05-08,4,8,0,0.108781
6704,2010-05-11,2,5,0,0.108763
6705,2010-05-13,6,8,0,0.108745
6706,2010-05-15,7,2,0,0.108728
6707,2010-05-18,4,5,0,0.10871
6708,2010-05-20,2,5,0,0.108692
6709,2010-05-22,6,8,0,0.108674
6710,2010-05-25,8,2,0,0.108657
6711,2010-05-27,4,5,0,0.108639
6712,2010-05-29,3,5,0,0.108621
6713,2010-06-01,1,8,0,0.108603
6714,2010-06-03,4,4,1,0.108749
6715,2010-06-05,9,5,0,0.108731
6716,2010-06-08,9,4,0,0.108713
6717,2010-06-10,5,4,0,0.108696
6718,2010-06-12,2,4,0,0.108678
6719,2010-06-15,6,8,0,0.10866
6720,2010-06-17,2,2,1,0.108806
6721,2010-06-19,6,8,0,0.108788
6722,2010-06-22,9,2,0,0.10877
6723,2010-06-24,7,4,0,0.108752
6724,2010-06-26,6,5,0,0.108735
6725,2010-06-29,2,2,1,0.10888
6726,2010-07-01,5,8,0,0.108862
6727,2010-07-03,1,4,0,0.108845
6728,2010-07-06,1,4,0,0.108827
6729,2010-07-08,3,4,0,0.108809
6730,2010-07-10,9,8,0,0.108791
6731,2010-07-13,3,4,0,0.108774
6732,2010-07-15,1,8,0,0.108756
6733,2010-07-17,9,4,0,0.108738
6734,2010-07-20,9,4,0,0.10872
6735,2010-07-22,1,4,0,0.108703
6736,2010-07-24,1,4,0,0.108685
6737,2010-07-27,4,4,1,0.10883
6738,2010-07-29,7,5,0,0.108813
6739,2010-07-31,2,5,0,0.108795
6740,2010-08-03,9,8,0,0.108777
6741,2010-08-05,9,4,0,0.108759
6742,2010-08-07,4,4,1,0.108904
6743,2010-08-10,3,5,0,0.108887
6744,2010-08-12,5,8,0,0.108869
6745,2010-08-14,4,4,1,0.109014
6746,2010-08-17,4,5,0,0.108996
6747,2010-08-19,3,5,0,0.108979
6748,2010-08-21,6,8,0,0.108961
6749,2010-08-24,3,2,0,0.108943
6750,2010-08-26,6,8,0,0.108925
6751,2010-08-28,8,2,0,0.108908
6752,2010-08-31,7,5,0,0.10889
6753,2010-09-02,7,5,0,0.108872
6754,2010-09-04,6,5,0,0.108855
6755,2010-09-07,3,2,0,0.108837
6756,2010-09-09,5,8,0,0.108819
6757,2010-09-11,2,4,0,0.108802
6758,2010-09-14,4,8,0,0.108784
6759,2010-09-16,6,5,0,0.108766
6760,2010-09-18,1,2,0,0.108749
6761,2010-09-21,8,4,0,0.108731
6762,2010-09-23,6,5,0,0.108713
6763,2010-09-25,1,2,0,0.108696
6764,2010-09-28,9,4,0,0.108678
6765,2010-09-30,2,4,0,0.10866
6766,2010-10-02,4,8,0,0.108643
6767,2010-10-05,2,5,0,0.108625
6768,2010-10-07,2,8,0,0.108608
6769,2010-10-09,5,8,0,0.10859
6770,2010-10-12,2,4,0,0.108572
6771,2010-10-14,3,8,0,0.108555
6772,2010-10-16,1,8,0,0.108537
6773,2010-10-19,8,4,0,0.10852
6774,2010-10-21,7,5,0,0.108502
6775,2010-10-23,2,6,0,0.108484
6776,2010-10-26,4,8,0,0.108467
6777,2010-10-28,9,5,0,0.108449
6778,2010-10-30,3,4,0,0.108432
6779,2010-11-02,5,8,0,0.108414
6780,2010-11-04,8,4,0,0.108397
6781,2010-11-06,5,5,1,0.108541
6782,2010-11-09,9,4,0,0.108523
6783,2010-11-11,1,4,0,0.108506
6784,2010-11-13,4,4,1,0.10865
6785,2010-11-16,8,5,0,0.108632
6786,2010-11-18,6,5,0,0.108615
6787,2010-11-20,9,2,0,0.108597
6788,2010-11-23,4,4,1,0.108741
6789,2010-11-25,2,5,0,0.108724
6790,2010-11-27,8,8,1,0.108868
6791,2010-11-30,2,5,0,0.10885
6792,2010-12-02,7,8,0,0.108833
6793,2010-12-04,1,6,0,0.108815
6794,2010-12-07,2,4,0,0.108797
6795,2010-12-09,2,8,0,0.10878
6796,2010-12-11,4,8,0,0.108762
6797,2010-12-14,1,5,0,0.108745
6798,2010-12-16,4,4,1,0.108889
6799,2010-12-18,2,5,0,0.108871
6800,2010-12-21,5,8,0,0.108853
6801,2010-12-23,7,4,0,0.108836
6802,2010-12-27,6,6,1,0.10898
6803,2010-12-28,7,2,0,0.108962
6804,2010-12-30,3,6,0,0.108944
6805,2011-01-03,5,8,0,0.108927
6806,2011-01-04,9,4,0,0.108909
6807,2011-01-07,4,4,1,0.109053
6808,2011-01-08,3,5,0,0.109035
6809,2011-01-11,6,8,0,0.109018
6810,2011-01-13,4,2,0,0.109
6811,2011-01-15,7,5,0,0.108983
6812,2011-01-18,4,6,0,0.108965
6813,2011-01-20,8,5,0,0.108948
6814,2011-01-22,2,5,0,0.10893
6815,2011-01-25,5,8,0,0.108912
6816,2011-01-27,6,4,0,0.108895
6817,2011-01-29,6,2,0,0.108877
6818,2011-02-01,2,2,1,0.109021
6819,2011-02-03,5,8,0,0.109003
6820,2011-02-05,5,4,0,0.108986
6821,2011-02-08,3,4,0,0.108968
6822,2011-02-10,1,8,0,0.108951
6823,2011-02-12,5,4,0,0.108933
6824,2011-02-15,1,4,0,0.108916
6825,2011-02-17,3,4,0,0.108898
6826,2011-02-19,3,8,0,0.108881
6827,2011-02-22,3,3,1,0.109024
6828,2011-02-24,9,3,0,0.109006
6829,2011-02-26,2,4,0,0.108989
6830,2011-03-01,5,8,0,0.108971
6831,2011-03-03,8,4,0,0.108954
6832,2011-03-05,6,5,0,0.108936
6833,2011-03-08,4,2,0,0.108919
6834,2011-03-10,1,5,0,0.108901
6835,2011-03-12,6,4,0,0.108884
6836,2011-03-15,7,2,0,0.108866
6837,2011-03-18,9,6,0,0.108849
6838,2011-03-19,9,4,0,0.108832
6839,2011-03-22,3,4,0,0.108814
6840,2011-03-24,8,3,0,0.108797
6841,2011-03-26,7,5,0,0.108779
6842,2011-03-29,2,6,0,0.108762
6843,2011-03-31,3,8,0,0.108744
6844,2011-04-02,5,3,0,0.108727
6845,2011-04-05,4,4,1,0.10887
6846,2011-04-07,9,5,0,0.108852
6847,2011-04-09,3,4,0,0.108835
6848,2011-04-12,2,3,0,0.108817
6849,2011-04-14,9,8,0,0.1088
6850,2011-04-16,5,4,0,0.108783
6851,2011-04-19,6,4,0,0.108765
6852,2011-04-21,7,2,0,0.108748
6853,2011-04-23,4,6,0,0.10873
6854,2011-04-26,1,5,0,0.108713
6855,2011-04-28,9,4,0,0.108696
6856,2011-04-30,7,4,0,0.108678
6857,2011-05-03,1,6,0,0.108661
6858,2011-05-05,2,4,0,0.108644
6859,2011-05-07,1,8,0,0.108626
6860,2011-05-10,2,4,0,0.108609
6861,2011-05-12,1,8,0,0.108592
6862,2011-05-14,6,4,0,0.108574
6863,2011-05-17,2,2,1,0.108716
6864,2011-05-19,1,8,0,0.108699
6865,2011-05-21,4,4,1,0.108841
6866,2011-05-24,9,5,0,0.108824
6867,2011-05-26,1,4,0,0.108807
6868,2011-05-28,7,4,0,0.108789
6869,2011-05-31,8,6,0,0.108772
6870,2011-06-03,9,5,0,0.108755
6871,2011-06-04,8,4,0,0.108737
6872,2011-06-07,8,5,0,0.10872
6873,2011-06-09,4,5,0,0.108703
6874,2011-06-11,7,5,0,0.108685
6875,2011-06-14,8,6,0,0.108668
6876,2011-06-16,2,5,0,0.108651
6877,2011-06-18,1,8,0,0.108633
6878,2011-06-21,9,4,0,0.108616
6879,2011-06-23,2,4,0,0.108599
6880,2011-06-25,2,8,0,0.108581
6881,2011-06-28,6,8,0,0.108564
6882,2011-06-30,6,2,0,0.108547
6883,2011-07-02,4,2,0,0.10853
6884,2011-07-05,3,5,0,0.108512
6885,2011-07-07,4,3,0,0.108495
6886,2011-07-09,3,5,0,0.108478
6887,2011-07-12,6,3,0,0.108461
6888,2011-07-14,3,2,0,0.108443
6889,2011-07-16,5,3,0,0.108426
6890,2011-07-19,2,4,0,0.108409
6891,2011-07-21,4,8,0,0.108392
6892,2011-07-23,4,5,0,0.108374
6893,2011-07-26,8,5,0,0.108357
6894,2011-07-28,9,5,0,0.10834
6895,2011-07-30,5,4,0,0.108323
6896,2011-08-02,8,4,0,0.108306
6897,2011-08-04,9,5,0,0.108288
6898,2011-08-06,9,4,0,0.108271
6899,2011-08-09,9,4,0,0.108254
6900,2011-08-11,4,4,1,0.108395
6901,2011-08-13,3,5,0,0.108378
6902,2011-08-16,2,3,0,0.108361
6903,2011-08-18,2,8,0,0.108344
6904,2011-08-20,6,8,0,0.108327
6905,2011-08-23,8,2,0,0.10831
6906,2011-08-25,9,5,0,0.108292
6907,2011-08-27,4,4,1,0.108434
6908,2011-08-30,1,5,0,0.108417
6909,2011-09-01,4,4,1,0.108558
6910,2011-09-03,2,5,0,0.108541
6911,2011-09-06,2,8,0,0.108523
6912,2011-09-08,4,8,0,0.108506
6913,2011-09-10,9,5,0,0.108489
6914,2011-09-13,3,4,0,0.108472
6915,2011-09-15,6,3,0,0.108455
6916,2011-09-17,3,2,0,0.108438
6917,2011-09-20,8,3,0,0.10842
6918,2011-09-22,5,5,1,0.108561
6919,2011-09-24,5,4,0,0.108544
6920,2011-09-27,5,4,0,0.108527
6921,2011-09-29,7,4,0,0.10851
6922,2011-10-01,4,6,0,0.108493
6923,2011-10-04,7,5,0,0.108476
6924,2011-10-06,7,6,0,0.108458
6925,2011-10-08,6,6,1,0.108599
6926,2011-10-11,7,2,0,0.108582
6927,2011-10-13,4,6,0,0.108565
6928,2011-10-15,4,5,0,0.108548
6929,2011-10-18,4,5,0,0.108531
6930,2011-10-20,1,5,0,0.108514
6931,2011-10-22,9,4,0,0.108497
6932,2011-10-25,2,4,0,0.108479
6933,2011-10-27,8,8,1,0.10862
6934,2011-10-29,1,5,0,0.108603
6935,2011-11-02,4,4,1,0.108744
6936,2011-11-03,5,5,1,0.108884
6937,2011-11-05,7,4,0,0.108867
6938,2011-11-08,4,6,0,0.10885
6939,2011-11-10,9,5,0,0.108833
6940,2011-11-12,6,4,0,0.108816
6941,2011-11-15,1,2,0,0.108798
6942,2011-11-17,2,4,0,0.108781
6943,2011-11-19,3,8,0,0.108764
6944,2011-11-22,7,8,0,0.108747
6945,2011-11-24,2,6,0,0.10873
6946,2011-11-26,2,8,0,0.108713
6947,2011-11-29,1,8,0,0.108696
6948,2011-12-01,4,4,1,0.108836
6949,2011-12-03,8,5,0,0.108819
6950,2011-12-06,1,5,0,0.108802
6951,2011-12-09,1,4,0,0.108785
6952,2011-12-10,5,4,0,0.108768
6953,2011-12-13,8,4,0,0.10875
6954,2011-12-15,5,5,1,0.108891
6955,2011-12-17,2,4,0,0.108874
6956,2011-12-20,2,8,0,0.108856
6957,2011-12-22,8,8,1,0.108997
6958,2011-12-24,8,5,0,0.108979
6959,2011-12-27,6,5,0,0.108962
6960,2011-12-29,9,2,0,0.108945
6961,2011-12-31,8,4,0,0.108928
6962,2012-01-03,9,5,0,0.108911
6963,2012-01-05,7,4,0,0.108894
6964,2012-01-07,5,6,0,0.108877
6965,2012-01-10,3,4,0,0.10886
6966,2012-01-12,6,8,0,0.108842
6967,2012-01-14,3,2,0,0.108825
6968,2012-01-17,7,8,0,0.108808
6969,2012-01-19,5,6,0,0.108791
6970,2012-01-21,2,4,0,0.108774
6971,2012-01-24,6,8,0,0.108757
6972,2012-01-26,5,2,0,0.10874
6973,2012-01-28,4,4,1,0.10888
6974,2012-01-31,5,5,1,0.10902
6975,2012-02-02,4,4,1,0.109159
6976,2012-02-04,3,5,0,0.109142
6977,2012-02-07,9,8,0,0.109125
6978,2012-02-09,9,4,0,0.109108
6979,2012-02-11,8,4,0,0.109091
6980,2012-02-14,3,5,0,0.109074
6981,2012-02-16,4,8,0,0.109057
6982,2012-02-18,3,5,0,0.10904
6983,2012-02-21,8,8,1,0.109179
6984,2012-02-23,2,5,0,0.109162
6985,2012-02-25,4,8,0,0.109145
6986,2012-02-28,1,5,0,0.109128
6987,2012-03-01,6,4,0,0.109111
6988,2012-03-03,1,2,0,0.109094
6989,2012-03-06,7,4,0,0.109077
6990,2012-03-08,3,6,0,0.10906
6991,2012-03-10,9,8,0,0.109043
6992,2012-03-13,8,4,0,0.109025
6993,2012-03-15,4,5,0,0.109008
6994,2012-03-17,6,5,0,0.108991
6995,2012-03-20,1,2,0,0.108974
6996,2012-03-22,4,4,1,0.109114
6997,2012-03-24,2,5,0,0.109097
6998,2012-03-27,1,8,0,0.10908
6999,2012-03-29,7,4,0,0.109063
7000,2012-03-31,5,6,0,0.109045
7001,2012-04-03,4,4,1,0.109185
7002,2012-04-05,2,5,0,0.109168
7003,2012-04-07,1,8,0,0.109151
7004,2012-04-10,3,4,0,0.109133
7005,2012-04-12,2,8,0,0.109116
7006,2012-04-14,1,8,0,0.109099
7007,2012-04-17,7,4,0,0.109082
7008,2012-04-19,8,5,0,0.109065
7009,2012-04-21,3,5,0,0.109048
7010,2012-04-24,8,8,1,0.109187
7011,2012-04-26,4,5,0,0.10917
7012,2012-04-28,6,5,0,0.109153
7013,2012-05-02,7,2,0,0.109136
7014,2012-05-03,8,5,0,0.109119
7015,2012-05-05,3,5,0,0.109102
7016,2012-05-08,6,8,0,0.109085
7017,2012-05-10,3,2,0,0.109068
7018,2012-05-12,6,8,0,0.109051
7019,2012-05-15,5,2,0,0.109034
7020,2012-05-17,5,4,0,0.109017
7021,2012-05-19,1,4,0,0.109
7022,2012-05-22,8,4,0,0.108983
7023,2012-05-24,3,5,0,0.108966
7024,2012-05-26,3,8,0,0.108949
7025,2012-05-29,6,8,0,0.108932
7026,2012-05-31,6,2,0,0.108916
7027,2012-06-04,5,2,0,0.108899
7028,2012-06-05,6,4,0,0.108882
7029,2012-06-07,8,2,0,0.108865
7030,2012-06-09,2,5,0,0.108848
7031,2012-06-12,2,8,0,0.108831
7032,2012-06-14,8,8,1,0.108969
7033,2012-06-16,5,5,1,0.109108
7034,2012-06-19,2,4,0,0.109091
7035,2012-06-21,7,8,0,0.109074
7036,2012-06-23,7,5,0,0.109057
7037,2012-06-26,6,5,0,0.10904
7038,2012-06-28,7,2,0,0.109023
7039,2012-06-30,1,6,0,0.109006
7040,2012-07-03,3,4,0,0.108989
7041,2012-07-05,5,8,0,0.108972
7042,2012-07-07,8,4,0,0.108955
7043,2012-07-10,1,5,0,0.108939
7044,2012-07-12,9,4,0,0.108922
7045,2012-07-14,5,4,0,0.108905
7046,2012-07-17,4,4,1,0.109043
7047,2012-07-19,4,5,0,0.109026
7048,2012-07-21,6,5,0,0.109009
7049,2012-07-24,8,2,0,0.108992
7050,2012-07-26,2,5,0,0.108975
7051,2012-07-28,5,8,0,0.108958
7052,2012-07-31,2,4,0,0.108942
7053,2012-08-02,5,8,0,0.108925
7054,2012-08-04,1,4,0,0.108908
7055,2012-08-07,3,4,0,0.108891
7056,2012-08-09,2,8,0,0.108874
7057,2012-08-11,1,8,0,0.108857
7058,2012-08-14,5,4,0,0.10884
7059,2012-08-16,1,4,0,0.108824
7060,2012-08-18,6,4,0,0.108807
7061,2012-08-21,1,2,0,0.10879
7062,2012-08-23,7,4,0,0.108773
7063,2012-08-25,8,6,0,0.108756
7064,2012-08-28,9,5,0,0.108739
7065,2012-08-30,7,4,0,0.108723
7066,2012-09-01,5,6,0,0.108706
7067,2012-09-04,2,4,0,0.108689
7068,2012-09-06,2,8,0,0.108672
7069,2012-09-08,2,8,0,0.108655
7070,2012-09-11,4,8,0,0.108639
7071,2012-09-13,7,5,0,0.108622
7072,2012-09-15,4,5,0,0.108605
7073,2012-09-18,1,5,0,0.108588
7074,2012-09-20,3,4,0,0.108571
7075,2012-09-22,5,8,0,0.108555
7076,2012-09-25,1,4,0,0.108538
7077,2012-09-27,3,4,0,0.108521
7078,2012-09-29,9,8,0,0.108504
7079,2012-10-02,5,4,0,0.108488
7080,2012-10-04,4,4,1,0.108625
7081,2012-10-06,7,5,0,0.108608
7082,2012-10-09,7,5,0,0.108592
7083,2012-10-11,4,5,0,0.108575
7084,2012-10-13,5,5,1,0.108712
7085,2012-10-16,7,4,0,0.108696
7086,2012-10-18,4,5,0,0.108679
7087,2012-10-20,6,5,0,0.108662
7088,2012-10-23,8,2,0,0.108645
7089,2012-10-25,3,5,0,0.108629
7090,2012-10-27,7,8,0,0.108612
7091,2012-10-30,4,5,0,0.108595
7092,2012-11-02,4,5,0,0.108578
7093,2012-11-03,6,5,0,0.108562
7094,2012-11-06,8,2,0,0.108545
7095,2012-11-08,8,5,0,0.108528
7096,2012-11-10,8,5,0,0.108512
7097,2012-11-13,7,5,0,0.108495
7098,2012-11-15,5,5,1,0.108632
7099,2012-11-17,6,4,0,0.108615
7100,2012-11-20,9,2,0,0.108599
7101,2012-11-22,8,4,0,0.108582
7102,2012-11-24,6,5,0,0.108565
7103,2012-11-27,5,2,0,0.108549
7104,2012-11-29,5,4,0,0.108532
7105,2012-12-01,3,4,0,0.108515
7106,2012-12-04,4,8,0,0.108499
7107,2012-12-06,6,5,0,0.108482
7108,2012-12-10,9,2,0,0.108465
7109,2012-12-11,9,4,0,0.108449
7110,2012-12-13,5,4,0,0.108432
7111,2012-12-15,9,4,0,0.108415
7112,2012-12-18,6,4,0,0.108399
7113,2012-12-20,1,2,0,0.108382
7114,2012-12-22,9,4,0,0.108365
7115,2012-12-24,6,4,0,0.108349
7116,2012-12-27,7,2,0,0.108332
7117,2012-12-29,4,5,0,0.108315
7118,2013-01-02,7,5,0,0.108299
7119,2013-01-03,9,5,0,0.108282
7120,2013-01-05,5,4,0,0.108266
7121,2013-01-08,6,4,0,0.108249
7122,2013-01-10,3,2,0,0.108232
7123,2013-01-12,7,8,0,0.108216
7124,2013-01-15,8,5,0,0.108199
7125,2013-01-17,7,5,0,0.108183
7126,2013-01-19,8,5,0,0.108166
7127,2013-01-22,1,5,0,0.10815
7128,2013-01-24,9,4,0,0.108133
7129,2013-01-26,3,4,0,0.108116
7130,2013-01-29,6,8,0,0.1081
7131,2013-01-31,8,2,0,0.108083
7132,2013-02-02,9,5,0,0.108067
7133,2013-02-05,1,4,0,0.10805
7134,2013-02-07,4,4,1,0.108187
7135,2013-02-09,5,5,1,0.108323
7136,2013-02-12,2,4,0,0.108307
7137,2013-02-14,8,8,1,0.108443
7138,2013-02-16,7,5,0,0.108426
7139,2013-02-19,4,5,0,0.10841
7140,2013-02-21,9,5,0,0.108393
7141,2013-02-23,4,4,1,0.10853
7142,2013-02-26,6,5,0,0.108513
7143,2013-02-28,2,2,1,0.108649
7144,2013-03-02,5,8,0,0.108633
7145,2013-03-05,5,4,0,0.108616
7146,2013-03-07,4,4,1,0.108752
7147,2013-03-09,3,5,0,0.108735
7148,2013-03-12,6,8,0,0.108719
7149,2013-03-14,8,2,0,0.108702
7150,2013-03-16,2,5,0,0.108686
7151,2013-03-19,3,8,0,0.108669
7152,2013-03-21,9,8,0,0.108653
7153,2013-03-23,7,4,0,0.108636
7154,2013-03-26,6,5,0,0.108619
7155,2013-03-28,5,2,0,0.108603
7156,2013-03-30,4,4,1,0.108739
7157,2013-04-02,3,5,0,0.108722
7158,2013-04-04,6,8,0,0.108706
7159,2013-04-06,3,2,0,0.108689
7160,2013-04-09,4,8,0,0.108672
7161,2013-04-11,9,5,0,0.108656
7162,2013-04-13,2,4,0,0.108639
7163,2013-04-16,5,8,0,0.108623
7164,2013-04-18,9,4,0,0.108606
7165,2013-04-20,9,4,0,0.10859
7166,2013-04-23,6,4,0,0.108573
7167,2013-04-26,4,2,0,0.108557
7168,2013-04-27,1,5,0,0.10854
7169,2013-04-30,6,4,0,0.108524
7170,2013-05-02,1,2,0,0.108507
7171,2013-05-04,7,4,0,0.108491
7172,2013-05-07,9,5,0,0.108474
7173,2013-05-09,9,4,0,0.108458
7174,2013-05-11,6,4,0,0.108441
7175,2013-05-14,7,2,0,0.108425
7176,2013-05-16,7,5,0,0.108408
7177,2013-05-18,8,5,0,0.108392
7178,2013-05-21,2,5,0,0.108375
7179,2013-05-23,8,8,1,0.108511
7180,2013-05-25,9,5,0,0.108494
7181,2013-05-28,8,4,0,0.108478
7182,2013-05-30,5,5,1,0.108613
7183,2013-06-01,3,4,0,0.108597
7184,2013-06-04,3,8,0,0.10858
7185,2013-06-06,1,8,0,0.108564
7186,2013-06-08,1,4,0,0.108547
7187,2013-06-11,7,4,0,0.108531
7188,2013-06-13,2,5,0,0.108514
7189,2013-06-15,8,8,1,0.108649
7190,2013-06-18,8,5,0,0.108633
7191,2013-06-20,3,5,0,0.108617
7192,2013-06-22,1,8,0,0.1086
7193,2013-06-25,1,4,0,0.108584
7194,2013-06-27,7,4,0,0.108567
7195,2013-06-29,5,5,1,0.108702
7196,2013-07-02,4,4,1,0.108837
7197,2013-07-04,6,5,0,0.108821
7198,2013-07-06,1,2,0,0.108804
7199,2013-07-09,6,4,0,0.108788
7200,2013-07-11,2,2,1,0.108923
7201,2013-07-13,8,8,1,0.109058
7202,2013-07-16,8,5,0,0.109041
7203,2013-07-18,5,5,1,0.109176
7204,2013-07-20,1,4,0,0.10916
7205,2013-07-23,6,4,0,0.109143
7206,2013-07-25,3,2,0,0.109127
7207,2013-07-27,4,8,0,0.10911
7208,2013-07-30,2,5,0,0.109094
7209,2013-08-01,2,8,0,0.109077
7210,2013-08-03,3,8,0,0.109061
7211,2013-08-06,1,8,0,0.109044
7212,2013-08-08,4,4,1,0.109179
7213,2013-08-10,4,5,0,0.109162
7214,2013-08-13,9,5,0,0.109146
7215,2013-08-16,4,4,1,0.109281
7216,2013-08-17,3,5,0,0.109264
7217,2013-08-20,1,8,0,0.109248
7218,2013-08-22,8,4,0,0.109231
7219,2013-08-24,7,5,0,0.109215
7220,2013-08-27,2,5,0,0.109198
7221,2013-08-29,8,8,1,0.109333
7222,2013-08-31,5,5,1,0.109467
7223,2013-09-03,7,4,0,0.10945
7224,2013-09-05,1,5,0,0.109434
7225,2013-09-07,6,4,0,0.109417
7226,2013-09-10,6,2,0,0.109401
7227,2013-09-12,4,2,0,0.109384
7228,2013-09-14,1,5,0,0.109368
7229,2013-09-17,4,4,1,0.109502
7230,2013-09-19,7,5,0,0.109486
7231,2013-09-21,6,5,0,0.109469
7232,2013-09-24,6,2,0,0.109453
7233,2013-09-26,4,2,0,0.109436
7234,2013-09-28,3,5,0,0.10942
7235,2013-10-01,4,8,0,0.109403
7236,2013-10-03,3,5,0,0.109387
7237,2013-10-05,6,8,0,0.10937
7238,2013-10-08,3,2,0,0.109354
7239,2013-10-10,1,8,0,0.109337
7240,2013-10-12,6,4,0,0.109321
7241,2013-10-15,3,2,0,0.109304
7242,2013-10-17,7,8,0,0.109288
7243,2013-10-19,3,5,0,0.109272
7244,2013-10-22,2,8,0,0.109255
7245,2013-10-24,8,8,1,0.109389
7246,2013-10-26,4,5,0,0.109373
7247,2013-10-29,2,5,0,0.109356
7248,2013-10-31,1,8,0,0.10934
7249,2013-11-02,6,4,0,0.109323
7250,2013-11-05,3,2,0,0.109307
7251,2013-11-07,3,8,0,0.10929
7252,2013-11-09,1,3,0,0.109274
7253,2013-11-12,1,4,0,0.109258
7254,2013-11-14,3,4,0,0.109241
7255,2013-11-16,1,3,0,0.109225
7256,2013-11-19,3,4,0,0.109208
7257,2013-11-21,4,3,0,0.109192
7258,2013-11-23,1,5,0,0.109176
7259,2013-11-26,7,4,0,0.109159
7260,2013-11-28,6,5,0,0.109143
7261,2013-11-30,2,2,1,0.109276
7262,2013-12-03,6,8,0,0.10926
7263,2013-12-05,9,2,0,0.109244
7264,2013-12-07,5,4,0,0.109227
7265,2013-12-10,1,4,0,0.109211
7266,2013-12-12,4,4,1,0.109345
7267,2013-12-14,5,5,1,0.109478
7268,2013-12-17,7,4,0,0.109462
7269,2013-12-19,3,6,0,0.109445
7270,2013-12-21,4,3,0,0.109429
7271,2013-12-24,1,5,0,0.109412
7272,2013-12-27,1,4,0,0.109396
7273,2013-12-28,2,4,0,0.10938
7274,2013-12-31,6,8,0,0.109363
7275,2014-01-02,1,2,0,0.109347
7276,2014-01-04,9,4,0,0.109331
7277,2014-01-07,2,4,0,0.109314
7278,2014-01-09,9,8,0,0.109298
7279,2014-01-11,5,4,0,0.109281
7280,2014-01-14,9,4,0,0.109265
7281,2014-01-16,5,4,0,0.109249
7282,2014-01-18,5,4,0,0.109232
7283,2014-01-21,2,4,0,0.109216
7284,2014-01-23,3,8,0,0.1092
7285,2014-01-25,7,3,0,0.109183
7286,2014-01-28,4,6,0,0.109167
7287,2014-01-30,1,5,0,0.109151
7288,2014-02-01,3,4,0,0.109134
7289,2014-02-04,7,3,0,0.109118
7290,2014-02-06,9,6,0,0.109102
7291,2014-02-08,3,4,0,0.109085
7292,2014-02-11,4,3,0,0.109069
7293,2014-02-13,4,5,0,0.109053
7294,2014-02-15,2,5,0,0.109037
7295,2014-02-18,3,8,0,0.10902
7296,2014-02-20,4,3,0,0.109004
7297,2014-02-22,4,5,0,0.108988
7298,2014-02-25,8,5,0,0.108971
7299,2014-02-27,2,5,0,0.108955
7300,2014-03-01,5,8,0,0.108939
7301,2014-03-04,5,4,0,0.108923
7302,2014-03-06,2,4,0,0.108906
7303,2014-03-08,5,8,0,0.10889
7304,2014-03-11,1,4,0,0.108874
7305,2014-03-13,8,4,0,0.108858
7306,2014-03-15,8,5,0,0.108842
7307,2014-03-18,6,5,0,0.108825
7308,2014-03-20,4,2,0,0.108809
7309,2014-03-22,1,5,0,0.108793
7310,2014-03-25,9,4,0,0.108777
7311,2014-03-27,5,4,0,0.10876
7312,2014-03-29,8,4,0,0.108744
7313,2014-04-01,6,5,0,0.108728
7314,2014-04-03,2,2,1,0.108861
7315,2014-04-05,6,8,0,0.108845
7316,2014-04-08,8,2,0,0.108828
7317,2014-04-10,7,5,0,0.108812
7318,2014-04-12,8,6,0,0.108796
7319,2014-04-15,8,5,0,0.10878
7320,2014-04-17,5,5,1,0.108912
7321,2014-04-19,9,4,0,0.108896
7322,2014-04-22,2,4,0,0.10888
7323,2014-04-24,7,8,0,0.108864
7324,2014-04-26,4,6,0,0.108848
7325,2014-04-29,7,5,0,0.108831
7326,2014-05-02,1,6,0,0.108815
7327,2014-05-03,7,4,0,0.108799
7328,2014-05-06,1,6,0,0.108783
7329,2014-05-08,6,4,0,0.108767
7330,2014-05-10,5,2,0,0.108751
7331,2014-05-13,7,4,0,0.108734
7332,2014-05-15,8,6,0,0.108718
7333,2014-05-17,5,5,1,0.108851
7334,2014-05-20,3,4,0,0.108834
7335,2014-05-22,1,3,0,0.108818
7336,2014-05-24,8,4,0,0.108802
7337,2014-05-27,5,5,1,0.108934
7338,2014-05-29,7,4,0,0.108918
7339,2014-05-31,3,6,0,0.108902
7340,2014-06-03,3,3,1,0.109034
7341,2014-06-05,3,3,1,0.109166
7342,2014-06-07,8,3,0,0.10915
7343,2014-06-10,8,5,0,0.109134
7344,2014-06-12,2,5,0,0.109118
7345,2014-06-14,8,8,1,0.10925
7346,2014-06-17,3,5,0,0.109234
7347,2014-06-19,8,3,0,0.109218
7348,2014-06-21,1,5,0,0.109201
7349,2014-06-24,4,4,1,0.109333
7350,2014-06-26,7,5,0,0.109317
7351,2014-06-28,3,6,0,0.109301
7352,2014-07-01,8,3,0,0.109285
7353,2014-07-03,6,5,0,0.109269
7354,2014-07-05,4,2,0,0.109252
7355,2014-07-08,1,5,0,0.109236
7356,2014-07-10,5,4,0,0.10922
7357,2014-07-12,9,4,0,0.109204
7358,2014-07-15,8,4,0,0.109188
7359,2014-07-17,2,5,0,0.109172
7360,2014-07-19,8,8,1,0.109303
7361,2014-07-22,6,5,0,0.109287
7362,2014-07-24,5,2,0,0.109271
7363,2014-07-26,8,4,0,0.109255
7364,2014-07-29,9,5,0,0.109239
7365,2014-07-31,7,4,0,0.109223
7366,2014-08-02,4,6,0,0.109206
7367,2014-08-05,6,5,0,0.10919
7368,2014-08-07,1,2,0,0.109174
7369,2014-08-09,9,4,0,0.109158
7370,2014-08-12,2,4,0,0.109142
7371,2014-08-14,3,8,0,0.109126
7372,2014-08-16,9,8,0,0.10911
7373,2014-08-19,2,4,0,0.109094
7374,2014-08-21,4,8,0,0.109077
7375,2014-08-23,4,5,0,0.109061
7376,2014-08-26,4,5,0,0.109045
7377,2014-08-28,3,5,0,0.109029
7378,2014-08-30,1,8,0,0.109013
7379,2014-09-02,6,4,0,0.108997
7380,2014-09-04,7,2,0,0.108981
7381,2014-09-06,6,6,1,0.109112
7382,2014-09-09,7,2,0,0.109096
7383,2014-09-11,9,6,0,0.10908
7384,2014-09-13,9,4,0,0.109064
7385,2014-09-16,9,4,0,0.109048
7386,2014-09-18,9,4,0,0.109032
7387,2014-09-20,4,4,1,0.109163
7388,2014-09-23,5,5,1,0.109294
7389,2014-09-25,9,4,0,0.109278
7390,2014-09-27,7,4,0,0.109262
7391,2014-09-30,3,6,0,0.109246
7392,2014-10-02,6,8,0,0.10923
7393,2014-10-04,7,2,0,0.109214
7394,2014-10-07,1,6,0,0.109198
7395,2014-10-09,7,4,0,0.109182
7396,2014-10-11,3,6,0,0.109166
7397,2014-10-14,6,8,0,0.10915
7398,2014-10-16,5,2,0,0.109134
7399,2014-10-18,6,4,0,0.109118
7400,2014-10-21,5,2,0,0.109102
7401,2014-10-23,9,4,0,0.109086
7402,2014-10-25,8,4,0,0.10907
7403,2014-10-28,4,5,0,0.109053
7404,2014-10-30,9,5,0,0.109037
7405,2014-11-03,1,4,0,0.109021
7406,2014-11-04,8,4,0,0.109005
7407,2014-11-06,7,5,0,0.108989
7408,2014-11-08,1,6,0,0.108973
7409,2014-11-11,8,4,0,0.108957
7410,2014-11-13,2,5,0,0.108941
7411,2014-11-15,9,8,0,0.108925
7412,2014-11-18,5,4,0,0.108909
7413,2014-11-20,2,4,0,0.108893
7414,2014-11-22,2,8,0,0.108877
7415,2014-11-25,9,8,0,0.108862
7416,2014-11-27,9,4,0,0.108846
7417,2014-11-29,4,4,1,0.108976
7418,2014-12-02,2,5,0,0.10896
7419,2014-12-04,1,8,0,0.108944
7420,2014-12-06,1,4,0,0.108928
7421,2014-12-09,5,4,0,0.108912
7422,2014-12-11,1,4,0,0.108896
7423,2014-12-13,1,4,0,0.10888
7424,2014-12-16,4,4,1,0.109011
7425,2014-12-18,7,5,0,0.108995
7426,2014-12-20,6,6,1,0.109126
7427,2014-12-23,8,2,0,0.10911
7428,2014-12-24,3,5,0,0.109094
7429,2014-12-27,4,8,0,0.109078
7430,2014-12-30,3,5,0,0.109062
7431,2015-01-02,3,8,0,0.109046
7432,2015-01-03,3,3,1,0.109176
7433,2015-01-07,2,3,0,0.10916
7434,2015-01-08,7,8,0,0.109144
7435,2015-01-10,7,6,0,0.109128
7436,2015-01-13,4,6,0,0.109112
7437,2015-01-15,9,5,0,0.109096
7438,2015-01-17,7,4,0,0.10908
7439,2015-01-20,8,6,0,0.109064
7440,2015-01-22,3,5,0,0.109048
7441,2015-01-24,4,3,0,0.109032
7442,2015-01-27,6,5,0,0.109017
7443,2015-01-29,9,2,0,0.109001
7444,2015-01-31,1,4,0,0.108985
7445,2015-02-03,9,4,0,0.108969
7446,2015-02-05,1,4,0,0.108953
7447,2015-02-07,5,4,0,0.108937
7448,2015-02-10,5,4,0,0.108921
7449,2015-02-12,2,4,0,0.108905
7450,2015-02-14,1,8,0,0.108889
7451,2015-02-17,7,4,0,0.108873
7452,2015-02-19,9,6,0,0.108857
7453,2015-02-21,8,4,0,0.108842
7454,2015-02-24,9,5,0,0.108826
7455,2015-02-26,7,4,0,0.10881
7456,2015-02-28,3,6,0,0.108794
7457,2015-03-03,5,3,0,0.108778
7458,2015-03-05,5,4,0,0.108762
7459,2015-03-07,6,4,0,0.108746
7460,2015-03-10,1,2,0,0.108731
7461,2015-03-12,3,4,0,0.108715
7462,2015-03-14,1,3,0,0.108699
7463,2015-03-17,7,4,0,0.108683
7464,2015-03-19,3,6,0,0.108667
7465,2015-03-21,9,3,0,0.108651
7466,2015-03-24,8,4,0,0.108636
7467,2015-03-26,6,5,0,0.10862
7468,2015-03-28,2,2,1,0.108749
7469,2015-03-31,5,8,0,0.108734
7470,2015-04-02,9,4,0,0.108718
7471,2015-04-04,1,4,0,0.108702
7472,2015-04-07,3,4,0,0.108686
7473,2015-04-09,1,3,0,0.10867
7474,2015-04-11,9,4,0,0.108655
7475,2015-04-14,5,4,0,0.108639
7476,2015-04-16,3,4,0,0.108623
7477,2015-04-18,2,3,0,0.108607
7478,2015-04-21,4,8,0,0.108591
7479,2015-04-23,4,5,0,0.108576
7480,2015-04-27,7,5,0,0.10856
7481,2015-04-28,9,6,0,0.108544
7482,2015-04-30,6,4,0,0.108528
7483,2015-05-02,7,2,0,0.108512
7484,2015-05-05,2,6,0,0.108497
7485,2015-05-07,6,8,0,0.108481
7486,2015-05-09,5,2,0,0.108465
7487,2015-05-12,7,4,0,0.108449
7488,2015-05-14,1,6,0,0.108434
7489,2015-05-16,7,4,0,0.108418
7490,2015-05-19,8,6,0,0.108402
7491,2015-05-21,6,5,0,0.108387
7492,2015-05-23,1,2,0,0.108371
7493,2015-05-26,2,4,0,0.108355
7494,2015-05-28,9,8,0,0.108339
7495,2015-05-30,2,4,0,0.108324
7496,2015-06-03,5,8,0,0.108308
7497,2015-06-04,9,4,0,0.108292
7498,2015-06-06,9,4,0,0.108277
7499,2015-06-09,8,4,0,0.108261
7500,2015-06-11,2,5,0,0.108245
7501,2015-06-13,6,8,0,0.108229
7502,2015-06-16,9,2,0,0.108214
7503,2015-06-18,9,4,0,0.108198
7504,2015-06-20,9,4,0,0.108182
7505,2015-06-23,3,9,0,0.108167
7506,2015-06-25,7,3,0,0.108151
7507,2015-06-27,9,6,0,0.108135
7508,2015-06-30,9,9,1,0.108265
7509,2015-07-02,9,9,1,0.108394
7510,2015-07-04,8,9,0,0.108378
7511,2015-07-07,9,5,0,0.108362
7512,2015-07-09,2,9,0,0.108347
7513,2015-07-11,7,8,0,0.108331
7514,2015-07-14,9,6,0,0.108315
7515,2015-07-16,3,9,0,0.1083
7516,2015-07-18,1,3,0,0.108284
7517,2015-07-21,8,4,0,0.108268
7518,2015-07-23,8,5,0,0.108253
7519,2015-07-25,7,5,0,0.108237
7520,2015-07-28,6,6,1,0.108366
7521,2015-07-30,2,2,1,0.108495
7522,2015-08-01,7,8,0,0.108479
7523,2015-08-04,2,6,0,0.108463
7524,2015-08-06,4,8,0,0.108448
7525,2015-08-08,2,5,0,0.108432
7526,2015-08-11,8,8,1,0.108561
7527,2015-08-13,8,5,0,0.108545
7528,2015-08-17,6,5,0,0.108529
7529,2015-08-18,2,2,1,0.108658
7530,2015-08-20,1,8,0,0.108642
7531,2015-08-22,3,4,0,0.108627
7532,2015-08-25,2,3,0,0.108611
7533,2015-08-27,1,8,0,0.108595
7534,2015-08-29,1,4,0,0.10858
7535,2015-09-01,3,4,0,0.108564
7536,2015-09-03,3,3,1,0.108693
7537,2015-09-05,9,3,0,0.108677
7538,2015-09-08,3,9,0,0.108661
7539,2015-09-10,7,3,0,0.108646
7540,2015-09-12,1,6,0,0.10863
7541,2015-09-15,8,4,0,0.108614
7542,2015-09-17,7,5,0,0.108599
7543,2015-09-19,6,6,1,0.108727
7544,2015-09-22,8,2,0,0.108711
7545,2015-09-24,9,5,0,0.108696
7546,2015-09-26,7,9,0,0.10868
7547,2015-09-29,9,6,0,0.108664
7548,2015-10-01,4,9,0,0.108649
7549,2015-10-03,1,5,0,0.108633
7550,2015-10-06,4,4,1,0.108761
7551,2015-10-08,5,5,1,0.10889
7552,2015-10-10,8,4,0,0.108874
7553,2015-10-13,2,5,0,0.108858
7554,2015-10-15,7,8,0,0.108843
7555,2015-10-17,3,6,0,0.108827
7556,2015-10-20,1,3,0,0.108811
7557,2015-10-22,3,4,0,0.108796
7558,2015-10-24,5,3,0,0.10878
7559,2015-10-27,8,4,0,0.108764
7560,2015-10-29,9,5,0,0.108749
7561,2015-10-31,4,9,0,0.108733
7562,2015-11-03,5,5,1,0.108861
7563,2015-11-05,7,4,0,0.108845
7564,2015-11-07,8,6,0,0.10883
7565,2015-11-10,7,5,0,0.108814
7566,2015-11-12,1,6,0,0.108799
7567,2015-11-14,5,4,0,0.108783
7568,2015-11-17,7,4,0,0.108767
7569,2015-11-19,1,6,0,0.108752
7570,2015-11-21,3,4,0,0.108736
7571,2015-11-24,1,3,0,0.108721
7572,2015-11-26,3,4,0,0.108705
7573,2015-11-28,5,3,0,0.108689
7574,2015-12-01,8,4,0,0.108674
7575,2015-12-03,9,5,0,0.108658
7576,2015-12-05,7,9,0,0.108643
7577,2015-12-09,8,6,0,0.108627
7578,2015-12-10,3,5,0,0.108612
7579,2015-12-12,9,3,0,0.108596
7580,2015-12-15,7,9,0,0.10858
7581,2015-12-17,4,6,0,0.108565
7582,2015-12-19,5,5,1,0.108693
7583,2015-12-22,6,4,0,0.108677
7584,2015-12-24,2,2,1,0.108805
7585,2015-12-28,4,8,0,0.108789
7586,2015-12-29,2,5,0,0.108773
7587,2015-12-31,4,8,0,0.108758
7588,2016-01-02,9,5,0,0.108742
7589,2016-01-05,1,9,0,0.108727
7590,2016-01-07,3,4,0,0.108711
7591,2016-01-09,1,3,0,0.108696
7592,2016-01-12,5,4,0,0.10868
7593,2016-01-14,2,4,0,0.108665
7594,2016-01-16,2,8,0,0.108649
7595,2016-01-19,9,8,0,0.108634
7596,2016-01-21,4,9,0,0.108618
7597,2016-01-23,9,5,0,0.108602
7598,2016-01-26,7,4,0,0.108587
7599,2016-01-28,8,6,0,0.108571
7600,2016-01-30,2,5,0,0.108556
7601,2016-02-02,7,8,0,0.10854
7602,2016-02-04,1,6,0,0.108525
7603,2016-02-06,6,4,0,0.108509
7604,2016-02-09,6,2,0,0.108494
7605,2016-02-11,5,2,0,0.108478
7606,2016-02-13,1,4,0,0.108463
7607,2016-02-16,6,4,0,0.108447
7608,2016-02-18,1,2,0,0.108432
7609,2016-02-20,7,4,0,0.108417
7610,2016-02-23,9,6,0,0.108401
7611,2016-02-25,9,4,0,0.108386
7612,2016-02-27,1,9,0,0.10837
7613,2016-03-01,4,4,1,0.108497
7614,2016-03-03,1,5,0,0.108482
7615,2016-03-05,2,4,0,0.108466
7616,2016-03-08,1,8,0,0.108451
7617,2016-03-10,9,4,0,0.108435
7618,2016-03-12,2,9,0,0.10842
7619,2016-03-15,5,8,0,0.108405
7620,2016-03-17,7,4,0,0.108389
7621,2016-03-19,7,6,0,0.108374
7622,2016-03-22,4,6,0,0.108358
7623,2016-03-24,5,5,1,0.108485
7624,2016-03-26,6,4,0,0.10847
7625,2016-03-29,3,2,0,0.108454
7626,2016-03-31,8,3,0,0.108439
7627,2016-04-02,3,5,0,0.108423
7628,2016-04-05,6,3,0,0.108408
7629,2016-04-07,4,2,0,0.108393
7630,2016-04-09,8,5,0,0.108377
7631,2016-04-12,1,5,0,0.108362
7632,2016-04-14,7,4,0,0.108346
7633,2016-04-16,9,6,0,0.108331
7634,2016-04-19,5,9,0,0.108316
7635,2016-04-21,9,4,0,0.1083
7636,2016-04-23,4,9,0,0.108285
7637,2016-04-26,2,5,0,0.108269
7638,2016-04-28,9,8,0,0.108254
7639,2016-04-30,6,4,0,0.108239
7640,2016-05-03,7,2,0,0.108223
7641,2016-05-05,2,6,0,0.108208
7642,2016-05-07,5,8,0,0.108193
7643,2016-05-10,4,4,1,0.108319
7644,2016-05-12,5,5,1,0.108446
7645,2016-05-14,4,4,1,0.108572
7646,2016-05-17,9,5,0,0.108557
7647,2016-05-19,4,4,1,0.108683
7648,2016-05-21,3,5,0,0.108668
7649,2016-05-24,8,3,0,0.108652
7650,2016-05-26,1,5,0,0.108637
7651,2016-05-28,8,4,0,0.108622
7652,2016-05-31,9,5,0,0.108606
7653,2016-06-03,8,4,0,0.108591
7654,2016-06-04,9,5,0,0.108575
7655,2016-06-07,1,4,0,0.10856
7656,2016-06-09,8,4,0,0.108545
7657,2016-06-11,2,5,0,0.108529
7658,2016-06-14,4,8,0,0.108514
7659,2016-06-16,3,5,0,0.108499
7660,2016-06-18,9,3,0,0.108483
7661,2016-06-21,5,4,0,0.108468
7662,2016-06-23,8,4,0,0.108452
7663,2016-06-25,4,5,0,0.108437
7664,2016-06-28,4,5,0,0.108422
7665,2016-06-30,6,5,0,0.108406
7666,2016-07-02,7,2,0,0.108391
7667,2016-07-05,3,6,0,0.108376
7668,2016-07-07,4,3,0,0.10836
7669,2016-07-09,8,5,0,0.108345
7670,2016-07-12,8,5,0,0.10833
7671,2016-07-14,2,5,0,0.108314
7672,2016-07-16,7,8,0,0.108299
7673,2016-07-19,3,6,0,0.108284
7674,2016-07-21,4,3,0,0.108269
7675,2016-07-23,5,5,1,0.108395
7676,2016-07-26,2,4,0,0.108379
7677,2016-07-28,5,8,0,0.108364
7678,2016-07-30,4,4,1,0.10849
7679,2016-08-02,3,5,0,0.108475
7680,2016-08-04,7,3,0,0.108459
7681,2016-08-06,2,6,0,0.108444
7682,2016-08-09,5,8,0,0.108429
7683,2016-08-11,5,4,0,0.108413
7684,2016-08-13,2,4,0,0.108398
7685,2016-08-16,5,8,0,0.108383
7686,2016-08-18,5,4,0,0.108367
7687,2016-08-20,3,4,0,0.108352
7688,2016-08-23,2,3,0,0.108337
7689,2016-08-25,5,8,0,0.108322
7690,2016-08-27,5,4,0,0.108306
7691,2016-08-30,5,4,0,0.108291
7692,2016-09-01,3,4,0,0.108276
7693,2016-09-03,4,3,0,0.108261
7694,2016-09-06,3,5,0,0.108245
7695,2016-09-08,6,3,0,0.10823
7696,2016-09-10,6,2,0,0.108215
7697,2016-09-13,7,2,0,0.108199
7698,2016-09-15,9,6,0,0.108184
7699,2016-09-17,2,4,0,0.108169
7700,2016-09-20,2,8,0,0.108154
7701,2016-09-22,4,8,0,0.108139
7702,2016-09-24,5,5,1,0.108264
7703,2016-09-27,7,4,0,0.108249
7704,2016-09-29,9,6,0,0.108234
7705,2016-10-01,1,4,0,0.108218
7706,2016-10-04,1,4,0,0.108203
7707,2016-10-06,5,4,0,0.108188
7708,2016-10-08,8,4,0,0.108173
7709,2016-10-11,9,5,0,0.108158
7710,2016-10-13,1,4,0,0.108142
7711,2016-10-15,4,4,1,0.108268
7712,2016-10-18,8,5,0,0.108252
7713,2016-10-20,9,5,0,0.108237
7714,2016-10-22,7,4,0,0.108222
7715,2016-10-25,6,6,1,0.108347
7716,2016-10-27,7,2,0,0.108332
7717,2016-10-29,2,6,0,0.108317
7718,2016-11-02,2,8,0,0.108302
7719,2016-11-03,5,8,0,0.108287
7720,2016-11-05,4,4,1,0.108412
7721,2016-11-08,1,5,0,0.108397
7722,2016-11-10,2,4,0,0.108381
7723,2016-11-12,6,8,0,0.108366
7724,2016-11-15,7,2,0,0.108351
7725,2016-11-17,4,6,0,0.108336
7726,2016-11-19,3,5,0,0.10832
7727,2016-11-22,1,3,0,0.108305
7728,2016-11-24,5,4,0,0.10829
7729,2016-11-26,9,4,0,0.108275
7730,2016-11-29,7,4,0,0.10826
7731,2016-12-01,6,6,1,0.108385
7732,2016-12-03,6,7,0,0.10837
7733,2016-12-06,2,7,0,0.108354
7734,2016-12-09,9,8,0,0.108339
7735,2016-12-10,6,4,0,0.108324
7736,2016-12-13,1,2,0,0.108309
7737,2016-12-15,1,4,0,0.108294
7738,2016-12-17,9,4,0,0.108278
7739,2016-12-20,3,4,0,0.108263
7740,2016-12-22,5,3,0,0.108248
7741,2016-12-24,8,4,0,0.108233
7742,2016-12-27,1,5,0,0.108218
7743,2016-12-29,3,4,0,0.108203
7744,2016-12-31,6,3,0,0.108188
7745,2017-01-03,5,2,0,0.108172
7746,2017-01-05,7,4,0,0.108157
7747,2017-01-07,6,6,1,0.108282
7748,2017-01-10,2,2,1,0.108407
7749,2017-01-12,8,8,1,0.108531
7750,2017-01-14,1,5,0,0.108516
7751,2017-01-17,7,4,0,0.108501
7752,2017-01-19,2,6,0,0.108486
7753,2017-01-21,3,8,0,0.108471
7754,2017-01-24,2,3,0,0.108456
7755,2017-01-26,4,8,0,0.10844
7756,2017-01-28,2,5,0,0.108425
7757,2017-01-31,1,8,0,0.10841
7758,2017-02-02,9,4,0,0.108395
7759,2017-02-04,9,4,0,0.10838
7760,2017-02-07,1,4,0,0.108365
7761,2017-02-09,9,4,0,0.10835
7762,2017-02-11,2,4,0,0.108334
7763,2017-02-14,6,8,0,0.108319
7764,2017-02-16,9,2,0,0.108304
7765,2017-02-18,5,4,0,0.108289
7766,2017-02-21,6,4,0,0.108274
7767,2017-02-23,6,2,0,0.108259
7768,2017-02-25,8,2,0,0.108244
7769,2017-02-28,7,5,0,0.108229
7770,2017-03-02,3,6,0,0.108214
7771,2017-03-04,4,3,0,0.108199
7772,2017-03-07,7,5,0,0.108183
7773,2017-03-09,1,6,0,0.108168
7774,2017-03-11,3,4,0,0.108153
7775,2017-03-14,8,3,0,0.108138
7776,2017-03-16,1,5,0,0.108123
7777,2017-03-18,7,4,0,0.108108
7778,2017-03-21,9,6,0,0.108093
7779,2017-03-23,3,4,0,0.108078
7780,2017-03-25,2,8,0,0.108063
7781,2017-03-28,5,8,0,0.108048
7782,2017-03-30,5,4,0,0.108033
7783,2017-04-01,2,4,0,0.108018
7784,2017-04-04,1,8,0,0.108003
7785,2017-04-06,4,4,1,0.108127
7786,2017-04-08,3,5,0,0.108112
7787,2017-04-11,1,8,0,0.108097
7788,2017-04-13,4,4,1,0.108221
7789,2017-04-15,6,5,0,0.108206
7790,2017-04-18,3,2,0,0.108191
7791,2017-04-20,6,8,0,0.108176
7792,2017-04-22,9,2,0,0.108161
7793,2017-04-26,5,4,0,0.108146
7794,2017-04-27,7,4,0,0.108131
7795,2017-04-29,7,6,0,0.108116
7796,2017-05-02,5,6,0,0.108101
7797,2017-05-04,3,4,0,0.108086
7798,2017-05-06,2,8,0,0.108071
7799,2017-05-09,7,8,0,0.108056
7800,2017-05-11,7,6,0,0.108041
7801,2017-05-13,3,6,0,0.108026
7802,2017-05-16,7,8,0,0.108011
7803,2017-05-18,2,6,0,0.107996
7804,2017-05-20,2,8,0,0.107981
7805,2017-05-23,5,8,0,0.107966
7806,2017-05-25,3,4,0,0.107951
7807,2017-05-27,1,8,0,0.107936
7808,2017-05-30,1,4,0,0.107921
7809,2017-06-01,6,4,0,0.107906
7810,2017-06-03,6,2,0,0.107891
7811,2017-06-06,7,2,0,0.107876
7812,2017-06-08,5,6,0,0.107861
7813,2017-06-10,8,4,0,0.107846
7814,2017-06-13,8,5,0,0.107831
7815,2017-06-15,6,5,0,0.107816
7816,2017-06-17,8,2,0,0.107801
7817,2017-06-20,7,5,0,0.107786
7818,2017-06-22,8,6,0,0.107771
7819,2017-06-24,8,5,0,0.107756
7820,2017-06-27,5,5,1,0.10788
7821,2017-06-29,4,4,1,0.108003
7822,2017-07-01,3,5,0,0.107988
7823,2017-07-04,3,8,0,0.107973
7824,2017-07-06,6,3,0,0.107958
7825,2017-07-08,9,2,0,0.107944
7826,2017-07-11,5,4,0,0.107929
7827,2017-07-13,1,4,0,0.107914
7828,2017-07-15,8,4,0,0.107899
7829,2017-07-18,7,5,0,0.107884
7830,2017-07-20,3,6,0,0.107869
7831,2017-07-22,4,3,0,0.107854
7832,2017-07-25,2,5,0,0.107839
7833,2017-07-27,2,8,0,0.107824
7834,2017-07-29,9,8,0,0.107809
7835,2017-08-01,2,4,0,0.107794
7836,2017-08-03,3,8,0,0.107779
7837,2017-08-05,3,3,1,0.107903
7838,2017-08-08,7,3,0,0.107888
7839,2017-08-10,7,6,0,0.107873
7840,2017-08-12,5,6,0,0.107858
7841,2017-08-16,5,4,0,0.107843
7842,2017-08-17,8,4,0,0.107828
7843,2017-08-19,6,5,0,0.107813
7844,2017-08-22,3,2,0,0.107798
7845,2017-08-24,9,3,0,0.107784
7846,2017-08-26,6,4,0,0.107769
7847,2017-08-29,2,2,1,0.107892
7848,2017-08-31,1,8,0,0.107877
7849,2017-09-02,5,4,0,0.107862
7850,2017-09-05,8,4,0,0.107847
7851,2017-09-07,6,5,0,0.107832
7852,2017-09-09,5,2,0,0.107817
7853,2017-09-12,5,4,0,0.107803
7854,2017-09-14,4,4,1,0.107926
7855,2017-09-16,9,5,0,0.107911
7856,2017-09-19,3,4,0,0.107896
7857,2017-09-21,5,3,0,0.107881
7858,2017-09-23,3,4,0,0.107866
7859,2017-09-26,6,3,0,0.107851
7860,2017-09-28,5,2,0,0.107836
7861,2017-09-30,7,4,0,0.107822
7862,2017-10-03,5,6,0,0.107807
7863,2017-10-05,5,4,0,0.107792
7864,2017-10-07,7,4,0,0.107777
7865,2017-10-10,2,6,0,0.107762
7866,2017-10-12,4,8,0,0.107747
7867,2017-10-14,2,5,0,0.107733
7868,2017-10-17,1,8,0,0.107718
7869,2017-10-19,5,4,0,0.107703
7870,2017-10-21,1,4,0,0.107688
7871,2017-10-24,9,4,0,0.107673
7872,2017-10-26,5,4,0,0.107658
7873,2017-10-28,5,4,0,0.107644
7874,2017-10-31,6,4,0,0.107629
7875,2017-11-02,4,2,0,0.107614
7876,2017-11-04,2,5,0,0.107599
7877,2017-11-07,8,8,1,0.107722
7878,2017-11-09,2,5,0,0.107707
7879,2017-11-11,7,8,0,0.107692
7880,2017-11-14,2,6,0,0.107678
7881,2017-11-16,5,8,0,0.107663
7882,2017-11-18,1,4,0,0.107648
7883,2017-11-21,5,4,0,0.107633
7884,2017-11-23,3,4,0,0.107618
7885,2017-11-25,7,3,0,0.107604
7886,2017-11-28,3,6,0,0.107589
7887,2017-11-30,9,3,0,0.107574
7888,2017-12-02,8,4,0,0.107559
7889,2017-12-05,1,5,0,0.107545
7890,2017-12-07,2,4,0,0.10753
7891,2017-12-09,8,8,1,0.107652
7892,2017-12-12,4,5,0,0.107637
7893,2017-12-14,5,5,1,0.10776
7894,2017-12-16,7,4,0,0.107745
7895,2017-12-19,7,6,0,0.10773
7896,2017-12-21,7,6,0,0.107715
7897,2017-12-23,9,6,0,0.107701
7898,2017-12-27,4,4,1,0.107823
7899,2017-12-28,5,5,1,0.107945
7900,2017-12-30,4,4,1,0.108067
7901,2018-01-02,6,5,0,0.108053
7902,2018-01-04,4,2,0,0.108038
7903,2018-01-08,5,5,1,0.10816
7904,2018-01-09,5,4,0,0.108145
7905,2018-01-11,9,4,0,0.10813
7906,2018-01-13,5,4,0,0.108116
7907,2018-01-16,1,4,0,0.108101
7908,2018-01-18,4,4,1,0.108223
7909,2018-01-20,7,5,0,0.108208
7910,2018-01-23,5,6,0,0.108193
7911,2018-01-25,3,4,0,0.108178
7912,2018-01-27,1,3,0,0.108164
7913,2018-01-30,9,4,0,0.108149
7914,2018-02-01,9,4,0,0.108134
7915,2018-02-03,7,4,0,0.108119
7916,2018-02-06,2,6,0,0.108104
7917,2018-02-08,4,8,0,0.10809
7918,2018-02-10,1,5,0,0.108075
7919,2018-02-13,9,4,0,0.10806
7920,2018-02-15,6,4,0,0.108045
7921,2018-02-17,8,2,0,0.108031
7922,2018-02-20,9,5,0,0.108016
7923,2018-02-22,2,4,0,0.108001
7924,2018-02-24,9,8,0,0.107986
7925,2018-02-27,7,4,0,0.107972
7926,2018-03-01,8,6,0,0.107957
7927,2018-03-03,9,5,0,0.107942
7928,2018-03-06,6,4,0,0.107927
7929,2018-03-08,3,2,0,0.107913
7930,2018-03-10,2,3,0,0.107898
7931,2018-03-13,8,8,1,0.10802
7932,2018-03-15,1,5,0,0.108005
7933,2018-03-17,1,4,0,0.10799
7934,2018-03-20,7,4,0,0.107975
7935,2018-03-22,9,6,0,0.107961
7936,2018-03-24,8,4,0,0.107946
7937,2018-03-27,8,5,0,0.107931
7938,2018-03-29,7,5,0,0.107917
7939,2018-03-31,1,6,0,0.107902
7940,2018-04-03,1,4,0,0.107887
7941,2018-04-05,8,4,0,0.107873
7942,2018-04-07,9,5,0,0.107858
7943,2018-04-10,9,4,0,0.107843
7944,2018-04-12,9,9,1,0.107965
7945,2018-04-14,8,9,0,0.10795
7946,2018-04-17,2,5,0,0.107935
7947,2018-04-19,7,8,0,0.107921
7948,2018-04-21,8,6,0,0.107906
7949,2018-04-24,1,5,0,0.107891
7950,2018-04-26,4,4,1,0.108013
7951,2018-04-28,8,5,0,0.107998
7952,2018-05-02,8,5,0,0.107983
7953,2018-05-03,8,5,0,0.107968
7954,2018-05-05,1,5,0,0.107954
7955,2018-05-08,5,4,0,0.107939
7956,2018-05-10,4,4,1,0.10806
7957,2018-05-12,8,5,0,0.108046
7958,2018-05-15,8,5,0,0.108031
7959,2018-05-17,7,5,0,0.108016
7960,2018-05-19,3,6,0,0.108002
7961,2018-05-22,2,3,0,0.107987
7962,2018-05-24,5,8,0,0.107972
7963,2018-05-26,8,4,0,0.107958
7964,2018-05-29,9,5,0,0.107943
7965,2018-05-31,5,9,0,0.107928
7966,2018-06-04,3,4,0,0.107914
7967,2018-06-05,8,3,0,0.107899
7968,2018-06-07,6,5,0,0.107884
7969,2018-06-09,6,2,0,0.10787
7970,2018-06-12,9,2,0,0.107855
7971,2018-06-14,6,9,0,0.10784
7972,2018-06-16,8,2,0,0.107826
7973,2018-06-19,1,5,0,0.107811
7974,2018-06-21,5,4,0,0.107797
7975,2018-06-23,5,4,0,0.107782
7976,2018-06-26,5,4,0,0.107767
7977,2018-06-28,6,4,0,0.107753
7978,2018-06-30,1,2,0,0.107738
7979,2018-07-03,2,4,0,0.107724
7980,2018-07-05,6,8,0,0.107709
7981,2018-07-07,5,2,0,0.107694
7982,2018-07-10,4,4,1,0.107815
7983,2018-07-12,6,5,0,0.107801
7984,2018-07-14,7,2,0,0.107786
7985,2018-07-17,9,6,0,0.107771
7986,2018-07-19,6,9,0,0.107757
7987,2018-07-21,1,2,0,0.107742
7988,2018-07-24,3,4,0,0.107728
7989,2018-07-26,7,3,0,0.107713
7990,2018-07-28,2,6,0,0.107699
7991,2018-07-31,7,8,0,0.107684
7992,2018-08-02,5,6,0,0.107669
7993,2018-08-04,8,4,0,0.107655
7994,2018-08-07,7,5,0,0.10764
7995,2018-08-09,9,6,0,0.107626
7996,2018-08-11,5,9,0,0.107611
7997,2018-08-14,1,4,0,0.107597
7998,2018-08-16,6,4,0,0.107582
7999,2018-08-18,7,2,0,0.107568
8000,2018-08-21,3,6,0,0.107553
8001,2018-08-23,1,3,0,0.107539
8002,2018-08-25,7,4,0,0.107524
8003,2018-08-28,8,6,0,0.107509
8004,2018-08-30,6,5,0,0.107495
8005,2018-09-01,3,7,0,0.10748
8006,2018-09-04,5,3,0,0.107466
8007,2018-09-06,4,4,1,0.107586
8008,2018-09-08,3,5,0,0.107572
8009,2018-09-11,4,3,0,0.107557
8010,2018-09-13,8,5,0,0.107543
8011,2018-09-15,9,5,0,0.107528
8012,2018-09-18,8,9,0,0.107514
8013,2018-09-20,1,5,0,0.107499
8014,2018-09-22,6,4,0,0.107485
8015,2018-09-25,4,7,0,0.10747
8016,2018-09-27,6,5,0,0.107456
8017,2018-09-29,4,7,0,0.107441
8018,2018-10-02,1,5,0,0.107427
8019,2018-10-04,2,4,0,0.107412
8020,2018-10-06,4,8,0,0.107398
8021,2018-10-09,3,5,0,0.107383
8022,2018-10-11,9,3,0,0.107369
8023,2018-10-13,6,9,0,0.107355
8024,2018-10-16,8,7,0,0.10734
8025,2018-10-18,8,5,0,0.107326
8026,2018-10-20,2,5,0,0.107311
8027,2018-10-23,7,8,0,0.107297
8028,2018-10-25,6,6,1,0.107417
8029,2018-10-27,2,7,0,0.107402
8030,2018-10-30,8,8,1,0.107523
8031,2018-11-02,7,5,0,0.107508
8032,2018-11-03,9,6,0,0.107494
8033,2018-11-06,3,9,0,0.107479
8034,2018-11-08,8,3,0,0.107465
8035,2018-11-10,4,5,0,0.10745
8036,2018-11-13,5,5,1,0.10757
8037,2018-11-15,6,4,0,0.107556
8038,2018-11-17,3,2,0,0.107541
8039,2018-11-20,4,8,0,0.107527
8040,2018-11-22,1,5,0,0.107512
8041,2018-11-24,5,4,0,0.107498
8042,2018-11-27,5,4,0,0.107484
8043,2018-11-29,2,4,0,0.107469
8044,2018-12-01,5,8,0,0.107455
8045,2018-12-04,7,4,0,0.10744
8046,2018-12-06,1,6,0,0.107426
8047,2018-12-10,3,4,0,0.107411
8048,2018-12-11,8,8,1,0.107531
8049,2018-12-13,2,5,0,0.107517
8050,2018-12-15,1,8,0,0.107502
8051,2018-12-18,4,4,1,0.107622
8052,2018-12-20,2,5,0,0.107608
8053,2018-12-22,1,8,0,0.107593
8054,2018-12-24,8,4,0,0.107579
8055,2018-12-27,8,5,0,0.107564
8056,2018-12-29,3,5,0,0.10755
8057,2019-01-02,3,8,0,0.107536
8058,2019-01-03,2,8,0,0.107521
8059,2019-01-05,1,8,0,0.107507
8060,2019-01-08,3,4,0,0.107492
8061,2019-01-10,5,8,0,0.107478
8062,2019-01-12,1,4,0,0.107463
8063,2019-01-15,6,4,0,0.107449
8064,2019-01-17,6,2,0,0.107435
8065,2019-01-19,9,2,0,0.10742
8066,2019-01-22,4,9,0,0.107406
8067,2019-01-24,4,5,0,0.107392
8068,2019-01-26,8,5,0,0.107377
8069,2019-01-29,2,5,0,0.107363
8070,2019-01-31,9,8,0,0.107348
8071,2019-02-02,1,9,0,0.107334
8072,2019-02-05,8,4,0,0.10732
8073,2019-02-07,1,5,0,0.107305
8074,2019-02-09,5,4,0,0.107291
8075,2019-02-12,7,4,0,0.107277
8076,2019-02-14,1,6,0,0.107262
8077,2019-02-16,5,4,0,0.107248
8078,2019-02-19,5,4,0,0.107234
8079,2019-02-21,1,4,0,0.107219
8080,2019-02-23,5,4,0,0.107205
8081,2019-02-26,3,4,0,0.107191
8082,2019-02-28,9,8,0,0.107176
8083,2019-03-02,1,9,0,0.107162
8084,2019-03-05,7,4,0,0.107148
8085,2019-03-07,1,6,0,0.107133
8086,2019-03-09,6,4,0,0.107119
8087,2019-03-12,7,2,0,0.107105
8088,2019-03-14,1,6,0,0.10709
8089,2019-03-16,3,4,0,0.107076
8090,2019-03-19,1,8,0,0.107062
8091,2019-03-21,2,4,0,0.107048
8092,2019-03-23,5,8,0,0.107033
8093,2019-03-26,8,4,0,0.107019
8094,2019-03-28,3,5,0,0.107005
8095,2019-03-30,6,8,0,0.10699
8096,2019-04-02,1,7,0,0.106976
8097,2019-04-04,8,4,0,0.106962
8098,2019-04-06,2,5,0,0.106948
8099,2019-04-09,6,8,0,0.106933
8100,2019-04-11,6,7,0,0.106919
8101,2019-04-13,4,7,0,0.106905
8102,2019-04-16,2,5,0,0.106891
8103,2019-04-18,8,8,1,0.10701
8104,2019-04-20,5,5,1,0.107129
8105,2019-04-23,6,4,0,0.107114
8106,2019-04-26,8,7,0,0.1071
8107,2019-04-27,5,5,1,0.107219
8108,2019-04-30,2,4,0,0.107205
8109,2019-05-02,4,8,0,0.10719
8110,2019-05-04,3,5,0,0.107176
8111,2019-05-07,3,8,0,0.107162
8112,2019-05-09,2,3,0,0.107148
8113,2019-05-11,5,8,0,0.107133
8114,2019-05-14,9,4,0,0.107119
8115,2019-05-16,1,9,0,0.107105
8116,2019-05-18,7,4,0,0.107091
8117,2019-05-21,9,6,0,0.107076
8118,2019-05-23,4,9,0,0.107062
8119,2019-05-25,4,5,0,0.107048
8120,2019-05-28,2,5,0,0.107034
8121,2019-05-30,8,8,1,0.107152
8122,2019-06-01,5,5,1,0.107271
8123,2019-06-04,8,4,0,0.107257
8124,2019-06-06,4,5,0,0.107243
8125,2019-06-08,9,5,0,0.107228
8126,2019-06-11,2,4,0,0.107214
8127,2019-06-13,3,8,0,0.1072
8128,2019-06-15,2,3,0,0.107186
8129,2019-06-18,9,8,0,0.107171
8130,2019-06-20,1,4,0,0.107157
8131,2019-06-22,7,4,0,0.107143
8132,2019-06-25,5,6,0,0.107129
8133,2019-06-27,2,4,0,0.107114
8134,2019-06-29,9,8,0,0.1071
8135,2019-07-02,8,4,0,0.107086
8136,2019-07-04,9,5,0,0.107072
8137,2019-07-06,8,4,0,0.107058
8138,2019-07-09,5,5,1,0.107176
8139,2019-07-11,7,4,0,0.107162
8140,2019-07-13,1,6,0,0.107148
8141,2019-07-16,8,4,0,0.107133
8142,2019-07-18,7,5,0,0.107119
8143,2019-07-20,8,6,0,0.107105
8144,2019-07-23,1,5,0,0.107091
8145,2019-07-25,5,4,0,0.107077
8146,2019-07-27,2,4,0,0.107062
8147,2019-07-30,5,8,0,0.107048
8148,2019-08-01,4,4,1,0.107167
8149,2019-08-03,7,5,0,0.107152
8150,2019-08-06,7,6,0,0.107138
8151,2019-08-08,4,6,0,0.107124
8152,2019-08-10,3,5,0,0.10711
8153,2019-08-13,5,3,0,0.107096
8154,2019-08-16,2,4,0,0.107081
8155,2019-08-17,4,8,0,0.107067
8156,2019-08-20,4,5,0,0.107053
8157,2019-08-22,3,5,0,0.107039
8158,2019-08-24,4,3,0,0.107025
8159,2019-08-27,3,5,0,0.107011
8160,2019-08-29,3,3,1,0.107129
8161,2019-08-31,5,3,0,0.107115
8162,2019-09-03,3,4,0,0.1071
8163,2019-09-05,8,3,0,0.107086
8164,2019-09-07,2,5,0,0.107072
8165,2019-09-10,3,8,0,0.107058
8166,2019-09-12,9,3,0,0.107044
8167,2019-09-14,3,4,0,0.10703
8168,2019-09-17,3,3,1,0.107148
8169,2019-09-19,5,3,0,0.107133
8170,2019-09-21,7,4,0,0.107119
8171,2019-09-24,6,6,1,0.107237
8172,2019-09-26,8,7,0,0.107223
8173,2019-09-28,1,5,0,0.107209
8174,2019-10-01,3,4,0,0.107195
8175,2019-10-03,9,3,0,0.107181
8176,2019-10-05,5,4,0,0.107166
8177,2019-10-08,6,4,0,0.107152
8178,2019-10-10,9,7,0,0.107138
8179,2019-10-12,6,4,0,0.107124
8180,2019-10-15,4,7,0,0.10711
8181,2019-10-17,9,5,0,0.107096
8182,2019-10-19,2,4,0,0.107082
8183,2019-10-22,9,8,0,0.107068
8184,2019-10-24,3,4,0,0.107053
8185,2019-10-26,5,3,0,0.107039
8186,2019-10-29,8,4,0,0.107025
8187,2019-10-31,3,5,0,0.107011
8188,2019-11-02,4,3,0,0.106997
8189,2019-11-05,3,5,0,0.106983
8190,2019-11-07,3,3,1,0.107101
8191,2019-11-09,6,3,0,0.107086
8192,2019-11-12,8,7,0,0.107072
8193,2019-11-14,8,5,0,0.107058
8194,2019-11-16,4,5,0,0.107044
8195,2019-11-19,6,5,0,0.10703
8196,2019-11-21,4,7,0,0.107016
8197,2019-11-23,9,5,0,0.107002
8198,2019-11-26,3,4,0,0.106988
8199,2019-11-28,6,3,0,0.106974
8200,2019-11-30,4,7,0,0.10696
8201,2019-12-03,6,5,0,0.106946
8202,2019-12-05,6,7,0,0.106931
8203,2019-12-07,1,7,0,0.106917
8204,2019-12-10,5,4,0,0.106903
8205,2019-12-12,5,4,0,0.106889
8206,2019-12-14,3,4,0,0.106875
8207,2019-12-17,6,3,0,0.106861
8208,2019-12-19,2,7,0,0.106847
8209,2019-12-21,1,8,0,0.106833
8210,2019-12-24,6,4,0,0.106819
8211,2019-12-27,2,2,1,0.106936
8212,2019-12-28,8,8,1,0.107054
8213,2019-12-31,8,5,0,0.10704
8214,2020-01-02,1,5,0,0.107026
8215,2020-01-04,2,4,0,0.107012
8216,2020-01-07,9,8,0,0.106998
8217,2020-01-09,7,4,0,0.106983
8218,2020-01-11,3,6,0,0.106969
8219,2020-01-14,7,3,0,0.106955
8220,2020-01-16,4,6,0,0.106941
8221,2020-01-18,7,5,0,0.106927
8222,2020-01-21,6,6,1,0.107044
8223,2020-01-23,7,2,0,0.10703
8224,2020-01-25,8,6,0,0.107016
8225,2020-01-28,1,5,0,0.107002
8226,2020-01-30,5,4,0,0.106988
8227,2020-02-01,1,4,0,0.106974
8228,2020-02-04,5,4,0,0.10696
8229,2020-02-06,2,4,0,0.106946
8230,2020-02-08,7,8,0,0.106932
8231,2020-02-11,3,6,0,0.106918
8232,2020-02-13,6,3,0,0.106904
8233,2020-02-15,6,2,0,0.10689
8234,2020-02-18,4,2,0,0.106876
8235,2020-02-20,3,5,0,0.106862
8236,2020-02-22,8,3,0,0.106848
8237,2020-02-25,3,5,0,0.106834
8238,2020-02-27,7,3,0,0.10682
8239,2020-02-29,6,6,1,0.106937
8240,2020-03-03,7,2,0,0.106923
8241,2020-03-05,5,6,0,0.106909
8242,2020-03-07,4,4,1,0.107026
8243,2020-03-10,4,5,0,0.107012
8244,2020-03-12,1,5,0,0.106998
8245,2020-03-14,6,4,0,0.106984
8246,2020-03-17,4,7,0,0.10697
8247,2020-03-19,9,5,0,0.106956
8248,2020-03-21,8,4,0,0.106942
8249,2020-05-05,2,5,0,0.106928
8250,2020-05-07,4,8,0,0.106914
8251,2020-05-09,9,5,0,0.1069
8252,2020-05-12,9,4,0,0.106886
8253,2020-05-14,8,9,0,0.106872
8254,2020-05-16,2,5,0,0.106858
8255,2020-05-19,4,8,0,0.106844
8256,2020-05-21,2,5,0,0.10683
8257,2020-05-23,9,8,0,0.106816
8258,2020-05-26,1,9,0,0.106802
8259,2020-05-28,8,4,0,0.106789
8260,2020-05-30,9,5,0,0.106775
8261,2020-06-03,9,9,1,0.106891
8262,2020-06-04,1,9,0,0.106877
8263,2020-06-06,7,4,0,0.106863
8264,2020-06-09,3,6,0,0.106849
8265,2020-06-11,8,3,0,0.106835
8266,2020-06-13,2,5,0,0.106821
8267,2020-06-16,7,8,0,0.106808
8268,2020-06-18,7,6,0,0.106794
8269,2020-06-20,5,6,0,0.10678
8270,2020-06-23,9,4,0,0.106766
8271,2020-06-25,9,9,1,0.106882
8272,2020-06-27,1,9,0,0.106868
8273,2020-06-30,2,4,0,0.106854
8274,2020-07-02,8,8,1,0.106971
8275,2020-07-04,6,5,0,0.106957
8276,2020-07-07,4,7,0,0.106943
8277,2020-07-09,1,5,0,0.106929
8278,2020-07-11,2,4,0,0.106915
8279,2020-07-14,9,8,0,0.106901
8280,2020-07-16,2,9,0,0.106887
8281,2020-07-18,5,8,0,0.106873
8282,2020-07-21,1,4,0,0.106859
8283,2020-07-23,8,4,0,0.106845
8284,2020-07-25,3,5,0,0.106831
8285,2020-07-28,8,3,0,0.106818
8286,2020-07-30,7,5,0,0.106804
8287,2020-08-01,1,6,0,0.10679
8288,2020-08-04,3,4,0,0.106776
8289,2020-08-06,1,8,0,0.106762
8290,2020-08-08,6,4,0,0.106748
8291,2020-08-11,5,7,0,0.106734
8292,2020-08-13,1,4,0,0.10672
8293,2020-08-17,2,4,0,0.106707
8294,2020-08-18,8,8,1,0.106823
8295,2020-08-20,2,5,0,0.106809
8296,2020-08-22,3,8,0,0.106795
8297,2020-08-25,2,8,0,0.106781
8298,2020-08-27,5,8,0,0.106767
8299,2020-08-29,9,4,0,0.106753
8300,2020-09-01,7,9,0,0.106739
8301,2020-09-03,4,6,0,0.106726
8302,2020-09-05,5,5,1,0.106841
8303,2020-09-08,2,4,0,0.106828
8304,2020-09-10,1,8,0,0.106814
8305,2020-09-12,6,4,0,0.1068
8306,2020-09-15,8,7,0,0.106786
8307,2020-09-17,4,5,0,0.106772
8308,2020-09-19,5,5,1,0.106888
8309,2020-09-22,7,4,0,0.106874
8310,2020-09-24,9,6,0,0.10686
8311,2020-09-26,9,9,1,0.106976
8312,2020-09-29,5,9,0,0.106962
8313,2020-10-01,6,4,0,0.106948
8314,2020-10-03,1,7,0,0.106935
8315,2020-10-06,4,4,1,0.10705
8316,2020-10-08,6,5,0,0.107036
8317,2020-10-10,7,7,1,0.107152
8318,2020-10-13,3,6,0,0.107138
8319,2020-10-15,5,8,0,0.107124
8320,2020-10-17,2,4,0,0.10711
8321,2020-10-20,5,8,0,0.107097
8322,2020-10-22,2,4,0,0.107083
8323,2020-10-24,7,8,0,0.107069
8324,2020-10-27,2,6,0,0.107055
8325,2020-10-29,9,8,0,0.107041
8326,2020-10-31,9,9,1,0.107157
8327,2020-11-03,1,9,0,0.107143
8328,2020-11-05,6,4,0,0.107129
8329,2020-11-07,6,7,0,0.107115
8330,2020-11-10,3,7,0,0.107101
8331,2020-11-12,6,8,0,0.107087
8332,2020-11-14,6,7,0,0.107074
8333,2020-11-17,6,7,0,0.10706
8334,2020-11-19,5,7,0,0.107046
8335,2020-11-21,6,4,0,0.107032
8336,2020-11-24,3,7,0,0.107018
8337,2020-11-26,4,8,0,0.107004
8338,2020-11-28,5,5,1,0.10712
8339,2020-12-01,8,4,0,0.107106
8340,2020-12-03,2,5,0,0.107092
8341,2020-12-05,7,8,0,0.107078
8342,2020-12-09,8,6,0,0.107064
8343,2020-12-10,7,5,0,0.107051
8344,2020-12-12,9,6,0,0.107037
8345,2020-12-15,9,9,1,0.107152
8346,2020-12-17,3,9,0,0.107138
8347,2020-12-19,6,8,0,0.107124
8348,2020-12-22,1,7,0,0.107111
8349,2020-12-24,8,4,0,0.107097
8350,2020-12-28,9,5,0,0.107083
8351,2020-12-29,4,9,0,0.107069
8352,2020-12-31,2,5,0,0.107055
8353,2021-01-02,2,8,0,0.107042
8354,2021-01-05,1,8,0,0.107028
8355,2021-01-07,6,4,0,0.107014
8356,2021-01-09,5,7,0,0.107
8357,2021-01-12,7,4,0,0.106986
8358,2021-01-14,3,6,0,0.106973
8359,2021-01-16,9,8,0,0.106959
8360,2021-01-19,7,9,0,0.106945
8361,2021-01-21,4,6,0,0.106931
8362,2021-01-23,6,5,0,0.106917
8363,2021-01-26,1,7,0,0.106904
8364,2021-01-28,1,4,0,0.10689
8365,2021-01-30,8,4,0,0.106876
8366,2021-02-02,1,5,0,0.106862
8367,2021-02-04,4,4,1,0.106977
8368,2021-02-06,1,5,0,0.106964
8369,2021-02-09,5,4,0,0.10695
8370,2021-02-11,5,4,0,0.106936
8371,2021-02-13,9,4,0,0.106922
8372,2021-02-16,6,9,0,0.106909
8373,2021-02-18,2,7,0,0.106895
8374,2021-02-20,5,8,0,0.106881
8375,2021-02-23,6,4,0,0.106867
8376,2021-02-25,7,7,1,0.106982
8377,2021-02-27,2,6,0,0.106968
8378,2021-03-02,8,8,1,0.107083
8379,2021-03-04,5,5,1,0.107198
8380,2021-03-06,3,4,0,0.107184
8381,2021-03-09,8,8,1,0.107299
8382,2021-03-11,3,5,0,0.107285
8383,2021-03-13,6,8,0,0.107271
8384,2021-03-16,5,7,0,0.107258
8385,2021-03-18,5,4,0,0.107244
8386,2021-03-20,4,4,1,0.107358
8387,2021-03-23,7,5,0,0.107345
8388,2021-03-25,7,6,0,0.107331
8389,2021-03-27,4,6,0,0.107317
8390,2021-03-30,8,5,0,0.107303
8391,2021-04-01,7,5,0,0.10729
8392,2021-04-03,2,6,0,0.107276
8393,2021-04-06,2,8,0,0.107262
8394,2021-04-08,4,8,0,0.107248
8395,2021-04-10,6,5,0,0.107234
8396,2021-04-13,1,7,0,0.107221
8397,2021-04-15,1,4,0,0.107207
8398,2021-04-17,5,4,0,0.107193
8399,2021-04-20,5,4,0,0.107179
8400,2021-04-22,3,4,0,0.107166
8401,2021-04-24,9,8,0,0.107152
8402,2021-04-27,7,9,0,0.107138
8403,2021-04-29,6,6,1,0.107253
8404,2021-05-03,8,7,0,0.107239
8405,2021-05-04,3,5,0,0.107225
8406,2021-05-06,3,8,0,0.107211
8407,2021-05-08,6,8,0,0.107198
8408,2021-05-11,9,7,0,0.107184
8409,2021-05-13,8,9,0,0.10717
8410,2021-05-15,8,5,0,0.107157
8411,2021-05-18,8,5,0,0.107143
8412,2021-05-20,5,5,1,0.107257
8413,2021-05-22,4,4,1,0.107371
8414,2021-05-25,3,5,0,0.107358
8415,2021-05-27,7,8,0,0.107344
8416,2021-05-29,9,6,0,0.10733
8417,2021-06-01,3,9,0,0.107316
8418,2021-06-03,3,8,0,0.107303
8419,2021-06-05,5,3,0,0.107289
8420,2021-06-08,7,4,0,0.107275
8421,2021-06-10,1,6,0,0.107262
8422,2021-06-12,2,4,0,0.107248
8423,2021-06-15,9,8,0,0.107234
8424,2021-06-17,6,9,0,0.10722
8425,2021-06-19,5,7,0,0.107207
8426,2021-06-22,8,4,0,0.107193
8427,2021-06-24,1,5,0,0.107179
8428,2021-06-26,9,4,0,0.107166
8429,2021-06-29,6,9,0,0.107152
8430,2021-07-01,4,7,0,0.107138
8431,2021-07-03,5,5,1,0.107252
8432,2021-07-06,3,4,0,0.107239
8433,2021-07-08,9,3,0,0.107225
8434,2021-07-10,7,9,0,0.107211
8435,2021-07-13,7,6,0,0.107198
8436,2021-07-15,2,6,0,0.107184
8437,2021-07-17,1,8,0,0.10717
8438,2021-07-20,4,4,1,0.107284
8439,2021-07-22,9,5,0,0.10727
8440,2021-07-24,8,9,0,0.107257
8441,2021-07-27,9,5,0,0.107243
8442,2021-07-29,5,9,0,0.107229
8443,2021-07-31,8,4,0,0.107216
8444,2021-08-03,9,5,0,0.107202
8445,2021-08-05,7,9,0,0.107188
8446,2021-08-07,7,6,0,0.107175
8447,2021-08-10,6,6,1,0.107288
8448,2021-08-12,1,7,0,0.107275
8449,2021-08-14,9,4,0,0.107261
8450,2021-08-17,7,9,0,0.107247
8451,2021-08-19,3,6,0,0.107234
8452,2021-08-21,9,3,0,0.10722
8453,2021-08-24,2,9,0,0.107207
8454,2021-08-26,2,8,0,0.107193
8455,2021-08-28,3,8,0,0.107179
8456,2021-08-31,3,3,1,0.107293
8457,2021-09-02,4,3,0,0.107279
8458,2021-09-04,2,5,0,0.107266
8459,2021-09-07,8,8,1,0.107379
8460,2021-09-09,9,5,0,0.107365
8461,2021-09-11,3,9,0,0.107352
8462,2021-09-14,5,3,0,0.107338
8463,2021-09-16,8,4,0,0.107325
8464,2021-09-18,9,5,0,0.107311
8465,2021-09-21,2,9,0,0.107297
8466,2021-09-23,6,8,0,0.107284
8467,2021-09-25,4,7,0,0.10727
8468,2021-09-28,1,5,0,0.107256
8469,2021-09-30,4,4,1,0.10737
8470,2021-10-02,5,5,1,0.107483
8471,2021-10-05,9,4,0,0.10747
8472,2021-10-07,5,9,0,0.107456
8473,2021-10-09,8,4,0,0.107442
8474,2021-10-12,9,5,0,0.107429
8475,2021-10-14,2,9,0,0.107415
8476,2021-10-16,5,8,0,0.107401
8477,2021-10-19,5,4,0,0.107388
8478,2021-10-21,2,4,0,0.107374
8479,2021-10-23,6,8,0,0.10736
8480,2021-10-26,1,7,0,0.107347
8481,2021-10-28,7,4,0,0.107333
8482,2021-10-30,3,6,0,0.10732
8483,2021-11-02,3,3,1,0.107433
8484,2021-11-04,2,3,0,0.107419
8485,2021-11-06,3,8,0,0.107406
8486,2021-11-09,5,3,0,0.107392
8487,2021-11-11,9,4,0,0.107378
8488,2021-11-13,7,9,0,0.107365
8489,2021-11-16,2,6,0,0.107351
8490,2021-11-18,2,8,0,0.107337
8491,2021-11-20,7,8,0,0.107324
8492,2021-11-23,8,6,0,0.10731
8493,2021-11-25,5,5,1,0.107423
8494,2021-11-27,3,4,0,0.10741
8495,2021-11-30,9,3,0,0.107396
8496,2021-12-02,2,9,0,0.107383
8497,2021-12-04,4,8,0,0.107369
8498,2021-12-07,5,5,1,0.107482
8499,2021-12-09,4,4,1,0.107595
8500,2021-12-11,8,5,0,0.107581
8501,2021-12-14,4,5,0,0.107568
8502,2021-12-16,6,5,0,0.107554
8503,2021-12-18,1,7,0,0.10754
8504,2021-12-21,4,4,1,0.107653
8505,2021-12-23,1,5,0,0.10764
8506,2021-12-27,6,4,0,0.107626
8507,2021-12-28,2,7,0,0.107613
8508,2021-12-30,3,8,0,0.107599
8509,2022-01-03,3,3,1,0.107712
8510,2022-01-04,9,3,0,0.107698
8511,2022-01-07,6,9,0,0.107685
8512,2022-01-08,1,7,0,0.107671
8513,2022-01-11,7,4,0,0.107657
8514,2022-01-13,4,6,0,0.107644
8515,2022-01-15,7,5,0,0.10763
8516,2022-01-18,8,6,0,0.107617
8517,2022-01-20,3,5,0,0.107603
8518,2022-01-22,4,3,0,0.107589
8519,2022-01-25,4,5,0,0.107576
8520,2022-01-27,3,5,0,0.107562
8521,2022-01-29,9,3,0,0.107549
8522,2022-02-01,1,9,0,0.107535
8523,2022-02-03,9,4,0,0.107521
8524,2022-02-05,7,9,0,0.107508
8525,2022-02-08,3,6,0,0.107494
8526,2022-02-10,2,3,0,0.107481
8527,2022-02-12,9,8,0,0.107467
8528,2022-02-15,3,9,0,0.107454
8529,2022-02-17,2,3,0,0.10744
8530,2022-02-19,8,8,1,0.107553
8531,2022-02-22,6,5,0,0.107539
8532,2022-02-24,7,1,0,0.107526
8533,2022-02-26,3,6,0,0.107512
8534,2022-03-01,1,3,0,0.107498
8535,2022-03-03,2,4,0,0.107485
8536,2022-03-05,8,8,1,0.107597
8537,2022-03-08,3,5,0,0.107584
8538,2022-03-10,3,3,1,0.107696
8539,2022-03-12,1,3,0,0.107683
8540,2022-03-15,4,4,1,0.107795
8541,2022-03-17,4,5,0,0.107781
8542,2022-03-19,4,5,0,0.107768
8543,2022-03-22,3,5,0,0.107754
8544,2022-03-24,2,3,0,0.107741
8545,2022-03-26,4,8,0,0.107727
8546,2022-03-29,2,5,0,0.107714
8547,2022-03-31,7,8,0,0.1077
8548,2022-04-02,3,6,0,0.107687
8549,2022-04-05,6,3,0,0.107673
8550,2022-04-07,5,7,0,0.107659
8551,2022-04-09,4,4,1,0.107772
8552,2022-04-12,2,5,0,0.107758
8553,2022-04-14,8,8,1,0.10787
8554,2022-04-16,3,5,0,0.107857
8555,2022-04-19,2,3,0,0.107843
8556,2022-04-21,6,8,0,0.10783
8557,2022-04-23,6,7,0,0.107816
8558,2022-04-26,4,7,0,0.107802
8559,2022-04-28,9,5,0,0.107789
8560,2022-04-30,3,9,0,0.107775
8561,2022-05-03,9,3,0,0.107762
8562,2022-05-05,9,9,1,0.107874
8563,2022-05-07,5,9,0,0.10786
8564,2022-05-10,2,4,0,0.107847
8565,2022-05-12,3,8,0,0.107833
8566,2022-05-14,8,3,0,0.10782
8567,2022-05-17,1,5,0,0.107806
8568,2022-05-19,8,4,0,0.107793
8569,2022-05-21,9,5,0,0.107779
8570,2022-05-24,8,9,0,0.107766
8571,2022-05-26,8,5,0,0.107752
8572,2022-05-28,2,5,0,0.107739
8573,2022-05-31,7,8,0,0.107725
8574,2022-06-03,9,6,0,0.107712
8575,2022-06-04,7,9,0,0.107698
8576,2022-06-07,8,6,0,0.107685
8577,2022-06-09,5,5,1,0.107796
8578,2022-06-11,3,4,0,0.107783
8579,2022-06-14,6,3,0,0.107769
8580,2022-06-16,4,7,0,0.107756
8581,2022-06-18,9,5,0,0.107742
8582,2022-06-21,4,9,0,0.107729
8583,2022-06-23,3,5,0,0.107715
8584,2022-06-25,5,3,0,0.107702
8585,2022-06-28,6,4,0,0.107688
8586,2022-06-30,3,7,0,0.107675
8587,2022-07-02,7,3,0,0.107661
8588,2022-07-05,8,6,0,0.107648
8589,2022-07-07,9,5,0,0.107635
8590,2022-07-09,4,9,0,0.107621
8591,2022-07-12,3,5,0,0.107608
8592,2022-07-14,4,3,0,0.107594
8593,2022-07-16,2,5,0,0.107581
8594,2022-07-19,6,8,0,0.107567
8595,2022-07-21,1,7,0,0.107554
8596,2022-07-23,6,4,0,0.10754
8597,2022-07-26,8,1,0,0.107527
8598,2022-07-28,5,5,1,0.107638
8599,2022-07-30,1,4,0,0.107625
8600,2022-08-02,2,4,0,0.107612
8601,2022-08-04,6,8,0,0.107598
8602,2022-08-06,5,1,0,0.107585
8603,2022-08-09,9,4,0,0.107571
8604,2022-08-11,6,9,0,0.107558
8605,2022-08-13,6,1,0,0.107544
8606,2022-08-16,4,1,0,0.107531
8607,2022-08-18,2,5,0,0.107517
8608,2022-08-20,7,8,0,0.107504
8609,2022-08-23,1,6,0,0.107491
8610,2022-08-25,9,4,0,0.107477
8611,2022-08-27,7,9,0,0.107464
8612,2022-08-30,1,6,0,0.10745
8613,2022-09-01,4,4,1,0.107562
8614,2022-09-03,6,5,0,0.107548
8615,2022-09-06,5,1,0,0.107535
8616,2022-09-08,6,4,0,0.107522
8617,2022-09-10,7,1,0,0.107508
8618,2022-09-13,8,6,0,0.107495
8619,2022-09-15,8,5,0,0.107481
8620,2022-09-17,7,5,0,0.107468
8621,2022-09-20,4,6,0,0.107455
8622,2022-09-22,4,5,0,0.107441
8623,2022-09-24,8,5,0,0.107428
8624,2022-09-27,9,5,0,0.107414
8625,2022-09-29,8,9,0,0.107401
8626,2022-10-01,9,5,0,0.107388
8627,2022-10-04,5,9,0,0.107374
8628,2022-10-06,1,4,0,0.107361
8629,2022-10-08,4,4,1,0.107472
8630,2022-10-11,1,5,0,0.107459
8631,2022-10-13,9,4,0,0.107445
8632,2022-10-15,8,9,0,0.107432
8633,2022-10-18,5,5,1,0.107543
8634,2022-10-20,2,4,0,0.10753
8635,2022-10-22,6,8,0,0.107516
8636,2022-10-25,9,7,0,0.107503
8637,2022-10-27,7,9,0,0.107489
8638,2022-10-29,1,6,0,0.107476
8639,2022-11-02,4,4,1,0.107587
8640,2022-11-03,8,5,0,0.107574
8641,2022-11-05,4,5,0,0.10756
8642,2022-11-08,8,5,0,0.107547
8643,2022-11-10,7,5,0,0.107534
8644,2022-11-12,7,6,0,0.10752
8645,2022-11-15,8,6,0,0.107507
8646,2022-11-17,4,5,0,0.107493
8647,2022-11-19,3,5,0,0.10748
8648,2022-11-22,2,3,0,0.107467
8649,2022-11-24,3,8,0,0.107453
8650,2022-11-26,3,3,1,0.107564
8651,2022-11-29,8,3,0,0.107551
8652,2022-12-01,5,5,1,0.107662
8653,2022-12-03,8,4,0,0.107648
8654,2022-12-06,9,5,0,0.107635
8655,2022-12-09,7,9,0,0.107622
8656,2022-12-10,9,6,0,0.107608
8657,2022-12-13,3,9,0,0.107595
8658,2022-12-15,9,3,0,0.107582
8659,2022-12-17,1,9,0,0.107568
8660,2022-12-20,8,4,0,0.107555
8661,2022-12-22,2,5,0,0.107542
8662,2022-12-24,9,8,0,0.107528
8663,2022-12-27,7,9,0,0.107515
8664,2022-12-29,5,6,0,0.107502
8665,2022-12-31,8,4,0,0.107488
8666,2023-01-03,3,5,0,0.107475
8667,2023-01-05,2,3,0,0.107462
8668,2023-01-07,5,8,0,0.107448
8669,2023-01-10,7,4,0,0.107435
8670,2023-01-12,8,6,0,0.107422
8671,2023-01-14,4,5,0,0.107408
8672,2023-01-17,4,5,0,0.107395
8673,2023-01-19,1,5,0,0.107382
8674,2023-01-21,1,4,0,0.107368
8675,2023-01-24,7,4,0,0.107355
8676,2023-01-26,2,6,0,0.107342
8677,2023-01-28,3,8,0,0.107329
8678,2023-01-31,4,3,0,0.107315
8679,2023-02-02,5,5,1,0.107426
8680,2023-02-04,3,4,0,0.107412
8681,2023-02-07,7,3,0,0.107399
8682,2023-02-09,9,6,0,0.107386
8683,2023-02-11,9,9,1,0.107496
8684,2023-02-14,8,9,0,0.107483
8685,2023-02-16,4,5,0,0.10747
8686,2023-02-18,1,5,0,0.107456
8687,2023-02-21,5,4,0,0.107443
8688,2023-02-23,2,4,0,0.10743
8689,2023-02-25,1,8,0,0.107417
8690,2023-02-28,3,4,0,0.107403
8691,2023-03-02,1,3,0,0.10739
8692,2023-03-04,5,4,0,0.107377
8693,2023-03-07,5,4,0,0.107363
8694,2023-03-09,5,4,0,0.10735
8695,2023-03-11,3,4,0,0.107337
8696,2023-03-14,5,3,0,0.107324
8697,2023-03-16,8,4,0,0.10731
8698,2023-03-18,3,5,0,0.107297
8699,2023-03-21,7,3,0,0.107284
8700,2023-03-23,4,6,0,0.107271
8701,2023-03-25,4,5,0,0.107257
8702,2023-03-28,9,5,0,0.107244
8703,2023-03-30,8,9,0,0.107231
8704,2023-04-01,9,5,0,0.107218
8705,2023-04-04,7,9,0,0.107205
8706,2023-04-06,1,6,0,0.107191
8707,2023-04-08,1,4,0,0.107178
8708,2023-04-11,5,4,0,0.107165
8709,2023-04-13,1,4,0,0.107152
8710,2023-04-15,1,4,0,0.107138
8711,2023-04-18,9,4,0,0.107125
8712,2023-04-20,6,9,0,0.107112
8713,2023-04-22,5,7,0,0.107099
8714,2023-04-26,4,4,1,0.107209
8715,2023-04-27,3,5,0,0.107196
8716,2023-04-29,2,3,0,0.107182
8717,2023-05-02,5,8,0,0.107169
8718,2023-05-04,4,4,1,0.107279
8719,2023-05-06,8,5,0,0.107266
8720,2023-05-09,1,5,0,0.107253
8721,2023-05-11,6,4,0,0.10724
8722,2023-05-13,3,7,0,0.107226
8723,2023-05-16,5,3,0,0.107213
8724,2023-05-18,6,4,0,0.1072
8725,2023-05-20,8,7,0,0.107187
8726,2023-05-23,8,5,0,0.107174
8727,2023-05-25,4,5,0,0.10716
8728,2023-05-27,7,5,0,0.107147
8729,2023-05-30,1,6,0,0.107134
8730,2023-06-01,3,4,0,0.107121
8731,2023-06-03,4,3,0,0.107108
8732,2023-06-06,1,5,0,0.107095
8733,2023-06-08,6,4,0,0.107081
8734,2023-06-10,2,7,0,0.107068
8735,2023-06-13,9,8,0,0.107055
8736,2023-06-15,1,9,0,0.107042
8737,2023-06-17,4,4,1,0.107152
8738,2023-06-20,9,5,0,0.107138
8739,2023-06-22,1,9,0,0.107125
8740,2023-06-24,8,4,0,0.107112
8741,2023-06-27,4,5,0,0.107099
8742,2023-06-29,4,5,0,0.107086
8743,2023-07-01,4,5,0,0.107073
8744,2023-07-04,7,5,0,0.10706
8745,2023-07-06,1,6,0,0.107046
8746,2023-07-07,8,4,0,0.107033
8747,2023-07-08,9,5,0,0.10702
8748,2023-07-11,7,9,0,0.107007
8749,2023-07-13,5,6,0,0.106994
8750,2023-07-14,2,4,0,0.106981
8751,2023-07-15,5,8,0,0.106968
8752,2023-07-18,9,4,0,0.106954
8753,2023-07-20,6,9,0,0.106941
8754,2023-07-21,1,7,0,0.106928
8755,2023-07-22,2,4,0,0.106915
8756,2023-07-25,9,8,0,0.106902
8757,2023-07-27,8,9,0,0.106889
8758,2023-07-28,5,5,1,0.106998
8759,2023-07-29,4,4,1,0.107108
8760,2023-08-01,8,5,0,0.107095
8761,2023-08-03,9,5,0,0.107082
8762,2023-08-04,4,8,0,0.107068
8763,2023-08-05,4,5,0,0.107055
8764,2023-08-08,7,5,0,0.107042
8765,2023-08-10,6,6,1,0.107152
8766,2023-08-11,6,1,0,0.107138
8767,2023-08-12,9,1,0,0.107125
8768,2023-08-16,5,8,0,0.107112
8769,2023-08-17,8,4,0,0.107099
8770,2023-08-18,9,5,0,0.107086
8771,2023-08-19,4,8,0,0.107073
8772,2023-08-22,2,5,0,0.10706
8773,2023-08-24,6,8,0,0.107047
8774,2023-08-25,7,1,0,0.107034
8775,2023-08-26,6,6,1,0.107143
8776,2023-08-29,5,7,0,0.10713
8777,2023-08-31,8,4,0,0.107117
8778,2023-09-01,2,5,0,0.107104
8779,2023-09-02,2,8,0,0.10709
8780,2023-09-05,4,8,0,0.107077
8781,2023-09-07,9,5,0,0.107064
8782,2023-09-08,5,8,0,0.107051
8783,2023-09-09,4,4,1,0.10716
8784,2023-09-12,8,5,0,0.107147
8785,2023-09-14,8,5,0,0.107134
8786,2023-09-15,8,5,0,0.107121
8787,2023-09-16,5,5,1,0.10723
8788,2023-09-19,6,4,0,0.107217
8789,2023-09-21,7,7,1,0.107326
8790,2023-09-22,7,6,0,0.107313
8791,2023-09-23,1,6,0,0.1073
8792,2023-09-26,9,4,0,0.107287
8793,2023-09-28,9,8,0,0.107274
8794,2023-09-29,1,9,0,0.107261
8795,2023-09-30,5,4,0,0.107247
8796,2023-10-03,6,4,0,0.107234
8797,2023-10-05,3,7,0,0.107221
8798,2023-10-06,3,3,1,0.10733
8799,2023-10-07,5,3,0,0.107317
8800,2023-10-10,4,4,1,0.107426
8801,2023-10-12,2,5,0,0.107413
8802,2023-10-13,2,8,0,0.1074
8803,2023-10-14,4,8,0,0.107387
8804,2023-10-17,3,5,0,0.107374
8805,2023-10-19,6,3,0,0.10736
8806,2023-10-20,6,7,0,0.107347
8807,2023-10-21,8,7,0,0.107334
8808,2023-10-24,8,5,0,0.107321
8809,2023-10-26,3,5,0,0.107308
8810,2023-10-27,2,3,0,0.107295
8811,2023-10-28,3,8,0,0.107282
8812,2023-10-31,8,3,0,0.107269
8813,2023-11-02,7,5,0,0.107256
8814,2023-11-03,9,6,0,0.107243
8815,2023-11-04,3,9,0,0.10723
8816,2023-11-07,4,3,0,0.107217
8817,2023-11-09,6,5,0,0.107204
8818,2023-11-10,4,7,0,0.107191
8819,2023-11-11,9,5,0,0.107178
8820,2023-11-14,5,9,0,0.107165
8821,2023-11-16,4,4,1,0.107273
8822,2023-11-17,8,5,0,0.10726
8823,2023-11-18,4,5,0,0.107247
8824,2023-11-21,2,5,0,0.107234
8825,2023-11-23,2,8,0,0.107221
8826,2023-11-24,4,8,0,0.107208
8827,2023-11-25,7,2,0,0.107195
8828,2023-11-28,5,6,0,0.107182
8829,2023-11-30,5,4,0,0.107169
8830,2023-12-01,1,4,0,0.107156
8831,2023-12-02,9,4,0,0.107143
8832,2023-12-05,2,9,0,0.10713
8833,2023-12-07,5,8,0,0.107117
8834,2023-12-09,1,4,0,0.107104
8835,2023-12-11,8,4,0,0.107091
8836,2023-12-12,5,5,1,0.107199
8837,2023-12-14,4,4,1,0.107308
8838,2023-12-15,7,2,0,0.107295
8839,2023-12-16,7,6,0,0.107282
8840,2023-12-19,5,6,0,0.107269
8841,2023-12-21,2,4,0,0.107256
8842,2023-12-22,9,8,0,0.107243
8843,2023-12-23,5,9,0,0.10723
8844,2023-12-27,7,4,0,0.107216
8845,2023-12-28,7,6,0,0.107203
8846,2023-12-29,8,6,0,0.10719
8847,2023-12-30,2,5,0,0.107177
8848,2024-01-02,7,8,0,0.107165
8849,2024-01-04,4,6,0,0.107152
8850,2024-01-05,7,2,0,0.107139
8851,2024-01-08,9,6,0,0.107126
8852,2024-01-09,6,5,0,0.107113
8853,2024-01-11,1,7,0,0.1071
8854,2024-01-12,5,4,0,0.107087
8855,2024-01-13,1,4,0,0.107074
8856,2024-01-16,6,4,0,0.107061
8857,2024-01-18,7,7,1,0.107169
8858,2024-01-19,8,6,0,0.107156
8859,2024-01-20,2,5,0,0.107143
8860,2024-01-23,1,8,0,0.10713
8861,2024-01-25,9,4,0,0.107117
8862,2024-01-26,1,5,0,0.107104
8863,2024-01-27,7,4,0,0.107091
8864,2024-01-30,6,6,1,0.107199
8865,2024-02-01,1,7,0,0.107186
8866,2024-02-02,6,4,0,0.107173
8867,2024-02-03,8,7,0,0.10716
8868,2024-02-06,4,5,0,0.107147
8869,2024-02-08,1,2,0,0.107134
8870,2024-02-09,6,4,0,0.107121
8871,2024-02-10,5,7,0,0.107108
8872,2024-02-13,6,4,0,0.107095
8873,2024-02-15,3,7,0,0.107082
8874,2024-02-16,4,3,0,0.107069
8875,2024-02-17,6,2,0,0.107057
8876,2024-02-20,5,7,0,0.107044
8877,2024-02-22,8,4,0,0.107031
8878,2024-02-23,6,5,0,0.107018
8879,2024-02-24,8,7,0,0.107005
8880,2024-02-27,1,5,0,0.106992
8881,2024-02-29,6,4,0,0.106979
8882,2024-03-01,5,7,0,0.106966
8883,2024-03-02,8,4,0,0.106953
8884,2024-03-05,2,5,0,0.10694
8885,2024-03-07,3,8,0,0.106927
8886,2024-03-08,7,3,0,0.106914
8887,2024-03-09,1,6,0,0.106902
8888,2024-03-12,1,4,0,0.106889
8889,2024-03-14,9,4,0,0.106876
8890,2024-03-15,9,5,0,0.106863
8891,2024-03-16,5,9,0,0.10685
8892,2024-03-19,5,4,0,0.106837
8893,2024-03-21,4,4,1,0.106945
8894,2024-03-22,2,2,1,0.107052
8895,2024-03-23,2,8,0,0.10704
8896,2024-03-26,6,8,0,0.107027
8897,2024-03-28,9,7,0,0.107014
8898,2024-03-29,6,5,0,0.107001
8899,2024-03-30,5,7,0,0.106988
8900,2024-04-02,5,4,0,0.106975
8901,2024-04-04,7,4,0,0.106962
8902,2024-04-05,3,6,0,0.106949
8903,2024-04-06,4,3,0,0.106936
8904,2024-04-09,8,2,0,0.106924
8905,2024-04-11,5,5,1,0.107031
8906,2024-04-12,9,4,0,0.107018
8907,2024-04-13,3,5,0,0.107005
8908,2024-04-16,7,3,0,0.106992
8909,2024-04-18,7,6,0,0.10698
8910,2024-04-19,4,6,0,0.106967
8911,2024-04-20,6,2,0,0.106954
8912,2024-04-23,3,7,0,0.106941
8913,2024-04-26,7,3,0,0.106928
8914,2024-04-27,8,6,0,0.106915
8915,2024-04-29,9,5,0,0.106902
8916,2024-04-30,4,5,0,0.10689
8917,2024-05-02,7,2,0,0.106877
8918,2024-05-03,9,6,0,0.106864
8919,2024-05-04,3,5,0,0.106851
8920,2024-05-07,5,3,0,0.106838
8921,2024-05-09,3,4,0,0.106825
8922,2024-05-10,3,3,1,0.106933
8923,2024-05-11,8,3,0,0.10692
8924,2024-05-14,3,5,0,0.106907
8925,2024-05-16,4,3,0,0.106894
8926,2024-05-17,6,2,0,0.106881
8927,2024-05-18,5,7,0,0.106868
8928,2024-05-21,1,4,0,0.106856
8929,2024-05-23,3,4,0,0.106843
8930,2024-05-24,7,3,0,0.10683
8931,2024-05-25,3,6,0,0.106817
8932,2024-05-28,4,3,0,0.106804
8933,2024-05-30,6,2,0,0.106791
8934,2024-05-31,8,7,0,0.106779
8935,2024-06-01,3,5,0,0.106766
8936,2024-06-04,9,3,0,0.106753
8937,2024-06-06,1,5,0,0.10674
8938,2024-06-07,9,4,0,0.106727
8939,2024-06-08,6,5,0,0.106715
8940,2024-06-11,4,7,0,0.106702
8941,2024-06-13,3,2,0,0.106689
8942,2024-06-14,1,3,0,0.106676
8943,2024-06-15,8,4,0,0.106663
8944,2024-06-18,1,5,0,0.106651
8945,2024-06-20,2,4,0,0.106638
8946,2024-06-21,2,8,0,0.106625
8947,2024-06-22,7,8,0,0.106612
8948,2024-06-25,4,6,0,0.1066
8949,2024-06-27,2,2,1,0.106707
8950,2024-06-28,4,8,0,0.106694
8951,2024-06-29,7,2,0,0.106681
8952,2024-07-02,7,6,0,0.106668
8953,2024-07-04,7,6,0,0.106655
8954,2024-07-05,5,6,0,0.106643
8955,2024-07-06,2,4,0,0.10663
8956,2024-07-09,9,8,0,0.106617
8957,2024-07-11,2,5,0,0.106604
8958,2024-07-12,4,8,0,0.106592
8959,2024-07-13,7,2,0,0.106579
8960,2024-07-16,9,6,0,0.106566
8961,2024-07-18,9,5,0,0.106553
8962,2024-07-19,1,9,0,0.106541
8963,2024-07-20,5,4,0,0.106528
8964,2024-07-23,8,4,0,0.106515
8965,2024-07-25,8,5,0,0.106503
8966,2024-07-26,3,5,0,0.10649
8967,2024-07-27,8,3,0,0.106477
8968,2024-07-30,6,5,0,0.106464
8969,2024-08-01,7,7,1,0.106571
8970,2024-08-02,2,6,0,0.106558
8971,2024-08-03,1,8,0,0.106546
8972,2024-08-06,1,4,0,0.106533
8973,2024-08-08,3,4,0,0.10652
8974,2024-08-09,6,3,0,0.106507
8975,2024-08-10,1,7,0,0.106495
8976,2024-08-13,3,4,0,0.106482
8977,2024-08-16,6,3,0,0.106469
8978,2024-08-17,2,7,0,0.106457
8979,2024-08-19,1,8,0,0.106444
8980,2024-08-20,5,4,0,0.106431
8981,2024-08-22,6,4,0,0.106419
8982,2024-08-23,2,7,0,0.106406
8983,2024-08-24,7,8,0,0.106393
8984,2024-08-27,4,6,0,0.10638
8985,2024-08-29,1,2,0,0.106368
8986,2024-08-30,8,4,0,0.106355
8987,2024-08-31,1,5,0,0.106342
8988,2024-09-03,2,4,0,0.10633
8989,2024-09-05,1,8,0,0.106317
8990,2024-09-06,2,4,0,0.106304
8991,2024-09-07,4,8,0,0.106292
8992,2024-09-10,1,2,0,0.106279
8993,2024-09-12,8,4,0,0.106266
8994,2024-09-13,4,5,0,0.106254
8995,2024-09-14,4,2,0,0.106241
8996,2024-09-17,9,2,0,0.106228
8997,2024-09-19,6,9,0,0.106216
8998,2024-09-20,2,7,0,0.106203
8999,2024-09-21,7,8,0,0.10619
9000,2024-09-24,6,6,1,0.106297
9001,2024-09-26,9,7,0,0.106284
9002,2024-09-27,8,9,0,0.106272
9003,2024-09-28,1,5,0,0.106259
9004,2024-10-01,1,4,0,0.106246
9005,2024-10-03,3,4,0,0.106234
9006,2024-10-04,8,3,0,0.106221
9007,2024-10-05,1,5,0,0.106208
9008,2024-10-08,2,4,0,0.106196
9009,2024-10-10,8,8,1,0.106302
9010,2024-10-11,5,5,1,0.106408
9011,2024-10-12,4,4,1,0.106515
9012,2024-10-15,9,2,0,0.106502
9013,2024-10-17,9,9,1,0.106608
9014,2024-10-18,4,9,0,0.106595
9015,2024-10-19,9,2,0,0.106583
9016,2024-10-22,3,9,0,0.10657
9017,2024-10-24,3,3,1,0.106676
9018,2024-10-25,9,3,0,0.106663
9019,2024-10-26,8,9,0,0.106651
9020,2024-10-29,2,5,0,0.106638
9021,2024-10-31,3,8,0,0.106626
9022,2024-11-02,2,3,0,0.106613
9023,2024-11-04,8,8,1,0.106719
9024,2024-11-05,8,5,0,0.106706
9025,2024-11-07,9,5,0,0.106694
9026,2024-11-08,7,9,0,0.106681
9027,2024-11-09,3,6,0,0.106668
9028,2024-11-12,2,3,0,0.106656
9029,2024-11-14,4,8,0,0.106643
9030,2024-11-15,2,2,1,0.106749
9031,2024-11-16,6,8,0,0.106736
9032,2024-11-19,4,7,0,0.106724
9033,2024-11-21,9,2,0,0.106711
9034,2024-11-22,6,9,0,0.106698
9035,2024-11-23,2,7,0,0.106686
9036,2024-11-26,1,8,0,0.106673
9037,2024-11-28,5,4,0,0.10666
9038,2024-11-29,6,4,0,0.106648
9039,2024-11-30,6,7,0,0.106635
9040,2024-12-03,3,7,0,0.106622
9041,2024-12-05,6,3,0,0.10661
9042,2024-12-06,2,7,0,0.106597
9043,2024-12-07,7,8,0,0.106585
9044,2024-12-10,8,6,0,0.106572
9045,2024-12-12,1,5,0,0.106559
9046,2024-12-13,4,4,1,0.106665
9047,2024-12-14,4,2,0,0.106652
9048,2024-12-17,3,2,0,0.10664
9049,2024-12-19,7,3,0,0.106627
9050,2024-12-20,4,6,0,0.106615
9051,2024-12-21,5,2,0,0.106602
9052,2024-12-24,6,4,0,0.106589
9053,2024-12-27,4,7,0,0.106577
9054,2024-12-28,4,2,0,0.106564
9055,2024-12-30,8,2,0,0.106552
9056,2024-12-31,9,5,0,0.106539
9057,2025-01-02,3,9,0,0.106526
9058,2025-01-03,9,3,0,0.106514
9059,2025-01-04,1,9,0,0.106501
9060,2025-01-07,7,4,0,0.106489
9061,2025-01-09,2,6,0,0.106476
9062,2025-01-10,1,8,0,0.106463
9063,2025-01-11,7,4,0,0.106451
9064,2025-01-14,6,6,1,0.106556
9065,2025-01-16,3,7,0,0.106544
9066,2025-01-17,1,3,0,0.106531
9067,2025-01-18,3,4,0,0.106519
9068,2025-01-21,2,3,0,0.106506
9069,2025-01-23,2,8,0,0.106494
9070,2025-01-24,7,8,0,0.106481
9071,2025-01-25,2,6,0,0.106468
9072,2025-01-28,3,8,0,0.106456
9073,2025-01-30,5,3,0,0.106443
9074,2025-01-31,1,4,0,0.106431
9075,2025-02-01,2,4,0,0.106418
9076,2025-02-04,5,8,0,0.106406
9077,2025-02-06,8,4,0,0.106393
9078,2025-02-07,4,5,0,0.10638
9079,2025-02-08,8,2,0,0.106368
9080,2025-02-11,8,5,0,0.106355
9081,2025-02-13,2,5,0,0.106343
9082,2025-02-14,8,8,1,0.106448
9083,2025-02-15,5,5,1,0.106554
9084,2025-02-18,5,4,0,0.106541
9085,2025-02-20,7,4,0,0.106528
9086,2025-02-21,9,6,0,0.106516
9087,2025-02-22,6,9,0,0.106503
9088,2025-02-25,8,7,0,0.106491
9089,2025-02-27,6,5,0,0.106478
9090,2025-02-28,7,7,1,0.106583
9091,2025-03-01,8,6,0,0.106571
9092,2025-03-04,8,5,0,0.106558
9093,2025-03-06,2,5,0,0.106546
9094,2025-03-07,3,8,0,0.106533
9095,2025-03-08,9,3,0,0.106521
9096,2025-03-11,1,9,0,0.106508
9097,2025-03-13,7,4,0,0.106496
9098,2025-03-14,5,6,0,0.106483
9099,2025-03-15,5,4,0,0.106471
9100,2025-03-18,5,4,0,0.106458
9101,2025-03-20,2,4,0,0.106446
9102,2025-03-21,3,8,0,0.106433
9103,2025-03-22,2,3,0,0.106421
9104,2025-03-25,1,8,0,0.106408
9105,2025-03-27,3,4,0,0.106395
9106,2025-03-28,7,3,0,0.106383
9107,2025-03-29,3,6,0,0.10637
9108,2025-04-01,4,3,0,0.106358
9109,2025-04-03,7,2,0,0.106345
9110,2025-04-04,4,6,0,0.106333
9111,2025-04-05,2,2,1,0.106438
9112,2025-04-08,3,8,0,0.106425
9113,2025-04-10,4,3,0,0.106413
9114,2025-04-11,8,2,0,0.1064
9115,2025-04-12,1,5,0,0.106388
9116,2025-04-15,3,4,0,0.106375
9117,2025-04-17,7,3,0,0.106363
9118,2025-04-18,9,6,0,0.106351
9119,2025-04-19,6,9,0,0.106338
9120,2025-04-22,4,7,0,0.106326
9121,2025-04-24,5,2,0,0.106313
9122,2025-04-26,2,4,0,0.106301
9123,2025-04-28,7,8,0,0.106288
9124,2025-04-29,2,6,0,0.106276
9125,2025-05-02,5,8,0,0.106263
9126,2025-05-03,1,4,0,0.106251
9127,2025-05-05,5,4,0,0.106238
9128,2025-05-06,1,4,0,0.106226
9129,2025-05-08,3,4,0,0.106213
9130,2025-05-09,5,3,0,0.106201
9131,2025-05-10,2,4,0,0.106188
9132,2025-05-13,1,8,0,0.106176
9133,2025-05-15,5,4,0,0.106164
9134,2025-05-16,1,4,0,0.106151
9135,2025-05-17,6,4,0,0.106139
9136,2025-05-20,4,7,0,0.106126
9137,2025-05-22,6,2,0,0.106114
9138,2025-05-23,7,7,1,0.106219
9139,2025-05-24,4,6,0,0.106206
9140,2025-05-27,8,2,0,0.106194
9141,2025-05-29,6,5,0,0.106181
9142,2025-05-30,9,7,0,0.106169
9143,2025-05-31,1,9,0,0.106156
9144,2025-06-03,4,4,1,0.106261
9145,2025-06-05,1,2,0,0.106249
9146,2025-06-06,4,4,1,0.106353
9147,2025-06-07,8,2,0,0.106341
9148,2025-06-10,9,5,0,0.106328
9149,2025-06-12,8,9,0,0.106316
9150,2025-06-13,1,5,0,0.106303
9151,2025-06-14,4,4,1,0.106408
9152,2025-06-17,2,2,1,0.106512
9153,2025-06-19,1,8,0,0.1065
9154,2025-06-20,1,4,0,0.106487
9155,2025-06-21,6,4,0,0.106475
9156,2025-06-24,7,7,1,0.106579
9157,2025-06-26,3,6,0,0.106567
9158,2025-06-27,9,3,0,0.106555
9159,2025-06-28,3,9,0,0.106542
9160,2025-07-01,6,3,0,0.10653
9161,2025-07-03,7,7,1,0.106634
9162,2025-07-04,3,6,0,0.106622
9163,2025-07-05,7,3,0,0.106609
9164,2025-07-08,1,6,0,0.106597
9165,2025-07-10,5,4,0,0.106584
9166,2025-07-11,2,4,0,0.106572
9167,2025-07-12,5,8,0,0.106559
9168,2025-07-15,9,4,0,0.106547
9169,2025-07-17,4,9,0,0.106534
9170,2025-07-18,6,2,0,0.106522
9171,2025-07-19,4,7,0,0.10651
9172,2025-07-22,1,2,0,0.106497
9173,2025-07-24,2,4,0,0.106485
9174,2025-07-25,4,8,0,0.106472
9175,2025-07-26,9,2,0,0.10646
9176,2025-07-29,1,9,0,0.106447
9177,2025-07-31,9,4,0,0.106435
9178,2025-08-01,9,9,1,0.106539
9179,2025-08-02,8,9,0,0.106527
9180,2025-08-05,2,5,0,0.106514
9181,2025-08-07,8,8,1,0.106619
9182,2025-08-08,7,5,0,0.106606
9183,2025-08-09,1,6,0,0.106594
9184,2025-08-12,7,4,0,0.106581
9185,2025-08-14,5,6,0,0.106569
9186,2025-08-16,7,4,0,0.106556
9187,2025-08-18,5,6,0,0.106544
9188,2025-08-19,7,4,0,0.106532
9189,2025-08-21,1,6,0,0.106519
9190,2025-08-22,4,4,1,0.106623
9191,2025-08-23,3,2,0,0.106611
9192,2025-08-26,9,3,0,0.106598
9193,2025-08-28,6,9,0,0.106586
9194,2025-08-29,9,7,0,0.106574
9195,2025-08-30,7,9,0,0.106561
9196,2025-09-02,5,6,0,0.106549
9197,2025-09-04,7,4,0,0.106536
9198,2025-09-05,2,6,0,0.106524
9199,2025-09-06,3,8,0,0.106512
9200,2025-09-09,6,3,0,0.106499
9201,2025-09-11,4,7,0,0.106487
9202,2025-09-12,5,2,0,0.106474
9203,2025-09-13,1,4,0,0.106462
9204,2025-09-16,7,4,0,0.10645
9205,2025-09-18,8,6,0,0.106437
9206,2025-09-19,5,5,1,0.106541
9207,2025-09-20,7,4,0,0.106529
9208,2025-09-23,7,6,0,0.106516
9209,2025-09-25,2,6,0,0.106504
9210,2025-09-26,7,8,0,0.106492
9211,2025-09-27,8,6,0,0.106479
9212,2025-09-30,9,5,0,0.106467
9213,2025-10-02,2,9,0,0.106455
9214,2025-10-03,1,8,0,0.106442
9215,2025-10-04,1,4,0,0.10643
9216,2025-10-07,6,4,0,0.106418
9217,2025-10-09,5,7,0,0.106405
9218,2025-10-10,9,4,0,0.106393
9219,2025-10-11,8,9,0,0.106381
9220,2025-10-14,6,5,0,0.106368
9221,2025-10-16,7,7,1,0.106472
9222,2025-10-17,4,6,0,0.106459
9223,2025-10-18,9,2,0,0.106447
9224,2025-10-21,3,8,0,0.106435
9225,2025-10-23,5,3,0,0.106422
9226,2025-10-24,1,4,0,0.10641
9227,2025-10-25,3,4,0,0.106398
9228,2025-10-28,3,3,1,0.106501
9229,2025-10-30,9,3,0,0.106489
9230,2025-10-31,8,8,1,0.106593
9231,2025-11-03,5,5,1,0.106696
9232,2025-11-04,3,4,0,0.106684
9233,2025-11-06,1,3,0,0.106671
9234,2025-11-07,4,4,1,0.106775
9235,2025-11-08,8,2,0,0.106762
9236,2025-11-11,6,5,0,0.10675
9237,2025-11-13,2,7,0,0.106738
9238,2025-11-14,2,8,0,0.106725
9239,2025-11-15,9,8,0,0.106713
9240,2025-11-18,7,8,0,0.106701
9241,2025-11-20,8,6,0,0.106688
9242,2025-11-21,7,5,0,0.106676
9243,2025-11-22,4,6,0,0.106664
9244,2025-11-25,6,2,0,0.106651
9245,2025-11-27,5,7,0,0.106639
9246,2025-11-28,9,4,0,0.106627
9247,2025-11-29,5,8,0,0.106614
9248,2025-12-02,3,4,0,0.106602
9249,2025-12-04,2,3,0,0.10659
9250,2025-12-05,5,8,0,0.106577
9251,2025-12-06,4,4,1,0.106681
9252,2025-12-09,2,2,1,0.106784
9253,2025-12-11,8,8,1,0.106887
9254,2025-12-12,2,5,0,0.106875
9255,2025-12-13,6,8,0,0.106862
9256,2025-12-16,7,7,1,0.106965
9257,2025-12-18,7,6,0,0.106953
9258,2025-12-19,6,6,1,0.107056
9259,2025-12-20,9,7,0,0.107044
9260,2025-12-23,1,8,0,0.107032
9261,2025-12-24,9,4,0,0.107019
9262,2025-12-27,8,8,1,0.107122
9263,2025-12-29,6,5,0,0.10711
9264,2025-12-30,4,7,0,0.107098
9265,2026-01-02,3,2,0,0.107085
9266,2026-01-03,8,3,0,0.107073
9267,2026-01-05,1,5,0,0.10706
9268,2026-01-07,5,4,0,0.107048
9269,2026-01-08,8,4,0,0.107036
9270,2026-01-09,5,5,1,0.107139
9271,2026-01-10,9,4,0,0.107126
9272,2026-01-13,6,8,0,0.107114
9273,2026-01-15,9,7,0,0.107102
9274,2026-01-16,3,8,0,0.107089
9275,2026-01-17,7,3,0,0.107077
9276,2026-01-20,7,6,0,0.107065
9277,2026-01-22,6,6,1,0.107168
9278,2026-01-23,8,7,0,0.107155
9279,2026-01-24,9,5,0,0.107143
9280,2026-01-27,2,8,0,0.107131
9281,2026-01-29,9,8,0,0.107118
9282,2026-01-30,6,8,0,0.107106
9283,2026-01-31,9,7,0,0.107094
9284,2026-02-03,9,8,0,0.107081
9285,2026-02-05,9,8,0,0.107069
9286,2026-02-06,4,8,0,0.107057
9287,2026-02-07,4,2,0,0.107044
9288,2026-02-10,2,2,1,0.107147
9289,2026-02-12,6,8,0,0.107135
9290,2026-02-13,9,7,0,0.107122
9291,2026-02-14,5,8,0,0.10711
9292,2026-02-17,5,4,0,0.107098
9293,2026-02-19,2,4,0,0.107085
9294,2026-02-20,4,8,0,0.107073
9295,2026-02-21,2,2,1,0.107176
9296,2026-02-24,3,8,0,0.107163
9297,2026-02-26,2,3,0,0.107151
9298,2026-02-27,9,8,0,0.107139
9299,2026-02-28,8,8,1,0.107241
9300,2026-03-03,9,5,0,0.107229
9301,2026-03-05,9,8,0,0.107217
9302,2026-03-06,7,8,0,0.107204
9303,2026-03-07,3,6,0,0.107192
9304,2026-03-10,4,3,0,0.10718
9305,2026-03-12,2,2,1,0.107282
9306,2026-03-13,6,8,0,0.10727
9307,2026-03-14,4,7,0,0.107258
9308,2026-03-17,1,2,0,0.107245
