slice_idx,window_start_date,window_end_date,from_dr,to_dr,count,p_to_given_from
0,1900-01-06,1907-09-07,1,1,4,0.097561
0,1900-01-06,1907-09-07,1,2,6,0.146341
0,1900-01-06,1907-09-07,1,3,2,0.04878
0,1900-01-06,1907-09-07,1,4,5,0.121951
0,1900-01-06,1907-09-07,1,5,5,0.121951
0,1900-01-06,1907-09-07,1,6,3,0.073171
0,1900-01-06,1907-09-07,1,7,5,0.121951
0,1900-01-06,1907-09-07,1,8,3,0.073171
0,1900-01-06,1907-09-07,1,9,8,0.195122
0,1900-01-06,1907-09-07,2,1,4,0.095238
0,1900-01-06,1907-09-07,2,2,6,0.142857
0,1900-01-06,1907-09-07,2,3,5,0.119048
0,1900-01-06,1907-09-07,2,4,5,0.119048
0,1900-01-06,1907-09-07,2,5,8,0.190476
0,1900-01-06,1907-09-07,2,6,2,0.047619
0,1900-01-06,1907-09-07,2,7,7,0.166667
0,1900-01-06,1907-09-07,2,8,2,0.047619
0,1900-01-06,1907-09-07,2,9,3,0.071429
0,1900-01-06,1907-09-07,3,1,6,0.15
0,1900-01-06,1907-09-07,3,2,3,0.075
0,1900-01-06,1907-09-07,3,3,4,0.1
0,1900-01-06,1907-09-07,3,4,3,0.075
0,1900-01-06,1907-09-07,3,5,5,0.125
0,1900-01-06,1907-09-07,3,6,6,0.15
0,1900-01-06,1907-09-07,3,7,2,0.05
0,1900-01-06,1907-09-07,3,8,7,0.175
0,1900-01-06,1907-09-07,3,9,4,0.1
0,1900-01-06,1907-09-07,4,1,5,0.116279
0,1900-01-06,1907-09-07,4,2,5,0.116279
0,1900-01-06,1907-09-07,4,3,2,0.046512
0,1900-01-06,1907-09-07,4,4,4,0.093023
0,1900-01-06,1907-09-07,4,5,3,0.069767
0,1900-01-06,1907-09-07,4,6,7,0.162791
0,1900-01-06,1907-09-07,4,7,4,0.093023
0,1900-01-06,1907-09-07,4,8,10,0.232558
0,1900-01-06,1907-09-07,4,9,3,0.069767
0,1900-01-06,1907-09-07,5,1,4,0.085106
0,1900-01-06,1907-09-07,5,2,5,0.106383
0,1900-01-06,1907-09-07,5,3,7,0.148936
0,1900-01-06,1907-09-07,5,4,4,0.085106
0,1900-01-06,1907-09-07,5,5,4,0.085106
0,1900-01-06,1907-09-07,5,6,5,0.106383
0,1900-01-06,1907-09-07,5,7,6,0.12766
0,1900-01-06,1907-09-07,5,8,6,0.12766
0,1900-01-06,1907-09-07,5,9,6,0.12766
0,1900-01-06,1907-09-07,6,1,1,0.02381
0,1900-01-06,1907-09-07,6,2,4,0.095238
0,1900-01-06,1907-09-07,6,3,3,0.071429
0,1900-01-06,1907-09-07,6,4,5,0.119048
0,1900-01-06,1907-09-07,6,5,6,0.142857
0,1900-01-06,1907-09-07,6,6,4,0.095238
0,1900-01-06,1907-09-07,6,7,6,0.142857
0,1900-01-06,1907-09-07,6,8,6,0.142857
0,1900-01-06,1907-09-07,6,9,7,0.166667
0,1900-01-06,1907-09-07,7,1,5,0.106383
0,1900-01-06,1907-09-07,7,2,2,0.042553
0,1900-01-06,1907-09-07,7,3,8,0.170213
0,1900-01-06,1907-09-07,7,4,3,0.06383
0,1900-01-06,1907-09-07,7,5,6,0.12766
0,1900-01-06,1907-09-07,7,6,6,0.12766
0,1900-01-06,1907-09-07,7,7,8,0.170213
0,1900-01-06,1907-09-07,7,8,4,0.085106
0,1900-01-06,1907-09-07,7,9,5,0.106383
0,1900-01-06,1907-09-07,8,1,6,0.113208
0,1900-01-06,1907-09-07,8,2,3,0.056604
0,1900-01-06,1907-09-07,8,3,6,0.113208
0,1900-01-06,1907-09-07,8,4,8,0.150943
0,1900-01-06,1907-09-07,8,5,7,0.132075
0,1900-01-06,1907-09-07,8,6,6,0.113208
0,1900-01-06,1907-09-07,8,7,5,0.09434
0,1900-01-06,1907-09-07,8,8,9,0.169811
0,1900-01-06,1907-09-07,8,9,3,0.056604
0,1900-01-06,1907-09-07,9,1,6,0.133333
0,1900-01-06,1907-09-07,9,2,7,0.155556
0,1900-01-06,1907-09-07,9,3,3,0.066667
0,1900-01-06,1907-09-07,9,4,6,0.133333
0,1900-01-06,1907-09-07,9,5,3,0.066667
0,1900-01-06,1907-09-07,9,6,3,0.066667
0,1900-01-06,1907-09-07,9,7,4,0.088889
0,1900-01-06,1907-09-07,9,8,6,0.133333
0,1900-01-06,1907-09-07,9,9,7,0.155556
1,1901-12-07,1909-08-07,1,1,8,0.166667
1,1901-12-07,1909-08-07,1,2,7,0.145833
1,1901-12-07,1909-08-07,1,3,1,0.020833
1,1901-12-07,1909-08-07,1,4,6,0.125
1,1901-12-07,1909-08-07,1,5,6,0.125
1,1901-12-07,1909-08-07,1,6,2,0.041667
1,1901-12-07,1909-08-07,1,7,4,0.083333
1,1901-12-07,1909-08-07,1,8,6,0.125
1,1901-12-07,1909-08-07,1,9,8,0.166667
1,1901-12-07,1909-08-07,2,1,2,0.052632
1,1901-12-07,1909-08-07,2,2,6,0.157895
1,1901-12-07,1909-08-07,2,3,5,0.131579
1,1901-12-07,1909-08-07,2,4,3,0.078947
1,1901-12-07,1909-08-07,2,5,6,0.157895
1,1901-12-07,1909-08-07,2,6,3,0.078947
1,1901-12-07,1909-08-07,2,7,6,0.157895
1,1901-12-07,1909-08-07,2,8,2,0.052632
1,1901-12-07,1909-08-07,2,9,5,0.131579
1,1901-12-07,1909-08-07,3,1,5,0.125
1,1901-12-07,1909-08-07,3,2,2,0.05
1,1901-12-07,1909-08-07,3,3,5,0.125
1,1901-12-07,1909-08-07,3,4,3,0.075
1,1901-12-07,1909-08-07,3,5,2,0.05
1,1901-12-07,1909-08-07,3,6,5,0.125
1,1901-12-07,1909-08-07,3,7,3,0.075
1,1901-12-07,1909-08-07,3,8,11,0.275
1,1901-12-07,1909-08-07,3,9,4,0.1
1,1901-12-07,1909-08-07,4,1,5,0.116279
1,1901-12-07,1909-08-07,4,2,3,0.069767
1,1901-12-07,1909-08-07,4,3,3,0.069767
1,1901-12-07,1909-08-07,4,4,2,0.046512
1,1901-12-07,1909-08-07,4,5,2,0.046512
1,1901-12-07,1909-08-07,4,6,9,0.209302
1,1901-12-07,1909-08-07,4,7,7,0.162791
1,1901-12-07,1909-08-07,4,8,7,0.162791
1,1901-12-07,1909-08-07,4,9,5,0.116279
1,1901-12-07,1909-08-07,5,1,4,0.102564
1,1901-12-07,1909-08-07,5,2,1,0.025641
1,1901-12-07,1909-08-07,5,3,3,0.076923
1,1901-12-07,1909-08-07,5,4,5,0.128205
1,1901-12-07,1909-08-07,5,5,6,0.153846
1,1901-12-07,1909-08-07,5,6,4,0.102564
1,1901-12-07,1909-08-07,5,7,6,0.153846
1,1901-12-07,1909-08-07,5,8,6,0.153846
1,1901-12-07,1909-08-07,5,9,4,0.102564
1,1901-12-07,1909-08-07,6,1,3,0.073171
1,1901-12-07,1909-08-07,6,2,6,0.146341
1,1901-12-07,1909-08-07,6,3,2,0.04878
1,1901-12-07,1909-08-07,6,4,6,0.146341
1,1901-12-07,1909-08-07,6,5,3,0.073171
1,1901-12-07,1909-08-07,6,6,4,0.097561
1,1901-12-07,1909-08-07,6,7,5,0.121951
1,1901-12-07,1909-08-07,6,8,6,0.146341
1,1901-12-07,1909-08-07,6,9,6,0.146341
1,1901-12-07,1909-08-07,7,1,10,0.208333
1,1901-12-07,1909-08-07,7,2,2,0.041667
1,1901-12-07,1909-08-07,7,3,10,0.208333
1,1901-12-07,1909-08-07,7,4,4,0.083333
1,1901-12-07,1909-08-07,7,5,4,0.083333
1,1901-12-07,1909-08-07,7,6,6,0.125
1,1901-12-07,1909-08-07,7,7,5,0.104167
1,1901-12-07,1909-08-07,7,8,3,0.0625
1,1901-12-07,1909-08-07,7,9,4,0.083333
1,1901-12-07,1909-08-07,8,1,7,0.122807
1,1901-12-07,1909-08-07,8,2,2,0.035088
1,1901-12-07,1909-08-07,8,3,5,0.087719
1,1901-12-07,1909-08-07,8,4,7,0.122807
1,1901-12-07,1909-08-07,8,5,6,0.105263
1,1901-12-07,1909-08-07,8,6,6,0.105263
1,1901-12-07,1909-08-07,8,7,9,0.157895
1,1901-12-07,1909-08-07,8,8,11,0.192982
1,1901-12-07,1909-08-07,8,9,4,0.070175
1,1901-12-07,1909-08-07,9,1,4,0.086957
1,1901-12-07,1909-08-07,9,2,9,0.195652
1,1901-12-07,1909-08-07,9,3,6,0.130435
1,1901-12-07,1909-08-07,9,4,7,0.152174
1,1901-12-07,1909-08-07,9,5,4,0.086957
1,1901-12-07,1909-08-07,9,6,2,0.043478
1,1901-12-07,1909-08-07,9,7,2,0.043478
1,1901-12-07,1909-08-07,9,8,5,0.108696
1,1901-12-07,1909-08-07,9,9,7,0.152174
2,1903-11-07,1911-07-08,1,1,9,0.204545
2,1903-11-07,1911-07-08,1,2,3,0.068182
2,1903-11-07,1911-07-08,1,3,1,0.022727
2,1903-11-07,1911-07-08,1,4,6,0.136364
2,1903-11-07,1911-07-08,1,5,5,0.113636
2,1903-11-07,1911-07-08,1,6,4,0.090909
2,1903-11-07,1911-07-08,1,7,5,0.113636
2,1903-11-07,1911-07-08,1,8,4,0.090909
2,1903-11-07,1911-07-08,1,9,7,0.159091
2,1903-11-07,1911-07-08,2,1,1,0.027778
2,1903-11-07,1911-07-08,2,2,2,0.055556
2,1903-11-07,1911-07-08,2,3,6,0.166667
2,1903-11-07,1911-07-08,2,4,4,0.111111
2,1903-11-07,1911-07-08,2,5,4,0.111111
2,1903-11-07,1911-07-08,2,6,4,0.111111
2,1903-11-07,1911-07-08,2,7,6,0.166667
2,1903-11-07,1911-07-08,2,8,3,0.083333
2,1903-11-07,1911-07-08,2,9,6,0.166667
2,1903-11-07,1911-07-08,3,1,3,0.085714
2,1903-11-07,1911-07-08,3,2,4,0.114286
2,1903-11-07,1911-07-08,3,3,3,0.085714
2,1903-11-07,1911-07-08,3,4,4,0.114286
2,1903-11-07,1911-07-08,3,5,3,0.085714
2,1903-11-07,1911-07-08,3,6,4,0.114286
2,1903-11-07,1911-07-08,3,7,2,0.057143
2,1903-11-07,1911-07-08,3,8,8,0.228571
2,1903-11-07,1911-07-08,3,9,4,0.114286
2,1903-11-07,1911-07-08,4,1,5,0.098039
2,1903-11-07,1911-07-08,4,2,3,0.058824
2,1903-11-07,1911-07-08,4,3,3,0.058824
2,1903-11-07,1911-07-08,4,4,5,0.098039
2,1903-11-07,1911-07-08,4,5,3,0.058824
2,1903-11-07,1911-07-08,4,6,8,0.156863
2,1903-11-07,1911-07-08,4,7,8,0.156863
2,1903-11-07,1911-07-08,4,8,9,0.176471
2,1903-11-07,1911-07-08,4,9,7,0.137255
2,1903-11-07,1911-07-08,5,1,5,0.125
2,1903-11-07,1911-07-08,5,2,4,0.1
2,1903-11-07,1911-07-08,5,3,1,0.025
2,1903-11-07,1911-07-08,5,4,5,0.125
2,1903-11-07,1911-07-08,5,5,4,0.1
2,1903-11-07,1911-07-08,5,6,5,0.125
2,1903-11-07,1911-07-08,5,7,6,0.15
2,1903-11-07,1911-07-08,5,8,7,0.175
2,1903-11-07,1911-07-08,5,9,3,0.075
2,1903-11-07,1911-07-08,6,1,3,0.071429
2,1903-11-07,1911-07-08,6,2,6,0.142857
2,1903-11-07,1911-07-08,6,3,1,0.02381
2,1903-11-07,1911-07-08,6,4,7,0.166667
2,1903-11-07,1911-07-08,6,5,2,0.047619
2,1903-11-07,1911-07-08,6,6,4,0.095238
2,1903-11-07,1911-07-08,6,7,6,0.142857
2,1903-11-07,1911-07-08,6,8,7,0.166667
2,1903-11-07,1911-07-08,6,9,6,0.142857
2,1903-11-07,1911-07-08,7,1,11,0.22449
2,1903-11-07,1911-07-08,7,2,2,0.040816
2,1903-11-07,1911-07-08,7,3,10,0.204082
2,1903-11-07,1911-07-08,7,4,4,0.081633
2,1903-11-07,1911-07-08,7,5,4,0.081633
2,1903-11-07,1911-07-08,7,6,5,0.102041
2,1903-11-07,1911-07-08,7,7,5,0.102041
2,1903-11-07,1911-07-08,7,8,4,0.081633
2,1903-11-07,1911-07-08,7,9,4,0.081633
2,1903-11-07,1911-07-08,8,1,4,0.075472
2,1903-11-07,1911-07-08,8,2,4,0.075472
2,1903-11-07,1911-07-08,8,3,3,0.056604
2,1903-11-07,1911-07-08,8,4,10,0.188679
2,1903-11-07,1911-07-08,8,5,6,0.113208
2,1903-11-07,1911-07-08,8,6,6,0.113208
2,1903-11-07,1911-07-08,8,7,8,0.150943
2,1903-11-07,1911-07-08,8,8,8,0.150943
2,1903-11-07,1911-07-08,8,9,4,0.075472
2,1903-11-07,1911-07-08,9,1,4,0.08
2,1903-11-07,1911-07-08,9,2,8,0.16
2,1903-11-07,1911-07-08,9,3,7,0.14
2,1903-11-07,1911-07-08,9,4,6,0.12
2,1903-11-07,1911-07-08,9,5,8,0.16
2,1903-11-07,1911-07-08,9,6,2,0.04
2,1903-11-07,1911-07-08,9,7,3,0.06
2,1903-11-07,1911-07-08,9,8,3,0.06
2,1903-11-07,1911-07-08,9,9,9,0.18
3,1905-10-07,1913-06-07,1,1,8,0.163265
3,1905-10-07,1913-06-07,1,2,3,0.061224
3,1905-10-07,1913-06-07,1,3,4,0.081633
3,1905-10-07,1913-06-07,1,4,6,0.122449
3,1905-10-07,1913-06-07,1,5,9,0.183673
3,1905-10-07,1913-06-07,1,6,4,0.081633
3,1905-10-07,1913-06-07,1,7,5,0.102041
3,1905-10-07,1913-06-07,1,8,4,0.081633
3,1905-10-07,1913-06-07,1,9,6,0.122449
3,1905-10-07,1913-06-07,2,1,0,0.0
3,1905-10-07,1913-06-07,2,2,2,0.057143
3,1905-10-07,1913-06-07,2,3,3,0.085714
3,1905-10-07,1913-06-07,2,4,5,0.142857
3,1905-10-07,1913-06-07,2,5,3,0.085714
3,1905-10-07,1913-06-07,2,6,3,0.085714
3,1905-10-07,1913-06-07,2,7,7,0.2
3,1905-10-07,1913-06-07,2,8,5,0.142857
3,1905-10-07,1913-06-07,2,9,7,0.2
3,1905-10-07,1913-06-07,3,1,2,0.055556
3,1905-10-07,1913-06-07,3,2,3,0.083333
3,1905-10-07,1913-06-07,3,3,4,0.111111
3,1905-10-07,1913-06-07,3,4,3,0.083333
3,1905-10-07,1913-06-07,3,5,5,0.138889
3,1905-10-07,1913-06-07,3,6,4,0.111111
3,1905-10-07,1913-06-07,3,7,3,0.083333
3,1905-10-07,1913-06-07,3,8,8,0.222222
3,1905-10-07,1913-06-07,3,9,4,0.111111
3,1905-10-07,1913-06-07,4,1,6,0.12766
3,1905-10-07,1913-06-07,4,2,3,0.06383
3,1905-10-07,1913-06-07,4,3,4,0.085106
3,1905-10-07,1913-06-07,4,4,5,0.106383
3,1905-10-07,1913-06-07,4,5,3,0.06383
3,1905-10-07,1913-06-07,4,6,6,0.12766
3,1905-10-07,1913-06-07,4,7,6,0.12766
3,1905-10-07,1913-06-07,4,8,4,0.085106
3,1905-10-07,1913-06-07,4,9,10,0.212766
3,1905-10-07,1913-06-07,5,1,6,0.136364
3,1905-10-07,1913-06-07,5,2,4,0.090909
3,1905-10-07,1913-06-07,5,3,1,0.022727
3,1905-10-07,1913-06-07,5,4,6,0.136364
3,1905-10-07,1913-06-07,5,5,6,0.136364
3,1905-10-07,1913-06-07,5,6,8,0.181818
3,1905-10-07,1913-06-07,5,7,5,0.113636
3,1905-10-07,1913-06-07,5,8,6,0.136364
3,1905-10-07,1913-06-07,5,9,2,0.045455
3,1905-10-07,1913-06-07,6,1,4,0.090909
3,1905-10-07,1913-06-07,6,2,6,0.136364
3,1905-10-07,1913-06-07,6,3,1,0.022727
3,1905-10-07,1913-06-07,6,4,6,0.136364
3,1905-10-07,1913-06-07,6,5,3,0.068182
3,1905-10-07,1913-06-07,6,6,5,0.113636
3,1905-10-07,1913-06-07,6,7,6,0.136364
3,1905-10-07,1913-06-07,6,8,7,0.159091
3,1905-10-07,1913-06-07,6,9,6,0.136364
3,1905-10-07,1913-06-07,7,1,12,0.255319
3,1905-10-07,1913-06-07,7,2,1,0.021277
3,1905-10-07,1913-06-07,7,3,9,0.191489
3,1905-10-07,1913-06-07,7,4,4,0.085106
3,1905-10-07,1913-06-07,7,5,4,0.085106
3,1905-10-07,1913-06-07,7,6,4,0.085106
3,1905-10-07,1913-06-07,7,7,4,0.085106
3,1905-10-07,1913-06-07,7,8,6,0.12766
3,1905-10-07,1913-06-07,7,9,3,0.06383
3,1905-10-07,1913-06-07,8,1,6,0.122449
3,1905-10-07,1913-06-07,8,2,6,0.122449
3,1905-10-07,1913-06-07,8,3,2,0.040816
3,1905-10-07,1913-06-07,8,4,6,0.122449
3,1905-10-07,1913-06-07,8,5,5,0.102041
3,1905-10-07,1913-06-07,8,6,7,0.142857
3,1905-10-07,1913-06-07,8,7,6,0.122449
3,1905-10-07,1913-06-07,8,8,7,0.142857
3,1905-10-07,1913-06-07,8,9,4,0.081633
3,1905-10-07,1913-06-07,9,1,5,0.102041
3,1905-10-07,1913-06-07,9,2,7,0.142857
3,1905-10-07,1913-06-07,9,3,8,0.163265
3,1905-10-07,1913-06-07,9,4,6,0.122449
3,1905-10-07,1913-06-07,9,5,6,0.122449
3,1905-10-07,1913-06-07,9,6,4,0.081633
3,1905-10-07,1913-06-07,9,7,4,0.081633
3,1905-10-07,1913-06-07,9,8,2,0.040816
3,1905-10-07,1913-06-07,9,9,7,0.142857
4,1907-09-07,1915-05-08,1,1,9,0.18
4,1907-09-07,1915-05-08,1,2,2,0.04
4,1907-09-07,1915-05-08,1,3,6,0.12
4,1907-09-07,1915-05-08,1,4,4,0.08
4,1907-09-07,1915-05-08,1,5,10,0.2
4,1907-09-07,1915-05-08,1,6,6,0.12
4,1907-09-07,1915-05-08,1,7,2,0.04
4,1907-09-07,1915-05-08,1,8,5,0.1
4,1907-09-07,1915-05-08,1,9,6,0.12
4,1907-09-07,1915-05-08,2,1,2,0.052632
4,1907-09-07,1915-05-08,2,2,5,0.131579
4,1907-09-07,1915-05-08,2,3,2,0.052632
4,1907-09-07,1915-05-08,2,4,5,0.131579
4,1907-09-07,1915-05-08,2,5,4,0.105263
4,1907-09-07,1915-05-08,2,6,2,0.052632
4,1907-09-07,1915-05-08,2,7,6,0.157895
4,1907-09-07,1915-05-08,2,8,5,0.131579
4,1907-09-07,1915-05-08,2,9,7,0.184211
4,1907-09-07,1915-05-08,3,1,5,0.135135
4,1907-09-07,1915-05-08,3,2,3,0.081081
4,1907-09-07,1915-05-08,3,3,5,0.135135
4,1907-09-07,1915-05-08,3,4,2,0.054054
4,1907-09-07,1915-05-08,3,5,6,0.162162
4,1907-09-07,1915-05-08,3,6,4,0.108108
4,1907-09-07,1915-05-08,3,7,4,0.108108
4,1907-09-07,1915-05-08,3,8,5,0.135135
4,1907-09-07,1915-05-08,3,9,3,0.081081
4,1907-09-07,1915-05-08,4,1,5,0.113636
4,1907-09-07,1915-05-08,4,2,2,0.045455
4,1907-09-07,1915-05-08,4,3,5,0.113636
4,1907-09-07,1915-05-08,4,4,4,0.090909
4,1907-09-07,1915-05-08,4,5,2,0.045455
4,1907-09-07,1915-05-08,4,6,4,0.090909
4,1907-09-07,1915-05-08,4,7,6,0.136364
4,1907-09-07,1915-05-08,4,8,6,0.136364
4,1907-09-07,1915-05-08,4,9,10,0.227273
4,1907-09-07,1915-05-08,5,1,4,0.097561
4,1907-09-07,1915-05-08,5,2,6,0.146341
4,1907-09-07,1915-05-08,5,3,2,0.04878
4,1907-09-07,1915-05-08,5,4,6,0.146341
4,1907-09-07,1915-05-08,5,5,6,0.146341
4,1907-09-07,1915-05-08,5,6,5,0.121951
4,1907-09-07,1915-05-08,5,7,5,0.121951
4,1907-09-07,1915-05-08,5,8,5,0.121951
4,1907-09-07,1915-05-08,5,9,2,0.04878
4,1907-09-07,1915-05-08,6,1,5,0.116279
4,1907-09-07,1915-05-08,6,2,5,0.116279
4,1907-09-07,1915-05-08,6,3,2,0.046512
4,1907-09-07,1915-05-08,6,4,5,0.116279
4,1907-09-07,1915-05-08,6,5,3,0.069767
4,1907-09-07,1915-05-08,6,6,5,0.116279
4,1907-09-07,1915-05-08,6,7,5,0.116279
4,1907-09-07,1915-05-08,6,8,5,0.116279
4,1907-09-07,1915-05-08,6,9,8,0.186047
4,1907-09-07,1915-05-08,7,1,11,0.229167
4,1907-09-07,1915-05-08,7,2,3,0.0625
4,1907-09-07,1915-05-08,7,3,6,0.125
4,1907-09-07,1915-05-08,7,4,6,0.125
4,1907-09-07,1915-05-08,7,5,3,0.0625
4,1907-09-07,1915-05-08,7,6,6,0.125
4,1907-09-07,1915-05-08,7,7,5,0.104167
4,1907-09-07,1915-05-08,7,8,5,0.104167
4,1907-09-07,1915-05-08,7,9,3,0.0625
4,1907-09-07,1915-05-08,8,1,5,0.108696
4,1907-09-07,1915-05-08,8,2,5,0.108696
4,1907-09-07,1915-05-08,8,3,1,0.021739
4,1907-09-07,1915-05-08,8,4,6,0.130435
4,1907-09-07,1915-05-08,8,5,2,0.043478
4,1907-09-07,1915-05-08,8,6,6,0.130435
4,1907-09-07,1915-05-08,8,7,8,0.173913
4,1907-09-07,1915-05-08,8,8,8,0.173913
4,1907-09-07,1915-05-08,8,9,5,0.108696
4,1907-09-07,1915-05-08,9,1,4,0.075472
4,1907-09-07,1915-05-08,9,2,7,0.132075
4,1907-09-07,1915-05-08,9,3,8,0.150943
4,1907-09-07,1915-05-08,9,4,6,0.113208
4,1907-09-07,1915-05-08,9,5,5,0.09434
4,1907-09-07,1915-05-08,9,6,5,0.09434
4,1907-09-07,1915-05-08,9,7,7,0.132075
4,1907-09-07,1915-05-08,9,8,2,0.037736
4,1907-09-07,1915-05-08,9,9,9,0.169811
5,1909-08-07,1917-04-07,1,1,7,0.145833
5,1909-08-07,1917-04-07,1,2,1,0.020833
5,1909-08-07,1917-04-07,1,3,6,0.125
5,1909-08-07,1917-04-07,1,4,3,0.0625
5,1909-08-07,1917-04-07,1,5,10,0.208333
5,1909-08-07,1917-04-07,1,6,9,0.1875
5,1909-08-07,1917-04-07,1,7,3,0.0625
5,1909-08-07,1917-04-07,1,8,4,0.083333
5,1909-08-07,1917-04-07,1,9,5,0.104167
5,1909-08-07,1917-04-07,2,1,2,0.057143
5,1909-08-07,1917-04-07,2,2,3,0.085714
5,1909-08-07,1917-04-07,2,3,3,0.085714
5,1909-08-07,1917-04-07,2,4,4,0.114286
5,1909-08-07,1917-04-07,2,5,6,0.171429
5,1909-08-07,1917-04-07,2,6,3,0.085714
5,1909-08-07,1917-04-07,2,7,4,0.114286
5,1909-08-07,1917-04-07,2,8,5,0.142857
5,1909-08-07,1917-04-07,2,9,5,0.142857
5,1909-08-07,1917-04-07,3,1,8,0.2
5,1909-08-07,1917-04-07,3,2,4,0.1
5,1909-08-07,1917-04-07,3,3,6,0.15
5,1909-08-07,1917-04-07,3,4,4,0.1
5,1909-08-07,1917-04-07,3,5,6,0.15
5,1909-08-07,1917-04-07,3,6,4,0.1
5,1909-08-07,1917-04-07,3,7,4,0.1
5,1909-08-07,1917-04-07,3,8,2,0.05
5,1909-08-07,1917-04-07,3,9,2,0.05
5,1909-08-07,1917-04-07,4,1,6,0.153846
5,1909-08-07,1917-04-07,4,2,2,0.051282
5,1909-08-07,1917-04-07,4,3,4,0.102564
5,1909-08-07,1917-04-07,4,4,3,0.076923
5,1909-08-07,1917-04-07,4,5,3,0.076923
5,1909-08-07,1917-04-07,4,6,2,0.051282
5,1909-08-07,1917-04-07,4,7,4,0.102564
5,1909-08-07,1917-04-07,4,8,7,0.179487
5,1909-08-07,1917-04-07,4,9,8,0.205128
5,1909-08-07,1917-04-07,5,1,6,0.117647
5,1909-08-07,1917-04-07,5,2,7,0.137255
5,1909-08-07,1917-04-07,5,3,5,0.098039
5,1909-08-07,1917-04-07,5,4,5,0.098039
5,1909-08-07,1917-04-07,5,5,6,0.117647
5,1909-08-07,1917-04-07,5,6,8,0.156863
5,1909-08-07,1917-04-07,5,7,6,0.117647
5,1909-08-07,1917-04-07,5,8,5,0.098039
5,1909-08-07,1917-04-07,5,9,3,0.058824
5,1909-08-07,1917-04-07,6,1,5,0.098039
5,1909-08-07,1917-04-07,6,2,2,0.039216
5,1909-08-07,1917-04-07,6,3,4,0.078431
5,1909-08-07,1917-04-07,6,4,4,0.078431
5,1909-08-07,1917-04-07,6,5,6,0.117647
5,1909-08-07,1917-04-07,6,6,9,0.176471
5,1909-08-07,1917-04-07,6,7,7,0.137255
5,1909-08-07,1917-04-07,6,8,5,0.098039
5,1909-08-07,1917-04-07,6,9,9,0.176471
5,1909-08-07,1917-04-07,7,1,6,0.142857
5,1909-08-07,1917-04-07,7,2,3,0.071429
5,1909-08-07,1917-04-07,7,3,4,0.095238
5,1909-08-07,1917-04-07,7,4,5,0.119048
5,1909-08-07,1917-04-07,7,5,5,0.119048
5,1909-08-07,1917-04-07,7,6,4,0.095238
5,1909-08-07,1917-04-07,7,7,3,0.071429
5,1909-08-07,1917-04-07,7,8,7,0.166667
5,1909-08-07,1917-04-07,7,9,5,0.119048
5,1909-08-07,1917-04-07,8,1,3,0.066667
5,1909-08-07,1917-04-07,8,2,6,0.133333
5,1909-08-07,1917-04-07,8,3,3,0.066667
5,1909-08-07,1917-04-07,8,4,7,0.155556
5,1909-08-07,1917-04-07,8,5,3,0.066667
5,1909-08-07,1917-04-07,8,6,8,0.177778
5,1909-08-07,1917-04-07,8,7,5,0.111111
5,1909-08-07,1917-04-07,8,8,7,0.155556
5,1909-08-07,1917-04-07,8,9,3,0.066667
5,1909-08-07,1917-04-07,9,1,5,0.102041
5,1909-08-07,1917-04-07,9,2,7,0.142857
5,1909-08-07,1917-04-07,9,3,6,0.122449
5,1909-08-07,1917-04-07,9,4,4,0.081633
5,1909-08-07,1917-04-07,9,5,6,0.122449
5,1909-08-07,1917-04-07,9,6,4,0.081633
5,1909-08-07,1917-04-07,9,7,6,0.122449
5,1909-08-07,1917-04-07,9,8,3,0.061224
5,1909-08-07,1917-04-07,9,9,8,0.163265
6,1911-07-08,1919-03-08,1,1,7,0.134615
6,1911-07-08,1919-03-08,1,2,4,0.076923
6,1911-07-08,1919-03-08,1,3,7,0.134615
6,1911-07-08,1919-03-08,1,4,2,0.038462
6,1911-07-08,1919-03-08,1,5,11,0.211538
6,1911-07-08,1919-03-08,1,6,9,0.173077
6,1911-07-08,1919-03-08,1,7,2,0.038462
6,1911-07-08,1919-03-08,1,8,5,0.096154
6,1911-07-08,1919-03-08,1,9,5,0.096154
6,1911-07-08,1919-03-08,2,1,3,0.073171
6,1911-07-08,1919-03-08,2,2,6,0.146341
6,1911-07-08,1919-03-08,2,3,4,0.097561
6,1911-07-08,1919-03-08,2,4,5,0.121951
6,1911-07-08,1919-03-08,2,5,7,0.170732
6,1911-07-08,1919-03-08,2,6,3,0.073171
6,1911-07-08,1919-03-08,2,7,3,0.073171
6,1911-07-08,1919-03-08,2,8,6,0.146341
6,1911-07-08,1919-03-08,2,9,4,0.097561
6,1911-07-08,1919-03-08,3,1,7,0.152174
6,1911-07-08,1919-03-08,3,2,4,0.086957
6,1911-07-08,1919-03-08,3,3,7,0.152174
6,1911-07-08,1919-03-08,3,4,3,0.065217
6,1911-07-08,1919-03-08,3,5,5,0.108696
6,1911-07-08,1919-03-08,3,6,7,0.152174
6,1911-07-08,1919-03-08,3,7,5,0.108696
6,1911-07-08,1919-03-08,3,8,5,0.108696
6,1911-07-08,1919-03-08,3,9,3,0.065217
6,1911-07-08,1919-03-08,4,1,7,0.21875
6,1911-07-08,1919-03-08,4,2,3,0.09375
6,1911-07-08,1919-03-08,4,3,3,0.09375
6,1911-07-08,1919-03-08,4,4,1,0.03125
6,1911-07-08,1919-03-08,4,5,4,0.125
6,1911-07-08,1919-03-08,4,6,1,0.03125
6,1911-07-08,1919-03-08,4,7,4,0.125
6,1911-07-08,1919-03-08,4,8,4,0.125
6,1911-07-08,1919-03-08,4,9,5,0.15625
6,1911-07-08,1919-03-08,5,1,7,0.145833
6,1911-07-08,1919-03-08,5,2,5,0.104167
6,1911-07-08,1919-03-08,5,3,8,0.166667
6,1911-07-08,1919-03-08,5,4,5,0.104167
6,1911-07-08,1919-03-08,5,5,6,0.125
6,1911-07-08,1919-03-08,5,6,7,0.145833
6,1911-07-08,1919-03-08,5,7,5,0.104167
6,1911-07-08,1919-03-08,5,8,3,0.0625
6,1911-07-08,1919-03-08,5,9,2,0.041667
6,1911-07-08,1919-03-08,6,1,6,0.122449
6,1911-07-08,1919-03-08,6,2,3,0.061224
6,1911-07-08,1919-03-08,6,3,4,0.081633
6,1911-07-08,1919-03-08,6,4,5,0.102041
6,1911-07-08,1919-03-08,6,5,7,0.142857
6,1911-07-08,1919-03-08,6,6,7,0.142857
6,1911-07-08,1919-03-08,6,7,6,0.122449
6,1911-07-08,1919-03-08,6,8,2,0.040816
6,1911-07-08,1919-03-08,6,9,9,0.183673
6,1911-07-08,1919-03-08,7,1,6,0.139535
6,1911-07-08,1919-03-08,7,2,4,0.093023
6,1911-07-08,1919-03-08,7,3,4,0.093023
6,1911-07-08,1919-03-08,7,4,5,0.116279
6,1911-07-08,1919-03-08,7,5,4,0.093023
6,1911-07-08,1919-03-08,7,6,4,0.093023
6,1911-07-08,1919-03-08,7,7,4,0.093023
6,1911-07-08,1919-03-08,7,8,7,0.162791
6,1911-07-08,1919-03-08,7,9,5,0.116279
6,1911-07-08,1919-03-08,8,1,5,0.113636
6,1911-07-08,1919-03-08,8,2,5,0.113636
6,1911-07-08,1919-03-08,8,3,5,0.113636
6,1911-07-08,1919-03-08,8,4,1,0.022727
6,1911-07-08,1919-03-08,8,5,2,0.045455
6,1911-07-08,1919-03-08,8,6,7,0.159091
6,1911-07-08,1919-03-08,8,7,9,0.204545
6,1911-07-08,1919-03-08,8,8,6,0.136364
6,1911-07-08,1919-03-08,8,9,4,0.090909
6,1911-07-08,1919-03-08,9,1,4,0.088889
6,1911-07-08,1919-03-08,9,2,7,0.155556
6,1911-07-08,1919-03-08,9,3,4,0.088889
6,1911-07-08,1919-03-08,9,4,5,0.111111
6,1911-07-08,1919-03-08,9,5,2,0.044444
6,1911-07-08,1919-03-08,9,6,4,0.088889
6,1911-07-08,1919-03-08,9,7,5,0.111111
6,1911-07-08,1919-03-08,9,8,6,0.133333
6,1911-07-08,1919-03-08,9,9,8,0.177778
7,1913-06-07,1921-02-05,1,1,9,0.173077
7,1913-06-07,1921-02-05,1,2,5,0.096154
7,1913-06-07,1921-02-05,1,3,5,0.096154
7,1913-06-07,1921-02-05,1,4,2,0.038462
7,1913-06-07,1921-02-05,1,5,9,0.173077
7,1913-06-07,1921-02-05,1,6,10,0.192308
7,1913-06-07,1921-02-05,1,7,2,0.038462
7,1913-06-07,1921-02-05,1,8,6,0.115385
7,1913-06-07,1921-02-05,1,9,4,0.076923
7,1913-06-07,1921-02-05,2,1,6,0.136364
7,1913-06-07,1921-02-05,2,2,6,0.136364
7,1913-06-07,1921-02-05,2,3,5,0.113636
7,1913-06-07,1921-02-05,2,4,3,0.068182
7,1913-06-07,1921-02-05,2,5,7,0.159091
7,1913-06-07,1921-02-05,2,6,5,0.113636
7,1913-06-07,1921-02-05,2,7,4,0.090909
7,1913-06-07,1921-02-05,2,8,5,0.113636
7,1913-06-07,1921-02-05,2,9,3,0.068182
7,1913-06-07,1921-02-05,3,1,6,0.130435
7,1913-06-07,1921-02-05,3,2,6,0.130435
7,1913-06-07,1921-02-05,3,3,7,0.152174
7,1913-06-07,1921-02-05,3,4,3,0.065217
7,1913-06-07,1921-02-05,3,5,3,0.065217
7,1913-06-07,1921-02-05,3,6,6,0.130435
7,1913-06-07,1921-02-05,3,7,6,0.130435
7,1913-06-07,1921-02-05,3,8,5,0.108696
7,1913-06-07,1921-02-05,3,9,4,0.086957
7,1913-06-07,1921-02-05,4,1,10,0.294118
7,1913-06-07,1921-02-05,4,2,2,0.058824
7,1913-06-07,1921-02-05,4,3,2,0.058824
7,1913-06-07,1921-02-05,4,4,1,0.029412
7,1913-06-07,1921-02-05,4,5,5,0.147059
7,1913-06-07,1921-02-05,4,6,2,0.058824
7,1913-06-07,1921-02-05,4,7,4,0.117647
7,1913-06-07,1921-02-05,4,8,4,0.117647
7,1913-06-07,1921-02-05,4,9,4,0.117647
7,1913-06-07,1921-02-05,5,1,7,0.145833
7,1913-06-07,1921-02-05,5,2,5,0.104167
7,1913-06-07,1921-02-05,5,3,7,0.145833
7,1913-06-07,1921-02-05,5,4,5,0.104167
7,1913-06-07,1921-02-05,5,5,6,0.125
7,1913-06-07,1921-02-05,5,6,6,0.125
7,1913-06-07,1921-02-05,5,7,8,0.166667
7,1913-06-07,1921-02-05,5,8,2,0.041667
7,1913-06-07,1921-02-05,5,9,2,0.041667
7,1913-06-07,1921-02-05,6,1,4,0.086957
7,1913-06-07,1921-02-05,6,2,5,0.108696
7,1913-06-07,1921-02-05,6,3,5,0.108696
7,1913-06-07,1921-02-05,6,4,5,0.108696
7,1913-06-07,1921-02-05,6,5,8,0.173913
7,1913-06-07,1921-02-05,6,6,6,0.130435
7,1913-06-07,1921-02-05,6,7,4,0.086957
7,1913-06-07,1921-02-05,6,8,2,0.043478
7,1913-06-07,1921-02-05,6,9,7,0.152174
7,1913-06-07,1921-02-05,7,1,4,0.086957
7,1913-06-07,1921-02-05,7,2,7,0.152174
7,1913-06-07,1921-02-05,7,3,6,0.130435
7,1913-06-07,1921-02-05,7,4,8,0.173913
7,1913-06-07,1921-02-05,7,5,5,0.108696
7,1913-06-07,1921-02-05,7,6,2,0.043478
7,1913-06-07,1921-02-05,7,7,4,0.086957
7,1913-06-07,1921-02-05,7,8,5,0.108696
7,1913-06-07,1921-02-05,7,9,5,0.108696
7,1913-06-07,1921-02-05,8,1,4,0.097561
7,1913-06-07,1921-02-05,8,2,3,0.073171
7,1913-06-07,1921-02-05,8,3,6,0.146341
7,1913-06-07,1921-02-05,8,4,1,0.02439
7,1913-06-07,1921-02-05,8,5,3,0.073171
7,1913-06-07,1921-02-05,8,6,4,0.097561
7,1913-06-07,1921-02-05,8,7,9,0.219512
7,1913-06-07,1921-02-05,8,8,6,0.146341
7,1913-06-07,1921-02-05,8,9,5,0.121951
7,1913-06-07,1921-02-05,9,1,3,0.069767
7,1913-06-07,1921-02-05,9,2,5,0.116279
7,1913-06-07,1921-02-05,9,3,3,0.069767
7,1913-06-07,1921-02-05,9,4,6,0.139535
7,1913-06-07,1921-02-05,9,5,2,0.046512
7,1913-06-07,1921-02-05,9,6,4,0.093023
7,1913-06-07,1921-02-05,9,7,5,0.116279
7,1913-06-07,1921-02-05,9,8,6,0.139535
7,1913-06-07,1921-02-05,9,9,9,0.209302
8,1915-05-08,1923-01-06,1,1,7,0.134615
8,1915-05-08,1923-01-06,1,2,6,0.115385
8,1915-05-08,1923-01-06,1,3,4,0.076923
8,1915-05-08,1923-01-06,1,4,4,0.076923
8,1915-05-08,1923-01-06,1,5,9,0.173077
8,1915-05-08,1923-01-06,1,6,7,0.134615
8,1915-05-08,1923-01-06,1,7,5,0.096154
8,1915-05-08,1923-01-06,1,8,6,0.115385
8,1915-05-08,1923-01-06,1,9,4,0.076923
8,1915-05-08,1923-01-06,2,1,6,0.139535
8,1915-05-08,1923-01-06,2,2,3,0.069767
8,1915-05-08,1923-01-06,2,3,5,0.116279
8,1915-05-08,1923-01-06,2,4,5,0.116279
8,1915-05-08,1923-01-06,2,5,5,0.116279
8,1915-05-08,1923-01-06,2,6,6,0.139535
8,1915-05-08,1923-01-06,2,7,5,0.116279
8,1915-05-08,1923-01-06,2,8,4,0.093023
8,1915-05-08,1923-01-06,2,9,4,0.093023
8,1915-05-08,1923-01-06,3,1,3,0.06383
8,1915-05-08,1923-01-06,3,2,7,0.148936
8,1915-05-08,1923-01-06,3,3,5,0.106383
8,1915-05-08,1923-01-06,3,4,4,0.085106
8,1915-05-08,1923-01-06,3,5,3,0.06383
8,1915-05-08,1923-01-06,3,6,7,0.148936
8,1915-05-08,1923-01-06,3,7,7,0.148936
8,1915-05-08,1923-01-06,3,8,6,0.12766
8,1915-05-08,1923-01-06,3,9,5,0.106383
8,1915-05-08,1923-01-06,4,1,9,0.236842
8,1915-05-08,1923-01-06,4,2,2,0.052632
8,1915-05-08,1923-01-06,4,3,4,0.105263
8,1915-05-08,1923-01-06,4,4,2,0.052632
8,1915-05-08,1923-01-06,4,5,5,0.131579
8,1915-05-08,1923-01-06,4,6,6,0.157895
8,1915-05-08,1923-01-06,4,7,5,0.131579
8,1915-05-08,1923-01-06,4,8,3,0.078947
8,1915-05-08,1923-01-06,4,9,2,0.052632
8,1915-05-08,1923-01-06,5,1,10,0.188679
8,1915-05-08,1923-01-06,5,2,4,0.075472
8,1915-05-08,1923-01-06,5,3,7,0.132075
8,1915-05-08,1923-01-06,5,4,4,0.075472
8,1915-05-08,1923-01-06,5,5,7,0.132075
8,1915-05-08,1923-01-06,5,6,7,0.132075
8,1915-05-08,1923-01-06,5,7,7,0.132075
8,1915-05-08,1923-01-06,5,8,6,0.113208
8,1915-05-08,1923-01-06,5,9,1,0.018868
8,1915-05-08,1923-01-06,6,1,3,0.066667
8,1915-05-08,1923-01-06,6,2,4,0.088889
8,1915-05-08,1923-01-06,6,3,5,0.111111
8,1915-05-08,1923-01-06,6,4,5,0.111111
8,1915-05-08,1923-01-06,6,5,11,0.244444
8,1915-05-08,1923-01-06,6,6,4,0.088889
8,1915-05-08,1923-01-06,6,7,5,0.111111
8,1915-05-08,1923-01-06,6,8,5,0.111111
8,1915-05-08,1923-01-06,6,9,3,0.066667
8,1915-05-08,1923-01-06,7,1,6,0.130435
8,1915-05-08,1923-01-06,7,2,7,0.152174
8,1915-05-08,1923-01-06,7,3,7,0.152174
8,1915-05-08,1923-01-06,7,4,7,0.152174
8,1915-05-08,1923-01-06,7,5,5,0.108696
8,1915-05-08,1923-01-06,7,6,2,0.043478
8,1915-05-08,1923-01-06,7,7,3,0.065217
8,1915-05-08,1923-01-06,7,8,4,0.086957
8,1915-05-08,1923-01-06,7,9,5,0.108696
8,1915-05-08,1923-01-06,8,1,5,0.111111
8,1915-05-08,1923-01-06,8,2,5,0.111111
8,1915-05-08,1923-01-06,8,3,8,0.177778
8,1915-05-08,1923-01-06,8,4,2,0.044444
8,1915-05-08,1923-01-06,8,5,5,0.111111
8,1915-05-08,1923-01-06,8,6,4,0.088889
8,1915-05-08,1923-01-06,8,7,7,0.155556
8,1915-05-08,1923-01-06,8,8,5,0.111111
8,1915-05-08,1923-01-06,8,9,4,0.088889
8,1915-05-08,1923-01-06,9,1,3,0.096774
8,1915-05-08,1923-01-06,9,2,5,0.16129
8,1915-05-08,1923-01-06,9,3,2,0.064516
8,1915-05-08,1923-01-06,9,4,5,0.16129
8,1915-05-08,1923-01-06,9,5,3,0.096774
8,1915-05-08,1923-01-06,9,6,2,0.064516
8,1915-05-08,1923-01-06,9,7,2,0.064516
8,1915-05-08,1923-01-06,9,8,6,0.193548
8,1915-05-08,1923-01-06,9,9,3,0.096774
9,1917-04-07,1924-12-06,1,1,6,0.12
9,1917-04-07,1924-12-06,1,2,5,0.1
9,1917-04-07,1924-12-06,1,3,4,0.08
9,1917-04-07,1924-12-06,1,4,6,0.12
9,1917-04-07,1924-12-06,1,5,8,0.16
9,1917-04-07,1924-12-06,1,6,5,0.1
9,1917-04-07,1924-12-06,1,7,5,0.1
9,1917-04-07,1924-12-06,1,8,6,0.12
9,1917-04-07,1924-12-06,1,9,5,0.1
9,1917-04-07,1924-12-06,2,1,6,0.130435
9,1917-04-07,1924-12-06,2,2,6,0.130435
9,1917-04-07,1924-12-06,2,3,4,0.086957
9,1917-04-07,1924-12-06,2,4,7,0.152174
9,1917-04-07,1924-12-06,2,5,2,0.043478
9,1917-04-07,1924-12-06,2,6,6,0.130435
9,1917-04-07,1924-12-06,2,7,7,0.152174
9,1917-04-07,1924-12-06,2,8,4,0.086957
9,1917-04-07,1924-12-06,2,9,4,0.086957
9,1917-04-07,1924-12-06,3,1,1,0.025641
9,1917-04-07,1924-12-06,3,2,6,0.153846
9,1917-04-07,1924-12-06,3,3,3,0.076923
9,1917-04-07,1924-12-06,3,4,2,0.051282
9,1917-04-07,1924-12-06,3,5,4,0.102564
9,1917-04-07,1924-12-06,3,6,6,0.153846
9,1917-04-07,1924-12-06,3,7,6,0.153846
9,1917-04-07,1924-12-06,3,8,5,0.128205
9,1917-04-07,1924-12-06,3,9,6,0.153846
9,1917-04-07,1924-12-06,4,1,9,0.204545
9,1917-04-07,1924-12-06,4,2,2,0.045455
9,1917-04-07,1924-12-06,4,3,5,0.113636
9,1917-04-07,1924-12-06,4,4,3,0.068182
9,1917-04-07,1924-12-06,4,5,7,0.159091
9,1917-04-07,1924-12-06,4,6,7,0.159091
9,1917-04-07,1924-12-06,4,7,6,0.136364
9,1917-04-07,1924-12-06,4,8,3,0.068182
9,1917-04-07,1924-12-06,4,9,2,0.045455
9,1917-04-07,1924-12-06,5,1,11,0.215686
9,1917-04-07,1924-12-06,5,2,6,0.117647
9,1917-04-07,1924-12-06,5,3,6,0.117647
9,1917-04-07,1924-12-06,5,4,4,0.078431
9,1917-04-07,1924-12-06,5,5,8,0.156863
9,1917-04-07,1924-12-06,5,6,4,0.078431
9,1917-04-07,1924-12-06,5,7,5,0.098039
9,1917-04-07,1924-12-06,5,8,6,0.117647
9,1917-04-07,1924-12-06,5,9,1,0.019608
9,1917-04-07,1924-12-06,6,1,2,0.044444
9,1917-04-07,1924-12-06,6,2,5,0.111111
9,1917-04-07,1924-12-06,6,3,3,0.066667
9,1917-04-07,1924-12-06,6,4,6,0.133333
9,1917-04-07,1924-12-06,6,5,11,0.244444
9,1917-04-07,1924-12-06,6,6,6,0.133333
9,1917-04-07,1924-12-06,6,7,2,0.044444
9,1917-04-07,1924-12-06,6,8,6,0.133333
9,1917-04-07,1924-12-06,6,9,4,0.088889
9,1917-04-07,1924-12-06,7,1,7,0.155556
9,1917-04-07,1924-12-06,7,2,8,0.177778
9,1917-04-07,1924-12-06,7,3,6,0.133333
9,1917-04-07,1924-12-06,7,4,8,0.177778
9,1917-04-07,1924-12-06,7,5,4,0.088889
9,1917-04-07,1924-12-06,7,6,3,0.066667
9,1917-04-07,1924-12-06,7,7,2,0.044444
9,1917-04-07,1924-12-06,7,8,1,0.022222
9,1917-04-07,1924-12-06,7,9,6,0.133333
9,1917-04-07,1924-12-06,8,1,5,0.116279
9,1917-04-07,1924-12-06,8,2,5,0.116279
9,1917-04-07,1924-12-06,8,3,5,0.116279
9,1917-04-07,1924-12-06,8,4,3,0.069767
9,1917-04-07,1924-12-06,8,5,6,0.139535
9,1917-04-07,1924-12-06,8,6,4,0.093023
9,1917-04-07,1924-12-06,8,7,7,0.162791
9,1917-04-07,1924-12-06,8,8,4,0.093023
9,1917-04-07,1924-12-06,8,9,4,0.093023
9,1917-04-07,1924-12-06,9,1,3,0.081081
9,1917-04-07,1924-12-06,9,2,4,0.108108
9,1917-04-07,1924-12-06,9,3,2,0.054054
9,1917-04-07,1924-12-06,9,4,5,0.135135
9,1917-04-07,1924-12-06,9,5,1,0.027027
9,1917-04-07,1924-12-06,9,6,4,0.108108
9,1917-04-07,1924-12-06,9,7,5,0.135135
9,1917-04-07,1924-12-06,9,8,8,0.216216
9,1917-04-07,1924-12-06,9,9,5,0.135135
10,1919-03-08,1926-11-06,1,1,7,0.142857
10,1919-03-08,1926-11-06,1,2,5,0.102041
10,1919-03-08,1926-11-06,1,3,2,0.040816
10,1919-03-08,1926-11-06,1,4,7,0.142857
10,1919-03-08,1926-11-06,1,5,6,0.122449
10,1919-03-08,1926-11-06,1,6,7,0.142857
10,1919-03-08,1926-11-06,1,7,6,0.122449
10,1919-03-08,1926-11-06,1,8,5,0.102041
10,1919-03-08,1926-11-06,1,9,4,0.081633
10,1919-03-08,1926-11-06,2,1,7,0.145833
10,1919-03-08,1926-11-06,2,2,5,0.104167
10,1919-03-08,1926-11-06,2,3,6,0.125
10,1919-03-08,1926-11-06,2,4,8,0.166667
10,1919-03-08,1926-11-06,2,5,1,0.020833
10,1919-03-08,1926-11-06,2,6,5,0.104167
10,1919-03-08,1926-11-06,2,7,8,0.166667
10,1919-03-08,1926-11-06,2,8,4,0.083333
10,1919-03-08,1926-11-06,2,9,4,0.083333
10,1919-03-08,1926-11-06,3,1,1,0.027027
10,1919-03-08,1926-11-06,3,2,6,0.162162
10,1919-03-08,1926-11-06,3,3,4,0.108108
10,1919-03-08,1926-11-06,3,4,6,0.162162
10,1919-03-08,1926-11-06,3,5,3,0.081081
10,1919-03-08,1926-11-06,3,6,2,0.054054
10,1919-03-08,1926-11-06,3,7,7,0.189189
10,1919-03-08,1926-11-06,3,8,2,0.054054
10,1919-03-08,1926-11-06,3,9,6,0.162162
10,1919-03-08,1926-11-06,4,1,7,0.134615
10,1919-03-08,1926-11-06,4,2,4,0.076923
10,1919-03-08,1926-11-06,4,3,4,0.076923
10,1919-03-08,1926-11-06,4,4,7,0.134615
10,1919-03-08,1926-11-06,4,5,7,0.134615
10,1919-03-08,1926-11-06,4,6,8,0.153846
10,1919-03-08,1926-11-06,4,7,6,0.115385
10,1919-03-08,1926-11-06,4,8,4,0.076923
10,1919-03-08,1926-11-06,4,9,5,0.096154
10,1919-03-08,1926-11-06,5,1,9,0.191489
10,1919-03-08,1926-11-06,5,2,7,0.148936
10,1919-03-08,1926-11-06,5,3,3,0.06383
10,1919-03-08,1926-11-06,5,4,3,0.06383
10,1919-03-08,1926-11-06,5,5,8,0.170213
10,1919-03-08,1926-11-06,5,6,3,0.06383
10,1919-03-08,1926-11-06,5,7,6,0.12766
10,1919-03-08,1926-11-06,5,8,7,0.148936
10,1919-03-08,1926-11-06,5,9,1,0.021277
10,1919-03-08,1926-11-06,6,1,2,0.047619
10,1919-03-08,1926-11-06,6,2,4,0.095238
10,1919-03-08,1926-11-06,6,3,5,0.119048
10,1919-03-08,1926-11-06,6,4,4,0.095238
10,1919-03-08,1926-11-06,6,5,9,0.214286
10,1919-03-08,1926-11-06,6,6,6,0.142857
10,1919-03-08,1926-11-06,6,7,2,0.047619
10,1919-03-08,1926-11-06,6,8,7,0.166667
10,1919-03-08,1926-11-06,6,9,3,0.071429
10,1919-03-08,1926-11-06,7,1,5,0.106383
10,1919-03-08,1926-11-06,7,2,9,0.191489
10,1919-03-08,1926-11-06,7,3,5,0.106383
10,1919-03-08,1926-11-06,7,4,10,0.212766
10,1919-03-08,1926-11-06,7,5,4,0.085106
10,1919-03-08,1926-11-06,7,6,3,0.06383
10,1919-03-08,1926-11-06,7,7,3,0.06383
10,1919-03-08,1926-11-06,7,8,1,0.021277
10,1919-03-08,1926-11-06,7,9,7,0.148936
10,1919-03-08,1926-11-06,8,1,5,0.121951
10,1919-03-08,1926-11-06,8,2,4,0.097561
10,1919-03-08,1926-11-06,8,3,4,0.097561
10,1919-03-08,1926-11-06,8,4,4,0.097561
10,1919-03-08,1926-11-06,8,5,8,0.195122
10,1919-03-08,1926-11-06,8,6,4,0.097561
10,1919-03-08,1926-11-06,8,7,3,0.073171
10,1919-03-08,1926-11-06,8,8,5,0.121951
10,1919-03-08,1926-11-06,8,9,4,0.097561
10,1919-03-08,1926-11-06,9,1,5,0.135135
10,1919-03-08,1926-11-06,9,2,5,0.135135
10,1919-03-08,1926-11-06,9,3,4,0.108108
10,1919-03-08,1926-11-06,9,4,3,0.081081
10,1919-03-08,1926-11-06,9,5,1,0.027027
10,1919-03-08,1926-11-06,9,6,4,0.108108
10,1919-03-08,1926-11-06,9,7,6,0.162162
10,1919-03-08,1926-11-06,9,8,6,0.162162
10,1919-03-08,1926-11-06,9,9,3,0.081081
11,1921-02-05,1928-10-06,1,1,3,0.071429
11,1921-02-05,1928-10-06,1,2,5,0.119048
11,1921-02-05,1928-10-06,1,3,2,0.047619
11,1921-02-05,1928-10-06,1,4,7,0.166667
11,1921-02-05,1928-10-06,1,5,5,0.119048
11,1921-02-05,1928-10-06,1,6,6,0.142857
11,1921-02-05,1928-10-06,1,7,6,0.142857
11,1921-02-05,1928-10-06,1,8,4,0.095238
11,1921-02-05,1928-10-06,1,9,4,0.095238
11,1921-02-05,1928-10-06,2,1,7,0.159091
11,1921-02-05,1928-10-06,2,2,6,0.136364
11,1921-02-05,1928-10-06,2,3,5,0.113636
11,1921-02-05,1928-10-06,2,4,9,0.204545
11,1921-02-05,1928-10-06,2,5,2,0.045455
11,1921-02-05,1928-10-06,2,6,3,0.068182
11,1921-02-05,1928-10-06,2,7,6,0.136364
11,1921-02-05,1928-10-06,2,8,3,0.068182
11,1921-02-05,1928-10-06,2,9,3,0.068182
11,1921-02-05,1928-10-06,3,1,2,0.04878
11,1921-02-05,1928-10-06,3,2,3,0.073171
11,1921-02-05,1928-10-06,3,3,5,0.121951
11,1921-02-05,1928-10-06,3,4,8,0.195122
11,1921-02-05,1928-10-06,3,5,4,0.097561
11,1921-02-05,1928-10-06,3,6,3,0.073171
11,1921-02-05,1928-10-06,3,7,6,0.146341
11,1921-02-05,1928-10-06,3,8,4,0.097561
11,1921-02-05,1928-10-06,3,9,6,0.146341
11,1921-02-05,1928-10-06,4,1,4,0.072727
11,1921-02-05,1928-10-06,4,2,4,0.072727
11,1921-02-05,1928-10-06,4,3,6,0.109091
11,1921-02-05,1928-10-06,4,4,8,0.145455
11,1921-02-05,1928-10-06,4,5,8,0.145455
11,1921-02-05,1928-10-06,4,6,9,0.163636
11,1921-02-05,1928-10-06,4,7,6,0.109091
11,1921-02-05,1928-10-06,4,8,6,0.109091
11,1921-02-05,1928-10-06,4,9,4,0.072727
11,1921-02-05,1928-10-06,5,1,7,0.134615
11,1921-02-05,1928-10-06,5,2,8,0.153846
11,1921-02-05,1928-10-06,5,3,6,0.115385
11,1921-02-05,1928-10-06,5,4,4,0.076923
11,1921-02-05,1928-10-06,5,5,8,0.153846
11,1921-02-05,1928-10-06,5,6,2,0.038462
11,1921-02-05,1928-10-06,5,7,5,0.096154
11,1921-02-05,1928-10-06,5,8,9,0.173077
11,1921-02-05,1928-10-06,5,9,3,0.057692
11,1921-02-05,1928-10-06,6,1,5,0.128205
11,1921-02-05,1928-10-06,6,2,1,0.025641
11,1921-02-05,1928-10-06,6,3,4,0.102564
11,1921-02-05,1928-10-06,6,4,4,0.102564
11,1921-02-05,1928-10-06,6,5,8,0.205128
11,1921-02-05,1928-10-06,6,6,6,0.153846
11,1921-02-05,1928-10-06,6,7,2,0.051282
11,1921-02-05,1928-10-06,6,8,5,0.128205
11,1921-02-05,1928-10-06,6,9,4,0.102564
11,1921-02-05,1928-10-06,7,1,4,0.093023
11,1921-02-05,1928-10-06,7,2,7,0.162791
11,1921-02-05,1928-10-06,7,3,4,0.093023
11,1921-02-05,1928-10-06,7,4,6,0.139535
11,1921-02-05,1928-10-06,7,5,4,0.093023
11,1921-02-05,1928-10-06,7,6,3,0.069767
11,1921-02-05,1928-10-06,7,7,4,0.093023
11,1921-02-05,1928-10-06,7,8,5,0.116279
11,1921-02-05,1928-10-06,7,9,6,0.139535
11,1921-02-05,1928-10-06,8,1,4,0.086957
11,1921-02-05,1928-10-06,8,2,4,0.086957
11,1921-02-05,1928-10-06,8,3,6,0.130435
11,1921-02-05,1928-10-06,8,4,7,0.152174
11,1921-02-05,1928-10-06,8,5,9,0.195652
11,1921-02-05,1928-10-06,8,6,5,0.108696
11,1921-02-05,1928-10-06,8,7,2,0.043478
11,1921-02-05,1928-10-06,8,8,3,0.065217
11,1921-02-05,1928-10-06,8,9,6,0.130435
11,1921-02-05,1928-10-06,9,1,5,0.131579
11,1921-02-05,1928-10-06,9,2,6,0.157895
11,1921-02-05,1928-10-06,9,3,3,0.078947
11,1921-02-05,1928-10-06,9,4,3,0.078947
11,1921-02-05,1928-10-06,9,5,4,0.105263
11,1921-02-05,1928-10-06,9,6,2,0.052632
11,1921-02-05,1928-10-06,9,7,6,0.157895
11,1921-02-05,1928-10-06,9,8,7,0.184211
11,1921-02-05,1928-10-06,9,9,2,0.052632
12,1923-01-06,1930-09-06,1,1,3,0.073171
12,1923-01-06,1930-09-06,1,2,4,0.097561
12,1923-01-06,1930-09-06,1,3,3,0.073171
12,1923-01-06,1930-09-06,1,4,6,0.146341
12,1923-01-06,1930-09-06,1,5,5,0.121951
12,1923-01-06,1930-09-06,1,6,9,0.219512
12,1923-01-06,1930-09-06,1,7,4,0.097561
12,1923-01-06,1930-09-06,1,8,5,0.121951
12,1923-01-06,1930-09-06,1,9,2,0.04878
12,1923-01-06,1930-09-06,2,1,5,0.113636
12,1923-01-06,1930-09-06,2,2,8,0.181818
12,1923-01-06,1930-09-06,2,3,5,0.113636
12,1923-01-06,1930-09-06,2,4,10,0.227273
12,1923-01-06,1930-09-06,2,5,3,0.068182
12,1923-01-06,1930-09-06,2,6,2,0.045455
12,1923-01-06,1930-09-06,2,7,5,0.113636
12,1923-01-06,1930-09-06,2,8,4,0.090909
12,1923-01-06,1930-09-06,2,9,2,0.045455
12,1923-01-06,1930-09-06,3,1,5,0.135135
12,1923-01-06,1930-09-06,3,2,2,0.054054
12,1923-01-06,1930-09-06,3,3,5,0.135135
12,1923-01-06,1930-09-06,3,4,6,0.162162
12,1923-01-06,1930-09-06,3,5,4,0.108108
12,1923-01-06,1930-09-06,3,6,2,0.054054
12,1923-01-06,1930-09-06,3,7,3,0.081081
12,1923-01-06,1930-09-06,3,8,5,0.135135
12,1923-01-06,1930-09-06,3,9,5,0.135135
12,1923-01-06,1930-09-06,4,1,3,0.050847
12,1923-01-06,1930-09-06,4,2,4,0.067797
12,1923-01-06,1930-09-06,4,3,3,0.050847
12,1923-01-06,1930-09-06,4,4,11,0.186441
12,1923-01-06,1930-09-06,4,5,11,0.186441
12,1923-01-06,1930-09-06,4,6,5,0.084746
12,1923-01-06,1930-09-06,4,7,5,0.084746
12,1923-01-06,1930-09-06,4,8,9,0.152542
12,1923-01-06,1930-09-06,4,9,8,0.135593
12,1923-01-06,1930-09-06,5,1,6,0.117647
12,1923-01-06,1930-09-06,5,2,8,0.156863
12,1923-01-06,1930-09-06,5,3,5,0.098039
12,1923-01-06,1930-09-06,5,4,8,0.156863
12,1923-01-06,1930-09-06,5,5,6,0.117647
12,1923-01-06,1930-09-06,5,6,2,0.039216
12,1923-01-06,1930-09-06,5,7,5,0.098039
12,1923-01-06,1930-09-06,5,8,6,0.117647
12,1923-01-06,1930-09-06,5,9,5,0.098039
12,1923-01-06,1930-09-06,6,1,6,0.171429
12,1923-01-06,1930-09-06,6,2,1,0.028571
12,1923-01-06,1930-09-06,6,3,2,0.057143
12,1923-01-06,1930-09-06,6,4,4,0.114286
12,1923-01-06,1930-09-06,6,5,6,0.171429
12,1923-01-06,1930-09-06,6,6,6,0.171429
12,1923-01-06,1930-09-06,6,7,3,0.085714
12,1923-01-06,1930-09-06,6,8,2,0.057143
12,1923-01-06,1930-09-06,6,9,5,0.142857
12,1923-01-06,1930-09-06,7,1,4,0.093023
12,1923-01-06,1930-09-06,7,2,7,0.162791
12,1923-01-06,1930-09-06,7,3,4,0.093023
12,1923-01-06,1930-09-06,7,4,5,0.116279
12,1923-01-06,1930-09-06,7,5,6,0.139535
12,1923-01-06,1930-09-06,7,6,1,0.023256
12,1923-01-06,1930-09-06,7,7,5,0.116279
12,1923-01-06,1930-09-06,7,8,6,0.139535
12,1923-01-06,1930-09-06,7,9,5,0.116279
12,1923-01-06,1930-09-06,8,1,3,0.0625
12,1923-01-06,1930-09-06,8,2,5,0.104167
12,1923-01-06,1930-09-06,8,3,6,0.125
12,1923-01-06,1930-09-06,8,4,6,0.125
12,1923-01-06,1930-09-06,8,5,8,0.166667
12,1923-01-06,1930-09-06,8,6,5,0.104167
12,1923-01-06,1930-09-06,8,7,5,0.104167
12,1923-01-06,1930-09-06,8,8,4,0.083333
12,1923-01-06,1930-09-06,8,9,6,0.125
12,1923-01-06,1930-09-06,9,1,6,0.142857
12,1923-01-06,1930-09-06,9,2,5,0.119048
12,1923-01-06,1930-09-06,9,3,4,0.095238
12,1923-01-06,1930-09-06,9,4,3,0.071429
12,1923-01-06,1930-09-06,9,5,3,0.071429
12,1923-01-06,1930-09-06,9,6,3,0.071429
12,1923-01-06,1930-09-06,9,7,8,0.190476
12,1923-01-06,1930-09-06,9,8,7,0.166667
12,1923-01-06,1930-09-06,9,9,3,0.071429
13,1924-12-06,1932-08-06,1,1,5,0.102041
13,1924-12-06,1932-08-06,1,2,7,0.142857
13,1924-12-06,1932-08-06,1,3,4,0.081633
13,1924-12-06,1932-08-06,1,4,7,0.142857
13,1924-12-06,1932-08-06,1,5,4,0.081633
13,1924-12-06,1932-08-06,1,6,11,0.22449
13,1924-12-06,1932-08-06,1,7,4,0.081633
13,1924-12-06,1932-08-06,1,8,5,0.102041
13,1924-12-06,1932-08-06,1,9,2,0.040816
13,1924-12-06,1932-08-06,2,1,6,0.133333
13,1924-12-06,1932-08-06,2,2,6,0.133333
13,1924-12-06,1932-08-06,2,3,6,0.133333
13,1924-12-06,1932-08-06,2,4,9,0.2
13,1924-12-06,1932-08-06,2,5,6,0.133333
13,1924-12-06,1932-08-06,2,6,2,0.044444
13,1924-12-06,1932-08-06,2,7,5,0.111111
13,1924-12-06,1932-08-06,2,8,3,0.066667
13,1924-12-06,1932-08-06,2,9,2,0.044444
13,1924-12-06,1932-08-06,3,1,5,0.119048
13,1924-12-06,1932-08-06,3,2,3,0.071429
13,1924-12-06,1932-08-06,3,3,7,0.166667
13,1924-12-06,1932-08-06,3,4,6,0.142857
13,1924-12-06,1932-08-06,3,5,4,0.095238
13,1924-12-06,1932-08-06,3,6,2,0.047619
13,1924-12-06,1932-08-06,3,7,4,0.095238
13,1924-12-06,1932-08-06,3,8,5,0.119048
13,1924-12-06,1932-08-06,3,9,6,0.142857
13,1924-12-06,1932-08-06,4,1,2,0.036364
13,1924-12-06,1932-08-06,4,2,5,0.090909
13,1924-12-06,1932-08-06,4,3,3,0.054545
13,1924-12-06,1932-08-06,4,4,10,0.181818
13,1924-12-06,1932-08-06,4,5,8,0.145455
13,1924-12-06,1932-08-06,4,6,6,0.109091
13,1924-12-06,1932-08-06,4,7,3,0.054545
13,1924-12-06,1932-08-06,4,8,9,0.163636
13,1924-12-06,1932-08-06,4,9,9,0.163636
13,1924-12-06,1932-08-06,5,1,5,0.111111
13,1924-12-06,1932-08-06,5,2,7,0.155556
13,1924-12-06,1932-08-06,5,3,3,0.066667
13,1924-12-06,1932-08-06,5,4,8,0.177778
13,1924-12-06,1932-08-06,5,5,3,0.066667
13,1924-12-06,1932-08-06,5,6,4,0.088889
13,1924-12-06,1932-08-06,5,7,5,0.111111
13,1924-12-06,1932-08-06,5,8,5,0.111111
13,1924-12-06,1932-08-06,5,9,5,0.111111
13,1924-12-06,1932-08-06,6,1,8,0.228571
13,1924-12-06,1932-08-06,6,2,1,0.028571
13,1924-12-06,1932-08-06,6,3,2,0.057143
13,1924-12-06,1932-08-06,6,4,4,0.114286
13,1924-12-06,1932-08-06,6,5,5,0.142857
13,1924-12-06,1932-08-06,6,6,3,0.085714
13,1924-12-06,1932-08-06,6,7,6,0.171429
13,1924-12-06,1932-08-06,6,8,2,0.057143
13,1924-12-06,1932-08-06,6,9,4,0.114286
13,1924-12-06,1932-08-06,7,1,6,0.139535
13,1924-12-06,1932-08-06,7,2,5,0.116279
13,1924-12-06,1932-08-06,7,3,5,0.116279
13,1924-12-06,1932-08-06,7,4,5,0.116279
13,1924-12-06,1932-08-06,7,5,6,0.139535
13,1924-12-06,1932-08-06,7,6,2,0.046512
13,1924-12-06,1932-08-06,7,7,5,0.116279
13,1924-12-06,1932-08-06,7,8,8,0.186047
13,1924-12-06,1932-08-06,7,9,1,0.023256
13,1924-12-06,1932-08-06,8,1,3,0.061224
13,1924-12-06,1932-08-06,8,2,4,0.081633
13,1924-12-06,1932-08-06,8,3,8,0.163265
13,1924-12-06,1932-08-06,8,4,5,0.102041
13,1924-12-06,1932-08-06,8,5,6,0.122449
13,1924-12-06,1932-08-06,8,6,4,0.081633
13,1924-12-06,1932-08-06,8,7,5,0.102041
13,1924-12-06,1932-08-06,8,8,7,0.142857
13,1924-12-06,1932-08-06,8,9,7,0.142857
13,1924-12-06,1932-08-06,9,1,9,0.243243
13,1924-12-06,1932-08-06,9,2,6,0.162162
13,1924-12-06,1932-08-06,9,3,4,0.108108
13,1924-12-06,1932-08-06,9,4,2,0.054054
13,1924-12-06,1932-08-06,9,5,3,0.081081
13,1924-12-06,1932-08-06,9,6,1,0.027027
13,1924-12-06,1932-08-06,9,7,6,0.162162
13,1924-12-06,1932-08-06,9,8,5,0.135135
13,1924-12-06,1932-08-06,9,9,1,0.027027
14,1926-11-06,1934-07-07,1,1,3,0.06
14,1926-11-06,1934-07-07,1,2,5,0.1
14,1926-11-06,1934-07-07,1,3,5,0.1
14,1926-11-06,1934-07-07,1,4,7,0.14
14,1926-11-06,1934-07-07,1,5,6,0.12
14,1926-11-06,1934-07-07,1,6,9,0.18
14,1926-11-06,1934-07-07,1,7,5,0.1
14,1926-11-06,1934-07-07,1,8,7,0.14
14,1926-11-06,1934-07-07,1,9,3,0.06
14,1926-11-06,1934-07-07,2,1,4,0.111111
14,1926-11-06,1934-07-07,2,2,4,0.111111
14,1926-11-06,1934-07-07,2,3,3,0.083333
14,1926-11-06,1934-07-07,2,4,6,0.166667
14,1926-11-06,1934-07-07,2,5,8,0.222222
14,1926-11-06,1934-07-07,2,6,3,0.083333
14,1926-11-06,1934-07-07,2,7,5,0.138889
14,1926-11-06,1934-07-07,2,8,1,0.027778
14,1926-11-06,1934-07-07,2,9,2,0.055556
14,1926-11-06,1934-07-07,3,1,5,0.125
14,1926-11-06,1934-07-07,3,2,2,0.05
14,1926-11-06,1934-07-07,3,3,6,0.15
14,1926-11-06,1934-07-07,3,4,3,0.075
14,1926-11-06,1934-07-07,3,5,7,0.175
14,1926-11-06,1934-07-07,3,6,3,0.075
14,1926-11-06,1934-07-07,3,7,2,0.05
14,1926-11-06,1934-07-07,3,8,6,0.15
14,1926-11-06,1934-07-07,3,9,6,0.15
14,1926-11-06,1934-07-07,4,1,2,0.042553
14,1926-11-06,1934-07-07,4,2,2,0.042553
14,1926-11-06,1934-07-07,4,3,4,0.085106
14,1926-11-06,1934-07-07,4,4,7,0.148936
14,1926-11-06,1934-07-07,4,5,7,0.148936
14,1926-11-06,1934-07-07,4,6,4,0.085106
14,1926-11-06,1934-07-07,4,7,4,0.085106
14,1926-11-06,1934-07-07,4,8,9,0.191489
14,1926-11-06,1934-07-07,4,9,8,0.170213
14,1926-11-06,1934-07-07,5,1,7,0.125
14,1926-11-06,1934-07-07,5,2,6,0.107143
14,1926-11-06,1934-07-07,5,3,5,0.089286
14,1926-11-06,1934-07-07,5,4,10,0.178571
14,1926-11-06,1934-07-07,5,5,3,0.053571
14,1926-11-06,1934-07-07,5,6,5,0.089286
14,1926-11-06,1934-07-07,5,7,9,0.160714
14,1926-11-06,1934-07-07,5,8,5,0.089286
14,1926-11-06,1934-07-07,5,9,6,0.107143
14,1926-11-06,1934-07-07,6,1,9,0.230769
14,1926-11-06,1934-07-07,6,2,3,0.076923
14,1926-11-06,1934-07-07,6,3,0,0.0
14,1926-11-06,1934-07-07,6,4,4,0.102564
14,1926-11-06,1934-07-07,6,5,6,0.153846
14,1926-11-06,1934-07-07,6,6,5,0.128205
14,1926-11-06,1934-07-07,6,7,7,0.179487
14,1926-11-06,1934-07-07,6,8,2,0.051282
14,1926-11-06,1934-07-07,6,9,3,0.076923
14,1926-11-06,1934-07-07,7,1,8,0.173913
14,1926-11-06,1934-07-07,7,2,4,0.086957
14,1926-11-06,1934-07-07,7,3,5,0.108696
14,1926-11-06,1934-07-07,7,4,3,0.065217
14,1926-11-06,1934-07-07,7,5,9,0.195652
14,1926-11-06,1934-07-07,7,6,3,0.065217
14,1926-11-06,1934-07-07,7,7,4,0.086957
14,1926-11-06,1934-07-07,7,8,8,0.173913
14,1926-11-06,1934-07-07,7,9,2,0.043478
14,1926-11-06,1934-07-07,8,1,3,0.06383
14,1926-11-06,1934-07-07,8,2,5,0.106383
14,1926-11-06,1934-07-07,8,3,8,0.170213
14,1926-11-06,1934-07-07,8,4,4,0.085106
14,1926-11-06,1934-07-07,8,5,6,0.12766
14,1926-11-06,1934-07-07,8,6,5,0.106383
14,1926-11-06,1934-07-07,8,7,5,0.106383
14,1926-11-06,1934-07-07,8,8,5,0.106383
14,1926-11-06,1934-07-07,8,9,6,0.12766
14,1926-11-06,1934-07-07,9,1,9,0.230769
14,1926-11-06,1934-07-07,9,2,4,0.102564
14,1926-11-06,1934-07-07,9,3,4,0.102564
14,1926-11-06,1934-07-07,9,4,3,0.076923
14,1926-11-06,1934-07-07,9,5,4,0.102564
14,1926-11-06,1934-07-07,9,6,2,0.051282
14,1926-11-06,1934-07-07,9,7,5,0.128205
14,1926-11-06,1934-07-07,9,8,5,0.128205
14,1926-11-06,1934-07-07,9,9,3,0.076923
15,1928-10-06,1936-06-06,1,1,3,0.061224
15,1928-10-06,1936-06-06,1,2,5,0.102041
15,1928-10-06,1936-06-06,1,3,6,0.122449
15,1928-10-06,1936-06-06,1,4,6,0.122449
15,1928-10-06,1936-06-06,1,5,5,0.102041
15,1928-10-06,1936-06-06,1,6,8,0.163265
15,1928-10-06,1936-06-06,1,7,4,0.081633
15,1928-10-06,1936-06-06,1,8,8,0.163265
15,1928-10-06,1936-06-06,1,9,4,0.081633
15,1928-10-06,1936-06-06,2,1,2,0.058824
15,1928-10-06,1936-06-06,2,2,3,0.088235
15,1928-10-06,1936-06-06,2,3,4,0.117647
15,1928-10-06,1936-06-06,2,4,5,0.147059
15,1928-10-06,1936-06-06,2,5,8,0.235294
15,1928-10-06,1936-06-06,2,6,3,0.088235
15,1928-10-06,1936-06-06,2,7,6,0.176471
15,1928-10-06,1936-06-06,2,8,1,0.029412
15,1928-10-06,1936-06-06,2,9,2,0.058824
15,1928-10-06,1936-06-06,3,1,5,0.119048
15,1928-10-06,1936-06-06,3,2,4,0.095238
15,1928-10-06,1936-06-06,3,3,9,0.214286
15,1928-10-06,1936-06-06,3,4,2,0.047619
15,1928-10-06,1936-06-06,3,5,6,0.142857
15,1928-10-06,1936-06-06,3,6,3,0.071429
15,1928-10-06,1936-06-06,3,7,2,0.047619
15,1928-10-06,1936-06-06,3,8,4,0.095238
15,1928-10-06,1936-06-06,3,9,7,0.166667
15,1928-10-06,1936-06-06,4,1,2,0.043478
15,1928-10-06,1936-06-06,4,2,3,0.065217
15,1928-10-06,1936-06-06,4,3,3,0.065217
15,1928-10-06,1936-06-06,4,4,6,0.130435
15,1928-10-06,1936-06-06,4,5,6,0.130435
15,1928-10-06,1936-06-06,4,6,4,0.086957
15,1928-10-06,1936-06-06,4,7,4,0.086957
15,1928-10-06,1936-06-06,4,8,7,0.152174
15,1928-10-06,1936-06-06,4,9,11,0.23913
15,1928-10-06,1936-06-06,5,1,8,0.156863
15,1928-10-06,1936-06-06,5,2,4,0.078431
15,1928-10-06,1936-06-06,5,3,3,0.058824
15,1928-10-06,1936-06-06,5,4,9,0.176471
15,1928-10-06,1936-06-06,5,5,3,0.058824
15,1928-10-06,1936-06-06,5,6,6,0.117647
15,1928-10-06,1936-06-06,5,7,9,0.176471
15,1928-10-06,1936-06-06,5,8,3,0.058824
15,1928-10-06,1936-06-06,5,9,6,0.117647
15,1928-10-06,1936-06-06,6,1,7,0.166667
15,1928-10-06,1936-06-06,6,2,3,0.071429
15,1928-10-06,1936-06-06,6,3,0,0.0
15,1928-10-06,1936-06-06,6,4,4,0.095238
15,1928-10-06,1936-06-06,6,5,7,0.166667
15,1928-10-06,1936-06-06,6,6,5,0.119048
15,1928-10-06,1936-06-06,6,7,7,0.166667
15,1928-10-06,1936-06-06,6,8,7,0.166667
15,1928-10-06,1936-06-06,6,9,2,0.047619
15,1928-10-06,1936-06-06,7,1,9,0.1875
15,1928-10-06,1936-06-06,7,2,3,0.0625
15,1928-10-06,1936-06-06,7,3,4,0.083333
15,1928-10-06,1936-06-06,7,4,5,0.104167
15,1928-10-06,1936-06-06,7,5,10,0.208333
15,1928-10-06,1936-06-06,7,6,6,0.125
15,1928-10-06,1936-06-06,7,7,3,0.0625
15,1928-10-06,1936-06-06,7,8,6,0.125
15,1928-10-06,1936-06-06,7,9,2,0.041667
15,1928-10-06,1936-06-06,8,1,5,0.108696
15,1928-10-06,1936-06-06,8,2,5,0.108696
15,1928-10-06,1936-06-06,8,3,7,0.152174
15,1928-10-06,1936-06-06,8,4,3,0.065217
15,1928-10-06,1936-06-06,8,5,5,0.108696
15,1928-10-06,1936-06-06,8,6,3,0.065217
15,1928-10-06,1936-06-06,8,7,8,0.173913
15,1928-10-06,1936-06-06,8,8,5,0.108696
15,1928-10-06,1936-06-06,8,9,5,0.108696
15,1928-10-06,1936-06-06,9,1,8,0.190476
15,1928-10-06,1936-06-06,9,2,4,0.095238
15,1928-10-06,1936-06-06,9,3,6,0.142857
15,1928-10-06,1936-06-06,9,4,5,0.119048
15,1928-10-06,1936-06-06,9,5,1,0.02381
15,1928-10-06,1936-06-06,9,6,4,0.095238
15,1928-10-06,1936-06-06,9,7,5,0.119048
15,1928-10-06,1936-06-06,9,8,5,0.119048
15,1928-10-06,1936-06-06,9,9,4,0.095238
16,1930-09-06,1938-05-07,1,1,4,0.085106
16,1930-09-06,1938-05-07,1,2,6,0.12766
16,1930-09-06,1938-05-07,1,3,5,0.106383
16,1930-09-06,1938-05-07,1,4,4,0.085106
16,1930-09-06,1938-05-07,1,5,4,0.085106
16,1930-09-06,1938-05-07,1,6,6,0.12766
16,1930-09-06,1938-05-07,1,7,7,0.148936
16,1930-09-06,1938-05-07,1,8,7,0.148936
16,1930-09-06,1938-05-07,1,9,4,0.085106
16,1930-09-06,1938-05-07,2,1,3,0.085714
16,1930-09-06,1938-05-07,2,2,1,0.028571
16,1930-09-06,1938-05-07,2,3,6,0.171429
16,1930-09-06,1938-05-07,2,4,3,0.085714
16,1930-09-06,1938-05-07,2,5,7,0.2
16,1930-09-06,1938-05-07,2,6,6,0.171429
16,1930-09-06,1938-05-07,2,7,6,0.171429
16,1930-09-06,1938-05-07,2,8,1,0.028571
16,1930-09-06,1938-05-07,2,9,2,0.057143
16,1930-09-06,1938-05-07,3,1,4,0.083333
16,1930-09-06,1938-05-07,3,2,5,0.104167
16,1930-09-06,1938-05-07,3,3,11,0.229167
16,1930-09-06,1938-05-07,3,4,3,0.0625
16,1930-09-06,1938-05-07,3,5,6,0.125
16,1930-09-06,1938-05-07,3,6,5,0.104167
16,1930-09-06,1938-05-07,3,7,4,0.083333
16,1930-09-06,1938-05-07,3,8,3,0.0625
16,1930-09-06,1938-05-07,3,9,7,0.145833
16,1930-09-06,1938-05-07,4,1,3,0.085714
16,1930-09-06,1938-05-07,4,2,3,0.085714
16,1930-09-06,1938-05-07,4,3,3,0.085714
16,1930-09-06,1938-05-07,4,4,2,0.057143
16,1930-09-06,1938-05-07,4,5,6,0.171429
16,1930-09-06,1938-05-07,4,6,4,0.114286
16,1930-09-06,1938-05-07,4,7,3,0.085714
16,1930-09-06,1938-05-07,4,8,3,0.085714
16,1930-09-06,1938-05-07,4,9,8,0.228571
16,1930-09-06,1938-05-07,5,1,6,0.113208
16,1930-09-06,1938-05-07,5,2,4,0.075472
16,1930-09-06,1938-05-07,5,3,5,0.09434
16,1930-09-06,1938-05-07,5,4,6,0.113208
16,1930-09-06,1938-05-07,5,5,5,0.09434
16,1930-09-06,1938-05-07,5,6,5,0.09434
16,1930-09-06,1938-05-07,5,7,11,0.207547
16,1930-09-06,1938-05-07,5,8,6,0.113208
16,1930-09-06,1938-05-07,5,9,5,0.09434
16,1930-09-06,1938-05-07,6,1,10,0.208333
16,1930-09-06,1938-05-07,6,2,4,0.083333
16,1930-09-06,1938-05-07,6,3,0,0.0
16,1930-09-06,1938-05-07,6,4,5,0.104167
16,1930-09-06,1938-05-07,6,5,8,0.166667
16,1930-09-06,1938-05-07,6,6,5,0.104167
16,1930-09-06,1938-05-07,6,7,5,0.104167
16,1930-09-06,1938-05-07,6,8,9,0.1875
16,1930-09-06,1938-05-07,6,9,2,0.041667
16,1930-09-06,1938-05-07,7,1,7,0.148936
16,1930-09-06,1938-05-07,7,2,2,0.042553
16,1930-09-06,1938-05-07,7,3,3,0.06383
16,1930-09-06,1938-05-07,7,4,4,0.085106
16,1930-09-06,1938-05-07,7,5,9,0.191489
16,1930-09-06,1938-05-07,7,6,8,0.170213
16,1930-09-06,1938-05-07,7,7,1,0.021277
16,1930-09-06,1938-05-07,7,8,9,0.191489
16,1930-09-06,1938-05-07,7,9,4,0.085106
16,1930-09-06,1938-05-07,8,1,5,0.106383
16,1930-09-06,1938-05-07,8,2,3,0.06383
16,1930-09-06,1938-05-07,8,3,9,0.191489
16,1930-09-06,1938-05-07,8,4,3,0.06383
16,1930-09-06,1938-05-07,8,5,6,0.12766
16,1930-09-06,1938-05-07,8,6,5,0.106383
16,1930-09-06,1938-05-07,8,7,7,0.148936
16,1930-09-06,1938-05-07,8,8,5,0.106383
16,1930-09-06,1938-05-07,8,9,4,0.085106
16,1930-09-06,1938-05-07,9,1,6,0.15
16,1930-09-06,1938-05-07,9,2,7,0.175
16,1930-09-06,1938-05-07,9,3,6,0.15
16,1930-09-06,1938-05-07,9,4,5,0.125
16,1930-09-06,1938-05-07,9,5,1,0.025
16,1930-09-06,1938-05-07,9,6,4,0.1
16,1930-09-06,1938-05-07,9,7,3,0.075
16,1930-09-06,1938-05-07,9,8,4,0.1
16,1930-09-06,1938-05-07,9,9,4,0.1
17,1932-08-06,1940-04-06,1,1,3,0.069767
17,1932-08-06,1940-04-06,1,2,6,0.139535
17,1932-08-06,1940-04-06,1,3,6,0.139535
17,1932-08-06,1940-04-06,1,4,3,0.069767
17,1932-08-06,1940-04-06,1,5,5,0.116279
17,1932-08-06,1940-04-06,1,6,4,0.093023
17,1932-08-06,1940-04-06,1,7,6,0.139535
17,1932-08-06,1940-04-06,1,8,5,0.116279
17,1932-08-06,1940-04-06,1,9,5,0.116279
17,1932-08-06,1940-04-06,2,1,3,0.081081
17,1932-08-06,1940-04-06,2,2,2,0.054054
17,1932-08-06,1940-04-06,2,3,5,0.135135
17,1932-08-06,1940-04-06,2,4,2,0.054054
17,1932-08-06,1940-04-06,2,5,9,0.243243
17,1932-08-06,1940-04-06,2,6,4,0.108108
17,1932-08-06,1940-04-06,2,7,5,0.135135
17,1932-08-06,1940-04-06,2,8,4,0.108108
17,1932-08-06,1940-04-06,2,9,3,0.081081
17,1932-08-06,1940-04-06,3,1,4,0.083333
17,1932-08-06,1940-04-06,3,2,5,0.104167
17,1932-08-06,1940-04-06,3,3,11,0.229167
17,1932-08-06,1940-04-06,3,4,3,0.0625
17,1932-08-06,1940-04-06,3,5,5,0.104167
17,1932-08-06,1940-04-06,3,6,6,0.125
17,1932-08-06,1940-04-06,3,7,4,0.083333
17,1932-08-06,1940-04-06,3,8,3,0.0625
17,1932-08-06,1940-04-06,3,9,7,0.145833
17,1932-08-06,1940-04-06,4,1,3,0.078947
17,1932-08-06,1940-04-06,4,2,4,0.105263
17,1932-08-06,1940-04-06,4,3,4,0.105263
17,1932-08-06,1940-04-06,4,4,3,0.078947
17,1932-08-06,1940-04-06,4,5,7,0.184211
17,1932-08-06,1940-04-06,4,6,3,0.078947
17,1932-08-06,1940-04-06,4,7,2,0.052632
17,1932-08-06,1940-04-06,4,8,5,0.131579
17,1932-08-06,1940-04-06,4,9,7,0.184211
17,1932-08-06,1940-04-06,5,1,6,0.105263
17,1932-08-06,1940-04-06,5,2,4,0.070175
17,1932-08-06,1940-04-06,5,3,5,0.087719
17,1932-08-06,1940-04-06,5,4,7,0.122807
17,1932-08-06,1940-04-06,5,5,7,0.122807
17,1932-08-06,1940-04-06,5,6,4,0.070175
17,1932-08-06,1940-04-06,5,7,12,0.210526
17,1932-08-06,1940-04-06,5,8,8,0.140351
17,1932-08-06,1940-04-06,5,9,4,0.070175
17,1932-08-06,1940-04-06,6,1,8,0.190476
17,1932-08-06,1940-04-06,6,2,5,0.119048
17,1932-08-06,1940-04-06,6,3,0,0.0
17,1932-08-06,1940-04-06,6,4,4,0.095238
17,1932-08-06,1940-04-06,6,5,7,0.166667
17,1932-08-06,1940-04-06,6,6,4,0.095238
17,1932-08-06,1940-04-06,6,7,2,0.047619
17,1932-08-06,1940-04-06,6,8,11,0.261905
17,1932-08-06,1940-04-06,6,9,1,0.02381
17,1932-08-06,1940-04-06,7,1,4,0.093023
17,1932-08-06,1940-04-06,7,2,3,0.069767
17,1932-08-06,1940-04-06,7,3,2,0.046512
17,1932-08-06,1940-04-06,7,4,5,0.116279
17,1932-08-06,1940-04-06,7,5,8,0.186047
17,1932-08-06,1940-04-06,7,6,7,0.162791
17,1932-08-06,1940-04-06,7,7,1,0.023256
17,1932-08-06,1940-04-06,7,8,8,0.186047
17,1932-08-06,1940-04-06,7,9,5,0.116279
17,1932-08-06,1940-04-06,8,1,7,0.134615
17,1932-08-06,1940-04-06,8,2,3,0.057692
17,1932-08-06,1940-04-06,8,3,10,0.192308
17,1932-08-06,1940-04-06,8,4,4,0.076923
17,1932-08-06,1940-04-06,8,5,9,0.173077
17,1932-08-06,1940-04-06,8,6,6,0.115385
17,1932-08-06,1940-04-06,8,7,7,0.134615
17,1932-08-06,1940-04-06,8,8,3,0.057692
17,1932-08-06,1940-04-06,8,9,3,0.057692
17,1932-08-06,1940-04-06,9,1,5,0.125
17,1932-08-06,1940-04-06,9,2,5,0.125
17,1932-08-06,1940-04-06,9,3,5,0.125
17,1932-08-06,1940-04-06,9,4,6,0.15
17,1932-08-06,1940-04-06,9,5,1,0.025
17,1932-08-06,1940-04-06,9,6,4,0.1
17,1932-08-06,1940-04-06,9,7,4,0.1
17,1932-08-06,1940-04-06,9,8,5,0.125
17,1932-08-06,1940-04-06,9,9,5,0.125
18,1934-07-07,1942-03-07,1,1,5,0.111111
18,1934-07-07,1942-03-07,1,2,6,0.133333
18,1934-07-07,1942-03-07,1,3,5,0.111111
18,1934-07-07,1942-03-07,1,4,3,0.066667
18,1934-07-07,1942-03-07,1,5,3,0.066667
18,1934-07-07,1942-03-07,1,6,3,0.066667
18,1934-07-07,1942-03-07,1,7,5,0.111111
18,1934-07-07,1942-03-07,1,8,6,0.133333
18,1934-07-07,1942-03-07,1,9,9,0.2
18,1934-07-07,1942-03-07,2,1,5,0.119048
18,1934-07-07,1942-03-07,2,2,3,0.071429
18,1934-07-07,1942-03-07,2,3,4,0.095238
18,1934-07-07,1942-03-07,2,4,1,0.02381
18,1934-07-07,1942-03-07,2,5,10,0.238095
18,1934-07-07,1942-03-07,2,6,5,0.119048
18,1934-07-07,1942-03-07,2,7,5,0.119048
18,1934-07-07,1942-03-07,2,8,6,0.142857
18,1934-07-07,1942-03-07,2,9,3,0.071429
18,1934-07-07,1942-03-07,3,1,4,0.097561
18,1934-07-07,1942-03-07,3,2,5,0.121951
18,1934-07-07,1942-03-07,3,3,10,0.243902
18,1934-07-07,1942-03-07,3,4,3,0.073171
18,1934-07-07,1942-03-07,3,5,2,0.04878
18,1934-07-07,1942-03-07,3,6,4,0.097561
18,1934-07-07,1942-03-07,3,7,4,0.097561
18,1934-07-07,1942-03-07,3,8,3,0.073171
18,1934-07-07,1942-03-07,3,9,6,0.146341
18,1934-07-07,1942-03-07,4,1,2,0.060606
18,1934-07-07,1942-03-07,4,2,4,0.121212
18,1934-07-07,1942-03-07,4,3,4,0.121212
18,1934-07-07,1942-03-07,4,4,2,0.060606
18,1934-07-07,1942-03-07,4,5,5,0.151515
18,1934-07-07,1942-03-07,4,6,3,0.090909
18,1934-07-07,1942-03-07,4,7,1,0.030303
18,1934-07-07,1942-03-07,4,8,7,0.212121
18,1934-07-07,1942-03-07,4,9,5,0.151515
18,1934-07-07,1942-03-07,5,1,6,0.109091
18,1934-07-07,1942-03-07,5,2,5,0.090909
18,1934-07-07,1942-03-07,5,3,3,0.054545
18,1934-07-07,1942-03-07,5,4,5,0.090909
18,1934-07-07,1942-03-07,5,5,10,0.181818
18,1934-07-07,1942-03-07,5,6,4,0.072727
18,1934-07-07,1942-03-07,5,7,7,0.127273
18,1934-07-07,1942-03-07,5,8,7,0.127273
18,1934-07-07,1942-03-07,5,9,8,0.145455
18,1934-07-07,1942-03-07,6,1,7,0.170732
18,1934-07-07,1942-03-07,6,2,5,0.121951
18,1934-07-07,1942-03-07,6,3,0,0.0
18,1934-07-07,1942-03-07,6,4,4,0.097561
18,1934-07-07,1942-03-07,6,5,6,0.146341
18,1934-07-07,1942-03-07,6,6,4,0.097561
18,1934-07-07,1942-03-07,6,7,1,0.02439
18,1934-07-07,1942-03-07,6,8,11,0.268293
18,1934-07-07,1942-03-07,6,9,3,0.073171
18,1934-07-07,1942-03-07,7,1,2,0.055556
18,1934-07-07,1942-03-07,7,2,4,0.111111
18,1934-07-07,1942-03-07,7,3,2,0.055556
18,1934-07-07,1942-03-07,7,4,5,0.138889
18,1934-07-07,1942-03-07,7,5,6,0.166667
18,1934-07-07,1942-03-07,7,6,6,0.166667
18,1934-07-07,1942-03-07,7,7,0,0.0
18,1934-07-07,1942-03-07,7,8,8,0.222222
18,1934-07-07,1942-03-07,7,9,3,0.083333
18,1934-07-07,1942-03-07,8,1,9,0.145161
18,1934-07-07,1942-03-07,8,2,5,0.080645
18,1934-07-07,1942-03-07,8,3,10,0.16129
18,1934-07-07,1942-03-07,8,4,4,0.064516
18,1934-07-07,1942-03-07,8,5,9,0.145161
18,1934-07-07,1942-03-07,8,6,8,0.129032
18,1934-07-07,1942-03-07,8,7,7,0.112903
18,1934-07-07,1942-03-07,8,8,5,0.080645
18,1934-07-07,1942-03-07,8,9,5,0.080645
18,1934-07-07,1942-03-07,9,1,5,0.111111
18,1934-07-07,1942-03-07,9,2,5,0.111111
18,1934-07-07,1942-03-07,9,3,3,0.066667
18,1934-07-07,1942-03-07,9,4,6,0.133333
18,1934-07-07,1942-03-07,9,5,4,0.088889
18,1934-07-07,1942-03-07,9,6,4,0.088889
18,1934-07-07,1942-03-07,9,7,6,0.133333
18,1934-07-07,1942-03-07,9,8,8,0.177778
18,1934-07-07,1942-03-07,9,9,4,0.088889
19,1936-06-06,1944-02-05,1,1,5,0.108696
19,1936-06-06,1944-02-05,1,2,6,0.130435
19,1936-06-06,1944-02-05,1,3,4,0.086957
19,1936-06-06,1944-02-05,1,4,5,0.108696
19,1936-06-06,1944-02-05,1,5,2,0.043478
19,1936-06-06,1944-02-05,1,6,3,0.065217
19,1936-06-06,1944-02-05,1,7,7,0.152174
19,1936-06-06,1944-02-05,1,8,6,0.130435
19,1936-06-06,1944-02-05,1,9,8,0.173913
19,1936-06-06,1944-02-05,2,1,5,0.104167
19,1936-06-06,1944-02-05,2,2,3,0.0625
19,1936-06-06,1944-02-05,2,3,5,0.104167
19,1936-06-06,1944-02-05,2,4,3,0.0625
19,1936-06-06,1944-02-05,2,5,10,0.208333
19,1936-06-06,1944-02-05,2,6,7,0.145833
19,1936-06-06,1944-02-05,2,7,4,0.083333
19,1936-06-06,1944-02-05,2,8,8,0.166667
19,1936-06-06,1944-02-05,2,9,3,0.0625
19,1936-06-06,1944-02-05,3,1,4,0.097561
19,1936-06-06,1944-02-05,3,2,6,0.146341
19,1936-06-06,1944-02-05,3,3,9,0.219512
19,1936-06-06,1944-02-05,3,4,2,0.04878
19,1936-06-06,1944-02-05,3,5,3,0.073171
19,1936-06-06,1944-02-05,3,6,6,0.146341
19,1936-06-06,1944-02-05,3,7,3,0.073171
19,1936-06-06,1944-02-05,3,8,3,0.073171
19,1936-06-06,1944-02-05,3,9,5,0.121951
19,1936-06-06,1944-02-05,4,1,2,0.0625
19,1936-06-06,1944-02-05,4,2,4,0.125
19,1936-06-06,1944-02-05,4,3,5,0.15625
19,1936-06-06,1944-02-05,4,4,3,0.09375
19,1936-06-06,1944-02-05,4,5,5,0.15625
19,1936-06-06,1944-02-05,4,6,2,0.0625
19,1936-06-06,1944-02-05,4,7,3,0.09375
19,1936-06-06,1944-02-05,4,8,7,0.21875
19,1936-06-06,1944-02-05,4,9,1,0.03125
19,1936-06-06,1944-02-05,5,1,5,0.092593
19,1936-06-06,1944-02-05,5,2,8,0.148148
19,1936-06-06,1944-02-05,5,3,2,0.037037
19,1936-06-06,1944-02-05,5,4,6,0.111111
19,1936-06-06,1944-02-05,5,5,9,0.166667
19,1936-06-06,1944-02-05,5,6,2,0.037037
19,1936-06-06,1944-02-05,5,7,5,0.092593
19,1936-06-06,1944-02-05,5,8,8,0.148148
19,1936-06-06,1944-02-05,5,9,9,0.166667
19,1936-06-06,1944-02-05,6,1,8,0.181818
19,1936-06-06,1944-02-05,6,2,7,0.159091
19,1936-06-06,1944-02-05,6,3,4,0.090909
19,1936-06-06,1944-02-05,6,4,3,0.068182
19,1936-06-06,1944-02-05,6,5,6,0.136364
19,1936-06-06,1944-02-05,6,6,5,0.113636
19,1936-06-06,1944-02-05,6,7,1,0.022727
19,1936-06-06,1944-02-05,6,8,6,0.136364
19,1936-06-06,1944-02-05,6,9,4,0.090909
19,1936-06-06,1944-02-05,7,1,2,0.055556
19,1936-06-06,1944-02-05,7,2,5,0.138889
19,1936-06-06,1944-02-05,7,3,2,0.055556
19,1936-06-06,1944-02-05,7,4,4,0.111111
19,1936-06-06,1944-02-05,7,5,5,0.138889
19,1936-06-06,1944-02-05,7,6,5,0.138889
19,1936-06-06,1944-02-05,7,7,1,0.027778
19,1936-06-06,1944-02-05,7,8,9,0.25
19,1936-06-06,1944-02-05,7,9,3,0.083333
19,1936-06-06,1944-02-05,8,1,8,0.135593
19,1936-06-06,1944-02-05,8,2,6,0.101695
19,1936-06-06,1944-02-05,8,3,9,0.152542
19,1936-06-06,1944-02-05,8,4,3,0.050847
19,1936-06-06,1944-02-05,8,5,9,0.152542
19,1936-06-06,1944-02-05,8,6,11,0.186441
19,1936-06-06,1944-02-05,8,7,5,0.084746
19,1936-06-06,1944-02-05,8,8,5,0.084746
19,1936-06-06,1944-02-05,8,9,3,0.050847
19,1936-06-06,1944-02-05,9,1,7,0.175
19,1936-06-06,1944-02-05,9,2,4,0.1
19,1936-06-06,1944-02-05,9,3,1,0.025
19,1936-06-06,1944-02-05,9,4,3,0.075
19,1936-06-06,1944-02-05,9,5,5,0.125
19,1936-06-06,1944-02-05,9,6,3,0.075
19,1936-06-06,1944-02-05,9,7,7,0.175
19,1936-06-06,1944-02-05,9,8,7,0.175
19,1936-06-06,1944-02-05,9,9,3,0.075
20,1938-05-07,1946-01-05,1,1,5,0.102041
20,1938-05-07,1946-01-05,1,2,7,0.142857
20,1938-05-07,1946-01-05,1,3,4,0.081633
20,1938-05-07,1946-01-05,1,4,9,0.183673
20,1938-05-07,1946-01-05,1,5,2,0.040816
20,1938-05-07,1946-01-05,1,6,4,0.081633
20,1938-05-07,1946-01-05,1,7,4,0.081633
20,1938-05-07,1946-01-05,1,8,5,0.102041
20,1938-05-07,1946-01-05,1,9,9,0.183673
20,1938-05-07,1946-01-05,2,1,5,0.102041
20,1938-05-07,1946-01-05,2,2,3,0.061224
20,1938-05-07,1946-01-05,2,3,3,0.061224
20,1938-05-07,1946-01-05,2,4,2,0.040816
20,1938-05-07,1946-01-05,2,5,11,0.22449
20,1938-05-07,1946-01-05,2,6,6,0.122449
20,1938-05-07,1946-01-05,2,7,4,0.081633
20,1938-05-07,1946-01-05,2,8,9,0.183673
20,1938-05-07,1946-01-05,2,9,6,0.122449
20,1938-05-07,1946-01-05,3,1,4,0.097561
20,1938-05-07,1946-01-05,3,2,5,0.121951
20,1938-05-07,1946-01-05,3,3,8,0.195122
20,1938-05-07,1946-01-05,3,4,2,0.04878
20,1938-05-07,1946-01-05,3,5,5,0.121951
20,1938-05-07,1946-01-05,3,6,5,0.121951
20,1938-05-07,1946-01-05,3,7,1,0.02439
20,1938-05-07,1946-01-05,3,8,4,0.097561
20,1938-05-07,1946-01-05,3,9,7,0.170732
20,1938-05-07,1946-01-05,4,1,4,0.108108
20,1938-05-07,1946-01-05,4,2,6,0.162162
20,1938-05-07,1946-01-05,4,3,6,0.162162
20,1938-05-07,1946-01-05,4,4,4,0.108108
20,1938-05-07,1946-01-05,4,5,4,0.108108
20,1938-05-07,1946-01-05,4,6,2,0.054054
20,1938-05-07,1946-01-05,4,7,5,0.135135
20,1938-05-07,1946-01-05,4,8,6,0.162162
20,1938-05-07,1946-01-05,4,9,0,0.0
20,1938-05-07,1946-01-05,5,1,7,0.142857
20,1938-05-07,1946-01-05,5,2,7,0.142857
20,1938-05-07,1946-01-05,5,3,2,0.040816
20,1938-05-07,1946-01-05,5,4,6,0.122449
20,1938-05-07,1946-01-05,5,5,7,0.142857
20,1938-05-07,1946-01-05,5,6,3,0.061224
20,1938-05-07,1946-01-05,5,7,4,0.081633
20,1938-05-07,1946-01-05,5,8,5,0.102041
20,1938-05-07,1946-01-05,5,9,8,0.163265
20,1938-05-07,1946-01-05,6,1,4,0.093023
20,1938-05-07,1946-01-05,6,2,7,0.162791
20,1938-05-07,1946-01-05,6,3,5,0.116279
20,1938-05-07,1946-01-05,6,4,3,0.069767
20,1938-05-07,1946-01-05,6,5,4,0.093023
20,1938-05-07,1946-01-05,6,6,5,0.116279
20,1938-05-07,1946-01-05,6,7,3,0.069767
20,1938-05-07,1946-01-05,6,8,7,0.162791
20,1938-05-07,1946-01-05,6,9,5,0.116279
20,1938-05-07,1946-01-05,7,1,2,0.0625
20,1938-05-07,1946-01-05,7,2,4,0.125
20,1938-05-07,1946-01-05,7,3,4,0.125
20,1938-05-07,1946-01-05,7,4,5,0.15625
20,1938-05-07,1946-01-05,7,5,4,0.125
20,1938-05-07,1946-01-05,7,6,5,0.15625
20,1938-05-07,1946-01-05,7,7,1,0.03125
20,1938-05-07,1946-01-05,7,8,5,0.15625
20,1938-05-07,1946-01-05,7,9,2,0.0625
20,1938-05-07,1946-01-05,8,1,9,0.160714
20,1938-05-07,1946-01-05,8,2,7,0.125
20,1938-05-07,1946-01-05,8,3,6,0.107143
20,1938-05-07,1946-01-05,8,4,5,0.089286
20,1938-05-07,1946-01-05,8,5,7,0.125
20,1938-05-07,1946-01-05,8,6,9,0.160714
20,1938-05-07,1946-01-05,8,7,3,0.053571
20,1938-05-07,1946-01-05,8,8,6,0.107143
20,1938-05-07,1946-01-05,8,9,4,0.071429
20,1938-05-07,1946-01-05,9,1,8,0.181818
20,1938-05-07,1946-01-05,9,2,3,0.068182
20,1938-05-07,1946-01-05,9,3,3,0.068182
20,1938-05-07,1946-01-05,9,4,2,0.045455
20,1938-05-07,1946-01-05,9,5,5,0.113636
20,1938-05-07,1946-01-05,9,6,4,0.090909
20,1938-05-07,1946-01-05,9,7,7,0.159091
20,1938-05-07,1946-01-05,9,8,9,0.204545
20,1938-05-07,1946-01-05,9,9,3,0.068182
21,1940-04-06,1947-12-13,1,1,4,0.093023
21,1940-04-06,1947-12-13,1,2,5,0.116279
21,1940-04-06,1947-12-13,1,3,2,0.046512
21,1940-04-06,1947-12-13,1,4,7,0.162791
21,1940-04-06,1947-12-13,1,5,2,0.046512
21,1940-04-06,1947-12-13,1,6,3,0.069767
21,1940-04-06,1947-12-13,1,7,6,0.139535
21,1940-04-06,1947-12-13,1,8,7,0.162791
21,1940-04-06,1947-12-13,1,9,7,0.162791
21,1940-04-06,1947-12-13,2,1,6,0.122449
21,1940-04-06,1947-12-13,2,2,3,0.061224
21,1940-04-06,1947-12-13,2,3,4,0.081633
21,1940-04-06,1947-12-13,2,4,3,0.061224
21,1940-04-06,1947-12-13,2,5,9,0.183673
21,1940-04-06,1947-12-13,2,6,7,0.142857
21,1940-04-06,1947-12-13,2,7,4,0.081633
21,1940-04-06,1947-12-13,2,8,7,0.142857
21,1940-04-06,1947-12-13,2,9,6,0.122449
21,1940-04-06,1947-12-13,3,1,3,0.081081
21,1940-04-06,1947-12-13,3,2,7,0.189189
21,1940-04-06,1947-12-13,3,3,7,0.189189
21,1940-04-06,1947-12-13,3,4,2,0.054054
21,1940-04-06,1947-12-13,3,5,5,0.135135
21,1940-04-06,1947-12-13,3,6,4,0.108108
21,1940-04-06,1947-12-13,3,7,0,0.0
21,1940-04-06,1947-12-13,3,8,4,0.108108
21,1940-04-06,1947-12-13,3,9,5,0.135135
21,1940-04-06,1947-12-13,4,1,5,0.135135
21,1940-04-06,1947-12-13,4,2,5,0.135135
21,1940-04-06,1947-12-13,4,3,4,0.108108
21,1940-04-06,1947-12-13,4,4,4,0.108108
21,1940-04-06,1947-12-13,4,5,3,0.081081
21,1940-04-06,1947-12-13,4,6,4,0.108108
21,1940-04-06,1947-12-13,4,7,6,0.162162
21,1940-04-06,1947-12-13,4,8,6,0.162162
21,1940-04-06,1947-12-13,4,9,0,0.0
21,1940-04-06,1947-12-13,5,1,6,0.12766
21,1940-04-06,1947-12-13,5,2,6,0.12766
21,1940-04-06,1947-12-13,5,3,3,0.06383
21,1940-04-06,1947-12-13,5,4,4,0.085106
21,1940-04-06,1947-12-13,5,5,5,0.106383
21,1940-04-06,1947-12-13,5,6,5,0.106383
21,1940-04-06,1947-12-13,5,7,4,0.085106
21,1940-04-06,1947-12-13,5,8,5,0.106383
21,1940-04-06,1947-12-13,5,9,9,0.191489
21,1940-04-06,1947-12-13,6,1,3,0.058824
21,1940-04-06,1947-12-13,6,2,8,0.156863
21,1940-04-06,1947-12-13,6,3,6,0.117647
21,1940-04-06,1947-12-13,6,4,5,0.098039
21,1940-04-06,1947-12-13,6,5,6,0.117647
21,1940-04-06,1947-12-13,6,6,5,0.098039
21,1940-04-06,1947-12-13,6,7,4,0.078431
21,1940-04-06,1947-12-13,6,8,7,0.137255
21,1940-04-06,1947-12-13,6,9,7,0.137255
21,1940-04-06,1947-12-13,7,1,3,0.081081
21,1940-04-06,1947-12-13,7,2,4,0.108108
21,1940-04-06,1947-12-13,7,3,4,0.108108
21,1940-04-06,1947-12-13,7,4,5,0.135135
21,1940-04-06,1947-12-13,7,5,5,0.135135
21,1940-04-06,1947-12-13,7,6,8,0.216216
21,1940-04-06,1947-12-13,7,7,2,0.054054
21,1940-04-06,1947-12-13,7,8,5,0.135135
21,1940-04-06,1947-12-13,7,9,1,0.027027
21,1940-04-06,1947-12-13,8,1,8,0.150943
21,1940-04-06,1947-12-13,8,2,9,0.169811
21,1940-04-06,1947-12-13,8,3,4,0.075472
21,1940-04-06,1947-12-13,8,4,5,0.09434
21,1940-04-06,1947-12-13,8,5,5,0.09434
21,1940-04-06,1947-12-13,8,6,9,0.169811
21,1940-04-06,1947-12-13,8,7,2,0.037736
21,1940-04-06,1947-12-13,8,8,5,0.09434
21,1940-04-06,1947-12-13,8,9,6,0.113208
21,1940-04-06,1947-12-13,9,1,5,0.108696
21,1940-04-06,1947-12-13,9,2,2,0.043478
21,1940-04-06,1947-12-13,9,3,3,0.065217
21,1940-04-06,1947-12-13,9,4,2,0.043478
21,1940-04-06,1947-12-13,9,5,6,0.130435
21,1940-04-06,1947-12-13,9,6,6,0.130435
21,1940-04-06,1947-12-13,9,7,10,0.217391
21,1940-04-06,1947-12-13,9,8,7,0.152174
21,1940-04-06,1947-12-13,9,9,5,0.108696
22,1942-03-07,1949-11-12,1,1,2,0.058824
22,1942-03-07,1949-11-12,1,2,4,0.117647
22,1942-03-07,1949-11-12,1,3,3,0.088235
22,1942-03-07,1949-11-12,1,4,6,0.176471
22,1942-03-07,1949-11-12,1,5,2,0.058824
22,1942-03-07,1949-11-12,1,6,3,0.088235
22,1942-03-07,1949-11-12,1,7,6,0.176471
22,1942-03-07,1949-11-12,1,8,6,0.176471
22,1942-03-07,1949-11-12,1,9,2,0.058824
22,1942-03-07,1949-11-12,2,1,4,0.081633
22,1942-03-07,1949-11-12,2,2,4,0.081633
22,1942-03-07,1949-11-12,2,3,4,0.081633
22,1942-03-07,1949-11-12,2,4,5,0.102041
22,1942-03-07,1949-11-12,2,5,6,0.122449
22,1942-03-07,1949-11-12,2,6,7,0.142857
22,1942-03-07,1949-11-12,2,7,7,0.142857
22,1942-03-07,1949-11-12,2,8,6,0.122449
22,1942-03-07,1949-11-12,2,9,6,0.122449
22,1942-03-07,1949-11-12,3,1,4,0.08
22,1942-03-07,1949-11-12,3,2,10,0.2
22,1942-03-07,1949-11-12,3,3,9,0.18
22,1942-03-07,1949-11-12,3,4,2,0.04
22,1942-03-07,1949-11-12,3,5,8,0.16
22,1942-03-07,1949-11-12,3,6,5,0.1
22,1942-03-07,1949-11-12,3,7,1,0.02
22,1942-03-07,1949-11-12,3,8,5,0.1
22,1942-03-07,1949-11-12,3,9,6,0.12
22,1942-03-07,1949-11-12,4,1,6,0.153846
22,1942-03-07,1949-11-12,4,2,5,0.128205
22,1942-03-07,1949-11-12,4,3,6,0.153846
22,1942-03-07,1949-11-12,4,4,3,0.076923
22,1942-03-07,1949-11-12,4,5,4,0.102564
22,1942-03-07,1949-11-12,4,6,4,0.102564
22,1942-03-07,1949-11-12,4,7,6,0.153846
22,1942-03-07,1949-11-12,4,8,4,0.102564
22,1942-03-07,1949-11-12,4,9,1,0.025641
22,1942-03-07,1949-11-12,5,1,4,0.090909
22,1942-03-07,1949-11-12,5,2,5,0.113636
22,1942-03-07,1949-11-12,5,3,5,0.113636
22,1942-03-07,1949-11-12,5,4,4,0.090909
22,1942-03-07,1949-11-12,5,5,5,0.113636
22,1942-03-07,1949-11-12,5,6,5,0.113636
22,1942-03-07,1949-11-12,5,7,5,0.113636
22,1942-03-07,1949-11-12,5,8,6,0.136364
22,1942-03-07,1949-11-12,5,9,5,0.113636
22,1942-03-07,1949-11-12,6,1,2,0.040816
22,1942-03-07,1949-11-12,6,2,6,0.122449
22,1942-03-07,1949-11-12,6,3,7,0.142857
22,1942-03-07,1949-11-12,6,4,4,0.081633
22,1942-03-07,1949-11-12,6,5,6,0.122449
22,1942-03-07,1949-11-12,6,6,4,0.081633
22,1942-03-07,1949-11-12,6,7,7,0.142857
22,1942-03-07,1949-11-12,6,8,8,0.163265
22,1942-03-07,1949-11-12,6,9,5,0.102041
22,1942-03-07,1949-11-12,7,1,4,0.083333
22,1942-03-07,1949-11-12,7,2,5,0.104167
22,1942-03-07,1949-11-12,7,3,7,0.145833
22,1942-03-07,1949-11-12,7,4,5,0.104167
22,1942-03-07,1949-11-12,7,5,4,0.083333
22,1942-03-07,1949-11-12,7,6,10,0.208333
22,1942-03-07,1949-11-12,7,7,6,0.125
22,1942-03-07,1949-11-12,7,8,6,0.125
22,1942-03-07,1949-11-12,7,9,1,0.020833
22,1942-03-07,1949-11-12,8,1,5,0.1
22,1942-03-07,1949-11-12,8,2,8,0.16
22,1942-03-07,1949-11-12,8,3,5,0.1
22,1942-03-07,1949-11-12,8,4,7,0.14
22,1942-03-07,1949-11-12,8,5,5,0.1
22,1942-03-07,1949-11-12,8,6,6,0.12
22,1942-03-07,1949-11-12,8,7,3,0.06
22,1942-03-07,1949-11-12,8,8,6,0.12
22,1942-03-07,1949-11-12,8,9,5,0.1
22,1942-03-07,1949-11-12,9,1,3,0.081081
22,1942-03-07,1949-11-12,9,2,2,0.054054
22,1942-03-07,1949-11-12,9,3,4,0.108108
22,1942-03-07,1949-11-12,9,4,3,0.081081
22,1942-03-07,1949-11-12,9,5,4,0.108108
22,1942-03-07,1949-11-12,9,6,5,0.135135
22,1942-03-07,1949-11-12,9,7,8,0.216216
22,1942-03-07,1949-11-12,9,8,3,0.081081
22,1942-03-07,1949-11-12,9,9,5,0.135135
23,1944-02-05,1951-10-13,1,1,5,0.128205
23,1944-02-05,1951-10-13,1,2,5,0.128205
23,1944-02-05,1951-10-13,1,3,3,0.076923
23,1944-02-05,1951-10-13,1,4,7,0.179487
23,1944-02-05,1951-10-13,1,5,2,0.051282
23,1944-02-05,1951-10-13,1,6,3,0.076923
23,1944-02-05,1951-10-13,1,7,5,0.128205
23,1944-02-05,1951-10-13,1,8,4,0.102564
23,1944-02-05,1951-10-13,1,9,5,0.128205
23,1944-02-05,1951-10-13,2,1,7,0.132075
23,1944-02-05,1951-10-13,2,2,8,0.150943
23,1944-02-05,1951-10-13,2,3,3,0.056604
23,1944-02-05,1951-10-13,2,4,6,0.113208
23,1944-02-05,1951-10-13,2,5,6,0.113208
23,1944-02-05,1951-10-13,2,6,6,0.113208
23,1944-02-05,1951-10-13,2,7,7,0.132075
23,1944-02-05,1951-10-13,2,8,4,0.075472
23,1944-02-05,1951-10-13,2,9,6,0.113208
23,1944-02-05,1951-10-13,3,1,6,0.146341
23,1944-02-05,1951-10-13,3,2,7,0.170732
23,1944-02-05,1951-10-13,3,3,5,0.121951
23,1944-02-05,1951-10-13,3,4,3,0.073171
23,1944-02-05,1951-10-13,3,5,6,0.146341
23,1944-02-05,1951-10-13,3,6,3,0.073171
23,1944-02-05,1951-10-13,3,7,1,0.02439
23,1944-02-05,1951-10-13,3,8,4,0.097561
23,1944-02-05,1951-10-13,3,9,6,0.146341
23,1944-02-05,1951-10-13,4,1,5,0.111111
23,1944-02-05,1951-10-13,4,2,6,0.133333
23,1944-02-05,1951-10-13,4,3,4,0.088889
23,1944-02-05,1951-10-13,4,4,6,0.133333
23,1944-02-05,1951-10-13,4,5,3,0.066667
23,1944-02-05,1951-10-13,4,6,6,0.133333
23,1944-02-05,1951-10-13,4,7,6,0.133333
23,1944-02-05,1951-10-13,4,8,7,0.155556
23,1944-02-05,1951-10-13,4,9,2,0.044444
23,1944-02-05,1951-10-13,5,1,4,0.095238
23,1944-02-05,1951-10-13,5,2,3,0.071429
23,1944-02-05,1951-10-13,5,3,5,0.119048
23,1944-02-05,1951-10-13,5,4,2,0.047619
23,1944-02-05,1951-10-13,5,5,5,0.119048
23,1944-02-05,1951-10-13,5,6,5,0.119048
23,1944-02-05,1951-10-13,5,7,5,0.119048
23,1944-02-05,1951-10-13,5,8,8,0.190476
23,1944-02-05,1951-10-13,5,9,5,0.119048
23,1944-02-05,1951-10-13,6,1,0,0.0
23,1944-02-05,1951-10-13,6,2,4,0.088889
23,1944-02-05,1951-10-13,6,3,3,0.066667
23,1944-02-05,1951-10-13,6,4,6,0.133333
23,1944-02-05,1951-10-13,6,5,6,0.133333
23,1944-02-05,1951-10-13,6,6,3,0.066667
23,1944-02-05,1951-10-13,6,7,7,0.155556
23,1944-02-05,1951-10-13,6,8,11,0.244444
23,1944-02-05,1951-10-13,6,9,5,0.111111
23,1944-02-05,1951-10-13,7,1,3,0.065217
23,1944-02-05,1951-10-13,7,2,7,0.152174
23,1944-02-05,1951-10-13,7,3,7,0.152174
23,1944-02-05,1951-10-13,7,4,4,0.086957
23,1944-02-05,1951-10-13,7,5,6,0.130435
23,1944-02-05,1951-10-13,7,6,9,0.195652
23,1944-02-05,1951-10-13,7,7,6,0.130435
23,1944-02-05,1951-10-13,7,8,3,0.065217
23,1944-02-05,1951-10-13,7,9,1,0.021739
23,1944-02-05,1951-10-13,8,1,7,0.142857
23,1944-02-05,1951-10-13,8,2,8,0.163265
23,1944-02-05,1951-10-13,8,3,5,0.102041
23,1944-02-05,1951-10-13,8,4,7,0.142857
23,1944-02-05,1951-10-13,8,5,4,0.081633
23,1944-02-05,1951-10-13,8,6,5,0.102041
23,1944-02-05,1951-10-13,8,7,2,0.040816
23,1944-02-05,1951-10-13,8,8,6,0.122449
23,1944-02-05,1951-10-13,8,9,5,0.102041
23,1944-02-05,1951-10-13,9,1,2,0.05
23,1944-02-05,1951-10-13,9,2,4,0.1
23,1944-02-05,1951-10-13,9,3,6,0.15
23,1944-02-05,1951-10-13,9,4,4,0.1
23,1944-02-05,1951-10-13,9,5,4,0.1
23,1944-02-05,1951-10-13,9,6,6,0.15
23,1944-02-05,1951-10-13,9,7,7,0.175
23,1944-02-05,1951-10-13,9,8,2,0.05
23,1944-02-05,1951-10-13,9,9,5,0.125
24,1946-01-05,1953-09-12,1,1,5,0.131579
24,1946-01-05,1953-09-12,1,2,5,0.131579
24,1946-01-05,1953-09-12,1,3,3,0.078947
24,1946-01-05,1953-09-12,1,4,4,0.105263
24,1946-01-05,1953-09-12,1,5,2,0.052632
24,1946-01-05,1953-09-12,1,6,1,0.026316
24,1946-01-05,1953-09-12,1,7,6,0.157895
24,1946-01-05,1953-09-12,1,8,6,0.157895
24,1946-01-05,1953-09-12,1,9,6,0.157895
24,1946-01-05,1953-09-12,2,1,6,0.111111
24,1946-01-05,1953-09-12,2,2,10,0.185185
24,1946-01-05,1953-09-12,2,3,5,0.092593
24,1946-01-05,1953-09-12,2,4,6,0.111111
24,1946-01-05,1953-09-12,2,5,5,0.092593
24,1946-01-05,1953-09-12,2,6,4,0.074074
24,1946-01-05,1953-09-12,2,7,8,0.148148
24,1946-01-05,1953-09-12,2,8,5,0.092593
24,1946-01-05,1953-09-12,2,9,5,0.092593
24,1946-01-05,1953-09-12,3,1,5,0.135135
24,1946-01-05,1953-09-12,3,2,9,0.243243
24,1946-01-05,1953-09-12,3,3,4,0.108108
24,1946-01-05,1953-09-12,3,4,4,0.108108
24,1946-01-05,1953-09-12,3,5,4,0.108108
24,1946-01-05,1953-09-12,3,6,3,0.081081
24,1946-01-05,1953-09-12,3,7,1,0.027027
24,1946-01-05,1953-09-12,3,8,2,0.054054
24,1946-01-05,1953-09-12,3,9,5,0.135135
24,1946-01-05,1953-09-12,4,1,4,0.083333
24,1946-01-05,1953-09-12,4,2,4,0.083333
24,1946-01-05,1953-09-12,4,3,5,0.104167
24,1946-01-05,1953-09-12,4,4,9,0.1875
24,1946-01-05,1953-09-12,4,5,3,0.0625
24,1946-01-05,1953-09-12,4,6,8,0.166667
24,1946-01-05,1953-09-12,4,7,4,0.083333
24,1946-01-05,1953-09-12,4,8,7,0.145833
24,1946-01-05,1953-09-12,4,9,4,0.083333
24,1946-01-05,1953-09-12,5,1,2,0.047619
24,1946-01-05,1953-09-12,5,2,3,0.071429
24,1946-01-05,1953-09-12,5,3,4,0.095238
24,1946-01-05,1953-09-12,5,4,2,0.047619
24,1946-01-05,1953-09-12,5,5,6,0.142857
24,1946-01-05,1953-09-12,5,6,6,0.142857
24,1946-01-05,1953-09-12,5,7,5,0.119048
24,1946-01-05,1953-09-12,5,8,9,0.214286
24,1946-01-05,1953-09-12,5,9,5,0.119048
24,1946-01-05,1953-09-12,6,1,2,0.040816
24,1946-01-05,1953-09-12,6,2,6,0.122449
24,1946-01-05,1953-09-12,6,3,3,0.061224
24,1946-01-05,1953-09-12,6,4,6,0.122449
24,1946-01-05,1953-09-12,6,5,7,0.142857
24,1946-01-05,1953-09-12,6,6,5,0.102041
24,1946-01-05,1953-09-12,6,7,7,0.142857
24,1946-01-05,1953-09-12,6,8,9,0.183673
24,1946-01-05,1953-09-12,6,9,4,0.081633
24,1946-01-05,1953-09-12,7,1,4,0.085106
24,1946-01-05,1953-09-12,7,2,8,0.170213
24,1946-01-05,1953-09-12,7,3,6,0.12766
24,1946-01-05,1953-09-12,7,4,4,0.085106
24,1946-01-05,1953-09-12,7,5,5,0.106383
24,1946-01-05,1953-09-12,7,6,9,0.191489
24,1946-01-05,1953-09-12,7,7,6,0.12766
24,1946-01-05,1953-09-12,7,8,3,0.06383
24,1946-01-05,1953-09-12,7,9,2,0.042553
24,1946-01-05,1953-09-12,8,1,7,0.152174
24,1946-01-05,1953-09-12,8,2,7,0.152174
24,1946-01-05,1953-09-12,8,3,4,0.086957
24,1946-01-05,1953-09-12,8,4,6,0.130435
24,1946-01-05,1953-09-12,8,5,6,0.130435
24,1946-01-05,1953-09-12,8,6,6,0.130435
24,1946-01-05,1953-09-12,8,7,2,0.043478
24,1946-01-05,1953-09-12,8,8,4,0.086957
24,1946-01-05,1953-09-12,8,9,4,0.086957
24,1946-01-05,1953-09-12,9,1,3,0.076923
24,1946-01-05,1953-09-12,9,2,2,0.051282
24,1946-01-05,1953-09-12,9,3,3,0.076923
24,1946-01-05,1953-09-12,9,4,6,0.153846
24,1946-01-05,1953-09-12,9,5,5,0.128205
24,1946-01-05,1953-09-12,9,6,7,0.179487
24,1946-01-05,1953-09-12,9,7,8,0.205128
24,1946-01-05,1953-09-12,9,8,1,0.025641
24,1946-01-05,1953-09-12,9,9,4,0.102564
25,1947-12-13,1955-08-13,1,1,5,0.121951
25,1947-12-13,1955-08-13,1,2,4,0.097561
25,1947-12-13,1955-08-13,1,3,4,0.097561
25,1947-12-13,1955-08-13,1,4,4,0.097561
25,1947-12-13,1955-08-13,1,5,1,0.02439
25,1947-12-13,1955-08-13,1,6,3,0.073171
25,1947-12-13,1955-08-13,1,7,6,0.146341
25,1947-12-13,1955-08-13,1,8,7,0.170732
25,1947-12-13,1955-08-13,1,9,7,0.170732
25,1947-12-13,1955-08-13,2,1,4,0.074074
25,1947-12-13,1955-08-13,2,2,9,0.166667
25,1947-12-13,1955-08-13,2,3,8,0.148148
25,1947-12-13,1955-08-13,2,4,7,0.12963
25,1947-12-13,1955-08-13,2,5,2,0.037037
25,1947-12-13,1955-08-13,2,6,6,0.111111
25,1947-12-13,1955-08-13,2,7,8,0.148148
25,1947-12-13,1955-08-13,2,8,5,0.092593
25,1947-12-13,1955-08-13,2,9,5,0.092593
25,1947-12-13,1955-08-13,3,1,8,0.186047
25,1947-12-13,1955-08-13,3,2,6,0.139535
25,1947-12-13,1955-08-13,3,3,3,0.069767
25,1947-12-13,1955-08-13,3,4,4,0.093023
25,1947-12-13,1955-08-13,3,5,5,0.116279
25,1947-12-13,1955-08-13,3,6,4,0.093023
25,1947-12-13,1955-08-13,3,7,3,0.069767
25,1947-12-13,1955-08-13,3,8,2,0.046512
25,1947-12-13,1955-08-13,3,9,8,0.186047
25,1947-12-13,1955-08-13,4,1,4,0.081633
25,1947-12-13,1955-08-13,4,2,4,0.081633
25,1947-12-13,1955-08-13,4,3,5,0.102041
25,1947-12-13,1955-08-13,4,4,9,0.183673
25,1947-12-13,1955-08-13,4,5,5,0.102041
25,1947-12-13,1955-08-13,4,6,5,0.102041
25,1947-12-13,1955-08-13,4,7,5,0.102041
25,1947-12-13,1955-08-13,4,8,6,0.122449
25,1947-12-13,1955-08-13,4,9,6,0.122449
25,1947-12-13,1955-08-13,5,1,2,0.051282
25,1947-12-13,1955-08-13,5,2,4,0.102564
25,1947-12-13,1955-08-13,5,3,3,0.076923
25,1947-12-13,1955-08-13,5,4,4,0.102564
25,1947-12-13,1955-08-13,5,5,6,0.153846
25,1947-12-13,1955-08-13,5,6,3,0.076923
25,1947-12-13,1955-08-13,5,7,3,0.076923
25,1947-12-13,1955-08-13,5,8,9,0.230769
25,1947-12-13,1955-08-13,5,9,5,0.128205
25,1947-12-13,1955-08-13,6,1,2,0.05
25,1947-12-13,1955-08-13,6,2,5,0.125
25,1947-12-13,1955-08-13,6,3,3,0.075
25,1947-12-13,1955-08-13,6,4,6,0.15
25,1947-12-13,1955-08-13,6,5,5,0.125
25,1947-12-13,1955-08-13,6,6,3,0.075
25,1947-12-13,1955-08-13,6,7,7,0.175
25,1947-12-13,1955-08-13,6,8,7,0.175
25,1947-12-13,1955-08-13,6,9,2,0.05
25,1947-12-13,1955-08-13,7,1,5,0.104167
25,1947-12-13,1955-08-13,7,2,10,0.208333
25,1947-12-13,1955-08-13,7,3,8,0.166667
25,1947-12-13,1955-08-13,7,4,2,0.041667
25,1947-12-13,1955-08-13,7,5,4,0.083333
25,1947-12-13,1955-08-13,7,6,7,0.145833
25,1947-12-13,1955-08-13,7,7,7,0.145833
25,1947-12-13,1955-08-13,7,8,3,0.0625
25,1947-12-13,1955-08-13,7,9,2,0.041667
25,1947-12-13,1955-08-13,8,1,6,0.133333
25,1947-12-13,1955-08-13,8,2,8,0.177778
25,1947-12-13,1955-08-13,8,3,4,0.088889
25,1947-12-13,1955-08-13,8,4,5,0.111111
25,1947-12-13,1955-08-13,8,5,6,0.133333
25,1947-12-13,1955-08-13,8,6,4,0.088889
25,1947-12-13,1955-08-13,8,7,3,0.066667
25,1947-12-13,1955-08-13,8,8,5,0.111111
25,1947-12-13,1955-08-13,8,9,4,0.088889
25,1947-12-13,1955-08-13,9,1,5,0.121951
25,1947-12-13,1955-08-13,9,2,4,0.097561
25,1947-12-13,1955-08-13,9,3,5,0.121951
25,1947-12-13,1955-08-13,9,4,8,0.195122
25,1947-12-13,1955-08-13,9,5,5,0.121951
25,1947-12-13,1955-08-13,9,6,5,0.121951
25,1947-12-13,1955-08-13,9,7,6,0.146341
25,1947-12-13,1955-08-13,9,8,1,0.02439
25,1947-12-13,1955-08-13,9,9,2,0.04878
26,1949-11-12,1957-07-13,1,1,6,0.130435
26,1949-11-12,1957-07-13,1,2,8,0.173913
26,1949-11-12,1957-07-13,1,3,5,0.108696
26,1949-11-12,1957-07-13,1,4,5,0.108696
26,1949-11-12,1957-07-13,1,5,2,0.043478
26,1949-11-12,1957-07-13,1,6,2,0.043478
26,1949-11-12,1957-07-13,1,7,5,0.108696
26,1949-11-12,1957-07-13,1,8,6,0.130435
26,1949-11-12,1957-07-13,1,9,7,0.152174
26,1949-11-12,1957-07-13,2,1,6,0.105263
26,1949-11-12,1957-07-13,2,2,9,0.157895
26,1949-11-12,1957-07-13,2,3,10,0.175439
26,1949-11-12,1957-07-13,2,4,6,0.105263
26,1949-11-12,1957-07-13,2,5,3,0.052632
26,1949-11-12,1957-07-13,2,6,8,0.140351
26,1949-11-12,1957-07-13,2,7,5,0.087719
26,1949-11-12,1957-07-13,2,8,5,0.087719
26,1949-11-12,1957-07-13,2,9,5,0.087719
26,1949-11-12,1957-07-13,3,1,8,0.235294
26,1949-11-12,1957-07-13,3,2,2,0.058824
26,1949-11-12,1957-07-13,3,3,2,0.058824
26,1949-11-12,1957-07-13,3,4,3,0.088235
26,1949-11-12,1957-07-13,3,5,3,0.088235
26,1949-11-12,1957-07-13,3,6,6,0.176471
26,1949-11-12,1957-07-13,3,7,3,0.088235
26,1949-11-12,1957-07-13,3,8,0,0.0
26,1949-11-12,1957-07-13,3,9,7,0.205882
26,1949-11-12,1957-07-13,4,1,6,0.12766
26,1949-11-12,1957-07-13,4,2,4,0.085106
26,1949-11-12,1957-07-13,4,3,2,0.042553
26,1949-11-12,1957-07-13,4,4,9,0.191489
26,1949-11-12,1957-07-13,4,5,5,0.106383
26,1949-11-12,1957-07-13,4,6,6,0.12766
26,1949-11-12,1957-07-13,4,7,4,0.085106
26,1949-11-12,1957-07-13,4,8,5,0.106383
26,1949-11-12,1957-07-13,4,9,6,0.12766
26,1949-11-12,1957-07-13,5,1,3,0.071429
26,1949-11-12,1957-07-13,5,2,5,0.119048
26,1949-11-12,1957-07-13,5,3,1,0.02381
26,1949-11-12,1957-07-13,5,4,4,0.095238
26,1949-11-12,1957-07-13,5,5,6,0.142857
26,1949-11-12,1957-07-13,5,6,4,0.095238
26,1949-11-12,1957-07-13,5,7,3,0.071429
26,1949-11-12,1957-07-13,5,8,9,0.214286
26,1949-11-12,1957-07-13,5,9,7,0.166667
26,1949-11-12,1957-07-13,6,1,3,0.0625
26,1949-11-12,1957-07-13,6,2,7,0.145833
26,1949-11-12,1957-07-13,6,3,2,0.041667
26,1949-11-12,1957-07-13,6,4,6,0.125
26,1949-11-12,1957-07-13,6,5,5,0.104167
26,1949-11-12,1957-07-13,6,6,4,0.083333
26,1949-11-12,1957-07-13,6,7,10,0.208333
26,1949-11-12,1957-07-13,6,8,7,0.145833
26,1949-11-12,1957-07-13,6,9,4,0.083333
26,1949-11-12,1957-07-13,7,1,4,0.093023
26,1949-11-12,1957-07-13,7,2,8,0.186047
26,1949-11-12,1957-07-13,7,3,5,0.116279
26,1949-11-12,1957-07-13,7,4,3,0.069767
26,1949-11-12,1957-07-13,7,5,7,0.162791
26,1949-11-12,1957-07-13,7,6,6,0.139535
26,1949-11-12,1957-07-13,7,7,3,0.069767
26,1949-11-12,1957-07-13,7,8,2,0.046512
26,1949-11-12,1957-07-13,7,9,5,0.116279
26,1949-11-12,1957-07-13,8,1,5,0.131579
26,1949-11-12,1957-07-13,8,2,7,0.184211
26,1949-11-12,1957-07-13,8,3,2,0.052632
26,1949-11-12,1957-07-13,8,4,4,0.105263
26,1949-11-12,1957-07-13,8,5,6,0.157895
26,1949-11-12,1957-07-13,8,6,5,0.131579
26,1949-11-12,1957-07-13,8,7,4,0.105263
26,1949-11-12,1957-07-13,8,8,2,0.052632
26,1949-11-12,1957-07-13,8,9,3,0.078947
26,1949-11-12,1957-07-13,9,1,5,0.111111
26,1949-11-12,1957-07-13,9,2,7,0.155556
26,1949-11-12,1957-07-13,9,3,5,0.111111
26,1949-11-12,1957-07-13,9,4,7,0.155556
26,1949-11-12,1957-07-13,9,5,5,0.111111
26,1949-11-12,1957-07-13,9,6,7,0.155556
26,1949-11-12,1957-07-13,9,7,6,0.133333
26,1949-11-12,1957-07-13,9,8,2,0.044444
26,1949-11-12,1957-07-13,9,9,1,0.022222
27,1951-10-13,1959-06-13,1,1,5,0.104167
27,1951-10-13,1959-06-13,1,2,7,0.145833
27,1951-10-13,1959-06-13,1,3,7,0.145833
27,1951-10-13,1959-06-13,1,4,3,0.0625
27,1951-10-13,1959-06-13,1,5,6,0.125
27,1951-10-13,1959-06-13,1,6,3,0.0625
27,1951-10-13,1959-06-13,1,7,6,0.125
27,1951-10-13,1959-06-13,1,8,8,0.166667
27,1951-10-13,1959-06-13,1,9,3,0.0625
27,1951-10-13,1959-06-13,2,1,4,0.068966
27,1951-10-13,1959-06-13,2,2,8,0.137931
27,1951-10-13,1959-06-13,2,3,10,0.172414
27,1951-10-13,1959-06-13,2,4,5,0.086207
27,1951-10-13,1959-06-13,2,5,3,0.051724
27,1951-10-13,1959-06-13,2,6,9,0.155172
27,1951-10-13,1959-06-13,2,7,5,0.086207
27,1951-10-13,1959-06-13,2,8,6,0.103448
27,1951-10-13,1959-06-13,2,9,8,0.137931
27,1951-10-13,1959-06-13,3,1,5,0.138889
27,1951-10-13,1959-06-13,3,2,4,0.111111
27,1951-10-13,1959-06-13,3,3,2,0.055556
27,1951-10-13,1959-06-13,3,4,2,0.055556
27,1951-10-13,1959-06-13,3,5,3,0.083333
27,1951-10-13,1959-06-13,3,6,9,0.25
27,1951-10-13,1959-06-13,3,7,3,0.083333
27,1951-10-13,1959-06-13,3,8,0,0.0
27,1951-10-13,1959-06-13,3,9,8,0.222222
27,1951-10-13,1959-06-13,4,1,8,0.216216
27,1951-10-13,1959-06-13,4,2,2,0.054054
27,1951-10-13,1959-06-13,4,3,2,0.054054
27,1951-10-13,1959-06-13,4,4,6,0.162162
27,1951-10-13,1959-06-13,4,5,6,0.162162
27,1951-10-13,1959-06-13,4,6,3,0.081081
27,1951-10-13,1959-06-13,4,7,2,0.054054
27,1951-10-13,1959-06-13,4,8,2,0.054054
27,1951-10-13,1959-06-13,4,9,6,0.162162
27,1951-10-13,1959-06-13,5,1,5,0.116279
27,1951-10-13,1959-06-13,5,2,6,0.139535
27,1951-10-13,1959-06-13,5,3,1,0.023256
27,1951-10-13,1959-06-13,5,4,4,0.093023
27,1951-10-13,1959-06-13,5,5,6,0.139535
27,1951-10-13,1959-06-13,5,6,4,0.093023
27,1951-10-13,1959-06-13,5,7,5,0.116279
27,1951-10-13,1959-06-13,5,8,6,0.139535
27,1951-10-13,1959-06-13,5,9,6,0.139535
27,1951-10-13,1959-06-13,6,1,4,0.074074
27,1951-10-13,1959-06-13,6,2,9,0.166667
27,1951-10-13,1959-06-13,6,3,6,0.111111
27,1951-10-13,1959-06-13,6,4,5,0.092593
27,1951-10-13,1959-06-13,6,5,4,0.074074
27,1951-10-13,1959-06-13,6,6,7,0.12963
27,1951-10-13,1959-06-13,6,7,10,0.185185
27,1951-10-13,1959-06-13,6,8,5,0.092593
27,1951-10-13,1959-06-13,6,9,4,0.074074
27,1951-10-13,1959-06-13,7,1,6,0.136364
27,1951-10-13,1959-06-13,7,2,6,0.136364
27,1951-10-13,1959-06-13,7,3,5,0.113636
27,1951-10-13,1959-06-13,7,4,3,0.068182
27,1951-10-13,1959-06-13,7,5,5,0.113636
27,1951-10-13,1959-06-13,7,6,6,0.136364
27,1951-10-13,1959-06-13,7,7,3,0.068182
27,1951-10-13,1959-06-13,7,8,4,0.090909
27,1951-10-13,1959-06-13,7,9,6,0.136364
27,1951-10-13,1959-06-13,8,1,5,0.142857
27,1951-10-13,1959-06-13,8,2,7,0.2
27,1951-10-13,1959-06-13,8,3,1,0.028571
27,1951-10-13,1959-06-13,8,4,3,0.085714
27,1951-10-13,1959-06-13,8,5,5,0.142857
27,1951-10-13,1959-06-13,8,6,6,0.171429
27,1951-10-13,1959-06-13,8,7,4,0.114286
27,1951-10-13,1959-06-13,8,8,1,0.028571
27,1951-10-13,1959-06-13,8,9,3,0.085714
27,1951-10-13,1959-06-13,9,1,6,0.133333
27,1951-10-13,1959-06-13,9,2,9,0.2
27,1951-10-13,1959-06-13,9,3,3,0.066667
27,1951-10-13,1959-06-13,9,4,6,0.133333
27,1951-10-13,1959-06-13,9,5,5,0.111111
27,1951-10-13,1959-06-13,9,6,6,0.133333
27,1951-10-13,1959-06-13,9,7,6,0.133333
27,1951-10-13,1959-06-13,9,8,3,0.066667
27,1951-10-13,1959-06-13,9,9,1,0.022222
28,1953-09-12,1961-05-13,1,1,8,0.16
28,1953-09-12,1961-05-13,1,2,8,0.16
28,1953-09-12,1961-05-13,1,3,9,0.18
28,1953-09-12,1961-05-13,1,4,2,0.04
28,1953-09-12,1961-05-13,1,5,5,0.1
28,1953-09-12,1961-05-13,1,6,5,0.1
28,1953-09-12,1961-05-13,1,7,4,0.08
28,1953-09-12,1961-05-13,1,8,7,0.14
28,1953-09-12,1961-05-13,1,9,2,0.04
28,1953-09-12,1961-05-13,2,1,5,0.079365
28,1953-09-12,1961-05-13,2,2,10,0.15873
28,1953-09-12,1961-05-13,2,3,9,0.142857
28,1953-09-12,1961-05-13,2,4,6,0.095238
28,1953-09-12,1961-05-13,2,5,5,0.079365
28,1953-09-12,1961-05-13,2,6,11,0.174603
28,1953-09-12,1961-05-13,2,7,5,0.079365
28,1953-09-12,1961-05-13,2,8,4,0.063492
28,1953-09-12,1961-05-13,2,9,8,0.126984
28,1953-09-12,1961-05-13,3,1,7,0.166667
28,1953-09-12,1961-05-13,3,2,3,0.071429
28,1953-09-12,1961-05-13,3,3,2,0.047619
28,1953-09-12,1961-05-13,3,4,1,0.02381
28,1953-09-12,1961-05-13,3,5,5,0.119048
28,1953-09-12,1961-05-13,3,6,10,0.238095
28,1953-09-12,1961-05-13,3,7,3,0.071429
28,1953-09-12,1961-05-13,3,8,3,0.071429
28,1953-09-12,1961-05-13,3,9,8,0.190476
28,1953-09-12,1961-05-13,4,1,7,0.225806
28,1953-09-12,1961-05-13,4,2,3,0.096774
28,1953-09-12,1961-05-13,4,3,1,0.032258
28,1953-09-12,1961-05-13,4,4,3,0.096774
28,1953-09-12,1961-05-13,4,5,5,0.16129
28,1953-09-12,1961-05-13,4,6,2,0.064516
28,1953-09-12,1961-05-13,4,7,4,0.129032
28,1953-09-12,1961-05-13,4,8,2,0.064516
28,1953-09-12,1961-05-13,4,9,4,0.129032
28,1953-09-12,1961-05-13,5,1,6,0.125
28,1953-09-12,1961-05-13,5,2,8,0.166667
28,1953-09-12,1961-05-13,5,3,2,0.041667
28,1953-09-12,1961-05-13,5,4,5,0.104167
28,1953-09-12,1961-05-13,5,5,7,0.145833
28,1953-09-12,1961-05-13,5,6,4,0.083333
28,1953-09-12,1961-05-13,5,7,4,0.083333
28,1953-09-12,1961-05-13,5,8,6,0.125
28,1953-09-12,1961-05-13,5,9,6,0.125
28,1953-09-12,1961-05-13,6,1,3,0.0625
28,1953-09-12,1961-05-13,6,2,7,0.145833
28,1953-09-12,1961-05-13,6,3,6,0.125
28,1953-09-12,1961-05-13,6,4,5,0.104167
28,1953-09-12,1961-05-13,6,5,7,0.145833
28,1953-09-12,1961-05-13,6,6,5,0.104167
28,1953-09-12,1961-05-13,6,7,8,0.166667
28,1953-09-12,1961-05-13,6,8,4,0.083333
28,1953-09-12,1961-05-13,6,9,3,0.0625
28,1953-09-12,1961-05-13,7,1,5,0.116279
28,1953-09-12,1961-05-13,7,2,7,0.162791
28,1953-09-12,1961-05-13,7,3,5,0.116279
28,1953-09-12,1961-05-13,7,4,2,0.046512
28,1953-09-12,1961-05-13,7,5,6,0.139535
28,1953-09-12,1961-05-13,7,6,4,0.093023
28,1953-09-12,1961-05-13,7,7,6,0.139535
28,1953-09-12,1961-05-13,7,8,4,0.093023
28,1953-09-12,1961-05-13,7,9,4,0.093023
28,1953-09-12,1961-05-13,8,1,3,0.085714
28,1953-09-12,1961-05-13,8,2,8,0.228571
28,1953-09-12,1961-05-13,8,3,5,0.142857
28,1953-09-12,1961-05-13,8,4,3,0.085714
28,1953-09-12,1961-05-13,8,5,3,0.085714
28,1953-09-12,1961-05-13,8,6,4,0.114286
28,1953-09-12,1961-05-13,8,7,3,0.085714
28,1953-09-12,1961-05-13,8,8,2,0.057143
28,1953-09-12,1961-05-13,8,9,4,0.114286
28,1953-09-12,1961-05-13,9,1,6,0.15
28,1953-09-12,1961-05-13,9,2,9,0.225
28,1953-09-12,1961-05-13,9,3,4,0.1
28,1953-09-12,1961-05-13,9,4,4,0.1
28,1953-09-12,1961-05-13,9,5,4,0.1
28,1953-09-12,1961-05-13,9,6,3,0.075
28,1953-09-12,1961-05-13,9,7,6,0.15
28,1953-09-12,1961-05-13,9,8,3,0.075
28,1953-09-12,1961-05-13,9,9,1,0.025
29,1955-08-13,1963-04-20,1,1,9,0.173077
29,1955-08-13,1963-04-20,1,2,8,0.153846
29,1955-08-13,1963-04-20,1,3,9,0.173077
29,1955-08-13,1963-04-20,1,4,4,0.076923
29,1955-08-13,1963-04-20,1,5,6,0.115385
29,1955-08-13,1963-04-20,1,6,7,0.134615
29,1955-08-13,1963-04-20,1,7,3,0.057692
29,1955-08-13,1963-04-20,1,8,5,0.096154
29,1955-08-13,1963-04-20,1,9,1,0.019231
29,1955-08-13,1963-04-20,2,1,7,0.112903
29,1955-08-13,1963-04-20,2,2,10,0.16129
29,1955-08-13,1963-04-20,2,3,5,0.080645
29,1955-08-13,1963-04-20,2,4,6,0.096774
29,1955-08-13,1963-04-20,2,5,6,0.096774
29,1955-08-13,1963-04-20,2,6,9,0.145161
29,1955-08-13,1963-04-20,2,7,4,0.064516
29,1955-08-13,1963-04-20,2,8,7,0.112903
29,1955-08-13,1963-04-20,2,9,8,0.129032
29,1955-08-13,1963-04-20,3,1,6,0.136364
29,1955-08-13,1963-04-20,3,2,6,0.136364
29,1955-08-13,1963-04-20,3,3,2,0.045455
29,1955-08-13,1963-04-20,3,4,3,0.068182
29,1955-08-13,1963-04-20,3,5,5,0.113636
29,1955-08-13,1963-04-20,3,6,9,0.204545
29,1955-08-13,1963-04-20,3,7,2,0.045455
29,1955-08-13,1963-04-20,3,8,7,0.159091
29,1955-08-13,1963-04-20,3,9,4,0.090909
29,1955-08-13,1963-04-20,4,1,8,0.235294
29,1955-08-13,1963-04-20,4,2,5,0.147059
29,1955-08-13,1963-04-20,4,3,3,0.088235
29,1955-08-13,1963-04-20,4,4,3,0.088235
29,1955-08-13,1963-04-20,4,5,4,0.117647
29,1955-08-13,1963-04-20,4,6,3,0.088235
29,1955-08-13,1963-04-20,4,7,3,0.088235
29,1955-08-13,1963-04-20,4,8,1,0.029412
29,1955-08-13,1963-04-20,4,9,4,0.117647
29,1955-08-13,1963-04-20,5,1,6,0.12766
29,1955-08-13,1963-04-20,5,2,7,0.148936
29,1955-08-13,1963-04-20,5,3,3,0.06383
29,1955-08-13,1963-04-20,5,4,5,0.106383
29,1955-08-13,1963-04-20,5,5,7,0.148936
29,1955-08-13,1963-04-20,5,6,4,0.085106
29,1955-08-13,1963-04-20,5,7,6,0.12766
29,1955-08-13,1963-04-20,5,8,4,0.085106
29,1955-08-13,1963-04-20,5,9,5,0.106383
29,1955-08-13,1963-04-20,6,1,3,0.056604
29,1955-08-13,1963-04-20,6,2,6,0.113208
29,1955-08-13,1963-04-20,6,3,8,0.150943
29,1955-08-13,1963-04-20,6,4,5,0.09434
29,1955-08-13,1963-04-20,6,5,8,0.150943
29,1955-08-13,1963-04-20,6,6,7,0.132075
29,1955-08-13,1963-04-20,6,7,8,0.150943
29,1955-08-13,1963-04-20,6,8,3,0.056604
29,1955-08-13,1963-04-20,6,9,5,0.09434
29,1955-08-13,1963-04-20,7,1,4,0.108108
29,1955-08-13,1963-04-20,7,2,5,0.135135
29,1955-08-13,1963-04-20,7,3,4,0.108108
29,1955-08-13,1963-04-20,7,4,2,0.054054
29,1955-08-13,1963-04-20,7,5,5,0.135135
29,1955-08-13,1963-04-20,7,6,3,0.081081
29,1955-08-13,1963-04-20,7,7,4,0.108108
29,1955-08-13,1963-04-20,7,8,5,0.135135
29,1955-08-13,1963-04-20,7,9,5,0.135135
29,1955-08-13,1963-04-20,8,1,4,0.108108
29,1955-08-13,1963-04-20,8,2,7,0.189189
29,1955-08-13,1963-04-20,8,3,7,0.189189
29,1955-08-13,1963-04-20,8,4,4,0.108108
29,1955-08-13,1963-04-20,8,5,3,0.081081
29,1955-08-13,1963-04-20,8,6,6,0.162162
29,1955-08-13,1963-04-20,8,7,3,0.081081
29,1955-08-13,1963-04-20,8,8,1,0.027027
29,1955-08-13,1963-04-20,8,9,2,0.054054
29,1955-08-13,1963-04-20,9,1,5,0.147059
29,1955-08-13,1963-04-20,9,2,8,0.235294
29,1955-08-13,1963-04-20,9,3,3,0.088235
29,1955-08-13,1963-04-20,9,4,2,0.058824
29,1955-08-13,1963-04-20,9,5,3,0.088235
29,1955-08-13,1963-04-20,9,6,6,0.176471
29,1955-08-13,1963-04-20,9,7,3,0.088235
29,1955-08-13,1963-04-20,9,8,4,0.117647
29,1955-08-13,1963-04-20,9,9,0,0.0
30,1957-07-13,1965-03-20,1,1,9,0.173077
30,1957-07-13,1965-03-20,1,2,4,0.076923
30,1957-07-13,1965-03-20,1,3,11,0.211538
30,1957-07-13,1965-03-20,1,4,3,0.057692
30,1957-07-13,1965-03-20,1,5,6,0.115385
30,1957-07-13,1965-03-20,1,6,8,0.153846
30,1957-07-13,1965-03-20,1,7,4,0.076923
30,1957-07-13,1965-03-20,1,8,4,0.076923
30,1957-07-13,1965-03-20,1,9,3,0.057692
30,1957-07-13,1965-03-20,2,1,6,0.098361
30,1957-07-13,1965-03-20,2,2,10,0.163934
30,1957-07-13,1965-03-20,2,3,2,0.032787
30,1957-07-13,1965-03-20,2,4,6,0.098361
30,1957-07-13,1965-03-20,2,5,9,0.147541
30,1957-07-13,1965-03-20,2,6,7,0.114754
30,1957-07-13,1965-03-20,2,7,3,0.04918
30,1957-07-13,1965-03-20,2,8,10,0.163934
30,1957-07-13,1965-03-20,2,9,8,0.131148
30,1957-07-13,1965-03-20,3,1,6,0.115385
30,1957-07-13,1965-03-20,3,2,8,0.153846
30,1957-07-13,1965-03-20,3,3,1,0.019231
30,1957-07-13,1965-03-20,3,4,4,0.076923
30,1957-07-13,1965-03-20,3,5,5,0.096154
30,1957-07-13,1965-03-20,3,6,10,0.192308
30,1957-07-13,1965-03-20,3,7,2,0.038462
30,1957-07-13,1965-03-20,3,8,11,0.211538
30,1957-07-13,1965-03-20,3,9,5,0.096154
30,1957-07-13,1965-03-20,4,1,6,0.193548
30,1957-07-13,1965-03-20,4,2,4,0.129032
30,1957-07-13,1965-03-20,4,3,4,0.129032
30,1957-07-13,1965-03-20,4,4,3,0.096774
30,1957-07-13,1965-03-20,4,5,4,0.129032
30,1957-07-13,1965-03-20,4,6,3,0.096774
30,1957-07-13,1965-03-20,4,7,3,0.096774
30,1957-07-13,1965-03-20,4,8,1,0.032258
30,1957-07-13,1965-03-20,4,9,3,0.096774
30,1957-07-13,1965-03-20,5,1,7,0.148936
30,1957-07-13,1965-03-20,5,2,8,0.170213
30,1957-07-13,1965-03-20,5,3,3,0.06383
30,1957-07-13,1965-03-20,5,4,4,0.085106
30,1957-07-13,1965-03-20,5,5,7,0.148936
30,1957-07-13,1965-03-20,5,6,3,0.06383
30,1957-07-13,1965-03-20,5,7,8,0.170213
30,1957-07-13,1965-03-20,5,8,4,0.085106
30,1957-07-13,1965-03-20,5,9,3,0.06383
30,1957-07-13,1965-03-20,6,1,3,0.0625
30,1957-07-13,1965-03-20,6,2,6,0.125
30,1957-07-13,1965-03-20,6,3,10,0.208333
30,1957-07-13,1965-03-20,6,4,6,0.125
30,1957-07-13,1965-03-20,6,5,8,0.166667
30,1957-07-13,1965-03-20,6,6,5,0.104167
30,1957-07-13,1965-03-20,6,7,2,0.041667
30,1957-07-13,1965-03-20,6,8,4,0.083333
30,1957-07-13,1965-03-20,6,9,4,0.083333
30,1957-07-13,1965-03-20,7,1,4,0.125
30,1957-07-13,1965-03-20,7,2,5,0.15625
30,1957-07-13,1965-03-20,7,3,5,0.15625
30,1957-07-13,1965-03-20,7,4,0,0.0
30,1957-07-13,1965-03-20,7,5,3,0.09375
30,1957-07-13,1965-03-20,7,6,2,0.0625
30,1957-07-13,1965-03-20,7,7,5,0.15625
30,1957-07-13,1965-03-20,7,8,4,0.125
30,1957-07-13,1965-03-20,7,9,4,0.125
30,1957-07-13,1965-03-20,8,1,6,0.146341
30,1957-07-13,1965-03-20,8,2,8,0.195122
30,1957-07-13,1965-03-20,8,3,10,0.243902
30,1957-07-13,1965-03-20,8,4,3,0.073171
30,1957-07-13,1965-03-20,8,5,2,0.04878
30,1957-07-13,1965-03-20,8,6,5,0.121951
30,1957-07-13,1965-03-20,8,7,1,0.02439
30,1957-07-13,1965-03-20,8,8,1,0.02439
30,1957-07-13,1965-03-20,8,9,5,0.121951
30,1957-07-13,1965-03-20,9,1,5,0.138889
30,1957-07-13,1965-03-20,9,2,8,0.222222
30,1957-07-13,1965-03-20,9,3,6,0.166667
30,1957-07-13,1965-03-20,9,4,2,0.055556
30,1957-07-13,1965-03-20,9,5,3,0.083333
30,1957-07-13,1965-03-20,9,6,5,0.138889
30,1957-07-13,1965-03-20,9,7,3,0.083333
30,1957-07-13,1965-03-20,9,8,3,0.083333
30,1957-07-13,1965-03-20,9,9,1,0.027778
31,1959-06-13,1967-02-18,1,1,8,0.173913
31,1959-06-13,1967-02-18,1,2,3,0.065217
31,1959-06-13,1967-02-18,1,3,13,0.282609
31,1959-06-13,1967-02-18,1,4,3,0.065217
31,1959-06-13,1967-02-18,1,5,3,0.065217
31,1959-06-13,1967-02-18,1,6,8,0.173913
31,1959-06-13,1967-02-18,1,7,2,0.043478
31,1959-06-13,1967-02-18,1,8,3,0.065217
31,1959-06-13,1967-02-18,1,9,3,0.065217
31,1959-06-13,1967-02-18,2,1,4,0.08
31,1959-06-13,1967-02-18,2,2,7,0.14
31,1959-06-13,1967-02-18,2,3,2,0.04
31,1959-06-13,1967-02-18,2,4,5,0.1
31,1959-06-13,1967-02-18,2,5,8,0.16
31,1959-06-13,1967-02-18,2,6,6,0.12
31,1959-06-13,1967-02-18,2,7,2,0.04
31,1959-06-13,1967-02-18,2,8,10,0.2
31,1959-06-13,1967-02-18,2,9,6,0.12
31,1959-06-13,1967-02-18,3,1,9,0.147541
31,1959-06-13,1967-02-18,3,2,7,0.114754
31,1959-06-13,1967-02-18,3,3,3,0.04918
31,1959-06-13,1967-02-18,3,4,7,0.114754
31,1959-06-13,1967-02-18,3,5,6,0.098361
31,1959-06-13,1967-02-18,3,6,10,0.163934
31,1959-06-13,1967-02-18,3,7,2,0.032787
31,1959-06-13,1967-02-18,3,8,13,0.213115
31,1959-06-13,1967-02-18,3,9,4,0.065574
31,1959-06-13,1967-02-18,4,1,5,0.121951
31,1959-06-13,1967-02-18,4,2,4,0.097561
31,1959-06-13,1967-02-18,4,3,9,0.219512
31,1959-06-13,1967-02-18,4,4,4,0.097561
31,1959-06-13,1967-02-18,4,5,4,0.097561
31,1959-06-13,1967-02-18,4,6,5,0.121951
31,1959-06-13,1967-02-18,4,7,5,0.121951
31,1959-06-13,1967-02-18,4,8,3,0.073171
31,1959-06-13,1967-02-18,4,9,2,0.04878
31,1959-06-13,1967-02-18,5,1,5,0.108696
31,1959-06-13,1967-02-18,5,2,7,0.152174
31,1959-06-13,1967-02-18,5,3,3,0.065217
31,1959-06-13,1967-02-18,5,4,6,0.130435
31,1959-06-13,1967-02-18,5,5,7,0.152174
31,1959-06-13,1967-02-18,5,6,4,0.086957
31,1959-06-13,1967-02-18,5,7,8,0.173913
31,1959-06-13,1967-02-18,5,8,4,0.086957
31,1959-06-13,1967-02-18,5,9,2,0.043478
31,1959-06-13,1967-02-18,6,1,4,0.083333
31,1959-06-13,1967-02-18,6,2,5,0.104167
31,1959-06-13,1967-02-18,6,3,7,0.145833
31,1959-06-13,1967-02-18,6,4,7,0.145833
31,1959-06-13,1967-02-18,6,5,9,0.1875
31,1959-06-13,1967-02-18,6,6,3,0.0625
31,1959-06-13,1967-02-18,6,7,4,0.083333
31,1959-06-13,1967-02-18,6,8,6,0.125
31,1959-06-13,1967-02-18,6,9,3,0.0625
31,1959-06-13,1967-02-18,7,1,4,0.121212
31,1959-06-13,1967-02-18,7,2,5,0.151515
31,1959-06-13,1967-02-18,7,3,6,0.181818
31,1959-06-13,1967-02-18,7,4,3,0.090909
31,1959-06-13,1967-02-18,7,5,4,0.121212
31,1959-06-13,1967-02-18,7,6,2,0.060606
31,1959-06-13,1967-02-18,7,7,4,0.121212
31,1959-06-13,1967-02-18,7,8,2,0.060606
31,1959-06-13,1967-02-18,7,9,3,0.090909
31,1959-06-13,1967-02-18,8,1,4,0.088889
31,1959-06-13,1967-02-18,8,2,7,0.155556
31,1959-06-13,1967-02-18,8,3,10,0.222222
31,1959-06-13,1967-02-18,8,4,4,0.088889
31,1959-06-13,1967-02-18,8,5,3,0.066667
31,1959-06-13,1967-02-18,8,6,6,0.133333
31,1959-06-13,1967-02-18,8,7,3,0.066667
31,1959-06-13,1967-02-18,8,8,2,0.044444
31,1959-06-13,1967-02-18,8,9,6,0.133333
31,1959-06-13,1967-02-18,9,1,3,0.1
31,1959-06-13,1967-02-18,9,2,5,0.166667
31,1959-06-13,1967-02-18,9,3,7,0.233333
31,1959-06-13,1967-02-18,9,4,2,0.066667
31,1959-06-13,1967-02-18,9,5,2,0.066667
31,1959-06-13,1967-02-18,9,6,4,0.133333
31,1959-06-13,1967-02-18,9,7,3,0.1
31,1959-06-13,1967-02-18,9,8,2,0.066667
31,1959-06-13,1967-02-18,9,9,2,0.066667
32,1961-05-13,1969-01-18,1,1,5,0.121951
32,1961-05-13,1969-01-18,1,2,0,0.0
32,1961-05-13,1969-01-18,1,3,12,0.292683
32,1961-05-13,1969-01-18,1,4,4,0.097561
32,1961-05-13,1969-01-18,1,5,5,0.121951
32,1961-05-13,1969-01-18,1,6,6,0.146341
32,1961-05-13,1969-01-18,1,7,2,0.04878
32,1961-05-13,1969-01-18,1,8,3,0.073171
32,1961-05-13,1969-01-18,1,9,4,0.097561
32,1961-05-13,1969-01-18,2,1,8,0.156863
32,1961-05-13,1969-01-18,2,2,7,0.137255
32,1961-05-13,1969-01-18,2,3,2,0.039216
32,1961-05-13,1969-01-18,2,4,6,0.117647
32,1961-05-13,1969-01-18,2,5,7,0.137255
32,1961-05-13,1969-01-18,2,6,4,0.078431
32,1961-05-13,1969-01-18,2,7,1,0.019608
32,1961-05-13,1969-01-18,2,8,11,0.215686
32,1961-05-13,1969-01-18,2,9,5,0.098039
32,1961-05-13,1969-01-18,3,1,6,0.103448
32,1961-05-13,1969-01-18,3,2,8,0.137931
32,1961-05-13,1969-01-18,3,3,4,0.068966
32,1961-05-13,1969-01-18,3,4,8,0.137931
32,1961-05-13,1969-01-18,3,5,3,0.051724
32,1961-05-13,1969-01-18,3,6,9,0.155172
32,1961-05-13,1969-01-18,3,7,3,0.051724
32,1961-05-13,1969-01-18,3,8,11,0.189655
32,1961-05-13,1969-01-18,3,9,6,0.103448
32,1961-05-13,1969-01-18,4,1,4,0.08
32,1961-05-13,1969-01-18,4,2,7,0.14
32,1961-05-13,1969-01-18,4,3,13,0.26
32,1961-05-13,1969-01-18,4,4,5,0.1
32,1961-05-13,1969-01-18,4,5,3,0.06
32,1961-05-13,1969-01-18,4,6,6,0.12
32,1961-05-13,1969-01-18,4,7,3,0.06
32,1961-05-13,1969-01-18,4,8,4,0.08
32,1961-05-13,1969-01-18,4,9,5,0.1
32,1961-05-13,1969-01-18,5,1,4,0.1
32,1961-05-13,1969-01-18,5,2,7,0.175
32,1961-05-13,1969-01-18,5,3,1,0.025
32,1961-05-13,1969-01-18,5,4,4,0.1
32,1961-05-13,1969-01-18,5,5,6,0.15
32,1961-05-13,1969-01-18,5,6,3,0.075
32,1961-05-13,1969-01-18,5,7,10,0.25
32,1961-05-13,1969-01-18,5,8,2,0.05
32,1961-05-13,1969-01-18,5,9,3,0.075
32,1961-05-13,1969-01-18,6,1,4,0.085106
32,1961-05-13,1969-01-18,6,2,7,0.148936
32,1961-05-13,1969-01-18,6,3,7,0.148936
32,1961-05-13,1969-01-18,6,4,7,0.148936
32,1961-05-13,1969-01-18,6,5,5,0.106383
32,1961-05-13,1969-01-18,6,6,4,0.085106
32,1961-05-13,1969-01-18,6,7,4,0.085106
32,1961-05-13,1969-01-18,6,8,6,0.12766
32,1961-05-13,1969-01-18,6,9,3,0.06383
32,1961-05-13,1969-01-18,7,1,4,0.129032
32,1961-05-13,1969-01-18,7,2,4,0.129032
32,1961-05-13,1969-01-18,7,3,5,0.16129
32,1961-05-13,1969-01-18,7,4,6,0.193548
32,1961-05-13,1969-01-18,7,5,3,0.096774
32,1961-05-13,1969-01-18,7,6,2,0.064516
32,1961-05-13,1969-01-18,7,7,2,0.064516
32,1961-05-13,1969-01-18,7,8,2,0.064516
32,1961-05-13,1969-01-18,7,9,3,0.096774
32,1961-05-13,1969-01-18,8,1,5,0.119048
32,1961-05-13,1969-01-18,8,2,5,0.119048
32,1961-05-13,1969-01-18,8,3,6,0.142857
32,1961-05-13,1969-01-18,8,4,4,0.095238
32,1961-05-13,1969-01-18,8,5,4,0.095238
32,1961-05-13,1969-01-18,8,6,6,0.142857
32,1961-05-13,1969-01-18,8,7,4,0.095238
32,1961-05-13,1969-01-18,8,8,1,0.02381
32,1961-05-13,1969-01-18,8,9,7,0.166667
32,1961-05-13,1969-01-18,9,1,1,0.025
32,1961-05-13,1969-01-18,9,2,6,0.15
32,1961-05-13,1969-01-18,9,3,7,0.175
32,1961-05-13,1969-01-18,9,4,6,0.15
32,1961-05-13,1969-01-18,9,5,4,0.1
32,1961-05-13,1969-01-18,9,6,7,0.175
32,1961-05-13,1969-01-18,9,7,3,0.075
32,1961-05-13,1969-01-18,9,8,2,0.05
32,1961-05-13,1969-01-18,9,9,4,0.1
33,1963-04-20,1970-12-19,1,1,4,0.095238
33,1963-04-20,1970-12-19,1,2,2,0.047619
33,1963-04-20,1970-12-19,1,3,13,0.309524
33,1963-04-20,1970-12-19,1,4,4,0.095238
33,1963-04-20,1970-12-19,1,5,7,0.166667
33,1963-04-20,1970-12-19,1,6,2,0.047619
33,1963-04-20,1970-12-19,1,7,1,0.02381
33,1963-04-20,1970-12-19,1,8,4,0.095238
33,1963-04-20,1970-12-19,1,9,5,0.119048
33,1963-04-20,1970-12-19,2,1,6,0.122449
33,1963-04-20,1970-12-19,2,2,8,0.163265
33,1963-04-20,1970-12-19,2,3,3,0.061224
33,1963-04-20,1970-12-19,2,4,5,0.102041
33,1963-04-20,1970-12-19,2,5,9,0.183673
33,1963-04-20,1970-12-19,2,6,3,0.061224
33,1963-04-20,1970-12-19,2,7,1,0.020408
33,1963-04-20,1970-12-19,2,8,9,0.183673
33,1963-04-20,1970-12-19,2,9,5,0.102041
33,1963-04-20,1970-12-19,3,1,7,0.12963
33,1963-04-20,1970-12-19,3,2,5,0.092593
33,1963-04-20,1970-12-19,3,3,4,0.074074
33,1963-04-20,1970-12-19,3,4,6,0.111111
33,1963-04-20,1970-12-19,3,5,2,0.037037
33,1963-04-20,1970-12-19,3,6,10,0.185185
33,1963-04-20,1970-12-19,3,7,4,0.074074
33,1963-04-20,1970-12-19,3,8,9,0.166667
33,1963-04-20,1970-12-19,3,9,7,0.12963
33,1963-04-20,1970-12-19,4,1,3,0.068182
33,1963-04-20,1970-12-19,4,2,5,0.113636
33,1963-04-20,1970-12-19,4,3,12,0.272727
33,1963-04-20,1970-12-19,4,4,5,0.113636
33,1963-04-20,1970-12-19,4,5,3,0.068182
33,1963-04-20,1970-12-19,4,6,5,0.113636
33,1963-04-20,1970-12-19,4,7,2,0.045455
33,1963-04-20,1970-12-19,4,8,5,0.113636
33,1963-04-20,1970-12-19,4,9,4,0.090909
33,1963-04-20,1970-12-19,5,1,5,0.106383
33,1963-04-20,1970-12-19,5,2,9,0.191489
33,1963-04-20,1970-12-19,5,3,0,0.0
33,1963-04-20,1970-12-19,5,4,3,0.06383
33,1963-04-20,1970-12-19,5,5,7,0.148936
33,1963-04-20,1970-12-19,5,6,4,0.085106
33,1963-04-20,1970-12-19,5,7,9,0.191489
33,1963-04-20,1970-12-19,5,8,4,0.085106
33,1963-04-20,1970-12-19,5,9,6,0.12766
33,1963-04-20,1970-12-19,6,1,4,0.105263
33,1963-04-20,1970-12-19,6,2,6,0.157895
33,1963-04-20,1970-12-19,6,3,4,0.105263
33,1963-04-20,1970-12-19,6,4,5,0.131579
33,1963-04-20,1970-12-19,6,5,4,0.105263
33,1963-04-20,1970-12-19,6,6,2,0.052632
33,1963-04-20,1970-12-19,6,7,3,0.078947
33,1963-04-20,1970-12-19,6,8,8,0.210526
33,1963-04-20,1970-12-19,6,9,2,0.052632
33,1963-04-20,1970-12-19,7,1,4,0.129032
33,1963-04-20,1970-12-19,7,2,3,0.096774
33,1963-04-20,1970-12-19,7,3,6,0.193548
33,1963-04-20,1970-12-19,7,4,6,0.193548
33,1963-04-20,1970-12-19,7,5,4,0.129032
33,1963-04-20,1970-12-19,7,6,1,0.032258
33,1963-04-20,1970-12-19,7,7,3,0.096774
33,1963-04-20,1970-12-19,7,8,0,0.0
33,1963-04-20,1970-12-19,7,9,4,0.129032
33,1963-04-20,1970-12-19,8,1,9,0.18
33,1963-04-20,1970-12-19,8,2,5,0.1
33,1963-04-20,1970-12-19,8,3,6,0.12
33,1963-04-20,1970-12-19,8,4,3,0.06
33,1963-04-20,1970-12-19,8,5,4,0.08
33,1963-04-20,1970-12-19,8,6,6,0.12
33,1963-04-20,1970-12-19,8,7,3,0.06
33,1963-04-20,1970-12-19,8,8,5,0.1
33,1963-04-20,1970-12-19,8,9,9,0.18
33,1963-04-20,1970-12-19,9,1,0,0.0
33,1963-04-20,1970-12-19,9,2,6,0.133333
33,1963-04-20,1970-12-19,9,3,6,0.133333
33,1963-04-20,1970-12-19,9,4,7,0.155556
33,1963-04-20,1970-12-19,9,5,7,0.155556
33,1963-04-20,1970-12-19,9,6,4,0.088889
33,1963-04-20,1970-12-19,9,7,5,0.111111
33,1963-04-20,1970-12-19,9,8,6,0.133333
33,1963-04-20,1970-12-19,9,9,4,0.088889
34,1965-03-20,1972-11-18,1,1,5,0.125
34,1965-03-20,1972-11-18,1,2,2,0.05
34,1965-03-20,1972-11-18,1,3,9,0.225
34,1965-03-20,1972-11-18,1,4,5,0.125
34,1965-03-20,1972-11-18,1,5,7,0.175
34,1965-03-20,1972-11-18,1,6,1,0.025
34,1965-03-20,1972-11-18,1,7,2,0.05
34,1965-03-20,1972-11-18,1,8,4,0.1
34,1965-03-20,1972-11-18,1,9,5,0.125
34,1965-03-20,1972-11-18,2,1,6,0.133333
34,1965-03-20,1972-11-18,2,2,6,0.133333
34,1965-03-20,1972-11-18,2,3,6,0.133333
34,1965-03-20,1972-11-18,2,4,5,0.111111
34,1965-03-20,1972-11-18,2,5,5,0.111111
34,1965-03-20,1972-11-18,2,6,1,0.022222
34,1965-03-20,1972-11-18,2,7,3,0.066667
34,1965-03-20,1972-11-18,2,8,7,0.155556
34,1965-03-20,1972-11-18,2,9,6,0.133333
34,1965-03-20,1972-11-18,3,1,6,0.117647
34,1965-03-20,1972-11-18,3,2,5,0.098039
34,1965-03-20,1972-11-18,3,3,5,0.098039
34,1965-03-20,1972-11-18,3,4,10,0.196078
34,1965-03-20,1972-11-18,3,5,3,0.058824
34,1965-03-20,1972-11-18,3,6,7,0.137255
34,1965-03-20,1972-11-18,3,7,3,0.058824
34,1965-03-20,1972-11-18,3,8,6,0.117647
34,1965-03-20,1972-11-18,3,9,6,0.117647
34,1965-03-20,1972-11-18,4,1,3,0.053571
34,1965-03-20,1972-11-18,4,2,7,0.125
34,1965-03-20,1972-11-18,4,3,12,0.214286
34,1965-03-20,1972-11-18,4,4,7,0.125
34,1965-03-20,1972-11-18,4,5,4,0.071429
34,1965-03-20,1972-11-18,4,6,8,0.142857
34,1965-03-20,1972-11-18,4,7,3,0.053571
34,1965-03-20,1972-11-18,4,8,6,0.107143
34,1965-03-20,1972-11-18,4,9,6,0.107143
34,1965-03-20,1972-11-18,5,1,3,0.066667
34,1965-03-20,1972-11-18,5,2,9,0.2
34,1965-03-20,1972-11-18,5,3,1,0.022222
34,1965-03-20,1972-11-18,5,4,4,0.088889
34,1965-03-20,1972-11-18,5,5,4,0.088889
34,1965-03-20,1972-11-18,5,6,4,0.088889
34,1965-03-20,1972-11-18,5,7,10,0.222222
34,1965-03-20,1972-11-18,5,8,4,0.088889
34,1965-03-20,1972-11-18,5,9,6,0.133333
34,1965-03-20,1972-11-18,6,1,5,0.135135
34,1965-03-20,1972-11-18,6,2,4,0.108108
34,1965-03-20,1972-11-18,6,3,4,0.108108
34,1965-03-20,1972-11-18,6,4,4,0.108108
34,1965-03-20,1972-11-18,6,5,6,0.162162
34,1965-03-20,1972-11-18,6,6,3,0.081081
34,1965-03-20,1972-11-18,6,7,3,0.081081
34,1965-03-20,1972-11-18,6,8,6,0.162162
34,1965-03-20,1972-11-18,6,9,2,0.054054
34,1965-03-20,1972-11-18,7,1,5,0.138889
34,1965-03-20,1972-11-18,7,2,5,0.138889
34,1965-03-20,1972-11-18,7,3,6,0.166667
34,1965-03-20,1972-11-18,7,4,8,0.222222
34,1965-03-20,1972-11-18,7,5,3,0.083333
34,1965-03-20,1972-11-18,7,6,3,0.083333
34,1965-03-20,1972-11-18,7,7,3,0.083333
34,1965-03-20,1972-11-18,7,8,1,0.027778
34,1965-03-20,1972-11-18,7,9,2,0.055556
34,1965-03-20,1972-11-18,8,1,7,0.152174
34,1965-03-20,1972-11-18,8,2,4,0.086957
34,1965-03-20,1972-11-18,8,3,4,0.086957
34,1965-03-20,1972-11-18,8,4,4,0.086957
34,1965-03-20,1972-11-18,8,5,6,0.130435
34,1965-03-20,1972-11-18,8,6,7,0.152174
34,1965-03-20,1972-11-18,8,7,3,0.065217
34,1965-03-20,1972-11-18,8,8,5,0.108696
34,1965-03-20,1972-11-18,8,9,6,0.130435
34,1965-03-20,1972-11-18,9,1,0,0.0
34,1965-03-20,1972-11-18,9,2,4,0.090909
34,1965-03-20,1972-11-18,9,3,4,0.090909
34,1965-03-20,1972-11-18,9,4,9,0.204545
34,1965-03-20,1972-11-18,9,5,7,0.159091
34,1965-03-20,1972-11-18,9,6,3,0.068182
34,1965-03-20,1972-11-18,9,7,6,0.136364
34,1965-03-20,1972-11-18,9,8,6,0.136364
34,1965-03-20,1972-11-18,9,9,5,0.113636
35,1967-02-18,1974-10-19,1,1,6,0.142857
35,1967-02-18,1974-10-19,1,2,4,0.095238
35,1967-02-18,1974-10-19,1,3,5,0.119048
35,1967-02-18,1974-10-19,1,4,6,0.142857
35,1967-02-18,1974-10-19,1,5,6,0.142857
35,1967-02-18,1974-10-19,1,6,1,0.02381
35,1967-02-18,1974-10-19,1,7,2,0.047619
35,1967-02-18,1974-10-19,1,8,4,0.095238
35,1967-02-18,1974-10-19,1,9,8,0.190476
35,1967-02-18,1974-10-19,2,1,8,0.156863
35,1967-02-18,1974-10-19,2,2,6,0.117647
35,1967-02-18,1974-10-19,2,3,7,0.137255
35,1967-02-18,1974-10-19,2,4,6,0.117647
35,1967-02-18,1974-10-19,2,5,5,0.098039
35,1967-02-18,1974-10-19,2,6,2,0.039216
35,1967-02-18,1974-10-19,2,7,3,0.058824
35,1967-02-18,1974-10-19,2,8,9,0.176471
35,1967-02-18,1974-10-19,2,9,5,0.098039
35,1967-02-18,1974-10-19,3,1,3,0.065217
35,1967-02-18,1974-10-19,3,2,6,0.130435
35,1967-02-18,1974-10-19,3,3,5,0.108696
35,1967-02-18,1974-10-19,3,4,9,0.195652
35,1967-02-18,1974-10-19,3,5,5,0.108696
35,1967-02-18,1974-10-19,3,6,4,0.086957
35,1967-02-18,1974-10-19,3,7,4,0.086957
35,1967-02-18,1974-10-19,3,8,4,0.086957
35,1967-02-18,1974-10-19,3,9,6,0.130435
35,1967-02-18,1974-10-19,4,1,2,0.037037
35,1967-02-18,1974-10-19,4,2,7,0.12963
35,1967-02-18,1974-10-19,4,3,7,0.12963
35,1967-02-18,1974-10-19,4,4,7,0.12963
35,1967-02-18,1974-10-19,4,5,4,0.074074
35,1967-02-18,1974-10-19,4,6,9,0.166667
35,1967-02-18,1974-10-19,4,7,3,0.055556
35,1967-02-18,1974-10-19,4,8,8,0.148148
35,1967-02-18,1974-10-19,4,9,7,0.12963
35,1967-02-18,1974-10-19,5,1,3,0.066667
35,1967-02-18,1974-10-19,5,2,9,0.2
35,1967-02-18,1974-10-19,5,3,2,0.044444
35,1967-02-18,1974-10-19,5,4,4,0.088889
35,1967-02-18,1974-10-19,5,5,5,0.111111
35,1967-02-18,1974-10-19,5,6,3,0.066667
35,1967-02-18,1974-10-19,5,7,10,0.222222
35,1967-02-18,1974-10-19,5,8,4,0.088889
35,1967-02-18,1974-10-19,5,9,5,0.111111
35,1967-02-18,1974-10-19,6,1,8,0.216216
35,1967-02-18,1974-10-19,6,2,5,0.135135
35,1967-02-18,1974-10-19,6,3,4,0.108108
35,1967-02-18,1974-10-19,6,4,4,0.108108
35,1967-02-18,1974-10-19,6,5,5,0.135135
35,1967-02-18,1974-10-19,6,6,5,0.135135
35,1967-02-18,1974-10-19,6,7,1,0.027027
35,1967-02-18,1974-10-19,6,8,3,0.081081
35,1967-02-18,1974-10-19,6,9,2,0.054054
35,1967-02-18,1974-10-19,7,1,5,0.151515
35,1967-02-18,1974-10-19,7,2,5,0.151515
35,1967-02-18,1974-10-19,7,3,5,0.151515
35,1967-02-18,1974-10-19,7,4,5,0.151515
35,1967-02-18,1974-10-19,7,5,2,0.060606
35,1967-02-18,1974-10-19,7,6,4,0.121212
35,1967-02-18,1974-10-19,7,7,3,0.090909
35,1967-02-18,1974-10-19,7,8,1,0.030303
35,1967-02-18,1974-10-19,7,9,3,0.090909
35,1967-02-18,1974-10-19,8,1,6,0.133333
35,1967-02-18,1974-10-19,8,2,3,0.066667
35,1967-02-18,1974-10-19,8,3,7,0.155556
35,1967-02-18,1974-10-19,8,4,4,0.088889
35,1967-02-18,1974-10-19,8,5,5,0.111111
35,1967-02-18,1974-10-19,8,6,6,0.133333
35,1967-02-18,1974-10-19,8,7,1,0.022222
35,1967-02-18,1974-10-19,8,8,6,0.133333
35,1967-02-18,1974-10-19,8,9,7,0.155556
35,1967-02-18,1974-10-19,9,1,1,0.021277
35,1967-02-18,1974-10-19,9,2,6,0.12766
35,1967-02-18,1974-10-19,9,3,4,0.085106
35,1967-02-18,1974-10-19,9,4,9,0.191489
35,1967-02-18,1974-10-19,9,5,8,0.170213
35,1967-02-18,1974-10-19,9,6,3,0.06383
35,1967-02-18,1974-10-19,9,7,6,0.12766
35,1967-02-18,1974-10-19,9,8,6,0.12766
35,1967-02-18,1974-10-19,9,9,4,0.085106
36,1969-01-18,1976-09-18,1,1,6,0.139535
36,1969-01-18,1976-09-18,1,2,7,0.162791
36,1969-01-18,1976-09-18,1,3,4,0.093023
36,1969-01-18,1976-09-18,1,4,5,0.116279
36,1969-01-18,1976-09-18,1,5,5,0.116279
36,1969-01-18,1976-09-18,1,6,2,0.046512
36,1969-01-18,1976-09-18,1,7,3,0.069767
36,1969-01-18,1976-09-18,1,8,5,0.116279
36,1969-01-18,1976-09-18,1,9,6,0.139535
36,1969-01-18,1976-09-18,2,1,4,0.086957
36,1969-01-18,1976-09-18,2,2,3,0.065217
36,1969-01-18,1976-09-18,2,3,9,0.195652
36,1969-01-18,1976-09-18,2,4,5,0.108696
36,1969-01-18,1976-09-18,2,5,5,0.108696
36,1969-01-18,1976-09-18,2,6,2,0.043478
36,1969-01-18,1976-09-18,2,7,4,0.086957
36,1969-01-18,1976-09-18,2,8,8,0.173913
36,1969-01-18,1976-09-18,2,9,6,0.130435
36,1969-01-18,1976-09-18,3,1,3,0.066667
36,1969-01-18,1976-09-18,3,2,5,0.111111
36,1969-01-18,1976-09-18,3,3,4,0.088889
36,1969-01-18,1976-09-18,3,4,8,0.177778
36,1969-01-18,1976-09-18,3,5,7,0.155556
36,1969-01-18,1976-09-18,3,6,4,0.088889
36,1969-01-18,1976-09-18,3,7,5,0.111111
36,1969-01-18,1976-09-18,3,8,6,0.133333
36,1969-01-18,1976-09-18,3,9,3,0.066667
36,1969-01-18,1976-09-18,4,1,3,0.068182
36,1969-01-18,1976-09-18,4,2,4,0.090909
36,1969-01-18,1976-09-18,4,3,4,0.090909
36,1969-01-18,1976-09-18,4,4,5,0.113636
36,1969-01-18,1976-09-18,4,5,4,0.090909
36,1969-01-18,1976-09-18,4,6,7,0.159091
36,1969-01-18,1976-09-18,4,7,4,0.090909
36,1969-01-18,1976-09-18,4,8,7,0.159091
36,1969-01-18,1976-09-18,4,9,6,0.136364
36,1969-01-18,1976-09-18,5,1,4,0.078431
36,1969-01-18,1976-09-18,5,2,10,0.196078
36,1969-01-18,1976-09-18,5,3,5,0.098039
36,1969-01-18,1976-09-18,5,4,5,0.098039
36,1969-01-18,1976-09-18,5,5,6,0.117647
36,1969-01-18,1976-09-18,5,6,2,0.039216
36,1969-01-18,1976-09-18,5,7,9,0.176471
36,1969-01-18,1976-09-18,5,8,4,0.078431
36,1969-01-18,1976-09-18,5,9,6,0.117647
36,1969-01-18,1976-09-18,6,1,9,0.257143
36,1969-01-18,1976-09-18,6,2,2,0.057143
36,1969-01-18,1976-09-18,6,3,3,0.085714
36,1969-01-18,1976-09-18,6,4,2,0.057143
36,1969-01-18,1976-09-18,6,5,6,0.171429
36,1969-01-18,1976-09-18,6,6,4,0.114286
36,1969-01-18,1976-09-18,6,7,1,0.028571
36,1969-01-18,1976-09-18,6,8,4,0.114286
36,1969-01-18,1976-09-18,6,9,4,0.114286
36,1969-01-18,1976-09-18,7,1,6,0.162162
36,1969-01-18,1976-09-18,7,2,5,0.135135
36,1969-01-18,1976-09-18,7,3,5,0.135135
36,1969-01-18,1976-09-18,7,4,3,0.081081
36,1969-01-18,1976-09-18,7,5,2,0.054054
36,1969-01-18,1976-09-18,7,6,5,0.135135
36,1969-01-18,1976-09-18,7,7,3,0.081081
36,1969-01-18,1976-09-18,7,8,2,0.054054
36,1969-01-18,1976-09-18,7,9,6,0.162162
36,1969-01-18,1976-09-18,8,1,7,0.137255
36,1969-01-18,1976-09-18,8,2,5,0.098039
36,1969-01-18,1976-09-18,8,3,7,0.137255
36,1969-01-18,1976-09-18,8,4,4,0.078431
36,1969-01-18,1976-09-18,8,5,6,0.117647
36,1969-01-18,1976-09-18,8,6,8,0.156863
36,1969-01-18,1976-09-18,8,7,0,0.0
36,1969-01-18,1976-09-18,8,8,7,0.137255
36,1969-01-18,1976-09-18,8,9,7,0.137255
36,1969-01-18,1976-09-18,9,1,1,0.020833
36,1969-01-18,1976-09-18,9,2,6,0.125
36,1969-01-18,1976-09-18,9,3,4,0.083333
36,1969-01-18,1976-09-18,9,4,7,0.145833
36,1969-01-18,1976-09-18,9,5,10,0.208333
36,1969-01-18,1976-09-18,9,6,1,0.020833
36,1969-01-18,1976-09-18,9,7,7,0.145833
36,1969-01-18,1976-09-18,9,8,8,0.166667
36,1969-01-18,1976-09-18,9,9,4,0.083333
37,1970-12-19,1978-08-19,1,1,7,0.170732
37,1970-12-19,1978-08-19,1,2,6,0.146341
37,1970-12-19,1978-08-19,1,3,3,0.073171
37,1970-12-19,1978-08-19,1,4,3,0.073171
37,1970-12-19,1978-08-19,1,5,2,0.04878
37,1970-12-19,1978-08-19,1,6,3,0.073171
37,1970-12-19,1978-08-19,1,7,6,0.146341
37,1970-12-19,1978-08-19,1,8,5,0.121951
37,1970-12-19,1978-08-19,1,9,6,0.146341
37,1970-12-19,1978-08-19,2,1,5,0.104167
37,1970-12-19,1978-08-19,2,2,2,0.041667
37,1970-12-19,1978-08-19,2,3,10,0.208333
37,1970-12-19,1978-08-19,2,4,5,0.104167
37,1970-12-19,1978-08-19,2,5,3,0.0625
37,1970-12-19,1978-08-19,2,6,3,0.0625
37,1970-12-19,1978-08-19,2,7,5,0.104167
37,1970-12-19,1978-08-19,2,8,8,0.166667
37,1970-12-19,1978-08-19,2,9,7,0.145833
37,1970-12-19,1978-08-19,3,1,3,0.056604
37,1970-12-19,1978-08-19,3,2,7,0.132075
37,1970-12-19,1978-08-19,3,3,8,0.150943
37,1970-12-19,1978-08-19,3,4,10,0.188679
37,1970-12-19,1978-08-19,3,5,8,0.150943
37,1970-12-19,1978-08-19,3,6,6,0.113208
37,1970-12-19,1978-08-19,3,7,3,0.056604
37,1970-12-19,1978-08-19,3,8,4,0.075472
37,1970-12-19,1978-08-19,3,9,4,0.075472
37,1970-12-19,1978-08-19,4,1,2,0.046512
37,1970-12-19,1978-08-19,4,2,3,0.069767
37,1970-12-19,1978-08-19,4,3,4,0.093023
37,1970-12-19,1978-08-19,4,4,4,0.093023
37,1970-12-19,1978-08-19,4,5,5,0.116279
37,1970-12-19,1978-08-19,4,6,7,0.162791
37,1970-12-19,1978-08-19,4,7,5,0.116279
37,1970-12-19,1978-08-19,4,8,7,0.162791
37,1970-12-19,1978-08-19,4,9,6,0.139535
37,1970-12-19,1978-08-19,5,1,2,0.043478
37,1970-12-19,1978-08-19,5,2,9,0.195652
37,1970-12-19,1978-08-19,5,3,9,0.195652
37,1970-12-19,1978-08-19,5,4,5,0.108696
37,1970-12-19,1978-08-19,5,5,6,0.130435
37,1970-12-19,1978-08-19,5,6,1,0.021739
37,1970-12-19,1978-08-19,5,7,8,0.173913
37,1970-12-19,1978-08-19,5,8,2,0.043478
37,1970-12-19,1978-08-19,5,9,4,0.086957
37,1970-12-19,1978-08-19,6,1,10,0.25641
37,1970-12-19,1978-08-19,6,2,2,0.051282
37,1970-12-19,1978-08-19,6,3,5,0.128205
37,1970-12-19,1978-08-19,6,4,2,0.051282
37,1970-12-19,1978-08-19,6,5,6,0.153846
37,1970-12-19,1978-08-19,6,6,4,0.102564
37,1970-12-19,1978-08-19,6,7,2,0.051282
37,1970-12-19,1978-08-19,6,8,3,0.076923
37,1970-12-19,1978-08-19,6,9,5,0.128205
37,1970-12-19,1978-08-19,7,1,5,0.131579
37,1970-12-19,1978-08-19,7,2,6,0.157895
37,1970-12-19,1978-08-19,7,3,4,0.105263
37,1970-12-19,1978-08-19,7,4,3,0.078947
37,1970-12-19,1978-08-19,7,5,1,0.026316
37,1970-12-19,1978-08-19,7,6,6,0.157895
37,1970-12-19,1978-08-19,7,7,3,0.078947
37,1970-12-19,1978-08-19,7,8,5,0.131579
37,1970-12-19,1978-08-19,7,9,5,0.131579
37,1970-12-19,1978-08-19,8,1,4,0.090909
37,1970-12-19,1978-08-19,8,2,6,0.136364
37,1970-12-19,1978-08-19,8,3,4,0.090909
37,1970-12-19,1978-08-19,8,4,4,0.090909
37,1970-12-19,1978-08-19,8,5,6,0.136364
37,1970-12-19,1978-08-19,8,6,8,0.181818
37,1970-12-19,1978-08-19,8,7,1,0.022727
37,1970-12-19,1978-08-19,8,8,6,0.136364
37,1970-12-19,1978-08-19,8,9,5,0.113636
37,1970-12-19,1978-08-19,9,1,3,0.0625
37,1970-12-19,1978-08-19,9,2,7,0.145833
37,1970-12-19,1978-08-19,9,3,6,0.125
37,1970-12-19,1978-08-19,9,4,7,0.145833
37,1970-12-19,1978-08-19,9,5,9,0.1875
37,1970-12-19,1978-08-19,9,6,1,0.020833
37,1970-12-19,1978-08-19,9,7,6,0.125
37,1970-12-19,1978-08-19,9,8,4,0.083333
37,1970-12-19,1978-08-19,9,9,5,0.104167
38,1972-11-18,1980-07-19,1,1,7,0.159091
38,1972-11-18,1980-07-19,1,2,9,0.204545
38,1972-11-18,1980-07-19,1,3,3,0.068182
38,1972-11-18,1980-07-19,1,4,2,0.045455
38,1972-11-18,1980-07-19,1,5,1,0.022727
38,1972-11-18,1980-07-19,1,6,4,0.090909
38,1972-11-18,1980-07-19,1,7,5,0.113636
38,1972-11-18,1980-07-19,1,8,6,0.136364
38,1972-11-18,1980-07-19,1,9,7,0.159091
38,1972-11-18,1980-07-19,2,1,5,0.108696
38,1972-11-18,1980-07-19,2,2,2,0.043478
38,1972-11-18,1980-07-19,2,3,11,0.23913
38,1972-11-18,1980-07-19,2,4,5,0.108696
38,1972-11-18,1980-07-19,2,5,4,0.086957
38,1972-11-18,1980-07-19,2,6,4,0.086957
38,1972-11-18,1980-07-19,2,7,3,0.065217
38,1972-11-18,1980-07-19,2,8,7,0.152174
38,1972-11-18,1980-07-19,2,9,5,0.108696
38,1972-11-18,1980-07-19,3,1,5,0.09434
38,1972-11-18,1980-07-19,3,2,5,0.09434
38,1972-11-18,1980-07-19,3,3,10,0.188679
38,1972-11-18,1980-07-19,3,4,6,0.113208
38,1972-11-18,1980-07-19,3,5,6,0.113208
38,1972-11-18,1980-07-19,3,6,5,0.09434
38,1972-11-18,1980-07-19,3,7,6,0.113208
38,1972-11-18,1980-07-19,3,8,3,0.056604
38,1972-11-18,1980-07-19,3,9,7,0.132075
38,1972-11-18,1980-07-19,4,1,1,0.03125
38,1972-11-18,1980-07-19,4,2,1,0.03125
38,1972-11-18,1980-07-19,4,3,4,0.125
38,1972-11-18,1980-07-19,4,4,2,0.0625
38,1972-11-18,1980-07-19,4,5,4,0.125
38,1972-11-18,1980-07-19,4,6,4,0.125
38,1972-11-18,1980-07-19,4,7,6,0.1875
38,1972-11-18,1980-07-19,4,8,6,0.1875
38,1972-11-18,1980-07-19,4,9,4,0.125
38,1972-11-18,1980-07-19,5,1,2,0.051282
38,1972-11-18,1980-07-19,5,2,6,0.153846
38,1972-11-18,1980-07-19,5,3,9,0.230769
38,1972-11-18,1980-07-19,5,4,4,0.102564
38,1972-11-18,1980-07-19,5,5,5,0.128205
38,1972-11-18,1980-07-19,5,6,3,0.076923
38,1972-11-18,1980-07-19,5,7,5,0.128205
38,1972-11-18,1980-07-19,5,8,1,0.025641
38,1972-11-18,1980-07-19,5,9,4,0.102564
38,1972-11-18,1980-07-19,6,1,10,0.222222
38,1972-11-18,1980-07-19,6,2,2,0.044444
38,1972-11-18,1980-07-19,6,3,4,0.088889
38,1972-11-18,1980-07-19,6,4,2,0.044444
38,1972-11-18,1980-07-19,6,5,5,0.111111
38,1972-11-18,1980-07-19,6,6,6,0.133333
38,1972-11-18,1980-07-19,6,7,5,0.111111
38,1972-11-18,1980-07-19,6,8,5,0.111111
38,1972-11-18,1980-07-19,6,9,6,0.133333
38,1972-11-18,1980-07-19,7,1,4,0.095238
38,1972-11-18,1980-07-19,7,2,6,0.142857
38,1972-11-18,1980-07-19,7,3,4,0.095238
38,1972-11-18,1980-07-19,7,4,4,0.095238
38,1972-11-18,1980-07-19,7,5,2,0.047619
38,1972-11-18,1980-07-19,7,6,5,0.119048
38,1972-11-18,1980-07-19,7,7,4,0.095238
38,1972-11-18,1980-07-19,7,8,6,0.142857
38,1972-11-18,1980-07-19,7,9,7,0.166667
38,1972-11-18,1980-07-19,8,1,5,0.106383
38,1972-11-18,1980-07-19,8,2,5,0.106383
38,1972-11-18,1980-07-19,8,3,4,0.085106
38,1972-11-18,1980-07-19,8,4,3,0.06383
38,1972-11-18,1980-07-19,8,5,3,0.06383
38,1972-11-18,1980-07-19,8,6,9,0.191489
38,1972-11-18,1980-07-19,8,7,2,0.042553
38,1972-11-18,1980-07-19,8,8,8,0.170213
38,1972-11-18,1980-07-19,8,9,8,0.170213
38,1972-11-18,1980-07-19,9,1,5,0.096154
38,1972-11-18,1980-07-19,9,2,9,0.173077
38,1972-11-18,1980-07-19,9,3,4,0.076923
38,1972-11-18,1980-07-19,9,4,5,0.096154
38,1972-11-18,1980-07-19,9,5,9,0.173077
38,1972-11-18,1980-07-19,9,6,5,0.096154
38,1972-11-18,1980-07-19,9,7,6,0.115385
38,1972-11-18,1980-07-19,9,8,5,0.096154
38,1972-11-18,1980-07-19,9,9,4,0.076923
39,1974-10-19,1982-06-19,1,1,8,0.186047
39,1974-10-19,1982-06-19,1,2,7,0.162791
39,1974-10-19,1982-06-19,1,3,2,0.046512
39,1974-10-19,1982-06-19,1,4,4,0.093023
39,1974-10-19,1982-06-19,1,5,2,0.046512
39,1974-10-19,1982-06-19,1,6,4,0.093023
39,1974-10-19,1982-06-19,1,7,6,0.139535
39,1974-10-19,1982-06-19,1,8,5,0.116279
39,1974-10-19,1982-06-19,1,9,5,0.116279
39,1974-10-19,1982-06-19,2,1,4,0.088889
39,1974-10-19,1982-06-19,2,2,3,0.066667
39,1974-10-19,1982-06-19,2,3,9,0.2
39,1974-10-19,1982-06-19,2,4,5,0.111111
39,1974-10-19,1982-06-19,2,5,4,0.088889
39,1974-10-19,1982-06-19,2,6,4,0.088889
39,1974-10-19,1982-06-19,2,7,6,0.133333
39,1974-10-19,1982-06-19,2,8,5,0.111111
39,1974-10-19,1982-06-19,2,9,5,0.111111
39,1974-10-19,1982-06-19,3,1,7,0.132075
39,1974-10-19,1982-06-19,3,2,4,0.075472
39,1974-10-19,1982-06-19,3,3,8,0.150943
39,1974-10-19,1982-06-19,3,4,5,0.09434
39,1974-10-19,1982-06-19,3,5,3,0.056604
39,1974-10-19,1982-06-19,3,6,6,0.113208
39,1974-10-19,1982-06-19,3,7,8,0.150943
39,1974-10-19,1982-06-19,3,8,5,0.09434
39,1974-10-19,1982-06-19,3,9,7,0.132075
39,1974-10-19,1982-06-19,4,1,2,0.057143
39,1974-10-19,1982-06-19,4,2,4,0.114286
39,1974-10-19,1982-06-19,4,3,7,0.2
39,1974-10-19,1982-06-19,4,4,2,0.057143
39,1974-10-19,1982-06-19,4,5,4,0.114286
39,1974-10-19,1982-06-19,4,6,4,0.114286
39,1974-10-19,1982-06-19,4,7,5,0.142857
39,1974-10-19,1982-06-19,4,8,3,0.085714
39,1974-10-19,1982-06-19,4,9,4,0.114286
39,1974-10-19,1982-06-19,5,1,2,0.055556
39,1974-10-19,1982-06-19,5,2,6,0.166667
39,1974-10-19,1982-06-19,5,3,9,0.25
39,1974-10-19,1982-06-19,5,4,4,0.111111
39,1974-10-19,1982-06-19,5,5,4,0.111111
39,1974-10-19,1982-06-19,5,6,3,0.083333
39,1974-10-19,1982-06-19,5,7,4,0.111111
39,1974-10-19,1982-06-19,5,8,0,0.0
39,1974-10-19,1982-06-19,5,9,4,0.111111
39,1974-10-19,1982-06-19,6,1,6,0.15
39,1974-10-19,1982-06-19,6,2,1,0.025
39,1974-10-19,1982-06-19,6,3,4,0.1
39,1974-10-19,1982-06-19,6,4,2,0.05
39,1974-10-19,1982-06-19,6,5,6,0.15
39,1974-10-19,1982-06-19,6,6,4,0.1
39,1974-10-19,1982-06-19,6,7,6,0.15
39,1974-10-19,1982-06-19,6,8,5,0.125
39,1974-10-19,1982-06-19,6,9,6,0.15
39,1974-10-19,1982-06-19,7,1,4,0.08
39,1974-10-19,1982-06-19,7,2,6,0.12
39,1974-10-19,1982-06-19,7,3,8,0.16
39,1974-10-19,1982-06-19,7,4,5,0.1
39,1974-10-19,1982-06-19,7,5,2,0.04
39,1974-10-19,1982-06-19,7,6,3,0.06
39,1974-10-19,1982-06-19,7,7,6,0.12
39,1974-10-19,1982-06-19,7,8,7,0.14
39,1974-10-19,1982-06-19,7,9,9,0.18
39,1974-10-19,1982-06-19,8,1,6,0.139535
39,1974-10-19,1982-06-19,8,2,7,0.162791
39,1974-10-19,1982-06-19,8,3,2,0.046512
39,1974-10-19,1982-06-19,8,4,2,0.046512
39,1974-10-19,1982-06-19,8,5,3,0.069767
39,1974-10-19,1982-06-19,8,6,6,0.139535
39,1974-10-19,1982-06-19,8,7,3,0.069767
39,1974-10-19,1982-06-19,8,8,6,0.139535
39,1974-10-19,1982-06-19,8,9,8,0.186047
39,1974-10-19,1982-06-19,9,1,4,0.072727
39,1974-10-19,1982-06-19,9,2,7,0.127273
39,1974-10-19,1982-06-19,9,3,4,0.072727
39,1974-10-19,1982-06-19,9,4,7,0.127273
39,1974-10-19,1982-06-19,9,5,8,0.145455
39,1974-10-19,1982-06-19,9,6,6,0.109091
39,1974-10-19,1982-06-19,9,7,6,0.109091
39,1974-10-19,1982-06-19,9,8,7,0.127273
39,1974-10-19,1982-06-19,9,9,6,0.109091
40,1976-09-18,1984-05-19,1,1,9,0.214286
40,1976-09-18,1984-05-19,1,2,4,0.095238
40,1976-09-18,1984-05-19,1,3,2,0.047619
40,1976-09-18,1984-05-19,1,4,6,0.142857
40,1976-09-18,1984-05-19,1,5,3,0.071429
40,1976-09-18,1984-05-19,1,6,4,0.095238
40,1976-09-18,1984-05-19,1,7,6,0.142857
40,1976-09-18,1984-05-19,1,8,3,0.071429
40,1976-09-18,1984-05-19,1,9,5,0.119048
40,1976-09-18,1984-05-19,2,1,6,0.136364
40,1976-09-18,1984-05-19,2,2,3,0.068182
40,1976-09-18,1984-05-19,2,3,6,0.136364
40,1976-09-18,1984-05-19,2,4,5,0.113636
40,1976-09-18,1984-05-19,2,5,3,0.068182
40,1976-09-18,1984-05-19,2,6,6,0.136364
40,1976-09-18,1984-05-19,2,7,7,0.159091
40,1976-09-18,1984-05-19,2,8,4,0.090909
40,1976-09-18,1984-05-19,2,9,4,0.090909
40,1976-09-18,1984-05-19,3,1,7,0.134615
40,1976-09-18,1984-05-19,3,2,5,0.096154
40,1976-09-18,1984-05-19,3,3,9,0.173077
40,1976-09-18,1984-05-19,3,4,5,0.096154
40,1976-09-18,1984-05-19,3,5,3,0.057692
40,1976-09-18,1984-05-19,3,6,5,0.096154
40,1976-09-18,1984-05-19,3,7,6,0.115385
40,1976-09-18,1984-05-19,3,8,4,0.076923
40,1976-09-18,1984-05-19,3,9,8,0.153846
40,1976-09-18,1984-05-19,4,1,1,0.025
40,1976-09-18,1984-05-19,4,2,6,0.15
40,1976-09-18,1984-05-19,4,3,7,0.175
40,1976-09-18,1984-05-19,4,4,3,0.075
40,1976-09-18,1984-05-19,4,5,4,0.1
40,1976-09-18,1984-05-19,4,6,7,0.175
40,1976-09-18,1984-05-19,4,7,5,0.125
40,1976-09-18,1984-05-19,4,8,5,0.125
40,1976-09-18,1984-05-19,4,9,2,0.05
40,1976-09-18,1984-05-19,5,1,2,0.058824
40,1976-09-18,1984-05-19,5,2,3,0.088235
40,1976-09-18,1984-05-19,5,3,7,0.205882
40,1976-09-18,1984-05-19,5,4,4,0.117647
40,1976-09-18,1984-05-19,5,5,4,0.117647
40,1976-09-18,1984-05-19,5,6,4,0.117647
40,1976-09-18,1984-05-19,5,7,4,0.117647
40,1976-09-18,1984-05-19,5,8,1,0.029412
40,1976-09-18,1984-05-19,5,9,5,0.147059
40,1976-09-18,1984-05-19,6,1,4,0.088889
40,1976-09-18,1984-05-19,6,2,2,0.044444
40,1976-09-18,1984-05-19,6,3,5,0.111111
40,1976-09-18,1984-05-19,6,4,2,0.044444
40,1976-09-18,1984-05-19,6,5,8,0.177778
40,1976-09-18,1984-05-19,6,6,4,0.088889
40,1976-09-18,1984-05-19,6,7,10,0.222222
40,1976-09-18,1984-05-19,6,8,6,0.133333
40,1976-09-18,1984-05-19,6,9,4,0.088889
40,1976-09-18,1984-05-19,7,1,2,0.036364
40,1976-09-18,1984-05-19,7,2,5,0.090909
40,1976-09-18,1984-05-19,7,3,10,0.181818
40,1976-09-18,1984-05-19,7,4,8,0.145455
40,1976-09-18,1984-05-19,7,5,4,0.072727
40,1976-09-18,1984-05-19,7,6,3,0.054545
40,1976-09-18,1984-05-19,7,7,7,0.127273
40,1976-09-18,1984-05-19,7,8,8,0.145455
40,1976-09-18,1984-05-19,7,9,8,0.145455
40,1976-09-18,1984-05-19,8,1,7,0.170732
40,1976-09-18,1984-05-19,8,2,7,0.170732
40,1976-09-18,1984-05-19,8,3,3,0.073171
40,1976-09-18,1984-05-19,8,4,2,0.04878
40,1976-09-18,1984-05-19,8,5,1,0.02439
40,1976-09-18,1984-05-19,8,6,6,0.146341
40,1976-09-18,1984-05-19,8,7,4,0.097561
40,1976-09-18,1984-05-19,8,8,5,0.121951
40,1976-09-18,1984-05-19,8,9,6,0.146341
40,1976-09-18,1984-05-19,9,1,4,0.085106
40,1976-09-18,1984-05-19,9,2,8,0.170213
40,1976-09-18,1984-05-19,9,3,3,0.06383
40,1976-09-18,1984-05-19,9,4,6,0.12766
40,1976-09-18,1984-05-19,9,5,4,0.085106
40,1976-09-18,1984-05-19,9,6,6,0.12766
40,1976-09-18,1984-05-19,9,7,6,0.12766
40,1976-09-18,1984-05-19,9,8,5,0.106383
40,1976-09-18,1984-05-19,9,9,5,0.106383
41,1978-08-19,1986-04-19,1,1,7,0.175
41,1978-08-19,1986-04-19,1,2,3,0.075
41,1978-08-19,1986-04-19,1,3,2,0.05
41,1978-08-19,1986-04-19,1,4,8,0.2
41,1978-08-19,1986-04-19,1,5,4,0.1
41,1978-08-19,1986-04-19,1,6,5,0.125
41,1978-08-19,1986-04-19,1,7,4,0.1
41,1978-08-19,1986-04-19,1,8,3,0.075
41,1978-08-19,1986-04-19,1,9,4,0.1
41,1978-08-19,1986-04-19,2,1,6,0.142857
41,1978-08-19,1986-04-19,2,2,4,0.095238
41,1978-08-19,1986-04-19,2,3,6,0.142857
41,1978-08-19,1986-04-19,2,4,8,0.190476
41,1978-08-19,1986-04-19,2,5,2,0.047619
41,1978-08-19,1986-04-19,2,6,6,0.142857
41,1978-08-19,1986-04-19,2,7,6,0.142857
41,1978-08-19,1986-04-19,2,8,2,0.047619
41,1978-08-19,1986-04-19,2,9,2,0.047619
41,1978-08-19,1986-04-19,3,1,5,0.108696
41,1978-08-19,1986-04-19,3,2,3,0.065217
41,1978-08-19,1986-04-19,3,3,7,0.152174
41,1978-08-19,1986-04-19,3,4,4,0.086957
41,1978-08-19,1986-04-19,3,5,4,0.086957
41,1978-08-19,1986-04-19,3,6,2,0.043478
41,1978-08-19,1986-04-19,3,7,9,0.195652
41,1978-08-19,1986-04-19,3,8,4,0.086957
41,1978-08-19,1986-04-19,3,9,8,0.173913
41,1978-08-19,1986-04-19,4,1,3,0.0625
41,1978-08-19,1986-04-19,4,2,10,0.208333
41,1978-08-19,1986-04-19,4,3,6,0.125
41,1978-08-19,1986-04-19,4,4,4,0.083333
41,1978-08-19,1986-04-19,4,5,6,0.125
41,1978-08-19,1986-04-19,4,6,7,0.145833
41,1978-08-19,1986-04-19,4,7,7,0.145833
41,1978-08-19,1986-04-19,4,8,4,0.083333
41,1978-08-19,1986-04-19,4,9,1,0.020833
41,1978-08-19,1986-04-19,5,1,5,0.125
41,1978-08-19,1986-04-19,5,2,4,0.1
41,1978-08-19,1986-04-19,5,3,5,0.125
41,1978-08-19,1986-04-19,5,4,4,0.1
41,1978-08-19,1986-04-19,5,5,3,0.075
41,1978-08-19,1986-04-19,5,6,5,0.125
41,1978-08-19,1986-04-19,5,7,6,0.15
41,1978-08-19,1986-04-19,5,8,3,0.075
41,1978-08-19,1986-04-19,5,9,5,0.125
41,1978-08-19,1986-04-19,6,1,3,0.068182
41,1978-08-19,1986-04-19,6,2,3,0.068182
41,1978-08-19,1986-04-19,6,3,4,0.090909
41,1978-08-19,1986-04-19,6,4,4,0.090909
41,1978-08-19,1986-04-19,6,5,10,0.227273
41,1978-08-19,1986-04-19,6,6,4,0.090909
41,1978-08-19,1986-04-19,6,7,9,0.204545
41,1978-08-19,1986-04-19,6,8,5,0.113636
41,1978-08-19,1986-04-19,6,9,2,0.045455
41,1978-08-19,1986-04-19,7,1,3,0.05
41,1978-08-19,1986-04-19,7,2,4,0.066667
41,1978-08-19,1986-04-19,7,3,10,0.166667
41,1978-08-19,1986-04-19,7,4,10,0.166667
41,1978-08-19,1986-04-19,7,5,7,0.116667
41,1978-08-19,1986-04-19,7,6,4,0.066667
41,1978-08-19,1986-04-19,7,7,7,0.116667
41,1978-08-19,1986-04-19,7,8,8,0.133333
41,1978-08-19,1986-04-19,7,9,7,0.116667
41,1978-08-19,1986-04-19,8,1,7,0.184211
41,1978-08-19,1986-04-19,8,2,5,0.131579
41,1978-08-19,1986-04-19,8,3,5,0.131579
41,1978-08-19,1986-04-19,8,4,1,0.026316
41,1978-08-19,1986-04-19,8,5,1,0.026316
41,1978-08-19,1986-04-19,8,6,5,0.131579
41,1978-08-19,1986-04-19,8,7,5,0.131579
41,1978-08-19,1986-04-19,8,8,3,0.078947
41,1978-08-19,1986-04-19,8,9,6,0.157895
41,1978-08-19,1986-04-19,9,1,2,0.047619
41,1978-08-19,1986-04-19,9,2,6,0.142857
41,1978-08-19,1986-04-19,9,3,1,0.02381
41,1978-08-19,1986-04-19,9,4,5,0.119048
41,1978-08-19,1986-04-19,9,5,3,0.071429
41,1978-08-19,1986-04-19,9,6,6,0.142857
41,1978-08-19,1986-04-19,9,7,6,0.142857
41,1978-08-19,1986-04-19,9,8,6,0.142857
41,1978-08-19,1986-04-19,9,9,7,0.166667
42,1980-07-19,1988-03-19,1,1,5,0.142857
42,1980-07-19,1988-03-19,1,2,1,0.028571
42,1980-07-19,1988-03-19,1,3,3,0.085714
42,1980-07-19,1988-03-19,1,4,8,0.228571
42,1980-07-19,1988-03-19,1,5,5,0.142857
42,1980-07-19,1988-03-19,1,6,5,0.142857
42,1980-07-19,1988-03-19,1,7,3,0.085714
42,1980-07-19,1988-03-19,1,8,3,0.085714
42,1980-07-19,1988-03-19,1,9,2,0.057143
42,1980-07-19,1988-03-19,2,1,6,0.130435
42,1980-07-19,1988-03-19,2,2,4,0.086957
42,1980-07-19,1988-03-19,2,3,4,0.086957
42,1980-07-19,1988-03-19,2,4,8,0.173913
42,1980-07-19,1988-03-19,2,5,5,0.108696
42,1980-07-19,1988-03-19,2,6,7,0.152174
42,1980-07-19,1988-03-19,2,7,8,0.173913
42,1980-07-19,1988-03-19,2,8,2,0.043478
42,1980-07-19,1988-03-19,2,9,2,0.043478
42,1980-07-19,1988-03-19,3,1,3,0.069767
42,1980-07-19,1988-03-19,3,2,4,0.093023
42,1980-07-19,1988-03-19,3,3,4,0.093023
42,1980-07-19,1988-03-19,3,4,4,0.093023
42,1980-07-19,1988-03-19,3,5,4,0.093023
42,1980-07-19,1988-03-19,3,6,4,0.093023
42,1980-07-19,1988-03-19,3,7,8,0.186047
42,1980-07-19,1988-03-19,3,8,5,0.116279
42,1980-07-19,1988-03-19,3,9,7,0.162791
42,1980-07-19,1988-03-19,4,1,3,0.053571
42,1980-07-19,1988-03-19,4,2,12,0.214286
42,1980-07-19,1988-03-19,4,3,6,0.107143
42,1980-07-19,1988-03-19,4,4,5,0.089286
42,1980-07-19,1988-03-19,4,5,7,0.125
42,1980-07-19,1988-03-19,4,6,8,0.142857
42,1980-07-19,1988-03-19,4,7,6,0.107143
42,1980-07-19,1988-03-19,4,8,7,0.125
42,1980-07-19,1988-03-19,4,9,2,0.035714
42,1980-07-19,1988-03-19,5,1,5,0.111111
42,1980-07-19,1988-03-19,5,2,5,0.111111
42,1980-07-19,1988-03-19,5,3,6,0.133333
42,1980-07-19,1988-03-19,5,4,7,0.155556
42,1980-07-19,1988-03-19,5,5,5,0.111111
42,1980-07-19,1988-03-19,5,6,4,0.088889
42,1980-07-19,1988-03-19,5,7,6,0.133333
42,1980-07-19,1988-03-19,5,8,3,0.066667
42,1980-07-19,1988-03-19,5,9,4,0.088889
42,1980-07-19,1988-03-19,6,1,1,0.023256
42,1980-07-19,1988-03-19,6,2,5,0.116279
42,1980-07-19,1988-03-19,6,3,4,0.093023
42,1980-07-19,1988-03-19,6,4,8,0.186047
42,1980-07-19,1988-03-19,6,5,9,0.209302
42,1980-07-19,1988-03-19,6,6,5,0.116279
42,1980-07-19,1988-03-19,6,7,6,0.139535
42,1980-07-19,1988-03-19,6,8,4,0.093023
42,1980-07-19,1988-03-19,6,9,1,0.023256
42,1980-07-19,1988-03-19,7,1,5,0.09434
42,1980-07-19,1988-03-19,7,2,1,0.018868
42,1980-07-19,1988-03-19,7,3,9,0.169811
42,1980-07-19,1988-03-19,7,4,7,0.132075
42,1980-07-19,1988-03-19,7,5,7,0.132075
42,1980-07-19,1988-03-19,7,6,4,0.075472
42,1980-07-19,1988-03-19,7,7,6,0.113208
42,1980-07-19,1988-03-19,7,8,8,0.150943
42,1980-07-19,1988-03-19,7,9,6,0.113208
42,1980-07-19,1988-03-19,8,1,7,0.162791
42,1980-07-19,1988-03-19,8,2,7,0.162791
42,1980-07-19,1988-03-19,8,3,4,0.093023
42,1980-07-19,1988-03-19,8,4,3,0.069767
42,1980-07-19,1988-03-19,8,5,2,0.046512
42,1980-07-19,1988-03-19,8,6,5,0.116279
42,1980-07-19,1988-03-19,8,7,5,0.116279
42,1980-07-19,1988-03-19,8,8,5,0.116279
42,1980-07-19,1988-03-19,8,9,5,0.116279
42,1980-07-19,1988-03-19,9,1,0,0.0
42,1980-07-19,1988-03-19,9,2,7,0.194444
42,1980-07-19,1988-03-19,9,3,3,0.083333
42,1980-07-19,1988-03-19,9,4,5,0.138889
42,1980-07-19,1988-03-19,9,5,1,0.027778
42,1980-07-19,1988-03-19,9,6,2,0.055556
42,1980-07-19,1988-03-19,9,7,5,0.138889
42,1980-07-19,1988-03-19,9,8,6,0.166667
42,1980-07-19,1988-03-19,9,9,7,0.194444
43,1982-06-19,1990-02-17,1,1,2,0.060606
43,1982-06-19,1990-02-17,1,2,1,0.030303
43,1982-06-19,1990-02-17,1,3,4,0.121212
43,1982-06-19,1990-02-17,1,4,4,0.121212
43,1982-06-19,1990-02-17,1,5,5,0.151515
43,1982-06-19,1990-02-17,1,6,4,0.121212
43,1982-06-19,1990-02-17,1,7,5,0.151515
43,1982-06-19,1990-02-17,1,8,4,0.121212
43,1982-06-19,1990-02-17,1,9,4,0.121212
43,1982-06-19,1990-02-17,2,1,7,0.152174
43,1982-06-19,1990-02-17,2,2,3,0.065217
43,1982-06-19,1990-02-17,2,3,7,0.152174
43,1982-06-19,1990-02-17,2,4,6,0.130435
43,1982-06-19,1990-02-17,2,5,6,0.130435
43,1982-06-19,1990-02-17,2,6,5,0.108696
43,1982-06-19,1990-02-17,2,7,7,0.152174
43,1982-06-19,1990-02-17,2,8,2,0.043478
43,1982-06-19,1990-02-17,2,9,3,0.065217
43,1982-06-19,1990-02-17,3,1,2,0.043478
43,1982-06-19,1990-02-17,3,2,5,0.108696
43,1982-06-19,1990-02-17,3,3,6,0.130435
43,1982-06-19,1990-02-17,3,4,4,0.086957
43,1982-06-19,1990-02-17,3,5,6,0.130435
43,1982-06-19,1990-02-17,3,6,2,0.043478
43,1982-06-19,1990-02-17,3,7,8,0.173913
43,1982-06-19,1990-02-17,3,8,5,0.108696
43,1982-06-19,1990-02-17,3,9,8,0.173913
43,1982-06-19,1990-02-17,4,1,5,0.106383
43,1982-06-19,1990-02-17,4,2,10,0.212766
43,1982-06-19,1990-02-17,4,3,3,0.06383
43,1982-06-19,1990-02-17,4,4,4,0.085106
43,1982-06-19,1990-02-17,4,5,6,0.12766
43,1982-06-19,1990-02-17,4,6,6,0.12766
43,1982-06-19,1990-02-17,4,7,5,0.106383
43,1982-06-19,1990-02-17,4,8,7,0.148936
43,1982-06-19,1990-02-17,4,9,1,0.021277
43,1982-06-19,1990-02-17,5,1,6,0.12766
43,1982-06-19,1990-02-17,5,2,5,0.106383
43,1982-06-19,1990-02-17,5,3,5,0.106383
43,1982-06-19,1990-02-17,5,4,8,0.170213
43,1982-06-19,1990-02-17,5,5,4,0.085106
43,1982-06-19,1990-02-17,5,6,5,0.106383
43,1982-06-19,1990-02-17,5,7,4,0.085106
43,1982-06-19,1990-02-17,5,8,4,0.085106
43,1982-06-19,1990-02-17,5,9,6,0.12766
43,1982-06-19,1990-02-17,6,1,1,0.02439
43,1982-06-19,1990-02-17,6,2,5,0.121951
43,1982-06-19,1990-02-17,6,3,6,0.146341
43,1982-06-19,1990-02-17,6,4,6,0.146341
43,1982-06-19,1990-02-17,6,5,8,0.195122
43,1982-06-19,1990-02-17,6,6,4,0.097561
43,1982-06-19,1990-02-17,6,7,4,0.097561
43,1982-06-19,1990-02-17,6,8,6,0.146341
43,1982-06-19,1990-02-17,6,9,1,0.02439
43,1982-06-19,1990-02-17,7,1,3,0.058824
43,1982-06-19,1990-02-17,7,2,3,0.058824
43,1982-06-19,1990-02-17,7,3,6,0.117647
43,1982-06-19,1990-02-17,7,4,6,0.117647
43,1982-06-19,1990-02-17,7,5,7,0.137255
43,1982-06-19,1990-02-17,7,6,4,0.078431
43,1982-06-19,1990-02-17,7,7,6,0.117647
43,1982-06-19,1990-02-17,7,8,8,0.156863
43,1982-06-19,1990-02-17,7,9,8,0.156863
43,1982-06-19,1990-02-17,8,1,7,0.142857
43,1982-06-19,1990-02-17,8,2,7,0.142857
43,1982-06-19,1990-02-17,8,3,4,0.081633
43,1982-06-19,1990-02-17,8,4,5,0.102041
43,1982-06-19,1990-02-17,8,5,2,0.040816
43,1982-06-19,1990-02-17,8,6,8,0.163265
43,1982-06-19,1990-02-17,8,7,5,0.102041
43,1982-06-19,1990-02-17,8,8,7,0.142857
43,1982-06-19,1990-02-17,8,9,4,0.081633
43,1982-06-19,1990-02-17,9,1,0,0.0
43,1982-06-19,1990-02-17,9,2,7,0.175
43,1982-06-19,1990-02-17,9,3,5,0.125
43,1982-06-19,1990-02-17,9,4,4,0.1
43,1982-06-19,1990-02-17,9,5,3,0.075
43,1982-06-19,1990-02-17,9,6,3,0.075
43,1982-06-19,1990-02-17,9,7,7,0.175
43,1982-06-19,1990-02-17,9,8,6,0.15
43,1982-06-19,1990-02-17,9,9,5,0.125
44,1984-05-19,1992-01-18,1,1,2,0.052632
44,1984-05-19,1992-01-18,1,2,4,0.105263
44,1984-05-19,1992-01-18,1,3,4,0.105263
44,1984-05-19,1992-01-18,1,4,2,0.052632
44,1984-05-19,1992-01-18,1,5,5,0.131579
44,1984-05-19,1992-01-18,1,6,4,0.105263
44,1984-05-19,1992-01-18,1,7,7,0.184211
44,1984-05-19,1992-01-18,1,8,5,0.131579
44,1984-05-19,1992-01-18,1,9,5,0.131579
44,1984-05-19,1992-01-18,2,1,6,0.142857
44,1984-05-19,1992-01-18,2,2,2,0.047619
44,1984-05-19,1992-01-18,2,3,8,0.190476
44,1984-05-19,1992-01-18,2,4,5,0.119048
44,1984-05-19,1992-01-18,2,5,6,0.142857
44,1984-05-19,1992-01-18,2,6,4,0.095238
44,1984-05-19,1992-01-18,2,7,6,0.142857
44,1984-05-19,1992-01-18,2,8,2,0.047619
44,1984-05-19,1992-01-18,2,9,3,0.071429
44,1984-05-19,1992-01-18,3,1,2,0.047619
44,1984-05-19,1992-01-18,3,2,4,0.095238
44,1984-05-19,1992-01-18,3,3,5,0.119048
44,1984-05-19,1992-01-18,3,4,4,0.095238
44,1984-05-19,1992-01-18,3,5,5,0.119048
44,1984-05-19,1992-01-18,3,6,2,0.047619
44,1984-05-19,1992-01-18,3,7,10,0.238095
44,1984-05-19,1992-01-18,3,8,4,0.095238
44,1984-05-19,1992-01-18,3,9,6,0.142857
44,1984-05-19,1992-01-18,4,1,6,0.133333
44,1984-05-19,1992-01-18,4,2,7,0.155556
44,1984-05-19,1992-01-18,4,3,1,0.022222
44,1984-05-19,1992-01-18,4,4,5,0.111111
44,1984-05-19,1992-01-18,4,5,8,0.177778
44,1984-05-19,1992-01-18,4,6,4,0.088889
44,1984-05-19,1992-01-18,4,7,5,0.111111
44,1984-05-19,1992-01-18,4,8,7,0.155556
44,1984-05-19,1992-01-18,4,9,2,0.044444
44,1984-05-19,1992-01-18,5,1,6,0.12
44,1984-05-19,1992-01-18,5,2,6,0.12
44,1984-05-19,1992-01-18,5,3,4,0.08
44,1984-05-19,1992-01-18,5,4,9,0.18
44,1984-05-19,1992-01-18,5,5,4,0.08
44,1984-05-19,1992-01-18,5,6,7,0.14
44,1984-05-19,1992-01-18,5,7,5,0.1
44,1984-05-19,1992-01-18,5,8,5,0.1
44,1984-05-19,1992-01-18,5,9,4,0.08
44,1984-05-19,1992-01-18,6,1,2,0.052632
44,1984-05-19,1992-01-18,6,2,4,0.105263
44,1984-05-19,1992-01-18,6,3,5,0.131579
44,1984-05-19,1992-01-18,6,4,6,0.157895
44,1984-05-19,1992-01-18,6,5,7,0.184211
44,1984-05-19,1992-01-18,6,6,6,0.157895
44,1984-05-19,1992-01-18,6,7,2,0.052632
44,1984-05-19,1992-01-18,6,8,5,0.131579
44,1984-05-19,1992-01-18,6,9,1,0.026316
44,1984-05-19,1992-01-18,7,1,7,0.127273
44,1984-05-19,1992-01-18,7,2,4,0.072727
44,1984-05-19,1992-01-18,7,3,3,0.054545
44,1984-05-19,1992-01-18,7,4,4,0.072727
44,1984-05-19,1992-01-18,7,5,8,0.145455
44,1984-05-19,1992-01-18,7,6,3,0.054545
44,1984-05-19,1992-01-18,7,7,9,0.163636
44,1984-05-19,1992-01-18,7,8,9,0.163636
44,1984-05-19,1992-01-18,7,9,8,0.145455
44,1984-05-19,1992-01-18,8,1,6,0.115385
44,1984-05-19,1992-01-18,8,2,5,0.096154
44,1984-05-19,1992-01-18,8,3,4,0.076923
44,1984-05-19,1992-01-18,8,4,6,0.115385
44,1984-05-19,1992-01-18,8,5,3,0.057692
44,1984-05-19,1992-01-18,8,6,6,0.115385
44,1984-05-19,1992-01-18,8,7,7,0.134615
44,1984-05-19,1992-01-18,8,8,10,0.192308
44,1984-05-19,1992-01-18,8,9,5,0.096154
44,1984-05-19,1992-01-18,9,1,1,0.026316
44,1984-05-19,1992-01-18,9,2,6,0.157895
44,1984-05-19,1992-01-18,9,3,8,0.210526
44,1984-05-19,1992-01-18,9,4,3,0.078947
44,1984-05-19,1992-01-18,9,5,4,0.105263
44,1984-05-19,1992-01-18,9,6,2,0.052632
44,1984-05-19,1992-01-18,9,7,4,0.105263
44,1984-05-19,1992-01-18,9,8,6,0.157895
44,1984-05-19,1992-01-18,9,9,4,0.105263
45,1986-04-19,1993-12-18,1,1,2,0.05
45,1986-04-19,1993-12-18,1,2,4,0.1
45,1986-04-19,1993-12-18,1,3,3,0.075
45,1986-04-19,1993-12-18,1,4,0,0.0
45,1986-04-19,1993-12-18,1,5,7,0.175
45,1986-04-19,1993-12-18,1,6,4,0.1
45,1986-04-19,1993-12-18,1,7,9,0.225
45,1986-04-19,1993-12-18,1,8,5,0.125
45,1986-04-19,1993-12-18,1,9,6,0.15
45,1986-04-19,1993-12-18,2,1,7,0.170732
45,1986-04-19,1993-12-18,2,2,0,0.0
45,1986-04-19,1993-12-18,2,3,6,0.146341
45,1986-04-19,1993-12-18,2,4,2,0.04878
45,1986-04-19,1993-12-18,2,5,7,0.170732
45,1986-04-19,1993-12-18,2,6,4,0.097561
45,1986-04-19,1993-12-18,2,7,7,0.170732
45,1986-04-19,1993-12-18,2,8,4,0.097561
45,1986-04-19,1993-12-18,2,9,4,0.097561
45,1986-04-19,1993-12-18,3,1,5,0.116279
45,1986-04-19,1993-12-18,3,2,5,0.116279
45,1986-04-19,1993-12-18,3,3,6,0.139535
45,1986-04-19,1993-12-18,3,4,3,0.069767
45,1986-04-19,1993-12-18,3,5,4,0.093023
45,1986-04-19,1993-12-18,3,6,3,0.069767
45,1986-04-19,1993-12-18,3,7,8,0.186047
45,1986-04-19,1993-12-18,3,8,5,0.116279
45,1986-04-19,1993-12-18,3,9,4,0.093023
45,1986-04-19,1993-12-18,4,1,4,0.111111
45,1986-04-19,1993-12-18,4,2,4,0.111111
45,1986-04-19,1993-12-18,4,3,3,0.083333
45,1986-04-19,1993-12-18,4,4,5,0.138889
45,1986-04-19,1993-12-18,4,5,5,0.138889
45,1986-04-19,1993-12-18,4,6,4,0.111111
45,1986-04-19,1993-12-18,4,7,2,0.055556
45,1986-04-19,1993-12-18,4,8,6,0.166667
45,1986-04-19,1993-12-18,4,9,3,0.083333
45,1986-04-19,1993-12-18,5,1,4,0.088889
45,1986-04-19,1993-12-18,5,2,3,0.066667
45,1986-04-19,1993-12-18,5,3,4,0.088889
45,1986-04-19,1993-12-18,5,4,9,0.2
45,1986-04-19,1993-12-18,5,5,5,0.111111
45,1986-04-19,1993-12-18,5,6,7,0.155556
45,1986-04-19,1993-12-18,5,7,3,0.066667
45,1986-04-19,1993-12-18,5,8,4,0.088889
45,1986-04-19,1993-12-18,5,9,6,0.133333
45,1986-04-19,1993-12-18,6,1,4,0.093023
45,1986-04-19,1993-12-18,6,2,5,0.116279
45,1986-04-19,1993-12-18,6,3,5,0.116279
45,1986-04-19,1993-12-18,6,4,6,0.139535
45,1986-04-19,1993-12-18,6,5,4,0.093023
45,1986-04-19,1993-12-18,6,6,6,0.139535
45,1986-04-19,1993-12-18,6,7,3,0.069767
45,1986-04-19,1993-12-18,6,8,6,0.139535
45,1986-04-19,1993-12-18,6,9,4,0.093023
45,1986-04-19,1993-12-18,7,1,7,0.134615
45,1986-04-19,1993-12-18,7,2,5,0.096154
45,1986-04-19,1993-12-18,7,3,3,0.057692
45,1986-04-19,1993-12-18,7,4,2,0.038462
45,1986-04-19,1993-12-18,7,5,7,0.134615
45,1986-04-19,1993-12-18,7,6,2,0.038462
45,1986-04-19,1993-12-18,7,7,9,0.173077
45,1986-04-19,1993-12-18,7,8,7,0.134615
45,1986-04-19,1993-12-18,7,9,10,0.192308
45,1986-04-19,1993-12-18,8,1,4,0.075472
45,1986-04-19,1993-12-18,8,2,7,0.132075
45,1986-04-19,1993-12-18,8,3,2,0.037736
45,1986-04-19,1993-12-18,8,4,7,0.132075
45,1986-04-19,1993-12-18,8,5,3,0.056604
45,1986-04-19,1993-12-18,8,6,7,0.132075
45,1986-04-19,1993-12-18,8,7,6,0.113208
45,1986-04-19,1993-12-18,8,8,9,0.169811
45,1986-04-19,1993-12-18,8,9,8,0.150943
45,1986-04-19,1993-12-18,9,1,2,0.042553
45,1986-04-19,1993-12-18,9,2,8,0.170213
45,1986-04-19,1993-12-18,9,3,11,0.234043
45,1986-04-19,1993-12-18,9,4,2,0.042553
45,1986-04-19,1993-12-18,9,5,4,0.085106
45,1986-04-19,1993-12-18,9,6,6,0.12766
45,1986-04-19,1993-12-18,9,7,5,0.106383
45,1986-04-19,1993-12-18,9,8,7,0.148936
45,1986-04-19,1993-12-18,9,9,2,0.042553
46,1988-03-19,1995-11-18,1,1,6,0.115385
46,1988-03-19,1995-11-18,1,2,3,0.057692
46,1988-03-19,1995-11-18,1,3,2,0.038462
46,1988-03-19,1995-11-18,1,4,5,0.096154
46,1988-03-19,1995-11-18,1,5,8,0.153846
46,1988-03-19,1995-11-18,1,6,4,0.076923
46,1988-03-19,1995-11-18,1,7,11,0.211538
46,1988-03-19,1995-11-18,1,8,6,0.115385
46,1988-03-19,1995-11-18,1,9,7,0.134615
46,1988-03-19,1995-11-18,2,1,8,0.210526
46,1988-03-19,1995-11-18,2,2,2,0.052632
46,1988-03-19,1995-11-18,2,3,5,0.131579
46,1988-03-19,1995-11-18,2,4,1,0.026316
46,1988-03-19,1995-11-18,2,5,3,0.078947
46,1988-03-19,1995-11-18,2,6,5,0.131579
46,1988-03-19,1995-11-18,2,7,6,0.157895
46,1988-03-19,1995-11-18,2,8,3,0.078947
46,1988-03-19,1995-11-18,2,9,5,0.131579
46,1988-03-19,1995-11-18,3,1,5,0.128205
46,1988-03-19,1995-11-18,3,2,5,0.128205
46,1988-03-19,1995-11-18,3,3,6,0.153846
46,1988-03-19,1995-11-18,3,4,2,0.051282
46,1988-03-19,1995-11-18,3,5,6,0.153846
46,1988-03-19,1995-11-18,3,6,1,0.025641
46,1988-03-19,1995-11-18,3,7,6,0.153846
46,1988-03-19,1995-11-18,3,8,5,0.128205
46,1988-03-19,1995-11-18,3,9,3,0.076923
46,1988-03-19,1995-11-18,4,1,7,0.2
46,1988-03-19,1995-11-18,4,2,2,0.057143
46,1988-03-19,1995-11-18,4,3,5,0.142857
46,1988-03-19,1995-11-18,4,4,5,0.142857
46,1988-03-19,1995-11-18,4,5,4,0.114286
46,1988-03-19,1995-11-18,4,6,3,0.085714
46,1988-03-19,1995-11-18,4,7,3,0.085714
46,1988-03-19,1995-11-18,4,8,4,0.114286
46,1988-03-19,1995-11-18,4,9,2,0.057143
46,1988-03-19,1995-11-18,5,1,4,0.088889
46,1988-03-19,1995-11-18,5,2,4,0.088889
46,1988-03-19,1995-11-18,5,3,2,0.044444
46,1988-03-19,1995-11-18,5,4,7,0.155556
46,1988-03-19,1995-11-18,5,5,6,0.133333
46,1988-03-19,1995-11-18,5,6,5,0.111111
46,1988-03-19,1995-11-18,5,7,4,0.088889
46,1988-03-19,1995-11-18,5,8,5,0.111111
46,1988-03-19,1995-11-18,5,9,8,0.177778
46,1988-03-19,1995-11-18,6,1,6,0.157895
46,1988-03-19,1995-11-18,6,2,4,0.105263
46,1988-03-19,1995-11-18,6,3,6,0.157895
46,1988-03-19,1995-11-18,6,4,3,0.078947
46,1988-03-19,1995-11-18,6,5,3,0.078947
46,1988-03-19,1995-11-18,6,6,3,0.078947
46,1988-03-19,1995-11-18,6,7,4,0.105263
46,1988-03-19,1995-11-18,6,8,5,0.131579
46,1988-03-19,1995-11-18,6,9,4,0.105263
46,1988-03-19,1995-11-18,7,1,8,0.142857
46,1988-03-19,1995-11-18,7,2,7,0.125
46,1988-03-19,1995-11-18,7,3,3,0.053571
46,1988-03-19,1995-11-18,7,4,4,0.071429
46,1988-03-19,1995-11-18,7,5,7,0.125
46,1988-03-19,1995-11-18,7,6,1,0.017857
46,1988-03-19,1995-11-18,7,7,8,0.142857
46,1988-03-19,1995-11-18,7,8,5,0.089286
46,1988-03-19,1995-11-18,7,9,13,0.232143
46,1988-03-19,1995-11-18,8,1,6,0.125
46,1988-03-19,1995-11-18,8,2,5,0.104167
46,1988-03-19,1995-11-18,8,3,2,0.041667
46,1988-03-19,1995-11-18,8,4,6,0.125
46,1988-03-19,1995-11-18,8,5,3,0.0625
46,1988-03-19,1995-11-18,8,6,8,0.166667
46,1988-03-19,1995-11-18,8,7,6,0.125
46,1988-03-19,1995-11-18,8,8,6,0.125
46,1988-03-19,1995-11-18,8,9,6,0.125
46,1988-03-19,1995-11-18,9,1,2,0.040816
46,1988-03-19,1995-11-18,9,2,6,0.122449
46,1988-03-19,1995-11-18,9,3,9,0.183673
46,1988-03-19,1995-11-18,9,4,2,0.040816
46,1988-03-19,1995-11-18,9,5,5,0.102041
46,1988-03-19,1995-11-18,9,6,7,0.142857
46,1988-03-19,1995-11-18,9,7,8,0.163265
46,1988-03-19,1995-11-18,9,8,9,0.183673
46,1988-03-19,1995-11-18,9,9,1,0.020408
47,1990-02-17,1997-06-28,1,1,8,0.142857
47,1990-02-17,1997-06-28,1,2,5,0.089286
47,1990-02-17,1997-06-28,1,3,1,0.017857
47,1990-02-17,1997-06-28,1,4,6,0.107143
47,1990-02-17,1997-06-28,1,5,9,0.160714
47,1990-02-17,1997-06-28,1,6,4,0.071429
47,1990-02-17,1997-06-28,1,7,12,0.214286
47,1990-02-17,1997-06-28,1,8,6,0.107143
47,1990-02-17,1997-06-28,1,9,5,0.089286
47,1990-02-17,1997-06-28,2,1,8,0.205128
47,1990-02-17,1997-06-28,2,2,4,0.102564
47,1990-02-17,1997-06-28,2,3,4,0.102564
47,1990-02-17,1997-06-28,2,4,2,0.051282
47,1990-02-17,1997-06-28,2,5,3,0.076923
47,1990-02-17,1997-06-28,2,6,5,0.128205
47,1990-02-17,1997-06-28,2,7,5,0.128205
47,1990-02-17,1997-06-28,2,8,4,0.102564
47,1990-02-17,1997-06-28,2,9,4,0.102564
47,1990-02-17,1997-06-28,3,1,4,0.108108
47,1990-02-17,1997-06-28,3,2,6,0.162162
47,1990-02-17,1997-06-28,3,3,8,0.216216
47,1990-02-17,1997-06-28,3,4,2,0.054054
47,1990-02-17,1997-06-28,3,5,5,0.135135
47,1990-02-17,1997-06-28,3,6,3,0.081081
47,1990-02-17,1997-06-28,3,7,4,0.108108
47,1990-02-17,1997-06-28,3,8,3,0.081081
47,1990-02-17,1997-06-28,3,9,2,0.054054
47,1990-02-17,1997-06-28,4,1,5,0.131579
47,1990-02-17,1997-06-28,4,2,2,0.052632
47,1990-02-17,1997-06-28,4,3,7,0.184211
47,1990-02-17,1997-06-28,4,4,5,0.131579
47,1990-02-17,1997-06-28,4,5,6,0.157895
47,1990-02-17,1997-06-28,4,6,5,0.131579
47,1990-02-17,1997-06-28,4,7,3,0.078947
47,1990-02-17,1997-06-28,4,8,3,0.078947
47,1990-02-17,1997-06-28,4,9,2,0.052632
47,1990-02-17,1997-06-28,5,1,5,0.106383
47,1990-02-17,1997-06-28,5,2,4,0.085106
47,1990-02-17,1997-06-28,5,3,2,0.042553
47,1990-02-17,1997-06-28,5,4,6,0.12766
47,1990-02-17,1997-06-28,5,5,8,0.170213
47,1990-02-17,1997-06-28,5,6,6,0.12766
47,1990-02-17,1997-06-28,5,7,5,0.106383
47,1990-02-17,1997-06-28,5,8,5,0.106383
47,1990-02-17,1997-06-28,5,9,6,0.12766
47,1990-02-17,1997-06-28,6,1,6,0.139535
47,1990-02-17,1997-06-28,6,2,4,0.093023
47,1990-02-17,1997-06-28,6,3,3,0.069767
47,1990-02-17,1997-06-28,6,4,4,0.093023
47,1990-02-17,1997-06-28,6,5,3,0.069767
47,1990-02-17,1997-06-28,6,6,6,0.139535
47,1990-02-17,1997-06-28,6,7,8,0.186047
47,1990-02-17,1997-06-28,6,8,4,0.093023
47,1990-02-17,1997-06-28,6,9,5,0.116279
47,1990-02-17,1997-06-28,7,1,9,0.163636
47,1990-02-17,1997-06-28,7,2,4,0.072727
47,1990-02-17,1997-06-28,7,3,3,0.054545
47,1990-02-17,1997-06-28,7,4,6,0.109091
47,1990-02-17,1997-06-28,7,5,7,0.127273
47,1990-02-17,1997-06-28,7,6,2,0.036364
47,1990-02-17,1997-06-28,7,7,8,0.145455
47,1990-02-17,1997-06-28,7,8,6,0.109091
47,1990-02-17,1997-06-28,7,9,10,0.181818
47,1990-02-17,1997-06-28,8,1,8,0.186047
47,1990-02-17,1997-06-28,8,2,4,0.093023
47,1990-02-17,1997-06-28,8,3,2,0.046512
47,1990-02-17,1997-06-28,8,4,4,0.093023
47,1990-02-17,1997-06-28,8,5,3,0.069767
47,1990-02-17,1997-06-28,8,6,6,0.139535
47,1990-02-17,1997-06-28,8,7,6,0.139535
47,1990-02-17,1997-06-28,8,8,4,0.093023
47,1990-02-17,1997-06-28,8,9,6,0.139535
47,1990-02-17,1997-06-28,9,1,3,0.071429
47,1990-02-17,1997-06-28,9,2,6,0.142857
47,1990-02-17,1997-06-28,9,3,7,0.166667
47,1990-02-17,1997-06-28,9,4,2,0.047619
47,1990-02-17,1997-06-28,9,5,3,0.071429
47,1990-02-17,1997-06-28,9,6,6,0.142857
47,1990-02-17,1997-06-28,9,7,5,0.119048
47,1990-02-17,1997-06-28,9,8,8,0.190476
47,1990-02-17,1997-06-28,9,9,2,0.047619
48,1992-01-18,1998-06-13,1,1,7,0.125
48,1992-01-18,1998-06-13,1,2,3,0.053571
48,1992-01-18,1998-06-13,1,3,4,0.071429
48,1992-01-18,1998-06-13,1,4,8,0.142857
48,1992-01-18,1998-06-13,1,5,10,0.178571
48,1992-01-18,1998-06-13,1,6,3,0.053571
48,1992-01-18,1998-06-13,1,7,11,0.196429
48,1992-01-18,1998-06-13,1,8,6,0.107143
48,1992-01-18,1998-06-13,1,9,4,0.071429
48,1992-01-18,1998-06-13,2,1,7,0.189189
48,1992-01-18,1998-06-13,2,2,4,0.108108
48,1992-01-18,1998-06-13,2,3,3,0.081081
48,1992-01-18,1998-06-13,2,4,4,0.108108
48,1992-01-18,1998-06-13,2,5,4,0.108108
48,1992-01-18,1998-06-13,2,6,4,0.108108
48,1992-01-18,1998-06-13,2,7,4,0.108108
48,1992-01-18,1998-06-13,2,8,4,0.108108
48,1992-01-18,1998-06-13,2,9,3,0.081081
48,1992-01-18,1998-06-13,3,1,7,0.170732
48,1992-01-18,1998-06-13,3,2,5,0.121951
48,1992-01-18,1998-06-13,3,3,7,0.170732
48,1992-01-18,1998-06-13,3,4,2,0.04878
48,1992-01-18,1998-06-13,3,5,4,0.097561
48,1992-01-18,1998-06-13,3,6,4,0.097561
48,1992-01-18,1998-06-13,3,7,6,0.146341
48,1992-01-18,1998-06-13,3,8,3,0.073171
48,1992-01-18,1998-06-13,3,9,3,0.073171
48,1992-01-18,1998-06-13,4,1,5,0.119048
48,1992-01-18,1998-06-13,4,2,3,0.071429
48,1992-01-18,1998-06-13,4,3,9,0.214286
48,1992-01-18,1998-06-13,4,4,5,0.119048
48,1992-01-18,1998-06-13,4,5,7,0.166667
48,1992-01-18,1998-06-13,4,6,5,0.119048
48,1992-01-18,1998-06-13,4,7,5,0.119048
48,1992-01-18,1998-06-13,4,8,1,0.02381
48,1992-01-18,1998-06-13,4,9,2,0.047619
48,1992-01-18,1998-06-13,5,1,6,0.130435
48,1992-01-18,1998-06-13,5,2,3,0.065217
48,1992-01-18,1998-06-13,5,3,4,0.086957
48,1992-01-18,1998-06-13,5,4,7,0.152174
48,1992-01-18,1998-06-13,5,5,8,0.173913
48,1992-01-18,1998-06-13,5,6,4,0.086957
48,1992-01-18,1998-06-13,5,7,4,0.086957
48,1992-01-18,1998-06-13,5,8,4,0.086957
48,1992-01-18,1998-06-13,5,9,6,0.130435
48,1992-01-18,1998-06-13,6,1,8,0.177778
48,1992-01-18,1998-06-13,6,2,5,0.111111
48,1992-01-18,1998-06-13,6,3,5,0.111111
48,1992-01-18,1998-06-13,6,4,4,0.088889
48,1992-01-18,1998-06-13,6,5,2,0.044444
48,1992-01-18,1998-06-13,6,6,5,0.111111
48,1992-01-18,1998-06-13,6,7,6,0.133333
48,1992-01-18,1998-06-13,6,8,5,0.111111
48,1992-01-18,1998-06-13,6,9,5,0.111111
48,1992-01-18,1998-06-13,7,1,6,0.122449
48,1992-01-18,1998-06-13,7,2,4,0.081633
48,1992-01-18,1998-06-13,7,3,3,0.061224
48,1992-01-18,1998-06-13,7,4,6,0.122449
48,1992-01-18,1998-06-13,7,5,6,0.122449
48,1992-01-18,1998-06-13,7,6,3,0.061224
48,1992-01-18,1998-06-13,7,7,4,0.081633
48,1992-01-18,1998-06-13,7,8,5,0.102041
48,1992-01-18,1998-06-13,7,9,12,0.244898
48,1992-01-18,1998-06-13,8,1,7,0.179487
48,1992-01-18,1998-06-13,8,2,5,0.128205
48,1992-01-18,1998-06-13,8,3,2,0.051282
48,1992-01-18,1998-06-13,8,4,3,0.076923
48,1992-01-18,1998-06-13,8,5,2,0.051282
48,1992-01-18,1998-06-13,8,6,9,0.230769
48,1992-01-18,1998-06-13,8,7,3,0.076923
48,1992-01-18,1998-06-13,8,8,2,0.051282
48,1992-01-18,1998-06-13,8,9,6,0.153846
48,1992-01-18,1998-06-13,9,1,3,0.066667
48,1992-01-18,1998-06-13,9,2,5,0.111111
48,1992-01-18,1998-06-13,9,3,5,0.111111
48,1992-01-18,1998-06-13,9,4,3,0.066667
48,1992-01-18,1998-06-13,9,5,3,0.066667
48,1992-01-18,1998-06-13,9,6,8,0.177778
48,1992-01-18,1998-06-13,9,7,6,0.133333
48,1992-01-18,1998-06-13,9,8,8,0.177778
48,1992-01-18,1998-06-13,9,9,4,0.088889
49,1993-12-18,1999-05-29,1,1,8,0.142857
49,1993-12-18,1999-05-29,1,2,4,0.071429
49,1993-12-18,1999-05-29,1,3,5,0.089286
49,1993-12-18,1999-05-29,1,4,9,0.160714
49,1993-12-18,1999-05-29,1,5,8,0.142857
49,1993-12-18,1999-05-29,1,6,3,0.053571
49,1993-12-18,1999-05-29,1,7,9,0.160714
49,1993-12-18,1999-05-29,1,8,4,0.071429
49,1993-12-18,1999-05-29,1,9,6,0.107143
49,1993-12-18,1999-05-29,2,1,6,0.171429
49,1993-12-18,1999-05-29,2,2,4,0.114286
49,1993-12-18,1999-05-29,2,3,4,0.114286
49,1993-12-18,1999-05-29,2,4,4,0.114286
49,1993-12-18,1999-05-29,2,5,4,0.114286
49,1993-12-18,1999-05-29,2,6,6,0.171429
49,1993-12-18,1999-05-29,2,7,4,0.114286
49,1993-12-18,1999-05-29,2,8,2,0.057143
49,1993-12-18,1999-05-29,2,9,1,0.028571
49,1993-12-18,1999-05-29,3,1,4,0.105263
49,1993-12-18,1999-05-29,3,2,4,0.105263
49,1993-12-18,1999-05-29,3,3,5,0.131579
49,1993-12-18,1999-05-29,3,4,3,0.078947
49,1993-12-18,1999-05-29,3,5,4,0.105263
49,1993-12-18,1999-05-29,3,6,4,0.105263
49,1993-12-18,1999-05-29,3,7,6,0.157895
49,1993-12-18,1999-05-29,3,8,4,0.105263
49,1993-12-18,1999-05-29,3,9,4,0.105263
49,1993-12-18,1999-05-29,4,1,5,0.104167
49,1993-12-18,1999-05-29,4,2,4,0.083333
49,1993-12-18,1999-05-29,4,3,8,0.166667
49,1993-12-18,1999-05-29,4,4,5,0.104167
49,1993-12-18,1999-05-29,4,5,7,0.145833
49,1993-12-18,1999-05-29,4,6,9,0.1875
49,1993-12-18,1999-05-29,4,7,5,0.104167
49,1993-12-18,1999-05-29,4,8,4,0.083333
49,1993-12-18,1999-05-29,4,9,1,0.020833
49,1993-12-18,1999-05-29,5,1,6,0.130435
49,1993-12-18,1999-05-29,5,2,3,0.065217
49,1993-12-18,1999-05-29,5,3,2,0.043478
49,1993-12-18,1999-05-29,5,4,8,0.173913
49,1993-12-18,1999-05-29,5,5,8,0.173913
49,1993-12-18,1999-05-29,5,6,4,0.086957
49,1993-12-18,1999-05-29,5,7,4,0.086957
49,1993-12-18,1999-05-29,5,8,7,0.152174
49,1993-12-18,1999-05-29,5,9,4,0.086957
49,1993-12-18,1999-05-29,6,1,10,0.196078
49,1993-12-18,1999-05-29,6,2,5,0.098039
49,1993-12-18,1999-05-29,6,3,5,0.098039
49,1993-12-18,1999-05-29,6,4,4,0.078431
49,1993-12-18,1999-05-29,6,5,4,0.078431
49,1993-12-18,1999-05-29,6,6,5,0.098039
49,1993-12-18,1999-05-29,6,7,9,0.176471
49,1993-12-18,1999-05-29,6,8,5,0.098039
49,1993-12-18,1999-05-29,6,9,4,0.078431
49,1993-12-18,1999-05-29,7,1,7,0.145833
49,1993-12-18,1999-05-29,7,2,4,0.083333
49,1993-12-18,1999-05-29,7,3,3,0.0625
49,1993-12-18,1999-05-29,7,4,7,0.145833
49,1993-12-18,1999-05-29,7,5,4,0.083333
49,1993-12-18,1999-05-29,7,6,4,0.083333
49,1993-12-18,1999-05-29,7,7,4,0.083333
49,1993-12-18,1999-05-29,7,8,5,0.104167
49,1993-12-18,1999-05-29,7,9,10,0.208333
49,1993-12-18,1999-05-29,8,1,7,0.184211
49,1993-12-18,1999-05-29,8,2,3,0.078947
49,1993-12-18,1999-05-29,8,3,2,0.052632
49,1993-12-18,1999-05-29,8,4,4,0.105263
49,1993-12-18,1999-05-29,8,5,3,0.078947
49,1993-12-18,1999-05-29,8,6,10,0.263158
49,1993-12-18,1999-05-29,8,7,2,0.052632
49,1993-12-18,1999-05-29,8,8,2,0.052632
49,1993-12-18,1999-05-29,8,9,5,0.131579
49,1993-12-18,1999-05-29,9,1,3,0.075
49,1993-12-18,1999-05-29,9,2,4,0.1
49,1993-12-18,1999-05-29,9,3,4,0.1
49,1993-12-18,1999-05-29,9,4,4,0.1
49,1993-12-18,1999-05-29,9,5,3,0.075
49,1993-12-18,1999-05-29,9,6,6,0.15
49,1993-12-18,1999-05-29,9,7,5,0.125
49,1993-12-18,1999-05-29,9,8,6,0.15
49,1993-12-18,1999-05-29,9,9,5,0.125
50,1995-11-18,2000-05-13,1,1,5,0.106383
50,1995-11-18,2000-05-13,1,2,5,0.106383
50,1995-11-18,2000-05-13,1,3,5,0.106383
50,1995-11-18,2000-05-13,1,4,7,0.148936
50,1995-11-18,2000-05-13,1,5,7,0.148936
50,1995-11-18,2000-05-13,1,6,3,0.06383
50,1995-11-18,2000-05-13,1,7,8,0.170213
50,1995-11-18,2000-05-13,1,8,3,0.06383
50,1995-11-18,2000-05-13,1,9,4,0.085106
50,1995-11-18,2000-05-13,2,1,4,0.125
50,1995-11-18,2000-05-13,2,2,3,0.09375
50,1995-11-18,2000-05-13,2,3,4,0.125
50,1995-11-18,2000-05-13,2,4,6,0.1875
50,1995-11-18,2000-05-13,2,5,4,0.125
50,1995-11-18,2000-05-13,2,6,4,0.125
50,1995-11-18,2000-05-13,2,7,3,0.09375
50,1995-11-18,2000-05-13,2,8,3,0.09375
50,1995-11-18,2000-05-13,2,9,1,0.03125
50,1995-11-18,2000-05-13,3,1,5,0.125
50,1995-11-18,2000-05-13,3,2,3,0.075
50,1995-11-18,2000-05-13,3,3,5,0.125
50,1995-11-18,2000-05-13,3,4,4,0.1
50,1995-11-18,2000-05-13,3,5,3,0.075
50,1995-11-18,2000-05-13,3,6,6,0.15
50,1995-11-18,2000-05-13,3,7,6,0.15
50,1995-11-18,2000-05-13,3,8,3,0.075
50,1995-11-18,2000-05-13,3,9,5,0.125
50,1995-11-18,2000-05-13,4,1,5,0.104167
50,1995-11-18,2000-05-13,4,2,5,0.104167
50,1995-11-18,2000-05-13,4,3,5,0.104167
50,1995-11-18,2000-05-13,4,4,5,0.104167
50,1995-11-18,2000-05-13,4,5,8,0.166667
50,1995-11-18,2000-05-13,4,6,11,0.229167
50,1995-11-18,2000-05-13,4,7,3,0.0625
50,1995-11-18,2000-05-13,4,8,5,0.104167
50,1995-11-18,2000-05-13,4,9,1,0.020833
50,1995-11-18,2000-05-13,5,1,6,0.122449
50,1995-11-18,2000-05-13,5,2,1,0.020408
50,1995-11-18,2000-05-13,5,3,4,0.081633
50,1995-11-18,2000-05-13,5,4,9,0.183673
50,1995-11-18,2000-05-13,5,5,9,0.183673
50,1995-11-18,2000-05-13,5,6,4,0.081633
50,1995-11-18,2000-05-13,5,7,3,0.061224
50,1995-11-18,2000-05-13,5,8,10,0.204082
50,1995-11-18,2000-05-13,5,9,3,0.061224
50,1995-11-18,2000-05-13,6,1,9,0.160714
50,1995-11-18,2000-05-13,6,2,6,0.107143
50,1995-11-18,2000-05-13,6,3,4,0.071429
50,1995-11-18,2000-05-13,6,4,4,0.071429
50,1995-11-18,2000-05-13,6,5,4,0.071429
50,1995-11-18,2000-05-13,6,6,7,0.125
50,1995-11-18,2000-05-13,6,7,10,0.178571
50,1995-11-18,2000-05-13,6,8,7,0.125
50,1995-11-18,2000-05-13,6,9,5,0.089286
50,1995-11-18,2000-05-13,7,1,4,0.086957
50,1995-11-18,2000-05-13,7,2,2,0.043478
50,1995-11-18,2000-05-13,7,3,3,0.065217
50,1995-11-18,2000-05-13,7,4,6,0.130435
50,1995-11-18,2000-05-13,7,5,7,0.152174
50,1995-11-18,2000-05-13,7,6,6,0.130435
50,1995-11-18,2000-05-13,7,7,6,0.130435
50,1995-11-18,2000-05-13,7,8,6,0.130435
50,1995-11-18,2000-05-13,7,9,6,0.130435
50,1995-11-18,2000-05-13,8,1,5,0.113636
50,1995-11-18,2000-05-13,8,2,4,0.090909
50,1995-11-18,2000-05-13,8,3,5,0.113636
50,1995-11-18,2000-05-13,8,4,5,0.113636
50,1995-11-18,2000-05-13,8,5,3,0.068182
50,1995-11-18,2000-05-13,8,6,10,0.227273
50,1995-11-18,2000-05-13,8,7,2,0.045455
50,1995-11-18,2000-05-13,8,8,3,0.068182
50,1995-11-18,2000-05-13,8,9,7,0.159091
50,1995-11-18,2000-05-13,9,1,4,0.105263
50,1995-11-18,2000-05-13,9,2,3,0.078947
50,1995-11-18,2000-05-13,9,3,4,0.105263
50,1995-11-18,2000-05-13,9,4,3,0.078947
50,1995-11-18,2000-05-13,9,5,4,0.105263
50,1995-11-18,2000-05-13,9,6,5,0.131579
50,1995-11-18,2000-05-13,9,7,5,0.131579
50,1995-11-18,2000-05-13,9,8,4,0.105263
50,1995-11-18,2000-05-13,9,9,6,0.157895
51,1997-06-28,2001-04-28,1,1,4,0.083333
51,1997-06-28,2001-04-28,1,2,3,0.0625
51,1997-06-28,2001-04-28,1,3,8,0.166667
51,1997-06-28,2001-04-28,1,4,6,0.125
51,1997-06-28,2001-04-28,1,5,5,0.104167
51,1997-06-28,2001-04-28,1,6,8,0.166667
51,1997-06-28,2001-04-28,1,7,6,0.125
51,1997-06-28,2001-04-28,1,8,4,0.083333
51,1997-06-28,2001-04-28,1,9,4,0.083333
51,1997-06-28,2001-04-28,2,1,3,0.1
51,1997-06-28,2001-04-28,2,2,2,0.066667
51,1997-06-28,2001-04-28,2,3,4,0.133333
51,1997-06-28,2001-04-28,2,4,6,0.2
51,1997-06-28,2001-04-28,2,5,4,0.133333
51,1997-06-28,2001-04-28,2,6,5,0.166667
51,1997-06-28,2001-04-28,2,7,3,0.1
51,1997-06-28,2001-04-28,2,8,1,0.033333
51,1997-06-28,2001-04-28,2,9,2,0.066667
51,1997-06-28,2001-04-28,3,1,8,0.195122
51,1997-06-28,2001-04-28,3,2,2,0.04878
51,1997-06-28,2001-04-28,3,3,2,0.04878
51,1997-06-28,2001-04-28,3,4,5,0.121951
51,1997-06-28,2001-04-28,3,5,5,0.121951
51,1997-06-28,2001-04-28,3,6,5,0.121951
51,1997-06-28,2001-04-28,3,7,5,0.121951
51,1997-06-28,2001-04-28,3,8,3,0.073171
51,1997-06-28,2001-04-28,3,9,6,0.146341
51,1997-06-28,2001-04-28,4,1,5,0.104167
51,1997-06-28,2001-04-28,4,2,6,0.125
51,1997-06-28,2001-04-28,4,3,5,0.104167
51,1997-06-28,2001-04-28,4,4,5,0.104167
51,1997-06-28,2001-04-28,4,5,7,0.145833
51,1997-06-28,2001-04-28,4,6,8,0.166667
51,1997-06-28,2001-04-28,4,7,4,0.083333
51,1997-06-28,2001-04-28,4,8,6,0.125
51,1997-06-28,2001-04-28,4,9,2,0.041667
51,1997-06-28,2001-04-28,5,1,6,0.12
51,1997-06-28,2001-04-28,5,2,2,0.04
51,1997-06-28,2001-04-28,5,3,5,0.1
51,1997-06-28,2001-04-28,5,4,10,0.2
51,1997-06-28,2001-04-28,5,5,8,0.16
51,1997-06-28,2001-04-28,5,6,2,0.04
51,1997-06-28,2001-04-28,5,7,5,0.1
51,1997-06-28,2001-04-28,5,8,9,0.18
51,1997-06-28,2001-04-28,5,9,3,0.06
51,1997-06-28,2001-04-28,6,1,9,0.169811
51,1997-06-28,2001-04-28,6,2,5,0.09434
51,1997-06-28,2001-04-28,6,3,5,0.09434
51,1997-06-28,2001-04-28,6,4,3,0.056604
51,1997-06-28,2001-04-28,6,5,5,0.09434
51,1997-06-28,2001-04-28,6,6,5,0.09434
51,1997-06-28,2001-04-28,6,7,7,0.132075
51,1997-06-28,2001-04-28,6,8,10,0.188679
51,1997-06-28,2001-04-28,6,9,4,0.075472
51,1997-06-28,2001-04-28,7,1,5,0.116279
51,1997-06-28,2001-04-28,7,2,3,0.069767
51,1997-06-28,2001-04-28,7,3,3,0.069767
51,1997-06-28,2001-04-28,7,4,4,0.093023
51,1997-06-28,2001-04-28,7,5,6,0.139535
51,1997-06-28,2001-04-28,7,6,7,0.162791
51,1997-06-28,2001-04-28,7,7,4,0.093023
51,1997-06-28,2001-04-28,7,8,6,0.139535
51,1997-06-28,2001-04-28,7,9,5,0.116279
51,1997-06-28,2001-04-28,8,1,3,0.065217
51,1997-06-28,2001-04-28,8,2,4,0.086957
51,1997-06-28,2001-04-28,8,3,6,0.130435
51,1997-06-28,2001-04-28,8,4,5,0.108696
51,1997-06-28,2001-04-28,8,5,5,0.108696
51,1997-06-28,2001-04-28,8,6,9,0.195652
51,1997-06-28,2001-04-28,8,7,3,0.065217
51,1997-06-28,2001-04-28,8,8,3,0.065217
51,1997-06-28,2001-04-28,8,9,8,0.173913
51,1997-06-28,2001-04-28,9,1,5,0.121951
51,1997-06-28,2001-04-28,9,2,3,0.073171
51,1997-06-28,2001-04-28,9,3,3,0.073171
51,1997-06-28,2001-04-28,9,4,4,0.097561
51,1997-06-28,2001-04-28,9,5,5,0.121951
51,1997-06-28,2001-04-28,9,6,4,0.097561
51,1997-06-28,2001-04-28,9,7,6,0.146341
51,1997-06-28,2001-04-28,9,8,4,0.097561
51,1997-06-28,2001-04-28,9,9,7,0.170732
52,1998-06-13,2002-04-10,1,1,3,0.069767
52,1998-06-13,2002-04-10,1,2,2,0.046512
52,1998-06-13,2002-04-10,1,3,7,0.162791
52,1998-06-13,2002-04-10,1,4,8,0.186047
52,1998-06-13,2002-04-10,1,5,2,0.046512
52,1998-06-13,2002-04-10,1,6,8,0.186047
52,1998-06-13,2002-04-10,1,7,5,0.116279
52,1998-06-13,2002-04-10,1,8,4,0.093023
52,1998-06-13,2002-04-10,1,9,4,0.093023
52,1998-06-13,2002-04-10,2,1,3,0.09375
52,1998-06-13,2002-04-10,2,2,2,0.0625
52,1998-06-13,2002-04-10,2,3,4,0.125
52,1998-06-13,2002-04-10,2,4,5,0.15625
52,1998-06-13,2002-04-10,2,5,4,0.125
52,1998-06-13,2002-04-10,2,6,5,0.15625
52,1998-06-13,2002-04-10,2,7,4,0.125
52,1998-06-13,2002-04-10,2,8,3,0.09375
52,1998-06-13,2002-04-10,2,9,2,0.0625
52,1998-06-13,2002-04-10,3,1,9,0.2
52,1998-06-13,2002-04-10,3,2,2,0.044444
52,1998-06-13,2002-04-10,3,3,3,0.066667
52,1998-06-13,2002-04-10,3,4,6,0.133333
52,1998-06-13,2002-04-10,3,5,8,0.177778
52,1998-06-13,2002-04-10,3,6,5,0.111111
52,1998-06-13,2002-04-10,3,7,2,0.044444
52,1998-06-13,2002-04-10,3,8,2,0.044444
52,1998-06-13,2002-04-10,3,9,8,0.177778
52,1998-06-13,2002-04-10,4,1,4,0.083333
52,1998-06-13,2002-04-10,4,2,7,0.145833
52,1998-06-13,2002-04-10,4,3,6,0.125
52,1998-06-13,2002-04-10,4,4,5,0.104167
52,1998-06-13,2002-04-10,4,5,5,0.104167
52,1998-06-13,2002-04-10,4,6,7,0.145833
52,1998-06-13,2002-04-10,4,7,4,0.083333
52,1998-06-13,2002-04-10,4,8,9,0.1875
52,1998-06-13,2002-04-10,4,9,1,0.020833
52,1998-06-13,2002-04-10,5,1,6,0.122449
52,1998-06-13,2002-04-10,5,2,3,0.061224
52,1998-06-13,2002-04-10,5,3,3,0.061224
52,1998-06-13,2002-04-10,5,4,8,0.163265
52,1998-06-13,2002-04-10,5,5,9,0.183673
52,1998-06-13,2002-04-10,5,6,1,0.020408
52,1998-06-13,2002-04-10,5,7,6,0.122449
52,1998-06-13,2002-04-10,5,8,10,0.204082
52,1998-06-13,2002-04-10,5,9,3,0.061224
52,1998-06-13,2002-04-10,6,1,7,0.155556
52,1998-06-13,2002-04-10,6,2,4,0.088889
52,1998-06-13,2002-04-10,6,3,3,0.066667
52,1998-06-13,2002-04-10,6,4,3,0.066667
52,1998-06-13,2002-04-10,6,5,4,0.088889
52,1998-06-13,2002-04-10,6,6,4,0.088889
52,1998-06-13,2002-04-10,6,7,8,0.177778
52,1998-06-13,2002-04-10,6,8,8,0.177778
52,1998-06-13,2002-04-10,6,9,4,0.088889
52,1998-06-13,2002-04-10,7,1,5,0.113636
52,1998-06-13,2002-04-10,7,2,3,0.068182
52,1998-06-13,2002-04-10,7,3,5,0.113636
52,1998-06-13,2002-04-10,7,4,4,0.090909
52,1998-06-13,2002-04-10,7,5,5,0.113636
52,1998-06-13,2002-04-10,7,6,7,0.159091
52,1998-06-13,2002-04-10,7,7,4,0.090909
52,1998-06-13,2002-04-10,7,8,7,0.159091
52,1998-06-13,2002-04-10,7,9,4,0.090909
52,1998-06-13,2002-04-10,8,1,2,0.04
52,1998-06-13,2002-04-10,8,2,6,0.12
52,1998-06-13,2002-04-10,8,3,6,0.12
52,1998-06-13,2002-04-10,8,4,4,0.08
52,1998-06-13,2002-04-10,8,5,7,0.14
52,1998-06-13,2002-04-10,8,6,6,0.12
52,1998-06-13,2002-04-10,8,7,4,0.08
52,1998-06-13,2002-04-10,8,8,4,0.08
52,1998-06-13,2002-04-10,8,9,11,0.22
52,1998-06-13,2002-04-10,9,1,4,0.090909
52,1998-06-13,2002-04-10,9,2,4,0.090909
52,1998-06-13,2002-04-10,9,3,7,0.159091
52,1998-06-13,2002-04-10,9,4,5,0.113636
52,1998-06-13,2002-04-10,9,5,5,0.113636
52,1998-06-13,2002-04-10,9,6,2,0.045455
52,1998-06-13,2002-04-10,9,7,7,0.159091
52,1998-06-13,2002-04-10,9,8,3,0.068182
52,1998-06-13,2002-04-10,9,9,7,0.159091
53,1999-05-29,2003-03-08,1,1,3,0.071429
53,1999-05-29,2003-03-08,1,2,3,0.071429
53,1999-05-29,2003-03-08,1,3,6,0.142857
53,1999-05-29,2003-03-08,1,4,7,0.166667
53,1999-05-29,2003-03-08,1,5,1,0.02381
53,1999-05-29,2003-03-08,1,6,7,0.166667
53,1999-05-29,2003-03-08,1,7,4,0.095238
53,1999-05-29,2003-03-08,1,8,9,0.214286
53,1999-05-29,2003-03-08,1,9,2,0.047619
53,1999-05-29,2003-03-08,2,1,2,0.057143
53,1999-05-29,2003-03-08,2,2,2,0.057143
53,1999-05-29,2003-03-08,2,3,4,0.114286
53,1999-05-29,2003-03-08,2,4,4,0.114286
53,1999-05-29,2003-03-08,2,5,4,0.114286
53,1999-05-29,2003-03-08,2,6,2,0.057143
53,1999-05-29,2003-03-08,2,7,5,0.142857
53,1999-05-29,2003-03-08,2,8,8,0.228571
53,1999-05-29,2003-03-08,2,9,4,0.114286
53,1999-05-29,2003-03-08,3,1,9,0.209302
53,1999-05-29,2003-03-08,3,2,4,0.093023
53,1999-05-29,2003-03-08,3,3,2,0.046512
53,1999-05-29,2003-03-08,3,4,5,0.116279
53,1999-05-29,2003-03-08,3,5,7,0.162791
53,1999-05-29,2003-03-08,3,6,5,0.116279
53,1999-05-29,2003-03-08,3,7,2,0.046512
53,1999-05-29,2003-03-08,3,8,1,0.023256
53,1999-05-29,2003-03-08,3,9,8,0.186047
53,1999-05-29,2003-03-08,4,1,5,0.113636
53,1999-05-29,2003-03-08,4,2,6,0.136364
53,1999-05-29,2003-03-08,4,3,5,0.113636
53,1999-05-29,2003-03-08,4,4,5,0.113636
53,1999-05-29,2003-03-08,4,5,5,0.113636
53,1999-05-29,2003-03-08,4,6,4,0.090909
53,1999-05-29,2003-03-08,4,7,6,0.136364
53,1999-05-29,2003-03-08,4,8,6,0.136364
53,1999-05-29,2003-03-08,4,9,2,0.045455
53,1999-05-29,2003-03-08,5,1,5,0.111111
53,1999-05-29,2003-03-08,5,2,3,0.066667
53,1999-05-29,2003-03-08,5,3,4,0.088889
53,1999-05-29,2003-03-08,5,4,6,0.133333
53,1999-05-29,2003-03-08,5,5,8,0.177778
53,1999-05-29,2003-03-08,5,6,1,0.022222
53,1999-05-29,2003-03-08,5,7,7,0.155556
53,1999-05-29,2003-03-08,5,8,8,0.177778
53,1999-05-29,2003-03-08,5,9,3,0.066667
53,1999-05-29,2003-03-08,6,1,5,0.111111
53,1999-05-29,2003-03-08,6,2,3,0.066667
53,1999-05-29,2003-03-08,6,3,3,0.066667
53,1999-05-29,2003-03-08,6,4,2,0.044444
53,1999-05-29,2003-03-08,6,5,4,0.088889
53,1999-05-29,2003-03-08,6,6,7,0.155556
53,1999-05-29,2003-03-08,6,7,4,0.088889
53,1999-05-29,2003-03-08,6,8,11,0.244444
53,1999-05-29,2003-03-08,6,9,6,0.133333
53,1999-05-29,2003-03-08,7,1,5,0.119048
53,1999-05-29,2003-03-08,7,2,3,0.071429
53,1999-05-29,2003-03-08,7,3,5,0.119048
53,1999-05-29,2003-03-08,7,4,3,0.071429
53,1999-05-29,2003-03-08,7,5,5,0.119048
53,1999-05-29,2003-03-08,7,6,7,0.166667
53,1999-05-29,2003-03-08,7,7,3,0.071429
53,1999-05-29,2003-03-08,7,8,7,0.166667
53,1999-05-29,2003-03-08,7,9,4,0.095238
53,1999-05-29,2003-03-08,8,1,4,0.065574
53,1999-05-29,2003-03-08,8,2,7,0.114754
53,1999-05-29,2003-03-08,8,3,9,0.147541
53,1999-05-29,2003-03-08,8,4,6,0.098361
53,1999-05-29,2003-03-08,8,5,6,0.098361
53,1999-05-29,2003-03-08,8,6,8,0.131148
53,1999-05-29,2003-03-08,8,7,6,0.098361
53,1999-05-29,2003-03-08,8,8,7,0.114754
53,1999-05-29,2003-03-08,8,9,8,0.131148
53,1999-05-29,2003-03-08,9,1,4,0.093023
53,1999-05-29,2003-03-08,9,2,4,0.093023
53,1999-05-29,2003-03-08,9,3,5,0.116279
53,1999-05-29,2003-03-08,9,4,6,0.139535
53,1999-05-29,2003-03-08,9,5,5,0.116279
53,1999-05-29,2003-03-08,9,6,4,0.093023
53,1999-05-29,2003-03-08,9,7,6,0.139535
53,1999-05-29,2003-03-08,9,8,3,0.069767
53,1999-05-29,2003-03-08,9,9,6,0.139535
54,2000-05-13,2004-02-21,1,1,4,0.076923
54,2000-05-13,2004-02-21,1,2,5,0.096154
54,2000-05-13,2004-02-21,1,3,6,0.115385
54,2000-05-13,2004-02-21,1,4,6,0.115385
54,2000-05-13,2004-02-21,1,5,1,0.019231
54,2000-05-13,2004-02-21,1,6,7,0.134615
54,2000-05-13,2004-02-21,1,7,8,0.153846
54,2000-05-13,2004-02-21,1,8,12,0.230769
54,2000-05-13,2004-02-21,1,9,3,0.057692
54,2000-05-13,2004-02-21,2,1,3,0.078947
54,2000-05-13,2004-02-21,2,2,1,0.026316
54,2000-05-13,2004-02-21,2,3,6,0.157895
54,2000-05-13,2004-02-21,2,4,3,0.078947
54,2000-05-13,2004-02-21,2,5,6,0.157895
54,2000-05-13,2004-02-21,2,6,1,0.026316
54,2000-05-13,2004-02-21,2,7,5,0.131579
54,2000-05-13,2004-02-21,2,8,9,0.236842
54,2000-05-13,2004-02-21,2,9,4,0.105263
54,2000-05-13,2004-02-21,3,1,11,0.215686
54,2000-05-13,2004-02-21,3,2,6,0.117647
54,2000-05-13,2004-02-21,3,3,5,0.098039
54,2000-05-13,2004-02-21,3,4,4,0.078431
54,2000-05-13,2004-02-21,3,5,7,0.137255
54,2000-05-13,2004-02-21,3,6,5,0.098039
54,2000-05-13,2004-02-21,3,7,3,0.058824
54,2000-05-13,2004-02-21,3,8,1,0.019608
54,2000-05-13,2004-02-21,3,9,9,0.176471
54,2000-05-13,2004-02-21,4,1,2,0.052632
54,2000-05-13,2004-02-21,4,2,6,0.157895
54,2000-05-13,2004-02-21,4,3,8,0.210526
54,2000-05-13,2004-02-21,4,4,4,0.105263
54,2000-05-13,2004-02-21,4,5,3,0.078947
54,2000-05-13,2004-02-21,4,6,2,0.052632
54,2000-05-13,2004-02-21,4,7,6,0.157895
54,2000-05-13,2004-02-21,4,8,4,0.105263
54,2000-05-13,2004-02-21,4,9,3,0.078947
54,2000-05-13,2004-02-21,5,1,5,0.131579
54,2000-05-13,2004-02-21,5,2,3,0.078947
54,2000-05-13,2004-02-21,5,3,3,0.078947
54,2000-05-13,2004-02-21,5,4,5,0.131579
54,2000-05-13,2004-02-21,5,5,4,0.105263
54,2000-05-13,2004-02-21,5,6,1,0.026316
54,2000-05-13,2004-02-21,5,7,7,0.184211
54,2000-05-13,2004-02-21,5,8,5,0.131579
54,2000-05-13,2004-02-21,5,9,5,0.131579
54,2000-05-13,2004-02-21,6,1,6,0.153846
54,2000-05-13,2004-02-21,6,2,2,0.051282
54,2000-05-13,2004-02-21,6,3,5,0.128205
54,2000-05-13,2004-02-21,6,4,1,0.025641
54,2000-05-13,2004-02-21,6,5,4,0.102564
54,2000-05-13,2004-02-21,6,6,6,0.153846
54,2000-05-13,2004-02-21,6,7,2,0.051282
54,2000-05-13,2004-02-21,6,8,9,0.230769
54,2000-05-13,2004-02-21,6,9,4,0.102564
54,2000-05-13,2004-02-21,7,1,11,0.261905
54,2000-05-13,2004-02-21,7,2,3,0.071429
54,2000-05-13,2004-02-21,7,3,5,0.119048
54,2000-05-13,2004-02-21,7,4,2,0.047619
54,2000-05-13,2004-02-21,7,5,3,0.071429
54,2000-05-13,2004-02-21,7,6,5,0.119048
54,2000-05-13,2004-02-21,7,7,1,0.02381
54,2000-05-13,2004-02-21,7,8,6,0.142857
54,2000-05-13,2004-02-21,7,9,6,0.142857
54,2000-05-13,2004-02-21,8,1,6,0.105263
54,2000-05-13,2004-02-21,8,2,7,0.122807
54,2000-05-13,2004-02-21,8,3,6,0.105263
54,2000-05-13,2004-02-21,8,4,6,0.105263
54,2000-05-13,2004-02-21,8,5,6,0.105263
54,2000-05-13,2004-02-21,8,6,7,0.122807
54,2000-05-13,2004-02-21,8,7,7,0.122807
54,2000-05-13,2004-02-21,8,8,6,0.105263
54,2000-05-13,2004-02-21,8,9,6,0.105263
54,2000-05-13,2004-02-21,9,1,4,0.088889
54,2000-05-13,2004-02-21,9,2,5,0.111111
54,2000-05-13,2004-02-21,9,3,7,0.155556
54,2000-05-13,2004-02-21,9,4,6,0.133333
54,2000-05-13,2004-02-21,9,5,4,0.088889
54,2000-05-13,2004-02-21,9,6,5,0.111111
54,2000-05-13,2004-02-21,9,7,3,0.066667
54,2000-05-13,2004-02-21,9,8,6,0.133333
54,2000-05-13,2004-02-21,9,9,5,0.111111
55,2001-04-28,2005-02-05,1,1,3,0.071429
55,2001-04-28,2005-02-05,1,2,6,0.142857
55,2001-04-28,2005-02-05,1,3,3,0.071429
55,2001-04-28,2005-02-05,1,4,7,0.166667
55,2001-04-28,2005-02-05,1,5,1,0.02381
55,2001-04-28,2005-02-05,1,6,2,0.047619
55,2001-04-28,2005-02-05,1,7,6,0.142857
55,2001-04-28,2005-02-05,1,8,10,0.238095
55,2001-04-28,2005-02-05,1,9,4,0.095238
55,2001-04-28,2005-02-05,2,1,3,0.073171
55,2001-04-28,2005-02-05,2,2,1,0.02439
55,2001-04-28,2005-02-05,2,3,5,0.121951
55,2001-04-28,2005-02-05,2,4,3,0.073171
55,2001-04-28,2005-02-05,2,5,5,0.121951
55,2001-04-28,2005-02-05,2,6,2,0.04878
55,2001-04-28,2005-02-05,2,7,7,0.170732
55,2001-04-28,2005-02-05,2,8,10,0.243902
55,2001-04-28,2005-02-05,2,9,5,0.121951
55,2001-04-28,2005-02-05,3,1,8,0.163265
55,2001-04-28,2005-02-05,3,2,8,0.163265
55,2001-04-28,2005-02-05,3,3,5,0.102041
55,2001-04-28,2005-02-05,3,4,4,0.081633
55,2001-04-28,2005-02-05,3,5,5,0.102041
55,2001-04-28,2005-02-05,3,6,4,0.081633
55,2001-04-28,2005-02-05,3,7,5,0.102041
55,2001-04-28,2005-02-05,3,8,3,0.061224
55,2001-04-28,2005-02-05,3,9,7,0.142857
55,2001-04-28,2005-02-05,4,1,2,0.04878
55,2001-04-28,2005-02-05,4,2,5,0.121951
55,2001-04-28,2005-02-05,4,3,8,0.195122
55,2001-04-28,2005-02-05,4,4,6,0.146341
55,2001-04-28,2005-02-05,4,5,3,0.073171
55,2001-04-28,2005-02-05,4,6,3,0.073171
55,2001-04-28,2005-02-05,4,7,7,0.170732
55,2001-04-28,2005-02-05,4,8,4,0.097561
55,2001-04-28,2005-02-05,4,9,3,0.073171
55,2001-04-28,2005-02-05,5,1,3,0.085714
55,2001-04-28,2005-02-05,5,2,1,0.028571
55,2001-04-28,2005-02-05,5,3,3,0.085714
55,2001-04-28,2005-02-05,5,4,2,0.057143
55,2001-04-28,2005-02-05,5,5,5,0.142857
55,2001-04-28,2005-02-05,5,6,2,0.057143
55,2001-04-28,2005-02-05,5,7,6,0.171429
55,2001-04-28,2005-02-05,5,8,5,0.142857
55,2001-04-28,2005-02-05,5,9,8,0.228571
55,2001-04-28,2005-02-05,6,1,5,0.121951
55,2001-04-28,2005-02-05,6,2,5,0.121951
55,2001-04-28,2005-02-05,6,3,7,0.170732
55,2001-04-28,2005-02-05,6,4,2,0.04878
55,2001-04-28,2005-02-05,6,5,2,0.04878
55,2001-04-28,2005-02-05,6,6,6,0.146341
55,2001-04-28,2005-02-05,6,7,2,0.04878
55,2001-04-28,2005-02-05,6,8,6,0.146341
55,2001-04-28,2005-02-05,6,9,6,0.146341
55,2001-04-28,2005-02-05,7,1,9,0.195652
55,2001-04-28,2005-02-05,7,2,2,0.043478
55,2001-04-28,2005-02-05,7,3,5,0.108696
55,2001-04-28,2005-02-05,7,4,3,0.065217
55,2001-04-28,2005-02-05,7,5,4,0.086957
55,2001-04-28,2005-02-05,7,6,8,0.173913
55,2001-04-28,2005-02-05,7,7,4,0.086957
55,2001-04-28,2005-02-05,7,8,5,0.108696
55,2001-04-28,2005-02-05,7,9,6,0.130435
55,2001-04-28,2005-02-05,8,1,6,0.105263
55,2001-04-28,2005-02-05,8,2,8,0.140351
55,2001-04-28,2005-02-05,8,3,5,0.087719
55,2001-04-28,2005-02-05,8,4,8,0.140351
55,2001-04-28,2005-02-05,8,5,4,0.070175
55,2001-04-28,2005-02-05,8,6,8,0.140351
55,2001-04-28,2005-02-05,8,7,5,0.087719
55,2001-04-28,2005-02-05,8,8,8,0.140351
55,2001-04-28,2005-02-05,8,9,5,0.087719
55,2001-04-28,2005-02-05,9,1,3,0.0625
55,2001-04-28,2005-02-05,9,2,5,0.104167
55,2001-04-28,2005-02-05,9,3,8,0.166667
55,2001-04-28,2005-02-05,9,4,6,0.125
55,2001-04-28,2005-02-05,9,5,6,0.125
55,2001-04-28,2005-02-05,9,6,7,0.145833
55,2001-04-28,2005-02-05,9,7,3,0.0625
55,2001-04-28,2005-02-05,9,8,6,0.125
55,2001-04-28,2005-02-05,9,9,4,0.083333
56,2002-04-10,2005-11-10,1,1,7,0.152174
56,2002-04-10,2005-11-10,1,2,8,0.173913
56,2002-04-10,2005-11-10,1,3,2,0.043478
56,2002-04-10,2005-11-10,1,4,3,0.065217
56,2002-04-10,2005-11-10,1,5,2,0.043478
56,2002-04-10,2005-11-10,1,6,3,0.065217
56,2002-04-10,2005-11-10,1,7,7,0.152174
56,2002-04-10,2005-11-10,1,8,10,0.217391
56,2002-04-10,2005-11-10,1,9,4,0.086957
56,2002-04-10,2005-11-10,2,1,4,0.088889
56,2002-04-10,2005-11-10,2,2,1,0.022222
56,2002-04-10,2005-11-10,2,3,6,0.133333
56,2002-04-10,2005-11-10,2,4,3,0.066667
56,2002-04-10,2005-11-10,2,5,5,0.111111
56,2002-04-10,2005-11-10,2,6,5,0.111111
56,2002-04-10,2005-11-10,2,7,6,0.133333
56,2002-04-10,2005-11-10,2,8,9,0.2
56,2002-04-10,2005-11-10,2,9,6,0.133333
56,2002-04-10,2005-11-10,3,1,5,0.108696
56,2002-04-10,2005-11-10,3,2,9,0.195652
56,2002-04-10,2005-11-10,3,3,6,0.130435
56,2002-04-10,2005-11-10,3,4,2,0.043478
56,2002-04-10,2005-11-10,3,5,3,0.065217
56,2002-04-10,2005-11-10,3,6,5,0.108696
56,2002-04-10,2005-11-10,3,7,5,0.108696
56,2002-04-10,2005-11-10,3,8,5,0.108696
56,2002-04-10,2005-11-10,3,9,6,0.130435
56,2002-04-10,2005-11-10,4,1,3,0.081081
56,2002-04-10,2005-11-10,4,2,4,0.108108
56,2002-04-10,2005-11-10,4,3,6,0.162162
56,2002-04-10,2005-11-10,4,4,7,0.189189
56,2002-04-10,2005-11-10,4,5,3,0.081081
56,2002-04-10,2005-11-10,4,6,4,0.108108
56,2002-04-10,2005-11-10,4,7,4,0.108108
56,2002-04-10,2005-11-10,4,8,2,0.054054
56,2002-04-10,2005-11-10,4,9,4,0.108108
56,2002-04-10,2005-11-10,5,1,1,0.030303
56,2002-04-10,2005-11-10,5,2,3,0.090909
56,2002-04-10,2005-11-10,5,3,5,0.151515
56,2002-04-10,2005-11-10,5,4,2,0.060606
56,2002-04-10,2005-11-10,5,5,3,0.090909
56,2002-04-10,2005-11-10,5,6,3,0.090909
56,2002-04-10,2005-11-10,5,7,5,0.151515
56,2002-04-10,2005-11-10,5,8,3,0.090909
56,2002-04-10,2005-11-10,5,9,8,0.242424
56,2002-04-10,2005-11-10,6,1,5,0.090909
56,2002-04-10,2005-11-10,6,2,6,0.109091
56,2002-04-10,2005-11-10,6,3,7,0.127273
56,2002-04-10,2005-11-10,6,4,5,0.090909
56,2002-04-10,2005-11-10,6,5,3,0.054545
56,2002-04-10,2005-11-10,6,6,9,0.163636
56,2002-04-10,2005-11-10,6,7,5,0.090909
56,2002-04-10,2005-11-10,6,8,7,0.127273
56,2002-04-10,2005-11-10,6,9,8,0.145455
56,2002-04-10,2005-11-10,7,1,9,0.219512
56,2002-04-10,2005-11-10,7,2,2,0.04878
56,2002-04-10,2005-11-10,7,3,4,0.097561
56,2002-04-10,2005-11-10,7,4,2,0.04878
56,2002-04-10,2005-11-10,7,5,5,0.121951
56,2002-04-10,2005-11-10,7,6,9,0.219512
56,2002-04-10,2005-11-10,7,7,4,0.097561
56,2002-04-10,2005-11-10,7,8,2,0.04878
56,2002-04-10,2005-11-10,7,9,4,0.097561
56,2002-04-10,2005-11-10,8,1,8,0.153846
56,2002-04-10,2005-11-10,8,2,5,0.096154
56,2002-04-10,2005-11-10,8,3,6,0.115385
56,2002-04-10,2005-11-10,8,4,8,0.153846
56,2002-04-10,2005-11-10,8,5,3,0.057692
56,2002-04-10,2005-11-10,8,6,10,0.192308
56,2002-04-10,2005-11-10,8,7,4,0.076923
56,2002-04-10,2005-11-10,8,8,6,0.115385
56,2002-04-10,2005-11-10,8,9,2,0.038462
56,2002-04-10,2005-11-10,9,1,4,0.088889
56,2002-04-10,2005-11-10,9,2,6,0.133333
56,2002-04-10,2005-11-10,9,3,4,0.088889
56,2002-04-10,2005-11-10,9,4,5,0.111111
56,2002-04-10,2005-11-10,9,5,6,0.133333
56,2002-04-10,2005-11-10,9,6,8,0.177778
56,2002-04-10,2005-11-10,9,7,1,0.022222
56,2002-04-10,2005-11-10,9,8,8,0.177778
56,2002-04-10,2005-11-10,9,9,3,0.066667
57,2003-03-08,2006-07-01,1,1,6,0.125
57,2003-03-08,2006-07-01,1,2,9,0.1875
57,2003-03-08,2006-07-01,1,3,2,0.041667
57,2003-03-08,2006-07-01,1,4,5,0.104167
57,2003-03-08,2006-07-01,1,5,3,0.0625
57,2003-03-08,2006-07-01,1,6,3,0.0625
57,2003-03-08,2006-07-01,1,7,8,0.166667
57,2003-03-08,2006-07-01,1,8,7,0.145833
57,2003-03-08,2006-07-01,1,9,5,0.104167
57,2003-03-08,2006-07-01,2,1,5,0.108696
57,2003-03-08,2006-07-01,2,2,3,0.065217
57,2003-03-08,2006-07-01,2,3,7,0.152174
57,2003-03-08,2006-07-01,2,4,4,0.086957
57,2003-03-08,2006-07-01,2,5,5,0.108696
57,2003-03-08,2006-07-01,2,6,5,0.108696
57,2003-03-08,2006-07-01,2,7,5,0.108696
57,2003-03-08,2006-07-01,2,8,5,0.108696
57,2003-03-08,2006-07-01,2,9,7,0.152174
57,2003-03-08,2006-07-01,3,1,4,0.085106
57,2003-03-08,2006-07-01,3,2,9,0.191489
57,2003-03-08,2006-07-01,3,3,7,0.148936
57,2003-03-08,2006-07-01,3,4,5,0.106383
57,2003-03-08,2006-07-01,3,5,3,0.06383
57,2003-03-08,2006-07-01,3,6,5,0.106383
57,2003-03-08,2006-07-01,3,7,4,0.085106
57,2003-03-08,2006-07-01,3,8,5,0.106383
57,2003-03-08,2006-07-01,3,9,5,0.106383
57,2003-03-08,2006-07-01,4,1,3,0.078947
57,2003-03-08,2006-07-01,4,2,3,0.078947
57,2003-03-08,2006-07-01,4,3,6,0.157895
57,2003-03-08,2006-07-01,4,4,6,0.157895
57,2003-03-08,2006-07-01,4,5,2,0.052632
57,2003-03-08,2006-07-01,4,6,4,0.105263
57,2003-03-08,2006-07-01,4,7,5,0.131579
57,2003-03-08,2006-07-01,4,8,3,0.078947
57,2003-03-08,2006-07-01,4,9,6,0.157895
57,2003-03-08,2006-07-01,5,1,2,0.0625
57,2003-03-08,2006-07-01,5,2,3,0.09375
57,2003-03-08,2006-07-01,5,3,5,0.15625
57,2003-03-08,2006-07-01,5,4,4,0.125
57,2003-03-08,2006-07-01,5,5,3,0.09375
57,2003-03-08,2006-07-01,5,6,2,0.0625
57,2003-03-08,2006-07-01,5,7,4,0.125
57,2003-03-08,2006-07-01,5,8,1,0.03125
57,2003-03-08,2006-07-01,5,9,8,0.25
57,2003-03-08,2006-07-01,6,1,3,0.066667
57,2003-03-08,2006-07-01,6,2,6,0.133333
57,2003-03-08,2006-07-01,6,3,6,0.133333
57,2003-03-08,2006-07-01,6,4,5,0.111111
57,2003-03-08,2006-07-01,6,5,1,0.022222
57,2003-03-08,2006-07-01,6,6,6,0.133333
57,2003-03-08,2006-07-01,6,7,9,0.2
57,2003-03-08,2006-07-01,6,8,4,0.088889
57,2003-03-08,2006-07-01,6,9,5,0.111111
57,2003-03-08,2006-07-01,7,1,12,0.25
57,2003-03-08,2006-07-01,7,2,1,0.020833
57,2003-03-08,2006-07-01,7,3,3,0.0625
57,2003-03-08,2006-07-01,7,4,3,0.0625
57,2003-03-08,2006-07-01,7,5,5,0.104167
57,2003-03-08,2006-07-01,7,6,7,0.145833
57,2003-03-08,2006-07-01,7,7,6,0.125
57,2003-03-08,2006-07-01,7,8,4,0.083333
57,2003-03-08,2006-07-01,7,9,7,0.145833
57,2003-03-08,2006-07-01,8,1,8,0.2
57,2003-03-08,2006-07-01,8,2,3,0.075
57,2003-03-08,2006-07-01,8,3,3,0.075
57,2003-03-08,2006-07-01,8,4,4,0.1
57,2003-03-08,2006-07-01,8,5,4,0.1
57,2003-03-08,2006-07-01,8,6,5,0.125
57,2003-03-08,2006-07-01,8,7,2,0.05
57,2003-03-08,2006-07-01,8,8,4,0.1
57,2003-03-08,2006-07-01,8,9,7,0.175
57,2003-03-08,2006-07-01,9,1,5,0.089286
57,2003-03-08,2006-07-01,9,2,9,0.160714
57,2003-03-08,2006-07-01,9,3,8,0.142857
57,2003-03-08,2006-07-01,9,4,3,0.053571
57,2003-03-08,2006-07-01,9,5,6,0.107143
57,2003-03-08,2006-07-01,9,6,8,0.142857
57,2003-03-08,2006-07-01,9,7,4,0.071429
57,2003-03-08,2006-07-01,9,8,7,0.125
57,2003-03-08,2006-07-01,9,9,6,0.107143
58,2004-02-21,2007-02-20,1,1,6,0.146341
58,2004-02-21,2007-02-20,1,2,8,0.195122
58,2004-02-21,2007-02-20,1,3,2,0.04878
58,2004-02-21,2007-02-20,1,4,4,0.097561
58,2004-02-21,2007-02-20,1,5,4,0.097561
58,2004-02-21,2007-02-20,1,6,2,0.04878
58,2004-02-21,2007-02-20,1,7,4,0.097561
58,2004-02-21,2007-02-20,1,8,4,0.097561
58,2004-02-21,2007-02-20,1,9,7,0.170732
58,2004-02-21,2007-02-20,2,1,5,0.102041
58,2004-02-21,2007-02-20,2,2,3,0.061224
58,2004-02-21,2007-02-20,2,3,8,0.163265
58,2004-02-21,2007-02-20,2,4,4,0.081633
58,2004-02-21,2007-02-20,2,5,4,0.081633
58,2004-02-21,2007-02-20,2,6,6,0.122449
58,2004-02-21,2007-02-20,2,7,7,0.142857
58,2004-02-21,2007-02-20,2,8,5,0.102041
58,2004-02-21,2007-02-20,2,9,7,0.142857
58,2004-02-21,2007-02-20,3,1,2,0.044444
58,2004-02-21,2007-02-20,3,2,7,0.155556
58,2004-02-21,2007-02-20,3,3,7,0.155556
58,2004-02-21,2007-02-20,3,4,6,0.133333
58,2004-02-21,2007-02-20,3,5,4,0.088889
58,2004-02-21,2007-02-20,3,6,6,0.133333
58,2004-02-21,2007-02-20,3,7,4,0.088889
58,2004-02-21,2007-02-20,3,8,6,0.133333
58,2004-02-21,2007-02-20,3,9,3,0.066667
58,2004-02-21,2007-02-20,4,1,4,0.102564
58,2004-02-21,2007-02-20,4,2,3,0.076923
58,2004-02-21,2007-02-20,4,3,4,0.102564
58,2004-02-21,2007-02-20,4,4,7,0.179487
58,2004-02-21,2007-02-20,4,5,2,0.051282
58,2004-02-21,2007-02-20,4,6,3,0.076923
58,2004-02-21,2007-02-20,4,7,5,0.128205
58,2004-02-21,2007-02-20,4,8,4,0.102564
58,2004-02-21,2007-02-20,4,9,7,0.179487
58,2004-02-21,2007-02-20,5,1,3,0.090909
58,2004-02-21,2007-02-20,5,2,4,0.121212
58,2004-02-21,2007-02-20,5,3,6,0.181818
58,2004-02-21,2007-02-20,5,4,3,0.090909
58,2004-02-21,2007-02-20,5,5,3,0.090909
58,2004-02-21,2007-02-20,5,6,3,0.090909
58,2004-02-21,2007-02-20,5,7,3,0.090909
58,2004-02-21,2007-02-20,5,8,1,0.030303
58,2004-02-21,2007-02-20,5,9,7,0.212121
58,2004-02-21,2007-02-20,6,1,1,0.021739
58,2004-02-21,2007-02-20,6,2,8,0.173913
58,2004-02-21,2007-02-20,6,3,4,0.086957
58,2004-02-21,2007-02-20,6,4,5,0.108696
58,2004-02-21,2007-02-20,6,5,2,0.043478
58,2004-02-21,2007-02-20,6,6,5,0.108696
58,2004-02-21,2007-02-20,6,7,9,0.195652
58,2004-02-21,2007-02-20,6,8,6,0.130435
58,2004-02-21,2007-02-20,6,9,6,0.130435
58,2004-02-21,2007-02-20,7,1,7,0.148936
58,2004-02-21,2007-02-20,7,2,3,0.06383
58,2004-02-21,2007-02-20,7,3,4,0.085106
58,2004-02-21,2007-02-20,7,4,4,0.085106
58,2004-02-21,2007-02-20,7,5,5,0.106383
58,2004-02-21,2007-02-20,7,6,7,0.148936
58,2004-02-21,2007-02-20,7,7,7,0.148936
58,2004-02-21,2007-02-20,7,8,4,0.085106
58,2004-02-21,2007-02-20,7,9,6,0.12766
58,2004-02-21,2007-02-20,8,1,8,0.181818
58,2004-02-21,2007-02-20,8,2,6,0.136364
58,2004-02-21,2007-02-20,8,3,3,0.068182
58,2004-02-21,2007-02-20,8,4,2,0.045455
58,2004-02-21,2007-02-20,8,5,3,0.068182
58,2004-02-21,2007-02-20,8,6,6,0.136364
58,2004-02-21,2007-02-20,8,7,2,0.045455
58,2004-02-21,2007-02-20,8,8,7,0.159091
58,2004-02-21,2007-02-20,8,9,7,0.159091
58,2004-02-21,2007-02-20,9,1,5,0.089286
58,2004-02-21,2007-02-20,9,2,8,0.142857
58,2004-02-21,2007-02-20,9,3,7,0.125
58,2004-02-21,2007-02-20,9,4,4,0.071429
58,2004-02-21,2007-02-20,9,5,6,0.107143
58,2004-02-21,2007-02-20,9,6,8,0.142857
58,2004-02-21,2007-02-20,9,7,6,0.107143
58,2004-02-21,2007-02-20,9,8,6,0.107143
58,2004-02-21,2007-02-20,9,9,6,0.107143
59,2005-02-05,2007-10-11,1,1,9,0.173077
59,2005-02-05,2007-10-11,1,2,9,0.173077
59,2005-02-05,2007-10-11,1,3,4,0.076923
59,2005-02-05,2007-10-11,1,4,4,0.076923
59,2005-02-05,2007-10-11,1,5,4,0.076923
59,2005-02-05,2007-10-11,1,6,6,0.115385
59,2005-02-05,2007-10-11,1,7,4,0.076923
59,2005-02-05,2007-10-11,1,8,7,0.134615
59,2005-02-05,2007-10-11,1,9,5,0.096154
59,2005-02-05,2007-10-11,2,1,7,0.145833
59,2005-02-05,2007-10-11,2,2,2,0.041667
59,2005-02-05,2007-10-11,2,3,9,0.1875
59,2005-02-05,2007-10-11,2,4,3,0.0625
59,2005-02-05,2007-10-11,2,5,4,0.083333
59,2005-02-05,2007-10-11,2,6,5,0.104167
59,2005-02-05,2007-10-11,2,7,5,0.104167
59,2005-02-05,2007-10-11,2,8,6,0.125
59,2005-02-05,2007-10-11,2,9,7,0.145833
59,2005-02-05,2007-10-11,3,1,4,0.097561
59,2005-02-05,2007-10-11,3,2,3,0.073171
59,2005-02-05,2007-10-11,3,3,7,0.170732
59,2005-02-05,2007-10-11,3,4,4,0.097561
59,2005-02-05,2007-10-11,3,5,3,0.073171
59,2005-02-05,2007-10-11,3,6,7,0.170732
59,2005-02-05,2007-10-11,3,7,3,0.073171
59,2005-02-05,2007-10-11,3,8,5,0.121951
59,2005-02-05,2007-10-11,3,9,5,0.121951
59,2005-02-05,2007-10-11,4,1,3,0.088235
59,2005-02-05,2007-10-11,4,2,3,0.088235
59,2005-02-05,2007-10-11,4,3,2,0.058824
59,2005-02-05,2007-10-11,4,4,6,0.176471
59,2005-02-05,2007-10-11,4,5,1,0.029412
59,2005-02-05,2007-10-11,4,6,3,0.088235
59,2005-02-05,2007-10-11,4,7,4,0.117647
59,2005-02-05,2007-10-11,4,8,4,0.117647
59,2005-02-05,2007-10-11,4,9,8,0.235294
59,2005-02-05,2007-10-11,5,1,4,0.121212
59,2005-02-05,2007-10-11,5,2,4,0.121212
59,2005-02-05,2007-10-11,5,3,5,0.151515
59,2005-02-05,2007-10-11,5,4,4,0.121212
59,2005-02-05,2007-10-11,5,5,5,0.151515
59,2005-02-05,2007-10-11,5,6,2,0.060606
59,2005-02-05,2007-10-11,5,7,2,0.060606
59,2005-02-05,2007-10-11,5,8,1,0.030303
59,2005-02-05,2007-10-11,5,9,6,0.181818
59,2005-02-05,2007-10-11,6,1,4,0.083333
59,2005-02-05,2007-10-11,6,2,8,0.166667
59,2005-02-05,2007-10-11,6,3,2,0.041667
59,2005-02-05,2007-10-11,6,4,5,0.104167
59,2005-02-05,2007-10-11,6,5,3,0.0625
59,2005-02-05,2007-10-11,6,6,5,0.104167
59,2005-02-05,2007-10-11,6,7,8,0.166667
59,2005-02-05,2007-10-11,6,8,7,0.145833
59,2005-02-05,2007-10-11,6,9,6,0.125
59,2005-02-05,2007-10-11,7,1,8,0.181818
59,2005-02-05,2007-10-11,7,2,5,0.113636
59,2005-02-05,2007-10-11,7,3,2,0.045455
59,2005-02-05,2007-10-11,7,4,4,0.090909
59,2005-02-05,2007-10-11,7,5,5,0.113636
59,2005-02-05,2007-10-11,7,6,5,0.113636
59,2005-02-05,2007-10-11,7,7,6,0.136364
59,2005-02-05,2007-10-11,7,8,4,0.090909
59,2005-02-05,2007-10-11,7,9,5,0.113636
59,2005-02-05,2007-10-11,8,1,8,0.177778
59,2005-02-05,2007-10-11,8,2,7,0.155556
59,2005-02-05,2007-10-11,8,3,3,0.066667
59,2005-02-05,2007-10-11,8,4,0,0.0
59,2005-02-05,2007-10-11,8,5,5,0.111111
59,2005-02-05,2007-10-11,8,6,6,0.133333
59,2005-02-05,2007-10-11,8,7,4,0.088889
59,2005-02-05,2007-10-11,8,8,5,0.111111
59,2005-02-05,2007-10-11,8,9,7,0.155556
59,2005-02-05,2007-10-11,9,1,5,0.090909
59,2005-02-05,2007-10-11,9,2,7,0.127273
59,2005-02-05,2007-10-11,9,3,7,0.127273
59,2005-02-05,2007-10-11,9,4,4,0.072727
59,2005-02-05,2007-10-11,9,5,3,0.054545
59,2005-02-05,2007-10-11,9,6,9,0.163636
59,2005-02-05,2007-10-11,9,7,8,0.145455
59,2005-02-05,2007-10-11,9,8,6,0.109091
59,2005-02-05,2007-10-11,9,9,6,0.109091
60,2005-11-10,2008-05-31,1,1,7,0.142857
60,2005-11-10,2008-05-31,1,2,8,0.163265
60,2005-11-10,2008-05-31,1,3,2,0.040816
60,2005-11-10,2008-05-31,1,4,4,0.081633
60,2005-11-10,2008-05-31,1,5,3,0.061224
60,2005-11-10,2008-05-31,1,6,9,0.183673
60,2005-11-10,2008-05-31,1,7,2,0.040816
60,2005-11-10,2008-05-31,1,8,8,0.163265
60,2005-11-10,2008-05-31,1,9,6,0.122449
60,2005-11-10,2008-05-31,2,1,5,0.111111
60,2005-11-10,2008-05-31,2,2,2,0.044444
60,2005-11-10,2008-05-31,2,3,9,0.2
60,2005-11-10,2008-05-31,2,4,2,0.044444
60,2005-11-10,2008-05-31,2,5,3,0.066667
60,2005-11-10,2008-05-31,2,6,5,0.111111
60,2005-11-10,2008-05-31,2,7,6,0.133333
60,2005-11-10,2008-05-31,2,8,6,0.133333
60,2005-11-10,2008-05-31,2,9,7,0.155556
60,2005-11-10,2008-05-31,3,1,3,0.075
60,2005-11-10,2008-05-31,3,2,2,0.05
60,2005-11-10,2008-05-31,3,3,7,0.175
60,2005-11-10,2008-05-31,3,4,4,0.1
60,2005-11-10,2008-05-31,3,5,3,0.075
60,2005-11-10,2008-05-31,3,6,5,0.125
60,2005-11-10,2008-05-31,3,7,5,0.125
60,2005-11-10,2008-05-31,3,8,6,0.15
60,2005-11-10,2008-05-31,3,9,5,0.125
60,2005-11-10,2008-05-31,4,1,3,0.09375
60,2005-11-10,2008-05-31,4,2,2,0.0625
60,2005-11-10,2008-05-31,4,3,3,0.09375
60,2005-11-10,2008-05-31,4,4,3,0.09375
60,2005-11-10,2008-05-31,4,5,0,0.0
60,2005-11-10,2008-05-31,4,6,2,0.0625
60,2005-11-10,2008-05-31,4,7,6,0.1875
60,2005-11-10,2008-05-31,4,8,5,0.15625
60,2005-11-10,2008-05-31,4,9,8,0.25
60,2005-11-10,2008-05-31,5,1,4,0.142857
60,2005-11-10,2008-05-31,5,2,1,0.035714
60,2005-11-10,2008-05-31,5,3,4,0.142857
60,2005-11-10,2008-05-31,5,4,4,0.142857
60,2005-11-10,2008-05-31,5,5,4,0.142857
60,2005-11-10,2008-05-31,5,6,2,0.071429
60,2005-11-10,2008-05-31,5,7,2,0.071429
60,2005-11-10,2008-05-31,5,8,1,0.035714
60,2005-11-10,2008-05-31,5,9,6,0.214286
60,2005-11-10,2008-05-31,6,1,5,0.102041
60,2005-11-10,2008-05-31,6,2,8,0.163265
60,2005-11-10,2008-05-31,6,3,6,0.122449
60,2005-11-10,2008-05-31,6,4,2,0.040816
60,2005-11-10,2008-05-31,6,5,4,0.081633
60,2005-11-10,2008-05-31,6,6,4,0.081633
60,2005-11-10,2008-05-31,6,7,4,0.081633
60,2005-11-10,2008-05-31,6,8,9,0.183673
60,2005-11-10,2008-05-31,6,9,7,0.142857
60,2005-11-10,2008-05-31,7,1,8,0.170213
60,2005-11-10,2008-05-31,7,2,7,0.148936
60,2005-11-10,2008-05-31,7,3,1,0.021277
60,2005-11-10,2008-05-31,7,4,6,0.12766
60,2005-11-10,2008-05-31,7,5,4,0.085106
60,2005-11-10,2008-05-31,7,6,5,0.106383
60,2005-11-10,2008-05-31,7,7,6,0.12766
60,2005-11-10,2008-05-31,7,8,6,0.12766
60,2005-11-10,2008-05-31,7,9,4,0.085106
60,2005-11-10,2008-05-31,8,1,10,0.192308
60,2005-11-10,2008-05-31,8,2,9,0.173077
60,2005-11-10,2008-05-31,8,3,2,0.038462
60,2005-11-10,2008-05-31,8,4,1,0.019231
60,2005-11-10,2008-05-31,8,5,4,0.076923
60,2005-11-10,2008-05-31,8,6,6,0.115385
60,2005-11-10,2008-05-31,8,7,6,0.115385
60,2005-11-10,2008-05-31,8,8,6,0.115385
60,2005-11-10,2008-05-31,8,9,8,0.153846
60,2005-11-10,2008-05-31,9,1,4,0.068966
60,2005-11-10,2008-05-31,9,2,6,0.103448
60,2005-11-10,2008-05-31,9,3,7,0.12069
60,2005-11-10,2008-05-31,9,4,6,0.103448
60,2005-11-10,2008-05-31,9,5,3,0.051724
60,2005-11-10,2008-05-31,9,6,10,0.172414
60,2005-11-10,2008-05-31,9,7,10,0.172414
60,2005-11-10,2008-05-31,9,8,5,0.086207
60,2005-11-10,2008-05-31,9,9,7,0.12069
61,2006-07-01,2009-01-20,1,1,8,0.173913
61,2006-07-01,2009-01-20,1,2,5,0.108696
61,2006-07-01,2009-01-20,1,3,4,0.086957
61,2006-07-01,2009-01-20,1,4,3,0.065217
61,2006-07-01,2009-01-20,1,5,4,0.086957
61,2006-07-01,2009-01-20,1,6,8,0.173913
61,2006-07-01,2009-01-20,1,7,1,0.021739
61,2006-07-01,2009-01-20,1,8,9,0.195652
61,2006-07-01,2009-01-20,1,9,4,0.086957
61,2006-07-01,2009-01-20,2,1,6,0.142857
61,2006-07-01,2009-01-20,2,2,1,0.02381
61,2006-07-01,2009-01-20,2,3,8,0.190476
61,2006-07-01,2009-01-20,2,4,3,0.071429
61,2006-07-01,2009-01-20,2,5,2,0.047619
61,2006-07-01,2009-01-20,2,6,7,0.166667
61,2006-07-01,2009-01-20,2,7,5,0.119048
61,2006-07-01,2009-01-20,2,8,5,0.119048
61,2006-07-01,2009-01-20,2,9,5,0.119048
61,2006-07-01,2009-01-20,3,1,4,0.090909
61,2006-07-01,2009-01-20,3,2,0,0.0
61,2006-07-01,2009-01-20,3,3,8,0.181818
61,2006-07-01,2009-01-20,3,4,2,0.045455
61,2006-07-01,2009-01-20,3,5,4,0.090909
61,2006-07-01,2009-01-20,3,6,6,0.136364
61,2006-07-01,2009-01-20,3,7,6,0.136364
61,2006-07-01,2009-01-20,3,8,9,0.204545
61,2006-07-01,2009-01-20,3,9,5,0.113636
61,2006-07-01,2009-01-20,4,1,2,0.054054
61,2006-07-01,2009-01-20,4,2,5,0.135135
61,2006-07-01,2009-01-20,4,3,5,0.135135
61,2006-07-01,2009-01-20,4,4,5,0.135135
61,2006-07-01,2009-01-20,4,5,0,0.0
61,2006-07-01,2009-01-20,4,6,3,0.081081
61,2006-07-01,2009-01-20,4,7,4,0.108108
61,2006-07-01,2009-01-20,4,8,5,0.135135
61,2006-07-01,2009-01-20,4,9,8,0.216216
61,2006-07-01,2009-01-20,5,1,4,0.129032
61,2006-07-01,2009-01-20,5,2,1,0.032258
61,2006-07-01,2009-01-20,5,3,3,0.096774
61,2006-07-01,2009-01-20,5,4,2,0.064516
61,2006-07-01,2009-01-20,5,5,4,0.129032
61,2006-07-01,2009-01-20,5,6,2,0.064516
61,2006-07-01,2009-01-20,5,7,2,0.064516
61,2006-07-01,2009-01-20,5,8,6,0.193548
61,2006-07-01,2009-01-20,5,9,7,0.225806
61,2006-07-01,2009-01-20,6,1,5,0.1
61,2006-07-01,2009-01-20,6,2,7,0.14
61,2006-07-01,2009-01-20,6,3,8,0.16
61,2006-07-01,2009-01-20,6,4,2,0.04
61,2006-07-01,2009-01-20,6,5,5,0.1
61,2006-07-01,2009-01-20,6,6,4,0.08
61,2006-07-01,2009-01-20,6,7,2,0.04
61,2006-07-01,2009-01-20,6,8,10,0.2
61,2006-07-01,2009-01-20,6,9,7,0.14
61,2006-07-01,2009-01-20,7,1,4,0.102564
61,2006-07-01,2009-01-20,7,2,8,0.205128
61,2006-07-01,2009-01-20,7,3,2,0.051282
61,2006-07-01,2009-01-20,7,4,6,0.153846
61,2006-07-01,2009-01-20,7,5,6,0.153846
61,2006-07-01,2009-01-20,7,6,5,0.128205
61,2006-07-01,2009-01-20,7,7,4,0.102564
61,2006-07-01,2009-01-20,7,8,3,0.076923
61,2006-07-01,2009-01-20,7,9,1,0.025641
61,2006-07-01,2009-01-20,8,1,10,0.15625
61,2006-07-01,2009-01-20,8,2,11,0.171875
61,2006-07-01,2009-01-20,8,3,3,0.046875
61,2006-07-01,2009-01-20,8,4,6,0.09375
61,2006-07-01,2009-01-20,8,5,3,0.046875
61,2006-07-01,2009-01-20,8,6,8,0.125
61,2006-07-01,2009-01-20,8,7,6,0.09375
61,2006-07-01,2009-01-20,8,8,12,0.1875
61,2006-07-01,2009-01-20,8,9,5,0.078125
61,2006-07-01,2009-01-20,9,1,3,0.06383
61,2006-07-01,2009-01-20,9,2,4,0.085106
61,2006-07-01,2009-01-20,9,3,3,0.06383
61,2006-07-01,2009-01-20,9,4,8,0.170213
61,2006-07-01,2009-01-20,9,5,3,0.06383
61,2006-07-01,2009-01-20,9,6,7,0.148936
61,2006-07-01,2009-01-20,9,7,9,0.191489
61,2006-07-01,2009-01-20,9,8,5,0.106383
61,2006-07-01,2009-01-20,9,9,5,0.106383
62,2007-02-20,2009-09-10,1,1,7,0.145833
62,2007-02-20,2009-09-10,1,2,5,0.104167
62,2007-02-20,2009-09-10,1,3,7,0.145833
62,2007-02-20,2009-09-10,1,4,3,0.0625
62,2007-02-20,2009-09-10,1,5,2,0.041667
62,2007-02-20,2009-09-10,1,6,10,0.208333
62,2007-02-20,2009-09-10,1,7,2,0.041667
62,2007-02-20,2009-09-10,1,8,11,0.229167
62,2007-02-20,2009-09-10,1,9,1,0.020833
62,2007-02-20,2009-09-10,2,1,6,0.146341
62,2007-02-20,2009-09-10,2,2,2,0.04878
62,2007-02-20,2009-09-10,2,3,5,0.121951
62,2007-02-20,2009-09-10,2,4,5,0.121951
62,2007-02-20,2009-09-10,2,5,3,0.073171
62,2007-02-20,2009-09-10,2,6,7,0.170732
62,2007-02-20,2009-09-10,2,7,4,0.097561
62,2007-02-20,2009-09-10,2,8,5,0.121951
62,2007-02-20,2009-09-10,2,9,4,0.097561
62,2007-02-20,2009-09-10,3,1,6,0.12766
62,2007-02-20,2009-09-10,3,2,1,0.021277
62,2007-02-20,2009-09-10,3,3,7,0.148936
62,2007-02-20,2009-09-10,3,4,2,0.042553
62,2007-02-20,2009-09-10,3,5,5,0.106383
62,2007-02-20,2009-09-10,3,6,5,0.106383
62,2007-02-20,2009-09-10,3,7,5,0.106383
62,2007-02-20,2009-09-10,3,8,11,0.234043
62,2007-02-20,2009-09-10,3,9,5,0.106383
62,2007-02-20,2009-09-10,4,1,2,0.051282
62,2007-02-20,2009-09-10,4,2,6,0.153846
62,2007-02-20,2009-09-10,4,3,6,0.153846
62,2007-02-20,2009-09-10,4,4,5,0.128205
62,2007-02-20,2009-09-10,4,5,1,0.025641
62,2007-02-20,2009-09-10,4,6,4,0.102564
62,2007-02-20,2009-09-10,4,7,5,0.128205
62,2007-02-20,2009-09-10,4,8,4,0.102564
62,2007-02-20,2009-09-10,4,9,6,0.153846
62,2007-02-20,2009-09-10,5,1,7,0.189189
62,2007-02-20,2009-09-10,5,2,4,0.108108
62,2007-02-20,2009-09-10,5,3,3,0.081081
62,2007-02-20,2009-09-10,5,4,3,0.081081
62,2007-02-20,2009-09-10,5,5,6,0.162162
62,2007-02-20,2009-09-10,5,6,1,0.027027
62,2007-02-20,2009-09-10,5,7,3,0.081081
62,2007-02-20,2009-09-10,5,8,5,0.135135
62,2007-02-20,2009-09-10,5,9,5,0.135135
62,2007-02-20,2009-09-10,6,1,5,0.102041
62,2007-02-20,2009-09-10,6,2,5,0.102041
62,2007-02-20,2009-09-10,6,3,9,0.183673
62,2007-02-20,2009-09-10,6,4,2,0.040816
62,2007-02-20,2009-09-10,6,5,6,0.122449
62,2007-02-20,2009-09-10,6,6,4,0.081633
62,2007-02-20,2009-09-10,6,7,2,0.040816
62,2007-02-20,2009-09-10,6,8,8,0.163265
62,2007-02-20,2009-09-10,6,9,8,0.163265
62,2007-02-20,2009-09-10,7,1,3,0.081081
62,2007-02-20,2009-09-10,7,2,7,0.189189
62,2007-02-20,2009-09-10,7,3,2,0.054054
62,2007-02-20,2009-09-10,7,4,5,0.135135
62,2007-02-20,2009-09-10,7,5,5,0.135135
62,2007-02-20,2009-09-10,7,6,6,0.162162
62,2007-02-20,2009-09-10,7,7,3,0.081081
62,2007-02-20,2009-09-10,7,8,5,0.135135
62,2007-02-20,2009-09-10,7,9,1,0.027027
62,2007-02-20,2009-09-10,8,1,8,0.133333
62,2007-02-20,2009-09-10,8,2,7,0.116667
62,2007-02-20,2009-09-10,8,3,6,0.1
62,2007-02-20,2009-09-10,8,4,6,0.1
62,2007-02-20,2009-09-10,8,5,7,0.116667
62,2007-02-20,2009-09-10,8,6,6,0.1
62,2007-02-20,2009-09-10,8,7,5,0.083333
62,2007-02-20,2009-09-10,8,8,8,0.133333
62,2007-02-20,2009-09-10,8,9,7,0.116667
62,2007-02-20,2009-09-10,9,1,4,0.095238
62,2007-02-20,2009-09-10,9,2,3,0.071429
62,2007-02-20,2009-09-10,9,3,2,0.047619
62,2007-02-20,2009-09-10,9,4,8,0.190476
62,2007-02-20,2009-09-10,9,5,2,0.047619
62,2007-02-20,2009-09-10,9,6,7,0.166667
62,2007-02-20,2009-09-10,9,7,8,0.190476
62,2007-02-20,2009-09-10,9,8,3,0.071429
62,2007-02-20,2009-09-10,9,9,5,0.119048
63,2007-10-11,2010-05-03,1,1,5,0.113636
63,2007-10-11,2010-05-03,1,2,6,0.136364
63,2007-10-11,2010-05-03,1,3,6,0.136364
63,2007-10-11,2010-05-03,1,4,3,0.068182
63,2007-10-11,2010-05-03,1,5,3,0.068182
63,2007-10-11,2010-05-03,1,6,6,0.136364
63,2007-10-11,2010-05-03,1,7,4,0.090909
63,2007-10-11,2010-05-03,1,8,9,0.204545
63,2007-10-11,2010-05-03,1,9,2,0.045455
63,2007-10-11,2010-05-03,2,1,8,0.181818
63,2007-10-11,2010-05-03,2,2,4,0.090909
63,2007-10-11,2010-05-03,2,3,3,0.068182
63,2007-10-11,2010-05-03,2,4,5,0.113636
63,2007-10-11,2010-05-03,2,5,5,0.113636
63,2007-10-11,2010-05-03,2,6,8,0.181818
63,2007-10-11,2010-05-03,2,7,3,0.068182
63,2007-10-11,2010-05-03,2,8,5,0.113636
63,2007-10-11,2010-05-03,2,9,3,0.068182
63,2007-10-11,2010-05-03,3,1,5,0.111111
63,2007-10-11,2010-05-03,3,2,2,0.044444
63,2007-10-11,2010-05-03,3,3,7,0.155556
63,2007-10-11,2010-05-03,3,4,2,0.044444
63,2007-10-11,2010-05-03,3,5,6,0.133333
63,2007-10-11,2010-05-03,3,6,4,0.088889
63,2007-10-11,2010-05-03,3,7,4,0.088889
63,2007-10-11,2010-05-03,3,8,11,0.244444
63,2007-10-11,2010-05-03,3,9,4,0.088889
63,2007-10-11,2010-05-03,4,1,3,0.0625
63,2007-10-11,2010-05-03,4,2,7,0.145833
63,2007-10-11,2010-05-03,4,3,6,0.125
63,2007-10-11,2010-05-03,4,4,6,0.125
63,2007-10-11,2010-05-03,4,5,6,0.125
63,2007-10-11,2010-05-03,4,6,4,0.083333
63,2007-10-11,2010-05-03,4,7,4,0.083333
63,2007-10-11,2010-05-03,4,8,5,0.104167
63,2007-10-11,2010-05-03,4,9,7,0.145833
63,2007-10-11,2010-05-03,5,1,6,0.139535
63,2007-10-11,2010-05-03,5,2,5,0.116279
63,2007-10-11,2010-05-03,5,3,3,0.069767
63,2007-10-11,2010-05-03,5,4,10,0.232558
63,2007-10-11,2010-05-03,5,5,3,0.069767
63,2007-10-11,2010-05-03,5,6,1,0.023256
63,2007-10-11,2010-05-03,5,7,2,0.046512
63,2007-10-11,2010-05-03,5,8,6,0.139535
63,2007-10-11,2010-05-03,5,9,7,0.162791
63,2007-10-11,2010-05-03,6,1,3,0.069767
63,2007-10-11,2010-05-03,6,2,3,0.069767
63,2007-10-11,2010-05-03,6,3,8,0.186047
63,2007-10-11,2010-05-03,6,4,2,0.046512
63,2007-10-11,2010-05-03,6,5,6,0.139535
63,2007-10-11,2010-05-03,6,6,4,0.093023
63,2007-10-11,2010-05-03,6,7,3,0.069767
63,2007-10-11,2010-05-03,6,8,7,0.162791
63,2007-10-11,2010-05-03,6,9,7,0.162791
63,2007-10-11,2010-05-03,7,1,3,0.096774
63,2007-10-11,2010-05-03,7,2,5,0.16129
63,2007-10-11,2010-05-03,7,3,3,0.096774
63,2007-10-11,2010-05-03,7,4,4,0.129032
63,2007-10-11,2010-05-03,7,5,5,0.16129
63,2007-10-11,2010-05-03,7,6,3,0.096774
63,2007-10-11,2010-05-03,7,7,1,0.032258
63,2007-10-11,2010-05-03,7,8,6,0.193548
63,2007-10-11,2010-05-03,7,9,1,0.032258
63,2007-10-11,2010-05-03,8,1,8,0.133333
63,2007-10-11,2010-05-03,8,2,6,0.1
63,2007-10-11,2010-05-03,8,3,6,0.1
63,2007-10-11,2010-05-03,8,4,9,0.15
63,2007-10-11,2010-05-03,8,5,6,0.1
63,2007-10-11,2010-05-03,8,6,7,0.116667
63,2007-10-11,2010-05-03,8,7,3,0.05
63,2007-10-11,2010-05-03,8,8,9,0.15
63,2007-10-11,2010-05-03,8,9,6,0.1
63,2007-10-11,2010-05-03,9,1,3,0.071429
63,2007-10-11,2010-05-03,9,2,6,0.142857
63,2007-10-11,2010-05-03,9,3,3,0.071429
63,2007-10-11,2010-05-03,9,4,8,0.190476
63,2007-10-11,2010-05-03,9,5,3,0.071429
63,2007-10-11,2010-05-03,9,6,5,0.119048
63,2007-10-11,2010-05-03,9,7,7,0.166667
63,2007-10-11,2010-05-03,9,8,2,0.047619
63,2007-10-11,2010-05-03,9,9,5,0.119048
64,2008-05-31,2010-12-21,1,1,4,0.086957
64,2008-05-31,2010-12-21,1,2,5,0.108696
64,2008-05-31,2010-12-21,1,3,8,0.173913
64,2008-05-31,2010-12-21,1,4,5,0.108696
64,2008-05-31,2010-12-21,1,5,3,0.065217
64,2008-05-31,2010-12-21,1,6,5,0.108696
64,2008-05-31,2010-12-21,1,7,6,0.130435
64,2008-05-31,2010-12-21,1,8,8,0.173913
64,2008-05-31,2010-12-21,1,9,2,0.043478
64,2008-05-31,2010-12-21,2,1,8,0.173913
64,2008-05-31,2010-12-21,2,2,5,0.108696
64,2008-05-31,2010-12-21,2,3,4,0.086957
64,2008-05-31,2010-12-21,2,4,5,0.108696
64,2008-05-31,2010-12-21,2,5,6,0.130435
64,2008-05-31,2010-12-21,2,6,7,0.152174
64,2008-05-31,2010-12-21,2,7,3,0.065217
64,2008-05-31,2010-12-21,2,8,5,0.108696
64,2008-05-31,2010-12-21,2,9,3,0.065217
64,2008-05-31,2010-12-21,3,1,7,0.159091
64,2008-05-31,2010-12-21,3,2,4,0.090909
64,2008-05-31,2010-12-21,3,3,5,0.113636
64,2008-05-31,2010-12-21,3,4,2,0.045455
64,2008-05-31,2010-12-21,3,5,5,0.113636
64,2008-05-31,2010-12-21,3,6,7,0.159091
64,2008-05-31,2010-12-21,3,7,2,0.045455
64,2008-05-31,2010-12-21,3,8,9,0.204545
64,2008-05-31,2010-12-21,3,9,3,0.068182
64,2008-05-31,2010-12-21,4,1,3,0.0625
64,2008-05-31,2010-12-21,4,2,7,0.145833
64,2008-05-31,2010-12-21,4,3,6,0.125
64,2008-05-31,2010-12-21,4,4,7,0.145833
64,2008-05-31,2010-12-21,4,5,8,0.166667
64,2008-05-31,2010-12-21,4,6,4,0.083333
64,2008-05-31,2010-12-21,4,7,2,0.041667
64,2008-05-31,2010-12-21,4,8,4,0.083333
64,2008-05-31,2010-12-21,4,9,7,0.145833
64,2008-05-31,2010-12-21,5,1,8,0.163265
64,2008-05-31,2010-12-21,5,2,7,0.142857
64,2008-05-31,2010-12-21,5,3,3,0.061224
64,2008-05-31,2010-12-21,5,4,9,0.183673
64,2008-05-31,2010-12-21,5,5,5,0.102041
64,2008-05-31,2010-12-21,5,6,0,0.0
64,2008-05-31,2010-12-21,5,7,1,0.020408
64,2008-05-31,2010-12-21,5,8,7,0.142857
64,2008-05-31,2010-12-21,5,9,9,0.183673
64,2008-05-31,2010-12-21,6,1,4,0.095238
64,2008-05-31,2010-12-21,6,2,5,0.119048
64,2008-05-31,2010-12-21,6,3,5,0.119048
64,2008-05-31,2010-12-21,6,4,4,0.095238
64,2008-05-31,2010-12-21,6,5,5,0.119048
64,2008-05-31,2010-12-21,6,6,5,0.119048
64,2008-05-31,2010-12-21,6,7,3,0.071429
64,2008-05-31,2010-12-21,6,8,6,0.142857
64,2008-05-31,2010-12-21,6,9,5,0.119048
64,2008-05-31,2010-12-21,7,1,3,0.096774
64,2008-05-31,2010-12-21,7,2,3,0.096774
64,2008-05-31,2010-12-21,7,3,4,0.129032
64,2008-05-31,2010-12-21,7,4,2,0.064516
64,2008-05-31,2010-12-21,7,5,8,0.258065
64,2008-05-31,2010-12-21,7,6,3,0.096774
64,2008-05-31,2010-12-21,7,7,3,0.096774
64,2008-05-31,2010-12-21,7,8,4,0.129032
64,2008-05-31,2010-12-21,7,9,1,0.032258
64,2008-05-31,2010-12-21,8,1,4,0.071429
64,2008-05-31,2010-12-21,8,2,5,0.089286
64,2008-05-31,2010-12-21,8,3,5,0.089286
64,2008-05-31,2010-12-21,8,4,9,0.160714
64,2008-05-31,2010-12-21,8,5,8,0.142857
64,2008-05-31,2010-12-21,8,6,8,0.142857
64,2008-05-31,2010-12-21,8,7,4,0.071429
64,2008-05-31,2010-12-21,8,8,9,0.160714
64,2008-05-31,2010-12-21,8,9,4,0.071429
64,2008-05-31,2010-12-21,9,1,5,0.131579
64,2008-05-31,2010-12-21,9,2,5,0.131579
64,2008-05-31,2010-12-21,9,3,3,0.078947
64,2008-05-31,2010-12-21,9,4,5,0.131579
64,2008-05-31,2010-12-21,9,5,2,0.052632
64,2008-05-31,2010-12-21,9,6,3,0.078947
64,2008-05-31,2010-12-21,9,7,7,0.184211
64,2008-05-31,2010-12-21,9,8,4,0.105263
64,2008-05-31,2010-12-21,9,9,4,0.105263
65,2009-01-20,2011-08-11,1,1,4,0.08
65,2009-01-20,2011-08-11,1,2,6,0.12
65,2009-01-20,2011-08-11,1,3,7,0.14
65,2009-01-20,2011-08-11,1,4,7,0.14
65,2009-01-20,2011-08-11,1,5,2,0.04
65,2009-01-20,2011-08-11,1,6,6,0.12
65,2009-01-20,2011-08-11,1,7,9,0.18
65,2009-01-20,2011-08-11,1,8,6,0.12
65,2009-01-20,2011-08-11,1,9,3,0.06
65,2009-01-20,2011-08-11,2,1,7,0.155556
65,2009-01-20,2011-08-11,2,2,6,0.133333
65,2009-01-20,2011-08-11,2,3,4,0.088889
65,2009-01-20,2011-08-11,2,4,5,0.111111
65,2009-01-20,2011-08-11,2,5,6,0.133333
65,2009-01-20,2011-08-11,2,6,5,0.111111
65,2009-01-20,2011-08-11,2,7,3,0.066667
65,2009-01-20,2011-08-11,2,8,6,0.133333
65,2009-01-20,2011-08-11,2,9,3,0.066667
65,2009-01-20,2011-08-11,3,1,7,0.162791
65,2009-01-20,2011-08-11,3,2,7,0.162791
65,2009-01-20,2011-08-11,3,3,4,0.093023
65,2009-01-20,2011-08-11,3,4,4,0.093023
65,2009-01-20,2011-08-11,3,5,4,0.093023
65,2009-01-20,2011-08-11,3,6,5,0.116279
65,2009-01-20,2011-08-11,3,7,3,0.069767
65,2009-01-20,2011-08-11,3,8,6,0.139535
65,2009-01-20,2011-08-11,3,9,3,0.069767
65,2009-01-20,2011-08-11,4,1,7,0.134615
65,2009-01-20,2011-08-11,4,2,4,0.076923
65,2009-01-20,2011-08-11,4,3,6,0.115385
65,2009-01-20,2011-08-11,4,4,7,0.134615
65,2009-01-20,2011-08-11,4,5,12,0.230769
65,2009-01-20,2011-08-11,4,6,4,0.076923
65,2009-01-20,2011-08-11,4,7,2,0.038462
65,2009-01-20,2011-08-11,4,8,3,0.057692
65,2009-01-20,2011-08-11,4,9,7,0.134615
65,2009-01-20,2011-08-11,5,1,7,0.134615
65,2009-01-20,2011-08-11,5,2,9,0.173077
65,2009-01-20,2011-08-11,5,3,5,0.096154
65,2009-01-20,2011-08-11,5,4,10,0.192308
65,2009-01-20,2011-08-11,5,5,5,0.096154
65,2009-01-20,2011-08-11,5,6,2,0.038462
65,2009-01-20,2011-08-11,5,7,2,0.038462
65,2009-01-20,2011-08-11,5,8,2,0.038462
65,2009-01-20,2011-08-11,5,9,10,0.192308
65,2009-01-20,2011-08-11,6,1,6,0.15
65,2009-01-20,2011-08-11,6,2,5,0.125
65,2009-01-20,2011-08-11,6,3,3,0.075
65,2009-01-20,2011-08-11,6,4,4,0.1
65,2009-01-20,2011-08-11,6,5,5,0.125
65,2009-01-20,2011-08-11,6,6,5,0.125
65,2009-01-20,2011-08-11,6,7,2,0.05
65,2009-01-20,2011-08-11,6,8,4,0.1
65,2009-01-20,2011-08-11,6,9,6,0.15
65,2009-01-20,2011-08-11,7,1,3,0.078947
65,2009-01-20,2011-08-11,7,2,2,0.052632
65,2009-01-20,2011-08-11,7,3,4,0.105263
65,2009-01-20,2011-08-11,7,4,4,0.105263
65,2009-01-20,2011-08-11,7,5,9,0.236842
65,2009-01-20,2011-08-11,7,6,4,0.105263
65,2009-01-20,2011-08-11,7,7,4,0.105263
65,2009-01-20,2011-08-11,7,8,5,0.131579
65,2009-01-20,2011-08-11,7,9,3,0.078947
65,2009-01-20,2011-08-11,8,1,2,0.052632
65,2009-01-20,2011-08-11,8,2,3,0.078947
65,2009-01-20,2011-08-11,8,3,4,0.105263
65,2009-01-20,2011-08-11,8,4,5,0.131579
65,2009-01-20,2011-08-11,8,5,7,0.184211
65,2009-01-20,2011-08-11,8,6,6,0.157895
65,2009-01-20,2011-08-11,8,7,5,0.131579
65,2009-01-20,2011-08-11,8,8,2,0.052632
65,2009-01-20,2011-08-11,8,9,4,0.105263
65,2009-01-20,2011-08-11,9,1,7,0.166667
65,2009-01-20,2011-08-11,9,2,3,0.071429
65,2009-01-20,2011-08-11,9,3,6,0.142857
65,2009-01-20,2011-08-11,9,4,5,0.119048
65,2009-01-20,2011-08-11,9,5,2,0.047619
65,2009-01-20,2011-08-11,9,6,3,0.071429
65,2009-01-20,2011-08-11,9,7,8,0.190476
65,2009-01-20,2011-08-11,9,8,4,0.095238
65,2009-01-20,2011-08-11,9,9,4,0.095238
66,2009-09-10,2012-03-31,1,1,3,0.061224
66,2009-09-10,2012-03-31,1,2,5,0.102041
66,2009-09-10,2012-03-31,1,3,5,0.102041
66,2009-09-10,2012-03-31,1,4,8,0.163265
66,2009-09-10,2012-03-31,1,5,6,0.122449
66,2009-09-10,2012-03-31,1,6,5,0.102041
66,2009-09-10,2012-03-31,1,7,9,0.183673
66,2009-09-10,2012-03-31,1,8,4,0.081633
66,2009-09-10,2012-03-31,1,9,4,0.081633
66,2009-09-10,2012-03-31,2,1,6,0.139535
66,2009-09-10,2012-03-31,2,2,6,0.139535
66,2009-09-10,2012-03-31,2,3,5,0.116279
66,2009-09-10,2012-03-31,2,4,3,0.069767
66,2009-09-10,2012-03-31,2,5,5,0.116279
66,2009-09-10,2012-03-31,2,6,4,0.093023
66,2009-09-10,2012-03-31,2,7,4,0.093023
66,2009-09-10,2012-03-31,2,8,6,0.139535
66,2009-09-10,2012-03-31,2,9,4,0.093023
66,2009-09-10,2012-03-31,3,1,7,0.170732
66,2009-09-10,2012-03-31,3,2,7,0.170732
66,2009-09-10,2012-03-31,3,3,4,0.097561
66,2009-09-10,2012-03-31,3,4,4,0.097561
66,2009-09-10,2012-03-31,3,5,1,0.02439
66,2009-09-10,2012-03-31,3,6,5,0.121951
66,2009-09-10,2012-03-31,3,7,4,0.097561
66,2009-09-10,2012-03-31,3,8,5,0.121951
66,2009-09-10,2012-03-31,3,9,4,0.097561
66,2009-09-10,2012-03-31,4,1,8,0.148148
66,2009-09-10,2012-03-31,4,2,3,0.055556
66,2009-09-10,2012-03-31,4,3,5,0.092593
66,2009-09-10,2012-03-31,4,4,6,0.111111
66,2009-09-10,2012-03-31,4,5,13,0.240741
66,2009-09-10,2012-03-31,4,6,4,0.074074
66,2009-09-10,2012-03-31,4,7,2,0.037037
66,2009-09-10,2012-03-31,4,8,5,0.092593
66,2009-09-10,2012-03-31,4,9,8,0.148148
66,2009-09-10,2012-03-31,5,1,4,0.078431
66,2009-09-10,2012-03-31,5,2,9,0.176471
66,2009-09-10,2012-03-31,5,3,5,0.098039
66,2009-09-10,2012-03-31,5,4,9,0.176471
66,2009-09-10,2012-03-31,5,5,7,0.137255
66,2009-09-10,2012-03-31,5,6,3,0.058824
66,2009-09-10,2012-03-31,5,7,1,0.019608
66,2009-09-10,2012-03-31,5,8,2,0.039216
66,2009-09-10,2012-03-31,5,9,11,0.215686
66,2009-09-10,2012-03-31,6,1,8,0.195122
66,2009-09-10,2012-03-31,6,2,5,0.121951
66,2009-09-10,2012-03-31,6,3,4,0.097561
66,2009-09-10,2012-03-31,6,4,5,0.121951
66,2009-09-10,2012-03-31,6,5,3,0.073171
66,2009-09-10,2012-03-31,6,6,6,0.146341
66,2009-09-10,2012-03-31,6,7,3,0.073171
66,2009-09-10,2012-03-31,6,8,3,0.073171
66,2009-09-10,2012-03-31,6,9,4,0.097561
66,2009-09-10,2012-03-31,7,1,5,0.125
66,2009-09-10,2012-03-31,7,2,1,0.025
66,2009-09-10,2012-03-31,7,3,3,0.075
66,2009-09-10,2012-03-31,7,4,7,0.175
66,2009-09-10,2012-03-31,7,5,9,0.225
66,2009-09-10,2012-03-31,7,6,3,0.075
66,2009-09-10,2012-03-31,7,7,4,0.1
66,2009-09-10,2012-03-31,7,8,4,0.1
66,2009-09-10,2012-03-31,7,9,4,0.1
66,2009-09-10,2012-03-31,8,1,3,0.088235
66,2009-09-10,2012-03-31,8,2,4,0.117647
66,2009-09-10,2012-03-31,8,3,2,0.058824
66,2009-09-10,2012-03-31,8,4,6,0.176471
66,2009-09-10,2012-03-31,8,5,4,0.117647
66,2009-09-10,2012-03-31,8,6,6,0.176471
66,2009-09-10,2012-03-31,8,7,4,0.117647
66,2009-09-10,2012-03-31,8,8,2,0.058824
66,2009-09-10,2012-03-31,8,9,3,0.088235
66,2009-09-10,2012-03-31,9,1,5,0.106383
66,2009-09-10,2012-03-31,9,2,3,0.06383
66,2009-09-10,2012-03-31,9,3,8,0.170213
66,2009-09-10,2012-03-31,9,4,6,0.12766
66,2009-09-10,2012-03-31,9,5,3,0.06383
66,2009-09-10,2012-03-31,9,6,4,0.085106
66,2009-09-10,2012-03-31,9,7,10,0.212766
66,2009-09-10,2012-03-31,9,8,3,0.06383
66,2009-09-10,2012-03-31,9,9,5,0.106383
67,2010-05-03,2012-11-20,1,1,2,0.043478
67,2010-05-03,2012-11-20,1,2,3,0.065217
67,2010-05-03,2012-11-20,1,3,5,0.108696
67,2010-05-03,2012-11-20,1,4,7,0.152174
67,2010-05-03,2012-11-20,1,5,6,0.130435
67,2010-05-03,2012-11-20,1,6,6,0.130435
67,2010-05-03,2012-11-20,1,7,10,0.217391
67,2010-05-03,2012-11-20,1,8,4,0.086957
67,2010-05-03,2012-11-20,1,9,3,0.065217
67,2010-05-03,2012-11-20,2,1,3,0.076923
67,2010-05-03,2012-11-20,2,2,5,0.128205
67,2010-05-03,2012-11-20,2,3,5,0.128205
67,2010-05-03,2012-11-20,2,4,4,0.102564
67,2010-05-03,2012-11-20,2,5,3,0.076923
67,2010-05-03,2012-11-20,2,6,3,0.076923
67,2010-05-03,2012-11-20,2,7,6,0.153846
67,2010-05-03,2012-11-20,2,8,5,0.128205
67,2010-05-03,2012-11-20,2,9,5,0.128205
67,2010-05-03,2012-11-20,3,1,7,0.152174
67,2010-05-03,2012-11-20,3,2,9,0.195652
67,2010-05-03,2012-11-20,3,3,4,0.086957
67,2010-05-03,2012-11-20,3,4,4,0.086957
67,2010-05-03,2012-11-20,3,5,1,0.021739
67,2010-05-03,2012-11-20,3,6,6,0.130435
67,2010-05-03,2012-11-20,3,7,4,0.086957
67,2010-05-03,2012-11-20,3,8,6,0.130435
67,2010-05-03,2012-11-20,3,9,5,0.108696
67,2010-05-03,2012-11-20,4,1,8,0.156863
67,2010-05-03,2012-11-20,4,2,2,0.039216
67,2010-05-03,2012-11-20,4,3,7,0.137255
67,2010-05-03,2012-11-20,4,4,6,0.117647
67,2010-05-03,2012-11-20,4,5,9,0.176471
67,2010-05-03,2012-11-20,4,6,4,0.078431
67,2010-05-03,2012-11-20,4,7,3,0.058824
67,2010-05-03,2012-11-20,4,8,5,0.098039
67,2010-05-03,2012-11-20,4,9,7,0.137255
67,2010-05-03,2012-11-20,5,1,5,0.116279
67,2010-05-03,2012-11-20,5,2,8,0.186047
67,2010-05-03,2012-11-20,5,3,6,0.139535
67,2010-05-03,2012-11-20,5,4,1,0.023256
67,2010-05-03,2012-11-20,5,5,7,0.162791
67,2010-05-03,2012-11-20,5,6,3,0.069767
67,2010-05-03,2012-11-20,5,7,2,0.046512
67,2010-05-03,2012-11-20,5,8,2,0.046512
67,2010-05-03,2012-11-20,5,9,9,0.209302
67,2010-05-03,2012-11-20,6,1,10,0.232558
67,2010-05-03,2012-11-20,6,2,6,0.139535
67,2010-05-03,2012-11-20,6,3,5,0.116279
67,2010-05-03,2012-11-20,6,4,6,0.139535
67,2010-05-03,2012-11-20,6,5,2,0.046512
67,2010-05-03,2012-11-20,6,6,5,0.116279
67,2010-05-03,2012-11-20,6,7,3,0.069767
67,2010-05-03,2012-11-20,6,8,2,0.046512
67,2010-05-03,2012-11-20,6,9,4,0.093023
67,2010-05-03,2012-11-20,7,1,4,0.086957
67,2010-05-03,2012-11-20,7,2,3,0.065217
67,2010-05-03,2012-11-20,7,3,3,0.065217
67,2010-05-03,2012-11-20,7,4,9,0.195652
67,2010-05-03,2012-11-20,7,5,8,0.173913
67,2010-05-03,2012-11-20,7,6,6,0.130435
67,2010-05-03,2012-11-20,7,7,5,0.108696
67,2010-05-03,2012-11-20,7,8,3,0.065217
67,2010-05-03,2012-11-20,7,9,5,0.108696
67,2010-05-03,2012-11-20,8,1,2,0.055556
67,2010-05-03,2012-11-20,8,2,2,0.055556
67,2010-05-03,2012-11-20,8,3,4,0.111111
67,2010-05-03,2012-11-20,8,4,7,0.194444
67,2010-05-03,2012-11-20,8,5,4,0.111111
67,2010-05-03,2012-11-20,8,6,4,0.111111
67,2010-05-03,2012-11-20,8,7,4,0.111111
67,2010-05-03,2012-11-20,8,8,4,0.111111
67,2010-05-03,2012-11-20,8,9,5,0.138889
67,2010-05-03,2012-11-20,9,1,6,0.12
67,2010-05-03,2012-11-20,9,2,1,0.02
67,2010-05-03,2012-11-20,9,3,7,0.14
67,2010-05-03,2012-11-20,9,4,6,0.12
67,2010-05-03,2012-11-20,9,5,3,0.06
67,2010-05-03,2012-11-20,9,6,6,0.12
67,2010-05-03,2012-11-20,9,7,9,0.18
67,2010-05-03,2012-11-20,9,8,5,0.1
67,2010-05-03,2012-11-20,9,9,7,0.14
68,2010-12-21,2013-07-11,1,1,3,0.06383
68,2010-12-21,2013-07-11,1,2,5,0.106383
68,2010-12-21,2013-07-11,1,3,6,0.12766
68,2010-12-21,2013-07-11,1,4,5,0.106383
68,2010-12-21,2013-07-11,1,5,6,0.12766
68,2010-12-21,2013-07-11,1,6,4,0.085106
68,2010-12-21,2013-07-11,1,7,9,0.191489
68,2010-12-21,2013-07-11,1,8,5,0.106383
68,2010-12-21,2013-07-11,1,9,4,0.085106
68,2010-12-21,2013-07-11,2,1,4,0.105263
68,2010-12-21,2013-07-11,2,2,7,0.184211
68,2010-12-21,2013-07-11,2,3,4,0.105263
68,2010-12-21,2013-07-11,2,4,5,0.131579
68,2010-12-21,2013-07-11,2,5,3,0.078947
68,2010-12-21,2013-07-11,2,6,1,0.026316
68,2010-12-21,2013-07-11,2,7,4,0.105263
68,2010-12-21,2013-07-11,2,8,6,0.157895
68,2010-12-21,2013-07-11,2,9,4,0.105263
68,2010-12-21,2013-07-11,3,1,7,0.142857
68,2010-12-21,2013-07-11,3,2,9,0.183673
68,2010-12-21,2013-07-11,3,3,7,0.142857
68,2010-12-21,2013-07-11,3,4,5,0.102041
68,2010-12-21,2013-07-11,3,5,1,0.020408
68,2010-12-21,2013-07-11,3,6,4,0.081633
68,2010-12-21,2013-07-11,3,7,6,0.122449
68,2010-12-21,2013-07-11,3,8,5,0.102041
68,2010-12-21,2013-07-11,3,9,5,0.102041
68,2010-12-21,2013-07-11,4,1,7,0.137255
68,2010-12-21,2013-07-11,4,2,2,0.039216
68,2010-12-21,2013-07-11,4,3,5,0.098039
68,2010-12-21,2013-07-11,4,4,6,0.117647
68,2010-12-21,2013-07-11,4,5,10,0.196078
68,2010-12-21,2013-07-11,4,6,6,0.117647
68,2010-12-21,2013-07-11,4,7,3,0.058824
68,2010-12-21,2013-07-11,4,8,6,0.117647
68,2010-12-21,2013-07-11,4,9,6,0.117647
68,2010-12-21,2013-07-11,5,1,5,0.102041
68,2010-12-21,2013-07-11,5,2,6,0.122449
68,2010-12-21,2013-07-11,5,3,6,0.122449
68,2010-12-21,2013-07-11,5,4,5,0.102041
68,2010-12-21,2013-07-11,5,5,8,0.163265
68,2010-12-21,2013-07-11,5,6,4,0.081633
68,2010-12-21,2013-07-11,5,7,6,0.122449
68,2010-12-21,2013-07-11,5,8,1,0.020408
68,2010-12-21,2013-07-11,5,9,8,0.163265
68,2010-12-21,2013-07-11,6,1,8,0.210526
68,2010-12-21,2013-07-11,6,2,3,0.078947
68,2010-12-21,2013-07-11,6,3,5,0.131579
68,2010-12-21,2013-07-11,6,4,5,0.131579
68,2010-12-21,2013-07-11,6,5,4,0.105263
68,2010-12-21,2013-07-11,6,6,3,0.078947
68,2010-12-21,2013-07-11,6,7,4,0.105263
68,2010-12-21,2013-07-11,6,8,1,0.026316
68,2010-12-21,2013-07-11,6,9,5,0.131579
68,2010-12-21,2013-07-11,7,1,4,0.090909
68,2010-12-21,2013-07-11,7,2,2,0.045455
68,2010-12-21,2013-07-11,7,3,4,0.090909
68,2010-12-21,2013-07-11,7,4,8,0.181818
68,2010-12-21,2013-07-11,7,5,6,0.136364
68,2010-12-21,2013-07-11,7,6,8,0.181818
68,2010-12-21,2013-07-11,7,7,3,0.068182
68,2010-12-21,2013-07-11,7,8,3,0.068182
68,2010-12-21,2013-07-11,7,9,6,0.136364
68,2010-12-21,2013-07-11,8,1,5,0.147059
68,2010-12-21,2013-07-11,8,2,1,0.029412
68,2010-12-21,2013-07-11,8,3,5,0.147059
68,2010-12-21,2013-07-11,8,4,6,0.176471
68,2010-12-21,2013-07-11,8,5,4,0.117647
68,2010-12-21,2013-07-11,8,6,2,0.058824
68,2010-12-21,2013-07-11,8,7,1,0.029412
68,2010-12-21,2013-07-11,8,8,4,0.117647
68,2010-12-21,2013-07-11,8,9,6,0.176471
68,2010-12-21,2013-07-11,9,1,4,0.08
68,2010-12-21,2013-07-11,9,2,3,0.06
68,2010-12-21,2013-07-11,9,3,7,0.14
68,2010-12-21,2013-07-11,9,4,6,0.12
68,2010-12-21,2013-07-11,9,5,6,0.12
68,2010-12-21,2013-07-11,9,6,6,0.12
68,2010-12-21,2013-07-11,9,7,8,0.16
68,2010-12-21,2013-07-11,9,8,3,0.06
68,2010-12-21,2013-07-11,9,9,7,0.14
69,2011-08-11,2014-03-01,1,1,2,0.046512
69,2011-08-11,2014-03-01,1,2,5,0.116279
69,2011-08-11,2014-03-01,1,3,6,0.139535
69,2011-08-11,2014-03-01,1,4,3,0.069767
69,2011-08-11,2014-03-01,1,5,7,0.162791
69,2011-08-11,2014-03-01,1,6,4,0.093023
69,2011-08-11,2014-03-01,1,7,7,0.162791
69,2011-08-11,2014-03-01,1,8,5,0.116279
69,2011-08-11,2014-03-01,1,9,4,0.093023
69,2011-08-11,2014-03-01,2,1,4,0.097561
69,2011-08-11,2014-03-01,2,2,5,0.121951
69,2011-08-11,2014-03-01,2,3,5,0.121951
69,2011-08-11,2014-03-01,2,4,3,0.073171
69,2011-08-11,2014-03-01,2,5,6,0.146341
69,2011-08-11,2014-03-01,2,6,1,0.02439
69,2011-08-11,2014-03-01,2,7,5,0.121951
69,2011-08-11,2014-03-01,2,8,6,0.146341
69,2011-08-11,2014-03-01,2,9,6,0.146341
69,2011-08-11,2014-03-01,3,1,6,0.111111
69,2011-08-11,2014-03-01,3,2,8,0.148148
69,2011-08-11,2014-03-01,3,3,10,0.185185
69,2011-08-11,2014-03-01,3,4,5,0.092593
69,2011-08-11,2014-03-01,3,5,2,0.037037
69,2011-08-11,2014-03-01,3,6,5,0.092593
69,2011-08-11,2014-03-01,3,7,6,0.111111
69,2011-08-11,2014-03-01,3,8,5,0.092593
69,2011-08-11,2014-03-01,3,9,7,0.12963
69,2011-08-11,2014-03-01,4,1,6,0.142857
69,2011-08-11,2014-03-01,4,2,3,0.071429
69,2011-08-11,2014-03-01,4,3,4,0.095238
69,2011-08-11,2014-03-01,4,4,5,0.119048
69,2011-08-11,2014-03-01,4,5,8,0.190476
69,2011-08-11,2014-03-01,4,6,4,0.095238
69,2011-08-11,2014-03-01,4,7,2,0.047619
69,2011-08-11,2014-03-01,4,8,6,0.142857
69,2011-08-11,2014-03-01,4,9,4,0.095238
69,2011-08-11,2014-03-01,5,1,7,0.12963
69,2011-08-11,2014-03-01,5,2,6,0.111111
69,2011-08-11,2014-03-01,5,3,7,0.12963
69,2011-08-11,2014-03-01,5,4,6,0.111111
69,2011-08-11,2014-03-01,5,5,8,0.148148
69,2011-08-11,2014-03-01,5,6,4,0.074074
69,2011-08-11,2014-03-01,5,7,6,0.111111
69,2011-08-11,2014-03-01,5,8,4,0.074074
69,2011-08-11,2014-03-01,5,9,6,0.111111
69,2011-08-11,2014-03-01,6,1,8,0.205128
69,2011-08-11,2014-03-01,6,2,3,0.076923
69,2011-08-11,2014-03-01,6,3,6,0.153846
69,2011-08-11,2014-03-01,6,4,5,0.128205
69,2011-08-11,2014-03-01,6,5,3,0.076923
69,2011-08-11,2014-03-01,6,6,3,0.076923
69,2011-08-11,2014-03-01,6,7,5,0.128205
69,2011-08-11,2014-03-01,6,8,3,0.076923
69,2011-08-11,2014-03-01,6,9,3,0.076923
69,2011-08-11,2014-03-01,7,1,3,0.073171
69,2011-08-11,2014-03-01,7,2,4,0.097561
69,2011-08-11,2014-03-01,7,3,4,0.097561
69,2011-08-11,2014-03-01,7,4,5,0.121951
69,2011-08-11,2014-03-01,7,5,3,0.073171
69,2011-08-11,2014-03-01,7,6,9,0.219512
69,2011-08-11,2014-03-01,7,7,5,0.121951
69,2011-08-11,2014-03-01,7,8,4,0.097561
69,2011-08-11,2014-03-01,7,9,4,0.097561
69,2011-08-11,2014-03-01,8,1,6,0.146341
69,2011-08-11,2014-03-01,8,2,3,0.073171
69,2011-08-11,2014-03-01,8,3,8,0.195122
69,2011-08-11,2014-03-01,8,4,5,0.121951
69,2011-08-11,2014-03-01,8,5,9,0.219512
69,2011-08-11,2014-03-01,8,6,2,0.04878
69,2011-08-11,2014-03-01,8,7,0,0.0
69,2011-08-11,2014-03-01,8,8,4,0.097561
69,2011-08-11,2014-03-01,8,9,4,0.097561
69,2011-08-11,2014-03-01,9,1,1,0.022222
69,2011-08-11,2014-03-01,9,2,4,0.088889
69,2011-08-11,2014-03-01,9,3,4,0.088889
69,2011-08-11,2014-03-01,9,4,5,0.111111
69,2011-08-11,2014-03-01,9,5,8,0.177778
69,2011-08-11,2014-03-01,9,6,7,0.155556
69,2011-08-11,2014-03-01,9,7,5,0.111111
69,2011-08-11,2014-03-01,9,8,4,0.088889
69,2011-08-11,2014-03-01,9,9,7,0.155556
70,2012-03-31,2014-10-21,1,1,3,0.071429
70,2012-03-31,2014-10-21,1,2,5,0.119048
70,2012-03-31,2014-10-21,1,3,7,0.166667
70,2012-03-31,2014-10-21,1,4,3,0.071429
70,2012-03-31,2014-10-21,1,5,3,0.071429
70,2012-03-31,2014-10-21,1,6,4,0.095238
70,2012-03-31,2014-10-21,1,7,8,0.190476
70,2012-03-31,2014-10-21,1,8,5,0.119048
70,2012-03-31,2014-10-21,1,9,4,0.095238
70,2012-03-31,2014-10-21,2,1,4,0.108108
70,2012-03-31,2014-10-21,2,2,4,0.108108
70,2012-03-31,2014-10-21,2,3,5,0.135135
70,2012-03-31,2014-10-21,2,4,3,0.081081
70,2012-03-31,2014-10-21,2,5,5,0.135135
70,2012-03-31,2014-10-21,2,6,3,0.081081
70,2012-03-31,2014-10-21,2,7,4,0.108108
70,2012-03-31,2014-10-21,2,8,4,0.108108
70,2012-03-31,2014-10-21,2,9,5,0.135135
70,2012-03-31,2014-10-21,3,1,3,0.056604
70,2012-03-31,2014-10-21,3,2,8,0.150943
70,2012-03-31,2014-10-21,3,3,12,0.226415
70,2012-03-31,2014-10-21,3,4,4,0.075472
70,2012-03-31,2014-10-21,3,5,3,0.056604
70,2012-03-31,2014-10-21,3,6,5,0.09434
70,2012-03-31,2014-10-21,3,7,6,0.113208
70,2012-03-31,2014-10-21,3,8,6,0.113208
70,2012-03-31,2014-10-21,3,9,6,0.113208
70,2012-03-31,2014-10-21,4,1,5,0.121951
70,2012-03-31,2014-10-21,4,2,2,0.04878
70,2012-03-31,2014-10-21,4,3,4,0.097561
70,2012-03-31,2014-10-21,4,4,7,0.170732
70,2012-03-31,2014-10-21,4,5,7,0.170732
70,2012-03-31,2014-10-21,4,6,5,0.121951
70,2012-03-31,2014-10-21,4,7,3,0.073171
70,2012-03-31,2014-10-21,4,8,5,0.121951
70,2012-03-31,2014-10-21,4,9,3,0.073171
70,2012-03-31,2014-10-21,5,1,8,0.166667
70,2012-03-31,2014-10-21,5,2,3,0.0625
70,2012-03-31,2014-10-21,5,3,5,0.104167
70,2012-03-31,2014-10-21,5,4,8,0.166667
70,2012-03-31,2014-10-21,5,5,4,0.083333
70,2012-03-31,2014-10-21,5,6,4,0.083333
70,2012-03-31,2014-10-21,5,7,6,0.125
70,2012-03-31,2014-10-21,5,8,5,0.104167
70,2012-03-31,2014-10-21,5,9,5,0.104167
70,2012-03-31,2014-10-21,6,1,8,0.190476
70,2012-03-31,2014-10-21,6,2,2,0.047619
70,2012-03-31,2014-10-21,6,3,4,0.095238
70,2012-03-31,2014-10-21,6,4,5,0.119048
70,2012-03-31,2014-10-21,6,5,4,0.095238
70,2012-03-31,2014-10-21,6,6,4,0.095238
70,2012-03-31,2014-10-21,6,7,5,0.119048
70,2012-03-31,2014-10-21,6,8,6,0.142857
70,2012-03-31,2014-10-21,6,9,4,0.095238
70,2012-03-31,2014-10-21,7,1,2,0.046512
70,2012-03-31,2014-10-21,7,2,5,0.116279
70,2012-03-31,2014-10-21,7,3,6,0.139535
70,2012-03-31,2014-10-21,7,4,4,0.093023
70,2012-03-31,2014-10-21,7,5,3,0.069767
70,2012-03-31,2014-10-21,7,6,10,0.232558
70,2012-03-31,2014-10-21,7,7,5,0.116279
70,2012-03-31,2014-10-21,7,8,5,0.116279
70,2012-03-31,2014-10-21,7,9,3,0.069767
70,2012-03-31,2014-10-21,8,1,5,0.104167
70,2012-03-31,2014-10-21,8,2,3,0.0625
70,2012-03-31,2014-10-21,8,3,8,0.166667
70,2012-03-31,2014-10-21,8,4,4,0.083333
70,2012-03-31,2014-10-21,8,5,10,0.208333
70,2012-03-31,2014-10-21,8,6,2,0.041667
70,2012-03-31,2014-10-21,8,7,2,0.041667
70,2012-03-31,2014-10-21,8,8,7,0.145833
70,2012-03-31,2014-10-21,8,9,7,0.145833
70,2012-03-31,2014-10-21,9,1,4,0.086957
70,2012-03-31,2014-10-21,9,2,5,0.108696
70,2012-03-31,2014-10-21,9,3,2,0.043478
70,2012-03-31,2014-10-21,9,4,3,0.065217
70,2012-03-31,2014-10-21,9,5,9,0.195652
70,2012-03-31,2014-10-21,9,6,5,0.108696
70,2012-03-31,2014-10-21,9,7,3,0.065217
70,2012-03-31,2014-10-21,9,8,6,0.130435
70,2012-03-31,2014-10-21,9,9,9,0.195652
71,2012-11-20,2015-06-11,1,1,3,0.073171
71,2012-11-20,2015-06-11,1,2,4,0.097561
71,2012-11-20,2015-06-11,1,3,6,0.146341
71,2012-11-20,2015-06-11,1,4,3,0.073171
71,2012-11-20,2015-06-11,1,5,3,0.073171
71,2012-11-20,2015-06-11,1,6,7,0.170732
71,2012-11-20,2015-06-11,1,7,7,0.170732
71,2012-11-20,2015-06-11,1,8,4,0.097561
71,2012-11-20,2015-06-11,1,9,4,0.097561
71,2012-11-20,2015-06-11,2,1,5,0.138889
71,2012-11-20,2015-06-11,2,2,5,0.138889
71,2012-11-20,2015-06-11,2,3,5,0.138889
71,2012-11-20,2015-06-11,2,4,2,0.055556
71,2012-11-20,2015-06-11,2,5,5,0.138889
71,2012-11-20,2015-06-11,2,6,4,0.111111
71,2012-11-20,2015-06-11,2,7,2,0.055556
71,2012-11-20,2015-06-11,2,8,5,0.138889
71,2012-11-20,2015-06-11,2,9,3,0.083333
71,2012-11-20,2015-06-11,3,1,2,0.038462
71,2012-11-20,2015-06-11,3,2,5,0.096154
71,2012-11-20,2015-06-11,3,3,13,0.25
71,2012-11-20,2015-06-11,3,4,8,0.153846
71,2012-11-20,2015-06-11,3,5,4,0.076923
71,2012-11-20,2015-06-11,3,6,4,0.076923
71,2012-11-20,2015-06-11,3,7,6,0.115385
71,2012-11-20,2015-06-11,3,8,5,0.096154
71,2012-11-20,2015-06-11,3,9,5,0.096154
71,2012-11-20,2015-06-11,4,1,5,0.142857
71,2012-11-20,2015-06-11,4,2,3,0.085714
71,2012-11-20,2015-06-11,4,3,3,0.085714
71,2012-11-20,2015-06-11,4,4,4,0.114286
71,2012-11-20,2015-06-11,4,5,7,0.2
71,2012-11-20,2015-06-11,4,6,4,0.114286
71,2012-11-20,2015-06-11,4,7,4,0.114286
71,2012-11-20,2015-06-11,4,8,3,0.085714
71,2012-11-20,2015-06-11,4,9,2,0.057143
71,2012-11-20,2015-06-11,5,1,8,0.145455
71,2012-11-20,2015-06-11,5,2,5,0.090909
71,2012-11-20,2015-06-11,5,3,7,0.127273
71,2012-11-20,2015-06-11,5,4,8,0.145455
71,2012-11-20,2015-06-11,5,5,4,0.072727
71,2012-11-20,2015-06-11,5,6,6,0.109091
71,2012-11-20,2015-06-11,5,7,6,0.109091
71,2012-11-20,2015-06-11,5,8,7,0.127273
71,2012-11-20,2015-06-11,5,9,4,0.072727
71,2012-11-20,2015-06-11,6,1,6,0.122449
71,2012-11-20,2015-06-11,6,2,1,0.020408
71,2012-11-20,2015-06-11,6,3,6,0.122449
71,2012-11-20,2015-06-11,6,4,4,0.081633
71,2012-11-20,2015-06-11,6,5,4,0.081633
71,2012-11-20,2015-06-11,6,6,8,0.163265
71,2012-11-20,2015-06-11,6,7,8,0.163265
71,2012-11-20,2015-06-11,6,8,8,0.163265
71,2012-11-20,2015-06-11,6,9,4,0.081633
71,2012-11-20,2015-06-11,7,1,2,0.045455
71,2012-11-20,2015-06-11,7,2,4,0.090909
71,2012-11-20,2015-06-11,7,3,6,0.136364
71,2012-11-20,2015-06-11,7,4,3,0.068182
71,2012-11-20,2015-06-11,7,5,8,0.181818
71,2012-11-20,2015-06-11,7,6,9,0.204545
71,2012-11-20,2015-06-11,7,7,4,0.090909
71,2012-11-20,2015-06-11,7,8,4,0.090909
71,2012-11-20,2015-06-11,7,9,4,0.090909
71,2012-11-20,2015-06-11,8,1,6,0.130435
71,2012-11-20,2015-06-11,8,2,4,0.086957
71,2012-11-20,2015-06-11,8,3,5,0.108696
71,2012-11-20,2015-06-11,8,4,2,0.043478
71,2012-11-20,2015-06-11,8,5,11,0.23913
71,2012-11-20,2015-06-11,8,6,3,0.065217
71,2012-11-20,2015-06-11,8,7,3,0.065217
71,2012-11-20,2015-06-11,8,8,5,0.108696
71,2012-11-20,2015-06-11,8,9,7,0.152174
71,2012-11-20,2015-06-11,9,1,4,0.095238
71,2012-11-20,2015-06-11,9,2,5,0.119048
71,2012-11-20,2015-06-11,9,3,1,0.02381
71,2012-11-20,2015-06-11,9,4,1,0.02381
71,2012-11-20,2015-06-11,9,5,9,0.214286
71,2012-11-20,2015-06-11,9,6,4,0.095238
71,2012-11-20,2015-06-11,9,7,4,0.095238
71,2012-11-20,2015-06-11,9,8,5,0.119048
71,2012-11-20,2015-06-11,9,9,9,0.214286
72,2013-07-11,2016-01-30,1,1,3,0.076923
72,2013-07-11,2016-01-30,1,2,3,0.076923
72,2013-07-11,2016-01-30,1,3,4,0.102564
72,2013-07-11,2016-01-30,1,4,5,0.128205
72,2013-07-11,2016-01-30,1,5,3,0.076923
72,2013-07-11,2016-01-30,1,6,7,0.179487
72,2013-07-11,2016-01-30,1,7,9,0.230769
72,2013-07-11,2016-01-30,1,8,3,0.076923
72,2013-07-11,2016-01-30,1,9,2,0.051282
72,2013-07-11,2016-01-30,2,1,5,0.131579
72,2013-07-11,2016-01-30,2,2,2,0.052632
72,2013-07-11,2016-01-30,2,3,5,0.131579
72,2013-07-11,2016-01-30,2,4,3,0.078947
72,2013-07-11,2016-01-30,2,5,7,0.184211
72,2013-07-11,2016-01-30,2,6,5,0.131579
72,2013-07-11,2016-01-30,2,7,3,0.078947
72,2013-07-11,2016-01-30,2,8,4,0.105263
72,2013-07-11,2016-01-30,2,9,4,0.105263
72,2013-07-11,2016-01-30,3,1,0,0.0
72,2013-07-11,2016-01-30,3,2,5,0.106383
72,2013-07-11,2016-01-30,3,3,10,0.212766
72,2013-07-11,2016-01-30,3,4,9,0.191489
72,2013-07-11,2016-01-30,3,5,6,0.12766
72,2013-07-11,2016-01-30,3,6,4,0.085106
72,2013-07-11,2016-01-30,3,7,3,0.06383
72,2013-07-11,2016-01-30,3,8,5,0.106383
72,2013-07-11,2016-01-30,3,9,5,0.106383
72,2013-07-11,2016-01-30,4,1,5,0.108696
72,2013-07-11,2016-01-30,4,2,6,0.130435
72,2013-07-11,2016-01-30,4,3,5,0.108696
72,2013-07-11,2016-01-30,4,4,4,0.086957
72,2013-07-11,2016-01-30,4,5,6,0.130435
72,2013-07-11,2016-01-30,4,6,5,0.108696
72,2013-07-11,2016-01-30,4,7,5,0.108696
72,2013-07-11,2016-01-30,4,8,4,0.086957
72,2013-07-11,2016-01-30,4,9,6,0.130435
72,2013-07-11,2016-01-30,5,1,10,0.208333
72,2013-07-11,2016-01-30,5,2,5,0.104167
72,2013-07-11,2016-01-30,5,3,6,0.125
72,2013-07-11,2016-01-30,5,4,6,0.125
72,2013-07-11,2016-01-30,5,5,1,0.020833
72,2013-07-11,2016-01-30,5,6,5,0.104167
72,2013-07-11,2016-01-30,5,7,5,0.104167
72,2013-07-11,2016-01-30,5,8,8,0.166667
72,2013-07-11,2016-01-30,5,9,2,0.041667
72,2013-07-11,2016-01-30,6,1,6,0.125
72,2013-07-11,2016-01-30,6,2,1,0.020833
72,2013-07-11,2016-01-30,6,3,6,0.125
72,2013-07-11,2016-01-30,6,4,4,0.083333
72,2013-07-11,2016-01-30,6,5,2,0.041667
72,2013-07-11,2016-01-30,6,6,8,0.166667
72,2013-07-11,2016-01-30,6,7,8,0.166667
72,2013-07-11,2016-01-30,6,8,9,0.1875
72,2013-07-11,2016-01-30,6,9,4,0.083333
72,2013-07-11,2016-01-30,7,1,2,0.047619
72,2013-07-11,2016-01-30,7,2,7,0.166667
72,2013-07-11,2016-01-30,7,3,4,0.095238
72,2013-07-11,2016-01-30,7,4,6,0.142857
72,2013-07-11,2016-01-30,7,5,6,0.142857
72,2013-07-11,2016-01-30,7,6,6,0.142857
72,2013-07-11,2016-01-30,7,7,3,0.071429
72,2013-07-11,2016-01-30,7,8,5,0.119048
72,2013-07-11,2016-01-30,7,9,3,0.071429
72,2013-07-11,2016-01-30,8,1,4,0.085106
72,2013-07-11,2016-01-30,8,2,4,0.085106
72,2013-07-11,2016-01-30,8,3,6,0.12766
72,2013-07-11,2016-01-30,8,4,5,0.106383
72,2013-07-11,2016-01-30,8,5,10,0.212766
72,2013-07-11,2016-01-30,8,6,3,0.06383
72,2013-07-11,2016-01-30,8,7,3,0.06383
72,2013-07-11,2016-01-30,8,8,5,0.106383
72,2013-07-11,2016-01-30,8,9,7,0.148936
72,2013-07-11,2016-01-30,9,1,4,0.088889
72,2013-07-11,2016-01-30,9,2,5,0.111111
72,2013-07-11,2016-01-30,9,3,1,0.022222
72,2013-07-11,2016-01-30,9,4,4,0.088889
72,2013-07-11,2016-01-30,9,5,7,0.155556
72,2013-07-11,2016-01-30,9,6,5,0.111111
72,2013-07-11,2016-01-30,9,7,3,0.066667
72,2013-07-11,2016-01-30,9,8,4,0.088889
72,2013-07-11,2016-01-30,9,9,12,0.266667
73,2014-03-01,2016-09-20,1,1,6,0.146341
73,2014-03-01,2016-09-20,1,2,2,0.04878
73,2014-03-01,2016-09-20,1,3,4,0.097561
73,2014-03-01,2016-09-20,1,4,4,0.097561
73,2014-03-01,2016-09-20,1,5,2,0.04878
73,2014-03-01,2016-09-20,1,6,7,0.170732
73,2014-03-01,2016-09-20,1,7,8,0.195122
73,2014-03-01,2016-09-20,1,8,5,0.121951
73,2014-03-01,2016-09-20,1,9,3,0.073171
73,2014-03-01,2016-09-20,2,1,5,0.128205
73,2014-03-01,2016-09-20,2,2,6,0.153846
73,2014-03-01,2016-09-20,2,3,5,0.128205
73,2014-03-01,2016-09-20,2,4,3,0.076923
73,2014-03-01,2016-09-20,2,5,5,0.128205
73,2014-03-01,2016-09-20,2,6,5,0.128205
73,2014-03-01,2016-09-20,2,7,3,0.076923
73,2014-03-01,2016-09-20,2,8,6,0.153846
73,2014-03-01,2016-09-20,2,9,1,0.025641
73,2014-03-01,2016-09-20,3,1,1,0.023256
73,2014-03-01,2016-09-20,3,2,4,0.093023
73,2014-03-01,2016-09-20,3,3,9,0.209302
73,2014-03-01,2016-09-20,3,4,7,0.162791
73,2014-03-01,2016-09-20,3,5,5,0.116279
73,2014-03-01,2016-09-20,3,6,4,0.093023
73,2014-03-01,2016-09-20,3,7,6,0.139535
73,2014-03-01,2016-09-20,3,8,4,0.093023
73,2014-03-01,2016-09-20,3,9,3,0.069767
73,2014-03-01,2016-09-20,4,1,2,0.042553
73,2014-03-01,2016-09-20,4,2,6,0.12766
73,2014-03-01,2016-09-20,4,3,4,0.085106
73,2014-03-01,2016-09-20,4,4,4,0.085106
73,2014-03-01,2016-09-20,4,5,6,0.12766
73,2014-03-01,2016-09-20,4,6,9,0.191489
73,2014-03-01,2016-09-20,4,7,5,0.106383
73,2014-03-01,2016-09-20,4,8,5,0.106383
73,2014-03-01,2016-09-20,4,9,6,0.12766
73,2014-03-01,2016-09-20,5,1,10,0.243902
73,2014-03-01,2016-09-20,5,2,5,0.121951
73,2014-03-01,2016-09-20,5,3,3,0.073171
73,2014-03-01,2016-09-20,5,4,6,0.146341
73,2014-03-01,2016-09-20,5,5,1,0.02439
73,2014-03-01,2016-09-20,5,6,3,0.073171
73,2014-03-01,2016-09-20,5,7,4,0.097561
73,2014-03-01,2016-09-20,5,8,7,0.170732
73,2014-03-01,2016-09-20,5,9,2,0.04878
73,2014-03-01,2016-09-20,6,1,5,0.098039
73,2014-03-01,2016-09-20,6,2,3,0.058824
73,2014-03-01,2016-09-20,6,3,5,0.098039
73,2014-03-01,2016-09-20,6,4,3,0.058824
73,2014-03-01,2016-09-20,6,5,4,0.078431
73,2014-03-01,2016-09-20,6,6,10,0.196078
73,2014-03-01,2016-09-20,6,7,7,0.137255
73,2014-03-01,2016-09-20,6,8,9,0.176471
73,2014-03-01,2016-09-20,6,9,5,0.098039
73,2014-03-01,2016-09-20,7,1,2,0.04878
73,2014-03-01,2016-09-20,7,2,5,0.121951
73,2014-03-01,2016-09-20,7,3,4,0.097561
73,2014-03-01,2016-09-20,7,4,10,0.243902
73,2014-03-01,2016-09-20,7,5,6,0.146341
73,2014-03-01,2016-09-20,7,6,4,0.097561
73,2014-03-01,2016-09-20,7,7,1,0.02439
73,2014-03-01,2016-09-20,7,8,4,0.097561
73,2014-03-01,2016-09-20,7,9,5,0.121951
73,2014-03-01,2016-09-20,8,1,4,0.074074
73,2014-03-01,2016-09-20,8,2,3,0.055556
73,2014-03-01,2016-09-20,8,3,6,0.111111
73,2014-03-01,2016-09-20,8,4,7,0.12963
73,2014-03-01,2016-09-20,8,5,8,0.148148
73,2014-03-01,2016-09-20,8,6,5,0.092593
73,2014-03-01,2016-09-20,8,7,3,0.055556
73,2014-03-01,2016-09-20,8,8,11,0.203704
73,2014-03-01,2016-09-20,8,9,7,0.12963
73,2014-03-01,2016-09-20,9,1,6,0.139535
73,2014-03-01,2016-09-20,9,2,5,0.116279
73,2014-03-01,2016-09-20,9,3,3,0.069767
73,2014-03-01,2016-09-20,9,4,3,0.069767
73,2014-03-01,2016-09-20,9,5,4,0.093023
73,2014-03-01,2016-09-20,9,6,4,0.093023
73,2014-03-01,2016-09-20,9,7,4,0.093023
73,2014-03-01,2016-09-20,9,8,3,0.069767
73,2014-03-01,2016-09-20,9,9,11,0.255814
74,2014-10-21,2017-05-11,1,1,6,0.133333
74,2014-10-21,2017-05-11,1,2,2,0.044444
74,2014-10-21,2017-05-11,1,3,4,0.088889
74,2014-10-21,2017-05-11,1,4,2,0.044444
74,2014-10-21,2017-05-11,1,5,7,0.155556
74,2014-10-21,2017-05-11,1,6,8,0.177778
74,2014-10-21,2017-05-11,1,7,7,0.155556
74,2014-10-21,2017-05-11,1,8,6,0.133333
74,2014-10-21,2017-05-11,1,9,3,0.066667
74,2014-10-21,2017-05-11,2,1,6,0.15
74,2014-10-21,2017-05-11,2,2,6,0.15
74,2014-10-21,2017-05-11,2,3,4,0.1
74,2014-10-21,2017-05-11,2,4,2,0.05
74,2014-10-21,2017-05-11,2,5,5,0.125
74,2014-10-21,2017-05-11,2,6,3,0.075
74,2014-10-21,2017-05-11,2,7,6,0.15
74,2014-10-21,2017-05-11,2,8,6,0.15
74,2014-10-21,2017-05-11,2,9,2,0.05
74,2014-10-21,2017-05-11,3,1,4,0.090909
74,2014-10-21,2017-05-11,3,2,4,0.090909
74,2014-10-21,2017-05-11,3,3,8,0.181818
74,2014-10-21,2017-05-11,3,4,8,0.181818
74,2014-10-21,2017-05-11,3,5,5,0.113636
74,2014-10-21,2017-05-11,3,6,3,0.068182
74,2014-10-21,2017-05-11,3,7,6,0.136364
74,2014-10-21,2017-05-11,3,8,3,0.068182
74,2014-10-21,2017-05-11,3,9,3,0.068182
74,2014-10-21,2017-05-11,4,1,1,0.022222
74,2014-10-21,2017-05-11,4,2,6,0.133333
74,2014-10-21,2017-05-11,4,3,5,0.111111
74,2014-10-21,2017-05-11,4,4,3,0.066667
74,2014-10-21,2017-05-11,4,5,8,0.177778
74,2014-10-21,2017-05-11,4,6,8,0.177778
74,2014-10-21,2017-05-11,4,7,4,0.088889
74,2014-10-21,2017-05-11,4,8,4,0.088889
74,2014-10-21,2017-05-11,4,9,6,0.133333
74,2014-10-21,2017-05-11,5,1,10,0.217391
74,2014-10-21,2017-05-11,5,2,4,0.086957
74,2014-10-21,2017-05-11,5,3,5,0.108696
74,2014-10-21,2017-05-11,5,4,8,0.173913
74,2014-10-21,2017-05-11,5,5,1,0.021739
74,2014-10-21,2017-05-11,5,6,3,0.065217
74,2014-10-21,2017-05-11,5,7,6,0.130435
74,2014-10-21,2017-05-11,5,8,6,0.130435
74,2014-10-21,2017-05-11,5,9,3,0.065217
74,2014-10-21,2017-05-11,6,1,6,0.130435
74,2014-10-21,2017-05-11,6,2,3,0.065217
74,2014-10-21,2017-05-11,6,3,4,0.086957
74,2014-10-21,2017-05-11,6,4,2,0.043478
74,2014-10-21,2017-05-11,6,5,4,0.086957
74,2014-10-21,2017-05-11,6,6,7,0.152174
74,2014-10-21,2017-05-11,6,7,7,0.152174
74,2014-10-21,2017-05-11,6,8,8,0.173913
74,2014-10-21,2017-05-11,6,9,5,0.108696
74,2014-10-21,2017-05-11,7,1,3,0.073171
74,2014-10-21,2017-05-11,7,2,5,0.121951
74,2014-10-21,2017-05-11,7,3,3,0.073171
74,2014-10-21,2017-05-11,7,4,9,0.219512
74,2014-10-21,2017-05-11,7,5,6,0.146341
74,2014-10-21,2017-05-11,7,6,4,0.097561
74,2014-10-21,2017-05-11,7,7,1,0.02439
74,2014-10-21,2017-05-11,7,8,4,0.097561
74,2014-10-21,2017-05-11,7,9,6,0.146341
74,2014-10-21,2017-05-11,8,1,3,0.06
74,2014-10-21,2017-05-11,8,2,5,0.1
74,2014-10-21,2017-05-11,8,3,9,0.18
74,2014-10-21,2017-05-11,8,4,7,0.14
74,2014-10-21,2017-05-11,8,5,7,0.14
74,2014-10-21,2017-05-11,8,6,6,0.12
74,2014-10-21,2017-05-11,8,7,1,0.02
74,2014-10-21,2017-05-11,8,8,8,0.16
74,2014-10-21,2017-05-11,8,9,4,0.08
74,2014-10-21,2017-05-11,9,1,6,0.139535
74,2014-10-21,2017-05-11,9,2,5,0.116279
74,2014-10-21,2017-05-11,9,3,3,0.069767
74,2014-10-21,2017-05-11,9,4,4,0.093023
74,2014-10-21,2017-05-11,9,5,3,0.069767
74,2014-10-21,2017-05-11,9,6,4,0.093023
74,2014-10-21,2017-05-11,9,7,3,0.069767
74,2014-10-21,2017-05-11,9,8,4,0.093023
74,2014-10-21,2017-05-11,9,9,11,0.255814
75,2015-06-11,2017-12-30,1,1,7,0.145833
75,2015-06-11,2017-12-30,1,2,3,0.0625
75,2015-06-11,2017-12-30,1,3,5,0.104167
75,2015-06-11,2017-12-30,1,4,2,0.041667
75,2015-06-11,2017-12-30,1,5,7,0.145833
75,2015-06-11,2017-12-30,1,6,6,0.125
75,2015-06-11,2017-12-30,1,7,5,0.104167
75,2015-06-11,2017-12-30,1,8,8,0.166667
75,2015-06-11,2017-12-30,1,9,5,0.104167
75,2015-06-11,2017-12-30,2,1,3,0.069767
75,2015-06-11,2017-12-30,2,2,7,0.162791
75,2015-06-11,2017-12-30,2,3,5,0.116279
75,2015-06-11,2017-12-30,2,4,3,0.069767
75,2015-06-11,2017-12-30,2,5,4,0.093023
75,2015-06-11,2017-12-30,2,6,4,0.093023
75,2015-06-11,2017-12-30,2,7,6,0.139535
75,2015-06-11,2017-12-30,2,8,8,0.186047
75,2015-06-11,2017-12-30,2,9,3,0.069767
75,2015-06-11,2017-12-30,3,1,7,0.148936
75,2015-06-11,2017-12-30,3,2,6,0.12766
75,2015-06-11,2017-12-30,3,3,6,0.12766
75,2015-06-11,2017-12-30,3,4,5,0.106383
75,2015-06-11,2017-12-30,3,5,5,0.106383
75,2015-06-11,2017-12-30,3,6,5,0.106383
75,2015-06-11,2017-12-30,3,7,8,0.170213
75,2015-06-11,2017-12-30,3,8,3,0.06383
75,2015-06-11,2017-12-30,3,9,2,0.042553
75,2015-06-11,2017-12-30,4,1,1,0.021739
75,2015-06-11,2017-12-30,4,2,5,0.108696
75,2015-06-11,2017-12-30,4,3,4,0.086957
75,2015-06-11,2017-12-30,4,4,5,0.108696
75,2015-06-11,2017-12-30,4,5,7,0.152174
75,2015-06-11,2017-12-30,4,6,8,0.173913
75,2015-06-11,2017-12-30,4,7,5,0.108696
75,2015-06-11,2017-12-30,4,8,5,0.108696
75,2015-06-11,2017-12-30,4,9,6,0.130435
75,2015-06-11,2017-12-30,5,1,10,0.227273
75,2015-06-11,2017-12-30,5,2,3,0.068182
75,2015-06-11,2017-12-30,5,3,3,0.068182
75,2015-06-11,2017-12-30,5,4,8,0.181818
75,2015-06-11,2017-12-30,5,5,3,0.068182
75,2015-06-11,2017-12-30,5,6,3,0.068182
75,2015-06-11,2017-12-30,5,7,6,0.136364
75,2015-06-11,2017-12-30,5,8,4,0.090909
75,2015-06-11,2017-12-30,5,9,4,0.090909
75,2015-06-11,2017-12-30,6,1,5,0.121951
75,2015-06-11,2017-12-30,6,2,3,0.073171
75,2015-06-11,2017-12-30,6,3,4,0.097561
75,2015-06-11,2017-12-30,6,4,3,0.073171
75,2015-06-11,2017-12-30,6,5,6,0.146341
75,2015-06-11,2017-12-30,6,6,4,0.097561
75,2015-06-11,2017-12-30,6,7,3,0.073171
75,2015-06-11,2017-12-30,6,8,7,0.170732
75,2015-06-11,2017-12-30,6,9,6,0.146341
75,2015-06-11,2017-12-30,7,1,5,0.128205
75,2015-06-11,2017-12-30,7,2,5,0.128205
75,2015-06-11,2017-12-30,7,3,5,0.128205
75,2015-06-11,2017-12-30,7,4,8,0.205128
75,2015-06-11,2017-12-30,7,5,2,0.051282
75,2015-06-11,2017-12-30,7,6,3,0.076923
75,2015-06-11,2017-12-30,7,7,3,0.076923
75,2015-06-11,2017-12-30,7,8,4,0.102564
75,2015-06-11,2017-12-30,7,9,4,0.102564
75,2015-06-11,2017-12-30,8,1,3,0.057692
75,2015-06-11,2017-12-30,8,2,8,0.153846
75,2015-06-11,2017-12-30,8,3,10,0.192308
75,2015-06-11,2017-12-30,8,4,6,0.115385
75,2015-06-11,2017-12-30,8,5,7,0.134615
75,2015-06-11,2017-12-30,8,6,6,0.115385
75,2015-06-11,2017-12-30,8,7,1,0.019231
75,2015-06-11,2017-12-30,8,8,9,0.173077
75,2015-06-11,2017-12-30,8,9,2,0.038462
75,2015-06-11,2017-12-30,9,1,6,0.15
75,2015-06-11,2017-12-30,9,2,4,0.1
75,2015-06-11,2017-12-30,9,3,5,0.125
75,2015-06-11,2017-12-30,9,4,6,0.15
75,2015-06-11,2017-12-30,9,5,3,0.075
75,2015-06-11,2017-12-30,9,6,2,0.05
75,2015-06-11,2017-12-30,9,7,2,0.05
75,2015-06-11,2017-12-30,9,8,4,0.1
75,2015-06-11,2017-12-30,9,9,8,0.2
76,2016-01-30,2018-08-21,1,1,5,0.102041
76,2016-01-30,2018-08-21,1,2,6,0.122449
76,2016-01-30,2018-08-21,1,3,5,0.102041
76,2016-01-30,2018-08-21,1,4,2,0.040816
76,2016-01-30,2018-08-21,1,5,8,0.163265
76,2016-01-30,2018-08-21,1,6,7,0.142857
76,2016-01-30,2018-08-21,1,7,3,0.061224
76,2016-01-30,2018-08-21,1,8,8,0.163265
76,2016-01-30,2018-08-21,1,9,5,0.102041
76,2016-01-30,2018-08-21,2,1,3,0.06383
76,2016-01-30,2018-08-21,2,2,11,0.234043
76,2016-01-30,2018-08-21,2,3,7,0.148936
76,2016-01-30,2018-08-21,2,4,2,0.042553
76,2016-01-30,2018-08-21,2,5,2,0.042553
76,2016-01-30,2018-08-21,2,6,4,0.085106
76,2016-01-30,2018-08-21,2,7,5,0.106383
76,2016-01-30,2018-08-21,2,8,10,0.212766
76,2016-01-30,2018-08-21,2,9,3,0.06383
76,2016-01-30,2018-08-21,3,1,9,0.183673
76,2016-01-30,2018-08-21,3,2,5,0.102041
76,2016-01-30,2018-08-21,3,3,7,0.142857
76,2016-01-30,2018-08-21,3,4,4,0.081633
76,2016-01-30,2018-08-21,3,5,5,0.102041
76,2016-01-30,2018-08-21,3,6,4,0.081633
76,2016-01-30,2018-08-21,3,7,9,0.183673
76,2016-01-30,2018-08-21,3,8,4,0.081633
76,2016-01-30,2018-08-21,3,9,2,0.040816
76,2016-01-30,2018-08-21,4,1,2,0.052632
76,2016-01-30,2018-08-21,4,2,4,0.105263
76,2016-01-30,2018-08-21,4,3,3,0.078947
76,2016-01-30,2018-08-21,4,4,4,0.105263
76,2016-01-30,2018-08-21,4,5,8,0.210526
76,2016-01-30,2018-08-21,4,6,5,0.131579
76,2016-01-30,2018-08-21,4,7,5,0.131579
76,2016-01-30,2018-08-21,4,8,3,0.078947
76,2016-01-30,2018-08-21,4,9,4,0.105263
76,2016-01-30,2018-08-21,5,1,7,0.155556
76,2016-01-30,2018-08-21,5,2,4,0.088889
76,2016-01-30,2018-08-21,5,3,4,0.088889
76,2016-01-30,2018-08-21,5,4,7,0.155556
76,2016-01-30,2018-08-21,5,5,4,0.088889
76,2016-01-30,2018-08-21,5,6,5,0.111111
76,2016-01-30,2018-08-21,5,7,6,0.133333
76,2016-01-30,2018-08-21,5,8,4,0.088889
76,2016-01-30,2018-08-21,5,9,4,0.088889
76,2016-01-30,2018-08-21,6,1,4,0.1
76,2016-01-30,2018-08-21,6,2,3,0.075
76,2016-01-30,2018-08-21,6,3,3,0.075
76,2016-01-30,2018-08-21,6,4,3,0.075
76,2016-01-30,2018-08-21,6,5,6,0.15
76,2016-01-30,2018-08-21,6,6,5,0.125
76,2016-01-30,2018-08-21,6,7,4,0.1
76,2016-01-30,2018-08-21,6,8,8,0.2
76,2016-01-30,2018-08-21,6,9,4,0.1
76,2016-01-30,2018-08-21,7,1,6,0.15
76,2016-01-30,2018-08-21,7,2,2,0.05
76,2016-01-30,2018-08-21,7,3,6,0.15
76,2016-01-30,2018-08-21,7,4,5,0.125
76,2016-01-30,2018-08-21,7,5,4,0.1
76,2016-01-30,2018-08-21,7,6,4,0.1
76,2016-01-30,2018-08-21,7,7,3,0.075
76,2016-01-30,2018-08-21,7,8,5,0.125
76,2016-01-30,2018-08-21,7,9,5,0.125
76,2016-01-30,2018-08-21,8,1,4,0.072727
76,2016-01-30,2018-08-21,8,2,10,0.181818
76,2016-01-30,2018-08-21,8,3,8,0.145455
76,2016-01-30,2018-08-21,8,4,7,0.127273
76,2016-01-30,2018-08-21,8,5,6,0.109091
76,2016-01-30,2018-08-21,8,6,5,0.090909
76,2016-01-30,2018-08-21,8,7,2,0.036364
76,2016-01-30,2018-08-21,8,8,9,0.163636
76,2016-01-30,2018-08-21,8,9,4,0.072727
76,2016-01-30,2018-08-21,9,1,9,0.243243
76,2016-01-30,2018-08-21,9,2,2,0.054054
76,2016-01-30,2018-08-21,9,3,6,0.162162
76,2016-01-30,2018-08-21,9,4,4,0.108108
76,2016-01-30,2018-08-21,9,5,2,0.054054
76,2016-01-30,2018-08-21,9,6,1,0.027027
76,2016-01-30,2018-08-21,9,7,4,0.108108
76,2016-01-30,2018-08-21,9,8,4,0.108108
76,2016-01-30,2018-08-21,9,9,5,0.135135
77,2016-09-20,2019-04-11,1,1,4,0.071429
77,2016-09-20,2019-04-11,1,2,13,0.232143
77,2016-09-20,2019-04-11,1,3,4,0.071429
77,2016-09-20,2019-04-11,1,4,3,0.053571
77,2016-09-20,2019-04-11,1,5,7,0.125
77,2016-09-20,2019-04-11,1,6,10,0.178571
77,2016-09-20,2019-04-11,1,7,6,0.107143
77,2016-09-20,2019-04-11,1,8,5,0.089286
77,2016-09-20,2019-04-11,1,9,4,0.071429
77,2016-09-20,2019-04-11,2,1,2,0.04
77,2016-09-20,2019-04-11,2,2,9,0.18
77,2016-09-20,2019-04-11,2,3,8,0.16
77,2016-09-20,2019-04-11,2,4,2,0.04
77,2016-09-20,2019-04-11,2,5,3,0.06
77,2016-09-20,2019-04-11,2,6,7,0.14
77,2016-09-20,2019-04-11,2,7,7,0.14
77,2016-09-20,2019-04-11,2,8,9,0.18
77,2016-09-20,2019-04-11,2,9,3,0.06
77,2016-09-20,2019-04-11,3,1,10,0.208333
77,2016-09-20,2019-04-11,3,2,6,0.125
77,2016-09-20,2019-04-11,3,3,4,0.083333
77,2016-09-20,2019-04-11,3,4,5,0.104167
77,2016-09-20,2019-04-11,3,5,7,0.145833
77,2016-09-20,2019-04-11,3,6,5,0.104167
77,2016-09-20,2019-04-11,3,7,5,0.104167
77,2016-09-20,2019-04-11,3,8,4,0.083333
77,2016-09-20,2019-04-11,3,9,2,0.041667
77,2016-09-20,2019-04-11,4,1,4,0.111111
77,2016-09-20,2019-04-11,4,2,3,0.083333
77,2016-09-20,2019-04-11,4,3,5,0.138889
77,2016-09-20,2019-04-11,4,4,4,0.111111
77,2016-09-20,2019-04-11,4,5,6,0.166667
77,2016-09-20,2019-04-11,4,6,2,0.055556
77,2016-09-20,2019-04-11,4,7,6,0.166667
77,2016-09-20,2019-04-11,4,8,2,0.055556
77,2016-09-20,2019-04-11,4,9,4,0.111111
77,2016-09-20,2019-04-11,5,1,6,0.139535
77,2016-09-20,2019-04-11,5,2,2,0.046512
77,2016-09-20,2019-04-11,5,3,5,0.116279
77,2016-09-20,2019-04-11,5,4,5,0.116279
77,2016-09-20,2019-04-11,5,5,5,0.116279
77,2016-09-20,2019-04-11,5,6,6,0.139535
77,2016-09-20,2019-04-11,5,7,6,0.139535
77,2016-09-20,2019-04-11,5,8,2,0.046512
77,2016-09-20,2019-04-11,5,9,6,0.139535
77,2016-09-20,2019-04-11,6,1,10,0.222222
77,2016-09-20,2019-04-11,6,2,2,0.044444
77,2016-09-20,2019-04-11,6,3,4,0.088889
77,2016-09-20,2019-04-11,6,4,4,0.088889
77,2016-09-20,2019-04-11,6,5,4,0.088889
77,2016-09-20,2019-04-11,6,6,5,0.111111
77,2016-09-20,2019-04-11,6,7,4,0.088889
77,2016-09-20,2019-04-11,6,8,7,0.155556
77,2016-09-20,2019-04-11,6,9,5,0.111111
77,2016-09-20,2019-04-11,7,1,7,0.159091
77,2016-09-20,2019-04-11,7,2,3,0.068182
77,2016-09-20,2019-04-11,7,3,6,0.136364
77,2016-09-20,2019-04-11,7,4,3,0.068182
77,2016-09-20,2019-04-11,7,5,5,0.113636
77,2016-09-20,2019-04-11,7,6,6,0.136364
77,2016-09-20,2019-04-11,7,7,4,0.090909
77,2016-09-20,2019-04-11,7,8,4,0.090909
77,2016-09-20,2019-04-11,7,9,6,0.136364
77,2016-09-20,2019-04-11,8,1,4,0.102564
77,2016-09-20,2019-04-11,8,2,9,0.230769
77,2016-09-20,2019-04-11,8,3,5,0.128205
77,2016-09-20,2019-04-11,8,4,6,0.153846
77,2016-09-20,2019-04-11,8,5,3,0.076923
77,2016-09-20,2019-04-11,8,6,3,0.076923
77,2016-09-20,2019-04-11,8,7,2,0.051282
77,2016-09-20,2019-04-11,8,8,3,0.076923
77,2016-09-20,2019-04-11,8,9,4,0.102564
77,2016-09-20,2019-04-11,9,1,9,0.230769
77,2016-09-20,2019-04-11,9,2,3,0.076923
77,2016-09-20,2019-04-11,9,3,7,0.179487
77,2016-09-20,2019-04-11,9,4,4,0.102564
77,2016-09-20,2019-04-11,9,5,3,0.076923
77,2016-09-20,2019-04-11,9,6,1,0.025641
77,2016-09-20,2019-04-11,9,7,4,0.102564
77,2016-09-20,2019-04-11,9,8,4,0.102564
77,2016-09-20,2019-04-11,9,9,4,0.102564
78,2017-05-11,2019-11-30,1,1,4,0.08
78,2017-05-11,2019-11-30,1,2,12,0.24
78,2017-05-11,2019-11-30,1,3,3,0.06
78,2017-05-11,2019-11-30,1,4,5,0.1
78,2017-05-11,2019-11-30,1,5,4,0.08
78,2017-05-11,2019-11-30,1,6,8,0.16
78,2017-05-11,2019-11-30,1,7,6,0.12
78,2017-05-11,2019-11-30,1,8,5,0.1
78,2017-05-11,2019-11-30,1,9,3,0.06
78,2017-05-11,2019-11-30,2,1,3,0.055556
78,2017-05-11,2019-11-30,2,2,10,0.185185
78,2017-05-11,2019-11-30,2,3,7,0.12963
78,2017-05-11,2019-11-30,2,4,4,0.074074
78,2017-05-11,2019-11-30,2,5,3,0.055556
78,2017-05-11,2019-11-30,2,6,10,0.185185
78,2017-05-11,2019-11-30,2,7,4,0.074074
78,2017-05-11,2019-11-30,2,8,9,0.166667
78,2017-05-11,2019-11-30,2,9,4,0.074074
78,2017-05-11,2019-11-30,3,1,7,0.162791
78,2017-05-11,2019-11-30,3,2,6,0.139535
78,2017-05-11,2019-11-30,3,3,3,0.069767
78,2017-05-11,2019-11-30,3,4,5,0.116279
78,2017-05-11,2019-11-30,3,5,6,0.139535
78,2017-05-11,2019-11-30,3,6,4,0.093023
78,2017-05-11,2019-11-30,3,7,6,0.139535
78,2017-05-11,2019-11-30,3,8,4,0.093023
78,2017-05-11,2019-11-30,3,9,2,0.046512
78,2017-05-11,2019-11-30,4,1,6,0.142857
78,2017-05-11,2019-11-30,4,2,4,0.095238
78,2017-05-11,2019-11-30,4,3,3,0.071429
78,2017-05-11,2019-11-30,4,4,4,0.095238
78,2017-05-11,2019-11-30,4,5,4,0.095238
78,2017-05-11,2019-11-30,4,6,5,0.119048
78,2017-05-11,2019-11-30,4,7,7,0.166667
78,2017-05-11,2019-11-30,4,8,4,0.095238
78,2017-05-11,2019-11-30,4,9,5,0.119048
78,2017-05-11,2019-11-30,5,1,3,0.078947
78,2017-05-11,2019-11-30,5,2,3,0.078947
78,2017-05-11,2019-11-30,5,3,4,0.105263
78,2017-05-11,2019-11-30,5,4,2,0.052632
78,2017-05-11,2019-11-30,5,5,5,0.131579
78,2017-05-11,2019-11-30,5,6,6,0.157895
78,2017-05-11,2019-11-30,5,7,7,0.184211
78,2017-05-11,2019-11-30,5,8,3,0.078947
78,2017-05-11,2019-11-30,5,9,5,0.131579
78,2017-05-11,2019-11-30,6,1,9,0.1875
78,2017-05-11,2019-11-30,6,2,3,0.0625
78,2017-05-11,2019-11-30,6,3,6,0.125
78,2017-05-11,2019-11-30,6,4,6,0.125
78,2017-05-11,2019-11-30,6,5,4,0.083333
78,2017-05-11,2019-11-30,6,6,7,0.145833
78,2017-05-11,2019-11-30,6,7,3,0.0625
78,2017-05-11,2019-11-30,6,8,5,0.104167
78,2017-05-11,2019-11-30,6,9,5,0.104167
78,2017-05-11,2019-11-30,7,1,6,0.122449
78,2017-05-11,2019-11-30,7,2,4,0.081633
78,2017-05-11,2019-11-30,7,3,7,0.142857
78,2017-05-11,2019-11-30,7,4,4,0.081633
78,2017-05-11,2019-11-30,7,5,5,0.102041
78,2017-05-11,2019-11-30,7,6,5,0.102041
78,2017-05-11,2019-11-30,7,7,7,0.142857
78,2017-05-11,2019-11-30,7,8,5,0.102041
78,2017-05-11,2019-11-30,7,9,6,0.122449
78,2017-05-11,2019-11-30,8,1,4,0.097561
78,2017-05-11,2019-11-30,8,2,10,0.243902
78,2017-05-11,2019-11-30,8,3,3,0.073171
78,2017-05-11,2019-11-30,8,4,7,0.170732
78,2017-05-11,2019-11-30,8,5,5,0.121951
78,2017-05-11,2019-11-30,8,6,1,0.02439
78,2017-05-11,2019-11-30,8,7,4,0.097561
78,2017-05-11,2019-11-30,8,8,3,0.073171
78,2017-05-11,2019-11-30,8,9,4,0.097561
78,2017-05-11,2019-11-30,9,1,8,0.228571
78,2017-05-11,2019-11-30,9,2,2,0.057143
78,2017-05-11,2019-11-30,9,3,7,0.2
78,2017-05-11,2019-11-30,9,4,5,0.142857
78,2017-05-11,2019-11-30,9,5,2,0.057143
78,2017-05-11,2019-11-30,9,6,2,0.057143
78,2017-05-11,2019-11-30,9,7,5,0.142857
78,2017-05-11,2019-11-30,9,8,3,0.085714
78,2017-05-11,2019-11-30,9,9,1,0.028571
79,2017-12-30,2020-09-01,1,1,3,0.058824
79,2017-12-30,2020-09-01,1,2,12,0.235294
79,2017-12-30,2020-09-01,1,3,4,0.078431
79,2017-12-30,2020-09-01,1,4,7,0.137255
79,2017-12-30,2020-09-01,1,5,4,0.078431
79,2017-12-30,2020-09-01,1,6,7,0.137255
79,2017-12-30,2020-09-01,1,7,7,0.137255
79,2017-12-30,2020-09-01,1,8,5,0.098039
79,2017-12-30,2020-09-01,1,9,2,0.039216
79,2017-12-30,2020-09-01,2,1,3,0.06
79,2017-12-30,2020-09-01,2,2,7,0.14
79,2017-12-30,2020-09-01,2,3,8,0.16
79,2017-12-30,2020-09-01,2,4,4,0.08
79,2017-12-30,2020-09-01,2,5,4,0.08
79,2017-12-30,2020-09-01,2,6,9,0.18
79,2017-12-30,2020-09-01,2,7,5,0.1
79,2017-12-30,2020-09-01,2,8,7,0.14
79,2017-12-30,2020-09-01,2,9,3,0.06
79,2017-12-30,2020-09-01,3,1,7,0.159091
79,2017-12-30,2020-09-01,3,2,6,0.136364
79,2017-12-30,2020-09-01,3,3,4,0.090909
79,2017-12-30,2020-09-01,3,4,4,0.090909
79,2017-12-30,2020-09-01,3,5,7,0.159091
79,2017-12-30,2020-09-01,3,6,4,0.090909
79,2017-12-30,2020-09-01,3,7,5,0.113636
79,2017-12-30,2020-09-01,3,8,4,0.090909
79,2017-12-30,2020-09-01,3,9,3,0.068182
79,2017-12-30,2020-09-01,4,1,7,0.142857
79,2017-12-30,2020-09-01,4,2,4,0.081633
79,2017-12-30,2020-09-01,4,3,5,0.102041
79,2017-12-30,2020-09-01,4,4,4,0.081633
79,2017-12-30,2020-09-01,4,5,8,0.163265
79,2017-12-30,2020-09-01,4,6,7,0.142857
79,2017-12-30,2020-09-01,4,7,5,0.102041
79,2017-12-30,2020-09-01,4,8,5,0.102041
79,2017-12-30,2020-09-01,4,9,4,0.081633
79,2017-12-30,2020-09-01,5,1,5,0.119048
79,2017-12-30,2020-09-01,5,2,2,0.047619
79,2017-12-30,2020-09-01,5,3,4,0.095238
79,2017-12-30,2020-09-01,5,4,7,0.166667
79,2017-12-30,2020-09-01,5,5,6,0.142857
79,2017-12-30,2020-09-01,5,6,4,0.095238
79,2017-12-30,2020-09-01,5,7,6,0.142857
79,2017-12-30,2020-09-01,5,8,4,0.095238
79,2017-12-30,2020-09-01,5,9,4,0.095238
79,2017-12-30,2020-09-01,6,1,12,0.255319
79,2017-12-30,2020-09-01,6,2,3,0.06383
79,2017-12-30,2020-09-01,6,3,6,0.12766
79,2017-12-30,2020-09-01,6,4,5,0.106383
79,2017-12-30,2020-09-01,6,5,2,0.042553
79,2017-12-30,2020-09-01,6,6,7,0.148936
79,2017-12-30,2020-09-01,6,7,4,0.085106
79,2017-12-30,2020-09-01,6,8,4,0.085106
79,2017-12-30,2020-09-01,6,9,4,0.085106
79,2017-12-30,2020-09-01,7,1,4,0.088889
79,2017-12-30,2020-09-01,7,2,4,0.088889
79,2017-12-30,2020-09-01,7,3,5,0.111111
79,2017-12-30,2020-09-01,7,4,7,0.155556
79,2017-12-30,2020-09-01,7,5,4,0.088889
79,2017-12-30,2020-09-01,7,6,4,0.088889
79,2017-12-30,2020-09-01,7,7,5,0.111111
79,2017-12-30,2020-09-01,7,8,6,0.133333
79,2017-12-30,2020-09-01,7,9,6,0.133333
79,2017-12-30,2020-09-01,8,1,3,0.078947
79,2017-12-30,2020-09-01,8,2,7,0.184211
79,2017-12-30,2020-09-01,8,3,2,0.052632
79,2017-12-30,2020-09-01,8,4,7,0.184211
79,2017-12-30,2020-09-01,8,5,6,0.157895
79,2017-12-30,2020-09-01,8,6,3,0.078947
79,2017-12-30,2020-09-01,8,7,3,0.078947
79,2017-12-30,2020-09-01,8,8,1,0.026316
79,2017-12-30,2020-09-01,8,9,6,0.157895
79,2017-12-30,2020-09-01,9,1,7,0.205882
79,2017-12-30,2020-09-01,9,2,4,0.117647
79,2017-12-30,2020-09-01,9,3,6,0.176471
79,2017-12-30,2020-09-01,9,4,4,0.117647
79,2017-12-30,2020-09-01,9,5,1,0.029412
79,2017-12-30,2020-09-01,9,6,2,0.058824
79,2017-12-30,2020-09-01,9,7,5,0.147059
79,2017-12-30,2020-09-01,9,8,3,0.088235
79,2017-12-30,2020-09-01,9,9,2,0.058824
80,2018-08-21,2021-04-22,1,1,3,0.06
80,2018-08-21,2021-04-22,1,2,10,0.2
80,2018-08-21,2021-04-22,1,3,3,0.06
80,2018-08-21,2021-04-22,1,4,7,0.14
80,2018-08-21,2021-04-22,1,5,5,0.1
80,2018-08-21,2021-04-22,1,6,7,0.14
80,2018-08-21,2021-04-22,1,7,9,0.18
80,2018-08-21,2021-04-22,1,8,4,0.08
80,2018-08-21,2021-04-22,1,9,2,0.04
80,2018-08-21,2021-04-22,2,1,6,0.12766
80,2018-08-21,2021-04-22,2,2,6,0.12766
80,2018-08-21,2021-04-22,2,3,7,0.148936
80,2018-08-21,2021-04-22,2,4,4,0.085106
80,2018-08-21,2021-04-22,2,5,3,0.06383
80,2018-08-21,2021-04-22,2,6,8,0.170213
80,2018-08-21,2021-04-22,2,7,5,0.106383
80,2018-08-21,2021-04-22,2,8,5,0.106383
80,2018-08-21,2021-04-22,2,9,3,0.06383
80,2018-08-21,2021-04-22,3,1,7,0.175
80,2018-08-21,2021-04-22,3,2,5,0.125
80,2018-08-21,2021-04-22,3,3,3,0.075
80,2018-08-21,2021-04-22,3,4,3,0.075
80,2018-08-21,2021-04-22,3,5,6,0.15
80,2018-08-21,2021-04-22,3,6,4,0.1
80,2018-08-21,2021-04-22,3,7,7,0.175
80,2018-08-21,2021-04-22,3,8,3,0.075
80,2018-08-21,2021-04-22,3,9,2,0.05
80,2018-08-21,2021-04-22,4,1,7,0.134615
80,2018-08-21,2021-04-22,4,2,3,0.057692
80,2018-08-21,2021-04-22,4,3,5,0.096154
80,2018-08-21,2021-04-22,4,4,7,0.134615
80,2018-08-21,2021-04-22,4,5,9,0.173077
80,2018-08-21,2021-04-22,4,6,7,0.134615
80,2018-08-21,2021-04-22,4,7,4,0.076923
80,2018-08-21,2021-04-22,4,8,7,0.134615
80,2018-08-21,2021-04-22,4,9,3,0.057692
80,2018-08-21,2021-04-22,5,1,5,0.102041
80,2018-08-21,2021-04-22,5,2,3,0.061224
80,2018-08-21,2021-04-22,5,3,3,0.061224
80,2018-08-21,2021-04-22,5,4,8,0.163265
80,2018-08-21,2021-04-22,5,5,8,0.163265
80,2018-08-21,2021-04-22,5,6,4,0.081633
80,2018-08-21,2021-04-22,5,7,3,0.061224
80,2018-08-21,2021-04-22,5,8,5,0.102041
80,2018-08-21,2021-04-22,5,9,10,0.204082
80,2018-08-21,2021-04-22,6,1,12,0.26087
80,2018-08-21,2021-04-22,6,2,4,0.086957
80,2018-08-21,2021-04-22,6,3,7,0.152174
80,2018-08-21,2021-04-22,6,4,4,0.086957
80,2018-08-21,2021-04-22,6,5,3,0.065217
80,2018-08-21,2021-04-22,6,6,6,0.130435
80,2018-08-21,2021-04-22,6,7,3,0.065217
80,2018-08-21,2021-04-22,6,8,2,0.043478
80,2018-08-21,2021-04-22,6,9,5,0.108696
80,2018-08-21,2021-04-22,7,1,3,0.069767
80,2018-08-21,2021-04-22,7,2,4,0.093023
80,2018-08-21,2021-04-22,7,3,4,0.093023
80,2018-08-21,2021-04-22,7,4,10,0.232558
80,2018-08-21,2021-04-22,7,5,3,0.069767
80,2018-08-21,2021-04-22,7,6,3,0.069767
80,2018-08-21,2021-04-22,7,7,5,0.116279
80,2018-08-21,2021-04-22,7,8,6,0.139535
80,2018-08-21,2021-04-22,7,9,5,0.116279
80,2018-08-21,2021-04-22,8,1,3,0.081081
80,2018-08-21,2021-04-22,8,2,6,0.162162
80,2018-08-21,2021-04-22,8,3,4,0.108108
80,2018-08-21,2021-04-22,8,4,5,0.135135
80,2018-08-21,2021-04-22,8,5,8,0.216216
80,2018-08-21,2021-04-22,8,6,4,0.108108
80,2018-08-21,2021-04-22,8,7,3,0.081081
80,2018-08-21,2021-04-22,8,8,0,0.0
80,2018-08-21,2021-04-22,8,9,4,0.108108
80,2018-08-21,2021-04-22,9,1,4,0.111111
80,2018-08-21,2021-04-22,9,2,6,0.166667
80,2018-08-21,2021-04-22,9,3,4,0.111111
80,2018-08-21,2021-04-22,9,4,4,0.111111
80,2018-08-21,2021-04-22,9,5,4,0.111111
80,2018-08-21,2021-04-22,9,6,3,0.083333
80,2018-08-21,2021-04-22,9,7,4,0.111111
80,2018-08-21,2021-04-22,9,8,5,0.138889
80,2018-08-21,2021-04-22,9,9,2,0.055556
81,2019-04-11,2021-12-11,1,1,1,0.026316
81,2019-04-11,2021-12-11,1,2,5,0.131579
81,2019-04-11,2021-12-11,1,3,4,0.105263
81,2019-04-11,2021-12-11,1,4,6,0.157895
81,2019-04-11,2021-12-11,1,5,6,0.157895
81,2019-04-11,2021-12-11,1,6,4,0.105263
81,2019-04-11,2021-12-11,1,7,6,0.157895
81,2019-04-11,2021-12-11,1,8,5,0.131579
81,2019-04-11,2021-12-11,1,9,1,0.026316
81,2019-04-11,2021-12-11,2,1,9,0.176471
81,2019-04-11,2021-12-11,2,2,7,0.137255
81,2019-04-11,2021-12-11,2,3,5,0.098039
81,2019-04-11,2021-12-11,2,4,5,0.098039
81,2019-04-11,2021-12-11,2,5,6,0.117647
81,2019-04-11,2021-12-11,2,6,7,0.137255
81,2019-04-11,2021-12-11,2,7,5,0.098039
81,2019-04-11,2021-12-11,2,8,3,0.058824
81,2019-04-11,2021-12-11,2,9,4,0.078431
81,2019-04-11,2021-12-11,3,1,5,0.135135
81,2019-04-11,2021-12-11,3,2,6,0.162162
81,2019-04-11,2021-12-11,3,3,3,0.081081
81,2019-04-11,2021-12-11,3,4,2,0.054054
81,2019-04-11,2021-12-11,3,5,5,0.135135
81,2019-04-11,2021-12-11,3,6,2,0.054054
81,2019-04-11,2021-12-11,3,7,7,0.189189
81,2019-04-11,2021-12-11,3,8,3,0.081081
81,2019-04-11,2021-12-11,3,9,4,0.108108
81,2019-04-11,2021-12-11,4,1,5,0.098039
81,2019-04-11,2021-12-11,4,2,5,0.098039
81,2019-04-11,2021-12-11,4,3,3,0.058824
81,2019-04-11,2021-12-11,4,4,6,0.117647
81,2019-04-11,2021-12-11,4,5,9,0.176471
81,2019-04-11,2021-12-11,4,6,8,0.156863
81,2019-04-11,2021-12-11,4,7,4,0.078431
81,2019-04-11,2021-12-11,4,8,7,0.137255
81,2019-04-11,2021-12-11,4,9,4,0.078431
81,2019-04-11,2021-12-11,5,1,5,0.090909
81,2019-04-11,2021-12-11,5,2,5,0.090909
81,2019-04-11,2021-12-11,5,3,3,0.054545
81,2019-04-11,2021-12-11,5,4,9,0.163636
81,2019-04-11,2021-12-11,5,5,8,0.145455
81,2019-04-11,2021-12-11,5,6,4,0.072727
81,2019-04-11,2021-12-11,5,7,6,0.109091
81,2019-04-11,2021-12-11,5,8,6,0.109091
81,2019-04-11,2021-12-11,5,9,9,0.163636
81,2019-04-11,2021-12-11,6,1,5,0.121951
81,2019-04-11,2021-12-11,6,2,6,0.146341
81,2019-04-11,2021-12-11,6,3,7,0.170732
81,2019-04-11,2021-12-11,6,4,4,0.097561
81,2019-04-11,2021-12-11,6,5,3,0.073171
81,2019-04-11,2021-12-11,6,6,5,0.121951
81,2019-04-11,2021-12-11,6,7,3,0.073171
81,2019-04-11,2021-12-11,6,8,4,0.097561
81,2019-04-11,2021-12-11,6,9,4,0.097561
81,2019-04-11,2021-12-11,7,1,2,0.04878
81,2019-04-11,2021-12-11,7,2,5,0.121951
81,2019-04-11,2021-12-11,7,3,3,0.073171
81,2019-04-11,2021-12-11,7,4,10,0.243902
81,2019-04-11,2021-12-11,7,5,3,0.073171
81,2019-04-11,2021-12-11,7,6,1,0.02439
81,2019-04-11,2021-12-11,7,7,3,0.073171
81,2019-04-11,2021-12-11,7,8,10,0.243902
81,2019-04-11,2021-12-11,7,9,4,0.097561
81,2019-04-11,2021-12-11,8,1,2,0.043478
81,2019-04-11,2021-12-11,8,2,8,0.173913
81,2019-04-11,2021-12-11,8,3,5,0.108696
81,2019-04-11,2021-12-11,8,4,5,0.108696
81,2019-04-11,2021-12-11,8,5,9,0.195652
81,2019-04-11,2021-12-11,8,6,7,0.152174
81,2019-04-11,2021-12-11,8,7,3,0.065217
81,2019-04-11,2021-12-11,8,8,0,0.0
81,2019-04-11,2021-12-11,8,9,7,0.152174
81,2019-04-11,2021-12-11,9,1,4,0.1
81,2019-04-11,2021-12-11,9,2,4,0.1
81,2019-04-11,2021-12-11,9,3,5,0.125
81,2019-04-11,2021-12-11,9,4,4,0.1
81,2019-04-11,2021-12-11,9,5,6,0.15
81,2019-04-11,2021-12-11,9,6,3,0.075
81,2019-04-11,2021-12-11,9,7,4,0.1
81,2019-04-11,2021-12-11,9,8,7,0.175
81,2019-04-11,2021-12-11,9,9,3,0.075
82,2019-11-30,2022-08-02,1,1,0,0.0
82,2019-11-30,2022-08-02,1,2,7,0.194444
82,2019-11-30,2022-08-02,1,3,4,0.111111
82,2019-11-30,2022-08-02,1,4,4,0.111111
82,2019-11-30,2022-08-02,1,5,5,0.138889
82,2019-11-30,2022-08-02,1,6,4,0.111111
82,2019-11-30,2022-08-02,1,7,4,0.111111
82,2019-11-30,2022-08-02,1,8,6,0.166667
82,2019-11-30,2022-08-02,1,9,2,0.055556
82,2019-11-30,2022-08-02,2,1,8,0.153846
82,2019-11-30,2022-08-02,2,2,8,0.153846
82,2019-11-30,2022-08-02,2,3,9,0.173077
82,2019-11-30,2022-08-02,2,4,3,0.057692
82,2019-11-30,2022-08-02,2,5,6,0.115385
82,2019-11-30,2022-08-02,2,6,4,0.076923
82,2019-11-30,2022-08-02,2,7,8,0.153846
82,2019-11-30,2022-08-02,2,8,4,0.076923
82,2019-11-30,2022-08-02,2,9,2,0.038462
82,2019-11-30,2022-08-02,3,1,6,0.12766
82,2019-11-30,2022-08-02,3,2,6,0.12766
82,2019-11-30,2022-08-02,3,3,3,0.06383
82,2019-11-30,2022-08-02,3,4,2,0.042553
82,2019-11-30,2022-08-02,3,5,8,0.170213
82,2019-11-30,2022-08-02,3,6,4,0.085106
82,2019-11-30,2022-08-02,3,7,7,0.148936
82,2019-11-30,2022-08-02,3,8,5,0.106383
82,2019-11-30,2022-08-02,3,9,6,0.12766
82,2019-11-30,2022-08-02,4,1,3,0.06383
82,2019-11-30,2022-08-02,4,2,7,0.148936
82,2019-11-30,2022-08-02,4,3,3,0.06383
82,2019-11-30,2022-08-02,4,4,6,0.12766
82,2019-11-30,2022-08-02,4,5,11,0.234043
82,2019-11-30,2022-08-02,4,6,4,0.085106
82,2019-11-30,2022-08-02,4,7,2,0.042553
82,2019-11-30,2022-08-02,4,8,7,0.148936
82,2019-11-30,2022-08-02,4,9,4,0.085106
82,2019-11-30,2022-08-02,5,1,7,0.122807
82,2019-11-30,2022-08-02,5,2,4,0.070175
82,2019-11-30,2022-08-02,5,3,5,0.087719
82,2019-11-30,2022-08-02,5,4,8,0.140351
82,2019-11-30,2022-08-02,5,5,10,0.175439
82,2019-11-30,2022-08-02,5,6,4,0.070175
82,2019-11-30,2022-08-02,5,7,4,0.070175
82,2019-11-30,2022-08-02,5,8,6,0.105263
82,2019-11-30,2022-08-02,5,9,9,0.157895
82,2019-11-30,2022-08-02,6,1,4,0.114286
82,2019-11-30,2022-08-02,6,2,5,0.142857
82,2019-11-30,2022-08-02,6,3,6,0.171429
82,2019-11-30,2022-08-02,6,4,4,0.114286
82,2019-11-30,2022-08-02,6,5,2,0.057143
82,2019-11-30,2022-08-02,6,6,3,0.085714
82,2019-11-30,2022-08-02,6,7,3,0.085714
82,2019-11-30,2022-08-02,6,8,4,0.114286
82,2019-11-30,2022-08-02,6,9,4,0.114286
82,2019-11-30,2022-08-02,7,1,3,0.081081
82,2019-11-30,2022-08-02,7,2,4,0.108108
82,2019-11-30,2022-08-02,7,3,4,0.108108
82,2019-11-30,2022-08-02,7,4,10,0.27027
82,2019-11-30,2022-08-02,7,5,3,0.081081
82,2019-11-30,2022-08-02,7,6,1,0.027027
82,2019-11-30,2022-08-02,7,7,1,0.027027
82,2019-11-30,2022-08-02,7,8,7,0.189189
82,2019-11-30,2022-08-02,7,9,4,0.108108
82,2019-11-30,2022-08-02,8,1,3,0.066667
82,2019-11-30,2022-08-02,8,2,5,0.111111
82,2019-11-30,2022-08-02,8,3,4,0.088889
82,2019-11-30,2022-08-02,8,4,6,0.133333
82,2019-11-30,2022-08-02,8,5,6,0.133333
82,2019-11-30,2022-08-02,8,6,8,0.177778
82,2019-11-30,2022-08-02,8,7,3,0.066667
82,2019-11-30,2022-08-02,8,8,1,0.022222
82,2019-11-30,2022-08-02,8,9,9,0.2
82,2019-11-30,2022-08-02,9,1,3,0.068182
82,2019-11-30,2022-08-02,9,2,6,0.136364
82,2019-11-30,2022-08-02,9,3,8,0.181818
82,2019-11-30,2022-08-02,9,4,4,0.090909
82,2019-11-30,2022-08-02,9,5,6,0.136364
82,2019-11-30,2022-08-02,9,6,3,0.068182
82,2019-11-30,2022-08-02,9,7,5,0.113636
82,2019-11-30,2022-08-02,9,8,5,0.113636
82,2019-11-30,2022-08-02,9,9,4,0.090909
83,2020-09-01,2023-03-23,1,1,1,0.030303
83,2020-09-01,2023-03-23,1,2,7,0.212121
83,2020-09-01,2023-03-23,1,3,4,0.121212
83,2020-09-01,2023-03-23,1,4,4,0.121212
83,2020-09-01,2023-03-23,1,5,5,0.151515
83,2020-09-01,2023-03-23,1,6,3,0.090909
83,2020-09-01,2023-03-23,1,7,3,0.090909
83,2020-09-01,2023-03-23,1,8,4,0.121212
83,2020-09-01,2023-03-23,1,9,2,0.060606
83,2020-09-01,2023-03-23,2,1,10,0.166667
83,2020-09-01,2023-03-23,2,2,9,0.15
83,2020-09-01,2023-03-23,2,3,8,0.133333
83,2020-09-01,2023-03-23,2,4,2,0.033333
83,2020-09-01,2023-03-23,2,5,9,0.15
83,2020-09-01,2023-03-23,2,6,5,0.083333
83,2020-09-01,2023-03-23,2,7,10,0.166667
83,2020-09-01,2023-03-23,2,8,2,0.033333
83,2020-09-01,2023-03-23,2,9,5,0.083333
83,2020-09-01,2023-03-23,3,1,3,0.069767
83,2020-09-01,2023-03-23,3,2,8,0.186047
83,2020-09-01,2023-03-23,3,3,3,0.069767
83,2020-09-01,2023-03-23,3,4,2,0.046512
83,2020-09-01,2023-03-23,3,5,5,0.116279
83,2020-09-01,2023-03-23,3,6,2,0.046512
83,2020-09-01,2023-03-23,3,7,8,0.186047
83,2020-09-01,2023-03-23,3,8,5,0.116279
83,2020-09-01,2023-03-23,3,9,7,0.162791
83,2020-09-01,2023-03-23,4,1,2,0.045455
83,2020-09-01,2023-03-23,4,2,9,0.204545
83,2020-09-01,2023-03-23,4,3,2,0.045455
83,2020-09-01,2023-03-23,4,4,4,0.090909
83,2020-09-01,2023-03-23,4,5,11,0.25
83,2020-09-01,2023-03-23,4,6,4,0.090909
83,2020-09-01,2023-03-23,4,7,3,0.068182
83,2020-09-01,2023-03-23,4,8,5,0.113636
83,2020-09-01,2023-03-23,4,9,4,0.090909
83,2020-09-01,2023-03-23,5,1,5,0.092593
83,2020-09-01,2023-03-23,5,2,5,0.092593
83,2020-09-01,2023-03-23,5,3,4,0.074074
83,2020-09-01,2023-03-23,5,4,8,0.148148
83,2020-09-01,2023-03-23,5,5,8,0.148148
83,2020-09-01,2023-03-23,5,6,5,0.092593
83,2020-09-01,2023-03-23,5,7,6,0.111111
83,2020-09-01,2023-03-23,5,8,5,0.092593
83,2020-09-01,2023-03-23,5,9,8,0.148148
83,2020-09-01,2023-03-23,6,1,1,0.03125
83,2020-09-01,2023-03-23,6,2,5,0.15625
83,2020-09-01,2023-03-23,6,3,3,0.09375
83,2020-09-01,2023-03-23,6,4,3,0.09375
83,2020-09-01,2023-03-23,6,5,3,0.09375
83,2020-09-01,2023-03-23,6,6,3,0.09375
83,2020-09-01,2023-03-23,6,7,3,0.09375
83,2020-09-01,2023-03-23,6,8,7,0.21875
83,2020-09-01,2023-03-23,6,9,4,0.125
83,2020-09-01,2023-03-23,7,1,4,0.090909
83,2020-09-01,2023-03-23,7,2,5,0.113636
83,2020-09-01,2023-03-23,7,3,5,0.113636
83,2020-09-01,2023-03-23,7,4,10,0.227273
83,2020-09-01,2023-03-23,7,5,4,0.090909
83,2020-09-01,2023-03-23,7,6,2,0.045455
83,2020-09-01,2023-03-23,7,7,2,0.045455
83,2020-09-01,2023-03-23,7,8,7,0.159091
83,2020-09-01,2023-03-23,7,9,5,0.113636
83,2020-09-01,2023-03-23,8,1,3,0.069767
83,2020-09-01,2023-03-23,8,2,6,0.139535
83,2020-09-01,2023-03-23,8,3,7,0.162791
83,2020-09-01,2023-03-23,8,4,6,0.139535
83,2020-09-01,2023-03-23,8,5,3,0.069767
83,2020-09-01,2023-03-23,8,6,5,0.116279
83,2020-09-01,2023-03-23,8,7,4,0.093023
83,2020-09-01,2023-03-23,8,8,1,0.023256
83,2020-09-01,2023-03-23,8,9,8,0.186047
83,2020-09-01,2023-03-23,9,1,4,0.085106
83,2020-09-01,2023-03-23,9,2,6,0.12766
83,2020-09-01,2023-03-23,9,3,8,0.170213
83,2020-09-01,2023-03-23,9,4,5,0.106383
83,2020-09-01,2023-03-23,9,5,6,0.12766
83,2020-09-01,2023-03-23,9,6,3,0.06383
83,2020-09-01,2023-03-23,9,7,5,0.106383
83,2020-09-01,2023-03-23,9,8,6,0.12766
83,2020-09-01,2023-03-23,9,9,4,0.085106
84,2021-04-22,2023-10-10,1,1,2,0.064516
84,2021-04-22,2023-10-10,1,2,6,0.193548
84,2021-04-22,2023-10-10,1,3,6,0.193548
84,2021-04-22,2023-10-10,1,4,3,0.096774
84,2021-04-22,2023-10-10,1,5,4,0.129032
84,2021-04-22,2023-10-10,1,6,2,0.064516
84,2021-04-22,2023-10-10,1,7,0,0.0
84,2021-04-22,2023-10-10,1,8,5,0.16129
84,2021-04-22,2023-10-10,1,9,3,0.096774
84,2021-04-22,2023-10-10,2,1,7,0.122807
84,2021-04-22,2023-10-10,2,2,6,0.105263
84,2021-04-22,2023-10-10,2,3,7,0.122807
84,2021-04-22,2023-10-10,2,4,1,0.017544
84,2021-04-22,2023-10-10,2,5,10,0.175439
84,2021-04-22,2023-10-10,2,6,8,0.140351
84,2021-04-22,2023-10-10,2,7,11,0.192982
84,2021-04-22,2023-10-10,2,8,2,0.035088
84,2021-04-22,2023-10-10,2,9,5,0.087719
84,2021-04-22,2023-10-10,3,1,2,0.041667
84,2021-04-22,2023-10-10,3,2,9,0.1875
84,2021-04-22,2023-10-10,3,3,7,0.145833
84,2021-04-22,2023-10-10,3,4,5,0.104167
84,2021-04-22,2023-10-10,3,5,4,0.083333
84,2021-04-22,2023-10-10,3,6,2,0.041667
84,2021-04-22,2023-10-10,3,7,7,0.145833
84,2021-04-22,2023-10-10,3,8,5,0.104167
84,2021-04-22,2023-10-10,3,9,7,0.145833
84,2021-04-22,2023-10-10,4,1,2,0.046512
84,2021-04-22,2023-10-10,4,2,8,0.186047
84,2021-04-22,2023-10-10,4,3,2,0.046512
84,2021-04-22,2023-10-10,4,4,2,0.046512
84,2021-04-22,2023-10-10,4,5,10,0.232558
84,2021-04-22,2023-10-10,4,6,6,0.139535
84,2021-04-22,2023-10-10,4,7,3,0.069767
84,2021-04-22,2023-10-10,4,8,5,0.116279
84,2021-04-22,2023-10-10,4,9,5,0.116279
84,2021-04-22,2023-10-10,5,1,5,0.116279
84,2021-04-22,2023-10-10,5,2,4,0.093023
84,2021-04-22,2023-10-10,5,3,4,0.093023
84,2021-04-22,2023-10-10,5,4,7,0.162791
84,2021-04-22,2023-10-10,5,5,6,0.139535
84,2021-04-22,2023-10-10,5,6,3,0.069767
84,2021-04-22,2023-10-10,5,7,6,0.139535
84,2021-04-22,2023-10-10,5,8,4,0.093023
84,2021-04-22,2023-10-10,5,9,4,0.093023
84,2021-04-22,2023-10-10,6,1,1,0.027778
84,2021-04-22,2023-10-10,6,2,5,0.138889
84,2021-04-22,2023-10-10,6,3,2,0.055556
84,2021-04-22,2023-10-10,6,4,5,0.138889
84,2021-04-22,2023-10-10,6,5,1,0.027778
84,2021-04-22,2023-10-10,6,6,3,0.083333
84,2021-04-22,2023-10-10,6,7,4,0.111111
84,2021-04-22,2023-10-10,6,8,8,0.222222
84,2021-04-22,2023-10-10,6,9,7,0.194444
84,2021-04-22,2023-10-10,7,1,4,0.085106
84,2021-04-22,2023-10-10,7,2,5,0.106383
84,2021-04-22,2023-10-10,7,3,6,0.12766
84,2021-04-22,2023-10-10,7,4,8,0.170213
84,2021-04-22,2023-10-10,7,5,3,0.06383
84,2021-04-22,2023-10-10,7,6,3,0.06383
84,2021-04-22,2023-10-10,7,7,3,0.06383
84,2021-04-22,2023-10-10,7,8,9,0.191489
84,2021-04-22,2023-10-10,7,9,6,0.12766
84,2021-04-22,2023-10-10,8,1,2,0.042553
84,2021-04-22,2023-10-10,8,2,10,0.212766
84,2021-04-22,2023-10-10,8,3,5,0.106383
84,2021-04-22,2023-10-10,8,4,7,0.148936
84,2021-04-22,2023-10-10,8,5,2,0.042553
84,2021-04-22,2023-10-10,8,6,6,0.12766
84,2021-04-22,2023-10-10,8,7,5,0.106383
84,2021-04-22,2023-10-10,8,8,3,0.06383
84,2021-04-22,2023-10-10,8,9,7,0.148936
84,2021-04-22,2023-10-10,9,1,7,0.145833
84,2021-04-22,2023-10-10,9,2,4,0.083333
84,2021-04-22,2023-10-10,9,3,9,0.1875
84,2021-04-22,2023-10-10,9,4,5,0.104167
84,2021-04-22,2023-10-10,9,5,3,0.0625
84,2021-04-22,2023-10-10,9,6,3,0.0625
84,2021-04-22,2023-10-10,9,7,7,0.145833
84,2021-04-22,2023-10-10,9,8,6,0.125
84,2021-04-22,2023-10-10,9,9,4,0.083333
85,2021-12-11,2024-04-02,1,1,4,0.105263
85,2021-12-11,2024-04-02,1,2,5,0.131579
85,2021-12-11,2024-04-02,1,3,7,0.184211
85,2021-12-11,2024-04-02,1,4,4,0.105263
85,2021-12-11,2024-04-02,1,5,4,0.105263
85,2021-12-11,2024-04-02,1,6,3,0.078947
85,2021-12-11,2024-04-02,1,7,1,0.026316
85,2021-12-11,2024-04-02,1,8,6,0.157895
85,2021-12-11,2024-04-02,1,9,4,0.105263
85,2021-12-11,2024-04-02,2,1,4,0.088889
85,2021-12-11,2024-04-02,2,2,6,0.133333
85,2021-12-11,2024-04-02,2,3,8,0.177778
85,2021-12-11,2024-04-02,2,4,0,0.0
85,2021-12-11,2024-04-02,2,5,5,0.111111
85,2021-12-11,2024-04-02,2,6,6,0.133333
85,2021-12-11,2024-04-02,2,7,10,0.222222
85,2021-12-11,2024-04-02,2,8,2,0.044444
85,2021-12-11,2024-04-02,2,9,4,0.088889
85,2021-12-11,2024-04-02,3,1,2,0.035714
85,2021-12-11,2024-04-02,3,2,6,0.107143
85,2021-12-11,2024-04-02,3,3,8,0.142857
85,2021-12-11,2024-04-02,3,4,5,0.089286
85,2021-12-11,2024-04-02,3,5,5,0.089286
85,2021-12-11,2024-04-02,3,6,5,0.089286
85,2021-12-11,2024-04-02,3,7,8,0.142857
85,2021-12-11,2024-04-02,3,8,10,0.178571
85,2021-12-11,2024-04-02,3,9,7,0.125
85,2021-12-11,2024-04-02,4,1,3,0.073171
85,2021-12-11,2024-04-02,4,2,6,0.146341
85,2021-12-11,2024-04-02,4,3,4,0.097561
85,2021-12-11,2024-04-02,4,4,2,0.04878
85,2021-12-11,2024-04-02,4,5,11,0.268293
85,2021-12-11,2024-04-02,4,6,4,0.097561
85,2021-12-11,2024-04-02,4,7,3,0.073171
85,2021-12-11,2024-04-02,4,8,5,0.121951
85,2021-12-11,2024-04-02,4,9,3,0.073171
85,2021-12-11,2024-04-02,5,1,4,0.093023
85,2021-12-11,2024-04-02,5,2,3,0.069767
85,2021-12-11,2024-04-02,5,3,5,0.116279
85,2021-12-11,2024-04-02,5,4,7,0.162791
85,2021-12-11,2024-04-02,5,5,7,0.162791
85,2021-12-11,2024-04-02,5,6,4,0.093023
85,2021-12-11,2024-04-02,5,7,4,0.093023
85,2021-12-11,2024-04-02,5,8,5,0.116279
85,2021-12-11,2024-04-02,5,9,4,0.093023
85,2021-12-11,2024-04-02,6,1,4,0.1
85,2021-12-11,2024-04-02,6,2,3,0.075
85,2021-12-11,2024-04-02,6,3,3,0.075
85,2021-12-11,2024-04-02,6,4,5,0.125
85,2021-12-11,2024-04-02,6,5,4,0.1
85,2021-12-11,2024-04-02,6,6,5,0.125
85,2021-12-11,2024-04-02,6,7,4,0.1
85,2021-12-11,2024-04-02,6,8,5,0.125
85,2021-12-11,2024-04-02,6,9,7,0.175
85,2021-12-11,2024-04-02,7,1,6,0.130435
85,2021-12-11,2024-04-02,7,2,4,0.086957
85,2021-12-11,2024-04-02,7,3,7,0.152174
85,2021-12-11,2024-04-02,7,4,7,0.152174
85,2021-12-11,2024-04-02,7,5,4,0.086957
85,2021-12-11,2024-04-02,7,6,4,0.086957
85,2021-12-11,2024-04-02,7,7,3,0.065217
85,2021-12-11,2024-04-02,7,8,6,0.130435
85,2021-12-11,2024-04-02,7,9,5,0.108696
85,2021-12-11,2024-04-02,8,1,4,0.081633
85,2021-12-11,2024-04-02,8,2,8,0.163265
85,2021-12-11,2024-04-02,8,3,7,0.142857
85,2021-12-11,2024-04-02,8,4,6,0.122449
85,2021-12-11,2024-04-02,8,5,3,0.061224
85,2021-12-11,2024-04-02,8,6,5,0.102041
85,2021-12-11,2024-04-02,8,7,7,0.142857
85,2021-12-11,2024-04-02,8,8,4,0.081633
85,2021-12-11,2024-04-02,8,9,5,0.102041
85,2021-12-11,2024-04-02,9,1,7,0.166667
85,2021-12-11,2024-04-02,9,2,4,0.095238
85,2021-12-11,2024-04-02,9,3,6,0.142857
85,2021-12-11,2024-04-02,9,4,5,0.119048
85,2021-12-11,2024-04-02,9,5,0,0.0
85,2021-12-11,2024-04-02,9,6,4,0.095238
85,2021-12-11,2024-04-02,9,7,7,0.166667
85,2021-12-11,2024-04-02,9,8,6,0.142857
85,2021-12-11,2024-04-02,9,9,3,0.071429
86,2022-08-02,2024-09-24,1,1,4,0.108108
86,2022-08-02,2024-09-24,1,2,4,0.108108
86,2022-08-02,2024-09-24,1,3,6,0.162162
86,2022-08-02,2024-09-24,1,4,5,0.135135
86,2022-08-02,2024-09-24,1,5,5,0.135135
86,2022-08-02,2024-09-24,1,6,5,0.135135
86,2022-08-02,2024-09-24,1,7,2,0.054054
86,2022-08-02,2024-09-24,1,8,3,0.081081
86,2022-08-02,2024-09-24,1,9,3,0.081081
86,2022-08-02,2024-09-24,2,1,5,0.121951
86,2022-08-02,2024-09-24,2,2,4,0.097561
86,2022-08-02,2024-09-24,2,3,5,0.121951
86,2022-08-02,2024-09-24,2,4,0,0.0
86,2022-08-02,2024-09-24,2,5,8,0.195122
86,2022-08-02,2024-09-24,2,6,6,0.146341
86,2022-08-02,2024-09-24,2,7,6,0.146341
86,2022-08-02,2024-09-24,2,8,3,0.073171
86,2022-08-02,2024-09-24,2,9,4,0.097561
86,2022-08-02,2024-09-24,3,1,2,0.044444
86,2022-08-02,2024-09-24,3,2,6,0.133333
86,2022-08-02,2024-09-24,3,3,7,0.155556
86,2022-08-02,2024-09-24,3,4,5,0.111111
86,2022-08-02,2024-09-24,3,5,2,0.044444
86,2022-08-02,2024-09-24,3,6,4,0.088889
86,2022-08-02,2024-09-24,3,7,9,0.2
86,2022-08-02,2024-09-24,3,8,6,0.133333
86,2022-08-02,2024-09-24,3,9,4,0.088889
86,2022-08-02,2024-09-24,4,1,3,0.069767
86,2022-08-02,2024-09-24,4,2,5,0.116279
86,2022-08-02,2024-09-24,4,3,4,0.093023
86,2022-08-02,2024-09-24,4,4,2,0.046512
86,2022-08-02,2024-09-24,4,5,9,0.209302
86,2022-08-02,2024-09-24,4,6,6,0.139535
86,2022-08-02,2024-09-24,4,7,7,0.162791
86,2022-08-02,2024-09-24,4,8,4,0.093023
86,2022-08-02,2024-09-24,4,9,3,0.069767
86,2022-08-02,2024-09-24,5,1,3,0.06383
86,2022-08-02,2024-09-24,5,2,3,0.06383
86,2022-08-02,2024-09-24,5,3,4,0.085106
86,2022-08-02,2024-09-24,5,4,7,0.148936
86,2022-08-02,2024-09-24,5,5,7,0.148936
86,2022-08-02,2024-09-24,5,6,6,0.12766
86,2022-08-02,2024-09-24,5,7,5,0.106383
86,2022-08-02,2024-09-24,5,8,7,0.148936
86,2022-08-02,2024-09-24,5,9,5,0.106383
86,2022-08-02,2024-09-24,6,1,3,0.0625
86,2022-08-02,2024-09-24,6,2,4,0.083333
86,2022-08-02,2024-09-24,6,3,3,0.0625
86,2022-08-02,2024-09-24,6,4,6,0.125
86,2022-08-02,2024-09-24,6,5,5,0.104167
86,2022-08-02,2024-09-24,6,6,7,0.145833
86,2022-08-02,2024-09-24,6,7,4,0.083333
86,2022-08-02,2024-09-24,6,8,8,0.166667
86,2022-08-02,2024-09-24,6,9,8,0.166667
86,2022-08-02,2024-09-24,7,1,6,0.12
86,2022-08-02,2024-09-24,7,2,4,0.08
86,2022-08-02,2024-09-24,7,3,6,0.12
86,2022-08-02,2024-09-24,7,4,7,0.14
86,2022-08-02,2024-09-24,7,5,5,0.1
86,2022-08-02,2024-09-24,7,6,5,0.1
86,2022-08-02,2024-09-24,7,7,3,0.06
86,2022-08-02,2024-09-24,7,8,9,0.18
86,2022-08-02,2024-09-24,7,9,5,0.1
86,2022-08-02,2024-09-24,8,1,4,0.078431
86,2022-08-02,2024-09-24,8,2,9,0.176471
86,2022-08-02,2024-09-24,8,3,7,0.137255
86,2022-08-02,2024-09-24,8,4,6,0.117647
86,2022-08-02,2024-09-24,8,5,6,0.117647
86,2022-08-02,2024-09-24,8,6,5,0.098039
86,2022-08-02,2024-09-24,8,7,6,0.117647
86,2022-08-02,2024-09-24,8,8,5,0.098039
86,2022-08-02,2024-09-24,8,9,3,0.058824
86,2022-08-02,2024-09-24,9,1,6,0.157895
86,2022-08-02,2024-09-24,9,2,2,0.052632
86,2022-08-02,2024-09-24,9,3,3,0.078947
86,2022-08-02,2024-09-24,9,4,6,0.157895
86,2022-08-02,2024-09-24,9,5,0,0.0
86,2022-08-02,2024-09-24,9,6,4,0.105263
86,2022-08-02,2024-09-24,9,7,8,0.210526
86,2022-08-02,2024-09-24,9,8,6,0.157895
86,2022-08-02,2024-09-24,9,9,3,0.078947
87,2023-03-23,2025-03-18,1,1,3,0.075
87,2023-03-23,2025-03-18,1,2,4,0.1
87,2023-03-23,2025-03-18,1,3,4,0.1
87,2023-03-23,2025-03-18,1,4,5,0.125
87,2023-03-23,2025-03-18,1,5,6,0.15
87,2023-03-23,2025-03-18,1,6,6,0.15
87,2023-03-23,2025-03-18,1,7,5,0.125
87,2023-03-23,2025-03-18,1,8,4,0.1
87,2023-03-23,2025-03-18,1,9,3,0.075
87,2023-03-23,2025-03-18,2,1,4,0.129032
87,2023-03-23,2025-03-18,2,2,3,0.096774
87,2023-03-23,2025-03-18,2,3,4,0.129032
87,2023-03-23,2025-03-18,2,4,0,0.0
87,2023-03-23,2025-03-18,2,5,6,0.193548
87,2023-03-23,2025-03-18,2,6,4,0.129032
87,2023-03-23,2025-03-18,2,7,4,0.129032
87,2023-03-23,2025-03-18,2,8,4,0.129032
87,2023-03-23,2025-03-18,2,9,2,0.064516
87,2023-03-23,2025-03-18,3,1,6,0.136364
87,2023-03-23,2025-03-18,3,2,2,0.045455
87,2023-03-23,2025-03-18,3,3,6,0.136364
87,2023-03-23,2025-03-18,3,4,5,0.113636
87,2023-03-23,2025-03-18,3,5,3,0.068182
87,2023-03-23,2025-03-18,3,6,5,0.113636
87,2023-03-23,2025-03-18,3,7,8,0.181818
87,2023-03-23,2025-03-18,3,8,5,0.113636
87,2023-03-23,2025-03-18,3,9,4,0.090909
87,2023-03-23,2025-03-18,4,1,3,0.066667
87,2023-03-23,2025-03-18,4,2,2,0.044444
87,2023-03-23,2025-03-18,4,3,5,0.111111
87,2023-03-23,2025-03-18,4,4,5,0.111111
87,2023-03-23,2025-03-18,4,5,7,0.155556
87,2023-03-23,2025-03-18,4,6,8,0.177778
87,2023-03-23,2025-03-18,4,7,6,0.133333
87,2023-03-23,2025-03-18,4,8,5,0.111111
87,2023-03-23,2025-03-18,4,9,4,0.088889
87,2023-03-23,2025-03-18,5,1,3,0.06383
87,2023-03-23,2025-03-18,5,2,3,0.06383
87,2023-03-23,2025-03-18,5,3,7,0.148936
87,2023-03-23,2025-03-18,5,4,3,0.06383
87,2023-03-23,2025-03-18,5,5,5,0.106383
87,2023-03-23,2025-03-18,5,6,6,0.12766
87,2023-03-23,2025-03-18,5,7,4,0.085106
87,2023-03-23,2025-03-18,5,8,9,0.191489
87,2023-03-23,2025-03-18,5,9,7,0.148936
87,2023-03-23,2025-03-18,6,1,4,0.075472
87,2023-03-23,2025-03-18,6,2,4,0.075472
87,2023-03-23,2025-03-18,6,3,4,0.075472
87,2023-03-23,2025-03-18,6,4,9,0.169811
87,2023-03-23,2025-03-18,6,5,5,0.09434
87,2023-03-23,2025-03-18,6,6,8,0.150943
87,2023-03-23,2025-03-18,6,7,6,0.113208
87,2023-03-23,2025-03-18,6,8,6,0.113208
87,2023-03-23,2025-03-18,6,9,7,0.132075
87,2023-03-23,2025-03-18,7,1,6,0.122449
87,2023-03-23,2025-03-18,7,2,2,0.040816
87,2023-03-23,2025-03-18,7,3,5,0.102041
87,2023-03-23,2025-03-18,7,4,4,0.081633
87,2023-03-23,2025-03-18,7,5,5,0.102041
87,2023-03-23,2025-03-18,7,6,7,0.142857
87,2023-03-23,2025-03-18,7,7,3,0.061224
87,2023-03-23,2025-03-18,7,8,10,0.204082
87,2023-03-23,2025-03-18,7,9,7,0.142857
87,2023-03-23,2025-03-18,8,1,6,0.115385
87,2023-03-23,2025-03-18,8,2,7,0.134615
87,2023-03-23,2025-03-18,8,3,5,0.096154
87,2023-03-23,2025-03-18,8,4,7,0.134615
87,2023-03-23,2025-03-18,8,5,8,0.153846
87,2023-03-23,2025-03-18,8,6,5,0.096154
87,2023-03-23,2025-03-18,8,7,6,0.115385
87,2023-03-23,2025-03-18,8,8,5,0.096154
87,2023-03-23,2025-03-18,8,9,3,0.057692
87,2023-03-23,2025-03-18,9,1,5,0.128205
87,2023-03-23,2025-03-18,9,2,4,0.102564
87,2023-03-23,2025-03-18,9,3,3,0.076923
87,2023-03-23,2025-03-18,9,4,7,0.179487
87,2023-03-23,2025-03-18,9,5,2,0.051282
87,2023-03-23,2025-03-18,9,6,4,0.102564
87,2023-03-23,2025-03-18,9,7,7,0.179487
87,2023-03-23,2025-03-18,9,8,5,0.128205
87,2023-03-23,2025-03-18,9,9,2,0.051282
88,2023-10-10,2025-09-09,1,1,2,0.051282
88,2023-10-10,2025-09-09,1,2,4,0.102564
88,2023-10-10,2025-09-09,1,3,3,0.076923
88,2023-10-10,2025-09-09,1,4,5,0.128205
88,2023-10-10,2025-09-09,1,5,6,0.153846
88,2023-10-10,2025-09-09,1,6,5,0.128205
88,2023-10-10,2025-09-09,1,7,6,0.153846
88,2023-10-10,2025-09-09,1,8,4,0.102564
88,2023-10-10,2025-09-09,1,9,4,0.102564
88,2023-10-10,2025-09-09,2,1,3,0.103448
88,2023-10-10,2025-09-09,2,2,3,0.103448
88,2023-10-10,2025-09-09,2,3,5,0.172414
88,2023-10-10,2025-09-09,2,4,3,0.103448
88,2023-10-10,2025-09-09,2,5,5,0.172414
88,2023-10-10,2025-09-09,2,6,1,0.034483
88,2023-10-10,2025-09-09,2,7,3,0.103448
88,2023-10-10,2025-09-09,2,8,5,0.172414
88,2023-10-10,2025-09-09,2,9,1,0.034483
88,2023-10-10,2025-09-09,3,1,5,0.102041
88,2023-10-10,2025-09-09,3,2,1,0.020408
88,2023-10-10,2025-09-09,3,3,3,0.061224
88,2023-10-10,2025-09-09,3,4,3,0.061224
88,2023-10-10,2025-09-09,3,5,5,0.102041
88,2023-10-10,2025-09-09,3,6,9,0.183673
88,2023-10-10,2025-09-09,3,7,7,0.142857
88,2023-10-10,2025-09-09,3,8,9,0.183673
88,2023-10-10,2025-09-09,3,9,7,0.142857
88,2023-10-10,2025-09-09,4,1,4,0.088889
88,2023-10-10,2025-09-09,4,2,3,0.066667
88,2023-10-10,2025-09-09,4,3,7,0.155556
88,2023-10-10,2025-09-09,4,4,6,0.133333
88,2023-10-10,2025-09-09,4,5,5,0.111111
88,2023-10-10,2025-09-09,4,6,6,0.133333
88,2023-10-10,2025-09-09,4,7,6,0.133333
88,2023-10-10,2025-09-09,4,8,4,0.088889
88,2023-10-10,2025-09-09,4,9,4,0.088889
88,2023-10-10,2025-09-09,5,1,5,0.09434
88,2023-10-10,2025-09-09,5,2,4,0.075472
88,2023-10-10,2025-09-09,5,3,7,0.132075
88,2023-10-10,2025-09-09,5,4,3,0.056604
88,2023-10-10,2025-09-09,5,5,5,0.09434
88,2023-10-10,2025-09-09,5,6,6,0.113208
88,2023-10-10,2025-09-09,5,7,7,0.132075
88,2023-10-10,2025-09-09,5,8,9,0.169811
88,2023-10-10,2025-09-09,5,9,7,0.132075
88,2023-10-10,2025-09-09,6,1,4,0.085106
88,2023-10-10,2025-09-09,6,2,3,0.06383
88,2023-10-10,2025-09-09,6,3,5,0.106383
88,2023-10-10,2025-09-09,6,4,8,0.170213
88,2023-10-10,2025-09-09,6,5,5,0.106383
88,2023-10-10,2025-09-09,6,6,8,0.170213
88,2023-10-10,2025-09-09,6,7,5,0.106383
88,2023-10-10,2025-09-09,6,8,4,0.085106
88,2023-10-10,2025-09-09,6,9,5,0.106383
88,2023-10-10,2025-09-09,7,1,6,0.125
88,2023-10-10,2025-09-09,7,2,2,0.041667
88,2023-10-10,2025-09-09,7,3,5,0.104167
88,2023-10-10,2025-09-09,7,4,5,0.104167
88,2023-10-10,2025-09-09,7,5,7,0.145833
88,2023-10-10,2025-09-09,7,6,5,0.104167
88,2023-10-10,2025-09-09,7,7,4,0.083333
88,2023-10-10,2025-09-09,7,8,7,0.145833
88,2023-10-10,2025-09-09,7,9,7,0.145833
88,2023-10-10,2025-09-09,8,1,6,0.122449
88,2023-10-10,2025-09-09,8,2,3,0.061224
88,2023-10-10,2025-09-09,8,3,10,0.204082
88,2023-10-10,2025-09-09,8,4,4,0.081633
88,2023-10-10,2025-09-09,8,5,10,0.204082
88,2023-10-10,2025-09-09,8,6,4,0.081633
88,2023-10-10,2025-09-09,8,7,5,0.102041
88,2023-10-10,2025-09-09,8,8,3,0.061224
88,2023-10-10,2025-09-09,8,9,4,0.081633
88,2023-10-10,2025-09-09,9,1,3,0.073171
88,2023-10-10,2025-09-09,9,2,6,0.146341
88,2023-10-10,2025-09-09,9,3,4,0.097561
88,2023-10-10,2025-09-09,9,4,9,0.219512
88,2023-10-10,2025-09-09,9,5,5,0.121951
88,2023-10-10,2025-09-09,9,6,3,0.073171
88,2023-10-10,2025-09-09,9,7,5,0.121951
88,2023-10-10,2025-09-09,9,8,4,0.097561
88,2023-10-10,2025-09-09,9,9,2,0.04878
89,2024-04-02,2026-03-03,1,1,1,0.025641
89,2024-04-02,2026-03-03,1,2,4,0.102564
89,2024-04-02,2026-03-03,1,3,2,0.051282
89,2024-04-02,2026-03-03,1,4,7,0.179487
89,2024-04-02,2026-03-03,1,5,6,0.153846
89,2024-04-02,2026-03-03,1,6,6,0.153846
89,2024-04-02,2026-03-03,1,7,6,0.153846
89,2024-04-02,2026-03-03,1,8,3,0.076923
89,2024-04-02,2026-03-03,1,9,4,0.102564
89,2024-04-02,2026-03-03,2,1,3,0.111111
89,2024-04-02,2026-03-03,2,2,0,0.0
89,2024-04-02,2026-03-03,2,3,3,0.111111
89,2024-04-02,2026-03-03,2,4,3,0.111111
89,2024-04-02,2026-03-03,2,5,6,0.222222
89,2024-04-02,2026-03-03,2,6,2,0.074074
89,2024-04-02,2026-03-03,2,7,2,0.074074
89,2024-04-02,2026-03-03,2,8,6,0.222222
89,2024-04-02,2026-03-03,2,9,2,0.074074
89,2024-04-02,2026-03-03,3,1,6,0.125
89,2024-04-02,2026-03-03,3,2,2,0.041667
89,2024-04-02,2026-03-03,3,3,4,0.083333
89,2024-04-02,2026-03-03,3,4,4,0.083333
89,2024-04-02,2026-03-03,3,5,5,0.104167
89,2024-04-02,2026-03-03,3,6,6,0.125
89,2024-04-02,2026-03-03,3,7,9,0.1875
89,2024-04-02,2026-03-03,3,8,7,0.145833
89,2024-04-02,2026-03-03,3,9,5,0.104167
89,2024-04-02,2026-03-03,4,1,4,0.075472
89,2024-04-02,2026-03-03,4,2,4,0.075472
89,2024-04-02,2026-03-03,4,3,7,0.132075
89,2024-04-02,2026-03-03,4,4,7,0.132075
89,2024-04-02,2026-03-03,4,5,6,0.113208
89,2024-04-02,2026-03-03,4,6,7,0.132075
89,2024-04-02,2026-03-03,4,7,9,0.169811
89,2024-04-02,2026-03-03,4,8,5,0.09434
89,2024-04-02,2026-03-03,4,9,4,0.075472
89,2024-04-02,2026-03-03,5,1,6,0.122449
89,2024-04-02,2026-03-03,5,2,3,0.061224
89,2024-04-02,2026-03-03,5,3,7,0.142857
89,2024-04-02,2026-03-03,5,4,3,0.061224
89,2024-04-02,2026-03-03,5,5,4,0.081633
89,2024-04-02,2026-03-03,5,6,5,0.102041
89,2024-04-02,2026-03-03,5,7,7,0.142857
89,2024-04-02,2026-03-03,5,8,8,0.163265
89,2024-04-02,2026-03-03,5,9,6,0.122449
89,2024-04-02,2026-03-03,6,1,3,0.068182
89,2024-04-02,2026-03-03,6,2,2,0.045455
89,2024-04-02,2026-03-03,6,3,4,0.090909
89,2024-04-02,2026-03-03,6,4,11,0.25
89,2024-04-02,2026-03-03,6,5,2,0.045455
89,2024-04-02,2026-03-03,6,6,6,0.136364
89,2024-04-02,2026-03-03,6,7,4,0.090909
89,2024-04-02,2026-03-03,6,8,5,0.113636
89,2024-04-02,2026-03-03,6,9,7,0.159091
89,2024-04-02,2026-03-03,7,1,5,0.092593
89,2024-04-02,2026-03-03,7,2,2,0.037037
89,2024-04-02,2026-03-03,7,3,8,0.148148
89,2024-04-02,2026-03-03,7,4,5,0.092593
89,2024-04-02,2026-03-03,7,5,6,0.111111
89,2024-04-02,2026-03-03,7,6,7,0.12963
89,2024-04-02,2026-03-03,7,7,7,0.12963
89,2024-04-02,2026-03-03,7,8,7,0.12963
89,2024-04-02,2026-03-03,7,9,7,0.12963
89,2024-04-02,2026-03-03,8,1,6,0.130435
89,2024-04-02,2026-03-03,8,2,3,0.065217
89,2024-04-02,2026-03-03,8,3,10,0.217391
89,2024-04-02,2026-03-03,8,4,4,0.086957
89,2024-04-02,2026-03-03,8,5,10,0.217391
89,2024-04-02,2026-03-03,8,6,3,0.065217
89,2024-04-02,2026-03-03,8,7,4,0.086957
89,2024-04-02,2026-03-03,8,8,3,0.065217
89,2024-04-02,2026-03-03,8,9,3,0.065217
89,2024-04-02,2026-03-03,9,1,5,0.125
89,2024-04-02,2026-03-03,9,2,7,0.175
89,2024-04-02,2026-03-03,9,3,3,0.075
89,2024-04-02,2026-03-03,9,4,9,0.225
89,2024-04-02,2026-03-03,9,5,5,0.125
89,2024-04-02,2026-03-03,9,6,2,0.05
89,2024-04-02,2026-03-03,9,7,5,0.125
89,2024-04-02,2026-03-03,9,8,2,0.05
89,2024-04-02,2026-03-03,9,9,2,0.05
