slice_idx,window_start_date,window_end_date,from_dr,to_dr,count,p_to_given_from
0,1900-01-06,1907-09-07,1,1,6,0.12766
0,1900-01-06,1907-09-07,1,2,9,0.191489
0,1900-01-06,1907-09-07,1,3,5,0.106383
0,1900-01-06,1907-09-07,1,4,4,0.085106
0,1900-01-06,1907-09-07,1,5,5,0.106383
0,1900-01-06,1907-09-07,1,6,2,0.042553
0,1900-01-06,1907-09-07,1,7,2,0.042553
0,1900-01-06,1907-09-07,1,8,2,0.042553
0,1900-01-06,1907-09-07,1,9,12,0.255319
0,1900-01-06,1907-09-07,2,1,4,0.097561
0,1900-01-06,1907-09-07,2,2,3,0.073171
0,1900-01-06,1907-09-07,2,3,2,0.04878
0,1900-01-06,1907-09-07,2,4,7,0.170732
0,1900-01-06,1907-09-07,2,5,8,0.195122
0,1900-01-06,1907-09-07,2,6,3,0.073171
0,1900-01-06,1907-09-07,2,7,1,0.02439
0,1900-01-06,1907-09-07,2,8,5,0.121951
0,1900-01-06,1907-09-07,2,9,8,0.195122
0,1900-01-06,1907-09-07,3,1,8,0.190476
0,1900-01-06,1907-09-07,3,2,4,0.095238
0,1900-01-06,1907-09-07,3,3,4,0.095238
0,1900-01-06,1907-09-07,3,4,4,0.095238
0,1900-01-06,1907-09-07,3,5,2,0.047619
0,1900-01-06,1907-09-07,3,6,6,0.142857
0,1900-01-06,1907-09-07,3,7,7,0.166667
0,1900-01-06,1907-09-07,3,8,4,0.095238
0,1900-01-06,1907-09-07,3,9,3,0.071429
0,1900-01-06,1907-09-07,4,1,9,0.209302
0,1900-01-06,1907-09-07,4,2,4,0.093023
0,1900-01-06,1907-09-07,4,3,6,0.139535
0,1900-01-06,1907-09-07,4,4,4,0.093023
0,1900-01-06,1907-09-07,4,5,7,0.162791
0,1900-01-06,1907-09-07,4,6,4,0.093023
0,1900-01-06,1907-09-07,4,7,2,0.046512
0,1900-01-06,1907-09-07,4,8,5,0.116279
0,1900-01-06,1907-09-07,4,9,2,0.046512
0,1900-01-06,1907-09-07,5,1,5,0.119048
0,1900-01-06,1907-09-07,5,2,3,0.071429
0,1900-01-06,1907-09-07,5,3,7,0.166667
0,1900-01-06,1907-09-07,5,4,6,0.142857
0,1900-01-06,1907-09-07,5,5,2,0.047619
0,1900-01-06,1907-09-07,5,6,4,0.095238
0,1900-01-06,1907-09-07,5,7,5,0.119048
0,1900-01-06,1907-09-07,5,8,6,0.142857
0,1900-01-06,1907-09-07,5,9,4,0.095238
0,1900-01-06,1907-09-07,6,1,2,0.058824
0,1900-01-06,1907-09-07,6,2,2,0.058824
0,1900-01-06,1907-09-07,6,3,3,0.088235
0,1900-01-06,1907-09-07,6,4,2,0.058824
0,1900-01-06,1907-09-07,6,5,7,0.205882
0,1900-01-06,1907-09-07,6,6,4,0.117647
0,1900-01-06,1907-09-07,6,7,6,0.176471
0,1900-01-06,1907-09-07,6,8,3,0.088235
0,1900-01-06,1907-09-07,6,9,5,0.147059
0,1900-01-06,1907-09-07,7,1,4,0.086957
0,1900-01-06,1907-09-07,7,2,4,0.086957
0,1900-01-06,1907-09-07,7,3,4,0.086957
0,1900-01-06,1907-09-07,7,4,9,0.195652
0,1900-01-06,1907-09-07,7,5,3,0.065217
0,1900-01-06,1907-09-07,7,6,3,0.065217
0,1900-01-06,1907-09-07,7,7,7,0.152174
0,1900-01-06,1907-09-07,7,8,4,0.086957
0,1900-01-06,1907-09-07,7,9,8,0.173913
0,1900-01-06,1907-09-07,8,1,1,0.025
0,1900-01-06,1907-09-07,8,2,5,0.125
0,1900-01-06,1907-09-07,8,3,4,0.1
0,1900-01-06,1907-09-07,8,4,3,0.075
0,1900-01-06,1907-09-07,8,5,4,0.1
0,1900-01-06,1907-09-07,8,6,6,0.15
0,1900-01-06,1907-09-07,8,7,2,0.05
0,1900-01-06,1907-09-07,8,8,7,0.175
0,1900-01-06,1907-09-07,8,9,8,0.2
0,1900-01-06,1907-09-07,9,1,7,0.107692
0,1900-01-06,1907-09-07,9,2,7,0.107692
0,1900-01-06,1907-09-07,9,3,8,0.123077
0,1900-01-06,1907-09-07,9,4,4,0.061538
0,1900-01-06,1907-09-07,9,5,4,0.061538
0,1900-01-06,1907-09-07,9,6,2,0.030769
0,1900-01-06,1907-09-07,9,7,14,0.215385
0,1900-01-06,1907-09-07,9,8,4,0.061538
0,1900-01-06,1907-09-07,9,9,15,0.230769
1,1901-12-07,1909-08-07,1,1,5,0.128205
1,1901-12-07,1909-08-07,1,2,9,0.230769
1,1901-12-07,1909-08-07,1,3,6,0.153846
1,1901-12-07,1909-08-07,1,4,3,0.076923
1,1901-12-07,1909-08-07,1,5,4,0.102564
1,1901-12-07,1909-08-07,1,6,0,0.0
1,1901-12-07,1909-08-07,1,7,3,0.076923
1,1901-12-07,1909-08-07,1,8,2,0.051282
1,1901-12-07,1909-08-07,1,9,7,0.179487
1,1901-12-07,1909-08-07,2,1,3,0.071429
1,1901-12-07,1909-08-07,2,2,2,0.047619
1,1901-12-07,1909-08-07,2,3,5,0.119048
1,1901-12-07,1909-08-07,2,4,8,0.190476
1,1901-12-07,1909-08-07,2,5,8,0.190476
1,1901-12-07,1909-08-07,2,6,2,0.047619
1,1901-12-07,1909-08-07,2,7,2,0.047619
1,1901-12-07,1909-08-07,2,8,6,0.142857
1,1901-12-07,1909-08-07,2,9,6,0.142857
1,1901-12-07,1909-08-07,3,1,7,0.155556
1,1901-12-07,1909-08-07,3,2,2,0.044444
1,1901-12-07,1909-08-07,3,3,5,0.111111
1,1901-12-07,1909-08-07,3,4,9,0.2
1,1901-12-07,1909-08-07,3,5,3,0.066667
1,1901-12-07,1909-08-07,3,6,7,0.155556
1,1901-12-07,1909-08-07,3,7,6,0.133333
1,1901-12-07,1909-08-07,3,8,2,0.044444
1,1901-12-07,1909-08-07,3,9,4,0.088889
1,1901-12-07,1909-08-07,4,1,8,0.166667
1,1901-12-07,1909-08-07,4,2,5,0.104167
1,1901-12-07,1909-08-07,4,3,5,0.104167
1,1901-12-07,1909-08-07,4,4,3,0.0625
1,1901-12-07,1909-08-07,4,5,9,0.1875
1,1901-12-07,1909-08-07,4,6,5,0.104167
1,1901-12-07,1909-08-07,4,7,4,0.083333
1,1901-12-07,1909-08-07,4,8,3,0.0625
1,1901-12-07,1909-08-07,4,9,6,0.125
1,1901-12-07,1909-08-07,5,1,4,0.081633
1,1901-12-07,1909-08-07,5,2,4,0.081633
1,1901-12-07,1909-08-07,5,3,5,0.102041
1,1901-12-07,1909-08-07,5,4,8,0.163265
1,1901-12-07,1909-08-07,5,5,6,0.122449
1,1901-12-07,1909-08-07,5,6,6,0.122449
1,1901-12-07,1909-08-07,5,7,4,0.081633
1,1901-12-07,1909-08-07,5,8,8,0.163265
1,1901-12-07,1909-08-07,5,9,4,0.081633
1,1901-12-07,1909-08-07,6,1,3,0.083333
1,1901-12-07,1909-08-07,6,2,4,0.111111
1,1901-12-07,1909-08-07,6,3,4,0.111111
1,1901-12-07,1909-08-07,6,4,2,0.055556
1,1901-12-07,1909-08-07,6,5,5,0.138889
1,1901-12-07,1909-08-07,6,6,4,0.111111
1,1901-12-07,1909-08-07,6,7,5,0.138889
1,1901-12-07,1909-08-07,6,8,1,0.027778
1,1901-12-07,1909-08-07,6,9,8,0.222222
1,1901-12-07,1909-08-07,7,1,2,0.05
1,1901-12-07,1909-08-07,7,2,5,0.125
1,1901-12-07,1909-08-07,7,3,3,0.075
1,1901-12-07,1909-08-07,7,4,5,0.125
1,1901-12-07,1909-08-07,7,5,5,0.125
1,1901-12-07,1909-08-07,7,6,4,0.1
1,1901-12-07,1909-08-07,7,7,5,0.125
1,1901-12-07,1909-08-07,7,8,5,0.125
1,1901-12-07,1909-08-07,7,9,6,0.15
1,1901-12-07,1909-08-07,8,1,1,0.025641
1,1901-12-07,1909-08-07,8,2,3,0.076923
1,1901-12-07,1909-08-07,8,3,4,0.102564
1,1901-12-07,1909-08-07,8,4,4,0.102564
1,1901-12-07,1909-08-07,8,5,5,0.128205
1,1901-12-07,1909-08-07,8,6,5,0.128205
1,1901-12-07,1909-08-07,8,7,3,0.076923
1,1901-12-07,1909-08-07,8,8,7,0.179487
1,1901-12-07,1909-08-07,8,9,7,0.179487
1,1901-12-07,1909-08-07,9,1,6,0.096774
1,1901-12-07,1909-08-07,9,2,8,0.129032
1,1901-12-07,1909-08-07,9,3,8,0.129032
1,1901-12-07,1909-08-07,9,4,6,0.096774
1,1901-12-07,1909-08-07,9,5,4,0.064516
1,1901-12-07,1909-08-07,9,6,3,0.048387
1,1901-12-07,1909-08-07,9,7,9,0.145161
1,1901-12-07,1909-08-07,9,8,5,0.080645
1,1901-12-07,1909-08-07,9,9,13,0.209677
2,1903-11-07,1911-07-08,1,1,5,0.135135
2,1903-11-07,1911-07-08,1,2,7,0.189189
2,1903-11-07,1911-07-08,1,3,7,0.189189
2,1903-11-07,1911-07-08,1,4,3,0.081081
2,1903-11-07,1911-07-08,1,5,4,0.108108
2,1903-11-07,1911-07-08,1,6,0,0.0
2,1903-11-07,1911-07-08,1,7,3,0.081081
2,1903-11-07,1911-07-08,1,8,2,0.054054
2,1903-11-07,1911-07-08,1,9,6,0.162162
2,1903-11-07,1911-07-08,2,1,4,0.088889
2,1903-11-07,1911-07-08,2,2,2,0.044444
2,1903-11-07,1911-07-08,2,3,7,0.155556
2,1903-11-07,1911-07-08,2,4,8,0.177778
2,1903-11-07,1911-07-08,2,5,8,0.177778
2,1903-11-07,1911-07-08,2,6,3,0.066667
2,1903-11-07,1911-07-08,2,7,2,0.044444
2,1903-11-07,1911-07-08,2,8,5,0.111111
2,1903-11-07,1911-07-08,2,9,6,0.133333
2,1903-11-07,1911-07-08,3,1,4,0.078431
2,1903-11-07,1911-07-08,3,2,3,0.058824
2,1903-11-07,1911-07-08,3,3,6,0.117647
2,1903-11-07,1911-07-08,3,4,9,0.176471
2,1903-11-07,1911-07-08,3,5,4,0.078431
2,1903-11-07,1911-07-08,3,6,8,0.156863
2,1903-11-07,1911-07-08,3,7,7,0.137255
2,1903-11-07,1911-07-08,3,8,5,0.098039
2,1903-11-07,1911-07-08,3,9,5,0.098039
2,1903-11-07,1911-07-08,4,1,9,0.1875
2,1903-11-07,1911-07-08,4,2,6,0.125
2,1903-11-07,1911-07-08,4,3,4,0.083333
2,1903-11-07,1911-07-08,4,4,3,0.0625
2,1903-11-07,1911-07-08,4,5,9,0.1875
2,1903-11-07,1911-07-08,4,6,4,0.083333
2,1903-11-07,1911-07-08,4,7,3,0.0625
2,1903-11-07,1911-07-08,4,8,3,0.0625
2,1903-11-07,1911-07-08,4,9,7,0.145833
2,1903-11-07,1911-07-08,5,1,1,0.020408
2,1903-11-07,1911-07-08,5,2,4,0.081633
2,1903-11-07,1911-07-08,5,3,8,0.163265
2,1903-11-07,1911-07-08,5,4,7,0.142857
2,1903-11-07,1911-07-08,5,5,7,0.142857
2,1903-11-07,1911-07-08,5,6,7,0.142857
2,1903-11-07,1911-07-08,5,7,4,0.081633
2,1903-11-07,1911-07-08,5,8,7,0.142857
2,1903-11-07,1911-07-08,5,9,4,0.081633
2,1903-11-07,1911-07-08,6,1,3,0.075
2,1903-11-07,1911-07-08,6,2,5,0.125
2,1903-11-07,1911-07-08,6,3,4,0.1
2,1903-11-07,1911-07-08,6,4,5,0.125
2,1903-11-07,1911-07-08,6,5,4,0.1
2,1903-11-07,1911-07-08,6,6,5,0.125
2,1903-11-07,1911-07-08,6,7,6,0.15
2,1903-11-07,1911-07-08,6,8,1,0.025
2,1903-11-07,1911-07-08,6,9,7,0.175
2,1903-11-07,1911-07-08,7,1,2,0.051282
2,1903-11-07,1911-07-08,7,2,7,0.179487
2,1903-11-07,1911-07-08,7,3,2,0.051282
2,1903-11-07,1911-07-08,7,4,3,0.076923
2,1903-11-07,1911-07-08,7,5,6,0.153846
2,1903-11-07,1911-07-08,7,6,3,0.076923
2,1903-11-07,1911-07-08,7,7,4,0.102564
2,1903-11-07,1911-07-08,7,8,6,0.153846
2,1903-11-07,1911-07-08,7,9,6,0.153846
2,1903-11-07,1911-07-08,8,1,3,0.075
2,1903-11-07,1911-07-08,8,2,4,0.1
2,1903-11-07,1911-07-08,8,3,8,0.2
2,1903-11-07,1911-07-08,8,4,3,0.075
2,1903-11-07,1911-07-08,8,5,3,0.075
2,1903-11-07,1911-07-08,8,6,6,0.15
2,1903-11-07,1911-07-08,8,7,3,0.075
2,1903-11-07,1911-07-08,8,8,6,0.15
2,1903-11-07,1911-07-08,8,9,4,0.1
2,1903-11-07,1911-07-08,9,1,6,0.117647
2,1903-11-07,1911-07-08,9,2,7,0.137255
2,1903-11-07,1911-07-08,9,3,6,0.117647
2,1903-11-07,1911-07-08,9,4,6,0.117647
2,1903-11-07,1911-07-08,9,5,4,0.078431
2,1903-11-07,1911-07-08,9,6,4,0.078431
2,1903-11-07,1911-07-08,9,7,7,0.137255
2,1903-11-07,1911-07-08,9,8,5,0.098039
2,1903-11-07,1911-07-08,9,9,6,0.117647
3,1905-10-07,1913-06-07,1,1,5,0.135135
3,1905-10-07,1913-06-07,1,2,4,0.108108
3,1905-10-07,1913-06-07,1,3,6,0.162162
3,1905-10-07,1913-06-07,1,4,4,0.108108
3,1905-10-07,1913-06-07,1,5,5,0.135135
3,1905-10-07,1913-06-07,1,6,0,0.0
3,1905-10-07,1913-06-07,1,7,4,0.108108
3,1905-10-07,1913-06-07,1,8,4,0.108108
3,1905-10-07,1913-06-07,1,9,5,0.135135
3,1905-10-07,1913-06-07,2,1,7,0.159091
3,1905-10-07,1913-06-07,2,2,1,0.022727
3,1905-10-07,1913-06-07,2,3,6,0.136364
3,1905-10-07,1913-06-07,2,4,6,0.136364
3,1905-10-07,1913-06-07,2,5,10,0.227273
3,1905-10-07,1913-06-07,2,6,4,0.090909
3,1905-10-07,1913-06-07,2,7,3,0.068182
3,1905-10-07,1913-06-07,2,8,4,0.090909
3,1905-10-07,1913-06-07,2,9,3,0.068182
3,1905-10-07,1913-06-07,3,1,3,0.056604
3,1905-10-07,1913-06-07,3,2,3,0.056604
3,1905-10-07,1913-06-07,3,3,8,0.150943
3,1905-10-07,1913-06-07,3,4,9,0.169811
3,1905-10-07,1913-06-07,3,5,4,0.075472
3,1905-10-07,1913-06-07,3,6,12,0.226415
3,1905-10-07,1913-06-07,3,7,6,0.113208
3,1905-10-07,1913-06-07,3,8,5,0.09434
3,1905-10-07,1913-06-07,3,9,3,0.056604
3,1905-10-07,1913-06-07,4,1,8,0.156863
3,1905-10-07,1913-06-07,4,2,8,0.156863
3,1905-10-07,1913-06-07,4,3,6,0.117647
3,1905-10-07,1913-06-07,4,4,2,0.039216
3,1905-10-07,1913-06-07,4,5,7,0.137255
3,1905-10-07,1913-06-07,4,6,4,0.078431
3,1905-10-07,1913-06-07,4,7,6,0.117647
3,1905-10-07,1913-06-07,4,8,4,0.078431
3,1905-10-07,1913-06-07,4,9,6,0.117647
3,1905-10-07,1913-06-07,5,1,2,0.040816
3,1905-10-07,1913-06-07,5,2,4,0.081633
3,1905-10-07,1913-06-07,5,3,8,0.163265
3,1905-10-07,1913-06-07,5,4,6,0.122449
3,1905-10-07,1913-06-07,5,5,6,0.122449
3,1905-10-07,1913-06-07,5,6,8,0.163265
3,1905-10-07,1913-06-07,5,7,4,0.081633
3,1905-10-07,1913-06-07,5,8,7,0.142857
3,1905-10-07,1913-06-07,5,9,4,0.081633
3,1905-10-07,1913-06-07,6,1,3,0.068182
3,1905-10-07,1913-06-07,6,2,8,0.181818
3,1905-10-07,1913-06-07,6,3,3,0.068182
3,1905-10-07,1913-06-07,6,4,8,0.181818
3,1905-10-07,1913-06-07,6,5,2,0.045455
3,1905-10-07,1913-06-07,6,6,4,0.090909
3,1905-10-07,1913-06-07,6,7,6,0.136364
3,1905-10-07,1913-06-07,6,8,3,0.068182
3,1905-10-07,1913-06-07,6,9,7,0.159091
3,1905-10-07,1913-06-07,7,1,3,0.075
3,1905-10-07,1913-06-07,7,2,7,0.175
3,1905-10-07,1913-06-07,7,3,3,0.075
3,1905-10-07,1913-06-07,7,4,3,0.075
3,1905-10-07,1913-06-07,7,5,6,0.15
3,1905-10-07,1913-06-07,7,6,3,0.075
3,1905-10-07,1913-06-07,7,7,4,0.1
3,1905-10-07,1913-06-07,7,8,6,0.15
3,1905-10-07,1913-06-07,7,9,5,0.125
3,1905-10-07,1913-06-07,8,1,3,0.068182
3,1905-10-07,1913-06-07,8,2,5,0.113636
3,1905-10-07,1913-06-07,8,3,7,0.159091
3,1905-10-07,1913-06-07,8,4,6,0.136364
3,1905-10-07,1913-06-07,8,5,4,0.090909
3,1905-10-07,1913-06-07,8,6,6,0.136364
3,1905-10-07,1913-06-07,8,7,2,0.045455
3,1905-10-07,1913-06-07,8,8,8,0.181818
3,1905-10-07,1913-06-07,8,9,3,0.068182
3,1905-10-07,1913-06-07,9,1,3,0.078947
3,1905-10-07,1913-06-07,9,2,4,0.105263
3,1905-10-07,1913-06-07,9,3,7,0.184211
3,1905-10-07,1913-06-07,9,4,7,0.184211
3,1905-10-07,1913-06-07,9,5,4,0.105263
3,1905-10-07,1913-06-07,9,6,3,0.078947
3,1905-10-07,1913-06-07,9,7,5,0.131579
3,1905-10-07,1913-06-07,9,8,3,0.078947
3,1905-10-07,1913-06-07,9,9,2,0.052632
4,1907-09-07,1915-05-08,1,1,2,0.060606
4,1907-09-07,1915-05-08,1,2,5,0.151515
4,1907-09-07,1915-05-08,1,3,7,0.212121
4,1907-09-07,1915-05-08,1,4,2,0.060606
4,1907-09-07,1915-05-08,1,5,4,0.121212
4,1907-09-07,1915-05-08,1,6,1,0.030303
4,1907-09-07,1915-05-08,1,7,4,0.121212
4,1907-09-07,1915-05-08,1,8,5,0.151515
4,1907-09-07,1915-05-08,1,9,3,0.090909
4,1907-09-07,1915-05-08,2,1,7,0.14
4,1907-09-07,1915-05-08,2,2,3,0.06
4,1907-09-07,1915-05-08,2,3,8,0.16
4,1907-09-07,1915-05-08,2,4,5,0.1
4,1907-09-07,1915-05-08,2,5,8,0.16
4,1907-09-07,1915-05-08,2,6,7,0.14
4,1907-09-07,1915-05-08,2,7,4,0.08
4,1907-09-07,1915-05-08,2,8,4,0.08
4,1907-09-07,1915-05-08,2,9,4,0.08
4,1907-09-07,1915-05-08,3,1,1,0.017544
4,1907-09-07,1915-05-08,3,2,6,0.105263
4,1907-09-07,1915-05-08,3,3,10,0.175439
4,1907-09-07,1915-05-08,3,4,10,0.175439
4,1907-09-07,1915-05-08,3,5,6,0.105263
4,1907-09-07,1915-05-08,3,6,9,0.157895
4,1907-09-07,1915-05-08,3,7,6,0.105263
4,1907-09-07,1915-05-08,3,8,5,0.087719
4,1907-09-07,1915-05-08,3,9,4,0.070175
4,1907-09-07,1915-05-08,4,1,6,0.12766
4,1907-09-07,1915-05-08,4,2,7,0.148936
4,1907-09-07,1915-05-08,4,3,6,0.12766
4,1907-09-07,1915-05-08,4,4,2,0.042553
4,1907-09-07,1915-05-08,4,5,7,0.148936
4,1907-09-07,1915-05-08,4,6,5,0.106383
4,1907-09-07,1915-05-08,4,7,6,0.12766
4,1907-09-07,1915-05-08,4,8,3,0.06383
4,1907-09-07,1915-05-08,4,9,5,0.106383
4,1907-09-07,1915-05-08,5,1,1,0.023256
4,1907-09-07,1915-05-08,5,2,4,0.093023
4,1907-09-07,1915-05-08,5,3,6,0.139535
4,1907-09-07,1915-05-08,5,4,5,0.116279
4,1907-09-07,1915-05-08,5,5,5,0.116279
4,1907-09-07,1915-05-08,5,6,6,0.139535
4,1907-09-07,1915-05-08,5,7,5,0.116279
4,1907-09-07,1915-05-08,5,8,7,0.162791
4,1907-09-07,1915-05-08,5,9,4,0.093023
4,1907-09-07,1915-05-08,6,1,4,0.088889
4,1907-09-07,1915-05-08,6,2,10,0.222222
4,1907-09-07,1915-05-08,6,3,3,0.066667
4,1907-09-07,1915-05-08,6,4,8,0.177778
4,1907-09-07,1915-05-08,6,5,3,0.066667
4,1907-09-07,1915-05-08,6,6,3,0.066667
4,1907-09-07,1915-05-08,6,7,4,0.088889
4,1907-09-07,1915-05-08,6,8,6,0.133333
4,1907-09-07,1915-05-08,6,9,4,0.088889
4,1907-09-07,1915-05-08,7,1,3,0.071429
4,1907-09-07,1915-05-08,7,2,8,0.190476
4,1907-09-07,1915-05-08,7,3,3,0.071429
4,1907-09-07,1915-05-08,7,4,2,0.047619
4,1907-09-07,1915-05-08,7,5,5,0.119048
4,1907-09-07,1915-05-08,7,6,5,0.119048
4,1907-09-07,1915-05-08,7,7,4,0.095238
4,1907-09-07,1915-05-08,7,8,7,0.166667
4,1907-09-07,1915-05-08,7,9,5,0.119048
4,1907-09-07,1915-05-08,8,1,5,0.108696
4,1907-09-07,1915-05-08,8,2,4,0.086957
4,1907-09-07,1915-05-08,8,3,7,0.152174
4,1907-09-07,1915-05-08,8,4,6,0.130435
4,1907-09-07,1915-05-08,8,5,3,0.065217
4,1907-09-07,1915-05-08,8,6,6,0.130435
4,1907-09-07,1915-05-08,8,7,5,0.108696
4,1907-09-07,1915-05-08,8,8,7,0.152174
4,1907-09-07,1915-05-08,8,9,3,0.065217
4,1907-09-07,1915-05-08,9,1,4,0.108108
4,1907-09-07,1915-05-08,9,2,3,0.081081
4,1907-09-07,1915-05-08,9,3,6,0.162162
4,1907-09-07,1915-05-08,9,4,7,0.189189
4,1907-09-07,1915-05-08,9,5,2,0.054054
4,1907-09-07,1915-05-08,9,6,4,0.108108
4,1907-09-07,1915-05-08,9,7,4,0.108108
4,1907-09-07,1915-05-08,9,8,2,0.054054
4,1907-09-07,1915-05-08,9,9,5,0.135135
5,1909-08-07,1917-04-07,1,1,4,0.117647
5,1909-08-07,1917-04-07,1,2,4,0.117647
5,1909-08-07,1917-04-07,1,3,5,0.147059
5,1909-08-07,1917-04-07,1,4,2,0.058824
5,1909-08-07,1917-04-07,1,5,4,0.117647
5,1909-08-07,1917-04-07,1,6,3,0.088235
5,1909-08-07,1917-04-07,1,7,4,0.117647
5,1909-08-07,1917-04-07,1,8,6,0.176471
5,1909-08-07,1917-04-07,1,9,2,0.058824
5,1909-08-07,1917-04-07,2,1,8,0.145455
5,1909-08-07,1917-04-07,2,2,4,0.072727
5,1909-08-07,1917-04-07,2,3,7,0.127273
5,1909-08-07,1917-04-07,2,4,5,0.090909
5,1909-08-07,1917-04-07,2,5,7,0.127273
5,1909-08-07,1917-04-07,2,6,8,0.145455
5,1909-08-07,1917-04-07,2,7,4,0.072727
5,1909-08-07,1917-04-07,2,8,5,0.090909
5,1909-08-07,1917-04-07,2,9,7,0.127273
5,1909-08-07,1917-04-07,3,1,0,0.0
5,1909-08-07,1917-04-07,3,2,8,0.133333
5,1909-08-07,1917-04-07,3,3,13,0.216667
5,1909-08-07,1917-04-07,3,4,6,0.1
5,1909-08-07,1917-04-07,3,5,6,0.1
5,1909-08-07,1917-04-07,3,6,13,0.216667
5,1909-08-07,1917-04-07,3,7,4,0.066667
5,1909-08-07,1917-04-07,3,8,7,0.116667
5,1909-08-07,1917-04-07,3,9,3,0.05
5,1909-08-07,1917-04-07,4,1,4,0.108108
5,1909-08-07,1917-04-07,4,2,7,0.189189
5,1909-08-07,1917-04-07,4,3,6,0.162162
5,1909-08-07,1917-04-07,4,4,2,0.054054
5,1909-08-07,1917-04-07,4,5,3,0.081081
5,1909-08-07,1917-04-07,4,6,4,0.108108
5,1909-08-07,1917-04-07,4,7,5,0.135135
5,1909-08-07,1917-04-07,4,8,4,0.108108
5,1909-08-07,1917-04-07,4,9,2,0.054054
5,1909-08-07,1917-04-07,5,1,2,0.055556
5,1909-08-07,1917-04-07,5,2,4,0.111111
5,1909-08-07,1917-04-07,5,3,7,0.194444
5,1909-08-07,1917-04-07,5,4,2,0.055556
5,1909-08-07,1917-04-07,5,5,1,0.027778
5,1909-08-07,1917-04-07,5,6,6,0.166667
5,1909-08-07,1917-04-07,5,7,5,0.138889
5,1909-08-07,1917-04-07,5,8,5,0.138889
5,1909-08-07,1917-04-07,5,9,4,0.111111
5,1909-08-07,1917-04-07,6,1,2,0.040816
5,1909-08-07,1917-04-07,6,2,13,0.265306
5,1909-08-07,1917-04-07,6,3,5,0.102041
5,1909-08-07,1917-04-07,6,4,10,0.204082
5,1909-08-07,1917-04-07,6,5,5,0.102041
5,1909-08-07,1917-04-07,6,6,2,0.040816
5,1909-08-07,1917-04-07,6,7,5,0.102041
5,1909-08-07,1917-04-07,6,8,6,0.122449
5,1909-08-07,1917-04-07,6,9,1,0.020408
5,1909-08-07,1917-04-07,7,1,3,0.069767
5,1909-08-07,1917-04-07,7,2,8,0.186047
5,1909-08-07,1917-04-07,7,3,4,0.093023
5,1909-08-07,1917-04-07,7,4,2,0.046512
5,1909-08-07,1917-04-07,7,5,3,0.069767
5,1909-08-07,1917-04-07,7,6,5,0.116279
5,1909-08-07,1917-04-07,7,7,5,0.116279
5,1909-08-07,1917-04-07,7,8,7,0.162791
5,1909-08-07,1917-04-07,7,9,6,0.139535
5,1909-08-07,1917-04-07,8,1,5,0.1
5,1909-08-07,1917-04-07,8,2,5,0.1
5,1909-08-07,1917-04-07,8,3,8,0.16
5,1909-08-07,1917-04-07,8,4,4,0.08
5,1909-08-07,1917-04-07,8,5,4,0.08
5,1909-08-07,1917-04-07,8,6,5,0.1
5,1909-08-07,1917-04-07,8,7,5,0.1
5,1909-08-07,1917-04-07,8,8,8,0.16
5,1909-08-07,1917-04-07,8,9,6,0.12
5,1909-08-07,1917-04-07,9,1,6,0.166667
5,1909-08-07,1917-04-07,9,2,2,0.055556
5,1909-08-07,1917-04-07,9,3,5,0.138889
5,1909-08-07,1917-04-07,9,4,4,0.111111
5,1909-08-07,1917-04-07,9,5,3,0.083333
5,1909-08-07,1917-04-07,9,6,4,0.111111
5,1909-08-07,1917-04-07,9,7,5,0.138889
5,1909-08-07,1917-04-07,9,8,2,0.055556
5,1909-08-07,1917-04-07,9,9,5,0.138889
6,1911-07-08,1919-03-08,1,1,2,0.064516
6,1911-07-08,1919-03-08,1,2,5,0.16129
6,1911-07-08,1919-03-08,1,3,2,0.064516
6,1911-07-08,1919-03-08,1,4,2,0.064516
6,1911-07-08,1919-03-08,1,5,3,0.096774
6,1911-07-08,1919-03-08,1,6,5,0.16129
6,1911-07-08,1919-03-08,1,7,4,0.129032
6,1911-07-08,1919-03-08,1,8,6,0.193548
6,1911-07-08,1919-03-08,1,9,2,0.064516
6,1911-07-08,1919-03-08,2,1,8,0.153846
6,1911-07-08,1919-03-08,2,2,4,0.076923
6,1911-07-08,1919-03-08,2,3,6,0.115385
6,1911-07-08,1919-03-08,2,4,3,0.057692
6,1911-07-08,1919-03-08,2,5,5,0.096154
6,1911-07-08,1919-03-08,2,6,10,0.192308
6,1911-07-08,1919-03-08,2,7,6,0.115385
6,1911-07-08,1919-03-08,2,8,5,0.096154
6,1911-07-08,1919-03-08,2,9,5,0.096154
6,1911-07-08,1919-03-08,3,1,1,0.017857
6,1911-07-08,1919-03-08,3,2,7,0.125
6,1911-07-08,1919-03-08,3,3,12,0.214286
6,1911-07-08,1919-03-08,3,4,10,0.178571
6,1911-07-08,1919-03-08,3,5,5,0.089286
6,1911-07-08,1919-03-08,3,6,12,0.214286
6,1911-07-08,1919-03-08,3,7,2,0.035714
6,1911-07-08,1919-03-08,3,8,5,0.089286
6,1911-07-08,1919-03-08,3,9,2,0.035714
6,1911-07-08,1919-03-08,4,1,3,0.071429
6,1911-07-08,1919-03-08,4,2,7,0.166667
6,1911-07-08,1919-03-08,4,3,8,0.190476
6,1911-07-08,1919-03-08,4,4,2,0.047619
6,1911-07-08,1919-03-08,4,5,3,0.071429
6,1911-07-08,1919-03-08,4,6,4,0.095238
6,1911-07-08,1919-03-08,4,7,6,0.142857
6,1911-07-08,1919-03-08,4,8,6,0.142857
6,1911-07-08,1919-03-08,4,9,3,0.071429
6,1911-07-08,1919-03-08,5,1,3,0.085714
6,1911-07-08,1919-03-08,5,2,4,0.114286
6,1911-07-08,1919-03-08,5,3,5,0.142857
6,1911-07-08,1919-03-08,5,4,1,0.028571
6,1911-07-08,1919-03-08,5,5,1,0.028571
6,1911-07-08,1919-03-08,5,6,5,0.142857
6,1911-07-08,1919-03-08,5,7,5,0.142857
6,1911-07-08,1919-03-08,5,8,5,0.142857
6,1911-07-08,1919-03-08,5,9,6,0.171429
6,1911-07-08,1919-03-08,6,1,2,0.040816
6,1911-07-08,1919-03-08,6,2,15,0.306122
6,1911-07-08,1919-03-08,6,3,6,0.122449
6,1911-07-08,1919-03-08,6,4,9,0.183673
6,1911-07-08,1919-03-08,6,5,5,0.102041
6,1911-07-08,1919-03-08,6,6,1,0.020408
6,1911-07-08,1919-03-08,6,7,4,0.081633
6,1911-07-08,1919-03-08,6,8,7,0.142857
6,1911-07-08,1919-03-08,6,9,0,0.0
6,1911-07-08,1919-03-08,7,1,3,0.066667
6,1911-07-08,1919-03-08,7,2,5,0.111111
6,1911-07-08,1919-03-08,7,3,6,0.133333
6,1911-07-08,1919-03-08,7,4,5,0.111111
6,1911-07-08,1919-03-08,7,5,3,0.066667
6,1911-07-08,1919-03-08,7,6,4,0.088889
6,1911-07-08,1919-03-08,7,7,6,0.133333
6,1911-07-08,1919-03-08,7,8,6,0.133333
6,1911-07-08,1919-03-08,7,9,7,0.155556
6,1911-07-08,1919-03-08,8,1,4,0.074074
6,1911-07-08,1919-03-08,8,2,4,0.074074
6,1911-07-08,1919-03-08,8,3,6,0.111111
6,1911-07-08,1919-03-08,8,4,5,0.092593
6,1911-07-08,1919-03-08,8,5,6,0.111111
6,1911-07-08,1919-03-08,8,6,5,0.092593
6,1911-07-08,1919-03-08,8,7,6,0.111111
6,1911-07-08,1919-03-08,8,8,12,0.222222
6,1911-07-08,1919-03-08,8,9,6,0.111111
6,1911-07-08,1919-03-08,9,1,5,0.138889
6,1911-07-08,1919-03-08,9,2,2,0.055556
6,1911-07-08,1919-03-08,9,3,4,0.111111
6,1911-07-08,1919-03-08,9,4,5,0.138889
6,1911-07-08,1919-03-08,9,5,4,0.111111
6,1911-07-08,1919-03-08,9,6,3,0.083333
6,1911-07-08,1919-03-08,9,7,6,0.166667
6,1911-07-08,1919-03-08,9,8,2,0.055556
6,1911-07-08,1919-03-08,9,9,5,0.138889
7,1913-06-07,1921-02-05,1,1,3,0.088235
7,1913-06-07,1921-02-05,1,2,5,0.147059
7,1913-06-07,1921-02-05,1,3,2,0.058824
7,1913-06-07,1921-02-05,1,4,3,0.088235
7,1913-06-07,1921-02-05,1,5,2,0.058824
7,1913-06-07,1921-02-05,1,6,8,0.235294
7,1913-06-07,1921-02-05,1,7,3,0.088235
7,1913-06-07,1921-02-05,1,8,7,0.205882
7,1913-06-07,1921-02-05,1,9,1,0.029412
7,1913-06-07,1921-02-05,2,1,4,0.074074
7,1913-06-07,1921-02-05,2,2,8,0.148148
7,1913-06-07,1921-02-05,2,3,9,0.166667
7,1913-06-07,1921-02-05,2,4,5,0.092593
7,1913-06-07,1921-02-05,2,5,4,0.074074
7,1913-06-07,1921-02-05,2,6,10,0.185185
7,1913-06-07,1921-02-05,2,7,5,0.092593
7,1913-06-07,1921-02-05,2,8,5,0.092593
7,1913-06-07,1921-02-05,2,9,4,0.074074
7,1913-06-07,1921-02-05,3,1,1,0.019608
7,1913-06-07,1921-02-05,3,2,8,0.156863
7,1913-06-07,1921-02-05,3,3,10,0.196078
7,1913-06-07,1921-02-05,3,4,8,0.156863
7,1913-06-07,1921-02-05,3,5,6,0.117647
7,1913-06-07,1921-02-05,3,6,7,0.137255
7,1913-06-07,1921-02-05,3,7,3,0.058824
7,1913-06-07,1921-02-05,3,8,5,0.098039
7,1913-06-07,1921-02-05,3,9,3,0.058824
7,1913-06-07,1921-02-05,4,1,4,0.095238
7,1913-06-07,1921-02-05,4,2,5,0.119048
7,1913-06-07,1921-02-05,4,3,5,0.119048
7,1913-06-07,1921-02-05,4,4,3,0.071429
7,1913-06-07,1921-02-05,4,5,3,0.071429
7,1913-06-07,1921-02-05,4,6,7,0.166667
7,1913-06-07,1921-02-05,4,7,4,0.095238
7,1913-06-07,1921-02-05,4,8,6,0.142857
7,1913-06-07,1921-02-05,4,9,5,0.119048
7,1913-06-07,1921-02-05,5,1,6,0.162162
7,1913-06-07,1921-02-05,5,2,3,0.081081
7,1913-06-07,1921-02-05,5,3,5,0.135135
7,1913-06-07,1921-02-05,5,4,4,0.108108
7,1913-06-07,1921-02-05,5,5,2,0.054054
7,1913-06-07,1921-02-05,5,6,3,0.081081
7,1913-06-07,1921-02-05,5,7,3,0.081081
7,1913-06-07,1921-02-05,5,8,4,0.108108
7,1913-06-07,1921-02-05,5,9,7,0.189189
7,1913-06-07,1921-02-05,6,1,3,0.06
7,1913-06-07,1921-02-05,6,2,11,0.22
7,1913-06-07,1921-02-05,6,3,6,0.12
7,1913-06-07,1921-02-05,6,4,6,0.12
7,1913-06-07,1921-02-05,6,5,9,0.18
7,1913-06-07,1921-02-05,6,6,3,0.06
7,1913-06-07,1921-02-05,6,7,4,0.08
7,1913-06-07,1921-02-05,6,8,8,0.16
7,1913-06-07,1921-02-05,6,9,0,0.0
7,1913-06-07,1921-02-05,7,1,2,0.05
7,1913-06-07,1921-02-05,7,2,6,0.15
7,1913-06-07,1921-02-05,7,3,4,0.1
7,1913-06-07,1921-02-05,7,4,4,0.1
7,1913-06-07,1921-02-05,7,5,2,0.05
7,1913-06-07,1921-02-05,7,6,5,0.125
7,1913-06-07,1921-02-05,7,7,5,0.125
7,1913-06-07,1921-02-05,7,8,5,0.125
7,1913-06-07,1921-02-05,7,9,7,0.175
7,1913-06-07,1921-02-05,8,1,5,0.098039
7,1913-06-07,1921-02-05,8,2,4,0.078431
7,1913-06-07,1921-02-05,8,3,6,0.117647
7,1913-06-07,1921-02-05,8,4,3,0.058824
7,1913-06-07,1921-02-05,8,5,6,0.117647
7,1913-06-07,1921-02-05,8,6,3,0.058824
7,1913-06-07,1921-02-05,8,7,8,0.156863
7,1913-06-07,1921-02-05,8,8,9,0.176471
7,1913-06-07,1921-02-05,8,9,7,0.137255
7,1913-06-07,1921-02-05,9,1,6,0.146341
7,1913-06-07,1921-02-05,9,2,4,0.097561
7,1913-06-07,1921-02-05,9,3,3,0.073171
7,1913-06-07,1921-02-05,9,4,6,0.146341
7,1913-06-07,1921-02-05,9,5,3,0.073171
7,1913-06-07,1921-02-05,9,6,5,0.121951
7,1913-06-07,1921-02-05,9,7,5,0.121951
7,1913-06-07,1921-02-05,9,8,2,0.04878
7,1913-06-07,1921-02-05,9,9,7,0.170732
8,1915-05-08,1923-01-06,1,1,3,0.085714
8,1915-05-08,1923-01-06,1,2,4,0.114286
8,1915-05-08,1923-01-06,1,3,3,0.085714
8,1915-05-08,1923-01-06,1,4,4,0.114286
8,1915-05-08,1923-01-06,1,5,3,0.085714
8,1915-05-08,1923-01-06,1,6,8,0.228571
8,1915-05-08,1923-01-06,1,7,4,0.114286
8,1915-05-08,1923-01-06,1,8,6,0.171429
8,1915-05-08,1923-01-06,1,9,0,0.0
8,1915-05-08,1923-01-06,2,1,4,0.086957
8,1915-05-08,1923-01-06,2,2,6,0.130435
8,1915-05-08,1923-01-06,2,3,9,0.195652
8,1915-05-08,1923-01-06,2,4,5,0.108696
8,1915-05-08,1923-01-06,2,5,4,0.086957
8,1915-05-08,1923-01-06,2,6,7,0.152174
8,1915-05-08,1923-01-06,2,7,5,0.108696
8,1915-05-08,1923-01-06,2,8,3,0.065217
8,1915-05-08,1923-01-06,2,9,3,0.065217
8,1915-05-08,1923-01-06,3,1,3,0.055556
8,1915-05-08,1923-01-06,3,2,6,0.111111
8,1915-05-08,1923-01-06,3,3,9,0.166667
8,1915-05-08,1923-01-06,3,4,10,0.185185
8,1915-05-08,1923-01-06,3,5,6,0.111111
8,1915-05-08,1923-01-06,3,6,9,0.166667
8,1915-05-08,1923-01-06,3,7,3,0.055556
8,1915-05-08,1923-01-06,3,8,4,0.074074
8,1915-05-08,1923-01-06,3,9,4,0.074074
8,1915-05-08,1923-01-06,4,1,4,0.086957
8,1915-05-08,1923-01-06,4,2,5,0.108696
8,1915-05-08,1923-01-06,4,3,5,0.108696
8,1915-05-08,1923-01-06,4,4,4,0.086957
8,1915-05-08,1923-01-06,4,5,2,0.043478
8,1915-05-08,1923-01-06,4,6,7,0.152174
8,1915-05-08,1923-01-06,4,7,5,0.108696
8,1915-05-08,1923-01-06,4,8,9,0.195652
8,1915-05-08,1923-01-06,4,9,5,0.108696
8,1915-05-08,1923-01-06,5,1,6,0.146341
8,1915-05-08,1923-01-06,5,2,2,0.04878
8,1915-05-08,1923-01-06,5,3,6,0.146341
8,1915-05-08,1923-01-06,5,4,5,0.121951
8,1915-05-08,1923-01-06,5,5,3,0.073171
8,1915-05-08,1923-01-06,5,6,3,0.073171
8,1915-05-08,1923-01-06,5,7,4,0.097561
8,1915-05-08,1923-01-06,5,8,3,0.073171
8,1915-05-08,1923-01-06,5,9,9,0.219512
8,1915-05-08,1923-01-06,6,1,4,0.075472
8,1915-05-08,1923-01-06,6,2,10,0.188679
8,1915-05-08,1923-01-06,6,3,7,0.132075
8,1915-05-08,1923-01-06,6,4,6,0.113208
8,1915-05-08,1923-01-06,6,5,8,0.150943
8,1915-05-08,1923-01-06,6,6,6,0.113208
8,1915-05-08,1923-01-06,6,7,6,0.113208
8,1915-05-08,1923-01-06,6,8,6,0.113208
8,1915-05-08,1923-01-06,6,9,0,0.0
8,1915-05-08,1923-01-06,7,1,1,0.025641
8,1915-05-08,1923-01-06,7,2,6,0.153846
8,1915-05-08,1923-01-06,7,3,3,0.076923
8,1915-05-08,1923-01-06,7,4,3,0.076923
8,1915-05-08,1923-01-06,7,5,4,0.102564
8,1915-05-08,1923-01-06,7,6,5,0.128205
8,1915-05-08,1923-01-06,7,7,4,0.102564
8,1915-05-08,1923-01-06,7,8,3,0.076923
8,1915-05-08,1923-01-06,7,9,10,0.25641
8,1915-05-08,1923-01-06,8,1,3,0.068182
8,1915-05-08,1923-01-06,8,2,4,0.090909
8,1915-05-08,1923-01-06,8,3,8,0.181818
8,1915-05-08,1923-01-06,8,4,2,0.045455
8,1915-05-08,1923-01-06,8,5,7,0.159091
8,1915-05-08,1923-01-06,8,6,2,0.045455
8,1915-05-08,1923-01-06,8,7,4,0.090909
8,1915-05-08,1923-01-06,8,8,7,0.159091
8,1915-05-08,1923-01-06,8,9,7,0.159091
8,1915-05-08,1923-01-06,9,1,7,0.166667
8,1915-05-08,1923-01-06,9,2,4,0.095238
8,1915-05-08,1923-01-06,9,3,4,0.095238
8,1915-05-08,1923-01-06,9,4,7,0.166667
8,1915-05-08,1923-01-06,9,5,4,0.095238
8,1915-05-08,1923-01-06,9,6,5,0.119048
8,1915-05-08,1923-01-06,9,7,4,0.095238
8,1915-05-08,1923-01-06,9,8,3,0.071429
8,1915-05-08,1923-01-06,9,9,4,0.095238
9,1917-04-07,1924-12-06,1,1,1,0.027778
9,1917-04-07,1924-12-06,1,2,4,0.111111
9,1917-04-07,1924-12-06,1,3,4,0.111111
9,1917-04-07,1924-12-06,1,4,4,0.111111
9,1917-04-07,1924-12-06,1,5,4,0.111111
9,1917-04-07,1924-12-06,1,6,7,0.194444
9,1917-04-07,1924-12-06,1,7,4,0.111111
9,1917-04-07,1924-12-06,1,8,7,0.194444
9,1917-04-07,1924-12-06,1,9,1,0.027778
9,1917-04-07,1924-12-06,2,1,3,0.076923
9,1917-04-07,1924-12-06,2,2,6,0.153846
9,1917-04-07,1924-12-06,2,3,8,0.205128
9,1917-04-07,1924-12-06,2,4,3,0.076923
9,1917-04-07,1924-12-06,2,5,4,0.102564
9,1917-04-07,1924-12-06,2,6,7,0.179487
9,1917-04-07,1924-12-06,2,7,4,0.102564
9,1917-04-07,1924-12-06,2,8,2,0.051282
9,1917-04-07,1924-12-06,2,9,2,0.051282
9,1917-04-07,1924-12-06,3,1,6,0.122449
9,1917-04-07,1924-12-06,3,2,6,0.122449
9,1917-04-07,1924-12-06,3,3,6,0.122449
9,1917-04-07,1924-12-06,3,4,11,0.22449
9,1917-04-07,1924-12-06,3,5,5,0.102041
9,1917-04-07,1924-12-06,3,6,4,0.081633
9,1917-04-07,1924-12-06,3,7,3,0.061224
9,1917-04-07,1924-12-06,3,8,3,0.061224
9,1917-04-07,1924-12-06,3,9,5,0.102041
9,1917-04-07,1924-12-06,4,1,3,0.065217
9,1917-04-07,1924-12-06,4,2,3,0.065217
9,1917-04-07,1924-12-06,4,3,5,0.108696
9,1917-04-07,1924-12-06,4,4,4,0.086957
9,1917-04-07,1924-12-06,4,5,3,0.065217
9,1917-04-07,1924-12-06,4,6,9,0.195652
9,1917-04-07,1924-12-06,4,7,4,0.086957
9,1917-04-07,1924-12-06,4,8,8,0.173913
9,1917-04-07,1924-12-06,4,9,7,0.152174
9,1917-04-07,1924-12-06,5,1,5,0.116279
9,1917-04-07,1924-12-06,5,2,1,0.023256
9,1917-04-07,1924-12-06,5,3,6,0.139535
9,1917-04-07,1924-12-06,5,4,5,0.116279
9,1917-04-07,1924-12-06,5,5,4,0.093023
9,1917-04-07,1924-12-06,5,6,1,0.023256
9,1917-04-07,1924-12-06,5,7,5,0.116279
9,1917-04-07,1924-12-06,5,8,3,0.069767
9,1917-04-07,1924-12-06,5,9,13,0.302326
9,1917-04-07,1924-12-06,6,1,6,0.117647
9,1917-04-07,1924-12-06,6,2,7,0.137255
9,1917-04-07,1924-12-06,6,3,4,0.078431
9,1917-04-07,1924-12-06,6,4,3,0.058824
9,1917-04-07,1924-12-06,6,5,7,0.137255
9,1917-04-07,1924-12-06,6,6,8,0.156863
9,1917-04-07,1924-12-06,6,7,6,0.117647
9,1917-04-07,1924-12-06,6,8,9,0.176471
9,1917-04-07,1924-12-06,6,9,1,0.019608
9,1917-04-07,1924-12-06,7,1,1,0.023256
9,1917-04-07,1924-12-06,7,2,4,0.093023
9,1917-04-07,1924-12-06,7,3,3,0.069767
9,1917-04-07,1924-12-06,7,4,6,0.139535
9,1917-04-07,1924-12-06,7,5,6,0.139535
9,1917-04-07,1924-12-06,7,6,7,0.162791
9,1917-04-07,1924-12-06,7,7,6,0.139535
9,1917-04-07,1924-12-06,7,8,1,0.023256
9,1917-04-07,1924-12-06,7,9,9,0.209302
9,1917-04-07,1924-12-06,8,1,5,0.108696
9,1917-04-07,1924-12-06,8,2,4,0.086957
9,1917-04-07,1924-12-06,8,3,7,0.152174
9,1917-04-07,1924-12-06,8,4,3,0.065217
9,1917-04-07,1924-12-06,8,5,6,0.130435
9,1917-04-07,1924-12-06,8,6,2,0.043478
9,1917-04-07,1924-12-06,8,7,5,0.108696
9,1917-04-07,1924-12-06,8,8,10,0.217391
9,1917-04-07,1924-12-06,8,9,4,0.086957
9,1917-04-07,1924-12-06,9,1,6,0.12766
9,1917-04-07,1924-12-06,9,2,4,0.085106
9,1917-04-07,1924-12-06,9,3,6,0.12766
9,1917-04-07,1924-12-06,9,4,7,0.148936
9,1917-04-07,1924-12-06,9,5,4,0.085106
9,1917-04-07,1924-12-06,9,6,6,0.12766
9,1917-04-07,1924-12-06,9,7,6,0.12766
9,1917-04-07,1924-12-06,9,8,3,0.06383
9,1917-04-07,1924-12-06,9,9,5,0.106383
10,1919-03-08,1926-11-06,1,1,3,0.069767
10,1919-03-08,1926-11-06,1,2,2,0.046512
10,1919-03-08,1926-11-06,1,3,5,0.116279
10,1919-03-08,1926-11-06,1,4,6,0.139535
10,1919-03-08,1926-11-06,1,5,3,0.069767
10,1919-03-08,1926-11-06,1,6,6,0.139535
10,1919-03-08,1926-11-06,1,7,7,0.162791
10,1919-03-08,1926-11-06,1,8,9,0.209302
10,1919-03-08,1926-11-06,1,9,2,0.046512
10,1919-03-08,1926-11-06,2,1,5,0.116279
10,1919-03-08,1926-11-06,2,2,7,0.162791
10,1919-03-08,1926-11-06,2,3,6,0.139535
10,1919-03-08,1926-11-06,2,4,6,0.139535
10,1919-03-08,1926-11-06,2,5,6,0.139535
10,1919-03-08,1926-11-06,2,6,3,0.069767
10,1919-03-08,1926-11-06,2,7,3,0.069767
10,1919-03-08,1926-11-06,2,8,3,0.069767
10,1919-03-08,1926-11-06,2,9,4,0.093023
10,1919-03-08,1926-11-06,3,1,6,0.130435
10,1919-03-08,1926-11-06,3,2,8,0.173913
10,1919-03-08,1926-11-06,3,3,5,0.108696
10,1919-03-08,1926-11-06,3,4,6,0.130435
10,1919-03-08,1926-11-06,3,5,6,0.130435
10,1919-03-08,1926-11-06,3,6,3,0.065217
10,1919-03-08,1926-11-06,3,7,3,0.065217
10,1919-03-08,1926-11-06,3,8,3,0.065217
10,1919-03-08,1926-11-06,3,9,6,0.130435
10,1919-03-08,1926-11-06,4,1,5,0.108696
10,1919-03-08,1926-11-06,4,2,2,0.043478
10,1919-03-08,1926-11-06,4,3,4,0.086957
10,1919-03-08,1926-11-06,4,4,6,0.130435
10,1919-03-08,1926-11-06,4,5,4,0.086957
10,1919-03-08,1926-11-06,4,6,8,0.173913
10,1919-03-08,1926-11-06,4,7,5,0.108696
10,1919-03-08,1926-11-06,4,8,6,0.130435
10,1919-03-08,1926-11-06,4,9,6,0.130435
10,1919-03-08,1926-11-06,5,1,4,0.095238
10,1919-03-08,1926-11-06,5,2,2,0.047619
10,1919-03-08,1926-11-06,5,3,5,0.119048
10,1919-03-08,1926-11-06,5,4,6,0.142857
10,1919-03-08,1926-11-06,5,5,4,0.095238
10,1919-03-08,1926-11-06,5,6,1,0.02381
10,1919-03-08,1926-11-06,5,7,5,0.119048
10,1919-03-08,1926-11-06,5,8,2,0.047619
10,1919-03-08,1926-11-06,5,9,13,0.309524
10,1919-03-08,1926-11-06,6,1,6,0.139535
10,1919-03-08,1926-11-06,6,2,6,0.139535
10,1919-03-08,1926-11-06,6,3,3,0.069767
10,1919-03-08,1926-11-06,6,4,1,0.023256
10,1919-03-08,1926-11-06,6,5,6,0.139535
10,1919-03-08,1926-11-06,6,6,7,0.162791
10,1919-03-08,1926-11-06,6,7,6,0.139535
10,1919-03-08,1926-11-06,6,8,7,0.162791
10,1919-03-08,1926-11-06,6,9,1,0.023256
10,1919-03-08,1926-11-06,7,1,2,0.043478
10,1919-03-08,1926-11-06,7,2,7,0.152174
10,1919-03-08,1926-11-06,7,3,4,0.086957
10,1919-03-08,1926-11-06,7,4,6,0.130435
10,1919-03-08,1926-11-06,7,5,5,0.108696
10,1919-03-08,1926-11-06,7,6,8,0.173913
10,1919-03-08,1926-11-06,7,7,6,0.130435
10,1919-03-08,1926-11-06,7,8,1,0.021739
10,1919-03-08,1926-11-06,7,9,7,0.152174
10,1919-03-08,1926-11-06,8,1,5,0.125
10,1919-03-08,1926-11-06,8,2,4,0.1
10,1919-03-08,1926-11-06,8,3,6,0.15
10,1919-03-08,1926-11-06,8,4,4,0.1
10,1919-03-08,1926-11-06,8,5,4,0.1
10,1919-03-08,1926-11-06,8,6,0,0.0
10,1919-03-08,1926-11-06,8,7,6,0.15
10,1919-03-08,1926-11-06,8,8,7,0.175
10,1919-03-08,1926-11-06,8,9,4,0.1
10,1919-03-08,1926-11-06,9,1,7,0.137255
10,1919-03-08,1926-11-06,9,2,4,0.078431
10,1919-03-08,1926-11-06,9,3,8,0.156863
10,1919-03-08,1926-11-06,9,4,5,0.098039
10,1919-03-08,1926-11-06,9,5,4,0.078431
10,1919-03-08,1926-11-06,9,6,7,0.137255
10,1919-03-08,1926-11-06,9,7,6,0.117647
10,1919-03-08,1926-11-06,9,8,2,0.039216
10,1919-03-08,1926-11-06,9,9,8,0.156863
11,1921-02-05,1928-10-06,1,1,2,0.052632
11,1921-02-05,1928-10-06,1,2,2,0.052632
11,1921-02-05,1928-10-06,1,3,6,0.157895
11,1921-02-05,1928-10-06,1,4,4,0.105263
11,1921-02-05,1928-10-06,1,5,5,0.131579
11,1921-02-05,1928-10-06,1,6,4,0.105263
11,1921-02-05,1928-10-06,1,7,7,0.184211
11,1921-02-05,1928-10-06,1,8,6,0.157895
11,1921-02-05,1928-10-06,1,9,2,0.052632
11,1921-02-05,1928-10-06,2,1,5,0.131579
11,1921-02-05,1928-10-06,2,2,4,0.105263
11,1921-02-05,1928-10-06,2,3,4,0.105263
11,1921-02-05,1928-10-06,2,4,4,0.105263
11,1921-02-05,1928-10-06,2,5,5,0.131579
11,1921-02-05,1928-10-06,2,6,2,0.052632
11,1921-02-05,1928-10-06,2,7,5,0.131579
11,1921-02-05,1928-10-06,2,8,3,0.078947
11,1921-02-05,1928-10-06,2,9,6,0.157895
11,1921-02-05,1928-10-06,3,1,6,0.122449
11,1921-02-05,1928-10-06,3,2,7,0.142857
11,1921-02-05,1928-10-06,3,3,5,0.102041
11,1921-02-05,1928-10-06,3,4,8,0.163265
11,1921-02-05,1928-10-06,3,5,6,0.122449
11,1921-02-05,1928-10-06,3,6,4,0.081633
11,1921-02-05,1928-10-06,3,7,4,0.081633
11,1921-02-05,1928-10-06,3,8,4,0.081633
11,1921-02-05,1928-10-06,3,9,5,0.102041
11,1921-02-05,1928-10-06,4,1,6,0.122449
11,1921-02-05,1928-10-06,4,2,1,0.020408
11,1921-02-05,1928-10-06,4,3,3,0.061224
11,1921-02-05,1928-10-06,4,4,8,0.163265
11,1921-02-05,1928-10-06,4,5,5,0.102041
11,1921-02-05,1928-10-06,4,6,9,0.183673
11,1921-02-05,1928-10-06,4,7,5,0.102041
11,1921-02-05,1928-10-06,4,8,7,0.142857
11,1921-02-05,1928-10-06,4,9,5,0.102041
11,1921-02-05,1928-10-06,5,1,1,0.02381
11,1921-02-05,1928-10-06,5,2,3,0.071429
11,1921-02-05,1928-10-06,5,3,4,0.095238
11,1921-02-05,1928-10-06,5,4,5,0.119048
11,1921-02-05,1928-10-06,5,5,5,0.119048
11,1921-02-05,1928-10-06,5,6,1,0.02381
11,1921-02-05,1928-10-06,5,7,6,0.142857
11,1921-02-05,1928-10-06,5,8,4,0.095238
11,1921-02-05,1928-10-06,5,9,13,0.309524
11,1921-02-05,1928-10-06,6,1,5,0.119048
11,1921-02-05,1928-10-06,6,2,7,0.166667
11,1921-02-05,1928-10-06,6,3,5,0.119048
11,1921-02-05,1928-10-06,6,4,3,0.071429
11,1921-02-05,1928-10-06,6,5,3,0.071429
11,1921-02-05,1928-10-06,6,6,7,0.166667
11,1921-02-05,1928-10-06,6,7,6,0.142857
11,1921-02-05,1928-10-06,6,8,5,0.119048
11,1921-02-05,1928-10-06,6,9,1,0.02381
11,1921-02-05,1928-10-06,7,1,2,0.038462
11,1921-02-05,1928-10-06,7,2,8,0.153846
11,1921-02-05,1928-10-06,7,3,6,0.115385
11,1921-02-05,1928-10-06,7,4,8,0.153846
11,1921-02-05,1928-10-06,7,5,5,0.096154
11,1921-02-05,1928-10-06,7,6,6,0.115385
11,1921-02-05,1928-10-06,7,7,8,0.153846
11,1921-02-05,1928-10-06,7,8,1,0.019231
11,1921-02-05,1928-10-06,7,9,8,0.153846
11,1921-02-05,1928-10-06,8,1,4,0.105263
11,1921-02-05,1928-10-06,8,2,4,0.105263
11,1921-02-05,1928-10-06,8,3,6,0.157895
11,1921-02-05,1928-10-06,8,4,5,0.131579
11,1921-02-05,1928-10-06,8,5,3,0.078947
11,1921-02-05,1928-10-06,8,6,0,0.0
11,1921-02-05,1928-10-06,8,7,4,0.105263
11,1921-02-05,1928-10-06,8,8,6,0.157895
11,1921-02-05,1928-10-06,8,9,6,0.157895
11,1921-02-05,1928-10-06,9,1,7,0.134615
11,1921-02-05,1928-10-06,9,2,2,0.038462
11,1921-02-05,1928-10-06,9,3,10,0.192308
11,1921-02-05,1928-10-06,9,4,4,0.076923
11,1921-02-05,1928-10-06,9,5,6,0.115385
11,1921-02-05,1928-10-06,9,6,8,0.153846
11,1921-02-05,1928-10-06,9,7,7,0.134615
11,1921-02-05,1928-10-06,9,8,2,0.038462
11,1921-02-05,1928-10-06,9,9,6,0.115385
12,1923-01-06,1930-09-06,1,1,4,0.102564
12,1923-01-06,1930-09-06,1,2,1,0.025641
12,1923-01-06,1930-09-06,1,3,6,0.153846
12,1923-01-06,1930-09-06,1,4,5,0.128205
12,1923-01-06,1930-09-06,1,5,6,0.153846
12,1923-01-06,1930-09-06,1,6,3,0.076923
12,1923-01-06,1930-09-06,1,7,4,0.102564
12,1923-01-06,1930-09-06,1,8,8,0.205128
12,1923-01-06,1930-09-06,1,9,2,0.051282
12,1923-01-06,1930-09-06,2,1,4,0.088889
12,1923-01-06,1930-09-06,2,2,6,0.133333
12,1923-01-06,1930-09-06,2,3,7,0.155556
12,1923-01-06,1930-09-06,2,4,3,0.066667
12,1923-01-06,1930-09-06,2,5,5,0.111111
12,1923-01-06,1930-09-06,2,6,3,0.066667
12,1923-01-06,1930-09-06,2,7,4,0.088889
12,1923-01-06,1930-09-06,2,8,4,0.088889
12,1923-01-06,1930-09-06,2,9,9,0.2
12,1923-01-06,1930-09-06,3,1,5,0.102041
12,1923-01-06,1930-09-06,3,2,9,0.183673
12,1923-01-06,1930-09-06,3,3,6,0.122449
12,1923-01-06,1930-09-06,3,4,5,0.102041
12,1923-01-06,1930-09-06,3,5,5,0.102041
12,1923-01-06,1930-09-06,3,6,5,0.102041
12,1923-01-06,1930-09-06,3,7,5,0.102041
12,1923-01-06,1930-09-06,3,8,5,0.102041
12,1923-01-06,1930-09-06,3,9,4,0.081633
12,1923-01-06,1930-09-06,4,1,6,0.136364
12,1923-01-06,1930-09-06,4,2,3,0.068182
12,1923-01-06,1930-09-06,4,3,2,0.045455
12,1923-01-06,1930-09-06,4,4,7,0.159091
12,1923-01-06,1930-09-06,4,5,6,0.136364
12,1923-01-06,1930-09-06,4,6,9,0.204545
12,1923-01-06,1930-09-06,4,7,3,0.068182
12,1923-01-06,1930-09-06,4,8,3,0.068182
12,1923-01-06,1930-09-06,4,9,5,0.113636
12,1923-01-06,1930-09-06,5,1,2,0.046512
12,1923-01-06,1930-09-06,5,2,4,0.093023
12,1923-01-06,1930-09-06,5,3,3,0.069767
12,1923-01-06,1930-09-06,5,4,5,0.116279
12,1923-01-06,1930-09-06,5,5,5,0.116279
12,1923-01-06,1930-09-06,5,6,4,0.093023
12,1923-01-06,1930-09-06,5,7,4,0.093023
12,1923-01-06,1930-09-06,5,8,4,0.093023
12,1923-01-06,1930-09-06,5,9,12,0.27907
12,1923-01-06,1930-09-06,6,1,6,0.146341
12,1923-01-06,1930-09-06,6,2,6,0.146341
12,1923-01-06,1930-09-06,6,3,4,0.097561
12,1923-01-06,1930-09-06,6,4,3,0.073171
12,1923-01-06,1930-09-06,6,5,6,0.146341
12,1923-01-06,1930-09-06,6,6,4,0.097561
12,1923-01-06,1930-09-06,6,7,6,0.146341
12,1923-01-06,1930-09-06,6,8,4,0.097561
12,1923-01-06,1930-09-06,6,9,2,0.04878
12,1923-01-06,1930-09-06,7,1,4,0.081633
12,1923-01-06,1930-09-06,7,2,9,0.183673
12,1923-01-06,1930-09-06,7,3,6,0.122449
12,1923-01-06,1930-09-06,7,4,8,0.163265
12,1923-01-06,1930-09-06,7,5,3,0.061224
12,1923-01-06,1930-09-06,7,6,4,0.081633
12,1923-01-06,1930-09-06,7,7,10,0.204082
12,1923-01-06,1930-09-06,7,8,2,0.040816
12,1923-01-06,1930-09-06,7,9,3,0.061224
12,1923-01-06,1930-09-06,8,1,3,0.075
12,1923-01-06,1930-09-06,8,2,4,0.1
12,1923-01-06,1930-09-06,8,3,4,0.1
12,1923-01-06,1930-09-06,8,4,6,0.15
12,1923-01-06,1930-09-06,8,5,3,0.075
12,1923-01-06,1930-09-06,8,6,1,0.025
12,1923-01-06,1930-09-06,8,7,6,0.15
12,1923-01-06,1930-09-06,8,8,7,0.175
12,1923-01-06,1930-09-06,8,9,6,0.15
12,1923-01-06,1930-09-06,9,1,5,0.1
12,1923-01-06,1930-09-06,9,2,3,0.06
12,1923-01-06,1930-09-06,9,3,11,0.22
12,1923-01-06,1930-09-06,9,4,2,0.04
12,1923-01-06,1930-09-06,9,5,4,0.08
12,1923-01-06,1930-09-06,9,6,8,0.16
12,1923-01-06,1930-09-06,9,7,7,0.14
12,1923-01-06,1930-09-06,9,8,3,0.06
12,1923-01-06,1930-09-06,9,9,7,0.14
13,1924-12-06,1932-08-06,1,1,6,0.153846
13,1924-12-06,1932-08-06,1,2,1,0.025641
13,1924-12-06,1932-08-06,1,3,8,0.205128
13,1924-12-06,1932-08-06,1,4,6,0.153846
13,1924-12-06,1932-08-06,1,5,6,0.153846
13,1924-12-06,1932-08-06,1,6,2,0.051282
13,1924-12-06,1932-08-06,1,7,3,0.076923
13,1924-12-06,1932-08-06,1,8,5,0.128205
13,1924-12-06,1932-08-06,1,9,2,0.051282
13,1924-12-06,1932-08-06,2,1,6,0.117647
13,1924-12-06,1932-08-06,2,2,6,0.117647
13,1924-12-06,1932-08-06,2,3,7,0.137255
13,1924-12-06,1932-08-06,2,4,4,0.078431
13,1924-12-06,1932-08-06,2,5,5,0.098039
13,1924-12-06,1932-08-06,2,6,5,0.098039
13,1924-12-06,1932-08-06,2,7,6,0.117647
13,1924-12-06,1932-08-06,2,8,4,0.078431
13,1924-12-06,1932-08-06,2,9,8,0.156863
13,1924-12-06,1932-08-06,3,1,3,0.056604
13,1924-12-06,1932-08-06,3,2,10,0.188679
13,1924-12-06,1932-08-06,3,3,7,0.132075
13,1924-12-06,1932-08-06,3,4,5,0.09434
13,1924-12-06,1932-08-06,3,5,5,0.09434
13,1924-12-06,1932-08-06,3,6,7,0.132075
13,1924-12-06,1932-08-06,3,7,7,0.132075
13,1924-12-06,1932-08-06,3,8,5,0.09434
13,1924-12-06,1932-08-06,3,9,4,0.075472
13,1924-12-06,1932-08-06,4,1,7,0.142857
13,1924-12-06,1932-08-06,4,2,5,0.102041
13,1924-12-06,1932-08-06,4,3,3,0.061224
13,1924-12-06,1932-08-06,4,4,10,0.204082
13,1924-12-06,1932-08-06,4,5,7,0.142857
13,1924-12-06,1932-08-06,4,6,7,0.142857
13,1924-12-06,1932-08-06,4,7,4,0.081633
13,1924-12-06,1932-08-06,4,8,4,0.081633
13,1924-12-06,1932-08-06,4,9,2,0.040816
13,1924-12-06,1932-08-06,5,1,3,0.065217
13,1924-12-06,1932-08-06,5,2,5,0.108696
13,1924-12-06,1932-08-06,5,3,5,0.108696
13,1924-12-06,1932-08-06,5,4,5,0.108696
13,1924-12-06,1932-08-06,5,5,7,0.152174
13,1924-12-06,1932-08-06,5,6,6,0.130435
13,1924-12-06,1932-08-06,5,7,2,0.043478
13,1924-12-06,1932-08-06,5,8,6,0.130435
13,1924-12-06,1932-08-06,5,9,7,0.152174
13,1924-12-06,1932-08-06,6,1,4,0.095238
13,1924-12-06,1932-08-06,6,2,6,0.142857
13,1924-12-06,1932-08-06,6,3,5,0.119048
13,1924-12-06,1932-08-06,6,4,4,0.095238
13,1924-12-06,1932-08-06,6,5,6,0.142857
13,1924-12-06,1932-08-06,6,6,4,0.095238
13,1924-12-06,1932-08-06,6,7,8,0.190476
13,1924-12-06,1932-08-06,6,8,2,0.047619
13,1924-12-06,1932-08-06,6,9,3,0.071429
13,1924-12-06,1932-08-06,7,1,6,0.12766
13,1924-12-06,1932-08-06,7,2,12,0.255319
13,1924-12-06,1932-08-06,7,3,6,0.12766
13,1924-12-06,1932-08-06,7,4,7,0.148936
13,1924-12-06,1932-08-06,7,5,2,0.042553
13,1924-12-06,1932-08-06,7,6,1,0.021277
13,1924-12-06,1932-08-06,7,7,8,0.170213
13,1924-12-06,1932-08-06,7,8,2,0.042553
13,1924-12-06,1932-08-06,7,9,3,0.06383
13,1924-12-06,1932-08-06,8,1,2,0.060606
13,1924-12-06,1932-08-06,8,2,3,0.090909
13,1924-12-06,1932-08-06,8,3,4,0.121212
13,1924-12-06,1932-08-06,8,4,6,0.181818
13,1924-12-06,1932-08-06,8,5,5,0.151515
13,1924-12-06,1932-08-06,8,6,1,0.030303
13,1924-12-06,1932-08-06,8,7,4,0.121212
13,1924-12-06,1932-08-06,8,8,3,0.090909
13,1924-12-06,1932-08-06,8,9,5,0.151515
13,1924-12-06,1932-08-06,9,1,3,0.075
13,1924-12-06,1932-08-06,9,2,3,0.075
13,1924-12-06,1932-08-06,9,3,8,0.2
13,1924-12-06,1932-08-06,9,4,2,0.05
13,1924-12-06,1932-08-06,9,5,3,0.075
13,1924-12-06,1932-08-06,9,6,8,0.2
13,1924-12-06,1932-08-06,9,7,5,0.125
13,1924-12-06,1932-08-06,9,8,2,0.05
13,1924-12-06,1932-08-06,9,9,6,0.15
14,1926-11-06,1934-07-07,1,1,6,0.166667
14,1926-11-06,1934-07-07,1,2,3,0.083333
14,1926-11-06,1934-07-07,1,3,7,0.194444
14,1926-11-06,1934-07-07,1,4,4,0.111111
14,1926-11-06,1934-07-07,1,5,6,0.166667
14,1926-11-06,1934-07-07,1,6,2,0.055556
14,1926-11-06,1934-07-07,1,7,0,0.0
14,1926-11-06,1934-07-07,1,8,6,0.166667
14,1926-11-06,1934-07-07,1,9,2,0.055556
14,1926-11-06,1934-07-07,2,1,4,0.081633
14,1926-11-06,1934-07-07,2,2,7,0.142857
14,1926-11-06,1934-07-07,2,3,7,0.142857
14,1926-11-06,1934-07-07,2,4,3,0.061224
14,1926-11-06,1934-07-07,2,5,5,0.102041
14,1926-11-06,1934-07-07,2,6,6,0.122449
14,1926-11-06,1934-07-07,2,7,5,0.102041
14,1926-11-06,1934-07-07,2,8,5,0.102041
14,1926-11-06,1934-07-07,2,9,7,0.142857
14,1926-11-06,1934-07-07,3,1,3,0.06
14,1926-11-06,1934-07-07,3,2,7,0.14
14,1926-11-06,1934-07-07,3,3,8,0.16
14,1926-11-06,1934-07-07,3,4,7,0.14
14,1926-11-06,1934-07-07,3,5,3,0.06
14,1926-11-06,1934-07-07,3,6,6,0.12
14,1926-11-06,1934-07-07,3,7,7,0.14
14,1926-11-06,1934-07-07,3,8,5,0.1
14,1926-11-06,1934-07-07,3,9,4,0.08
14,1926-11-06,1934-07-07,4,1,6,0.122449
14,1926-11-06,1934-07-07,4,2,5,0.102041
14,1926-11-06,1934-07-07,4,3,1,0.020408
14,1926-11-06,1934-07-07,4,4,10,0.204082
14,1926-11-06,1934-07-07,4,5,6,0.122449
14,1926-11-06,1934-07-07,4,6,10,0.204082
14,1926-11-06,1934-07-07,4,7,4,0.081633
14,1926-11-06,1934-07-07,4,8,3,0.061224
14,1926-11-06,1934-07-07,4,9,4,0.081633
14,1926-11-06,1934-07-07,5,1,4,0.085106
14,1926-11-06,1934-07-07,5,2,4,0.085106
14,1926-11-06,1934-07-07,5,3,6,0.12766
14,1926-11-06,1934-07-07,5,4,5,0.106383
14,1926-11-06,1934-07-07,5,5,7,0.148936
14,1926-11-06,1934-07-07,5,6,6,0.12766
14,1926-11-06,1934-07-07,5,7,1,0.021277
14,1926-11-06,1934-07-07,5,8,8,0.170213
14,1926-11-06,1934-07-07,5,9,6,0.12766
14,1926-11-06,1934-07-07,6,1,4,0.076923
14,1926-11-06,1934-07-07,6,2,7,0.134615
14,1926-11-06,1934-07-07,6,3,8,0.153846
14,1926-11-06,1934-07-07,6,4,5,0.096154
14,1926-11-06,1934-07-07,6,5,6,0.115385
14,1926-11-06,1934-07-07,6,6,6,0.115385
14,1926-11-06,1934-07-07,6,7,8,0.153846
14,1926-11-06,1934-07-07,6,8,5,0.096154
14,1926-11-06,1934-07-07,6,9,3,0.057692
14,1926-11-06,1934-07-07,7,1,4,0.102564
14,1926-11-06,1934-07-07,7,2,10,0.25641
14,1926-11-06,1934-07-07,7,3,3,0.076923
14,1926-11-06,1934-07-07,7,4,5,0.128205
14,1926-11-06,1934-07-07,7,5,2,0.051282
14,1926-11-06,1934-07-07,7,6,2,0.051282
14,1926-11-06,1934-07-07,7,7,6,0.153846
14,1926-11-06,1934-07-07,7,8,2,0.051282
14,1926-11-06,1934-07-07,7,9,5,0.128205
14,1926-11-06,1934-07-07,8,1,3,0.081081
14,1926-11-06,1934-07-07,8,2,4,0.108108
14,1926-11-06,1934-07-07,8,3,5,0.135135
14,1926-11-06,1934-07-07,8,4,5,0.135135
14,1926-11-06,1934-07-07,8,5,7,0.189189
14,1926-11-06,1934-07-07,8,6,3,0.081081
14,1926-11-06,1934-07-07,8,7,2,0.054054
14,1926-11-06,1934-07-07,8,8,1,0.027027
14,1926-11-06,1934-07-07,8,9,7,0.189189
14,1926-11-06,1934-07-07,9,1,2,0.04878
14,1926-11-06,1934-07-07,9,2,2,0.04878
14,1926-11-06,1934-07-07,9,3,6,0.146341
14,1926-11-06,1934-07-07,9,4,5,0.121951
14,1926-11-06,1934-07-07,9,5,5,0.121951
14,1926-11-06,1934-07-07,9,6,11,0.268293
14,1926-11-06,1934-07-07,9,7,5,0.121951
14,1926-11-06,1934-07-07,9,8,2,0.04878
14,1926-11-06,1934-07-07,9,9,3,0.073171
15,1928-10-06,1936-06-06,1,1,6,0.139535
15,1928-10-06,1936-06-06,1,2,7,0.162791
15,1928-10-06,1936-06-06,1,3,7,0.162791
15,1928-10-06,1936-06-06,1,4,4,0.093023
15,1928-10-06,1936-06-06,1,5,5,0.116279
15,1928-10-06,1936-06-06,1,6,4,0.093023
15,1928-10-06,1936-06-06,1,7,1,0.023256
15,1928-10-06,1936-06-06,1,8,7,0.162791
15,1928-10-06,1936-06-06,1,9,2,0.046512
15,1928-10-06,1936-06-06,2,1,7,0.134615
15,1928-10-06,1936-06-06,2,2,6,0.115385
15,1928-10-06,1936-06-06,2,3,8,0.153846
15,1928-10-06,1936-06-06,2,4,5,0.096154
15,1928-10-06,1936-06-06,2,5,5,0.096154
15,1928-10-06,1936-06-06,2,6,5,0.096154
15,1928-10-06,1936-06-06,2,7,5,0.096154
15,1928-10-06,1936-06-06,2,8,5,0.096154
15,1928-10-06,1936-06-06,2,9,6,0.115385
15,1928-10-06,1936-06-06,3,1,4,0.075472
15,1928-10-06,1936-06-06,3,2,8,0.150943
15,1928-10-06,1936-06-06,3,3,11,0.207547
15,1928-10-06,1936-06-06,3,4,7,0.132075
15,1928-10-06,1936-06-06,3,5,1,0.018868
15,1928-10-06,1936-06-06,3,6,7,0.132075
15,1928-10-06,1936-06-06,3,7,7,0.132075
15,1928-10-06,1936-06-06,3,8,3,0.056604
15,1928-10-06,1936-06-06,3,9,5,0.09434
15,1928-10-06,1936-06-06,4,1,5,0.111111
15,1928-10-06,1936-06-06,4,2,7,0.155556
15,1928-10-06,1936-06-06,4,3,2,0.044444
15,1928-10-06,1936-06-06,4,4,8,0.177778
15,1928-10-06,1936-06-06,4,5,5,0.111111
15,1928-10-06,1936-06-06,4,6,6,0.133333
15,1928-10-06,1936-06-06,4,7,4,0.088889
15,1928-10-06,1936-06-06,4,8,5,0.111111
15,1928-10-06,1936-06-06,4,9,3,0.066667
15,1928-10-06,1936-06-06,5,1,5,0.111111
15,1928-10-06,1936-06-06,5,2,5,0.111111
15,1928-10-06,1936-06-06,5,3,6,0.133333
15,1928-10-06,1936-06-06,5,4,5,0.111111
15,1928-10-06,1936-06-06,5,5,5,0.111111
15,1928-10-06,1936-06-06,5,6,6,0.133333
15,1928-10-06,1936-06-06,5,7,2,0.044444
15,1928-10-06,1936-06-06,5,8,7,0.155556
15,1928-10-06,1936-06-06,5,9,4,0.088889
15,1928-10-06,1936-06-06,6,1,4,0.08
15,1928-10-06,1936-06-06,6,2,6,0.12
15,1928-10-06,1936-06-06,6,3,9,0.18
15,1928-10-06,1936-06-06,6,4,4,0.08
15,1928-10-06,1936-06-06,6,5,5,0.1
15,1928-10-06,1936-06-06,6,6,5,0.1
15,1928-10-06,1936-06-06,6,7,8,0.16
15,1928-10-06,1936-06-06,6,8,4,0.08
15,1928-10-06,1936-06-06,6,9,5,0.1
15,1928-10-06,1936-06-06,7,1,6,0.157895
15,1928-10-06,1936-06-06,7,2,7,0.184211
15,1928-10-06,1936-06-06,7,3,2,0.052632
15,1928-10-06,1936-06-06,7,4,4,0.105263
15,1928-10-06,1936-06-06,7,5,4,0.105263
15,1928-10-06,1936-06-06,7,6,3,0.078947
15,1928-10-06,1936-06-06,7,7,4,0.105263
15,1928-10-06,1936-06-06,7,8,2,0.052632
15,1928-10-06,1936-06-06,7,9,6,0.157895
15,1928-10-06,1936-06-06,8,1,5,0.135135
15,1928-10-06,1936-06-06,8,2,4,0.108108
15,1928-10-06,1936-06-06,8,3,4,0.108108
15,1928-10-06,1936-06-06,8,4,4,0.108108
15,1928-10-06,1936-06-06,8,5,10,0.27027
15,1928-10-06,1936-06-06,8,6,4,0.108108
15,1928-10-06,1936-06-06,8,7,2,0.054054
15,1928-10-06,1936-06-06,8,8,1,0.027027
15,1928-10-06,1936-06-06,8,9,3,0.081081
15,1928-10-06,1936-06-06,9,1,1,0.027027
15,1928-10-06,1936-06-06,9,2,2,0.054054
15,1928-10-06,1936-06-06,9,3,4,0.108108
15,1928-10-06,1936-06-06,9,4,4,0.108108
15,1928-10-06,1936-06-06,9,5,4,0.108108
15,1928-10-06,1936-06-06,9,6,10,0.27027
15,1928-10-06,1936-06-06,9,7,5,0.135135
15,1928-10-06,1936-06-06,9,8,4,0.108108
15,1928-10-06,1936-06-06,9,9,3,0.081081
16,1930-09-06,1938-05-07,1,1,7,0.148936
16,1930-09-06,1938-05-07,1,2,8,0.170213
16,1930-09-06,1938-05-07,1,3,7,0.148936
16,1930-09-06,1938-05-07,1,4,5,0.106383
16,1930-09-06,1938-05-07,1,5,4,0.085106
16,1930-09-06,1938-05-07,1,6,6,0.12766
16,1930-09-06,1938-05-07,1,7,2,0.042553
16,1930-09-06,1938-05-07,1,8,4,0.085106
16,1930-09-06,1938-05-07,1,9,4,0.085106
16,1930-09-06,1938-05-07,2,1,10,0.2
16,1930-09-06,1938-05-07,2,2,4,0.08
16,1930-09-06,1938-05-07,2,3,5,0.1
16,1930-09-06,1938-05-07,2,4,6,0.12
16,1930-09-06,1938-05-07,2,5,6,0.12
16,1930-09-06,1938-05-07,2,6,6,0.12
16,1930-09-06,1938-05-07,2,7,5,0.1
16,1930-09-06,1938-05-07,2,8,4,0.08
16,1930-09-06,1938-05-07,2,9,4,0.08
16,1930-09-06,1938-05-07,3,1,5,0.102041
16,1930-09-06,1938-05-07,3,2,6,0.122449
16,1930-09-06,1938-05-07,3,3,7,0.142857
16,1930-09-06,1938-05-07,3,4,6,0.122449
16,1930-09-06,1938-05-07,3,5,1,0.020408
16,1930-09-06,1938-05-07,3,6,4,0.081633
16,1930-09-06,1938-05-07,3,7,12,0.244898
16,1930-09-06,1938-05-07,3,8,4,0.081633
16,1930-09-06,1938-05-07,3,9,4,0.081633
16,1930-09-06,1938-05-07,4,1,5,0.102041
16,1930-09-06,1938-05-07,4,2,6,0.122449
16,1930-09-06,1938-05-07,4,3,7,0.142857
16,1930-09-06,1938-05-07,4,4,7,0.142857
16,1930-09-06,1938-05-07,4,5,4,0.081633
16,1930-09-06,1938-05-07,4,6,5,0.102041
16,1930-09-06,1938-05-07,4,7,5,0.102041
16,1930-09-06,1938-05-07,4,8,6,0.122449
16,1930-09-06,1938-05-07,4,9,4,0.081633
16,1930-09-06,1938-05-07,5,1,4,0.093023
16,1930-09-06,1938-05-07,5,2,6,0.139535
16,1930-09-06,1938-05-07,5,3,5,0.116279
16,1930-09-06,1938-05-07,5,4,6,0.139535
16,1930-09-06,1938-05-07,5,5,4,0.093023
16,1930-09-06,1938-05-07,5,6,3,0.069767
16,1930-09-06,1938-05-07,5,7,4,0.093023
16,1930-09-06,1938-05-07,5,8,8,0.186047
16,1930-09-06,1938-05-07,5,9,3,0.069767
16,1930-09-06,1938-05-07,6,1,3,0.06383
16,1930-09-06,1938-05-07,6,2,7,0.148936
16,1930-09-06,1938-05-07,6,3,9,0.191489
16,1930-09-06,1938-05-07,6,4,4,0.085106
16,1930-09-06,1938-05-07,6,5,4,0.085106
16,1930-09-06,1938-05-07,6,6,6,0.12766
16,1930-09-06,1938-05-07,6,7,6,0.12766
16,1930-09-06,1938-05-07,6,8,4,0.085106
16,1930-09-06,1938-05-07,6,9,4,0.085106
16,1930-09-06,1938-05-07,7,1,5,0.116279
16,1930-09-06,1938-05-07,7,2,7,0.162791
16,1930-09-06,1938-05-07,7,3,3,0.069767
16,1930-09-06,1938-05-07,7,4,7,0.162791
16,1930-09-06,1938-05-07,7,5,5,0.116279
16,1930-09-06,1938-05-07,7,6,4,0.093023
16,1930-09-06,1938-05-07,7,7,3,0.069767
16,1930-09-06,1938-05-07,7,8,2,0.046512
16,1930-09-06,1938-05-07,7,9,7,0.162791
16,1930-09-06,1938-05-07,8,1,6,0.162162
16,1930-09-06,1938-05-07,8,2,5,0.135135
16,1930-09-06,1938-05-07,8,3,5,0.135135
16,1930-09-06,1938-05-07,8,4,4,0.108108
16,1930-09-06,1938-05-07,8,5,10,0.27027
16,1930-09-06,1938-05-07,8,6,3,0.081081
16,1930-09-06,1938-05-07,8,7,1,0.027027
16,1930-09-06,1938-05-07,8,8,0,0.0
16,1930-09-06,1938-05-07,8,9,3,0.081081
16,1930-09-06,1938-05-07,9,1,2,0.057143
16,1930-09-06,1938-05-07,9,2,0,0.0
16,1930-09-06,1938-05-07,9,3,2,0.057143
16,1930-09-06,1938-05-07,9,4,4,0.114286
16,1930-09-06,1938-05-07,9,5,5,0.142857
16,1930-09-06,1938-05-07,9,6,10,0.285714
16,1930-09-06,1938-05-07,9,7,5,0.142857
16,1930-09-06,1938-05-07,9,8,5,0.142857
16,1930-09-06,1938-05-07,9,9,2,0.057143
17,1932-08-06,1940-04-06,1,1,6,0.125
17,1932-08-06,1940-04-06,1,2,9,0.1875
17,1932-08-06,1940-04-06,1,3,6,0.125
17,1932-08-06,1940-04-06,1,4,4,0.083333
17,1932-08-06,1940-04-06,1,5,4,0.083333
17,1932-08-06,1940-04-06,1,6,9,0.1875
17,1932-08-06,1940-04-06,1,7,2,0.041667
17,1932-08-06,1940-04-06,1,8,4,0.083333
17,1932-08-06,1940-04-06,1,9,4,0.083333
17,1932-08-06,1940-04-06,2,1,9,0.176471
17,1932-08-06,1940-04-06,2,2,5,0.098039
17,1932-08-06,1940-04-06,2,3,6,0.117647
17,1932-08-06,1940-04-06,2,4,6,0.117647
17,1932-08-06,1940-04-06,2,5,7,0.137255
17,1932-08-06,1940-04-06,2,6,8,0.156863
17,1932-08-06,1940-04-06,2,7,2,0.039216
17,1932-08-06,1940-04-06,2,8,5,0.098039
17,1932-08-06,1940-04-06,2,9,3,0.058824
17,1932-08-06,1940-04-06,3,1,4,0.088889
17,1932-08-06,1940-04-06,3,2,6,0.133333
17,1932-08-06,1940-04-06,3,3,5,0.111111
17,1932-08-06,1940-04-06,3,4,4,0.088889
17,1932-08-06,1940-04-06,3,5,1,0.022222
17,1932-08-06,1940-04-06,3,6,4,0.088889
17,1932-08-06,1940-04-06,3,7,12,0.266667
17,1932-08-06,1940-04-06,3,8,4,0.088889
17,1932-08-06,1940-04-06,3,9,5,0.111111
17,1932-08-06,1940-04-06,4,1,6,0.12766
17,1932-08-06,1940-04-06,4,2,5,0.106383
17,1932-08-06,1940-04-06,4,3,6,0.12766
17,1932-08-06,1940-04-06,4,4,6,0.12766
17,1932-08-06,1940-04-06,4,5,2,0.042553
17,1932-08-06,1940-04-06,4,6,5,0.106383
17,1932-08-06,1940-04-06,4,7,5,0.106383
17,1932-08-06,1940-04-06,4,8,7,0.148936
17,1932-08-06,1940-04-06,4,9,5,0.106383
17,1932-08-06,1940-04-06,5,1,4,0.102564
17,1932-08-06,1940-04-06,5,2,6,0.153846
17,1932-08-06,1940-04-06,5,3,3,0.076923
17,1932-08-06,1940-04-06,5,4,7,0.179487
17,1932-08-06,1940-04-06,5,5,1,0.025641
17,1932-08-06,1940-04-06,5,6,1,0.025641
17,1932-08-06,1940-04-06,5,7,6,0.153846
17,1932-08-06,1940-04-06,5,8,7,0.179487
17,1932-08-06,1940-04-06,5,9,4,0.102564
17,1932-08-06,1940-04-06,6,1,5,0.098039
17,1932-08-06,1940-04-06,6,2,8,0.156863
17,1932-08-06,1940-04-06,6,3,10,0.196078
17,1932-08-06,1940-04-06,6,4,6,0.117647
17,1932-08-06,1940-04-06,6,5,4,0.078431
17,1932-08-06,1940-04-06,6,6,6,0.117647
17,1932-08-06,1940-04-06,6,7,4,0.078431
17,1932-08-06,1940-04-06,6,8,4,0.078431
17,1932-08-06,1940-04-06,6,9,4,0.078431
17,1932-08-06,1940-04-06,7,1,3,0.078947
17,1932-08-06,1940-04-06,7,2,4,0.105263
17,1932-08-06,1940-04-06,7,3,3,0.078947
17,1932-08-06,1940-04-06,7,4,5,0.131579
17,1932-08-06,1940-04-06,7,5,5,0.131579
17,1932-08-06,1940-04-06,7,6,6,0.157895
17,1932-08-06,1940-04-06,7,7,2,0.052632
17,1932-08-06,1940-04-06,7,8,3,0.078947
17,1932-08-06,1940-04-06,7,9,7,0.184211
17,1932-08-06,1940-04-06,8,1,7,0.162791
17,1932-08-06,1940-04-06,8,2,7,0.162791
17,1932-08-06,1940-04-06,8,3,5,0.116279
17,1932-08-06,1940-04-06,8,4,5,0.116279
17,1932-08-06,1940-04-06,8,5,8,0.186047
17,1932-08-06,1940-04-06,8,6,5,0.116279
17,1932-08-06,1940-04-06,8,7,1,0.023256
17,1932-08-06,1940-04-06,8,8,2,0.046512
17,1932-08-06,1940-04-06,8,9,3,0.069767
17,1932-08-06,1940-04-06,9,1,3,0.078947
17,1932-08-06,1940-04-06,9,2,1,0.026316
17,1932-08-06,1940-04-06,9,3,2,0.052632
17,1932-08-06,1940-04-06,9,4,4,0.105263
17,1932-08-06,1940-04-06,9,5,7,0.184211
17,1932-08-06,1940-04-06,9,6,7,0.184211
17,1932-08-06,1940-04-06,9,7,4,0.105263
17,1932-08-06,1940-04-06,9,8,7,0.184211
17,1932-08-06,1940-04-06,9,9,3,0.078947
18,1934-07-07,1942-03-07,1,1,6,0.117647
18,1934-07-07,1942-03-07,1,2,8,0.156863
18,1934-07-07,1942-03-07,1,3,7,0.137255
18,1934-07-07,1942-03-07,1,4,4,0.078431
18,1934-07-07,1942-03-07,1,5,5,0.098039
18,1934-07-07,1942-03-07,1,6,10,0.196078
18,1934-07-07,1942-03-07,1,7,3,0.058824
18,1934-07-07,1942-03-07,1,8,2,0.039216
18,1934-07-07,1942-03-07,1,9,6,0.117647
18,1934-07-07,1942-03-07,2,1,11,0.215686
18,1934-07-07,1942-03-07,2,2,3,0.058824
18,1934-07-07,1942-03-07,2,3,7,0.137255
18,1934-07-07,1942-03-07,2,4,6,0.117647
18,1934-07-07,1942-03-07,2,5,6,0.117647
18,1934-07-07,1942-03-07,2,6,7,0.137255
18,1934-07-07,1942-03-07,2,7,3,0.058824
18,1934-07-07,1942-03-07,2,8,3,0.058824
18,1934-07-07,1942-03-07,2,9,5,0.098039
18,1934-07-07,1942-03-07,3,1,4,0.083333
18,1934-07-07,1942-03-07,3,2,9,0.1875
18,1934-07-07,1942-03-07,3,3,3,0.0625
18,1934-07-07,1942-03-07,3,4,3,0.0625
18,1934-07-07,1942-03-07,3,5,3,0.0625
18,1934-07-07,1942-03-07,3,6,6,0.125
18,1934-07-07,1942-03-07,3,7,11,0.229167
18,1934-07-07,1942-03-07,3,8,4,0.083333
18,1934-07-07,1942-03-07,3,9,5,0.104167
18,1934-07-07,1942-03-07,4,1,6,0.133333
18,1934-07-07,1942-03-07,4,2,5,0.111111
18,1934-07-07,1942-03-07,4,3,7,0.155556
18,1934-07-07,1942-03-07,4,4,5,0.111111
18,1934-07-07,1942-03-07,4,5,6,0.133333
18,1934-07-07,1942-03-07,4,6,1,0.022222
18,1934-07-07,1942-03-07,4,7,3,0.066667
18,1934-07-07,1942-03-07,4,8,7,0.155556
18,1934-07-07,1942-03-07,4,9,5,0.111111
18,1934-07-07,1942-03-07,5,1,3,0.071429
18,1934-07-07,1942-03-07,5,2,5,0.119048
18,1934-07-07,1942-03-07,5,3,4,0.095238
18,1934-07-07,1942-03-07,5,4,7,0.166667
18,1934-07-07,1942-03-07,5,5,1,0.02381
18,1934-07-07,1942-03-07,5,6,2,0.047619
18,1934-07-07,1942-03-07,5,7,8,0.190476
18,1934-07-07,1942-03-07,5,8,6,0.142857
18,1934-07-07,1942-03-07,5,9,6,0.142857
18,1934-07-07,1942-03-07,6,1,5,0.116279
18,1934-07-07,1942-03-07,6,2,6,0.139535
18,1934-07-07,1942-03-07,6,3,8,0.186047
18,1934-07-07,1942-03-07,6,4,5,0.116279
18,1934-07-07,1942-03-07,6,5,4,0.093023
18,1934-07-07,1942-03-07,6,6,4,0.093023
18,1934-07-07,1942-03-07,6,7,2,0.046512
18,1934-07-07,1942-03-07,6,8,2,0.046512
18,1934-07-07,1942-03-07,6,9,7,0.162791
18,1934-07-07,1942-03-07,7,1,3,0.078947
18,1934-07-07,1942-03-07,7,2,4,0.105263
18,1934-07-07,1942-03-07,7,3,4,0.105263
18,1934-07-07,1942-03-07,7,4,6,0.157895
18,1934-07-07,1942-03-07,7,5,6,0.157895
18,1934-07-07,1942-03-07,7,6,4,0.105263
18,1934-07-07,1942-03-07,7,7,3,0.078947
18,1934-07-07,1942-03-07,7,8,3,0.078947
18,1934-07-07,1942-03-07,7,9,5,0.131579
18,1934-07-07,1942-03-07,8,1,7,0.184211
18,1934-07-07,1942-03-07,8,2,8,0.210526
18,1934-07-07,1942-03-07,8,3,3,0.078947
18,1934-07-07,1942-03-07,8,4,5,0.131579
18,1934-07-07,1942-03-07,8,5,7,0.184211
18,1934-07-07,1942-03-07,8,6,3,0.078947
18,1934-07-07,1942-03-07,8,7,2,0.052632
18,1934-07-07,1942-03-07,8,8,2,0.052632
18,1934-07-07,1942-03-07,8,9,1,0.026316
18,1934-07-07,1942-03-07,9,1,6,0.136364
18,1934-07-07,1942-03-07,9,2,3,0.068182
18,1934-07-07,1942-03-07,9,3,4,0.090909
18,1934-07-07,1942-03-07,9,4,4,0.090909
18,1934-07-07,1942-03-07,9,5,4,0.090909
18,1934-07-07,1942-03-07,9,6,7,0.159091
18,1934-07-07,1942-03-07,9,7,3,0.068182
18,1934-07-07,1942-03-07,9,8,9,0.204545
18,1934-07-07,1942-03-07,9,9,4,0.090909
19,1936-06-06,1944-02-05,1,1,9,0.176471
19,1936-06-06,1944-02-05,1,2,8,0.156863
19,1936-06-06,1944-02-05,1,3,6,0.117647
19,1936-06-06,1944-02-05,1,4,5,0.098039
19,1936-06-06,1944-02-05,1,5,3,0.058824
19,1936-06-06,1944-02-05,1,6,9,0.176471
19,1936-06-06,1944-02-05,1,7,3,0.058824
19,1936-06-06,1944-02-05,1,8,2,0.039216
19,1936-06-06,1944-02-05,1,9,6,0.117647
19,1936-06-06,1944-02-05,2,1,10,0.188679
19,1936-06-06,1944-02-05,2,2,3,0.056604
19,1936-06-06,1944-02-05,2,3,5,0.09434
19,1936-06-06,1944-02-05,2,4,7,0.132075
19,1936-06-06,1944-02-05,2,5,8,0.150943
19,1936-06-06,1944-02-05,2,6,7,0.132075
19,1936-06-06,1944-02-05,2,7,3,0.056604
19,1936-06-06,1944-02-05,2,8,4,0.075472
19,1936-06-06,1944-02-05,2,9,6,0.113208
19,1936-06-06,1944-02-05,3,1,3,0.061224
19,1936-06-06,1944-02-05,3,2,8,0.163265
19,1936-06-06,1944-02-05,3,3,2,0.040816
19,1936-06-06,1944-02-05,3,4,2,0.040816
19,1936-06-06,1944-02-05,3,5,5,0.102041
19,1936-06-06,1944-02-05,3,6,6,0.122449
19,1936-06-06,1944-02-05,3,7,13,0.265306
19,1936-06-06,1944-02-05,3,8,5,0.102041
19,1936-06-06,1944-02-05,3,9,5,0.102041
19,1936-06-06,1944-02-05,4,1,5,0.119048
19,1936-06-06,1944-02-05,4,2,5,0.119048
19,1936-06-06,1944-02-05,4,3,7,0.166667
19,1936-06-06,1944-02-05,4,4,6,0.142857
19,1936-06-06,1944-02-05,4,5,6,0.142857
19,1936-06-06,1944-02-05,4,6,2,0.047619
19,1936-06-06,1944-02-05,4,7,2,0.047619
19,1936-06-06,1944-02-05,4,8,3,0.071429
19,1936-06-06,1944-02-05,4,9,6,0.142857
19,1936-06-06,1944-02-05,5,1,1,0.025
19,1936-06-06,1944-02-05,5,2,4,0.1
19,1936-06-06,1944-02-05,5,3,5,0.125
19,1936-06-06,1944-02-05,5,4,5,0.125
19,1936-06-06,1944-02-05,5,5,3,0.075
19,1936-06-06,1944-02-05,5,6,3,0.075
19,1936-06-06,1944-02-05,5,7,8,0.2
19,1936-06-06,1944-02-05,5,8,4,0.1
19,1936-06-06,1944-02-05,5,9,7,0.175
19,1936-06-06,1944-02-05,6,1,6,0.139535
19,1936-06-06,1944-02-05,6,2,7,0.162791
19,1936-06-06,1944-02-05,6,3,7,0.162791
19,1936-06-06,1944-02-05,6,4,4,0.093023
19,1936-06-06,1944-02-05,6,5,4,0.093023
19,1936-06-06,1944-02-05,6,6,3,0.069767
19,1936-06-06,1944-02-05,6,7,2,0.046512
19,1936-06-06,1944-02-05,6,8,5,0.116279
19,1936-06-06,1944-02-05,6,9,5,0.116279
19,1936-06-06,1944-02-05,7,1,3,0.076923
19,1936-06-06,1944-02-05,7,2,5,0.128205
19,1936-06-06,1944-02-05,7,3,7,0.179487
19,1936-06-06,1944-02-05,7,4,5,0.128205
19,1936-06-06,1944-02-05,7,5,4,0.102564
19,1936-06-06,1944-02-05,7,6,5,0.128205
19,1936-06-06,1944-02-05,7,7,5,0.128205
19,1936-06-06,1944-02-05,7,8,4,0.102564
19,1936-06-06,1944-02-05,7,9,1,0.025641
19,1936-06-06,1944-02-05,8,1,7,0.175
19,1936-06-06,1944-02-05,8,2,8,0.2
19,1936-06-06,1944-02-05,8,3,6,0.15
19,1936-06-06,1944-02-05,8,4,5,0.125
19,1936-06-06,1944-02-05,8,5,4,0.1
19,1936-06-06,1944-02-05,8,6,2,0.05
19,1936-06-06,1944-02-05,8,7,2,0.05
19,1936-06-06,1944-02-05,8,8,4,0.1
19,1936-06-06,1944-02-05,8,9,2,0.05
19,1936-06-06,1944-02-05,9,1,7,0.162791
19,1936-06-06,1944-02-05,9,2,5,0.116279
19,1936-06-06,1944-02-05,9,3,4,0.093023
19,1936-06-06,1944-02-05,9,4,3,0.069767
19,1936-06-06,1944-02-05,9,5,4,0.093023
19,1936-06-06,1944-02-05,9,6,6,0.139535
19,1936-06-06,1944-02-05,9,7,1,0.023256
19,1936-06-06,1944-02-05,9,8,8,0.186047
19,1936-06-06,1944-02-05,9,9,5,0.116279
20,1938-05-07,1946-01-05,1,1,9,0.18
20,1938-05-07,1946-01-05,1,2,8,0.16
20,1938-05-07,1946-01-05,1,3,5,0.1
20,1938-05-07,1946-01-05,1,4,3,0.06
20,1938-05-07,1946-01-05,1,5,2,0.04
20,1938-05-07,1946-01-05,1,6,8,0.16
20,1938-05-07,1946-01-05,1,7,4,0.08
20,1938-05-07,1946-01-05,1,8,4,0.08
20,1938-05-07,1946-01-05,1,9,7,0.14
20,1938-05-07,1946-01-05,2,1,7,0.134615
20,1938-05-07,1946-01-05,2,2,4,0.076923
20,1938-05-07,1946-01-05,2,3,4,0.076923
20,1938-05-07,1946-01-05,2,4,9,0.173077
20,1938-05-07,1946-01-05,2,5,8,0.153846
20,1938-05-07,1946-01-05,2,6,6,0.115385
20,1938-05-07,1946-01-05,2,7,4,0.076923
20,1938-05-07,1946-01-05,2,8,4,0.076923
20,1938-05-07,1946-01-05,2,9,6,0.115385
20,1938-05-07,1946-01-05,3,1,4,0.090909
20,1938-05-07,1946-01-05,3,2,7,0.159091
20,1938-05-07,1946-01-05,3,3,4,0.090909
20,1938-05-07,1946-01-05,3,4,2,0.045455
20,1938-05-07,1946-01-05,3,5,4,0.090909
20,1938-05-07,1946-01-05,3,6,7,0.159091
20,1938-05-07,1946-01-05,3,7,7,0.159091
20,1938-05-07,1946-01-05,3,8,4,0.090909
20,1938-05-07,1946-01-05,3,9,5,0.113636
20,1938-05-07,1946-01-05,4,1,8,0.163265
20,1938-05-07,1946-01-05,4,2,7,0.142857
20,1938-05-07,1946-01-05,4,3,3,0.061224
20,1938-05-07,1946-01-05,4,4,10,0.204082
20,1938-05-07,1946-01-05,4,5,7,0.142857
20,1938-05-07,1946-01-05,4,6,3,0.061224
20,1938-05-07,1946-01-05,4,7,2,0.040816
20,1938-05-07,1946-01-05,4,8,2,0.040816
20,1938-05-07,1946-01-05,4,9,7,0.142857
20,1938-05-07,1946-01-05,5,1,1,0.025641
20,1938-05-07,1946-01-05,5,2,3,0.076923
20,1938-05-07,1946-01-05,5,3,5,0.128205
20,1938-05-07,1946-01-05,5,4,4,0.102564
20,1938-05-07,1946-01-05,5,5,4,0.102564
20,1938-05-07,1946-01-05,5,6,6,0.153846
20,1938-05-07,1946-01-05,5,7,7,0.179487
20,1938-05-07,1946-01-05,5,8,4,0.102564
20,1938-05-07,1946-01-05,5,9,5,0.128205
20,1938-05-07,1946-01-05,6,1,6,0.125
20,1938-05-07,1946-01-05,6,2,8,0.166667
20,1938-05-07,1946-01-05,6,3,6,0.125
20,1938-05-07,1946-01-05,6,4,5,0.104167
20,1938-05-07,1946-01-05,6,5,3,0.0625
20,1938-05-07,1946-01-05,6,6,2,0.041667
20,1938-05-07,1946-01-05,6,7,4,0.083333
20,1938-05-07,1946-01-05,6,8,7,0.145833
20,1938-05-07,1946-01-05,6,9,7,0.145833
20,1938-05-07,1946-01-05,7,1,4,0.114286
20,1938-05-07,1946-01-05,7,2,3,0.085714
20,1938-05-07,1946-01-05,7,3,9,0.257143
20,1938-05-07,1946-01-05,7,4,3,0.085714
20,1938-05-07,1946-01-05,7,5,3,0.085714
20,1938-05-07,1946-01-05,7,6,6,0.171429
20,1938-05-07,1946-01-05,7,7,4,0.114286
20,1938-05-07,1946-01-05,7,8,3,0.085714
20,1938-05-07,1946-01-05,7,9,0,0.0
20,1938-05-07,1946-01-05,8,1,6,0.157895
20,1938-05-07,1946-01-05,8,2,5,0.131579
20,1938-05-07,1946-01-05,8,3,4,0.105263
20,1938-05-07,1946-01-05,8,4,8,0.210526
20,1938-05-07,1946-01-05,8,5,5,0.131579
20,1938-05-07,1946-01-05,8,6,2,0.052632
20,1938-05-07,1946-01-05,8,7,1,0.026316
20,1938-05-07,1946-01-05,8,8,4,0.105263
20,1938-05-07,1946-01-05,8,9,3,0.078947
20,1938-05-07,1946-01-05,9,1,5,0.111111
20,1938-05-07,1946-01-05,9,2,7,0.155556
20,1938-05-07,1946-01-05,9,3,3,0.066667
20,1938-05-07,1946-01-05,9,4,6,0.133333
20,1938-05-07,1946-01-05,9,5,3,0.066667
20,1938-05-07,1946-01-05,9,6,8,0.177778
20,1938-05-07,1946-01-05,9,7,2,0.044444
20,1938-05-07,1946-01-05,9,8,6,0.133333
20,1938-05-07,1946-01-05,9,9,5,0.111111
21,1940-04-06,1947-12-13,1,1,12,0.206897
21,1940-04-06,1947-12-13,1,2,7,0.12069
21,1940-04-06,1947-12-13,1,3,6,0.103448
21,1940-04-06,1947-12-13,1,4,8,0.137931
21,1940-04-06,1947-12-13,1,5,2,0.034483
21,1940-04-06,1947-12-13,1,6,6,0.103448
21,1940-04-06,1947-12-13,1,7,5,0.086207
21,1940-04-06,1947-12-13,1,8,5,0.086207
21,1940-04-06,1947-12-13,1,9,7,0.12069
21,1940-04-06,1947-12-13,2,1,9,0.191489
21,1940-04-06,1947-12-13,2,2,2,0.042553
21,1940-04-06,1947-12-13,2,3,3,0.06383
21,1940-04-06,1947-12-13,2,4,10,0.212766
21,1940-04-06,1947-12-13,2,5,6,0.12766
21,1940-04-06,1947-12-13,2,6,1,0.021277
21,1940-04-06,1947-12-13,2,7,6,0.12766
21,1940-04-06,1947-12-13,2,8,3,0.06383
21,1940-04-06,1947-12-13,2,9,7,0.148936
21,1940-04-06,1947-12-13,3,1,5,0.116279
21,1940-04-06,1947-12-13,3,2,6,0.139535
21,1940-04-06,1947-12-13,3,3,5,0.116279
21,1940-04-06,1947-12-13,3,4,3,0.069767
21,1940-04-06,1947-12-13,3,5,5,0.116279
21,1940-04-06,1947-12-13,3,6,5,0.116279
21,1940-04-06,1947-12-13,3,7,6,0.139535
21,1940-04-06,1947-12-13,3,8,4,0.093023
21,1940-04-06,1947-12-13,3,9,4,0.093023
21,1940-04-06,1947-12-13,4,1,10,0.188679
21,1940-04-06,1947-12-13,4,2,7,0.132075
21,1940-04-06,1947-12-13,4,3,3,0.056604
21,1940-04-06,1947-12-13,4,4,9,0.169811
21,1940-04-06,1947-12-13,4,5,8,0.150943
21,1940-04-06,1947-12-13,4,6,3,0.056604
21,1940-04-06,1947-12-13,4,7,2,0.037736
21,1940-04-06,1947-12-13,4,8,1,0.018868
21,1940-04-06,1947-12-13,4,9,10,0.188679
21,1940-04-06,1947-12-13,5,1,0,0.0
21,1940-04-06,1947-12-13,5,2,4,0.114286
21,1940-04-06,1947-12-13,5,3,5,0.142857
21,1940-04-06,1947-12-13,5,4,2,0.057143
21,1940-04-06,1947-12-13,5,5,4,0.114286
21,1940-04-06,1947-12-13,5,6,7,0.2
21,1940-04-06,1947-12-13,5,7,5,0.142857
21,1940-04-06,1947-12-13,5,8,4,0.114286
21,1940-04-06,1947-12-13,5,9,4,0.114286
21,1940-04-06,1947-12-13,6,1,4,0.1
21,1940-04-06,1947-12-13,6,2,7,0.175
21,1940-04-06,1947-12-13,6,3,4,0.1
21,1940-04-06,1947-12-13,6,4,4,0.1
21,1940-04-06,1947-12-13,6,5,2,0.05
21,1940-04-06,1947-12-13,6,6,1,0.025
21,1940-04-06,1947-12-13,6,7,3,0.075
21,1940-04-06,1947-12-13,6,8,8,0.2
21,1940-04-06,1947-12-13,6,9,7,0.175
21,1940-04-06,1947-12-13,7,1,7,0.175
21,1940-04-06,1947-12-13,7,2,4,0.1
21,1940-04-06,1947-12-13,7,3,8,0.2
21,1940-04-06,1947-12-13,7,4,4,0.1
21,1940-04-06,1947-12-13,7,5,1,0.025
21,1940-04-06,1947-12-13,7,6,4,0.1
21,1940-04-06,1947-12-13,7,7,7,0.175
21,1940-04-06,1947-12-13,7,8,4,0.1
21,1940-04-06,1947-12-13,7,9,1,0.025
21,1940-04-06,1947-12-13,8,1,6,0.166667
21,1940-04-06,1947-12-13,8,2,3,0.083333
21,1940-04-06,1947-12-13,8,3,4,0.111111
21,1940-04-06,1947-12-13,8,4,7,0.194444
21,1940-04-06,1947-12-13,8,5,5,0.138889
21,1940-04-06,1947-12-13,8,6,1,0.027778
21,1940-04-06,1947-12-13,8,7,3,0.083333
21,1940-04-06,1947-12-13,8,8,3,0.083333
21,1940-04-06,1947-12-13,8,9,4,0.111111
21,1940-04-06,1947-12-13,9,1,6,0.125
21,1940-04-06,1947-12-13,9,2,7,0.145833
21,1940-04-06,1947-12-13,9,3,4,0.083333
21,1940-04-06,1947-12-13,9,4,6,0.125
21,1940-04-06,1947-12-13,9,5,2,0.041667
21,1940-04-06,1947-12-13,9,6,12,0.25
21,1940-04-06,1947-12-13,9,7,3,0.0625
21,1940-04-06,1947-12-13,9,8,4,0.083333
21,1940-04-06,1947-12-13,9,9,4,0.083333
22,1942-03-07,1949-11-12,1,1,10,0.2
22,1942-03-07,1949-11-12,1,2,7,0.14
22,1942-03-07,1949-11-12,1,3,4,0.08
22,1942-03-07,1949-11-12,1,4,9,0.18
22,1942-03-07,1949-11-12,1,5,2,0.04
22,1942-03-07,1949-11-12,1,6,4,0.08
22,1942-03-07,1949-11-12,1,7,4,0.08
22,1942-03-07,1949-11-12,1,8,6,0.12
22,1942-03-07,1949-11-12,1,9,4,0.08
22,1942-03-07,1949-11-12,2,1,7,0.134615
22,1942-03-07,1949-11-12,2,2,6,0.115385
22,1942-03-07,1949-11-12,2,3,5,0.096154
22,1942-03-07,1949-11-12,2,4,8,0.153846
22,1942-03-07,1949-11-12,2,5,6,0.115385
22,1942-03-07,1949-11-12,2,6,2,0.038462
22,1942-03-07,1949-11-12,2,7,7,0.134615
22,1942-03-07,1949-11-12,2,8,3,0.057692
22,1942-03-07,1949-11-12,2,9,8,0.153846
22,1942-03-07,1949-11-12,3,1,4,0.088889
22,1942-03-07,1949-11-12,3,2,6,0.133333
22,1942-03-07,1949-11-12,3,3,8,0.177778
22,1942-03-07,1949-11-12,3,4,5,0.111111
22,1942-03-07,1949-11-12,3,5,4,0.088889
22,1942-03-07,1949-11-12,3,6,4,0.088889
22,1942-03-07,1949-11-12,3,7,7,0.155556
22,1942-03-07,1949-11-12,3,8,4,0.088889
22,1942-03-07,1949-11-12,3,9,3,0.066667
22,1942-03-07,1949-11-12,4,1,8,0.150943
22,1942-03-07,1949-11-12,4,2,7,0.132075
22,1942-03-07,1949-11-12,4,3,5,0.09434
22,1942-03-07,1949-11-12,4,4,9,0.169811
22,1942-03-07,1949-11-12,4,5,5,0.09434
22,1942-03-07,1949-11-12,4,6,5,0.09434
22,1942-03-07,1949-11-12,4,7,3,0.056604
22,1942-03-07,1949-11-12,4,8,3,0.056604
22,1942-03-07,1949-11-12,4,9,8,0.150943
22,1942-03-07,1949-11-12,5,1,1,0.03125
22,1942-03-07,1949-11-12,5,2,4,0.125
22,1942-03-07,1949-11-12,5,3,3,0.09375
22,1942-03-07,1949-11-12,5,4,2,0.0625
22,1942-03-07,1949-11-12,5,5,3,0.09375
22,1942-03-07,1949-11-12,5,6,7,0.21875
22,1942-03-07,1949-11-12,5,7,5,0.15625
22,1942-03-07,1949-11-12,5,8,3,0.09375
22,1942-03-07,1949-11-12,5,9,4,0.125
22,1942-03-07,1949-11-12,6,1,4,0.102564
22,1942-03-07,1949-11-12,6,2,8,0.205128
22,1942-03-07,1949-11-12,6,3,2,0.051282
22,1942-03-07,1949-11-12,6,4,4,0.102564
22,1942-03-07,1949-11-12,6,5,2,0.051282
22,1942-03-07,1949-11-12,6,6,1,0.025641
22,1942-03-07,1949-11-12,6,7,5,0.128205
22,1942-03-07,1949-11-12,6,8,9,0.230769
22,1942-03-07,1949-11-12,6,9,4,0.102564
22,1942-03-07,1949-11-12,7,1,8,0.181818
22,1942-03-07,1949-11-12,7,2,4,0.090909
22,1942-03-07,1949-11-12,7,3,8,0.181818
22,1942-03-07,1949-11-12,7,4,5,0.113636
22,1942-03-07,1949-11-12,7,5,1,0.022727
22,1942-03-07,1949-11-12,7,6,5,0.113636
22,1942-03-07,1949-11-12,7,7,7,0.159091
22,1942-03-07,1949-11-12,7,8,4,0.090909
22,1942-03-07,1949-11-12,7,9,2,0.045455
22,1942-03-07,1949-11-12,8,1,5,0.121951
22,1942-03-07,1949-11-12,8,2,4,0.097561
22,1942-03-07,1949-11-12,8,3,8,0.195122
22,1942-03-07,1949-11-12,8,4,7,0.170732
22,1942-03-07,1949-11-12,8,5,5,0.121951
22,1942-03-07,1949-11-12,8,6,1,0.02439
22,1942-03-07,1949-11-12,8,7,2,0.04878
22,1942-03-07,1949-11-12,8,8,5,0.121951
22,1942-03-07,1949-11-12,8,9,4,0.097561
22,1942-03-07,1949-11-12,9,1,3,0.068182
22,1942-03-07,1949-11-12,9,2,6,0.136364
22,1942-03-07,1949-11-12,9,3,2,0.045455
22,1942-03-07,1949-11-12,9,4,4,0.090909
22,1942-03-07,1949-11-12,9,5,5,0.113636
22,1942-03-07,1949-11-12,9,6,9,0.204545
22,1942-03-07,1949-11-12,9,7,4,0.090909
22,1942-03-07,1949-11-12,9,8,4,0.090909
22,1942-03-07,1949-11-12,9,9,7,0.159091
23,1944-02-05,1951-10-13,1,1,7,0.148936
23,1944-02-05,1951-10-13,1,2,4,0.085106
23,1944-02-05,1951-10-13,1,3,5,0.106383
23,1944-02-05,1951-10-13,1,4,9,0.191489
23,1944-02-05,1951-10-13,1,5,3,0.06383
23,1944-02-05,1951-10-13,1,6,6,0.12766
23,1944-02-05,1951-10-13,1,7,3,0.06383
23,1944-02-05,1951-10-13,1,8,5,0.106383
23,1944-02-05,1951-10-13,1,9,5,0.106383
23,1944-02-05,1951-10-13,2,1,5,0.104167
23,1944-02-05,1951-10-13,2,2,8,0.166667
23,1944-02-05,1951-10-13,2,3,8,0.166667
23,1944-02-05,1951-10-13,2,4,6,0.125
23,1944-02-05,1951-10-13,2,5,3,0.0625
23,1944-02-05,1951-10-13,2,6,3,0.0625
23,1944-02-05,1951-10-13,2,7,6,0.125
23,1944-02-05,1951-10-13,2,8,1,0.020833
23,1944-02-05,1951-10-13,2,9,8,0.166667
23,1944-02-05,1951-10-13,3,1,5,0.116279
23,1944-02-05,1951-10-13,3,2,6,0.139535
23,1944-02-05,1951-10-13,3,3,9,0.209302
23,1944-02-05,1951-10-13,3,4,5,0.116279
23,1944-02-05,1951-10-13,3,5,2,0.046512
23,1944-02-05,1951-10-13,3,6,4,0.093023
23,1944-02-05,1951-10-13,3,7,4,0.093023
23,1944-02-05,1951-10-13,3,8,5,0.116279
23,1944-02-05,1951-10-13,3,9,3,0.069767
23,1944-02-05,1951-10-13,4,1,7,0.134615
23,1944-02-05,1951-10-13,4,2,6,0.115385
23,1944-02-05,1951-10-13,4,3,5,0.096154
23,1944-02-05,1951-10-13,4,4,7,0.134615
23,1944-02-05,1951-10-13,4,5,4,0.076923
23,1944-02-05,1951-10-13,4,6,6,0.115385
23,1944-02-05,1951-10-13,4,7,5,0.096154
23,1944-02-05,1951-10-13,4,8,5,0.096154
23,1944-02-05,1951-10-13,4,9,7,0.134615
23,1944-02-05,1951-10-13,5,1,2,0.060606
23,1944-02-05,1951-10-13,5,2,3,0.090909
23,1944-02-05,1951-10-13,5,3,1,0.030303
23,1944-02-05,1951-10-13,5,4,2,0.060606
23,1944-02-05,1951-10-13,5,5,5,0.151515
23,1944-02-05,1951-10-13,5,6,7,0.212121
23,1944-02-05,1951-10-13,5,7,5,0.151515
23,1944-02-05,1951-10-13,5,8,4,0.121212
23,1944-02-05,1951-10-13,5,9,4,0.121212
23,1944-02-05,1951-10-13,6,1,5,0.113636
23,1944-02-05,1951-10-13,6,2,9,0.204545
23,1944-02-05,1951-10-13,6,3,1,0.022727
23,1944-02-05,1951-10-13,6,4,5,0.113636
23,1944-02-05,1951-10-13,6,5,5,0.113636
23,1944-02-05,1951-10-13,6,6,2,0.045455
23,1944-02-05,1951-10-13,6,7,4,0.090909
23,1944-02-05,1951-10-13,6,8,7,0.159091
23,1944-02-05,1951-10-13,6,9,6,0.136364
23,1944-02-05,1951-10-13,7,1,11,0.244444
23,1944-02-05,1951-10-13,7,2,4,0.088889
23,1944-02-05,1951-10-13,7,3,5,0.111111
23,1944-02-05,1951-10-13,7,4,6,0.133333
23,1944-02-05,1951-10-13,7,5,1,0.022222
23,1944-02-05,1951-10-13,7,6,3,0.066667
23,1944-02-05,1951-10-13,7,7,8,0.177778
23,1944-02-05,1951-10-13,7,8,5,0.111111
23,1944-02-05,1951-10-13,7,9,2,0.044444
23,1944-02-05,1951-10-13,8,1,3,0.071429
23,1944-02-05,1951-10-13,8,2,3,0.071429
23,1944-02-05,1951-10-13,8,3,7,0.166667
23,1944-02-05,1951-10-13,8,4,7,0.166667
23,1944-02-05,1951-10-13,8,5,5,0.119048
23,1944-02-05,1951-10-13,8,6,4,0.095238
23,1944-02-05,1951-10-13,8,7,3,0.071429
23,1944-02-05,1951-10-13,8,8,6,0.142857
23,1944-02-05,1951-10-13,8,9,4,0.095238
23,1944-02-05,1951-10-13,9,1,2,0.043478
23,1944-02-05,1951-10-13,9,2,5,0.108696
23,1944-02-05,1951-10-13,9,3,3,0.065217
23,1944-02-05,1951-10-13,9,4,5,0.108696
23,1944-02-05,1951-10-13,9,5,4,0.086957
23,1944-02-05,1951-10-13,9,6,9,0.195652
23,1944-02-05,1951-10-13,9,7,7,0.152174
23,1944-02-05,1951-10-13,9,8,4,0.086957
23,1944-02-05,1951-10-13,9,9,7,0.152174
24,1946-01-05,1953-09-12,1,1,5,0.1
24,1946-01-05,1953-09-12,1,2,6,0.12
24,1946-01-05,1953-09-12,1,3,6,0.12
24,1946-01-05,1953-09-12,1,4,11,0.22
24,1946-01-05,1953-09-12,1,5,3,0.06
24,1946-01-05,1953-09-12,1,6,8,0.16
24,1946-01-05,1953-09-12,1,7,2,0.04
24,1946-01-05,1953-09-12,1,8,4,0.08
24,1946-01-05,1953-09-12,1,9,5,0.1
24,1946-01-05,1953-09-12,2,1,5,0.102041
24,1946-01-05,1953-09-12,2,2,7,0.142857
24,1946-01-05,1953-09-12,2,3,10,0.204082
24,1946-01-05,1953-09-12,2,4,5,0.102041
24,1946-01-05,1953-09-12,2,5,2,0.040816
24,1946-01-05,1953-09-12,2,6,2,0.040816
24,1946-01-05,1953-09-12,2,7,7,0.142857
24,1946-01-05,1953-09-12,2,8,2,0.040816
24,1946-01-05,1953-09-12,2,9,9,0.183673
24,1946-01-05,1953-09-12,3,1,5,0.1
24,1946-01-05,1953-09-12,3,2,9,0.18
24,1946-01-05,1953-09-12,3,3,8,0.16
24,1946-01-05,1953-09-12,3,4,5,0.1
24,1946-01-05,1953-09-12,3,5,4,0.08
24,1946-01-05,1953-09-12,3,6,3,0.06
24,1946-01-05,1953-09-12,3,7,3,0.06
24,1946-01-05,1953-09-12,3,8,8,0.16
24,1946-01-05,1953-09-12,3,9,5,0.1
24,1946-01-05,1953-09-12,4,1,7,0.162791
24,1946-01-05,1953-09-12,4,2,4,0.093023
24,1946-01-05,1953-09-12,4,3,4,0.093023
24,1946-01-05,1953-09-12,4,4,3,0.069767
24,1946-01-05,1953-09-12,4,5,2,0.046512
24,1946-01-05,1953-09-12,4,6,6,0.139535
24,1946-01-05,1953-09-12,4,7,5,0.116279
24,1946-01-05,1953-09-12,4,8,6,0.139535
24,1946-01-05,1953-09-12,4,9,6,0.139535
24,1946-01-05,1953-09-12,5,1,4,0.121212
24,1946-01-05,1953-09-12,5,2,5,0.151515
24,1946-01-05,1953-09-12,5,3,2,0.060606
24,1946-01-05,1953-09-12,5,4,2,0.060606
24,1946-01-05,1953-09-12,5,5,4,0.121212
24,1946-01-05,1953-09-12,5,6,4,0.121212
24,1946-01-05,1953-09-12,5,7,5,0.151515
24,1946-01-05,1953-09-12,5,8,3,0.090909
24,1946-01-05,1953-09-12,5,9,4,0.121212
24,1946-01-05,1953-09-12,6,1,5,0.119048
24,1946-01-05,1953-09-12,6,2,8,0.190476
24,1946-01-05,1953-09-12,6,3,3,0.071429
24,1946-01-05,1953-09-12,6,4,4,0.095238
24,1946-01-05,1953-09-12,6,5,6,0.142857
24,1946-01-05,1953-09-12,6,6,4,0.095238
24,1946-01-05,1953-09-12,6,7,2,0.047619
24,1946-01-05,1953-09-12,6,8,5,0.119048
24,1946-01-05,1953-09-12,6,9,5,0.119048
24,1946-01-05,1953-09-12,7,1,11,0.261905
24,1946-01-05,1953-09-12,7,2,3,0.071429
24,1946-01-05,1953-09-12,7,3,3,0.071429
24,1946-01-05,1953-09-12,7,4,5,0.119048
24,1946-01-05,1953-09-12,7,5,2,0.047619
24,1946-01-05,1953-09-12,7,6,2,0.047619
24,1946-01-05,1953-09-12,7,7,8,0.190476
24,1946-01-05,1953-09-12,7,8,5,0.119048
24,1946-01-05,1953-09-12,7,9,3,0.071429
24,1946-01-05,1953-09-12,8,1,4,0.090909
24,1946-01-05,1953-09-12,8,2,5,0.113636
24,1946-01-05,1953-09-12,8,3,9,0.204545
24,1946-01-05,1953-09-12,8,4,3,0.068182
24,1946-01-05,1953-09-12,8,5,4,0.090909
24,1946-01-05,1953-09-12,8,6,5,0.113636
24,1946-01-05,1953-09-12,8,7,4,0.090909
24,1946-01-05,1953-09-12,8,8,8,0.181818
24,1946-01-05,1953-09-12,8,9,2,0.045455
24,1946-01-05,1953-09-12,9,1,4,0.085106
24,1946-01-05,1953-09-12,9,2,3,0.06383
24,1946-01-05,1953-09-12,9,3,5,0.106383
24,1946-01-05,1953-09-12,9,4,4,0.085106
24,1946-01-05,1953-09-12,9,5,6,0.12766
24,1946-01-05,1953-09-12,9,6,8,0.170213
24,1946-01-05,1953-09-12,9,7,6,0.12766
24,1946-01-05,1953-09-12,9,8,3,0.06383
24,1946-01-05,1953-09-12,9,9,8,0.170213
25,1947-12-13,1955-08-13,1,1,4,0.088889
25,1947-12-13,1955-08-13,1,2,8,0.177778
25,1947-12-13,1955-08-13,1,3,4,0.088889
25,1947-12-13,1955-08-13,1,4,8,0.177778
25,1947-12-13,1955-08-13,1,5,4,0.088889
25,1947-12-13,1955-08-13,1,6,7,0.155556
25,1947-12-13,1955-08-13,1,7,1,0.022222
25,1947-12-13,1955-08-13,1,8,4,0.088889
25,1947-12-13,1955-08-13,1,9,5,0.111111
25,1947-12-13,1955-08-13,2,1,6,0.109091
25,1947-12-13,1955-08-13,2,2,8,0.145455
25,1947-12-13,1955-08-13,2,3,10,0.181818
25,1947-12-13,1955-08-13,2,4,4,0.072727
25,1947-12-13,1955-08-13,2,5,4,0.072727
25,1947-12-13,1955-08-13,2,6,2,0.036364
25,1947-12-13,1955-08-13,2,7,7,0.127273
25,1947-12-13,1955-08-13,2,8,4,0.072727
25,1947-12-13,1955-08-13,2,9,10,0.181818
25,1947-12-13,1955-08-13,3,1,5,0.1
25,1947-12-13,1955-08-13,3,2,9,0.18
25,1947-12-13,1955-08-13,3,3,7,0.14
25,1947-12-13,1955-08-13,3,4,5,0.1
25,1947-12-13,1955-08-13,3,5,3,0.06
25,1947-12-13,1955-08-13,3,6,3,0.06
25,1947-12-13,1955-08-13,3,7,4,0.08
25,1947-12-13,1955-08-13,3,8,8,0.16
25,1947-12-13,1955-08-13,3,9,6,0.12
25,1947-12-13,1955-08-13,4,1,4,0.105263
25,1947-12-13,1955-08-13,4,2,6,0.157895
25,1947-12-13,1955-08-13,4,3,5,0.131579
25,1947-12-13,1955-08-13,4,4,2,0.052632
25,1947-12-13,1955-08-13,4,5,2,0.052632
25,1947-12-13,1955-08-13,4,6,6,0.157895
25,1947-12-13,1955-08-13,4,7,6,0.157895
25,1947-12-13,1955-08-13,4,8,5,0.131579
25,1947-12-13,1955-08-13,4,9,2,0.052632
25,1947-12-13,1955-08-13,5,1,6,0.162162
25,1947-12-13,1955-08-13,5,2,3,0.081081
25,1947-12-13,1955-08-13,5,3,2,0.054054
25,1947-12-13,1955-08-13,5,4,3,0.081081
25,1947-12-13,1955-08-13,5,5,6,0.162162
25,1947-12-13,1955-08-13,5,6,4,0.108108
25,1947-12-13,1955-08-13,5,7,6,0.162162
25,1947-12-13,1955-08-13,5,8,3,0.081081
25,1947-12-13,1955-08-13,5,9,4,0.108108
25,1947-12-13,1955-08-13,6,1,6,0.133333
25,1947-12-13,1955-08-13,6,2,9,0.2
25,1947-12-13,1955-08-13,6,3,4,0.088889
25,1947-12-13,1955-08-13,6,4,2,0.044444
25,1947-12-13,1955-08-13,6,5,8,0.177778
25,1947-12-13,1955-08-13,6,6,4,0.088889
25,1947-12-13,1955-08-13,6,7,3,0.066667
25,1947-12-13,1955-08-13,6,8,4,0.088889
25,1947-12-13,1955-08-13,6,9,5,0.111111
25,1947-12-13,1955-08-13,7,1,9,0.225
25,1947-12-13,1955-08-13,7,2,3,0.075
25,1947-12-13,1955-08-13,7,3,4,0.1
25,1947-12-13,1955-08-13,7,4,5,0.125
25,1947-12-13,1955-08-13,7,5,2,0.05
25,1947-12-13,1955-08-13,7,6,4,0.1
25,1947-12-13,1955-08-13,7,7,4,0.1
25,1947-12-13,1955-08-13,7,8,6,0.15
25,1947-12-13,1955-08-13,7,9,3,0.075
25,1947-12-13,1955-08-13,8,1,2,0.044444
25,1947-12-13,1955-08-13,8,2,6,0.133333
25,1947-12-13,1955-08-13,8,3,10,0.222222
25,1947-12-13,1955-08-13,8,4,4,0.088889
25,1947-12-13,1955-08-13,8,5,3,0.066667
25,1947-12-13,1955-08-13,8,6,7,0.155556
25,1947-12-13,1955-08-13,8,7,4,0.088889
25,1947-12-13,1955-08-13,8,8,7,0.155556
25,1947-12-13,1955-08-13,8,9,2,0.044444
25,1947-12-13,1955-08-13,9,1,2,0.044444
25,1947-12-13,1955-08-13,9,2,3,0.066667
25,1947-12-13,1955-08-13,9,3,4,0.088889
25,1947-12-13,1955-08-13,9,4,6,0.133333
25,1947-12-13,1955-08-13,9,5,5,0.111111
25,1947-12-13,1955-08-13,9,6,8,0.177778
25,1947-12-13,1955-08-13,9,7,5,0.111111
25,1947-12-13,1955-08-13,9,8,4,0.088889
25,1947-12-13,1955-08-13,9,9,8,0.177778
26,1949-11-12,1957-07-13,1,1,4,0.076923
26,1949-11-12,1957-07-13,1,2,8,0.153846
26,1949-11-12,1957-07-13,1,3,6,0.115385
26,1949-11-12,1957-07-13,1,4,6,0.115385
26,1949-11-12,1957-07-13,1,5,3,0.057692
26,1949-11-12,1957-07-13,1,6,9,0.173077
26,1949-11-12,1957-07-13,1,7,5,0.096154
26,1949-11-12,1957-07-13,1,8,4,0.076923
26,1949-11-12,1957-07-13,1,9,7,0.134615
26,1949-11-12,1957-07-13,2,1,6,0.122449
26,1949-11-12,1957-07-13,2,2,4,0.081633
26,1949-11-12,1957-07-13,2,3,7,0.142857
26,1949-11-12,1957-07-13,2,4,5,0.102041
26,1949-11-12,1957-07-13,2,5,4,0.081633
26,1949-11-12,1957-07-13,2,6,2,0.040816
26,1949-11-12,1957-07-13,2,7,8,0.163265
26,1949-11-12,1957-07-13,2,8,6,0.122449
26,1949-11-12,1957-07-13,2,9,7,0.142857
26,1949-11-12,1957-07-13,3,1,7,0.145833
26,1949-11-12,1957-07-13,3,2,7,0.145833
26,1949-11-12,1957-07-13,3,3,5,0.104167
26,1949-11-12,1957-07-13,3,4,4,0.083333
26,1949-11-12,1957-07-13,3,5,4,0.083333
26,1949-11-12,1957-07-13,3,6,3,0.0625
26,1949-11-12,1957-07-13,3,7,3,0.0625
26,1949-11-12,1957-07-13,3,8,9,0.1875
26,1949-11-12,1957-07-13,3,9,6,0.125
26,1949-11-12,1957-07-13,4,1,6,0.15
26,1949-11-12,1957-07-13,4,2,6,0.15
26,1949-11-12,1957-07-13,4,3,6,0.15
26,1949-11-12,1957-07-13,4,4,2,0.05
26,1949-11-12,1957-07-13,4,5,2,0.05
26,1949-11-12,1957-07-13,4,6,6,0.15
26,1949-11-12,1957-07-13,4,7,5,0.125
26,1949-11-12,1957-07-13,4,8,6,0.15
26,1949-11-12,1957-07-13,4,9,1,0.025
26,1949-11-12,1957-07-13,5,1,6,0.15
26,1949-11-12,1957-07-13,5,2,5,0.125
26,1949-11-12,1957-07-13,5,3,3,0.075
26,1949-11-12,1957-07-13,5,4,5,0.125
26,1949-11-12,1957-07-13,5,5,8,0.2
26,1949-11-12,1957-07-13,5,6,3,0.075
26,1949-11-12,1957-07-13,5,7,6,0.15
26,1949-11-12,1957-07-13,5,8,3,0.075
26,1949-11-12,1957-07-13,5,9,1,0.025
26,1949-11-12,1957-07-13,6,1,8,0.170213
26,1949-11-12,1957-07-13,6,2,10,0.212766
26,1949-11-12,1957-07-13,6,3,4,0.085106
26,1949-11-12,1957-07-13,6,4,2,0.042553
26,1949-11-12,1957-07-13,6,5,9,0.191489
26,1949-11-12,1957-07-13,6,6,5,0.106383
26,1949-11-12,1957-07-13,6,7,2,0.042553
26,1949-11-12,1957-07-13,6,8,2,0.042553
26,1949-11-12,1957-07-13,6,9,5,0.106383
26,1949-11-12,1957-07-13,7,1,10,0.227273
26,1949-11-12,1957-07-13,7,2,3,0.068182
26,1949-11-12,1957-07-13,7,3,5,0.113636
26,1949-11-12,1957-07-13,7,4,6,0.136364
26,1949-11-12,1957-07-13,7,5,3,0.068182
26,1949-11-12,1957-07-13,7,6,4,0.090909
26,1949-11-12,1957-07-13,7,7,4,0.090909
26,1949-11-12,1957-07-13,7,8,5,0.113636
26,1949-11-12,1957-07-13,7,9,4,0.090909
26,1949-11-12,1957-07-13,8,1,3,0.073171
26,1949-11-12,1957-07-13,8,2,3,0.073171
26,1949-11-12,1957-07-13,8,3,7,0.170732
26,1949-11-12,1957-07-13,8,4,3,0.073171
26,1949-11-12,1957-07-13,8,5,2,0.04878
26,1949-11-12,1957-07-13,8,6,7,0.170732
26,1949-11-12,1957-07-13,8,7,7,0.170732
26,1949-11-12,1957-07-13,8,8,5,0.121951
26,1949-11-12,1957-07-13,8,9,4,0.097561
26,1949-11-12,1957-07-13,9,1,2,0.051282
26,1949-11-12,1957-07-13,9,2,3,0.076923
26,1949-11-12,1957-07-13,9,3,5,0.128205
26,1949-11-12,1957-07-13,9,4,7,0.179487
26,1949-11-12,1957-07-13,9,5,4,0.102564
26,1949-11-12,1957-07-13,9,6,8,0.205128
26,1949-11-12,1957-07-13,9,7,4,0.102564
26,1949-11-12,1957-07-13,9,8,2,0.051282
26,1949-11-12,1957-07-13,9,9,4,0.102564
27,1951-10-13,1959-06-13,1,1,4,0.08
27,1951-10-13,1959-06-13,1,2,8,0.16
27,1951-10-13,1959-06-13,1,3,5,0.1
27,1951-10-13,1959-06-13,1,4,6,0.12
27,1951-10-13,1959-06-13,1,5,3,0.06
27,1951-10-13,1959-06-13,1,6,5,0.1
27,1951-10-13,1959-06-13,1,7,7,0.14
27,1951-10-13,1959-06-13,1,8,4,0.08
27,1951-10-13,1959-06-13,1,9,8,0.16
27,1951-10-13,1959-06-13,2,1,8,0.173913
27,1951-10-13,1959-06-13,2,2,2,0.043478
27,1951-10-13,1959-06-13,2,3,4,0.086957
27,1951-10-13,1959-06-13,2,4,4,0.086957
27,1951-10-13,1959-06-13,2,5,4,0.086957
27,1951-10-13,1959-06-13,2,6,2,0.043478
27,1951-10-13,1959-06-13,2,7,8,0.173913
27,1951-10-13,1959-06-13,2,8,7,0.152174
27,1951-10-13,1959-06-13,2,9,7,0.152174
27,1951-10-13,1959-06-13,3,1,8,0.163265
27,1951-10-13,1959-06-13,3,2,9,0.183673
27,1951-10-13,1959-06-13,3,3,4,0.081633
27,1951-10-13,1959-06-13,3,4,5,0.102041
27,1951-10-13,1959-06-13,3,5,5,0.102041
27,1951-10-13,1959-06-13,3,6,2,0.040816
27,1951-10-13,1959-06-13,3,7,3,0.061224
27,1951-10-13,1959-06-13,3,8,7,0.142857
27,1951-10-13,1959-06-13,3,9,6,0.122449
27,1951-10-13,1959-06-13,4,1,6,0.15
27,1951-10-13,1959-06-13,4,2,5,0.125
27,1951-10-13,1959-06-13,4,3,8,0.2
27,1951-10-13,1959-06-13,4,4,2,0.05
27,1951-10-13,1959-06-13,4,5,2,0.05
27,1951-10-13,1959-06-13,4,6,4,0.1
27,1951-10-13,1959-06-13,4,7,6,0.15
27,1951-10-13,1959-06-13,4,8,5,0.125
27,1951-10-13,1959-06-13,4,9,2,0.05
27,1951-10-13,1959-06-13,5,1,6,0.139535
27,1951-10-13,1959-06-13,5,2,5,0.116279
27,1951-10-13,1959-06-13,5,3,6,0.139535
27,1951-10-13,1959-06-13,5,4,7,0.162791
27,1951-10-13,1959-06-13,5,5,7,0.162791
27,1951-10-13,1959-06-13,5,6,2,0.046512
27,1951-10-13,1959-06-13,5,7,5,0.116279
27,1951-10-13,1959-06-13,5,8,4,0.093023
27,1951-10-13,1959-06-13,5,9,1,0.023256
27,1951-10-13,1959-06-13,6,1,6,0.15
27,1951-10-13,1959-06-13,6,2,7,0.175
27,1951-10-13,1959-06-13,6,3,4,0.1
27,1951-10-13,1959-06-13,6,4,1,0.025
27,1951-10-13,1959-06-13,6,5,5,0.125
27,1951-10-13,1959-06-13,6,6,6,0.15
27,1951-10-13,1959-06-13,6,7,3,0.075
27,1951-10-13,1959-06-13,6,8,4,0.1
27,1951-10-13,1959-06-13,6,9,4,0.1
27,1951-10-13,1959-06-13,7,1,7,0.152174
27,1951-10-13,1959-06-13,7,2,3,0.065217
27,1951-10-13,1959-06-13,7,3,4,0.086957
27,1951-10-13,1959-06-13,7,4,6,0.130435
27,1951-10-13,1959-06-13,7,5,8,0.173913
27,1951-10-13,1959-06-13,7,6,4,0.086957
27,1951-10-13,1959-06-13,7,7,5,0.108696
27,1951-10-13,1959-06-13,7,8,5,0.108696
27,1951-10-13,1959-06-13,7,9,4,0.086957
27,1951-10-13,1959-06-13,8,1,3,0.069767
27,1951-10-13,1959-06-13,8,2,4,0.093023
27,1951-10-13,1959-06-13,8,3,7,0.162791
27,1951-10-13,1959-06-13,8,4,3,0.069767
27,1951-10-13,1959-06-13,8,5,4,0.093023
27,1951-10-13,1959-06-13,8,6,6,0.139535
27,1951-10-13,1959-06-13,8,7,7,0.162791
27,1951-10-13,1959-06-13,8,8,3,0.069767
27,1951-10-13,1959-06-13,8,9,6,0.139535
27,1951-10-13,1959-06-13,9,1,3,0.069767
27,1951-10-13,1959-06-13,9,2,3,0.069767
27,1951-10-13,1959-06-13,9,3,6,0.139535
27,1951-10-13,1959-06-13,9,4,6,0.139535
27,1951-10-13,1959-06-13,9,5,5,0.116279
27,1951-10-13,1959-06-13,9,6,9,0.209302
27,1951-10-13,1959-06-13,9,7,2,0.046512
27,1951-10-13,1959-06-13,9,8,4,0.093023
27,1951-10-13,1959-06-13,9,9,5,0.116279
28,1953-09-12,1961-05-13,1,1,7,0.155556
28,1953-09-12,1961-05-13,1,2,6,0.133333
28,1953-09-12,1961-05-13,1,3,5,0.111111
28,1953-09-12,1961-05-13,1,4,3,0.066667
28,1953-09-12,1961-05-13,1,5,5,0.111111
28,1953-09-12,1961-05-13,1,6,2,0.044444
28,1953-09-12,1961-05-13,1,7,7,0.155556
28,1953-09-12,1961-05-13,1,8,3,0.066667
28,1953-09-12,1961-05-13,1,9,7,0.155556
28,1953-09-12,1961-05-13,2,1,7,0.162791
28,1953-09-12,1961-05-13,2,2,3,0.069767
28,1953-09-12,1961-05-13,2,3,2,0.046512
28,1953-09-12,1961-05-13,2,4,3,0.069767
28,1953-09-12,1961-05-13,2,5,3,0.069767
28,1953-09-12,1961-05-13,2,6,2,0.046512
28,1953-09-12,1961-05-13,2,7,8,0.186047
28,1953-09-12,1961-05-13,2,8,7,0.162791
28,1953-09-12,1961-05-13,2,9,8,0.186047
28,1953-09-12,1961-05-13,3,1,7,0.159091
28,1953-09-12,1961-05-13,3,2,8,0.181818
28,1953-09-12,1961-05-13,3,3,4,0.090909
28,1953-09-12,1961-05-13,3,4,6,0.136364
28,1953-09-12,1961-05-13,3,5,3,0.068182
28,1953-09-12,1961-05-13,3,6,5,0.113636
28,1953-09-12,1961-05-13,3,7,3,0.068182
28,1953-09-12,1961-05-13,3,8,3,0.068182
28,1953-09-12,1961-05-13,3,9,5,0.113636
28,1953-09-12,1961-05-13,4,1,4,0.086957
28,1953-09-12,1961-05-13,4,2,6,0.130435
28,1953-09-12,1961-05-13,4,3,10,0.217391
28,1953-09-12,1961-05-13,4,4,3,0.065217
28,1953-09-12,1961-05-13,4,5,3,0.065217
28,1953-09-12,1961-05-13,4,6,5,0.108696
28,1953-09-12,1961-05-13,4,7,6,0.130435
28,1953-09-12,1961-05-13,4,8,8,0.173913
28,1953-09-12,1961-05-13,4,9,1,0.021739
28,1953-09-12,1961-05-13,5,1,4,0.097561
28,1953-09-12,1961-05-13,5,2,2,0.04878
28,1953-09-12,1961-05-13,5,3,6,0.146341
28,1953-09-12,1961-05-13,5,4,6,0.146341
28,1953-09-12,1961-05-13,5,5,8,0.195122
28,1953-09-12,1961-05-13,5,6,4,0.097561
28,1953-09-12,1961-05-13,5,7,5,0.121951
28,1953-09-12,1961-05-13,5,8,3,0.073171
28,1953-09-12,1961-05-13,5,9,3,0.073171
28,1953-09-12,1961-05-13,6,1,5,0.111111
28,1953-09-12,1961-05-13,6,2,6,0.133333
28,1953-09-12,1961-05-13,6,3,3,0.066667
28,1953-09-12,1961-05-13,6,4,6,0.133333
28,1953-09-12,1961-05-13,6,5,4,0.088889
28,1953-09-12,1961-05-13,6,6,7,0.155556
28,1953-09-12,1961-05-13,6,7,3,0.066667
28,1953-09-12,1961-05-13,6,8,6,0.133333
28,1953-09-12,1961-05-13,6,9,5,0.111111
28,1953-09-12,1961-05-13,7,1,5,0.104167
28,1953-09-12,1961-05-13,7,2,5,0.104167
28,1953-09-12,1961-05-13,7,3,4,0.083333
28,1953-09-12,1961-05-13,7,4,6,0.125
28,1953-09-12,1961-05-13,7,5,9,0.1875
28,1953-09-12,1961-05-13,7,6,4,0.083333
28,1953-09-12,1961-05-13,7,7,5,0.104167
28,1953-09-12,1961-05-13,7,8,6,0.125
28,1953-09-12,1961-05-13,7,9,4,0.083333
28,1953-09-12,1961-05-13,8,1,3,0.066667
28,1953-09-12,1961-05-13,8,2,3,0.066667
28,1953-09-12,1961-05-13,8,3,5,0.111111
28,1953-09-12,1961-05-13,8,4,7,0.155556
28,1953-09-12,1961-05-13,8,5,3,0.066667
28,1953-09-12,1961-05-13,8,6,7,0.155556
28,1953-09-12,1961-05-13,8,7,8,0.177778
28,1953-09-12,1961-05-13,8,8,3,0.066667
28,1953-09-12,1961-05-13,8,9,6,0.133333
28,1953-09-12,1961-05-13,9,1,3,0.069767
28,1953-09-12,1961-05-13,9,2,3,0.069767
28,1953-09-12,1961-05-13,9,3,5,0.116279
28,1953-09-12,1961-05-13,9,4,6,0.139535
28,1953-09-12,1961-05-13,9,5,3,0.069767
28,1953-09-12,1961-05-13,9,6,10,0.232558
28,1953-09-12,1961-05-13,9,7,3,0.069767
28,1953-09-12,1961-05-13,9,8,6,0.139535
28,1953-09-12,1961-05-13,9,9,4,0.093023
29,1955-08-13,1963-04-20,1,1,5,0.111111
29,1955-08-13,1963-04-20,1,2,4,0.088889
29,1955-08-13,1963-04-20,1,3,6,0.133333
29,1955-08-13,1963-04-20,1,4,2,0.044444
29,1955-08-13,1963-04-20,1,5,4,0.088889
29,1955-08-13,1963-04-20,1,6,3,0.066667
29,1955-08-13,1963-04-20,1,7,9,0.2
29,1955-08-13,1963-04-20,1,8,6,0.133333
29,1955-08-13,1963-04-20,1,9,6,0.133333
29,1955-08-13,1963-04-20,2,1,3,0.081081
29,1955-08-13,1963-04-20,2,2,2,0.054054
29,1955-08-13,1963-04-20,2,3,2,0.054054
29,1955-08-13,1963-04-20,2,4,3,0.081081
29,1955-08-13,1963-04-20,2,5,2,0.054054
29,1955-08-13,1963-04-20,2,6,3,0.081081
29,1955-08-13,1963-04-20,2,7,6,0.162162
29,1955-08-13,1963-04-20,2,8,8,0.216216
29,1955-08-13,1963-04-20,2,9,8,0.216216
29,1955-08-13,1963-04-20,3,1,9,0.176471
29,1955-08-13,1963-04-20,3,2,9,0.176471
29,1955-08-13,1963-04-20,3,3,8,0.156863
29,1955-08-13,1963-04-20,3,4,5,0.098039
29,1955-08-13,1963-04-20,3,5,3,0.058824
29,1955-08-13,1963-04-20,3,6,8,0.156863
29,1955-08-13,1963-04-20,3,7,2,0.039216
29,1955-08-13,1963-04-20,3,8,4,0.078431
29,1955-08-13,1963-04-20,3,9,3,0.058824
29,1955-08-13,1963-04-20,4,1,3,0.069767
29,1955-08-13,1963-04-20,4,2,4,0.093023
29,1955-08-13,1963-04-20,4,3,10,0.232558
29,1955-08-13,1963-04-20,4,4,2,0.046512
29,1955-08-13,1963-04-20,4,5,4,0.093023
29,1955-08-13,1963-04-20,4,6,5,0.116279
29,1955-08-13,1963-04-20,4,7,4,0.093023
29,1955-08-13,1963-04-20,4,8,9,0.209302
29,1955-08-13,1963-04-20,4,9,2,0.046512
29,1955-08-13,1963-04-20,5,1,5,0.121951
29,1955-08-13,1963-04-20,5,2,2,0.04878
29,1955-08-13,1963-04-20,5,3,7,0.170732
29,1955-08-13,1963-04-20,5,4,6,0.146341
29,1955-08-13,1963-04-20,5,5,6,0.146341
29,1955-08-13,1963-04-20,5,6,4,0.097561
29,1955-08-13,1963-04-20,5,7,4,0.097561
29,1955-08-13,1963-04-20,5,8,3,0.073171
29,1955-08-13,1963-04-20,5,9,4,0.097561
29,1955-08-13,1963-04-20,6,1,5,0.113636
29,1955-08-13,1963-04-20,6,2,4,0.090909
29,1955-08-13,1963-04-20,6,3,5,0.113636
29,1955-08-13,1963-04-20,6,4,6,0.136364
29,1955-08-13,1963-04-20,6,5,3,0.068182
29,1955-08-13,1963-04-20,6,6,6,0.136364
29,1955-08-13,1963-04-20,6,7,5,0.113636
29,1955-08-13,1963-04-20,6,8,6,0.136364
29,1955-08-13,1963-04-20,6,9,4,0.090909
29,1955-08-13,1963-04-20,7,1,5,0.108696
29,1955-08-13,1963-04-20,7,2,6,0.130435
29,1955-08-13,1963-04-20,7,3,4,0.086957
29,1955-08-13,1963-04-20,7,4,6,0.130435
29,1955-08-13,1963-04-20,7,5,9,0.195652
29,1955-08-13,1963-04-20,7,6,2,0.043478
29,1955-08-13,1963-04-20,7,7,7,0.152174
29,1955-08-13,1963-04-20,7,8,4,0.086957
29,1955-08-13,1963-04-20,7,9,3,0.065217
29,1955-08-13,1963-04-20,8,1,6,0.111111
29,1955-08-13,1963-04-20,8,2,4,0.074074
29,1955-08-13,1963-04-20,8,3,5,0.092593
29,1955-08-13,1963-04-20,8,4,6,0.111111
29,1955-08-13,1963-04-20,8,5,7,0.12963
29,1955-08-13,1963-04-20,8,6,6,0.111111
29,1955-08-13,1963-04-20,8,7,6,0.111111
29,1955-08-13,1963-04-20,8,8,8,0.148148
29,1955-08-13,1963-04-20,8,9,6,0.111111
29,1955-08-13,1963-04-20,9,1,4,0.102564
29,1955-08-13,1963-04-20,9,2,2,0.051282
29,1955-08-13,1963-04-20,9,3,5,0.128205
29,1955-08-13,1963-04-20,9,4,6,0.153846
29,1955-08-13,1963-04-20,9,5,3,0.076923
29,1955-08-13,1963-04-20,9,6,7,0.179487
29,1955-08-13,1963-04-20,9,7,3,0.076923
29,1955-08-13,1963-04-20,9,8,6,0.153846
29,1955-08-13,1963-04-20,9,9,3,0.076923
30,1957-07-13,1965-03-20,1,1,5,0.116279
30,1957-07-13,1965-03-20,1,2,5,0.116279
30,1957-07-13,1965-03-20,1,3,5,0.116279
30,1957-07-13,1965-03-20,1,4,4,0.093023
30,1957-07-13,1965-03-20,1,5,5,0.116279
30,1957-07-13,1965-03-20,1,6,1,0.023256
30,1957-07-13,1965-03-20,1,7,9,0.209302
30,1957-07-13,1965-03-20,1,8,4,0.093023
30,1957-07-13,1965-03-20,1,9,5,0.116279
30,1957-07-13,1965-03-20,2,1,4,0.097561
30,1957-07-13,1965-03-20,2,2,4,0.097561
30,1957-07-13,1965-03-20,2,3,3,0.073171
30,1957-07-13,1965-03-20,2,4,4,0.097561
30,1957-07-13,1965-03-20,2,5,2,0.04878
30,1957-07-13,1965-03-20,2,6,2,0.04878
30,1957-07-13,1965-03-20,2,7,6,0.146341
30,1957-07-13,1965-03-20,2,8,6,0.146341
30,1957-07-13,1965-03-20,2,9,10,0.243902
30,1957-07-13,1965-03-20,3,1,7,0.145833
30,1957-07-13,1965-03-20,3,2,11,0.229167
30,1957-07-13,1965-03-20,3,3,7,0.145833
30,1957-07-13,1965-03-20,3,4,5,0.104167
30,1957-07-13,1965-03-20,3,5,3,0.0625
30,1957-07-13,1965-03-20,3,6,7,0.145833
30,1957-07-13,1965-03-20,3,7,3,0.0625
30,1957-07-13,1965-03-20,3,8,3,0.0625
30,1957-07-13,1965-03-20,3,9,2,0.041667
30,1957-07-13,1965-03-20,4,1,3,0.066667
30,1957-07-13,1965-03-20,4,2,5,0.111111
30,1957-07-13,1965-03-20,4,3,7,0.155556
30,1957-07-13,1965-03-20,4,4,3,0.066667
30,1957-07-13,1965-03-20,4,5,6,0.133333
30,1957-07-13,1965-03-20,4,6,3,0.066667
30,1957-07-13,1965-03-20,4,7,5,0.111111
30,1957-07-13,1965-03-20,4,8,9,0.2
30,1957-07-13,1965-03-20,4,9,4,0.088889
30,1957-07-13,1965-03-20,5,1,5,0.128205
30,1957-07-13,1965-03-20,5,2,1,0.025641
30,1957-07-13,1965-03-20,5,3,7,0.179487
30,1957-07-13,1965-03-20,5,4,7,0.179487
30,1957-07-13,1965-03-20,5,5,4,0.102564
30,1957-07-13,1965-03-20,5,6,6,0.153846
30,1957-07-13,1965-03-20,5,7,2,0.051282
30,1957-07-13,1965-03-20,5,8,3,0.076923
30,1957-07-13,1965-03-20,5,9,4,0.102564
30,1957-07-13,1965-03-20,6,1,3,0.071429
30,1957-07-13,1965-03-20,6,2,1,0.02381
30,1957-07-13,1965-03-20,6,3,5,0.119048
30,1957-07-13,1965-03-20,6,4,6,0.142857
30,1957-07-13,1965-03-20,6,5,2,0.047619
30,1957-07-13,1965-03-20,6,6,6,0.142857
30,1957-07-13,1965-03-20,6,7,5,0.119048
30,1957-07-13,1965-03-20,6,8,8,0.190476
30,1957-07-13,1965-03-20,6,9,6,0.142857
30,1957-07-13,1965-03-20,7,1,4,0.090909
30,1957-07-13,1965-03-20,7,2,7,0.159091
30,1957-07-13,1965-03-20,7,3,3,0.068182
30,1957-07-13,1965-03-20,7,4,3,0.068182
30,1957-07-13,1965-03-20,7,5,8,0.181818
30,1957-07-13,1965-03-20,7,6,3,0.068182
30,1957-07-13,1965-03-20,7,7,8,0.181818
30,1957-07-13,1965-03-20,7,8,6,0.136364
30,1957-07-13,1965-03-20,7,9,2,0.045455
30,1957-07-13,1965-03-20,8,1,6,0.105263
30,1957-07-13,1965-03-20,8,2,5,0.087719
30,1957-07-13,1965-03-20,8,3,5,0.087719
30,1957-07-13,1965-03-20,8,4,8,0.140351
30,1957-07-13,1965-03-20,8,5,7,0.122807
30,1957-07-13,1965-03-20,8,6,7,0.122807
30,1957-07-13,1965-03-20,8,7,4,0.070175
30,1957-07-13,1965-03-20,8,8,9,0.157895
30,1957-07-13,1965-03-20,8,9,6,0.105263
30,1957-07-13,1965-03-20,9,1,6,0.146341
30,1957-07-13,1965-03-20,9,2,2,0.04878
30,1957-07-13,1965-03-20,9,3,6,0.146341
30,1957-07-13,1965-03-20,9,4,5,0.121951
30,1957-07-13,1965-03-20,9,5,2,0.04878
30,1957-07-13,1965-03-20,9,6,7,0.170732
30,1957-07-13,1965-03-20,9,7,2,0.04878
30,1957-07-13,1965-03-20,9,8,8,0.195122
30,1957-07-13,1965-03-20,9,9,3,0.073171
31,1959-06-13,1967-02-18,1,1,5,0.106383
31,1959-06-13,1967-02-18,1,2,6,0.12766
31,1959-06-13,1967-02-18,1,3,6,0.12766
31,1959-06-13,1967-02-18,1,4,5,0.106383
31,1959-06-13,1967-02-18,1,5,4,0.085106
31,1959-06-13,1967-02-18,1,6,2,0.042553
31,1959-06-13,1967-02-18,1,7,8,0.170213
31,1959-06-13,1967-02-18,1,8,7,0.148936
31,1959-06-13,1967-02-18,1,9,4,0.085106
31,1959-06-13,1967-02-18,2,1,4,0.085106
31,1959-06-13,1967-02-18,2,2,5,0.106383
31,1959-06-13,1967-02-18,2,3,3,0.06383
31,1959-06-13,1967-02-18,2,4,5,0.106383
31,1959-06-13,1967-02-18,2,5,5,0.106383
31,1959-06-13,1967-02-18,2,6,1,0.021277
31,1959-06-13,1967-02-18,2,7,7,0.148936
31,1959-06-13,1967-02-18,2,8,7,0.148936
31,1959-06-13,1967-02-18,2,9,10,0.212766
31,1959-06-13,1967-02-18,3,1,7,0.145833
31,1959-06-13,1967-02-18,3,2,10,0.208333
31,1959-06-13,1967-02-18,3,3,6,0.125
31,1959-06-13,1967-02-18,3,4,5,0.104167
31,1959-06-13,1967-02-18,3,5,3,0.0625
31,1959-06-13,1967-02-18,3,6,8,0.166667
31,1959-06-13,1967-02-18,3,7,3,0.0625
31,1959-06-13,1967-02-18,3,8,4,0.083333
31,1959-06-13,1967-02-18,3,9,2,0.041667
31,1959-06-13,1967-02-18,4,1,3,0.06
31,1959-06-13,1967-02-18,4,2,5,0.1
31,1959-06-13,1967-02-18,4,3,8,0.16
31,1959-06-13,1967-02-18,4,4,4,0.08
31,1959-06-13,1967-02-18,4,5,6,0.12
31,1959-06-13,1967-02-18,4,6,4,0.08
31,1959-06-13,1967-02-18,4,7,5,0.1
31,1959-06-13,1967-02-18,4,8,11,0.22
31,1959-06-13,1967-02-18,4,9,4,0.08
31,1959-06-13,1967-02-18,5,1,6,0.193548
31,1959-06-13,1967-02-18,5,2,4,0.129032
31,1959-06-13,1967-02-18,5,3,5,0.16129
31,1959-06-13,1967-02-18,5,4,5,0.16129
31,1959-06-13,1967-02-18,5,5,1,0.032258
31,1959-06-13,1967-02-18,5,6,5,0.16129
31,1959-06-13,1967-02-18,5,7,1,0.032258
31,1959-06-13,1967-02-18,5,8,1,0.032258
31,1959-06-13,1967-02-18,5,9,3,0.096774
31,1959-06-13,1967-02-18,6,1,5,0.119048
31,1959-06-13,1967-02-18,6,2,3,0.071429
31,1959-06-13,1967-02-18,6,3,5,0.119048
31,1959-06-13,1967-02-18,6,4,7,0.166667
31,1959-06-13,1967-02-18,6,5,2,0.047619
31,1959-06-13,1967-02-18,6,6,5,0.119048
31,1959-06-13,1967-02-18,6,7,4,0.095238
31,1959-06-13,1967-02-18,6,8,6,0.142857
31,1959-06-13,1967-02-18,6,9,5,0.119048
31,1959-06-13,1967-02-18,7,1,2,0.055556
31,1959-06-13,1967-02-18,7,2,7,0.194444
31,1959-06-13,1967-02-18,7,3,5,0.138889
31,1959-06-13,1967-02-18,7,4,2,0.055556
31,1959-06-13,1967-02-18,7,5,3,0.083333
31,1959-06-13,1967-02-18,7,6,4,0.111111
31,1959-06-13,1967-02-18,7,7,4,0.111111
31,1959-06-13,1967-02-18,7,8,5,0.138889
31,1959-06-13,1967-02-18,7,9,4,0.111111
31,1959-06-13,1967-02-18,8,1,7,0.118644
31,1959-06-13,1967-02-18,8,2,4,0.067797
31,1959-06-13,1967-02-18,8,3,5,0.084746
31,1959-06-13,1967-02-18,8,4,11,0.186441
31,1959-06-13,1967-02-18,8,5,5,0.084746
31,1959-06-13,1967-02-18,8,6,6,0.101695
31,1959-06-13,1967-02-18,8,7,3,0.050847
31,1959-06-13,1967-02-18,8,8,13,0.220339
31,1959-06-13,1967-02-18,8,9,5,0.084746
31,1959-06-13,1967-02-18,9,1,7,0.175
31,1959-06-13,1967-02-18,9,2,3,0.075
31,1959-06-13,1967-02-18,9,3,5,0.125
31,1959-06-13,1967-02-18,9,4,6,0.15
31,1959-06-13,1967-02-18,9,5,2,0.05
31,1959-06-13,1967-02-18,9,6,7,0.175
31,1959-06-13,1967-02-18,9,7,1,0.025
31,1959-06-13,1967-02-18,9,8,6,0.15
31,1959-06-13,1967-02-18,9,9,3,0.075
32,1961-05-13,1969-01-18,1,1,5,0.09434
32,1961-05-13,1969-01-18,1,2,8,0.150943
32,1961-05-13,1969-01-18,1,3,7,0.132075
32,1961-05-13,1969-01-18,1,4,6,0.113208
32,1961-05-13,1969-01-18,1,5,2,0.037736
32,1961-05-13,1969-01-18,1,6,4,0.075472
32,1961-05-13,1969-01-18,1,7,7,0.132075
32,1961-05-13,1969-01-18,1,8,8,0.150943
32,1961-05-13,1969-01-18,1,9,6,0.113208
32,1961-05-13,1969-01-18,2,1,7,0.145833
32,1961-05-13,1969-01-18,2,2,3,0.0625
32,1961-05-13,1969-01-18,2,3,2,0.041667
32,1961-05-13,1969-01-18,2,4,8,0.166667
32,1961-05-13,1969-01-18,2,5,6,0.125
32,1961-05-13,1969-01-18,2,6,2,0.041667
32,1961-05-13,1969-01-18,2,7,6,0.125
32,1961-05-13,1969-01-18,2,8,6,0.125
32,1961-05-13,1969-01-18,2,9,8,0.166667
32,1961-05-13,1969-01-18,3,1,7,0.145833
32,1961-05-13,1969-01-18,3,2,9,0.1875
32,1961-05-13,1969-01-18,3,3,6,0.125
32,1961-05-13,1969-01-18,3,4,4,0.083333
32,1961-05-13,1969-01-18,3,5,4,0.083333
32,1961-05-13,1969-01-18,3,6,8,0.166667
32,1961-05-13,1969-01-18,3,7,4,0.083333
32,1961-05-13,1969-01-18,3,8,5,0.104167
32,1961-05-13,1969-01-18,3,9,1,0.020833
32,1961-05-13,1969-01-18,4,1,5,0.102041
32,1961-05-13,1969-01-18,4,2,5,0.102041
32,1961-05-13,1969-01-18,4,3,6,0.122449
32,1961-05-13,1969-01-18,4,4,4,0.081633
32,1961-05-13,1969-01-18,4,5,5,0.102041
32,1961-05-13,1969-01-18,4,6,5,0.102041
32,1961-05-13,1969-01-18,4,7,5,0.102041
32,1961-05-13,1969-01-18,4,8,7,0.142857
32,1961-05-13,1969-01-18,4,9,7,0.142857
32,1961-05-13,1969-01-18,5,1,6,0.206897
32,1961-05-13,1969-01-18,5,2,4,0.137931
32,1961-05-13,1969-01-18,5,3,4,0.137931
32,1961-05-13,1969-01-18,5,4,6,0.206897
32,1961-05-13,1969-01-18,5,5,0,0.0
32,1961-05-13,1969-01-18,5,6,5,0.172414
32,1961-05-13,1969-01-18,5,7,2,0.068966
32,1961-05-13,1969-01-18,5,8,1,0.034483
32,1961-05-13,1969-01-18,5,9,1,0.034483
32,1961-05-13,1969-01-18,6,1,7,0.162791
32,1961-05-13,1969-01-18,6,2,4,0.093023
32,1961-05-13,1969-01-18,6,3,7,0.162791
32,1961-05-13,1969-01-18,6,4,5,0.116279
32,1961-05-13,1969-01-18,6,5,1,0.023256
32,1961-05-13,1969-01-18,6,6,5,0.116279
32,1961-05-13,1969-01-18,6,7,5,0.116279
32,1961-05-13,1969-01-18,6,8,5,0.116279
32,1961-05-13,1969-01-18,6,9,4,0.093023
32,1961-05-13,1969-01-18,7,1,3,0.081081
32,1961-05-13,1969-01-18,7,2,6,0.162162
32,1961-05-13,1969-01-18,7,3,4,0.108108
32,1961-05-13,1969-01-18,7,4,5,0.135135
32,1961-05-13,1969-01-18,7,5,2,0.054054
32,1961-05-13,1969-01-18,7,6,3,0.081081
32,1961-05-13,1969-01-18,7,7,5,0.135135
32,1961-05-13,1969-01-18,7,8,6,0.162162
32,1961-05-13,1969-01-18,7,9,3,0.081081
32,1961-05-13,1969-01-18,8,1,6,0.111111
32,1961-05-13,1969-01-18,8,2,4,0.074074
32,1961-05-13,1969-01-18,8,3,7,0.12963
32,1961-05-13,1969-01-18,8,4,7,0.12963
32,1961-05-13,1969-01-18,8,5,6,0.111111
32,1961-05-13,1969-01-18,8,6,6,0.111111
32,1961-05-13,1969-01-18,8,7,2,0.037037
32,1961-05-13,1969-01-18,8,8,11,0.203704
32,1961-05-13,1969-01-18,8,9,5,0.092593
32,1961-05-13,1969-01-18,9,1,7,0.179487
32,1961-05-13,1969-01-18,9,2,5,0.128205
32,1961-05-13,1969-01-18,9,3,5,0.128205
32,1961-05-13,1969-01-18,9,4,4,0.102564
32,1961-05-13,1969-01-18,9,5,3,0.076923
32,1961-05-13,1969-01-18,9,6,4,0.102564
32,1961-05-13,1969-01-18,9,7,2,0.051282
32,1961-05-13,1969-01-18,9,8,5,0.128205
32,1961-05-13,1969-01-18,9,9,4,0.102564
33,1963-04-20,1970-12-19,1,1,5,0.1
33,1963-04-20,1970-12-19,1,2,8,0.16
33,1963-04-20,1970-12-19,1,3,6,0.12
33,1963-04-20,1970-12-19,1,4,5,0.1
33,1963-04-20,1970-12-19,1,5,2,0.04
33,1963-04-20,1970-12-19,1,6,5,0.1
33,1963-04-20,1970-12-19,1,7,7,0.14
33,1963-04-20,1970-12-19,1,8,6,0.12
33,1963-04-20,1970-12-19,1,9,6,0.12
33,1963-04-20,1970-12-19,2,1,9,0.1875
33,1963-04-20,1970-12-19,2,2,3,0.0625
33,1963-04-20,1970-12-19,2,3,2,0.041667
33,1963-04-20,1970-12-19,2,4,8,0.166667
33,1963-04-20,1970-12-19,2,5,7,0.145833
33,1963-04-20,1970-12-19,2,6,1,0.020833
33,1963-04-20,1970-12-19,2,7,6,0.125
33,1963-04-20,1970-12-19,2,8,4,0.083333
33,1963-04-20,1970-12-19,2,9,8,0.166667
33,1963-04-20,1970-12-19,3,1,4,0.105263
33,1963-04-20,1970-12-19,3,2,6,0.157895
33,1963-04-20,1970-12-19,3,3,3,0.078947
33,1963-04-20,1970-12-19,3,4,6,0.157895
33,1963-04-20,1970-12-19,3,5,4,0.105263
33,1963-04-20,1970-12-19,3,6,6,0.157895
33,1963-04-20,1970-12-19,3,7,4,0.105263
33,1963-04-20,1970-12-19,3,8,3,0.078947
33,1963-04-20,1970-12-19,3,9,2,0.052632
33,1963-04-20,1970-12-19,4,1,6,0.117647
33,1963-04-20,1970-12-19,4,2,4,0.078431
33,1963-04-20,1970-12-19,4,3,5,0.098039
33,1963-04-20,1970-12-19,4,4,4,0.078431
33,1963-04-20,1970-12-19,4,5,5,0.098039
33,1963-04-20,1970-12-19,4,6,8,0.156863
33,1963-04-20,1970-12-19,4,7,7,0.137255
33,1963-04-20,1970-12-19,4,8,6,0.117647
33,1963-04-20,1970-12-19,4,9,6,0.117647
33,1963-04-20,1970-12-19,5,1,3,0.085714
33,1963-04-20,1970-12-19,5,2,8,0.228571
33,1963-04-20,1970-12-19,5,3,2,0.057143
33,1963-04-20,1970-12-19,5,4,7,0.2
33,1963-04-20,1970-12-19,5,5,3,0.085714
33,1963-04-20,1970-12-19,5,6,5,0.142857
33,1963-04-20,1970-12-19,5,7,3,0.085714
33,1963-04-20,1970-12-19,5,8,1,0.028571
33,1963-04-20,1970-12-19,5,9,3,0.085714
33,1963-04-20,1970-12-19,6,1,7,0.14
33,1963-04-20,1970-12-19,6,2,7,0.14
33,1963-04-20,1970-12-19,6,3,5,0.1
33,1963-04-20,1970-12-19,6,4,6,0.12
33,1963-04-20,1970-12-19,6,5,1,0.02
33,1963-04-20,1970-12-19,6,6,11,0.22
33,1963-04-20,1970-12-19,6,7,4,0.08
33,1963-04-20,1970-12-19,6,8,4,0.08
33,1963-04-20,1970-12-19,6,9,5,0.1
33,1963-04-20,1970-12-19,7,1,3,0.076923
33,1963-04-20,1970-12-19,7,2,5,0.128205
33,1963-04-20,1970-12-19,7,3,5,0.128205
33,1963-04-20,1970-12-19,7,4,5,0.128205
33,1963-04-20,1970-12-19,7,5,3,0.076923
33,1963-04-20,1970-12-19,7,6,5,0.128205
33,1963-04-20,1970-12-19,7,7,3,0.076923
33,1963-04-20,1970-12-19,7,8,6,0.153846
33,1963-04-20,1970-12-19,7,9,4,0.102564
33,1963-04-20,1970-12-19,8,1,4,0.086957
33,1963-04-20,1970-12-19,8,2,2,0.043478
33,1963-04-20,1970-12-19,8,3,5,0.108696
33,1963-04-20,1970-12-19,8,4,7,0.152174
33,1963-04-20,1970-12-19,8,5,5,0.108696
33,1963-04-20,1970-12-19,8,6,6,0.130435
33,1963-04-20,1970-12-19,8,7,3,0.065217
33,1963-04-20,1970-12-19,8,8,9,0.195652
33,1963-04-20,1970-12-19,8,9,5,0.108696
33,1963-04-20,1970-12-19,9,1,9,0.209302
33,1963-04-20,1970-12-19,9,2,6,0.139535
33,1963-04-20,1970-12-19,9,3,4,0.093023
33,1963-04-20,1970-12-19,9,4,3,0.069767
33,1963-04-20,1970-12-19,9,5,5,0.116279
33,1963-04-20,1970-12-19,9,6,3,0.069767
33,1963-04-20,1970-12-19,9,7,2,0.046512
33,1963-04-20,1970-12-19,9,8,7,0.162791
33,1963-04-20,1970-12-19,9,9,4,0.093023
34,1965-03-20,1972-11-18,1,1,8,0.150943
34,1965-03-20,1972-11-18,1,2,7,0.132075
34,1965-03-20,1972-11-18,1,3,9,0.169811
34,1965-03-20,1972-11-18,1,4,3,0.056604
34,1965-03-20,1972-11-18,1,5,1,0.018868
34,1965-03-20,1972-11-18,1,6,7,0.132075
34,1965-03-20,1972-11-18,1,7,4,0.075472
34,1965-03-20,1972-11-18,1,8,9,0.169811
34,1965-03-20,1972-11-18,1,9,5,0.09434
34,1965-03-20,1972-11-18,2,1,9,0.173077
34,1965-03-20,1972-11-18,2,2,3,0.057692
34,1965-03-20,1972-11-18,2,3,2,0.038462
34,1965-03-20,1972-11-18,2,4,9,0.173077
34,1965-03-20,1972-11-18,2,5,7,0.134615
34,1965-03-20,1972-11-18,2,6,3,0.057692
34,1965-03-20,1972-11-18,2,7,4,0.076923
34,1965-03-20,1972-11-18,2,8,7,0.134615
34,1965-03-20,1972-11-18,2,9,8,0.153846
34,1965-03-20,1972-11-18,3,1,6,0.15
34,1965-03-20,1972-11-18,3,2,5,0.125
34,1965-03-20,1972-11-18,3,3,5,0.125
34,1965-03-20,1972-11-18,3,4,4,0.1
34,1965-03-20,1972-11-18,3,5,3,0.075
34,1965-03-20,1972-11-18,3,6,6,0.15
34,1965-03-20,1972-11-18,3,7,4,0.1
34,1965-03-20,1972-11-18,3,8,4,0.1
34,1965-03-20,1972-11-18,3,9,3,0.075
34,1965-03-20,1972-11-18,4,1,5,0.125
34,1965-03-20,1972-11-18,4,2,2,0.05
34,1965-03-20,1972-11-18,4,3,5,0.125
34,1965-03-20,1972-11-18,4,4,2,0.05
34,1965-03-20,1972-11-18,4,5,2,0.05
34,1965-03-20,1972-11-18,4,6,9,0.225
34,1965-03-20,1972-11-18,4,7,8,0.2
34,1965-03-20,1972-11-18,4,8,3,0.075
34,1965-03-20,1972-11-18,4,9,4,0.1
34,1965-03-20,1972-11-18,5,1,3,0.078947
34,1965-03-20,1972-11-18,5,2,11,0.289474
34,1965-03-20,1972-11-18,5,3,3,0.078947
34,1965-03-20,1972-11-18,5,4,4,0.105263
34,1965-03-20,1972-11-18,5,5,6,0.157895
34,1965-03-20,1972-11-18,5,6,3,0.078947
34,1965-03-20,1972-11-18,5,7,3,0.078947
34,1965-03-20,1972-11-18,5,8,2,0.052632
34,1965-03-20,1972-11-18,5,9,3,0.078947
34,1965-03-20,1972-11-18,6,1,8,0.153846
34,1965-03-20,1972-11-18,6,2,10,0.192308
34,1965-03-20,1972-11-18,6,3,5,0.096154
34,1965-03-20,1972-11-18,6,4,7,0.134615
34,1965-03-20,1972-11-18,6,5,1,0.019231
34,1965-03-20,1972-11-18,6,6,11,0.211538
34,1965-03-20,1972-11-18,6,7,3,0.057692
34,1965-03-20,1972-11-18,6,8,3,0.057692
34,1965-03-20,1972-11-18,6,9,4,0.076923
34,1965-03-20,1972-11-18,7,1,4,0.105263
34,1965-03-20,1972-11-18,7,2,6,0.157895
34,1965-03-20,1972-11-18,7,3,4,0.105263
34,1965-03-20,1972-11-18,7,4,4,0.105263
34,1965-03-20,1972-11-18,7,5,4,0.105263
34,1965-03-20,1972-11-18,7,6,5,0.131579
34,1965-03-20,1972-11-18,7,7,3,0.078947
34,1965-03-20,1972-11-18,7,8,5,0.131579
34,1965-03-20,1972-11-18,7,9,3,0.078947
34,1965-03-20,1972-11-18,8,1,3,0.06383
34,1965-03-20,1972-11-18,8,2,3,0.06383
34,1965-03-20,1972-11-18,8,3,5,0.106383
34,1965-03-20,1972-11-18,8,4,6,0.12766
34,1965-03-20,1972-11-18,8,5,7,0.148936
34,1965-03-20,1972-11-18,8,6,6,0.12766
34,1965-03-20,1972-11-18,8,7,4,0.085106
34,1965-03-20,1972-11-18,8,8,9,0.191489
34,1965-03-20,1972-11-18,8,9,4,0.085106
34,1965-03-20,1972-11-18,9,1,7,0.175
34,1965-03-20,1972-11-18,9,2,5,0.125
34,1965-03-20,1972-11-18,9,3,2,0.05
34,1965-03-20,1972-11-18,9,4,2,0.05
34,1965-03-20,1972-11-18,9,5,7,0.175
34,1965-03-20,1972-11-18,9,6,2,0.05
34,1965-03-20,1972-11-18,9,7,5,0.125
34,1965-03-20,1972-11-18,9,8,5,0.125
34,1965-03-20,1972-11-18,9,9,5,0.125
35,1967-02-18,1974-10-19,1,1,9,0.18
35,1967-02-18,1974-10-19,1,2,5,0.1
35,1967-02-18,1974-10-19,1,3,8,0.16
35,1967-02-18,1974-10-19,1,4,3,0.06
35,1967-02-18,1974-10-19,1,5,3,0.06
35,1967-02-18,1974-10-19,1,6,7,0.14
35,1967-02-18,1974-10-19,1,7,4,0.08
35,1967-02-18,1974-10-19,1,8,7,0.14
35,1967-02-18,1974-10-19,1,9,4,0.08
35,1967-02-18,1974-10-19,2,1,9,0.191489
35,1967-02-18,1974-10-19,2,2,2,0.042553
35,1967-02-18,1974-10-19,2,3,3,0.06383
35,1967-02-18,1974-10-19,2,4,8,0.170213
35,1967-02-18,1974-10-19,2,5,4,0.085106
35,1967-02-18,1974-10-19,2,6,4,0.085106
35,1967-02-18,1974-10-19,2,7,5,0.106383
35,1967-02-18,1974-10-19,2,8,5,0.106383
35,1967-02-18,1974-10-19,2,9,7,0.148936
35,1967-02-18,1974-10-19,3,1,5,0.131579
35,1967-02-18,1974-10-19,3,2,3,0.078947
35,1967-02-18,1974-10-19,3,3,4,0.105263
35,1967-02-18,1974-10-19,3,4,2,0.052632
35,1967-02-18,1974-10-19,3,5,3,0.078947
35,1967-02-18,1974-10-19,3,6,5,0.131579
35,1967-02-18,1974-10-19,3,7,7,0.184211
35,1967-02-18,1974-10-19,3,8,5,0.131579
35,1967-02-18,1974-10-19,3,9,4,0.105263
35,1967-02-18,1974-10-19,4,1,5,0.125
35,1967-02-18,1974-10-19,4,2,4,0.1
35,1967-02-18,1974-10-19,4,3,1,0.025
35,1967-02-18,1974-10-19,4,4,4,0.1
35,1967-02-18,1974-10-19,4,5,3,0.075
35,1967-02-18,1974-10-19,4,6,12,0.3
35,1967-02-18,1974-10-19,4,7,6,0.15
35,1967-02-18,1974-10-19,4,8,1,0.025
35,1967-02-18,1974-10-19,4,9,4,0.1
35,1967-02-18,1974-10-19,5,1,2,0.045455
35,1967-02-18,1974-10-19,5,2,8,0.181818
35,1967-02-18,1974-10-19,5,3,3,0.068182
35,1967-02-18,1974-10-19,5,4,6,0.136364
35,1967-02-18,1974-10-19,5,5,7,0.159091
35,1967-02-18,1974-10-19,5,6,5,0.113636
35,1967-02-18,1974-10-19,5,7,5,0.113636
35,1967-02-18,1974-10-19,5,8,3,0.068182
35,1967-02-18,1974-10-19,5,9,5,0.113636
35,1967-02-18,1974-10-19,6,1,9,0.157895
35,1967-02-18,1974-10-19,6,2,10,0.175439
35,1967-02-18,1974-10-19,6,3,6,0.105263
35,1967-02-18,1974-10-19,6,4,5,0.087719
35,1967-02-18,1974-10-19,6,5,2,0.035088
35,1967-02-18,1974-10-19,6,6,10,0.175439
35,1967-02-18,1974-10-19,6,7,6,0.105263
35,1967-02-18,1974-10-19,6,8,3,0.052632
35,1967-02-18,1974-10-19,6,9,6,0.105263
35,1967-02-18,1974-10-19,7,1,4,0.085106
35,1967-02-18,1974-10-19,7,2,7,0.148936
35,1967-02-18,1974-10-19,7,3,6,0.12766
35,1967-02-18,1974-10-19,7,4,6,0.12766
35,1967-02-18,1974-10-19,7,5,5,0.106383
35,1967-02-18,1974-10-19,7,6,8,0.170213
35,1967-02-18,1974-10-19,7,7,3,0.06383
35,1967-02-18,1974-10-19,7,8,4,0.085106
35,1967-02-18,1974-10-19,7,9,4,0.085106
35,1967-02-18,1974-10-19,8,1,2,0.052632
35,1967-02-18,1974-10-19,8,2,3,0.078947
35,1967-02-18,1974-10-19,8,3,4,0.105263
35,1967-02-18,1974-10-19,8,4,3,0.078947
35,1967-02-18,1974-10-19,8,5,10,0.263158
35,1967-02-18,1974-10-19,8,6,5,0.131579
35,1967-02-18,1974-10-19,8,7,5,0.131579
35,1967-02-18,1974-10-19,8,8,4,0.105263
35,1967-02-18,1974-10-19,8,9,2,0.052632
35,1967-02-18,1974-10-19,9,1,5,0.128205
35,1967-02-18,1974-10-19,9,2,5,0.128205
35,1967-02-18,1974-10-19,9,3,3,0.076923
35,1967-02-18,1974-10-19,9,4,3,0.076923
35,1967-02-18,1974-10-19,9,5,7,0.179487
35,1967-02-18,1974-10-19,9,6,1,0.025641
35,1967-02-18,1974-10-19,9,7,6,0.153846
35,1967-02-18,1974-10-19,9,8,6,0.153846
35,1967-02-18,1974-10-19,9,9,3,0.076923
36,1969-01-18,1976-09-18,1,1,5,0.121951
36,1969-01-18,1976-09-18,1,2,2,0.04878
36,1969-01-18,1976-09-18,1,3,9,0.219512
36,1969-01-18,1976-09-18,1,4,4,0.097561
36,1969-01-18,1976-09-18,1,5,4,0.097561
36,1969-01-18,1976-09-18,1,6,5,0.121951
36,1969-01-18,1976-09-18,1,7,5,0.121951
36,1969-01-18,1976-09-18,1,8,7,0.170732
36,1969-01-18,1976-09-18,1,9,0,0.0
36,1969-01-18,1976-09-18,2,1,6,0.15
36,1969-01-18,1976-09-18,2,2,2,0.05
36,1969-01-18,1976-09-18,2,3,4,0.1
36,1969-01-18,1976-09-18,2,4,4,0.1
36,1969-01-18,1976-09-18,2,5,3,0.075
36,1969-01-18,1976-09-18,2,6,3,0.075
36,1969-01-18,1976-09-18,2,7,4,0.1
36,1969-01-18,1976-09-18,2,8,7,0.175
36,1969-01-18,1976-09-18,2,9,7,0.175
36,1969-01-18,1976-09-18,3,1,5,0.111111
36,1969-01-18,1976-09-18,3,2,4,0.088889
36,1969-01-18,1976-09-18,3,3,5,0.111111
36,1969-01-18,1976-09-18,3,4,4,0.088889
36,1969-01-18,1976-09-18,3,5,3,0.066667
36,1969-01-18,1976-09-18,3,6,3,0.066667
36,1969-01-18,1976-09-18,3,7,7,0.155556
36,1969-01-18,1976-09-18,3,8,7,0.155556
36,1969-01-18,1976-09-18,3,9,7,0.155556
36,1969-01-18,1976-09-18,4,1,2,0.051282
36,1969-01-18,1976-09-18,4,2,2,0.051282
36,1969-01-18,1976-09-18,4,3,5,0.128205
36,1969-01-18,1976-09-18,4,4,4,0.102564
36,1969-01-18,1976-09-18,4,5,5,0.128205
36,1969-01-18,1976-09-18,4,6,12,0.307692
36,1969-01-18,1976-09-18,4,7,5,0.128205
36,1969-01-18,1976-09-18,4,8,3,0.076923
36,1969-01-18,1976-09-18,4,9,1,0.025641
36,1969-01-18,1976-09-18,5,1,4,0.083333
36,1969-01-18,1976-09-18,5,2,9,0.1875
36,1969-01-18,1976-09-18,5,3,3,0.0625
36,1969-01-18,1976-09-18,5,4,7,0.145833
36,1969-01-18,1976-09-18,5,5,8,0.166667
36,1969-01-18,1976-09-18,5,6,3,0.0625
36,1969-01-18,1976-09-18,5,7,3,0.0625
36,1969-01-18,1976-09-18,5,8,5,0.104167
36,1969-01-18,1976-09-18,5,9,6,0.125
36,1969-01-18,1976-09-18,6,1,9,0.173077
36,1969-01-18,1976-09-18,6,2,10,0.192308
36,1969-01-18,1976-09-18,6,3,4,0.076923
36,1969-01-18,1976-09-18,6,4,3,0.057692
36,1969-01-18,1976-09-18,6,5,3,0.057692
36,1969-01-18,1976-09-18,6,6,9,0.173077
36,1969-01-18,1976-09-18,6,7,6,0.115385
36,1969-01-18,1976-09-18,6,8,3,0.057692
36,1969-01-18,1976-09-18,6,9,5,0.096154
36,1969-01-18,1976-09-18,7,1,3,0.06383
36,1969-01-18,1976-09-18,7,2,6,0.12766
36,1969-01-18,1976-09-18,7,3,9,0.191489
36,1969-01-18,1976-09-18,7,4,3,0.06383
36,1969-01-18,1976-09-18,7,5,4,0.085106
36,1969-01-18,1976-09-18,7,6,9,0.191489
36,1969-01-18,1976-09-18,7,7,5,0.106383
36,1969-01-18,1976-09-18,7,8,2,0.042553
36,1969-01-18,1976-09-18,7,9,6,0.12766
36,1969-01-18,1976-09-18,8,1,3,0.065217
36,1969-01-18,1976-09-18,8,2,2,0.043478
36,1969-01-18,1976-09-18,8,3,3,0.065217
36,1969-01-18,1976-09-18,8,4,3,0.065217
36,1969-01-18,1976-09-18,8,5,10,0.217391
36,1969-01-18,1976-09-18,8,6,8,0.173913
36,1969-01-18,1976-09-18,8,7,5,0.108696
36,1969-01-18,1976-09-18,8,8,6,0.130435
36,1969-01-18,1976-09-18,8,9,6,0.130435
36,1969-01-18,1976-09-18,9,1,4,0.095238
36,1969-01-18,1976-09-18,9,2,3,0.071429
36,1969-01-18,1976-09-18,9,3,3,0.071429
36,1969-01-18,1976-09-18,9,4,7,0.166667
36,1969-01-18,1976-09-18,9,5,8,0.190476
36,1969-01-18,1976-09-18,9,6,1,0.02381
36,1969-01-18,1976-09-18,9,7,6,0.142857
36,1969-01-18,1976-09-18,9,8,6,0.142857
36,1969-01-18,1976-09-18,9,9,4,0.095238
37,1970-12-19,1978-08-19,1,1,6,0.142857
37,1970-12-19,1978-08-19,1,2,3,0.071429
37,1970-12-19,1978-08-19,1,3,10,0.238095
37,1970-12-19,1978-08-19,1,4,5,0.119048
37,1970-12-19,1978-08-19,1,5,3,0.071429
37,1970-12-19,1978-08-19,1,6,5,0.119048
37,1970-12-19,1978-08-19,1,7,3,0.071429
37,1970-12-19,1978-08-19,1,8,7,0.166667
37,1970-12-19,1978-08-19,1,9,0,0.0
37,1970-12-19,1978-08-19,2,1,6,0.133333
37,1970-12-19,1978-08-19,2,2,5,0.111111
37,1970-12-19,1978-08-19,2,3,5,0.111111
37,1970-12-19,1978-08-19,2,4,4,0.088889
37,1970-12-19,1978-08-19,2,5,3,0.066667
37,1970-12-19,1978-08-19,2,6,5,0.111111
37,1970-12-19,1978-08-19,2,7,5,0.111111
37,1970-12-19,1978-08-19,2,8,7,0.155556
37,1970-12-19,1978-08-19,2,9,5,0.111111
37,1970-12-19,1978-08-19,3,1,6,0.12766
37,1970-12-19,1978-08-19,3,2,4,0.085106
37,1970-12-19,1978-08-19,3,3,4,0.085106
37,1970-12-19,1978-08-19,3,4,2,0.042553
37,1970-12-19,1978-08-19,3,5,4,0.085106
37,1970-12-19,1978-08-19,3,6,3,0.06383
37,1970-12-19,1978-08-19,3,7,6,0.12766
37,1970-12-19,1978-08-19,3,8,11,0.234043
37,1970-12-19,1978-08-19,3,9,7,0.148936
37,1970-12-19,1978-08-19,4,1,1,0.028571
37,1970-12-19,1978-08-19,4,2,3,0.085714
37,1970-12-19,1978-08-19,4,3,7,0.2
37,1970-12-19,1978-08-19,4,4,4,0.114286
37,1970-12-19,1978-08-19,4,5,3,0.085714
37,1970-12-19,1978-08-19,4,6,8,0.228571
37,1970-12-19,1978-08-19,4,7,4,0.114286
37,1970-12-19,1978-08-19,4,8,3,0.085714
37,1970-12-19,1978-08-19,4,9,2,0.057143
37,1970-12-19,1978-08-19,5,1,4,0.095238
37,1970-12-19,1978-08-19,5,2,5,0.119048
37,1970-12-19,1978-08-19,5,3,4,0.095238
37,1970-12-19,1978-08-19,5,4,7,0.166667
37,1970-12-19,1978-08-19,5,5,5,0.119048
37,1970-12-19,1978-08-19,5,6,2,0.047619
37,1970-12-19,1978-08-19,5,7,4,0.095238
37,1970-12-19,1978-08-19,5,8,7,0.166667
37,1970-12-19,1978-08-19,5,9,4,0.095238
37,1970-12-19,1978-08-19,6,1,11,0.22449
37,1970-12-19,1978-08-19,6,2,8,0.163265
37,1970-12-19,1978-08-19,6,3,4,0.081633
37,1970-12-19,1978-08-19,6,4,2,0.040816
37,1970-12-19,1978-08-19,6,5,4,0.081633
37,1970-12-19,1978-08-19,6,6,5,0.102041
37,1970-12-19,1978-08-19,6,7,5,0.102041
37,1970-12-19,1978-08-19,6,8,6,0.122449
37,1970-12-19,1978-08-19,6,9,4,0.081633
37,1970-12-19,1978-08-19,7,1,2,0.044444
37,1970-12-19,1978-08-19,7,2,6,0.133333
37,1970-12-19,1978-08-19,7,3,7,0.155556
37,1970-12-19,1978-08-19,7,4,2,0.044444
37,1970-12-19,1978-08-19,7,5,5,0.111111
37,1970-12-19,1978-08-19,7,6,8,0.177778
37,1970-12-19,1978-08-19,7,7,6,0.133333
37,1970-12-19,1978-08-19,7,8,2,0.044444
37,1970-12-19,1978-08-19,7,9,7,0.155556
37,1970-12-19,1978-08-19,8,1,5,0.096154
37,1970-12-19,1978-08-19,8,2,6,0.115385
37,1970-12-19,1978-08-19,8,3,3,0.057692
37,1970-12-19,1978-08-19,8,4,3,0.057692
37,1970-12-19,1978-08-19,8,5,8,0.153846
37,1970-12-19,1978-08-19,8,6,10,0.192308
37,1970-12-19,1978-08-19,8,7,5,0.096154
37,1970-12-19,1978-08-19,8,8,6,0.115385
37,1970-12-19,1978-08-19,8,9,6,0.115385
37,1970-12-19,1978-08-19,9,1,2,0.046512
37,1970-12-19,1978-08-19,9,2,4,0.093023
37,1970-12-19,1978-08-19,9,3,3,0.069767
37,1970-12-19,1978-08-19,9,4,6,0.139535
37,1970-12-19,1978-08-19,9,5,7,0.162791
37,1970-12-19,1978-08-19,9,6,3,0.069767
37,1970-12-19,1978-08-19,9,7,7,0.162791
37,1970-12-19,1978-08-19,9,8,3,0.069767
37,1970-12-19,1978-08-19,9,9,8,0.186047
38,1972-11-18,1980-07-19,1,1,6,0.15
38,1972-11-18,1980-07-19,1,2,3,0.075
38,1972-11-18,1980-07-19,1,3,6,0.15
38,1972-11-18,1980-07-19,1,4,6,0.15
38,1972-11-18,1980-07-19,1,5,6,0.15
38,1972-11-18,1980-07-19,1,6,3,0.075
38,1972-11-18,1980-07-19,1,7,3,0.075
38,1972-11-18,1980-07-19,1,8,6,0.15
38,1972-11-18,1980-07-19,1,9,1,0.025
38,1972-11-18,1980-07-19,2,1,4,0.102564
38,1972-11-18,1980-07-19,2,2,6,0.153846
38,1972-11-18,1980-07-19,2,3,6,0.153846
38,1972-11-18,1980-07-19,2,4,3,0.076923
38,1972-11-18,1980-07-19,2,5,2,0.051282
38,1972-11-18,1980-07-19,2,6,4,0.102564
38,1972-11-18,1980-07-19,2,7,4,0.102564
38,1972-11-18,1980-07-19,2,8,7,0.179487
38,1972-11-18,1980-07-19,2,9,3,0.076923
38,1972-11-18,1980-07-19,3,1,5,0.119048
38,1972-11-18,1980-07-19,3,2,2,0.047619
38,1972-11-18,1980-07-19,3,3,2,0.047619
38,1972-11-18,1980-07-19,3,4,3,0.071429
38,1972-11-18,1980-07-19,3,5,4,0.095238
38,1972-11-18,1980-07-19,3,6,5,0.119048
38,1972-11-18,1980-07-19,3,7,6,0.142857
38,1972-11-18,1980-07-19,3,8,9,0.214286
38,1972-11-18,1980-07-19,3,9,6,0.142857
38,1972-11-18,1980-07-19,4,1,1,0.022222
38,1972-11-18,1980-07-19,4,2,6,0.133333
38,1972-11-18,1980-07-19,4,3,7,0.155556
38,1972-11-18,1980-07-19,4,4,4,0.088889
38,1972-11-18,1980-07-19,4,5,3,0.066667
38,1972-11-18,1980-07-19,4,6,10,0.222222
38,1972-11-18,1980-07-19,4,7,6,0.133333
38,1972-11-18,1980-07-19,4,8,5,0.111111
38,1972-11-18,1980-07-19,4,9,3,0.066667
38,1972-11-18,1980-07-19,5,1,4,0.093023
38,1972-11-18,1980-07-19,5,2,4,0.093023
38,1972-11-18,1980-07-19,5,3,2,0.046512
38,1972-11-18,1980-07-19,5,4,7,0.162791
38,1972-11-18,1980-07-19,5,5,4,0.093023
38,1972-11-18,1980-07-19,5,6,2,0.046512
38,1972-11-18,1980-07-19,5,7,6,0.139535
38,1972-11-18,1980-07-19,5,8,9,0.209302
38,1972-11-18,1980-07-19,5,9,5,0.116279
38,1972-11-18,1980-07-19,6,1,10,0.212766
38,1972-11-18,1980-07-19,6,2,5,0.106383
38,1972-11-18,1980-07-19,6,3,5,0.106383
38,1972-11-18,1980-07-19,6,4,4,0.085106
38,1972-11-18,1980-07-19,6,5,5,0.106383
38,1972-11-18,1980-07-19,6,6,4,0.085106
38,1972-11-18,1980-07-19,6,7,5,0.106383
38,1972-11-18,1980-07-19,6,8,5,0.106383
38,1972-11-18,1980-07-19,6,9,4,0.085106
38,1972-11-18,1980-07-19,7,1,1,0.021739
38,1972-11-18,1980-07-19,7,2,4,0.086957
38,1972-11-18,1980-07-19,7,3,7,0.152174
38,1972-11-18,1980-07-19,7,4,6,0.130435
38,1972-11-18,1980-07-19,7,5,5,0.108696
38,1972-11-18,1980-07-19,7,6,7,0.152174
38,1972-11-18,1980-07-19,7,7,7,0.152174
38,1972-11-18,1980-07-19,7,8,2,0.043478
38,1972-11-18,1980-07-19,7,9,7,0.152174
38,1972-11-18,1980-07-19,8,1,5,0.092593
38,1972-11-18,1980-07-19,8,2,4,0.074074
38,1972-11-18,1980-07-19,8,3,4,0.074074
38,1972-11-18,1980-07-19,8,4,4,0.074074
38,1972-11-18,1980-07-19,8,5,8,0.148148
38,1972-11-18,1980-07-19,8,6,9,0.166667
38,1972-11-18,1980-07-19,8,7,4,0.074074
38,1972-11-18,1980-07-19,8,8,8,0.148148
38,1972-11-18,1980-07-19,8,9,8,0.148148
38,1972-11-18,1980-07-19,9,1,4,0.090909
38,1972-11-18,1980-07-19,9,2,5,0.113636
38,1972-11-18,1980-07-19,9,3,3,0.068182
38,1972-11-18,1980-07-19,9,4,7,0.159091
38,1972-11-18,1980-07-19,9,5,6,0.136364
38,1972-11-18,1980-07-19,9,6,3,0.068182
38,1972-11-18,1980-07-19,9,7,5,0.113636
38,1972-11-18,1980-07-19,9,8,4,0.090909
38,1972-11-18,1980-07-19,9,9,7,0.159091
39,1974-10-19,1982-06-19,1,1,8,0.153846
39,1974-10-19,1982-06-19,1,2,5,0.096154
39,1974-10-19,1982-06-19,1,3,10,0.192308
39,1974-10-19,1982-06-19,1,4,6,0.115385
39,1974-10-19,1982-06-19,1,5,5,0.096154
39,1974-10-19,1982-06-19,1,6,3,0.057692
39,1974-10-19,1982-06-19,1,7,4,0.076923
39,1974-10-19,1982-06-19,1,8,7,0.134615
39,1974-10-19,1982-06-19,1,9,4,0.076923
39,1974-10-19,1982-06-19,2,1,4,0.097561
39,1974-10-19,1982-06-19,2,2,7,0.170732
39,1974-10-19,1982-06-19,2,3,6,0.146341
39,1974-10-19,1982-06-19,2,4,5,0.121951
39,1974-10-19,1982-06-19,2,5,2,0.04878
39,1974-10-19,1982-06-19,2,6,4,0.097561
39,1974-10-19,1982-06-19,2,7,2,0.04878
39,1974-10-19,1982-06-19,2,8,8,0.195122
39,1974-10-19,1982-06-19,2,9,3,0.073171
39,1974-10-19,1982-06-19,3,1,7,0.159091
39,1974-10-19,1982-06-19,3,2,2,0.045455
39,1974-10-19,1982-06-19,3,3,3,0.068182
39,1974-10-19,1982-06-19,3,4,4,0.090909
39,1974-10-19,1982-06-19,3,5,8,0.181818
39,1974-10-19,1982-06-19,3,6,6,0.136364
39,1974-10-19,1982-06-19,3,7,2,0.045455
39,1974-10-19,1982-06-19,3,8,8,0.181818
39,1974-10-19,1982-06-19,3,9,4,0.090909
39,1974-10-19,1982-06-19,4,1,3,0.071429
39,1974-10-19,1982-06-19,4,2,6,0.142857
39,1974-10-19,1982-06-19,4,3,7,0.166667
39,1974-10-19,1982-06-19,4,4,2,0.047619
39,1974-10-19,1982-06-19,4,5,3,0.071429
39,1974-10-19,1982-06-19,4,6,8,0.190476
39,1974-10-19,1982-06-19,4,7,6,0.142857
39,1974-10-19,1982-06-19,4,8,4,0.095238
39,1974-10-19,1982-06-19,4,9,3,0.071429
39,1974-10-19,1982-06-19,5,1,7,0.166667
39,1974-10-19,1982-06-19,5,2,4,0.095238
39,1974-10-19,1982-06-19,5,3,3,0.071429
39,1974-10-19,1982-06-19,5,4,5,0.119048
39,1974-10-19,1982-06-19,5,5,4,0.095238
39,1974-10-19,1982-06-19,5,6,1,0.02381
39,1974-10-19,1982-06-19,5,7,6,0.142857
39,1974-10-19,1982-06-19,5,8,8,0.190476
39,1974-10-19,1982-06-19,5,9,4,0.095238
39,1974-10-19,1982-06-19,6,1,8,0.186047
39,1974-10-19,1982-06-19,6,2,5,0.116279
39,1974-10-19,1982-06-19,6,3,3,0.069767
39,1974-10-19,1982-06-19,6,4,5,0.116279
39,1974-10-19,1982-06-19,6,5,6,0.139535
39,1974-10-19,1982-06-19,6,6,5,0.116279
39,1974-10-19,1982-06-19,6,7,2,0.046512
39,1974-10-19,1982-06-19,6,8,5,0.116279
39,1974-10-19,1982-06-19,6,9,4,0.093023
39,1974-10-19,1982-06-19,7,1,3,0.083333
39,1974-10-19,1982-06-19,7,2,2,0.055556
39,1974-10-19,1982-06-19,7,3,5,0.138889
39,1974-10-19,1982-06-19,7,4,4,0.111111
39,1974-10-19,1982-06-19,7,5,5,0.138889
39,1974-10-19,1982-06-19,7,6,4,0.111111
39,1974-10-19,1982-06-19,7,7,7,0.194444
39,1974-10-19,1982-06-19,7,8,2,0.055556
39,1974-10-19,1982-06-19,7,9,4,0.111111
39,1974-10-19,1982-06-19,8,1,5,0.086207
39,1974-10-19,1982-06-19,8,2,5,0.086207
39,1974-10-19,1982-06-19,8,3,4,0.068966
39,1974-10-19,1982-06-19,8,4,6,0.103448
39,1974-10-19,1982-06-19,8,5,4,0.068966
39,1974-10-19,1982-06-19,8,6,10,0.172414
39,1974-10-19,1982-06-19,8,7,3,0.051724
39,1974-10-19,1982-06-19,8,8,13,0.224138
39,1974-10-19,1982-06-19,8,9,8,0.137931
39,1974-10-19,1982-06-19,9,1,7,0.166667
39,1974-10-19,1982-06-19,9,2,5,0.119048
39,1974-10-19,1982-06-19,9,3,3,0.071429
39,1974-10-19,1982-06-19,9,4,5,0.119048
39,1974-10-19,1982-06-19,9,5,5,0.119048
39,1974-10-19,1982-06-19,9,6,3,0.071429
39,1974-10-19,1982-06-19,9,7,4,0.095238
39,1974-10-19,1982-06-19,9,8,2,0.047619
39,1974-10-19,1982-06-19,9,9,8,0.190476
40,1976-09-18,1984-05-19,1,1,9,0.169811
40,1976-09-18,1984-05-19,1,2,8,0.150943
40,1976-09-18,1984-05-19,1,3,6,0.113208
40,1976-09-18,1984-05-19,1,4,4,0.075472
40,1976-09-18,1984-05-19,1,5,6,0.113208
40,1976-09-18,1984-05-19,1,6,4,0.075472
40,1976-09-18,1984-05-19,1,7,3,0.056604
40,1976-09-18,1984-05-19,1,8,8,0.150943
40,1976-09-18,1984-05-19,1,9,5,0.09434
40,1976-09-18,1984-05-19,2,1,5,0.09434
40,1976-09-18,1984-05-19,2,2,8,0.150943
40,1976-09-18,1984-05-19,2,3,8,0.150943
40,1976-09-18,1984-05-19,2,4,6,0.113208
40,1976-09-18,1984-05-19,2,5,3,0.056604
40,1976-09-18,1984-05-19,2,6,6,0.113208
40,1976-09-18,1984-05-19,2,7,6,0.113208
40,1976-09-18,1984-05-19,2,8,7,0.132075
40,1976-09-18,1984-05-19,2,9,4,0.075472
40,1976-09-18,1984-05-19,3,1,6,0.166667
40,1976-09-18,1984-05-19,3,2,2,0.055556
40,1976-09-18,1984-05-19,3,3,1,0.027778
40,1976-09-18,1984-05-19,3,4,2,0.055556
40,1976-09-18,1984-05-19,3,5,8,0.222222
40,1976-09-18,1984-05-19,3,6,7,0.194444
40,1976-09-18,1984-05-19,3,7,3,0.083333
40,1976-09-18,1984-05-19,3,8,5,0.138889
40,1976-09-18,1984-05-19,3,9,2,0.055556
40,1976-09-18,1984-05-19,4,1,5,0.128205
40,1976-09-18,1984-05-19,4,2,8,0.205128
40,1976-09-18,1984-05-19,4,3,3,0.076923
40,1976-09-18,1984-05-19,4,4,2,0.051282
40,1976-09-18,1984-05-19,4,5,1,0.025641
40,1976-09-18,1984-05-19,4,6,7,0.179487
40,1976-09-18,1984-05-19,4,7,6,0.153846
40,1976-09-18,1984-05-19,4,8,3,0.076923
40,1976-09-18,1984-05-19,4,9,4,0.102564
40,1976-09-18,1984-05-19,5,1,7,0.162791
40,1976-09-18,1984-05-19,5,2,3,0.069767
40,1976-09-18,1984-05-19,5,3,6,0.139535
40,1976-09-18,1984-05-19,5,4,4,0.093023
40,1976-09-18,1984-05-19,5,5,4,0.093023
40,1976-09-18,1984-05-19,5,6,3,0.069767
40,1976-09-18,1984-05-19,5,7,6,0.139535
40,1976-09-18,1984-05-19,5,8,7,0.162791
40,1976-09-18,1984-05-19,5,9,3,0.069767
40,1976-09-18,1984-05-19,6,1,6,0.125
40,1976-09-18,1984-05-19,6,2,7,0.145833
40,1976-09-18,1984-05-19,6,3,3,0.0625
40,1976-09-18,1984-05-19,6,4,5,0.104167
40,1976-09-18,1984-05-19,6,5,9,0.1875
40,1976-09-18,1984-05-19,6,6,4,0.083333
40,1976-09-18,1984-05-19,6,7,3,0.0625
40,1976-09-18,1984-05-19,6,8,6,0.125
40,1976-09-18,1984-05-19,6,9,5,0.104167
40,1976-09-18,1984-05-19,7,1,4,0.108108
40,1976-09-18,1984-05-19,7,2,4,0.108108
40,1976-09-18,1984-05-19,7,3,2,0.054054
40,1976-09-18,1984-05-19,7,4,7,0.189189
40,1976-09-18,1984-05-19,7,5,6,0.162162
40,1976-09-18,1984-05-19,7,6,4,0.108108
40,1976-09-18,1984-05-19,7,7,5,0.135135
40,1976-09-18,1984-05-19,7,8,3,0.081081
40,1976-09-18,1984-05-19,7,9,2,0.054054
40,1976-09-18,1984-05-19,8,1,4,0.075472
40,1976-09-18,1984-05-19,8,2,6,0.113208
40,1976-09-18,1984-05-19,8,3,5,0.09434
40,1976-09-18,1984-05-19,8,4,8,0.150943
40,1976-09-18,1984-05-19,8,5,4,0.075472
40,1976-09-18,1984-05-19,8,6,6,0.113208
40,1976-09-18,1984-05-19,8,7,2,0.037736
40,1976-09-18,1984-05-19,8,8,13,0.245283
40,1976-09-18,1984-05-19,8,9,5,0.09434
40,1976-09-18,1984-05-19,9,1,7,0.184211
40,1976-09-18,1984-05-19,9,2,7,0.184211
40,1976-09-18,1984-05-19,9,3,2,0.052632
40,1976-09-18,1984-05-19,9,4,1,0.026316
40,1976-09-18,1984-05-19,9,5,3,0.078947
40,1976-09-18,1984-05-19,9,6,6,0.157895
40,1976-09-18,1984-05-19,9,7,3,0.078947
40,1976-09-18,1984-05-19,9,8,1,0.026316
40,1976-09-18,1984-05-19,9,9,8,0.210526
41,1978-08-19,1986-04-19,1,1,11,0.2
41,1978-08-19,1986-04-19,1,2,9,0.163636
41,1978-08-19,1986-04-19,1,3,4,0.072727
41,1978-08-19,1986-04-19,1,4,3,0.054545
41,1978-08-19,1986-04-19,1,5,8,0.145455
41,1978-08-19,1986-04-19,1,6,3,0.054545
41,1978-08-19,1986-04-19,1,7,4,0.072727
41,1978-08-19,1986-04-19,1,8,8,0.145455
41,1978-08-19,1986-04-19,1,9,5,0.090909
41,1978-08-19,1986-04-19,2,1,4,0.076923
41,1978-08-19,1986-04-19,2,2,7,0.134615
41,1978-08-19,1986-04-19,2,3,7,0.134615
41,1978-08-19,1986-04-19,2,4,8,0.153846
41,1978-08-19,1986-04-19,2,5,3,0.057692
41,1978-08-19,1986-04-19,2,6,7,0.134615
41,1978-08-19,1986-04-19,2,7,7,0.134615
41,1978-08-19,1986-04-19,2,8,5,0.096154
41,1978-08-19,1986-04-19,2,9,4,0.076923
41,1978-08-19,1986-04-19,3,1,6,0.157895
41,1978-08-19,1986-04-19,3,2,4,0.105263
41,1978-08-19,1986-04-19,3,3,4,0.105263
41,1978-08-19,1986-04-19,3,4,2,0.052632
41,1978-08-19,1986-04-19,3,5,7,0.184211
41,1978-08-19,1986-04-19,3,6,6,0.157895
41,1978-08-19,1986-04-19,3,7,4,0.105263
41,1978-08-19,1986-04-19,3,8,4,0.105263
41,1978-08-19,1986-04-19,3,9,1,0.026316
41,1978-08-19,1986-04-19,4,1,5,0.121951
41,1978-08-19,1986-04-19,4,2,7,0.170732
41,1978-08-19,1986-04-19,4,3,1,0.02439
41,1978-08-19,1986-04-19,4,4,3,0.073171
41,1978-08-19,1986-04-19,4,5,3,0.073171
41,1978-08-19,1986-04-19,4,6,8,0.195122
41,1978-08-19,1986-04-19,4,7,6,0.146341
41,1978-08-19,1986-04-19,4,8,4,0.097561
41,1978-08-19,1986-04-19,4,9,4,0.097561
41,1978-08-19,1986-04-19,5,1,10,0.204082
41,1978-08-19,1986-04-19,5,2,7,0.142857
41,1978-08-19,1986-04-19,5,3,6,0.122449
41,1978-08-19,1986-04-19,5,4,4,0.081633
41,1978-08-19,1986-04-19,5,5,5,0.102041
41,1978-08-19,1986-04-19,5,6,3,0.061224
41,1978-08-19,1986-04-19,5,7,6,0.122449
41,1978-08-19,1986-04-19,5,8,5,0.102041
41,1978-08-19,1986-04-19,5,9,3,0.061224
41,1978-08-19,1986-04-19,6,1,4,0.090909
41,1978-08-19,1986-04-19,6,2,5,0.113636
41,1978-08-19,1986-04-19,6,3,4,0.090909
41,1978-08-19,1986-04-19,6,4,5,0.113636
41,1978-08-19,1986-04-19,6,5,10,0.227273
41,1978-08-19,1986-04-19,6,6,3,0.068182
41,1978-08-19,1986-04-19,6,7,4,0.090909
41,1978-08-19,1986-04-19,6,8,4,0.090909
41,1978-08-19,1986-04-19,6,9,5,0.113636
41,1978-08-19,1986-04-19,7,1,6,0.136364
41,1978-08-19,1986-04-19,7,2,4,0.090909
41,1978-08-19,1986-04-19,7,3,4,0.090909
41,1978-08-19,1986-04-19,7,4,7,0.159091
41,1978-08-19,1986-04-19,7,5,6,0.136364
41,1978-08-19,1986-04-19,7,6,4,0.090909
41,1978-08-19,1986-04-19,7,7,6,0.136364
41,1978-08-19,1986-04-19,7,8,4,0.090909
41,1978-08-19,1986-04-19,7,9,3,0.068182
41,1978-08-19,1986-04-19,8,1,1,0.022727
41,1978-08-19,1986-04-19,8,2,3,0.068182
41,1978-08-19,1986-04-19,8,3,6,0.136364
41,1978-08-19,1986-04-19,8,4,8,0.181818
41,1978-08-19,1986-04-19,8,5,4,0.090909
41,1978-08-19,1986-04-19,8,6,5,0.113636
41,1978-08-19,1986-04-19,8,7,3,0.068182
41,1978-08-19,1986-04-19,8,8,10,0.227273
41,1978-08-19,1986-04-19,8,9,4,0.090909
41,1978-08-19,1986-04-19,9,1,7,0.212121
41,1978-08-19,1986-04-19,9,2,6,0.181818
41,1978-08-19,1986-04-19,9,3,2,0.060606
41,1978-08-19,1986-04-19,9,4,1,0.030303
41,1978-08-19,1986-04-19,9,5,3,0.090909
41,1978-08-19,1986-04-19,9,6,5,0.151515
41,1978-08-19,1986-04-19,9,7,4,0.121212
41,1978-08-19,1986-04-19,9,8,1,0.030303
41,1978-08-19,1986-04-19,9,9,4,0.121212
42,1980-07-19,1988-03-19,1,1,10,0.185185
42,1980-07-19,1988-03-19,1,2,9,0.166667
42,1980-07-19,1988-03-19,1,3,5,0.092593
42,1980-07-19,1988-03-19,1,4,4,0.074074
42,1980-07-19,1988-03-19,1,5,7,0.12963
42,1980-07-19,1988-03-19,1,6,4,0.074074
42,1980-07-19,1988-03-19,1,7,4,0.074074
42,1980-07-19,1988-03-19,1,8,7,0.12963
42,1980-07-19,1988-03-19,1,9,4,0.074074
42,1980-07-19,1988-03-19,2,1,5,0.1
42,1980-07-19,1988-03-19,2,2,4,0.08
42,1980-07-19,1988-03-19,2,3,5,0.1
42,1980-07-19,1988-03-19,2,4,7,0.14
42,1980-07-19,1988-03-19,2,5,4,0.08
42,1980-07-19,1988-03-19,2,6,9,0.18
42,1980-07-19,1988-03-19,2,7,8,0.16
42,1980-07-19,1988-03-19,2,8,3,0.06
42,1980-07-19,1988-03-19,2,9,5,0.1
42,1980-07-19,1988-03-19,3,1,7,0.166667
42,1980-07-19,1988-03-19,3,2,5,0.119048
42,1980-07-19,1988-03-19,3,3,4,0.095238
42,1980-07-19,1988-03-19,3,4,3,0.071429
42,1980-07-19,1988-03-19,3,5,7,0.166667
42,1980-07-19,1988-03-19,3,6,5,0.119048
42,1980-07-19,1988-03-19,3,7,3,0.071429
42,1980-07-19,1988-03-19,3,8,5,0.119048
42,1980-07-19,1988-03-19,3,9,3,0.071429
42,1980-07-19,1988-03-19,4,1,5,0.119048
42,1980-07-19,1988-03-19,4,2,6,0.142857
42,1980-07-19,1988-03-19,4,3,1,0.02381
42,1980-07-19,1988-03-19,4,4,6,0.142857
42,1980-07-19,1988-03-19,4,5,4,0.095238
42,1980-07-19,1988-03-19,4,6,6,0.142857
42,1980-07-19,1988-03-19,4,7,4,0.095238
42,1980-07-19,1988-03-19,4,8,4,0.095238
42,1980-07-19,1988-03-19,4,9,6,0.142857
42,1980-07-19,1988-03-19,5,1,10,0.227273
42,1980-07-19,1988-03-19,5,2,4,0.090909
42,1980-07-19,1988-03-19,5,3,9,0.204545
42,1980-07-19,1988-03-19,5,4,4,0.090909
42,1980-07-19,1988-03-19,5,5,5,0.113636
42,1980-07-19,1988-03-19,5,6,3,0.068182
42,1980-07-19,1988-03-19,5,7,5,0.113636
42,1980-07-19,1988-03-19,5,8,2,0.045455
42,1980-07-19,1988-03-19,5,9,2,0.045455
42,1980-07-19,1988-03-19,6,1,5,0.102041
42,1980-07-19,1988-03-19,6,2,5,0.102041
42,1980-07-19,1988-03-19,6,3,5,0.102041
42,1980-07-19,1988-03-19,6,4,5,0.102041
42,1980-07-19,1988-03-19,6,5,9,0.183673
42,1980-07-19,1988-03-19,6,6,4,0.081633
42,1980-07-19,1988-03-19,6,7,5,0.102041
42,1980-07-19,1988-03-19,6,8,6,0.122449
42,1980-07-19,1988-03-19,6,9,5,0.102041
42,1980-07-19,1988-03-19,7,1,6,0.15
42,1980-07-19,1988-03-19,7,2,3,0.075
42,1980-07-19,1988-03-19,7,3,6,0.15
42,1980-07-19,1988-03-19,7,4,3,0.075
42,1980-07-19,1988-03-19,7,5,4,0.1
42,1980-07-19,1988-03-19,7,6,5,0.125
42,1980-07-19,1988-03-19,7,7,3,0.075
42,1980-07-19,1988-03-19,7,8,4,0.1
42,1980-07-19,1988-03-19,7,9,6,0.15
42,1980-07-19,1988-03-19,8,1,0,0.0
42,1980-07-19,1988-03-19,8,2,6,0.15
42,1980-07-19,1988-03-19,8,3,4,0.1
42,1980-07-19,1988-03-19,8,4,8,0.2
42,1980-07-19,1988-03-19,8,5,3,0.075
42,1980-07-19,1988-03-19,8,6,6,0.15
42,1980-07-19,1988-03-19,8,7,4,0.1
42,1980-07-19,1988-03-19,8,8,7,0.175
42,1980-07-19,1988-03-19,8,9,2,0.05
42,1980-07-19,1988-03-19,9,1,6,0.153846
42,1980-07-19,1988-03-19,9,2,8,0.205128
42,1980-07-19,1988-03-19,9,3,3,0.076923
42,1980-07-19,1988-03-19,9,4,3,0.076923
42,1980-07-19,1988-03-19,9,5,1,0.025641
42,1980-07-19,1988-03-19,9,6,7,0.179487
42,1980-07-19,1988-03-19,9,7,4,0.102564
42,1980-07-19,1988-03-19,9,8,1,0.025641
42,1980-07-19,1988-03-19,9,9,6,0.153846
43,1982-06-19,1990-02-17,1,1,8,0.186047
43,1982-06-19,1990-02-17,1,2,8,0.186047
43,1982-06-19,1990-02-17,1,3,2,0.046512
43,1982-06-19,1990-02-17,1,4,3,0.069767
43,1982-06-19,1990-02-17,1,5,7,0.162791
43,1982-06-19,1990-02-17,1,6,4,0.093023
43,1982-06-19,1990-02-17,1,7,3,0.069767
43,1982-06-19,1990-02-17,1,8,6,0.139535
43,1982-06-19,1990-02-17,1,9,2,0.046512
43,1982-06-19,1990-02-17,2,1,3,0.061224
43,1982-06-19,1990-02-17,2,2,4,0.081633
43,1982-06-19,1990-02-17,2,3,6,0.122449
43,1982-06-19,1990-02-17,2,4,6,0.122449
43,1982-06-19,1990-02-17,2,5,4,0.081633
43,1982-06-19,1990-02-17,2,6,9,0.183673
43,1982-06-19,1990-02-17,2,7,7,0.142857
43,1982-06-19,1990-02-17,2,8,2,0.040816
43,1982-06-19,1990-02-17,2,9,8,0.163265
43,1982-06-19,1990-02-17,3,1,4,0.090909
43,1982-06-19,1990-02-17,3,2,5,0.113636
43,1982-06-19,1990-02-17,3,3,4,0.090909
43,1982-06-19,1990-02-17,3,4,4,0.090909
43,1982-06-19,1990-02-17,3,5,5,0.113636
43,1982-06-19,1990-02-17,3,6,4,0.090909
43,1982-06-19,1990-02-17,3,7,5,0.113636
43,1982-06-19,1990-02-17,3,8,9,0.204545
43,1982-06-19,1990-02-17,3,9,4,0.090909
43,1982-06-19,1990-02-17,4,1,4,0.097561
43,1982-06-19,1990-02-17,4,2,5,0.121951
43,1982-06-19,1990-02-17,4,3,4,0.097561
43,1982-06-19,1990-02-17,4,4,6,0.146341
43,1982-06-19,1990-02-17,4,5,4,0.097561
43,1982-06-19,1990-02-17,4,6,4,0.097561
43,1982-06-19,1990-02-17,4,7,4,0.097561
43,1982-06-19,1990-02-17,4,8,5,0.121951
43,1982-06-19,1990-02-17,4,9,5,0.121951
43,1982-06-19,1990-02-17,5,1,8,0.177778
43,1982-06-19,1990-02-17,5,2,5,0.111111
43,1982-06-19,1990-02-17,5,3,8,0.177778
43,1982-06-19,1990-02-17,5,4,5,0.111111
43,1982-06-19,1990-02-17,5,5,6,0.133333
43,1982-06-19,1990-02-17,5,6,2,0.044444
43,1982-06-19,1990-02-17,5,7,6,0.133333
43,1982-06-19,1990-02-17,5,8,3,0.066667
43,1982-06-19,1990-02-17,5,9,2,0.044444
43,1982-06-19,1990-02-17,6,1,5,0.104167
43,1982-06-19,1990-02-17,6,2,3,0.0625
43,1982-06-19,1990-02-17,6,3,7,0.145833
43,1982-06-19,1990-02-17,6,4,5,0.104167
43,1982-06-19,1990-02-17,6,5,8,0.166667
43,1982-06-19,1990-02-17,6,6,4,0.083333
43,1982-06-19,1990-02-17,6,7,5,0.104167
43,1982-06-19,1990-02-17,6,8,6,0.125
43,1982-06-19,1990-02-17,6,9,5,0.104167
43,1982-06-19,1990-02-17,7,1,6,0.136364
43,1982-06-19,1990-02-17,7,2,5,0.113636
43,1982-06-19,1990-02-17,7,3,5,0.113636
43,1982-06-19,1990-02-17,7,4,3,0.068182
43,1982-06-19,1990-02-17,7,5,3,0.068182
43,1982-06-19,1990-02-17,7,6,6,0.136364
43,1982-06-19,1990-02-17,7,7,4,0.090909
43,1982-06-19,1990-02-17,7,8,5,0.113636
43,1982-06-19,1990-02-17,7,9,7,0.159091
43,1982-06-19,1990-02-17,8,1,1,0.02381
43,1982-06-19,1990-02-17,8,2,6,0.142857
43,1982-06-19,1990-02-17,8,3,4,0.095238
43,1982-06-19,1990-02-17,8,4,6,0.142857
43,1982-06-19,1990-02-17,8,5,4,0.095238
43,1982-06-19,1990-02-17,8,6,7,0.166667
43,1982-06-19,1990-02-17,8,7,6,0.142857
43,1982-06-19,1990-02-17,8,8,4,0.095238
43,1982-06-19,1990-02-17,8,9,4,0.095238
43,1982-06-19,1990-02-17,9,1,4,0.090909
43,1982-06-19,1990-02-17,9,2,9,0.204545
43,1982-06-19,1990-02-17,9,3,4,0.090909
43,1982-06-19,1990-02-17,9,4,3,0.068182
43,1982-06-19,1990-02-17,9,5,4,0.090909
43,1982-06-19,1990-02-17,9,6,7,0.159091
43,1982-06-19,1990-02-17,9,7,4,0.090909
43,1982-06-19,1990-02-17,9,8,2,0.045455
43,1982-06-19,1990-02-17,9,9,7,0.159091
44,1984-05-19,1992-01-18,1,1,8,0.173913
44,1984-05-19,1992-01-18,1,2,5,0.108696
44,1984-05-19,1992-01-18,1,3,3,0.065217
44,1984-05-19,1992-01-18,1,4,5,0.108696
44,1984-05-19,1992-01-18,1,5,7,0.152174
44,1984-05-19,1992-01-18,1,6,5,0.108696
44,1984-05-19,1992-01-18,1,7,4,0.086957
44,1984-05-19,1992-01-18,1,8,6,0.130435
44,1984-05-19,1992-01-18,1,9,3,0.065217
44,1984-05-19,1992-01-18,2,1,2,0.046512
44,1984-05-19,1992-01-18,2,2,4,0.093023
44,1984-05-19,1992-01-18,2,3,3,0.069767
44,1984-05-19,1992-01-18,2,4,7,0.162791
44,1984-05-19,1992-01-18,2,5,5,0.116279
44,1984-05-19,1992-01-18,2,6,8,0.186047
44,1984-05-19,1992-01-18,2,7,4,0.093023
44,1984-05-19,1992-01-18,2,8,1,0.023256
44,1984-05-19,1992-01-18,2,9,9,0.209302
44,1984-05-19,1992-01-18,3,1,4,0.085106
44,1984-05-19,1992-01-18,3,2,4,0.085106
44,1984-05-19,1992-01-18,3,3,5,0.106383
44,1984-05-19,1992-01-18,3,4,6,0.12766
44,1984-05-19,1992-01-18,3,5,5,0.106383
44,1984-05-19,1992-01-18,3,6,4,0.085106
44,1984-05-19,1992-01-18,3,7,3,0.06383
44,1984-05-19,1992-01-18,3,8,11,0.234043
44,1984-05-19,1992-01-18,3,9,5,0.106383
44,1984-05-19,1992-01-18,4,1,7,0.137255
44,1984-05-19,1992-01-18,4,2,5,0.098039
44,1984-05-19,1992-01-18,4,3,5,0.098039
44,1984-05-19,1992-01-18,4,4,9,0.176471
44,1984-05-19,1992-01-18,4,5,4,0.078431
44,1984-05-19,1992-01-18,4,6,3,0.058824
44,1984-05-19,1992-01-18,4,7,7,0.137255
44,1984-05-19,1992-01-18,4,8,6,0.117647
44,1984-05-19,1992-01-18,4,9,5,0.098039
44,1984-05-19,1992-01-18,5,1,6,0.139535
44,1984-05-19,1992-01-18,5,2,7,0.162791
44,1984-05-19,1992-01-18,5,3,7,0.162791
44,1984-05-19,1992-01-18,5,4,4,0.093023
44,1984-05-19,1992-01-18,5,5,7,0.162791
44,1984-05-19,1992-01-18,5,6,1,0.023256
44,1984-05-19,1992-01-18,5,7,6,0.139535
44,1984-05-19,1992-01-18,5,8,2,0.046512
44,1984-05-19,1992-01-18,5,9,3,0.069767
44,1984-05-19,1992-01-18,6,1,6,0.142857
44,1984-05-19,1992-01-18,6,2,0,0.0
44,1984-05-19,1992-01-18,6,3,8,0.190476
44,1984-05-19,1992-01-18,6,4,5,0.119048
44,1984-05-19,1992-01-18,6,5,4,0.095238
44,1984-05-19,1992-01-18,6,6,6,0.142857
44,1984-05-19,1992-01-18,6,7,4,0.095238
44,1984-05-19,1992-01-18,6,8,4,0.095238
44,1984-05-19,1992-01-18,6,9,5,0.119048
44,1984-05-19,1992-01-18,7,1,5,0.119048
44,1984-05-19,1992-01-18,7,2,5,0.119048
44,1984-05-19,1992-01-18,7,3,7,0.166667
44,1984-05-19,1992-01-18,7,4,4,0.095238
44,1984-05-19,1992-01-18,7,5,2,0.047619
44,1984-05-19,1992-01-18,7,6,5,0.119048
44,1984-05-19,1992-01-18,7,7,3,0.071429
44,1984-05-19,1992-01-18,7,8,4,0.095238
44,1984-05-19,1992-01-18,7,9,7,0.166667
44,1984-05-19,1992-01-18,8,1,3,0.073171
44,1984-05-19,1992-01-18,8,2,6,0.146341
44,1984-05-19,1992-01-18,8,3,3,0.073171
44,1984-05-19,1992-01-18,8,4,7,0.170732
44,1984-05-19,1992-01-18,8,5,3,0.073171
44,1984-05-19,1992-01-18,8,6,6,0.146341
44,1984-05-19,1992-01-18,8,7,8,0.195122
44,1984-05-19,1992-01-18,8,8,2,0.04878
44,1984-05-19,1992-01-18,8,9,3,0.073171
44,1984-05-19,1992-01-18,9,1,5,0.111111
44,1984-05-19,1992-01-18,9,2,7,0.155556
44,1984-05-19,1992-01-18,9,3,6,0.133333
44,1984-05-19,1992-01-18,9,4,4,0.088889
44,1984-05-19,1992-01-18,9,5,5,0.111111
44,1984-05-19,1992-01-18,9,6,4,0.088889
44,1984-05-19,1992-01-18,9,7,4,0.088889
44,1984-05-19,1992-01-18,9,8,5,0.111111
44,1984-05-19,1992-01-18,9,9,5,0.111111
45,1986-04-19,1993-12-18,1,1,5,0.102041
45,1986-04-19,1993-12-18,1,2,2,0.040816
45,1986-04-19,1993-12-18,1,3,5,0.102041
45,1986-04-19,1993-12-18,1,4,7,0.142857
45,1986-04-19,1993-12-18,1,5,8,0.163265
45,1986-04-19,1993-12-18,1,6,7,0.142857
45,1986-04-19,1993-12-18,1,7,4,0.081633
45,1986-04-19,1993-12-18,1,8,7,0.142857
45,1986-04-19,1993-12-18,1,9,4,0.081633
45,1986-04-19,1993-12-18,2,1,1,0.02439
45,1986-04-19,1993-12-18,2,2,7,0.170732
45,1986-04-19,1993-12-18,2,3,3,0.073171
45,1986-04-19,1993-12-18,2,4,4,0.097561
45,1986-04-19,1993-12-18,2,5,5,0.121951
45,1986-04-19,1993-12-18,2,6,6,0.146341
45,1986-04-19,1993-12-18,2,7,3,0.073171
45,1986-04-19,1993-12-18,2,8,2,0.04878
45,1986-04-19,1993-12-18,2,9,10,0.243902
45,1986-04-19,1993-12-18,3,1,6,0.130435
45,1986-04-19,1993-12-18,3,2,3,0.065217
45,1986-04-19,1993-12-18,3,3,2,0.043478
45,1986-04-19,1993-12-18,3,4,7,0.152174
45,1986-04-19,1993-12-18,3,5,6,0.130435
45,1986-04-19,1993-12-18,3,6,4,0.086957
45,1986-04-19,1993-12-18,3,7,5,0.108696
45,1986-04-19,1993-12-18,3,8,8,0.173913
45,1986-04-19,1993-12-18,3,9,5,0.108696
45,1986-04-19,1993-12-18,4,1,9,0.166667
45,1986-04-19,1993-12-18,4,2,5,0.092593
45,1986-04-19,1993-12-18,4,3,7,0.12963
45,1986-04-19,1993-12-18,4,4,8,0.148148
45,1986-04-19,1993-12-18,4,5,4,0.074074
45,1986-04-19,1993-12-18,4,6,3,0.055556
45,1986-04-19,1993-12-18,4,7,9,0.166667
45,1986-04-19,1993-12-18,4,8,5,0.092593
45,1986-04-19,1993-12-18,4,9,4,0.074074
45,1986-04-19,1993-12-18,5,1,4,0.1
45,1986-04-19,1993-12-18,5,2,6,0.15
45,1986-04-19,1993-12-18,5,3,7,0.175
45,1986-04-19,1993-12-18,5,4,4,0.1
45,1986-04-19,1993-12-18,5,5,6,0.15
45,1986-04-19,1993-12-18,5,6,1,0.025
45,1986-04-19,1993-12-18,5,7,8,0.2
45,1986-04-19,1993-12-18,5,8,1,0.025
45,1986-04-19,1993-12-18,5,9,3,0.075
45,1986-04-19,1993-12-18,6,1,7,0.170732
45,1986-04-19,1993-12-18,6,2,1,0.02439
45,1986-04-19,1993-12-18,6,3,8,0.195122
45,1986-04-19,1993-12-18,6,4,6,0.146341
45,1986-04-19,1993-12-18,6,5,3,0.073171
45,1986-04-19,1993-12-18,6,6,7,0.170732
45,1986-04-19,1993-12-18,6,7,2,0.04878
45,1986-04-19,1993-12-18,6,8,3,0.073171
45,1986-04-19,1993-12-18,6,9,4,0.097561
45,1986-04-19,1993-12-18,7,1,5,0.116279
45,1986-04-19,1993-12-18,7,2,6,0.139535
45,1986-04-19,1993-12-18,7,3,6,0.139535
45,1986-04-19,1993-12-18,7,4,7,0.162791
45,1986-04-19,1993-12-18,7,5,2,0.046512
45,1986-04-19,1993-12-18,7,6,6,0.139535
45,1986-04-19,1993-12-18,7,7,2,0.046512
45,1986-04-19,1993-12-18,7,8,3,0.069767
45,1986-04-19,1993-12-18,7,9,6,0.139535
45,1986-04-19,1993-12-18,8,1,7,0.179487
45,1986-04-19,1993-12-18,8,2,5,0.128205
45,1986-04-19,1993-12-18,8,3,2,0.051282
45,1986-04-19,1993-12-18,8,4,7,0.179487
45,1986-04-19,1993-12-18,8,5,2,0.051282
45,1986-04-19,1993-12-18,8,6,3,0.076923
45,1986-04-19,1993-12-18,8,7,6,0.153846
45,1986-04-19,1993-12-18,8,8,3,0.076923
45,1986-04-19,1993-12-18,8,9,4,0.102564
45,1986-04-19,1993-12-18,9,1,5,0.106383
45,1986-04-19,1993-12-18,9,2,6,0.12766
45,1986-04-19,1993-12-18,9,3,6,0.12766
45,1986-04-19,1993-12-18,9,4,5,0.106383
45,1986-04-19,1993-12-18,9,5,4,0.085106
45,1986-04-19,1993-12-18,9,6,4,0.085106
45,1986-04-19,1993-12-18,9,7,4,0.085106
45,1986-04-19,1993-12-18,9,8,6,0.12766
45,1986-04-19,1993-12-18,9,9,7,0.148936
46,1988-03-19,1995-11-18,1,1,4,0.086957
46,1988-03-19,1995-11-18,1,2,1,0.021739
46,1988-03-19,1995-11-18,1,3,4,0.086957
46,1988-03-19,1995-11-18,1,4,5,0.108696
46,1988-03-19,1995-11-18,1,5,6,0.130435
46,1988-03-19,1995-11-18,1,6,9,0.195652
46,1988-03-19,1995-11-18,1,7,6,0.130435
46,1988-03-19,1995-11-18,1,8,7,0.152174
46,1988-03-19,1995-11-18,1,9,4,0.086957
46,1988-03-19,1995-11-18,2,1,2,0.045455
46,1988-03-19,1995-11-18,2,2,10,0.227273
46,1988-03-19,1995-11-18,2,3,4,0.090909
46,1988-03-19,1995-11-18,2,4,5,0.113636
46,1988-03-19,1995-11-18,2,5,5,0.113636
46,1988-03-19,1995-11-18,2,6,3,0.068182
46,1988-03-19,1995-11-18,2,7,4,0.090909
46,1988-03-19,1995-11-18,2,8,3,0.068182
46,1988-03-19,1995-11-18,2,9,8,0.181818
46,1988-03-19,1995-11-18,3,1,4,0.085106
46,1988-03-19,1995-11-18,3,2,3,0.06383
46,1988-03-19,1995-11-18,3,3,3,0.06383
46,1988-03-19,1995-11-18,3,4,5,0.106383
46,1988-03-19,1995-11-18,3,5,6,0.12766
46,1988-03-19,1995-11-18,3,6,6,0.12766
46,1988-03-19,1995-11-18,3,7,6,0.12766
46,1988-03-19,1995-11-18,3,8,8,0.170213
46,1988-03-19,1995-11-18,3,9,6,0.12766
46,1988-03-19,1995-11-18,4,1,10,0.204082
46,1988-03-19,1995-11-18,4,2,5,0.102041
46,1988-03-19,1995-11-18,4,3,7,0.142857
46,1988-03-19,1995-11-18,4,4,6,0.122449
46,1988-03-19,1995-11-18,4,5,4,0.081633
46,1988-03-19,1995-11-18,4,6,2,0.040816
46,1988-03-19,1995-11-18,4,7,8,0.163265
46,1988-03-19,1995-11-18,4,8,5,0.102041
46,1988-03-19,1995-11-18,4,9,2,0.040816
46,1988-03-19,1995-11-18,5,1,5,0.113636
46,1988-03-19,1995-11-18,5,2,7,0.159091
46,1988-03-19,1995-11-18,5,3,6,0.136364
46,1988-03-19,1995-11-18,5,4,7,0.159091
46,1988-03-19,1995-11-18,5,5,4,0.090909
46,1988-03-19,1995-11-18,5,6,1,0.022727
46,1988-03-19,1995-11-18,5,7,8,0.181818
46,1988-03-19,1995-11-18,5,8,3,0.068182
46,1988-03-19,1995-11-18,5,9,3,0.068182
46,1988-03-19,1995-11-18,6,1,5,0.128205
46,1988-03-19,1995-11-18,6,2,2,0.051282
46,1988-03-19,1995-11-18,6,3,9,0.230769
46,1988-03-19,1995-11-18,6,4,3,0.076923
46,1988-03-19,1995-11-18,6,5,4,0.102564
46,1988-03-19,1995-11-18,6,6,7,0.179487
46,1988-03-19,1995-11-18,6,7,2,0.051282
46,1988-03-19,1995-11-18,6,8,3,0.076923
46,1988-03-19,1995-11-18,6,9,4,0.102564
46,1988-03-19,1995-11-18,7,1,5,0.108696
46,1988-03-19,1995-11-18,7,2,6,0.130435
46,1988-03-19,1995-11-18,7,3,7,0.152174
46,1988-03-19,1995-11-18,7,4,8,0.173913
46,1988-03-19,1995-11-18,7,5,4,0.086957
46,1988-03-19,1995-11-18,7,6,4,0.086957
46,1988-03-19,1995-11-18,7,7,4,0.086957
46,1988-03-19,1995-11-18,7,8,2,0.043478
46,1988-03-19,1995-11-18,7,9,6,0.130435
46,1988-03-19,1995-11-18,8,1,7,0.162791
46,1988-03-19,1995-11-18,8,2,3,0.069767
46,1988-03-19,1995-11-18,8,3,2,0.046512
46,1988-03-19,1995-11-18,8,4,7,0.162791
46,1988-03-19,1995-11-18,8,5,4,0.093023
46,1988-03-19,1995-11-18,8,6,4,0.093023
46,1988-03-19,1995-11-18,8,7,5,0.116279
46,1988-03-19,1995-11-18,8,8,7,0.162791
46,1988-03-19,1995-11-18,8,9,4,0.093023
46,1988-03-19,1995-11-18,9,1,4,0.095238
46,1988-03-19,1995-11-18,9,2,7,0.166667
46,1988-03-19,1995-11-18,9,3,6,0.142857
46,1988-03-19,1995-11-18,9,4,2,0.047619
46,1988-03-19,1995-11-18,9,5,7,0.166667
46,1988-03-19,1995-11-18,9,6,3,0.071429
46,1988-03-19,1995-11-18,9,7,3,0.071429
46,1988-03-19,1995-11-18,9,8,5,0.119048
46,1988-03-19,1995-11-18,9,9,5,0.119048
47,1990-02-17,1997-06-28,1,1,4,0.081633
47,1990-02-17,1997-06-28,1,2,3,0.061224
47,1990-02-17,1997-06-28,1,3,3,0.061224
47,1990-02-17,1997-06-28,1,4,5,0.102041
47,1990-02-17,1997-06-28,1,5,6,0.122449
47,1990-02-17,1997-06-28,1,6,8,0.163265
47,1990-02-17,1997-06-28,1,7,6,0.122449
47,1990-02-17,1997-06-28,1,8,8,0.163265
47,1990-02-17,1997-06-28,1,9,6,0.122449
47,1990-02-17,1997-06-28,2,1,5,0.1
47,1990-02-17,1997-06-28,2,2,12,0.24
47,1990-02-17,1997-06-28,2,3,4,0.08
47,1990-02-17,1997-06-28,2,4,5,0.1
47,1990-02-17,1997-06-28,2,5,5,0.1
47,1990-02-17,1997-06-28,2,6,2,0.04
47,1990-02-17,1997-06-28,2,7,7,0.14
47,1990-02-17,1997-06-28,2,8,5,0.1
47,1990-02-17,1997-06-28,2,9,5,0.1
47,1990-02-17,1997-06-28,3,1,5,0.113636
47,1990-02-17,1997-06-28,3,2,5,0.113636
47,1990-02-17,1997-06-28,3,3,4,0.090909
47,1990-02-17,1997-06-28,3,4,5,0.113636
47,1990-02-17,1997-06-28,3,5,3,0.068182
47,1990-02-17,1997-06-28,3,6,5,0.113636
47,1990-02-17,1997-06-28,3,7,6,0.136364
47,1990-02-17,1997-06-28,3,8,5,0.113636
47,1990-02-17,1997-06-28,3,9,6,0.136364
47,1990-02-17,1997-06-28,4,1,11,0.22
47,1990-02-17,1997-06-28,4,2,5,0.1
47,1990-02-17,1997-06-28,4,3,4,0.08
47,1990-02-17,1997-06-28,4,4,7,0.14
47,1990-02-17,1997-06-28,4,5,4,0.08
47,1990-02-17,1997-06-28,4,6,4,0.08
47,1990-02-17,1997-06-28,4,7,7,0.14
47,1990-02-17,1997-06-28,4,8,4,0.08
47,1990-02-17,1997-06-28,4,9,4,0.08
47,1990-02-17,1997-06-28,5,1,5,0.116279
47,1990-02-17,1997-06-28,5,2,7,0.162791
47,1990-02-17,1997-06-28,5,3,6,0.139535
47,1990-02-17,1997-06-28,5,4,7,0.162791
47,1990-02-17,1997-06-28,5,5,3,0.069767
47,1990-02-17,1997-06-28,5,6,3,0.069767
47,1990-02-17,1997-06-28,5,7,6,0.139535
47,1990-02-17,1997-06-28,5,8,3,0.069767
47,1990-02-17,1997-06-28,5,9,3,0.069767
47,1990-02-17,1997-06-28,6,1,6,0.153846
47,1990-02-17,1997-06-28,6,2,3,0.076923
47,1990-02-17,1997-06-28,6,3,8,0.205128
47,1990-02-17,1997-06-28,6,4,2,0.051282
47,1990-02-17,1997-06-28,6,5,4,0.102564
47,1990-02-17,1997-06-28,6,6,7,0.179487
47,1990-02-17,1997-06-28,6,7,3,0.076923
47,1990-02-17,1997-06-28,6,8,3,0.076923
47,1990-02-17,1997-06-28,6,9,3,0.076923
47,1990-02-17,1997-06-28,7,1,3,0.068182
47,1990-02-17,1997-06-28,7,2,5,0.113636
47,1990-02-17,1997-06-28,7,3,9,0.204545
47,1990-02-17,1997-06-28,7,4,9,0.204545
47,1990-02-17,1997-06-28,7,5,5,0.113636
47,1990-02-17,1997-06-28,7,6,2,0.045455
47,1990-02-17,1997-06-28,7,7,3,0.068182
47,1990-02-17,1997-06-28,7,8,2,0.045455
47,1990-02-17,1997-06-28,7,9,6,0.136364
47,1990-02-17,1997-06-28,8,1,6,0.15
47,1990-02-17,1997-06-28,8,2,4,0.1
47,1990-02-17,1997-06-28,8,3,1,0.025
47,1990-02-17,1997-06-28,8,4,7,0.175
47,1990-02-17,1997-06-28,8,5,6,0.15
47,1990-02-17,1997-06-28,8,6,4,0.1
47,1990-02-17,1997-06-28,8,7,4,0.1
47,1990-02-17,1997-06-28,8,8,5,0.125
47,1990-02-17,1997-06-28,8,9,3,0.075
47,1990-02-17,1997-06-28,9,1,4,0.097561
47,1990-02-17,1997-06-28,9,2,5,0.121951
47,1990-02-17,1997-06-28,9,3,5,0.121951
47,1990-02-17,1997-06-28,9,4,3,0.073171
47,1990-02-17,1997-06-28,9,5,7,0.170732
47,1990-02-17,1997-06-28,9,6,4,0.097561
47,1990-02-17,1997-06-28,9,7,3,0.073171
47,1990-02-17,1997-06-28,9,8,5,0.121951
47,1990-02-17,1997-06-28,9,9,5,0.121951
48,1992-01-18,1998-06-13,1,1,3,0.0625
48,1992-01-18,1998-06-13,1,2,7,0.145833
48,1992-01-18,1998-06-13,1,3,2,0.041667
48,1992-01-18,1998-06-13,1,4,6,0.125
48,1992-01-18,1998-06-13,1,5,6,0.125
48,1992-01-18,1998-06-13,1,6,7,0.145833
48,1992-01-18,1998-06-13,1,7,6,0.125
48,1992-01-18,1998-06-13,1,8,7,0.145833
48,1992-01-18,1998-06-13,1,9,4,0.083333
48,1992-01-18,1998-06-13,2,1,6,0.115385
48,1992-01-18,1998-06-13,2,2,13,0.25
48,1992-01-18,1998-06-13,2,3,8,0.153846
48,1992-01-18,1998-06-13,2,4,3,0.057692
48,1992-01-18,1998-06-13,2,5,4,0.076923
48,1992-01-18,1998-06-13,2,6,1,0.019231
48,1992-01-18,1998-06-13,2,7,6,0.115385
48,1992-01-18,1998-06-13,2,8,7,0.134615
48,1992-01-18,1998-06-13,2,9,4,0.076923
48,1992-01-18,1998-06-13,3,1,5,0.111111
48,1992-01-18,1998-06-13,3,2,5,0.111111
48,1992-01-18,1998-06-13,3,3,5,0.111111
48,1992-01-18,1998-06-13,3,4,3,0.066667
48,1992-01-18,1998-06-13,3,5,2,0.044444
48,1992-01-18,1998-06-13,3,6,8,0.177778
48,1992-01-18,1998-06-13,3,7,6,0.133333
48,1992-01-18,1998-06-13,3,8,5,0.111111
48,1992-01-18,1998-06-13,3,9,6,0.133333
48,1992-01-18,1998-06-13,4,1,8,0.2
48,1992-01-18,1998-06-13,4,2,3,0.075
48,1992-01-18,1998-06-13,4,3,3,0.075
48,1992-01-18,1998-06-13,4,4,5,0.125
48,1992-01-18,1998-06-13,4,5,6,0.15
48,1992-01-18,1998-06-13,4,6,3,0.075
48,1992-01-18,1998-06-13,4,7,6,0.15
48,1992-01-18,1998-06-13,4,8,2,0.05
48,1992-01-18,1998-06-13,4,9,4,0.1
48,1992-01-18,1998-06-13,5,1,6,0.136364
48,1992-01-18,1998-06-13,5,2,5,0.113636
48,1992-01-18,1998-06-13,5,3,5,0.113636
48,1992-01-18,1998-06-13,5,4,8,0.181818
48,1992-01-18,1998-06-13,5,5,2,0.045455
48,1992-01-18,1998-06-13,5,6,3,0.068182
48,1992-01-18,1998-06-13,5,7,6,0.136364
48,1992-01-18,1998-06-13,5,8,4,0.090909
48,1992-01-18,1998-06-13,5,9,5,0.113636
48,1992-01-18,1998-06-13,6,1,8,0.2
48,1992-01-18,1998-06-13,6,2,4,0.1
48,1992-01-18,1998-06-13,6,3,8,0.2
48,1992-01-18,1998-06-13,6,4,1,0.025
48,1992-01-18,1998-06-13,6,5,4,0.1
48,1992-01-18,1998-06-13,6,6,6,0.15
48,1992-01-18,1998-06-13,6,7,2,0.05
48,1992-01-18,1998-06-13,6,8,3,0.075
48,1992-01-18,1998-06-13,6,9,4,0.1
48,1992-01-18,1998-06-13,7,1,4,0.086957
48,1992-01-18,1998-06-13,7,2,4,0.086957
48,1992-01-18,1998-06-13,7,3,8,0.173913
48,1992-01-18,1998-06-13,7,4,5,0.108696
48,1992-01-18,1998-06-13,7,5,7,0.152174
48,1992-01-18,1998-06-13,7,6,2,0.043478
48,1992-01-18,1998-06-13,7,7,5,0.108696
48,1992-01-18,1998-06-13,7,8,3,0.065217
48,1992-01-18,1998-06-13,7,9,8,0.173913
48,1992-01-18,1998-06-13,8,1,5,0.125
48,1992-01-18,1998-06-13,8,2,5,0.125
48,1992-01-18,1998-06-13,8,3,0,0.0
48,1992-01-18,1998-06-13,8,4,4,0.1
48,1992-01-18,1998-06-13,8,5,6,0.15
48,1992-01-18,1998-06-13,8,6,6,0.15
48,1992-01-18,1998-06-13,8,7,4,0.1
48,1992-01-18,1998-06-13,8,8,7,0.175
48,1992-01-18,1998-06-13,8,9,3,0.075
48,1992-01-18,1998-06-13,9,1,3,0.066667
48,1992-01-18,1998-06-13,9,2,6,0.133333
48,1992-01-18,1998-06-13,9,3,6,0.133333
48,1992-01-18,1998-06-13,9,4,5,0.111111
48,1992-01-18,1998-06-13,9,5,7,0.155556
48,1992-01-18,1998-06-13,9,6,4,0.088889
48,1992-01-18,1998-06-13,9,7,4,0.088889
48,1992-01-18,1998-06-13,9,8,3,0.066667
48,1992-01-18,1998-06-13,9,9,7,0.155556
49,1993-12-18,1999-05-29,1,1,2,0.05
49,1993-12-18,1999-05-29,1,2,8,0.2
49,1993-12-18,1999-05-29,1,3,0,0.0
49,1993-12-18,1999-05-29,1,4,4,0.1
49,1993-12-18,1999-05-29,1,5,4,0.1
49,1993-12-18,1999-05-29,1,6,6,0.15
49,1993-12-18,1999-05-29,1,7,7,0.175
49,1993-12-18,1999-05-29,1,8,5,0.125
49,1993-12-18,1999-05-29,1,9,4,0.1
49,1993-12-18,1999-05-29,2,1,8,0.163265
49,1993-12-18,1999-05-29,2,2,8,0.163265
49,1993-12-18,1999-05-29,2,3,9,0.183673
49,1993-12-18,1999-05-29,2,4,3,0.061224
49,1993-12-18,1999-05-29,2,5,2,0.040816
49,1993-12-18,1999-05-29,2,6,1,0.020408
49,1993-12-18,1999-05-29,2,7,6,0.122449
49,1993-12-18,1999-05-29,2,8,9,0.183673
49,1993-12-18,1999-05-29,2,9,3,0.061224
49,1993-12-18,1999-05-29,3,1,3,0.06
49,1993-12-18,1999-05-29,3,2,6,0.12
49,1993-12-18,1999-05-29,3,3,6,0.12
49,1993-12-18,1999-05-29,3,4,2,0.04
49,1993-12-18,1999-05-29,3,5,4,0.08
49,1993-12-18,1999-05-29,3,6,11,0.22
49,1993-12-18,1999-05-29,3,7,4,0.08
49,1993-12-18,1999-05-29,3,8,6,0.12
49,1993-12-18,1999-05-29,3,9,8,0.16
49,1993-12-18,1999-05-29,4,1,7,0.189189
49,1993-12-18,1999-05-29,4,2,5,0.135135
49,1993-12-18,1999-05-29,4,3,1,0.027027
49,1993-12-18,1999-05-29,4,4,6,0.162162
49,1993-12-18,1999-05-29,4,5,5,0.135135
49,1993-12-18,1999-05-29,4,6,2,0.054054
49,1993-12-18,1999-05-29,4,7,4,0.108108
49,1993-12-18,1999-05-29,4,8,2,0.054054
49,1993-12-18,1999-05-29,4,9,5,0.135135
49,1993-12-18,1999-05-29,5,1,6,0.142857
49,1993-12-18,1999-05-29,5,2,2,0.047619
49,1993-12-18,1999-05-29,5,3,7,0.166667
49,1993-12-18,1999-05-29,5,4,7,0.166667
49,1993-12-18,1999-05-29,5,5,2,0.047619
49,1993-12-18,1999-05-29,5,6,4,0.095238
49,1993-12-18,1999-05-29,5,7,3,0.071429
49,1993-12-18,1999-05-29,5,8,4,0.095238
49,1993-12-18,1999-05-29,5,9,7,0.166667
49,1993-12-18,1999-05-29,6,1,7,0.162791
49,1993-12-18,1999-05-29,6,2,4,0.093023
49,1993-12-18,1999-05-29,6,3,8,0.186047
49,1993-12-18,1999-05-29,6,4,1,0.023256
49,1993-12-18,1999-05-29,6,5,4,0.093023
49,1993-12-18,1999-05-29,6,6,5,0.116279
49,1993-12-18,1999-05-29,6,7,5,0.116279
49,1993-12-18,1999-05-29,6,8,4,0.093023
49,1993-12-18,1999-05-29,6,9,5,0.116279
49,1993-12-18,1999-05-29,7,1,2,0.045455
49,1993-12-18,1999-05-29,7,2,4,0.090909
49,1993-12-18,1999-05-29,7,3,10,0.227273
49,1993-12-18,1999-05-29,7,4,5,0.113636
49,1993-12-18,1999-05-29,7,5,5,0.113636
49,1993-12-18,1999-05-29,7,6,2,0.045455
49,1993-12-18,1999-05-29,7,7,5,0.113636
49,1993-12-18,1999-05-29,7,8,5,0.113636
49,1993-12-18,1999-05-29,7,9,6,0.136364
49,1993-12-18,1999-05-29,8,1,2,0.043478
49,1993-12-18,1999-05-29,8,2,6,0.130435
49,1993-12-18,1999-05-29,8,3,0,0.0
49,1993-12-18,1999-05-29,8,4,3,0.065217
49,1993-12-18,1999-05-29,8,5,9,0.195652
49,1993-12-18,1999-05-29,8,6,6,0.130435
49,1993-12-18,1999-05-29,8,7,7,0.152174
49,1993-12-18,1999-05-29,8,8,9,0.195652
49,1993-12-18,1999-05-29,8,9,4,0.086957
49,1993-12-18,1999-05-29,9,1,3,0.061224
49,1993-12-18,1999-05-29,9,2,7,0.142857
49,1993-12-18,1999-05-29,9,3,9,0.183673
49,1993-12-18,1999-05-29,9,4,5,0.102041
49,1993-12-18,1999-05-29,9,5,7,0.142857
49,1993-12-18,1999-05-29,9,6,6,0.122449
49,1993-12-18,1999-05-29,9,7,3,0.061224
49,1993-12-18,1999-05-29,9,8,2,0.040816
49,1993-12-18,1999-05-29,9,9,7,0.142857
50,1995-11-18,2000-05-13,1,1,2,0.04878
50,1995-11-18,2000-05-13,1,2,9,0.219512
50,1995-11-18,2000-05-13,1,3,1,0.02439
50,1995-11-18,2000-05-13,1,4,5,0.121951
50,1995-11-18,2000-05-13,1,5,5,0.121951
50,1995-11-18,2000-05-13,1,6,4,0.097561
50,1995-11-18,2000-05-13,1,7,6,0.146341
50,1995-11-18,2000-05-13,1,8,5,0.121951
50,1995-11-18,2000-05-13,1,9,4,0.097561
50,1995-11-18,2000-05-13,2,1,7,0.152174
50,1995-11-18,2000-05-13,2,2,6,0.130435
50,1995-11-18,2000-05-13,2,3,10,0.217391
50,1995-11-18,2000-05-13,2,4,1,0.021739
50,1995-11-18,2000-05-13,2,5,2,0.043478
50,1995-11-18,2000-05-13,2,6,2,0.043478
50,1995-11-18,2000-05-13,2,7,6,0.130435
50,1995-11-18,2000-05-13,2,8,8,0.173913
50,1995-11-18,2000-05-13,2,9,4,0.086957
50,1995-11-18,2000-05-13,3,1,4,0.08
50,1995-11-18,2000-05-13,3,2,5,0.1
50,1995-11-18,2000-05-13,3,3,6,0.12
50,1995-11-18,2000-05-13,3,4,3,0.06
50,1995-11-18,2000-05-13,3,5,3,0.06
50,1995-11-18,2000-05-13,3,6,12,0.24
50,1995-11-18,2000-05-13,3,7,6,0.12
50,1995-11-18,2000-05-13,3,8,6,0.12
50,1995-11-18,2000-05-13,3,9,5,0.1
50,1995-11-18,2000-05-13,4,1,6,0.166667
50,1995-11-18,2000-05-13,4,2,4,0.111111
50,1995-11-18,2000-05-13,4,3,0,0.0
50,1995-11-18,2000-05-13,4,4,6,0.166667
50,1995-11-18,2000-05-13,4,5,4,0.111111
50,1995-11-18,2000-05-13,4,6,3,0.083333
50,1995-11-18,2000-05-13,4,7,4,0.111111
50,1995-11-18,2000-05-13,4,8,3,0.083333
50,1995-11-18,2000-05-13,4,9,6,0.166667
50,1995-11-18,2000-05-13,5,1,4,0.105263
50,1995-11-18,2000-05-13,5,2,1,0.026316
50,1995-11-18,2000-05-13,5,3,6,0.157895
50,1995-11-18,2000-05-13,5,4,5,0.131579
50,1995-11-18,2000-05-13,5,5,3,0.078947
50,1995-11-18,2000-05-13,5,6,5,0.131579
50,1995-11-18,2000-05-13,5,7,3,0.078947
50,1995-11-18,2000-05-13,5,8,2,0.052632
50,1995-11-18,2000-05-13,5,9,9,0.236842
50,1995-11-18,2000-05-13,6,1,7,0.142857
50,1995-11-18,2000-05-13,6,2,5,0.102041
50,1995-11-18,2000-05-13,6,3,6,0.122449
50,1995-11-18,2000-05-13,6,4,5,0.102041
50,1995-11-18,2000-05-13,6,5,5,0.102041
50,1995-11-18,2000-05-13,6,6,5,0.102041
50,1995-11-18,2000-05-13,6,7,8,0.163265
50,1995-11-18,2000-05-13,6,8,3,0.061224
50,1995-11-18,2000-05-13,6,9,5,0.102041
50,1995-11-18,2000-05-13,7,1,5,0.106383
50,1995-11-18,2000-05-13,7,2,6,0.12766
50,1995-11-18,2000-05-13,7,3,10,0.212766
50,1995-11-18,2000-05-13,7,4,4,0.085106
50,1995-11-18,2000-05-13,7,5,3,0.06383
50,1995-11-18,2000-05-13,7,6,4,0.085106
50,1995-11-18,2000-05-13,7,7,5,0.106383
50,1995-11-18,2000-05-13,7,8,5,0.106383
50,1995-11-18,2000-05-13,7,9,5,0.106383
50,1995-11-18,2000-05-13,8,1,2,0.04878
50,1995-11-18,2000-05-13,8,2,6,0.146341
50,1995-11-18,2000-05-13,8,3,1,0.02439
50,1995-11-18,2000-05-13,8,4,2,0.04878
50,1995-11-18,2000-05-13,8,5,9,0.219512
50,1995-11-18,2000-05-13,8,6,6,0.146341
50,1995-11-18,2000-05-13,8,7,6,0.146341
50,1995-11-18,2000-05-13,8,8,5,0.121951
50,1995-11-18,2000-05-13,8,9,4,0.097561
50,1995-11-18,2000-05-13,9,1,4,0.076923
50,1995-11-18,2000-05-13,9,2,4,0.076923
50,1995-11-18,2000-05-13,9,3,9,0.173077
50,1995-11-18,2000-05-13,9,4,5,0.096154
50,1995-11-18,2000-05-13,9,5,4,0.076923
50,1995-11-18,2000-05-13,9,6,8,0.153846
50,1995-11-18,2000-05-13,9,7,3,0.057692
50,1995-11-18,2000-05-13,9,8,4,0.076923
50,1995-11-18,2000-05-13,9,9,11,0.211538
51,1997-06-28,2001-04-28,1,1,1,0.023256
51,1997-06-28,2001-04-28,1,2,7,0.162791
51,1997-06-28,2001-04-28,1,3,3,0.069767
51,1997-06-28,2001-04-28,1,4,8,0.186047
51,1997-06-28,2001-04-28,1,5,5,0.116279
51,1997-06-28,2001-04-28,1,6,6,0.139535
51,1997-06-28,2001-04-28,1,7,8,0.186047
51,1997-06-28,2001-04-28,1,8,4,0.093023
51,1997-06-28,2001-04-28,1,9,1,0.023256
51,1997-06-28,2001-04-28,2,1,5,0.121951
51,1997-06-28,2001-04-28,2,2,5,0.121951
51,1997-06-28,2001-04-28,2,3,9,0.219512
51,1997-06-28,2001-04-28,2,4,1,0.02439
51,1997-06-28,2001-04-28,2,5,4,0.097561
51,1997-06-28,2001-04-28,2,6,2,0.04878
51,1997-06-28,2001-04-28,2,7,4,0.097561
51,1997-06-28,2001-04-28,2,8,7,0.170732
51,1997-06-28,2001-04-28,2,9,4,0.097561
51,1997-06-28,2001-04-28,3,1,5,0.1
51,1997-06-28,2001-04-28,3,2,4,0.08
51,1997-06-28,2001-04-28,3,3,6,0.12
51,1997-06-28,2001-04-28,3,4,1,0.02
51,1997-06-28,2001-04-28,3,5,7,0.14
51,1997-06-28,2001-04-28,3,6,13,0.26
51,1997-06-28,2001-04-28,3,7,5,0.1
51,1997-06-28,2001-04-28,3,8,5,0.1
51,1997-06-28,2001-04-28,3,9,4,0.08
51,1997-06-28,2001-04-28,4,1,6,0.15
51,1997-06-28,2001-04-28,4,2,5,0.125
51,1997-06-28,2001-04-28,4,3,0,0.0
51,1997-06-28,2001-04-28,4,4,5,0.125
51,1997-06-28,2001-04-28,4,5,3,0.075
51,1997-06-28,2001-04-28,4,6,4,0.1
51,1997-06-28,2001-04-28,4,7,5,0.125
51,1997-06-28,2001-04-28,4,8,5,0.125
51,1997-06-28,2001-04-28,4,9,7,0.175
51,1997-06-28,2001-04-28,5,1,3,0.085714
51,1997-06-28,2001-04-28,5,2,0,0.0
51,1997-06-28,2001-04-28,5,3,6,0.171429
51,1997-06-28,2001-04-28,5,4,9,0.257143
51,1997-06-28,2001-04-28,5,5,2,0.057143
51,1997-06-28,2001-04-28,5,6,4,0.114286
51,1997-06-28,2001-04-28,5,7,2,0.057143
51,1997-06-28,2001-04-28,5,8,1,0.028571
51,1997-06-28,2001-04-28,5,9,8,0.228571
51,1997-06-28,2001-04-28,6,1,5,0.1
51,1997-06-28,2001-04-28,6,2,5,0.1
51,1997-06-28,2001-04-28,6,3,8,0.16
51,1997-06-28,2001-04-28,6,4,5,0.1
51,1997-06-28,2001-04-28,6,5,4,0.08
51,1997-06-28,2001-04-28,6,6,4,0.08
51,1997-06-28,2001-04-28,6,7,9,0.18
51,1997-06-28,2001-04-28,6,8,4,0.08
51,1997-06-28,2001-04-28,6,9,6,0.12
51,1997-06-28,2001-04-28,7,1,9,0.183673
51,1997-06-28,2001-04-28,7,2,6,0.122449
51,1997-06-28,2001-04-28,7,3,7,0.142857
51,1997-06-28,2001-04-28,7,4,4,0.081633
51,1997-06-28,2001-04-28,7,5,2,0.040816
51,1997-06-28,2001-04-28,7,6,4,0.081633
51,1997-06-28,2001-04-28,7,7,7,0.142857
51,1997-06-28,2001-04-28,7,8,6,0.122449
51,1997-06-28,2001-04-28,7,9,4,0.081633
51,1997-06-28,2001-04-28,8,1,3,0.071429
51,1997-06-28,2001-04-28,8,2,4,0.095238
51,1997-06-28,2001-04-28,8,3,3,0.071429
51,1997-06-28,2001-04-28,8,4,2,0.047619
51,1997-06-28,2001-04-28,8,5,8,0.190476
51,1997-06-28,2001-04-28,8,6,5,0.119048
51,1997-06-28,2001-04-28,8,7,5,0.119048
51,1997-06-28,2001-04-28,8,8,6,0.142857
51,1997-06-28,2001-04-28,8,9,6,0.142857
51,1997-06-28,2001-04-28,9,1,6,0.12
51,1997-06-28,2001-04-28,9,2,5,0.1
51,1997-06-28,2001-04-28,9,3,8,0.16
51,1997-06-28,2001-04-28,9,4,5,0.1
51,1997-06-28,2001-04-28,9,5,1,0.02
51,1997-06-28,2001-04-28,9,6,8,0.16
51,1997-06-28,2001-04-28,9,7,3,0.06
51,1997-06-28,2001-04-28,9,8,4,0.08
51,1997-06-28,2001-04-28,9,9,10,0.2
52,1998-06-13,2002-04-10,1,1,1,0.025
52,1998-06-13,2002-04-10,1,2,5,0.125
52,1998-06-13,2002-04-10,1,3,5,0.125
52,1998-06-13,2002-04-10,1,4,5,0.125
52,1998-06-13,2002-04-10,1,5,4,0.1
52,1998-06-13,2002-04-10,1,6,7,0.175
52,1998-06-13,2002-04-10,1,7,8,0.2
52,1998-06-13,2002-04-10,1,8,3,0.075
52,1998-06-13,2002-04-10,1,9,2,0.05
52,1998-06-13,2002-04-10,2,1,6,0.153846
52,1998-06-13,2002-04-10,2,2,3,0.076923
52,1998-06-13,2002-04-10,2,3,6,0.153846
52,1998-06-13,2002-04-10,2,4,2,0.051282
52,1998-06-13,2002-04-10,2,5,6,0.153846
52,1998-06-13,2002-04-10,2,6,4,0.102564
52,1998-06-13,2002-04-10,2,7,4,0.102564
52,1998-06-13,2002-04-10,2,8,5,0.128205
52,1998-06-13,2002-04-10,2,9,3,0.076923
52,1998-06-13,2002-04-10,3,1,5,0.104167
52,1998-06-13,2002-04-10,3,2,3,0.0625
52,1998-06-13,2002-04-10,3,3,5,0.104167
52,1998-06-13,2002-04-10,3,4,4,0.083333
52,1998-06-13,2002-04-10,3,5,9,0.1875
52,1998-06-13,2002-04-10,3,6,9,0.1875
52,1998-06-13,2002-04-10,3,7,6,0.125
52,1998-06-13,2002-04-10,3,8,3,0.0625
52,1998-06-13,2002-04-10,3,9,4,0.083333
52,1998-06-13,2002-04-10,4,1,4,0.095238
52,1998-06-13,2002-04-10,4,2,5,0.119048
52,1998-06-13,2002-04-10,4,3,1,0.02381
52,1998-06-13,2002-04-10,4,4,5,0.119048
52,1998-06-13,2002-04-10,4,5,1,0.02381
52,1998-06-13,2002-04-10,4,6,9,0.214286
52,1998-06-13,2002-04-10,4,7,5,0.119048
52,1998-06-13,2002-04-10,4,8,5,0.119048
52,1998-06-13,2002-04-10,4,9,7,0.166667
52,1998-06-13,2002-04-10,5,1,2,0.052632
52,1998-06-13,2002-04-10,5,2,3,0.078947
52,1998-06-13,2002-04-10,5,3,7,0.184211
52,1998-06-13,2002-04-10,5,4,9,0.236842
52,1998-06-13,2002-04-10,5,5,1,0.026316
52,1998-06-13,2002-04-10,5,6,4,0.105263
52,1998-06-13,2002-04-10,5,7,4,0.105263
52,1998-06-13,2002-04-10,5,8,2,0.052632
52,1998-06-13,2002-04-10,5,9,6,0.157895
52,1998-06-13,2002-04-10,6,1,4,0.075472
52,1998-06-13,2002-04-10,6,2,6,0.113208
52,1998-06-13,2002-04-10,6,3,6,0.113208
52,1998-06-13,2002-04-10,6,4,7,0.132075
52,1998-06-13,2002-04-10,6,5,4,0.075472
52,1998-06-13,2002-04-10,6,6,3,0.056604
52,1998-06-13,2002-04-10,6,7,11,0.207547
52,1998-06-13,2002-04-10,6,8,7,0.132075
52,1998-06-13,2002-04-10,6,9,5,0.09434
52,1998-06-13,2002-04-10,7,1,9,0.18
52,1998-06-13,2002-04-10,7,2,6,0.12
52,1998-06-13,2002-04-10,7,3,7,0.14
52,1998-06-13,2002-04-10,7,4,5,0.1
52,1998-06-13,2002-04-10,7,5,2,0.04
52,1998-06-13,2002-04-10,7,6,4,0.08
52,1998-06-13,2002-04-10,7,7,6,0.12
52,1998-06-13,2002-04-10,7,8,7,0.14
52,1998-06-13,2002-04-10,7,9,4,0.08
52,1998-06-13,2002-04-10,8,1,3,0.069767
52,1998-06-13,2002-04-10,8,2,3,0.069767
52,1998-06-13,2002-04-10,8,3,5,0.116279
52,1998-06-13,2002-04-10,8,4,2,0.046512
52,1998-06-13,2002-04-10,8,5,10,0.232558
52,1998-06-13,2002-04-10,8,6,4,0.093023
52,1998-06-13,2002-04-10,8,7,4,0.093023
52,1998-06-13,2002-04-10,8,8,6,0.139535
52,1998-06-13,2002-04-10,8,9,6,0.139535
52,1998-06-13,2002-04-10,9,1,6,0.12766
52,1998-06-13,2002-04-10,9,2,5,0.106383
52,1998-06-13,2002-04-10,9,3,6,0.12766
52,1998-06-13,2002-04-10,9,4,3,0.06383
52,1998-06-13,2002-04-10,9,5,2,0.042553
52,1998-06-13,2002-04-10,9,6,9,0.191489
52,1998-06-13,2002-04-10,9,7,2,0.042553
52,1998-06-13,2002-04-10,9,8,4,0.085106
52,1998-06-13,2002-04-10,9,9,10,0.212766
53,1999-05-29,2003-03-08,1,1,2,0.045455
53,1999-05-29,2003-03-08,1,2,4,0.090909
53,1999-05-29,2003-03-08,1,3,6,0.136364
53,1999-05-29,2003-03-08,1,4,7,0.159091
53,1999-05-29,2003-03-08,1,5,4,0.090909
53,1999-05-29,2003-03-08,1,6,6,0.136364
53,1999-05-29,2003-03-08,1,7,8,0.181818
53,1999-05-29,2003-03-08,1,8,4,0.090909
53,1999-05-29,2003-03-08,1,9,3,0.068182
53,1999-05-29,2003-03-08,2,1,6,0.146341
53,1999-05-29,2003-03-08,2,2,3,0.073171
53,1999-05-29,2003-03-08,2,3,7,0.170732
53,1999-05-29,2003-03-08,2,4,2,0.04878
53,1999-05-29,2003-03-08,2,5,8,0.195122
53,1999-05-29,2003-03-08,2,6,5,0.121951
53,1999-05-29,2003-03-08,2,7,3,0.073171
53,1999-05-29,2003-03-08,2,8,3,0.073171
53,1999-05-29,2003-03-08,2,9,4,0.097561
53,1999-05-29,2003-03-08,3,1,6,0.125
53,1999-05-29,2003-03-08,3,2,4,0.083333
53,1999-05-29,2003-03-08,3,3,6,0.125
53,1999-05-29,2003-03-08,3,4,4,0.083333
53,1999-05-29,2003-03-08,3,5,7,0.145833
53,1999-05-29,2003-03-08,3,6,7,0.145833
53,1999-05-29,2003-03-08,3,7,8,0.166667
53,1999-05-29,2003-03-08,3,8,4,0.083333
53,1999-05-29,2003-03-08,3,9,2,0.041667
53,1999-05-29,2003-03-08,4,1,4,0.095238
53,1999-05-29,2003-03-08,4,2,3,0.071429
53,1999-05-29,2003-03-08,4,3,2,0.047619
53,1999-05-29,2003-03-08,4,4,4,0.095238
53,1999-05-29,2003-03-08,4,5,1,0.02381
53,1999-05-29,2003-03-08,4,6,9,0.214286
53,1999-05-29,2003-03-08,4,7,5,0.119048
53,1999-05-29,2003-03-08,4,8,6,0.142857
53,1999-05-29,2003-03-08,4,9,8,0.190476
53,1999-05-29,2003-03-08,5,1,2,0.04878
53,1999-05-29,2003-03-08,5,2,5,0.121951
53,1999-05-29,2003-03-08,5,3,6,0.146341
53,1999-05-29,2003-03-08,5,4,9,0.219512
53,1999-05-29,2003-03-08,5,5,5,0.121951
53,1999-05-29,2003-03-08,5,6,4,0.097561
53,1999-05-29,2003-03-08,5,7,4,0.097561
53,1999-05-29,2003-03-08,5,8,3,0.073171
53,1999-05-29,2003-03-08,5,9,3,0.073171
53,1999-05-29,2003-03-08,6,1,5,0.098039
53,1999-05-29,2003-03-08,6,2,6,0.117647
53,1999-05-29,2003-03-08,6,3,4,0.078431
53,1999-05-29,2003-03-08,6,4,7,0.137255
53,1999-05-29,2003-03-08,6,5,2,0.039216
53,1999-05-29,2003-03-08,6,6,3,0.058824
53,1999-05-29,2003-03-08,6,7,8,0.156863
53,1999-05-29,2003-03-08,6,8,8,0.156863
53,1999-05-29,2003-03-08,6,9,8,0.156863
53,1999-05-29,2003-03-08,7,1,10,0.222222
53,1999-05-29,2003-03-08,7,2,6,0.133333
53,1999-05-29,2003-03-08,7,3,4,0.088889
53,1999-05-29,2003-03-08,7,4,4,0.088889
53,1999-05-29,2003-03-08,7,5,3,0.066667
53,1999-05-29,2003-03-08,7,6,3,0.066667
53,1999-05-29,2003-03-08,7,7,5,0.111111
53,1999-05-29,2003-03-08,7,8,4,0.088889
53,1999-05-29,2003-03-08,7,9,6,0.133333
53,1999-05-29,2003-03-08,8,1,3,0.073171
53,1999-05-29,2003-03-08,8,2,3,0.073171
53,1999-05-29,2003-03-08,8,3,6,0.146341
53,1999-05-29,2003-03-08,8,4,3,0.073171
53,1999-05-29,2003-03-08,8,5,9,0.219512
53,1999-05-29,2003-03-08,8,6,5,0.121951
53,1999-05-29,2003-03-08,8,7,3,0.073171
53,1999-05-29,2003-03-08,8,8,4,0.097561
53,1999-05-29,2003-03-08,8,9,5,0.121951
53,1999-05-29,2003-03-08,9,1,6,0.12766
53,1999-05-29,2003-03-08,9,2,6,0.12766
53,1999-05-29,2003-03-08,9,3,7,0.148936
53,1999-05-29,2003-03-08,9,4,2,0.042553
53,1999-05-29,2003-03-08,9,5,2,0.042553
53,1999-05-29,2003-03-08,9,6,9,0.191489
53,1999-05-29,2003-03-08,9,7,1,0.021277
53,1999-05-29,2003-03-08,9,8,6,0.12766
53,1999-05-29,2003-03-08,9,9,8,0.170213
54,2000-05-13,2004-02-21,1,1,3,0.066667
54,2000-05-13,2004-02-21,1,2,3,0.066667
54,2000-05-13,2004-02-21,1,3,5,0.111111
54,2000-05-13,2004-02-21,1,4,8,0.177778
54,2000-05-13,2004-02-21,1,5,5,0.111111
54,2000-05-13,2004-02-21,1,6,6,0.133333
54,2000-05-13,2004-02-21,1,7,9,0.2
54,2000-05-13,2004-02-21,1,8,3,0.066667
54,2000-05-13,2004-02-21,1,9,3,0.066667
54,2000-05-13,2004-02-21,2,1,6,0.12766
54,2000-05-13,2004-02-21,2,2,5,0.106383
54,2000-05-13,2004-02-21,2,3,6,0.12766
54,2000-05-13,2004-02-21,2,4,4,0.085106
54,2000-05-13,2004-02-21,2,5,7,0.148936
54,2000-05-13,2004-02-21,2,6,4,0.085106
54,2000-05-13,2004-02-21,2,7,5,0.106383
54,2000-05-13,2004-02-21,2,8,5,0.106383
54,2000-05-13,2004-02-21,2,9,5,0.106383
54,2000-05-13,2004-02-21,3,1,6,0.133333
54,2000-05-13,2004-02-21,3,2,6,0.133333
54,2000-05-13,2004-02-21,3,3,6,0.133333
54,2000-05-13,2004-02-21,3,4,4,0.088889
54,2000-05-13,2004-02-21,3,5,9,0.2
54,2000-05-13,2004-02-21,3,6,3,0.066667
54,2000-05-13,2004-02-21,3,7,6,0.133333
54,2000-05-13,2004-02-21,3,8,3,0.066667
54,2000-05-13,2004-02-21,3,9,2,0.044444
54,2000-05-13,2004-02-21,4,1,4,0.085106
54,2000-05-13,2004-02-21,4,2,4,0.085106
54,2000-05-13,2004-02-21,4,3,3,0.06383
54,2000-05-13,2004-02-21,4,4,6,0.12766
54,2000-05-13,2004-02-21,4,5,5,0.106383
54,2000-05-13,2004-02-21,4,6,8,0.170213
54,2000-05-13,2004-02-21,4,7,6,0.12766
54,2000-05-13,2004-02-21,4,8,4,0.085106
54,2000-05-13,2004-02-21,4,9,7,0.148936
54,2000-05-13,2004-02-21,5,1,2,0.042553
54,2000-05-13,2004-02-21,5,2,6,0.12766
54,2000-05-13,2004-02-21,5,3,6,0.12766
54,2000-05-13,2004-02-21,5,4,9,0.191489
54,2000-05-13,2004-02-21,5,5,7,0.148936
54,2000-05-13,2004-02-21,5,6,5,0.106383
54,2000-05-13,2004-02-21,5,7,4,0.085106
54,2000-05-13,2004-02-21,5,8,4,0.085106
54,2000-05-13,2004-02-21,5,9,4,0.085106
54,2000-05-13,2004-02-21,6,1,6,0.15
54,2000-05-13,2004-02-21,6,2,4,0.1
54,2000-05-13,2004-02-21,6,3,4,0.1
54,2000-05-13,2004-02-21,6,4,3,0.075
54,2000-05-13,2004-02-21,6,5,1,0.025
54,2000-05-13,2004-02-21,6,6,2,0.05
54,2000-05-13,2004-02-21,6,7,5,0.125
54,2000-05-13,2004-02-21,6,8,7,0.175
54,2000-05-13,2004-02-21,6,9,8,0.2
54,2000-05-13,2004-02-21,7,1,7,0.155556
54,2000-05-13,2004-02-21,7,2,8,0.177778
54,2000-05-13,2004-02-21,7,3,2,0.044444
54,2000-05-13,2004-02-21,7,4,6,0.133333
54,2000-05-13,2004-02-21,7,5,5,0.111111
54,2000-05-13,2004-02-21,7,6,1,0.022222
54,2000-05-13,2004-02-21,7,7,6,0.133333
54,2000-05-13,2004-02-21,7,8,6,0.133333
54,2000-05-13,2004-02-21,7,9,4,0.088889
54,2000-05-13,2004-02-21,8,1,4,0.095238
54,2000-05-13,2004-02-21,8,2,4,0.095238
54,2000-05-13,2004-02-21,8,3,6,0.142857
54,2000-05-13,2004-02-21,8,4,4,0.095238
54,2000-05-13,2004-02-21,8,5,6,0.142857
54,2000-05-13,2004-02-21,8,6,5,0.119048
54,2000-05-13,2004-02-21,8,7,3,0.071429
54,2000-05-13,2004-02-21,8,8,5,0.119048
54,2000-05-13,2004-02-21,8,9,5,0.119048
54,2000-05-13,2004-02-21,9,1,7,0.166667
54,2000-05-13,2004-02-21,9,2,7,0.166667
54,2000-05-13,2004-02-21,9,3,7,0.166667
54,2000-05-13,2004-02-21,9,4,3,0.071429
54,2000-05-13,2004-02-21,9,5,2,0.047619
54,2000-05-13,2004-02-21,9,6,6,0.142857
54,2000-05-13,2004-02-21,9,7,1,0.02381
54,2000-05-13,2004-02-21,9,8,5,0.119048
54,2000-05-13,2004-02-21,9,9,4,0.095238
55,2001-04-28,2005-02-05,1,1,4,0.102564
55,2001-04-28,2005-02-05,1,2,3,0.076923
55,2001-04-28,2005-02-05,1,3,4,0.102564
55,2001-04-28,2005-02-05,1,4,6,0.153846
55,2001-04-28,2005-02-05,1,5,4,0.102564
55,2001-04-28,2005-02-05,1,6,6,0.153846
55,2001-04-28,2005-02-05,1,7,6,0.153846
55,2001-04-28,2005-02-05,1,8,2,0.051282
55,2001-04-28,2005-02-05,1,9,4,0.102564
55,2001-04-28,2005-02-05,2,1,9,0.183673
55,2001-04-28,2005-02-05,2,2,4,0.081633
55,2001-04-28,2005-02-05,2,3,6,0.122449
55,2001-04-28,2005-02-05,2,4,4,0.081633
55,2001-04-28,2005-02-05,2,5,5,0.102041
55,2001-04-28,2005-02-05,2,6,4,0.081633
55,2001-04-28,2005-02-05,2,7,6,0.122449
55,2001-04-28,2005-02-05,2,8,6,0.122449
55,2001-04-28,2005-02-05,2,9,5,0.102041
55,2001-04-28,2005-02-05,3,1,4,0.081633
55,2001-04-28,2005-02-05,3,2,6,0.122449
55,2001-04-28,2005-02-05,3,3,7,0.142857
55,2001-04-28,2005-02-05,3,4,6,0.122449
55,2001-04-28,2005-02-05,3,5,7,0.142857
55,2001-04-28,2005-02-05,3,6,5,0.102041
55,2001-04-28,2005-02-05,3,7,6,0.122449
55,2001-04-28,2005-02-05,3,8,3,0.061224
55,2001-04-28,2005-02-05,3,9,5,0.102041
55,2001-04-28,2005-02-05,4,1,3,0.071429
55,2001-04-28,2005-02-05,4,2,3,0.071429
55,2001-04-28,2005-02-05,4,3,4,0.095238
55,2001-04-28,2005-02-05,4,4,5,0.119048
55,2001-04-28,2005-02-05,4,5,6,0.142857
55,2001-04-28,2005-02-05,4,6,7,0.166667
55,2001-04-28,2005-02-05,4,7,7,0.166667
55,2001-04-28,2005-02-05,4,8,2,0.047619
55,2001-04-28,2005-02-05,4,9,5,0.119048
55,2001-04-28,2005-02-05,5,1,1,0.022222
55,2001-04-28,2005-02-05,5,2,7,0.155556
55,2001-04-28,2005-02-05,5,3,7,0.155556
55,2001-04-28,2005-02-05,5,4,5,0.111111
55,2001-04-28,2005-02-05,5,5,7,0.155556
55,2001-04-28,2005-02-05,5,6,4,0.088889
55,2001-04-28,2005-02-05,5,7,5,0.111111
55,2001-04-28,2005-02-05,5,8,5,0.111111
55,2001-04-28,2005-02-05,5,9,4,0.088889
55,2001-04-28,2005-02-05,6,1,6,0.146341
55,2001-04-28,2005-02-05,6,2,5,0.121951
55,2001-04-28,2005-02-05,6,3,4,0.097561
55,2001-04-28,2005-02-05,6,4,3,0.073171
55,2001-04-28,2005-02-05,6,5,2,0.04878
55,2001-04-28,2005-02-05,6,6,2,0.04878
55,2001-04-28,2005-02-05,6,7,6,0.146341
55,2001-04-28,2005-02-05,6,8,7,0.170732
55,2001-04-28,2005-02-05,6,9,6,0.146341
55,2001-04-28,2005-02-05,7,1,6,0.12
55,2001-04-28,2005-02-05,7,2,7,0.14
55,2001-04-28,2005-02-05,7,3,4,0.08
55,2001-04-28,2005-02-05,7,4,6,0.12
55,2001-04-28,2005-02-05,7,5,5,0.1
55,2001-04-28,2005-02-05,7,6,3,0.06
55,2001-04-28,2005-02-05,7,7,4,0.08
55,2001-04-28,2005-02-05,7,8,10,0.2
55,2001-04-28,2005-02-05,7,9,5,0.1
55,2001-04-28,2005-02-05,8,1,3,0.069767
55,2001-04-28,2005-02-05,8,2,6,0.139535
55,2001-04-28,2005-02-05,8,3,7,0.162791
55,2001-04-28,2005-02-05,8,4,4,0.093023
55,2001-04-28,2005-02-05,8,5,6,0.139535
55,2001-04-28,2005-02-05,8,6,5,0.116279
55,2001-04-28,2005-02-05,8,7,5,0.116279
55,2001-04-28,2005-02-05,8,8,4,0.093023
55,2001-04-28,2005-02-05,8,9,3,0.069767
55,2001-04-28,2005-02-05,9,1,4,0.095238
55,2001-04-28,2005-02-05,9,2,8,0.190476
55,2001-04-28,2005-02-05,9,3,6,0.142857
55,2001-04-28,2005-02-05,9,4,3,0.071429
55,2001-04-28,2005-02-05,9,5,2,0.047619
55,2001-04-28,2005-02-05,9,6,5,0.119048
55,2001-04-28,2005-02-05,9,7,5,0.119048
55,2001-04-28,2005-02-05,9,8,4,0.095238
55,2001-04-28,2005-02-05,9,9,5,0.119048
56,2002-04-10,2005-11-10,1,1,4,0.093023
56,2002-04-10,2005-11-10,1,2,3,0.069767
56,2002-04-10,2005-11-10,1,3,4,0.093023
56,2002-04-10,2005-11-10,1,4,6,0.139535
56,2002-04-10,2005-11-10,1,5,5,0.116279
56,2002-04-10,2005-11-10,1,6,6,0.139535
56,2002-04-10,2005-11-10,1,7,6,0.139535
56,2002-04-10,2005-11-10,1,8,3,0.069767
56,2002-04-10,2005-11-10,1,9,6,0.139535
56,2002-04-10,2005-11-10,2,1,9,0.2
56,2002-04-10,2005-11-10,2,2,4,0.088889
56,2002-04-10,2005-11-10,2,3,5,0.111111
56,2002-04-10,2005-11-10,2,4,5,0.111111
56,2002-04-10,2005-11-10,2,5,2,0.044444
56,2002-04-10,2005-11-10,2,6,3,0.066667
56,2002-04-10,2005-11-10,2,7,6,0.133333
56,2002-04-10,2005-11-10,2,8,6,0.133333
56,2002-04-10,2005-11-10,2,9,5,0.111111
56,2002-04-10,2005-11-10,3,1,3,0.06383
56,2002-04-10,2005-11-10,3,2,8,0.170213
56,2002-04-10,2005-11-10,3,3,6,0.12766
56,2002-04-10,2005-11-10,3,4,5,0.106383
56,2002-04-10,2005-11-10,3,5,8,0.170213
56,2002-04-10,2005-11-10,3,6,5,0.106383
56,2002-04-10,2005-11-10,3,7,5,0.106383
56,2002-04-10,2005-11-10,3,8,3,0.06383
56,2002-04-10,2005-11-10,3,9,4,0.085106
56,2002-04-10,2005-11-10,4,1,5,0.121951
56,2002-04-10,2005-11-10,4,2,4,0.097561
56,2002-04-10,2005-11-10,4,3,4,0.097561
56,2002-04-10,2005-11-10,4,4,4,0.097561
56,2002-04-10,2005-11-10,4,5,6,0.146341
56,2002-04-10,2005-11-10,4,6,2,0.04878
56,2002-04-10,2005-11-10,4,7,6,0.146341
56,2002-04-10,2005-11-10,4,8,5,0.121951
56,2002-04-10,2005-11-10,4,9,5,0.121951
56,2002-04-10,2005-11-10,5,1,1,0.02381
56,2002-04-10,2005-11-10,5,2,5,0.119048
56,2002-04-10,2005-11-10,5,3,6,0.142857
56,2002-04-10,2005-11-10,5,4,4,0.095238
56,2002-04-10,2005-11-10,5,5,7,0.166667
56,2002-04-10,2005-11-10,5,6,3,0.071429
56,2002-04-10,2005-11-10,5,7,5,0.119048
56,2002-04-10,2005-11-10,5,8,6,0.142857
56,2002-04-10,2005-11-10,5,9,5,0.119048
56,2002-04-10,2005-11-10,6,1,5,0.138889
56,2002-04-10,2005-11-10,6,2,3,0.083333
56,2002-04-10,2005-11-10,6,3,6,0.166667
56,2002-04-10,2005-11-10,6,4,1,0.027778
56,2002-04-10,2005-11-10,6,5,3,0.083333
56,2002-04-10,2005-11-10,6,6,1,0.027778
56,2002-04-10,2005-11-10,6,7,4,0.111111
56,2002-04-10,2005-11-10,6,8,6,0.166667
56,2002-04-10,2005-11-10,6,9,7,0.194444
56,2002-04-10,2005-11-10,7,1,8,0.145455
56,2002-04-10,2005-11-10,7,2,6,0.109091
56,2002-04-10,2005-11-10,7,3,3,0.054545
56,2002-04-10,2005-11-10,7,4,8,0.145455
56,2002-04-10,2005-11-10,7,5,4,0.072727
56,2002-04-10,2005-11-10,7,6,5,0.090909
56,2002-04-10,2005-11-10,7,7,8,0.145455
56,2002-04-10,2005-11-10,7,8,10,0.181818
56,2002-04-10,2005-11-10,7,9,3,0.054545
56,2002-04-10,2005-11-10,8,1,4,0.085106
56,2002-04-10,2005-11-10,8,2,5,0.106383
56,2002-04-10,2005-11-10,8,3,6,0.12766
56,2002-04-10,2005-11-10,8,4,5,0.106383
56,2002-04-10,2005-11-10,8,5,6,0.12766
56,2002-04-10,2005-11-10,8,6,5,0.106383
56,2002-04-10,2005-11-10,8,7,6,0.12766
56,2002-04-10,2005-11-10,8,8,5,0.106383
56,2002-04-10,2005-11-10,8,9,5,0.106383
56,2002-04-10,2005-11-10,9,1,4,0.090909
56,2002-04-10,2005-11-10,9,2,7,0.159091
56,2002-04-10,2005-11-10,9,3,7,0.159091
56,2002-04-10,2005-11-10,9,4,3,0.068182
56,2002-04-10,2005-11-10,9,5,0,0.0
56,2002-04-10,2005-11-10,9,6,6,0.136364
56,2002-04-10,2005-11-10,9,7,9,0.204545
56,2002-04-10,2005-11-10,9,8,3,0.068182
56,2002-04-10,2005-11-10,9,9,5,0.113636
57,2003-03-08,2006-07-01,1,1,5,0.108696
57,2003-03-08,2006-07-01,1,2,4,0.086957
57,2003-03-08,2006-07-01,1,3,4,0.086957
57,2003-03-08,2006-07-01,1,4,6,0.130435
57,2003-03-08,2006-07-01,1,5,6,0.130435
57,2003-03-08,2006-07-01,1,6,5,0.108696
57,2003-03-08,2006-07-01,1,7,7,0.152174
57,2003-03-08,2006-07-01,1,8,3,0.065217
57,2003-03-08,2006-07-01,1,9,6,0.130435
57,2003-03-08,2006-07-01,2,1,10,0.208333
57,2003-03-08,2006-07-01,2,2,7,0.145833
57,2003-03-08,2006-07-01,2,3,3,0.0625
57,2003-03-08,2006-07-01,2,4,5,0.104167
57,2003-03-08,2006-07-01,2,5,1,0.020833
57,2003-03-08,2006-07-01,2,6,3,0.0625
57,2003-03-08,2006-07-01,2,7,6,0.125
57,2003-03-08,2006-07-01,2,8,7,0.145833
57,2003-03-08,2006-07-01,2,9,6,0.125
57,2003-03-08,2006-07-01,3,1,2,0.045455
57,2003-03-08,2006-07-01,3,2,9,0.204545
57,2003-03-08,2006-07-01,3,3,4,0.090909
57,2003-03-08,2006-07-01,3,4,7,0.159091
57,2003-03-08,2006-07-01,3,5,9,0.204545
57,2003-03-08,2006-07-01,3,6,5,0.113636
57,2003-03-08,2006-07-01,3,7,2,0.045455
57,2003-03-08,2006-07-01,3,8,1,0.022727
57,2003-03-08,2006-07-01,3,9,5,0.113636
57,2003-03-08,2006-07-01,4,1,5,0.108696
57,2003-03-08,2006-07-01,4,2,6,0.130435
57,2003-03-08,2006-07-01,4,3,5,0.108696
57,2003-03-08,2006-07-01,4,4,4,0.086957
57,2003-03-08,2006-07-01,4,5,6,0.130435
57,2003-03-08,2006-07-01,4,6,4,0.086957
57,2003-03-08,2006-07-01,4,7,6,0.130435
57,2003-03-08,2006-07-01,4,8,5,0.108696
57,2003-03-08,2006-07-01,4,9,5,0.108696
57,2003-03-08,2006-07-01,5,1,3,0.075
57,2003-03-08,2006-07-01,5,2,5,0.125
57,2003-03-08,2006-07-01,5,3,5,0.125
57,2003-03-08,2006-07-01,5,4,5,0.125
57,2003-03-08,2006-07-01,5,5,3,0.075
57,2003-03-08,2006-07-01,5,6,3,0.075
57,2003-03-08,2006-07-01,5,7,5,0.125
57,2003-03-08,2006-07-01,5,8,6,0.15
57,2003-03-08,2006-07-01,5,9,5,0.125
57,2003-03-08,2006-07-01,6,1,3,0.085714
57,2003-03-08,2006-07-01,6,2,2,0.057143
57,2003-03-08,2006-07-01,6,3,7,0.2
57,2003-03-08,2006-07-01,6,4,3,0.085714
57,2003-03-08,2006-07-01,6,5,5,0.142857
57,2003-03-08,2006-07-01,6,6,1,0.028571
57,2003-03-08,2006-07-01,6,7,4,0.114286
57,2003-03-08,2006-07-01,6,8,7,0.2
57,2003-03-08,2006-07-01,6,9,3,0.085714
57,2003-03-08,2006-07-01,7,1,9,0.169811
57,2003-03-08,2006-07-01,7,2,5,0.09434
57,2003-03-08,2006-07-01,7,3,5,0.09434
57,2003-03-08,2006-07-01,7,4,6,0.113208
57,2003-03-08,2006-07-01,7,5,4,0.075472
57,2003-03-08,2006-07-01,7,6,5,0.09434
57,2003-03-08,2006-07-01,7,7,8,0.150943
57,2003-03-08,2006-07-01,7,8,10,0.188679
57,2003-03-08,2006-07-01,7,9,1,0.018868
57,2003-03-08,2006-07-01,8,1,4,0.088889
57,2003-03-08,2006-07-01,8,2,5,0.111111
57,2003-03-08,2006-07-01,8,3,6,0.133333
57,2003-03-08,2006-07-01,8,4,6,0.133333
57,2003-03-08,2006-07-01,8,5,5,0.111111
57,2003-03-08,2006-07-01,8,6,5,0.111111
57,2003-03-08,2006-07-01,8,7,5,0.111111
57,2003-03-08,2006-07-01,8,8,4,0.088889
57,2003-03-08,2006-07-01,8,9,5,0.111111
57,2003-03-08,2006-07-01,9,1,5,0.116279
57,2003-03-08,2006-07-01,9,2,6,0.139535
57,2003-03-08,2006-07-01,9,3,5,0.116279
57,2003-03-08,2006-07-01,9,4,4,0.093023
57,2003-03-08,2006-07-01,9,5,1,0.023256
57,2003-03-08,2006-07-01,9,6,4,0.093023
57,2003-03-08,2006-07-01,9,7,10,0.232558
57,2003-03-08,2006-07-01,9,8,1,0.023256
57,2003-03-08,2006-07-01,9,9,7,0.162791
58,2004-02-21,2007-02-20,1,1,4,0.083333
58,2004-02-21,2007-02-20,1,2,5,0.104167
58,2004-02-21,2007-02-20,1,3,5,0.104167
58,2004-02-21,2007-02-20,1,4,5,0.104167
58,2004-02-21,2007-02-20,1,5,4,0.083333
58,2004-02-21,2007-02-20,1,6,6,0.125
58,2004-02-21,2007-02-20,1,7,4,0.083333
58,2004-02-21,2007-02-20,1,8,7,0.145833
58,2004-02-21,2007-02-20,1,9,8,0.166667
58,2004-02-21,2007-02-20,2,1,12,0.272727
58,2004-02-21,2007-02-20,2,2,6,0.136364
58,2004-02-21,2007-02-20,2,3,3,0.068182
58,2004-02-21,2007-02-20,2,4,5,0.113636
58,2004-02-21,2007-02-20,2,5,2,0.045455
58,2004-02-21,2007-02-20,2,6,5,0.113636
58,2004-02-21,2007-02-20,2,7,2,0.045455
58,2004-02-21,2007-02-20,2,8,5,0.113636
58,2004-02-21,2007-02-20,2,9,4,0.090909
58,2004-02-21,2007-02-20,3,1,3,0.068182
58,2004-02-21,2007-02-20,3,2,7,0.159091
58,2004-02-21,2007-02-20,3,3,3,0.068182
58,2004-02-21,2007-02-20,3,4,6,0.136364
58,2004-02-21,2007-02-20,3,5,7,0.159091
58,2004-02-21,2007-02-20,3,6,6,0.136364
58,2004-02-21,2007-02-20,3,7,3,0.068182
58,2004-02-21,2007-02-20,3,8,4,0.090909
58,2004-02-21,2007-02-20,3,9,5,0.113636
58,2004-02-21,2007-02-20,4,1,5,0.121951
58,2004-02-21,2007-02-20,4,2,4,0.097561
58,2004-02-21,2007-02-20,4,3,7,0.170732
58,2004-02-21,2007-02-20,4,4,2,0.04878
58,2004-02-21,2007-02-20,4,5,3,0.073171
58,2004-02-21,2007-02-20,4,6,5,0.121951
58,2004-02-21,2007-02-20,4,7,5,0.121951
58,2004-02-21,2007-02-20,4,8,4,0.097561
58,2004-02-21,2007-02-20,4,9,6,0.146341
58,2004-02-21,2007-02-20,5,1,5,0.147059
58,2004-02-21,2007-02-20,5,2,4,0.117647
58,2004-02-21,2007-02-20,5,3,4,0.117647
58,2004-02-21,2007-02-20,5,4,3,0.088235
58,2004-02-21,2007-02-20,5,5,1,0.029412
58,2004-02-21,2007-02-20,5,6,2,0.058824
58,2004-02-21,2007-02-20,5,7,4,0.117647
58,2004-02-21,2007-02-20,5,8,8,0.235294
58,2004-02-21,2007-02-20,5,9,3,0.088235
58,2004-02-21,2007-02-20,6,1,3,0.071429
58,2004-02-21,2007-02-20,6,2,3,0.071429
58,2004-02-21,2007-02-20,6,3,6,0.142857
58,2004-02-21,2007-02-20,6,4,4,0.095238
58,2004-02-21,2007-02-20,6,5,5,0.119048
58,2004-02-21,2007-02-20,6,6,3,0.071429
58,2004-02-21,2007-02-20,6,7,6,0.142857
58,2004-02-21,2007-02-20,6,8,9,0.214286
58,2004-02-21,2007-02-20,6,9,3,0.071429
58,2004-02-21,2007-02-20,7,1,10,0.222222
58,2004-02-21,2007-02-20,7,2,1,0.022222
58,2004-02-21,2007-02-20,7,3,4,0.088889
58,2004-02-21,2007-02-20,7,4,6,0.133333
58,2004-02-21,2007-02-20,7,5,3,0.066667
58,2004-02-21,2007-02-20,7,6,5,0.111111
58,2004-02-21,2007-02-20,7,7,5,0.111111
58,2004-02-21,2007-02-20,7,8,9,0.2
58,2004-02-21,2007-02-20,7,9,2,0.044444
58,2004-02-21,2007-02-20,8,1,3,0.054545
58,2004-02-21,2007-02-20,8,2,8,0.145455
58,2004-02-21,2007-02-20,8,3,7,0.127273
58,2004-02-21,2007-02-20,8,4,7,0.127273
58,2004-02-21,2007-02-20,8,5,6,0.109091
58,2004-02-21,2007-02-20,8,6,6,0.109091
58,2004-02-21,2007-02-20,8,7,6,0.109091
58,2004-02-21,2007-02-20,8,8,5,0.090909
58,2004-02-21,2007-02-20,8,9,7,0.127273
58,2004-02-21,2007-02-20,9,1,3,0.06383
58,2004-02-21,2007-02-20,9,2,6,0.12766
58,2004-02-21,2007-02-20,9,3,5,0.106383
58,2004-02-21,2007-02-20,9,4,3,0.06383
58,2004-02-21,2007-02-20,9,5,3,0.06383
58,2004-02-21,2007-02-20,9,6,4,0.085106
58,2004-02-21,2007-02-20,9,7,10,0.212766
58,2004-02-21,2007-02-20,9,8,4,0.085106
58,2004-02-21,2007-02-20,9,9,9,0.191489
59,2005-02-05,2007-10-11,1,1,3,0.06
59,2005-02-05,2007-10-11,1,2,4,0.08
59,2005-02-05,2007-10-11,1,3,5,0.1
59,2005-02-05,2007-10-11,1,4,4,0.08
59,2005-02-05,2007-10-11,1,5,6,0.12
59,2005-02-05,2007-10-11,1,6,4,0.08
59,2005-02-05,2007-10-11,1,7,7,0.14
59,2005-02-05,2007-10-11,1,8,8,0.16
59,2005-02-05,2007-10-11,1,9,9,0.18
59,2005-02-05,2007-10-11,2,1,10,0.217391
59,2005-02-05,2007-10-11,2,2,6,0.130435
59,2005-02-05,2007-10-11,2,3,4,0.086957
59,2005-02-05,2007-10-11,2,4,5,0.108696
59,2005-02-05,2007-10-11,2,5,5,0.108696
59,2005-02-05,2007-10-11,2,6,5,0.108696
59,2005-02-05,2007-10-11,2,7,5,0.108696
59,2005-02-05,2007-10-11,2,8,3,0.065217
59,2005-02-05,2007-10-11,2,9,3,0.065217
59,2005-02-05,2007-10-11,3,1,5,0.121951
59,2005-02-05,2007-10-11,3,2,11,0.268293
59,2005-02-05,2007-10-11,3,3,0,0.0
59,2005-02-05,2007-10-11,3,4,5,0.121951
59,2005-02-05,2007-10-11,3,5,6,0.146341
59,2005-02-05,2007-10-11,3,6,6,0.146341
59,2005-02-05,2007-10-11,3,7,2,0.04878
59,2005-02-05,2007-10-11,3,8,3,0.073171
59,2005-02-05,2007-10-11,3,9,3,0.073171
59,2005-02-05,2007-10-11,4,1,5,0.125
59,2005-02-05,2007-10-11,4,2,3,0.075
59,2005-02-05,2007-10-11,4,3,8,0.2
59,2005-02-05,2007-10-11,4,4,3,0.075
59,2005-02-05,2007-10-11,4,5,2,0.05
59,2005-02-05,2007-10-11,4,6,3,0.075
59,2005-02-05,2007-10-11,4,7,3,0.075
59,2005-02-05,2007-10-11,4,8,7,0.175
59,2005-02-05,2007-10-11,4,9,6,0.15
59,2005-02-05,2007-10-11,5,1,6,0.15
59,2005-02-05,2007-10-11,5,2,4,0.1
59,2005-02-05,2007-10-11,5,3,5,0.125
59,2005-02-05,2007-10-11,5,4,2,0.05
59,2005-02-05,2007-10-11,5,5,2,0.05
59,2005-02-05,2007-10-11,5,6,3,0.075
59,2005-02-05,2007-10-11,5,7,4,0.1
59,2005-02-05,2007-10-11,5,8,10,0.25
59,2005-02-05,2007-10-11,5,9,4,0.1
59,2005-02-05,2007-10-11,6,1,3,0.078947
59,2005-02-05,2007-10-11,6,2,4,0.105263
59,2005-02-05,2007-10-11,6,3,3,0.078947
59,2005-02-05,2007-10-11,6,4,4,0.105263
59,2005-02-05,2007-10-11,6,5,5,0.131579
59,2005-02-05,2007-10-11,6,6,4,0.105263
59,2005-02-05,2007-10-11,6,7,4,0.105263
59,2005-02-05,2007-10-11,6,8,8,0.210526
59,2005-02-05,2007-10-11,6,9,3,0.078947
59,2005-02-05,2007-10-11,7,1,8,0.177778
59,2005-02-05,2007-10-11,7,2,3,0.066667
59,2005-02-05,2007-10-11,7,3,6,0.133333
59,2005-02-05,2007-10-11,7,4,6,0.133333
59,2005-02-05,2007-10-11,7,5,5,0.111111
59,2005-02-05,2007-10-11,7,6,4,0.088889
59,2005-02-05,2007-10-11,7,7,6,0.133333
59,2005-02-05,2007-10-11,7,8,4,0.088889
59,2005-02-05,2007-10-11,7,9,3,0.066667
59,2005-02-05,2007-10-11,8,1,5,0.090909
59,2005-02-05,2007-10-11,8,2,7,0.127273
59,2005-02-05,2007-10-11,8,3,4,0.072727
59,2005-02-05,2007-10-11,8,4,9,0.163636
59,2005-02-05,2007-10-11,8,5,6,0.109091
59,2005-02-05,2007-10-11,8,6,5,0.090909
59,2005-02-05,2007-10-11,8,7,5,0.090909
59,2005-02-05,2007-10-11,8,8,7,0.127273
59,2005-02-05,2007-10-11,8,9,7,0.127273
59,2005-02-05,2007-10-11,9,1,4,0.088889
59,2005-02-05,2007-10-11,9,2,4,0.088889
59,2005-02-05,2007-10-11,9,3,6,0.133333
59,2005-02-05,2007-10-11,9,4,2,0.044444
59,2005-02-05,2007-10-11,9,5,4,0.088889
59,2005-02-05,2007-10-11,9,6,4,0.088889
59,2005-02-05,2007-10-11,9,7,9,0.2
59,2005-02-05,2007-10-11,9,8,5,0.111111
59,2005-02-05,2007-10-11,9,9,7,0.155556
60,2005-11-10,2008-05-31,1,1,4,0.086957
60,2005-11-10,2008-05-31,1,2,4,0.086957
60,2005-11-10,2008-05-31,1,3,4,0.086957
60,2005-11-10,2008-05-31,1,4,4,0.086957
60,2005-11-10,2008-05-31,1,5,6,0.130435
60,2005-11-10,2008-05-31,1,6,3,0.065217
60,2005-11-10,2008-05-31,1,7,7,0.152174
60,2005-11-10,2008-05-31,1,8,7,0.152174
60,2005-11-10,2008-05-31,1,9,7,0.152174
60,2005-11-10,2008-05-31,2,1,8,0.173913
60,2005-11-10,2008-05-31,2,2,6,0.130435
60,2005-11-10,2008-05-31,2,3,4,0.086957
60,2005-11-10,2008-05-31,2,4,5,0.108696
60,2005-11-10,2008-05-31,2,5,5,0.108696
60,2005-11-10,2008-05-31,2,6,5,0.108696
60,2005-11-10,2008-05-31,2,7,5,0.108696
60,2005-11-10,2008-05-31,2,8,4,0.086957
60,2005-11-10,2008-05-31,2,9,4,0.086957
60,2005-11-10,2008-05-31,3,1,7,0.155556
60,2005-11-10,2008-05-31,3,2,10,0.222222
60,2005-11-10,2008-05-31,3,3,1,0.022222
60,2005-11-10,2008-05-31,3,4,5,0.111111
60,2005-11-10,2008-05-31,3,5,5,0.111111
60,2005-11-10,2008-05-31,3,6,8,0.177778
60,2005-11-10,2008-05-31,3,7,2,0.044444
60,2005-11-10,2008-05-31,3,8,4,0.088889
60,2005-11-10,2008-05-31,3,9,3,0.066667
60,2005-11-10,2008-05-31,4,1,3,0.078947
60,2005-11-10,2008-05-31,4,2,3,0.078947
60,2005-11-10,2008-05-31,4,3,8,0.210526
60,2005-11-10,2008-05-31,4,4,2,0.052632
60,2005-11-10,2008-05-31,4,5,2,0.052632
60,2005-11-10,2008-05-31,4,6,5,0.131579
60,2005-11-10,2008-05-31,4,7,3,0.078947
60,2005-11-10,2008-05-31,4,8,6,0.157895
60,2005-11-10,2008-05-31,4,9,6,0.157895
60,2005-11-10,2008-05-31,5,1,8,0.195122
60,2005-11-10,2008-05-31,5,2,3,0.073171
60,2005-11-10,2008-05-31,5,3,6,0.146341
60,2005-11-10,2008-05-31,5,4,2,0.04878
60,2005-11-10,2008-05-31,5,5,2,0.04878
60,2005-11-10,2008-05-31,5,6,5,0.121951
60,2005-11-10,2008-05-31,5,7,3,0.073171
60,2005-11-10,2008-05-31,5,8,7,0.170732
60,2005-11-10,2008-05-31,5,9,5,0.121951
60,2005-11-10,2008-05-31,6,1,2,0.044444
60,2005-11-10,2008-05-31,6,2,5,0.111111
60,2005-11-10,2008-05-31,6,3,4,0.088889
60,2005-11-10,2008-05-31,6,4,4,0.088889
60,2005-11-10,2008-05-31,6,5,4,0.088889
60,2005-11-10,2008-05-31,6,6,6,0.133333
60,2005-11-10,2008-05-31,6,7,5,0.111111
60,2005-11-10,2008-05-31,6,8,9,0.2
60,2005-11-10,2008-05-31,6,9,6,0.133333
60,2005-11-10,2008-05-31,7,1,5,0.131579
60,2005-11-10,2008-05-31,7,2,3,0.078947
60,2005-11-10,2008-05-31,7,3,8,0.210526
60,2005-11-10,2008-05-31,7,4,4,0.105263
60,2005-11-10,2008-05-31,7,5,7,0.184211
60,2005-11-10,2008-05-31,7,6,2,0.052632
60,2005-11-10,2008-05-31,7,7,2,0.052632
60,2005-11-10,2008-05-31,7,8,3,0.078947
60,2005-11-10,2008-05-31,7,9,4,0.105263
60,2005-11-10,2008-05-31,8,1,5,0.09434
60,2005-11-10,2008-05-31,8,2,7,0.132075
60,2005-11-10,2008-05-31,8,3,4,0.075472
60,2005-11-10,2008-05-31,8,4,8,0.150943
60,2005-11-10,2008-05-31,8,5,4,0.075472
60,2005-11-10,2008-05-31,8,6,8,0.150943
60,2005-11-10,2008-05-31,8,7,5,0.09434
60,2005-11-10,2008-05-31,8,8,5,0.09434
60,2005-11-10,2008-05-31,8,9,7,0.132075
60,2005-11-10,2008-05-31,9,1,4,0.083333
60,2005-11-10,2008-05-31,9,2,6,0.125
60,2005-11-10,2008-05-31,9,3,6,0.125
60,2005-11-10,2008-05-31,9,4,4,0.083333
60,2005-11-10,2008-05-31,9,5,6,0.125
60,2005-11-10,2008-05-31,9,6,3,0.0625
60,2005-11-10,2008-05-31,9,7,6,0.125
60,2005-11-10,2008-05-31,9,8,8,0.166667
60,2005-11-10,2008-05-31,9,9,5,0.104167
61,2006-07-01,2009-01-20,1,1,2,0.052632
61,2006-07-01,2009-01-20,1,2,4,0.105263
61,2006-07-01,2009-01-20,1,3,3,0.078947
61,2006-07-01,2009-01-20,1,4,2,0.052632
61,2006-07-01,2009-01-20,1,5,5,0.131579
61,2006-07-01,2009-01-20,1,6,3,0.078947
61,2006-07-01,2009-01-20,1,7,5,0.131579
61,2006-07-01,2009-01-20,1,8,7,0.184211
61,2006-07-01,2009-01-20,1,9,7,0.184211
61,2006-07-01,2009-01-20,2,1,5,0.111111
61,2006-07-01,2009-01-20,2,2,5,0.111111
61,2006-07-01,2009-01-20,2,3,4,0.088889
61,2006-07-01,2009-01-20,2,4,6,0.133333
61,2006-07-01,2009-01-20,2,5,6,0.133333
61,2006-07-01,2009-01-20,2,6,5,0.111111
61,2006-07-01,2009-01-20,2,7,5,0.111111
61,2006-07-01,2009-01-20,2,8,4,0.088889
61,2006-07-01,2009-01-20,2,9,5,0.111111
61,2006-07-01,2009-01-20,3,1,11,0.229167
61,2006-07-01,2009-01-20,3,2,6,0.125
61,2006-07-01,2009-01-20,3,3,5,0.104167
61,2006-07-01,2009-01-20,3,4,4,0.083333
61,2006-07-01,2009-01-20,3,5,3,0.0625
61,2006-07-01,2009-01-20,3,6,8,0.166667
61,2006-07-01,2009-01-20,3,7,3,0.0625
61,2006-07-01,2009-01-20,3,8,5,0.104167
61,2006-07-01,2009-01-20,3,9,3,0.0625
61,2006-07-01,2009-01-20,4,1,2,0.0625
61,2006-07-01,2009-01-20,4,2,1,0.03125
61,2006-07-01,2009-01-20,4,3,7,0.21875
61,2006-07-01,2009-01-20,4,4,2,0.0625
61,2006-07-01,2009-01-20,4,5,1,0.03125
61,2006-07-01,2009-01-20,4,6,3,0.09375
61,2006-07-01,2009-01-20,4,7,3,0.09375
61,2006-07-01,2009-01-20,4,8,8,0.25
61,2006-07-01,2009-01-20,4,9,5,0.15625
61,2006-07-01,2009-01-20,5,1,6,0.146341
61,2006-07-01,2009-01-20,5,2,2,0.04878
61,2006-07-01,2009-01-20,5,3,8,0.195122
61,2006-07-01,2009-01-20,5,4,0,0.0
61,2006-07-01,2009-01-20,5,5,2,0.04878
61,2006-07-01,2009-01-20,5,6,6,0.146341
61,2006-07-01,2009-01-20,5,7,2,0.04878
61,2006-07-01,2009-01-20,5,8,8,0.195122
61,2006-07-01,2009-01-20,5,9,7,0.170732
61,2006-07-01,2009-01-20,6,1,2,0.046512
61,2006-07-01,2009-01-20,6,2,6,0.139535
61,2006-07-01,2009-01-20,6,3,5,0.116279
61,2006-07-01,2009-01-20,6,4,2,0.046512
61,2006-07-01,2009-01-20,6,5,3,0.069767
61,2006-07-01,2009-01-20,6,6,5,0.116279
61,2006-07-01,2009-01-20,6,7,7,0.162791
61,2006-07-01,2009-01-20,6,8,7,0.162791
61,2006-07-01,2009-01-20,6,9,6,0.139535
61,2006-07-01,2009-01-20,7,1,3,0.076923
61,2006-07-01,2009-01-20,7,2,4,0.102564
61,2006-07-01,2009-01-20,7,3,6,0.153846
61,2006-07-01,2009-01-20,7,4,4,0.102564
61,2006-07-01,2009-01-20,7,5,7,0.179487
61,2006-07-01,2009-01-20,7,6,2,0.051282
61,2006-07-01,2009-01-20,7,7,2,0.051282
61,2006-07-01,2009-01-20,7,8,4,0.102564
61,2006-07-01,2009-01-20,7,9,7,0.179487
61,2006-07-01,2009-01-20,8,1,4,0.065574
61,2006-07-01,2009-01-20,8,2,8,0.131148
61,2006-07-01,2009-01-20,8,3,7,0.114754
61,2006-07-01,2009-01-20,8,4,7,0.114754
61,2006-07-01,2009-01-20,8,5,6,0.098361
61,2006-07-01,2009-01-20,8,6,8,0.131148
61,2006-07-01,2009-01-20,8,7,5,0.081967
61,2006-07-01,2009-01-20,8,8,6,0.098361
61,2006-07-01,2009-01-20,8,9,10,0.163934
61,2006-07-01,2009-01-20,9,1,3,0.056604
61,2006-07-01,2009-01-20,9,2,8,0.150943
61,2006-07-01,2009-01-20,9,3,4,0.075472
61,2006-07-01,2009-01-20,9,4,5,0.09434
61,2006-07-01,2009-01-20,9,5,8,0.150943
61,2006-07-01,2009-01-20,9,6,3,0.056604
61,2006-07-01,2009-01-20,9,7,7,0.132075
61,2006-07-01,2009-01-20,9,8,12,0.226415
61,2006-07-01,2009-01-20,9,9,3,0.056604
62,2007-02-20,2009-09-10,1,1,2,0.057143
62,2007-02-20,2009-09-10,1,2,4,0.114286
62,2007-02-20,2009-09-10,1,3,2,0.057143
62,2007-02-20,2009-09-10,1,4,2,0.057143
62,2007-02-20,2009-09-10,1,5,5,0.142857
62,2007-02-20,2009-09-10,1,6,3,0.085714
62,2007-02-20,2009-09-10,1,7,7,0.2
62,2007-02-20,2009-09-10,1,8,4,0.114286
62,2007-02-20,2009-09-10,1,9,6,0.171429
62,2007-02-20,2009-09-10,2,1,2,0.047619
62,2007-02-20,2009-09-10,2,2,4,0.095238
62,2007-02-20,2009-09-10,2,3,6,0.142857
62,2007-02-20,2009-09-10,2,4,4,0.095238
62,2007-02-20,2009-09-10,2,5,6,0.142857
62,2007-02-20,2009-09-10,2,6,5,0.119048
62,2007-02-20,2009-09-10,2,7,5,0.119048
62,2007-02-20,2009-09-10,2,8,5,0.119048
62,2007-02-20,2009-09-10,2,9,5,0.119048
62,2007-02-20,2009-09-10,3,1,10,0.192308
62,2007-02-20,2009-09-10,3,2,6,0.115385
62,2007-02-20,2009-09-10,3,3,7,0.134615
62,2007-02-20,2009-09-10,3,4,5,0.096154
62,2007-02-20,2009-09-10,3,5,5,0.096154
62,2007-02-20,2009-09-10,3,6,10,0.192308
62,2007-02-20,2009-09-10,3,7,2,0.038462
62,2007-02-20,2009-09-10,3,8,3,0.057692
62,2007-02-20,2009-09-10,3,9,4,0.076923
62,2007-02-20,2009-09-10,4,1,1,0.028571
62,2007-02-20,2009-09-10,4,2,2,0.057143
62,2007-02-20,2009-09-10,4,3,5,0.142857
62,2007-02-20,2009-09-10,4,4,1,0.028571
62,2007-02-20,2009-09-10,4,5,5,0.142857
62,2007-02-20,2009-09-10,4,6,2,0.057143
62,2007-02-20,2009-09-10,4,7,2,0.057143
62,2007-02-20,2009-09-10,4,8,10,0.285714
62,2007-02-20,2009-09-10,4,9,7,0.2
62,2007-02-20,2009-09-10,5,1,5,0.106383
62,2007-02-20,2009-09-10,5,2,4,0.085106
62,2007-02-20,2009-09-10,5,3,8,0.170213
62,2007-02-20,2009-09-10,5,4,3,0.06383
62,2007-02-20,2009-09-10,5,5,3,0.06383
62,2007-02-20,2009-09-10,5,6,6,0.12766
62,2007-02-20,2009-09-10,5,7,4,0.085106
62,2007-02-20,2009-09-10,5,8,6,0.12766
62,2007-02-20,2009-09-10,5,9,8,0.170213
62,2007-02-20,2009-09-10,6,1,1,0.02381
62,2007-02-20,2009-09-10,6,2,7,0.166667
62,2007-02-20,2009-09-10,6,3,7,0.166667
62,2007-02-20,2009-09-10,6,4,3,0.071429
62,2007-02-20,2009-09-10,6,5,3,0.071429
62,2007-02-20,2009-09-10,6,6,5,0.119048
62,2007-02-20,2009-09-10,6,7,4,0.095238
62,2007-02-20,2009-09-10,6,8,6,0.142857
62,2007-02-20,2009-09-10,6,9,6,0.142857
62,2007-02-20,2009-09-10,7,1,2,0.051282
62,2007-02-20,2009-09-10,7,2,4,0.102564
62,2007-02-20,2009-09-10,7,3,7,0.179487
62,2007-02-20,2009-09-10,7,4,4,0.102564
62,2007-02-20,2009-09-10,7,5,7,0.179487
62,2007-02-20,2009-09-10,7,6,3,0.076923
62,2007-02-20,2009-09-10,7,7,2,0.051282
62,2007-02-20,2009-09-10,7,8,3,0.076923
62,2007-02-20,2009-09-10,7,9,7,0.179487
62,2007-02-20,2009-09-10,8,1,7,0.132075
62,2007-02-20,2009-09-10,8,2,3,0.056604
62,2007-02-20,2009-09-10,8,3,6,0.113208
62,2007-02-20,2009-09-10,8,4,6,0.113208
62,2007-02-20,2009-09-10,8,5,5,0.09434
62,2007-02-20,2009-09-10,8,6,6,0.113208
62,2007-02-20,2009-09-10,8,7,5,0.09434
62,2007-02-20,2009-09-10,8,8,6,0.113208
62,2007-02-20,2009-09-10,8,9,9,0.169811
62,2007-02-20,2009-09-10,9,1,5,0.090909
62,2007-02-20,2009-09-10,9,2,8,0.145455
62,2007-02-20,2009-09-10,9,3,4,0.072727
62,2007-02-20,2009-09-10,9,4,7,0.127273
62,2007-02-20,2009-09-10,9,5,8,0.145455
62,2007-02-20,2009-09-10,9,6,3,0.054545
62,2007-02-20,2009-09-10,9,7,8,0.145455
62,2007-02-20,2009-09-10,9,8,10,0.181818
62,2007-02-20,2009-09-10,9,9,2,0.036364
63,2007-10-11,2010-05-03,1,1,3,0.075
63,2007-10-11,2010-05-03,1,2,5,0.125
63,2007-10-11,2010-05-03,1,3,1,0.025
63,2007-10-11,2010-05-03,1,4,1,0.025
63,2007-10-11,2010-05-03,1,5,6,0.15
63,2007-10-11,2010-05-03,1,6,4,0.1
63,2007-10-11,2010-05-03,1,7,7,0.175
63,2007-10-11,2010-05-03,1,8,4,0.1
63,2007-10-11,2010-05-03,1,9,9,0.225
63,2007-10-11,2010-05-03,2,1,0,0.0
63,2007-10-11,2010-05-03,2,2,4,0.105263
63,2007-10-11,2010-05-03,2,3,6,0.157895
63,2007-10-11,2010-05-03,2,4,6,0.157895
63,2007-10-11,2010-05-03,2,5,3,0.078947
63,2007-10-11,2010-05-03,2,6,5,0.131579
63,2007-10-11,2010-05-03,2,7,2,0.052632
63,2007-10-11,2010-05-03,2,8,6,0.157895
63,2007-10-11,2010-05-03,2,9,6,0.157895
63,2007-10-11,2010-05-03,3,1,10,0.204082
63,2007-10-11,2010-05-03,3,2,2,0.040816
63,2007-10-11,2010-05-03,3,3,8,0.163265
63,2007-10-11,2010-05-03,3,4,6,0.122449
63,2007-10-11,2010-05-03,3,5,6,0.122449
63,2007-10-11,2010-05-03,3,6,8,0.163265
63,2007-10-11,2010-05-03,3,7,2,0.040816
63,2007-10-11,2010-05-03,3,8,3,0.061224
63,2007-10-11,2010-05-03,3,9,4,0.081633
63,2007-10-11,2010-05-03,4,1,2,0.055556
63,2007-10-11,2010-05-03,4,2,4,0.111111
63,2007-10-11,2010-05-03,4,3,3,0.083333
63,2007-10-11,2010-05-03,4,4,2,0.055556
63,2007-10-11,2010-05-03,4,5,5,0.138889
63,2007-10-11,2010-05-03,4,6,3,0.083333
63,2007-10-11,2010-05-03,4,7,2,0.055556
63,2007-10-11,2010-05-03,4,8,8,0.222222
63,2007-10-11,2010-05-03,4,9,7,0.194444
63,2007-10-11,2010-05-03,5,1,7,0.148936
63,2007-10-11,2010-05-03,5,2,5,0.106383
63,2007-10-11,2010-05-03,5,3,6,0.12766
63,2007-10-11,2010-05-03,5,4,3,0.06383
63,2007-10-11,2010-05-03,5,5,3,0.06383
63,2007-10-11,2010-05-03,5,6,7,0.148936
63,2007-10-11,2010-05-03,5,7,4,0.085106
63,2007-10-11,2010-05-03,5,8,4,0.085106
63,2007-10-11,2010-05-03,5,9,8,0.170213
63,2007-10-11,2010-05-03,6,1,1,0.022727
63,2007-10-11,2010-05-03,6,2,4,0.090909
63,2007-10-11,2010-05-03,6,3,7,0.159091
63,2007-10-11,2010-05-03,6,4,3,0.068182
63,2007-10-11,2010-05-03,6,5,3,0.068182
63,2007-10-11,2010-05-03,6,6,7,0.159091
63,2007-10-11,2010-05-03,6,7,5,0.113636
63,2007-10-11,2010-05-03,6,8,6,0.136364
63,2007-10-11,2010-05-03,6,9,8,0.181818
63,2007-10-11,2010-05-03,7,1,5,0.131579
63,2007-10-11,2010-05-03,7,2,4,0.105263
63,2007-10-11,2010-05-03,7,3,5,0.131579
63,2007-10-11,2010-05-03,7,4,5,0.131579
63,2007-10-11,2010-05-03,7,5,6,0.157895
63,2007-10-11,2010-05-03,7,6,2,0.052632
63,2007-10-11,2010-05-03,7,7,2,0.052632
63,2007-10-11,2010-05-03,7,8,3,0.078947
63,2007-10-11,2010-05-03,7,9,6,0.157895
63,2007-10-11,2010-05-03,8,1,8,0.156863
63,2007-10-11,2010-05-03,8,2,3,0.058824
63,2007-10-11,2010-05-03,8,3,7,0.137255
63,2007-10-11,2010-05-03,8,4,3,0.058824
63,2007-10-11,2010-05-03,8,5,3,0.058824
63,2007-10-11,2010-05-03,8,6,6,0.117647
63,2007-10-11,2010-05-03,8,7,8,0.156863
63,2007-10-11,2010-05-03,8,8,5,0.098039
63,2007-10-11,2010-05-03,8,9,8,0.156863
63,2007-10-11,2010-05-03,9,1,4,0.070175
63,2007-10-11,2010-05-03,9,2,7,0.122807
63,2007-10-11,2010-05-03,9,3,6,0.105263
63,2007-10-11,2010-05-03,9,4,7,0.122807
63,2007-10-11,2010-05-03,9,5,11,0.192982
63,2007-10-11,2010-05-03,9,6,2,0.035088
63,2007-10-11,2010-05-03,9,7,6,0.105263
63,2007-10-11,2010-05-03,9,8,12,0.210526
63,2007-10-11,2010-05-03,9,9,2,0.035088
64,2008-05-31,2010-12-21,1,1,3,0.06383
64,2008-05-31,2010-12-21,1,2,3,0.06383
64,2008-05-31,2010-12-21,1,3,1,0.021277
64,2008-05-31,2010-12-21,1,4,4,0.085106
64,2008-05-31,2010-12-21,1,5,7,0.148936
64,2008-05-31,2010-12-21,1,6,6,0.12766
64,2008-05-31,2010-12-21,1,7,9,0.191489
64,2008-05-31,2010-12-21,1,8,5,0.106383
64,2008-05-31,2010-12-21,1,9,9,0.191489
64,2008-05-31,2010-12-21,2,1,3,0.078947
64,2008-05-31,2010-12-21,2,2,4,0.105263
64,2008-05-31,2010-12-21,2,3,6,0.157895
64,2008-05-31,2010-12-21,2,4,5,0.131579
64,2008-05-31,2010-12-21,2,5,3,0.078947
64,2008-05-31,2010-12-21,2,6,4,0.105263
64,2008-05-31,2010-12-21,2,7,2,0.052632
64,2008-05-31,2010-12-21,2,8,6,0.157895
64,2008-05-31,2010-12-21,2,9,5,0.131579
64,2008-05-31,2010-12-21,3,1,10,0.217391
64,2008-05-31,2010-12-21,3,2,1,0.021739
64,2008-05-31,2010-12-21,3,3,7,0.152174
64,2008-05-31,2010-12-21,3,4,6,0.130435
64,2008-05-31,2010-12-21,3,5,6,0.130435
64,2008-05-31,2010-12-21,3,6,6,0.130435
64,2008-05-31,2010-12-21,3,7,4,0.086957
64,2008-05-31,2010-12-21,3,8,3,0.065217
64,2008-05-31,2010-12-21,3,9,3,0.065217
64,2008-05-31,2010-12-21,4,1,4,0.095238
64,2008-05-31,2010-12-21,4,2,6,0.142857
64,2008-05-31,2010-12-21,4,3,2,0.047619
64,2008-05-31,2010-12-21,4,4,3,0.071429
64,2008-05-31,2010-12-21,4,5,5,0.119048
64,2008-05-31,2010-12-21,4,6,3,0.071429
64,2008-05-31,2010-12-21,4,7,3,0.071429
64,2008-05-31,2010-12-21,4,8,9,0.214286
64,2008-05-31,2010-12-21,4,9,7,0.166667
64,2008-05-31,2010-12-21,5,1,6,0.109091
64,2008-05-31,2010-12-21,5,2,6,0.109091
64,2008-05-31,2010-12-21,5,3,8,0.145455
64,2008-05-31,2010-12-21,5,4,6,0.109091
64,2008-05-31,2010-12-21,5,5,6,0.109091
64,2008-05-31,2010-12-21,5,6,6,0.109091
64,2008-05-31,2010-12-21,5,7,3,0.054545
64,2008-05-31,2010-12-21,5,8,5,0.090909
64,2008-05-31,2010-12-21,5,9,9,0.163636
64,2008-05-31,2010-12-21,6,1,2,0.052632
64,2008-05-31,2010-12-21,6,2,3,0.078947
64,2008-05-31,2010-12-21,6,3,5,0.131579
64,2008-05-31,2010-12-21,6,4,4,0.105263
64,2008-05-31,2010-12-21,6,5,7,0.184211
64,2008-05-31,2010-12-21,6,6,6,0.157895
64,2008-05-31,2010-12-21,6,7,4,0.105263
64,2008-05-31,2010-12-21,6,8,3,0.078947
64,2008-05-31,2010-12-21,6,9,4,0.105263
64,2008-05-31,2010-12-21,7,1,5,0.135135
64,2008-05-31,2010-12-21,7,2,6,0.162162
64,2008-05-31,2010-12-21,7,3,4,0.108108
64,2008-05-31,2010-12-21,7,4,5,0.135135
64,2008-05-31,2010-12-21,7,5,6,0.162162
64,2008-05-31,2010-12-21,7,6,3,0.081081
64,2008-05-31,2010-12-21,7,7,1,0.027027
64,2008-05-31,2010-12-21,7,8,2,0.054054
64,2008-05-31,2010-12-21,7,9,5,0.135135
64,2008-05-31,2010-12-21,8,1,8,0.166667
64,2008-05-31,2010-12-21,8,2,3,0.0625
64,2008-05-31,2010-12-21,8,3,7,0.145833
64,2008-05-31,2010-12-21,8,4,4,0.083333
64,2008-05-31,2010-12-21,8,5,6,0.125
64,2008-05-31,2010-12-21,8,6,2,0.041667
64,2008-05-31,2010-12-21,8,7,7,0.145833
64,2008-05-31,2010-12-21,8,8,5,0.104167
64,2008-05-31,2010-12-21,8,9,6,0.125
64,2008-05-31,2010-12-21,9,1,6,0.122449
64,2008-05-31,2010-12-21,9,2,5,0.102041
64,2008-05-31,2010-12-21,9,3,6,0.122449
64,2008-05-31,2010-12-21,9,4,5,0.102041
64,2008-05-31,2010-12-21,9,5,10,0.204082
64,2008-05-31,2010-12-21,9,6,2,0.040816
64,2008-05-31,2010-12-21,9,7,4,0.081633
64,2008-05-31,2010-12-21,9,8,10,0.204082
64,2008-05-31,2010-12-21,9,9,1,0.020408
65,2009-01-20,2011-08-11,1,1,4,0.085106
65,2009-01-20,2011-08-11,1,2,2,0.042553
65,2009-01-20,2011-08-11,1,3,1,0.021277
65,2009-01-20,2011-08-11,1,4,6,0.12766
65,2009-01-20,2011-08-11,1,5,6,0.12766
65,2009-01-20,2011-08-11,1,6,7,0.148936
65,2009-01-20,2011-08-11,1,7,10,0.212766
65,2009-01-20,2011-08-11,1,8,4,0.085106
65,2009-01-20,2011-08-11,1,9,7,0.148936
65,2009-01-20,2011-08-11,2,1,3,0.069767
65,2009-01-20,2011-08-11,2,2,6,0.139535
65,2009-01-20,2011-08-11,2,3,7,0.162791
65,2009-01-20,2011-08-11,2,4,5,0.116279
65,2009-01-20,2011-08-11,2,5,5,0.116279
65,2009-01-20,2011-08-11,2,6,4,0.093023
65,2009-01-20,2011-08-11,2,7,3,0.069767
65,2009-01-20,2011-08-11,2,8,6,0.139535
65,2009-01-20,2011-08-11,2,9,4,0.093023
65,2009-01-20,2011-08-11,3,1,6,0.146341
65,2009-01-20,2011-08-11,3,2,3,0.073171
65,2009-01-20,2011-08-11,3,3,3,0.073171
65,2009-01-20,2011-08-11,3,4,6,0.146341
65,2009-01-20,2011-08-11,3,5,7,0.170732
65,2009-01-20,2011-08-11,3,6,5,0.121951
65,2009-01-20,2011-08-11,3,7,4,0.097561
65,2009-01-20,2011-08-11,3,8,3,0.073171
65,2009-01-20,2011-08-11,3,9,4,0.097561
65,2009-01-20,2011-08-11,4,1,4,0.085106
65,2009-01-20,2011-08-11,4,2,8,0.170213
65,2009-01-20,2011-08-11,4,3,4,0.085106
65,2009-01-20,2011-08-11,4,4,4,0.085106
65,2009-01-20,2011-08-11,4,5,6,0.12766
65,2009-01-20,2011-08-11,4,6,5,0.106383
65,2009-01-20,2011-08-11,4,7,3,0.06383
65,2009-01-20,2011-08-11,4,8,7,0.148936
65,2009-01-20,2011-08-11,4,9,6,0.12766
65,2009-01-20,2011-08-11,5,1,6,0.103448
65,2009-01-20,2011-08-11,5,2,9,0.155172
65,2009-01-20,2011-08-11,5,3,6,0.103448
65,2009-01-20,2011-08-11,5,4,7,0.12069
65,2009-01-20,2011-08-11,5,5,7,0.12069
65,2009-01-20,2011-08-11,5,6,9,0.155172
65,2009-01-20,2011-08-11,5,7,3,0.051724
65,2009-01-20,2011-08-11,5,8,3,0.051724
65,2009-01-20,2011-08-11,5,9,8,0.137931
65,2009-01-20,2011-08-11,6,1,3,0.071429
65,2009-01-20,2011-08-11,6,2,2,0.047619
65,2009-01-20,2011-08-11,6,3,5,0.119048
65,2009-01-20,2011-08-11,6,4,5,0.119048
65,2009-01-20,2011-08-11,6,5,6,0.142857
65,2009-01-20,2011-08-11,6,6,9,0.214286
65,2009-01-20,2011-08-11,6,7,4,0.095238
65,2009-01-20,2011-08-11,6,8,4,0.095238
65,2009-01-20,2011-08-11,6,9,4,0.095238
65,2009-01-20,2011-08-11,7,1,6,0.146341
65,2009-01-20,2011-08-11,7,2,6,0.146341
65,2009-01-20,2011-08-11,7,3,5,0.121951
65,2009-01-20,2011-08-11,7,4,7,0.170732
65,2009-01-20,2011-08-11,7,5,6,0.146341
65,2009-01-20,2011-08-11,7,6,2,0.04878
65,2009-01-20,2011-08-11,7,7,4,0.097561
65,2009-01-20,2011-08-11,7,8,3,0.073171
65,2009-01-20,2011-08-11,7,9,2,0.04878
65,2009-01-20,2011-08-11,8,1,9,0.214286
65,2009-01-20,2011-08-11,8,2,3,0.071429
65,2009-01-20,2011-08-11,8,3,3,0.071429
65,2009-01-20,2011-08-11,8,4,4,0.095238
65,2009-01-20,2011-08-11,8,5,7,0.166667
65,2009-01-20,2011-08-11,8,6,1,0.02381
65,2009-01-20,2011-08-11,8,7,8,0.190476
65,2009-01-20,2011-08-11,8,8,4,0.095238
65,2009-01-20,2011-08-11,8,9,3,0.071429
65,2009-01-20,2011-08-11,9,1,6,0.153846
65,2009-01-20,2011-08-11,9,2,4,0.102564
65,2009-01-20,2011-08-11,9,3,6,0.153846
65,2009-01-20,2011-08-11,9,4,3,0.076923
65,2009-01-20,2011-08-11,9,5,8,0.205128
65,2009-01-20,2011-08-11,9,6,1,0.025641
65,2009-01-20,2011-08-11,9,7,2,0.051282
65,2009-01-20,2011-08-11,9,8,8,0.205128
65,2009-01-20,2011-08-11,9,9,1,0.025641
66,2009-09-10,2012-03-31,1,1,3,0.068182
66,2009-09-10,2012-03-31,1,2,1,0.022727
66,2009-09-10,2012-03-31,1,3,2,0.045455
66,2009-09-10,2012-03-31,1,4,5,0.113636
66,2009-09-10,2012-03-31,1,5,8,0.181818
66,2009-09-10,2012-03-31,1,6,6,0.136364
66,2009-09-10,2012-03-31,1,7,10,0.227273
66,2009-09-10,2012-03-31,1,8,3,0.068182
66,2009-09-10,2012-03-31,1,9,6,0.136364
66,2009-09-10,2012-03-31,2,1,4,0.085106
66,2009-09-10,2012-03-31,2,2,8,0.170213
66,2009-09-10,2012-03-31,2,3,7,0.148936
66,2009-09-10,2012-03-31,2,4,6,0.12766
66,2009-09-10,2012-03-31,2,5,6,0.12766
66,2009-09-10,2012-03-31,2,6,4,0.085106
66,2009-09-10,2012-03-31,2,7,3,0.06383
66,2009-09-10,2012-03-31,2,8,5,0.106383
66,2009-09-10,2012-03-31,2,9,4,0.085106
66,2009-09-10,2012-03-31,3,1,7,0.155556
66,2009-09-10,2012-03-31,3,2,6,0.133333
66,2009-09-10,2012-03-31,3,3,3,0.066667
66,2009-09-10,2012-03-31,3,4,6,0.133333
66,2009-09-10,2012-03-31,3,5,5,0.111111
66,2009-09-10,2012-03-31,3,6,4,0.088889
66,2009-09-10,2012-03-31,3,7,4,0.088889
66,2009-09-10,2012-03-31,3,8,6,0.133333
66,2009-09-10,2012-03-31,3,9,4,0.088889
66,2009-09-10,2012-03-31,4,1,5,0.116279
66,2009-09-10,2012-03-31,4,2,7,0.162791
66,2009-09-10,2012-03-31,4,3,5,0.116279
66,2009-09-10,2012-03-31,4,4,5,0.116279
66,2009-09-10,2012-03-31,4,5,2,0.046512
66,2009-09-10,2012-03-31,4,6,5,0.116279
66,2009-09-10,2012-03-31,4,7,5,0.116279
66,2009-09-10,2012-03-31,4,8,6,0.139535
66,2009-09-10,2012-03-31,4,9,3,0.069767
66,2009-09-10,2012-03-31,5,1,6,0.107143
66,2009-09-10,2012-03-31,5,2,8,0.142857
66,2009-09-10,2012-03-31,5,3,7,0.125
66,2009-09-10,2012-03-31,5,4,6,0.107143
66,2009-09-10,2012-03-31,5,5,6,0.107143
66,2009-09-10,2012-03-31,5,6,11,0.196429
66,2009-09-10,2012-03-31,5,7,3,0.053571
66,2009-09-10,2012-03-31,5,8,3,0.053571
66,2009-09-10,2012-03-31,5,9,6,0.107143
66,2009-09-10,2012-03-31,6,1,3,0.069767
66,2009-09-10,2012-03-31,6,2,2,0.046512
66,2009-09-10,2012-03-31,6,3,3,0.069767
66,2009-09-10,2012-03-31,6,4,4,0.093023
66,2009-09-10,2012-03-31,6,5,6,0.139535
66,2009-09-10,2012-03-31,6,6,9,0.209302
66,2009-09-10,2012-03-31,6,7,7,0.162791
66,2009-09-10,2012-03-31,6,8,5,0.116279
66,2009-09-10,2012-03-31,6,9,4,0.093023
66,2009-09-10,2012-03-31,7,1,5,0.104167
66,2009-09-10,2012-03-31,7,2,9,0.1875
66,2009-09-10,2012-03-31,7,3,6,0.125
66,2009-09-10,2012-03-31,7,4,5,0.104167
66,2009-09-10,2012-03-31,7,5,7,0.145833
66,2009-09-10,2012-03-31,7,6,2,0.041667
66,2009-09-10,2012-03-31,7,7,6,0.125
66,2009-09-10,2012-03-31,7,8,7,0.145833
66,2009-09-10,2012-03-31,7,9,1,0.020833
66,2009-09-10,2012-03-31,8,1,6,0.136364
66,2009-09-10,2012-03-31,8,2,4,0.090909
66,2009-09-10,2012-03-31,8,3,5,0.113636
66,2009-09-10,2012-03-31,8,4,4,0.090909
66,2009-09-10,2012-03-31,8,5,10,0.227273
66,2009-09-10,2012-03-31,8,6,1,0.022727
66,2009-09-10,2012-03-31,8,7,9,0.204545
66,2009-09-10,2012-03-31,8,8,3,0.068182
66,2009-09-10,2012-03-31,8,9,2,0.045455
66,2009-09-10,2012-03-31,9,1,5,0.166667
66,2009-09-10,2012-03-31,9,2,2,0.066667
66,2009-09-10,2012-03-31,9,3,7,0.233333
66,2009-09-10,2012-03-31,9,4,2,0.066667
66,2009-09-10,2012-03-31,9,5,6,0.2
66,2009-09-10,2012-03-31,9,6,1,0.033333
66,2009-09-10,2012-03-31,9,7,1,0.033333
66,2009-09-10,2012-03-31,9,8,6,0.2
66,2009-09-10,2012-03-31,9,9,0,0.0
67,2010-05-03,2012-11-20,1,1,3,0.073171
67,2010-05-03,2012-11-20,1,2,2,0.04878
67,2010-05-03,2012-11-20,1,3,3,0.073171
67,2010-05-03,2012-11-20,1,4,7,0.170732
67,2010-05-03,2012-11-20,1,5,6,0.146341
67,2010-05-03,2012-11-20,1,6,5,0.121951
67,2010-05-03,2012-11-20,1,7,9,0.219512
67,2010-05-03,2012-11-20,1,8,3,0.073171
67,2010-05-03,2012-11-20,1,9,3,0.073171
67,2010-05-03,2012-11-20,2,1,5,0.1
67,2010-05-03,2012-11-20,2,2,10,0.2
67,2010-05-03,2012-11-20,2,3,6,0.12
67,2010-05-03,2012-11-20,2,4,6,0.12
67,2010-05-03,2012-11-20,2,5,8,0.16
67,2010-05-03,2012-11-20,2,6,4,0.08
67,2010-05-03,2012-11-20,2,7,1,0.02
67,2010-05-03,2012-11-20,2,8,5,0.1
67,2010-05-03,2012-11-20,2,9,5,0.1
67,2010-05-03,2012-11-20,3,1,8,0.190476
67,2010-05-03,2012-11-20,3,2,5,0.119048
67,2010-05-03,2012-11-20,3,3,3,0.071429
67,2010-05-03,2012-11-20,3,4,5,0.119048
67,2010-05-03,2012-11-20,3,5,4,0.095238
67,2010-05-03,2012-11-20,3,6,3,0.071429
67,2010-05-03,2012-11-20,3,7,4,0.095238
67,2010-05-03,2012-11-20,3,8,6,0.142857
67,2010-05-03,2012-11-20,3,9,4,0.095238
67,2010-05-03,2012-11-20,4,1,4,0.086957
67,2010-05-03,2012-11-20,4,2,6,0.130435
67,2010-05-03,2012-11-20,4,3,7,0.152174
67,2010-05-03,2012-11-20,4,4,5,0.108696
67,2010-05-03,2012-11-20,4,5,3,0.065217
67,2010-05-03,2012-11-20,4,6,5,0.108696
67,2010-05-03,2012-11-20,4,7,7,0.152174
67,2010-05-03,2012-11-20,4,8,6,0.130435
67,2010-05-03,2012-11-20,4,9,3,0.065217
67,2010-05-03,2012-11-20,5,1,5,0.09434
67,2010-05-03,2012-11-20,5,2,7,0.132075
67,2010-05-03,2012-11-20,5,3,7,0.132075
67,2010-05-03,2012-11-20,5,4,6,0.113208
67,2010-05-03,2012-11-20,5,5,6,0.113208
67,2010-05-03,2012-11-20,5,6,10,0.188679
67,2010-05-03,2012-11-20,5,7,3,0.056604
67,2010-05-03,2012-11-20,5,8,4,0.075472
67,2010-05-03,2012-11-20,5,9,5,0.09434
67,2010-05-03,2012-11-20,6,1,3,0.066667
67,2010-05-03,2012-11-20,6,2,2,0.044444
67,2010-05-03,2012-11-20,6,3,3,0.066667
67,2010-05-03,2012-11-20,6,4,4,0.088889
67,2010-05-03,2012-11-20,6,5,5,0.111111
67,2010-05-03,2012-11-20,6,6,8,0.177778
67,2010-05-03,2012-11-20,6,7,5,0.111111
67,2010-05-03,2012-11-20,6,8,10,0.222222
67,2010-05-03,2012-11-20,6,9,5,0.111111
67,2010-05-03,2012-11-20,7,1,2,0.044444
67,2010-05-03,2012-11-20,7,2,9,0.2
67,2010-05-03,2012-11-20,7,3,4,0.088889
67,2010-05-03,2012-11-20,7,4,4,0.088889
67,2010-05-03,2012-11-20,7,5,7,0.155556
67,2010-05-03,2012-11-20,7,6,4,0.088889
67,2010-05-03,2012-11-20,7,7,7,0.155556
67,2010-05-03,2012-11-20,7,8,6,0.133333
67,2010-05-03,2012-11-20,7,9,2,0.044444
67,2010-05-03,2012-11-20,8,1,6,0.130435
67,2010-05-03,2012-11-20,8,2,4,0.086957
67,2010-05-03,2012-11-20,8,3,4,0.086957
67,2010-05-03,2012-11-20,8,4,7,0.152174
67,2010-05-03,2012-11-20,8,5,11,0.23913
67,2010-05-03,2012-11-20,8,6,4,0.086957
67,2010-05-03,2012-11-20,8,7,6,0.130435
67,2010-05-03,2012-11-20,8,8,2,0.043478
67,2010-05-03,2012-11-20,8,9,2,0.043478
67,2010-05-03,2012-11-20,9,1,5,0.15625
67,2010-05-03,2012-11-20,9,2,5,0.15625
67,2010-05-03,2012-11-20,9,3,6,0.1875
67,2010-05-03,2012-11-20,9,4,2,0.0625
67,2010-05-03,2012-11-20,9,5,3,0.09375
67,2010-05-03,2012-11-20,9,6,2,0.0625
67,2010-05-03,2012-11-20,9,7,3,0.09375
67,2010-05-03,2012-11-20,9,8,4,0.125
67,2010-05-03,2012-11-20,9,9,2,0.0625
68,2010-12-21,2013-07-11,1,1,2,0.058824
68,2010-12-21,2013-07-11,1,2,2,0.058824
68,2010-12-21,2013-07-11,1,3,2,0.058824
68,2010-12-21,2013-07-11,1,4,5,0.147059
68,2010-12-21,2013-07-11,1,5,4,0.117647
68,2010-12-21,2013-07-11,1,6,2,0.058824
68,2010-12-21,2013-07-11,1,7,8,0.235294
68,2010-12-21,2013-07-11,1,8,5,0.147059
68,2010-12-21,2013-07-11,1,9,4,0.117647
68,2010-12-21,2013-07-11,2,1,4,0.074074
68,2010-12-21,2013-07-11,2,2,10,0.185185
68,2010-12-21,2013-07-11,2,3,7,0.12963
68,2010-12-21,2013-07-11,2,4,5,0.092593
68,2010-12-21,2013-07-11,2,5,8,0.148148
68,2010-12-21,2013-07-11,2,6,5,0.092593
68,2010-12-21,2013-07-11,2,7,2,0.037037
68,2010-12-21,2013-07-11,2,8,6,0.111111
68,2010-12-21,2013-07-11,2,9,7,0.12963
68,2010-12-21,2013-07-11,3,1,8,0.190476
68,2010-12-21,2013-07-11,3,2,7,0.166667
68,2010-12-21,2013-07-11,3,3,5,0.119048
68,2010-12-21,2013-07-11,3,4,5,0.119048
68,2010-12-21,2013-07-11,3,5,2,0.047619
68,2010-12-21,2013-07-11,3,6,2,0.047619
68,2010-12-21,2013-07-11,3,7,2,0.047619
68,2010-12-21,2013-07-11,3,8,5,0.119048
68,2010-12-21,2013-07-11,3,9,6,0.142857
68,2010-12-21,2013-07-11,4,1,2,0.05
68,2010-12-21,2013-07-11,4,2,3,0.075
68,2010-12-21,2013-07-11,4,3,9,0.225
68,2010-12-21,2013-07-11,4,4,4,0.1
68,2010-12-21,2013-07-11,4,5,3,0.075
68,2010-12-21,2013-07-11,4,6,7,0.175
68,2010-12-21,2013-07-11,4,7,5,0.125
68,2010-12-21,2013-07-11,4,8,4,0.1
68,2010-12-21,2013-07-11,4,9,3,0.075
68,2010-12-21,2013-07-11,5,1,5,0.1
68,2010-12-21,2013-07-11,5,2,7,0.14
68,2010-12-21,2013-07-11,5,3,3,0.06
68,2010-12-21,2013-07-11,5,4,5,0.1
68,2010-12-21,2013-07-11,5,5,6,0.12
68,2010-12-21,2013-07-11,5,6,14,0.28
68,2010-12-21,2013-07-11,5,7,4,0.08
68,2010-12-21,2013-07-11,5,8,5,0.1
68,2010-12-21,2013-07-11,5,9,1,0.02
68,2010-12-21,2013-07-11,6,1,4,0.08
68,2010-12-21,2013-07-11,6,2,5,0.1
68,2010-12-21,2013-07-11,6,3,4,0.08
68,2010-12-21,2013-07-11,6,4,4,0.08
68,2010-12-21,2013-07-11,6,5,4,0.08
68,2010-12-21,2013-07-11,6,6,7,0.14
68,2010-12-21,2013-07-11,6,7,6,0.12
68,2010-12-21,2013-07-11,6,8,10,0.2
68,2010-12-21,2013-07-11,6,9,6,0.12
68,2010-12-21,2013-07-11,7,1,2,0.044444
68,2010-12-21,2013-07-11,7,2,8,0.177778
68,2010-12-21,2013-07-11,7,3,4,0.088889
68,2010-12-21,2013-07-11,7,4,4,0.088889
68,2010-12-21,2013-07-11,7,5,4,0.088889
68,2010-12-21,2013-07-11,7,6,4,0.088889
68,2010-12-21,2013-07-11,7,7,9,0.2
68,2010-12-21,2013-07-11,7,8,7,0.155556
68,2010-12-21,2013-07-11,7,9,3,0.066667
68,2010-12-21,2013-07-11,8,1,5,0.102041
68,2010-12-21,2013-07-11,8,2,6,0.122449
68,2010-12-21,2013-07-11,8,3,5,0.102041
68,2010-12-21,2013-07-11,8,4,6,0.122449
68,2010-12-21,2013-07-11,8,5,10,0.204082
68,2010-12-21,2013-07-11,8,6,7,0.142857
68,2010-12-21,2013-07-11,8,7,5,0.102041
68,2010-12-21,2013-07-11,8,8,3,0.061224
68,2010-12-21,2013-07-11,8,9,2,0.040816
68,2010-12-21,2013-07-11,9,1,2,0.055556
68,2010-12-21,2013-07-11,9,2,6,0.166667
68,2010-12-21,2013-07-11,9,3,4,0.111111
68,2010-12-21,2013-07-11,9,4,2,0.055556
68,2010-12-21,2013-07-11,9,5,8,0.222222
68,2010-12-21,2013-07-11,9,6,2,0.055556
68,2010-12-21,2013-07-11,9,7,4,0.111111
68,2010-12-21,2013-07-11,9,8,4,0.111111
68,2010-12-21,2013-07-11,9,9,4,0.111111
69,2011-08-11,2014-03-01,1,1,1,0.029412
69,2011-08-11,2014-03-01,1,2,3,0.088235
69,2011-08-11,2014-03-01,1,3,2,0.058824
69,2011-08-11,2014-03-01,1,4,6,0.176471
69,2011-08-11,2014-03-01,1,5,4,0.117647
69,2011-08-11,2014-03-01,1,6,2,0.058824
69,2011-08-11,2014-03-01,1,7,6,0.176471
69,2011-08-11,2014-03-01,1,8,5,0.147059
69,2011-08-11,2014-03-01,1,9,5,0.147059
69,2011-08-11,2014-03-01,2,1,5,0.108696
69,2011-08-11,2014-03-01,2,2,8,0.173913
69,2011-08-11,2014-03-01,2,3,6,0.130435
69,2011-08-11,2014-03-01,2,4,5,0.108696
69,2011-08-11,2014-03-01,2,5,6,0.130435
69,2011-08-11,2014-03-01,2,6,4,0.086957
69,2011-08-11,2014-03-01,2,7,2,0.043478
69,2011-08-11,2014-03-01,2,8,5,0.108696
69,2011-08-11,2014-03-01,2,9,5,0.108696
69,2011-08-11,2014-03-01,3,1,8,0.181818
69,2011-08-11,2014-03-01,3,2,6,0.136364
69,2011-08-11,2014-03-01,3,3,6,0.136364
69,2011-08-11,2014-03-01,3,4,5,0.113636
69,2011-08-11,2014-03-01,3,5,4,0.090909
69,2011-08-11,2014-03-01,3,6,4,0.090909
69,2011-08-11,2014-03-01,3,7,3,0.068182
69,2011-08-11,2014-03-01,3,8,4,0.090909
69,2011-08-11,2014-03-01,3,9,4,0.090909
69,2011-08-11,2014-03-01,4,1,5,0.121951
69,2011-08-11,2014-03-01,4,2,3,0.073171
69,2011-08-11,2014-03-01,4,3,8,0.195122
69,2011-08-11,2014-03-01,4,4,3,0.073171
69,2011-08-11,2014-03-01,4,5,4,0.097561
69,2011-08-11,2014-03-01,4,6,6,0.146341
69,2011-08-11,2014-03-01,4,7,4,0.097561
69,2011-08-11,2014-03-01,4,8,4,0.097561
69,2011-08-11,2014-03-01,4,9,4,0.097561
69,2011-08-11,2014-03-01,5,1,4,0.083333
69,2011-08-11,2014-03-01,5,2,4,0.083333
69,2011-08-11,2014-03-01,5,3,3,0.0625
69,2011-08-11,2014-03-01,5,4,4,0.083333
69,2011-08-11,2014-03-01,5,5,6,0.125
69,2011-08-11,2014-03-01,5,6,11,0.229167
69,2011-08-11,2014-03-01,5,7,6,0.125
69,2011-08-11,2014-03-01,5,8,8,0.166667
69,2011-08-11,2014-03-01,5,9,2,0.041667
69,2011-08-11,2014-03-01,6,1,6,0.113208
69,2011-08-11,2014-03-01,6,2,5,0.09434
69,2011-08-11,2014-03-01,6,3,4,0.075472
69,2011-08-11,2014-03-01,6,4,2,0.037736
69,2011-08-11,2014-03-01,6,5,5,0.09434
69,2011-08-11,2014-03-01,6,6,8,0.150943
69,2011-08-11,2014-03-01,6,7,6,0.113208
69,2011-08-11,2014-03-01,6,8,9,0.169811
69,2011-08-11,2014-03-01,6,9,8,0.150943
69,2011-08-11,2014-03-01,7,1,1,0.023256
69,2011-08-11,2014-03-01,7,2,6,0.139535
69,2011-08-11,2014-03-01,7,3,5,0.116279
69,2011-08-11,2014-03-01,7,4,4,0.093023
69,2011-08-11,2014-03-01,7,5,5,0.116279
69,2011-08-11,2014-03-01,7,6,4,0.093023
69,2011-08-11,2014-03-01,7,7,7,0.162791
69,2011-08-11,2014-03-01,7,8,6,0.139535
69,2011-08-11,2014-03-01,7,9,5,0.116279
69,2011-08-11,2014-03-01,8,1,4,0.081633
69,2011-08-11,2014-03-01,8,2,5,0.102041
69,2011-08-11,2014-03-01,8,3,5,0.102041
69,2011-08-11,2014-03-01,8,4,9,0.183673
69,2011-08-11,2014-03-01,8,5,6,0.122449
69,2011-08-11,2014-03-01,8,6,8,0.163265
69,2011-08-11,2014-03-01,8,7,3,0.061224
69,2011-08-11,2014-03-01,8,8,4,0.081633
69,2011-08-11,2014-03-01,8,9,5,0.102041
69,2011-08-11,2014-03-01,9,1,1,0.02381
69,2011-08-11,2014-03-01,9,2,6,0.142857
69,2011-08-11,2014-03-01,9,3,5,0.119048
69,2011-08-11,2014-03-01,9,4,3,0.071429
69,2011-08-11,2014-03-01,9,5,8,0.190476
69,2011-08-11,2014-03-01,9,6,5,0.119048
69,2011-08-11,2014-03-01,9,7,6,0.142857
69,2011-08-11,2014-03-01,9,8,4,0.095238
69,2011-08-11,2014-03-01,9,9,4,0.095238
70,2012-03-31,2014-10-21,1,1,2,0.052632
70,2012-03-31,2014-10-21,1,2,3,0.078947
70,2012-03-31,2014-10-21,1,3,2,0.052632
70,2012-03-31,2014-10-21,1,4,6,0.157895
70,2012-03-31,2014-10-21,1,5,4,0.105263
70,2012-03-31,2014-10-21,1,6,2,0.052632
70,2012-03-31,2014-10-21,1,7,5,0.131579
70,2012-03-31,2014-10-21,1,8,5,0.131579
70,2012-03-31,2014-10-21,1,9,9,0.236842
70,2012-03-31,2014-10-21,2,1,5,0.116279
70,2012-03-31,2014-10-21,2,2,5,0.116279
70,2012-03-31,2014-10-21,2,3,5,0.116279
70,2012-03-31,2014-10-21,2,4,4,0.093023
70,2012-03-31,2014-10-21,2,5,4,0.093023
70,2012-03-31,2014-10-21,2,6,2,0.046512
70,2012-03-31,2014-10-21,2,7,4,0.093023
70,2012-03-31,2014-10-21,2,8,5,0.116279
70,2012-03-31,2014-10-21,2,9,9,0.209302
70,2012-03-31,2014-10-21,3,1,9,0.230769
70,2012-03-31,2014-10-21,3,2,3,0.076923
70,2012-03-31,2014-10-21,3,3,4,0.102564
70,2012-03-31,2014-10-21,3,4,7,0.179487
70,2012-03-31,2014-10-21,3,5,5,0.128205
70,2012-03-31,2014-10-21,3,6,4,0.102564
70,2012-03-31,2014-10-21,3,7,2,0.051282
70,2012-03-31,2014-10-21,3,8,1,0.025641
70,2012-03-31,2014-10-21,3,9,4,0.102564
70,2012-03-31,2014-10-21,4,1,6,0.133333
70,2012-03-31,2014-10-21,4,2,5,0.111111
70,2012-03-31,2014-10-21,4,3,8,0.177778
70,2012-03-31,2014-10-21,4,4,3,0.066667
70,2012-03-31,2014-10-21,4,5,8,0.177778
70,2012-03-31,2014-10-21,4,6,7,0.155556
70,2012-03-31,2014-10-21,4,7,2,0.044444
70,2012-03-31,2014-10-21,4,8,3,0.066667
70,2012-03-31,2014-10-21,4,9,3,0.066667
70,2012-03-31,2014-10-21,5,1,4,0.081633
70,2012-03-31,2014-10-21,5,2,4,0.081633
70,2012-03-31,2014-10-21,5,3,4,0.081633
70,2012-03-31,2014-10-21,5,4,2,0.040816
70,2012-03-31,2014-10-21,5,5,7,0.142857
70,2012-03-31,2014-10-21,5,6,9,0.183673
70,2012-03-31,2014-10-21,5,7,5,0.102041
70,2012-03-31,2014-10-21,5,8,12,0.244898
70,2012-03-31,2014-10-21,5,9,2,0.040816
70,2012-03-31,2014-10-21,6,1,6,0.117647
70,2012-03-31,2014-10-21,6,2,6,0.117647
70,2012-03-31,2014-10-21,6,3,4,0.078431
70,2012-03-31,2014-10-21,6,4,2,0.039216
70,2012-03-31,2014-10-21,6,5,5,0.098039
70,2012-03-31,2014-10-21,6,6,8,0.156863
70,2012-03-31,2014-10-21,6,7,6,0.117647
70,2012-03-31,2014-10-21,6,8,7,0.137255
70,2012-03-31,2014-10-21,6,9,7,0.137255
70,2012-03-31,2014-10-21,7,1,1,0.025641
70,2012-03-31,2014-10-21,7,2,4,0.102564
70,2012-03-31,2014-10-21,7,3,4,0.102564
70,2012-03-31,2014-10-21,7,4,6,0.153846
70,2012-03-31,2014-10-21,7,5,3,0.076923
70,2012-03-31,2014-10-21,7,6,5,0.128205
70,2012-03-31,2014-10-21,7,7,6,0.153846
70,2012-03-31,2014-10-21,7,8,5,0.128205
70,2012-03-31,2014-10-21,7,9,5,0.128205
70,2012-03-31,2014-10-21,8,1,4,0.085106
70,2012-03-31,2014-10-21,8,2,4,0.085106
70,2012-03-31,2014-10-21,8,3,4,0.085106
70,2012-03-31,2014-10-21,8,4,11,0.234043
70,2012-03-31,2014-10-21,8,5,5,0.106383
70,2012-03-31,2014-10-21,8,6,8,0.170213
70,2012-03-31,2014-10-21,8,7,1,0.021277
70,2012-03-31,2014-10-21,8,8,4,0.085106
70,2012-03-31,2014-10-21,8,9,6,0.12766
70,2012-03-31,2014-10-21,9,1,1,0.020408
70,2012-03-31,2014-10-21,9,2,9,0.183673
70,2012-03-31,2014-10-21,9,3,4,0.081633
70,2012-03-31,2014-10-21,9,4,4,0.081633
70,2012-03-31,2014-10-21,9,5,8,0.163265
70,2012-03-31,2014-10-21,9,6,6,0.122449
70,2012-03-31,2014-10-21,9,7,8,0.163265
70,2012-03-31,2014-10-21,9,8,5,0.102041
70,2012-03-31,2014-10-21,9,9,4,0.081633
71,2012-11-20,2015-06-11,1,1,1,0.027778
71,2012-11-20,2015-06-11,1,2,1,0.027778
71,2012-11-20,2015-06-11,1,3,1,0.027778
71,2012-11-20,2015-06-11,1,4,5,0.138889
71,2012-11-20,2015-06-11,1,5,6,0.166667
71,2012-11-20,2015-06-11,1,6,2,0.055556
71,2012-11-20,2015-06-11,1,7,6,0.166667
71,2012-11-20,2015-06-11,1,8,5,0.138889
71,2012-11-20,2015-06-11,1,9,9,0.25
71,2012-11-20,2015-06-11,2,1,5,0.119048
71,2012-11-20,2015-06-11,2,2,6,0.142857
71,2012-11-20,2015-06-11,2,3,4,0.095238
71,2012-11-20,2015-06-11,2,4,1,0.02381
71,2012-11-20,2015-06-11,2,5,2,0.047619
71,2012-11-20,2015-06-11,2,6,4,0.095238
71,2012-11-20,2015-06-11,2,7,6,0.142857
71,2012-11-20,2015-06-11,2,8,5,0.119048
71,2012-11-20,2015-06-11,2,9,9,0.214286
71,2012-11-20,2015-06-11,3,1,6,0.133333
71,2012-11-20,2015-06-11,3,2,6,0.133333
71,2012-11-20,2015-06-11,3,3,5,0.111111
71,2012-11-20,2015-06-11,3,4,7,0.155556
71,2012-11-20,2015-06-11,3,5,5,0.111111
71,2012-11-20,2015-06-11,3,6,6,0.133333
71,2012-11-20,2015-06-11,3,7,2,0.044444
71,2012-11-20,2015-06-11,3,8,4,0.088889
71,2012-11-20,2015-06-11,3,9,4,0.088889
71,2012-11-20,2015-06-11,4,1,6,0.139535
71,2012-11-20,2015-06-11,4,2,4,0.093023
71,2012-11-20,2015-06-11,4,3,8,0.186047
71,2012-11-20,2015-06-11,4,4,2,0.046512
71,2012-11-20,2015-06-11,4,5,9,0.209302
71,2012-11-20,2015-06-11,4,6,6,0.139535
71,2012-11-20,2015-06-11,4,7,1,0.023256
71,2012-11-20,2015-06-11,4,8,3,0.069767
71,2012-11-20,2015-06-11,4,9,4,0.093023
71,2012-11-20,2015-06-11,5,1,2,0.040816
71,2012-11-20,2015-06-11,5,2,3,0.061224
71,2012-11-20,2015-06-11,5,3,6,0.122449
71,2012-11-20,2015-06-11,5,4,4,0.081633
71,2012-11-20,2015-06-11,5,5,7,0.142857
71,2012-11-20,2015-06-11,5,6,9,0.183673
71,2012-11-20,2015-06-11,5,7,5,0.102041
71,2012-11-20,2015-06-11,5,8,11,0.22449
71,2012-11-20,2015-06-11,5,9,2,0.040816
71,2012-11-20,2015-06-11,6,1,9,0.18
71,2012-11-20,2015-06-11,6,2,6,0.12
71,2012-11-20,2015-06-11,6,3,6,0.12
71,2012-11-20,2015-06-11,6,4,3,0.06
71,2012-11-20,2015-06-11,6,5,5,0.1
71,2012-11-20,2015-06-11,6,6,6,0.12
71,2012-11-20,2015-06-11,6,7,8,0.16
71,2012-11-20,2015-06-11,6,8,3,0.06
71,2012-11-20,2015-06-11,6,9,4,0.08
71,2012-11-20,2015-06-11,7,1,2,0.05
71,2012-11-20,2015-06-11,7,2,4,0.1
71,2012-11-20,2015-06-11,7,3,5,0.125
71,2012-11-20,2015-06-11,7,4,6,0.15
71,2012-11-20,2015-06-11,7,5,3,0.075
71,2012-11-20,2015-06-11,7,6,4,0.1
71,2012-11-20,2015-06-11,7,7,4,0.1
71,2012-11-20,2015-06-11,7,8,7,0.175
71,2012-11-20,2015-06-11,7,9,5,0.125
71,2012-11-20,2015-06-11,8,1,3,0.061224
71,2012-11-20,2015-06-11,8,2,6,0.122449
71,2012-11-20,2015-06-11,8,3,6,0.122449
71,2012-11-20,2015-06-11,8,4,10,0.204082
71,2012-11-20,2015-06-11,8,5,4,0.081633
71,2012-11-20,2015-06-11,8,6,7,0.142857
71,2012-11-20,2015-06-11,8,7,2,0.040816
71,2012-11-20,2015-06-11,8,8,5,0.102041
71,2012-11-20,2015-06-11,8,9,6,0.122449
71,2012-11-20,2015-06-11,9,1,2,0.043478
71,2012-11-20,2015-06-11,9,2,7,0.152174
71,2012-11-20,2015-06-11,9,3,3,0.065217
71,2012-11-20,2015-06-11,9,4,5,0.108696
71,2012-11-20,2015-06-11,9,5,8,0.173913
71,2012-11-20,2015-06-11,9,6,6,0.130435
71,2012-11-20,2015-06-11,9,7,6,0.130435
71,2012-11-20,2015-06-11,9,8,6,0.130435
71,2012-11-20,2015-06-11,9,9,3,0.065217
72,2013-07-11,2016-01-30,1,1,2,0.051282
72,2013-07-11,2016-01-30,1,2,2,0.051282
72,2013-07-11,2016-01-30,1,3,2,0.051282
72,2013-07-11,2016-01-30,1,4,5,0.128205
72,2013-07-11,2016-01-30,1,5,7,0.179487
72,2013-07-11,2016-01-30,1,6,5,0.128205
72,2013-07-11,2016-01-30,1,7,5,0.128205
72,2013-07-11,2016-01-30,1,8,3,0.076923
72,2013-07-11,2016-01-30,1,9,8,0.205128
72,2013-07-11,2016-01-30,2,1,8,0.190476
72,2013-07-11,2016-01-30,2,2,6,0.142857
72,2013-07-11,2016-01-30,2,3,4,0.095238
72,2013-07-11,2016-01-30,2,4,1,0.02381
72,2013-07-11,2016-01-30,2,5,2,0.047619
72,2013-07-11,2016-01-30,2,6,3,0.071429
72,2013-07-11,2016-01-30,2,7,5,0.119048
72,2013-07-11,2016-01-30,2,8,5,0.119048
72,2013-07-11,2016-01-30,2,9,8,0.190476
72,2013-07-11,2016-01-30,3,1,4,0.093023
72,2013-07-11,2016-01-30,3,2,4,0.093023
72,2013-07-11,2016-01-30,3,3,3,0.069767
72,2013-07-11,2016-01-30,3,4,6,0.139535
72,2013-07-11,2016-01-30,3,5,7,0.162791
72,2013-07-11,2016-01-30,3,6,7,0.162791
72,2013-07-11,2016-01-30,3,7,3,0.069767
72,2013-07-11,2016-01-30,3,8,5,0.116279
72,2013-07-11,2016-01-30,3,9,4,0.093023
72,2013-07-11,2016-01-30,4,1,8,0.181818
72,2013-07-11,2016-01-30,4,2,4,0.090909
72,2013-07-11,2016-01-30,4,3,7,0.159091
72,2013-07-11,2016-01-30,4,4,2,0.045455
72,2013-07-11,2016-01-30,4,5,11,0.25
72,2013-07-11,2016-01-30,4,6,3,0.068182
72,2013-07-11,2016-01-30,4,7,2,0.045455
72,2013-07-11,2016-01-30,4,8,4,0.090909
72,2013-07-11,2016-01-30,4,9,3,0.068182
72,2013-07-11,2016-01-30,5,1,2,0.041667
72,2013-07-11,2016-01-30,5,2,4,0.083333
72,2013-07-11,2016-01-30,5,3,7,0.145833
72,2013-07-11,2016-01-30,5,4,3,0.0625
72,2013-07-11,2016-01-30,5,5,5,0.104167
72,2013-07-11,2016-01-30,5,6,5,0.104167
72,2013-07-11,2016-01-30,5,7,9,0.1875
72,2013-07-11,2016-01-30,5,8,10,0.208333
72,2013-07-11,2016-01-30,5,9,3,0.0625
72,2013-07-11,2016-01-30,6,1,6,0.142857
72,2013-07-11,2016-01-30,6,2,3,0.071429
72,2013-07-11,2016-01-30,6,3,5,0.119048
72,2013-07-11,2016-01-30,6,4,5,0.119048
72,2013-07-11,2016-01-30,6,5,2,0.047619
72,2013-07-11,2016-01-30,6,6,6,0.142857
72,2013-07-11,2016-01-30,6,7,7,0.166667
72,2013-07-11,2016-01-30,6,8,3,0.071429
72,2013-07-11,2016-01-30,6,9,5,0.119048
72,2013-07-11,2016-01-30,7,1,2,0.044444
72,2013-07-11,2016-01-30,7,2,5,0.111111
72,2013-07-11,2016-01-30,7,3,5,0.111111
72,2013-07-11,2016-01-30,7,4,5,0.111111
72,2013-07-11,2016-01-30,7,5,6,0.133333
72,2013-07-11,2016-01-30,7,6,5,0.111111
72,2013-07-11,2016-01-30,7,7,4,0.088889
72,2013-07-11,2016-01-30,7,8,6,0.133333
72,2013-07-11,2016-01-30,7,9,7,0.155556
72,2013-07-11,2016-01-30,8,1,3,0.06
72,2013-07-11,2016-01-30,8,2,6,0.12
72,2013-07-11,2016-01-30,8,3,5,0.1
72,2013-07-11,2016-01-30,8,4,12,0.24
72,2013-07-11,2016-01-30,8,5,2,0.04
72,2013-07-11,2016-01-30,8,6,4,0.08
72,2013-07-11,2016-01-30,8,7,2,0.04
72,2013-07-11,2016-01-30,8,8,8,0.16
72,2013-07-11,2016-01-30,8,9,8,0.16
72,2013-07-11,2016-01-30,9,1,4,0.085106
72,2013-07-11,2016-01-30,9,2,8,0.170213
72,2013-07-11,2016-01-30,9,3,4,0.085106
72,2013-07-11,2016-01-30,9,4,5,0.106383
72,2013-07-11,2016-01-30,9,5,6,0.12766
72,2013-07-11,2016-01-30,9,6,5,0.106383
72,2013-07-11,2016-01-30,9,7,8,0.170213
72,2013-07-11,2016-01-30,9,8,6,0.12766
72,2013-07-11,2016-01-30,9,9,1,0.021277
73,2014-03-01,2016-09-20,1,1,6,0.133333
73,2014-03-01,2016-09-20,1,2,3,0.066667
73,2014-03-01,2016-09-20,1,3,5,0.111111
73,2014-03-01,2016-09-20,1,4,2,0.044444
73,2014-03-01,2016-09-20,1,5,8,0.177778
73,2014-03-01,2016-09-20,1,6,6,0.133333
73,2014-03-01,2016-09-20,1,7,5,0.111111
73,2014-03-01,2016-09-20,1,8,3,0.066667
73,2014-03-01,2016-09-20,1,9,7,0.155556
73,2014-03-01,2016-09-20,2,1,8,0.170213
73,2014-03-01,2016-09-20,2,2,6,0.12766
73,2014-03-01,2016-09-20,2,3,4,0.085106
73,2014-03-01,2016-09-20,2,4,4,0.085106
73,2014-03-01,2016-09-20,2,5,2,0.042553
73,2014-03-01,2016-09-20,2,6,2,0.042553
73,2014-03-01,2016-09-20,2,7,6,0.12766
73,2014-03-01,2016-09-20,2,8,7,0.148936
73,2014-03-01,2016-09-20,2,9,8,0.170213
73,2014-03-01,2016-09-20,3,1,5,0.111111
73,2014-03-01,2016-09-20,3,2,3,0.066667
73,2014-03-01,2016-09-20,3,3,5,0.111111
73,2014-03-01,2016-09-20,3,4,6,0.133333
73,2014-03-01,2016-09-20,3,5,6,0.133333
73,2014-03-01,2016-09-20,3,6,7,0.155556
73,2014-03-01,2016-09-20,3,7,1,0.022222
73,2014-03-01,2016-09-20,3,8,7,0.155556
73,2014-03-01,2016-09-20,3,9,5,0.111111
73,2014-03-01,2016-09-20,4,1,7,0.175
73,2014-03-01,2016-09-20,4,2,4,0.1
73,2014-03-01,2016-09-20,4,3,6,0.15
73,2014-03-01,2016-09-20,4,4,2,0.05
73,2014-03-01,2016-09-20,4,5,10,0.25
73,2014-03-01,2016-09-20,4,6,2,0.05
73,2014-03-01,2016-09-20,4,7,2,0.05
73,2014-03-01,2016-09-20,4,8,4,0.1
73,2014-03-01,2016-09-20,4,9,3,0.075
73,2014-03-01,2016-09-20,5,1,3,0.065217
73,2014-03-01,2016-09-20,5,2,3,0.065217
73,2014-03-01,2016-09-20,5,3,8,0.173913
73,2014-03-01,2016-09-20,5,4,3,0.065217
73,2014-03-01,2016-09-20,5,5,5,0.108696
73,2014-03-01,2016-09-20,5,6,5,0.108696
73,2014-03-01,2016-09-20,5,7,7,0.152174
73,2014-03-01,2016-09-20,5,8,9,0.195652
73,2014-03-01,2016-09-20,5,9,3,0.065217
73,2014-03-01,2016-09-20,6,1,5,0.138889
73,2014-03-01,2016-09-20,6,2,6,0.166667
73,2014-03-01,2016-09-20,6,3,3,0.083333
73,2014-03-01,2016-09-20,6,4,5,0.138889
73,2014-03-01,2016-09-20,6,5,2,0.055556
73,2014-03-01,2016-09-20,6,6,2,0.055556
73,2014-03-01,2016-09-20,6,7,7,0.194444
73,2014-03-01,2016-09-20,6,8,3,0.083333
73,2014-03-01,2016-09-20,6,9,3,0.083333
73,2014-03-01,2016-09-20,7,1,2,0.04878
73,2014-03-01,2016-09-20,7,2,8,0.195122
73,2014-03-01,2016-09-20,7,3,3,0.073171
73,2014-03-01,2016-09-20,7,4,3,0.073171
73,2014-03-01,2016-09-20,7,5,4,0.097561
73,2014-03-01,2016-09-20,7,6,5,0.121951
73,2014-03-01,2016-09-20,7,7,5,0.121951
73,2014-03-01,2016-09-20,7,8,5,0.121951
73,2014-03-01,2016-09-20,7,9,6,0.146341
73,2014-03-01,2016-09-20,8,1,3,0.054545
73,2014-03-01,2016-09-20,8,2,8,0.145455
73,2014-03-01,2016-09-20,8,3,7,0.127273
73,2014-03-01,2016-09-20,8,4,8,0.145455
73,2014-03-01,2016-09-20,8,5,4,0.072727
73,2014-03-01,2016-09-20,8,6,5,0.090909
73,2014-03-01,2016-09-20,8,7,3,0.054545
73,2014-03-01,2016-09-20,8,8,11,0.2
73,2014-03-01,2016-09-20,8,9,6,0.109091
73,2014-03-01,2016-09-20,9,1,5,0.111111
73,2014-03-01,2016-09-20,9,2,6,0.133333
73,2014-03-01,2016-09-20,9,3,4,0.088889
73,2014-03-01,2016-09-20,9,4,7,0.155556
73,2014-03-01,2016-09-20,9,5,5,0.111111
73,2014-03-01,2016-09-20,9,6,2,0.044444
73,2014-03-01,2016-09-20,9,7,6,0.133333
73,2014-03-01,2016-09-20,9,8,6,0.133333
73,2014-03-01,2016-09-20,9,9,4,0.088889
74,2014-10-21,2017-05-11,1,1,7,0.152174
74,2014-10-21,2017-05-11,1,2,5,0.108696
74,2014-10-21,2017-05-11,1,3,4,0.086957
74,2014-10-21,2017-05-11,1,4,2,0.043478
74,2014-10-21,2017-05-11,1,5,8,0.173913
74,2014-10-21,2017-05-11,1,6,5,0.108696
74,2014-10-21,2017-05-11,1,7,5,0.108696
74,2014-10-21,2017-05-11,1,8,5,0.108696
74,2014-10-21,2017-05-11,1,9,5,0.108696
74,2014-10-21,2017-05-11,2,1,8,0.177778
74,2014-10-21,2017-05-11,2,2,7,0.155556
74,2014-10-21,2017-05-11,2,3,3,0.066667
74,2014-10-21,2017-05-11,2,4,5,0.111111
74,2014-10-21,2017-05-11,2,5,4,0.088889
74,2014-10-21,2017-05-11,2,6,2,0.044444
74,2014-10-21,2017-05-11,2,7,5,0.111111
74,2014-10-21,2017-05-11,2,8,6,0.133333
74,2014-10-21,2017-05-11,2,9,5,0.111111
74,2014-10-21,2017-05-11,3,1,5,0.106383
74,2014-10-21,2017-05-11,3,2,3,0.06383
74,2014-10-21,2017-05-11,3,3,6,0.12766
74,2014-10-21,2017-05-11,3,4,6,0.12766
74,2014-10-21,2017-05-11,3,5,7,0.148936
74,2014-10-21,2017-05-11,3,6,6,0.12766
74,2014-10-21,2017-05-11,3,7,2,0.042553
74,2014-10-21,2017-05-11,3,8,7,0.148936
74,2014-10-21,2017-05-11,3,9,5,0.106383
74,2014-10-21,2017-05-11,4,1,6,0.162162
74,2014-10-21,2017-05-11,4,2,3,0.081081
74,2014-10-21,2017-05-11,4,3,8,0.216216
74,2014-10-21,2017-05-11,4,4,1,0.027027
74,2014-10-21,2017-05-11,4,5,5,0.135135
74,2014-10-21,2017-05-11,4,6,3,0.081081
74,2014-10-21,2017-05-11,4,7,4,0.108108
74,2014-10-21,2017-05-11,4,8,4,0.108108
74,2014-10-21,2017-05-11,4,9,3,0.081081
74,2014-10-21,2017-05-11,5,1,3,0.069767
74,2014-10-21,2017-05-11,5,2,2,0.046512
74,2014-10-21,2017-05-11,5,3,8,0.186047
74,2014-10-21,2017-05-11,5,4,5,0.116279
74,2014-10-21,2017-05-11,5,5,3,0.069767
74,2014-10-21,2017-05-11,5,6,5,0.116279
74,2014-10-21,2017-05-11,5,7,7,0.162791
74,2014-10-21,2017-05-11,5,8,6,0.139535
74,2014-10-21,2017-05-11,5,9,4,0.093023
74,2014-10-21,2017-05-11,6,1,5,0.131579
74,2014-10-21,2017-05-11,6,2,4,0.105263
74,2014-10-21,2017-05-11,6,3,4,0.105263
74,2014-10-21,2017-05-11,6,4,5,0.131579
74,2014-10-21,2017-05-11,6,5,3,0.078947
74,2014-10-21,2017-05-11,6,6,3,0.078947
74,2014-10-21,2017-05-11,6,7,5,0.131579
74,2014-10-21,2017-05-11,6,8,5,0.131579
74,2014-10-21,2017-05-11,6,9,4,0.105263
74,2014-10-21,2017-05-11,7,1,4,0.093023
74,2014-10-21,2017-05-11,7,2,10,0.232558
74,2014-10-21,2017-05-11,7,3,4,0.093023
74,2014-10-21,2017-05-11,7,4,1,0.023256
74,2014-10-21,2017-05-11,7,5,5,0.116279
74,2014-10-21,2017-05-11,7,6,3,0.069767
74,2014-10-21,2017-05-11,7,7,5,0.116279
74,2014-10-21,2017-05-11,7,8,4,0.093023
74,2014-10-21,2017-05-11,7,9,7,0.162791
74,2014-10-21,2017-05-11,8,1,5,0.090909
74,2014-10-21,2017-05-11,8,2,8,0.145455
74,2014-10-21,2017-05-11,8,3,6,0.109091
74,2014-10-21,2017-05-11,8,4,6,0.109091
74,2014-10-21,2017-05-11,8,5,3,0.054545
74,2014-10-21,2017-05-11,8,6,7,0.127273
74,2014-10-21,2017-05-11,8,7,4,0.072727
74,2014-10-21,2017-05-11,8,8,11,0.2
74,2014-10-21,2017-05-11,8,9,5,0.090909
74,2014-10-21,2017-05-11,9,1,4,0.086957
74,2014-10-21,2017-05-11,9,2,3,0.065217
74,2014-10-21,2017-05-11,9,3,4,0.086957
74,2014-10-21,2017-05-11,9,4,6,0.130435
74,2014-10-21,2017-05-11,9,5,5,0.108696
74,2014-10-21,2017-05-11,9,6,3,0.065217
74,2014-10-21,2017-05-11,9,7,6,0.130435
74,2014-10-21,2017-05-11,9,8,7,0.152174
74,2014-10-21,2017-05-11,9,9,8,0.173913
75,2015-06-11,2017-12-30,1,1,7,0.145833
75,2015-06-11,2017-12-30,1,2,5,0.104167
75,2015-06-11,2017-12-30,1,3,5,0.104167
75,2015-06-11,2017-12-30,1,4,4,0.083333
75,2015-06-11,2017-12-30,1,5,8,0.166667
75,2015-06-11,2017-12-30,1,6,6,0.125
75,2015-06-11,2017-12-30,1,7,3,0.0625
75,2015-06-11,2017-12-30,1,8,6,0.125
75,2015-06-11,2017-12-30,1,9,4,0.083333
75,2015-06-11,2017-12-30,2,1,8,0.186047
75,2015-06-11,2017-12-30,2,2,5,0.116279
75,2015-06-11,2017-12-30,2,3,3,0.069767
75,2015-06-11,2017-12-30,2,4,7,0.162791
75,2015-06-11,2017-12-30,2,5,7,0.162791
75,2015-06-11,2017-12-30,2,6,0,0.0
75,2015-06-11,2017-12-30,2,7,3,0.069767
75,2015-06-11,2017-12-30,2,8,6,0.139535
75,2015-06-11,2017-12-30,2,9,4,0.093023
75,2015-06-11,2017-12-30,3,1,6,0.15
75,2015-06-11,2017-12-30,3,2,0,0.0
75,2015-06-11,2017-12-30,3,3,4,0.1
75,2015-06-11,2017-12-30,3,4,6,0.15
75,2015-06-11,2017-12-30,3,5,7,0.175
75,2015-06-11,2017-12-30,3,6,4,0.1
75,2015-06-11,2017-12-30,3,7,5,0.125
75,2015-06-11,2017-12-30,3,8,4,0.1
75,2015-06-11,2017-12-30,3,9,4,0.1
75,2015-06-11,2017-12-30,4,1,7,0.170732
75,2015-06-11,2017-12-30,4,2,6,0.146341
75,2015-06-11,2017-12-30,4,3,8,0.195122
75,2015-06-11,2017-12-30,4,4,0,0.0
75,2015-06-11,2017-12-30,4,5,4,0.097561
75,2015-06-11,2017-12-30,4,6,3,0.073171
75,2015-06-11,2017-12-30,4,7,4,0.097561
75,2015-06-11,2017-12-30,4,8,5,0.121951
75,2015-06-11,2017-12-30,4,9,4,0.097561
75,2015-06-11,2017-12-30,5,1,5,0.106383
75,2015-06-11,2017-12-30,5,2,4,0.085106
75,2015-06-11,2017-12-30,5,3,5,0.106383
75,2015-06-11,2017-12-30,5,4,4,0.085106
75,2015-06-11,2017-12-30,5,5,4,0.085106
75,2015-06-11,2017-12-30,5,6,5,0.106383
75,2015-06-11,2017-12-30,5,7,7,0.148936
75,2015-06-11,2017-12-30,5,8,7,0.148936
75,2015-06-11,2017-12-30,5,9,6,0.12766
75,2015-06-11,2017-12-30,6,1,3,0.085714
75,2015-06-11,2017-12-30,6,2,4,0.114286
75,2015-06-11,2017-12-30,6,3,2,0.057143
75,2015-06-11,2017-12-30,6,4,6,0.171429
75,2015-06-11,2017-12-30,6,5,4,0.114286
75,2015-06-11,2017-12-30,6,6,3,0.085714
75,2015-06-11,2017-12-30,6,7,4,0.114286
75,2015-06-11,2017-12-30,6,8,4,0.114286
75,2015-06-11,2017-12-30,6,9,5,0.142857
75,2015-06-11,2017-12-30,7,1,4,0.093023
75,2015-06-11,2017-12-30,7,2,10,0.232558
75,2015-06-11,2017-12-30,7,3,3,0.069767
75,2015-06-11,2017-12-30,7,4,2,0.046512
75,2015-06-11,2017-12-30,7,5,4,0.093023
75,2015-06-11,2017-12-30,7,6,5,0.116279
75,2015-06-11,2017-12-30,7,7,5,0.116279
75,2015-06-11,2017-12-30,7,8,4,0.093023
75,2015-06-11,2017-12-30,7,9,6,0.139535
75,2015-06-11,2017-12-30,8,1,5,0.090909
75,2015-06-11,2017-12-30,8,2,6,0.109091
75,2015-06-11,2017-12-30,8,3,7,0.127273
75,2015-06-11,2017-12-30,8,4,7,0.127273
75,2015-06-11,2017-12-30,8,5,4,0.072727
75,2015-06-11,2017-12-30,8,6,5,0.090909
75,2015-06-11,2017-12-30,8,7,5,0.090909
75,2015-06-11,2017-12-30,8,8,11,0.2
75,2015-06-11,2017-12-30,8,9,5,0.090909
75,2015-06-11,2017-12-30,9,1,4,0.083333
75,2015-06-11,2017-12-30,9,2,2,0.041667
75,2015-06-11,2017-12-30,9,3,3,0.0625
75,2015-06-11,2017-12-30,9,4,5,0.104167
75,2015-06-11,2017-12-30,9,5,5,0.104167
75,2015-06-11,2017-12-30,9,6,4,0.083333
75,2015-06-11,2017-12-30,9,7,7,0.145833
75,2015-06-11,2017-12-30,9,8,8,0.166667
75,2015-06-11,2017-12-30,9,9,10,0.208333
76,2016-01-30,2018-08-21,1,1,7,0.145833
76,2016-01-30,2018-08-21,1,2,5,0.104167
76,2016-01-30,2018-08-21,1,3,6,0.125
76,2016-01-30,2018-08-21,1,4,5,0.104167
76,2016-01-30,2018-08-21,1,5,7,0.145833
76,2016-01-30,2018-08-21,1,6,4,0.083333
76,2016-01-30,2018-08-21,1,7,3,0.0625
76,2016-01-30,2018-08-21,1,8,8,0.166667
76,2016-01-30,2018-08-21,1,9,3,0.0625
76,2016-01-30,2018-08-21,2,1,3,0.069767
76,2016-01-30,2018-08-21,2,2,5,0.116279
76,2016-01-30,2018-08-21,2,3,3,0.069767
76,2016-01-30,2018-08-21,2,4,8,0.186047
76,2016-01-30,2018-08-21,2,5,9,0.209302
76,2016-01-30,2018-08-21,2,6,1,0.023256
76,2016-01-30,2018-08-21,2,7,5,0.116279
76,2016-01-30,2018-08-21,2,8,6,0.139535
76,2016-01-30,2018-08-21,2,9,3,0.069767
76,2016-01-30,2018-08-21,3,1,8,0.190476
76,2016-01-30,2018-08-21,3,2,0,0.0
76,2016-01-30,2018-08-21,3,3,4,0.095238
76,2016-01-30,2018-08-21,3,4,6,0.142857
76,2016-01-30,2018-08-21,3,5,8,0.190476
76,2016-01-30,2018-08-21,3,6,4,0.095238
76,2016-01-30,2018-08-21,3,7,7,0.166667
76,2016-01-30,2018-08-21,3,8,3,0.071429
76,2016-01-30,2018-08-21,3,9,2,0.047619
76,2016-01-30,2018-08-21,4,1,7,0.166667
76,2016-01-30,2018-08-21,4,2,8,0.190476
76,2016-01-30,2018-08-21,4,3,8,0.190476
76,2016-01-30,2018-08-21,4,4,0,0.0
76,2016-01-30,2018-08-21,4,5,2,0.047619
76,2016-01-30,2018-08-21,4,6,4,0.095238
76,2016-01-30,2018-08-21,4,7,5,0.119048
76,2016-01-30,2018-08-21,4,8,4,0.095238
76,2016-01-30,2018-08-21,4,9,4,0.095238
76,2016-01-30,2018-08-21,5,1,5,0.098039
76,2016-01-30,2018-08-21,5,2,4,0.078431
76,2016-01-30,2018-08-21,5,3,7,0.137255
76,2016-01-30,2018-08-21,5,4,4,0.078431
76,2016-01-30,2018-08-21,5,5,7,0.137255
76,2016-01-30,2018-08-21,5,6,5,0.098039
76,2016-01-30,2018-08-21,5,7,5,0.098039
76,2016-01-30,2018-08-21,5,8,7,0.137255
76,2016-01-30,2018-08-21,5,9,7,0.137255
76,2016-01-30,2018-08-21,6,1,5,0.135135
76,2016-01-30,2018-08-21,6,2,7,0.189189
76,2016-01-30,2018-08-21,6,3,2,0.054054
76,2016-01-30,2018-08-21,6,4,4,0.108108
76,2016-01-30,2018-08-21,6,5,5,0.135135
76,2016-01-30,2018-08-21,6,6,3,0.081081
76,2016-01-30,2018-08-21,6,7,4,0.108108
76,2016-01-30,2018-08-21,6,8,5,0.135135
76,2016-01-30,2018-08-21,6,9,2,0.054054
76,2016-01-30,2018-08-21,7,1,5,0.108696
76,2016-01-30,2018-08-21,7,2,9,0.195652
76,2016-01-30,2018-08-21,7,3,2,0.043478
76,2016-01-30,2018-08-21,7,4,5,0.108696
76,2016-01-30,2018-08-21,7,5,3,0.065217
76,2016-01-30,2018-08-21,7,6,6,0.130435
76,2016-01-30,2018-08-21,7,7,6,0.130435
76,2016-01-30,2018-08-21,7,8,6,0.130435
76,2016-01-30,2018-08-21,7,9,4,0.086957
76,2016-01-30,2018-08-21,8,1,6,0.113208
76,2016-01-30,2018-08-21,8,2,5,0.09434
76,2016-01-30,2018-08-21,8,3,7,0.132075
76,2016-01-30,2018-08-21,8,4,6,0.113208
76,2016-01-30,2018-08-21,8,5,7,0.132075
76,2016-01-30,2018-08-21,8,6,5,0.09434
76,2016-01-30,2018-08-21,8,7,7,0.132075
76,2016-01-30,2018-08-21,8,8,6,0.113208
76,2016-01-30,2018-08-21,8,9,4,0.075472
76,2016-01-30,2018-08-21,9,1,2,0.052632
76,2016-01-30,2018-08-21,9,2,0,0.0
76,2016-01-30,2018-08-21,9,3,3,0.078947
76,2016-01-30,2018-08-21,9,4,4,0.105263
76,2016-01-30,2018-08-21,9,5,3,0.078947
76,2016-01-30,2018-08-21,9,6,4,0.105263
76,2016-01-30,2018-08-21,9,7,4,0.105263
76,2016-01-30,2018-08-21,9,8,8,0.210526
76,2016-01-30,2018-08-21,9,9,10,0.263158
77,2016-09-20,2019-04-11,1,1,3,0.066667
77,2016-09-20,2019-04-11,1,2,4,0.088889
77,2016-09-20,2019-04-11,1,3,4,0.088889
77,2016-09-20,2019-04-11,1,4,7,0.155556
77,2016-09-20,2019-04-11,1,5,7,0.155556
77,2016-09-20,2019-04-11,1,6,3,0.066667
77,2016-09-20,2019-04-11,1,7,4,0.088889
77,2016-09-20,2019-04-11,1,8,9,0.2
77,2016-09-20,2019-04-11,1,9,4,0.088889
77,2016-09-20,2019-04-11,2,1,2,0.047619
77,2016-09-20,2019-04-11,2,2,4,0.095238
77,2016-09-20,2019-04-11,2,3,5,0.119048
77,2016-09-20,2019-04-11,2,4,5,0.119048
77,2016-09-20,2019-04-11,2,5,7,0.166667
77,2016-09-20,2019-04-11,2,6,5,0.119048
77,2016-09-20,2019-04-11,2,7,4,0.095238
77,2016-09-20,2019-04-11,2,8,5,0.119048
77,2016-09-20,2019-04-11,2,9,5,0.119048
77,2016-09-20,2019-04-11,3,1,7,0.179487
77,2016-09-20,2019-04-11,3,2,1,0.025641
77,2016-09-20,2019-04-11,3,3,2,0.051282
77,2016-09-20,2019-04-11,3,4,7,0.179487
77,2016-09-20,2019-04-11,3,5,7,0.179487
77,2016-09-20,2019-04-11,3,6,4,0.102564
77,2016-09-20,2019-04-11,3,7,7,0.179487
77,2016-09-20,2019-04-11,3,8,2,0.051282
77,2016-09-20,2019-04-11,3,9,2,0.051282
77,2016-09-20,2019-04-11,4,1,8,0.181818
77,2016-09-20,2019-04-11,4,2,6,0.136364
77,2016-09-20,2019-04-11,4,3,8,0.181818
77,2016-09-20,2019-04-11,4,4,0,0.0
77,2016-09-20,2019-04-11,4,5,1,0.022727
77,2016-09-20,2019-04-11,4,6,5,0.113636
77,2016-09-20,2019-04-11,4,7,6,0.136364
77,2016-09-20,2019-04-11,4,8,4,0.090909
77,2016-09-20,2019-04-11,4,9,6,0.136364
77,2016-09-20,2019-04-11,5,1,5,0.102041
77,2016-09-20,2019-04-11,5,2,4,0.081633
77,2016-09-20,2019-04-11,5,3,6,0.122449
77,2016-09-20,2019-04-11,5,4,5,0.102041
77,2016-09-20,2019-04-11,5,5,7,0.142857
77,2016-09-20,2019-04-11,5,6,4,0.081633
77,2016-09-20,2019-04-11,5,7,5,0.102041
77,2016-09-20,2019-04-11,5,8,7,0.142857
77,2016-09-20,2019-04-11,5,9,6,0.122449
77,2016-09-20,2019-04-11,6,1,6,0.136364
77,2016-09-20,2019-04-11,6,2,7,0.159091
77,2016-09-20,2019-04-11,6,3,3,0.068182
77,2016-09-20,2019-04-11,6,4,7,0.159091
77,2016-09-20,2019-04-11,6,5,7,0.159091
77,2016-09-20,2019-04-11,6,6,5,0.113636
77,2016-09-20,2019-04-11,6,7,3,0.068182
77,2016-09-20,2019-04-11,6,8,4,0.090909
77,2016-09-20,2019-04-11,6,9,2,0.045455
77,2016-09-20,2019-04-11,7,1,5,0.102041
77,2016-09-20,2019-04-11,7,2,9,0.183673
77,2016-09-20,2019-04-11,7,3,3,0.061224
77,2016-09-20,2019-04-11,7,4,5,0.102041
77,2016-09-20,2019-04-11,7,5,3,0.061224
77,2016-09-20,2019-04-11,7,6,8,0.163265
77,2016-09-20,2019-04-11,7,7,5,0.102041
77,2016-09-20,2019-04-11,7,8,7,0.142857
77,2016-09-20,2019-04-11,7,9,4,0.081633
77,2016-09-20,2019-04-11,8,1,6,0.12766
77,2016-09-20,2019-04-11,8,2,4,0.085106
77,2016-09-20,2019-04-11,8,3,6,0.12766
77,2016-09-20,2019-04-11,8,4,7,0.148936
77,2016-09-20,2019-04-11,8,5,6,0.12766
77,2016-09-20,2019-04-11,8,6,4,0.085106
77,2016-09-20,2019-04-11,8,7,8,0.170213
77,2016-09-20,2019-04-11,8,8,3,0.06383
77,2016-09-20,2019-04-11,8,9,3,0.06383
77,2016-09-20,2019-04-11,9,1,3,0.073171
77,2016-09-20,2019-04-11,9,2,3,0.073171
77,2016-09-20,2019-04-11,9,3,3,0.073171
77,2016-09-20,2019-04-11,9,4,1,0.02439
77,2016-09-20,2019-04-11,9,5,4,0.097561
77,2016-09-20,2019-04-11,9,6,6,0.146341
77,2016-09-20,2019-04-11,9,7,6,0.146341
77,2016-09-20,2019-04-11,9,8,6,0.146341
77,2016-09-20,2019-04-11,9,9,9,0.219512
78,2017-05-11,2019-11-30,1,1,2,0.046512
78,2017-05-11,2019-11-30,1,2,3,0.069767
78,2017-05-11,2019-11-30,1,3,5,0.116279
78,2017-05-11,2019-11-30,1,4,10,0.232558
78,2017-05-11,2019-11-30,1,5,7,0.162791
78,2017-05-11,2019-11-30,1,6,4,0.093023
78,2017-05-11,2019-11-30,1,7,3,0.069767
78,2017-05-11,2019-11-30,1,8,7,0.162791
78,2017-05-11,2019-11-30,1,9,2,0.046512
78,2017-05-11,2019-11-30,2,1,2,0.042553
78,2017-05-11,2019-11-30,2,2,4,0.085106
78,2017-05-11,2019-11-30,2,3,6,0.12766
78,2017-05-11,2019-11-30,2,4,5,0.106383
78,2017-05-11,2019-11-30,2,5,6,0.12766
78,2017-05-11,2019-11-30,2,6,8,0.170213
78,2017-05-11,2019-11-30,2,7,4,0.085106
78,2017-05-11,2019-11-30,2,8,5,0.106383
78,2017-05-11,2019-11-30,2,9,7,0.148936
78,2017-05-11,2019-11-30,3,1,4,0.117647
78,2017-05-11,2019-11-30,3,2,2,0.058824
78,2017-05-11,2019-11-30,3,3,2,0.058824
78,2017-05-11,2019-11-30,3,4,5,0.147059
78,2017-05-11,2019-11-30,3,5,6,0.176471
78,2017-05-11,2019-11-30,3,6,3,0.088235
78,2017-05-11,2019-11-30,3,7,7,0.205882
78,2017-05-11,2019-11-30,3,8,3,0.088235
78,2017-05-11,2019-11-30,3,9,2,0.058824
78,2017-05-11,2019-11-30,4,1,7,0.145833
78,2017-05-11,2019-11-30,4,2,7,0.145833
78,2017-05-11,2019-11-30,4,3,5,0.104167
78,2017-05-11,2019-11-30,4,4,3,0.0625
78,2017-05-11,2019-11-30,4,5,3,0.0625
78,2017-05-11,2019-11-30,4,6,3,0.0625
78,2017-05-11,2019-11-30,4,7,4,0.083333
78,2017-05-11,2019-11-30,4,8,6,0.125
78,2017-05-11,2019-11-30,4,9,10,0.208333
78,2017-05-11,2019-11-30,5,1,4,0.083333
78,2017-05-11,2019-11-30,5,2,5,0.104167
78,2017-05-11,2019-11-30,5,3,4,0.083333
78,2017-05-11,2019-11-30,5,4,5,0.104167
78,2017-05-11,2019-11-30,5,5,7,0.145833
78,2017-05-11,2019-11-30,5,6,6,0.125
78,2017-05-11,2019-11-30,5,7,4,0.083333
78,2017-05-11,2019-11-30,5,8,6,0.125
78,2017-05-11,2019-11-30,5,9,7,0.145833
78,2017-05-11,2019-11-30,6,1,7,0.155556
78,2017-05-11,2019-11-30,6,2,8,0.177778
78,2017-05-11,2019-11-30,6,3,2,0.044444
78,2017-05-11,2019-11-30,6,4,7,0.155556
78,2017-05-11,2019-11-30,6,5,6,0.133333
78,2017-05-11,2019-11-30,6,6,3,0.066667
78,2017-05-11,2019-11-30,6,7,4,0.088889
78,2017-05-11,2019-11-30,6,8,6,0.133333
78,2017-05-11,2019-11-30,6,9,2,0.044444
78,2017-05-11,2019-11-30,7,1,5,0.111111
78,2017-05-11,2019-11-30,7,2,7,0.155556
78,2017-05-11,2019-11-30,7,3,2,0.044444
78,2017-05-11,2019-11-30,7,4,5,0.111111
78,2017-05-11,2019-11-30,7,5,2,0.044444
78,2017-05-11,2019-11-30,7,6,9,0.2
78,2017-05-11,2019-11-30,7,7,5,0.111111
78,2017-05-11,2019-11-30,7,8,5,0.111111
78,2017-05-11,2019-11-30,7,9,5,0.111111
78,2017-05-11,2019-11-30,8,1,7,0.152174
78,2017-05-11,2019-11-30,8,2,5,0.108696
78,2017-05-11,2019-11-30,8,3,6,0.130435
78,2017-05-11,2019-11-30,8,4,6,0.130435
78,2017-05-11,2019-11-30,8,5,5,0.108696
78,2017-05-11,2019-11-30,8,6,3,0.065217
78,2017-05-11,2019-11-30,8,7,8,0.173913
78,2017-05-11,2019-11-30,8,8,3,0.065217
78,2017-05-11,2019-11-30,8,9,3,0.065217
78,2017-05-11,2019-11-30,9,1,4,0.090909
78,2017-05-11,2019-11-30,9,2,6,0.136364
78,2017-05-11,2019-11-30,9,3,2,0.045455
78,2017-05-11,2019-11-30,9,4,2,0.045455
78,2017-05-11,2019-11-30,9,5,6,0.136364
78,2017-05-11,2019-11-30,9,6,6,0.136364
78,2017-05-11,2019-11-30,9,7,6,0.136364
78,2017-05-11,2019-11-30,9,8,5,0.113636
78,2017-05-11,2019-11-30,9,9,7,0.159091
79,2017-12-30,2020-09-01,1,1,4,0.093023
79,2017-12-30,2020-09-01,1,2,3,0.069767
79,2017-12-30,2020-09-01,1,3,5,0.116279
79,2017-12-30,2020-09-01,1,4,9,0.209302
79,2017-12-30,2020-09-01,1,5,4,0.093023
79,2017-12-30,2020-09-01,1,6,4,0.093023
79,2017-12-30,2020-09-01,1,7,4,0.093023
79,2017-12-30,2020-09-01,1,8,6,0.139535
79,2017-12-30,2020-09-01,1,9,4,0.093023
79,2017-12-30,2020-09-01,2,1,1,0.022727
79,2017-12-30,2020-09-01,2,2,3,0.068182
79,2017-12-30,2020-09-01,2,3,6,0.136364
79,2017-12-30,2020-09-01,2,4,4,0.090909
79,2017-12-30,2020-09-01,2,5,4,0.090909
79,2017-12-30,2020-09-01,2,6,9,0.204545
79,2017-12-30,2020-09-01,2,7,5,0.113636
79,2017-12-30,2020-09-01,2,8,4,0.090909
79,2017-12-30,2020-09-01,2,9,8,0.181818
79,2017-12-30,2020-09-01,3,1,5,0.135135
79,2017-12-30,2020-09-01,3,2,2,0.054054
79,2017-12-30,2020-09-01,3,3,2,0.054054
79,2017-12-30,2020-09-01,3,4,8,0.216216
79,2017-12-30,2020-09-01,3,5,5,0.135135
79,2017-12-30,2020-09-01,3,6,4,0.108108
79,2017-12-30,2020-09-01,3,7,5,0.135135
79,2017-12-30,2020-09-01,3,8,4,0.108108
79,2017-12-30,2020-09-01,3,9,2,0.054054
79,2017-12-30,2020-09-01,4,1,6,0.122449
79,2017-12-30,2020-09-01,4,2,7,0.142857
79,2017-12-30,2020-09-01,4,3,3,0.061224
79,2017-12-30,2020-09-01,4,4,6,0.122449
79,2017-12-30,2020-09-01,4,5,5,0.102041
79,2017-12-30,2020-09-01,4,6,4,0.081633
79,2017-12-30,2020-09-01,4,7,6,0.122449
79,2017-12-30,2020-09-01,4,8,4,0.081633
79,2017-12-30,2020-09-01,4,9,8,0.163265
79,2017-12-30,2020-09-01,5,1,3,0.068182
79,2017-12-30,2020-09-01,5,2,4,0.090909
79,2017-12-30,2020-09-01,5,3,5,0.113636
79,2017-12-30,2020-09-01,5,4,4,0.090909
79,2017-12-30,2020-09-01,5,5,5,0.113636
79,2017-12-30,2020-09-01,5,6,5,0.113636
79,2017-12-30,2020-09-01,5,7,4,0.090909
79,2017-12-30,2020-09-01,5,8,6,0.136364
79,2017-12-30,2020-09-01,5,9,8,0.181818
79,2017-12-30,2020-09-01,6,1,7,0.134615
79,2017-12-30,2020-09-01,6,2,10,0.192308
79,2017-12-30,2020-09-01,6,3,4,0.076923
79,2017-12-30,2020-09-01,6,4,6,0.115385
79,2017-12-30,2020-09-01,6,5,7,0.134615
79,2017-12-30,2020-09-01,6,6,6,0.115385
79,2017-12-30,2020-09-01,6,7,5,0.096154
79,2017-12-30,2020-09-01,6,8,6,0.115385
79,2017-12-30,2020-09-01,6,9,1,0.019231
79,2017-12-30,2020-09-01,7,1,4,0.083333
79,2017-12-30,2020-09-01,7,2,5,0.104167
79,2017-12-30,2020-09-01,7,3,5,0.104167
79,2017-12-30,2020-09-01,7,4,5,0.104167
79,2017-12-30,2020-09-01,7,5,5,0.104167
79,2017-12-30,2020-09-01,7,6,8,0.166667
79,2017-12-30,2020-09-01,7,7,7,0.145833
79,2017-12-30,2020-09-01,7,8,4,0.083333
79,2017-12-30,2020-09-01,7,9,5,0.104167
79,2017-12-30,2020-09-01,8,1,6,0.153846
79,2017-12-30,2020-09-01,8,2,4,0.102564
79,2017-12-30,2020-09-01,8,3,3,0.076923
79,2017-12-30,2020-09-01,8,4,5,0.128205
79,2017-12-30,2020-09-01,8,5,4,0.102564
79,2017-12-30,2020-09-01,8,6,4,0.102564
79,2017-12-30,2020-09-01,8,7,6,0.153846
79,2017-12-30,2020-09-01,8,8,3,0.076923
79,2017-12-30,2020-09-01,8,9,4,0.102564
79,2017-12-30,2020-09-01,9,1,6,0.136364
79,2017-12-30,2020-09-01,9,2,6,0.136364
79,2017-12-30,2020-09-01,9,3,4,0.090909
79,2017-12-30,2020-09-01,9,4,2,0.045455
79,2017-12-30,2020-09-01,9,5,5,0.113636
79,2017-12-30,2020-09-01,9,6,8,0.181818
79,2017-12-30,2020-09-01,9,7,6,0.136364
79,2017-12-30,2020-09-01,9,8,2,0.045455
79,2017-12-30,2020-09-01,9,9,5,0.113636
80,2018-08-21,2021-04-22,1,1,6,0.133333
80,2018-08-21,2021-04-22,1,2,3,0.066667
80,2018-08-21,2021-04-22,1,3,4,0.088889
80,2018-08-21,2021-04-22,1,4,11,0.244444
80,2018-08-21,2021-04-22,1,5,4,0.088889
80,2018-08-21,2021-04-22,1,6,5,0.111111
80,2018-08-21,2021-04-22,1,7,3,0.066667
80,2018-08-21,2021-04-22,1,8,5,0.111111
80,2018-08-21,2021-04-22,1,9,4,0.088889
80,2018-08-21,2021-04-22,2,1,4,0.083333
80,2018-08-21,2021-04-22,2,2,5,0.104167
80,2018-08-21,2021-04-22,2,3,8,0.166667
80,2018-08-21,2021-04-22,2,4,5,0.104167
80,2018-08-21,2021-04-22,2,5,3,0.0625
80,2018-08-21,2021-04-22,2,6,8,0.166667
80,2018-08-21,2021-04-22,2,7,4,0.083333
80,2018-08-21,2021-04-22,2,8,2,0.041667
80,2018-08-21,2021-04-22,2,9,9,0.1875
80,2018-08-21,2021-04-22,3,1,3,0.075
80,2018-08-21,2021-04-22,3,2,4,0.1
80,2018-08-21,2021-04-22,3,3,4,0.1
80,2018-08-21,2021-04-22,3,4,7,0.175
80,2018-08-21,2021-04-22,3,5,3,0.075
80,2018-08-21,2021-04-22,3,6,6,0.15
80,2018-08-21,2021-04-22,3,7,4,0.1
80,2018-08-21,2021-04-22,3,8,5,0.125
80,2018-08-21,2021-04-22,3,9,4,0.1
80,2018-08-21,2021-04-22,4,1,7,0.137255
80,2018-08-21,2021-04-22,4,2,8,0.156863
80,2018-08-21,2021-04-22,4,3,4,0.078431
80,2018-08-21,2021-04-22,4,4,7,0.137255
80,2018-08-21,2021-04-22,4,5,6,0.117647
80,2018-08-21,2021-04-22,4,6,2,0.039216
80,2018-08-21,2021-04-22,4,7,6,0.117647
80,2018-08-21,2021-04-22,4,8,3,0.058824
80,2018-08-21,2021-04-22,4,9,8,0.156863
80,2018-08-21,2021-04-22,5,1,2,0.060606
80,2018-08-21,2021-04-22,5,2,2,0.060606
80,2018-08-21,2021-04-22,5,3,3,0.090909
80,2018-08-21,2021-04-22,5,4,4,0.121212
80,2018-08-21,2021-04-22,5,5,2,0.060606
80,2018-08-21,2021-04-22,5,6,7,0.212121
80,2018-08-21,2021-04-22,5,7,2,0.060606
80,2018-08-21,2021-04-22,5,8,5,0.151515
80,2018-08-21,2021-04-22,5,9,6,0.181818
80,2018-08-21,2021-04-22,6,1,8,0.142857
80,2018-08-21,2021-04-22,6,2,11,0.196429
80,2018-08-21,2021-04-22,6,3,4,0.071429
80,2018-08-21,2021-04-22,6,4,5,0.089286
80,2018-08-21,2021-04-22,6,5,6,0.107143
80,2018-08-21,2021-04-22,6,6,7,0.125
80,2018-08-21,2021-04-22,6,7,6,0.107143
80,2018-08-21,2021-04-22,6,8,7,0.125
80,2018-08-21,2021-04-22,6,9,2,0.035714
80,2018-08-21,2021-04-22,7,1,5,0.116279
80,2018-08-21,2021-04-22,7,2,5,0.116279
80,2018-08-21,2021-04-22,7,3,6,0.139535
80,2018-08-21,2021-04-22,7,4,3,0.069767
80,2018-08-21,2021-04-22,7,5,3,0.069767
80,2018-08-21,2021-04-22,7,6,7,0.162791
80,2018-08-21,2021-04-22,7,7,5,0.116279
80,2018-08-21,2021-04-22,7,8,4,0.093023
80,2018-08-21,2021-04-22,7,9,5,0.116279
80,2018-08-21,2021-04-22,8,1,4,0.111111
80,2018-08-21,2021-04-22,8,2,3,0.083333
80,2018-08-21,2021-04-22,8,3,4,0.111111
80,2018-08-21,2021-04-22,8,4,4,0.111111
80,2018-08-21,2021-04-22,8,5,3,0.083333
80,2018-08-21,2021-04-22,8,6,4,0.111111
80,2018-08-21,2021-04-22,8,7,7,0.194444
80,2018-08-21,2021-04-22,8,8,4,0.111111
80,2018-08-21,2021-04-22,8,9,3,0.083333
80,2018-08-21,2021-04-22,9,1,6,0.125
80,2018-08-21,2021-04-22,9,2,7,0.145833
80,2018-08-21,2021-04-22,9,3,3,0.0625
80,2018-08-21,2021-04-22,9,4,5,0.104167
80,2018-08-21,2021-04-22,9,5,4,0.083333
80,2018-08-21,2021-04-22,9,6,10,0.208333
80,2018-08-21,2021-04-22,9,7,6,0.125
80,2018-08-21,2021-04-22,9,8,1,0.020833
80,2018-08-21,2021-04-22,9,9,6,0.125
81,2019-04-11,2021-12-11,1,1,6,0.139535
81,2019-04-11,2021-12-11,1,2,3,0.069767
81,2019-04-11,2021-12-11,1,3,4,0.093023
81,2019-04-11,2021-12-11,1,4,9,0.209302
81,2019-04-11,2021-12-11,1,5,7,0.162791
81,2019-04-11,2021-12-11,1,6,4,0.093023
81,2019-04-11,2021-12-11,1,7,3,0.069767
81,2019-04-11,2021-12-11,1,8,3,0.069767
81,2019-04-11,2021-12-11,1,9,4,0.093023
81,2019-04-11,2021-12-11,2,1,4,0.097561
81,2019-04-11,2021-12-11,2,2,4,0.097561
81,2019-04-11,2021-12-11,2,3,8,0.195122
81,2019-04-11,2021-12-11,2,4,4,0.097561
81,2019-04-11,2021-12-11,2,5,3,0.073171
81,2019-04-11,2021-12-11,2,6,5,0.121951
81,2019-04-11,2021-12-11,2,7,3,0.073171
81,2019-04-11,2021-12-11,2,8,2,0.04878
81,2019-04-11,2021-12-11,2,9,8,0.195122
81,2019-04-11,2021-12-11,3,1,3,0.071429
81,2019-04-11,2021-12-11,3,2,4,0.095238
81,2019-04-11,2021-12-11,3,3,3,0.071429
81,2019-04-11,2021-12-11,3,4,6,0.142857
81,2019-04-11,2021-12-11,3,5,4,0.095238
81,2019-04-11,2021-12-11,3,6,5,0.119048
81,2019-04-11,2021-12-11,3,7,5,0.119048
81,2019-04-11,2021-12-11,3,8,6,0.142857
81,2019-04-11,2021-12-11,3,9,6,0.142857
81,2019-04-11,2021-12-11,4,1,6,0.115385
81,2019-04-11,2021-12-11,4,2,8,0.153846
81,2019-04-11,2021-12-11,4,3,5,0.096154
81,2019-04-11,2021-12-11,4,4,8,0.153846
81,2019-04-11,2021-12-11,4,5,6,0.115385
81,2019-04-11,2021-12-11,4,6,3,0.057692
81,2019-04-11,2021-12-11,4,7,6,0.115385
81,2019-04-11,2021-12-11,4,8,5,0.096154
81,2019-04-11,2021-12-11,4,9,5,0.096154
81,2019-04-11,2021-12-11,5,1,1,0.023256
81,2019-04-11,2021-12-11,5,2,3,0.069767
81,2019-04-11,2021-12-11,5,3,3,0.069767
81,2019-04-11,2021-12-11,5,4,7,0.162791
81,2019-04-11,2021-12-11,5,5,4,0.093023
81,2019-04-11,2021-12-11,5,6,7,0.162791
81,2019-04-11,2021-12-11,5,7,6,0.139535
81,2019-04-11,2021-12-11,5,8,6,0.139535
81,2019-04-11,2021-12-11,5,9,6,0.139535
81,2019-04-11,2021-12-11,6,1,6,0.122449
81,2019-04-11,2021-12-11,6,2,9,0.183673
81,2019-04-11,2021-12-11,6,3,4,0.081633
81,2019-04-11,2021-12-11,6,4,3,0.061224
81,2019-04-11,2021-12-11,6,5,3,0.061224
81,2019-04-11,2021-12-11,6,6,6,0.122449
81,2019-04-11,2021-12-11,6,7,5,0.102041
81,2019-04-11,2021-12-11,6,8,10,0.204082
81,2019-04-11,2021-12-11,6,9,3,0.061224
81,2019-04-11,2021-12-11,7,1,6,0.133333
81,2019-04-11,2021-12-11,7,2,3,0.066667
81,2019-04-11,2021-12-11,7,3,5,0.111111
81,2019-04-11,2021-12-11,7,4,3,0.066667
81,2019-04-11,2021-12-11,7,5,7,0.155556
81,2019-04-11,2021-12-11,7,6,6,0.133333
81,2019-04-11,2021-12-11,7,7,5,0.111111
81,2019-04-11,2021-12-11,7,8,5,0.111111
81,2019-04-11,2021-12-11,7,9,5,0.111111
81,2019-04-11,2021-12-11,8,1,7,0.166667
81,2019-04-11,2021-12-11,8,2,4,0.095238
81,2019-04-11,2021-12-11,8,3,6,0.142857
81,2019-04-11,2021-12-11,8,4,4,0.095238
81,2019-04-11,2021-12-11,8,5,4,0.095238
81,2019-04-11,2021-12-11,8,6,5,0.119048
81,2019-04-11,2021-12-11,8,7,6,0.142857
81,2019-04-11,2021-12-11,8,8,4,0.095238
81,2019-04-11,2021-12-11,8,9,2,0.047619
81,2019-04-11,2021-12-11,9,1,4,0.093023
81,2019-04-11,2021-12-11,9,2,4,0.093023
81,2019-04-11,2021-12-11,9,3,3,0.069767
81,2019-04-11,2021-12-11,9,4,8,0.186047
81,2019-04-11,2021-12-11,9,5,5,0.116279
81,2019-04-11,2021-12-11,9,6,8,0.186047
81,2019-04-11,2021-12-11,9,7,6,0.139535
81,2019-04-11,2021-12-11,9,8,1,0.023256
81,2019-04-11,2021-12-11,9,9,4,0.093023
82,2019-11-30,2022-08-02,1,1,8,0.150943
82,2019-11-30,2022-08-02,1,2,7,0.132075
82,2019-11-30,2022-08-02,1,3,4,0.075472
82,2019-11-30,2022-08-02,1,4,8,0.150943
82,2019-11-30,2022-08-02,1,5,6,0.113208
82,2019-11-30,2022-08-02,1,6,7,0.132075
82,2019-11-30,2022-08-02,1,7,5,0.09434
82,2019-11-30,2022-08-02,1,8,3,0.056604
82,2019-11-30,2022-08-02,1,9,5,0.09434
82,2019-11-30,2022-08-02,2,1,3,0.073171
82,2019-11-30,2022-08-02,2,2,4,0.097561
82,2019-11-30,2022-08-02,2,3,7,0.170732
82,2019-11-30,2022-08-02,2,4,5,0.121951
82,2019-11-30,2022-08-02,2,5,3,0.073171
82,2019-11-30,2022-08-02,2,6,4,0.097561
82,2019-11-30,2022-08-02,2,7,5,0.121951
82,2019-11-30,2022-08-02,2,8,2,0.04878
82,2019-11-30,2022-08-02,2,9,8,0.195122
82,2019-11-30,2022-08-02,3,1,3,0.076923
82,2019-11-30,2022-08-02,3,2,3,0.076923
82,2019-11-30,2022-08-02,3,3,2,0.051282
82,2019-11-30,2022-08-02,3,4,8,0.205128
82,2019-11-30,2022-08-02,3,5,3,0.076923
82,2019-11-30,2022-08-02,3,6,5,0.128205
82,2019-11-30,2022-08-02,3,7,5,0.128205
82,2019-11-30,2022-08-02,3,8,5,0.128205
82,2019-11-30,2022-08-02,3,9,5,0.128205
82,2019-11-30,2022-08-02,4,1,9,0.176471
82,2019-11-30,2022-08-02,4,2,8,0.156863
82,2019-11-30,2022-08-02,4,3,5,0.098039
82,2019-11-30,2022-08-02,4,4,5,0.098039
82,2019-11-30,2022-08-02,4,5,5,0.098039
82,2019-11-30,2022-08-02,4,6,4,0.078431
82,2019-11-30,2022-08-02,4,7,8,0.156863
82,2019-11-30,2022-08-02,4,8,3,0.058824
82,2019-11-30,2022-08-02,4,9,4,0.078431
82,2019-11-30,2022-08-02,5,1,4,0.090909
82,2019-11-30,2022-08-02,5,2,3,0.068182
82,2019-11-30,2022-08-02,5,3,3,0.068182
82,2019-11-30,2022-08-02,5,4,7,0.159091
82,2019-11-30,2022-08-02,5,5,6,0.136364
82,2019-11-30,2022-08-02,5,6,6,0.136364
82,2019-11-30,2022-08-02,5,7,6,0.136364
82,2019-11-30,2022-08-02,5,8,5,0.113636
82,2019-11-30,2022-08-02,5,9,4,0.090909
82,2019-11-30,2022-08-02,6,1,9,0.176471
82,2019-11-30,2022-08-02,6,2,7,0.137255
82,2019-11-30,2022-08-02,6,3,5,0.098039
82,2019-11-30,2022-08-02,6,4,3,0.058824
82,2019-11-30,2022-08-02,6,5,4,0.078431
82,2019-11-30,2022-08-02,6,6,6,0.117647
82,2019-11-30,2022-08-02,6,7,4,0.078431
82,2019-11-30,2022-08-02,6,8,7,0.137255
82,2019-11-30,2022-08-02,6,9,6,0.117647
82,2019-11-30,2022-08-02,7,1,8,0.170213
82,2019-11-30,2022-08-02,7,2,3,0.06383
82,2019-11-30,2022-08-02,7,3,4,0.085106
82,2019-11-30,2022-08-02,7,4,3,0.06383
82,2019-11-30,2022-08-02,7,5,8,0.170213
82,2019-11-30,2022-08-02,7,6,7,0.148936
82,2019-11-30,2022-08-02,7,7,5,0.106383
82,2019-11-30,2022-08-02,7,8,5,0.106383
82,2019-11-30,2022-08-02,7,9,4,0.085106
82,2019-11-30,2022-08-02,8,1,5,0.151515
82,2019-11-30,2022-08-02,8,2,3,0.090909
82,2019-11-30,2022-08-02,8,3,5,0.151515
82,2019-11-30,2022-08-02,8,4,3,0.090909
82,2019-11-30,2022-08-02,8,5,5,0.151515
82,2019-11-30,2022-08-02,8,6,3,0.090909
82,2019-11-30,2022-08-02,8,7,5,0.151515
82,2019-11-30,2022-08-02,8,8,3,0.090909
82,2019-11-30,2022-08-02,8,9,1,0.030303
82,2019-11-30,2022-08-02,9,1,4,0.097561
82,2019-11-30,2022-08-02,9,2,3,0.073171
82,2019-11-30,2022-08-02,9,3,4,0.097561
82,2019-11-30,2022-08-02,9,4,9,0.219512
82,2019-11-30,2022-08-02,9,5,4,0.097561
82,2019-11-30,2022-08-02,9,6,9,0.219512
82,2019-11-30,2022-08-02,9,7,4,0.097561
82,2019-11-30,2022-08-02,9,8,1,0.02439
82,2019-11-30,2022-08-02,9,9,3,0.073171
83,2020-09-01,2023-03-23,1,1,7,0.134615
83,2020-09-01,2023-03-23,1,2,8,0.153846
83,2020-09-01,2023-03-23,1,3,4,0.076923
83,2020-09-01,2023-03-23,1,4,7,0.134615
83,2020-09-01,2023-03-23,1,5,8,0.153846
83,2020-09-01,2023-03-23,1,6,10,0.192308
83,2020-09-01,2023-03-23,1,7,4,0.076923
83,2020-09-01,2023-03-23,1,8,2,0.038462
83,2020-09-01,2023-03-23,1,9,2,0.038462
83,2020-09-01,2023-03-23,2,1,4,0.1
83,2020-09-01,2023-03-23,2,2,4,0.1
83,2020-09-01,2023-03-23,2,3,7,0.175
83,2020-09-01,2023-03-23,2,4,4,0.1
83,2020-09-01,2023-03-23,2,5,4,0.1
83,2020-09-01,2023-03-23,2,6,3,0.075
83,2020-09-01,2023-03-23,2,7,5,0.125
83,2020-09-01,2023-03-23,2,8,3,0.075
83,2020-09-01,2023-03-23,2,9,6,0.15
83,2020-09-01,2023-03-23,3,1,5,0.108696
83,2020-09-01,2023-03-23,3,2,3,0.065217
83,2020-09-01,2023-03-23,3,3,6,0.130435
83,2020-09-01,2023-03-23,3,4,6,0.130435
83,2020-09-01,2023-03-23,3,5,3,0.065217
83,2020-09-01,2023-03-23,3,6,7,0.152174
83,2020-09-01,2023-03-23,3,7,4,0.086957
83,2020-09-01,2023-03-23,3,8,5,0.108696
83,2020-09-01,2023-03-23,3,9,7,0.152174
83,2020-09-01,2023-03-23,4,1,8,0.177778
83,2020-09-01,2023-03-23,4,2,6,0.133333
83,2020-09-01,2023-03-23,4,3,6,0.133333
83,2020-09-01,2023-03-23,4,4,2,0.044444
83,2020-09-01,2023-03-23,4,5,5,0.111111
83,2020-09-01,2023-03-23,4,6,3,0.066667
83,2020-09-01,2023-03-23,4,7,7,0.155556
83,2020-09-01,2023-03-23,4,8,4,0.088889
83,2020-09-01,2023-03-23,4,9,4,0.088889
83,2020-09-01,2023-03-23,5,1,4,0.090909
83,2020-09-01,2023-03-23,5,2,2,0.045455
83,2020-09-01,2023-03-23,5,3,5,0.113636
83,2020-09-01,2023-03-23,5,4,7,0.159091
83,2020-09-01,2023-03-23,5,5,6,0.136364
83,2020-09-01,2023-03-23,5,6,7,0.159091
83,2020-09-01,2023-03-23,5,7,7,0.159091
83,2020-09-01,2023-03-23,5,8,4,0.090909
83,2020-09-01,2023-03-23,5,9,2,0.045455
83,2020-09-01,2023-03-23,6,1,9,0.166667
83,2020-09-01,2023-03-23,6,2,5,0.092593
83,2020-09-01,2023-03-23,6,3,7,0.12963
83,2020-09-01,2023-03-23,6,4,6,0.111111
83,2020-09-01,2023-03-23,6,5,2,0.037037
83,2020-09-01,2023-03-23,6,6,5,0.092593
83,2020-09-01,2023-03-23,6,7,3,0.055556
83,2020-09-01,2023-03-23,6,8,7,0.12963
83,2020-09-01,2023-03-23,6,9,10,0.185185
83,2020-09-01,2023-03-23,7,1,9,0.214286
83,2020-09-01,2023-03-23,7,2,4,0.095238
83,2020-09-01,2023-03-23,7,3,1,0.02381
83,2020-09-01,2023-03-23,7,4,1,0.02381
83,2020-09-01,2023-03-23,7,5,7,0.166667
83,2020-09-01,2023-03-23,7,6,7,0.166667
83,2020-09-01,2023-03-23,7,7,3,0.071429
83,2020-09-01,2023-03-23,7,8,6,0.142857
83,2020-09-01,2023-03-23,7,9,4,0.095238
83,2020-09-01,2023-03-23,8,1,4,0.108108
83,2020-09-01,2023-03-23,8,2,4,0.108108
83,2020-09-01,2023-03-23,8,3,6,0.162162
83,2020-09-01,2023-03-23,8,4,2,0.054054
83,2020-09-01,2023-03-23,8,5,5,0.135135
83,2020-09-01,2023-03-23,8,6,5,0.135135
83,2020-09-01,2023-03-23,8,7,6,0.162162
83,2020-09-01,2023-03-23,8,8,3,0.081081
83,2020-09-01,2023-03-23,8,9,2,0.054054
83,2020-09-01,2023-03-23,9,1,2,0.05
83,2020-09-01,2023-03-23,9,2,4,0.1
83,2020-09-01,2023-03-23,9,3,4,0.1
83,2020-09-01,2023-03-23,9,4,11,0.275
83,2020-09-01,2023-03-23,9,5,4,0.1
83,2020-09-01,2023-03-23,9,6,7,0.175
83,2020-09-01,2023-03-23,9,7,3,0.075
83,2020-09-01,2023-03-23,9,8,3,0.075
83,2020-09-01,2023-03-23,9,9,2,0.05
84,2021-04-22,2023-10-10,1,1,5,0.102041
84,2021-04-22,2023-10-10,1,2,8,0.163265
84,2021-04-22,2023-10-10,1,3,4,0.081633
84,2021-04-22,2023-10-10,1,4,3,0.061224
84,2021-04-22,2023-10-10,1,5,8,0.163265
84,2021-04-22,2023-10-10,1,6,11,0.22449
84,2021-04-22,2023-10-10,1,7,7,0.142857
84,2021-04-22,2023-10-10,1,8,1,0.020408
84,2021-04-22,2023-10-10,1,9,2,0.040816
84,2021-04-22,2023-10-10,2,1,1,0.028571
84,2021-04-22,2023-10-10,2,2,3,0.085714
84,2021-04-22,2023-10-10,2,3,7,0.2
84,2021-04-22,2023-10-10,2,4,2,0.057143
84,2021-04-22,2023-10-10,2,5,4,0.114286
84,2021-04-22,2023-10-10,2,6,5,0.142857
84,2021-04-22,2023-10-10,2,7,5,0.142857
84,2021-04-22,2023-10-10,2,8,4,0.114286
84,2021-04-22,2023-10-10,2,9,4,0.114286
84,2021-04-22,2023-10-10,3,1,6,0.142857
84,2021-04-22,2023-10-10,3,2,2,0.047619
84,2021-04-22,2023-10-10,3,3,5,0.119048
84,2021-04-22,2023-10-10,3,4,7,0.166667
84,2021-04-22,2023-10-10,3,5,2,0.047619
84,2021-04-22,2023-10-10,3,6,4,0.095238
84,2021-04-22,2023-10-10,3,7,3,0.071429
84,2021-04-22,2023-10-10,3,8,7,0.166667
84,2021-04-22,2023-10-10,3,9,6,0.142857
84,2021-04-22,2023-10-10,4,1,6,0.142857
84,2021-04-22,2023-10-10,4,2,4,0.095238
84,2021-04-22,2023-10-10,4,3,4,0.095238
84,2021-04-22,2023-10-10,4,4,3,0.071429
84,2021-04-22,2023-10-10,4,5,4,0.095238
84,2021-04-22,2023-10-10,4,6,4,0.095238
84,2021-04-22,2023-10-10,4,7,5,0.119048
84,2021-04-22,2023-10-10,4,8,8,0.190476
84,2021-04-22,2023-10-10,4,9,4,0.095238
84,2021-04-22,2023-10-10,5,1,5,0.108696
84,2021-04-22,2023-10-10,5,2,3,0.065217
84,2021-04-22,2023-10-10,5,3,4,0.086957
84,2021-04-22,2023-10-10,5,4,7,0.152174
84,2021-04-22,2023-10-10,5,5,6,0.130435
84,2021-04-22,2023-10-10,5,6,6,0.130435
84,2021-04-22,2023-10-10,5,7,7,0.152174
84,2021-04-22,2023-10-10,5,8,5,0.108696
84,2021-04-22,2023-10-10,5,9,3,0.065217
84,2021-04-22,2023-10-10,6,1,7,0.122807
84,2021-04-22,2023-10-10,6,2,4,0.070175
84,2021-04-22,2023-10-10,6,3,8,0.140351
84,2021-04-22,2023-10-10,6,4,7,0.122807
84,2021-04-22,2023-10-10,6,5,2,0.035088
84,2021-04-22,2023-10-10,6,6,6,0.105263
84,2021-04-22,2023-10-10,6,7,5,0.087719
84,2021-04-22,2023-10-10,6,8,8,0.140351
84,2021-04-22,2023-10-10,6,9,10,0.175439
84,2021-04-22,2023-10-10,7,1,9,0.2
84,2021-04-22,2023-10-10,7,2,4,0.088889
84,2021-04-22,2023-10-10,7,3,1,0.022222
84,2021-04-22,2023-10-10,7,4,1,0.022222
84,2021-04-22,2023-10-10,7,5,7,0.155556
84,2021-04-22,2023-10-10,7,6,9,0.2
84,2021-04-22,2023-10-10,7,7,4,0.088889
84,2021-04-22,2023-10-10,7,8,5,0.111111
84,2021-04-22,2023-10-10,7,9,5,0.111111
84,2021-04-22,2023-10-10,8,1,6,0.133333
84,2021-04-22,2023-10-10,8,2,4,0.088889
84,2021-04-22,2023-10-10,8,3,5,0.111111
84,2021-04-22,2023-10-10,8,4,4,0.088889
84,2021-04-22,2023-10-10,8,5,8,0.177778
84,2021-04-22,2023-10-10,8,6,5,0.111111
84,2021-04-22,2023-10-10,8,7,6,0.133333
84,2021-04-22,2023-10-10,8,8,4,0.088889
84,2021-04-22,2023-10-10,8,9,3,0.066667
84,2021-04-22,2023-10-10,9,1,4,0.102564
84,2021-04-22,2023-10-10,9,2,3,0.076923
84,2021-04-22,2023-10-10,9,3,4,0.102564
84,2021-04-22,2023-10-10,9,4,8,0.205128
84,2021-04-22,2023-10-10,9,5,4,0.102564
84,2021-04-22,2023-10-10,9,6,7,0.179487
84,2021-04-22,2023-10-10,9,7,4,0.102564
84,2021-04-22,2023-10-10,9,8,3,0.076923
84,2021-04-22,2023-10-10,9,9,2,0.051282
85,2021-12-11,2024-04-02,1,1,5,0.1
85,2021-12-11,2024-04-02,1,2,7,0.14
85,2021-12-11,2024-04-02,1,3,6,0.12
85,2021-12-11,2024-04-02,1,4,3,0.06
85,2021-12-11,2024-04-02,1,5,5,0.1
85,2021-12-11,2024-04-02,1,6,13,0.26
85,2021-12-11,2024-04-02,1,7,7,0.14
85,2021-12-11,2024-04-02,1,8,2,0.04
85,2021-12-11,2024-04-02,1,9,2,0.04
85,2021-12-11,2024-04-02,2,1,1,0.027778
85,2021-12-11,2024-04-02,2,2,3,0.083333
85,2021-12-11,2024-04-02,2,3,4,0.111111
85,2021-12-11,2024-04-02,2,4,5,0.138889
85,2021-12-11,2024-04-02,2,5,6,0.166667
85,2021-12-11,2024-04-02,2,6,6,0.166667
85,2021-12-11,2024-04-02,2,7,5,0.138889
85,2021-12-11,2024-04-02,2,8,2,0.055556
85,2021-12-11,2024-04-02,2,9,4,0.111111
85,2021-12-11,2024-04-02,3,1,5,0.128205
85,2021-12-11,2024-04-02,3,2,1,0.025641
85,2021-12-11,2024-04-02,3,3,7,0.179487
85,2021-12-11,2024-04-02,3,4,7,0.179487
85,2021-12-11,2024-04-02,3,5,1,0.025641
85,2021-12-11,2024-04-02,3,6,6,0.153846
85,2021-12-11,2024-04-02,3,7,3,0.076923
85,2021-12-11,2024-04-02,3,8,5,0.128205
85,2021-12-11,2024-04-02,3,9,4,0.102564
85,2021-12-11,2024-04-02,4,1,6,0.146341
85,2021-12-11,2024-04-02,4,2,7,0.170732
85,2021-12-11,2024-04-02,4,3,2,0.04878
85,2021-12-11,2024-04-02,4,4,2,0.04878
85,2021-12-11,2024-04-02,4,5,5,0.121951
85,2021-12-11,2024-04-02,4,6,2,0.04878
85,2021-12-11,2024-04-02,4,7,5,0.121951
85,2021-12-11,2024-04-02,4,8,6,0.146341
85,2021-12-11,2024-04-02,4,9,6,0.146341
85,2021-12-11,2024-04-02,5,1,7,0.159091
85,2021-12-11,2024-04-02,5,2,5,0.113636
85,2021-12-11,2024-04-02,5,3,5,0.113636
85,2021-12-11,2024-04-02,5,4,5,0.113636
85,2021-12-11,2024-04-02,5,5,7,0.159091
85,2021-12-11,2024-04-02,5,6,5,0.113636
85,2021-12-11,2024-04-02,5,7,5,0.113636
85,2021-12-11,2024-04-02,5,8,3,0.068182
85,2021-12-11,2024-04-02,5,9,2,0.045455
85,2021-12-11,2024-04-02,6,1,7,0.116667
85,2021-12-11,2024-04-02,6,2,3,0.05
85,2021-12-11,2024-04-02,6,3,7,0.116667
85,2021-12-11,2024-04-02,6,4,7,0.116667
85,2021-12-11,2024-04-02,6,5,4,0.066667
85,2021-12-11,2024-04-02,6,6,5,0.083333
85,2021-12-11,2024-04-02,6,7,9,0.15
85,2021-12-11,2024-04-02,6,8,6,0.1
85,2021-12-11,2024-04-02,6,9,12,0.2
85,2021-12-11,2024-04-02,7,1,9,0.191489
85,2021-12-11,2024-04-02,7,2,3,0.06383
85,2021-12-11,2024-04-02,7,3,1,0.021277
85,2021-12-11,2024-04-02,7,4,5,0.106383
85,2021-12-11,2024-04-02,7,5,6,0.12766
85,2021-12-11,2024-04-02,7,6,8,0.170213
85,2021-12-11,2024-04-02,7,7,3,0.06383
85,2021-12-11,2024-04-02,7,8,6,0.12766
85,2021-12-11,2024-04-02,7,9,6,0.12766
85,2021-12-11,2024-04-02,8,1,4,0.102564
85,2021-12-11,2024-04-02,8,2,1,0.025641
85,2021-12-11,2024-04-02,8,3,4,0.102564
85,2021-12-11,2024-04-02,8,4,3,0.076923
85,2021-12-11,2024-04-02,8,5,6,0.153846
85,2021-12-11,2024-04-02,8,6,5,0.128205
85,2021-12-11,2024-04-02,8,7,8,0.205128
85,2021-12-11,2024-04-02,8,8,4,0.102564
85,2021-12-11,2024-04-02,8,9,4,0.102564
85,2021-12-11,2024-04-02,9,1,6,0.136364
85,2021-12-11,2024-04-02,9,2,5,0.113636
85,2021-12-11,2024-04-02,9,3,3,0.068182
85,2021-12-11,2024-04-02,9,4,5,0.113636
85,2021-12-11,2024-04-02,9,5,4,0.090909
85,2021-12-11,2024-04-02,9,6,10,0.227273
85,2021-12-11,2024-04-02,9,7,2,0.045455
85,2021-12-11,2024-04-02,9,8,5,0.113636
85,2021-12-11,2024-04-02,9,9,4,0.090909
86,2022-08-02,2024-09-24,1,1,3,0.068182
86,2022-08-02,2024-09-24,1,2,4,0.090909
86,2022-08-02,2024-09-24,1,3,5,0.113636
86,2022-08-02,2024-09-24,1,4,2,0.045455
86,2022-08-02,2024-09-24,1,5,4,0.090909
86,2022-08-02,2024-09-24,1,6,11,0.25
86,2022-08-02,2024-09-24,1,7,6,0.136364
86,2022-08-02,2024-09-24,1,8,6,0.136364
86,2022-08-02,2024-09-24,1,9,3,0.068182
86,2022-08-02,2024-09-24,2,1,2,0.058824
86,2022-08-02,2024-09-24,2,2,5,0.147059
86,2022-08-02,2024-09-24,2,3,6,0.176471
86,2022-08-02,2024-09-24,2,4,3,0.088235
86,2022-08-02,2024-09-24,2,5,5,0.147059
86,2022-08-02,2024-09-24,2,6,6,0.176471
86,2022-08-02,2024-09-24,2,7,2,0.058824
86,2022-08-02,2024-09-24,2,8,2,0.058824
86,2022-08-02,2024-09-24,2,9,3,0.088235
86,2022-08-02,2024-09-24,3,1,9,0.1875
86,2022-08-02,2024-09-24,3,2,2,0.041667
86,2022-08-02,2024-09-24,3,3,8,0.166667
86,2022-08-02,2024-09-24,3,4,7,0.145833
86,2022-08-02,2024-09-24,3,5,1,0.020833
86,2022-08-02,2024-09-24,3,6,7,0.145833
86,2022-08-02,2024-09-24,3,7,4,0.083333
86,2022-08-02,2024-09-24,3,8,6,0.125
86,2022-08-02,2024-09-24,3,9,4,0.083333
86,2022-08-02,2024-09-24,4,1,4,0.121212
86,2022-08-02,2024-09-24,4,2,5,0.151515
86,2022-08-02,2024-09-24,4,3,1,0.030303
86,2022-08-02,2024-09-24,4,4,2,0.060606
86,2022-08-02,2024-09-24,4,5,4,0.121212
86,2022-08-02,2024-09-24,4,6,1,0.030303
86,2022-08-02,2024-09-24,4,7,4,0.121212
86,2022-08-02,2024-09-24,4,8,8,0.242424
86,2022-08-02,2024-09-24,4,9,4,0.121212
86,2022-08-02,2024-09-24,5,1,4,0.102564
86,2022-08-02,2024-09-24,5,2,4,0.102564
86,2022-08-02,2024-09-24,5,3,6,0.153846
86,2022-08-02,2024-09-24,5,4,3,0.076923
86,2022-08-02,2024-09-24,5,5,5,0.128205
86,2022-08-02,2024-09-24,5,6,6,0.153846
86,2022-08-02,2024-09-24,5,7,5,0.128205
86,2022-08-02,2024-09-24,5,8,3,0.076923
86,2022-08-02,2024-09-24,5,9,3,0.076923
86,2022-08-02,2024-09-24,6,1,7,0.114754
86,2022-08-02,2024-09-24,6,2,3,0.04918
86,2022-08-02,2024-09-24,6,3,9,0.147541
86,2022-08-02,2024-09-24,6,4,6,0.098361
86,2022-08-02,2024-09-24,6,5,4,0.065574
86,2022-08-02,2024-09-24,6,6,4,0.065574
86,2022-08-02,2024-09-24,6,7,10,0.163934
86,2022-08-02,2024-09-24,6,8,7,0.114754
86,2022-08-02,2024-09-24,6,9,11,0.180328
86,2022-08-02,2024-09-24,7,1,6,0.133333
86,2022-08-02,2024-09-24,7,2,4,0.088889
86,2022-08-02,2024-09-24,7,3,2,0.044444
86,2022-08-02,2024-09-24,7,4,5,0.111111
86,2022-08-02,2024-09-24,7,5,7,0.155556
86,2022-08-02,2024-09-24,7,6,7,0.155556
86,2022-08-02,2024-09-24,7,7,2,0.044444
86,2022-08-02,2024-09-24,7,8,6,0.133333
86,2022-08-02,2024-09-24,7,9,6,0.133333
86,2022-08-02,2024-09-24,8,1,3,0.061224
86,2022-08-02,2024-09-24,8,2,4,0.081633
86,2022-08-02,2024-09-24,8,3,6,0.122449
86,2022-08-02,2024-09-24,8,4,3,0.061224
86,2022-08-02,2024-09-24,8,5,5,0.102041
86,2022-08-02,2024-09-24,8,6,7,0.142857
86,2022-08-02,2024-09-24,8,7,9,0.183673
86,2022-08-02,2024-09-24,8,8,5,0.102041
86,2022-08-02,2024-09-24,8,9,7,0.142857
86,2022-08-02,2024-09-24,9,1,6,0.12766
86,2022-08-02,2024-09-24,9,2,3,0.06383
86,2022-08-02,2024-09-24,9,3,5,0.106383
86,2022-08-02,2024-09-24,9,4,2,0.042553
86,2022-08-02,2024-09-24,9,5,4,0.085106
86,2022-08-02,2024-09-24,9,6,12,0.255319
86,2022-08-02,2024-09-24,9,7,3,0.06383
86,2022-08-02,2024-09-24,9,8,6,0.12766
86,2022-08-02,2024-09-24,9,9,6,0.12766
87,2023-03-23,2025-03-18,1,1,2,0.043478
87,2023-03-23,2025-03-18,1,2,3,0.065217
87,2023-03-23,2025-03-18,1,3,5,0.108696
87,2023-03-23,2025-03-18,1,4,4,0.086957
87,2023-03-23,2025-03-18,1,5,3,0.065217
87,2023-03-23,2025-03-18,1,6,9,0.195652
87,2023-03-23,2025-03-18,1,7,6,0.130435
87,2023-03-23,2025-03-18,1,8,10,0.217391
87,2023-03-23,2025-03-18,1,9,4,0.086957
87,2023-03-23,2025-03-18,2,1,1,0.027778
87,2023-03-23,2025-03-18,2,2,4,0.111111
87,2023-03-23,2025-03-18,2,3,6,0.166667
87,2023-03-23,2025-03-18,2,4,4,0.111111
87,2023-03-23,2025-03-18,2,5,4,0.111111
87,2023-03-23,2025-03-18,2,6,7,0.194444
87,2023-03-23,2025-03-18,2,7,4,0.111111
87,2023-03-23,2025-03-18,2,8,2,0.055556
87,2023-03-23,2025-03-18,2,9,4,0.111111
87,2023-03-23,2025-03-18,3,1,5,0.128205
87,2023-03-23,2025-03-18,3,2,3,0.076923
87,2023-03-23,2025-03-18,3,3,5,0.128205
87,2023-03-23,2025-03-18,3,4,6,0.153846
87,2023-03-23,2025-03-18,3,5,2,0.051282
87,2023-03-23,2025-03-18,3,6,4,0.102564
87,2023-03-23,2025-03-18,3,7,5,0.128205
87,2023-03-23,2025-03-18,3,8,5,0.128205
87,2023-03-23,2025-03-18,3,9,4,0.102564
87,2023-03-23,2025-03-18,4,1,9,0.230769
87,2023-03-23,2025-03-18,4,2,5,0.128205
87,2023-03-23,2025-03-18,4,3,2,0.051282
87,2023-03-23,2025-03-18,4,4,2,0.051282
87,2023-03-23,2025-03-18,4,5,2,0.051282
87,2023-03-23,2025-03-18,4,6,4,0.102564
87,2023-03-23,2025-03-18,4,7,3,0.076923
87,2023-03-23,2025-03-18,4,8,8,0.205128
87,2023-03-23,2025-03-18,4,9,4,0.102564
87,2023-03-23,2025-03-18,5,1,3,0.075
87,2023-03-23,2025-03-18,5,2,5,0.125
87,2023-03-23,2025-03-18,5,3,3,0.075
87,2023-03-23,2025-03-18,5,4,7,0.175
87,2023-03-23,2025-03-18,5,5,7,0.175
87,2023-03-23,2025-03-18,5,6,5,0.125
87,2023-03-23,2025-03-18,5,7,4,0.1
87,2023-03-23,2025-03-18,5,8,3,0.075
87,2023-03-23,2025-03-18,5,9,3,0.075
87,2023-03-23,2025-03-18,6,1,9,0.155172
87,2023-03-23,2025-03-18,6,2,5,0.086207
87,2023-03-23,2025-03-18,6,3,5,0.086207
87,2023-03-23,2025-03-18,6,4,4,0.068966
87,2023-03-23,2025-03-18,6,5,5,0.086207
87,2023-03-23,2025-03-18,6,6,4,0.068966
87,2023-03-23,2025-03-18,6,7,10,0.172414
87,2023-03-23,2025-03-18,6,8,7,0.12069
87,2023-03-23,2025-03-18,6,9,9,0.155172
87,2023-03-23,2025-03-18,7,1,7,0.148936
87,2023-03-23,2025-03-18,7,2,3,0.06383
87,2023-03-23,2025-03-18,7,3,3,0.06383
87,2023-03-23,2025-03-18,7,4,7,0.148936
87,2023-03-23,2025-03-18,7,5,7,0.148936
87,2023-03-23,2025-03-18,7,6,7,0.148936
87,2023-03-23,2025-03-18,7,7,2,0.042553
87,2023-03-23,2025-03-18,7,8,4,0.085106
87,2023-03-23,2025-03-18,7,9,7,0.148936
87,2023-03-23,2025-03-18,8,1,4,0.083333
87,2023-03-23,2025-03-18,8,2,4,0.083333
87,2023-03-23,2025-03-18,8,3,5,0.104167
87,2023-03-23,2025-03-18,8,4,4,0.083333
87,2023-03-23,2025-03-18,8,5,6,0.125
87,2023-03-23,2025-03-18,8,6,6,0.125
87,2023-03-23,2025-03-18,8,7,9,0.1875
87,2023-03-23,2025-03-18,8,8,4,0.083333
87,2023-03-23,2025-03-18,8,9,6,0.125
87,2023-03-23,2025-03-18,9,1,6,0.12766
87,2023-03-23,2025-03-18,9,2,4,0.085106
87,2023-03-23,2025-03-18,9,3,5,0.106383
87,2023-03-23,2025-03-18,9,4,0,0.0
87,2023-03-23,2025-03-18,9,5,4,0.085106
87,2023-03-23,2025-03-18,9,6,12,0.255319
87,2023-03-23,2025-03-18,9,7,4,0.085106
87,2023-03-23,2025-03-18,9,8,6,0.12766
87,2023-03-23,2025-03-18,9,9,6,0.12766
88,2023-10-10,2025-09-09,1,1,4,0.083333
88,2023-10-10,2025-09-09,1,2,4,0.083333
88,2023-10-10,2025-09-09,1,3,5,0.104167
88,2023-10-10,2025-09-09,1,4,6,0.125
88,2023-10-10,2025-09-09,1,5,2,0.041667
88,2023-10-10,2025-09-09,1,6,8,0.166667
88,2023-10-10,2025-09-09,1,7,4,0.083333
88,2023-10-10,2025-09-09,1,8,10,0.208333
88,2023-10-10,2025-09-09,1,9,5,0.104167
88,2023-10-10,2025-09-09,2,1,2,0.05
88,2023-10-10,2025-09-09,2,2,4,0.1
88,2023-10-10,2025-09-09,2,3,4,0.1
88,2023-10-10,2025-09-09,2,4,8,0.2
88,2023-10-10,2025-09-09,2,5,6,0.15
88,2023-10-10,2025-09-09,2,6,6,0.15
88,2023-10-10,2025-09-09,2,7,4,0.1
88,2023-10-10,2025-09-09,2,8,2,0.05
88,2023-10-10,2025-09-09,2,9,4,0.1
88,2023-10-10,2025-09-09,3,1,6,0.157895
88,2023-10-10,2025-09-09,3,2,2,0.052632
88,2023-10-10,2025-09-09,3,3,4,0.105263
88,2023-10-10,2025-09-09,3,4,5,0.131579
88,2023-10-10,2025-09-09,3,5,5,0.131579
88,2023-10-10,2025-09-09,3,6,6,0.157895
88,2023-10-10,2025-09-09,3,7,5,0.131579
88,2023-10-10,2025-09-09,3,8,2,0.052632
88,2023-10-10,2025-09-09,3,9,3,0.078947
88,2023-10-10,2025-09-09,4,1,12,0.307692
88,2023-10-10,2025-09-09,4,2,6,0.153846
88,2023-10-10,2025-09-09,4,3,2,0.051282
88,2023-10-10,2025-09-09,4,4,0,0.0
88,2023-10-10,2025-09-09,4,5,2,0.051282
88,2023-10-10,2025-09-09,4,6,3,0.076923
88,2023-10-10,2025-09-09,4,7,5,0.128205
88,2023-10-10,2025-09-09,4,8,4,0.102564
88,2023-10-10,2025-09-09,4,9,5,0.128205
88,2023-10-10,2025-09-09,5,1,2,0.045455
88,2023-10-10,2025-09-09,5,2,7,0.159091
88,2023-10-10,2025-09-09,5,3,4,0.090909
88,2023-10-10,2025-09-09,5,4,8,0.181818
88,2023-10-10,2025-09-09,5,5,7,0.159091
88,2023-10-10,2025-09-09,5,6,5,0.113636
88,2023-10-10,2025-09-09,5,7,5,0.113636
88,2023-10-10,2025-09-09,5,8,3,0.068182
88,2023-10-10,2025-09-09,5,9,3,0.068182
88,2023-10-10,2025-09-09,6,1,8,0.142857
88,2023-10-10,2025-09-09,6,2,3,0.053571
88,2023-10-10,2025-09-09,6,3,4,0.071429
88,2023-10-10,2025-09-09,6,4,3,0.053571
88,2023-10-10,2025-09-09,6,5,5,0.089286
88,2023-10-10,2025-09-09,6,6,6,0.107143
88,2023-10-10,2025-09-09,6,7,11,0.196429
88,2023-10-10,2025-09-09,6,8,7,0.125
88,2023-10-10,2025-09-09,6,9,9,0.160714
88,2023-10-10,2025-09-09,7,1,6,0.130435
88,2023-10-10,2025-09-09,7,2,5,0.108696
88,2023-10-10,2025-09-09,7,3,4,0.086957
88,2023-10-10,2025-09-09,7,4,6,0.130435
88,2023-10-10,2025-09-09,7,5,7,0.152174
88,2023-10-10,2025-09-09,7,6,5,0.108696
88,2023-10-10,2025-09-09,7,7,1,0.021739
88,2023-10-10,2025-09-09,7,8,6,0.130435
88,2023-10-10,2025-09-09,7,9,6,0.130435
88,2023-10-10,2025-09-09,8,1,4,0.090909
88,2023-10-10,2025-09-09,8,2,5,0.113636
88,2023-10-10,2025-09-09,8,3,6,0.136364
88,2023-10-10,2025-09-09,8,4,2,0.045455
88,2023-10-10,2025-09-09,8,5,5,0.113636
88,2023-10-10,2025-09-09,8,6,7,0.159091
88,2023-10-10,2025-09-09,8,7,6,0.136364
88,2023-10-10,2025-09-09,8,8,4,0.090909
88,2023-10-10,2025-09-09,8,9,5,0.113636
88,2023-10-10,2025-09-09,9,1,4,0.088889
88,2023-10-10,2025-09-09,9,2,4,0.088889
88,2023-10-10,2025-09-09,9,3,5,0.111111
88,2023-10-10,2025-09-09,9,4,1,0.022222
88,2023-10-10,2025-09-09,9,5,5,0.111111
88,2023-10-10,2025-09-09,9,6,10,0.222222
88,2023-10-10,2025-09-09,9,7,4,0.088889
88,2023-10-10,2025-09-09,9,8,6,0.133333
88,2023-10-10,2025-09-09,9,9,6,0.133333
89,2024-04-02,2026-03-03,1,1,4,0.085106
89,2024-04-02,2026-03-03,1,2,5,0.106383
89,2024-04-02,2026-03-03,1,3,4,0.085106
89,2024-04-02,2026-03-03,1,4,7,0.148936
89,2024-04-02,2026-03-03,1,5,3,0.06383
89,2024-04-02,2026-03-03,1,6,6,0.12766
89,2024-04-02,2026-03-03,1,7,3,0.06383
89,2024-04-02,2026-03-03,1,8,11,0.234043
89,2024-04-02,2026-03-03,1,9,4,0.085106
89,2024-04-02,2026-03-03,2,1,3,0.068182
89,2024-04-02,2026-03-03,2,2,4,0.090909
89,2024-04-02,2026-03-03,2,3,5,0.113636
89,2024-04-02,2026-03-03,2,4,6,0.136364
89,2024-04-02,2026-03-03,2,5,7,0.159091
89,2024-04-02,2026-03-03,2,6,7,0.159091
89,2024-04-02,2026-03-03,2,7,5,0.113636
89,2024-04-02,2026-03-03,2,8,4,0.090909
89,2024-04-02,2026-03-03,2,9,3,0.068182
89,2024-04-02,2026-03-03,3,1,8,0.190476
89,2024-04-02,2026-03-03,3,2,5,0.119048
89,2024-04-02,2026-03-03,3,3,4,0.095238
89,2024-04-02,2026-03-03,3,4,5,0.119048
89,2024-04-02,2026-03-03,3,5,5,0.119048
89,2024-04-02,2026-03-03,3,6,5,0.119048
89,2024-04-02,2026-03-03,3,7,4,0.095238
89,2024-04-02,2026-03-03,3,8,3,0.071429
89,2024-04-02,2026-03-03,3,9,3,0.071429
89,2024-04-02,2026-03-03,4,1,11,0.268293
89,2024-04-02,2026-03-03,4,2,4,0.097561
89,2024-04-02,2026-03-03,4,3,3,0.073171
89,2024-04-02,2026-03-03,4,4,2,0.04878
89,2024-04-02,2026-03-03,4,5,3,0.073171
89,2024-04-02,2026-03-03,4,6,3,0.073171
89,2024-04-02,2026-03-03,4,7,4,0.097561
89,2024-04-02,2026-03-03,4,8,3,0.073171
89,2024-04-02,2026-03-03,4,9,8,0.195122
89,2024-04-02,2026-03-03,5,1,1,0.023256
89,2024-04-02,2026-03-03,5,2,5,0.116279
89,2024-04-02,2026-03-03,5,3,2,0.046512
89,2024-04-02,2026-03-03,5,4,10,0.232558
89,2024-04-02,2026-03-03,5,5,6,0.139535
89,2024-04-02,2026-03-03,5,6,8,0.186047
89,2024-04-02,2026-03-03,5,7,5,0.116279
89,2024-04-02,2026-03-03,5,8,3,0.069767
89,2024-04-02,2026-03-03,5,9,3,0.069767
89,2024-04-02,2026-03-03,6,1,7,0.122807
89,2024-04-02,2026-03-03,6,2,5,0.087719
89,2024-04-02,2026-03-03,6,3,8,0.140351
89,2024-04-02,2026-03-03,6,4,4,0.070175
89,2024-04-02,2026-03-03,6,5,3,0.052632
89,2024-04-02,2026-03-03,6,6,7,0.122807
89,2024-04-02,2026-03-03,6,7,10,0.175439
89,2024-04-02,2026-03-03,6,8,7,0.122807
89,2024-04-02,2026-03-03,6,9,6,0.105263
89,2024-04-02,2026-03-03,7,1,5,0.125
89,2024-04-02,2026-03-03,7,2,5,0.125
89,2024-04-02,2026-03-03,7,3,5,0.125
89,2024-04-02,2026-03-03,7,4,2,0.05
89,2024-04-02,2026-03-03,7,5,6,0.15
89,2024-04-02,2026-03-03,7,6,8,0.2
89,2024-04-02,2026-03-03,7,7,1,0.025
89,2024-04-02,2026-03-03,7,8,3,0.075
89,2024-04-02,2026-03-03,7,9,5,0.125
89,2024-04-02,2026-03-03,8,1,5,0.111111
89,2024-04-02,2026-03-03,8,2,6,0.133333
89,2024-04-02,2026-03-03,8,3,6,0.133333
89,2024-04-02,2026-03-03,8,4,2,0.044444
89,2024-04-02,2026-03-03,8,5,6,0.133333
89,2024-04-02,2026-03-03,8,6,7,0.155556
89,2024-04-02,2026-03-03,8,7,4,0.088889
89,2024-04-02,2026-03-03,8,8,4,0.088889
89,2024-04-02,2026-03-03,8,9,5,0.111111
89,2024-04-02,2026-03-03,9,1,3,0.073171
89,2024-04-02,2026-03-03,9,2,5,0.121951
89,2024-04-02,2026-03-03,9,3,5,0.121951
89,2024-04-02,2026-03-03,9,4,2,0.04878
89,2024-04-02,2026-03-03,9,5,4,0.097561
89,2024-04-02,2026-03-03,9,6,7,0.170732
89,2024-04-02,2026-03-03,9,7,4,0.097561
89,2024-04-02,2026-03-03,9,8,7,0.170732
89,2024-04-02,2026-03-03,9,9,4,0.097561
