t_index,date,true_dr,pred_dr,hit,rolling_accuracy
600,1911-07-08,3,1,0,0.0
601,1911-07-15,6,7,0,0.0
602,1911-07-22,5,9,0,0.0
603,1911-07-29,7,1,0,0.0
604,1911-08-05,3,5,0,0.0
605,1911-08-12,3,1,0,0.0
606,1911-08-19,6,7,0,0.0
607,1911-08-26,4,9,0,0.0
608,1911-09-02,3,2,0,0.0
609,1911-09-09,6,6,1,0.1
610,1911-09-16,2,9,0,0.090909
611,1911-09-23,8,3,0,0.083333
612,1911-09-30,3,3,1,0.153846
613,1911-10-07,4,7,0,0.142857
614,1911-10-14,3,5,0,0.133333
615,1911-10-21,4,6,0,0.125
616,1911-10-28,7,5,0,0.117647
617,1911-11-04,6,5,0,0.111111
618,1911-11-11,8,6,0,0.105263
619,1911-11-18,6,2,0,0.1
620,1911-11-25,4,9,0,0.095238
621,1911-12-02,8,2,0,0.090909
622,1911-12-09,2,2,1,0.130435
623,1911-12-16,1,5,0,0.125
624,1911-12-23,9,4,0,0.12
625,1911-12-30,3,9,0,0.115385
626,1912-01-06,2,1,0,0.111111
627,1912-01-13,1,5,0,0.107143
628,1912-01-20,5,4,0,0.103448
629,1912-01-27,3,7,0,0.1
630,1912-02-03,5,1,0,0.096774
631,1912-02-10,8,8,1,0.125
632,1912-02-17,8,9,0,0.121212
633,1912-02-24,4,8,0,0.117647
634,1912-03-02,2,2,1,0.142857
635,1912-03-09,7,1,0,0.138889
636,1912-03-16,8,2,0,0.135135
637,1912-03-23,8,6,0,0.131579
638,1912-03-30,8,8,1,0.153846
639,1912-04-06,5,8,0,0.15
640,1912-04-13,7,1,0,0.146341
641,1912-04-20,9,5,0,0.142857
642,1912-04-27,7,7,1,0.162791
643,1912-05-04,1,7,0,0.159091
644,1912-05-11,8,9,0,0.155556
645,1912-05-18,8,6,0,0.152174
646,1912-05-25,9,8,0,0.148936
647,1912-06-01,4,9,0,0.145833
648,1912-06-08,2,3,0,0.142857
649,1912-06-15,5,1,0,0.14
650,1912-06-22,2,4,0,0.137255
651,1912-06-29,9,9,1,0.153846
652,1912-07-06,4,9,0,0.150943
653,1912-07-13,2,3,0,0.148148
654,1912-07-20,6,1,0,0.145455
655,1912-07-27,2,5,0,0.142857
656,1912-08-03,5,3,0,0.140351
657,1912-08-10,9,4,0,0.137931
658,1912-08-17,7,3,0,0.135593
659,1912-08-24,5,7,0,0.133333
660,1912-08-31,8,8,1,0.147541
661,1912-09-07,4,8,0,0.145161
662,1912-09-14,1,2,0,0.142857
663,1912-09-21,8,5,0,0.140625
664,1912-09-28,4,8,0,0.138462
665,1912-10-05,5,2,0,0.136364
666,1912-10-12,6,3,0,0.134328
667,1912-10-19,7,2,0,0.132353
668,1912-10-26,7,8,0,0.130435
669,1912-11-02,4,9,0,0.128571
670,1912-11-09,3,1,0,0.126761
671,1912-11-16,3,6,0,0.125
672,1912-11-23,6,7,0,0.123288
673,1912-11-30,2,9,0,0.121622
674,1912-12-07,1,3,0,0.12
675,1912-12-14,5,4,0,0.118421
676,1912-12-21,6,3,0,0.116883
677,1912-12-28,2,2,1,0.128205
678,1913-01-04,5,3,0,0.126582
679,1913-01-11,1,4,0,0.125
680,1913-01-18,7,9,0,0.123457
681,1913-01-25,9,1,0,0.121951
682,1913-02-01,5,7,0,0.120482
683,1913-02-08,3,4,0,0.119048
684,1913-02-15,8,1,0,0.117647
685,1913-02-22,5,9,0,0.116279
686,1913-03-01,6,1,0,0.114943
687,1913-03-08,4,2,0,0.113636
688,1913-03-15,7,2,0,0.11236
689,1913-03-22,3,5,0,0.111111
690,1913-03-29,6,1,0,0.10989
691,1913-04-05,4,9,0,0.108696
692,1913-04-12,7,2,0,0.107527
693,1913-04-19,2,5,0,0.106383
694,1913-04-26,6,5,0,0.105263
695,1913-05-03,8,5,0,0.104167
696,1913-05-10,6,2,0,0.103093
697,1913-05-17,2,9,0,0.102041
698,1913-05-24,1,5,0,0.10101
699,1913-05-31,4,4,1,0.11
700,1913-06-07,3,1,0,0.108911
701,1913-06-14,5,6,0,0.107843
702,1913-06-21,3,8,0,0.106796
703,1913-06-28,8,1,0,0.105769
704,1913-07-05,3,9,0,0.104762
705,1913-07-12,4,7,0,0.103774
706,1913-07-19,5,5,1,0.11215
707,1913-07-26,7,3,0,0.111111
708,1913-08-02,4,9,0,0.110092
709,1913-08-09,3,1,0,0.109091
710,1913-08-16,3,6,0,0.108108
711,1913-08-23,5,7,0,0.107143
712,1913-08-30,8,8,1,0.115044
713,1913-09-06,8,8,1,0.122807
714,1913-09-13,9,8,0,0.121739
715,1913-09-20,9,9,1,0.12931
716,1913-09-27,1,4,0,0.128205
717,1913-10-04,6,2,0,0.127119
718,1913-10-11,1,1,1,0.134454
719,1913-10-18,2,3,0,0.133333
720,1913-10-25,2,4,0,0.132231
721,1913-11-01,7,9,0,0.131148
722,1913-11-08,8,2,0,0.130081
723,1913-11-15,8,6,0,0.129032
724,1913-11-22,7,8,0,0.128
725,1913-11-29,8,3,0,0.126984
726,1913-12-06,7,6,0,0.125984
727,1913-12-13,2,8,0,0.125
728,1913-12-20,2,5,0,0.124031
729,1913-12-27,1,9,0,0.123077
730,1914-01-03,8,4,0,0.122137
731,1914-01-10,1,8,0,0.121212
732,1914-01-17,7,2,0,0.120301
733,1914-01-24,9,1,0,0.119403
734,1914-01-31,4,7,0,0.118519
735,1914-02-07,7,3,0,0.117647
736,1914-02-14,6,5,0,0.116788
737,1914-02-21,8,6,0,0.115942
738,1914-02-28,7,6,0,0.115108
739,1914-03-07,7,8,0,0.114286
740,1914-03-14,9,9,1,0.120567
741,1914-03-21,9,7,0,0.119718
742,1914-03-28,6,1,0,0.118881
743,1914-04-04,8,7,0,0.118056
744,1914-04-11,1,6,0,0.117241
745,1914-04-18,3,2,0,0.116438
746,1914-04-25,7,7,1,0.122449
747,1914-05-02,6,2,0,0.121622
748,1914-05-09,2,6,0,0.120805
749,1914-05-16,5,5,1,0.126667
750,1914-05-23,9,4,0,0.125828
751,1914-05-30,9,3,0,0.125
752,1914-06-06,2,1,0,0.124183
753,1914-06-13,9,4,0,0.123377
754,1914-06-20,1,9,0,0.122581
755,1914-06-27,8,2,0,0.121795
756,1914-07-04,7,8,0,0.121019
757,1914-07-11,2,8,0,0.120253
758,1914-07-18,6,5,0,0.119497
759,1914-07-25,2,5,0,0.11875
760,1914-08-01,3,5,0,0.118012
761,1914-08-08,9,4,0,0.117284
762,1914-08-15,9,3,0,0.116564
763,1914-08-22,7,2,0,0.115854
764,1914-08-29,3,7,0,0.115152
765,1914-09-05,2,6,0,0.114458
766,1914-09-12,1,5,0,0.113772
767,1914-09-19,9,4,0,0.113095
768,1914-09-26,3,9,0,0.112426
769,1914-10-03,3,1,0,0.111765
770,1914-10-10,2,7,0,0.111111
771,1914-10-17,2,5,0,0.110465
772,1914-10-24,8,9,0,0.109827
773,1914-10-31,2,3,0,0.109195
774,1914-11-07,8,5,0,0.108571
775,1914-11-14,2,3,0,0.107955
776,1914-11-21,6,5,0,0.107345
777,1914-11-28,3,5,0,0.106742
778,1914-12-05,3,8,0,0.106145
779,1914-12-12,3,7,0,0.105556
780,1914-12-19,2,7,0,0.104972
781,1914-12-26,6,5,0,0.104396
782,1915-01-02,8,5,0,0.103825
783,1915-01-09,4,1,0,0.103261
784,1915-01-16,6,2,0,0.102703
785,1915-01-23,5,7,0,0.102151
786,1915-01-30,9,1,0,0.101604
787,1915-02-06,5,3,0,0.101064
788,1915-02-13,2,4,0,0.100529
789,1915-02-20,3,9,0,0.1
790,1915-02-27,4,4,1,0.104712
791,1915-03-06,5,5,1,0.109375
792,1915-03-13,8,3,0,0.108808
793,1915-03-20,1,8,0,0.108247
794,1915-03-27,7,2,0,0.107692
795,1915-04-03,1,9,0,0.107143
796,1915-04-10,2,9,0,0.106599
797,1915-04-17,4,4,1,0.111111
798,1915-04-24,4,6,0,0.110553
799,1915-05-01,8,8,1,0.115
800,1915-05-08,6,2,0,0.114428
801,1915-05-15,2,9,0,0.113861
802,1915-05-22,8,5,0,0.1133
803,1915-05-29,9,3,0,0.112745
804,1915-06-05,3,9,0,0.112195
805,1915-06-12,3,1,0,0.11165
806,1915-06-19,3,7,0,0.111111
807,1915-06-26,8,7,0,0.110577
808,1915-07-03,3,9,0,0.110048
809,1915-07-10,3,7,0,0.109524
810,1915-07-17,3,7,0,0.109005
811,1915-07-24,2,3,0,0.108491
812,1915-07-31,3,5,0,0.107981
813,1915-08-07,6,4,0,0.107477
814,1915-08-14,5,9,0,0.106977
815,1915-08-21,6,1,0,0.106481
816,1915-08-28,5,2,0,0.105991
817,1915-09-04,2,1,0,0.105505
818,1915-09-11,3,9,0,0.105023
819,1915-09-18,2,4,0,0.104545
820,1915-09-25,4,5,0,0.104072
821,1915-10-02,2,6,0,0.103604
822,1915-10-09,5,1,0,0.103139
823,1915-10-16,7,9,0,0.102679
824,1915-10-23,2,4,0,0.102222
825,1915-10-30,7,6,0,0.10177
826,1915-11-06,5,2,0,0.101322
827,1915-11-13,4,8,0,0.100877
828,1915-11-20,8,6,0,0.100437
829,1915-11-27,5,2,0,0.1
830,1915-12-04,3,1,0,0.099567
831,1915-12-11,5,8,0,0.099138
832,1915-12-18,1,8,0,0.098712
833,1915-12-25,8,7,0,0.098291
834,1915-12-31,5,8,0,0.097872
835,1916-01-08,6,1,0,0.097458
836,1916-01-15,4,2,0,0.097046
837,1916-01-22,2,7,0,0.096639
838,1916-01-29,2,1,0,0.096234
839,1916-02-05,4,9,0,0.095833
840,1916-02-12,4,6,0,0.095436
841,1916-02-19,1,8,0,0.095041
842,1916-02-26,6,5,0,0.09465
843,1916-03-04,4,1,0,0.094262
844,1916-03-11,9,2,0,0.093878
845,1916-03-18,5,9,0,0.093496
846,1916-03-25,9,4,0,0.093117
847,1916-04-01,3,3,1,0.096774
848,1916-04-08,6,1,0,0.096386
849,1916-04-15,3,9,0,0.096
850,1916-04-22,6,8,0,0.095618
851,1916-04-29,2,9,0,0.095238
852,1916-05-06,1,5,0,0.094862
853,1916-05-13,1,4,0,0.094488
854,1916-05-20,1,9,0,0.094118
855,1916-05-27,8,9,0,0.09375
856,1916-06-03,7,8,0,0.093385
857,1916-06-10,8,8,1,0.096899
858,1916-06-17,8,6,0,0.096525
859,1916-06-24,9,8,0,0.096154
860,1916-07-01,9,9,1,0.099617
861,1916-07-08,6,2,0,0.099237
862,1916-07-15,2,8,0,0.098859
863,1916-07-22,7,5,0,0.098485
864,1916-07-29,6,2,0,0.098113
865,1916-08-05,7,6,0,0.097744
866,1916-08-12,7,8,0,0.097378
867,1916-08-19,9,9,1,0.100746
868,1916-08-26,1,7,0,0.100372
869,1916-09-02,7,2,0,0.1
870,1916-09-09,2,1,0,0.099631
871,1916-09-16,6,6,1,0.102941
872,1916-09-23,4,5,0,0.102564
873,1916-09-30,7,2,0,0.10219
874,1916-10-07,7,5,0,0.101818
875,1916-10-14,3,9,0,0.101449
876,1916-10-21,6,6,1,0.104693
877,1916-10-28,2,2,1,0.107914
878,1916-11-04,9,5,0,0.107527
879,1916-11-11,6,9,0,0.107143
880,1916-11-18,3,8,0,0.106762
881,1916-11-25,6,8,0,0.106383
882,1916-12-02,2,2,1,0.109541
883,1916-12-09,9,5,0,0.109155
884,1916-12-16,8,9,0,0.108772
885,1916-12-23,9,6,0,0.108392
886,1916-12-30,1,9,0,0.108014
887,1917-01-06,2,2,1,0.111111
888,1917-01-13,8,4,0,0.110727
889,1917-01-20,3,3,1,0.113793
890,1917-01-27,4,7,0,0.113402
891,1917-02-03,6,5,0,0.113014
892,1917-02-10,3,5,0,0.112628
893,1917-02-17,8,6,0,0.112245
894,1917-02-24,2,9,0,0.111864
895,1917-03-03,9,5,0,0.111486
896,1917-03-10,7,9,0,0.111111
897,1917-03-17,8,7,0,0.110738
898,1917-03-24,9,8,0,0.110368
899,1917-03-31,1,9,0,0.11
900,1917-04-07,6,2,0,0.109635
901,1917-04-14,6,1,0,0.109272
902,1917-04-21,2,9,0,0.108911
903,1917-04-28,6,5,0,0.108553
904,1917-05-05,4,5,0,0.108197
905,1917-05-12,1,7,0,0.107843
906,1917-05-19,4,5,0,0.107492
907,1917-05-26,8,1,0,0.107143
908,1917-06-02,6,2,0,0.106796
909,1917-06-09,5,9,0,0.106452
910,1917-06-16,9,1,0,0.106109
911,1917-06-23,4,3,0,0.105769
912,1917-06-30,6,3,0,0.105431
913,1917-07-07,3,5,0,0.105096
914,1917-07-14,3,8,0,0.104762
915,1917-07-21,8,3,0,0.10443
916,1917-07-28,8,9,0,0.104101
917,1917-08-04,1,8,0,0.103774
918,1917-08-11,2,7,0,0.103448
919,1917-08-18,3,4,0,0.103125
920,1917-08-25,4,4,1,0.105919
921,1917-09-01,3,5,0,0.10559
922,1917-09-08,4,6,0,0.105263
923,1917-09-15,9,5,0,0.104938
924,1917-09-22,7,5,0,0.104615
925,1917-09-29,5,7,0,0.104294
926,1917-10-06,1,8,0,0.103976
927,1917-10-13,5,7,0,0.103659
928,1917-10-20,5,3,0,0.103343
929,1917-10-27,7,4,0,0.10303
930,1917-11-03,4,4,1,0.10574
931,1917-11-10,2,3,0,0.105422
932,1917-11-17,7,1,0,0.105105
933,1917-11-24,4,2,0,0.10479
934,1917-12-01,3,3,1,0.107463
935,1917-12-08,7,4,0,0.107143
936,1917-12-15,1,2,0,0.106825
937,1917-12-22,3,9,0,0.106509
938,1917-12-29,1,7,0,0.106195
939,1918-01-05,6,9,0,0.105882
940,1918-01-12,2,1,0,0.105572
941,1918-01-19,1,5,0,0.105263
942,1918-01-26,6,4,0,0.104956
943,1918-02-02,3,1,0,0.104651
944,1918-02-09,3,8,0,0.104348
945,1918-02-16,4,3,0,0.104046
946,1918-02-23,8,5,0,0.103746
947,1918-03-02,8,2,0,0.103448
948,1918-03-09,6,8,0,0.103152
949,1918-03-16,7,9,0,0.102857
950,1918-03-23,7,8,0,0.102564
951,1918-03-30,3,9,0,0.102273
952,1918-04-06,9,6,0,0.101983
953,1918-04-13,8,3,0,0.101695
954,1918-04-20,3,6,0,0.101408
955,1918-04-27,5,4,0,0.101124
956,1918-05-04,9,8,0,0.10084
957,1918-05-11,2,3,0,0.100559
958,1918-05-18,7,4,0,0.100279
959,1918-05-25,4,2,0,0.1
960,1918-06-01,2,3,0,0.099723
961,1918-06-08,6,7,0,0.099448
962,1918-06-15,4,5,0,0.099174
963,1918-06-22,9,7,0,0.098901
964,1918-06-29,7,5,0,0.09863
965,1918-07-06,8,7,0,0.098361
966,1918-07-13,8,8,1,0.100817
967,1918-07-20,3,8,0,0.100543
968,1918-07-27,4,4,1,0.102981
969,1918-08-03,7,5,0,0.102703
970,1918-08-10,9,7,0,0.102426
971,1918-08-17,4,7,0,0.102151
972,1918-08-24,3,3,1,0.104558
973,1918-08-31,4,4,1,0.106952
974,1918-09-07,8,5,0,0.106667
975,1918-09-14,8,2,0,0.106383
976,1918-09-21,8,8,1,0.108753
977,1918-09-28,4,8,0,0.108466
978,1918-10-05,6,2,0,0.108179
979,1918-10-12,7,5,0,0.107895
980,1918-10-19,7,8,0,0.107612
981,1918-10-26,9,9,1,0.109948
982,1918-11-02,5,7,0,0.109661
983,1918-11-09,3,4,0,0.109375
984,1918-11-16,6,8,0,0.109091
985,1918-11-23,1,2,0,0.108808
986,1918-11-30,2,3,0,0.108527
987,1918-12-07,3,4,0,0.108247
988,1918-12-14,6,4,0,0.107969
989,1918-12-21,8,2,0,0.107692
990,1918-12-28,5,4,0,0.107417
991,1919-01-04,8,1,0,0.107143
992,1919-01-11,5,8,0,0.10687
993,1919-01-18,2,1,0,0.106599
994,1919-01-25,6,9,0,0.106329
995,1919-02-01,2,5,0,0.106061
996,1919-02-08,6,5,0,0.105793
997,1919-02-15,8,5,0,0.105528
998,1919-02-22,7,4,0,0.105263
999,1919-03-01,3,8,0,0.105
1000,1919-03-08,2,6,0,0.104738
1001,1919-03-15,5,5,1,0.106965
1002,1919-03-22,8,9,0,0.1067
1003,1919-03-29,7,8,0,0.106436
1004,1919-04-05,9,8,0,0.106173
1005,1919-04-12,6,7,0,0.105911
1006,1919-04-19,8,8,1,0.108108
1007,1919-04-26,8,4,0,0.107843
1008,1919-05-03,3,8,0,0.107579
1009,1919-05-10,5,4,0,0.107317
1010,1919-05-17,4,8,0,0.107056
1011,1919-05-24,9,6,0,0.106796
1012,1919-05-31,6,7,0,0.106538
1013,1919-06-07,5,8,0,0.10628
1014,1919-06-14,1,9,0,0.106024
1015,1919-06-21,6,7,0,0.105769
1016,1919-06-28,5,1,0,0.105516
1017,1919-07-05,4,1,0,0.105263
1018,1919-07-12,4,9,0,0.105012
1019,1919-07-19,3,8,0,0.104762
1020,1919-07-26,2,4,0,0.104513
1021,1919-08-02,2,5,0,0.104265
1022,1919-08-09,3,9,0,0.104019
1023,1919-08-16,8,4,0,0.103774
1024,1919-08-23,5,9,0,0.103529
1025,1919-08-30,6,1,0,0.103286
1026,1919-09-06,5,4,0,0.103044
1027,1919-09-13,3,1,0,0.102804
1028,1919-09-20,7,6,0,0.102564
1029,1919-09-27,2,2,1,0.104651
1030,1919-10-04,2,6,0,0.104408
1031,1919-10-11,4,9,0,0.104167
1032,1919-10-18,6,6,1,0.106236
1033,1919-10-25,8,7,0,0.105991
1034,1919-10-31,9,4,0,0.105747
1035,1919-11-08,4,9,0,0.105505
1036,1919-11-15,6,3,0,0.105263
1037,1919-11-22,4,7,0,0.105023
1038,1919-11-29,5,7,0,0.104784
1039,1919-12-06,9,3,0,0.104545
1040,1919-12-13,2,3,0,0.104308
1041,1919-12-20,2,4,0,0.104072
1042,1919-12-27,8,9,0,0.103837
1043,1920-01-03,4,3,0,0.103604
1044,1920-01-10,9,2,0,0.103371
1045,1920-01-17,1,7,0,0.103139
1046,1920-01-24,1,2,0,0.102908
1047,1920-01-31,8,9,0,0.102679
1048,1920-02-07,7,8,0,0.10245
1049,1920-02-14,2,8,0,0.102222
1050,1920-02-21,3,6,0,0.101996
1051,1920-02-28,9,4,0,0.10177
1052,1920-03-06,7,3,0,0.101545
1053,1920-03-13,9,7,0,0.101322
1054,1920-03-20,4,7,0,0.101099
1055,1920-03-27,1,3,0,0.100877
1056,1920-04-03,6,5,0,0.100656
1057,1920-04-10,8,1,0,0.100437
1058,1920-04-17,9,4,0,0.100218
1059,1920-04-24,9,9,1,0.102174
1060,1920-05-01,9,2,0,0.101952
1061,1920-05-08,4,2,0,0.101732
1062,1920-05-15,2,3,0,0.101512
1063,1920-05-22,3,7,0,0.101293
1064,1920-05-29,5,4,0,0.101075
1065,1920-06-05,1,8,0,0.100858
1066,1920-06-12,8,7,0,0.100642
1067,1920-06-19,5,7,0,0.100427
1068,1920-06-26,5,6,0,0.100213
1069,1920-07-03,4,4,1,0.102128
1070,1920-07-10,6,9,0,0.101911
1071,1920-07-17,5,7,0,0.101695
1072,1920-07-24,1,1,1,0.103594
1073,1920-07-31,5,7,0,0.103376
1074,1920-08-07,9,3,0,0.103158
1075,1920-08-14,2,3,0,0.102941
1076,1920-08-21,6,4,0,0.102725
1077,1920-08-28,5,5,1,0.104603
1078,1920-09-04,3,1,0,0.104384
1079,1920-09-11,2,6,0,0.104167
1080,1920-09-18,4,5,0,0.10395
1081,1920-09-25,1,6,0,0.103734
1082,1920-10-02,4,5,0,0.10352
1083,1920-10-09,8,1,0,0.103306
1084,1920-10-16,1,2,0,0.103093
1085,1920-10-23,6,2,0,0.102881
1086,1920-10-30,6,1,0,0.102669
1087,1920-11-06,2,9,0,0.102459
1088,1920-11-13,5,5,1,0.104294
1089,1920-11-20,1,9,0,0.104082
1090,1920-11-27,4,7,0,0.10387
1091,1920-12-04,7,8,0,0.103659
1092,1920-12-11,6,7,0,0.103448
1093,1920-12-18,7,6,0,0.103239
1094,1920-12-25,6,7,0,0.10303
1095,1920-12-31,6,6,1,0.104839
1096,1921-01-08,1,2,0,0.104628
1097,1921-01-15,8,3,0,0.104418
1098,1921-01-22,2,7,0,0.104208
1099,1921-01-29,2,5,0,0.104
1100,1921-02-05,6,8,0,0.103792
1101,1921-02-12,8,5,0,0.103586
1102,1921-02-19,1,4,0,0.10338
1103,1921-02-26,3,2,0,0.103175
1104,1921-03-05,6,7,0,0.10297
1105,1921-03-12,3,2,0,0.102767
1106,1921-03-19,6,8,0,0.102564
1107,1921-03-26,7,2,0,0.102362
1108,1921-04-02,9,7,0,0.102161
1109,1921-04-09,3,4,0,0.101961
1110,1921-04-16,5,1,0,0.101761
1111,1921-04-23,9,8,0,0.101562
1112,1921-04-30,8,3,0,0.101365
1113,1921-05-07,3,6,0,0.101167
1114,1921-05-14,7,4,0,0.100971
1115,1921-05-21,6,2,0,0.100775
1116,1921-05-28,3,6,0,0.10058
1117,1921-06-04,1,6,0,0.100386
1118,1921-06-11,5,9,0,0.100193
1119,1921-06-18,9,3,0,0.1
1120,1921-06-25,1,3,0,0.099808
1121,1921-07-02,4,2,0,0.099617
1122,1921-07-09,7,8,0,0.099426
1123,1921-07-16,9,6,0,0.099237
1124,1921-07-23,1,4,0,0.099048
1125,1921-07-30,6,2,0,0.098859
1126,1921-08-06,2,1,0,0.098672
1127,1921-08-13,4,5,0,0.098485
1128,1921-08-20,7,6,0,0.098299
1129,1921-08-27,9,6,0,0.098113
1130,1921-09-03,4,4,1,0.099812
1131,1921-09-10,8,3,0,0.099624
1132,1921-09-17,2,2,1,0.101313
1133,1921-09-24,1,5,0,0.101124
1134,1921-10-01,7,4,0,0.100935
1135,1921-10-08,9,1,0,0.100746
1136,1921-10-15,3,4,0,0.100559
1137,1921-10-22,3,1,0,0.100372
1138,1921-10-29,4,3,0,0.100186
1139,1921-11-05,4,5,0,0.1
1140,1921-11-12,8,8,1,0.101664
1141,1921-11-19,3,2,0,0.101476
1142,1921-11-26,1,4,0,0.101289
1143,1921-12-03,3,9,0,0.101103
1144,1921-12-10,3,7,0,0.100917
1145,1921-12-17,9,4,0,0.100733
1146,1921-12-24,1,3,0,0.100548
1147,1921-12-31,8,2,0,0.100365
1148,1922-01-07,2,7,0,0.100182
1149,1922-01-14,1,5,0,0.1
1150,1922-01-21,7,4,0,0.099819
1151,1922-01-28,5,9,0,0.099638
1152,1922-02-04,7,8,0,0.099458
1153,1922-02-11,5,4,0,0.099278
1154,1922-02-18,3,8,0,0.099099
1155,1922-02-25,5,6,0,0.098921
1156,1922-03-04,8,8,1,0.100539
1157,1922-03-11,9,8,0,0.100358
1158,1922-03-18,6,9,0,0.100179
1159,1922-03-25,6,8,0,0.1
1160,1922-04-01,6,2,0,0.099822
1161,1922-04-08,1,2,0,0.099644
1162,1922-04-15,2,3,0,0.099467
1163,1922-04-22,7,4,0,0.099291
1164,1922-04-29,2,2,1,0.100885
1165,1922-05-06,3,6,0,0.100707
1166,1922-05-13,2,4,0,0.100529
1167,1922-05-20,2,5,0,0.100352
1168,1922-05-27,3,8,0,0.100176
1169,1922-06-03,3,4,0,0.1
1170,1922-06-10,4,4,1,0.101576
1171,1922-06-17,4,5,0,0.101399
1172,1922-06-24,8,8,1,0.102967
1173,1922-07-01,3,2,0,0.102787
1174,1922-07-08,4,4,1,0.104348
1175,1922-07-15,8,5,0,0.104167
1176,1922-07-22,5,2,0,0.103986
1177,1922-07-29,7,6,0,0.103806
1178,1922-08-05,2,4,0,0.103627
1179,1922-08-12,5,6,0,0.103448
1180,1922-08-19,3,9,0,0.10327
1181,1922-08-26,9,6,0,0.103093
1182,1922-09-02,9,3,0,0.102916
1183,1922-09-09,5,4,0,0.10274
1184,1922-09-16,5,3,0,0.102564
1185,1922-09-23,9,4,0,0.102389
1186,1922-09-30,5,3,0,0.102215
1187,1922-10-07,9,3,0,0.102041
1188,1922-10-14,4,3,0,0.101868
1189,1922-10-21,5,3,0,0.101695
1190,1922-10-28,4,3,0,0.101523
1191,1922-11-04,3,6,0,0.101351
1192,1922-11-11,4,4,1,0.102867
1193,1922-11-18,6,5,0,0.102694
1194,1922-11-25,6,5,0,0.102521
1195,1922-12-02,1,2,0,0.102349
1196,1922-12-09,7,2,0,0.102178
1197,1922-12-16,6,9,0,0.102007
1198,1922-12-23,7,6,0,0.101836
1199,1922-12-30,9,9,1,0.103333
1200,1923-01-06,2,4,0,0.103161
1201,1923-01-13,2,4,0,0.10299
1202,1923-01-20,3,8,0,0.102819
1203,1923-01-27,9,4,0,0.102649
1204,1923-02-03,1,3,0,0.102479
1205,1923-02-10,9,2,0,0.10231
1206,1923-02-17,6,9,0,0.102142
1207,1923-02-24,2,8,0,0.101974
1208,1923-03-03,7,5,0,0.101806
1209,1923-03-10,4,2,0,0.101639
1210,1923-03-17,5,3,0,0.101473
1211,1923-03-24,5,3,0,0.101307
1212,1923-03-31,9,4,0,0.101142
1213,1923-04-07,1,3,0,0.100977
1214,1923-04-14,2,2,1,0.102439
1215,1923-04-21,5,4,0,0.102273
1216,1923-04-28,9,9,1,0.103728
1217,1923-05-05,3,3,1,0.105178
1218,1923-05-12,2,1,0,0.105008
1219,1923-05-19,9,2,0,0.104839
1220,1923-05-26,7,7,1,0.10628
1221,1923-06-02,4,7,0,0.106109
1222,1923-06-09,9,3,0,0.105939
1223,1923-06-16,7,7,1,0.107372
1224,1923-06-23,3,7,0,0.1072
1225,1923-06-30,1,6,0,0.107029
1226,1923-07-07,6,9,0,0.106858
1227,1923-07-14,8,1,0,0.106688
1228,1923-07-21,8,1,0,0.106518
1229,1923-07-28,8,8,1,0.107937
1230,1923-08-04,3,8,0,0.107765
1231,1923-08-11,4,4,1,0.109177
1232,1923-08-18,6,5,0,0.109005
1233,1923-08-25,6,5,0,0.108833
1234,1923-09-01,1,2,0,0.108661
1235,1923-09-08,8,2,0,0.108491
1236,1923-09-15,8,7,0,0.10832
1237,1923-09-22,1,8,0,0.10815
1238,1923-09-29,5,2,0,0.107981
1239,1923-10-06,7,3,0,0.107813
1240,1923-10-13,6,4,0,0.107644
1241,1923-10-20,7,6,0,0.107477
1242,1923-10-27,6,9,0,0.107309
1243,1923-11-03,8,6,0,0.107143
1244,1923-11-10,8,1,0,0.106977
1245,1923-11-17,1,8,0,0.106811
1246,1923-11-24,3,2,0,0.106646
1247,1923-12-01,1,7,0,0.106481
1248,1923-12-08,7,9,0,0.106317
1249,1923-12-15,5,9,0,0.106154
1250,1923-12-22,7,8,0,0.105991
1251,1923-12-29,4,4,1,0.107362
1252,1924-01-05,9,3,0,0.107198
1253,1924-01-12,7,7,1,0.108563
1254,1924-01-19,7,7,1,0.109924
1255,1924-01-26,5,9,0,0.109756
1256,1924-02-02,9,7,0,0.109589
1257,1924-02-09,9,3,0,0.109422
1258,1924-02-16,6,4,0,0.109256
1259,1924-02-23,1,8,0,0.109091
1260,1924-03-01,8,2,0,0.108926
1261,1924-03-08,4,8,0,0.108761
1262,1924-03-15,4,2,0,0.108597
1263,1924-03-22,6,8,0,0.108434
1264,1924-03-29,9,5,0,0.108271
1265,1924-04-05,6,6,1,0.10961
1266,1924-04-12,5,8,0,0.109445
1267,1924-04-19,3,1,0,0.109281
1268,1924-04-26,2,6,0,0.109118
1269,1924-05-03,9,2,0,0.108955
1270,1924-05-10,5,7,0,0.108793
1271,1924-05-17,4,3,0,0.108631
1272,1924-05-24,9,6,0,0.10847
1273,1924-05-31,9,7,0,0.108309
1274,1924-06-07,3,4,0,0.108148
1275,1924-06-14,8,1,0,0.107988
1276,1924-06-21,2,9,0,0.107829
1277,1924-06-28,8,1,0,0.10767
1278,1924-07-05,7,3,0,0.107511
1279,1924-07-12,5,8,0,0.107353
1280,1924-07-19,9,7,0,0.107195
1281,1924-07-26,3,3,1,0.108504
1282,1924-08-02,1,1,1,0.10981
1283,1924-08-09,8,9,0,0.109649
1284,1924-08-16,9,8,0,0.109489
1285,1924-08-23,8,9,0,0.109329
1286,1924-08-30,7,3,0,0.10917
1287,1924-09-06,7,8,0,0.109012
1288,1924-09-13,7,9,0,0.108853
1289,1924-09-20,7,9,0,0.108696
1290,1924-09-27,6,9,0,0.108538
1291,1924-10-04,6,6,1,0.109827
1292,1924-10-11,2,1,0,0.109668
1293,1924-10-18,6,5,0,0.10951
1294,1924-10-25,8,5,0,0.109353
1295,1924-10-31,5,1,0,0.109195
1296,1924-11-08,9,6,0,0.109039
1297,1924-11-15,3,3,1,0.110315
1298,1924-11-22,3,1,0,0.110157
1299,1924-11-29,4,4,1,0.111429
1300,1924-12-06,6,5,0,0.11127
1301,1924-12-13,3,5,0,0.111111
1302,1924-12-20,8,6,0,0.110953
1303,1924-12-27,7,9,0,0.110795
1304,1925-01-03,4,8,0,0.110638
1305,1925-01-10,9,3,0,0.110482
1306,1925-01-17,6,7,0,0.110325
1307,1925-01-24,1,8,0,0.110169
1308,1925-01-31,4,2,0,0.110014
1309,1925-02-07,3,8,0,0.109859
1310,1925-02-14,5,4,0,0.109705
1311,1925-02-21,9,8,0,0.109551
1312,1925-02-28,7,3,0,0.109397
1313,1925-03-07,1,7,0,0.109244
1314,1925-03-14,4,9,0,0.109091
1315,1925-03-21,6,8,0,0.108939
1316,1925-03-28,7,5,0,0.108787
1317,1925-04-04,2,9,0,0.108635
1318,1925-04-11,9,6,0,0.108484
1319,1925-04-18,3,7,0,0.108333
1320,1925-04-25,5,1,0,0.108183
1321,1925-05-02,7,8,0,0.108033
1322,1925-05-09,8,4,0,0.107884
1323,1925-05-16,4,8,0,0.107735
1324,1925-05-23,8,2,0,0.107586
1325,1925-05-30,1,2,0,0.107438
1326,1925-06-06,7,3,0,0.10729
1327,1925-06-13,4,5,0,0.107143
1328,1925-06-20,2,3,0,0.106996
1329,1925-06-27,1,3,0,0.106849
1330,1925-07-04,8,4,0,0.106703
1331,1925-07-11,3,8,0,0.106557
1332,1925-07-18,2,4,0,0.106412
1333,1925-07-25,9,2,0,0.106267
1334,1925-08-01,9,7,0,0.106122
1335,1925-08-08,3,4,0,0.105978
1336,1925-08-15,6,1,0,0.105834
1337,1925-08-22,7,2,0,0.105691
1338,1925-08-29,7,9,0,0.105548
1339,1925-09-05,3,9,0,0.105405
1340,1925-09-12,2,6,0,0.105263
1341,1925-09-19,1,2,0,0.105121
1342,1925-09-26,7,4,0,0.10498
1343,1925-10-03,1,5,0,0.104839
1344,1925-10-10,6,9,0,0.104698
1345,1925-10-17,2,1,0,0.104558
1346,1925-10-24,2,5,0,0.104418
1347,1925-10-31,5,8,0,0.104278
1348,1925-11-07,4,9,0,0.104139
1349,1925-11-14,4,9,0,0.104
1350,1925-11-21,7,8,0,0.103862
1351,1925-11-28,2,6,0,0.103723
1352,1925-12-05,7,6,0,0.103586
1353,1925-12-12,6,2,0,0.103448
1354,1925-12-19,2,6,0,0.103311
1355,1925-12-26,1,5,0,0.103175
1356,1926-01-02,9,4,0,0.103038
1357,1926-01-09,5,9,0,0.102902
1358,1926-01-16,2,4,0,0.102767
1359,1926-01-23,4,9,0,0.102632
1360,1926-01-30,5,6,0,0.102497
1361,1926-02-06,2,3,0,0.102362
1362,1926-02-13,4,9,0,0.102228
1363,1926-02-20,1,6,0,0.102094
1364,1926-02-27,4,5,0,0.101961
1365,1926-03-06,1,8,0,0.101828
1366,1926-03-13,1,5,0,0.101695
1367,1926-03-20,8,8,1,0.102865
1368,1926-03-27,8,8,1,0.104031
1369,1926-04-03,7,8,0,0.103896
1370,1926-04-10,3,8,0,0.103761
1371,1926-04-17,9,6,0,0.103627
1372,1926-04-24,9,3,0,0.103493
1373,1926-05-01,2,3,0,0.103359
1374,1926-05-08,8,4,0,0.103226
1375,1926-05-15,8,3,0,0.103093
1376,1926-05-22,4,8,0,0.10296
1377,1926-05-29,7,2,0,0.102828
1378,1926-06-05,4,6,0,0.102696
1379,1926-06-12,3,3,1,0.103846
1380,1926-06-19,9,4,0,0.103713
1381,1926-06-26,9,9,1,0.104859
1382,1926-07-03,7,2,0,0.104725
1383,1926-07-10,3,7,0,0.104592
1384,1926-07-17,3,9,0,0.104459
1385,1926-07-24,2,4,0,0.104326
1386,1926-07-31,5,2,0,0.104193
1387,1926-08-07,5,9,0,0.104061
1388,1926-08-14,9,4,0,0.103929
1389,1926-08-21,1,3,0,0.103797
1390,1926-08-28,3,2,0,0.103666
1391,1926-09-04,1,7,0,0.103535
1392,1926-09-11,1,9,0,0.103405
1393,1926-09-18,7,8,0,0.103275
1394,1926-09-25,7,1,0,0.103145
1395,1926-10-02,2,9,0,0.103015
1396,1926-10-09,4,6,0,0.102886
1397,1926-10-16,4,1,0,0.102757
1398,1926-10-23,1,8,0,0.102628
1399,1926-10-30,3,5,0,0.1025
1400,1926-11-06,7,7,1,0.10362
1401,1926-11-13,2,2,1,0.104738
1402,1926-11-20,9,6,0,0.104608
1403,1926-11-27,6,7,0,0.104478
1404,1926-12-04,4,1,0,0.104348
1405,1926-12-11,4,7,0,0.104218
1406,1926-12-18,4,8,0,0.104089
1407,1926-12-25,5,8,0,0.10396
1408,1926-12-31,9,3,0,0.103832
1409,1927-01-08,5,3,0,0.103704
1410,1927-01-15,1,4,0,0.103576
1411,1927-01-22,5,7,0,0.103448
1412,1927-01-29,2,7,0,0.103321
1413,1927-02-05,2,4,0,0.103194
1414,1927-02-12,7,8,0,0.103067
1415,1927-02-19,9,2,0,0.102941
1416,1927-02-26,7,4,0,0.102815
1417,1927-03-05,4,7,0,0.102689
1418,1927-03-12,9,3,0,0.102564
1419,1927-03-19,6,7,0,0.102439
1420,1927-03-26,2,1,0,0.102314
1421,1927-04-02,3,5,0,0.10219
1422,1927-04-09,8,4,0,0.102066
1423,1927-04-16,9,9,1,0.103155
1424,1927-04-23,7,9,0,0.10303
1425,1927-04-30,2,7,0,0.102906
1426,1927-05-07,6,6,1,0.10399
1427,1927-05-14,4,8,0,0.103865
1428,1927-05-21,8,7,0,0.103739
1429,1927-05-28,9,2,0,0.103614
1430,1927-06-04,4,9,0,0.10349
1431,1927-06-11,4,3,0,0.103365
1432,1927-06-18,6,8,0,0.103241
1433,1927-06-25,6,7,0,0.103118
1434,1927-07-02,7,2,0,0.102994
1435,1927-07-09,9,9,1,0.104067
1436,1927-07-16,3,4,0,0.103943
1437,1927-07-23,7,1,0,0.103819
1438,1927-07-30,9,2,0,0.103695
1439,1927-08-06,1,3,0,0.103571
1440,1927-08-13,5,2,0,0.103448
1441,1927-08-20,6,7,0,0.103325
1442,1927-08-27,4,4,1,0.104389
1443,1927-09-03,6,7,0,0.104265
1444,1927-09-10,8,7,0,0.104142
1445,1927-09-17,3,5,0,0.104019
1446,1927-09-24,8,4,0,0.103896
1447,1927-10-01,2,9,0,0.103774
1448,1927-10-08,7,8,0,0.103651
1449,1927-10-15,3,2,0,0.103529
1450,1927-10-22,5,9,0,0.103408
1451,1927-10-29,4,8,0,0.103286
1452,1927-11-05,5,9,0,0.103165
1453,1927-11-12,4,3,0,0.103044
1454,1927-11-19,8,9,0,0.102924
1455,1927-11-26,4,2,0,0.102804
1456,1927-12-03,1,2,0,0.102684
1457,1927-12-10,5,5,1,0.10373
1458,1927-12-17,8,7,0,0.103609
1459,1927-12-24,9,8,0,0.103488
1460,1927-12-31,6,9,0,0.103368
1461,1928-01-07,3,1,0,0.103248
1462,1928-01-14,6,8,0,0.103129
1463,1928-01-21,2,2,1,0.104167
1464,1928-01-28,8,5,0,0.104046
1465,1928-02-04,9,3,0,0.103926
1466,1928-02-11,5,9,0,0.103806
1467,1928-02-18,9,4,0,0.103687
1468,1928-02-25,3,3,1,0.104718
1469,1928-03-03,4,1,0,0.104598
1470,1928-03-10,7,5,0,0.104478
1471,1928-03-17,7,6,0,0.104358
1472,1928-03-24,3,9,0,0.104238
1473,1928-03-31,2,9,0,0.104119
1474,1928-04-07,9,5,0,0.104
1475,1928-04-14,4,7,0,0.103881
1476,1928-04-21,1,3,0,0.103763
1477,1928-04-28,3,5,0,0.103645
1478,1928-05-05,7,7,1,0.104664
1479,1928-05-12,2,2,1,0.105682
1480,1928-05-19,5,6,0,0.105562
1481,1928-05-26,7,9,0,0.105442
1482,1928-06-02,7,4,0,0.105323
1483,1928-06-09,4,9,0,0.105204
1484,1928-06-16,1,3,0,0.105085
1485,1928-06-23,6,5,0,0.104966
1486,1928-06-30,6,2,0,0.104848
1487,1928-07-07,3,2,0,0.10473
1488,1928-07-14,4,6,0,0.104612
1489,1928-07-21,6,5,0,0.104494
1490,1928-07-28,5,7,0,0.104377
1491,1928-08-04,8,1,0,0.10426
1492,1928-08-11,5,9,0,0.104143
1493,1928-08-18,5,9,0,0.104027
1494,1928-08-25,5,4,0,0.103911
1495,1928-09-01,3,4,0,0.103795
1496,1928-09-08,5,2,0,0.103679
1497,1928-09-15,8,8,1,0.104677
1498,1928-09-22,4,9,0,0.104561
1499,1928-09-29,6,2,0,0.104444
1500,1928-10-06,5,5,1,0.105438
1501,1928-10-13,6,1,0,0.105322
1502,1928-10-20,3,4,0,0.105205
1503,1928-10-27,2,6,0,0.105088
1504,1928-11-03,1,5,0,0.104972
1505,1928-11-10,5,9,0,0.104857
1506,1928-11-17,4,7,0,0.104741
1507,1928-11-24,6,9,0,0.104626
1508,1928-12-01,9,5,0,0.10451
1509,1928-12-08,9,6,0,0.104396
1510,1928-12-15,6,2,0,0.104281
1511,1928-12-22,1,1,1,0.105263
1512,1928-12-29,1,2,0,0.105148
1513,1929-01-05,4,8,0,0.105033
1514,1929-01-12,4,1,0,0.104918
1515,1929-01-19,2,8,0,0.104803
1516,1929-01-26,3,1,0,0.104689
1517,1929-02-02,1,4,0,0.104575
1518,1929-02-09,1,9,0,0.104461
1519,1929-02-16,5,8,0,0.104348
1520,1929-02-23,8,7,0,0.104235
1521,1929-03-02,8,9,0,0.104121
1522,1929-03-09,6,8,0,0.104009
1523,1929-03-16,5,9,0,0.103896
1524,1929-03-23,9,1,0,0.103784
1525,1929-03-30,9,3,0,0.103672
1526,1929-04-06,2,2,1,0.104639
1527,1929-04-13,9,4,0,0.104526
1528,1929-04-20,2,7,0,0.104413
1529,1929-04-27,3,4,0,0.104301
1530,1929-05-04,6,4,0,0.104189
1531,1929-05-11,5,2,0,0.104077
1532,1929-05-18,9,1,0,0.103966
1533,1929-05-25,3,3,1,0.104925
1534,1929-06-01,7,1,0,0.104813
1535,1929-06-08,7,2,0,0.104701
1536,1929-06-15,1,9,0,0.104589
1537,1929-06-22,3,9,0,0.104478
1538,1929-06-29,6,7,0,0.104366
1539,1929-07-06,1,2,0,0.104255
1540,1929-07-13,4,2,0,0.104145
1541,1929-07-20,2,1,0,0.104034
1542,1929-07-27,5,3,0,0.103924
1543,1929-08-03,9,9,1,0.104873
1544,1929-08-10,8,3,0,0.104762
1545,1929-08-17,4,3,0,0.104651
1546,1929-08-24,5,6,0,0.104541
1547,1929-08-31,6,3,0,0.10443
1548,1929-09-07,5,4,0,0.10432
1549,1929-09-14,1,9,0,0.104211
1550,1929-09-21,3,5,0,0.104101
1551,1929-09-28,2,7,0,0.103992
1552,1929-10-05,3,5,0,0.103882
1553,1929-10-12,4,4,1,0.104822
1554,1929-10-19,5,5,1,0.105759
1555,1929-10-26,6,6,1,0.106695
1556,1929-11-02,7,4,0,0.106583
1557,1929-11-09,2,9,0,0.106472
1558,1929-11-16,2,6,0,0.106361
1559,1929-11-23,9,8,0,0.10625
1560,1929-11-30,3,7,0,0.106139
1561,1929-12-07,3,1,0,0.106029
1562,1929-12-14,9,4,0,0.105919
1563,1929-12-21,1,9,0,0.105809
1564,1929-12-28,8,2,0,0.105699
1565,1930-01-04,3,8,0,0.10559
1566,1930-01-11,2,4,0,0.105481
1567,1930-01-18,2,5,0,0.105372
1568,1930-01-25,9,9,1,0.106295
1569,1930-02-01,3,7,0,0.106186
1570,1930-02-08,5,3,0,0.106076
1571,1930-02-15,2,8,0,0.105967
1572,1930-02-22,3,4,0,0.105858
1573,1930-03-01,8,4,0,0.105749
1574,1930-03-08,7,9,0,0.105641
1575,1930-03-15,1,3,0,0.105533
1576,1930-03-22,8,9,0,0.105425
1577,1930-03-29,9,8,0,0.105317
1578,1930-04-05,8,9,0,0.105209
1579,1930-04-12,7,3,0,0.105102
1580,1930-04-19,7,3,0,0.104995
1581,1930-04-26,2,9,0,0.104888
1582,1930-05-03,6,6,1,0.105799
1583,1930-05-10,1,8,0,0.105691
1584,1930-05-17,8,2,0,0.105584
1585,1930-05-24,5,8,0,0.105477
1586,1930-05-31,5,9,0,0.10537
1587,1930-06-07,3,4,0,0.105263
1588,1930-06-14,3,5,0,0.105157
1589,1930-06-21,6,4,0,0.105051
1590,1930-06-28,7,2,0,0.104945
1591,1930-07-05,8,9,0,0.104839
1592,1930-07-12,2,8,0,0.104733
1593,1930-07-19,8,8,1,0.105634
1594,1930-07-26,2,3,0,0.105528
1595,1930-08-02,3,8,0,0.105422
1596,1930-08-09,3,4,0,0.105316
1597,1930-08-16,3,4,0,0.10521
1598,1930-08-23,7,4,0,0.105105
1599,1930-08-30,2,2,1,0.106
1600,1930-09-06,2,6,0,0.105894
1601,1930-09-13,4,9,0,0.105788
1602,1930-09-20,4,1,0,0.105683
1603,1930-09-27,4,8,0,0.105578
1604,1930-10-04,8,8,1,0.106468
1605,1930-10-11,3,2,0,0.106362
1606,1930-10-18,2,4,0,0.106256
1607,1930-10-25,7,2,0,0.106151
1608,1930-10-31,2,2,1,0.107037
1609,1930-11-08,7,6,0,0.106931
1610,1930-11-15,7,2,0,0.106825
1611,1930-11-22,5,9,0,0.106719
1612,1930-11-29,5,7,0,0.106614
1613,1930-12-06,5,4,0,0.106509
1614,1930-12-13,8,4,0,0.106404
1615,1930-12-20,5,8,0,0.106299
1616,1930-12-27,3,9,0,0.106195
1617,1931-01-03,2,5,0,0.10609
1618,1931-01-10,7,2,0,0.105986
1619,1931-01-17,4,2,0,0.105882
1620,1931-01-24,4,3,0,0.105779
1621,1931-01-31,3,8,0,0.105675
1622,1931-02-07,3,4,0,0.105572
1623,1931-02-14,2,4,0,0.105469
1624,1931-02-21,6,2,0,0.105366
1625,1931-02-28,7,8,0,0.105263
1626,1931-03-07,1,9,0,0.105161
1627,1931-03-14,2,9,0,0.105058
1628,1931-03-21,3,4,0,0.104956
1629,1931-03-28,7,4,0,0.104854
1630,1931-04-04,7,2,0,0.104753
1631,1931-04-11,1,9,0,0.104651
1632,1931-04-18,4,9,0,0.10455
1633,1931-04-25,6,1,0,0.104449
1634,1931-05-02,5,5,1,0.105314
1635,1931-05-09,6,1,0,0.105212
1636,1931-05-16,9,4,0,0.105111
1637,1931-05-23,6,6,1,0.105973
1638,1931-05-30,3,1,0,0.105871
1639,1931-06-06,3,6,0,0.105769
1640,1931-06-13,7,4,0,0.105668
1641,1931-06-20,5,2,0,0.105566
1642,1931-06-27,1,7,0,0.105465
1643,1931-07-04,3,5,0,0.105364
1644,1931-07-11,8,7,0,0.105263
1645,1931-07-18,5,9,0,0.105163
1646,1931-07-25,4,9,0,0.105062
1647,1931-08-01,5,6,0,0.104962
1648,1931-08-08,5,6,0,0.104862
1649,1931-08-15,2,4,0,0.104762
1650,1931-08-22,1,4,0,0.104662
1651,1931-08-29,5,9,0,0.104563
1652,1931-09-05,6,7,0,0.104463
1653,1931-09-12,2,4,0,0.104364
1654,1931-09-19,2,5,0,0.104265
1655,1931-09-26,6,9,0,0.104167
1656,1931-10-03,6,8,0,0.104068
1657,1931-10-10,8,2,0,0.10397
1658,1931-10-17,5,5,1,0.104816
1659,1931-10-24,3,9,0,0.104717
1660,1931-10-31,4,2,0,0.104618
1661,1931-11-07,2,5,0,0.10452
1662,1931-11-14,5,3,0,0.104421
1663,1931-11-21,3,9,0,0.104323
1664,1931-11-28,9,2,0,0.104225
1665,1931-12-05,3,9,0,0.104128
1666,1931-12-12,6,3,0,0.10403
1667,1931-12-19,6,2,0,0.103933
1668,1931-12-26,9,2,0,0.103835
1669,1932-01-02,9,6,0,0.103738
1670,1932-01-09,6,2,0,0.103641
1671,1932-01-16,4,1,0,0.103545
1672,1932-01-23,2,7,0,0.103448
1673,1932-01-30,1,3,0,0.103352
1674,1932-02-06,1,9,0,0.103256
1675,1932-02-13,3,8,0,0.10316
1676,1932-02-20,1,7,0,0.103064
1677,1932-02-27,1,9,0,0.102968
1678,1932-03-05,9,8,0,0.102873
1679,1932-03-12,7,9,0,0.102778
1680,1932-03-19,2,7,0,0.102683
1681,1932-03-26,8,6,0,0.102588
1682,1932-04-02,1,3,0,0.102493
1683,1932-04-09,3,7,0,0.102399
1684,1932-04-16,6,7,0,0.102304
1685,1932-04-23,7,2,0,0.10221
1686,1932-04-30,3,9,0,0.102116
1687,1932-05-07,4,2,0,0.102022
1688,1932-05-14,7,5,0,0.101928
1689,1932-05-21,2,7,0,0.101835
1690,1932-05-28,6,6,1,0.102658
1691,1932-06-04,2,8,0,0.102564
1692,1932-06-11,9,5,0,0.10247
1693,1932-06-18,6,7,0,0.102377
1694,1932-06-25,7,1,0,0.102283
1695,1932-07-02,4,9,0,0.10219
1696,1932-07-09,5,3,0,0.102097
1697,1932-07-16,8,6,0,0.102004
1698,1932-07-23,4,8,0,0.101911
1699,1932-07-30,4,6,0,0.101818
1700,1932-08-06,1,8,0,0.101726
1701,1932-08-13,1,5,0,0.101633
1702,1932-08-20,6,8,0,0.101541
1703,1932-08-27,8,6,0,0.101449
1704,1932-09-03,1,5,0,0.101357
1705,1932-09-10,9,3,0,0.101266
1706,1932-09-17,5,9,0,0.101174
1707,1932-09-24,2,4,0,0.101083
1708,1932-10-01,2,4,0,0.100992
1709,1932-10-08,5,9,0,0.100901
1710,1932-10-15,4,9,0,0.10081
1711,1932-10-22,1,6,0,0.100719
1712,1932-10-29,4,5,0,0.100629
1713,1932-11-05,6,1,0,0.100539
1714,1932-11-12,2,5,0,0.100448
1715,1932-11-19,8,5,0,0.100358
1716,1932-11-26,3,3,1,0.101164
1717,1932-12-03,3,4,0,0.101073
1718,1932-12-10,9,4,0,0.100983
1719,1932-12-17,4,9,0,0.100893
1720,1932-12-24,2,1,0,0.100803
1721,1932-12-31,1,1,1,0.101604
1722,1933-01-07,8,9,0,0.101514
1723,1933-01-14,5,8,0,0.101423
1724,1933-01-21,5,9,0,0.101333
1725,1933-01-28,9,4,0,0.101243
1726,1933-02-04,4,3,0,0.101154
1727,1933-02-11,4,1,0,0.101064
1728,1933-02-18,9,8,0,0.100974
1729,1933-02-25,6,7,0,0.100885
1730,1933-03-04,3,1,0,0.100796
1731,1933-03-11,8,6,0,0.100707
1732,1933-03-18,6,9,0,0.100618
1733,1933-03-25,7,9,0,0.100529
1734,1933-04-01,4,9,0,0.100441
1735,1933-04-08,4,3,0,0.100352
1736,1933-04-15,6,8,0,0.100264
1737,1933-04-22,6,5,0,0.100176
1738,1933-04-29,1,2,0,0.100088
1739,1933-05-06,1,8,0,0.1
1740,1933-05-13,8,8,1,0.100789
1741,1933-05-20,4,8,0,0.100701
1742,1933-05-27,6,6,1,0.101487
1743,1933-06-03,4,5,0,0.101399
1744,1933-06-10,6,2,0,0.10131
1745,1933-06-17,8,5,0,0.101222
1746,1933-06-24,5,5,1,0.102005
1747,1933-07-01,1,5,0,0.101916
1748,1933-07-08,3,3,1,0.102698
1749,1933-07-15,4,7,0,0.102609
1750,1933-07-22,7,5,0,0.10252
1751,1933-07-29,8,7,0,0.102431
1752,1933-08-05,2,8,0,0.102342
1753,1933-08-12,2,8,0,0.102253
1754,1933-08-19,9,9,1,0.10303
1755,1933-08-26,6,7,0,0.102941
1756,1933-09-02,2,1,0,0.102852
1757,1933-09-09,4,8,0,0.102763
1758,1933-09-16,9,4,0,0.102675
1759,1933-09-23,6,7,0,0.102586
1760,1933-09-30,3,1,0,0.102498
1761,1933-10-07,3,8,0,0.10241
1762,1933-10-14,1,4,0,0.102322
1763,1933-10-21,2,1,0,0.102234
1764,1933-10-28,5,3,0,0.102146
1765,1933-11-04,8,9,0,0.102058
1766,1933-11-11,3,8,0,0.101971
1767,1933-11-18,4,4,1,0.10274
1768,1933-11-25,7,5,0,0.102652
1769,1933-12-02,6,7,0,0.102564
1770,1933-12-09,8,6,0,0.102477
1771,1933-12-16,9,5,0,0.102389
1772,1933-12-23,7,9,0,0.102302
1773,1933-12-30,2,7,0,0.102215
1774,1934-01-06,8,6,0,0.102128
1775,1934-01-13,6,3,0,0.102041
1776,1934-01-20,6,7,0,0.101954
1777,1934-01-27,7,1,0,0.101868
1778,1934-02-03,9,9,1,0.102629
1779,1934-02-10,7,3,0,0.102542
1780,1934-02-17,9,7,0,0.102456
1781,1934-02-24,6,7,0,0.102369
1782,1934-03-03,2,1,0,0.102282
1783,1934-03-10,6,8,0,0.102196
1784,1934-03-17,3,8,0,0.10211
1785,1934-03-24,7,8,0,0.102024
1786,1934-03-31,6,2,0,0.101938
1787,1934-04-07,3,6,0,0.101852
1788,1934-04-14,9,8,0,0.101766
1789,1934-04-21,5,9,0,0.101681
1790,1934-04-28,8,4,0,0.101595
1791,1934-05-05,1,8,0,0.10151
1792,1934-05-12,2,3,0,0.101425
1793,1934-05-19,4,3,0,0.10134
1794,1934-05-26,9,4,0,0.101255
1795,1934-06-02,4,7,0,0.101171
1796,1934-06-09,1,4,0,0.101086
1797,1934-06-16,8,5,0,0.101002
1798,1934-06-23,9,8,0,0.100917
1799,1934-06-30,5,9,0,0.100833
1800,1934-07-07,3,4,0,0.100749
1801,1934-07-14,7,2,0,0.100666
1802,1934-07-21,3,2,0,0.100582
1803,1934-07-28,7,2,0,0.100498
1804,1934-08-04,4,2,0,0.100415
1805,1934-08-11,3,3,1,0.101161
1806,1934-08-18,9,4,0,0.101077
1807,1934-08-25,7,9,0,0.100993
1808,1934-09-01,9,7,0,0.10091
1809,1934-09-08,8,7,0,0.100826
1810,1934-09-15,4,7,0,0.100743
1811,1934-09-22,7,6,0,0.10066
1812,1934-09-29,5,6,0,0.100577
1813,1934-10-06,8,7,0,0.100494
1814,1934-10-13,5,8,0,0.100412
1815,1934-10-20,7,5,0,0.100329
1816,1934-10-27,5,4,0,0.100247
1817,1934-11-03,7,8,0,0.100164
1818,1934-11-10,1,4,0,0.100082
1819,1934-11-17,8,9,0,0.1
1820,1934-11-24,6,8,0,0.099918
1821,1934-12-01,3,7,0,0.099836
1822,1934-12-08,4,8,0,0.099755
1823,1934-12-15,8,5,0,0.099673
1824,1934-12-22,5,3,0,0.099592
1825,1934-12-29,4,5,0,0.099511
1826,1935-01-05,1,6,0,0.09943
1827,1935-01-12,2,5,0,0.099349
1828,1935-01-19,1,4,0,0.099268
1829,1935-01-26,6,9,0,0.099187
1830,1935-02-02,2,6,0,0.099106
1831,1935-02-09,3,6,0,0.099026
1832,1935-02-16,6,4,0,0.098946
1833,1935-02-23,4,2,0,0.098865
1834,1935-03-02,8,2,0,0.098785
1835,1935-03-09,1,3,0,0.098706
1836,1935-03-16,2,3,0,0.098626
1837,1935-03-23,9,4,0,0.098546
1838,1935-03-30,5,7,0,0.098467
1839,1935-04-06,1,3,0,0.098387
1840,1935-04-13,7,3,0,0.098308
1841,1935-04-20,9,1,0,0.098229
1842,1935-04-27,4,7,0,0.09815
1843,1935-05-04,4,1,0,0.098071
1844,1935-05-11,2,8,0,0.097992
1845,1935-05-18,3,1,0,0.097913
1846,1935-05-25,1,4,0,0.097835
1847,1935-06-01,6,1,0,0.097756
1848,1935-06-08,9,2,0,0.097678
1849,1935-06-15,6,6,1,0.0984
1850,1935-06-22,4,1,0,0.098321
1851,1935-06-29,2,2,1,0.099042
1852,1935-07-06,7,1,0,0.098962
1853,1935-07-13,9,2,0,0.098884
1854,1935-07-20,6,4,0,0.098805
1855,1935-07-27,3,1,0,0.098726
1856,1935-08-03,4,8,0,0.098648
1857,1935-08-10,1,5,0,0.098569
1858,1935-08-17,5,5,1,0.099285
1859,1935-08-24,6,6,1,0.1
1860,1935-08-31,3,4,0,0.099921
1861,1935-09-07,3,8,0,0.099842
1862,1935-09-14,3,4,0,0.099762
1863,1935-09-21,6,4,0,0.099684
1864,1935-09-28,9,2,0,0.099605
1865,1935-10-05,7,6,0,0.099526
1866,1935-10-12,9,7,0,0.099448
1867,1935-10-19,8,4,0,0.099369
1868,1935-10-26,2,4,0,0.099291
1869,1935-11-02,4,8,0,0.099213
1870,1935-11-09,5,9,0,0.099135
1871,1935-11-16,3,6,0,0.099057
1872,1935-11-23,2,2,1,0.099764
1873,1935-11-30,8,2,0,0.099686
1874,1935-12-07,5,3,0,0.099608
1875,1935-12-14,8,5,0,0.09953
1876,1935-12-21,1,8,0,0.099452
1877,1935-12-28,3,2,0,0.099374
1878,1936-01-04,3,7,0,0.099296
1879,1936-01-11,2,4,0,0.099219
1880,1936-01-18,4,2,0,0.099141
1881,1936-01-25,8,5,0,0.099064
1882,1936-02-01,5,3,0,0.098987
1883,1936-02-08,1,5,0,0.09891
1884,1936-02-15,2,3,0,0.098833
1885,1936-02-22,7,4,0,0.098756
1886,1936-02-29,6,2,0,0.098679
1887,1936-03-07,6,6,1,0.099379
1888,1936-03-14,7,1,0,0.099302
1889,1936-03-21,1,9,0,0.099225
1890,1936-03-28,2,9,0,0.099148
1891,1936-04-04,1,4,0,0.099071
1892,1936-04-11,5,9,0,0.098995
1893,1936-04-18,2,6,0,0.098918
1894,1936-04-25,5,4,0,0.098842
1895,1936-05-02,2,9,0,0.098765
1896,1936-05-09,1,4,0,0.098689
1897,1936-05-16,6,5,0,0.098613
1898,1936-05-23,5,2,0,0.098537
1899,1936-05-30,4,1,0,0.098462
1900,1936-06-06,8,6,0,0.098386
1901,1936-06-13,3,3,1,0.099078
1902,1936-06-20,2,4,0,0.099002
1903,1936-06-27,1,2,0,0.098926
1904,1936-07-04,9,5,0,0.098851
1905,1936-07-11,3,9,0,0.098775
1906,1936-07-18,1,3,0,0.098699
1907,1936-07-25,7,1,0,0.098624
1908,1936-08-01,4,9,0,0.098549
1909,1936-08-08,2,3,0,0.098473
1910,1936-08-15,9,1,0,0.098398
1911,1936-08-22,8,7,0,0.098323
1912,1936-08-29,7,4,0,0.098248
1913,1936-09-05,2,7,0,0.098174
1914,1936-09-12,1,6,0,0.098099
1915,1936-09-19,6,9,0,0.098024
1916,1936-09-26,5,2,0,0.09795
1917,1936-10-03,8,1,0,0.097876
1918,1936-10-10,2,8,0,0.097801
1919,1936-10-17,3,8,0,0.097727
1920,1936-10-24,8,4,0,0.097653
1921,1936-10-31,5,9,0,0.097579
1922,1936-11-07,2,1,0,0.097506
1923,1936-11-14,3,4,0,0.097432
1924,1936-11-21,7,4,0,0.097358
1925,1936-11-28,4,2,0,0.097285
1926,1936-12-05,3,3,1,0.097965
1927,1936-12-12,5,4,0,0.097892
1928,1936-12-19,4,8,0,0.097818
1929,1936-12-26,5,6,0,0.097744
1930,1937-01-02,7,6,0,0.097671
1931,1937-01-09,1,4,0,0.097598
1932,1937-01-16,5,2,0,0.097524
1933,1937-01-23,9,6,0,0.097451
1934,1937-01-30,8,3,0,0.097378
1935,1937-02-06,4,7,0,0.097305
1936,1937-02-13,3,6,0,0.097233
1937,1937-02-20,7,4,0,0.09716
1938,1937-02-27,2,2,1,0.097834
1939,1937-03-06,6,6,1,0.098507
1940,1937-03-13,6,8,0,0.098434
1941,1937-03-20,5,1,0,0.098361
1942,1937-03-27,8,1,0,0.098287
1943,1937-04-03,1,8,0,0.098214
1944,1937-04-10,1,3,0,0.098141
1945,1937-04-17,2,8,0,0.098068
1946,1937-04-24,1,4,0,0.097996
1947,1937-05-01,6,9,0,0.097923
1948,1937-05-08,3,5,0,0.09785
1949,1937-05-15,7,3,0,0.097778
1950,1937-05-22,5,2,0,0.097705
1951,1937-05-29,4,7,0,0.097633
1952,1937-06-05,3,6,0,0.097561
1953,1937-06-12,1,4,0,0.097489
1954,1937-06-19,3,1,0,0.097417
1955,1937-06-26,8,7,0,0.097345
1956,1937-07-03,2,9,0,0.097273
1957,1937-07-10,5,8,0,0.097202
1958,1937-07-17,7,9,0,0.09713
1959,1937-07-24,3,4,0,0.097059
1960,1937-07-31,7,2,0,0.096988
1961,1937-08-07,8,2,0,0.096916
1962,1937-08-14,9,8,0,0.096845
1963,1937-08-21,9,9,1,0.097507
1964,1937-08-28,1,2,0,0.097436
1965,1937-09-04,4,2,0,0.097365
1966,1937-09-11,3,1,0,0.097293
1967,1937-09-18,7,4,0,0.097222
1968,1937-09-25,6,2,0,0.097151
1969,1937-10-02,1,6,0,0.09708
1970,1937-10-09,4,8,0,0.097009
1971,1937-10-16,8,1,0,0.096939
1972,1937-10-23,3,3,1,0.097597
1973,1937-10-30,7,4,0,0.097525
1974,1937-11-06,7,2,0,0.097455
1975,1937-11-13,2,9,0,0.097384
1976,1937-11-20,4,6,0,0.097313
1977,1937-11-27,7,5,0,0.097242
1978,1937-12-04,4,6,0,0.097172
1979,1937-12-11,3,3,1,0.097826
1980,1937-12-18,7,4,0,0.097755
1981,1937-12-25,9,2,0,0.097685
1982,1937-12-31,5,4,0,0.097614
1983,1938-01-08,9,3,0,0.097543
1984,1938-01-15,1,3,0,0.097473
1985,1938-01-22,1,2,0,0.097403
1986,1938-01-29,1,8,0,0.097332
1987,1938-02-05,4,8,0,0.097262
1988,1938-02-12,9,8,0,0.097192
1989,1938-02-19,6,7,0,0.097122
1990,1938-02-26,1,3,0,0.097052
1991,1938-03-05,9,8,0,0.096983
1992,1938-03-12,8,9,0,0.096913
1993,1938-03-19,2,4,0,0.096844
1994,1938-03-26,2,8,0,0.096774
1995,1938-04-02,6,9,0,0.096705
1996,1938-04-09,2,8,0,0.096636
1997,1938-04-16,5,6,0,0.096567
1998,1938-04-23,2,9,0,0.096497
1999,1938-04-30,1,3,0,0.096429
2000,1938-05-07,3,9,0,0.09636
2001,1938-05-14,9,7,0,0.096291
2002,1938-05-21,2,9,0,0.096222
2003,1938-05-28,8,4,0,0.096154
2004,1938-06-04,6,3,0,0.096085
2005,1938-06-11,7,7,1,0.096728
2006,1938-06-18,7,9,0,0.09666
2007,1938-06-25,5,9,0,0.096591
2008,1938-07-02,8,7,0,0.096522
2009,1938-07-09,2,8,0,0.096454
2010,1938-07-16,6,2,0,0.096386
2011,1938-07-23,1,2,0,0.096317
2012,1938-07-30,6,8,0,0.096249
2013,1938-08-06,9,5,0,0.096181
2014,1938-08-13,8,6,0,0.096113
2015,1938-08-20,6,4,0,0.096045
2016,1938-08-27,1,7,0,0.095977
2017,1938-09-03,1,8,0,0.09591
2018,1938-09-10,2,8,0,0.095842
2019,1938-09-17,5,4,0,0.095775
2020,1938-09-24,9,9,1,0.096411
2021,1938-10-01,5,3,0,0.096343
2022,1938-10-08,7,3,0,0.096275
2023,1938-10-15,6,4,0,0.096208
2024,1938-10-22,2,6,0,0.09614
2025,1938-10-29,5,5,1,0.096774
2026,1938-11-05,4,9,0,0.096706
2027,1938-11-12,4,6,0,0.096639
2028,1938-11-19,7,8,0,0.096571
2029,1938-11-26,6,6,1,0.097203
2030,1938-12-03,3,6,0,0.097135
2031,1938-12-10,8,3,0,0.097067
2032,1938-12-17,4,9,0,0.096999
2033,1938-12-24,1,6,0,0.096932
2034,1938-12-31,2,5,0,0.096864
2035,1939-01-07,3,4,0,0.096797
2036,1939-01-14,7,4,0,0.096729
2037,1939-01-21,3,2,0,0.096662
2038,1939-01-28,9,2,0,0.096595
2039,1939-02-04,3,9,0,0.096528
2040,1939-02-11,2,1,0,0.096461
2041,1939-02-18,1,2,0,0.096394
2042,1939-02-25,6,9,0,0.096327
2043,1939-03-04,9,5,0,0.09626
2044,1939-03-11,9,6,0,0.096194
2045,1939-03-18,9,2,0,0.096127
2046,1939-03-25,1,2,0,0.096061
2047,1939-04-01,3,2,0,0.095994
2048,1939-04-08,7,7,1,0.096618
2049,1939-04-15,5,2,0,0.096552
2050,1939-04-22,7,8,0,0.096485
2051,1939-04-29,8,4,0,0.096419
2052,1939-05-06,8,8,1,0.097041
2053,1939-05-13,2,8,0,0.096974
2054,1939-05-20,6,2,0,0.096907
2055,1939-05-27,4,2,0,0.096841
2056,1939-06-03,8,2,0,0.096774
2057,1939-06-10,5,3,0,0.096708
2058,1939-06-17,1,1,1,0.097327
2059,1939-06-24,5,3,0,0.09726
2060,1939-07-01,3,6,0,0.097194
2061,1939-07-08,2,2,1,0.097811
2062,1939-07-15,6,1,0,0.097744
2063,1939-07-22,2,2,1,0.098361
2064,1939-07-29,2,5,0,0.098294
2065,1939-08-05,8,9,0,0.098226
2066,1939-08-12,1,3,0,0.09816
2067,1939-08-19,6,3,0,0.098093
2068,1939-08-26,5,5,1,0.098707
2069,1939-09-02,2,1,0,0.098639
2070,1939-09-09,6,3,0,0.098572
2071,1939-09-16,3,2,0,0.098505
2072,1939-09-23,6,8,0,0.098439
2073,1939-09-30,2,2,1,0.09905
2074,1939-10-07,6,5,0,0.098983
2075,1939-10-14,6,2,0,0.098916
2076,1939-10-21,4,1,0,0.098849
2077,1939-10-28,2,2,1,0.099459
2078,1939-11-04,2,1,0,0.099391
2079,1939-11-11,3,9,0,0.099324
2080,1939-11-18,6,4,0,0.099257
2081,1939-11-25,6,2,0,0.09919
2082,1939-12-02,8,1,0,0.099123
2083,1939-12-09,1,5,0,0.099057
2084,1939-12-16,9,3,0,0.09899
2085,1939-12-23,5,9,0,0.098923
2086,1939-12-30,4,3,0,0.098857
2087,1940-01-06,4,6,0,0.09879
2088,1940-01-13,9,8,0,0.098724
2089,1940-01-20,8,6,0,0.098658
2090,1940-01-27,3,4,0,0.098592
2091,1940-02-03,2,4,0,0.098525
2092,1940-02-10,4,1,0,0.098459
2093,1940-02-17,6,7,0,0.098394
2094,1940-02-24,4,5,0,0.098328
2095,1940-03-02,4,2,0,0.098262
2096,1940-03-09,8,8,1,0.098864
2097,1940-03-16,8,3,0,0.098798
2098,1940-03-23,4,8,0,0.098732
2099,1940-03-30,1,6,0,0.098667
2100,1940-04-06,3,5,0,0.098601
2101,1940-04-13,6,7,0,0.098535
2102,1940-04-20,3,2,0,0.09847
2103,1940-04-27,2,8,0,0.098404
2104,1940-05-04,5,1,0,0.098339
2105,1940-05-11,9,9,1,0.098938
2106,1940-05-18,6,3,0,0.098872
2107,1940-05-25,3,1,0,0.098806
2108,1940-06-01,9,8,0,0.098741
2109,1940-06-08,6,3,0,0.098675
2110,1940-06-15,8,3,0,0.09861
2111,1940-06-22,7,5,0,0.098545
2112,1940-06-29,2,7,0,0.09848
2113,1940-07-06,9,6,0,0.098415
2114,1940-07-13,8,7,0,0.09835
2115,1940-07-20,4,4,1,0.098945
2116,1940-07-27,5,6,0,0.098879
2117,1940-08-03,9,6,0,0.098814
2118,1940-08-10,2,3,0,0.098749
2119,1940-08-17,4,4,1,0.099342
2120,1940-08-24,2,6,0,0.099277
2121,1940-08-31,7,1,0,0.099212
2122,1940-09-07,5,2,0,0.099146
2123,1940-09-14,3,7,0,0.099081
2124,1940-09-21,5,2,0,0.099016
2125,1940-09-28,3,8,0,0.098952
2126,1940-10-05,5,2,0,0.098887
2127,1940-10-12,7,8,0,0.098822
2128,1940-10-19,4,4,1,0.099411
2129,1940-10-26,9,3,0,0.099346
2130,1940-11-02,1,6,0,0.099282
2131,1940-11-09,1,2,0,0.099217
2132,1940-11-16,5,8,0,0.099152
2133,1940-11-23,8,6,0,0.099087
2134,1940-11-30,2,8,0,0.099023
2135,1940-12-07,1,2,0,0.098958
2136,1940-12-14,9,6,0,0.098894
2137,1940-12-21,4,9,0,0.09883
2138,1940-12-28,5,4,0,0.098765
2139,1941-01-04,9,6,0,0.098701
2140,1941-01-11,2,3,0,0.098637
2141,1941-01-18,1,4,0,0.098573
2142,1941-01-25,4,9,0,0.098509
2143,1941-02-01,3,8,0,0.098446
2144,1941-02-08,4,4,1,0.099029
2145,1941-02-15,1,5,0,0.098965
2146,1941-02-22,8,5,0,0.098901
2147,1941-03-01,1,8,0,0.098837
2148,1941-03-08,6,3,0,0.098773
2149,1941-03-15,2,5,0,0.09871
2150,1941-03-22,9,5,0,0.098646
2151,1941-03-29,7,7,1,0.099227
2152,1941-04-05,4,9,0,0.099163
2153,1941-04-12,5,3,0,0.099099
2154,1941-04-19,7,6,0,0.099035
2155,1941-04-26,7,4,0,0.098972
2156,1941-05-03,8,9,0,0.098908
2157,1941-05-10,1,8,0,0.098845
2158,1941-05-17,9,3,0,0.098781
2159,1941-05-24,3,9,0,0.098718
2160,1941-05-31,9,1,0,0.098655
2161,1941-06-07,8,3,0,0.098592
2162,1941-06-14,5,4,0,0.098528
2163,1941-06-21,5,1,0,0.098465
2164,1941-06-28,4,9,0,0.098403
2165,1941-07-05,5,4,0,0.09834
2166,1941-07-12,6,6,1,0.098915
2167,1941-07-19,9,4,0,0.098852
2168,1941-07-26,1,6,0,0.098789
2169,1941-08-02,9,2,0,0.098726
2170,1941-08-09,4,3,0,0.098663
2171,1941-08-16,1,4,0,0.098601
2172,1941-08-23,1,5,0,0.098538
2173,1941-08-30,2,8,0,0.098475
2174,1941-09-06,9,3,0,0.098413
2175,1941-09-13,4,7,0,0.09835
2176,1941-09-20,9,1,0,0.098288
2177,1941-09-27,6,6,1,0.098859
2178,1941-10-04,9,3,0,0.098797
2179,1941-10-11,3,6,0,0.098734
2180,1941-10-18,8,1,0,0.098672
2181,1941-10-25,2,9,0,0.098609
2182,1941-11-01,4,2,0,0.098547
2183,1941-11-08,4,6,0,0.098485
2184,1941-11-15,9,8,0,0.098423
2185,1941-11-22,6,6,1,0.098991
2186,1941-11-29,1,3,0,0.098929
2187,1941-12-06,3,8,0,0.098866
2188,1941-12-13,2,7,0,0.098804
2189,1941-12-20,3,1,0,0.098742
2190,1941-12-27,6,4,0,0.09868
2191,1942-01-03,9,2,0,0.098618
2192,1942-01-10,9,6,0,0.098556
2193,1942-01-17,1,2,0,0.098494
2194,1942-01-24,3,2,0,0.098433
2195,1942-01-31,1,7,0,0.098371
2196,1942-02-07,7,1,0,0.098309
2197,1942-02-14,3,9,0,0.098248
2198,1942-02-21,2,9,0,0.098186
2199,1942-02-28,1,1,1,0.09875
2200,1942-03-07,6,9,0,0.098688
2201,1942-03-14,2,5,0,0.098627
2202,1942-03-21,1,5,0,0.098565
2203,1942-03-28,2,6,0,0.098504
2204,1942-04-04,5,3,0,0.098442
2205,1942-04-11,6,9,0,0.098381
2206,1942-04-18,2,4,0,0.09832
2207,1942-04-25,8,5,0,0.098259
2208,1942-05-02,4,3,0,0.098198
2209,1942-05-09,5,6,0,0.098137
2210,1942-05-16,9,6,0,0.098076
2211,1942-05-23,1,3,0,0.098015
2212,1942-05-30,1,2,0,0.097954
2213,1942-06-06,7,8,0,0.097893
2214,1942-06-13,1,9,0,0.097833
2215,1942-06-20,6,2,0,0.097772
2216,1942-06-27,3,2,0,0.097712
2217,1942-07-04,3,8,0,0.097651
2218,1942-07-11,9,4,0,0.097591
2219,1942-07-18,8,3,0,0.097531
2220,1942-07-25,8,4,0,0.097471
2221,1942-08-01,2,8,0,0.097411
2222,1942-08-08,1,2,0,0.097351
2223,1942-08-15,4,6,0,0.097291
2224,1942-08-22,9,8,0,0.097231
2225,1942-08-29,2,6,0,0.097171
2226,1942-09-05,5,4,0,0.097111
2227,1942-09-12,3,9,0,0.097052
2228,1942-09-19,7,2,0,0.096992
2229,1942-09-26,8,2,0,0.096933
2230,1942-10-03,8,8,1,0.097486
2231,1942-10-10,3,8,0,0.097426
2232,1942-10-17,4,4,1,0.097979
2233,1942-10-24,4,5,0,0.097919
2234,1942-10-31,3,8,0,0.097859
2235,1942-11-07,3,4,0,0.0978
2236,1942-11-14,2,4,0,0.09774
2237,1942-11-21,7,1,0,0.09768
2238,1942-11-28,3,2,0,0.097621
2239,1942-12-05,6,2,0,0.097561
2240,1942-12-12,4,2,0,0.097502
2241,1942-12-19,1,2,0,0.097442
2242,1942-12-26,1,5,0,0.097383
2243,1943-01-02,1,8,0,0.097324
2244,1943-01-09,2,8,0,0.097264
2245,1943-01-16,9,5,0,0.097205
2246,1943-01-23,9,7,0,0.097146
2247,1943-01-30,6,1,0,0.097087
2248,1943-02-06,3,1,0,0.097029
2249,1943-02-13,7,3,0,0.09697
2250,1943-02-20,3,2,0,0.096911
2251,1943-02-27,7,2,0,0.096852
2252,1943-03-06,2,2,1,0.097399
2253,1943-03-13,4,6,0,0.09734
2254,1943-03-20,4,4,1,0.097885
2255,1943-03-27,2,8,0,0.097826
2256,1943-04-03,5,1,0,0.097767
2257,1943-04-10,2,9,0,0.097708
2258,1943-04-17,8,3,0,0.097649
2259,1943-04-24,3,3,1,0.098193
2260,1943-05-01,7,4,0,0.098134
2261,1943-05-08,3,2,0,0.098075
2262,1943-05-15,5,2,0,0.098016
2263,1943-05-22,5,8,0,0.097957
2264,1943-05-29,3,4,0,0.097898
2265,1943-06-05,6,2,0,0.097839
2266,1943-06-12,8,2,0,0.09778
2267,1943-06-19,1,5,0,0.097722
2268,1943-06-26,6,3,0,0.097663
2269,1943-07-03,8,2,0,0.097605
2270,1943-07-10,5,1,0,0.097546
2271,1943-07-17,7,1,0,0.097488
2272,1943-07-24,7,4,0,0.09743
2273,1943-07-31,1,9,0,0.097372
2274,1943-08-07,8,2,0,0.097313
2275,1943-08-14,3,8,0,0.097255
2276,1943-08-21,5,4,0,0.097197
2277,1943-08-28,6,8,0,0.097139
2278,1943-09-04,1,2,0,0.097082
2279,1943-09-11,2,8,0,0.097024
2280,1943-09-18,9,5,0,0.096966
2281,1943-09-25,2,7,0,0.096908
2282,1943-10-02,4,4,1,0.097445
2283,1943-10-09,2,4,0,0.097387
2284,1943-10-16,7,1,0,0.097329
2285,1943-10-23,6,2,0,0.097272
2286,1943-10-30,7,6,0,0.097214
2287,1943-11-06,7,9,0,0.097156
2288,1943-11-13,6,9,0,0.097099
2289,1943-11-20,8,6,0,0.097041
2290,1943-11-27,9,5,0,0.096984
2291,1943-12-04,5,9,0,0.096927
2292,1943-12-11,7,4,0,0.096869
2293,1943-12-18,3,4,0,0.096812
2294,1943-12-25,8,2,0,0.096755
2295,1943-12-31,1,2,0,0.096698
2296,1944-01-08,2,3,0,0.096641
2297,1944-01-15,4,9,0,0.096584
2298,1944-01-22,6,4,0,0.096527
2299,1944-01-29,5,5,1,0.097059
2300,1944-02-05,5,1,0,0.097002
2301,1944-02-12,5,4,0,0.096945
2302,1944-02-19,2,4,0,0.096888
2303,1944-02-26,9,3,0,0.096831
2304,1944-03-04,4,7,0,0.096774
2305,1944-03-11,9,1,0,0.096717
2306,1944-03-18,4,6,0,0.096661
2307,1944-03-25,4,1,0,0.096604
2308,1944-04-01,7,8,0,0.096548
2309,1944-04-08,1,6,0,0.096491
2310,1944-04-15,1,2,0,0.096435
2311,1944-04-22,3,8,0,0.096379
2312,1944-04-29,7,7,1,0.096906
2313,1944-05-06,3,2,0,0.096849
2314,1944-05-13,1,2,0,0.096793
2315,1944-05-20,9,1,0,0.096737
2316,1944-05-27,9,3,0,0.09668
2317,1944-06-03,2,1,0,0.096624
2318,1944-06-10,1,4,0,0.096568
2319,1944-06-17,9,6,0,0.096512
2320,1944-06-24,4,9,0,0.096456
2321,1944-07-01,4,4,1,0.09698
2322,1944-07-08,5,8,0,0.096924
2323,1944-07-15,4,6,0,0.096868
2324,1944-07-22,2,4,0,0.096812
2325,1944-07-29,4,7,0,0.096756
2326,1944-08-05,1,4,0,0.096699
2327,1944-08-12,1,5,0,0.096644
2328,1944-08-19,9,8,0,0.096588
2329,1944-08-26,6,9,0,0.096532
2330,1944-09-02,8,3,0,0.096476
2331,1944-09-09,5,5,1,0.096998
2332,1944-09-16,8,1,0,0.096942
2333,1944-09-23,4,8,0,0.096886
2334,1944-09-30,9,5,0,0.09683
2335,1944-10-07,6,6,1,0.09735
2336,1944-10-14,1,3,0,0.097294
2337,1944-10-21,6,2,0,0.097238
2338,1944-10-28,8,2,0,0.097182
2339,1944-11-04,4,5,0,0.097126
2340,1944-11-11,4,5,0,0.097071
2341,1944-11-18,5,8,0,0.097015
2342,1944-11-25,8,6,0,0.096959
2343,1944-12-02,4,8,0,0.096904
2344,1944-12-09,6,5,0,0.096848
2345,1944-12-16,7,5,0,0.096793
2346,1944-12-23,3,9,0,0.096737
2347,1944-12-30,1,2,0,0.096682
2348,1945-01-05,2,9,0,0.096627
2349,1945-01-13,4,9,0,0.096571
2350,1945-01-20,1,4,0,0.096516
2351,1945-01-27,1,1,1,0.097032
2352,1945-02-03,8,8,1,0.097547
2353,1945-02-10,9,8,0,0.097491
2354,1945-02-17,6,9,0,0.097436
2355,1945-02-24,5,1,0,0.09738
2356,1945-03-03,6,1,0,0.097325
2357,1945-03-10,2,2,1,0.097838
2358,1945-03-17,5,5,1,0.098351
2359,1945-03-24,6,9,0,0.098295
2360,1945-03-31,7,2,0,0.09824
2361,1945-04-07,2,9,0,0.098184
2362,1945-04-14,5,6,0,0.098128
2363,1945-04-21,7,9,0,0.098073
2364,1945-04-28,6,4,0,0.098017
2365,1945-05-05,9,6,0,0.097961
2366,1945-05-12,2,9,0,0.097906
2367,1945-05-19,3,4,0,0.097851
2368,1945-05-26,3,6,0,0.097795
2369,1945-06-02,8,4,0,0.09774
2370,1945-06-09,9,2,0,0.097685
2371,1945-06-16,8,9,0,0.09763
2372,1945-06-23,5,4,0,0.097575
2373,1945-06-30,6,1,0,0.09752
2374,1945-07-07,1,2,0,0.097465
2375,1945-07-14,4,2,0,0.09741
2376,1945-07-21,3,8,0,0.097355
2377,1945-07-28,3,4,0,0.0973
2378,1945-08-04,6,4,0,0.097246
2379,1945-08-11,4,2,0,0.097191
2380,1945-08-18,4,2,0,0.097136
2381,1945-08-25,2,8,0,0.097082
2382,1945-09-01,6,7,0,0.097027
2383,1945-09-08,9,2,0,0.096973
2384,1945-09-15,7,9,0,0.096919
2385,1945-09-22,3,4,0,0.096865
2386,1945-09-29,1,2,0,0.09681
2387,1945-10-06,7,9,0,0.096756
2388,1945-10-13,6,1,0,0.096702
2389,1945-10-20,2,6,0,0.096648
2390,1945-10-27,7,5,0,0.096594
2391,1945-11-03,1,2,0,0.09654
2392,1945-11-10,8,2,0,0.096486
2393,1945-11-17,4,9,0,0.096433
2394,1945-11-24,2,6,0,0.096379
2395,1945-12-01,2,7,0,0.096325
2396,1945-12-07,2,9,0,0.096272
2397,1945-12-15,4,9,0,0.096218
2398,1945-12-22,1,4,0,0.096165
2399,1945-12-29,7,1,0,0.096111
2400,1946-01-05,4,1,0,0.096058
2401,1946-01-12,9,3,0,0.096004
2402,1946-01-19,3,6,0,0.095951
2403,1946-01-26,3,1,0,0.095898
2404,1946-02-02,7,4,0,0.095845
2405,1946-02-09,7,2,0,0.095792
2406,1946-02-16,1,9,0,0.095739
2407,1946-02-23,8,8,1,0.096239
2408,1946-03-02,7,9,0,0.096186
2409,1946-03-09,7,2,0,0.096133
2410,1946-03-16,7,1,0,0.09608
2411,1946-03-23,7,1,0,0.096026
2412,1946-03-30,1,7,0,0.095974
2413,1946-04-06,4,8,0,0.095921
2414,1946-04-13,1,3,0,0.095868
2415,1946-04-20,1,1,1,0.096366
2416,1946-04-27,4,8,0,0.096313
2417,1946-05-04,9,3,0,0.09626
2418,1946-05-11,2,6,0,0.096207
2419,1946-05-18,4,4,1,0.096703
2420,1946-05-25,1,1,1,0.097199
2421,1946-06-01,3,1,0,0.097146
2422,1946-06-08,9,7,0,0.097093
2423,1946-06-15,9,3,0,0.097039
2424,1946-06-22,6,2,0,0.096986
2425,1946-06-29,2,1,0,0.096933
2426,1946-07-06,3,5,0,0.09688
2427,1946-07-13,4,6,0,0.096827
2428,1946-07-20,9,5,0,0.096774
2429,1946-07-27,7,6,0,0.096721
2430,1946-08-03,2,4,0,0.096668
2431,1946-08-10,9,6,0,0.096616
2432,1946-08-17,6,7,0,0.096563
2433,1946-08-24,8,1,0,0.09651
2434,1946-08-31,8,5,0,0.096458
2435,1946-09-14,3,8,0,0.096405
2436,1946-09-21,2,4,0,0.096353
2437,1946-09-28,1,1,1,0.096844
2438,1946-10-05,4,9,0,0.096792
2439,1946-10-12,6,3,0,0.096739
2440,1946-10-19,6,5,0,0.096687
2441,1946-10-26,9,1,0,0.096634
2442,1946-11-02,5,9,0,0.096582
2443,1946-11-09,6,4,0,0.096529
2444,1946-11-16,4,2,0,0.096477
2445,1946-11-23,4,2,0,0.096425
2446,1946-11-30,9,8,0,0.096372
2447,1946-12-07,6,6,1,0.096861
2448,1946-12-14,2,1,0,0.096809
2449,1946-12-21,8,5,0,0.096757
2450,1946-12-28,5,3,0,0.096704
2451,1947-01-04,3,1,0,0.096652
2452,1947-01-11,1,2,0,0.0966
2453,1947-01-18,9,9,1,0.097087
2454,1947-01-25,1,9,0,0.097035
2455,1947-02-01,3,2,0,0.096983
2456,1947-02-08,5,7,0,0.096931
2457,1947-02-15,2,8,0,0.096878
2458,1947-02-22,4,3,0,0.096826
2459,1947-03-01,2,1,0,0.096774
2460,1947-03-08,1,7,0,0.096722
2461,1947-03-15,1,9,0,0.09667
2462,1947-03-22,1,8,0,0.096618
2463,1947-03-29,4,8,0,0.096567
2464,1947-04-05,7,3,0,0.096515
2465,1947-04-12,8,6,0,0.096463
2466,1947-04-19,4,8,0,0.096411
2467,1947-04-26,1,6,0,0.09636
2468,1947-05-03,2,1,0,0.096308
2469,1947-05-10,1,4,0,0.096257
2470,1947-05-17,7,9,0,0.096205
2471,1947-05-24,8,1,0,0.096154
2472,1947-05-31,9,8,0,0.096103
2473,1947-06-07,3,9,0,0.096051
2474,1947-06-14,2,3,0,0.096
2475,1947-06-21,7,1,0,0.095949
2476,1947-06-28,4,2,0,0.095898
2477,1947-07-05,5,3,0,0.095847
2478,1947-07-12,8,6,0,0.095796
2479,1947-07-19,1,4,0,0.095745
2480,1947-07-26,6,2,0,0.095694
2481,1947-08-02,9,2,0,0.095643
2482,1947-08-09,6,9,0,0.095592
2483,1947-08-16,4,1,0,0.095541
2484,1947-08-23,4,2,0,0.095491
2485,1947-08-30,8,8,1,0.09597
2486,1947-09-06,6,3,0,0.095919
2487,1947-09-13,8,7,0,0.095869
2488,1947-09-20,1,5,0,0.095818
2489,1947-09-27,1,2,0,0.095767
2490,1947-10-04,4,8,0,0.095717
2491,1947-10-11,1,3,0,0.095666
2492,1947-10-18,3,1,0,0.095615
2493,1947-10-25,8,7,0,0.095565
2494,1947-11-01,7,9,0,0.095515
2495,1947-11-08,9,7,0,0.095464
2496,1947-11-15,1,4,0,0.095414
2497,1947-11-22,5,2,0,0.095364
2498,1947-11-29,2,6,0,0.095313
2499,1947-12-06,7,4,0,0.095263
2500,1947-12-13,1,4,0,0.095213
2501,1947-12-20,4,8,0,0.095163
2502,1947-12-27,6,1,0,0.095113
2503,1948-01-03,2,5,0,0.095063
2504,1948-01-10,3,5,0,0.095013
2505,1948-01-17,3,4,0,0.094963
2506,1948-01-24,6,4,0,0.094913
2507,1948-01-31,8,2,0,0.094864
2508,1948-02-07,8,5,0,0.094814
2509,1948-02-14,3,8,0,0.094764
2510,1948-02-21,2,4,0,0.094715
2511,1948-02-28,9,1,0,0.094665
2512,1948-03-06,7,7,1,0.095139
2513,1948-03-13,2,4,0,0.095089
2514,1948-03-20,1,6,0,0.095039
2515,1948-03-27,5,9,0,0.09499
2516,1948-04-03,9,6,0,0.09494
2517,1948-04-10,2,3,0,0.094891
2518,1948-04-17,9,4,0,0.094841
2519,1948-04-24,5,7,0,0.094792
2520,1948-04-30,6,4,0,0.094742
2521,1948-05-08,7,2,0,0.094693
2522,1948-05-15,3,9,0,0.094644
2523,1948-05-22,7,1,0,0.094595
2524,1948-05-29,7,2,0,0.094545
2525,1948-06-05,4,1,0,0.094496
2526,1948-06-12,6,3,0,0.094447
2527,1948-06-19,1,5,0,0.094398
2528,1948-06-26,4,2,0,0.094349
2529,1948-07-03,3,1,0,0.094301
2530,1948-07-10,4,4,1,0.09477
2531,1948-07-17,8,5,0,0.09472
2532,1948-07-24,3,3,1,0.095189
2533,1948-07-31,3,4,0,0.09514
2534,1948-08-07,4,4,1,0.095607
2535,1948-08-14,4,5,0,0.095558
2536,1948-08-21,9,8,0,0.095509
2537,1948-08-28,9,6,0,0.095459
2538,1948-09-04,9,2,0,0.09541
2539,1948-09-11,6,2,0,0.095361
2540,1948-09-18,2,1,0,0.095312
2541,1948-09-25,7,5,0,0.095263
2542,1948-10-02,9,4,0,0.095214
2543,1948-10-09,9,4,0,0.095165
2544,1948-10-16,9,6,0,0.095116
2545,1948-10-23,8,6,0,0.095067
2546,1948-10-30,1,4,0,0.095018
2547,1948-11-06,2,2,1,0.095483
2548,1948-11-13,2,4,0,0.095434
2549,1948-11-20,9,9,1,0.095897
2550,1948-11-27,5,7,0,0.095848
2551,1948-12-04,7,4,0,0.095799
2552,1948-12-11,4,4,1,0.096262
2553,1948-12-18,5,3,0,0.096213
2554,1948-12-24,7,8,0,0.096164
2555,1948-12-31,8,4,0,0.096115
2556,1949-01-08,2,8,0,0.096065
2557,1949-01-15,9,1,0,0.096016
2558,1949-01-22,5,7,0,0.095967
2559,1949-01-29,1,4,0,0.095918
2560,1949-02-05,8,3,0,0.095869
2561,1949-02-12,8,9,0,0.095821
2562,1949-02-19,5,3,0,0.095772
2563,1949-02-26,4,1,0,0.095723
2564,1949-03-05,8,4,0,0.095674
2565,1949-03-12,4,3,0,0.095626
2566,1949-03-19,2,6,0,0.095577
2567,1949-03-26,2,1,0,0.095528
2568,1949-04-02,5,9,0,0.09548
2569,1949-04-09,9,9,1,0.095939
2570,1949-04-16,4,3,0,0.09589
2571,1949-04-23,3,4,0,0.095842
2572,1949-04-30,2,4,0,0.095793
2573,1949-05-07,6,1,0,0.095745
2574,1949-05-14,7,2,0,0.095696
2575,1949-05-21,5,9,0,0.095648
2576,1949-05-28,9,7,0,0.095599
2577,1949-06-04,7,3,0,0.095551
2578,1949-06-11,4,4,1,0.096008
2579,1949-06-18,3,3,1,0.096465
2580,1949-06-25,4,4,1,0.096921
2581,1949-07-02,7,5,0,0.096872
2582,1949-07-09,1,6,0,0.096823
2583,1949-07-16,8,8,1,0.097278
2584,1949-07-23,3,8,0,0.097229
2585,1949-07-30,3,4,0,0.09718
2586,1949-08-06,2,4,0,0.097131
2587,1949-08-13,3,1,0,0.097082
2588,1949-08-20,8,4,0,0.097034
2589,1949-08-27,2,9,0,0.096985
2590,1949-09-03,2,1,0,0.096936
2591,1949-09-10,2,9,0,0.096888
2592,1949-09-17,7,9,0,0.096839
2593,1949-09-24,6,4,0,0.09679
2594,1949-10-01,8,6,0,0.096742
2595,1949-10-08,3,5,0,0.096693
2596,1949-10-15,9,4,0,0.096645
2597,1949-10-22,8,9,0,0.096597
2598,1949-10-29,2,4,0,0.096548
2599,1949-11-05,3,2,0,0.0965
2600,1949-11-12,5,4,0,0.096452
2601,1949-11-19,7,8,0,0.096404
2602,1949-11-26,1,4,0,0.096355
2603,1949-12-03,6,8,0,0.096307
2604,1949-12-12,2,2,1,0.096758
2605,1949-12-17,3,5,0,0.09671
2606,1949-12-24,4,4,1,0.09716
2607,1949-12-31,6,5,0,0.097112
2608,1950-01-07,8,5,0,0.097063
2609,1950-01-14,9,5,0,0.097015
2610,1950-01-21,7,9,0,0.096967
2611,1950-01-28,3,4,0,0.096918
2612,1950-02-04,7,1,0,0.09687
2613,1950-02-11,8,2,0,0.096822
2614,1950-02-18,4,8,0,0.096774
2615,1950-02-25,7,6,0,0.096726
2616,1950-03-04,1,6,0,0.096678
2617,1950-03-11,4,8,0,0.09663
2618,1950-03-18,3,3,1,0.097078
2619,1950-03-25,1,4,0,0.09703
2620,1950-04-01,2,9,0,0.096982
2621,1950-04-08,2,4,0,0.096934
2622,1950-04-15,3,9,0,0.096886
2623,1950-04-22,9,4,0,0.096838
2624,1950-04-29,2,9,0,0.09679
2625,1950-05-06,2,4,0,0.096742
2626,1950-05-13,3,9,0,0.096695
2627,1950-05-20,8,4,0,0.096647
2628,1950-05-27,6,2,0,0.096599
2629,1950-06-03,5,7,0,0.096552
2630,1950-06-10,6,1,0,0.096504
2631,1950-06-17,5,2,0,0.096457
2632,1950-06-24,5,1,0,0.096409
2633,1950-07-01,5,4,0,0.096362
2634,1950-07-08,5,5,1,0.096806
2635,1950-07-15,6,5,0,0.096758
2636,1950-07-22,4,2,0,0.096711
2637,1950-07-29,7,2,0,0.096663
2638,1950-08-05,7,6,0,0.096616
2639,1950-08-12,2,1,0,0.096569
2640,1950-08-19,4,6,0,0.096521
2641,1950-08-26,8,1,0,0.096474
2642,1950-09-02,6,3,0,0.096427
2643,1950-09-09,5,7,0,0.09638
2644,1950-09-16,5,1,0,0.096333
2645,1950-09-23,8,5,0,0.096285
2646,1950-09-30,8,4,0,0.096238
2647,1950-10-07,8,3,0,0.096191
2648,1950-10-14,3,8,0,0.096144
2649,1950-10-21,2,4,0,0.096098
2650,1950-10-28,6,1,0,0.096051
2651,1950-11-04,4,2,0,0.096004
2652,1950-11-11,2,2,1,0.096444
2653,1950-11-18,7,1,0,0.096397
2654,1950-11-25,4,6,0,0.09635
2655,1950-12-02,6,3,0,0.096304
2656,1950-12-09,3,5,0,0.096257
2657,1950-12-16,6,3,0,0.09621
2658,1950-12-23,9,2,0,0.096163
2659,1950-12-30,9,6,0,0.096117
2660,1951-01-06,7,6,0,0.09607
2661,1951-01-13,1,4,0,0.096023
2662,1951-01-20,6,8,0,0.095977
2663,1951-01-27,6,2,0,0.09593
2664,1951-02-03,1,1,1,0.096368
2665,1951-02-10,6,4,0,0.096321
2666,1951-02-17,9,2,0,0.096275
2667,1951-02-24,4,9,0,0.096228
2668,1951-03-03,8,4,0,0.096182
2669,1951-03-10,5,3,0,0.096135
2670,1951-03-17,7,1,0,0.096089
2671,1951-03-24,1,4,0,0.096042
2672,1951-03-31,3,8,0,0.095996
2673,1951-04-07,3,7,0,0.09595
2674,1951-04-14,6,4,0,0.095904
2675,1951-04-21,2,2,1,0.096339
2676,1951-04-28,9,3,0,0.096293
2677,1951-05-05,7,7,1,0.096728
2678,1951-05-12,1,4,0,0.096681
2679,1951-05-19,6,8,0,0.096635
2680,1951-05-26,1,2,0,0.096588
2681,1951-06-01,9,4,0,0.096542
2682,1951-06-09,6,9,0,0.096495
2683,1951-06-16,5,1,0,0.096449
2684,1951-06-23,1,1,1,0.096882
2685,1951-06-30,5,3,0,0.096836
2686,1951-07-07,9,6,0,0.09679
2687,1951-07-14,8,3,0,0.096743
2688,1951-07-21,8,4,0,0.096697
2689,1951-07-28,3,3,1,0.097129
2690,1951-08-04,3,2,0,0.097083
2691,1951-08-11,8,4,0,0.097036
2692,1951-08-18,7,2,0,0.09699
2693,1951-08-25,7,7,1,0.097421
2694,1951-09-01,7,1,0,0.097375
2695,1951-09-08,8,7,0,0.097328
2696,1951-09-15,6,8,0,0.097282
2697,1951-09-22,2,5,0,0.097235
2698,1951-09-29,9,3,0,0.097189
2699,1951-10-06,3,7,0,0.097143
2700,1951-10-13,3,3,1,0.097573
2701,1951-10-20,2,4,0,0.097526
2702,1951-10-27,9,1,0,0.09748
2703,1951-11-03,6,7,0,0.097433
2704,1951-11-10,6,1,0,0.097387
2705,1951-11-17,9,1,0,0.097341
2706,1951-11-24,1,9,0,0.097295
2707,1951-12-01,8,2,0,0.097249
2708,1951-12-10,5,8,0,0.097202
2709,1951-12-15,1,1,1,0.09763
2710,1951-12-22,9,5,0,0.097584
2711,1951-12-28,6,9,0,0.097538
2712,1952-01-05,2,1,0,0.097492
2713,1952-01-12,3,3,1,0.097919
2714,1952-01-19,8,4,0,0.097872
2715,1952-01-26,2,2,1,0.098299
2716,1952-02-02,2,2,1,0.098725
2717,1952-02-09,9,9,1,0.09915
2718,1952-02-16,3,7,0,0.099103
2719,1952-02-23,8,3,0,0.099057
2720,1952-03-01,7,2,0,0.09901
2721,1952-03-08,1,7,0,0.098963
2722,1952-03-15,2,8,0,0.098917
2723,1952-03-22,7,4,0,0.09887
2724,1952-03-29,3,4,0,0.098824
2725,1952-04-05,5,1,0,0.098777
2726,1952-04-12,1,8,0,0.098731
2727,1952-04-19,3,5,0,0.098684
2728,1952-04-26,3,7,0,0.098638
2729,1952-05-03,5,2,0,0.098592
2730,1952-05-10,2,8,0,0.098545
2731,1952-05-17,4,4,1,0.098968
2732,1952-05-24,1,1,1,0.099391
2733,1952-05-31,4,1,0,0.099344
2734,1952-06-07,7,3,0,0.099297
2735,1952-06-14,9,6,0,0.099251
2736,1952-06-21,5,4,0,0.099204
2737,1952-06-28,4,4,1,0.099626
2738,1952-07-05,1,4,0,0.099579
2739,1952-07-12,2,1,0,0.099533
2740,1952-07-19,3,4,0,0.099486
2741,1952-07-26,2,4,0,0.09944
2742,1952-08-02,3,1,0,0.099393
2743,1952-08-09,8,4,0,0.099347
2744,1952-08-16,3,2,0,0.099301
2745,1952-08-23,9,2,0,0.099254
2746,1952-08-30,1,9,0,0.099208
2747,1952-09-06,6,2,0,0.099162
2748,1952-09-13,3,2,0,0.099116
2749,1952-09-20,2,6,0,0.09907
2750,1952-09-27,5,1,0,0.099024
2751,1952-10-04,2,9,0,0.098978
2752,1952-10-11,8,4,0,0.098932
2753,1952-10-18,1,3,0,0.098886
2754,1952-10-25,9,2,0,0.09884
2755,1952-11-03,3,9,0,0.098794
2756,1952-11-08,1,3,0,0.098748
2757,1952-11-15,6,9,0,0.098703
2758,1952-11-22,5,2,0,0.098657
2759,1952-11-29,8,1,0,0.098611
2760,1952-12-06,2,8,0,0.098565
2761,1952-12-13,7,2,0,0.09852
2762,1952-12-20,5,4,0,0.098474
2763,1952-12-29,3,7,0,0.098429
2764,1953-01-03,1,2,0,0.098383
2765,1953-01-10,3,9,0,0.098338
2766,1953-01-17,1,7,0,0.098293
2767,1953-01-24,2,9,0,0.098247
2768,1953-01-31,1,4,0,0.098202
2769,1953-02-07,4,9,0,0.098157
2770,1953-02-14,2,3,0,0.098111
2771,1953-02-21,4,7,0,0.098066
2772,1953-02-28,8,1,0,0.098021
2773,1953-03-07,8,3,0,0.097976
2774,1953-03-14,3,3,1,0.098391
2775,1953-03-21,8,2,0,0.098346
2776,1953-03-28,8,2,0,0.0983
2777,1953-04-04,6,3,0,0.098255
2778,1953-04-11,6,5,0,0.09821
2779,1953-04-18,1,1,1,0.098624
2780,1953-04-25,1,4,0,0.098579
2781,1953-05-02,4,8,0,0.098533
2782,1953-05-09,9,3,0,0.098488
2783,1953-05-16,9,6,0,0.098443
2784,1953-05-23,4,6,0,0.098398
2785,1953-05-30,6,4,0,0.098353
2786,1953-06-06,5,5,1,0.098765
2787,1953-06-13,7,1,0,0.09872
2788,1953-06-20,6,4,0,0.098675
2789,1953-06-27,1,6,0,0.09863
2790,1953-07-04,7,4,0,0.098585
2791,1953-07-11,1,1,1,0.098996
2792,1953-07-18,6,8,0,0.098951
2793,1953-07-25,3,2,0,0.098906
2794,1953-08-01,9,6,0,0.098861
2795,1953-08-08,4,9,0,0.098816
2796,1953-08-14,1,4,0,0.098771
2797,1953-08-22,9,1,0,0.098726
2798,1953-08-29,9,3,0,0.098681
2799,1953-09-05,5,6,0,0.098636
2800,1953-09-12,2,4,0,0.098592
2801,1953-09-19,8,4,0,0.098547
2802,1953-09-26,3,3,1,0.098956
2803,1953-10-03,2,2,1,0.099365
2804,1953-10-10,5,1,0,0.09932
2805,1953-10-17,1,9,0,0.099275
2806,1953-10-24,9,3,0,0.09923
2807,1953-10-31,4,9,0,0.099185
2808,1953-11-07,7,4,0,0.09914
2809,1953-11-14,2,6,0,0.099095
2810,1953-11-21,7,6,0,0.09905
2811,1953-11-28,9,4,0,0.099005
2812,1953-12-05,6,4,0,0.098961
2813,1953-12-12,7,2,0,0.098916
2814,1953-12-19,3,9,0,0.098871
2815,1953-12-28,8,1,0,0.098827
2816,1954-01-02,3,2,0,0.098782
2817,1954-01-09,7,2,0,0.098738
2818,1954-01-16,6,2,0,0.098693
2819,1954-01-23,5,6,0,0.098649
2820,1954-01-30,5,1,0,0.098604
2821,1954-02-06,8,5,0,0.09856
2822,1954-02-13,6,8,0,0.098516
2823,1954-02-20,2,5,0,0.098471
2824,1954-02-27,1,3,0,0.098427
2825,1954-03-06,8,4,0,0.098383
2826,1954-03-13,2,8,0,0.098339
2827,1954-03-20,4,2,0,0.098294
2828,1954-03-27,3,1,0,0.09825
2829,1954-04-03,1,4,0,0.098206
2830,1954-04-10,2,9,0,0.098162
2831,1954-04-17,1,4,0,0.098118
2832,1954-04-24,2,4,0,0.098074
2833,1954-04-30,2,4,0,0.09803
2834,1954-05-08,9,9,1,0.098434
2835,1954-05-15,9,7,0,0.09839
2836,1954-05-22,3,6,0,0.098346
2837,1954-05-29,2,3,0,0.098302
2838,1954-06-05,1,1,1,0.098705
2839,1954-06-12,1,4,0,0.098661
2840,1954-06-19,5,8,0,0.098617
2841,1954-06-26,1,6,0,0.098573
2842,1954-07-03,4,3,0,0.098529
2843,1954-07-10,5,3,0,0.098485
2844,1954-07-17,3,8,0,0.098441
2845,1954-07-24,4,2,0,0.098397
2846,1954-07-31,4,5,0,0.098353
2847,1954-08-07,2,8,0,0.09831
2848,1954-08-14,5,7,0,0.098266
2849,1954-08-21,5,9,0,0.098222
2850,1954-08-28,7,5,0,0.098179
2851,1954-09-04,6,4,0,0.098135
2852,1954-09-11,6,6,1,0.098535
2853,1954-09-18,2,1,0,0.098492
2854,1954-09-25,8,3,0,0.098448
2855,1954-10-02,9,3,0,0.098404
2856,1954-10-09,6,9,0,0.098361
2857,1954-10-16,9,2,0,0.098317
2858,1954-10-23,2,9,0,0.098274
2859,1954-10-30,3,4,0,0.09823
2860,1954-11-06,7,8,0,0.098187
2861,1954-11-13,4,2,0,0.098143
2862,1954-11-20,6,3,0,0.0981
2863,1954-11-27,1,5,0,0.098057
2864,1954-12-04,4,4,1,0.098455
2865,1954-12-11,2,3,0,0.098411
2866,1954-12-18,8,7,0,0.098368
2867,1954-12-24,4,3,0,0.098325
2868,1954-12-31,7,6,0,0.098281
2869,1955-01-08,1,6,0,0.098238
2870,1955-01-15,1,8,0,0.098195
2871,1955-01-22,3,8,0,0.098151
2872,1955-01-29,9,7,0,0.098108
2873,1955-02-05,8,9,0,0.098065
2874,1955-02-12,7,4,0,0.098022
2875,1955-02-19,8,7,0,0.097979
2876,1955-02-26,6,8,0,0.097936
2877,1955-03-05,2,5,0,0.097893
2878,1955-03-12,1,3,0,0.09785
2879,1955-03-19,1,4,0,0.097807
2880,1955-03-26,5,8,0,0.097764
2881,1955-04-02,6,6,1,0.09816
2882,1955-04-09,8,4,0,0.098117
2883,1955-04-16,4,5,0,0.098074
2884,1955-04-23,1,6,0,0.098031
2885,1955-04-30,2,1,0,0.097988
2886,1955-05-07,7,4,0,0.097945
2887,1955-05-14,8,4,0,0.097902
2888,1955-05-21,7,8,0,0.097859
2889,1955-05-28,8,7,0,0.097817
2890,1955-06-04,6,8,0,0.097774
2891,1955-06-11,9,5,0,0.097731
2892,1955-06-18,6,9,0,0.097689
2893,1955-06-25,3,2,0,0.097646
2894,1955-07-02,9,6,0,0.097603
2895,1955-07-09,4,9,0,0.097561
2896,1955-07-16,2,4,0,0.097519
2897,1955-07-23,9,7,0,0.097476
2898,1955-07-30,6,7,0,0.097434
2899,1955-08-06,5,2,0,0.097391
2900,1955-08-13,4,1,0,0.097349
2901,1955-08-20,6,4,0,0.097307
2902,1955-08-27,1,5,0,0.097264
2903,1955-09-03,7,4,0,0.097222
2904,1955-09-10,5,1,0,0.09718
2905,1955-09-17,7,7,1,0.097572
2906,1955-09-24,1,4,0,0.097529
2907,1955-10-01,7,8,0,0.097487
2908,1955-10-08,9,1,0,0.097445
2909,1955-10-15,5,4,0,0.097403
2910,1955-10-22,5,4,0,0.09736
2911,1955-10-29,7,5,0,0.097318
2912,1955-11-05,4,4,1,0.097709
2913,1955-11-12,1,3,0,0.097666
2914,1955-11-19,2,1,0,0.097624
2915,1955-11-26,6,4,0,0.097582
2916,1955-12-03,6,2,0,0.09754
2917,1955-12-10,2,1,0,0.097498
2918,1955-12-17,1,3,0,0.097456
2919,1955-12-24,9,4,0,0.097414
2920,1955-12-31,3,9,0,0.097372
2921,1956-01-07,3,3,1,0.097761
2922,1956-01-14,1,2,0,0.097718
2923,1956-01-21,3,9,0,0.097676
2924,1956-01-28,8,7,0,0.097634
2925,1956-02-04,9,2,0,0.097592
2926,1956-02-11,6,9,0,0.09755
2927,1956-02-18,1,2,0,0.097509
2928,1956-02-25,6,4,0,0.097467
2929,1956-03-03,2,2,1,0.097854
2930,1956-03-10,8,3,0,0.097812
2931,1956-03-17,7,3,0,0.09777
2932,1956-03-24,7,7,1,0.098157
2933,1956-03-31,9,7,0,0.098115
2934,1956-04-07,4,4,1,0.098501
2935,1956-04-14,5,4,0,0.098459
2936,1956-04-21,4,8,0,0.098417
2937,1956-04-28,8,6,0,0.098375
2938,1956-05-05,7,3,0,0.098333
2939,1956-05-12,3,7,0,0.098291
2940,1956-05-19,5,1,0,0.098249
2941,1956-05-26,3,8,0,0.098207
2942,1956-06-02,6,2,0,0.098165
2943,1956-06-09,5,2,0,0.098123
2944,1956-06-16,2,1,0,0.098081
2945,1956-06-23,7,4,0,0.098039
2946,1956-06-30,4,4,1,0.098424
2947,1956-07-07,8,3,0,0.098382
2948,1956-07-14,1,3,0,0.09834
2949,1956-07-21,8,2,0,0.098298
2950,1956-07-28,9,8,0,0.098256
2951,1956-08-04,5,9,0,0.098214
2952,1956-08-11,1,4,0,0.098173
2953,1956-08-18,7,3,0,0.098131
2954,1956-08-25,2,1,0,0.098089
2955,1956-09-01,4,6,0,0.098048
2956,1956-09-08,3,1,0,0.098006
2957,1956-09-15,5,4,0,0.097964
2958,1956-09-22,5,8,0,0.097923
2959,1956-09-29,4,5,0,0.097881
2960,1956-10-06,3,8,0,0.09784
2961,1956-10-13,1,4,0,0.097798
2962,1956-10-20,9,9,1,0.09818
2963,1956-10-27,4,3,0,0.098139
2964,1956-11-03,3,4,0,0.098097
2965,1956-11-10,9,4,0,0.098056
2966,1956-11-17,7,9,0,0.098014
2967,1956-11-24,4,4,1,0.098395
2968,1956-12-01,1,3,0,0.098354
2969,1956-12-07,3,1,0,0.098312
2970,1956-12-15,4,7,0,0.098271
2971,1956-12-22,4,5,0,0.098229
2972,1956-12-29,6,8,0,0.098188
2973,1957-01-05,7,5,0,0.098147
2974,1957-01-12,6,9,0,0.098105
2975,1957-01-19,1,6,0,0.098064
2976,1957-01-26,6,4,0,0.098023
2977,1957-02-02,2,2,1,0.098402
2978,1957-02-09,9,3,0,0.098361
2979,1957-02-16,2,7,0,0.098319
2980,1957-02-23,5,4,0,0.098278
2981,1957-03-02,2,9,0,0.098237
2982,1957-03-09,7,4,0,0.098196
2983,1957-03-16,3,4,0,0.098154
2984,1957-03-23,4,1,0,0.098113
2985,1957-03-30,2,5,0,0.098072
2986,1957-04-06,8,7,0,0.098031
2987,1957-04-13,1,3,0,0.09799
2988,1957-04-20,7,2,0,0.097949
2989,1957-04-27,1,1,1,0.098326
2990,1957-05-04,8,8,1,0.098703
2991,1957-05-11,7,9,0,0.098662
2992,1957-05-18,4,7,0,0.098621
2993,1957-05-25,3,3,1,0.098997
2994,1957-06-01,8,4,0,0.098956
2995,1957-06-08,3,2,0,0.098915
2996,1957-06-15,2,2,1,0.099291
2997,1957-06-22,7,1,0,0.099249
2998,1957-06-28,5,4,0,0.099208
2999,1957-07-06,4,7,0,0.099167
3000,1957-07-13,8,8,1,0.099542
3001,1957-07-20,5,3,0,0.0995
3002,1957-07-27,3,1,0,0.099459
3003,1957-08-03,6,2,0,0.099418
3004,1957-08-10,8,2,0,0.099376
3005,1957-08-17,9,5,0,0.099335
3006,1957-08-24,8,9,0,0.099294
3007,1957-08-31,3,4,0,0.099252
3008,1957-09-07,1,2,0,0.099211
3009,1957-09-14,9,9,1,0.099585
3010,1957-09-21,6,3,0,0.099544
3011,1957-09-28,7,1,0,0.099502
3012,1957-10-05,4,9,0,0.099461
3013,1957-10-12,8,3,0,0.09942
3014,1957-10-19,8,3,0,0.099379
3015,1957-10-26,6,3,0,0.099338
3016,1957-11-02,9,5,0,0.099297
3017,1957-11-09,8,6,0,0.099256
3018,1957-11-16,9,4,0,0.099215
3019,1957-11-23,1,9,0,0.099174
3020,1957-11-30,5,2,0,0.099133
3021,1957-12-07,5,6,0,0.099092
3022,1957-12-14,4,5,0,0.099051
3023,1957-12-21,3,8,0,0.09901
3024,1957-12-28,7,4,0,0.098969
3025,1958-01-04,5,2,0,0.098928
3026,1958-01-11,5,7,0,0.098888
3027,1958-01-18,3,4,0,0.098847
3028,1958-01-25,3,2,0,0.098806
3029,1958-02-01,5,2,0,0.098765
3030,1958-02-08,3,8,0,0.098725
3031,1958-02-15,2,2,1,0.099095
3032,1958-02-22,8,1,0,0.099055
3033,1958-03-01,6,3,0,0.099014
3034,1958-03-08,3,9,0,0.098973
3035,1958-03-15,4,6,0,0.098933
3036,1958-03-22,3,5,0,0.098892
3037,1958-03-29,9,4,0,0.098852
3038,1958-04-05,3,9,0,0.098811
3039,1958-04-12,4,3,0,0.09877
3040,1958-04-19,3,5,0,0.09873
3041,1958-04-26,1,4,0,0.09869
3042,1958-05-03,2,9,0,0.098649
3043,1958-05-10,9,4,0,0.098609
3044,1958-05-17,9,7,0,0.098569
3045,1958-05-24,7,6,0,0.098528
3046,1958-05-31,8,4,0,0.098488
3047,1958-06-07,9,8,0,0.098448
3048,1958-06-14,5,9,0,0.098408
3049,1958-06-21,9,4,0,0.098367
3050,1958-06-28,9,3,0,0.098327
3051,1958-07-05,2,6,0,0.098287
3052,1958-07-12,6,4,0,0.098247
3053,1958-07-19,6,2,0,0.098207
3054,1958-07-26,4,1,0,0.098167
3055,1958-08-02,7,2,0,0.098127
3056,1958-08-09,1,6,0,0.098087
3057,1958-08-16,4,8,0,0.098047
3058,1958-08-23,7,3,0,0.098007
3059,1958-08-30,5,6,0,0.097967
3060,1958-09-06,8,7,0,0.097928
3061,1958-09-13,3,8,0,0.097888
3062,1958-09-20,3,2,0,0.097848
3063,1958-09-27,2,2,1,0.098214
3064,1958-10-04,1,1,1,0.09858
3065,1958-10-11,7,9,0,0.09854
3066,1958-10-18,8,1,0,0.0985
3067,1958-10-25,4,8,0,0.09846
3068,1958-11-01,7,6,0,0.09842
3069,1958-11-08,7,6,0,0.098381
3070,1958-11-15,2,7,0,0.098341
3071,1958-11-22,7,6,0,0.098301
3072,1958-11-29,5,4,0,0.098261
3073,1958-12-06,4,7,0,0.098222
3074,1958-12-13,9,8,0,0.098182
3075,1958-12-20,8,6,0,0.098142
3076,1958-12-27,5,4,0,0.098103
3077,1959-01-03,8,1,0,0.098063
3078,1959-01-10,5,8,0,0.098023
3079,1959-01-17,6,1,0,0.097984
3080,1959-01-24,6,4,0,0.097944
3081,1959-01-31,8,1,0,0.097905
3082,1959-02-07,2,5,0,0.097865
3083,1959-02-14,1,2,0,0.097826
3084,1959-02-21,7,9,0,0.097787
3085,1959-02-28,5,1,0,0.097747
3086,1959-03-07,5,7,0,0.097708
3087,1959-03-14,7,4,0,0.097669
3088,1959-03-21,1,4,0,0.09763
3089,1959-03-28,9,8,0,0.09759
3090,1959-04-04,3,3,1,0.097953
3091,1959-04-11,2,3,0,0.097913
3092,1959-04-18,9,1,0,0.097874
3093,1959-04-27,6,7,0,0.097835
3094,1959-05-04,8,1,0,0.097796
3095,1959-05-09,7,5,0,0.097756
3096,1959-05-16,7,7,1,0.098118
3097,1959-05-23,7,2,0,0.098078
3098,1959-05-30,7,7,1,0.098439
3099,1959-06-06,5,7,0,0.0984
3100,1959-06-13,1,7,0,0.098361
3101,1959-06-20,7,3,0,0.098321
3102,1959-06-27,5,1,0,0.098282
3103,1959-07-04,9,7,0,0.098243
3104,1959-07-11,8,3,0,0.098204
3105,1959-07-18,8,4,0,0.098164
3106,1959-07-25,4,3,0,0.098125
3107,1959-08-01,3,6,0,0.098086
3108,1959-08-08,1,4,0,0.098047
3109,1959-08-17,1,9,0,0.098008
3110,1959-08-22,1,8,0,0.097969
3111,1959-08-29,5,1,0,0.09793
3112,1959-09-05,7,6,0,0.097891
3113,1959-09-12,5,4,0,0.097852
3114,1959-09-19,9,7,0,0.097813
3115,1959-09-26,6,3,0,0.097774
3116,1959-10-03,3,1,0,0.097735
3117,1959-10-10,4,6,0,0.097697
3118,1959-10-17,6,5,0,0.097658
3119,1959-10-24,4,5,0,0.097619
3120,1959-10-31,8,2,0,0.09758
3121,1959-11-07,4,3,0,0.097542
3122,1959-11-14,4,6,0,0.097503
3123,1959-11-21,1,8,0,0.097464
3124,1959-11-28,1,1,1,0.097822
3125,1959-12-05,9,1,0,0.097783
3126,1959-12-12,7,3,0,0.097744
3127,1959-12-19,3,4,0,0.097706
3128,1959-12-28,1,1,1,0.098062
3129,1960-01-04,1,9,0,0.098024
3130,1960-01-09,3,1,0,0.097985
3131,1960-01-16,6,7,0,0.097946
3132,1960-01-23,9,2,0,0.097908
3133,1960-01-30,8,6,0,0.097869
3134,1960-02-06,4,4,1,0.098225
3135,1960-02-13,5,6,0,0.098186
3136,1960-02-20,3,8,0,0.098147
3137,1960-02-27,6,2,0,0.098109
3138,1960-03-05,6,2,0,0.09807
3139,1960-03-12,4,1,0,0.098031
3140,1960-03-21,8,2,0,0.097993
3141,1960-03-26,6,3,0,0.097954
3142,1960-04-02,5,9,0,0.097916
3143,1960-04-09,5,1,0,0.097877
3144,1960-04-16,6,4,0,0.097839
3145,1960-04-23,4,4,1,0.098193
3146,1960-04-30,3,2,0,0.098155
3147,1960-05-07,9,4,0,0.098116
3148,1960-05-14,6,3,0,0.098078
3149,1960-05-21,8,3,0,0.098039
3150,1960-05-28,4,5,0,0.098001
3151,1960-06-04,7,5,0,0.097962
3152,1960-06-11,9,7,0,0.097924
3153,1960-06-18,1,4,0,0.097886
3154,1960-06-25,9,2,0,0.097847
3155,1960-07-02,1,3,0,0.097809
3156,1960-07-09,3,2,0,0.097771
3157,1960-07-16,3,7,0,0.097733
3158,1960-07-23,2,2,1,0.098085
3159,1960-07-30,9,1,0,0.098047
3160,1960-08-06,6,6,1,0.098399
3161,1960-08-13,6,3,0,0.098361
3162,1960-08-20,1,1,1,0.098712
3163,1960-08-27,2,4,0,0.098674
3164,1960-09-03,2,9,0,0.098635
3165,1960-09-10,9,9,1,0.098987
3166,1960-09-17,3,6,0,0.098948
3167,1960-09-24,2,3,0,0.09891
3168,1960-10-01,4,1,0,0.098871
3169,1960-10-08,8,1,0,0.098833
3170,1960-10-15,7,3,0,0.098794
3171,1960-10-22,2,7,0,0.098756
3172,1960-10-29,3,6,0,0.098717
3173,1960-11-07,6,8,0,0.098679
3174,1960-11-12,6,2,0,0.098641
3175,1960-11-19,8,1,0,0.098602
3176,1960-11-26,7,5,0,0.098564
3177,1960-12-03,6,7,0,0.098526
3178,1960-12-10,4,6,0,0.098488
3179,1960-12-17,2,2,1,0.098837
3180,1960-12-24,7,7,1,0.099186
3181,1960-12-31,2,4,0,0.099148
3182,1961-01-09,2,6,0,0.09911
3183,1961-01-14,9,9,1,0.099458
3184,1961-01-21,4,6,0,0.09942
3185,1961-01-28,2,4,0,0.099381
3186,1961-02-04,7,7,1,0.099729
3187,1961-02-11,8,4,0,0.099691
3188,1961-02-18,2,8,0,0.099652
3189,1961-02-25,8,2,0,0.099614
3190,1961-03-04,6,3,0,0.099575
3191,1961-03-11,9,5,0,0.099537
3192,1961-03-18,9,6,0,0.099499
3193,1961-03-25,4,2,0,0.09946
3194,1961-04-01,6,4,0,0.099422
3195,1961-04-08,4,5,0,0.099384
3196,1961-04-15,8,2,0,0.099345
3197,1961-04-22,8,3,0,0.099307
3198,1961-04-29,1,3,0,0.099269
3199,1961-05-06,5,2,0,0.099231
3200,1961-05-13,6,6,1,0.099577
3201,1961-05-20,7,4,0,0.099539
3202,1961-05-27,7,9,0,0.099501
3203,1961-06-05,1,7,0,0.099462
3204,1961-06-17,7,8,0,0.099424
3205,1961-06-24,3,1,0,0.099386
3206,1961-07-01,2,1,0,0.099348
3207,1961-07-08,4,1,0,0.09931
3208,1961-07-15,6,1,0,0.099272
3209,1961-07-22,9,5,0,0.099234
3210,1961-07-29,8,9,0,0.099196
3211,1961-08-05,1,4,0,0.099158
3212,1961-08-12,4,2,0,0.09912
3213,1961-08-19,2,3,0,0.099082
3214,1961-08-26,5,7,0,0.099044
3215,1961-09-02,1,9,0,0.099006
3216,1961-09-09,2,3,0,0.098968
3217,1961-09-16,6,9,0,0.09893
3218,1961-09-23,5,6,0,0.098893
3219,1961-09-30,8,1,0,0.098855
3220,1961-10-07,9,8,0,0.098817
3221,1961-10-14,3,9,0,0.09878
3222,1961-10-21,8,3,0,0.098742
3223,1961-10-28,6,2,0,0.098704
3224,1961-11-06,2,9,0,0.098667
3225,1961-11-11,8,3,0,0.098629
3226,1961-11-18,6,3,0,0.098592
3227,1961-11-25,7,9,0,0.098554
3228,1961-12-02,7,7,1,0.098897
3229,1961-12-11,2,7,0,0.098859
3230,1961-12-16,3,6,0,0.098822
3231,1961-12-23,3,8,0,0.098784
3232,1961-12-30,8,2,0,0.098747
3233,1962-01-06,5,2,0,0.098709
3234,1962-01-13,3,1,0,0.098672
3235,1962-01-20,6,2,0,0.098634
3236,1962-01-27,8,2,0,0.098597
3237,1962-02-03,3,5,0,0.09856
3238,1962-02-10,2,2,1,0.098901
3239,1962-02-17,8,1,0,0.098864
3240,1962-02-24,8,3,0,0.098826
3241,1962-03-03,8,3,0,0.098789
3242,1962-03-10,5,3,0,0.098751
3243,1962-03-17,4,1,0,0.098714
3244,1962-03-24,9,8,0,0.098677
3245,1962-03-31,6,6,1,0.099017
3246,1962-04-07,3,3,1,0.099358
3247,1962-04-14,3,6,0,0.09932
3248,1962-04-21,6,2,0,0.099283
3249,1962-04-28,7,2,0,0.099245
3250,1962-05-05,2,7,0,0.099208
3251,1962-05-12,8,6,0,0.09917
3252,1962-05-19,2,3,0,0.099133
3253,1962-05-26,9,2,0,0.099096
3254,1962-06-02,4,6,0,0.099058
3255,1962-06-09,3,4,0,0.099021
3256,1962-06-16,1,4,0,0.098984
3257,1962-06-23,1,9,0,0.098947
3258,1962-06-30,8,3,0,0.098909
3259,1962-07-07,2,9,0,0.098872
3260,1962-07-14,9,2,0,0.098835
3261,1962-07-21,1,6,0,0.098798
3262,1962-07-28,8,2,0,0.098761
3263,1962-08-04,8,9,0,0.098724
3264,1962-08-11,5,3,0,0.098687
3265,1962-08-18,9,1,0,0.09865
3266,1962-08-25,4,3,0,0.098613
3267,1962-09-01,5,4,0,0.098576
3268,1962-09-08,3,3,1,0.098913
3269,1962-09-15,3,6,0,0.098876
3270,1962-09-22,2,2,1,0.099214
3271,1962-09-29,8,1,0,0.099177
3272,1962-10-06,5,3,0,0.09914
3273,1962-10-13,1,1,1,0.099476
3274,1962-10-20,5,3,0,0.099439
3275,1962-10-27,6,6,1,0.099776
3276,1962-11-03,1,4,0,0.099739
3277,1962-11-10,8,4,0,0.099701
3278,1962-11-17,1,8,0,0.099664
3279,1962-11-24,6,2,0,0.099627
3280,1962-12-01,3,2,0,0.09959
3281,1962-12-08,6,3,0,0.099553
3282,1962-12-15,3,2,0,0.099515
3283,1962-12-22,1,6,0,0.099478
3284,1962-12-29,7,9,0,0.099441
3285,1963-01-05,4,1,0,0.099404
3286,1963-01-12,5,3,0,0.099367
3287,1963-01-19,1,3,0,0.09933
3288,1963-01-26,3,5,0,0.099293
3289,1963-02-02,7,7,1,0.099628
3290,1963-02-09,8,2,0,0.099591
3291,1963-02-16,8,8,1,0.099926
3292,1963-02-23,8,3,0,0.099889
3293,1963-03-02,1,3,0,0.099852
3294,1963-03-09,8,2,0,0.099814
3295,1963-03-16,4,8,0,0.099777
3296,1963-03-23,8,5,0,0.09974
3297,1963-03-30,3,3,1,0.100074
3298,1963-04-06,1,2,0,0.100037
3299,1963-04-13,3,9,0,0.1
3300,1963-04-20,3,7,0,0.099963
3301,1963-04-27,4,2,0,0.099926
3302,1963-05-04,7,6,0,0.099889
3303,1963-05-11,9,7,0,0.099852
3304,1963-05-18,6,4,0,0.099815
3305,1963-05-25,1,3,0,0.099778
3306,1963-06-01,9,4,0,0.099741
3307,1963-06-08,1,3,0,0.099705
3308,1963-06-15,3,2,0,0.099668
3309,1963-06-22,8,7,0,0.099631
3310,1963-07-01,3,2,0,0.099594
3311,1963-07-06,2,2,1,0.099926
3312,1963-07-13,9,1,0,0.099889
3313,1963-07-20,8,6,0,0.099853
3314,1963-07-27,1,4,0,0.099816
3315,1963-08-03,4,2,0,0.099779
3316,1963-08-10,8,3,0,0.099742
3317,1963-08-17,6,3,0,0.099706
3318,1963-08-24,6,9,0,0.099669
3319,1963-08-31,9,1,0,0.099632
3320,1963-09-07,3,9,0,0.099596
3321,1963-09-14,5,3,0,0.099559
3322,1963-09-21,6,8,0,0.099523
3323,1963-09-28,7,4,0,0.099486
3324,1963-10-05,2,7,0,0.09945
3325,1963-10-12,7,6,0,0.099413
3326,1963-10-19,6,4,0,0.099377
3327,1963-10-26,9,6,0,0.09934
3328,1963-11-02,3,9,0,0.099304
3329,1963-11-09,7,3,0,0.099267
3330,1963-11-16,8,2,0,0.099231
3331,1963-11-23,9,8,0,0.099195
3332,1963-11-30,1,9,0,0.099158
3333,1963-12-07,7,3,0,0.099122
3334,1963-12-14,8,1,0,0.099086
3335,1963-12-21,8,8,1,0.099415
3336,1963-12-28,7,3,0,0.099379
3337,1964-01-04,6,7,0,0.099343
3338,1964-01-11,8,6,0,0.099306
3339,1964-01-18,4,5,0,0.09927
3340,1964-01-25,8,5,0,0.099234
3341,1964-02-01,4,3,0,0.099198
3342,1964-02-08,1,5,0,0.099162
3343,1964-02-15,2,1,0,0.099125
3344,1964-02-22,3,9,0,0.099089
3345,1964-02-29,2,8,0,0.099053
3346,1964-03-07,1,1,1,0.099381
3347,1964-03-14,2,9,0,0.099345
3348,1964-03-21,7,9,0,0.099309
3349,1964-03-28,2,4,0,0.099273
3350,1964-04-07,7,6,0,0.099237
3351,1964-04-11,5,4,0,0.099201
3352,1964-04-18,1,7,0,0.099165
3353,1964-04-27,7,3,0,0.099129
3354,1964-05-04,4,1,0,0.099093
3355,1964-05-09,4,3,0,0.099057
3356,1964-05-16,4,8,0,0.099021
3357,1964-05-23,8,8,1,0.099347
3358,1964-05-30,2,3,0,0.099311
3359,1964-06-06,9,2,0,0.099275
3360,1964-06-13,2,6,0,0.099239
3361,1964-06-20,5,4,0,0.099203
3362,1964-06-27,6,9,0,0.099168
3363,1964-07-04,8,4,0,0.099132
3364,1964-07-11,1,5,0,0.099096
3365,1964-07-18,7,2,0,0.09906
3366,1964-07-25,7,1,0,0.099024
3367,1964-08-01,7,7,1,0.09935
3368,1964-08-08,1,7,0,0.099314
3369,1964-08-17,4,8,0,0.099278
3370,1964-08-22,9,3,0,0.099242
3371,1964-08-29,8,6,0,0.099206
3372,1964-09-05,9,4,0,0.099171
3373,1964-09-12,4,9,0,0.099135
3374,1964-09-19,5,4,0,0.099099
3375,1964-09-26,4,3,0,0.099063
3376,1964-10-03,1,8,0,0.099028
3377,1964-10-10,5,1,0,0.098992
3378,1964-10-17,3,6,0,0.098956
3379,1964-10-24,5,6,0,0.098921
3380,1964-10-31,4,8,0,0.098885
3381,1964-11-07,3,8,0,0.09885
3382,1964-11-14,2,1,0,0.098814
3383,1964-11-21,4,1,0,0.098779
3384,1964-11-28,2,1,0,0.098743
3385,1964-12-05,2,7,0,0.098708
3386,1964-12-12,2,9,0,0.098672
3387,1964-12-19,4,9,0,0.098637
3388,1964-12-28,5,1,0,0.098602
3389,1965-01-02,4,3,0,0.098566
3390,1965-01-09,5,8,0,0.098531
3391,1965-01-16,4,3,0,0.098496
3392,1965-01-23,2,8,0,0.09846
3393,1965-01-30,9,7,0,0.098425
3394,1965-02-06,5,6,0,0.09839
3395,1965-02-13,2,4,0,0.098355
3396,1965-02-20,1,4,0,0.09832
3397,1965-02-27,7,9,0,0.098284
3398,1965-03-06,3,1,0,0.098249
3399,1965-03-13,4,1,0,0.098214
3400,1965-03-20,9,6,0,0.098179
3401,1965-03-27,8,6,0,0.098144
3402,1965-04-03,4,4,1,0.098466
3403,1965-04-10,7,1,0,0.098431
3404,1965-04-17,6,9,0,0.098396
3405,1965-04-24,8,6,0,0.098361
3406,1965-04-30,3,1,0,0.098326
3407,1965-05-08,4,2,0,0.098291
3408,1965-05-15,3,6,0,0.098256
3409,1965-05-22,5,1,0,0.098221
3410,1965-05-29,3,8,0,0.098186
3411,1965-06-05,1,6,0,0.098151
3412,1965-06-12,9,9,1,0.098471
3413,1965-06-19,9,3,0,0.098436
3414,1965-06-26,1,2,0,0.098401
3415,1965-07-03,8,3,0,0.098366
3416,1965-07-10,8,8,1,0.098687
3417,1965-07-17,8,3,0,0.098652
3418,1965-07-24,4,8,0,0.098617
3419,1965-07-31,8,1,0,0.098582
3420,1965-08-07,1,3,0,0.098547
3421,1965-08-14,8,2,0,0.098512
3422,1965-08-21,5,8,0,0.098477
3423,1965-08-28,1,1,1,0.098796
3424,1965-09-04,2,3,0,0.098761
3425,1965-09-11,5,9,0,0.098726
3426,1965-09-18,2,9,0,0.098691
3427,1965-09-25,9,4,0,0.098656
3428,1965-10-02,1,6,0,0.098621
3429,1965-10-09,6,3,0,0.098587
3430,1965-10-16,6,2,0,0.098552
3431,1965-10-23,3,1,0,0.098517
3432,1965-10-30,2,6,0,0.098482
3433,1965-11-06,7,1,0,0.098447
3434,1965-11-13,3,4,0,0.098413
3435,1965-11-20,4,1,0,0.098378
3436,1965-11-27,3,6,0,0.098343
3437,1965-12-04,2,1,0,0.098309
3438,1965-12-11,2,1,0,0.098274
3439,1965-12-18,5,9,0,0.098239
3440,1965-12-24,1,9,0,0.098205
3441,1966-01-03,4,3,0,0.09817
3442,1966-01-08,7,3,0,0.098136
3443,1966-01-15,9,6,0,0.098101
3444,1966-01-22,9,4,0,0.098067
3445,1966-01-29,5,2,0,0.098032
3446,1966-02-05,2,4,0,0.097998
3447,1966-02-12,8,4,0,0.097963
3448,1966-02-19,4,3,0,0.097929
3449,1966-02-26,3,1,0,0.097895
3450,1966-03-05,3,1,0,0.09786
3451,1966-03-12,9,2,0,0.097826
3452,1966-03-19,6,3,0,0.097792
3453,1966-03-26,4,3,0,0.097758
3454,1966-04-02,3,2,0,0.097723
3455,1966-04-09,6,1,0,0.097689
3456,1966-04-16,4,2,0,0.097655
3457,1966-04-23,6,2,0,0.097621
3458,1966-04-30,1,5,0,0.097587
3459,1966-05-07,2,4,0,0.097552
3460,1966-05-14,4,9,0,0.097518
3461,1966-05-21,8,1,0,0.097484
3462,1966-05-28,3,3,1,0.0978
3463,1966-06-04,1,2,0,0.097765
3464,1966-06-11,3,9,0,0.097731
3465,1966-06-18,7,7,1,0.098046
3466,1966-06-25,2,2,1,0.098361
3467,1966-07-02,7,6,0,0.098326
3468,1966-07-09,9,4,0,0.098292
3469,1966-07-16,2,4,0,0.098258
3470,1966-07-23,5,4,0,0.098224
3471,1966-07-30,2,9,0,0.098189
3472,1966-08-06,1,4,0,0.098155
3473,1966-08-13,7,9,0,0.098121
3474,1966-08-20,8,1,0,0.098087
3475,1966-08-27,6,8,0,0.098053
3476,1966-09-03,1,9,0,0.098019
3477,1966-09-10,4,2,0,0.097985
3478,1966-09-17,9,3,0,0.097951
3479,1966-09-24,2,6,0,0.097917
3480,1966-10-01,9,4,0,0.097883
3481,1966-10-08,4,6,0,0.097849
3482,1966-10-15,8,4,0,0.097815
3483,1966-10-22,8,3,0,0.097781
3484,1966-10-29,9,8,0,0.097747
3485,1966-11-05,3,9,0,0.097713
3486,1966-11-12,8,3,0,0.097679
3487,1966-11-19,8,3,0,0.097645
3488,1966-11-26,9,8,0,0.097612
3489,1966-12-03,6,9,0,0.097578
3490,1966-12-10,2,3,0,0.097544
3491,1966-12-17,1,8,0,0.09751
3492,1966-12-24,8,9,0,0.097477
3493,1966-12-31,4,8,0,0.097443
3494,1967-01-07,4,1,0,0.097409
3495,1967-01-14,7,8,0,0.097376
3496,1967-01-21,3,9,0,0.097342
3497,1967-01-28,6,1,0,0.097308
3498,1967-02-04,2,2,1,0.09762
3499,1967-02-11,8,8,1,0.097931
3500,1967-02-18,8,3,0,0.097897
3501,1967-02-25,6,8,0,0.097864
3502,1967-03-04,7,9,0,0.09783
3503,1967-03-11,1,7,0,0.097796
3504,1967-03-18,2,8,0,0.097762
3505,1967-03-25,4,4,1,0.098073
3506,1967-04-01,2,1,0,0.098039
3507,1967-04-08,7,7,1,0.098349
3508,1967-04-15,4,4,1,0.098659
3509,1967-04-22,4,3,0,0.098625
3510,1967-04-29,9,8,0,0.098592
3511,1967-05-06,1,6,0,0.098558
3512,1967-05-13,6,3,0,0.098524
3513,1967-05-20,1,2,0,0.09849
3514,1967-05-27,1,4,0,0.098456
3515,1967-06-03,6,8,0,0.098422
3516,1967-06-10,1,2,0,0.098389
3517,1967-06-17,3,4,0,0.098355
3518,1967-06-24,8,7,0,0.098321
3519,1967-07-01,3,3,1,0.09863
3520,1967-07-08,5,2,0,0.098596
3521,1967-07-15,4,8,0,0.098563
3522,1967-07-22,6,8,0,0.098529
3523,1967-07-29,9,5,0,0.098495
3524,1967-08-05,2,9,0,0.098462
3525,1967-08-12,6,4,0,0.098428
3526,1967-08-19,4,6,0,0.098394
3527,1967-08-26,6,2,0,0.098361
3528,1967-09-02,4,5,0,0.098327
3529,1967-09-09,1,2,0,0.098294
3530,1967-09-16,1,1,1,0.098601
3531,1967-09-23,2,8,0,0.098568
3532,1967-09-30,9,4,0,0.098534
3533,1967-10-07,5,6,0,0.0985
3534,1967-10-16,7,2,0,0.098467
3535,1967-10-21,8,4,0,0.098433
3536,1967-10-27,7,8,0,0.0984
3537,1967-11-06,4,7,0,0.098366
3538,1967-11-11,6,3,0,0.098333
3539,1967-11-18,3,5,0,0.098299
3540,1967-11-25,1,6,0,0.098266
3541,1967-12-02,3,9,0,0.098232
3542,1967-12-09,6,7,0,0.098199
3543,1967-12-16,6,2,0,0.098166
3544,1967-12-23,8,1,0,0.098132
3545,1967-12-30,2,1,0,0.098099
3546,1968-01-05,5,2,0,0.098066
3547,1968-01-13,6,9,0,0.098033
3548,1968-01-20,4,4,1,0.098338
3549,1968-01-27,9,2,0,0.098305
3550,1968-02-03,1,6,0,0.098272
3551,1968-02-10,9,3,0,0.098238
3552,1968-02-17,7,3,0,0.098205
3553,1968-02-24,7,4,0,0.098172
3554,1968-03-02,4,7,0,0.098139
3555,1968-03-09,7,3,0,0.098106
3556,1968-03-16,2,9,0,0.098072
3557,1968-03-23,4,6,0,0.098039
3558,1968-03-30,9,1,0,0.098006
3559,1968-04-06,2,6,0,0.097973
3560,1968-04-13,1,4,0,0.09794
3561,1968-04-20,8,9,0,0.097907
3562,1968-04-27,3,8,0,0.097874
3563,1968-05-04,6,2,0,0.097841
3564,1968-05-11,6,2,0,0.097808
3565,1968-05-18,1,1,1,0.098112
3566,1968-05-25,3,4,0,0.098079
3567,1968-06-01,1,7,0,0.098046
3568,1968-06-08,1,9,0,0.098013
3569,1968-06-15,4,8,0,0.09798
3570,1968-06-22,1,9,0,0.097947
3571,1968-06-28,2,1,0,0.097914
3572,1968-07-06,4,4,1,0.098217
3573,1968-07-13,2,1,0,0.098184
3574,1968-07-20,1,7,0,0.098151
3575,1968-07-27,9,9,1,0.098454
3576,1968-08-03,3,3,1,0.098757
3577,1968-08-10,7,3,0,0.098724
3578,1968-08-17,5,2,0,0.098691
3579,1968-08-24,7,7,1,0.098993
3580,1968-08-31,8,4,0,0.09896
3581,1968-09-07,6,8,0,0.098927
3582,1968-09-14,3,7,0,0.098894
3583,1968-09-21,2,6,0,0.098861
3584,1968-09-28,1,1,1,0.099162
3585,1968-10-05,9,9,1,0.099464
3586,1968-10-12,9,3,0,0.099431
3587,1968-10-19,8,2,0,0.099398
3588,1968-10-26,5,4,0,0.099364
3589,1968-11-02,6,1,0,0.099331
3590,1968-11-09,3,4,0,0.099298
3591,1968-11-16,3,6,0,0.099265
3592,1968-11-23,6,2,0,0.099232
3593,1968-11-30,6,2,0,0.099198
3594,1968-12-07,2,1,0,0.099165
3595,1968-12-14,4,8,0,0.099132
3596,1968-12-21,1,1,1,0.099433
3597,1968-12-28,1,1,1,0.099733
3598,1969-01-04,9,8,0,0.0997
3599,1969-01-11,9,3,0,0.099667
3600,1969-01-18,7,2,0,0.099633
3601,1969-01-25,3,4,0,0.0996
3602,1969-02-01,4,1,0,0.099567
3603,1969-02-08,7,6,0,0.099534
3604,1969-02-15,3,9,0,0.099501
3605,1969-02-22,7,1,0,0.099468
3606,1969-03-01,6,2,0,0.099435
3607,1969-03-08,4,8,0,0.099402
3608,1969-03-15,5,2,0,0.099369
3609,1969-03-22,2,4,0,0.099336
3610,1969-03-29,5,4,0,0.099303
3611,1969-04-05,5,9,0,0.09927
3612,1969-04-12,5,4,0,0.099237
3613,1969-04-19,4,5,0,0.099204
3614,1969-04-26,6,8,0,0.099171
3615,1969-05-03,9,5,0,0.099138
3616,1969-05-10,5,9,0,0.099105
3617,1969-05-17,2,2,1,0.099404
3618,1969-05-24,3,4,0,0.099371
3619,1969-05-31,9,8,0,0.099338
3620,1969-06-07,8,3,0,0.099305
3621,1969-06-14,5,4,0,0.099272
3622,1969-06-21,7,1,0,0.099239
3623,1969-06-28,1,4,0,0.099206
3624,1969-07-05,6,8,0,0.099174
3625,1969-07-12,6,2,0,0.099141
3626,1969-07-19,6,1,0,0.099108
3627,1969-07-26,2,1,0,0.099075
3628,1969-08-02,8,8,1,0.099373
3629,1969-08-09,9,3,0,0.09934
3630,1969-08-16,5,9,0,0.099307
3631,1969-08-23,6,2,0,0.099274
3632,1969-08-30,6,4,0,0.099242
3633,1969-09-06,7,1,0,0.099209
3634,1969-09-13,5,7,0,0.099176
3635,1969-09-20,8,7,0,0.099144
3636,1969-09-27,5,8,0,0.099111
3637,1969-10-04,2,1,0,0.099078
3638,1969-10-11,9,4,0,0.099046
3639,1969-10-18,8,6,0,0.099013
3640,1969-10-25,6,4,0,0.098981
3641,1969-10-31,1,7,0,0.098948
3642,1969-11-08,7,4,0,0.098916
3643,1969-11-15,9,1,0,0.098883
3644,1969-11-22,1,4,0,0.098851
3645,1969-11-29,7,3,0,0.098818
3646,1969-12-06,2,1,0,0.098786
3647,1969-12-13,4,6,0,0.098753
3648,1969-12-20,7,1,0,0.098721
3649,1969-12-27,8,9,0,0.098689
3650,1970-01-03,8,8,1,0.098984
3651,1970-01-10,6,8,0,0.098952
3652,1970-01-17,2,7,0,0.098919
3653,1970-01-24,1,8,0,0.098887
3654,1970-01-31,8,9,0,0.098854
3655,1970-02-07,1,8,0,0.098822
3656,1970-02-14,1,2,0,0.09879
3657,1970-02-21,8,8,1,0.099084
3658,1970-02-28,8,8,1,0.099379
3659,1970-03-07,7,8,0,0.099346
3660,1970-03-14,4,7,0,0.099314
3661,1970-03-21,6,3,0,0.099282
3662,1970-03-28,3,5,0,0.099249
3663,1970-04-04,4,3,0,0.099217
3664,1970-04-11,6,7,0,0.099184
3665,1970-04-18,5,5,1,0.099478
3666,1970-04-25,9,1,0,0.099446
3667,1970-05-02,4,3,0,0.099413
3668,1970-05-09,1,4,0,0.099381
3669,1970-05-16,3,1,0,0.099349
3670,1970-05-23,3,7,0,0.099316
3671,1970-05-30,6,2,0,0.099284
3672,1970-06-06,6,2,0,0.099252
3673,1970-06-13,6,1,0,0.099219
3674,1970-06-20,9,1,0,0.099187
3675,1970-06-27,1,9,0,0.099155
3676,1970-07-04,2,3,0,0.099123
3677,1970-07-11,8,4,0,0.09909
3678,1970-07-18,4,3,0,0.099058
3679,1970-07-25,6,1,0,0.099026
3680,1970-08-01,2,5,0,0.098994
3681,1970-08-08,1,8,0,0.098962
3682,1970-08-15,5,9,0,0.09893
3683,1970-08-22,4,6,0,0.098898
3684,1970-08-29,5,6,0,0.098865
3685,1970-09-05,9,4,0,0.098833
3686,1970-09-12,8,3,0,0.098801
3687,1970-09-19,8,4,0,0.098769
3688,1970-09-26,5,8,0,0.098737
3689,1970-10-03,2,1,0,0.098706
3690,1970-10-10,5,9,0,0.098674
3691,1970-10-17,5,9,0,0.098642
3692,1970-10-24,9,4,0,0.09861
3693,1970-10-31,1,3,0,0.098578
3694,1970-11-07,6,2,0,0.098546
3695,1970-11-14,7,2,0,0.098514
3696,1970-11-21,6,7,0,0.098482
3697,1970-11-28,6,8,0,0.098451
3698,1970-12-05,2,1,0,0.098419
3699,1970-12-12,9,8,0,0.098387
3700,1970-12-19,2,6,0,0.098355
3701,1970-12-28,2,4,0,0.098324
3702,1971-01-02,1,9,0,0.098292
3703,1971-01-09,8,9,0,0.09826
3704,1971-01-16,5,8,0,0.098229
3705,1971-01-23,3,1,0,0.098197
3706,1971-01-30,9,6,0,0.098165
3707,1971-02-06,5,3,0,0.098134
3708,1971-02-13,4,2,0,0.098102
3709,1971-02-20,7,6,0,0.098071
3710,1971-02-27,2,9,0,0.098039
3711,1971-03-06,8,6,0,0.098008
3712,1971-03-13,6,3,0,0.097976
3713,1971-03-20,2,2,1,0.098266
3714,1971-03-27,7,8,0,0.098234
3715,1971-04-03,2,4,0,0.098203
3716,1971-04-10,3,6,0,0.098171
3717,1971-04-17,5,8,0,0.09814
3718,1971-04-24,5,8,0,0.098108
3719,1971-05-01,2,4,0,0.098077
3720,1971-05-08,5,9,0,0.098045
3721,1971-05-15,2,9,0,0.098014
3722,1971-05-22,1,9,0,0.097983
3723,1971-05-29,3,9,0,0.097951
3724,1971-06-05,1,7,0,0.09792
3725,1971-06-12,3,9,0,0.097889
3726,1971-06-19,3,7,0,0.097857
3727,1971-06-26,8,2,0,0.097826
3728,1971-07-03,8,3,0,0.097795
3729,1971-07-10,9,8,0,0.097764
3730,1971-07-17,7,9,0,0.097732
3731,1971-07-24,7,3,0,0.097701
3732,1971-07-31,1,7,0,0.09767
3733,1971-08-07,1,8,0,0.097639
3734,1971-08-14,6,8,0,0.097608
3735,1971-08-21,8,2,0,0.097577
3736,1971-08-28,7,1,0,0.097545
3737,1971-09-04,6,7,0,0.097514
3738,1971-09-11,2,6,0,0.097483
3739,1971-09-18,8,8,1,0.097771
3740,1971-09-25,1,3,0,0.09774
3741,1971-10-02,6,2,0,0.097708
3742,1971-10-09,6,2,0,0.097677
3743,1971-10-16,1,2,0,0.097646
3744,1971-10-23,1,4,0,0.097615
3745,1971-10-30,1,8,0,0.097584
3746,1971-11-06,8,8,1,0.097871
3747,1971-11-13,3,8,0,0.09784
3748,1971-11-20,7,2,0,0.097809
3749,1971-11-27,1,2,0,0.097778
3750,1971-12-04,3,8,0,0.097747
3751,1971-12-11,2,7,0,0.097716
3752,1971-12-18,4,1,0,0.097685
3753,1971-12-25,3,1,0,0.097654
3754,1972-01-01,3,1,0,0.097623
3755,1972-01-08,2,2,1,0.097909
3756,1972-01-15,9,1,0,0.097878
3757,1972-01-22,9,6,0,0.097847
3758,1972-01-29,7,2,0,0.097816
3759,1972-02-05,6,3,0,0.097785
3760,1972-02-12,2,6,0,0.097754
3761,1972-02-19,9,8,0,0.097723
3762,1972-02-26,5,6,0,0.097692
3763,1972-03-04,5,2,0,0.097661
3764,1972-03-11,1,4,0,0.09763
3765,1972-03-18,3,3,1,0.097915
3766,1972-03-25,8,7,0,0.097884
3767,1972-04-01,5,3,0,0.097854
3768,1972-04-08,5,1,0,0.097823
3769,1972-04-15,2,4,0,0.097792
3770,1972-04-22,4,9,0,0.097761
3771,1972-04-29,1,1,1,0.098045
3772,1972-05-06,7,1,0,0.098014
3773,1972-05-13,7,1,0,0.097984
3774,1972-05-20,5,7,0,0.097953
3775,1972-05-27,2,7,0,0.097922
3776,1972-06-03,8,4,0,0.097891
3777,1972-06-10,4,3,0,0.09786
3778,1972-06-17,7,6,0,0.09783
3779,1972-06-24,8,9,0,0.097799
3780,1972-07-01,7,8,0,0.097768
3781,1972-07-08,2,7,0,0.097737
3782,1972-07-15,2,6,0,0.097707
3783,1972-07-22,9,9,1,0.09799
3784,1972-07-29,7,5,0,0.097959
3785,1972-08-05,5,3,0,0.097928
3786,1972-08-12,3,7,0,0.097898
3787,1972-08-19,1,6,0,0.097867
3788,1972-08-26,8,3,0,0.097836
3789,1972-09-02,2,8,0,0.097806
3790,1972-09-09,6,2,0,0.097775
3791,1972-09-16,4,4,1,0.098058
3792,1972-09-23,6,2,0,0.098027
3793,1972-09-30,1,5,0,0.097996
3794,1972-10-07,2,4,0,0.097966
3795,1972-10-14,6,4,0,0.097935
3796,1972-10-21,9,4,0,0.097904
3797,1972-10-28,5,9,0,0.097874
3798,1972-11-04,8,2,0,0.097843
3799,1972-11-11,2,8,0,0.097812
3800,1972-11-18,4,2,0,0.097782
3801,1972-11-25,7,1,0,0.097751
3802,1972-12-02,6,9,0,0.097721
3803,1972-12-09,3,6,0,0.09769
3804,1972-12-16,6,3,0,0.09766
3805,1972-12-23,9,2,0,0.097629
3806,1972-12-30,2,9,0,0.097599
3807,1973-01-06,6,4,0,0.097569
3808,1973-01-13,2,4,0,0.097538
3809,1973-01-20,1,8,0,0.097508
3810,1973-01-27,8,9,0,0.097477
3811,1973-02-03,3,8,0,0.097447
3812,1973-02-10,7,2,0,0.097417
3813,1973-02-17,5,2,0,0.097386
3814,1973-02-24,4,7,0,0.097356
3815,1973-03-03,6,6,1,0.097637
3816,1973-03-10,8,5,0,0.097606
3817,1973-03-17,5,1,0,0.097576
3818,1973-03-24,6,1,0,0.097546
3819,1973-03-31,1,4,0,0.097516
3820,1973-04-07,5,2,0,0.097485
3821,1973-04-14,8,6,0,0.097455
3822,1973-04-21,7,8,0,0.097425
3823,1973-04-28,3,7,0,0.097395
3824,1973-05-05,8,1,0,0.097364
3825,1973-05-12,5,3,0,0.097334
3826,1973-05-19,9,1,0,0.097304
3827,1973-05-26,3,3,1,0.097584
3828,1973-06-02,9,3,0,0.097553
3829,1973-06-09,4,3,0,0.097523
3830,1973-06-16,4,1,0,0.097493
3831,1973-06-23,9,8,0,0.097463
3832,1973-06-30,7,6,0,0.097433
3833,1973-07-07,6,3,0,0.097403
3834,1973-07-14,7,6,0,0.097372
3835,1973-07-21,4,7,0,0.097342
3836,1973-07-28,4,3,0,0.097312
3837,1973-08-04,2,8,0,0.097282
3838,1973-08-11,7,7,1,0.097561
3839,1973-08-18,2,4,0,0.097531
3840,1973-08-25,7,6,0,0.097501
3841,1973-09-01,4,2,0,0.097471
3842,1973-09-08,2,3,0,0.097441
3843,1973-09-15,1,7,0,0.097411
3844,1973-09-22,5,9,0,0.097381
3845,1973-09-29,5,6,0,0.097351
3846,1973-10-06,6,4,0,0.097321
3847,1973-10-13,2,4,0,0.097291
3848,1973-10-20,3,8,0,0.097261
3849,1973-10-27,1,8,0,0.097231
3850,1973-11-03,7,3,0,0.097201
3851,1973-11-10,6,1,0,0.097171
3852,1973-11-17,1,6,0,0.097141
3853,1973-11-24,6,2,0,0.097111
3854,1973-12-01,5,2,0,0.097081
3855,1973-12-08,4,1,0,0.097052
3856,1973-12-15,5,6,0,0.097022
3857,1973-12-22,7,4,0,0.096992
3858,1973-12-29,3,1,0,0.096962
3859,1974-01-05,5,1,0,0.096933
3860,1974-01-12,3,8,0,0.096903
3861,1974-01-19,7,6,0,0.096873
3862,1974-01-26,9,2,0,0.096843
3863,1974-02-02,5,1,0,0.096814
3864,1974-02-09,9,2,0,0.096784
3865,1974-02-16,6,3,0,0.096754
3866,1974-02-23,1,3,0,0.096725
3867,1974-03-02,1,2,0,0.096695
3868,1974-03-09,4,8,0,0.096666
3869,1974-03-16,6,9,0,0.096636
3870,1974-03-23,7,5,0,0.096607
3871,1974-03-30,9,7,0,0.096577
3872,1974-04-06,3,1,0,0.096548
3873,1974-04-13,7,3,0,0.096518
3874,1974-04-20,2,2,1,0.096794
3875,1974-04-27,7,6,0,0.096764
3876,1974-05-04,3,4,0,0.096735
3877,1974-05-11,8,1,0,0.096705
3878,1974-05-18,4,3,0,0.096676
3879,1974-05-25,8,7,0,0.096646
3880,1974-06-01,5,3,0,0.096617
3881,1974-06-08,1,1,1,0.096892
3882,1974-06-15,4,3,0,0.096863
3883,1974-06-22,4,9,0,0.096833
3884,1974-06-29,6,8,0,0.096804
3885,1974-07-06,3,5,0,0.096774
3886,1974-07-13,9,6,0,0.096745
3887,1974-07-20,8,3,0,0.096715
3888,1974-07-27,5,4,0,0.096686
3889,1974-08-03,7,1,0,0.096657
3890,1974-08-10,3,1,0,0.096627
3891,1974-08-17,7,1,0,0.096598
3892,1974-08-24,6,2,0,0.096568
3893,1974-08-31,7,6,0,0.096539
3894,1974-09-07,9,7,0,0.09651
3895,1974-09-14,2,1,0,0.096481
3896,1974-09-21,9,4,0,0.096451
3897,1974-09-28,4,5,0,0.096422
3898,1974-10-05,6,4,0,0.096393
3899,1974-10-12,9,5,0,0.096364
3900,1974-10-19,8,9,0,0.096334
3901,1974-10-26,9,4,0,0.096305
3902,1974-11-02,9,9,1,0.096579
3903,1974-11-09,7,7,1,0.096852
3904,1974-11-16,7,3,0,0.096823
3905,1974-11-23,9,7,0,0.096794
3906,1974-11-30,9,1,0,0.096764
3907,1974-12-07,4,7,0,0.096735
3908,1974-12-14,5,4,0,0.096706
3909,1974-12-21,4,4,1,0.096979
3910,1974-12-28,6,6,1,0.097252
3911,1975-01-04,2,5,0,0.097222
3912,1975-01-11,9,8,0,0.097193
3913,1975-01-18,5,5,1,0.097465
3914,1975-01-25,8,2,0,0.097436
3915,1975-02-01,9,8,0,0.097407
3916,1975-02-08,8,9,0,0.097377
3917,1975-02-15,7,4,0,0.097348
3918,1975-02-22,9,7,0,0.097318
3919,1975-03-01,7,1,0,0.097289
3920,1975-03-08,7,3,0,0.09726
3921,1975-03-15,3,7,0,0.097231
3922,1975-03-22,2,7,0,0.097201
3923,1975-03-29,3,1,0,0.097172
3924,1975-04-05,9,8,0,0.097143
3925,1975-04-12,3,8,0,0.097114
3926,1975-04-19,3,3,1,0.097385
3927,1975-04-26,3,2,0,0.097356
3928,1975-05-03,1,2,0,0.097327
3929,1975-05-10,7,3,0,0.097297
3930,1975-05-17,7,1,0,0.097268
3931,1975-05-24,3,7,0,0.097239
3932,1975-05-31,9,2,0,0.09721
3933,1975-06-07,5,3,0,0.097181
3934,1975-06-14,9,2,0,0.097151
3935,1975-06-21,4,3,0,0.097122
3936,1975-06-28,5,4,0,0.097093
3937,1975-07-05,1,4,0,0.097064
3938,1975-07-12,8,3,0,0.097035
3939,1975-07-19,9,8,0,0.097006
3940,1975-07-26,4,9,0,0.096977
3941,1975-08-02,4,4,1,0.097247
3942,1975-08-09,8,8,1,0.097517
3943,1975-08-16,6,3,0,0.097488
3944,1975-08-23,4,2,0,0.097459
3945,1975-08-30,3,2,0,0.09743
3946,1975-09-06,2,1,0,0.097401
3947,1975-09-13,8,1,0,0.097372
3948,1975-09-20,3,3,1,0.097641
3949,1975-09-27,8,2,0,0.097612
3950,1975-10-04,6,3,0,0.097583
3951,1975-10-11,1,2,0,0.097554
3952,1975-10-18,3,2,0,0.097525
3953,1975-10-25,6,7,0,0.097496
3954,1975-11-01,5,2,0,0.097466
3955,1975-11-08,2,1,0,0.097437
3956,1975-11-15,8,4,0,0.097408
3957,1975-11-22,6,3,0,0.097379
3958,1975-11-29,1,2,0,0.09735
3959,1975-12-06,3,2,0,0.097321
3960,1975-12-13,4,7,0,0.097292
3961,1975-12-20,3,6,0,0.097264
3962,1975-12-27,7,1,0,0.097235
3963,1976-01-03,3,2,0,0.097206
3964,1976-01-10,1,2,0,0.097177
3965,1976-01-17,4,3,0,0.097148
3966,1976-01-24,8,9,0,0.097119
3967,1976-01-31,1,3,0,0.09709
3968,1976-02-07,3,6,0,0.097061
3969,1976-02-14,4,7,0,0.097033
3970,1976-02-21,3,6,0,0.097004
3971,1976-02-28,9,1,0,0.096975
3972,1976-03-06,1,3,0,0.096946
3973,1976-03-13,5,2,0,0.096918
3974,1976-03-20,1,6,0,0.096889
3975,1976-03-27,3,3,1,0.097156
3976,1976-04-03,5,7,0,0.097128
3977,1976-04-10,5,3,0,0.097099
3978,1976-04-17,8,4,0,0.09707
3979,1976-04-24,9,9,1,0.097337
3980,1976-05-01,9,9,1,0.097604
3981,1976-05-08,4,7,0,0.097575
3982,1976-05-15,3,4,0,0.097547
3983,1976-05-22,8,1,0,0.097518
3984,1976-05-29,5,3,0,0.097489
3985,1976-06-05,4,1,0,0.09746
3986,1976-06-12,6,6,1,0.097727
3987,1976-06-19,3,5,0,0.097698
3988,1976-06-26,8,6,0,0.097669
3989,1976-07-03,8,3,0,0.09764
3990,1976-07-10,6,8,0,0.097611
3991,1976-07-17,7,2,0,0.097583
3992,1976-07-24,6,9,0,0.097554
3993,1976-07-31,6,6,1,0.09782
3994,1976-08-07,6,1,0,0.097791
3995,1976-08-14,8,1,0,0.097762
3996,1976-08-21,8,5,0,0.097733
3997,1976-08-28,6,8,0,0.097705
3998,1976-09-04,1,2,0,0.097676
3999,1976-09-11,4,3,0,0.097647
4000,1976-09-18,6,9,0,0.097618
4001,1976-09-25,8,5,0,0.09759
4002,1976-10-02,6,5,0,0.097561
4003,1976-10-09,3,2,0,0.097532
4004,1976-10-16,9,6,0,0.097504
4005,1976-10-23,9,3,0,0.097475
4006,1976-10-30,6,7,0,0.097446
4007,1976-11-06,9,1,0,0.097418
4008,1976-11-13,9,9,1,0.097683
4009,1976-11-20,9,7,0,0.097654
4010,1976-11-27,9,7,0,0.097625
4011,1976-12-04,2,7,0,0.097597
4012,1976-12-11,7,4,0,0.097568
4013,1976-12-18,9,4,0,0.09754
4014,1976-12-25,2,1,0,0.097511
4015,1977-01-01,5,4,0,0.097482
4016,1977-01-08,9,2,0,0.097454
4017,1977-01-15,6,3,0,0.097425
4018,1977-01-22,5,1,0,0.097397
4019,1977-01-29,7,1,0,0.097368
4020,1977-02-05,7,1,0,0.09734
4021,1977-02-12,5,7,0,0.097312
4022,1977-02-19,8,7,0,0.097283
4023,1977-02-26,1,9,0,0.097255
4024,1977-03-05,4,6,0,0.097226
4025,1977-03-12,9,9,1,0.09749
4026,1977-03-19,7,6,0,0.097461
4027,1977-03-26,6,7,0,0.097433
4028,1977-04-02,8,6,0,0.097404
4029,1977-04-09,8,5,0,0.097376
4030,1977-04-16,2,8,0,0.097348
4031,1977-04-23,8,2,0,0.097319
4032,1977-04-30,2,3,0,0.097291
4033,1977-05-07,8,2,0,0.097263
4034,1977-05-14,7,3,0,0.097234
4035,1977-05-21,8,7,0,0.097206
4036,1977-05-28,2,8,0,0.097178
4037,1977-06-04,3,8,0,0.09715
4038,1977-06-11,8,8,1,0.097412
4039,1977-06-18,4,3,0,0.097384
4040,1977-06-25,3,7,0,0.097355
4041,1977-07-02,1,1,1,0.097618
4042,1977-07-09,3,3,1,0.09788
4043,1977-07-16,8,7,0,0.097851
4044,1977-07-23,1,3,0,0.097823
4045,1977-07-30,1,6,0,0.097795
4046,1977-08-06,8,8,1,0.098056
4047,1977-08-13,6,8,0,0.098028
4048,1977-08-20,1,2,0,0.097999
4049,1977-08-27,2,4,0,0.097971
4050,1977-09-03,6,4,0,0.097943
4051,1977-09-10,6,4,0,0.097914
4052,1977-09-17,1,1,1,0.098175
4053,1977-09-24,2,2,1,0.098437
4054,1977-10-01,2,4,0,0.098408
4055,1977-10-08,6,9,0,0.09838
4056,1977-10-15,7,4,0,0.098351
4057,1977-10-22,5,9,0,0.098323
4058,1977-10-29,8,8,1,0.098583
4059,1977-11-05,8,9,0,0.098555
4060,1977-11-12,1,8,0,0.098526
4061,1977-11-19,8,6,0,0.098498
4062,1977-11-26,8,8,1,0.098758
4063,1977-12-03,2,8,0,0.09873
4064,1977-12-10,1,8,0,0.098701
4065,1977-12-17,1,9,0,0.098673
4066,1977-12-24,6,8,0,0.098644
4067,1977-12-31,1,2,0,0.098616
4068,1978-01-07,6,2,0,0.098587
4069,1978-01-14,2,2,1,0.098847
4070,1978-01-21,2,8,0,0.098819
4071,1978-01-28,2,9,0,0.09879
4072,1978-02-04,4,9,0,0.098762
4073,1978-02-11,2,1,0,0.098733
4074,1978-02-18,1,7,0,0.098705
4075,1978-02-25,3,9,0,0.098677
4076,1978-03-04,8,7,0,0.098648
4077,1978-03-11,5,3,0,0.09862
4078,1978-03-18,8,1,0,0.098592
4079,1978-03-25,6,9,0,0.098563
4080,1978-04-01,6,2,0,0.098535
4081,1978-04-08,8,1,0,0.098507
4082,1978-04-15,6,5,0,0.098478
4083,1978-04-22,5,2,0,0.09845
4084,1978-04-29,3,1,0,0.098422
4085,1978-05-06,6,6,1,0.09868
4086,1978-05-13,2,2,1,0.098939
4087,1978-05-20,5,8,0,0.098911
4088,1978-05-27,4,9,0,0.098882
4089,1978-06-03,7,6,0,0.098854
4090,1978-06-10,9,6,0,0.098826
4091,1978-06-17,5,1,0,0.098797
4092,1978-06-24,7,2,0,0.098769
4093,1978-07-01,2,1,0,0.098741
4094,1978-07-08,3,7,0,0.098712
4095,1978-07-15,5,8,0,0.098684
4096,1978-07-22,4,3,0,0.098656
4097,1978-07-29,3,6,0,0.098628
4098,1978-08-05,8,1,0,0.0986
4099,1978-08-12,9,5,0,0.098571
4100,1978-08-19,1,9,0,0.098543
4101,1978-08-26,7,2,0,0.098515
4102,1978-09-02,7,1,0,0.098487
4103,1978-09-09,7,7,1,0.098744
4104,1978-09-16,8,7,0,0.098716
4105,1978-09-23,9,8,0,0.098688
4106,1978-09-30,8,9,0,0.09866
4107,1978-10-07,5,4,0,0.098632
4108,1978-10-14,2,1,0,0.098604
4109,1978-10-21,3,4,0,0.098575
4110,1978-10-28,6,8,0,0.098547
4111,1978-11-04,9,2,0,0.098519
4112,1978-11-11,5,9,0,0.098491
4113,1978-11-18,8,2,0,0.098463
4114,1978-11-25,1,9,0,0.098435
4115,1978-12-02,1,6,0,0.098407
4116,1978-12-09,2,8,0,0.098379
4117,1978-12-16,2,4,0,0.098351
4118,1978-12-23,3,9,0,0.098323
4119,1978-12-30,4,8,0,0.098295
4120,1979-01-06,6,3,0,0.098268
4121,1979-01-13,3,5,0,0.09824
4122,1979-01-20,1,6,0,0.098212
4123,1979-01-27,1,3,0,0.098184
4124,1979-02-03,1,8,0,0.098156
4125,1979-02-10,5,8,0,0.098128
4126,1979-02-17,8,6,0,0.0981
4127,1979-02-24,9,9,1,0.098356
4128,1979-03-03,1,9,0,0.098328
4129,1979-03-10,8,2,0,0.0983
4130,1979-03-17,4,8,0,0.098272
4131,1979-03-24,7,7,1,0.098528
4132,1979-03-31,4,9,0,0.0985
4133,1979-04-07,3,3,1,0.098755
4134,1979-04-14,5,1,0,0.098727
4135,1979-04-21,7,3,0,0.098699
4136,1979-04-28,6,1,0,0.098671
4137,1979-05-05,4,6,0,0.098643
4138,1979-05-12,2,2,1,0.098898
4139,1979-05-19,8,7,0,0.09887
4140,1979-05-26,5,3,0,0.098842
4141,1979-06-02,5,1,0,0.098814
4142,1979-06-09,4,4,1,0.099069
4143,1979-06-16,7,6,0,0.099041
4144,1979-06-23,7,9,0,0.099013
4145,1979-06-30,5,7,0,0.098985
4146,1979-07-07,1,8,0,0.098957
4147,1979-07-14,4,3,0,0.098929
4148,1979-07-21,7,9,0,0.098901
4149,1979-07-28,1,9,0,0.098873
4150,1979-08-04,5,8,0,0.098845
4151,1979-08-11,5,6,0,0.098818
4152,1979-08-18,7,4,0,0.09879
4153,1979-08-25,2,1,0,0.098762
4154,1979-09-01,4,7,0,0.098734
4155,1979-09-08,8,1,0,0.098706
4156,1979-09-15,8,3,0,0.098679
4157,1979-09-22,3,8,0,0.098651
4158,1979-09-29,7,2,0,0.098623
4159,1979-10-06,4,2,0,0.098596
4160,1979-10-13,7,3,0,0.098568
4161,1979-10-20,4,9,0,0.09854
4162,1979-10-27,6,3,0,0.098512
4163,1979-11-03,4,5,0,0.098485
4164,1979-11-10,2,2,1,0.098738
4165,1979-11-17,2,7,0,0.09871
4166,1979-11-24,9,9,1,0.098963
4167,1979-12-01,5,5,1,0.099215
4168,1979-12-08,2,2,1,0.099468
4169,1979-12-15,6,4,0,0.09944
4170,1979-12-22,1,4,0,0.099412
4171,1979-12-29,9,2,0,0.099384
4172,1980-01-05,1,9,0,0.099356
4173,1980-01-12,8,2,0,0.099328
4174,1980-01-19,8,8,1,0.09958
4175,1980-01-26,3,3,1,0.099832
4176,1980-02-02,6,2,0,0.099804
4177,1980-02-09,5,2,0,0.099776
4178,1980-02-16,9,1,0,0.099749
4179,1980-02-23,7,3,0,0.099721
4180,1980-03-01,4,7,0,0.099693
4181,1980-03-08,2,3,0,0.099665
4182,1980-03-15,2,7,0,0.099637
4183,1980-03-22,8,9,0,0.099609
4184,1980-03-29,7,3,0,0.099582
4185,1980-04-05,5,7,0,0.099554
4186,1980-04-12,2,8,0,0.099526
4187,1980-04-19,8,4,0,0.099498
4188,1980-04-26,4,3,0,0.099471
4189,1980-05-03,9,7,0,0.099443
4190,1980-05-10,2,6,0,0.099415
4191,1980-05-17,4,5,0,0.099388
4192,1980-05-24,6,1,0,0.09936
4193,1980-05-31,4,5,0,0.099332
4194,1980-06-07,1,2,0,0.099305
4195,1980-06-14,5,1,0,0.099277
4196,1980-06-21,8,6,0,0.099249
4197,1980-06-28,9,9,1,0.0995
4198,1980-07-05,4,9,0,0.099472
4199,1980-07-12,8,4,0,0.099444
4200,1980-07-19,8,3,0,0.099417
4201,1980-07-26,8,3,0,0.099389
4202,1980-08-02,8,3,0,0.099362
4203,1980-08-09,2,8,0,0.099334
4204,1980-08-16,2,8,0,0.099307
4205,1980-08-23,4,9,0,0.099279
4206,1980-08-30,6,1,0,0.099251
4207,1980-09-06,5,5,1,0.099501
4208,1980-09-13,3,9,0,0.099474
4209,1980-09-20,5,6,0,0.099446
4210,1980-09-27,5,3,0,0.099418
4211,1980-10-04,1,4,0,0.099391
4212,1980-10-11,3,3,1,0.09964
4213,1980-10-18,8,7,0,0.099613
4214,1980-10-25,8,5,0,0.099585
4215,1980-11-01,8,8,1,0.099834
4216,1980-11-08,4,8,0,0.099806
4217,1980-11-15,5,7,0,0.099779
4218,1980-11-22,1,4,0,0.099751
4219,1980-11-29,8,3,0,0.099724
4220,1980-12-06,8,8,1,0.099972
4221,1980-12-13,4,8,0,0.099945
4222,1980-12-20,4,7,0,0.099917
4223,1980-12-27,1,8,0,0.09989
4224,1981-01-03,8,1,0,0.099862
4225,1981-01-10,3,8,0,0.099835
4226,1981-01-17,1,2,0,0.099807
4227,1981-01-24,3,3,1,0.100055
4228,1981-01-31,6,7,0,0.100028
4229,1981-02-07,2,2,1,0.100275
4230,1981-02-14,4,8,0,0.100248
4231,1981-02-21,9,1,0,0.10022
4232,1981-02-28,1,6,0,0.100193
4233,1981-03-07,7,2,0,0.100165
4234,1981-03-14,1,1,1,0.100413
4235,1981-03-21,3,8,0,0.100385
4236,1981-03-28,1,7,0,0.100357
4237,1981-04-04,4,3,0,0.10033
4238,1981-04-11,2,9,0,0.100302
4239,1981-04-18,7,7,1,0.100549
4240,1981-04-25,6,4,0,0.100522
4241,1981-05-02,9,6,0,0.100494
4242,1981-05-09,6,9,0,0.100467
4243,1981-05-16,8,1,0,0.100439
4244,1981-05-23,6,5,0,0.100412
4245,1981-05-30,1,2,0,0.100384
4246,1981-06-06,9,2,0,0.100356
4247,1981-06-13,9,9,1,0.100603
4248,1981-06-20,3,7,0,0.100576
4249,1981-06-27,3,3,1,0.100822
4250,1981-07-04,5,2,0,0.100794
4251,1981-07-11,1,3,0,0.100767
4252,1981-07-18,4,3,0,0.100739
4253,1981-07-25,2,9,0,0.100712
4254,1981-08-01,9,7,0,0.100684
4255,1981-08-08,3,5,0,0.100656
4256,1981-08-15,5,3,0,0.100629
4257,1981-08-22,1,3,0,0.100601
4258,1981-08-29,1,3,0,0.100574
4259,1981-09-05,5,8,0,0.100546
4260,1981-09-12,7,6,0,0.100519
4261,1981-09-19,3,1,0,0.100492
4262,1981-09-26,5,1,0,0.100464
4263,1981-10-03,3,3,1,0.10071
4264,1981-10-10,4,6,0,0.100682
4265,1981-10-17,1,6,0,0.100655
4266,1981-10-24,3,1,0,0.100627
4267,1981-10-31,6,7,0,0.1006
4268,1981-11-07,2,2,1,0.100845
4269,1981-11-14,8,8,1,0.10109
4270,1981-11-21,4,3,0,0.101062
4271,1981-11-28,7,7,1,0.101307
4272,1981-12-05,3,9,0,0.10128
4273,1981-12-12,5,1,0,0.101252
4274,1981-12-19,6,3,0,0.101224
4275,1981-12-26,4,4,1,0.101469
4276,1982-01-02,6,2,0,0.101441
4277,1982-01-09,9,5,0,0.101414
4278,1982-01-16,1,9,0,0.101386
4279,1982-01-23,2,2,1,0.10163
4280,1982-01-30,1,4,0,0.101603
4281,1982-02-06,1,9,0,0.101575
4282,1982-02-13,7,8,0,0.101548
4283,1982-02-20,1,1,1,0.101792
4284,1982-02-27,2,8,0,0.101764
4285,1982-03-06,1,4,0,0.101736
4286,1982-03-13,6,9,0,0.101709
4287,1982-03-20,5,2,0,0.101681
4288,1982-03-27,7,9,0,0.101654
4289,1982-04-03,5,1,0,0.101626
4290,1982-04-10,9,8,0,0.101598
4291,1982-04-17,2,3,0,0.101571
4292,1982-04-24,3,4,0,0.101543
4293,1982-05-01,1,8,0,0.101516
4294,1982-05-08,9,3,0,0.101488
4295,1982-05-15,1,9,0,0.101461
4296,1982-05-22,1,2,0,0.101434
4297,1982-05-29,9,8,0,0.101406
4298,1982-06-05,2,9,0,0.101379
4299,1982-06-12,6,4,0,0.101351
4300,1982-06-19,6,4,0,0.101324
4301,1982-06-26,9,1,0,0.101297
4302,1982-07-03,9,9,1,0.101539
4303,1982-07-10,6,7,0,0.101512
4304,1982-07-17,7,1,0,0.101484
4305,1982-07-24,4,9,0,0.101457
4306,1982-07-31,1,3,0,0.10143
4307,1982-08-07,8,1,0,0.101402
4308,1982-08-14,8,8,1,0.101645
4309,1982-08-21,4,8,0,0.101617
4310,1982-08-28,6,7,0,0.10159
4311,1982-09-04,2,5,0,0.101562
4312,1982-09-11,6,8,0,0.101535
4313,1982-09-18,6,6,1,0.101777
4314,1982-09-25,8,1,0,0.10175
4315,1982-10-02,3,5,0,0.101722
4316,1982-10-09,6,2,0,0.101695
4317,1982-10-16,2,2,1,0.101937
4318,1982-10-23,3,8,0,0.101909
4319,1982-10-30,6,8,0,0.101882
4320,1982-11-06,8,2,0,0.101854
4321,1982-11-13,6,5,0,0.101827
4322,1982-11-20,3,2,0,0.1018
4323,1982-11-27,5,6,0,0.101772
4324,1982-12-04,6,3,0,0.101745
4325,1982-12-11,5,4,0,0.101718
4326,1982-12-18,1,9,0,0.10169
4327,1982-12-25,2,3,0,0.101663
4328,1983-01-01,6,4,0,0.101636
4329,1983-01-08,5,6,0,0.101609
4330,1983-01-15,3,1,0,0.101581
4331,1983-01-22,7,6,0,0.101554
4332,1983-01-29,5,2,0,0.101527
4333,1983-02-05,3,8,0,0.1015
4334,1983-02-12,1,6,0,0.101473
4335,1983-02-19,9,3,0,0.101445
4336,1983-02-26,9,9,1,0.101686
4337,1983-03-05,9,7,0,0.101659
4338,1983-03-12,6,7,0,0.101631
4339,1983-03-19,7,1,0,0.101604
4340,1983-03-26,8,9,0,0.101577
4341,1983-04-02,2,8,0,0.10155
4342,1983-04-09,8,2,0,0.101523
4343,1983-04-16,3,4,0,0.101496
4344,1983-04-23,2,2,1,0.101736
4345,1983-04-30,7,1,0,0.101708
4346,1983-05-07,6,4,0,0.101681
4347,1983-05-14,5,6,0,0.101654
4348,1983-05-21,3,1,0,0.101627
4349,1983-05-28,2,6,0,0.1016
4350,1983-06-04,7,1,0,0.101573
4351,1983-06-11,7,4,0,0.101546
4352,1983-06-18,2,7,0,0.101519
4353,1983-06-25,7,7,1,0.101758
4354,1983-07-02,4,4,1,0.101997
4355,1983-07-09,2,3,0,0.10197
4356,1983-07-16,4,7,0,0.101943
4357,1983-07-23,6,1,0,0.101916
4358,1983-07-30,5,5,1,0.102155
4359,1983-08-06,5,3,0,0.102128
4360,1983-08-13,6,4,0,0.102101
4361,1983-08-20,2,4,0,0.102073
4362,1983-08-27,9,8,0,0.102046
4363,1983-09-03,2,5,0,0.102019
4364,1983-09-10,3,4,0,0.101992
4365,1983-09-17,9,6,0,0.101965
4366,1983-09-24,6,3,0,0.101938
4367,1983-10-01,4,1,0,0.101911
4368,1983-10-08,1,2,0,0.101884
4369,1983-10-15,6,1,0,0.101857
4370,1983-10-22,1,2,0,0.10183
4371,1983-10-29,5,2,0,0.101803
4372,1983-11-05,8,6,0,0.101776
4373,1983-11-12,9,9,1,0.102014
4374,1983-11-19,7,9,0,0.101987
4375,1983-11-26,4,7,0,0.10196
4376,1983-12-03,9,3,0,0.101933
4377,1983-12-10,1,6,0,0.101906
4378,1983-12-17,8,2,0,0.101879
4379,1983-12-24,8,8,1,0.102116
4380,1983-12-31,4,8,0,0.102089
4381,1984-01-07,2,7,0,0.102062
4382,1984-01-14,9,7,0,0.102035
4383,1984-01-21,2,5,0,0.102008
4384,1984-01-28,3,4,0,0.101982
4385,1984-02-04,7,6,0,0.101955
4386,1984-02-11,1,2,0,0.101928
4387,1984-02-18,1,8,0,0.101901
4388,1984-02-25,2,8,0,0.101874
4389,1984-03-03,7,4,0,0.101847
4390,1984-03-10,2,4,0,0.10182
4391,1984-03-17,2,7,0,0.101793
4392,1984-03-24,1,9,0,0.101766
4393,1984-03-31,2,9,0,0.10174
4394,1984-04-07,5,4,0,0.101713
4395,1984-04-14,4,9,0,0.101686
4396,1984-04-21,4,6,0,0.101659
4397,1984-04-28,8,8,1,0.101896
4398,1984-05-05,5,3,0,0.101869
4399,1984-05-12,1,1,1,0.102105
4400,1984-05-19,5,3,0,0.102078
4401,1984-05-26,8,8,1,0.102315
4402,1984-06-02,2,9,0,0.102288
4403,1984-06-09,7,8,0,0.102261
4404,1984-06-16,2,4,0,0.102234
4405,1984-06-23,4,7,0,0.102207
4406,1984-06-30,7,1,0,0.10218
4407,1984-07-07,7,9,0,0.102153
4408,1984-07-14,1,7,0,0.102127
4409,1984-07-21,1,8,0,0.1021
4410,1984-07-28,2,8,0,0.102073
4411,1984-08-04,2,4,0,0.102046
4412,1984-08-11,4,9,0,0.102019
4413,1984-08-18,6,1,0,0.101993
4414,1984-08-25,5,5,1,0.102228
4415,1984-09-01,5,3,0,0.102201
4416,1984-09-08,3,4,0,0.102174
4417,1984-09-15,8,6,0,0.102148
4418,1984-09-22,3,5,0,0.102121
4419,1984-09-29,3,2,0,0.102094
4420,1984-10-06,3,2,0,0.102068
4421,1984-10-13,3,2,0,0.102041
4422,1984-10-20,8,2,0,0.102014
4423,1984-10-27,4,3,0,0.101987
4424,1984-11-03,9,7,0,0.101961
4425,1984-11-10,6,6,1,0.102196
4426,1984-11-17,5,1,0,0.102169
4427,1984-11-24,9,3,0,0.102142
4428,1984-12-01,1,3,0,0.102115
4429,1984-12-08,7,2,0,0.102089
4430,1984-12-15,3,1,0,0.102062
4431,1984-12-22,8,1,0,0.102035
4432,1984-12-29,7,3,0,0.102009
4433,1985-01-05,3,7,0,0.101982
4434,1985-01-12,1,1,1,0.102216
4435,1985-01-19,5,3,0,0.10219
4436,1985-01-26,2,8,0,0.102163
4437,1985-02-02,6,4,0,0.102137
4438,1985-02-09,8,6,0,0.10211
4439,1985-02-16,6,5,0,0.102083
4440,1985-02-23,5,2,0,0.102057
4441,1985-03-02,1,9,0,0.10203
4442,1985-03-09,1,3,0,0.102004
4443,1985-03-16,2,8,0,0.101977
4444,1985-03-23,5,4,0,0.101951
4445,1985-03-30,4,9,0,0.101924
4446,1985-04-06,5,6,0,0.101898
4447,1985-04-13,2,4,0,0.101871
4448,1985-04-20,1,4,0,0.101845
4449,1985-04-27,1,9,0,0.101818
4450,1985-05-04,6,8,0,0.101792
4451,1985-05-11,3,2,0,0.101765
4452,1985-05-18,2,6,0,0.101739
4453,1985-05-25,2,1,0,0.101713
4454,1985-06-01,5,9,0,0.101686
4455,1985-06-08,2,9,0,0.10166
4456,1985-06-15,4,4,1,0.101893
4457,1985-06-22,4,1,0,0.101866
4458,1985-06-29,8,8,1,0.102099
4459,1985-07-06,7,3,0,0.102073
4460,1985-07-13,9,7,0,0.102046
4461,1985-07-20,7,1,0,0.10202
4462,1985-07-27,6,4,0,0.101993
4463,1985-08-03,1,6,0,0.101967
4464,1985-08-10,2,2,1,0.102199
4465,1985-08-17,7,4,0,0.102173
4466,1985-08-24,9,2,0,0.102146
4467,1985-08-31,2,7,0,0.10212
4468,1985-09-07,6,4,0,0.102094
4469,1985-09-14,7,6,0,0.102067
4470,1985-09-21,1,9,0,0.102041
4471,1985-09-28,5,8,0,0.102014
4472,1985-10-05,4,8,0,0.101988
4473,1985-10-12,5,6,0,0.101962
4474,1985-10-19,1,4,0,0.101935
4475,1985-10-26,1,3,0,0.101909
4476,1985-11-02,8,8,1,0.102141
4477,1985-11-09,6,8,0,0.102114
4478,1985-11-16,6,5,0,0.102088
4479,1985-11-23,3,1,0,0.102062
4480,1985-11-30,2,6,0,0.102036
4481,1985-12-07,3,1,0,0.102009
4482,1985-12-14,7,6,0,0.101983
4483,1985-12-21,8,2,0,0.101957
4484,1985-12-28,5,8,0,0.101931
4485,1986-01-04,1,1,1,0.102162
4486,1986-01-11,8,3,0,0.102135
4487,1986-01-18,6,8,0,0.102109
4488,1986-01-25,9,5,0,0.102083
4489,1986-02-01,5,9,0,0.102057
4490,1986-02-08,7,2,0,0.10203
4491,1986-02-15,9,1,0,0.102004
4492,1986-02-22,7,7,1,0.102235
4493,1986-03-01,7,4,0,0.102209
4494,1986-03-08,5,7,0,0.102182
4495,1986-03-15,7,8,0,0.102156
4496,1986-03-22,5,1,0,0.10213
4497,1986-03-29,2,8,0,0.102104
4498,1986-04-05,6,4,0,0.102077
4499,1986-04-12,7,6,0,0.102051
4500,1986-04-19,8,9,0,0.102025
4501,1986-04-26,4,8,0,0.101999
4502,1986-05-03,5,7,0,0.101973
4503,1986-05-10,3,4,0,0.101947
4504,1986-05-17,5,6,0,0.101921
4505,1986-05-24,7,3,0,0.101895
4506,1986-05-31,6,1,0,0.101868
4507,1986-06-07,9,6,0,0.101842
4508,1986-06-14,8,9,0,0.101816
4509,1986-06-21,7,4,0,0.10179
4510,1986-06-28,6,7,0,0.101764
4511,1986-07-05,6,6,1,0.101994
4512,1986-07-12,8,1,0,0.101968
4513,1986-07-19,6,5,0,0.101942
4514,1986-07-26,3,5,0,0.101916
4515,1986-08-02,4,6,0,0.10189
4516,1986-08-09,1,6,0,0.101864
4517,1986-08-16,8,1,0,0.101838
4518,1986-08-23,7,8,0,0.101812
4519,1986-08-30,9,7,0,0.101786
4520,1986-09-06,7,7,1,0.102015
4521,1986-09-13,3,7,0,0.101989
4522,1986-09-20,6,1,0,0.101963
4523,1986-09-27,4,2,0,0.101937
4524,1986-10-04,2,2,1,0.102166
4525,1986-10-11,4,7,0,0.10214
4526,1986-10-18,4,1,0,0.102114
4527,1986-10-25,7,8,0,0.102088
4528,1986-11-01,9,9,1,0.102316
4529,1986-11-08,9,7,0,0.10229
4530,1986-11-15,2,6,0,0.102264
4531,1986-11-22,6,4,0,0.102238
4532,1986-11-29,8,6,0,0.102212
4533,1986-12-06,2,5,0,0.102186
4534,1986-12-13,9,8,0,0.10216
4535,1986-12-20,3,5,0,0.102134
4536,1986-12-27,2,3,0,0.102108
4537,1987-01-03,5,1,0,0.102082
4538,1987-01-10,5,2,0,0.102056
4539,1987-01-17,3,4,0,0.10203
4540,1987-01-24,9,6,0,0.102005
4541,1987-01-31,9,3,0,0.101979
4542,1987-02-07,2,6,0,0.101953
4543,1987-02-14,8,4,0,0.101927
4544,1987-02-21,2,3,0,0.101901
4545,1987-02-28,6,8,0,0.101875
4546,1987-03-07,4,6,0,0.10185
4547,1987-03-14,6,2,0,0.101824
4548,1987-03-21,3,5,0,0.101798
4549,1987-03-28,9,6,0,0.101772
4550,1987-04-04,2,9,0,0.101746
4551,1987-04-11,9,4,0,0.101721
4552,1987-04-18,6,5,0,0.101695
4553,1987-04-25,1,1,1,0.101922
4554,1987-05-02,5,2,0,0.101896
4555,1987-05-09,4,8,0,0.101871
4556,1987-05-16,4,6,0,0.101845
4557,1987-05-23,2,8,0,0.101819
4558,1987-05-30,1,7,0,0.101793
4559,1987-06-06,1,9,0,0.101768
4560,1987-06-13,2,8,0,0.101742
4561,1987-06-20,6,4,0,0.101716
4562,1987-06-27,1,6,0,0.101691
4563,1987-07-04,5,2,0,0.101665
4564,1987-07-11,1,8,0,0.101639
4565,1987-07-18,6,3,0,0.101614
4566,1987-07-25,4,2,0,0.101588
4567,1987-08-01,9,2,0,0.101562
4568,1987-08-08,4,6,0,0.101537
4569,1987-08-15,8,4,0,0.101511
4570,1987-08-22,4,3,0,0.101486
4571,1987-08-29,9,7,0,0.10146
4572,1987-09-05,4,6,0,0.101435
4573,1987-09-12,8,4,0,0.101409
4574,1987-09-19,5,3,0,0.101384
4575,1987-09-26,5,1,0,0.101358
4576,1987-10-03,3,4,0,0.101333
4577,1987-10-10,1,6,0,0.101307
4578,1987-10-17,1,3,0,0.101282
4579,1987-10-24,4,8,0,0.101256
4580,1987-10-31,4,9,0,0.101231
4581,1987-11-07,9,8,0,0.101205
4582,1987-11-14,4,6,0,0.10118
4583,1987-11-21,3,4,0,0.101155
4584,1987-11-28,1,1,1,0.10138
4585,1987-12-05,7,3,0,0.101355
4586,1987-12-12,1,1,1,0.10158
4587,1987-12-19,3,8,0,0.101555
4588,1987-12-26,8,7,0,0.101529
4589,1988-01-02,9,3,0,0.101504
4590,1988-01-09,1,9,0,0.101478
4591,1988-01-16,4,2,0,0.101453
4592,1988-01-23,7,9,0,0.101427
4593,1988-01-30,8,9,0,0.101402
4594,1988-02-06,2,8,0,0.101377
4595,1988-02-13,7,8,0,0.101351
4596,1988-02-20,9,2,0,0.101326
4597,1988-02-27,6,7,0,0.101301
4598,1988-03-05,7,1,0,0.101275
4599,1988-03-12,3,9,0,0.10125
4600,1988-03-19,4,1,0,0.101225
4601,1988-03-26,7,6,0,0.101199
4602,1988-04-02,6,9,0,0.101174
4603,1988-04-09,9,6,0,0.101149
4604,1988-04-16,1,9,0,0.101124
4605,1988-04-23,2,2,1,0.101348
4606,1988-04-30,3,4,0,0.101323
4607,1988-05-07,8,6,0,0.101297
4608,1988-05-14,4,3,0,0.101272
4609,1988-05-21,3,7,0,0.101247
4610,1988-05-28,7,1,0,0.101222
4611,1988-06-04,1,2,0,0.101196
4612,1988-06-11,5,8,0,0.101171
4613,1988-06-18,8,8,1,0.101395
4614,1988-06-25,8,9,0,0.10137
4615,1988-07-02,1,8,0,0.101345
4616,1988-07-09,1,6,0,0.101319
4617,1988-07-16,9,8,0,0.101294
4618,1988-07-23,3,9,0,0.101269
4619,1988-07-30,8,3,0,0.101244
4620,1988-08-06,9,3,0,0.101219
4621,1988-08-13,2,9,0,0.101193
4622,1988-08-20,9,4,0,0.101168
4623,1988-08-27,9,5,0,0.101143
4624,1988-09-03,3,2,0,0.101118
4625,1988-09-10,4,3,0,0.101093
4626,1988-09-17,3,6,0,0.101068
4627,1988-09-24,7,1,0,0.101043
4628,1988-10-01,1,2,0,0.101018
4629,1988-10-08,4,8,0,0.100993
4630,1988-10-15,8,9,0,0.100968
4631,1988-10-22,6,5,0,0.100942
4632,1988-10-29,5,5,1,0.101165
4633,1988-11-05,1,1,1,0.101388
4634,1988-11-12,7,3,0,0.101363
4635,1988-11-19,2,1,0,0.101338
4636,1988-11-26,4,7,0,0.101313
4637,1988-12-03,4,1,0,0.101288
4638,1988-12-10,1,8,0,0.101263
4639,1988-12-17,6,1,0,0.101238
4640,1988-12-24,6,2,0,0.101213
4641,1988-12-31,3,1,0,0.101188
4642,1989-01-07,9,6,0,0.101163
4643,1989-01-14,5,9,0,0.101137
4644,1989-01-21,3,2,0,0.101112
4645,1989-01-28,6,6,1,0.101335
4646,1989-02-04,8,2,0,0.10131
4647,1989-02-11,7,5,0,0.101285
4648,1989-02-18,3,7,0,0.10126
4649,1989-02-25,8,1,0,0.101235
4650,1989-03-04,3,9,0,0.10121
4651,1989-03-11,5,2,0,0.101185
4652,1989-03-18,1,3,0,0.10116
4653,1989-03-25,3,3,1,0.101381
4654,1989-04-01,8,8,1,0.101603
4655,1989-04-08,6,3,0,0.101578
4656,1989-04-15,1,5,0,0.101553
4657,1989-04-22,8,2,0,0.101528
4658,1989-04-29,5,8,0,0.101503
4659,1989-05-06,5,1,0,0.101478
4660,1989-05-13,2,4,0,0.101453
4661,1989-05-20,9,4,0,0.101428
4662,1989-05-27,3,5,0,0.101403
4663,1989-06-03,5,3,0,0.101378
4664,1989-06-10,7,3,0,0.101353
4665,1989-06-17,9,6,0,0.101328
4666,1989-06-24,9,7,0,0.101303
4667,1989-07-01,5,2,0,0.101278
4668,1989-07-08,5,2,0,0.101253
4669,1989-07-15,4,4,1,0.101474
4670,1989-07-22,3,6,0,0.101449
4671,1989-07-29,5,1,0,0.101424
4672,1989-08-05,7,3,0,0.101399
4673,1989-08-12,7,6,0,0.101375
4674,1989-08-19,2,7,0,0.10135
4675,1989-08-26,9,4,0,0.101325
4676,1989-09-02,5,5,1,0.101545
4677,1989-09-09,9,2,0,0.10152
4678,1989-09-16,6,3,0,0.101495
4679,1989-09-23,3,1,0,0.101471
4680,1989-09-30,8,6,0,0.101446
4681,1989-10-07,9,3,0,0.101421
4682,1989-10-14,2,9,0,0.101396
4683,1989-10-21,9,9,1,0.101616
4684,1989-10-28,8,5,0,0.101591
4685,1989-11-04,2,4,0,0.101566
4686,1989-11-11,6,8,0,0.101541
4687,1989-11-18,4,6,0,0.101517
4688,1989-11-25,5,2,0,0.101492
4689,1989-12-02,7,4,0,0.101467
4690,1989-12-09,8,6,0,0.101442
4691,1989-12-16,8,8,1,0.101662
4692,1989-12-23,7,8,0,0.101637
4693,1989-12-30,6,7,0,0.101612
4694,1990-01-06,9,6,0,0.101587
4695,1990-01-13,2,9,0,0.101562
4696,1990-01-20,3,9,0,0.101538
4697,1990-01-27,3,8,0,0.101513
4698,1990-02-03,4,2,0,0.101488
4699,1990-02-10,2,3,0,0.101463
4700,1990-02-17,2,7,0,0.101439
4701,1990-02-24,7,9,0,0.101414
4702,1990-03-03,3,2,0,0.101389
4703,1990-03-10,4,1,0,0.101365
4704,1990-03-17,1,3,0,0.10134
4705,1990-03-24,8,1,0,0.101315
4706,1990-03-31,4,8,0,0.10129
4707,1990-04-07,8,7,0,0.101266
4708,1990-04-14,7,5,0,0.101241
4709,1990-04-21,2,7,0,0.101217
4710,1990-04-28,5,4,0,0.101192
4711,1990-05-05,2,2,1,0.101411
4712,1990-05-12,9,4,0,0.101386
4713,1990-05-19,7,5,0,0.101361
4714,1990-05-26,4,7,0,0.101337
4715,1990-06-02,3,3,1,0.101555
4716,1990-06-09,3,1,0,0.10153
4717,1990-06-16,9,2,0,0.101506
4718,1990-06-23,3,9,0,0.101481
4719,1990-06-30,6,3,0,0.101456
4720,1990-07-07,1,2,0,0.101432
4721,1990-07-14,5,2,0,0.101407
4722,1990-07-21,5,8,0,0.101382
4723,1990-07-28,3,4,0,0.101358
4724,1990-08-04,8,6,0,0.101333
4725,1990-08-11,7,9,0,0.101309
4726,1990-08-18,4,7,0,0.101284
4727,1990-08-25,7,3,0,0.10126
4728,1990-09-01,4,9,0,0.101235
4729,1990-09-08,7,3,0,0.101211
4730,1990-09-15,3,9,0,0.101186
4731,1990-09-22,8,1,0,0.101162
4732,1990-09-29,1,9,0,0.101137
4733,1990-10-06,6,1,0,0.101113
4734,1990-10-13,6,2,0,0.101088
4735,1990-10-20,4,1,0,0.101064
4736,1990-10-27,4,2,0,0.101039
4737,1990-11-03,4,8,0,0.101015
4738,1990-11-10,4,8,0,0.100991
4739,1990-11-17,2,8,0,0.100966
4740,1990-11-24,6,7,0,0.100942
4741,1990-12-01,3,4,0,0.100917
4742,1990-12-08,2,6,0,0.100893
4743,1990-12-15,9,1,0,0.100869
4744,1990-12-22,3,5,0,0.100844
4745,1990-12-29,9,3,0,0.10082
4746,1991-01-05,9,3,0,0.100796
4747,1991-01-12,1,2,0,0.100771
4748,1991-01-19,4,2,0,0.100747
4749,1991-01-26,7,9,0,0.100723
4750,1991-02-02,4,9,0,0.100699
4751,1991-02-09,2,3,0,0.100674
4752,1991-02-16,4,7,0,0.10065
4753,1991-02-23,6,1,0,0.100626
4754,1991-03-02,6,5,0,0.100602
4755,1991-03-09,9,1,0,0.100577
4756,1991-03-16,8,9,0,0.100553
4757,1991-03-23,2,4,0,0.100529
4758,1991-03-30,5,8,0,0.100505
4759,1991-04-06,5,2,0,0.100481
4760,1991-04-13,3,4,0,0.100457
4761,1991-04-20,1,6,0,0.100432
4762,1991-04-27,5,3,0,0.100408
4763,1991-05-04,2,8,0,0.100384
4764,1991-05-11,9,9,1,0.1006
4765,1991-05-18,5,5,1,0.100816
4766,1991-05-25,6,2,0,0.100792
4767,1991-06-01,1,4,0,0.100768
4768,1991-06-08,9,2,0,0.100744
4769,1991-06-15,4,9,0,0.100719
4770,1991-06-22,1,4,0,0.100695
4771,1991-06-29,3,1,0,0.100671
4772,1991-07-06,6,8,0,0.100647
4773,1991-07-13,3,2,0,0.100623
4774,1991-07-20,4,2,0,0.100599
4775,1991-07-27,8,3,0,0.100575
4776,1991-08-03,4,5,0,0.100551
4777,1991-08-10,9,7,0,0.100527
4778,1991-08-17,8,6,0,0.100503
4779,1991-08-24,4,4,1,0.100718
4780,1991-08-31,4,7,0,0.100694
4781,1991-09-07,1,8,0,0.10067
4782,1991-09-14,1,1,1,0.100885
4783,1991-09-21,8,8,1,0.101099
4784,1991-09-28,3,8,0,0.101075
4785,1991-10-05,5,2,0,0.101051
4786,1991-10-12,9,3,0,0.101027
4787,1991-10-19,1,3,0,0.101003
4788,1991-10-26,9,2,0,0.100979
4789,1991-11-02,8,9,0,0.100955
4790,1991-11-09,1,4,0,0.100931
4791,1991-11-16,4,6,0,0.100906
4792,1991-11-23,1,7,0,0.100882
4793,1991-11-30,6,1,0,0.100858
4794,1991-12-07,6,2,0,0.100834
4795,1991-12-14,7,1,0,0.10081
4796,1991-12-21,2,9,0,0.100786
4797,1991-12-28,2,4,0,0.100762
4798,1992-01-04,4,9,0,0.100738
4799,1992-01-11,1,6,0,0.100714
4800,1992-01-18,7,1,0,0.10069
4801,1992-01-25,8,1,0,0.100666
4802,1992-02-01,1,8,0,0.100642
4803,1992-02-08,9,6,0,0.100618
4804,1992-02-15,6,9,0,0.100595
4805,1992-02-22,1,1,1,0.100808
4806,1992-02-29,8,2,0,0.100784
4807,1992-03-08,1,8,0,0.10076
4808,1992-03-14,6,6,1,0.100974
4809,1992-03-21,3,6,0,0.10095
4810,1992-03-28,7,2,0,0.100926
4811,1992-04-04,9,2,0,0.100902
4812,1992-04-11,8,7,0,0.100878
4813,1992-04-18,4,4,1,0.101092
4814,1992-04-25,5,7,0,0.101068
4815,1992-05-02,3,4,0,0.101044
4816,1992-05-09,7,6,0,0.10102
4817,1992-05-16,6,2,0,0.100996
4818,1992-05-23,2,6,0,0.100972
4819,1992-05-30,2,8,0,0.100948
4820,1992-06-06,2,9,0,0.100924
4821,1992-06-13,7,9,0,0.1009
4822,1992-06-20,1,2,0,0.100876
4823,1992-06-27,4,8,0,0.100852
4824,1992-07-04,7,7,1,0.101065
4825,1992-07-11,9,9,1,0.101278
4826,1992-07-18,7,7,1,0.10149
4827,1992-07-25,4,4,1,0.101703
4828,1992-08-01,7,3,0,0.101679
4829,1992-08-08,5,9,0,0.101655
4830,1992-08-15,4,8,0,0.101631
4831,1992-08-22,3,6,0,0.101607
4832,1992-08-29,4,1,0,0.101583
4833,1992-09-05,5,3,0,0.101559
4834,1992-09-12,7,3,0,0.101535
4835,1992-09-19,7,6,0,0.101511
4836,1992-09-26,5,7,0,0.101487
4837,1992-10-03,4,8,0,0.101463
4838,1992-10-10,6,6,1,0.101675
4839,1992-10-17,5,5,1,0.101887
4840,1992-10-24,7,1,0,0.101863
4841,1992-10-31,4,6,0,0.101839
4842,1992-11-07,1,3,0,0.101815
4843,1992-11-14,5,1,0,0.101791
4844,1992-11-21,7,8,0,0.101767
4845,1992-11-28,1,4,0,0.101743
4846,1992-12-05,5,4,0,0.101719
4847,1992-12-12,2,8,0,0.101695
4848,1992-12-19,6,9,0,0.101671
4849,1992-12-26,6,4,0,0.101647
4850,1993-01-02,5,1,0,0.101623
4851,1993-01-09,1,1,1,0.101834
4852,1993-01-16,6,3,0,0.10181
4853,1993-01-23,3,6,0,0.101787
4854,1993-01-30,5,2,0,0.101763
4855,1993-02-06,9,3,0,0.101739
4856,1993-02-13,9,3,0,0.101715
4857,1993-02-20,9,2,0,0.101691
4858,1993-02-27,7,2,0,0.101667
4859,1993-03-06,2,4,0,0.101643
4860,1993-03-13,5,4,0,0.101619
4861,1993-03-20,2,2,1,0.10183
4862,1993-03-27,2,9,0,0.101806
4863,1993-04-03,8,9,0,0.101782
4864,1993-04-10,8,3,0,0.101758
4865,1993-04-17,1,8,0,0.101735
4866,1993-04-24,1,6,0,0.101711
4867,1993-05-03,5,8,0,0.101687
4868,1993-05-08,7,8,0,0.101663
4869,1993-05-15,6,1,0,0.101639
4870,1993-05-22,6,6,1,0.10185
4871,1993-05-29,1,1,1,0.10206
4872,1993-06-05,3,2,0,0.102036
4873,1993-06-12,2,8,0,0.102012
4874,1993-06-19,2,1,0,0.101988
4875,1993-06-26,9,9,1,0.102198
4876,1993-07-03,4,5,0,0.102174
4877,1993-07-10,1,4,0,0.102151
4878,1993-07-17,8,1,0,0.102127
4879,1993-07-24,1,8,0,0.102103
4880,1993-07-31,8,6,0,0.102079
4881,1993-08-07,9,8,0,0.102055
4882,1993-08-14,1,9,0,0.102031
4883,1993-08-21,4,2,0,0.102007
4884,1993-08-28,3,7,0,0.101984
4885,1993-09-04,1,1,1,0.102193
4886,1993-09-11,7,3,0,0.102169
4887,1993-09-18,2,1,0,0.102146
4888,1993-09-25,2,4,0,0.102122
4889,1993-10-02,5,9,0,0.102098
4890,1993-10-09,2,2,1,0.102307
4891,1993-10-16,3,9,0,0.102283
4892,1993-10-23,1,8,0,0.102259
4893,1993-10-30,3,3,1,0.102469
4894,1993-11-06,1,8,0,0.102445
4895,1993-11-13,6,3,0,0.102421
4896,1993-11-20,4,6,0,0.102397
4897,1993-11-27,7,2,0,0.102373
4898,1993-12-04,3,9,0,0.102349
4899,1993-12-11,7,1,0,0.102326
4900,1993-12-18,4,2,0,0.102302
4901,1993-12-27,2,3,0,0.102278
4902,1994-01-03,2,7,0,0.102254
4903,1994-01-08,7,9,0,0.10223
4904,1994-01-15,3,2,0,0.102207
4905,1994-01-22,6,1,0,0.102183
4906,1994-01-29,9,2,0,0.102159
4907,1994-02-05,3,9,0,0.102136
4908,1994-02-12,6,3,0,0.102112
4909,1994-02-19,8,2,0,0.102088
4910,1994-02-26,4,5,0,0.102064
4911,1994-03-05,1,7,0,0.102041
4912,1994-03-12,7,1,0,0.102017
4913,1994-03-19,5,1,0,0.101994
4914,1994-03-26,7,8,0,0.10197
4915,1994-04-02,9,6,0,0.101946
4916,1994-04-09,2,7,0,0.101923
4917,1994-04-16,5,9,0,0.101899
4918,1994-04-23,3,2,0,0.101875
4919,1994-04-30,6,6,1,0.102083
4920,1994-05-07,6,2,0,0.10206
4921,1994-05-14,2,1,0,0.102036
4922,1994-05-21,2,8,0,0.102012
4923,1994-05-28,2,9,0,0.101989
4924,1994-06-04,1,9,0,0.101965
4925,1994-06-11,1,1,1,0.102173
4926,1994-06-18,8,8,1,0.10238
4927,1994-06-25,5,8,0,0.102357
4928,1994-07-02,1,1,1,0.102564
4929,1994-07-09,6,3,0,0.10254
4930,1994-07-16,5,6,0,0.102517
4931,1994-07-23,3,1,0,0.102493
4932,1994-07-30,2,6,0,0.102469
4933,1994-08-06,7,1,0,0.102446
4934,1994-08-13,9,2,0,0.102422
4935,1994-08-20,2,7,0,0.102399
4936,1994-08-27,8,9,0,0.102375
4937,1994-09-03,8,3,0,0.102351
4938,1994-09-10,5,8,0,0.102328
4939,1994-09-17,8,1,0,0.102304
4940,1994-09-24,8,9,0,0.102281
4941,1994-10-01,8,8,1,0.102487
4942,1994-10-08,8,8,1,0.102694
4943,1994-10-15,2,8,0,0.10267
4944,1994-10-22,4,8,0,0.102647
4945,1994-10-29,3,1,0,0.102623
4946,1994-11-05,8,1,0,0.102599
4947,1994-11-12,4,9,0,0.102576
4948,1994-11-19,2,7,0,0.102552
4949,1994-11-26,8,7,0,0.102529
4950,1994-12-03,9,3,0,0.102505
4951,1994-12-10,6,1,0,0.102482
4952,1994-12-17,8,1,0,0.102458
4953,1994-12-24,6,5,0,0.102435
4954,1994-12-31,3,5,0,0.102411
4955,1995-01-07,9,2,0,0.102388
4956,1995-01-14,5,9,0,0.102364
4957,1995-01-21,4,2,0,0.102341
4958,1995-01-28,8,6,0,0.102317
4959,1995-02-04,7,5,0,0.102294
4960,1995-02-11,7,7,1,0.102499
4961,1995-02-18,7,7,1,0.102705
4962,1995-02-25,4,7,0,0.102682
4963,1995-03-04,9,3,0,0.102658
4964,1995-03-11,2,6,0,0.102635
4965,1995-03-18,3,9,0,0.102611
4966,1995-03-25,3,8,0,0.102588
4967,1995-04-01,5,2,0,0.102564
4968,1995-04-08,1,3,0,0.102541
4969,1995-04-15,6,3,0,0.102517
4970,1995-04-22,7,6,0,0.102494
4971,1995-04-29,5,9,0,0.10247
4972,1995-05-06,8,7,0,0.102447
4973,1995-05-13,5,9,0,0.102423
4974,1995-05-20,4,1,0,0.1024
4975,1995-05-27,8,6,0,0.102377
4976,1995-06-03,6,5,0,0.102353
4977,1995-06-10,3,5,0,0.10233
4978,1995-06-17,9,9,1,0.102535
4979,1995-06-24,5,9,0,0.102511
4980,1995-07-01,4,2,0,0.102488
4981,1995-07-08,4,6,0,0.102465
4982,1995-07-15,7,8,0,0.102441
4983,1995-07-22,3,9,0,0.102418
4984,1995-07-29,9,1,0,0.102395
4985,1995-08-05,5,9,0,0.102371
4986,1995-08-12,4,4,1,0.102576
4987,1995-08-19,5,6,0,0.102552
4988,1995-08-26,2,3,0,0.102529
4989,1995-09-02,1,9,0,0.102506
4990,1995-09-09,7,1,0,0.102482
4991,1995-09-16,9,1,0,0.102459
4992,1995-09-23,2,7,0,0.102436
4993,1995-09-30,4,9,0,0.102412
4994,1995-10-07,1,1,1,0.102617
4995,1995-10-14,7,1,0,0.102593
4996,1995-10-21,3,1,0,0.10257
4997,1995-10-28,7,1,0,0.102547
4998,1995-11-04,1,2,0,0.102523
4999,1995-11-11,6,4,0,0.1025
5000,1995-11-18,3,6,0,0.102477
5001,1995-11-25,7,9,0,0.102453
5002,1995-12-02,8,2,0,0.10243
5003,1995-12-09,5,8,0,0.102407
5004,1995-12-16,6,1,0,0.102384
5005,1995-12-23,5,4,0,0.10236
5006,1995-12-30,5,1,0,0.102337
5007,1996-01-08,9,3,0,0.102314
5008,1996-01-13,5,3,0,0.102291
5009,1996-01-20,8,4,0,0.102268
5010,1996-01-27,2,9,0,0.102244
5011,1996-02-03,1,8,0,0.102221
5012,1996-02-10,9,1,0,0.102198
5013,1996-02-17,5,9,0,0.102175
5014,1996-02-24,7,4,0,0.102152
5015,1996-03-02,5,6,0,0.102129
5016,1996-03-09,1,8,0,0.102106
5017,1996-03-16,8,3,0,0.102082
5018,1996-03-23,7,8,0,0.102059
5019,1996-03-30,3,7,0,0.102036
5020,1996-04-06,4,7,0,0.102013
5021,1996-04-13,6,3,0,0.10199
5022,1996-04-20,1,5,0,0.101967
5023,1996-04-27,5,2,0,0.101944
5024,1996-05-04,6,8,0,0.101921
5025,1996-05-11,3,4,0,0.101898
5026,1996-05-18,2,9,0,0.101875
5027,1996-05-25,7,1,0,0.101852
5028,1996-06-01,9,2,0,0.101829
5029,1996-06-08,3,7,0,0.101806
5030,1996-06-15,3,3,1,0.102009
5031,1996-06-22,7,2,0,0.101986
5032,1996-06-29,4,2,0,0.101963
5033,1996-07-06,1,3,0,0.10194
5034,1996-07-13,7,1,0,0.101917
5035,1996-07-20,2,1,0,0.101894
5036,1996-07-27,8,4,0,0.101871
5037,1996-08-03,9,3,0,0.101848
5038,1996-08-10,1,1,1,0.10205
5039,1996-08-17,2,2,1,0.102252
5040,1996-08-24,8,4,0,0.102229
5041,1996-08-30,4,3,0,0.102206
5042,1996-09-07,4,7,0,0.102183
5043,1996-09-14,2,8,0,0.10216
5044,1996-09-21,2,7,0,0.102137
5045,1996-09-28,4,9,0,0.102114
5046,1996-10-05,9,1,0,0.102091
5047,1996-10-12,9,6,0,0.102068
5048,1996-10-19,2,2,1,0.10227
5049,1996-10-26,9,9,1,0.102472
5050,1996-11-02,8,5,0,0.102449
5051,1996-11-09,6,4,0,0.102426
5052,1996-11-16,8,5,0,0.102403
5053,1996-11-23,5,6,0,0.10238
5054,1996-11-30,3,1,0,0.102357
5055,1996-12-07,1,6,0,0.102334
5056,1996-12-14,8,3,0,0.102311
5057,1996-12-21,2,8,0,0.102288
5058,1996-12-28,2,8,0,0.102265
5059,1997-01-04,7,9,0,0.102242
5060,1997-01-11,3,2,0,0.102219
5061,1997-01-18,8,4,0,0.102196
5062,1997-01-25,5,9,0,0.102173
5063,1997-02-01,1,1,1,0.102375
5064,1997-02-08,2,3,0,0.102352
5065,1997-02-15,1,4,0,0.102329
5066,1997-02-22,2,1,0,0.102306
5067,1997-03-01,2,4,0,0.102283
5068,1997-03-08,3,9,0,0.10226
5069,1997-03-12,9,8,0,0.102237
5070,1997-03-15,9,9,1,0.102438
5071,1997-03-19,5,2,0,0.102415
5072,1997-03-22,4,4,1,0.102616
5073,1997-03-26,1,6,0,0.102593
5074,1997-03-29,9,1,0,0.10257
5075,1997-04-02,4,9,0,0.102547
5076,1997-04-05,6,1,0,0.102524
5077,1997-04-09,2,5,0,0.102501
5078,1997-04-12,3,8,0,0.102478
5079,1997-04-16,8,8,1,0.102679
5080,1997-04-19,6,9,0,0.102656
5081,1997-04-23,9,5,0,0.102633
5082,1997-04-26,6,9,0,0.10261
5083,1997-04-30,6,1,0,0.102587
5084,1997-05-03,1,1,1,0.102787
5085,1997-05-07,9,2,0,0.102764
5086,1997-05-10,3,9,0,0.102741
5087,1997-05-14,3,3,1,0.102941
5088,1997-05-17,2,2,1,0.103141
5089,1997-05-21,1,1,1,0.103341
5090,1997-05-24,1,1,1,0.10354
5091,1997-05-28,4,8,0,0.103517
5092,1997-05-31,4,7,0,0.103494
5093,1997-06-04,9,8,0,0.103471
5094,1997-06-07,6,6,1,0.103671
5095,1997-06-11,7,1,0,0.103648
5096,1997-06-14,3,9,0,0.103625
5097,1997-06-18,4,4,1,0.103824
5098,1997-06-21,5,6,0,0.103801
5099,1997-06-25,2,3,0,0.103778
5100,1997-06-28,7,9,0,0.103755
5101,1997-07-02,7,2,0,0.103732
5102,1997-07-05,8,7,0,0.103709
5103,1997-07-09,2,8,0,0.103686
5104,1997-07-12,5,2,0,0.103663
5105,1997-07-16,4,2,0,0.10364
5106,1997-07-19,1,6,0,0.103617
5107,1997-07-23,5,1,0,0.103594
5108,1997-07-26,8,8,1,0.103792
5109,1997-07-30,8,9,0,0.103769
5110,1997-08-02,2,8,0,0.103746
5111,1997-08-06,2,2,1,0.103945
5112,1997-08-09,8,9,0,0.103922
5113,1997-08-13,8,4,0,0.103899
5114,1997-08-16,7,8,0,0.103876
5115,1997-08-20,7,7,1,0.104074
5116,1997-08-23,5,7,0,0.104051
5117,1997-08-27,6,8,0,0.104028
5118,1997-08-30,1,4,0,0.104005
5119,1997-09-03,2,2,1,0.104204
5120,1997-09-06,2,4,0,0.10418
5121,1997-09-10,3,9,0,0.104157
5122,1997-09-13,6,8,0,0.104134
5123,1997-09-17,9,2,0,0.104111
5124,1997-09-20,4,9,0,0.104088
5125,1997-09-24,4,1,0,0.104065
5126,1997-09-27,9,8,0,0.104042
5127,1997-10-01,7,6,0,0.104019
5128,1997-10-04,9,4,0,0.103996
5129,1997-10-08,8,7,0,0.103974
5130,1997-10-11,6,4,0,0.103951
5131,1997-10-15,9,5,0,0.103928
5132,1997-10-18,9,9,1,0.104125
5133,1997-10-22,9,2,0,0.104102
5134,1997-10-25,7,2,0,0.104079
5135,1997-10-29,2,4,0,0.104056
5136,1997-11-03,8,4,0,0.104034
5137,1997-11-05,1,4,0,0.104011
5138,1997-11-08,2,6,0,0.103988
5139,1997-11-12,3,4,0,0.103965
5140,1997-11-15,6,8,0,0.103942
5141,1997-11-19,6,2,0,0.103919
5142,1997-11-22,6,1,0,0.103896
5143,1997-11-26,1,1,1,0.104093
5144,1997-11-29,4,2,0,0.10407
5145,1997-12-03,5,7,0,0.104048
5146,1997-12-06,9,3,0,0.104025
5147,1997-12-10,9,3,0,0.104002
5148,1997-12-13,3,2,0,0.103979
5149,1997-12-17,6,3,0,0.103956
5150,1997-12-20,1,2,0,0.103933
5151,1997-12-24,8,2,0,0.10391
5152,1997-12-27,7,8,0,0.103888
5153,1997-12-31,9,7,0,0.103865
5154,1998-01-03,3,7,0,0.103842
5155,1998-01-07,6,3,0,0.103819
5156,1998-01-10,3,2,0,0.103796
5157,1998-01-14,3,9,0,0.103774
5158,1998-01-17,6,2,0,0.103751
5159,1998-01-21,1,2,0,0.103728
5160,1998-01-24,7,2,0,0.103705
5161,1998-01-27,5,1,0,0.103683
5162,1998-01-31,5,8,0,0.10366
5163,1998-02-04,1,3,0,0.103637
5164,1998-02-07,2,3,0,0.103614
5165,1998-02-11,3,4,0,0.103592
5166,1998-02-14,1,6,0,0.103569
5167,1998-02-18,4,3,0,0.103546
5168,1998-02-21,7,7,1,0.103743
5169,1998-02-25,1,9,0,0.10372
5170,1998-02-28,5,4,0,0.103697
5171,1998-03-04,9,8,0,0.103675
5172,1998-03-07,4,3,0,0.103652
5173,1998-03-11,1,4,0,0.103629
5174,1998-03-14,6,1,0,0.103607
5175,1998-03-18,2,6,0,0.103584
5176,1998-03-21,9,8,0,0.103561
5177,1998-03-25,2,5,0,0.103539
5178,1998-03-28,1,9,0,0.103516
5179,1998-04-01,4,1,0,0.103493
5180,1998-04-04,4,7,0,0.103471
5181,1998-04-08,5,8,0,0.103448
5182,1998-04-11,3,3,1,0.103644
5183,1998-04-15,9,6,0,0.103621
5184,1998-04-18,5,9,0,0.103599
5185,1998-04-22,9,4,0,0.103576
5186,1998-04-27,3,3,1,0.103772
5187,1998-04-29,8,3,0,0.103749
5188,1998-05-02,6,9,0,0.103726
5189,1998-05-06,3,9,0,0.103704
5190,1998-05-09,9,9,1,0.103899
5191,1998-05-13,1,9,0,0.103876
5192,1998-05-16,2,2,1,0.104071
5193,1998-05-20,3,3,1,0.104266
5194,1998-05-23,2,6,0,0.104244
5195,1998-05-27,9,1,0,0.104221
5196,1998-05-30,4,5,0,0.104198
5197,1998-06-03,7,1,0,0.104176
5198,1998-06-06,3,9,0,0.104153
5199,1998-06-10,3,4,0,0.10413
5200,1998-06-13,8,2,0,0.104108
5201,1998-06-17,8,9,0,0.104085
5202,1998-06-20,2,8,0,0.104063
5203,1998-06-24,8,2,0,0.10404
5204,1998-06-27,8,4,0,0.104017
5205,1998-07-01,9,8,0,0.103995
5206,1998-07-04,7,1,0,0.103972
5207,1998-07-08,8,4,0,0.10395
5208,1998-07-11,1,8,0,0.103927
5209,1998-07-15,6,6,1,0.104121
5210,1998-07-18,4,2,0,0.104099
5211,1998-07-22,7,2,0,0.104076
5212,1998-07-25,4,9,0,0.104054
5213,1998-07-29,1,3,0,0.104031
5214,1998-08-01,7,1,0,0.104009
5215,1998-08-05,2,1,0,0.103986
5216,1998-08-08,3,4,0,0.103964
5217,1998-08-12,6,6,1,0.104158
5218,1998-08-17,8,2,0,0.104135
5219,1998-08-19,5,5,1,0.104329
5220,1998-08-22,6,1,0,0.104306
5221,1998-08-26,5,4,0,0.104284
5222,1998-08-29,3,1,0,0.104261
5223,1998-09-02,2,6,0,0.104239
5224,1998-09-05,3,1,0,0.104216
5225,1998-09-09,6,6,1,0.10441
5226,1998-09-12,3,2,0,0.104387
5227,1998-09-16,3,9,0,0.104365
5228,1998-09-19,1,2,0,0.104342
5229,1998-09-23,5,3,0,0.10432
5230,1998-09-26,3,8,0,0.104297
5231,1998-09-30,2,6,0,0.104275
5232,1998-10-03,6,1,0,0.104252
5233,1998-10-07,2,6,0,0.10423
5234,1998-10-10,1,8,0,0.104207
5235,1998-10-14,6,1,0,0.104185
5236,1998-10-17,7,2,0,0.104162
5237,1998-10-21,4,9,0,0.10414
5238,1998-10-24,5,3,0,0.104117
5239,1998-10-28,1,3,0,0.104095
5240,1998-10-31,2,3,0,0.104072
5241,1998-11-04,1,3,0,0.10405
5242,1998-11-07,9,1,0,0.104028
5243,1998-11-11,3,9,0,0.104005
5244,1998-11-14,5,3,0,0.103983
5245,1998-11-18,9,3,0,0.10396
5246,1998-11-21,2,3,0,0.103938
5247,1998-11-25,8,9,0,0.103916
5248,1998-11-28,9,4,0,0.103893
5249,1998-12-02,9,1,0,0.103871
5250,1998-12-05,6,2,0,0.103849
5251,1998-12-09,7,1,0,0.103826
5252,1998-12-12,6,9,0,0.103804
5253,1998-12-16,7,6,0,0.103782
5254,1998-12-19,8,9,0,0.103759
5255,1998-12-23,5,8,0,0.103737
5256,1998-12-28,3,1,0,0.103715
5257,1998-12-30,9,2,0,0.103693
5258,1999-01-02,3,9,0,0.10367
5259,1999-01-07,8,3,0,0.103648
5260,1999-01-09,7,9,0,0.103626
5261,1999-01-13,3,7,0,0.103604
5262,1999-01-16,6,4,0,0.103581
5263,1999-01-20,5,2,0,0.103559
5264,1999-01-23,9,1,0,0.103537
5265,1999-01-27,9,3,0,0.103515
5266,1999-01-30,1,2,0,0.103493
5267,1999-02-03,7,2,0,0.10347
5268,1999-02-06,3,1,0,0.103448
5269,1999-02-10,7,4,0,0.103426
5270,1999-02-13,3,2,0,0.103404
5271,1999-02-17,5,4,0,0.103382
5272,1999-02-20,7,3,0,0.10336
5273,1999-02-24,8,6,0,0.103338
5274,1999-02-27,8,8,1,0.103529
5275,1999-03-03,7,8,0,0.103507
5276,1999-03-06,2,7,0,0.103485
5277,1999-03-10,8,4,0,0.103463
5278,1999-03-13,7,4,0,0.103441
5279,1999-03-17,7,7,1,0.103632
5280,1999-03-20,4,7,0,0.10361
5281,1999-03-24,2,3,0,0.103588
5282,1999-03-27,7,7,1,0.10378
5283,1999-03-31,6,2,0,0.103757
5284,1999-04-03,3,6,0,0.103735
5285,1999-04-07,5,9,0,0.103713
5286,1999-04-10,9,3,0,0.103691
5287,1999-04-14,6,3,0,0.103669
5288,1999-04-17,1,1,1,0.10386
5289,1999-04-21,8,2,0,0.103838
5290,1999-04-24,5,8,0,0.103816
5291,1999-04-28,4,1,0,0.103794
5292,1999-05-03,4,6,0,0.103772
5293,1999-05-05,9,8,0,0.103749
5294,1999-05-08,3,6,0,0.103727
5295,1999-05-12,9,3,0,0.103705
5296,1999-05-15,6,9,0,0.103683
5297,1999-05-19,6,1,0,0.103661
5298,1999-05-22,9,1,0,0.103639
5299,1999-05-26,4,9,0,0.103617
5300,1999-05-29,2,1,0,0.103595
5301,1999-06-02,9,7,0,0.103573
5302,1999-06-05,9,5,0,0.103551
5303,1999-06-09,3,2,0,0.103529
5304,1999-06-12,8,3,0,0.103507
5305,1999-06-16,2,9,0,0.103485
5306,1999-06-19,7,2,0,0.103463
5307,1999-06-23,1,2,0,0.103441
5308,1999-06-26,2,4,0,0.103419
5309,1999-06-30,8,3,0,0.103397
5310,1999-07-03,5,4,0,0.103375
5311,1999-07-07,4,1,0,0.103353
5312,1999-07-10,2,6,0,0.103331
5313,1999-07-14,5,7,0,0.103309
5314,1999-07-17,7,2,0,0.103287
5315,1999-07-21,1,6,0,0.103265
5316,1999-07-24,3,4,0,0.103244
5317,1999-07-28,7,8,0,0.103222
5318,1999-07-31,7,2,0,0.1032
5319,1999-08-04,3,7,0,0.103178
5320,1999-08-07,3,4,0,0.103156
5321,1999-08-11,6,2,0,0.103134
5322,1999-08-14,7,2,0,0.103112
5323,1999-08-18,2,9,0,0.103091
5324,1999-08-21,6,4,0,0.103069
5325,1999-08-25,5,6,0,0.103047
5326,1999-08-28,4,1,0,0.103025
5327,1999-09-01,1,6,0,0.103003
5328,1999-09-04,8,1,0,0.102982
5329,1999-09-08,4,8,0,0.10296
5330,1999-09-11,9,7,0,0.102938
5331,1999-09-15,6,6,1,0.103128
5332,1999-09-18,3,1,0,0.103106
5333,1999-09-22,4,9,0,0.103084
5334,1999-09-25,9,6,0,0.103062
5335,1999-09-29,2,6,0,0.103041
5336,1999-10-02,3,9,0,0.103019
5337,1999-10-06,6,6,1,0.103208
5338,1999-10-09,4,2,0,0.103186
5339,1999-10-13,4,2,0,0.103165
5340,1999-10-16,8,8,1,0.103354
5341,1999-10-20,5,5,1,0.103543
5342,1999-10-23,6,1,0,0.103521
5343,1999-10-27,4,4,1,0.10371
5344,1999-10-30,6,2,0,0.103688
5345,1999-11-03,2,5,0,0.103666
5346,1999-11-06,1,8,0,0.103644
5347,1999-11-10,5,1,0,0.103623
5348,1999-11-13,5,8,0,0.103601
5349,1999-11-17,3,3,1,0.103789
5350,1999-11-20,7,2,0,0.103768
5351,1999-11-24,2,2,1,0.103956
5352,1999-11-27,2,4,0,0.103934
5353,1999-12-01,7,9,0,0.103912
5354,1999-12-04,1,2,0,0.103891
5355,1999-12-09,7,4,0,0.103869
5356,1999-12-11,6,1,0,0.103847
5357,1999-12-15,5,6,0,0.103825
5358,1999-12-18,9,1,0,0.103803
5359,1999-12-22,1,3,0,0.103782
5360,1999-12-27,4,2,0,0.10376
5361,1999-12-29,8,7,0,0.103738
5362,2000-01-03,3,5,0,0.103716
5363,2000-01-05,6,2,0,0.103694
5364,2000-01-08,4,2,0,0.103673
5365,2000-01-12,7,2,0,0.103651
5366,2000-01-15,3,9,0,0.103629
5367,2000-01-19,6,4,0,0.103607
5368,2000-01-22,2,2,1,0.103795
5369,2000-01-26,3,1,0,0.103774
5370,2000-01-29,7,6,0,0.103752
5371,2000-02-02,7,2,0,0.10373
5372,2000-02-05,9,7,0,0.103708
5373,2000-02-09,8,7,0,0.103687
5374,2000-02-12,6,4,0,0.103665
5375,2000-02-16,7,3,0,0.103643
5376,2000-02-19,3,9,0,0.103622
5377,2000-02-23,1,4,0,0.1036
5378,2000-02-26,7,3,0,0.103578
5379,2000-03-01,1,1,1,0.103766
5380,2000-03-04,1,4,0,0.103744
5381,2000-03-08,6,8,0,0.103722
5382,2000-03-11,7,2,0,0.103701
5383,2000-03-15,9,9,1,0.103888
5384,2000-03-18,6,7,0,0.103866
5385,2000-03-22,4,1,0,0.103845
5386,2000-03-25,8,2,0,0.103823
5387,2000-03-29,9,5,0,0.103801
5388,2000-04-01,9,1,0,0.103779
5389,2000-04-05,8,2,0,0.103758
5390,2000-04-08,5,4,0,0.103736
5391,2000-04-12,9,1,0,0.103715
5392,2000-04-15,9,3,0,0.103693
5393,2000-04-19,6,2,0,0.103671
5394,2000-04-22,6,1,0,0.10365
5395,2000-04-26,8,1,0,0.103628
5396,2000-04-29,6,5,0,0.103606
5397,2000-05-03,7,3,0,0.103585
5398,2000-05-06,6,9,0,0.103563
5399,2000-05-10,9,6,0,0.103542
5400,2000-05-13,9,9,1,0.103728
5401,2000-05-17,2,6,0,0.103707
5402,2000-05-20,2,9,0,0.103685
5403,2000-05-24,5,9,0,0.103664
5404,2000-05-27,4,2,0,0.103642
5405,2000-05-31,6,6,1,0.103829
5406,2000-06-03,8,5,0,0.103807
5407,2000-06-07,9,5,0,0.103785
5408,2000-06-10,4,9,0,0.103764
5409,2000-06-14,7,1,0,0.103742
5410,2000-06-17,1,9,0,0.103721
5411,2000-06-21,8,4,0,0.103699
5412,2000-06-24,5,8,0,0.103678
5413,2000-06-28,3,1,0,0.103656
5414,2000-07-01,8,2,0,0.103634
5415,2000-07-05,8,9,0,0.103613
5416,2000-07-08,6,8,0,0.103591
5417,2000-07-12,3,3,1,0.103778
5418,2000-07-15,1,9,0,0.103756
5419,2000-07-19,4,3,0,0.103734
5420,2000-07-22,9,7,0,0.103713
5421,2000-07-26,9,6,0,0.103691
5422,2000-07-29,3,2,0,0.10367
5423,2000-08-02,5,3,0,0.103648
5424,2000-08-05,4,3,0,0.103627
5425,2000-08-09,8,6,0,0.103605
5426,2000-08-12,3,5,0,0.103584
5427,2000-08-16,3,2,0,0.103563
5428,2000-08-19,5,2,0,0.103541
5429,2000-08-23,4,3,0,0.10352
5430,2000-08-26,8,6,0,0.103498
5431,2000-08-30,4,3,0,0.103477
5432,2000-09-02,4,7,0,0.103455
5433,2000-09-06,1,8,0,0.103434
5434,2000-09-09,3,1,0,0.103413
5435,2000-09-13,7,8,0,0.103391
5436,2000-09-16,1,2,0,0.10337
5437,2000-09-20,6,8,0,0.103348
5438,2000-09-23,3,2,0,0.103327
5439,2000-09-27,2,9,0,0.103306
5440,2000-09-30,1,1,1,0.103491
5441,2000-10-04,5,1,0,0.10347
5442,2000-10-07,4,8,0,0.103448
5443,2000-10-11,1,6,0,0.103427
5444,2000-10-14,6,1,0,0.103406
5445,2000-10-18,3,2,0,0.103384
5446,2000-10-21,6,9,0,0.103363
5447,2000-10-25,9,2,0,0.103342
5448,2000-10-28,1,9,0,0.10332
5449,2000-11-02,2,2,1,0.103505
5450,2000-11-04,7,3,0,0.103484
5451,2000-11-08,2,2,1,0.103669
5452,2000-11-11,8,2,0,0.103647
5453,2000-11-15,9,4,0,0.103626
5454,2000-11-18,1,9,0,0.103605
5455,2000-11-22,7,2,0,0.103583
5456,2000-11-25,7,1,0,0.103562
5457,2000-11-29,8,7,0,0.103541
5458,2000-12-02,9,8,0,0.103519
5459,2000-12-06,1,1,1,0.103704
5460,2000-12-09,3,2,0,0.103682
5461,2000-12-13,3,7,0,0.103661
5462,2000-12-16,5,2,0,0.10364
5463,2000-12-20,6,3,0,0.103618
5464,2000-12-23,8,4,0,0.103597
5465,2000-12-27,3,5,0,0.103576
5466,2000-12-30,1,2,0,0.103555
5467,2001-01-03,7,3,0,0.103533
5468,2001-01-08,7,1,0,0.103512
5469,2001-01-10,4,7,0,0.103491
5470,2001-01-13,6,3,0,0.10347
5471,2001-01-17,2,5,0,0.103448
5472,2001-01-20,2,1,0,0.103427
5473,2001-01-24,4,9,0,0.103406
5474,2001-01-27,2,1,0,0.103385
5475,2001-01-31,3,7,0,0.103363
5476,2001-02-03,5,6,0,0.103342
5477,2001-02-07,4,3,0,0.103321
5478,2001-02-10,9,6,0,0.1033
5479,2001-02-14,2,6,0,0.103279
5480,2001-02-17,9,9,1,0.103462
5481,2001-02-21,8,5,0,0.103441
5482,2001-02-24,1,4,0,0.10342
5483,2001-02-28,7,6,0,0.103399
5484,2001-03-03,1,1,1,0.103582
5485,2001-03-07,4,8,0,0.103561
5486,2001-03-10,9,7,0,0.10354
5487,2001-03-14,6,6,1,0.103723
5488,2001-03-17,7,1,0,0.103702
5489,2001-03-21,1,9,0,0.103681
5490,2001-03-24,4,4,1,0.103864
5491,2001-03-28,6,7,0,0.103843
5492,2001-03-31,9,5,0,0.103822
5493,2001-04-04,6,9,0,0.103801
5494,2001-04-07,7,1,0,0.103779
5495,2001-04-11,8,9,0,0.103758
5496,2001-04-14,5,8,0,0.103737
5497,2001-04-18,1,1,1,0.10392
5498,2001-04-21,4,3,0,0.103899
5499,2001-04-26,2,7,0,0.103878
5500,2001-04-28,5,7,0,0.103856
5501,2001-05-02,6,2,0,0.103835
5502,2001-05-05,4,4,1,0.104018
5503,2001-05-09,6,2,0,0.103997
5504,2001-05-12,9,5,0,0.103976
5505,2001-05-16,7,9,0,0.103954
5506,2001-05-19,7,4,0,0.103933
5507,2001-05-23,9,7,0,0.103912
5508,2001-05-26,1,7,0,0.103891
5509,2001-05-30,2,2,1,0.104073
5510,2001-06-04,5,3,0,0.104052
5511,2001-06-06,2,2,1,0.104235
5512,2001-06-09,1,9,0,0.104213
5513,2001-06-13,6,1,0,0.104192
5514,2001-06-16,2,3,0,0.104171
5515,2001-06-20,4,1,0,0.10415
5516,2001-06-23,6,1,0,0.104129
5517,2001-06-27,6,5,0,0.104107
5518,2001-06-30,8,1,0,0.104086
5519,2001-07-04,2,5,0,0.104065
5520,2001-07-07,5,2,0,0.104044
5521,2001-07-11,7,2,0,0.104023
5522,2001-07-14,8,1,0,0.104002
5523,2001-07-18,8,8,1,0.104184
5524,2001-07-21,7,8,0,0.104162
5525,2001-07-25,2,7,0,0.104141
5526,2001-07-28,5,2,0,0.10412
5527,2001-08-01,4,2,0,0.104099
5528,2001-08-04,4,6,0,0.104078
5529,2001-08-08,6,8,0,0.104057
5530,2001-08-11,1,5,0,0.104036
5531,2001-08-16,2,2,1,0.104217
5532,2001-08-18,1,3,0,0.104196
5533,2001-08-22,3,1,0,0.104175
5534,2001-08-25,5,7,0,0.104154
5535,2001-08-29,2,4,0,0.104133
5536,2001-09-01,6,9,0,0.104112
5537,2001-09-05,1,6,0,0.104091
5538,2001-09-08,7,2,0,0.10407
5539,2001-09-12,1,1,1,0.104251
5540,2001-09-15,9,4,0,0.10423
5541,2001-09-19,8,3,0,0.104209
5542,2001-09-22,5,4,0,0.104188
5543,2001-09-26,8,1,0,0.104167
5544,2001-09-29,1,9,0,0.104146
5545,2001-10-03,3,6,0,0.104125
5546,2001-10-06,4,7,0,0.104103
5547,2001-10-10,6,6,1,0.104285
5548,2001-10-13,2,5,0,0.104263
5549,2001-10-17,6,1,0,0.104242
5550,2001-10-20,8,6,0,0.104221
5551,2001-10-24,3,5,0,0.1042
5552,2001-10-27,6,2,0,0.104179
5553,2001-10-31,7,2,0,0.104158
5554,2001-11-03,5,9,0,0.104137
5555,2001-11-07,3,8,0,0.104116
5556,2001-11-10,9,2,0,0.104095
5557,2001-11-14,5,9,0,0.104074
5558,2001-11-17,8,4,0,0.104053
5559,2001-11-21,3,9,0,0.104032
5560,2001-11-24,3,2,0,0.104011
5561,2001-11-28,1,2,0,0.10399
5562,2001-12-01,5,3,0,0.103969
5563,2001-12-05,2,8,0,0.103948
5564,2001-12-10,9,9,1,0.104129
5565,2001-12-12,6,5,0,0.104108
5566,2001-12-15,1,1,1,0.104288
5567,2001-12-19,6,2,0,0.104267
5568,2001-12-22,8,2,0,0.104246
5569,2001-12-27,8,5,0,0.104225
5570,2001-12-29,5,8,0,0.104204
5571,2001-12-31,9,1,0,0.104183
5572,2002-01-02,9,3,0,0.104162
5573,2002-01-05,9,2,0,0.104142
5574,2002-01-09,2,2,1,0.104322
5575,2002-01-12,3,9,0,0.104301
5576,2002-01-16,4,6,0,0.10428
5577,2002-01-19,3,6,0,0.104259
5578,2002-01-23,5,1,0,0.104238
5579,2002-01-26,3,4,0,0.104217
5580,2002-01-30,9,2,0,0.104196
5581,2002-02-02,9,9,1,0.104376
5582,2002-02-06,3,2,0,0.104355
5583,2002-02-09,7,3,0,0.104334
5584,2002-02-13,9,2,0,0.104313
5585,2002-02-16,4,7,0,0.104292
5586,2002-02-20,4,1,0,0.104271
5587,2002-02-23,7,8,0,0.10425
5588,2002-02-27,8,9,0,0.104229
5589,2002-03-02,6,8,0,0.104208
5590,2002-03-06,7,3,0,0.104188
5591,2002-03-09,5,9,0,0.104167
5592,2002-03-13,7,8,0,0.104146
5593,2002-03-16,4,1,0,0.104125
5594,2002-03-20,6,3,0,0.104104
5595,2002-03-23,4,5,0,0.104083
5596,2002-03-27,7,2,0,0.104062
5597,2002-03-30,3,9,0,0.104042
5598,2002-04-03,4,4,1,0.104221
5599,2002-04-06,9,6,0,0.1042
5600,2002-04-10,5,6,0,0.104179
5601,2002-04-13,5,4,0,0.104158
5602,2002-04-17,4,3,0,0.104138
5603,2002-04-20,9,6,0,0.104117
5604,2002-04-24,8,6,0,0.104096
5605,2002-04-27,7,4,0,0.104075
5606,2002-05-02,4,7,0,0.104054
5607,2002-05-04,7,3,0,0.104034
5608,2002-05-08,1,3,0,0.104013
5609,2002-05-11,3,4,0,0.103992
5610,2002-05-15,2,7,0,0.103971
5611,2002-05-18,3,1,0,0.103951
5612,2002-05-22,7,6,0,0.10393
5613,2002-05-25,4,2,0,0.103909
5614,2002-05-29,1,3,0,0.103888
5615,2002-06-01,7,1,0,0.103868
5616,2002-06-05,2,1,0,0.103847
5617,2002-06-08,1,2,0,0.103826
5618,2002-06-12,9,1,0,0.103806
5619,2002-06-15,6,3,0,0.103785
5620,2002-06-19,8,1,0,0.103764
5621,2002-06-22,9,5,0,0.103744
5622,2002-06-26,3,1,0,0.103723
5623,2002-06-29,7,3,0,0.103702
5624,2002-07-03,9,2,0,0.103682
5625,2002-07-06,2,7,0,0.103661
5626,2002-07-10,5,9,0,0.10364
5627,2002-07-13,7,2,0,0.10362
5628,2002-07-17,2,1,0,0.103599
5629,2002-07-20,6,2,0,0.103579
5630,2002-07-24,6,6,1,0.103757
5631,2002-07-27,2,1,0,0.103736
5632,2002-07-31,5,1,0,0.103715
5633,2002-08-03,6,2,0,0.103695
5634,2002-08-07,9,4,0,0.103674
5635,2002-08-10,3,9,0,0.103654
5636,2002-08-14,6,3,0,0.103633
5637,2002-08-17,9,2,0,0.103613
5638,2002-08-21,3,9,0,0.103592
5639,2002-08-24,8,3,0,0.103571
5640,2002-08-28,5,9,0,0.103551
5641,2002-08-31,2,1,0,0.10353
5642,2002-09-04,6,9,0,0.10351
5643,2002-09-07,1,6,0,0.103489
5644,2002-09-11,9,2,0,0.103469
5645,2002-09-14,1,3,0,0.103448
5646,2002-09-18,5,2,0,0.103428
5647,2002-09-21,3,8,0,0.103407
5648,2002-09-25,5,2,0,0.103387
5649,2002-09-28,5,3,0,0.103366
5650,2002-10-02,8,3,0,0.103346
5651,2002-10-05,2,9,0,0.103325
5652,2002-10-09,3,2,0,0.103305
5653,2002-10-12,2,6,0,0.103285
5654,2002-10-16,1,1,1,0.103462
5655,2002-10-19,1,9,0,0.103441
5656,2002-10-23,7,8,0,0.103421
5657,2002-10-26,9,1,0,0.103401
5658,2002-10-30,3,7,0,0.10338
5659,2002-11-02,3,3,1,0.103557
5660,2002-11-06,3,2,0,0.103537
5661,2002-11-09,2,2,1,0.103714
5662,2002-11-13,9,1,0,0.103693
5663,2002-11-16,2,5,0,0.103673
5664,2002-11-20,3,9,0,0.103653
5665,2002-11-23,8,6,0,0.103632
5666,2002-11-27,3,5,0,0.103612
5667,2002-11-30,1,2,0,0.103591
5668,2002-12-03,4,3,0,0.103571
5669,2002-12-05,5,7,0,0.10355
5670,2002-12-07,5,3,0,0.10353
5671,2002-12-10,2,3,0,0.103509
5672,2002-12-12,8,9,0,0.103489
5673,2002-12-14,5,4,0,0.103469
5674,2002-12-17,1,1,1,0.103645
5675,2002-12-19,6,3,0,0.103625
5676,2002-12-21,1,2,0,0.103604
5677,2002-12-24,8,2,0,0.103584
5678,2002-12-27,6,8,0,0.103564
5679,2002-12-28,9,3,0,0.103543
5680,2002-12-31,6,9,0,0.103523
5681,2003-01-02,4,1,0,0.103503
5682,2003-01-04,9,2,0,0.103482
5683,2003-01-08,6,6,1,0.103659
5684,2003-01-11,8,1,0,0.103638
5685,2003-01-15,8,5,0,0.103618
5686,2003-01-18,1,8,0,0.103597
5687,2003-01-22,4,6,0,0.103577
5688,2003-01-25,3,7,0,0.103557
5689,2003-01-29,7,1,0,0.103536
5690,2003-02-01,6,2,0,0.103516
5691,2003-02-05,9,6,0,0.103496
5692,2003-02-08,8,9,0,0.103475
5693,2003-02-12,7,4,0,0.103455
5694,2003-02-15,5,7,0,0.103435
5695,2003-02-19,5,7,0,0.103414
5696,2003-02-22,3,3,1,0.10359
5697,2003-02-26,1,2,0,0.10357
5698,2003-03-01,8,3,0,0.10355
5699,2003-03-05,4,8,0,0.103529
5700,2003-03-08,8,7,0,0.103509
5701,2003-03-12,9,3,0,0.103489
5702,2003-03-15,4,1,0,0.103469
5703,2003-03-19,3,4,0,0.103448
5704,2003-03-22,2,1,0,0.103428
5705,2003-03-26,7,1,0,0.103408
5706,2003-03-29,7,2,0,0.103388
5707,2003-04-02,2,7,0,0.103367
5708,2003-04-05,4,2,0,0.103347
5709,2003-04-09,4,1,0,0.103327
5710,2003-04-12,5,8,0,0.103307
5711,2003-04-16,3,3,1,0.103482
5712,2003-04-19,1,1,1,0.103657
5713,2003-04-23,7,3,0,0.103637
5714,2003-04-26,8,1,0,0.103617
5715,2003-04-30,8,8,1,0.103792
5716,2003-05-03,6,8,0,0.103772
5717,2003-05-07,3,3,1,0.103947
5718,2003-05-10,5,9,0,0.103927
5719,2003-05-14,4,3,0,0.103906
5720,2003-05-17,7,6,0,0.103886
5721,2003-05-21,1,3,0,0.103866
5722,2003-05-24,5,4,0,0.103845
5723,2003-05-28,6,8,0,0.103825
5724,2003-05-31,5,4,0,0.103805
5725,2003-06-04,9,1,0,0.103785
5726,2003-06-07,1,3,0,0.103764
5727,2003-06-11,4,2,0,0.103744
5728,2003-06-14,7,7,1,0.103919
5729,2003-06-18,5,3,0,0.103899
5730,2003-06-21,5,7,0,0.103878
5731,2003-06-25,4,3,0,0.103858
5732,2003-06-28,4,6,0,0.103838
5733,2003-07-02,5,8,0,0.103818
5734,2003-07-05,2,3,0,0.103797
5735,2003-07-09,7,9,0,0.103777
5736,2003-07-12,5,2,0,0.103757
5737,2003-07-16,5,7,0,0.103737
5738,2003-07-19,9,3,0,0.103717
5739,2003-07-23,2,1,0,0.103696
5740,2003-07-26,8,3,0,0.103676
5741,2003-07-30,4,4,1,0.103851
5742,2003-08-02,2,7,0,0.10383
5743,2003-08-06,7,7,1,0.104005
5744,2003-08-09,2,2,1,0.104179
5745,2003-08-13,1,4,0,0.104159
5746,2003-08-16,1,1,1,0.104333
5747,2003-08-20,1,8,0,0.104312
5748,2003-08-23,5,8,0,0.104292
5749,2003-08-27,5,8,0,0.104272
5750,2003-08-30,6,3,0,0.104252
5751,2003-09-03,1,4,0,0.104231
5752,2003-09-06,6,2,0,0.104211
5753,2003-09-10,9,2,0,0.104191
5754,2003-09-13,2,9,0,0.104171
5755,2003-09-17,2,3,0,0.104151
5756,2003-09-20,9,9,1,0.104324
5757,2003-09-24,8,5,0,0.104304
5758,2003-09-27,1,4,0,0.104284
5759,2003-10-01,7,6,0,0.104264
5760,2003-10-04,3,1,0,0.104243
5761,2003-10-08,4,4,1,0.104417
5762,2003-10-11,8,6,0,0.104397
5763,2003-10-15,4,3,0,0.104376
5764,2003-10-18,1,7,0,0.104356
5765,2003-10-22,7,1,0,0.104336
5766,2003-10-25,4,1,0,0.104316
5767,2003-10-29,4,3,0,0.104296
5768,2003-11-03,2,8,0,0.104275
5769,2003-11-05,7,7,1,0.104449
5770,2003-11-08,7,2,0,0.104429
5771,2003-11-12,8,7,0,0.104408
5772,2003-11-15,6,8,0,0.104388
5773,2003-11-19,7,3,0,0.104368
5774,2003-11-22,2,9,0,0.104348
5775,2003-11-26,8,4,0,0.104328
5776,2003-11-29,2,4,0,0.104308
5777,2003-12-03,9,2,0,0.104287
5778,2003-12-06,1,5,0,0.104267
5779,2003-12-10,4,2,0,0.104247
5780,2003-12-13,5,7,0,0.104227
5781,2003-12-17,8,3,0,0.104207
5782,2003-12-20,2,9,0,0.104187
5783,2003-12-24,2,2,1,0.10436
5784,2003-12-27,8,9,0,0.104339
5785,2003-12-31,3,4,0,0.104319
5786,2004-01-03,2,2,1,0.104492
5787,2004-01-07,4,1,0,0.104472
5788,2004-01-10,9,1,0,0.104452
5789,2004-01-14,3,6,0,0.104432
5790,2004-01-17,7,3,0,0.104411
5791,2004-01-21,2,2,1,0.104584
5792,2004-01-24,2,4,0,0.104564
5793,2004-01-28,3,9,0,0.104544
5794,2004-01-31,3,6,0,0.104524
5795,2004-02-04,5,2,0,0.104503
5796,2004-02-07,7,4,0,0.104483
5797,2004-02-11,7,1,0,0.104463
5798,2004-02-14,4,7,0,0.104443
5799,2004-02-18,5,3,0,0.104423
5800,2004-02-21,9,3,0,0.104403
5801,2004-02-25,6,1,0,0.104383
5802,2004-02-28,7,1,0,0.104363
5803,2004-03-03,8,9,0,0.104343
5804,2004-03-06,3,8,0,0.104323
5805,2004-03-10,9,2,0,0.104303
5806,2004-03-13,7,9,0,0.104283
5807,2004-03-17,8,4,0,0.104263
5808,2004-03-20,2,8,0,0.104243
5809,2004-03-24,7,2,0,0.104223
5810,2004-03-27,9,2,0,0.104203
5811,2004-03-31,7,7,1,0.104375
5812,2004-04-03,1,4,0,0.104354
5813,2004-04-07,2,4,0,0.104334
5814,2004-04-10,8,1,0,0.104314
5815,2004-04-14,7,4,0,0.104294
5816,2004-04-17,6,7,0,0.104274
5817,2004-04-21,2,6,0,0.104255
5818,2004-04-24,2,1,0,0.104235
5819,2004-04-28,3,9,0,0.104215
5820,2004-05-03,9,6,0,0.104195
5821,2004-05-05,9,9,1,0.104366
5822,2004-05-08,2,2,1,0.104538
5823,2004-05-12,7,3,0,0.104518
5824,2004-05-15,3,2,0,0.104498
5825,2004-05-19,3,4,0,0.104478
5826,2004-05-22,6,2,0,0.104458
5827,2004-05-26,3,2,0,0.104438
5828,2004-05-29,2,9,0,0.104418
5829,2004-06-03,1,1,1,0.104589
5830,2004-06-05,3,1,0,0.104569
5831,2004-06-09,5,7,0,0.104549
5832,2004-06-12,3,4,0,0.104529
5833,2004-06-16,9,1,0,0.104509
5834,2004-06-19,9,9,1,0.10468
5835,2004-06-23,2,2,1,0.104851
5836,2004-06-26,4,3,0,0.104831
5837,2004-06-30,6,1,0,0.104811
5838,2004-07-03,8,5,0,0.104791
5839,2004-07-07,3,5,0,0.104771
5840,2004-07-10,3,2,0,0.104751
5841,2004-07-14,5,2,0,0.104731
5842,2004-07-17,4,3,0,0.104711
5843,2004-07-21,2,6,0,0.104691
5844,2004-07-24,1,7,0,0.104671
5845,2004-07-28,9,1,0,0.104651
5846,2004-07-31,4,3,0,0.104631
5847,2004-08-04,5,4,0,0.104611
5848,2004-08-07,7,3,0,0.104591
5849,2004-08-11,3,1,0,0.104571
5850,2004-08-14,4,4,1,0.104742
5851,2004-08-18,7,6,0,0.104722
5852,2004-08-21,8,3,0,0.104702
5853,2004-08-25,6,8,0,0.104682
5854,2004-08-28,3,3,1,0.104853
5855,2004-09-01,4,2,0,0.104833
5856,2004-09-04,6,6,1,0.105003
5857,2004-09-08,5,5,1,0.105173
5858,2004-09-11,3,9,0,0.105153
5859,2004-09-15,6,1,0,0.105133
5860,2004-09-18,7,2,0,0.105113
5861,2004-09-22,8,9,0,0.105093
5862,2004-09-25,7,8,0,0.105073
5863,2004-09-29,8,7,0,0.105053
5864,2004-10-02,5,8,0,0.105033
5865,2004-10-06,8,1,0,0.105013
5866,2004-10-09,3,9,0,0.104993
5867,2004-10-13,8,2,0,0.104973
5868,2004-10-16,2,3,0,0.104954
5869,2004-10-20,1,2,0,0.104934
5870,2004-10-23,4,1,0,0.104914
5871,2004-10-27,3,7,0,0.104894
5872,2004-10-30,3,1,0,0.104874
5873,2004-11-03,6,2,0,0.104854
5874,2004-11-06,2,2,1,0.105024
5875,2004-11-10,9,1,0,0.105004
5876,2004-11-13,7,5,0,0.104984
5877,2004-11-17,6,4,0,0.104964
5878,2004-11-20,8,6,0,0.104944
5879,2004-11-24,4,5,0,0.104924
5880,2004-11-27,1,7,0,0.104904
5881,2004-12-01,4,1,0,0.104885
5882,2004-12-04,9,7,0,0.104865
5883,2004-12-09,7,6,0,0.104845
5884,2004-12-11,8,4,0,0.104825
5885,2004-12-15,9,8,0,0.104805
5886,2004-12-18,2,1,0,0.104785
5887,2004-12-22,8,3,0,0.104766
5888,2004-12-27,5,4,0,0.104746
5889,2004-12-29,2,1,0,0.104726
5890,2005-01-03,1,9,0,0.104706
5891,2005-01-05,1,1,1,0.104875
5892,2005-01-08,6,8,0,0.104855
5893,2005-01-12,3,2,0,0.104836
5894,2005-01-15,7,2,0,0.104816
5895,2005-01-19,1,2,0,0.104796
5896,2005-01-22,6,4,0,0.104776
5897,2005-01-26,7,3,0,0.104757
5898,2005-01-29,4,8,0,0.104737
5899,2005-02-02,7,3,0,0.104717
5900,2005-02-05,1,3,0,0.104697
5901,2005-02-09,3,4,0,0.104677
5902,2005-02-12,4,7,0,0.104658
5903,2005-02-16,2,6,0,0.104638
5904,2005-02-19,4,7,0,0.104618
5905,2005-02-23,8,6,0,0.104599
5906,2005-02-26,8,3,0,0.104579
5907,2005-03-02,7,8,0,0.104559
5908,2005-03-05,6,7,0,0.104539
5909,2005-03-09,1,6,0,0.10452
5910,2005-03-12,5,2,0,0.1045
5911,2005-03-16,7,8,0,0.10448
5912,2005-03-19,1,1,1,0.104649
5913,2005-03-23,9,4,0,0.104629
5914,2005-03-26,7,3,0,0.10461
5915,2005-03-30,7,4,0,0.10459
5916,2005-04-02,6,7,0,0.10457
5917,2005-04-06,5,6,0,0.104551
5918,2005-04-09,2,9,0,0.104531
5919,2005-04-13,1,9,0,0.104511
5920,2005-04-16,2,1,0,0.104492
5921,2005-04-20,4,1,0,0.104472
5922,2005-04-23,1,6,0,0.104452
5923,2005-04-27,2,1,0,0.104433
5924,2005-04-30,1,1,1,0.104601
5925,2005-05-04,7,1,0,0.104581
5926,2005-05-07,4,1,0,0.104562
5927,2005-05-11,1,3,0,0.104542
5928,2005-05-14,6,1,0,0.104522
5929,2005-05-18,3,3,1,0.10469
5930,2005-05-21,5,2,0,0.104671
5931,2005-05-25,9,4,0,0.104651
5932,2005-05-28,6,1,0,0.104632
5933,2005-06-01,8,1,0,0.104612
5934,2005-06-04,1,5,0,0.104592
5935,2005-06-08,3,6,0,0.104573
5936,2005-06-11,2,7,0,0.104553
5937,2005-06-15,9,1,0,0.104534
5938,2005-06-18,6,5,0,0.104514
5939,2005-06-21,1,1,1,0.104682
5940,2005-06-23,9,2,0,0.104662
5941,2005-06-25,9,3,0,0.104642
5942,2005-06-28,4,2,0,0.104623
5943,2005-06-30,8,4,0,0.104603
5944,2005-07-02,8,3,0,0.104584
5945,2005-07-05,6,8,0,0.104564
5946,2005-07-07,9,3,0,0.104545
5947,2005-07-09,3,9,0,0.104525
5948,2005-07-12,5,3,0,0.104506
5949,2005-07-14,8,4,0,0.104486
5950,2005-07-16,7,9,0,0.104466
5951,2005-07-19,4,7,0,0.104447
5952,2005-07-21,4,3,0,0.104427
5953,2005-07-23,8,8,1,0.104595
5954,2005-07-26,5,3,0,0.104575
5955,2005-07-28,8,1,0,0.104556
5956,2005-07-30,5,9,0,0.104536
5957,2005-08-02,7,1,0,0.104517
5958,2005-08-04,5,1,0,0.104497
5959,2005-08-06,3,7,0,0.104478
5960,2005-08-09,6,1,0,0.104458
5961,2005-08-11,3,2,0,0.104439
5962,2005-08-13,5,2,0,0.104419
5963,2005-08-16,8,4,0,0.1044
5964,2005-08-18,4,9,0,0.10438
5965,2005-08-20,7,1,0,0.104361
5966,2005-08-23,7,1,0,0.104341
5967,2005-08-25,7,7,1,0.104508
5968,2005-08-27,8,7,0,0.104489
5969,2005-08-30,3,8,0,0.104469
5970,2005-09-01,4,2,0,0.10445
5971,2005-09-03,3,6,0,0.10443
5972,2005-09-06,2,1,0,0.104411
5973,2005-09-08,6,1,0,0.104392
5974,2005-09-10,8,6,0,0.104372
5975,2005-09-13,9,5,0,0.104353
5976,2005-09-15,1,1,1,0.104519
5977,2005-09-17,6,2,0,0.1045
5978,2005-09-20,9,3,0,0.10448
5979,2005-09-22,7,9,0,0.104461
5980,2005-09-24,1,7,0,0.104442
5981,2005-09-27,8,4,0,0.104422
5982,2005-09-29,8,8,1,0.104589
5983,2005-10-01,9,8,0,0.104569
5984,2005-10-04,9,1,0,0.10455
5985,2005-10-06,7,2,0,0.10453
5986,2005-10-08,7,7,1,0.104696
5987,2005-10-11,8,7,0,0.104677
5988,2005-10-13,1,8,0,0.104658
5989,2005-10-15,5,6,0,0.104638
5990,2005-10-18,9,8,0,0.104619
5991,2005-10-20,7,1,0,0.104599
5992,2005-10-22,1,7,0,0.10458
5993,2005-10-25,9,4,0,0.104561
5994,2005-10-27,3,9,0,0.104541
5995,2005-10-29,9,3,0,0.104522
5996,2005-11-02,9,9,1,0.104688
5997,2005-11-03,7,2,0,0.104668
5998,2005-11-05,7,7,1,0.104834
5999,2005-11-08,4,7,0,0.104815
6000,2005-11-10,9,3,0,0.104795
6001,2005-11-12,9,6,0,0.104776
6002,2005-11-15,9,2,0,0.104757
6003,2005-11-17,7,2,0,0.104737
6004,2005-11-19,2,7,0,0.104718
6005,2005-11-22,9,2,0,0.104698
6006,2005-11-24,6,5,0,0.104679
6007,2005-11-26,3,1,0,0.10466
6008,2005-11-29,5,2,0,0.10464
6009,2005-12-01,4,4,1,0.104806
6010,2005-12-03,3,6,0,0.104787
6011,2005-12-06,2,1,0,0.104767
6012,2005-12-09,6,1,0,0.104748
6013,2005-12-10,4,6,0,0.104728
6014,2005-12-13,7,2,0,0.104709
6015,2005-12-15,1,1,1,0.104874
6016,2005-12-17,1,4,0,0.104855
6017,2005-12-20,8,8,1,0.10502
6018,2005-12-22,4,8,0,0.105001
6019,2005-12-24,9,7,0,0.104982
6020,2005-12-27,5,6,0,0.104962
6021,2005-12-29,1,4,0,0.104943
6022,2005-12-31,9,3,0,0.104923
6023,2006-01-03,3,3,1,0.105088
6024,2006-01-05,1,3,0,0.105069
6025,2006-01-07,3,3,1,0.105234
6026,2006-01-10,5,7,0,0.105215
6027,2006-01-12,8,4,0,0.105195
6028,2006-01-14,3,9,0,0.105176
6029,2006-01-17,4,2,0,0.105157
6030,2006-01-19,6,6,1,0.105321
6031,2006-01-21,4,5,0,0.105302
6032,2006-01-24,2,2,1,0.105467
6033,2006-01-26,5,7,0,0.105447
6034,2006-01-28,2,2,1,0.105612
6035,2006-01-31,8,1,0,0.105592
6036,2006-02-02,4,4,1,0.105757
6037,2006-02-04,9,7,0,0.105737
6038,2006-02-07,2,6,0,0.105718
6039,2006-02-09,9,3,0,0.105699
6040,2006-02-11,1,5,0,0.105679
6041,2006-02-14,1,2,0,0.10566
6042,2006-02-16,4,8,0,0.10564
6043,2006-02-18,6,7,0,0.105621
6044,2006-02-21,8,5,0,0.105601
6045,2006-02-23,1,5,0,0.105582
6046,2006-02-25,7,6,0,0.105563
6047,2006-02-28,5,1,0,0.105543
6048,2006-03-02,1,7,0,0.105524
6049,2006-03-04,4,3,0,0.105505
6050,2006-03-07,2,7,0,0.105485
6051,2006-03-09,3,7,0,0.105466
6052,2006-03-11,2,6,0,0.105447
6053,2006-03-14,6,1,0,0.105427
6054,2006-03-16,4,6,0,0.105408
6055,2006-03-18,1,2,0,0.105389
6056,2006-03-21,8,1,0,0.105369
6057,2006-03-23,6,8,0,0.10535
6058,2006-03-25,5,3,0,0.105331
6059,2006-03-28,3,9,0,0.105311
6060,2006-03-30,2,6,0,0.105292
6061,2006-04-01,8,1,0,0.105273
6062,2006-04-04,7,4,0,0.105254
6063,2006-04-06,1,7,0,0.105234
6064,2006-04-08,9,4,0,0.105215
6065,2006-04-11,4,3,0,0.105196
6066,2006-04-13,8,4,0,0.105177
6067,2006-04-15,9,5,0,0.105157
6068,2006-04-18,1,1,1,0.105321
6069,2006-04-20,2,2,1,0.105484
6070,2006-04-22,2,1,0,0.105465
6071,2006-04-26,1,9,0,0.105446
6072,2006-04-27,7,1,0,0.105427
6073,2006-04-29,3,1,0,0.105407
6074,2006-05-02,2,4,0,0.105388
6075,2006-05-04,1,1,1,0.105551
6076,2006-05-06,5,1,0,0.105532
6077,2006-05-09,4,8,0,0.105513
6078,2006-05-11,3,6,0,0.105494
6079,2006-05-13,4,1,0,0.105474
6080,2006-05-16,5,6,0,0.105455
6081,2006-05-18,1,3,0,0.105436
6082,2006-05-20,5,3,0,0.105417
6083,2006-05-23,6,8,0,0.105398
6084,2006-05-25,6,4,0,0.105378
6085,2006-05-27,5,1,0,0.105359
6086,2006-05-30,2,3,0,0.10534
6087,2006-06-01,2,1,0,0.105321
6088,2006-06-03,1,9,0,0.105302
6089,2006-06-06,7,1,0,0.105282
6090,2006-06-08,6,1,0,0.105263
6091,2006-06-10,8,6,0,0.105244
6092,2006-06-13,5,5,1,0.105407
6093,2006-06-15,7,1,0,0.105388
6094,2006-06-17,3,1,0,0.105369
6095,2006-06-20,9,4,0,0.105349
6096,2006-06-22,3,9,0,0.10533
6097,2006-06-24,6,3,0,0.105311
6098,2006-06-27,8,2,0,0.105292
6099,2006-06-29,2,5,0,0.105273
6100,2006-07-01,2,2,1,0.105435
6101,2006-07-04,5,9,0,0.105416
6102,2006-07-06,1,2,0,0.105397
6103,2006-07-08,6,3,0,0.105378
6104,2006-07-11,2,3,0,0.105359
6105,2006-07-13,2,1,0,0.10534
6106,2006-07-15,6,9,0,0.105321
6107,2006-07-18,5,4,0,0.105301
6108,2006-07-20,8,3,0,0.105282
6109,2006-07-22,3,9,0,0.105263
6110,2006-07-25,8,2,0,0.105244
6111,2006-07-27,2,3,0,0.105225
6112,2006-07-29,4,2,0,0.105206
6113,2006-08-01,3,1,0,0.105187
6114,2006-08-03,7,1,0,0.105168
6115,2006-08-05,9,2,0,0.105149
6116,2006-08-08,5,7,0,0.10513
6117,2006-08-10,6,4,0,0.105111
6118,2006-08-12,8,4,0,0.105092
6119,2006-08-16,9,5,0,0.105072
6120,2006-08-17,8,1,0,0.105053
6121,2006-08-19,6,4,0,0.105034
6122,2006-08-22,4,3,0,0.105015
6123,2006-08-24,6,2,0,0.104996
6124,2006-08-26,8,5,0,0.104977
6125,2006-08-29,4,5,0,0.104958
6126,2006-08-31,5,7,0,0.104939
6127,2006-09-02,1,3,0,0.10492
6128,2006-09-05,3,3,1,0.105082
6129,2006-09-07,8,7,0,0.105063
6130,2006-09-09,4,3,0,0.105044
6131,2006-09-12,3,7,0,0.105025
6132,2006-09-14,8,1,0,0.105006
6133,2006-09-16,2,3,0,0.104987
6134,2006-09-19,2,2,1,0.105149
6135,2006-09-21,1,9,0,0.10513
6136,2006-09-23,2,1,0,0.105111
6137,2006-09-26,1,1,1,0.105273
6138,2006-09-28,9,1,0,0.105254
6139,2006-09-30,8,3,0,0.105235
6140,2006-10-03,4,4,1,0.105396
6141,2006-10-05,3,7,0,0.105377
6142,2006-10-07,1,1,1,0.105539
6143,2006-10-10,8,3,0,0.105519
6144,2006-10-12,7,8,0,0.1055
6145,2006-10-14,1,7,0,0.105481
6146,2006-10-17,9,4,0,0.105462
6147,2006-10-19,3,3,1,0.105624
6148,2006-10-21,1,3,0,0.105605
6149,2006-10-24,8,3,0,0.105586
6150,2006-10-26,6,8,0,0.105567
6151,2006-10-28,1,3,0,0.105548
6152,2006-10-31,8,2,0,0.105529
6153,2006-11-02,2,8,0,0.10551
6154,2006-11-04,8,2,0,0.105491
6155,2006-11-07,2,4,0,0.105472
6156,2006-11-09,6,2,0,0.105453
6157,2006-11-11,6,4,0,0.105434
6158,2006-11-14,7,1,0,0.105415
6159,2006-11-16,4,8,0,0.105396
6160,2006-11-18,9,3,0,0.105377
6161,2006-11-21,5,6,0,0.105358
6162,2006-11-23,8,4,0,0.105339
6163,2006-11-25,2,9,0,0.10532
6164,2006-11-28,1,2,0,0.105301
6165,2006-11-30,1,1,1,0.105462
6166,2006-12-02,6,8,0,0.105443
6167,2006-12-05,7,3,0,0.105424
6168,2006-12-07,1,8,0,0.105405
6169,2006-12-09,8,4,0,0.105386
6170,2006-12-12,6,8,0,0.105367
6171,2006-12-14,7,3,0,0.105348
6172,2006-12-16,8,8,1,0.105509
6173,2006-12-19,9,8,0,0.10549
6174,2006-12-21,8,1,0,0.105471
6175,2006-12-23,5,4,0,0.105452
6176,2006-12-27,9,1,0,0.105433
6177,2006-12-28,8,1,0,0.105414
6178,2006-12-30,8,4,0,0.105395
6179,2007-01-02,9,8,0,0.105376
6180,2007-01-04,9,1,0,0.105357
6181,2007-01-08,2,2,1,0.105518
6182,2007-01-09,3,9,0,0.105499
6183,2007-01-11,7,6,0,0.10548
6184,2007-01-13,4,2,0,0.105461
6185,2007-01-16,9,3,0,0.105442
6186,2007-01-18,9,6,0,0.105423
6187,2007-01-20,2,2,1,0.105583
6188,2007-01-23,4,3,0,0.105565
6189,2007-01-25,1,1,1,0.105725
6190,2007-01-27,4,1,0,0.105706
6191,2007-01-30,4,7,0,0.105687
6192,2007-02-01,7,8,0,0.105668
6193,2007-02-03,5,1,0,0.105649
6194,2007-02-06,5,7,0,0.10563
6195,2007-02-08,8,3,0,0.105611
6196,2007-02-10,8,9,0,0.105592
6197,2007-02-13,3,8,0,0.105573
6198,2007-02-15,6,2,0,0.105555
6199,2007-02-17,6,2,0,0.105536
6200,2007-02-20,9,1,0,0.105517
6201,2007-02-22,1,9,0,0.105498
6202,2007-02-24,7,2,0,0.105479
6203,2007-02-27,1,1,1,0.105639
6204,2007-03-01,3,8,0,0.10562
6205,2007-03-03,6,8,0,0.105601
6206,2007-03-06,6,2,0,0.105582
6207,2007-03-08,7,1,0,0.105563
6208,2007-03-10,3,8,0,0.105545
6209,2007-03-13,6,4,0,0.105526
6210,2007-03-15,2,2,1,0.105685
6211,2007-03-17,1,1,1,0.105845
6212,2007-03-20,9,1,0,0.105826
6213,2007-03-22,7,3,0,0.105807
6214,2007-03-24,3,7,0,0.105788
6215,2007-03-27,2,4,0,0.105769
6216,2007-03-29,5,1,0,0.10575
6217,2007-03-31,6,2,0,0.105732
6218,2007-04-03,2,4,0,0.105713
6219,2007-04-05,5,1,0,0.105694
6220,2007-04-07,9,2,0,0.105675
6221,2007-04-10,5,1,0,0.105656
6222,2007-04-12,5,4,0,0.105638
6223,2007-04-14,8,3,0,0.105619
6224,2007-04-17,1,8,0,0.1056
6225,2007-04-19,5,6,0,0.105581
6226,2007-04-21,3,8,0,0.105562
6227,2007-04-24,1,6,0,0.105544
6228,2007-04-26,7,3,0,0.105525
6229,2007-04-28,4,1,0,0.105506
6230,2007-05-02,3,3,1,0.105665
6231,2007-05-03,6,1,0,0.105646
6232,2007-05-05,2,2,1,0.105805
6233,2007-05-08,5,1,0,0.105786
6234,2007-05-10,1,2,0,0.105768
6235,2007-05-12,4,3,0,0.105749
6236,2007-05-15,1,7,0,0.10573
6237,2007-05-17,8,1,0,0.105711
6238,2007-05-19,7,8,0,0.105692
6239,2007-05-22,8,7,0,0.105674
6240,2007-05-24,4,8,0,0.105655
6241,2007-05-26,8,7,0,0.105636
6242,2007-05-29,2,5,0,0.105618
6243,2007-05-31,7,2,0,0.105599
6244,2007-06-04,3,2,0,0.10558
6245,2007-06-05,4,4,1,0.105739
6246,2007-06-07,8,6,0,0.10572
6247,2007-06-09,4,5,0,0.105701
6248,2007-06-12,4,7,0,0.105682
6249,2007-06-14,8,8,1,0.105841
6250,2007-06-16,8,5,0,0.105822
6251,2007-06-19,9,8,0,0.105803
6252,2007-06-21,3,1,0,0.105785
6253,2007-06-23,2,3,0,0.105766
6254,2007-06-26,7,1,0,0.105747
6255,2007-06-28,5,2,0,0.105728
6256,2007-06-30,2,7,0,0.10571
6257,2007-07-03,7,1,0,0.105691
6258,2007-07-05,5,2,0,0.105672
6259,2007-07-07,8,7,0,0.105654
6260,2007-07-10,4,8,0,0.105635
6261,2007-07-12,9,7,0,0.105616
6262,2007-07-14,2,6,0,0.105598
6263,2007-07-17,7,3,0,0.105579
6264,2007-07-19,9,2,0,0.10556
6265,2007-07-21,7,7,1,0.105718
6266,2007-07-24,2,7,0,0.1057
6267,2007-07-26,3,2,0,0.105681
6268,2007-07-28,2,6,0,0.105662
6269,2007-07-31,2,1,0,0.105644
6270,2007-08-02,1,9,0,0.105625
6271,2007-08-04,9,1,0,0.105606
6272,2007-08-07,7,3,0,0.105588
6273,2007-08-09,2,7,0,0.105569
6274,2007-08-11,3,2,0,0.105551
6275,2007-08-14,9,6,0,0.105532
6276,2007-08-16,8,9,0,0.105513
6277,2007-08-18,5,4,0,0.105495
6278,2007-08-21,3,1,0,0.105476
6279,2007-08-23,1,1,1,0.105634
6280,2007-08-25,5,3,0,0.105615
6281,2007-08-28,8,8,1,0.105773
6282,2007-08-30,8,8,1,0.10593
6283,2007-09-01,1,8,0,0.105911
6284,2007-09-04,7,6,0,0.105893
6285,2007-09-06,7,1,0,0.105874
6286,2007-09-08,6,7,0,0.105855
6287,2007-09-11,8,6,0,0.105837
6288,2007-09-13,5,5,1,0.105994
6289,2007-09-15,3,1,0,0.105975
6290,2007-09-18,2,1,0,0.105957
6291,2007-09-20,7,1,0,0.105938
6292,2007-09-22,3,2,0,0.10592
6293,2007-09-25,2,4,0,0.105901
6294,2007-09-27,4,1,0,0.105882
6295,2007-09-29,3,1,0,0.105864
6296,2007-10-02,5,1,0,0.105845
6297,2007-10-04,7,4,0,0.105827
6298,2007-10-06,9,1,0,0.105808
6299,2007-10-09,6,7,0,0.105789
6300,2007-10-11,5,1,0,0.105771
6301,2007-10-13,7,3,0,0.105752
6302,2007-10-16,5,1,0,0.105734
6303,2007-10-18,1,8,0,0.105715
6304,2007-10-20,9,3,0,0.105697
6305,2007-10-23,4,3,0,0.105678
6306,2007-10-25,8,4,0,0.10566
6307,2007-10-27,6,5,0,0.105641
6308,2007-10-30,9,3,0,0.105623
6309,2007-11-02,8,9,0,0.105604
6310,2007-11-03,7,5,0,0.105586
6311,2007-11-06,3,7,0,0.105567
6312,2007-11-08,8,4,0,0.105549
6313,2007-11-10,8,3,0,0.10553
6314,2007-11-13,7,8,0,0.105512
6315,2007-11-15,4,7,0,0.105493
6316,2007-11-17,2,3,0,0.105475
6317,2007-11-20,4,7,0,0.105456
6318,2007-11-22,7,1,0,0.105438
6319,2007-11-24,5,1,0,0.10542
6320,2007-11-27,9,8,0,0.105401
6321,2007-11-29,5,1,0,0.105383
6322,2007-12-01,9,4,0,0.105364
6323,2007-12-04,3,1,0,0.105346
6324,2007-12-06,3,3,1,0.105502
6325,2007-12-10,4,6,0,0.105484
6326,2007-12-11,6,6,1,0.10564
6327,2007-12-13,8,5,0,0.105622
6328,2007-12-15,6,5,0,0.105603
6329,2007-12-18,2,3,0,0.105585
6330,2007-12-20,9,1,0,0.105566
6331,2007-12-22,4,5,0,0.105548
6332,2007-12-24,3,4,0,0.105529
6333,2007-12-27,6,1,0,0.105511
6334,2007-12-29,9,2,0,0.105493
6335,2008-01-02,8,9,0,0.105474
6336,2008-01-03,9,5,0,0.105456
6337,2008-01-05,1,1,1,0.105612
6338,2008-01-08,5,2,0,0.105593
6339,2008-01-10,3,8,0,0.105575
6340,2008-01-12,1,1,1,0.105731
6341,2008-01-15,7,3,0,0.105712
6342,2008-01-17,9,1,0,0.105694
6343,2008-01-19,7,7,1,0.10585
6344,2008-01-22,5,7,0,0.105831
6345,2008-01-24,6,8,0,0.105813
6346,2008-01-26,3,4,0,0.105794
6347,2008-01-29,4,2,0,0.105776
6348,2008-01-31,9,6,0,0.105758
6349,2008-02-02,7,6,0,0.105739
6350,2008-02-05,8,7,0,0.105721
6351,2008-02-07,6,8,0,0.105702
6352,2008-02-09,7,3,0,0.105684
6353,2008-02-12,7,8,0,0.105666
6354,2008-02-14,3,7,0,0.105647
6355,2008-02-16,5,4,0,0.105629
6356,2008-02-19,9,4,0,0.105611
6357,2008-02-21,4,3,0,0.105592
6358,2008-02-23,6,4,0,0.105574
6359,2008-02-26,6,5,0,0.105556
6360,2008-02-28,8,1,0,0.105537
6361,2008-03-01,3,5,0,0.105519
6362,2008-03-04,1,2,0,0.105501
6363,2008-03-06,5,7,0,0.105482
6364,2008-03-08,6,8,0,0.105464
6365,2008-03-11,6,4,0,0.105446
6366,2008-03-13,9,1,0,0.105427
6367,2008-03-15,8,9,0,0.105409
6368,2008-03-18,1,5,0,0.105391
6369,2008-03-20,2,6,0,0.105373
6370,2008-03-22,8,1,0,0.105354
6371,2008-03-25,1,4,0,0.105336
6372,2008-03-27,1,6,0,0.105318
6373,2008-03-29,6,8,0,0.1053
6374,2008-04-01,3,3,1,0.105455
6375,2008-04-03,6,2,0,0.105436
6376,2008-04-05,1,2,0,0.105418
6377,2008-04-08,3,2,0,0.1054
6378,2008-04-10,6,8,0,0.105382
6379,2008-04-12,3,2,0,0.105363
6380,2008-04-15,5,2,0,0.105345
6381,2008-04-17,3,4,0,0.105327
6382,2008-04-19,2,1,0,0.105309
6383,2008-04-22,9,1,0,0.10529
6384,2008-04-24,9,5,0,0.105272
6385,2008-04-26,3,2,0,0.105254
6386,2008-04-29,9,3,0,0.105236
6387,2008-05-02,2,9,0,0.105218
6388,2008-05-03,4,3,0,0.1052
6389,2008-05-06,8,1,0,0.105181
6390,2008-05-08,9,5,0,0.105163
6391,2008-05-10,6,1,0,0.105145
6392,2008-05-13,9,1,0,0.105127
6393,2008-05-15,5,9,0,0.105109
6394,2008-05-17,1,4,0,0.105091
6395,2008-05-20,2,3,0,0.105072
6396,2008-05-22,6,1,0,0.105054
6397,2008-05-24,8,6,0,0.105036
6398,2008-05-27,6,5,0,0.105018
6399,2008-05-29,9,7,0,0.105
6400,2008-05-31,2,9,0,0.104982
6401,2008-06-03,2,3,0,0.104964
6402,2008-06-05,4,9,0,0.104946
6403,2008-06-07,9,1,0,0.104928
6404,2008-06-10,5,6,0,0.10491
6405,2008-06-12,8,4,0,0.104891
6406,2008-06-14,3,8,0,0.104873
6407,2008-06-17,3,2,0,0.104855
6408,2008-06-19,1,6,0,0.104837
6409,2008-06-21,5,7,0,0.104819
6410,2008-06-24,9,8,0,0.104801
6411,2008-06-26,8,3,0,0.104783
6412,2008-06-28,9,5,0,0.104765
6413,2008-07-01,7,1,0,0.104747
6414,2008-07-03,2,7,0,0.104729
6415,2008-07-05,2,2,1,0.104883
6416,2008-07-08,9,9,1,0.105037
6417,2008-07-10,5,5,1,0.105191
6418,2008-07-12,3,4,0,0.105173
6419,2008-07-15,8,1,0,0.105155
6420,2008-07-17,4,3,0,0.105137
6421,2008-07-19,8,9,0,0.105119
6422,2008-07-22,9,5,0,0.1051
6423,2008-07-24,4,1,0,0.105082
6424,2008-07-26,3,4,0,0.105064
6425,2008-07-29,9,1,0,0.105046
6426,2008-07-31,4,9,0,0.105028
6427,2008-08-02,8,3,0,0.10501
6428,2008-08-05,5,5,1,0.105164
6429,2008-08-07,3,1,0,0.105146
6430,2008-08-09,1,1,1,0.105299
6431,2008-08-12,7,7,1,0.105453
6432,2008-08-14,8,1,0,0.105435
6433,2008-08-16,9,8,0,0.105417
6434,2008-08-19,8,1,0,0.105398
6435,2008-08-21,9,5,0,0.10538
6436,2008-08-23,6,1,0,0.105362
6437,2008-08-26,2,1,0,0.105344
6438,2008-08-28,9,1,0,0.105326
6439,2008-08-30,7,5,0,0.105308
6440,2008-09-02,9,7,0,0.10529
6441,2008-09-04,8,7,0,0.105272
6442,2008-09-06,3,5,0,0.105254
6443,2008-09-09,7,2,0,0.105236
6444,2008-09-11,9,2,0,0.105218
6445,2008-09-13,2,7,0,0.1052
6446,2008-09-16,6,3,0,0.105182
6447,2008-09-18,3,6,0,0.105164
6448,2008-09-20,6,2,0,0.105146
6449,2008-09-23,3,2,0,0.105128
6450,2008-09-25,3,2,0,0.10511
6451,2008-09-27,4,6,0,0.105092
6452,2008-09-30,7,6,0,0.105074
6453,2008-10-02,6,1,0,0.105056
6454,2008-10-04,5,8,0,0.105038
6455,2008-10-07,8,3,0,0.10502
6456,2008-10-09,2,8,0,0.105003
6457,2008-10-11,5,2,0,0.104985
6458,2008-10-14,6,2,0,0.104967
6459,2008-10-16,7,4,0,0.104949
6460,2008-10-18,5,8,0,0.104931
6461,2008-10-21,6,8,0,0.104913
6462,2008-10-23,4,4,1,0.105066
6463,2008-10-25,8,2,0,0.105048
6464,2008-10-28,3,5,0,0.10503
6465,2008-10-30,3,2,0,0.105012
6466,2008-11-03,1,6,0,0.104994
6467,2008-11-04,8,7,0,0.104976
6468,2008-11-06,5,8,0,0.104958
6469,2008-11-08,9,1,0,0.10494
6470,2008-11-11,1,3,0,0.104923
6471,2008-11-13,8,2,0,0.104905
6472,2008-11-15,2,8,0,0.104887
6473,2008-11-18,6,2,0,0.104869
6474,2008-11-20,7,6,0,0.104851
6475,2008-11-22,2,8,0,0.104833
6476,2008-11-25,5,2,0,0.104815
6477,2008-11-27,1,2,0,0.104798
6478,2008-11-29,9,3,0,0.10478
6479,2008-12-02,5,3,0,0.104762
6480,2008-12-04,2,4,0,0.104744
6481,2008-12-06,8,1,0,0.104726
6482,2008-12-09,5,4,0,0.104708
6483,2008-12-11,3,1,0,0.104691
6484,2008-12-13,1,1,1,0.104843
6485,2008-12-16,9,7,0,0.104825
6486,2008-12-18,2,3,0,0.104807
6487,2008-12-20,8,3,0,0.104789
6488,2008-12-23,3,4,0,0.104772
6489,2008-12-24,1,2,0,0.104754
6490,2008-12-27,2,7,0,0.104736
6491,2008-12-30,9,1,0,0.104718
6492,2009-01-02,8,5,0,0.1047
6493,2009-01-03,8,5,0,0.104683
6494,2009-01-07,6,8,0,0.104665
6495,2009-01-08,8,7,0,0.104647
6496,2009-01-10,7,5,0,0.104629
6497,2009-01-13,9,7,0,0.104612
6498,2009-01-15,2,7,0,0.104594
6499,2009-01-17,3,3,1,0.104746
6500,2009-01-20,3,6,0,0.104728
6501,2009-01-22,4,6,0,0.10471
6502,2009-01-24,8,6,0,0.104693
6503,2009-01-27,1,5,0,0.104675
6504,2009-01-29,7,6,0,0.104657
6505,2009-01-31,1,1,1,0.104809
6506,2009-02-03,6,3,0,0.104791
6507,2009-02-05,6,3,0,0.104773
6508,2009-02-07,3,1,0,0.104755
6509,2009-02-10,9,2,0,0.104738
6510,2009-02-12,5,9,0,0.10472
6511,2009-02-14,4,4,1,0.104871
6512,2009-02-17,9,6,0,0.104854
6513,2009-02-19,4,6,0,0.104836
6514,2009-02-21,5,3,0,0.104818
6515,2009-02-24,2,3,0,0.104801
6516,2009-02-26,3,1,0,0.104783
6517,2009-02-28,5,6,0,0.104765
6518,2009-03-03,7,4,0,0.104747
6519,2009-03-05,4,1,0,0.10473
6520,2009-03-07,8,3,0,0.104712
6521,2009-03-10,8,5,0,0.104694
6522,2009-03-12,4,8,0,0.104677
6523,2009-03-14,9,9,1,0.104828
6524,2009-03-17,9,6,0,0.10481
6525,2009-03-19,1,2,0,0.104792
6526,2009-03-21,7,2,0,0.104775
6527,2009-03-24,4,1,0,0.104757
6528,2009-03-26,5,3,0,0.104739
6529,2009-03-28,1,3,0,0.104722
6530,2009-03-31,6,3,0,0.104704
6531,2009-04-02,6,3,0,0.104686
6532,2009-04-04,2,1,0,0.104669
6533,2009-04-07,5,1,0,0.104651
6534,2009-04-09,7,2,0,0.104634
6535,2009-04-11,9,1,0,0.104616
6536,2009-04-14,5,7,0,0.104598
6537,2009-04-16,5,4,0,0.104581
6538,2009-04-18,8,3,0,0.104563
6539,2009-04-21,1,8,0,0.104545
6540,2009-04-23,2,7,0,0.104528
6541,2009-04-27,2,1,0,0.10451
6542,2009-04-28,6,9,0,0.104493
6543,2009-04-30,3,6,0,0.104475
6544,2009-05-02,7,9,0,0.104458
6545,2009-05-05,5,2,0,0.10444
6546,2009-05-07,9,8,0,0.104422
6547,2009-05-09,4,1,0,0.104405
6548,2009-05-12,9,3,0,0.104387
6549,2009-05-14,7,6,0,0.10437
6550,2009-05-16,6,7,0,0.104352
6551,2009-05-19,5,8,0,0.104335
6552,2009-05-21,9,3,0,0.104317
6553,2009-05-23,1,1,1,0.104468
6554,2009-05-26,8,2,0,0.10445
6555,2009-05-28,3,8,0,0.104433
6556,2009-05-30,5,2,0,0.104415
6557,2009-06-03,5,4,0,0.104397
6558,2009-06-04,6,3,0,0.10438
6559,2009-06-06,8,4,0,0.104362
6560,2009-06-09,9,5,0,0.104345
6561,2009-06-11,3,1,0,0.104327
6562,2009-06-13,6,3,0,0.10431
6563,2009-06-16,4,2,0,0.104292
6564,2009-06-18,3,2,0,0.104275
6565,2009-06-20,3,1,0,0.104257
6566,2009-06-23,6,6,1,0.104408
6567,2009-06-25,2,2,1,0.104558
6568,2009-06-27,3,1,0,0.10454
6569,2009-06-30,8,6,0,0.104523
6570,2009-07-02,7,3,0,0.104505
6571,2009-07-04,3,7,0,0.104488
6572,2009-07-07,3,4,0,0.10447
6573,2009-07-09,6,6,1,0.10462
6574,2009-07-11,4,2,0,0.104603
6575,2009-07-14,5,2,0,0.104585
6576,2009-07-16,4,3,0,0.104568
6577,2009-07-18,5,6,0,0.10455
6578,2009-07-21,2,3,0,0.104533
6579,2009-07-23,8,1,0,0.104515
6580,2009-07-25,6,4,0,0.104498
6581,2009-07-28,9,7,0,0.10448
6582,2009-07-30,8,9,0,0.104463
6583,2009-08-01,8,5,0,0.104445
6584,2009-08-04,4,8,0,0.104428
6585,2009-08-06,9,9,1,0.104577
6586,2009-08-08,2,6,0,0.10456
6587,2009-08-11,3,3,1,0.104709
6588,2009-08-13,1,6,0,0.104692
6589,2009-08-17,9,7,0,0.104674
6590,2009-08-18,8,3,0,0.104657
6591,2009-08-20,1,5,0,0.10464
6592,2009-08-22,1,7,0,0.104622
6593,2009-08-25,4,8,0,0.104605
6594,2009-08-27,5,7,0,0.104587
6595,2009-08-29,4,3,0,0.10457
6596,2009-09-01,2,6,0,0.104552
6597,2009-09-03,8,7,0,0.104535
6598,2009-09-05,9,4,0,0.104517
6599,2009-09-08,2,1,0,0.1045
6600,2009-09-10,6,3,0,0.104483
6601,2009-09-12,6,6,1,0.104632
6602,2009-09-15,7,1,0,0.104614
6603,2009-09-17,2,8,0,0.104597
6604,2009-09-19,9,2,0,0.10458
6605,2009-09-22,3,5,0,0.104562
6606,2009-09-24,4,3,0,0.104545
6607,2009-09-26,9,6,0,0.104527
6608,2009-09-29,5,6,0,0.10451
6609,2009-10-01,1,4,0,0.104493
6610,2009-10-03,6,3,0,0.104475
6611,2009-10-06,9,3,0,0.104458
6612,2009-10-08,8,9,0,0.10444
6613,2009-10-10,7,5,0,0.104423
6614,2009-10-13,1,3,0,0.104406
6615,2009-10-15,8,3,0,0.104388
6616,2009-10-17,1,8,0,0.104371
6617,2009-10-20,5,1,0,0.104354
6618,2009-10-22,2,8,0,0.104336
6619,2009-10-24,4,1,0,0.104319
6620,2009-10-27,1,1,1,0.104468
6621,2009-10-29,9,1,0,0.10445
6622,2009-10-31,7,3,0,0.104433
6623,2009-11-03,3,7,0,0.104416
6624,2009-11-05,5,4,0,0.104398
6625,2009-11-07,1,4,0,0.104381
6626,2009-11-10,7,3,0,0.104364
6627,2009-11-12,5,1,0,0.104346
6628,2009-11-14,6,8,0,0.104329
6629,2009-11-17,6,4,0,0.104312
6630,2009-11-19,6,1,0,0.104294
6631,2009-11-21,5,1,0,0.104277
6632,2009-11-24,8,9,0,0.10426
6633,2009-11-26,7,8,0,0.104243
6634,2009-11-28,3,3,1,0.104391
6635,2009-12-01,6,4,0,0.104374
6636,2009-12-03,8,2,0,0.104356
6637,2009-12-05,2,5,0,0.104339
6638,2009-12-09,7,2,0,0.104322
6639,2009-12-10,9,2,0,0.104305
6640,2009-12-12,5,7,0,0.104287
6641,2009-12-15,3,4,0,0.10427
6642,2009-12-17,3,1,0,0.104253
6643,2009-12-19,1,6,0,0.104236
6644,2009-12-22,9,7,0,0.104218
6645,2009-12-24,3,3,1,0.104367
6646,2009-12-28,5,3,0,0.104349
6647,2009-12-29,2,4,0,0.104332
6648,2009-12-31,3,1,0,0.104315
6649,2010-01-02,4,6,0,0.104298
6650,2010-01-05,1,6,0,0.10428
6651,2010-01-07,5,1,0,0.104263
6652,2010-01-09,9,8,0,0.104246
6653,2010-01-12,8,1,0,0.104229
6654,2010-01-14,7,7,1,0.104377
6655,2010-01-16,4,3,0,0.104359
6656,2010-01-19,6,3,0,0.104342
6657,2010-01-21,9,5,0,0.104325
6658,2010-01-23,5,8,0,0.104308
6659,2010-01-26,5,4,0,0.10429
6660,2010-01-28,7,3,0,0.104273
6661,2010-01-30,7,1,0,0.104256
6662,2010-02-02,2,7,0,0.104239
6663,2010-02-04,3,2,0,0.104222
6664,2010-02-06,2,6,0,0.104204
6665,2010-02-09,2,1,0,0.104187
6666,2010-02-11,4,9,0,0.10417
6667,2010-02-13,4,1,0,0.104153
6668,2010-02-16,4,8,0,0.104136
6669,2010-02-18,2,8,0,0.104119
6670,2010-02-20,7,7,1,0.104266
6671,2010-02-23,1,9,0,0.104249
6672,2010-02-25,2,8,0,0.104232
6673,2010-02-27,4,1,0,0.104215
6674,2010-03-02,2,1,0,0.104198
6675,2010-03-04,8,7,0,0.10418
6676,2010-03-06,1,4,0,0.104163
6677,2010-03-09,1,1,1,0.104311
6678,2010-03-11,7,8,0,0.104293
6679,2010-03-13,1,1,1,0.104441
6680,2010-03-16,9,8,0,0.104424
6681,2010-03-18,3,3,1,0.104571
6682,2010-03-20,9,3,0,0.104554
6683,2010-03-23,8,9,0,0.104536
6684,2010-03-25,7,7,1,0.104684
6685,2010-03-27,4,3,0,0.104666
6686,2010-03-30,8,3,0,0.104649
6687,2010-04-01,1,5,0,0.104632
6688,2010-04-03,9,1,0,0.104615
6689,2010-04-06,5,3,0,0.104598
6690,2010-04-08,6,4,0,0.104581
6691,2010-04-10,7,4,0,0.104563
6692,2010-04-13,8,8,1,0.10471
6693,2010-04-15,8,8,1,0.104857
6694,2010-04-17,3,8,0,0.10484
6695,2010-04-20,1,2,0,0.104823
6696,2010-04-22,7,7,1,0.10497
6697,2010-04-24,1,1,1,0.105116
6698,2010-04-27,5,8,0,0.105099
6699,2010-04-29,1,8,0,0.105082
6700,2010-05-03,9,3,0,0.105065
6701,2010-05-04,3,3,1,0.105211
6702,2010-05-06,4,3,0,0.105194
6703,2010-05-08,8,6,0,0.105177
6704,2010-05-11,7,5,0,0.10516
6705,2010-05-13,5,3,0,0.105142
6706,2010-05-15,9,8,0,0.105125
6707,2010-05-18,4,1,0,0.105108
6708,2010-05-20,8,3,0,0.105091
6709,2010-05-22,4,5,0,0.105074
6710,2010-05-25,1,9,0,0.105056
6711,2010-05-27,6,1,0,0.105039
6712,2010-05-29,4,3,0,0.105022
6713,2010-06-01,8,2,0,0.105005
6714,2010-06-03,3,5,0,0.104988
6715,2010-06-05,5,2,0,0.104971
6716,2010-06-08,5,4,0,0.104953
6717,2010-06-10,3,3,1,0.1051
6718,2010-06-12,6,1,0,0.105083
6719,2010-06-15,9,2,0,0.105065
6720,2010-06-17,1,8,0,0.105048
6721,2010-06-19,9,2,0,0.105031
6722,2010-06-22,3,3,1,0.105177
6723,2010-06-24,4,3,0,0.10516
6724,2010-06-26,1,6,0,0.105143
6725,2010-06-29,5,1,0,0.105126
6726,2010-07-01,4,8,0,0.105109
6727,2010-07-03,6,6,1,0.105255
6728,2010-07-06,5,5,1,0.105401
6729,2010-07-08,8,9,0,0.105383
6730,2010-07-10,5,8,0,0.105366
6731,2010-07-13,3,1,0,0.105349
6732,2010-07-15,7,1,0,0.105332
6733,2010-07-17,6,2,0,0.105315
6734,2010-07-20,5,8,0,0.105297
6735,2010-07-22,5,9,0,0.10528
6736,2010-07-24,9,3,0,0.105263
6737,2010-07-27,1,1,1,0.105409
6738,2010-07-29,8,2,0,0.105392
6739,2010-07-31,5,8,0,0.105375
6740,2010-08-03,4,1,0,0.105357
6741,2010-08-05,4,6,0,0.10534
6742,2010-08-07,2,8,0,0.105323
6743,2010-08-10,1,7,0,0.105306
6744,2010-08-12,4,9,0,0.105289
6745,2010-08-14,7,7,1,0.105434
6746,2010-08-17,2,1,0,0.105417
6747,2010-08-19,1,2,0,0.1054
6748,2010-08-21,5,9,0,0.105383
6749,2010-08-24,3,8,0,0.105366
6750,2010-08-26,1,1,1,0.105511
6751,2010-08-28,1,7,0,0.105494
6752,2010-08-31,6,8,0,0.105477
6753,2010-09-02,6,3,0,0.10546
6754,2010-09-04,5,1,0,0.105443
6755,2010-09-07,2,9,0,0.105426
6756,2010-09-09,9,1,0,0.105408
6757,2010-09-11,8,5,0,0.105391
6758,2010-09-14,1,7,0,0.105374
6759,2010-09-16,7,1,0,0.105357
6760,2010-09-18,5,1,0,0.10534
6761,2010-09-21,9,8,0,0.105323
6762,2010-09-23,1,1,1,0.105468
6763,2010-09-25,7,2,0,0.105451
6764,2010-09-28,5,1,0,0.105434
6765,2010-09-30,4,8,0,0.105417
6766,2010-10-02,2,6,0,0.1054
6767,2010-10-05,4,7,0,0.105383
6768,2010-10-07,7,1,0,0.105366
6769,2010-10-09,3,1,0,0.105348
6770,2010-10-12,1,4,0,0.105331
6771,2010-10-14,5,7,0,0.105314
6772,2010-10-16,6,8,0,0.105297
6773,2010-10-19,1,4,0,0.10528
6774,2010-10-21,4,2,0,0.105263
6775,2010-10-23,9,7,0,0.105246
6776,2010-10-26,6,6,1,0.105391
6777,2010-10-28,1,1,1,0.105536
6778,2010-10-30,3,2,0,0.105519
6779,2010-11-02,8,6,0,0.105502
6780,2010-11-04,5,3,0,0.105485
6781,2010-11-06,9,1,0,0.105467
6782,2010-11-09,5,1,0,0.10545
6783,2010-11-11,5,4,0,0.105433
6784,2010-11-13,1,3,0,0.105416
6785,2010-11-16,6,3,0,0.105399
6786,2010-11-18,3,3,1,0.105544
6787,2010-11-20,7,9,0,0.105527
6788,2010-11-23,4,2,0,0.10551
6789,2010-11-25,2,3,0,0.105493
6790,2010-11-27,1,7,0,0.105476
6791,2010-11-30,7,9,0,0.105459
6792,2010-12-02,2,1,0,0.105442
6793,2010-12-04,8,2,0,0.105425
6794,2010-12-07,8,4,0,0.105408
6795,2010-12-09,1,8,0,0.105391
6796,2010-12-11,4,1,0,0.105374
6797,2010-12-14,6,7,0,0.105357
6798,2010-12-16,5,5,1,0.105501
6799,2010-12-18,3,9,0,0.105484
6800,2010-12-21,5,1,0,0.105467
6801,2010-12-23,6,4,0,0.10545
6802,2010-12-27,8,4,0,0.105433
6803,2010-12-28,5,5,1,0.105577
6804,2010-12-30,9,1,0,0.10556
6805,2011-01-03,5,1,0,0.105543
6806,2011-01-04,2,4,0,0.105526
6807,2011-01-07,2,9,0,0.105509
6808,2011-01-08,5,9,0,0.105492
6809,2011-01-11,6,2,0,0.105475
6810,2011-01-13,7,4,0,0.105458
6811,2011-01-15,7,8,0,0.105441
6812,2011-01-18,8,7,0,0.105424
6813,2011-01-20,5,8,0,0.105407
6814,2011-01-22,6,1,0,0.10539
6815,2011-01-25,3,4,0,0.105373
6816,2011-01-27,7,9,0,0.105356
6817,2011-01-29,1,2,0,0.105339
6818,2011-02-01,4,8,0,0.105322
6819,2011-02-03,6,7,0,0.105305
6820,2011-02-05,4,5,0,0.105289
6821,2011-02-08,5,2,0,0.105272
6822,2011-02-10,2,3,0,0.105255
6823,2011-02-12,6,9,0,0.105238
6824,2011-02-15,4,6,0,0.105221
6825,2011-02-17,3,2,0,0.105204
6826,2011-02-19,2,1,0,0.105187
6827,2011-02-22,2,1,0,0.10517
6828,2011-02-24,9,9,1,0.105314
6829,2011-02-26,2,5,0,0.105297
6830,2011-03-01,8,3,0,0.10528
6831,2011-03-03,2,4,0,0.105263
6832,2011-03-05,4,2,0,0.105246
6833,2011-03-08,7,1,0,0.105229
6834,2011-03-10,4,1,0,0.105213
6835,2011-03-12,2,3,0,0.105196
6836,2011-03-15,6,7,0,0.105179
6837,2011-03-18,6,6,1,0.105322
6838,2011-03-19,1,1,1,0.105466
6839,2011-03-22,7,2,0,0.105449
6840,2011-03-24,2,1,0,0.105432
6841,2011-03-26,7,2,0,0.105415
6842,2011-03-29,5,9,0,0.105398
6843,2011-03-31,3,8,0,0.105381
6844,2011-04-02,4,1,0,0.105364
6845,2011-04-05,8,6,0,0.105347
6846,2011-04-07,7,3,0,0.105331
6847,2011-04-09,4,3,0,0.105314
6848,2011-04-12,4,3,0,0.105297
6849,2011-04-14,6,8,0,0.10528
6850,2011-04-16,3,5,0,0.105263
6851,2011-04-19,5,9,0,0.105246
6852,2011-04-21,2,4,0,0.105229
6853,2011-04-23,5,9,0,0.105213
6854,2011-04-26,2,2,1,0.105356
6855,2011-04-28,3,9,0,0.105339
6856,2011-04-30,9,6,0,0.105322
6857,2011-05-03,2,9,0,0.105305
6858,2011-05-05,5,3,0,0.105288
6859,2011-05-07,4,2,0,0.105272
6860,2011-05-10,3,6,0,0.105255
6861,2011-05-12,1,1,1,0.105398
6862,2011-05-14,4,7,0,0.105381
6863,2011-05-17,3,7,0,0.105364
6864,2011-05-19,9,1,0,0.105347
6865,2011-05-21,1,9,0,0.10533
6866,2011-05-24,8,2,0,0.105314
6867,2011-05-26,1,8,0,0.105297
6868,2011-05-28,6,1,0,0.10528
6869,2011-05-31,8,3,0,0.105263
6870,2011-06-03,7,5,0,0.105246
6871,2011-06-04,7,3,0,0.10523
6872,2011-06-07,3,7,0,0.105213
6873,2011-06-09,2,4,0,0.105196
6874,2011-06-11,2,1,0,0.105179
6875,2011-06-14,2,9,0,0.105163
6876,2011-06-16,3,9,0,0.105146
6877,2011-06-18,8,6,0,0.105129
6878,2011-06-21,2,5,0,0.105112
6879,2011-06-23,8,2,0,0.105096
6880,2011-06-25,9,4,0,0.105079
6881,2011-06-28,8,1,0,0.105062
6882,2011-06-30,5,7,0,0.105045
6883,2011-07-02,5,1,0,0.105029
6884,2011-07-05,6,3,0,0.105012
6885,2011-07-07,7,4,0,0.104995
6886,2011-07-09,8,8,1,0.105138
6887,2011-07-12,5,8,0,0.105121
6888,2011-07-14,1,1,1,0.105263
6889,2011-07-16,1,3,0,0.105246
6890,2011-07-19,7,8,0,0.10523
6891,2011-07-21,7,1,0,0.105213
6892,2011-07-23,2,7,0,0.105196
6893,2011-07-26,9,2,0,0.10518
6894,2011-07-28,8,5,0,0.105163
6895,2011-07-30,4,7,0,0.105146
6896,2011-08-02,2,9,0,0.105129
6897,2011-08-04,5,7,0,0.105113
6898,2011-08-06,6,2,0,0.105096
6899,2011-08-09,6,4,0,0.105079
6900,2011-08-11,6,1,0,0.105063
6901,2011-08-13,7,1,0,0.105046
6902,2011-08-16,5,8,0,0.105029
6903,2011-08-18,2,8,0,0.105013
6904,2011-08-20,2,9,0,0.104996
6905,2011-08-23,6,9,0,0.104979
6906,2011-08-25,2,6,0,0.104963
6907,2011-08-27,5,1,0,0.104946
6908,2011-08-30,4,2,0,0.104929
6909,2011-09-01,3,6,0,0.104913
6910,2011-09-03,2,1,0,0.104896
6911,2011-09-06,5,1,0,0.10488
6912,2011-09-08,4,2,0,0.104863
6913,2011-09-10,8,6,0,0.104846
6914,2011-09-13,8,3,0,0.10483
6915,2011-09-15,4,8,0,0.104813
6916,2011-09-17,7,9,0,0.104797
6917,2011-09-20,2,1,0,0.10478
6918,2011-09-22,8,2,0,0.104763
6919,2011-09-24,5,4,0,0.104747
6920,2011-09-27,8,1,0,0.10473
6921,2011-09-29,3,8,0,0.104714
6922,2011-10-01,4,2,0,0.104697
6923,2011-10-04,1,6,0,0.104681
6924,2011-10-06,5,1,0,0.104664
6925,2011-10-08,7,6,0,0.104647
6926,2011-10-11,2,1,0,0.104631
6927,2011-10-13,2,2,1,0.104772
6928,2011-10-15,6,9,0,0.104756
6929,2011-10-18,8,6,0,0.104739
6930,2011-10-20,4,5,0,0.104723
6931,2011-10-22,9,9,1,0.104864
6932,2011-10-25,4,6,0,0.104848
6933,2011-10-27,7,8,0,0.104831
6934,2011-10-29,3,1,0,0.104815
6935,2011-11-02,7,4,0,0.104798
6936,2011-11-03,5,2,0,0.104781
6937,2011-11-05,6,8,0,0.104765
6938,2011-11-08,6,4,0,0.104748
6939,2011-11-10,2,1,0,0.104732
6940,2011-11-12,3,1,0,0.104715
6941,2011-11-15,8,6,0,0.104699
6942,2011-11-17,3,5,0,0.104682
6943,2011-11-19,8,2,0,0.104666
6944,2011-11-22,2,3,0,0.104649
6945,2011-11-24,1,2,0,0.104633
6946,2011-11-26,7,9,0,0.104616
6947,2011-11-29,3,1,0,0.1046
6948,2011-12-01,6,4,0,0.104583
6949,2011-12-03,8,2,0,0.104567
6950,2011-12-06,7,5,0,0.10455
6951,2011-12-09,6,3,0,0.104534
6952,2011-12-10,7,8,0,0.104518
6953,2011-12-13,8,8,1,0.104658
6954,2011-12-15,5,8,0,0.104642
6955,2011-12-17,6,1,0,0.104626
6956,2011-12-20,6,4,0,0.104609
6957,2011-12-22,7,1,0,0.104593
6958,2011-12-24,7,8,0,0.104576
6959,2011-12-27,2,2,1,0.104717
6960,2011-12-29,3,2,0,0.104701
6961,2011-12-31,6,8,0,0.104684
6962,2012-01-03,9,2,0,0.104668
6963,2012-01-05,1,8,0,0.104651
6964,2012-01-07,3,2,0,0.104635
6965,2012-01-10,9,8,0,0.104618
6966,2012-01-12,3,9,0,0.104602
6967,2012-01-14,2,3,0,0.104585
6968,2012-01-17,4,1,0,0.104569
6969,2012-01-19,5,1,0,0.104553
6970,2012-01-21,5,3,0,0.104536
6971,2012-01-24,7,3,0,0.10452
6972,2012-01-26,8,1,0,0.104503
6973,2012-01-28,3,8,0,0.104487
6974,2012-01-31,8,2,0,0.104471
6975,2012-02-02,7,2,0,0.104454
6976,2012-02-04,7,3,0,0.104438
6977,2012-02-07,8,2,0,0.104421
6978,2012-02-09,6,8,0,0.104405
6979,2012-02-11,4,9,0,0.104389
6980,2012-02-14,4,2,0,0.104372
6981,2012-02-16,3,8,0,0.104356
6982,2012-02-18,8,1,0,0.10434
6983,2012-02-21,5,2,0,0.104323
6984,2012-02-23,1,1,1,0.104464
6985,2012-02-25,5,3,0,0.104447
6986,2012-02-28,3,6,0,0.104431
6987,2012-03-01,2,1,0,0.104415
6988,2012-03-03,2,1,0,0.104398
6989,2012-03-06,3,9,0,0.104382
6990,2012-03-08,3,6,0,0.104366
6991,2012-03-10,1,6,0,0.104349
6992,2012-03-13,7,7,1,0.104489
6993,2012-03-15,8,1,0,0.104473
6994,2012-03-17,9,8,0,0.104457
6995,2012-03-20,3,1,0,0.10444
6996,2012-03-22,3,3,1,0.10458
6997,2012-03-24,1,6,0,0.104564
6998,2012-03-27,6,7,0,0.104548
6999,2012-03-29,5,3,0,0.104531
7000,2012-03-31,6,3,0,0.104515
7001,2012-04-03,8,4,0,0.104499
7002,2012-04-05,2,5,0,0.104482
7003,2012-04-07,1,2,0,0.104466
7004,2012-04-10,9,9,1,0.104606
7005,2012-04-12,7,3,0,0.104589
7006,2012-04-14,2,7,0,0.104573
7007,2012-04-17,8,2,0,0.104557
7008,2012-04-19,1,4,0,0.10454
7009,2012-04-21,2,1,0,0.104524
7010,2012-04-24,2,1,0,0.104508
7011,2012-04-26,5,9,0,0.104492
7012,2012-04-28,8,2,0,0.104475
7013,2012-05-02,1,8,0,0.104459
7014,2012-05-03,7,1,0,0.104443
7015,2012-05-05,5,1,0,0.104426
7016,2012-05-08,7,8,0,0.10441
7017,2012-05-10,1,1,1,0.10455
7018,2012-05-12,9,8,0,0.104533
7019,2012-05-15,9,3,0,0.104517
7020,2012-05-17,9,2,0,0.104501
7021,2012-05-19,5,2,0,0.104485
7022,2012-05-22,8,4,0,0.104468
7023,2012-05-24,6,8,0,0.104452
7024,2012-05-26,8,9,0,0.104436
7025,2012-05-29,1,5,0,0.10442
7026,2012-05-31,2,7,0,0.104403
7027,2012-06-04,5,1,0,0.104387
7028,2012-06-05,2,2,1,0.104526
7029,2012-06-07,3,9,0,0.10451
7030,2012-06-09,3,6,0,0.104494
7031,2012-06-12,1,6,0,0.104478
7032,2012-06-14,3,7,0,0.104461
7033,2012-06-16,5,8,0,0.104445
7034,2012-06-19,3,4,0,0.104429
7035,2012-06-21,1,1,1,0.104568
7036,2012-06-23,5,7,0,0.104552
7037,2012-06-26,6,6,1,0.104691
7038,2012-06-28,8,4,0,0.104675
7039,2012-06-30,4,5,0,0.104658
7040,2012-07-03,7,9,0,0.104642
7041,2012-07-05,6,3,0,0.104626
7042,2012-07-07,8,8,1,0.104765
7043,2012-07-10,7,5,0,0.104749
7044,2012-07-12,7,7,1,0.104888
7045,2012-07-14,7,2,0,0.104871
7046,2012-07-17,9,2,0,0.104855
7047,2012-07-19,7,7,1,0.104994
7048,2012-07-21,6,7,0,0.104978
7049,2012-07-24,9,8,0,0.104961
7050,2012-07-26,8,8,1,0.1051
7051,2012-07-28,6,7,0,0.105084
7052,2012-07-31,6,9,0,0.105067
7053,2012-08-02,8,1,0,0.105051
7054,2012-08-04,4,5,0,0.105035
7055,2012-08-07,3,9,0,0.105019
7056,2012-08-09,1,1,1,0.105157
7057,2012-08-11,1,7,0,0.105141
7058,2012-08-14,8,8,1,0.105279
7059,2012-08-16,4,8,0,0.105263
7060,2012-08-18,4,9,0,0.105247
7061,2012-08-21,7,8,0,0.105231
7062,2012-08-23,4,3,0,0.105214
7063,2012-08-25,3,3,1,0.105353
7064,2012-08-28,4,1,0,0.105336
7065,2012-08-30,8,6,0,0.10532
7066,2012-09-01,6,3,0,0.105304
7067,2012-09-04,8,9,0,0.105288
7068,2012-09-06,5,5,1,0.105426
7069,2012-09-08,1,1,1,0.105564
7070,2012-09-11,4,3,0,0.105548
7071,2012-09-13,4,7,0,0.105532
7072,2012-09-15,1,8,0,0.105515
7073,2012-09-18,7,5,0,0.105499
7074,2012-09-20,9,1,0,0.105483
7075,2012-09-22,6,7,0,0.105466
7076,2012-09-25,6,1,0,0.10545
7077,2012-09-27,9,1,0,0.105434
7078,2012-09-29,2,8,0,0.105418
7079,2012-10-02,2,3,0,0.105401
7080,2012-10-04,4,9,0,0.105385
7081,2012-10-06,5,1,0,0.105369
7082,2012-10-09,5,3,0,0.105352
7083,2012-10-11,1,3,0,0.105336
7084,2012-10-13,4,3,0,0.10532
7085,2012-10-16,2,7,0,0.105304
7086,2012-10-18,9,7,0,0.105287
7087,2012-10-20,2,5,0,0.105271
7088,2012-10-23,2,3,0,0.105255
7089,2012-10-25,9,9,1,0.105393
7090,2012-10-27,2,5,0,0.105377
7091,2012-10-30,4,3,0,0.10536
7092,2012-11-02,6,1,0,0.105344
7093,2012-11-03,9,5,0,0.105328
7094,2012-11-06,3,8,0,0.105312
7095,2012-11-08,9,3,0,0.105296
7096,2012-11-10,7,9,0,0.105279
7097,2012-11-13,2,7,0,0.105263
7098,2012-11-15,4,2,0,0.105247
7099,2012-11-17,9,1,0,0.105231
7100,2012-11-20,3,6,0,0.105215
7101,2012-11-22,2,3,0,0.105198
7102,2012-11-24,3,1,0,0.105182
7103,2012-11-27,3,6,0,0.105166
7104,2012-11-29,9,6,0,0.10515
7105,2012-12-01,5,9,0,0.105134
7106,2012-12-04,1,4,0,0.105118
7107,2012-12-06,7,3,0,0.105101
7108,2012-12-10,6,1,0,0.105085
7109,2012-12-11,1,8,0,0.105069
7110,2012-12-13,8,2,0,0.105053
7111,2012-12-15,8,8,1,0.10519
7112,2012-12-18,3,8,0,0.105174
7113,2012-12-20,1,2,0,0.105158
7114,2012-12-22,9,7,0,0.105142
7115,2012-12-24,8,3,0,0.105126
7116,2012-12-27,6,7,0,0.10511
7117,2012-12-29,4,9,0,0.105094
7118,2013-01-02,9,2,0,0.105077
7119,2013-01-03,5,6,0,0.105061
7120,2013-01-05,6,4,0,0.105045
7121,2013-01-08,2,4,0,0.105029
7122,2013-01-10,1,1,1,0.105166
7123,2013-01-12,8,9,0,0.10515
7124,2013-01-15,3,8,0,0.105134
7125,2013-01-17,3,2,0,0.105118
7126,2013-01-19,4,6,0,0.105102
7127,2013-01-22,8,6,0,0.105086
7128,2013-01-24,5,3,0,0.10507
7129,2013-01-26,8,1,0,0.105054
7130,2013-01-29,1,8,0,0.105038
7131,2013-01-31,8,7,0,0.105021
7132,2013-02-02,2,8,0,0.105005
7133,2013-02-05,6,2,0,0.104989
7134,2013-02-07,3,6,0,0.104973
7135,2013-02-09,9,9,1,0.10511
7136,2013-02-12,5,9,0,0.105094
7137,2013-02-14,5,4,0,0.105078
7138,2013-02-16,4,3,0,0.105062
7139,2013-02-19,3,6,0,0.105046
7140,2013-02-21,4,1,0,0.10503
7141,2013-02-23,6,6,1,0.105167
7142,2013-02-26,5,5,1,0.105303
7143,2013-02-28,5,3,0,0.105287
7144,2013-03-02,5,3,0,0.105271
7145,2013-03-05,6,3,0,0.105255
7146,2013-03-07,9,4,0,0.105239
7147,2013-03-09,5,8,0,0.105223
7148,2013-03-12,8,4,0,0.105207
7149,2013-03-14,6,8,0,0.105191
7150,2013-03-16,5,9,0,0.105175
7151,2013-03-19,6,3,0,0.105159
7152,2013-03-21,2,4,0,0.105143
7153,2013-03-23,7,1,0,0.105127
7154,2013-03-26,2,9,0,0.105111
7155,2013-03-28,9,2,0,0.105095
7156,2013-03-30,5,5,1,0.105231
7157,2013-04-02,4,4,1,0.105367
7158,2013-04-04,6,3,0,0.105351
7159,2013-04-06,9,5,0,0.105335
7160,2013-04-09,9,8,0,0.105319
7161,2013-04-11,6,2,0,0.105303
7162,2013-04-13,2,1,0,0.105287
7163,2013-04-16,9,1,0,0.105271
7164,2013-04-18,2,5,0,0.105255
7165,2013-04-20,1,3,0,0.105239
7166,2013-04-23,7,9,0,0.105223
7167,2013-04-26,7,1,0,0.105207
7168,2013-04-27,8,2,0,0.105191
7169,2013-04-30,6,8,0,0.105175
7170,2013-05-02,3,9,0,0.105159
7171,2013-05-04,2,9,0,0.105143
7172,2013-05-07,9,1,0,0.105127
7173,2013-05-09,7,5,0,0.105111
7174,2013-05-11,7,7,1,0.105247
7175,2013-05-14,9,2,0,0.105231
7176,2013-05-16,5,7,0,0.105215
7177,2013-05-18,2,4,0,0.105199
7178,2013-05-21,8,3,0,0.105183
7179,2013-05-23,8,4,0,0.105167
7180,2013-05-25,2,8,0,0.105151
7181,2013-05-28,8,2,0,0.105135
7182,2013-05-30,5,4,0,0.105119
7183,2013-06-01,6,1,0,0.105103
7184,2013-06-04,7,4,0,0.105087
7185,2013-06-06,4,8,0,0.105071
7186,2013-06-08,6,3,0,0.105055
7187,2013-06-11,1,5,0,0.105039
7188,2013-06-13,9,2,0,0.105024
7189,2013-06-15,9,3,0,0.105008
7190,2013-06-18,4,2,0,0.104992
7191,2013-06-20,3,8,0,0.104976
7192,2013-06-22,1,1,1,0.105111
7193,2013-06-25,4,7,0,0.105096
7194,2013-06-27,6,7,0,0.10508
7195,2013-06-29,5,5,1,0.105215
7196,2013-07-02,6,3,0,0.105199
7197,2013-07-04,1,4,0,0.105183
7198,2013-07-06,5,2,0,0.105167
7199,2013-07-09,7,6,0,0.105152
7200,2013-07-11,3,1,0,0.105136
7201,2013-07-13,4,4,1,0.105271
7202,2013-07-16,3,6,0,0.105255
7203,2013-07-18,5,1,0,0.105239
7204,2013-07-20,8,3,0,0.105223
7205,2013-07-23,2,8,0,0.105207
7206,2013-07-25,3,2,0,0.105191
7207,2013-07-27,5,6,0,0.105176
7208,2013-07-30,9,3,0,0.10516
7209,2013-08-01,5,1,0,0.105144
7210,2013-08-03,6,4,0,0.105128
7211,2013-08-06,1,4,0,0.105112
7212,2013-08-08,2,2,1,0.105247
7213,2013-08-10,5,1,0,0.105231
7214,2013-08-13,3,2,0,0.105215
7215,2013-08-16,3,1,0,0.1052
7216,2013-08-17,5,6,0,0.105184
7217,2013-08-20,2,3,0,0.105168
7218,2013-08-22,6,3,0,0.105152
7219,2013-08-24,6,6,1,0.105287
7220,2013-08-27,7,1,0,0.105271
7221,2013-08-29,5,8,0,0.105255
7222,2013-08-31,9,7,0,0.105239
7223,2013-09-03,3,1,0,0.105223
7224,2013-09-05,7,3,0,0.105208
7225,2013-09-07,5,2,0,0.105192
7226,2013-09-10,5,7,0,0.105176
7227,2013-09-12,7,3,0,0.10516
7228,2013-09-14,3,1,0,0.105144
7229,2013-09-17,2,4,0,0.105128
7230,2013-09-19,7,1,0,0.105112
7231,2013-09-21,9,2,0,0.105097
7232,2013-09-24,6,7,0,0.105081
7233,2013-09-26,5,1,0,0.105065
7234,2013-09-28,7,3,0,0.105049
7235,2013-10-01,4,1,0,0.105033
7236,2013-10-03,9,3,0,0.105017
7237,2013-10-05,7,6,0,0.105002
7238,2013-10-08,8,7,0,0.104986
7239,2013-10-10,4,8,0,0.10497
7240,2013-10-12,2,9,0,0.104954
7241,2013-10-15,1,7,0,0.104938
7242,2013-10-17,8,9,0,0.104922
7243,2013-10-19,4,8,0,0.104907
7244,2013-10-22,1,9,0,0.104891
7245,2013-10-24,4,5,0,0.104875
7246,2013-10-26,1,7,0,0.104859
7247,2013-10-29,6,5,0,0.104844
7248,2013-10-31,3,3,1,0.104978
7249,2013-11-02,7,9,0,0.104962
7250,2013-11-05,3,2,0,0.104947
7251,2013-11-07,1,4,0,0.104931
7252,2013-11-09,4,7,0,0.104915
7253,2013-11-12,5,7,0,0.104899
7254,2013-11-14,6,3,0,0.104884
7255,2013-11-16,6,4,0,0.104868
7256,2013-11-19,6,1,0,0.104852
7257,2013-11-21,9,1,0,0.104836
7258,2013-11-23,7,8,0,0.104821
7259,2013-11-26,7,7,1,0.104955
7260,2013-11-28,4,2,0,0.104939
7261,2013-11-30,8,3,0,0.104923
7262,2013-12-03,6,5,0,0.104908
7263,2013-12-05,7,9,0,0.104892
7264,2013-12-07,9,8,0,0.104876
7265,2013-12-10,6,7,0,0.10486
7266,2013-12-12,9,1,0,0.104845
7267,2013-12-14,8,8,1,0.104979
7268,2013-12-17,9,7,0,0.104963
7269,2013-12-19,2,1,0,0.104948
7270,2013-12-21,2,3,0,0.104932
7271,2013-12-24,2,9,0,0.104916
7272,2013-12-27,5,9,0,0.1049
7273,2013-12-28,8,2,0,0.104885
7274,2013-12-31,9,8,0,0.104869
7275,2014-01-02,2,1,0,0.104853
7276,2014-01-04,4,3,0,0.104838
7277,2014-01-07,5,1,0,0.104822
7278,2014-01-09,8,3,0,0.104806
7279,2014-01-11,8,8,1,0.10494
7280,2014-01-14,4,8,0,0.104924
7281,2014-01-16,6,9,0,0.104909
7282,2014-01-18,6,5,0,0.104893
7283,2014-01-21,3,1,0,0.104877
7284,2014-01-23,6,9,0,0.104862
7285,2014-01-25,8,2,0,0.104846
7286,2014-01-28,4,5,0,0.10483
7287,2014-01-30,3,9,0,0.104815
7288,2014-02-01,6,1,0,0.104799
7289,2014-02-04,1,2,0,0.104783
7290,2014-02-06,4,2,0,0.104768
7291,2014-02-08,2,7,0,0.104752
7292,2014-02-11,8,7,0,0.104736
7293,2014-02-13,9,4,0,0.104721
7294,2014-02-15,6,1,0,0.104705
7295,2014-02-18,1,1,1,0.104839
7296,2014-02-20,9,2,0,0.104823
7297,2014-02-22,8,3,0,0.104807
7298,2014-02-25,9,7,0,0.104792
7299,2014-02-27,4,1,0,0.104776
7300,2014-03-01,1,3,0,0.10476
7301,2014-03-04,7,5,0,0.104745
7302,2014-03-06,7,1,0,0.104729
7303,2014-03-08,6,2,0,0.104714
7304,2014-03-11,5,8,0,0.104698
7305,2014-03-13,8,3,0,0.104682
7306,2014-03-15,5,8,0,0.104667
7307,2014-03-18,6,1,0,0.104651
7308,2014-03-20,4,4,1,0.104785
7309,2014-03-22,5,2,0,0.104769
7310,2014-03-25,5,3,0,0.104753
7311,2014-03-27,8,3,0,0.104738
7312,2014-03-29,8,8,1,0.104871
7313,2014-04-01,6,4,0,0.104856
7314,2014-04-03,7,7,1,0.104989
7315,2014-04-05,8,8,1,0.105122
7316,2014-04-08,4,8,0,0.105106
7317,2014-04-10,4,9,0,0.105091
7318,2014-04-12,2,8,0,0.105075
7319,2014-04-15,7,7,1,0.105208
7320,2014-04-17,4,9,0,0.105193
7321,2014-04-19,5,3,0,0.105177
7322,2014-04-22,1,3,0,0.105161
7323,2014-04-24,1,3,0,0.105146
7324,2014-04-26,3,8,0,0.10513
7325,2014-04-29,8,8,1,0.105263
7326,2014-05-02,3,5,0,0.105248
7327,2014-05-03,6,2,0,0.105232
7328,2014-05-06,7,2,0,0.105216
7329,2014-05-08,2,8,0,0.105201
7330,2014-05-10,7,2,0,0.105185
7331,2014-05-13,6,9,0,0.105169
7332,2014-05-15,2,8,0,0.105154
7333,2014-05-17,9,1,0,0.105138
7334,2014-05-20,2,5,0,0.105122
7335,2014-05-22,3,3,1,0.105255
7336,2014-05-24,9,6,0,0.10524
7337,2014-05-27,1,9,0,0.105224
7338,2014-05-29,9,2,0,0.105208
7339,2014-05-31,7,3,0,0.105193
7340,2014-06-03,3,7,0,0.105177
7341,2014-06-05,5,4,0,0.105162
7342,2014-06-07,3,3,1,0.105294
7343,2014-06-10,4,1,0,0.105279
7344,2014-06-12,3,6,0,0.105263
7345,2014-06-14,1,1,1,0.105396
7346,2014-06-17,9,7,0,0.10538
7347,2014-06-19,6,3,0,0.105365
7348,2014-06-21,6,1,0,0.105349
7349,2014-06-24,2,1,0,0.105333
7350,2014-06-26,1,1,1,0.105466
7351,2014-06-28,9,9,1,0.105598
7352,2014-07-01,2,3,0,0.105583
7353,2014-07-03,9,3,0,0.105567
7354,2014-07-05,3,5,0,0.105551
7355,2014-07-08,1,3,0,0.105536
7356,2014-07-10,9,7,0,0.10552
7357,2014-07-12,4,3,0,0.105505
7358,2014-07-15,1,3,0,0.105489
7359,2014-07-17,5,5,1,0.105621
7360,2014-07-19,8,6,0,0.105606
7361,2014-07-22,5,8,0,0.10559
7362,2014-07-24,8,1,0,0.105574
7363,2014-07-26,4,8,0,0.105559
7364,2014-07-29,2,9,0,0.105543
7365,2014-07-31,9,7,0,0.105528
7366,2014-08-02,8,5,0,0.105512
7367,2014-08-05,4,7,0,0.105496
7368,2014-08-07,5,9,0,0.105481
7369,2014-08-09,5,3,0,0.105465
7370,2014-08-12,8,3,0,0.10545
7371,2014-08-14,9,8,0,0.105434
7372,2014-08-16,7,1,0,0.105419
7373,2014-08-19,4,7,0,0.105403
7374,2014-08-21,1,3,0,0.105387
7375,2014-08-23,5,5,1,0.105519
7376,2014-08-26,2,6,0,0.105504
7377,2014-08-28,9,3,0,0.105488
7378,2014-08-30,4,5,0,0.105473
7379,2014-09-02,5,1,0,0.105457
7380,2014-09-04,3,3,1,0.105589
7381,2014-09-06,4,1,0,0.105574
7382,2014-09-09,3,6,0,0.105558
7383,2014-09-11,4,1,0,0.105542
7384,2014-09-13,5,6,0,0.105527
7385,2014-09-16,7,3,0,0.105511
7386,2014-09-18,8,1,0,0.105496
7387,2014-09-20,3,8,0,0.10548
7388,2014-09-23,6,2,0,0.105465
7389,2014-09-25,6,2,0,0.105449
7390,2014-09-27,2,1,0,0.105434
7391,2014-09-30,3,1,0,0.105418
7392,2014-10-02,1,6,0,0.105403
7393,2014-10-04,6,7,0,0.105387
7394,2014-10-07,7,3,0,0.105372
7395,2014-10-09,8,8,1,0.105503
7396,2014-10-11,9,8,0,0.105488
7397,2014-10-14,2,1,0,0.105472
7398,2014-10-16,8,3,0,0.105457
7399,2014-10-18,4,9,0,0.105441
7400,2014-10-21,6,9,0,0.105426
7401,2014-10-23,3,5,0,0.10541
7402,2014-10-25,3,9,0,0.105395
7403,2014-10-28,6,6,1,0.105526
7404,2014-10-30,4,2,0,0.105511
7405,2014-11-03,3,2,0,0.105495
7406,2014-11-04,3,1,0,0.10548
7407,2014-11-06,9,6,0,0.105464
7408,2014-11-08,8,9,0,0.105449
7409,2014-11-11,2,7,0,0.105433
7410,2014-11-13,2,2,1,0.105565
7411,2014-11-15,8,9,0,0.105549
7412,2014-11-18,2,4,0,0.105534
7413,2014-11-20,6,2,0,0.105518
7414,2014-11-22,1,6,0,0.105503
7415,2014-11-25,7,2,0,0.105487
7416,2014-11-27,8,1,0,0.105472
7417,2014-11-29,6,8,0,0.105456
7418,2014-12-02,3,7,0,0.105441
7419,2014-12-04,8,9,0,0.105425
7420,2014-12-06,7,3,0,0.10541
7421,2014-12-09,2,7,0,0.105394
7422,2014-12-11,2,2,1,0.105525
7423,2014-12-13,9,9,1,0.105657
7424,2014-12-16,1,5,0,0.105641
7425,2014-12-18,7,2,0,0.105626
7426,2014-12-20,9,1,0,0.10561
7427,2014-12-23,7,7,1,0.105741
7428,2014-12-24,5,7,0,0.105726
7429,2014-12-27,6,7,0,0.10571
7430,2014-12-30,1,4,0,0.105695
7431,2015-01-02,7,2,0,0.105679
7432,2015-01-03,2,1,0,0.105664
7433,2015-01-07,7,2,0,0.105648
7434,2015-01-08,9,9,1,0.105779
7435,2015-01-10,3,7,0,0.105764
7436,2015-01-13,8,3,0,0.105748
7437,2015-01-15,1,3,0,0.105733
7438,2015-01-17,5,7,0,0.105717
7439,2015-01-20,8,6,0,0.105702
7440,2015-01-22,4,8,0,0.105686
7441,2015-01-24,5,9,0,0.105671
7442,2015-01-27,3,3,1,0.105802
7443,2015-01-29,4,1,0,0.105786
7444,2015-01-31,5,6,0,0.105771
7445,2015-02-03,5,3,0,0.105755
7446,2015-02-05,3,3,1,0.105886
7447,2015-02-07,6,1,0,0.10587
7448,2015-02-10,7,2,0,0.105855
7449,2015-02-12,6,8,0,0.105839
7450,2015-02-14,7,8,0,0.105824
7451,2015-02-17,3,8,0,0.105809
7452,2015-02-19,2,4,0,0.105793
7453,2015-02-21,2,1,0,0.105778
7454,2015-02-24,1,9,0,0.105762
7455,2015-02-26,5,9,0,0.105747
7456,2015-02-28,7,8,0,0.105731
7457,2015-03-03,8,1,0,0.105716
7458,2015-03-05,6,6,1,0.105846
7459,2015-03-07,1,7,0,0.105831
7460,2015-03-10,9,2,0,0.105815
7461,2015-03-12,9,3,0,0.1058
7462,2015-03-14,2,2,1,0.10593
7463,2015-03-17,6,3,0,0.105915
7464,2015-03-19,8,6,0,0.105899
7465,2015-03-21,2,5,0,0.105884
7466,2015-03-24,2,2,1,0.106014
7467,2015-03-26,9,9,1,0.106144
7468,2015-03-28,6,5,0,0.106129
7469,2015-03-31,8,1,0,0.106114
7470,2015-04-02,7,5,0,0.106098
7471,2015-04-04,1,7,0,0.106083
7472,2015-04-07,8,8,1,0.106213
7473,2015-04-09,4,8,0,0.106197
7474,2015-04-11,7,9,0,0.106182
7475,2015-04-14,1,3,0,0.106166
7476,2015-04-16,9,8,0,0.106151
7477,2015-04-18,5,3,0,0.106136
7478,2015-04-21,3,4,0,0.10612
7479,2015-04-23,2,1,0,0.106105
7480,2015-04-27,7,1,0,0.106089
7481,2015-04-28,4,9,0,0.106074
7482,2015-04-30,9,3,0,0.106058
7483,2015-05-02,4,6,0,0.106043
7484,2015-05-05,3,1,0,0.106028
7485,2015-05-07,8,1,0,0.106012
7486,2015-05-09,1,3,0,0.105997
7487,2015-05-12,5,7,0,0.105981
7488,2015-05-14,4,8,0,0.105966
7489,2015-05-16,4,6,0,0.105951
7490,2015-05-19,9,8,0,0.105935
7491,2015-05-21,8,6,0,0.10592
7492,2015-05-23,3,7,0,0.105905
7493,2015-05-26,5,2,0,0.105889
7494,2015-05-28,4,3,0,0.105874
7495,2015-05-30,1,6,0,0.105858
7496,2015-06-03,4,5,0,0.105843
7497,2015-06-04,8,7,0,0.105828
7498,2015-06-06,8,5,0,0.105812
7499,2015-06-09,3,4,0,0.105797
7500,2015-06-11,2,2,1,0.105927
7501,2015-06-13,8,1,0,0.105911
7502,2015-06-16,4,4,1,0.106041
7503,2015-06-18,7,9,0,0.106025
7504,2015-06-20,5,1,0,0.10601
7505,2015-06-23,6,7,0,0.105995
7506,2015-06-25,9,4,0,0.105979
7507,2015-06-27,2,8,0,0.105964
7508,2015-06-30,9,3,0,0.105949
7509,2015-07-02,7,5,0,0.105933
7510,2015-07-04,2,7,0,0.105918
7511,2015-07-07,1,2,0,0.105903
7512,2015-07-09,9,9,1,0.106032
7513,2015-07-11,1,3,0,0.106017
7514,2015-07-14,6,2,0,0.106001
7515,2015-07-16,4,3,0,0.105986
7516,2015-07-18,8,2,0,0.105971
7517,2015-07-21,9,5,0,0.105955
7518,2015-07-23,3,1,0,0.10594
7519,2015-07-25,5,3,0,0.105925
7520,2015-07-28,5,3,0,0.10591
7521,2015-07-30,9,3,0,0.105894
7522,2015-08-01,4,1,0,0.105879
7523,2015-08-04,5,3,0,0.105864
7524,2015-08-06,2,3,0,0.105848
7525,2015-08-08,1,9,0,0.105833
7526,2015-08-11,8,9,0,0.105818
7527,2015-08-13,8,8,1,0.105947
7528,2015-08-17,8,4,0,0.105932
7529,2015-08-18,8,8,1,0.106061
7530,2015-08-20,2,8,0,0.106045
7531,2015-08-22,8,2,0,0.10603
7532,2015-08-25,9,4,0,0.106015
7533,2015-08-27,8,1,0,0.105999
7534,2015-08-29,3,7,0,0.105984
7535,2015-09-01,7,2,0,0.105969
7536,2015-09-03,7,2,0,0.105954
7537,2015-09-05,9,2,0,0.105938
7538,2015-09-08,5,7,0,0.105923
7539,2015-09-10,2,4,0,0.105908
7540,2015-09-12,1,9,0,0.105893
7541,2015-09-15,5,9,0,0.105877
7542,2015-09-17,7,8,0,0.105862
7543,2015-09-19,5,1,0,0.105847
7544,2015-09-22,7,7,1,0.105976
7545,2015-09-24,2,1,0,0.10596
7546,2015-09-26,9,2,0,0.105945
7547,2015-09-29,7,5,0,0.10593
7548,2015-10-01,6,7,0,0.105915
7549,2015-10-03,4,8,0,0.105899
7550,2015-10-06,1,2,0,0.105884
7551,2015-10-08,5,5,1,0.106013
7552,2015-10-10,7,8,0,0.105997
7553,2015-10-13,9,1,0,0.105982
7554,2015-10-15,1,7,0,0.105967
7555,2015-10-17,6,2,0,0.105952
7556,2015-10-20,3,3,1,0.10608
7557,2015-10-22,8,9,0,0.106065
7558,2015-10-24,1,3,0,0.10605
7559,2015-10-27,6,7,0,0.106034
7560,2015-10-29,9,3,0,0.106019
7561,2015-10-31,5,8,0,0.106004
7562,2015-11-03,7,4,0,0.105989
7563,2015-11-05,3,1,0,0.105974
7564,2015-11-07,9,4,0,0.105958
7565,2015-11-10,7,9,0,0.105943
7566,2015-11-12,7,7,1,0.106071
7567,2015-11-14,9,2,0,0.106056
7568,2015-11-17,5,7,0,0.106041
7569,2015-11-19,4,4,1,0.106169
7570,2015-11-21,1,6,0,0.106154
7571,2015-11-24,1,5,0,0.106139
7572,2015-11-26,4,8,0,0.106124
7573,2015-11-28,8,7,0,0.106108
7574,2015-12-01,8,5,0,0.106093
7575,2015-12-03,2,8,0,0.106078
7576,2015-12-05,1,2,0,0.106063
7577,2015-12-09,3,9,0,0.106048
7578,2015-12-10,4,8,0,0.106032
7579,2015-12-12,5,6,0,0.106017
7580,2015-12-15,1,3,0,0.106002
7581,2015-12-17,2,3,0,0.105987
7582,2015-12-19,1,1,1,0.106115
7583,2015-12-22,7,9,0,0.1061
7584,2015-12-24,5,1,0,0.106084
7585,2015-12-28,7,7,1,0.106212
7586,2015-12-29,6,1,0,0.106197
7587,2015-12-31,4,8,0,0.106182
7588,2016-01-02,3,2,0,0.106167
7589,2016-01-05,6,1,0,0.106152
7590,2016-01-07,9,2,0,0.106136
7591,2016-01-09,2,8,0,0.106121
7592,2016-01-12,3,3,1,0.106249
7593,2016-01-14,5,6,0,0.106234
7594,2016-01-16,3,3,1,0.106362
7595,2016-01-19,9,1,0,0.106346
7596,2016-01-21,5,9,0,0.106331
7597,2016-01-23,8,4,0,0.106316
7598,2016-01-26,8,8,1,0.106444
7599,2016-01-28,4,8,0,0.106429
7600,2016-01-30,6,7,0,0.106413
7601,2016-02-02,7,5,0,0.106398
7602,2016-02-04,9,8,0,0.106383
7603,2016-02-06,4,7,0,0.106368
7604,2016-02-09,1,3,0,0.106353
7605,2016-02-11,2,5,0,0.106337
7606,2016-02-13,7,1,0,0.106322
7607,2016-02-16,2,9,0,0.106307
7608,2016-02-18,4,2,0,0.106292
7609,2016-02-20,2,1,0,0.106277
7610,2016-02-23,2,7,0,0.106262
7611,2016-02-25,5,9,0,0.106246
7612,2016-02-27,3,2,0,0.106231
7613,2016-03-01,8,1,0,0.106216
7614,2016-03-03,8,3,0,0.106201
7615,2016-03-05,9,8,0,0.106186
7616,2016-03-08,9,1,0,0.106171
7617,2016-03-10,1,2,0,0.106156
7618,2016-03-12,8,2,0,0.10614
7619,2016-03-15,3,8,0,0.106125
7620,2016-03-17,1,2,0,0.10611
7621,2016-03-19,3,7,0,0.106095
7622,2016-03-22,5,8,0,0.10608
7623,2016-03-24,6,3,0,0.106065
7624,2016-03-26,7,4,0,0.10605
7625,2016-03-29,2,8,0,0.106035
7626,2016-03-31,4,2,0,0.10602
7627,2016-04-02,9,1,0,0.106005
7628,2016-04-05,3,6,0,0.105989
7629,2016-04-07,3,3,1,0.106117
7630,2016-04-09,6,6,1,0.106244
7631,2016-04-12,2,2,1,0.106371
7632,2016-04-14,3,1,0,0.106356
7633,2016-04-16,8,6,0,0.106341
7634,2016-04-19,8,3,0,0.106326
7635,2016-04-21,3,8,0,0.10631
7636,2016-04-23,1,2,0,0.106295
7637,2016-04-26,5,7,0,0.10628
7638,2016-04-28,3,8,0,0.106265
7639,2016-04-30,3,1,0,0.10625
7640,2016-05-03,3,6,0,0.106235
7641,2016-05-05,9,6,0,0.10622
7642,2016-05-07,4,9,0,0.106205
7643,2016-05-10,1,1,1,0.106332
7644,2016-05-12,6,5,0,0.106317
7645,2016-05-14,1,3,0,0.106301
7646,2016-05-17,1,9,0,0.106286
7647,2016-05-19,1,8,0,0.106271
7648,2016-05-21,1,8,0,0.106256
7649,2016-05-24,1,8,0,0.106241
7650,2016-05-26,3,8,0,0.106226
7651,2016-05-28,5,8,0,0.106211
7652,2016-05-31,5,3,0,0.106196
7653,2016-06-03,8,3,0,0.106181
7654,2016-06-04,2,8,0,0.106166
7655,2016-06-07,1,2,0,0.106151
7656,2016-06-09,6,9,0,0.106136
7657,2016-06-11,2,3,0,0.106121
7658,2016-06-14,2,1,0,0.106106
7659,2016-06-16,7,9,0,0.106091
7660,2016-06-18,7,9,0,0.106076
7661,2016-06-21,7,2,0,0.106061
7662,2016-06-23,2,7,0,0.106046
7663,2016-06-25,4,2,0,0.106031
7664,2016-06-28,5,1,0,0.106016
7665,2016-06-30,9,3,0,0.106001
7666,2016-07-02,8,1,0,0.105986
7667,2016-07-05,9,7,0,0.105971
7668,2016-07-07,9,1,0,0.105956
7669,2016-07-09,4,2,0,0.105941
7670,2016-07-12,2,1,0,0.105926
7671,2016-07-14,4,7,0,0.105911
7672,2016-07-16,3,1,0,0.105896
7673,2016-07-19,4,1,0,0.105881
7674,2016-07-21,8,6,0,0.105866
7675,2016-07-23,8,8,1,0.105992
7676,2016-07-26,8,8,1,0.106118
7677,2016-07-28,2,8,0,0.106103
7678,2016-07-30,8,2,0,0.106088
7679,2016-08-02,5,4,0,0.106073
7680,2016-08-04,6,1,0,0.106058
7681,2016-08-06,5,4,0,0.106043
7682,2016-08-09,8,3,0,0.106029
7683,2016-08-11,6,8,0,0.106014
7684,2016-08-13,1,7,0,0.105999
7685,2016-08-16,2,9,0,0.105984
7686,2016-08-18,8,1,0,0.105969
7687,2016-08-20,6,4,0,0.105954
7688,2016-08-23,8,7,0,0.105939
7689,2016-08-25,5,5,1,0.106065
7690,2016-08-27,1,1,1,0.106191
7691,2016-08-30,3,3,1,0.106317
7692,2016-09-01,6,8,0,0.106302
7693,2016-09-03,2,2,1,0.106428
7694,2016-09-06,8,1,0,0.106413
7695,2016-09-08,2,4,0,0.106398
7696,2016-09-10,5,2,0,0.106383
7697,2016-09-13,9,2,0,0.106368
7698,2016-09-15,9,1,0,0.106353
7699,2016-09-17,8,2,0,0.106338
7700,2016-09-20,7,7,1,0.106464
7701,2016-09-22,3,7,0,0.106449
7702,2016-09-24,4,4,1,0.106575
7703,2016-09-27,2,6,0,0.10656
7704,2016-09-29,9,7,0,0.106545
7705,2016-10-01,9,5,0,0.10653
7706,2016-10-04,9,2,0,0.106515
7707,2016-10-06,8,2,0,0.1065
7708,2016-10-08,9,7,0,0.106485
7709,2016-10-11,4,1,0,0.10647
7710,2016-10-13,7,1,0,0.106455
7711,2016-10-15,5,1,0,0.10644
7712,2016-10-18,3,7,0,0.106425
7713,2016-10-20,3,1,0,0.10641
7714,2016-10-22,6,6,1,0.106535
7715,2016-10-25,6,2,0,0.106521
7716,2016-10-27,6,2,0,0.106506
7717,2016-10-29,5,2,0,0.106491
7718,2016-11-02,1,3,0,0.106476
7719,2016-11-03,2,3,0,0.106461
7720,2016-11-05,4,1,0,0.106446
7721,2016-11-08,6,1,0,0.106431
7722,2016-11-10,8,5,0,0.106416
7723,2016-11-12,3,5,0,0.106401
7724,2016-11-15,4,2,0,0.106386
7725,2016-11-17,3,6,0,0.106371
7726,2016-11-19,5,1,0,0.106356
7727,2016-11-22,4,3,0,0.106341
7728,2016-11-24,1,6,0,0.106326
7729,2016-11-26,5,5,1,0.106452
7730,2016-11-29,4,8,0,0.106437
7731,2016-12-01,3,6,0,0.106422
7732,2016-12-03,8,1,0,0.106407
7733,2016-12-06,6,3,0,0.106392
7734,2016-12-09,5,7,0,0.106377
7735,2016-12-10,3,3,1,0.106502
7736,2016-12-13,7,1,0,0.106487
7737,2016-12-15,8,2,0,0.106472
7738,2016-12-17,5,6,0,0.106457
7739,2016-12-20,7,1,0,0.106443
7740,2016-12-22,2,1,0,0.106428
7741,2016-12-24,7,4,0,0.106413
7742,2016-12-27,2,9,0,0.106398
7743,2016-12-29,1,4,0,0.106383
7744,2016-12-31,8,9,0,0.106368
7745,2017-01-03,6,8,0,0.106353
7746,2017-01-05,7,7,1,0.106478
7747,2017-01-07,9,8,0,0.106463
7748,2017-01-10,3,7,0,0.106448
7749,2017-01-12,9,3,0,0.106434
7750,2017-01-14,8,9,0,0.106419
7751,2017-01-17,4,7,0,0.106404
7752,2017-01-19,3,7,0,0.106389
7753,2017-01-21,1,1,1,0.106514
7754,2017-01-24,2,7,0,0.106499
7755,2017-01-26,2,1,0,0.106484
7756,2017-01-28,3,9,0,0.106469
7757,2017-01-31,5,8,0,0.106454
7758,2017-02-02,8,3,0,0.106439
7759,2017-02-04,8,8,1,0.106564
7760,2017-02-07,4,8,0,0.106549
7761,2017-02-09,6,7,0,0.106534
7762,2017-02-11,3,5,0,0.10652
7763,2017-02-14,1,9,0,0.106505
7764,2017-02-16,9,7,0,0.10649
7765,2017-02-18,7,3,0,0.106475
7766,2017-02-21,1,7,0,0.10646
7767,2017-02-23,1,8,0,0.106445
7768,2017-02-25,9,8,0,0.10643
7769,2017-02-28,9,3,0,0.106416
7770,2017-03-02,6,2,0,0.106401
7771,2017-03-04,6,1,0,0.106386
7772,2017-03-07,2,2,1,0.106511
7773,2017-03-09,5,1,0,0.106496
7774,2017-03-11,9,2,0,0.106481
7775,2017-03-14,9,1,0,0.106466
7776,2017-03-16,7,2,0,0.106451
7777,2017-03-18,8,7,0,0.106436
7778,2017-03-21,7,6,0,0.106422
7779,2017-03-23,7,7,1,0.106546
7780,2017-03-25,1,2,0,0.106531
7781,2017-03-28,1,8,0,0.106516
7782,2017-03-30,7,8,0,0.106501
7783,2017-04-01,2,1,0,0.106487
7784,2017-04-04,5,4,0,0.106472
7785,2017-04-06,8,2,0,0.106457
7786,2017-04-08,6,8,0,0.106442
7787,2017-04-11,8,7,0,0.106427
7788,2017-04-13,1,5,0,0.106413
7789,2017-04-15,5,7,0,0.106398
7790,2017-04-18,6,8,0,0.106383
7791,2017-04-20,9,4,0,0.106368
7792,2017-04-22,6,8,0,0.106353
7793,2017-04-26,4,1,0,0.106339
7794,2017-04-27,7,2,0,0.106324
7795,2017-04-29,3,1,0,0.106309
7796,2017-05-02,4,4,1,0.106433
7797,2017-05-04,3,3,1,0.106557
7798,2017-05-06,1,1,1,0.106681
7799,2017-05-09,8,9,0,0.106667
7800,2017-05-11,1,8,0,0.106652
7801,2017-05-13,4,7,0,0.106637
7802,2017-05-16,3,7,0,0.106622
7803,2017-05-18,7,1,0,0.106607
7804,2017-05-20,4,2,0,0.106593
7805,2017-05-23,2,3,0,0.106578
7806,2017-05-25,2,7,0,0.106563
7807,2017-05-27,4,9,0,0.106548
7808,2017-05-30,9,1,0,0.106533
7809,2017-06-01,9,6,0,0.106519
7810,2017-06-03,1,2,0,0.106504
7811,2017-06-06,3,2,0,0.106489
7812,2017-06-08,7,8,0,0.106474
7813,2017-06-10,2,2,1,0.106598
7814,2017-06-13,9,4,0,0.106584
7815,2017-06-15,7,5,0,0.106569
7816,2017-06-17,1,7,0,0.106554
7817,2017-06-20,8,8,1,0.106678
7818,2017-06-22,4,8,0,0.106663
7819,2017-06-24,7,7,1,0.106787
7820,2017-06-27,9,3,0,0.106772
7821,2017-06-29,5,7,0,0.106757
7822,2017-07-01,4,4,1,0.106881
7823,2017-07-04,3,3,1,0.107004
7824,2017-07-06,7,1,0,0.10699
7825,2017-07-08,6,2,0,0.106975
7826,2017-07-11,7,8,0,0.10696
7827,2017-07-13,6,8,0,0.106945
7828,2017-07-15,1,8,0,0.10693
7829,2017-07-18,8,2,0,0.106916
7830,2017-07-20,3,8,0,0.106901
7831,2017-07-22,1,2,0,0.106886
7832,2017-07-25,5,9,0,0.106871
7833,2017-07-27,7,6,0,0.106857
7834,2017-07-29,8,1,0,0.106842
7835,2017-08-01,4,6,0,0.106827
7836,2017-08-03,1,7,0,0.106812
7837,2017-08-05,5,5,1,0.106936
7838,2017-08-08,2,6,0,0.106921
7839,2017-08-10,2,1,0,0.106906
7840,2017-08-12,8,9,0,0.106891
7841,2017-08-16,8,4,0,0.106877
7842,2017-08-17,4,8,0,0.106862
7843,2017-08-19,5,7,0,0.106847
7844,2017-08-22,9,3,0,0.106832
7845,2017-08-24,6,1,0,0.106818
7846,2017-08-26,4,1,0,0.106803
7847,2017-08-29,8,2,0,0.106788
7848,2017-08-31,5,8,0,0.106773
7849,2017-09-02,8,1,0,0.106759
7850,2017-09-05,1,8,0,0.106744
7851,2017-09-07,9,7,0,0.106729
7852,2017-09-09,7,3,0,0.106714
7853,2017-09-12,2,7,0,0.1067
7854,2017-09-14,1,4,0,0.106685
7855,2017-09-16,6,9,0,0.10667
7856,2017-09-19,5,3,0,0.106656
7857,2017-09-21,6,3,0,0.106641
7858,2017-09-23,9,4,0,0.106626
7859,2017-09-26,9,8,0,0.106612
7860,2017-09-28,8,2,0,0.106597
7861,2017-09-30,3,7,0,0.106582
7862,2017-10-03,4,2,0,0.106568
7863,2017-10-05,1,3,0,0.106553
7864,2017-10-07,4,5,0,0.106538
7865,2017-10-10,9,7,0,0.106524
7866,2017-10-12,9,6,0,0.106509
7867,2017-10-14,6,2,0,0.106494
7868,2017-10-17,8,1,0,0.10648
7869,2017-10-19,7,5,0,0.106465
7870,2017-10-21,6,7,0,0.10645
7871,2017-10-24,4,8,0,0.106436
7872,2017-10-26,9,2,0,0.106421
7873,2017-10-28,8,6,0,0.106406
7874,2017-10-31,7,7,1,0.106529
7875,2017-11-02,1,7,0,0.106515
7876,2017-11-04,7,8,0,0.1065
7877,2017-11-07,4,1,0,0.106485
7878,2017-11-09,2,3,0,0.106471
7879,2017-11-11,5,7,0,0.106456
7880,2017-11-14,5,2,0,0.106441
7881,2017-11-16,8,3,0,0.106427
7882,2017-11-18,7,8,0,0.106412
7883,2017-11-21,8,7,0,0.106398
7884,2017-11-23,3,6,0,0.106383
7885,2017-11-25,5,2,0,0.106368
7886,2017-11-28,2,3,0,0.106354
7887,2017-11-30,5,1,0,0.106339
7888,2017-12-02,5,2,0,0.106325
7889,2017-12-05,9,3,0,0.10631
7890,2017-12-07,8,1,0,0.106295
7891,2017-12-09,1,7,0,0.106281
7892,2017-12-12,4,7,0,0.106266
7893,2017-12-14,2,9,0,0.106252
7894,2017-12-16,4,7,0,0.106237
7895,2017-12-19,8,1,0,0.106223
7896,2017-12-21,2,8,0,0.106208
7897,2017-12-23,5,2,0,0.106193
7898,2017-12-27,1,2,0,0.106179
7899,2017-12-28,5,3,0,0.106164
7900,2017-12-30,1,6,0,0.10615
7901,2018-01-02,4,3,0,0.106135
7902,2018-01-04,2,9,0,0.106121
7903,2018-01-08,8,7,0,0.106106
7904,2018-01-09,7,4,0,0.106092
7905,2018-01-11,7,7,1,0.106214
7906,2018-01-13,1,2,0,0.1062
7907,2018-01-16,6,8,0,0.106185
7908,2018-01-18,5,3,0,0.10617
7909,2018-01-20,8,3,0,0.106156
7910,2018-01-23,9,8,0,0.106141
7911,2018-01-25,8,1,0,0.106127
7912,2018-01-27,3,7,0,0.106112
7913,2018-01-30,1,2,0,0.106098
7914,2018-02-01,5,9,0,0.106083
7915,2018-02-03,3,6,0,0.106069
7916,2018-02-06,5,1,0,0.106054
7917,2018-02-08,7,3,0,0.10604
7918,2018-02-10,6,1,0,0.106025
7919,2018-02-13,2,8,0,0.106011
7920,2018-02-15,9,1,0,0.105996
7921,2018-02-17,3,7,0,0.105982
7922,2018-02-20,6,3,0,0.105967
7923,2018-02-22,1,2,0,0.105953
7924,2018-02-24,4,2,0,0.105939
7925,2018-02-27,8,9,0,0.105924
7926,2018-03-01,5,8,0,0.10591
7927,2018-03-03,7,1,0,0.105895
7928,2018-03-06,5,1,0,0.105881
7929,2018-03-08,5,7,0,0.105866
7930,2018-03-10,4,3,0,0.105852
7931,2018-03-13,6,3,0,0.105837
7932,2018-03-15,1,5,0,0.105823
7933,2018-03-17,1,2,0,0.105809
7934,2018-03-20,8,8,1,0.10593
7935,2018-03-22,4,8,0,0.105916
7936,2018-03-24,1,7,0,0.105902
7937,2018-03-27,2,5,0,0.105887
7938,2018-03-29,6,1,0,0.105873
7939,2018-03-31,2,6,0,0.105858
7940,2018-04-03,3,1,0,0.105844
7941,2018-04-05,7,8,0,0.105829
7942,2018-04-07,4,2,0,0.105815
7943,2018-04-10,7,3,0,0.105801
7944,2018-04-12,4,3,0,0.105786
7945,2018-04-14,6,3,0,0.105772
7946,2018-04-17,4,5,0,0.105757
7947,2018-04-19,1,2,0,0.105743
7948,2018-04-21,3,5,0,0.105729
7949,2018-04-24,5,8,0,0.105714
7950,2018-04-26,5,3,0,0.1057
7951,2018-04-28,1,3,0,0.105686
7952,2018-05-02,3,3,1,0.105807
7953,2018-05-03,7,8,0,0.105793
7954,2018-05-05,2,2,1,0.105914
7955,2018-05-08,4,4,1,0.106036
7956,2018-05-10,3,1,0,0.106021
7957,2018-05-12,4,1,0,0.106007
7958,2018-05-15,7,3,0,0.105993
7959,2018-05-17,4,3,0,0.105978
7960,2018-05-19,2,3,0,0.105964
7961,2018-05-22,5,7,0,0.105949
7962,2018-05-24,9,2,0,0.105935
7963,2018-05-26,5,1,0,0.105921
7964,2018-05-29,6,4,0,0.105906
7965,2018-05-31,8,4,0,0.105892
7966,2018-06-04,7,5,0,0.105878
7967,2018-06-05,8,7,0,0.105863
7968,2018-06-07,2,6,0,0.105849
7969,2018-06-09,7,2,0,0.105834
7970,2018-06-12,7,2,0,0.10582
7971,2018-06-14,8,2,0,0.105806
7972,2018-06-16,5,6,0,0.105791
7973,2018-06-19,5,1,0,0.105777
7974,2018-06-21,3,3,1,0.105898
7975,2018-06-23,5,1,0,0.105884
7976,2018-06-26,2,3,0,0.10587
7977,2018-06-28,5,1,0,0.105855
7978,2018-06-30,3,2,0,0.105841
7979,2018-07-03,7,1,0,0.105827
7980,2018-07-05,7,2,0,0.105812
7981,2018-07-07,9,2,0,0.105798
7982,2018-07-10,5,7,0,0.105784
7983,2018-07-12,5,4,0,0.105769
7984,2018-07-14,7,3,0,0.105755
7985,2018-07-17,6,1,0,0.105741
7986,2018-07-19,2,8,0,0.105726
7987,2018-07-21,8,3,0,0.105712
7988,2018-07-24,5,4,0,0.105698
7989,2018-07-26,2,1,0,0.105683
7990,2018-07-28,7,1,0,0.105669
7991,2018-07-31,6,2,0,0.105655
7992,2018-08-02,3,8,0,0.10564
7993,2018-08-04,1,9,0,0.105626
7994,2018-08-07,8,9,0,0.105612
7995,2018-08-09,1,8,0,0.105598
7996,2018-08-11,8,7,0,0.105583
7997,2018-08-14,1,8,0,0.105569
7998,2018-08-16,7,7,1,0.10569
7999,2018-08-18,5,1,0,0.105676
8000,2018-08-21,9,7,0,0.105661
8001,2018-08-23,5,1,0,0.105647
8002,2018-08-25,9,4,0,0.105633
8003,2018-08-28,9,1,0,0.105619
8004,2018-08-30,2,2,1,0.105739
8005,2018-09-01,9,3,0,0.105725
8006,2018-09-04,7,7,1,0.105846
8007,2018-09-06,2,7,0,0.105832
8008,2018-09-08,6,4,0,0.105817
8009,2018-09-11,7,6,0,0.105803
8010,2018-09-13,3,8,0,0.105789
8011,2018-09-15,4,4,1,0.105909
8012,2018-09-18,9,3,0,0.105895
8013,2018-09-20,7,6,0,0.105881
8014,2018-09-22,6,7,0,0.105866
8015,2018-09-25,4,8,0,0.105852
8016,2018-09-27,7,2,0,0.105838
8017,2018-09-29,2,3,0,0.105824
8018,2018-10-02,6,4,0,0.105809
8019,2018-10-04,1,6,0,0.105795
8020,2018-10-06,5,2,0,0.105781
8021,2018-10-09,8,6,0,0.105767
8022,2018-10-11,2,8,0,0.105752
8023,2018-10-13,6,2,0,0.105738
8024,2018-10-16,6,6,1,0.105859
8025,2018-10-18,6,2,0,0.105844
8026,2018-10-20,2,2,1,0.105965
8027,2018-10-23,9,3,0,0.10595
8028,2018-10-25,1,7,0,0.105936
8029,2018-10-27,6,2,0,0.105922
8030,2018-10-30,5,3,0,0.105908
8031,2018-11-02,6,3,0,0.105893
8032,2018-11-03,4,4,1,0.106014
8033,2018-11-06,8,7,0,0.105999
8034,2018-11-08,6,5,0,0.105985
8035,2018-11-10,5,7,0,0.105971
8036,2018-11-13,4,3,0,0.105957
8037,2018-11-15,9,3,0,0.105942
8038,2018-11-17,6,6,1,0.106063
8039,2018-11-20,1,1,1,0.106183
8040,2018-11-22,7,2,0,0.106169
8041,2018-11-24,9,1,0,0.106154
8042,2018-11-27,1,7,0,0.10614
8043,2018-11-29,2,2,1,0.10626
8044,2018-12-01,3,1,0,0.106246
8045,2018-12-04,6,8,0,0.106232
8046,2018-12-06,4,2,0,0.106217
8047,2018-12-10,1,7,0,0.106203
8048,2018-12-11,4,5,0,0.106189
8049,2018-12-13,1,9,0,0.106174
8050,2018-12-15,8,5,0,0.10616
8051,2018-12-18,9,8,0,0.106146
8052,2018-12-20,2,1,0,0.106132
8053,2018-12-22,7,3,0,0.106118
8054,2018-12-24,7,2,0,0.106103
8055,2018-12-27,2,2,1,0.106223
8056,2018-12-29,4,4,1,0.106343
8057,2019-01-02,9,1,0,0.106329
8058,2019-01-03,3,6,0,0.106315
8059,2019-01-05,9,3,0,0.1063
8060,2019-01-08,2,9,0,0.106286
8061,2019-01-10,2,3,0,0.106272
8062,2019-01-12,6,9,0,0.106258
8063,2019-01-15,2,6,0,0.106243
8064,2019-01-17,8,9,0,0.106229
8065,2019-01-19,3,4,0,0.106215
8066,2019-01-22,5,2,0,0.106201
8067,2019-01-24,1,3,0,0.106186
8068,2019-01-26,8,3,0,0.106172
8069,2019-01-29,7,8,0,0.106158
8070,2019-01-31,8,7,0,0.106144
8071,2019-02-02,4,6,0,0.10613
8072,2019-02-05,3,7,0,0.106115
8073,2019-02-07,2,1,0,0.106101
8074,2019-02-09,8,1,0,0.106087
8075,2019-02-12,5,4,0,0.106073
8076,2019-02-14,3,1,0,0.106059
8077,2019-02-16,4,1,0,0.106044
8078,2019-02-19,6,3,0,0.10603
8079,2019-02-21,2,5,0,0.106016
8080,2019-02-23,3,9,0,0.106002
8081,2019-02-26,1,6,0,0.105988
8082,2019-02-28,4,9,0,0.105974
8083,2019-03-02,1,9,0,0.105959
8084,2019-03-05,3,5,0,0.105945
8085,2019-03-07,8,8,1,0.106065
8086,2019-03-09,7,3,0,0.10605
8087,2019-03-12,6,7,0,0.106036
8088,2019-03-14,1,8,0,0.106022
8089,2019-03-16,9,2,0,0.106008
8090,2019-03-19,9,3,0,0.105994
8091,2019-03-21,6,2,0,0.10598
8092,2019-03-23,3,1,0,0.105966
8093,2019-03-26,6,9,0,0.105951
8094,2019-03-28,5,2,0,0.105937
8095,2019-03-30,5,3,0,0.105923
8096,2019-04-02,8,3,0,0.105909
8097,2019-04-04,8,8,1,0.106028
8098,2019-04-06,2,4,0,0.106014
8099,2019-04-09,3,2,0,0.106
8100,2019-04-11,3,6,0,0.105986
8101,2019-04-13,3,6,0,0.105972
8102,2019-04-16,4,6,0,0.105958
8103,2019-04-18,5,3,0,0.105943
8104,2019-04-20,4,3,0,0.105929
8105,2019-04-23,8,3,0,0.105915
8106,2019-04-26,3,5,0,0.105901
8107,2019-04-27,8,2,0,0.105887
8108,2019-04-30,9,3,0,0.105873
8109,2019-05-02,7,1,0,0.105859
8110,2019-05-04,9,7,0,0.105845
8111,2019-05-07,5,7,0,0.105831
8112,2019-05-09,4,4,1,0.10595
8113,2019-05-11,3,3,1,0.106069
8114,2019-05-14,7,1,0,0.106055
8115,2019-05-16,6,2,0,0.10604
8116,2019-05-18,7,8,0,0.106026
8117,2019-05-21,9,8,0,0.106012
8118,2019-05-23,2,5,0,0.105998
8119,2019-05-25,9,3,0,0.105984
8120,2019-05-28,7,7,1,0.106103
8121,2019-05-30,7,7,1,0.106222
8122,2019-06-01,3,2,0,0.106208
8123,2019-06-04,8,4,0,0.106194
8124,2019-06-06,6,3,0,0.106179
8125,2019-06-08,5,7,0,0.106165
8126,2019-06-11,6,3,0,0.106151
8127,2019-06-13,7,4,0,0.106137
8128,2019-06-15,1,8,0,0.106123
8129,2019-06-18,5,8,0,0.106109
8130,2019-06-20,8,8,1,0.106228
8131,2019-06-22,7,8,0,0.106213
8132,2019-06-25,2,7,0,0.106199
8133,2019-06-27,2,4,0,0.106185
8134,2019-06-29,5,9,0,0.106171
8135,2019-07-02,2,2,1,0.10629
8136,2019-07-04,3,1,0,0.106276
8137,2019-07-06,2,6,0,0.106262
8138,2019-07-09,6,1,0,0.106248
8139,2019-07-11,8,6,0,0.106233
8140,2019-07-13,2,5,0,0.106219
8141,2019-07-16,9,2,0,0.106205
8142,2019-07-18,6,7,0,0.106191
8143,2019-07-20,1,1,1,0.10631
8144,2019-07-23,4,9,0,0.106296
8145,2019-07-25,4,9,0,0.106281
8146,2019-07-27,5,8,0,0.106267
8147,2019-07-30,9,3,0,0.106253
8148,2019-08-01,4,1,0,0.106239
8149,2019-08-03,4,1,0,0.106225
8150,2019-08-06,9,8,0,0.106211
8151,2019-08-08,9,6,0,0.106197
8152,2019-08-10,4,2,0,0.106183
8153,2019-08-13,9,1,0,0.106169
8154,2019-08-16,8,6,0,0.106155
8155,2019-08-17,8,7,0,0.106141
8156,2019-08-20,4,4,1,0.106259
8157,2019-08-22,2,7,0,0.106245
8158,2019-08-24,6,7,0,0.106231
8159,2019-08-27,8,6,0,0.106217
8160,2019-08-29,6,5,0,0.106203
8161,2019-08-31,9,7,0,0.106189
8162,2019-09-03,1,8,0,0.106175
8163,2019-09-05,3,2,0,0.106161
8164,2019-09-07,5,8,0,0.106147
8165,2019-09-10,9,3,0,0.106133
8166,2019-09-12,2,1,0,0.106119
8167,2019-09-14,1,3,0,0.106105
8168,2019-09-17,6,9,0,0.106091
8169,2019-09-19,6,3,0,0.106077
8170,2019-09-21,8,2,0,0.106063
8171,2019-09-24,1,5,0,0.106049
8172,2019-09-26,1,7,0,0.106035
8173,2019-09-28,4,8,0,0.106021
8174,2019-10-01,8,9,0,0.106007
8175,2019-10-03,1,5,0,0.105993
8176,2019-10-05,5,7,0,0.105979
8177,2019-10-08,6,8,0,0.105965
8178,2019-10-10,2,4,0,0.105951
8179,2019-10-12,7,3,0,0.105937
8180,2019-10-15,1,2,0,0.105923
8181,2019-10-17,2,8,0,0.105909
8182,2019-10-19,3,1,0,0.105895
8183,2019-10-22,9,6,0,0.105881
8184,2019-10-24,2,9,0,0.105867
8185,2019-10-26,9,3,0,0.105853
8186,2019-10-29,9,7,0,0.105839
8187,2019-10-31,6,2,0,0.105825
8188,2019-11-02,8,1,0,0.105811
8189,2019-11-05,1,5,0,0.105797
8190,2019-11-07,4,7,0,0.105783
8191,2019-11-09,9,9,1,0.105901
8192,2019-11-12,5,6,0,0.105887
8193,2019-11-14,6,4,0,0.105873
8194,2019-11-16,4,4,1,0.105991
8195,2019-11-19,2,7,0,0.105977
8196,2019-11-21,6,7,0,0.105963
8197,2019-11-23,2,6,0,0.105949
8198,2019-11-26,4,3,0,0.105935
8199,2019-11-28,4,1,0,0.105921
8200,2019-11-30,9,8,0,0.105907
8201,2019-12-03,7,6,0,0.105893
8202,2019-12-05,3,7,0,0.105879
8203,2019-12-07,1,4,0,0.105865
8204,2019-12-10,9,9,1,0.105983
8205,2019-12-12,1,3,0,0.105969
8206,2019-12-14,6,2,0,0.105955
8207,2019-12-17,2,3,0,0.105941
8208,2019-12-19,4,3,0,0.105927
8209,2019-12-21,5,1,0,0.105913
8210,2019-12-24,3,3,1,0.106031
8211,2019-12-27,4,1,0,0.106017
8212,2019-12-28,2,3,0,0.106003
8213,2019-12-31,2,7,0,0.105989
8214,2020-01-02,5,9,0,0.105975
8215,2020-01-04,8,2,0,0.105961
8216,2020-01-07,8,8,1,0.106079
8217,2020-01-09,9,4,0,0.106065
8218,2020-01-11,6,1,0,0.106051
8219,2020-01-14,7,1,0,0.106037
8220,2020-01-16,6,8,0,0.106023
8221,2020-01-18,6,8,0,0.106009
8222,2020-01-21,5,2,0,0.105995
8223,2020-01-23,9,3,0,0.105981
8224,2020-01-25,1,1,1,0.106098
8225,2020-01-28,4,2,0,0.106084
8226,2020-01-30,4,9,0,0.106071
8227,2020-02-01,7,8,0,0.106057
8228,2020-02-04,1,3,0,0.106043
8229,2020-02-06,1,8,0,0.106029
8230,2020-02-08,9,8,0,0.106015
8231,2020-02-11,9,3,0,0.106001
8232,2020-02-13,6,2,0,0.105987
8233,2020-02-15,8,1,0,0.105973
8234,2020-02-18,6,5,0,0.105959
8235,2020-02-20,7,7,1,0.106076
8236,2020-02-22,5,8,0,0.106063
8237,2020-02-25,9,7,0,0.106049
8238,2020-02-27,6,1,0,0.106035
8239,2020-02-29,2,1,0,0.106021
8240,2020-03-03,7,3,0,0.106007
8241,2020-03-05,8,2,0,0.105993
8242,2020-03-07,4,6,0,0.105979
8243,2020-03-10,1,7,0,0.105965
8244,2020-03-12,4,5,0,0.105952
8245,2020-03-14,4,9,0,0.105938
8246,2020-03-17,2,8,0,0.105924
8247,2020-03-19,9,7,0,0.10591
8248,2020-03-21,6,7,0,0.105896
8249,2020-05-05,6,1,0,0.105882
8250,2020-05-07,3,2,0,0.105869
8251,2020-05-09,6,6,1,0.105985
8252,2020-05-12,1,2,0,0.105972
8253,2020-05-14,9,9,1,0.106088
8254,2020-05-16,7,3,0,0.106074
8255,2020-05-19,4,7,0,0.106061
8256,2020-05-21,7,2,0,0.106047
8257,2020-05-23,3,1,0,0.106033
8258,2020-05-26,4,4,1,0.10615
8259,2020-05-28,9,3,0,0.106136
8260,2020-05-30,1,6,0,0.106122
8261,2020-06-03,7,2,0,0.106108
8262,2020-06-04,6,1,0,0.106094
8263,2020-06-06,4,8,0,0.10608
8264,2020-06-09,4,2,0,0.106067
8265,2020-06-11,2,8,0,0.106053
8266,2020-06-13,9,7,0,0.106039
8267,2020-06-16,3,7,0,0.106025
8268,2020-06-18,1,3,0,0.106011
8269,2020-06-20,1,9,0,0.105997
8270,2020-06-23,7,8,0,0.105984
8271,2020-06-25,5,1,0,0.10597
8272,2020-06-27,1,7,0,0.105956
8273,2020-06-30,8,3,0,0.105942
8274,2020-07-02,4,8,0,0.105928
8275,2020-07-04,5,7,0,0.105915
8276,2020-07-07,9,3,0,0.105901
8277,2020-07-09,3,1,0,0.105887
8278,2020-07-11,4,3,0,0.105873
8279,2020-07-14,6,3,0,0.105859
8280,2020-07-16,3,5,0,0.105846
8281,2020-07-18,4,6,0,0.105832
8282,2020-07-21,5,6,0,0.105818
8283,2020-07-23,8,3,0,0.105804
8284,2020-07-25,1,8,0,0.105791
8285,2020-07-28,3,7,0,0.105777
8286,2020-07-30,8,8,1,0.105893
8287,2020-08-01,7,3,0,0.105879
8288,2020-08-04,4,7,0,0.105866
8289,2020-08-06,7,2,0,0.105852
8290,2020-08-08,5,3,0,0.105838
8291,2020-08-11,2,7,0,0.105824
8292,2020-08-13,6,3,0,0.10581
8293,2020-08-17,6,6,1,0.105927
8294,2020-08-18,5,2,0,0.105913
8295,2020-08-20,7,3,0,0.105899
8296,2020-08-22,7,6,0,0.105885
8297,2020-08-25,7,2,0,0.105872
8298,2020-08-27,3,2,0,0.105858
8299,2020-08-29,7,4,0,0.105844
8300,2020-09-01,9,2,0,0.10583
8301,2020-09-03,6,5,0,0.105817
8302,2020-09-05,6,1,0,0.105803
8303,2020-09-08,1,2,0,0.105789
8304,2020-09-10,3,9,0,0.105775
8305,2020-09-12,8,8,1,0.105892
8306,2020-09-15,7,3,0,0.105878
8307,2020-09-17,8,7,0,0.105864
8308,2020-09-19,3,6,0,0.10585
8309,2020-09-22,6,2,0,0.105837
8310,2020-09-24,2,2,1,0.105953
8311,2020-09-26,9,3,0,0.105939
8312,2020-09-29,6,7,0,0.105925
8313,2020-10-01,8,1,0,0.105911
8314,2020-10-03,5,5,1,0.106027
8315,2020-10-06,7,1,0,0.106013
8316,2020-10-08,3,6,0,0.106
8317,2020-10-10,2,4,0,0.105986
8318,2020-10-13,3,1,0,0.105972
8319,2020-10-15,7,6,0,0.105959
8320,2020-10-17,1,2,0,0.105945
8321,2020-10-20,1,8,0,0.105931
8322,2020-10-22,4,8,0,0.105917
8323,2020-10-24,3,9,0,0.105904
8324,2020-10-27,3,1,0,0.10589
8325,2020-10-29,6,6,1,0.106006
8326,2020-10-31,1,2,0,0.105992
8327,2020-11-03,6,9,0,0.105978
8328,2020-11-05,1,3,0,0.105965
8329,2020-11-07,4,9,0,0.105951
8330,2020-11-10,3,9,0,0.105937
8331,2020-11-12,9,1,0,0.105923
8332,2020-11-14,4,9,0,0.10591
8333,2020-11-17,4,1,0,0.105896
8334,2020-11-19,1,8,0,0.105882
8335,2020-11-21,1,5,0,0.105869
8336,2020-11-24,8,8,1,0.105984
8337,2020-11-26,8,4,0,0.105971
8338,2020-11-28,5,4,0,0.105957
8339,2020-12-01,5,1,0,0.105943
8340,2020-12-03,6,3,0,0.105929
8341,2020-12-05,2,4,0,0.105916
8342,2020-12-09,7,9,0,0.105902
8343,2020-12-10,2,2,1,0.106018
8344,2020-12-12,1,4,0,0.106004
8345,2020-12-15,1,9,0,0.10599
8346,2020-12-17,8,8,1,0.106106
8347,2020-12-19,7,8,0,0.106092
8348,2020-12-22,1,7,0,0.106078
8349,2020-12-24,4,8,0,0.106065
8350,2020-12-28,5,9,0,0.106051
8351,2020-12-29,6,3,0,0.106037
8352,2020-12-31,9,4,0,0.106023
8353,2021-01-02,4,8,0,0.10601
8354,2021-01-05,1,1,1,0.106125
8355,2021-01-07,4,5,0,0.106111
8356,2021-01-09,2,9,0,0.106098
8357,2021-01-12,3,7,0,0.106084
8358,2021-01-14,3,6,0,0.10607
8359,2021-01-16,9,6,0,0.106057
8360,2021-01-19,9,9,1,0.106172
8361,2021-01-21,2,2,1,0.106287
8362,2021-01-23,3,9,0,0.106273
8363,2021-01-26,2,3,0,0.10626
8364,2021-01-28,4,1,0,0.106246
8365,2021-01-30,2,1,0,0.106232
8366,2021-02-02,2,7,0,0.106219
8367,2021-02-04,2,9,0,0.106205
8368,2021-02-06,9,9,1,0.10632
8369,2021-02-09,5,7,0,0.106306
8370,2021-02-11,4,4,1,0.106421
8371,2021-02-13,2,3,0,0.106408
8372,2021-02-16,4,7,0,0.106394
8373,2021-02-18,7,1,0,0.10638
8374,2021-02-20,8,3,0,0.106367
8375,2021-02-23,7,6,0,0.106353
8376,2021-02-25,7,7,1,0.106468
8377,2021-02-27,6,2,0,0.106454
8378,2021-03-02,8,8,1,0.106569
8379,2021-03-04,3,5,0,0.106555
8380,2021-03-06,7,2,0,0.106542
8381,2021-03-09,4,2,0,0.106528
8382,2021-03-11,7,2,0,0.106514
8383,2021-03-13,6,3,0,0.106501
8384,2021-03-16,2,8,0,0.106487
8385,2021-03-18,1,9,0,0.106473
8386,2021-03-20,6,9,0,0.106459
8387,2021-03-23,7,3,0,0.106446
8388,2021-03-25,9,8,0,0.106432
8389,2021-03-27,4,5,0,0.106418
8390,2021-03-30,1,1,1,0.106533
8391,2021-04-01,2,5,0,0.10652
8392,2021-04-03,1,1,1,0.106634
8393,2021-04-06,5,9,0,0.10662
8394,2021-04-08,3,8,0,0.106607
8395,2021-04-10,5,1,0,0.106593
8396,2021-04-13,6,3,0,0.106579
8397,2021-04-15,3,4,0,0.106566
8398,2021-04-17,6,6,1,0.10668
8399,2021-04-20,2,2,1,0.106795
8400,2021-04-22,5,9,0,0.106781
8401,2021-04-24,7,2,0,0.106767
8402,2021-04-27,8,6,0,0.106754
8403,2021-04-29,4,6,0,0.10674
8404,2021-05-03,4,7,0,0.106726
8405,2021-05-04,1,8,0,0.106713
8406,2021-05-06,5,5,1,0.106827
8407,2021-05-08,9,8,0,0.106814
8408,2021-05-11,5,1,0,0.1068
8409,2021-05-13,8,4,0,0.106786
8410,2021-05-15,6,8,0,0.106773
8411,2021-05-18,4,7,0,0.106759
8412,2021-05-20,7,2,0,0.106745
8413,2021-05-22,2,3,0,0.106732
8414,2021-05-25,3,4,0,0.106718
8415,2021-05-27,5,3,0,0.106704
8416,2021-05-29,5,3,0,0.106691
8417,2021-06-01,5,3,0,0.106677
8418,2021-06-03,7,3,0,0.106663
8419,2021-06-05,6,8,0,0.10665
8420,2021-06-08,8,8,1,0.106764
8421,2021-06-10,2,5,0,0.10675
8422,2021-06-12,8,2,0,0.106737
8423,2021-06-15,1,4,0,0.106723
8424,2021-06-17,5,7,0,0.106709
8425,2021-06-19,4,8,0,0.106696
8426,2021-06-22,3,3,1,0.10681
8427,2021-06-24,8,1,0,0.106796
8428,2021-06-26,5,7,0,0.106782
8429,2021-06-29,4,1,0,0.106769
8430,2021-07-01,3,3,1,0.106883
8431,2021-07-03,2,1,0,0.106869
8432,2021-07-06,9,1,0,0.106856
8433,2021-07-08,7,7,1,0.10697
8434,2021-07-10,8,7,0,0.106956
8435,2021-07-13,3,6,0,0.106942
8436,2021-07-15,7,2,0,0.106929
8437,2021-07-17,1,2,0,0.106915
8438,2021-07-20,3,8,0,0.106901
8439,2021-07-22,9,8,0,0.106888
8440,2021-07-24,3,9,0,0.106874
8441,2021-07-27,8,3,0,0.10686
8442,2021-07-29,5,5,1,0.106974
8443,2021-07-31,4,1,0,0.106961
8444,2021-08-03,8,3,0,0.106947
8445,2021-08-05,8,5,0,0.106933
8446,2021-08-07,2,4,0,0.10692
8447,2021-08-10,8,8,1,0.107034
8448,2021-08-12,3,4,0,0.10702
8449,2021-08-14,1,2,0,0.107006
8450,2021-08-17,5,9,0,0.106993
8451,2021-08-19,7,8,0,0.106979
8452,2021-08-21,9,6,0,0.106965
8453,2021-08-24,4,5,0,0.106952
8454,2021-08-26,8,1,0,0.106938
8455,2021-08-28,6,8,0,0.106925
8456,2021-08-31,6,7,0,0.106911
8457,2021-09-02,2,2,1,0.107025
8458,2021-09-04,3,9,0,0.107011
8459,2021-09-07,9,3,0,0.106997
8460,2021-09-09,4,9,0,0.106984
8461,2021-09-11,6,1,0,0.10697
8462,2021-09-14,1,5,0,0.106957
8463,2021-09-16,5,9,0,0.106943
8464,2021-09-18,2,8,0,0.106929
8465,2021-09-21,6,3,0,0.106916
8466,2021-09-23,8,6,0,0.106902
8467,2021-09-25,1,5,0,0.106889
8468,2021-09-28,7,7,1,0.107002
8469,2021-09-30,5,1,0,0.106989
8470,2021-10-02,4,7,0,0.106975
8471,2021-10-05,8,3,0,0.106961
8472,2021-10-07,1,8,0,0.106948
8473,2021-10-09,9,7,0,0.106934
8474,2021-10-12,7,3,0,0.106921
8475,2021-10-14,5,7,0,0.106907
8476,2021-10-16,8,7,0,0.106893
8477,2021-10-19,3,8,0,0.10688
8478,2021-10-21,6,2,0,0.106866
8479,2021-10-23,9,2,0,0.106853
8480,2021-10-26,5,8,0,0.106839
8481,2021-10-28,8,4,0,0.106826
8482,2021-10-30,7,8,0,0.106812
8483,2021-11-02,5,7,0,0.106799
8484,2021-11-04,6,7,0,0.106785
8485,2021-11-06,3,4,0,0.106771
8486,2021-11-09,9,6,0,0.106758
8487,2021-11-11,4,9,0,0.106744
8488,2021-11-13,1,1,1,0.106858
8489,2021-11-16,2,5,0,0.106844
8490,2021-11-18,3,1,0,0.106831
8491,2021-11-20,5,3,0,0.106817
8492,2021-11-23,5,3,0,0.106803
8493,2021-11-25,7,3,0,0.10679
8494,2021-11-27,7,6,0,0.106776
8495,2021-11-30,5,2,0,0.106763
8496,2021-12-02,3,7,0,0.106749
8497,2021-12-04,4,1,0,0.106736
8498,2021-12-07,6,6,1,0.106849
8499,2021-12-09,8,5,0,0.106835
8500,2021-12-11,2,5,0,0.106822
8501,2021-12-14,7,8,0,0.106808
8502,2021-12-16,7,2,0,0.106795
8503,2021-12-18,1,2,0,0.106781
8504,2021-12-21,2,8,0,0.106768
8505,2021-12-23,9,1,0,0.106754
8506,2021-12-27,5,7,0,0.106741
8507,2021-12-28,6,4,0,0.106727
8508,2021-12-30,9,4,0,0.106714
8509,2022-01-03,6,8,0,0.1067
8510,2022-01-04,5,1,0,0.106687
8511,2022-01-07,2,3,0,0.106673
8512,2022-01-08,7,3,0,0.10666
8513,2022-01-11,1,2,0,0.106646
8514,2022-01-13,6,8,0,0.106633
8515,2022-01-15,7,3,0,0.10662
8516,2022-01-18,9,8,0,0.106606
8517,2022-01-20,4,5,0,0.106593
8518,2022-01-22,1,1,1,0.106705
8519,2022-01-25,5,5,1,0.106818
8520,2022-01-27,5,8,0,0.106805
8521,2022-01-29,6,3,0,0.106791
8522,2022-02-01,1,4,0,0.106778
8523,2022-02-03,9,9,1,0.10689
8524,2022-02-05,9,3,0,0.106877
8525,2022-02-08,2,2,1,0.10699
8526,2022-02-10,9,3,0,0.106976
8527,2022-02-12,4,7,0,0.106963
8528,2022-02-15,6,1,0,0.106949
8529,2022-02-17,6,5,0,0.106936
8530,2022-02-19,4,2,0,0.106922
8531,2022-02-22,1,7,0,0.106909
8532,2022-02-24,6,5,0,0.106895
8533,2022-02-26,9,3,0,0.106882
8534,2022-03-01,4,8,0,0.106868
8535,2022-03-03,7,1,0,0.106855
8536,2022-03-05,5,3,0,0.106841
8537,2022-03-08,1,7,0,0.106828
8538,2022-03-10,6,3,0,0.106814
8539,2022-03-12,3,3,1,0.106927
8540,2022-03-15,4,6,0,0.106913
8541,2022-03-17,9,6,0,0.1069
8542,2022-03-19,2,6,0,0.106887
8543,2022-03-22,4,9,0,0.106873
8544,2022-03-24,9,1,0,0.10686
8545,2022-03-26,6,6,1,0.106972
8546,2022-03-29,1,1,1,0.107084
8547,2022-03-31,1,9,0,0.107071
8548,2022-04-02,4,8,0,0.107057
8549,2022-04-05,3,9,0,0.107044
8550,2022-04-07,7,1,0,0.107031
8551,2022-04-09,6,2,0,0.107017
8552,2022-04-12,9,8,0,0.107004
8553,2022-04-14,8,8,1,0.107116
8554,2022-04-16,1,7,0,0.107102
8555,2022-04-19,4,7,0,0.107089
8556,2022-04-21,5,3,0,0.107076
8557,2022-04-23,5,3,0,0.107062
8558,2022-04-26,1,3,0,0.107049
8559,2022-04-28,2,3,0,0.107035
8560,2022-04-30,7,1,0,0.107022
8561,2022-05-03,1,2,0,0.107008
8562,2022-05-05,1,8,0,0.106995
8563,2022-05-07,2,8,0,0.106981
8564,2022-05-10,9,1,0,0.106968
8565,2022-05-12,3,7,0,0.106955
8566,2022-05-14,4,3,0,0.106941
8567,2022-05-17,9,6,0,0.106928
8568,2022-05-19,1,6,0,0.106914
8569,2022-05-21,2,2,1,0.107026
8570,2022-05-24,4,1,0,0.107013
8571,2022-05-26,1,1,1,0.107125
8572,2022-05-28,1,5,0,0.107112
8573,2022-05-31,7,8,0,0.107098
8574,2022-06-03,2,5,0,0.107085
8575,2022-06-04,6,4,0,0.107071
8576,2022-06-07,8,6,0,0.107058
8577,2022-06-09,5,5,1,0.10717
8578,2022-06-11,1,1,1,0.107282
8579,2022-06-14,2,3,0,0.107268
8580,2022-06-16,2,1,0,0.107255
8581,2022-06-18,6,9,0,0.107241
8582,2022-06-21,9,6,0,0.107228
8583,2022-06-23,6,8,0,0.107214
8584,2022-06-25,1,1,1,0.107326
8585,2022-06-28,7,9,0,0.107313
8586,2022-06-30,1,5,0,0.107299
8587,2022-07-02,6,8,0,0.107286
8588,2022-07-05,5,3,0,0.107272
8589,2022-07-07,4,3,0,0.107259
8590,2022-07-09,2,3,0,0.107246
8591,2022-07-12,5,7,0,0.107232
8592,2022-07-14,4,2,0,0.107219
8593,2022-07-16,2,3,0,0.107205
8594,2022-07-19,3,7,0,0.107192
8595,2022-07-21,4,3,0,0.107179
8596,2022-07-23,7,6,0,0.107165
8597,2022-07-26,6,3,0,0.107152
8598,2022-07-28,1,8,0,0.107138
8599,2022-07-30,3,9,0,0.107125
8600,2022-08-02,8,8,1,0.107237
8601,2022-08-04,7,5,0,0.107223
8602,2022-08-06,6,7,0,0.10721
8603,2022-08-09,4,8,0,0.107196
8604,2022-08-11,9,7,0,0.107183
8605,2022-08-13,1,6,0,0.10717
8606,2022-08-16,5,2,0,0.107156
8607,2022-08-18,3,8,0,0.107143
8608,2022-08-20,3,1,0,0.107129
8609,2022-08-23,9,6,0,0.107116
8610,2022-08-25,7,9,0,0.107103
8611,2022-08-27,8,7,0,0.107089
8612,2022-08-30,4,6,0,0.107076
8613,2022-09-01,8,7,0,0.107063
8614,2022-09-03,6,8,0,0.107049
8615,2022-09-06,7,7,1,0.107161
8616,2022-09-08,5,8,0,0.107147
8617,2022-09-10,7,7,1,0.107259
8618,2022-09-13,2,6,0,0.107245
8619,2022-09-15,5,4,0,0.107232
8620,2022-09-17,6,2,0,0.107219
8621,2022-09-20,9,4,0,0.107205
8622,2022-09-22,3,8,0,0.107192
8623,2022-09-24,9,3,0,0.107178
8624,2022-09-27,4,9,0,0.107165
8625,2022-09-29,5,1,0,0.107152
8626,2022-10-01,7,3,0,0.107138
8627,2022-10-04,8,6,0,0.107125
8628,2022-10-06,9,6,0,0.107112
8629,2022-10-08,6,1,0,0.107098
8630,2022-10-11,1,1,1,0.10721
8631,2022-10-13,5,9,0,0.107196
8632,2022-10-15,1,8,0,0.107183
8633,2022-10-18,3,2,0,0.10717
8634,2022-10-20,3,8,0,0.107156
8635,2022-10-22,3,6,0,0.107143
8636,2022-10-25,4,6,0,0.10713
8637,2022-10-27,7,6,0,0.107116
8638,2022-10-29,9,3,0,0.107103
8639,2022-11-02,8,5,0,0.10709
8640,2022-11-03,6,7,0,0.107076
8641,2022-11-05,9,7,0,0.107063
8642,2022-11-08,6,8,0,0.10705
8643,2022-11-10,3,1,0,0.107036
8644,2022-11-12,1,6,0,0.107023
8645,2022-11-15,6,9,0,0.10701
8646,2022-11-17,8,3,0,0.106996
8647,2022-11-19,6,5,0,0.106983
8648,2022-11-22,6,7,0,0.10697
8649,2022-11-24,4,2,0,0.106957
8650,2022-11-26,5,7,0,0.106943
8651,2022-11-29,8,3,0,0.10693
8652,2022-12-01,7,8,0,0.106917
8653,2022-12-03,1,7,0,0.106903
8654,2022-12-06,6,8,0,0.10689
8655,2022-12-09,4,3,0,0.106877
8656,2022-12-10,3,7,0,0.106864
8657,2022-12-13,6,1,0,0.10685
8658,2022-12-15,6,2,0,0.106837
8659,2022-12-17,3,2,0,0.106824
8660,2022-12-20,4,6,0,0.106811
8661,2022-12-22,7,6,0,0.106797
8662,2022-12-24,5,3,0,0.106784
8663,2022-12-27,3,7,0,0.106771
8664,2022-12-29,8,1,0,0.106758
8665,2022-12-31,8,5,0,0.106744
8666,2023-01-03,3,4,0,0.106731
8667,2023-01-05,1,2,0,0.106718
8668,2023-01-07,6,9,0,0.106705
8669,2023-01-10,3,3,1,0.106815
8670,2023-01-12,3,6,0,0.106802
8671,2023-01-14,6,6,1,0.106913
8672,2023-01-17,3,2,0,0.1069
8673,2023-01-19,6,6,1,0.10701
8674,2023-01-21,4,2,0,0.106997
8675,2023-01-24,2,7,0,0.106984
8676,2023-01-26,7,7,1,0.107094
8677,2023-01-28,1,2,0,0.107081
8678,2023-01-31,4,6,0,0.107068
8679,2023-02-02,5,3,0,0.107054
8680,2023-02-04,9,3,0,0.107041
8681,2023-02-07,8,1,0,0.107028
8682,2023-02-09,2,7,0,0.107015
8683,2023-02-11,1,8,0,0.107001
8684,2023-02-14,6,9,0,0.106988
8685,2023-02-16,9,3,0,0.106975
8686,2023-02-18,2,6,0,0.106962
8687,2023-02-21,5,9,0,0.106949
8688,2023-02-23,3,2,0,0.106935
8689,2023-02-25,1,1,1,0.107046
8690,2023-02-28,7,9,0,0.107033
8691,2023-03-02,6,1,0,0.107019
8692,2023-03-04,9,8,0,0.107006
8693,2023-03-07,3,6,0,0.106993
8694,2023-03-09,1,3,0,0.10698
8695,2023-03-11,1,9,0,0.106966
8696,2023-03-14,2,8,0,0.106953
8697,2023-03-16,2,1,0,0.10694
8698,2023-03-18,8,9,0,0.106927
8699,2023-03-21,9,4,0,0.106914
8700,2023-03-23,4,1,0,0.1069
8701,2023-03-25,8,1,0,0.106887
8702,2023-03-28,1,8,0,0.106874
8703,2023-03-30,3,7,0,0.106861
8704,2023-04-01,4,8,0,0.106848
8705,2023-04-04,4,6,0,0.106834
8706,2023-04-06,8,8,1,0.106945
8707,2023-04-08,8,8,1,0.107055
8708,2023-04-11,5,4,0,0.107042
8709,2023-04-13,2,1,0,0.107028
8710,2023-04-15,3,3,1,0.107138
8711,2023-04-18,8,3,0,0.107125
8712,2023-04-20,9,5,0,0.107112
8713,2023-04-22,1,1,1,0.107222
8714,2023-04-26,1,2,0,0.107209
8715,2023-04-27,7,8,0,0.107196
8716,2023-04-29,6,1,0,0.107182
8717,2023-05-02,2,8,0,0.107169
8718,2023-05-04,6,3,0,0.107156
8719,2023-05-06,7,6,0,0.107143
8720,2023-05-09,2,8,0,0.10713
8721,2023-05-11,6,4,0,0.107116
8722,2023-05-13,8,6,0,0.107103
8723,2023-05-16,7,5,0,0.10709
8724,2023-05-18,9,7,0,0.107077
8725,2023-05-20,9,5,0,0.107064
8726,2023-05-23,1,2,0,0.107051
8727,2023-05-25,5,2,0,0.107037
8728,2023-05-27,6,8,0,0.107024
8729,2023-05-30,8,4,0,0.107011
8730,2023-06-01,1,5,0,0.106998
8731,2023-06-03,6,7,0,0.106985
8732,2023-06-06,3,3,1,0.107095
8733,2023-06-08,2,6,0,0.107081
8734,2023-06-10,5,1,0,0.107068
8735,2023-06-13,8,2,0,0.107055
8736,2023-06-15,5,8,0,0.107042
8737,2023-06-17,5,1,0,0.107029
8738,2023-06-20,1,3,0,0.107016
8739,2023-06-22,6,3,0,0.107002
8740,2023-06-24,6,3,0,0.106989
8741,2023-06-27,1,2,0,0.106976
8742,2023-06-29,7,9,0,0.106963
8743,2023-07-01,7,1,0,0.10695
8744,2023-07-04,3,2,0,0.106937
8745,2023-07-06,9,4,0,0.106924
8746,2023-07-07,7,9,0,0.106911
8747,2023-07-08,1,7,0,0.106897
8748,2023-07-11,2,6,0,0.106884
8749,2023-07-13,2,1,0,0.106871
8750,2023-07-14,8,9,0,0.106858
8751,2023-07-15,3,9,0,0.106845
8752,2023-07-18,1,1,1,0.106954
8753,2023-07-20,7,9,0,0.106941
8754,2023-07-21,7,1,0,0.106928
8755,2023-07-22,1,2,0,0.106915
8756,2023-07-25,8,6,0,0.106902
8757,2023-07-27,5,8,0,0.106889
8758,2023-07-28,9,1,0,0.106876
8759,2023-07-29,6,1,0,0.106863
8760,2023-08-01,9,1,0,0.10685
8761,2023-08-03,5,6,0,0.106837
8762,2023-08-04,7,4,0,0.106823
8763,2023-08-05,6,8,0,0.10681
8764,2023-08-08,4,8,0,0.106797
8765,2023-08-10,8,2,0,0.106784
8766,2023-08-11,5,8,0,0.106771
8767,2023-08-12,4,1,0,0.106758
8768,2023-08-16,1,3,0,0.106745
8769,2023-08-17,6,5,0,0.106732
8770,2023-08-18,7,3,0,0.106719
8771,2023-08-19,9,8,0,0.106706
8772,2023-08-22,6,5,0,0.106693
8773,2023-08-24,7,1,0,0.10668
8774,2023-08-25,6,9,0,0.106667
8775,2023-08-26,8,8,1,0.106776
8776,2023-08-29,8,5,0,0.106763
8777,2023-08-31,4,4,1,0.106872
8778,2023-09-01,2,7,0,0.106859
8779,2023-09-02,3,7,0,0.106846
8780,2023-09-05,8,8,1,0.106955
8781,2023-09-07,5,5,1,0.107064
8782,2023-09-08,6,1,0,0.107051
8783,2023-09-09,3,4,0,0.107038
8784,2023-09-12,7,6,0,0.107025
8785,2023-09-14,8,2,0,0.107012
8786,2023-09-15,4,6,0,0.106999
8787,2023-09-16,6,7,0,0.106986
8788,2023-09-19,6,5,0,0.106973
8789,2023-09-21,2,2,1,0.107082
8790,2023-09-22,3,3,1,0.107191
8791,2023-09-23,3,8,0,0.107178
8792,2023-09-26,8,6,0,0.107165
8793,2023-09-28,7,5,0,0.107152
8794,2023-09-29,6,7,0,0.107138
8795,2023-09-30,2,8,0,0.107125
8796,2023-10-03,7,3,0,0.107112
8797,2023-10-05,4,2,0,0.107099
8798,2023-10-06,4,2,0,0.107086
8799,2023-10-07,8,8,1,0.107195
8800,2023-10-10,7,8,0,0.107182
8801,2023-10-12,9,7,0,0.107169
8802,2023-10-13,6,5,0,0.107156
8803,2023-10-14,9,1,0,0.107143
8804,2023-10-17,5,6,0,0.10713
8805,2023-10-19,5,4,0,0.107117
8806,2023-10-20,5,3,0,0.107104
8807,2023-10-21,1,3,0,0.107091
8808,2023-10-24,6,3,0,0.107078
8809,2023-10-26,9,3,0,0.107065
8810,2023-10-27,9,6,0,0.107052
8811,2023-10-28,2,2,1,0.10716
8812,2023-10-31,4,9,0,0.107147
8813,2023-11-02,8,1,0,0.107134
8814,2023-11-03,3,8,0,0.107121
8815,2023-11-04,3,1,0,0.107108
8816,2023-11-07,4,6,0,0.107095
8817,2023-11-09,9,6,0,0.107082
8818,2023-11-10,6,6,1,0.107191
8819,2023-11-11,7,1,0,0.107178
8820,2023-11-14,4,9,0,0.107165
8821,2023-11-16,7,2,0,0.107152
8822,2023-11-17,4,3,0,0.107139
8823,2023-11-18,5,2,0,0.107125
8824,2023-11-21,1,3,0,0.107112
8825,2023-11-23,5,3,0,0.107099
8826,2023-11-24,7,6,0,0.107086
8827,2023-11-25,8,6,0,0.107073
8828,2023-11-28,1,6,0,0.10706
8829,2023-11-30,3,7,0,0.107047
8830,2023-12-01,5,8,0,0.107034
8831,2023-12-02,2,3,0,0.107021
8832,2023-12-05,5,3,0,0.107008
8833,2023-12-07,2,2,1,0.107117
8834,2023-12-09,4,3,0,0.107104
8835,2023-12-11,9,1,0,0.107091
8836,2023-12-12,8,6,0,0.107078
8837,2023-12-14,8,7,0,0.107065
8838,2023-12-15,7,4,0,0.107052
8839,2023-12-16,4,7,0,0.107039
8840,2023-12-19,2,2,1,0.107147
8841,2023-12-21,9,7,0,0.107134
8842,2023-12-22,5,7,0,0.107121
8843,2023-12-23,3,4,0,0.107108
8844,2023-12-27,3,1,0,0.107095
8845,2023-12-28,9,6,0,0.107082
8846,2023-12-29,8,9,0,0.107069
8847,2023-12-30,3,7,0,0.107056
8848,2024-01-02,6,1,0,0.107043
8849,2024-01-04,7,2,0,0.10703
8850,2024-01-05,8,9,0,0.107017
8851,2024-01-08,7,6,0,0.107004
8852,2024-01-09,9,7,0,0.106991
8853,2024-01-11,1,5,0,0.106978
8854,2024-01-12,7,2,0,0.106965
8855,2024-01-13,5,1,0,0.106953
8856,2024-01-16,4,7,0,0.10694
8857,2024-01-18,1,3,0,0.106927
8858,2024-01-19,8,5,0,0.106914
8859,2024-01-20,9,8,0,0.106901
8860,2024-01-23,2,1,0,0.106888
8861,2024-01-25,6,9,0,0.106875
8862,2024-01-26,5,6,0,0.106862
8863,2024-01-27,5,3,0,0.106849
8864,2024-01-30,8,3,0,0.106836
8865,2024-02-01,7,8,0,0.106823
8866,2024-02-02,5,7,0,0.10681
8867,2024-02-03,5,7,0,0.106797
8868,2024-02-06,7,3,0,0.106784
8869,2024-02-08,5,8,0,0.106771
8870,2024-02-09,3,7,0,0.106759
8871,2024-02-10,6,1,0,0.106746
8872,2024-02-13,1,2,0,0.106733
8873,2024-02-15,6,9,0,0.10672
8874,2024-02-16,7,3,0,0.106707
8875,2024-02-17,1,8,0,0.106694
8876,2024-02-20,3,8,0,0.106681
8877,2024-02-22,6,8,0,0.106668
8878,2024-02-23,4,2,0,0.106655
8879,2024-02-24,1,2,0,0.106643
8880,2024-02-27,9,5,0,0.10663
8881,2024-02-29,6,9,0,0.106617
8882,2024-03-01,7,1,0,0.106604
8883,2024-03-02,4,8,0,0.106591
8884,2024-03-05,2,2,1,0.106699
8885,2024-03-07,6,7,0,0.106686
8886,2024-03-08,8,6,0,0.106673
8887,2024-03-09,6,5,0,0.10666
8888,2024-03-12,9,7,0,0.106647
8889,2024-03-14,9,6,0,0.106634
8890,2024-03-15,1,2,0,0.106622
8891,2024-03-16,3,2,0,0.106609
8892,2024-03-19,7,8,0,0.106596
8893,2024-03-21,8,2,0,0.106583
8894,2024-03-22,6,6,1,0.106691
8895,2024-03-23,5,7,0,0.106678
8896,2024-03-26,4,3,0,0.106665
8897,2024-03-28,2,3,0,0.106652
8898,2024-03-29,5,7,0,0.106639
8899,2024-03-30,2,2,1,0.106747
8900,2024-04-02,4,3,0,0.106734
8901,2024-04-04,1,1,1,0.106842
8902,2024-04-05,9,5,0,0.106829
8903,2024-04-06,7,9,0,0.106816
8904,2024-04-09,2,7,0,0.106803
8905,2024-04-11,6,4,0,0.10679
8906,2024-04-12,3,8,0,0.106777
8907,2024-04-13,4,6,0,0.106765
8908,2024-04-16,7,6,0,0.106752
8909,2024-04-18,2,3,0,0.106739
8910,2024-04-19,2,4,0,0.106726
8911,2024-04-20,3,9,0,0.106713
8912,2024-04-23,2,8,0,0.1067
8913,2024-04-26,6,1,0,0.106688
8914,2024-04-27,7,8,0,0.106675
8915,2024-04-29,5,8,0,0.106662
8916,2024-04-30,6,7,0,0.106649
8917,2024-05-02,9,4,0,0.106636
8918,2024-05-03,9,9,1,0.106744
8919,2024-05-04,6,2,0,0.106731
8920,2024-05-07,9,1,0,0.106718
8921,2024-05-09,1,9,0,0.106705
8922,2024-05-10,7,2,0,0.106692
8923,2024-05-11,6,5,0,0.106679
8924,2024-05-14,9,8,0,0.106667
8925,2024-05-16,6,9,0,0.106654
8926,2024-05-17,3,1,0,0.106641
8927,2024-05-18,3,6,0,0.106628
8928,2024-05-21,8,6,0,0.106615
8929,2024-05-23,3,5,0,0.106603
8930,2024-05-24,4,1,0,0.10659
8931,2024-05-25,8,6,0,0.106577
8932,2024-05-28,9,8,0,0.106564
8933,2024-05-30,9,1,0,0.106551
8934,2024-05-31,9,2,0,0.106539
8935,2024-06-01,3,2,0,0.106526
8936,2024-06-04,1,3,0,0.106513
8937,2024-06-06,8,7,0,0.1065
8938,2024-06-07,9,8,0,0.106488
8939,2024-06-08,6,1,0,0.106475
8940,2024-06-11,8,1,0,0.106462
8941,2024-06-13,9,5,0,0.106449
8942,2024-06-14,3,1,0,0.106437
8943,2024-06-15,1,3,0,0.106424
8944,2024-06-18,8,7,0,0.106411
8945,2024-06-20,3,8,0,0.106398
8946,2024-06-21,6,1,0,0.106386
8947,2024-06-22,5,2,0,0.106373
8948,2024-06-25,3,3,1,0.10648
8949,2024-06-27,1,1,1,0.106587
8950,2024-06-28,4,7,0,0.106574
8951,2024-06-29,9,3,0,0.106561
8952,2024-07-02,8,6,0,0.106549
8953,2024-07-04,2,7,0,0.106536
8954,2024-07-05,1,8,0,0.106523
8955,2024-07-06,9,9,1,0.10663
8956,2024-07-09,6,9,0,0.106617
8957,2024-07-11,5,1,0,0.106604
8958,2024-07-12,6,3,0,0.106592
8959,2024-07-13,8,4,0,0.106579
8960,2024-07-16,2,5,0,0.106566
8961,2024-07-18,3,8,0,0.106553
8962,2024-07-19,4,8,0,0.106541
8963,2024-07-20,8,6,0,0.106528
8964,2024-07-23,2,8,0,0.106515
8965,2024-07-25,2,8,0,0.106503
8966,2024-07-26,3,9,0,0.10649
8967,2024-07-27,8,8,1,0.106597
8968,2024-07-30,6,5,0,0.106584
8969,2024-08-01,7,7,1,0.106691
8970,2024-08-02,1,8,0,0.106678
8971,2024-08-03,1,8,0,0.106665
8972,2024-08-06,2,8,0,0.106652
8973,2024-08-08,9,2,0,0.10664
8974,2024-08-09,3,7,0,0.106627
8975,2024-08-10,1,3,0,0.106614
8976,2024-08-13,8,7,0,0.106601
8977,2024-08-16,8,8,1,0.106708
8978,2024-08-17,7,4,0,0.106695
8979,2024-08-19,3,7,0,0.106683
8980,2024-08-20,7,4,0,0.10667
8981,2024-08-22,9,2,0,0.106657
8982,2024-08-23,5,5,1,0.106764
8983,2024-08-24,9,4,0,0.106751
8984,2024-08-27,6,1,0,0.106738
8985,2024-08-29,1,1,1,0.106845
8986,2024-08-30,6,9,0,0.106832
8987,2024-08-31,1,3,0,0.106819
8988,2024-09-03,2,9,0,0.106807
8989,2024-09-05,2,2,1,0.106913
8990,2024-09-06,9,9,1,0.107019
8991,2024-09-07,8,7,0,0.107007
8992,2024-09-10,6,7,0,0.106994
8993,2024-09-12,3,7,0,0.106981
8994,2024-09-13,7,6,0,0.106968
8995,2024-09-14,5,2,0,0.106956
8996,2024-09-17,6,7,0,0.106943
8997,2024-09-19,1,4,0,0.10693
8998,2024-09-20,6,9,0,0.106917
8999,2024-09-21,1,3,0,0.106905
9000,2024-09-24,8,9,0,0.106892
9001,2024-09-26,9,8,0,0.106879
9002,2024-09-27,1,1,1,0.106986
9003,2024-09-28,3,2,0,0.106973
9004,2024-10-01,9,8,0,0.10696
9005,2024-10-03,7,9,0,0.106947
9006,2024-10-04,4,7,0,0.106935
9007,2024-10-05,7,2,0,0.106922
9008,2024-10-08,1,3,0,0.106909
9009,2024-10-10,8,8,1,0.107015
9010,2024-10-11,6,8,0,0.107003
9011,2024-10-12,6,7,0,0.10699
9012,2024-10-15,8,2,0,0.106977
9013,2024-10-17,2,5,0,0.106965
9014,2024-10-18,7,8,0,0.106952
9015,2024-10-19,5,2,0,0.106939
9016,2024-10-22,4,7,0,0.106926
9017,2024-10-24,1,3,0,0.106914
9018,2024-10-25,5,5,1,0.10702
9019,2024-10-26,4,6,0,0.107007
9020,2024-10-29,1,3,0,0.106994
9021,2024-10-31,8,5,0,0.106982
9022,2024-11-02,6,8,0,0.106969
9023,2024-11-04,1,7,0,0.106956
9024,2024-11-05,9,9,1,0.107062
9025,2024-11-07,2,9,0,0.10705
9026,2024-11-08,5,9,0,0.107037
9027,2024-11-09,9,2,0,0.107024
9028,2024-11-12,3,1,0,0.107012
9029,2024-11-14,4,3,0,0.106999
9030,2024-11-15,1,6,0,0.106986
9031,2024-11-16,4,5,0,0.106973
9032,2024-11-19,2,9,0,0.106961
9033,2024-11-21,6,7,0,0.106948
9034,2024-11-22,4,8,0,0.106935
9035,2024-11-23,9,2,0,0.106923
9036,2024-11-26,6,6,1,0.107029
9037,2024-11-28,6,1,0,0.107016
9038,2024-11-29,9,2,0,0.107003
9039,2024-11-30,6,9,0,0.106991
9040,2024-12-03,7,1,0,0.106978
9041,2024-12-05,9,8,0,0.106965
9042,2024-12-06,3,5,0,0.106953
9043,2024-12-07,7,3,0,0.10694
9044,2024-12-10,4,2,0,0.106927
9045,2024-12-12,6,2,0,0.106915
9046,2024-12-13,1,5,0,0.106902
9047,2024-12-14,4,9,0,0.106889
9048,2024-12-17,6,9,0,0.106877
9049,2024-12-19,9,5,0,0.106864
9050,2024-12-20,7,6,0,0.106851
9051,2024-12-21,1,7,0,0.106839
9052,2024-12-24,6,8,0,0.106826
9053,2024-12-27,1,3,0,0.106813
9054,2024-12-28,8,9,0,0.106801
9055,2024-12-30,4,8,0,0.106788
9056,2024-12-31,6,7,0,0.106775
9057,2025-01-02,5,5,1,0.106881
9058,2025-01-03,5,3,0,0.106868
9059,2025-01-04,5,3,0,0.106856
9060,2025-01-07,7,3,0,0.106843
9061,2025-01-09,6,8,0,0.106831
9062,2025-01-10,2,8,0,0.106818
9063,2025-01-11,7,3,0,0.106805
9064,2025-01-14,1,2,0,0.106793
9065,2025-01-16,6,8,0,0.10678
9066,2025-01-17,2,3,0,0.106767
9067,2025-01-18,9,3,0,0.106755
9068,2025-01-21,8,7,0,0.106742
9069,2025-01-23,7,7,1,0.106848
9070,2025-01-24,5,7,0,0.106835
9071,2025-01-25,8,7,0,0.106822
9072,2025-01-28,1,8,0,0.10681
9073,2025-01-30,4,7,0,0.106797
9074,2025-01-31,5,9,0,0.106785
9075,2025-02-01,4,3,0,0.106772
9076,2025-02-04,8,3,0,0.106759
9077,2025-02-06,4,8,0,0.106747
9078,2025-02-07,3,7,0,0.106734
9079,2025-02-08,2,1,0,0.106722
9080,2025-02-11,8,1,0,0.106709
9081,2025-02-13,5,9,0,0.106697
9082,2025-02-14,2,1,0,0.106684
9083,2025-02-15,7,3,0,0.106671
9084,2025-02-18,6,2,0,0.106659
9085,2025-02-20,4,8,0,0.106646
9086,2025-02-21,3,2,0,0.106634
9087,2025-02-22,9,1,0,0.106621
9088,2025-02-25,2,9,0,0.106609
9089,2025-02-27,4,9,0,0.106596
9090,2025-02-28,1,1,1,0.106701
9091,2025-03-01,7,5,0,0.106689
9092,2025-03-04,9,5,0,0.106676
9093,2025-03-06,8,5,0,0.106664
9094,2025-03-07,7,7,1,0.106769
9095,2025-03-08,3,7,0,0.106756
9096,2025-03-11,3,4,0,0.106744
9097,2025-03-13,5,6,0,0.106731
9098,2025-03-14,4,3,0,0.106718
9099,2025-03-15,1,3,0,0.106706
9100,2025-03-18,8,5,0,0.106693
9101,2025-03-20,5,8,0,0.106681
9102,2025-03-21,3,1,0,0.106668
9103,2025-03-22,5,1,0,0.106656
9104,2025-03-25,9,4,0,0.106643
9105,2025-03-27,5,1,0,0.106631
9106,2025-03-28,2,4,0,0.106618
9107,2025-03-29,5,3,0,0.106606
9108,2025-04-01,4,2,0,0.106593
9109,2025-04-03,1,3,0,0.10658
9110,2025-04-04,4,5,0,0.106568
9111,2025-04-05,2,9,0,0.106555
9112,2025-04-08,5,7,0,0.106543
9113,2025-04-10,6,2,0,0.10653
9114,2025-04-11,6,4,0,0.106518
9115,2025-04-12,6,2,0,0.106505
9116,2025-04-15,8,2,0,0.106493
9117,2025-04-17,6,5,0,0.10648
9118,2025-04-18,7,7,1,0.106585
9119,2025-04-19,3,9,0,0.106573
9120,2025-04-22,6,4,0,0.10656
9121,2025-04-24,6,2,0,0.106548
9122,2025-04-26,7,2,0,0.106535
9123,2025-04-28,6,9,0,0.106523
9124,2025-04-29,3,8,0,0.10651
9125,2025-05-02,1,6,0,0.106498
9126,2025-05-03,2,7,0,0.106485
9127,2025-05-05,4,2,0,0.106473
9128,2025-05-06,2,1,0,0.10646
9129,2025-05-08,6,7,0,0.106448
9130,2025-05-09,7,8,0,0.106435
9131,2025-05-10,2,9,0,0.106423
9132,2025-05-13,3,4,0,0.10641
9133,2025-05-15,6,8,0,0.106398
9134,2025-05-16,8,2,0,0.106385
9135,2025-05-17,3,5,0,0.106373
9136,2025-05-20,7,1,0,0.106361
9137,2025-05-22,2,4,0,0.106348
9138,2025-05-23,5,4,0,0.106336
9139,2025-05-24,4,2,0,0.106323
9140,2025-05-27,7,3,0,0.106311
9141,2025-05-29,9,1,0,0.106298
9142,2025-05-30,7,5,0,0.106286
9143,2025-05-31,3,7,0,0.106273
9144,2025-06-03,1,4,0,0.106261
9145,2025-06-05,8,7,0,0.106249
9146,2025-06-06,5,8,0,0.106236
9147,2025-06-07,5,1,0,0.106224
9148,2025-06-10,6,3,0,0.106211
9149,2025-06-12,7,4,0,0.106199
9150,2025-06-13,8,9,0,0.106186
9151,2025-06-14,2,6,0,0.106174
9152,2025-06-17,8,8,1,0.106278
9153,2025-06-19,5,9,0,0.106266
9154,2025-06-20,7,1,0,0.106254
9155,2025-06-21,7,6,0,0.106241
9156,2025-06-24,8,2,0,0.106229
9157,2025-06-26,1,6,0,0.106216
9158,2025-06-27,1,7,0,0.106204
9159,2025-06-28,1,8,0,0.106192
9160,2025-07-01,4,8,0,0.106179
9161,2025-07-03,1,9,0,0.106167
9162,2025-07-04,7,5,0,0.106154
9163,2025-07-05,8,5,0,0.106142
9164,2025-07-08,1,6,0,0.10613
9165,2025-07-10,3,7,0,0.106117
9166,2025-07-11,5,8,0,0.106105
9167,2025-07-12,2,4,0,0.106092
9168,2025-07-15,4,3,0,0.10608
9169,2025-07-17,1,1,1,0.106184
9170,2025-07-18,9,5,0,0.106172
9171,2025-07-19,4,9,0,0.10616
9172,2025-07-22,1,1,1,0.106264
9173,2025-07-24,6,5,0,0.106251
9174,2025-07-25,8,3,0,0.106239
9175,2025-07-26,8,5,0,0.106227
9176,2025-07-29,5,4,0,0.106214
9177,2025-07-31,8,1,0,0.106202
9178,2025-08-01,8,8,1,0.106306
9179,2025-08-02,3,4,0,0.106294
9180,2025-08-05,5,1,0,0.106281
9181,2025-08-07,2,4,0,0.106269
9182,2025-08-08,1,3,0,0.106257
9183,2025-08-09,1,9,0,0.106244
9184,2025-08-12,2,8,0,0.106232
9185,2025-08-14,2,2,1,0.106336
9186,2025-08-16,4,9,0,0.106324
9187,2025-08-18,7,1,0,0.106311
9188,2025-08-19,2,1,0,0.106299
9189,2025-08-21,4,4,1,0.106403
9190,2025-08-22,9,1,0,0.10639
9191,2025-08-23,9,6,0,0.106378
9192,2025-08-26,5,2,0,0.106366
9193,2025-08-28,7,4,0,0.106353
9194,2025-08-29,6,6,1,0.106457
9195,2025-08-30,2,8,0,0.106445
9196,2025-09-02,7,3,0,0.106432
9197,2025-09-04,1,2,0,0.10642
9198,2025-09-05,6,6,1,0.106524
9199,2025-09-06,6,3,0,0.106512
9200,2025-09-09,9,2,0,0.106499
9201,2025-09-11,5,6,0,0.106487
9202,2025-09-12,5,4,0,0.106474
9203,2025-09-13,4,3,0,0.106462
9204,2025-09-16,4,3,0,0.10645
9205,2025-09-18,4,8,0,0.106437
9206,2025-09-19,3,8,0,0.106425
9207,2025-09-20,2,1,0,0.106413
9208,2025-09-23,7,1,0,0.1064
9209,2025-09-25,5,2,0,0.106388
9210,2025-09-26,7,7,1,0.106492
9211,2025-09-27,3,6,0,0.106479
9212,2025-09-30,9,4,0,0.106467
9213,2025-10-02,2,9,0,0.106455
9214,2025-10-03,8,9,0,0.106442
9215,2025-10-04,9,5,0,0.10643
9216,2025-10-07,8,1,0,0.106418
9217,2025-10-09,3,7,0,0.106405
9218,2025-10-10,5,1,0,0.106393
9219,2025-10-11,8,4,0,0.106381
9220,2025-10-14,6,8,0,0.106368
9221,2025-10-16,7,7,1,0.106472
9222,2025-10-17,6,8,0,0.106459
9223,2025-10-18,3,8,0,0.106447
9224,2025-10-21,6,6,1,0.106551
9225,2025-10-23,2,2,1,0.106654
9226,2025-10-24,1,3,0,0.106642
9227,2025-10-25,3,9,0,0.10663
9228,2025-10-28,2,8,0,0.106617
9229,2025-10-30,3,1,0,0.106605
9230,2025-10-31,1,8,0,0.106593
9231,2025-11-03,3,7,0,0.10658
9232,2025-11-04,2,8,0,0.106568
9233,2025-11-06,6,1,0,0.106555
9234,2025-11-07,4,8,0,0.106543
9235,2025-11-08,9,2,0,0.106531
9236,2025-11-11,2,6,0,0.106518
9237,2025-11-13,6,9,0,0.106506
9238,2025-11-14,3,8,0,0.106494
9239,2025-11-15,8,6,0,0.106481
9240,2025-11-18,1,5,0,0.106469
9241,2025-11-20,2,7,0,0.106457
9242,2025-11-21,5,2,0,0.106445
9243,2025-11-22,2,2,1,0.106548
9244,2025-11-25,5,3,0,0.106536
9245,2025-11-27,6,2,0,0.106523
9246,2025-11-28,4,4,1,0.106627
9247,2025-11-29,2,2,1,0.10673
9248,2025-12-02,5,7,0,0.106718
9249,2025-12-04,6,2,0,0.106705
9250,2025-12-05,6,4,0,0.106693
9251,2025-12-06,8,2,0,0.106681
9252,2025-12-09,8,5,0,0.106668
9253,2025-12-11,2,4,0,0.106656
9254,2025-12-12,8,8,1,0.106759
9255,2025-12-13,7,9,0,0.106747
9256,2025-12-16,5,7,0,0.106734
9257,2025-12-18,5,7,0,0.106722
9258,2025-12-19,4,3,0,0.10671
9259,2025-12-20,9,3,0,0.106697
9260,2025-12-23,2,6,0,0.106685
9261,2025-12-24,4,9,0,0.106673
9262,2025-12-27,5,1,0,0.106661
9263,2025-12-29,4,3,0,0.106648
9264,2025-12-30,5,3,0,0.106636
9265,2026-01-02,5,3,0,0.106624
9266,2026-01-03,4,4,1,0.106727
9267,2026-01-05,9,3,0,0.106714
9268,2026-01-07,8,6,0,0.106702
9269,2026-01-08,3,7,0,0.10669
9270,2026-01-09,1,1,1,0.106793
9271,2026-01-10,5,7,0,0.10678
9272,2026-01-13,7,6,0,0.106768
9273,2026-01-15,6,6,1,0.106871
9274,2026-01-16,2,8,0,0.106859
9275,2026-01-17,6,3,0,0.106846
9276,2026-01-20,7,8,0,0.106834
9277,2026-01-22,9,8,0,0.106822
9278,2026-01-23,4,5,0,0.10681
9279,2026-01-24,9,1,0,0.106797
9280,2026-01-27,8,6,0,0.106785
9281,2026-01-29,6,7,0,0.106773
9282,2026-01-30,7,7,1,0.106876
9283,2026-01-31,6,9,0,0.106863
9284,2026-02-03,3,2,0,0.106851
9285,2026-02-05,3,6,0,0.106839
9286,2026-02-06,3,6,0,0.106826
9287,2026-02-07,6,6,1,0.106929
9288,2026-02-10,3,2,0,0.106917
9289,2026-02-12,4,6,0,0.106904
9290,2026-02-13,1,6,0,0.106892
9291,2026-02-14,8,5,0,0.10688
9292,2026-02-17,1,8,0,0.106868
9293,2026-02-19,8,7,0,0.106855
9294,2026-02-20,5,8,0,0.106843
9295,2026-02-21,1,1,1,0.106946
9296,2026-02-24,4,3,0,0.106933
9297,2026-02-26,9,9,1,0.107036
9298,2026-02-27,1,6,0,0.107024
9299,2026-02-28,5,2,0,0.107011
9300,2026-03-03,6,7,0,0.106999
9301,2026-03-05,2,4,0,0.106987
9302,2026-03-06,7,3,0,0.106975
9303,2026-03-07,2,2,1,0.107077
9304,2026-03-10,1,4,0,0.107065
9305,2026-03-12,3,9,0,0.107053
9306,2026-03-13,8,8,1,0.107155
9307,2026-03-14,4,5,0,0.107143
9308,2026-03-17,9,7,0,0.107131
