t_index,date,true_dr,pred_dr,hit,rolling_accuracy
600,1911-07-08,3,7,0,0.0
601,1911-07-15,6,7,0,0.0
602,1911-07-22,5,7,0,0.0
603,1911-07-29,7,4,0,0.0
604,1911-08-05,3,7,0,0.0
605,1911-08-12,3,7,0,0.0
606,1911-08-19,6,7,0,0.0
607,1911-08-26,4,5,0,0.0
608,1911-09-02,3,1,0,0.0
609,1911-09-09,6,7,0,0.0
610,1911-09-16,2,5,0,0.0
611,1911-09-23,8,5,0,0.0
612,1911-09-30,3,9,0,0.0
613,1911-10-07,4,6,0,0.0
614,1911-10-14,3,1,0,0.0
615,1911-10-21,4,6,0,0.0
616,1911-10-28,7,1,0,0.0
617,1911-11-04,6,7,0,0.0
618,1911-11-11,8,5,0,0.0
619,1911-11-18,6,3,0,0.0
620,1911-11-25,4,5,0,0.0
621,1911-12-02,8,1,0,0.0
622,1911-12-09,2,3,0,0.0
623,1911-12-16,1,5,0,0.0
624,1911-12-23,9,9,1,0.04
625,1911-12-30,3,9,0,0.038462
626,1912-01-06,2,6,0,0.037037
627,1912-01-13,1,5,0,0.035714
628,1912-01-20,5,9,0,0.034483
629,1912-01-27,3,4,0,0.033333
630,1912-02-03,5,6,0,0.032258
631,1912-02-10,8,3,0,0.03125
632,1912-02-17,8,3,0,0.030303
633,1912-02-24,4,3,0,0.029412
634,1912-03-02,2,1,0,0.028571
635,1912-03-09,7,5,0,0.027778
636,1912-03-16,8,7,0,0.027027
637,1912-03-23,8,3,0,0.026316
638,1912-03-30,8,3,0,0.025641
639,1912-04-06,5,8,0,0.025
640,1912-04-13,7,3,0,0.02439
641,1912-04-20,9,7,0,0.02381
642,1912-04-27,7,9,0,0.023256
643,1912-05-04,1,9,0,0.022727
644,1912-05-11,8,9,0,0.022222
645,1912-05-18,8,8,1,0.043478
646,1912-05-25,9,8,0,0.042553
647,1912-06-01,4,7,0,0.041667
648,1912-06-08,2,1,0,0.040816
649,1912-06-15,5,5,1,0.06
650,1912-06-22,2,3,0,0.058824
651,1912-06-29,9,5,0,0.057692
652,1912-07-06,4,7,0,0.056604
653,1912-07-13,2,1,0,0.055556
654,1912-07-20,6,5,0,0.054545
655,1912-07-27,2,5,0,0.053571
656,1912-08-03,5,5,1,0.070175
657,1912-08-10,9,3,0,0.068966
658,1912-08-17,7,7,1,0.084746
659,1912-08-24,5,9,0,0.083333
660,1912-08-31,8,3,0,0.081967
661,1912-09-07,4,8,0,0.080645
662,1912-09-14,1,1,1,0.095238
663,1912-09-21,8,9,0,0.09375
664,1912-09-28,4,8,0,0.092308
665,1912-10-05,5,1,0,0.090909
666,1912-10-12,6,3,0,0.089552
667,1912-10-19,7,5,0,0.088235
668,1912-10-26,7,9,0,0.086957
669,1912-11-02,4,7,0,0.085714
670,1912-11-09,3,1,0,0.084507
671,1912-11-16,3,6,0,0.083333
672,1912-11-23,6,6,1,0.09589
673,1912-11-30,2,7,0,0.094595
674,1912-12-07,1,5,0,0.093333
675,1912-12-14,5,9,0,0.092105
676,1912-12-21,6,3,0,0.090909
677,1912-12-28,2,7,0,0.089744
678,1913-01-04,5,5,1,0.101266
679,1913-01-11,1,3,0,0.1
680,1913-01-18,7,9,0,0.098765
681,1913-01-25,9,7,0,0.097561
682,1913-02-01,5,7,0,0.096386
683,1913-02-08,3,3,1,0.107143
684,1913-02-15,8,6,0,0.105882
685,1913-02-22,5,8,0,0.104651
686,1913-03-01,6,3,0,0.103448
687,1913-03-08,4,7,0,0.102273
688,1913-03-15,7,1,0,0.101124
689,1913-03-22,3,9,0,0.1
690,1913-03-29,6,6,1,0.10989
691,1913-04-05,4,7,0,0.108696
692,1913-04-12,7,1,0,0.107527
693,1913-04-19,2,9,0,0.106383
694,1913-04-26,6,5,0,0.105263
695,1913-05-03,8,4,0,0.104167
696,1913-05-10,6,8,0,0.103093
697,1913-05-17,2,4,0,0.102041
698,1913-05-24,1,5,0,0.10101
699,1913-05-31,4,9,0,0.1
700,1913-06-07,3,1,0,0.09901
701,1913-06-14,5,6,0,0.098039
702,1913-06-21,3,3,1,0.106796
703,1913-06-28,8,6,0,0.105769
704,1913-07-05,3,8,0,0.104762
705,1913-07-12,4,6,0,0.103774
706,1913-07-19,5,1,0,0.102804
707,1913-07-26,7,3,0,0.101852
708,1913-08-02,4,9,0,0.100917
709,1913-08-09,3,1,0,0.1
710,1913-08-16,3,6,0,0.099099
711,1913-08-23,5,6,0,0.098214
712,1913-08-30,8,3,0,0.097345
713,1913-09-06,8,8,1,0.105263
714,1913-09-13,9,8,0,0.104348
715,1913-09-20,9,7,0,0.103448
716,1913-09-27,1,7,0,0.102564
717,1913-10-04,6,9,0,0.101695
718,1913-10-11,1,4,0,0.10084
719,1913-10-18,2,9,0,0.1
720,1913-10-25,2,5,0,0.099174
721,1913-11-01,7,5,0,0.098361
722,1913-11-08,8,9,0,0.097561
723,1913-11-15,8,8,1,0.104839
724,1913-11-22,7,8,0,0.104
725,1913-11-29,8,9,0,0.103175
726,1913-12-06,7,8,0,0.102362
727,1913-12-13,2,9,0,0.101562
728,1913-12-20,2,5,0,0.100775
729,1913-12-27,1,5,0,0.1
730,1914-01-03,8,9,0,0.099237
731,1914-01-10,1,8,0,0.098485
732,1914-01-17,7,9,0,0.097744
733,1914-01-24,9,9,1,0.104478
734,1914-01-31,4,7,0,0.103704
735,1914-02-07,7,1,0,0.102941
736,1914-02-14,6,9,0,0.10219
737,1914-02-21,8,4,0,0.101449
738,1914-02-28,7,8,0,0.100719
739,1914-03-07,7,9,0,0.1
740,1914-03-14,9,9,1,0.106383
741,1914-03-21,9,7,0,0.105634
742,1914-03-28,6,9,0,0.104895
743,1914-04-04,8,4,0,0.104167
744,1914-04-11,1,8,0,0.103448
745,1914-04-18,3,9,0,0.10274
746,1914-04-25,7,6,0,0.102041
747,1914-05-02,6,9,0,0.101351
748,1914-05-09,2,4,0,0.100671
749,1914-05-16,5,5,1,0.106667
750,1914-05-23,9,3,0,0.10596
751,1914-05-30,9,9,1,0.111842
752,1914-06-06,2,9,0,0.111111
753,1914-06-13,9,5,0,0.11039
754,1914-06-20,1,9,0,0.109677
755,1914-06-27,8,9,0,0.108974
756,1914-07-04,7,8,0,0.10828
757,1914-07-11,2,9,0,0.107595
758,1914-07-18,6,5,0,0.106918
759,1914-07-25,2,2,1,0.1125
760,1914-08-01,3,5,0,0.111801
761,1914-08-08,9,6,0,0.111111
762,1914-08-15,9,9,1,0.116564
763,1914-08-22,7,9,0,0.115854
764,1914-08-29,3,9,0,0.115152
765,1914-09-05,2,6,0,0.114458
766,1914-09-12,1,5,0,0.113772
767,1914-09-19,9,9,1,0.119048
768,1914-09-26,3,9,0,0.118343
769,1914-10-03,3,6,0,0.117647
770,1914-10-10,2,6,0,0.116959
771,1914-10-17,2,5,0,0.116279
772,1914-10-24,8,5,0,0.115607
773,1914-10-31,2,8,0,0.114943
774,1914-11-07,8,5,0,0.114286
775,1914-11-14,2,8,0,0.113636
776,1914-11-21,6,5,0,0.112994
777,1914-11-28,3,2,0,0.11236
778,1914-12-05,3,6,0,0.111732
779,1914-12-12,3,6,0,0.111111
780,1914-12-19,2,6,0,0.110497
781,1914-12-26,6,5,0,0.10989
782,1915-01-02,8,2,0,0.10929
783,1915-01-09,4,8,0,0.108696
784,1915-01-16,6,1,0,0.108108
785,1915-01-23,5,2,0,0.107527
786,1915-01-30,9,3,0,0.106952
787,1915-02-06,5,9,0,0.106383
788,1915-02-13,2,3,0,0.10582
789,1915-02-20,3,5,0,0.105263
790,1915-02-27,4,6,0,0.104712
791,1915-03-06,5,1,0,0.104167
792,1915-03-13,8,3,0,0.103627
793,1915-03-20,1,8,0,0.103093
794,1915-03-27,7,9,0,0.102564
795,1915-04-03,1,9,0,0.102041
796,1915-04-10,2,9,0,0.101523
797,1915-04-17,4,5,0,0.10101
798,1915-04-24,4,1,0,0.100503
799,1915-05-01,8,1,0,0.1
800,1915-05-08,6,8,0,0.099502
801,1915-05-15,2,2,1,0.10396
802,1915-05-22,8,5,0,0.103448
803,1915-05-29,9,8,0,0.102941
804,1915-06-05,3,9,0,0.102439
805,1915-06-12,3,6,0,0.101942
806,1915-06-19,3,3,1,0.10628
807,1915-06-26,8,3,0,0.105769
808,1915-07-03,3,8,0,0.105263
809,1915-07-10,3,3,1,0.109524
810,1915-07-17,3,3,1,0.113744
811,1915-07-24,2,3,0,0.113208
812,1915-07-31,3,5,0,0.112676
813,1915-08-07,6,3,0,0.11215
814,1915-08-14,5,2,0,0.111628
815,1915-08-21,6,3,0,0.111111
816,1915-08-28,5,2,0,0.110599
817,1915-09-04,2,3,0,0.110092
818,1915-09-11,3,5,0,0.109589
819,1915-09-18,2,3,0,0.109091
820,1915-09-25,4,5,0,0.108597
821,1915-10-02,2,1,0,0.108108
822,1915-10-09,5,5,1,0.112108
823,1915-10-16,7,3,0,0.111607
824,1915-10-23,2,9,0,0.111111
825,1915-10-30,7,5,0,0.110619
826,1915-11-06,5,9,0,0.110132
827,1915-11-13,4,3,0,0.109649
828,1915-11-20,8,1,0,0.10917
829,1915-11-27,5,8,0,0.108696
830,1915-12-04,3,3,1,0.112554
831,1915-12-11,5,3,0,0.112069
832,1915-12-18,1,3,0,0.111588
833,1915-12-25,8,9,0,0.111111
834,1915-12-31,5,8,0,0.110638
835,1916-01-08,6,3,0,0.110169
836,1916-01-15,4,2,0,0.109705
837,1916-01-22,2,1,0,0.109244
838,1916-01-29,2,5,0,0.108787
839,1916-02-05,4,5,0,0.108333
840,1916-02-12,4,1,0,0.107884
841,1916-02-19,1,1,1,0.11157
842,1916-02-26,6,9,0,0.111111
843,1916-03-04,4,2,0,0.110656
844,1916-03-11,9,1,0,0.110204
845,1916-03-18,5,9,0,0.109756
846,1916-03-25,9,3,0,0.109312
847,1916-04-01,3,9,0,0.108871
848,1916-04-08,6,3,0,0.108434
849,1916-04-15,3,2,0,0.108
850,1916-04-22,6,3,0,0.10757
851,1916-04-29,2,2,1,0.111111
852,1916-05-06,1,5,0,0.110672
853,1916-05-13,1,9,0,0.110236
854,1916-05-20,1,9,0,0.109804
855,1916-05-27,8,9,0,0.109375
856,1916-06-03,7,8,0,0.108949
857,1916-06-10,8,9,0,0.108527
858,1916-06-17,8,8,1,0.111969
859,1916-06-24,9,8,0,0.111538
860,1916-07-01,9,9,1,0.114943
861,1916-07-08,6,9,0,0.114504
862,1916-07-15,2,2,1,0.117871
863,1916-07-22,7,5,0,0.117424
864,1916-07-29,6,9,0,0.116981
865,1916-08-05,7,2,0,0.116541
866,1916-08-12,7,9,0,0.116105
867,1916-08-19,9,9,1,0.119403
868,1916-08-26,1,9,0,0.118959
869,1916-09-02,7,9,0,0.118519
870,1916-09-09,2,9,0,0.118081
871,1916-09-16,6,5,0,0.117647
872,1916-09-23,4,2,0,0.117216
873,1916-09-30,7,1,0,0.116788
874,1916-10-07,7,9,0,0.116364
875,1916-10-14,3,9,0,0.115942
876,1916-10-21,6,3,0,0.115523
877,1916-10-28,2,2,1,0.118705
878,1916-11-04,9,5,0,0.11828
879,1916-11-11,6,9,0,0.117857
880,1916-11-18,3,2,0,0.117438
881,1916-11-25,6,6,1,0.120567
882,1916-12-02,2,2,1,0.123675
883,1916-12-09,9,5,0,0.123239
884,1916-12-16,8,9,0,0.122807
885,1916-12-23,9,8,0,0.122378
886,1916-12-30,1,9,0,0.121951
887,1917-01-06,2,9,0,0.121528
888,1917-01-13,8,5,0,0.121107
889,1917-01-20,3,8,0,0.12069
890,1917-01-27,4,6,0,0.120275
891,1917-02-03,6,1,0,0.119863
892,1917-02-10,3,2,0,0.119454
893,1917-02-17,8,6,0,0.119048
894,1917-02-24,2,8,0,0.118644
895,1917-03-03,9,5,0,0.118243
896,1917-03-10,7,9,0,0.117845
897,1917-03-17,8,9,0,0.11745
898,1917-03-24,9,8,0,0.117057
899,1917-03-31,1,9,0,0.116667
900,1917-04-07,6,9,0,0.116279
901,1917-04-14,6,2,0,0.115894
902,1917-04-21,2,2,1,0.118812
903,1917-04-28,6,5,0,0.118421
904,1917-05-05,4,2,0,0.118033
905,1917-05-12,1,1,1,0.120915
906,1917-05-19,4,9,0,0.120521
907,1917-05-26,8,1,0,0.12013
908,1917-06-02,6,9,0,0.119741
909,1917-06-09,5,2,0,0.119355
910,1917-06-16,9,3,0,0.118971
911,1917-06-23,4,9,0,0.11859
912,1917-06-30,6,1,0,0.118211
913,1917-07-07,3,2,0,0.117834
914,1917-07-14,3,6,0,0.11746
915,1917-07-21,8,6,0,0.117089
916,1917-07-28,8,9,0,0.116719
917,1917-08-04,1,8,0,0.116352
918,1917-08-11,2,9,0,0.115987
919,1917-08-18,3,5,0,0.115625
920,1917-08-25,4,6,0,0.115265
921,1917-09-01,3,1,0,0.114907
922,1917-09-08,4,6,0,0.114551
923,1917-09-15,9,1,0,0.114198
924,1917-09-22,7,9,0,0.113846
925,1917-09-29,5,9,0,0.113497
926,1917-10-06,1,3,0,0.11315
927,1917-10-13,5,2,0,0.112805
928,1917-10-20,5,3,0,0.112462
929,1917-10-27,7,3,0,0.112121
930,1917-11-03,4,9,0,0.111782
931,1917-11-10,2,1,0,0.111446
932,1917-11-17,7,5,0,0.111111
933,1917-11-24,4,9,0,0.110778
934,1917-12-01,3,1,0,0.110448
935,1917-12-08,7,6,0,0.110119
936,1917-12-15,1,9,0,0.109792
937,1917-12-22,3,2,0,0.109467
938,1917-12-29,1,6,0,0.109145
939,1918-01-05,6,2,0,0.108824
940,1918-01-12,2,2,1,0.111437
941,1918-01-19,1,5,0,0.111111
942,1918-01-26,6,2,0,0.110787
943,1918-02-02,3,2,0,0.110465
944,1918-02-09,3,6,0,0.110145
945,1918-02-16,4,3,0,0.109827
946,1918-02-23,8,1,0,0.10951
947,1918-03-02,8,8,1,0.112069
948,1918-03-09,6,8,0,0.111748
949,1918-03-16,7,2,0,0.111429
950,1918-03-23,7,9,0,0.111111
951,1918-03-30,3,7,0,0.110795
952,1918-04-06,9,3,0,0.110482
953,1918-04-13,8,9,0,0.110169
954,1918-04-20,3,8,0,0.109859
955,1918-04-27,5,3,0,0.109551
956,1918-05-04,9,3,0,0.109244
957,1918-05-11,2,9,0,0.108939
958,1918-05-18,7,5,0,0.108635
959,1918-05-25,4,7,0,0.108333
960,1918-06-01,2,1,0,0.108033
961,1918-06-08,6,5,0,0.107735
962,1918-06-15,4,2,0,0.107438
963,1918-06-22,9,1,0,0.107143
964,1918-06-29,7,9,0,0.106849
965,1918-07-06,8,7,0,0.106557
966,1918-07-13,8,8,1,0.108992
967,1918-07-20,3,8,0,0.108696
968,1918-07-27,4,3,0,0.108401
969,1918-08-03,7,1,0,0.108108
970,1918-08-10,9,7,0,0.107817
971,1918-08-17,4,7,0,0.107527
972,1918-08-24,3,1,0,0.107239
973,1918-08-31,4,3,0,0.106952
974,1918-09-07,8,1,0,0.106667
975,1918-09-14,8,8,1,0.109043
976,1918-09-21,8,8,1,0.111406
977,1918-09-28,4,8,0,0.111111
978,1918-10-05,6,1,0,0.110818
979,1918-10-12,7,2,0,0.110526
980,1918-10-19,7,9,0,0.110236
981,1918-10-26,9,7,0,0.109948
982,1918-11-02,5,7,0,0.109661
983,1918-11-09,3,3,1,0.111979
984,1918-11-16,6,3,0,0.111688
985,1918-11-23,1,2,0,0.111399
986,1918-11-30,2,2,1,0.113695
987,1918-12-07,3,5,0,0.113402
988,1918-12-14,6,6,1,0.115681
989,1918-12-21,8,2,0,0.115385
990,1918-12-28,5,8,0,0.11509
991,1919-01-04,8,3,0,0.114796
992,1919-01-11,5,8,0,0.114504
993,1919-01-18,2,3,0,0.114213
994,1919-01-25,6,5,0,0.113924
995,1919-02-01,2,2,1,0.116162
996,1919-02-08,6,5,0,0.115869
997,1919-02-15,8,2,0,0.115578
998,1919-02-22,7,8,0,0.115288
999,1919-03-01,3,9,0,0.115
1000,1919-03-08,2,6,0,0.114713
1001,1919-03-15,5,5,1,0.116915
1002,1919-03-22,8,3,0,0.116625
1003,1919-03-29,7,8,0,0.116337
1004,1919-04-05,9,9,1,0.118519
1005,1919-04-12,6,7,0,0.118227
1006,1919-04-19,8,2,0,0.117936
1007,1919-04-26,8,8,1,0.120098
1008,1919-05-03,3,8,0,0.119804
1009,1919-05-10,5,6,0,0.119512
1010,1919-05-17,4,3,0,0.119221
1011,1919-05-24,9,1,0,0.118932
1012,1919-05-31,6,7,0,0.118644
1013,1919-06-07,5,2,0,0.118357
1014,1919-06-14,1,3,0,0.118072
1015,1919-06-21,6,2,0,0.117788
1016,1919-06-28,5,2,0,0.117506
1017,1919-07-05,4,3,0,0.117225
1018,1919-07-12,4,1,0,0.116945
1019,1919-07-19,3,1,0,0.116667
1020,1919-07-26,2,6,0,0.11639
1021,1919-08-02,2,5,0,0.116114
1022,1919-08-09,3,5,0,0.115839
1023,1919-08-16,8,6,0,0.115566
1024,1919-08-23,5,8,0,0.115294
1025,1919-08-30,6,3,0,0.115023
1026,1919-09-06,5,2,0,0.114754
1027,1919-09-13,3,3,1,0.116822
1028,1919-09-20,7,6,0,0.11655
1029,1919-09-27,2,9,0,0.116279
1030,1919-10-04,2,5,0,0.116009
1031,1919-10-11,4,5,0,0.115741
1032,1919-10-18,6,1,0,0.115473
1033,1919-10-25,8,2,0,0.115207
1034,1919-10-31,9,8,0,0.114943
1035,1919-11-08,4,7,0,0.114679
1036,1919-11-15,6,1,0,0.114416
1037,1919-11-22,4,2,0,0.114155
1038,1919-11-29,5,1,0,0.113895
1039,1919-12-06,9,3,0,0.113636
1040,1919-12-13,2,7,0,0.113379
1041,1919-12-20,2,5,0,0.113122
1042,1919-12-27,8,5,0,0.112867
1043,1920-01-03,4,8,0,0.112613
1044,1920-01-10,9,1,0,0.11236
1045,1920-01-17,1,7,0,0.112108
1046,1920-01-24,1,2,0,0.111857
1047,1920-01-31,8,2,0,0.111607
1048,1920-02-07,7,8,0,0.111359
1049,1920-02-14,2,9,0,0.111111
1050,1920-02-21,3,5,0,0.110865
1051,1920-02-28,9,6,0,0.110619
1052,1920-03-06,7,7,1,0.112583
1053,1920-03-13,9,9,1,0.114537
1054,1920-03-20,4,7,0,0.114286
1055,1920-03-27,1,1,1,0.116228
1056,1920-04-03,6,2,0,0.115974
1057,1920-04-10,8,2,0,0.115721
1058,1920-04-17,9,8,0,0.115468
1059,1920-04-24,9,7,0,0.115217
1060,1920-05-01,9,7,0,0.114967
1061,1920-05-08,4,9,0,0.114719
1062,1920-05-15,2,1,0,0.114471
1063,1920-05-22,3,5,0,0.114224
1064,1920-05-29,5,6,0,0.113978
1065,1920-06-05,1,3,0,0.113734
1066,1920-06-12,8,2,0,0.11349
1067,1920-06-19,5,8,0,0.113248
1068,1920-06-26,5,3,0,0.113006
1069,1920-07-03,4,3,0,0.112766
1070,1920-07-10,6,1,0,0.112527
1071,1920-07-17,5,2,0,0.112288
1072,1920-07-24,1,3,0,0.112051
1073,1920-07-31,5,2,0,0.111814
1074,1920-08-07,9,3,0,0.111579
1075,1920-08-14,2,9,0,0.111345
1076,1920-08-21,6,5,0,0.111111
1077,1920-08-28,5,2,0,0.110879
1078,1920-09-04,3,3,1,0.112735
1079,1920-09-11,2,6,0,0.1125
1080,1920-09-18,4,5,0,0.112266
1081,1920-09-25,1,1,1,0.114108
1082,1920-10-02,4,2,0,0.113872
1083,1920-10-09,8,1,0,0.113636
1084,1920-10-16,1,8,0,0.113402
1085,1920-10-23,6,2,0,0.113169
1086,1920-10-30,6,2,0,0.112936
1087,1920-11-06,2,2,1,0.114754
1088,1920-11-13,5,5,1,0.116564
1089,1920-11-20,1,3,0,0.116327
1090,1920-11-27,4,2,0,0.11609
1091,1920-12-04,7,1,0,0.115854
1092,1920-12-11,6,9,0,0.115619
1093,1920-12-18,7,2,0,0.115385
1094,1920-12-25,6,9,0,0.115152
1095,1920-12-31,6,2,0,0.114919
1096,1921-01-08,1,2,0,0.114688
1097,1921-01-15,8,2,0,0.114458
1098,1921-01-22,2,8,0,0.114228
1099,1921-01-29,2,5,0,0.114
1100,1921-02-05,6,5,0,0.113772
1101,1921-02-12,8,2,0,0.113546
1102,1921-02-19,1,8,0,0.11332
1103,1921-02-26,3,2,0,0.113095
1104,1921-03-05,6,6,1,0.114851
1105,1921-03-12,3,2,0,0.114625
1106,1921-03-19,6,6,1,0.116371
1107,1921-03-26,7,2,0,0.116142
1108,1921-04-02,9,9,1,0.117878
1109,1921-04-09,3,9,0,0.117647
1110,1921-04-16,5,6,0,0.117417
1111,1921-04-23,9,3,0,0.117188
1112,1921-04-30,8,9,0,0.116959
1113,1921-05-07,3,8,0,0.116732
1114,1921-05-14,7,6,0,0.116505
1115,1921-05-21,6,9,0,0.116279
1116,1921-05-28,3,2,0,0.116054
1117,1921-06-04,1,6,0,0.11583
1118,1921-06-11,5,2,0,0.115607
1119,1921-06-18,9,3,0,0.115385
1120,1921-06-25,1,9,0,0.115163
1121,1921-07-02,4,2,0,0.114943
1122,1921-07-09,7,1,0,0.114723
1123,1921-07-16,9,9,1,0.116412
1124,1921-07-23,1,9,0,0.11619
1125,1921-07-30,6,2,0,0.11597
1126,1921-08-06,2,2,1,0.117647
1127,1921-08-13,4,5,0,0.117424
1128,1921-08-20,7,1,0,0.117202
1129,1921-08-27,9,9,1,0.118868
1130,1921-09-03,4,9,0,0.118644
1131,1921-09-10,8,1,0,0.118421
1132,1921-09-17,2,8,0,0.118199
1133,1921-09-24,1,5,0,0.117978
1134,1921-10-01,7,2,0,0.117757
1135,1921-10-08,9,9,1,0.119403
1136,1921-10-15,3,9,0,0.119181
1137,1921-10-22,3,6,0,0.118959
1138,1921-10-29,4,6,0,0.118738
1139,1921-11-05,4,1,0,0.118519
1140,1921-11-12,8,1,0,0.118299
1141,1921-11-19,3,8,0,0.118081
1142,1921-11-26,1,6,0,0.117864
1143,1921-12-03,3,2,0,0.117647
1144,1921-12-10,3,6,0,0.117431
1145,1921-12-17,9,6,0,0.117216
1146,1921-12-24,1,9,0,0.117002
1147,1921-12-31,8,2,0,0.116788
1148,1922-01-07,2,8,0,0.116576
1149,1922-01-14,1,5,0,0.116364
1150,1922-01-21,7,2,0,0.116152
1151,1922-01-28,5,9,0,0.115942
1152,1922-02-04,7,3,0,0.115732
1153,1922-02-11,5,9,0,0.115523
1154,1922-02-18,3,3,1,0.117117
1155,1922-02-25,5,6,0,0.116906
1156,1922-03-04,8,3,0,0.116697
1157,1922-03-11,9,8,0,0.116487
1158,1922-03-18,6,9,0,0.116279
1159,1922-03-25,6,2,0,0.116071
1160,1922-04-01,6,2,0,0.115865
1161,1922-04-08,1,2,0,0.115658
1162,1922-04-15,2,2,1,0.117229
1163,1922-04-22,7,5,0,0.117021
1164,1922-04-29,2,9,0,0.116814
1165,1922-05-06,3,5,0,0.116608
1166,1922-05-13,2,6,0,0.116402
1167,1922-05-20,2,5,0,0.116197
1168,1922-05-27,3,5,0,0.115993
1169,1922-06-03,3,6,0,0.115789
1170,1922-06-10,4,6,0,0.115587
1171,1922-06-17,4,1,0,0.115385
1172,1922-06-24,8,1,0,0.115183
1173,1922-07-01,3,8,0,0.114983
1174,1922-07-08,4,6,0,0.114783
1175,1922-07-15,8,1,0,0.114583
1176,1922-07-22,5,8,0,0.114385
1177,1922-07-29,7,3,0,0.114187
1178,1922-08-05,2,9,0,0.11399
1179,1922-08-12,5,5,1,0.115517
1180,1922-08-19,3,3,1,0.11704
1181,1922-08-26,9,6,0,0.116838
1182,1922-09-02,9,9,1,0.118353
1183,1922-09-09,5,9,0,0.118151
1184,1922-09-16,5,3,0,0.117949
1185,1922-09-23,9,3,0,0.117747
1186,1922-09-30,5,9,0,0.117547
1187,1922-10-07,9,3,0,0.117347
1188,1922-10-14,4,9,0,0.117148
1189,1922-10-21,5,1,0,0.116949
1190,1922-10-28,4,3,0,0.116751
1191,1922-11-04,3,1,0,0.116554
1192,1922-11-11,4,6,0,0.116358
1193,1922-11-18,6,1,0,0.116162
1194,1922-11-25,6,2,0,0.115966
1195,1922-12-02,1,2,0,0.115772
1196,1922-12-09,7,2,0,0.115578
1197,1922-12-16,6,9,0,0.115385
1198,1922-12-23,7,2,0,0.115192
1199,1922-12-30,9,9,1,0.116667
1200,1923-01-06,2,9,0,0.116473
1201,1923-01-13,2,5,0,0.116279
1202,1923-01-20,3,5,0,0.116086
1203,1923-01-27,9,6,0,0.115894
1204,1923-02-03,1,9,0,0.115702
1205,1923-02-10,9,2,0,0.115512
1206,1923-02-17,6,9,0,0.115321
1207,1923-02-24,2,2,1,0.116776
1208,1923-03-03,7,5,0,0.116585
1209,1923-03-10,4,9,0,0.116393
1210,1923-03-17,5,1,0,0.116203
1211,1923-03-24,5,3,0,0.116013
1212,1923-03-31,9,3,0,0.115824
1213,1923-04-07,1,9,0,0.115635
1214,1923-04-14,2,2,1,0.117073
1215,1923-04-21,5,5,1,0.118506
1216,1923-04-28,9,3,0,0.118314
1217,1923-05-05,3,9,0,0.118123
1218,1923-05-12,2,6,0,0.117932
1219,1923-05-19,9,5,0,0.117742
1220,1923-05-26,7,9,0,0.117552
1221,1923-06-02,4,9,0,0.117363
1222,1923-06-09,9,1,0,0.117175
1223,1923-06-16,7,9,0,0.116987
1224,1923-06-23,3,9,0,0.1168
1225,1923-06-30,1,6,0,0.116613
1226,1923-07-07,6,2,0,0.116427
1227,1923-07-14,8,2,0,0.116242
1228,1923-07-21,8,8,1,0.117647
1229,1923-07-28,8,8,1,0.119048
1230,1923-08-04,3,8,0,0.118859
1231,1923-08-11,4,6,0,0.118671
1232,1923-08-18,6,1,0,0.118483
1233,1923-08-25,6,2,0,0.118297
1234,1923-09-01,1,2,0,0.11811
1235,1923-09-08,8,2,0,0.117925
1236,1923-09-15,8,8,1,0.119309
1237,1923-09-22,1,8,0,0.119122
1238,1923-09-29,5,2,0,0.118936
1239,1923-10-06,7,3,0,0.11875
1240,1923-10-13,6,9,0,0.118565
1241,1923-10-20,7,2,0,0.11838
1242,1923-10-27,6,9,0,0.118196
1243,1923-11-03,8,2,0,0.118012
1244,1923-11-10,8,8,1,0.11938
1245,1923-11-17,1,8,0,0.119195
1246,1923-11-24,3,2,0,0.119011
1247,1923-12-01,1,4,0,0.118827
1248,1923-12-08,7,2,0,0.118644
1249,1923-12-15,5,9,0,0.118462
1250,1923-12-22,7,3,0,0.11828
1251,1923-12-29,4,9,0,0.118098
1252,1924-01-05,9,1,0,0.117917
1253,1924-01-12,7,7,1,0.119266
1254,1924-01-19,7,9,0,0.119084
1255,1924-01-26,5,9,0,0.118902
1256,1924-02-02,9,3,0,0.118721
1257,1924-02-09,9,7,0,0.118541
1258,1924-02-16,6,7,0,0.118361
1259,1924-02-23,1,2,0,0.118182
1260,1924-03-01,8,2,0,0.118003
1261,1924-03-08,4,8,0,0.117825
1262,1924-03-15,4,1,0,0.117647
1263,1924-03-22,6,1,0,0.11747
1264,1924-03-29,9,2,0,0.117293
1265,1924-04-05,6,7,0,0.117117
1266,1924-04-12,5,2,0,0.116942
1267,1924-04-19,3,9,0,0.116766
1268,1924-04-26,2,4,0,0.116592
1269,1924-05-03,9,5,0,0.116418
1270,1924-05-10,5,7,0,0.116244
1271,1924-05-17,4,3,0,0.116071
1272,1924-05-24,9,1,0,0.115899
1273,1924-05-31,9,7,0,0.115727
1274,1924-06-07,3,9,0,0.115556
1275,1924-06-14,8,4,0,0.115385
1276,1924-06-21,2,8,0,0.115214
1277,1924-06-28,8,5,0,0.115044
1278,1924-07-05,7,8,0,0.114875
1279,1924-07-12,5,9,0,0.114706
1280,1924-07-19,9,3,0,0.114537
1281,1924-07-26,3,9,0,0.11437
1282,1924-08-02,1,4,0,0.114202
1283,1924-08-09,8,2,0,0.114035
1284,1924-08-16,9,8,0,0.113869
1285,1924-08-23,8,9,0,0.113703
1286,1924-08-30,7,8,0,0.113537
1287,1924-09-06,7,9,0,0.113372
1288,1924-09-13,7,9,0,0.113208
1289,1924-09-20,7,9,0,0.113043
1290,1924-09-27,6,9,0,0.11288
1291,1924-10-04,6,2,0,0.112717
1292,1924-10-11,2,2,1,0.113997
1293,1924-10-18,6,5,0,0.113833
1294,1924-10-25,8,2,0,0.113669
1295,1924-10-31,5,8,0,0.113506
1296,1924-11-08,9,9,1,0.114778
1297,1924-11-15,3,9,0,0.114613
1298,1924-11-22,3,4,0,0.114449
1299,1924-11-29,4,4,1,0.115714
1300,1924-12-06,6,1,0,0.115549
1301,1924-12-13,3,2,0,0.115385
1302,1924-12-20,8,4,0,0.11522
1303,1924-12-27,7,8,0,0.115057
1304,1925-01-03,4,9,0,0.114894
1305,1925-01-10,9,1,0,0.114731
1306,1925-01-17,6,9,0,0.114569
1307,1925-01-24,1,2,0,0.114407
1308,1925-01-31,4,2,0,0.114245
1309,1925-02-07,3,1,0,0.114085
1310,1925-02-14,5,4,0,0.113924
1311,1925-02-21,9,9,1,0.115169
1312,1925-02-28,7,9,0,0.115007
1313,1925-03-07,1,9,0,0.114846
1314,1925-03-14,4,2,0,0.114685
1315,1925-03-21,6,1,0,0.114525
1316,1925-03-28,7,2,0,0.114365
1317,1925-04-04,2,9,0,0.114206
1318,1925-04-11,9,5,0,0.114047
1319,1925-04-18,3,7,0,0.113889
1320,1925-04-25,5,4,0,0.113731
1321,1925-05-02,7,9,0,0.113573
1322,1925-05-09,8,9,0,0.113416
1323,1925-05-16,4,8,0,0.11326
1324,1925-05-23,8,6,0,0.113103
1325,1925-05-30,1,8,0,0.112948
1326,1925-06-06,7,2,0,0.112792
1327,1925-06-13,4,9,0,0.112637
1328,1925-06-20,2,6,0,0.112483
1329,1925-06-27,1,5,0,0.112329
1330,1925-07-04,8,2,0,0.112175
1331,1925-07-11,3,8,0,0.112022
1332,1925-07-18,2,4,0,0.111869
1333,1925-07-25,9,5,0,0.111717
1334,1925-08-01,9,7,0,0.111565
1335,1925-08-08,3,9,0,0.111413
1336,1925-08-15,6,4,0,0.111262
1337,1925-08-22,7,2,0,0.111111
1338,1925-08-29,7,9,0,0.110961
1339,1925-09-05,3,9,0,0.110811
1340,1925-09-12,2,4,0,0.110661
1341,1925-09-19,1,5,0,0.110512
1342,1925-09-26,7,2,0,0.110363
1343,1925-10-03,1,9,0,0.110215
1344,1925-10-10,6,2,0,0.110067
1345,1925-10-17,2,2,1,0.11126
1346,1925-10-24,2,5,0,0.111111
1347,1925-10-31,5,5,1,0.112299
1348,1925-11-07,4,9,0,0.11215
1349,1925-11-14,4,6,0,0.112
1350,1925-11-21,7,6,0,0.111851
1351,1925-11-28,2,9,0,0.111702
1352,1925-12-05,7,5,0,0.111554
1353,1925-12-12,6,9,0,0.111406
1354,1925-12-19,2,2,1,0.112583
1355,1925-12-26,1,5,0,0.112434
1356,1926-01-02,9,2,0,0.112285
1357,1926-01-09,5,9,0,0.112137
1358,1926-01-16,2,9,0,0.111989
1359,1926-01-23,4,5,0,0.111842
1360,1926-01-30,5,6,0,0.111695
1361,1926-02-06,2,9,0,0.111549
1362,1926-02-13,4,5,0,0.111402
1363,1926-02-20,1,6,0,0.111257
1364,1926-02-27,4,2,0,0.111111
1365,1926-03-06,1,1,1,0.112272
1366,1926-03-13,1,2,0,0.112125
1367,1926-03-20,8,2,0,0.111979
1368,1926-03-27,8,8,1,0.113134
1369,1926-04-03,7,8,0,0.112987
1370,1926-04-10,3,9,0,0.11284
1371,1926-04-17,9,4,0,0.112694
1372,1926-04-24,9,9,1,0.113842
1373,1926-05-01,2,9,0,0.113695
1374,1926-05-08,8,5,0,0.113548
1375,1926-05-15,8,8,1,0.114691
1376,1926-05-22,4,8,0,0.114543
1377,1926-05-29,7,1,0,0.114396
1378,1926-06-05,4,9,0,0.114249
1379,1926-06-12,3,1,0,0.114103
1380,1926-06-19,9,4,0,0.113956
1381,1926-06-26,9,9,1,0.11509
1382,1926-07-03,7,9,0,0.114943
1383,1926-07-10,3,9,0,0.114796
1384,1926-07-17,3,4,0,0.11465
1385,1926-07-24,2,4,0,0.114504
1386,1926-07-31,5,5,1,0.115629
1387,1926-08-07,5,9,0,0.115482
1388,1926-08-14,9,9,1,0.116603
1389,1926-08-21,1,9,0,0.116456
1390,1926-08-28,3,2,0,0.116308
1391,1926-09-04,1,4,0,0.116162
1392,1926-09-11,1,2,0,0.116015
1393,1926-09-18,7,2,0,0.115869
1394,1926-09-25,7,9,0,0.115723
1395,1926-10-02,2,9,0,0.115578
1396,1926-10-09,4,5,0,0.115433
1397,1926-10-16,4,1,0,0.115288
1398,1926-10-23,1,1,1,0.116395
1399,1926-10-30,3,2,0,0.11625
1400,1926-11-06,7,4,0,0.116105
1401,1926-11-13,2,9,0,0.11596
1402,1926-11-20,9,5,0,0.115816
1403,1926-11-27,6,9,0,0.115672
1404,1926-12-04,4,2,0,0.115528
1405,1926-12-11,4,1,0,0.115385
1406,1926-12-18,4,1,0,0.115242
1407,1926-12-25,5,1,0,0.115099
1408,1926-12-31,9,9,1,0.116193
1409,1927-01-08,5,9,0,0.116049
1410,1927-01-15,1,9,0,0.115906
1411,1927-01-22,5,2,0,0.115764
1412,1927-01-29,2,9,0,0.115621
1413,1927-02-05,2,5,0,0.115479
1414,1927-02-12,7,5,0,0.115337
1415,1927-02-19,9,9,1,0.116422
1416,1927-02-26,7,9,0,0.116279
1417,1927-03-05,4,9,0,0.116137
1418,1927-03-12,9,1,0,0.115995
1419,1927-03-19,6,9,0,0.115854
1420,1927-03-26,2,2,1,0.116931
1421,1927-04-02,3,5,0,0.116788
1422,1927-04-09,8,4,0,0.116646
1423,1927-04-16,9,8,0,0.116505
1424,1927-04-23,7,9,0,0.116364
1425,1927-04-30,2,9,0,0.116223
1426,1927-05-07,6,5,0,0.116082
1427,1927-05-14,4,2,0,0.115942
1428,1927-05-21,8,1,0,0.115802
1429,1927-05-28,9,8,0,0.115663
1430,1927-06-04,4,7,0,0.115523
1431,1927-06-11,4,1,0,0.115385
1432,1927-06-18,6,1,0,0.115246
1433,1927-06-25,6,2,0,0.115108
1434,1927-07-02,7,2,0,0.11497
1435,1927-07-09,9,9,1,0.116029
1436,1927-07-16,3,7,0,0.11589
1437,1927-07-23,7,4,0,0.115752
1438,1927-07-30,9,9,1,0.116806
1439,1927-08-06,1,7,0,0.116667
1440,1927-08-13,5,2,0,0.116528
1441,1927-08-20,6,9,0,0.11639
1442,1927-08-27,4,2,0,0.116251
1443,1927-09-03,6,1,0,0.116114
1444,1927-09-10,8,2,0,0.115976
1445,1927-09-17,3,8,0,0.115839
1446,1927-09-24,8,4,0,0.115702
1447,1927-10-01,2,8,0,0.115566
1448,1927-10-08,7,5,0,0.11543
1449,1927-10-15,3,9,0,0.115294
1450,1927-10-22,5,4,0,0.115159
1451,1927-10-29,4,9,0,0.115023
1452,1927-11-05,5,1,0,0.114889
1453,1927-11-12,4,9,0,0.114754
1454,1927-11-19,8,1,0,0.11462
1455,1927-11-26,4,8,0,0.114486
1456,1927-12-03,1,1,1,0.115519
1457,1927-12-10,5,2,0,0.115385
1458,1927-12-17,8,9,0,0.11525
1459,1927-12-24,9,8,0,0.115116
1460,1927-12-31,6,7,0,0.114983
1461,1928-01-07,3,2,0,0.114849
1462,1928-01-14,6,4,0,0.114716
1463,1928-01-21,2,2,1,0.115741
1464,1928-01-28,8,5,0,0.115607
1465,1928-02-04,9,8,0,0.115473
1466,1928-02-11,5,7,0,0.11534
1467,1928-02-18,9,9,1,0.116359
1468,1928-02-25,3,7,0,0.116226
1469,1928-03-03,4,6,0,0.116092
1470,1928-03-10,7,1,0,0.115959
1471,1928-03-17,7,9,0,0.115826
1472,1928-03-24,3,9,0,0.115693
1473,1928-03-31,2,4,0,0.115561
1474,1928-04-07,9,5,0,0.115429
1475,1928-04-14,4,7,0,0.115297
1476,1928-04-21,1,1,1,0.116306
1477,1928-04-28,3,2,0,0.116173
1478,1928-05-05,7,4,0,0.116041
1479,1928-05-12,2,9,0,0.115909
1480,1928-05-19,5,5,1,0.116913
1481,1928-05-26,7,9,0,0.11678
1482,1928-06-02,7,9,0,0.116648
1483,1928-06-09,4,9,0,0.116516
1484,1928-06-16,1,1,1,0.117514
1485,1928-06-23,6,3,0,0.117381
1486,1928-06-30,6,2,0,0.117249
1487,1928-07-07,3,2,0,0.117117
1488,1928-07-14,4,4,1,0.11811
1489,1928-07-21,6,1,0,0.117978
1490,1928-07-28,5,2,0,0.117845
1491,1928-08-04,8,9,0,0.117713
1492,1928-08-11,5,8,0,0.117581
1493,1928-08-18,5,9,0,0.11745
1494,1928-08-25,5,9,0,0.117318
1495,1928-09-01,3,9,0,0.117188
1496,1928-09-08,5,4,0,0.117057
1497,1928-09-15,8,9,0,0.116927
1498,1928-09-22,4,8,0,0.116796
1499,1928-09-29,6,1,0,0.116667
1500,1928-10-06,5,2,0,0.116537
1501,1928-10-13,6,9,0,0.116408
1502,1928-10-20,3,2,0,0.116279
1503,1928-10-27,2,4,0,0.11615
1504,1928-11-03,1,5,0,0.116022
1505,1928-11-10,5,3,0,0.115894
1506,1928-11-17,4,9,0,0.115766
1507,1928-11-24,6,1,0,0.115639
1508,1928-12-01,9,2,0,0.115512
1509,1928-12-08,9,7,0,0.115385
1510,1928-12-15,6,9,0,0.115258
1511,1928-12-22,1,2,0,0.115132
1512,1928-12-29,1,3,0,0.115005
1513,1929-01-05,4,3,0,0.11488
1514,1929-01-12,4,1,0,0.114754
1515,1929-01-19,2,1,0,0.114629
1516,1929-01-26,3,5,0,0.114504
1517,1929-02-02,1,4,0,0.114379
1518,1929-02-09,1,3,0,0.114255
1519,1929-02-16,5,3,0,0.11413
1520,1929-02-23,8,9,0,0.114007
1521,1929-03-02,8,8,1,0.114967
1522,1929-03-09,6,8,0,0.114843
1523,1929-03-16,5,2,0,0.114719
1524,1929-03-23,9,9,1,0.115676
1525,1929-03-30,9,9,1,0.116631
1526,1929-04-06,2,9,0,0.116505
1527,1929-04-13,9,5,0,0.116379
1528,1929-04-20,2,9,0,0.116254
1529,1929-04-27,3,5,0,0.116129
1530,1929-05-04,6,4,0,0.116004
1531,1929-05-11,5,2,0,0.11588
1532,1929-05-18,9,9,1,0.116827
1533,1929-05-25,3,9,0,0.116702
1534,1929-06-01,7,4,0,0.116578
1535,1929-06-08,7,9,0,0.116453
1536,1929-06-15,1,9,0,0.116329
1537,1929-06-22,3,3,1,0.117271
1538,1929-06-29,6,4,0,0.117146
1539,1929-07-06,1,2,0,0.117021
1540,1929-07-13,4,3,0,0.116897
1541,1929-07-20,2,1,0,0.116773
1542,1929-07-27,5,5,1,0.117709
1543,1929-08-03,9,9,1,0.118644
1544,1929-08-10,8,9,0,0.118519
1545,1929-08-17,4,8,0,0.118393
1546,1929-08-24,5,1,0,0.118268
1547,1929-08-31,6,9,0,0.118143
1548,1929-09-07,5,2,0,0.118019
1549,1929-09-14,1,9,0,0.117895
1550,1929-09-21,3,3,1,0.118822
1551,1929-09-28,2,6,0,0.118697
1552,1929-10-05,3,5,0,0.118573
1553,1929-10-12,4,6,0,0.118449
1554,1929-10-19,5,1,0,0.118325
1555,1929-10-26,6,9,0,0.118201
1556,1929-11-02,7,2,0,0.118077
1557,1929-11-09,2,9,0,0.117954
1558,1929-11-16,2,5,0,0.117831
1559,1929-11-23,9,5,0,0.117708
1560,1929-11-30,3,9,0,0.117586
1561,1929-12-07,3,4,0,0.117464
1562,1929-12-14,9,4,0,0.117342
1563,1929-12-21,1,9,0,0.11722
1564,1929-12-28,8,3,0,0.117098
1565,1930-01-04,3,8,0,0.116977
1566,1930-01-11,2,4,0,0.116856
1567,1930-01-18,2,5,0,0.116736
1568,1930-01-25,9,5,0,0.116615
1569,1930-02-01,3,9,0,0.116495
1570,1930-02-08,5,4,0,0.116375
1571,1930-02-15,2,9,0,0.116255
1572,1930-02-22,3,5,0,0.116136
1573,1930-03-01,8,4,0,0.116016
1574,1930-03-08,7,8,0,0.115897
1575,1930-03-15,1,9,0,0.115779
1576,1930-03-22,8,3,0,0.11566
1577,1930-03-29,9,8,0,0.115542
1578,1930-04-05,8,9,0,0.115424
1579,1930-04-12,7,8,0,0.115306
1580,1930-04-19,7,9,0,0.115189
1581,1930-04-26,2,9,0,0.115071
1582,1930-05-03,6,5,0,0.114954
1583,1930-05-10,1,2,0,0.114837
1584,1930-05-17,8,3,0,0.114721
1585,1930-05-24,5,8,0,0.114604
1586,1930-05-31,5,9,0,0.114488
1587,1930-06-07,3,9,0,0.114372
1588,1930-06-14,3,4,0,0.114257
1589,1930-06-21,6,4,0,0.114141
1590,1930-06-28,7,2,0,0.114026
1591,1930-07-05,8,9,0,0.113911
1592,1930-07-12,2,8,0,0.113797
1593,1930-07-19,8,5,0,0.113682
1594,1930-07-26,2,8,0,0.113568
1595,1930-08-02,3,5,0,0.113454
1596,1930-08-09,3,6,0,0.11334
1597,1930-08-16,3,6,0,0.113226
1598,1930-08-23,7,3,0,0.113113
1599,1930-08-30,2,9,0,0.113
1600,1930-09-06,2,3,0,0.112887
1601,1930-09-13,4,3,0,0.112774
1602,1930-09-20,4,1,0,0.112662
1603,1930-09-27,4,1,0,0.11255
1604,1930-10-04,8,1,0,0.112438
1605,1930-10-11,3,8,0,0.112326
1606,1930-10-18,2,3,0,0.112214
1607,1930-10-25,7,3,0,0.112103
1608,1930-10-31,2,2,1,0.112983
1609,1930-11-08,7,3,0,0.112871
1610,1930-11-15,7,2,0,0.11276
1611,1930-11-22,5,2,0,0.112648
1612,1930-11-29,5,9,0,0.112537
1613,1930-12-06,5,9,0,0.112426
1614,1930-12-13,8,9,0,0.112315
1615,1930-12-20,5,8,0,0.112205
1616,1930-12-27,3,9,0,0.112094
1617,1931-01-03,2,3,0,0.111984
1618,1931-01-10,7,3,0,0.111874
1619,1931-01-17,4,2,0,0.111765
1620,1931-01-24,4,1,0,0.111655
1621,1931-01-31,3,1,0,0.111546
1622,1931-02-07,3,3,1,0.112414
1623,1931-02-14,2,3,0,0.112305
1624,1931-02-21,6,3,0,0.112195
1625,1931-02-28,7,2,0,0.112086
1626,1931-03-07,1,2,0,0.111977
1627,1931-03-14,2,3,0,0.111868
1628,1931-03-21,3,3,1,0.112731
1629,1931-03-28,7,3,0,0.112621
1630,1931-04-04,7,2,0,0.112512
1631,1931-04-11,1,2,0,0.112403
1632,1931-04-18,4,3,0,0.112294
1633,1931-04-25,6,1,0,0.112186
1634,1931-05-02,5,2,0,0.112077
1635,1931-05-09,6,9,0,0.111969
1636,1931-05-16,9,2,0,0.111861
1637,1931-05-23,6,9,0,0.111753
1638,1931-05-30,3,2,0,0.111646
1639,1931-06-06,3,3,1,0.1125
1640,1931-06-13,7,3,0,0.112392
1641,1931-06-20,5,2,0,0.112284
1642,1931-06-27,1,9,0,0.112176
1643,1931-07-04,3,3,1,0.113027
1644,1931-07-11,8,3,0,0.112919
1645,1931-07-18,5,8,0,0.112811
1646,1931-07-25,4,9,0,0.112703
1647,1931-08-01,5,6,0,0.112595
1648,1931-08-08,5,9,0,0.112488
1649,1931-08-15,2,9,0,0.112381
1650,1931-08-22,1,3,0,0.112274
1651,1931-08-29,5,3,0,0.112167
1652,1931-09-05,6,9,0,0.112061
1653,1931-09-12,2,2,1,0.112903
1654,1931-09-19,2,3,0,0.112796
1655,1931-09-26,6,3,0,0.112689
1656,1931-10-03,6,2,0,0.112583
1657,1931-10-10,8,2,0,0.112476
1658,1931-10-17,5,8,0,0.11237
1659,1931-10-24,3,9,0,0.112264
1660,1931-10-31,4,3,0,0.112158
1661,1931-11-07,2,6,0,0.112053
1662,1931-11-14,5,3,0,0.111947
1663,1931-11-21,3,9,0,0.111842
1664,1931-11-28,9,3,0,0.111737
1665,1931-12-05,3,9,0,0.111632
1666,1931-12-12,6,3,0,0.111528
1667,1931-12-19,6,2,0,0.111423
1668,1931-12-26,9,2,0,0.111319
1669,1932-01-02,9,9,1,0.11215
1670,1932-01-09,6,9,0,0.112045
1671,1932-01-16,4,2,0,0.11194
1672,1932-01-23,2,6,0,0.111836
1673,1932-01-30,1,3,0,0.111732
1674,1932-02-06,1,3,0,0.111628
1675,1932-02-13,3,3,1,0.112454
1676,1932-02-20,1,3,0,0.112349
1677,1932-02-27,1,3,0,0.112245
1678,1932-03-05,9,3,0,0.112141
1679,1932-03-12,7,9,0,0.112037
1680,1932-03-19,2,2,1,0.112858
1681,1932-03-26,8,3,0,0.112754
1682,1932-04-02,1,8,0,0.11265
1683,1932-04-09,3,3,1,0.113469
1684,1932-04-16,6,3,0,0.113364
1685,1932-04-23,7,2,0,0.11326
1686,1932-04-30,3,2,0,0.113155
1687,1932-05-07,4,3,0,0.113051
1688,1932-05-14,7,6,0,0.112948
1689,1932-05-21,2,2,1,0.113761
1690,1932-05-28,6,3,0,0.113657
1691,1932-06-04,2,2,1,0.114469
1692,1932-06-11,9,3,0,0.114364
1693,1932-06-18,6,9,0,0.11426
1694,1932-06-25,7,2,0,0.114155
1695,1932-07-02,4,2,0,0.114051
1696,1932-07-09,5,6,0,0.113947
1697,1932-07-16,8,9,0,0.113843
1698,1932-07-23,4,8,0,0.11374
1699,1932-07-30,4,6,0,0.113636
1700,1932-08-06,1,6,0,0.113533
1701,1932-08-13,1,3,0,0.11343
1702,1932-08-20,6,3,0,0.113327
1703,1932-08-27,8,2,0,0.113225
1704,1932-09-03,1,8,0,0.113122
1705,1932-09-10,9,3,0,0.11302
1706,1932-09-17,5,9,0,0.112918
1707,1932-09-24,2,9,0,0.112816
1708,1932-10-01,2,3,0,0.112714
1709,1932-10-08,5,3,0,0.112613
1710,1932-10-15,4,9,0,0.112511
1711,1932-10-22,1,1,1,0.113309
1712,1932-10-29,4,3,0,0.113208
1713,1932-11-05,6,1,0,0.113106
1714,1932-11-12,2,2,1,0.113901
1715,1932-11-19,8,5,0,0.113799
1716,1932-11-26,3,8,0,0.113697
1717,1932-12-03,3,3,1,0.11449
1718,1932-12-10,9,3,0,0.114388
1719,1932-12-17,4,9,0,0.114286
1720,1932-12-24,2,1,0,0.114184
1721,1932-12-31,1,5,0,0.114082
1722,1933-01-07,8,3,0,0.11398
1723,1933-01-14,5,8,0,0.113879
1724,1933-01-21,5,9,0,0.113778
1725,1933-01-28,9,9,1,0.114565
1726,1933-02-04,4,9,0,0.114463
1727,1933-02-11,4,1,0,0.114362
1728,1933-02-18,9,1,0,0.11426
1729,1933-02-25,6,9,0,0.114159
1730,1933-03-04,3,2,0,0.114058
1731,1933-03-11,8,3,0,0.113958
1732,1933-03-18,6,8,0,0.113857
1733,1933-03-25,7,2,0,0.113757
1734,1933-04-01,4,2,0,0.113656
1735,1933-04-08,4,1,0,0.113556
1736,1933-04-15,6,1,0,0.113456
1737,1933-04-22,6,2,0,0.113357
1738,1933-04-29,1,2,0,0.113257
1739,1933-05-06,1,3,0,0.113158
1740,1933-05-13,8,3,0,0.113059
1741,1933-05-20,4,8,0,0.11296
1742,1933-05-27,6,6,1,0.113736
1743,1933-06-03,4,2,0,0.113636
1744,1933-06-10,6,6,1,0.11441
1745,1933-06-17,8,2,0,0.114311
1746,1933-06-24,5,8,0,0.114211
1747,1933-07-01,1,9,0,0.114111
1748,1933-07-08,3,3,1,0.114883
1749,1933-07-15,4,3,0,0.114783
1750,1933-07-22,7,6,0,0.114683
1751,1933-07-29,8,2,0,0.114583
1752,1933-08-05,2,8,0,0.114484
1753,1933-08-12,2,5,0,0.114385
1754,1933-08-19,9,5,0,0.114286
1755,1933-08-26,6,9,0,0.114187
1756,1933-09-02,2,2,1,0.114952
1757,1933-09-09,4,5,0,0.114853
1758,1933-09-16,9,6,0,0.114754
1759,1933-09-23,6,9,0,0.114655
1760,1933-09-30,3,2,0,0.114556
1761,1933-10-07,3,3,1,0.115318
1762,1933-10-14,1,3,0,0.115219
1763,1933-10-21,2,3,0,0.11512
1764,1933-10-28,5,5,1,0.11588
1765,1933-11-04,8,9,0,0.11578
1766,1933-11-11,3,8,0,0.115681
1767,1933-11-18,4,3,0,0.115582
1768,1933-11-25,7,6,0,0.115483
1769,1933-12-02,6,2,0,0.115385
1770,1933-12-09,8,2,0,0.115286
1771,1933-12-16,9,8,0,0.115188
1772,1933-12-23,7,9,0,0.11509
1773,1933-12-30,2,2,1,0.115843
1774,1934-01-06,8,5,0,0.115745
1775,1934-01-13,6,8,0,0.115646
1776,1934-01-20,6,2,0,0.115548
1777,1934-01-27,7,2,0,0.11545
1778,1934-02-03,9,2,0,0.115352
1779,1934-02-10,7,9,0,0.115254
1780,1934-02-17,9,2,0,0.115157
1781,1934-02-24,6,7,0,0.115059
1782,1934-03-03,2,2,1,0.115807
1783,1934-03-10,6,5,0,0.115709
1784,1934-03-17,3,2,0,0.115612
1785,1934-03-24,7,3,0,0.115514
1786,1934-03-31,6,2,0,0.115417
1787,1934-04-07,3,2,0,0.11532
1788,1934-04-14,9,3,0,0.115223
1789,1934-04-21,5,7,0,0.115126
1790,1934-04-28,8,9,0,0.115029
1791,1934-05-05,1,8,0,0.114933
1792,1934-05-12,2,3,0,0.114837
1793,1934-05-19,4,5,0,0.11474
1794,1934-05-26,9,6,0,0.114644
1795,1934-06-02,4,7,0,0.114548
1796,1934-06-09,1,6,0,0.114453
1797,1934-06-16,8,3,0,0.114357
1798,1934-06-23,9,8,0,0.114262
1799,1934-06-30,5,7,0,0.114167
1800,1934-07-07,3,9,0,0.114072
1801,1934-07-14,7,3,0,0.113977
1802,1934-07-21,3,2,0,0.113882
1803,1934-07-28,7,3,0,0.113787
1804,1934-08-04,4,2,0,0.113693
1805,1934-08-11,3,6,0,0.113599
1806,1934-08-18,9,3,0,0.113505
1807,1934-08-25,7,7,1,0.114238
1808,1934-09-01,9,2,0,0.114144
1809,1934-09-08,8,7,0,0.11405
1810,1934-09-15,4,8,0,0.113955
1811,1934-09-22,7,6,0,0.113861
1812,1934-09-29,5,2,0,0.113768
1813,1934-10-06,8,9,0,0.113674
1814,1934-10-13,5,8,0,0.11358
1815,1934-10-20,7,9,0,0.113487
1816,1934-10-27,5,2,0,0.113394
1817,1934-11-03,7,9,0,0.1133
1818,1934-11-10,1,2,0,0.113208
1819,1934-11-17,8,3,0,0.113115
1820,1934-11-24,6,8,0,0.113022
1821,1934-12-01,3,2,0,0.11293
1822,1934-12-08,4,3,0,0.112837
1823,1934-12-15,8,6,0,0.112745
1824,1934-12-22,5,8,0,0.112653
1825,1934-12-29,4,9,0,0.112561
1826,1935-01-05,1,6,0,0.112469
1827,1935-01-12,2,3,0,0.112378
1828,1935-01-19,1,5,0,0.112286
1829,1935-01-26,6,3,0,0.112195
1830,1935-02-02,2,2,1,0.112916
1831,1935-02-09,3,5,0,0.112825
1832,1935-02-16,6,4,0,0.112733
1833,1935-02-23,4,2,0,0.112642
1834,1935-03-02,8,6,0,0.112551
1835,1935-03-09,1,8,0,0.11246
1836,1935-03-16,2,3,0,0.112369
1837,1935-03-23,9,5,0,0.112278
1838,1935-03-30,5,7,0,0.112187
1839,1935-04-06,1,9,0,0.112097
1840,1935-04-13,7,3,0,0.112006
1841,1935-04-20,9,2,0,0.111916
1842,1935-04-27,4,7,0,0.111826
1843,1935-05-04,4,6,0,0.111736
1844,1935-05-11,2,6,0,0.111647
1845,1935-05-18,3,5,0,0.111557
1846,1935-05-25,1,4,0,0.111468
1847,1935-06-01,6,3,0,0.111378
1848,1935-06-08,9,2,0,0.111289
1849,1935-06-15,6,7,0,0.1112
1850,1935-06-22,4,2,0,0.111111
1851,1935-06-29,2,6,0,0.111022
1852,1935-07-06,7,3,0,0.110934
1853,1935-07-13,9,2,0,0.110845
1854,1935-07-20,6,7,0,0.110757
1855,1935-07-27,3,2,0,0.110669
1856,1935-08-03,4,4,1,0.111376
1857,1935-08-10,1,6,0,0.111288
1858,1935-08-17,5,3,0,0.111199
1859,1935-08-24,6,9,0,0.111111
1860,1935-08-31,3,2,0,0.111023
1861,1935-09-07,3,4,0,0.110935
1862,1935-09-14,3,4,0,0.110847
1863,1935-09-21,6,3,0,0.110759
1864,1935-09-28,9,2,0,0.110672
1865,1935-10-05,7,7,1,0.111374
1866,1935-10-12,9,9,1,0.112076
1867,1935-10-19,8,7,0,0.111987
1868,1935-10-26,2,8,0,0.111899
1869,1935-11-02,4,3,0,0.111811
1870,1935-11-09,5,1,0,0.111723
1871,1935-11-16,3,9,0,0.111635
1872,1935-11-23,2,3,0,0.111548
1873,1935-11-30,8,3,0,0.11146
1874,1935-12-07,5,8,0,0.111373
1875,1935-12-14,8,9,0,0.111285
1876,1935-12-21,1,8,0,0.111198
1877,1935-12-28,3,3,1,0.111894
1878,1936-01-04,3,3,1,0.112588
1879,1936-01-11,2,3,0,0.1125
1880,1936-01-18,4,3,0,0.112412
1881,1936-01-25,8,1,0,0.112324
1882,1936-02-01,5,8,0,0.112237
1883,1936-02-08,1,9,0,0.11215
1884,1936-02-15,2,3,0,0.112062
1885,1936-02-22,7,3,0,0.111975
1886,1936-02-29,6,9,0,0.111888
1887,1936-03-07,6,2,0,0.111801
1888,1936-03-14,7,2,0,0.111715
1889,1936-03-21,1,9,0,0.111628
1890,1936-03-28,2,3,0,0.111541
1891,1936-04-04,1,3,0,0.111455
1892,1936-04-11,5,3,0,0.111369
1893,1936-04-18,2,9,0,0.111283
1894,1936-04-25,5,3,0,0.111197
1895,1936-05-02,2,9,0,0.111111
1896,1936-05-09,1,5,0,0.111025
1897,1936-05-16,6,3,0,0.11094
1898,1936-05-23,5,2,0,0.110855
1899,1936-05-30,4,9,0,0.110769
1900,1936-06-06,8,1,0,0.110684
1901,1936-06-13,3,8,0,0.110599
1902,1936-06-20,2,3,0,0.110514
1903,1936-06-27,1,5,0,0.110429
1904,1936-07-04,9,3,0,0.110345
1905,1936-07-11,3,7,0,0.11026
1906,1936-07-18,1,3,0,0.110176
1907,1936-07-25,7,3,0,0.110092
1908,1936-08-01,4,9,0,0.110008
1909,1936-08-08,2,1,0,0.109924
1910,1936-08-15,9,5,0,0.10984
1911,1936-08-22,8,7,0,0.109756
1912,1936-08-29,7,8,0,0.109673
1913,1936-09-05,2,9,0,0.109589
1914,1936-09-12,1,5,0,0.109506
1915,1936-09-19,6,3,0,0.109422
1916,1936-09-26,5,2,0,0.109339
1917,1936-10-03,8,9,0,0.109256
1918,1936-10-10,2,8,0,0.109174
1919,1936-10-17,3,5,0,0.109091
1920,1936-10-24,8,3,0,0.109008
1921,1936-10-31,5,8,0,0.108926
1922,1936-11-07,2,9,0,0.108844
1923,1936-11-14,3,3,1,0.109517
1924,1936-11-21,7,3,0,0.109434
1925,1936-11-28,4,9,0,0.109351
1926,1936-12-05,3,1,0,0.109269
1927,1936-12-12,5,3,0,0.109187
1928,1936-12-19,4,9,0,0.109105
1929,1936-12-26,5,1,0,0.109023
1930,1937-01-02,7,9,0,0.108941
1931,1937-01-09,1,9,0,0.108859
1932,1937-01-16,5,3,0,0.108777
1933,1937-01-23,9,9,1,0.109445
1934,1937-01-30,8,7,0,0.109363
1935,1937-02-06,4,8,0,0.109281
1936,1937-02-13,3,1,0,0.1092
1937,1937-02-20,7,3,0,0.109118
1938,1937-02-27,2,9,0,0.109037
1939,1937-03-06,6,3,0,0.108955
1940,1937-03-13,6,2,0,0.108874
1941,1937-03-20,5,2,0,0.108793
1942,1937-03-27,8,9,0,0.108712
1943,1937-04-03,1,8,0,0.108631
1944,1937-04-10,1,3,0,0.10855
1945,1937-04-17,2,3,0,0.10847
1946,1937-04-24,1,3,0,0.108389
1947,1937-05-01,6,2,0,0.108309
1948,1937-05-08,3,2,0,0.108228
1949,1937-05-15,7,3,0,0.108148
1950,1937-05-22,5,2,0,0.108068
1951,1937-05-29,4,9,0,0.107988
1952,1937-06-05,3,1,0,0.107908
1953,1937-06-12,1,3,0,0.107829
1954,1937-06-19,3,2,0,0.107749
1955,1937-06-26,8,3,0,0.10767
1956,1937-07-03,2,8,0,0.10759
1957,1937-07-10,5,3,0,0.107511
1958,1937-07-17,7,9,0,0.107432
1959,1937-07-24,3,2,0,0.107353
1960,1937-07-31,7,3,0,0.107274
1961,1937-08-07,8,2,0,0.107195
1962,1937-08-14,9,8,0,0.107117
1963,1937-08-21,9,7,0,0.107038
1964,1937-08-28,1,7,0,0.10696
1965,1937-09-04,4,3,0,0.106881
1966,1937-09-11,3,1,0,0.106803
1967,1937-09-18,7,3,0,0.106725
1968,1937-09-25,6,2,0,0.106647
1969,1937-10-02,1,2,0,0.106569
1970,1937-10-09,4,3,0,0.106492
1971,1937-10-16,8,1,0,0.106414
1972,1937-10-23,3,8,0,0.106336
1973,1937-10-30,7,3,0,0.106259
1974,1937-11-06,7,2,0,0.106182
1975,1937-11-13,2,2,1,0.106831
1976,1937-11-20,4,3,0,0.106754
1977,1937-11-27,7,1,0,0.106676
1978,1937-12-04,4,2,0,0.106599
1979,1937-12-11,3,1,0,0.106522
1980,1937-12-18,7,3,0,0.106445
1981,1937-12-25,9,2,0,0.106368
1982,1937-12-31,5,7,0,0.106291
1983,1938-01-08,9,9,1,0.106936
1984,1938-01-15,1,7,0,0.106859
1985,1938-01-22,1,3,0,0.106782
1986,1938-01-29,1,3,0,0.106705
1987,1938-02-05,4,3,0,0.106628
1988,1938-02-12,9,1,0,0.106551
1989,1938-02-19,6,7,0,0.106475
1990,1938-02-26,1,2,0,0.106398
1991,1938-03-05,9,3,0,0.106322
1992,1938-03-12,8,7,0,0.106246
1993,1938-03-19,2,3,0,0.106169
1994,1938-03-26,2,3,0,0.106093
1995,1938-04-02,6,3,0,0.106017
1996,1938-04-09,2,2,1,0.106657
1997,1938-04-16,5,3,0,0.106581
1998,1938-04-23,2,9,0,0.106505
1999,1938-04-30,1,5,0,0.106429
2000,1938-05-07,3,3,1,0.107066
2001,1938-05-14,9,3,0,0.10699
2002,1938-05-21,2,7,0,0.106914
2003,1938-05-28,8,5,0,0.106838
2004,1938-06-04,6,3,0,0.106762
2005,1938-06-11,7,2,0,0.106686
2006,1938-06-18,7,2,0,0.10661
2007,1938-06-25,5,2,0,0.106534
2008,1938-07-02,8,9,0,0.106458
2009,1938-07-09,2,3,0,0.106383
2010,1938-07-16,6,5,0,0.106308
2011,1938-07-23,1,2,0,0.106232
2012,1938-07-30,6,3,0,0.106157
2013,1938-08-06,9,2,0,0.106082
2014,1938-08-13,8,7,0,0.106007
2015,1938-08-20,6,3,0,0.105932
2016,1938-08-27,1,2,0,0.105857
2017,1938-09-03,1,3,0,0.105783
2018,1938-09-10,2,3,0,0.105708
2019,1938-09-17,5,5,1,0.106338
2020,1938-09-24,9,9,1,0.106967
2021,1938-10-01,5,7,0,0.106892
2022,1938-10-08,7,9,0,0.106817
2023,1938-10-15,6,2,0,0.106742
2024,1938-10-22,2,2,1,0.107368
2025,1938-10-29,5,5,1,0.107994
2026,1938-11-05,4,9,0,0.107919
2027,1938-11-12,4,1,0,0.107843
2028,1938-11-19,7,1,0,0.107768
2029,1938-11-26,6,2,0,0.107692
2030,1938-12-03,3,2,0,0.107617
2031,1938-12-10,8,3,0,0.107542
2032,1938-12-17,4,3,0,0.107467
2033,1938-12-24,1,1,1,0.108089
2034,1938-12-31,2,3,0,0.108014
2035,1939-01-07,3,5,0,0.107939
2036,1939-01-14,7,3,0,0.107864
2037,1939-01-21,3,2,0,0.107789
2038,1939-01-28,9,3,0,0.107714
2039,1939-02-04,3,7,0,0.107639
2040,1939-02-11,2,3,0,0.107564
2041,1939-02-18,1,5,0,0.10749
2042,1939-02-25,6,2,0,0.107415
2043,1939-03-04,9,2,0,0.107341
2044,1939-03-11,9,7,0,0.107266
2045,1939-03-18,9,7,0,0.107192
2046,1939-03-25,1,9,0,0.107118
2047,1939-04-01,3,2,0,0.107044
2048,1939-04-08,7,3,0,0.10697
2049,1939-04-15,5,2,0,0.106897
2050,1939-04-22,7,9,0,0.106823
2051,1939-04-29,8,2,0,0.106749
2052,1939-05-06,8,3,0,0.106676
2053,1939-05-13,2,8,0,0.106602
2054,1939-05-20,6,5,0,0.106529
2055,1939-05-27,4,2,0,0.106456
2056,1939-06-03,8,1,0,0.106383
2057,1939-06-10,5,8,0,0.10631
2058,1939-06-17,1,9,0,0.106237
2059,1939-06-24,5,3,0,0.106164
2060,1939-07-01,3,9,0,0.106092
2061,1939-07-08,2,3,0,0.106019
2062,1939-07-15,6,5,0,0.105947
2063,1939-07-22,2,2,1,0.106557
2064,1939-07-29,2,5,0,0.106485
2065,1939-08-05,8,5,0,0.106412
2066,1939-08-12,1,8,0,0.106339
2067,1939-08-19,6,3,0,0.106267
2068,1939-08-26,5,2,0,0.106195
2069,1939-09-02,2,9,0,0.106122
2070,1939-09-09,6,5,0,0.10605
2071,1939-09-16,3,2,0,0.105978
2072,1939-09-23,6,3,0,0.105906
2073,1939-09-30,2,2,1,0.106513
2074,1939-10-07,6,5,0,0.106441
2075,1939-10-14,6,2,0,0.106369
2076,1939-10-21,4,2,0,0.106297
2077,1939-10-28,2,1,0,0.106225
2078,1939-11-04,2,5,0,0.106153
2079,1939-11-11,3,5,0,0.106081
2080,1939-11-18,6,3,0,0.106009
2081,1939-11-25,6,2,0,0.105938
2082,1939-12-02,8,2,0,0.105866
2083,1939-12-09,1,8,0,0.105795
2084,1939-12-16,9,3,0,0.105724
2085,1939-12-23,5,9,0,0.105653
2086,1939-12-30,4,9,0,0.105582
2087,1940-01-06,4,1,0,0.105511
2088,1940-01-13,9,1,0,0.10544
2089,1940-01-20,8,9,0,0.105369
2090,1940-01-27,3,8,0,0.105298
2091,1940-02-03,2,3,0,0.105228
2092,1940-02-10,4,5,0,0.105157
2093,1940-02-17,6,1,0,0.105087
2094,1940-02-24,4,2,0,0.105017
2095,1940-03-02,4,1,0,0.104947
2096,1940-03-09,8,1,0,0.104876
2097,1940-03-16,8,3,0,0.104806
2098,1940-03-23,4,8,0,0.104736
2099,1940-03-30,1,1,1,0.105333
2100,1940-04-06,3,3,1,0.105929
2101,1940-04-13,6,3,0,0.105859
2102,1940-04-20,3,2,0,0.105788
2103,1940-04-27,2,3,0,0.105718
2104,1940-05-04,5,5,1,0.106312
2105,1940-05-11,9,9,1,0.106906
2106,1940-05-18,6,9,0,0.106835
2107,1940-05-25,3,2,0,0.106764
2108,1940-06-01,9,3,0,0.106693
2109,1940-06-08,6,9,0,0.106623
2110,1940-06-15,8,2,0,0.106552
2111,1940-06-22,7,8,0,0.106481
2112,1940-06-29,2,2,1,0.107072
2113,1940-07-06,9,5,0,0.107001
2114,1940-07-13,8,9,0,0.106931
2115,1940-07-20,4,8,0,0.10686
2116,1940-07-27,5,1,0,0.10679
2117,1940-08-03,9,9,1,0.107378
2118,1940-08-10,2,9,0,0.107307
2119,1940-08-17,4,5,0,0.107237
2120,1940-08-24,2,1,0,0.107166
2121,1940-08-31,7,5,0,0.107096
2122,1940-09-07,5,2,0,0.107026
2123,1940-09-14,3,9,0,0.106955
2124,1940-09-21,5,3,0,0.106885
2125,1940-09-28,3,9,0,0.106815
2126,1940-10-05,5,3,0,0.106745
2127,1940-10-12,7,9,0,0.106675
2128,1940-10-19,4,2,0,0.106606
2129,1940-10-26,9,1,0,0.106536
2130,1940-11-02,1,9,0,0.106466
2131,1940-11-09,1,3,0,0.106397
2132,1940-11-16,5,3,0,0.106327
2133,1940-11-23,8,9,0,0.106258
2134,1940-11-30,2,8,0,0.106189
2135,1940-12-07,1,5,0,0.10612
2136,1940-12-14,9,3,0,0.106051
2137,1940-12-21,4,9,0,0.105982
2138,1940-12-28,5,1,0,0.105913
2139,1941-01-04,9,9,1,0.106494
2140,1941-01-11,2,9,0,0.106424
2141,1941-01-18,1,5,0,0.106355
2142,1941-01-25,4,3,0,0.106286
2143,1941-02-01,3,1,0,0.106218
2144,1941-02-08,4,3,0,0.106149
2145,1941-02-15,1,1,1,0.106727
2146,1941-02-22,8,3,0,0.106658
2147,1941-03-01,1,8,0,0.106589
2148,1941-03-08,6,3,0,0.10652
2149,1941-03-15,2,2,1,0.107097
2150,1941-03-22,9,5,0,0.107028
2151,1941-03-29,7,9,0,0.106959
2152,1941-04-05,4,2,0,0.10689
2153,1941-04-12,5,1,0,0.106821
2154,1941-04-19,7,9,0,0.106752
2155,1941-04-26,7,2,0,0.106684
2156,1941-05-03,8,2,0,0.106615
2157,1941-05-10,1,8,0,0.106547
2158,1941-05-17,9,3,0,0.106479
2159,1941-05-24,3,7,0,0.10641
2160,1941-05-31,9,3,0,0.106342
2161,1941-06-07,8,7,0,0.106274
2162,1941-06-14,5,8,0,0.106206
2163,1941-06-21,5,9,0,0.106138
2164,1941-06-28,4,9,0,0.10607
2165,1941-07-05,5,1,0,0.106003
2166,1941-07-12,6,9,0,0.105935
2167,1941-07-19,9,2,0,0.105867
2168,1941-07-26,1,7,0,0.1058
2169,1941-08-02,9,3,0,0.105732
2170,1941-08-09,4,7,0,0.105665
2171,1941-08-16,1,1,1,0.106234
2172,1941-08-23,1,3,0,0.106167
2173,1941-08-30,2,3,0,0.106099
2174,1941-09-06,9,5,0,0.106032
2175,1941-09-13,4,7,0,0.105964
2176,1941-09-20,9,1,0,0.105897
2177,1941-09-27,6,7,0,0.10583
2178,1941-10-04,9,2,0,0.105763
2179,1941-10-11,3,7,0,0.105696
2180,1941-10-18,8,3,0,0.105629
2181,1941-10-25,2,8,0,0.105563
2182,1941-11-01,4,5,0,0.105496
2183,1941-11-08,4,1,0,0.105429
2184,1941-11-15,9,1,0,0.105363
2185,1941-11-22,6,7,0,0.105296
2186,1941-11-29,1,2,0,0.10523
2187,1941-12-06,3,3,1,0.105793
2188,1941-12-13,2,3,0,0.105727
2189,1941-12-20,3,5,0,0.10566
2190,1941-12-27,6,2,0,0.105594
2191,1942-01-03,9,2,0,0.105528
2192,1942-01-10,9,7,0,0.105461
2193,1942-01-17,1,9,0,0.105395
2194,1942-01-24,3,3,1,0.105956
2195,1942-01-31,1,6,0,0.10589
2196,1942-02-07,7,3,0,0.105823
2197,1942-02-14,3,2,0,0.105757
2198,1942-02-21,2,6,0,0.105691
2199,1942-02-28,1,5,0,0.105625
2200,1942-03-07,6,3,0,0.105559
2201,1942-03-14,2,2,1,0.106117
2202,1942-03-21,1,5,0,0.106051
2203,1942-03-28,2,3,0,0.105985
2204,1942-04-04,5,1,0,0.105919
2205,1942-04-11,6,9,0,0.105853
2206,1942-04-18,2,2,1,0.106409
2207,1942-04-25,8,5,0,0.106343
2208,1942-05-02,4,8,0,0.106277
2209,1942-05-09,5,1,0,0.106211
2210,1942-05-16,9,9,1,0.106766
2211,1942-05-23,1,9,0,0.1067
2212,1942-05-30,1,3,0,0.106634
2213,1942-06-06,7,3,0,0.106568
2214,1942-06-13,1,2,0,0.106502
2215,1942-06-20,6,3,0,0.106436
2216,1942-06-27,3,2,0,0.10637
2217,1942-07-04,3,2,0,0.106304
2218,1942-07-11,9,2,0,0.106238
2219,1942-07-18,8,9,0,0.106173
2220,1942-07-25,8,8,1,0.106724
2221,1942-08-01,2,8,0,0.106658
2222,1942-08-08,1,5,0,0.106593
2223,1942-08-15,4,3,0,0.106527
2224,1942-08-22,9,1,0,0.106462
2225,1942-08-29,2,9,0,0.106396
2226,1942-09-05,5,1,0,0.106331
2227,1942-09-12,3,9,0,0.106265
2228,1942-09-19,7,2,0,0.1062
2229,1942-09-26,8,2,0,0.106135
2230,1942-10-03,8,8,1,0.106683
2231,1942-10-10,3,8,0,0.106618
2232,1942-10-17,4,2,0,0.106552
2233,1942-10-24,4,1,0,0.106487
2234,1942-10-31,3,1,0,0.106422
2235,1942-11-07,3,2,0,0.106357
2236,1942-11-14,2,3,0,0.106292
2237,1942-11-21,7,5,0,0.106227
2238,1942-11-28,3,2,0,0.106162
2239,1942-12-05,6,2,0,0.106098
2240,1942-12-12,4,2,0,0.106033
2241,1942-12-19,1,1,1,0.106577
2242,1942-12-26,1,3,0,0.106512
2243,1943-01-02,1,3,0,0.106448
2244,1943-01-09,2,3,0,0.106383
2245,1943-01-16,9,5,0,0.106318
2246,1943-01-23,9,9,1,0.106861
2247,1943-01-30,6,9,0,0.106796
2248,1943-02-06,3,2,0,0.106731
2249,1943-02-13,7,2,0,0.106667
2250,1943-02-20,3,2,0,0.106602
2251,1943-02-27,7,2,0,0.106538
2252,1943-03-06,2,2,1,0.107078
2253,1943-03-13,4,5,0,0.107013
2254,1943-03-20,4,1,0,0.106949
2255,1943-03-27,2,1,0,0.106884
2256,1943-04-03,5,5,1,0.107423
2257,1943-04-10,2,9,0,0.107358
2258,1943-04-17,8,5,0,0.107294
2259,1943-04-24,3,8,0,0.107229
2260,1943-05-01,7,7,1,0.107766
2261,1943-05-08,3,2,0,0.107702
2262,1943-05-15,5,7,0,0.107637
2263,1943-05-22,5,9,0,0.107572
2264,1943-05-29,3,9,0,0.107508
2265,1943-06-05,6,7,0,0.107443
2266,1943-06-12,8,2,0,0.107379
2267,1943-06-19,1,8,0,0.107314
2268,1943-06-26,6,3,0,0.10725
2269,1943-07-03,8,2,0,0.107186
2270,1943-07-10,5,8,0,0.107121
2271,1943-07-17,7,9,0,0.107057
2272,1943-07-24,7,2,0,0.106993
2273,1943-07-31,1,2,0,0.10693
2274,1943-08-07,8,3,0,0.106866
2275,1943-08-14,3,8,0,0.106802
2276,1943-08-21,5,7,0,0.106738
2277,1943-08-28,6,9,0,0.106675
2278,1943-09-04,1,2,0,0.106611
2279,1943-09-11,2,3,0,0.106548
2280,1943-09-18,9,5,0,0.106484
2281,1943-09-25,2,9,0,0.106421
2282,1943-10-02,4,5,0,0.106358
2283,1943-10-09,2,1,0,0.106295
2284,1943-10-16,7,5,0,0.106231
2285,1943-10-23,6,2,0,0.106168
2286,1943-10-30,7,2,0,0.106106
2287,1943-11-06,7,2,0,0.106043
2288,1943-11-13,6,2,0,0.10598
2289,1943-11-20,8,2,0,0.105917
2290,1943-11-27,9,3,0,0.105855
2291,1943-12-04,5,9,0,0.105792
2292,1943-12-11,7,9,0,0.105729
2293,1943-12-18,3,2,0,0.105667
2294,1943-12-25,8,7,0,0.105605
2295,1943-12-31,1,3,0,0.105542
2296,1944-01-08,2,2,1,0.10607
2297,1944-01-15,4,5,0,0.106007
2298,1944-01-22,6,1,0,0.105945
2299,1944-01-29,5,2,0,0.105882
2300,1944-02-05,5,9,0,0.10582
2301,1944-02-12,5,9,0,0.105758
2302,1944-02-19,2,9,0,0.105696
2303,1944-02-26,9,5,0,0.105634
2304,1944-03-04,4,9,0,0.105572
2305,1944-03-11,9,1,0,0.10551
2306,1944-03-18,4,9,0,0.105448
2307,1944-03-25,4,1,0,0.105386
2308,1944-04-01,7,1,0,0.105325
2309,1944-04-08,1,2,0,0.105263
2310,1944-04-15,1,2,0,0.105202
2311,1944-04-22,3,2,0,0.10514
2312,1944-04-29,7,7,1,0.105663
2313,1944-05-06,3,2,0,0.105601
2314,1944-05-13,1,7,0,0.105539
2315,1944-05-20,9,2,0,0.105478
2316,1944-05-27,9,9,1,0.105999
2317,1944-06-03,2,9,0,0.105937
2318,1944-06-10,1,5,0,0.105876
2319,1944-06-17,9,2,0,0.105814
2320,1944-06-24,4,9,0,0.105752
2321,1944-07-01,4,1,0,0.105691
2322,1944-07-08,5,1,0,0.10563
2323,1944-07-15,4,9,0,0.105568
2324,1944-07-22,2,1,0,0.105507
2325,1944-07-29,4,5,0,0.105446
2326,1944-08-05,1,1,1,0.105964
2327,1944-08-12,1,2,0,0.105903
2328,1944-08-19,9,2,0,0.105842
2329,1944-08-26,6,9,0,0.10578
2330,1944-09-02,8,2,0,0.105719
2331,1944-09-09,5,3,0,0.105658
2332,1944-09-16,8,9,0,0.105597
2333,1944-09-23,4,3,0,0.105536
2334,1944-09-30,9,1,0,0.105476
2335,1944-10-07,6,9,0,0.105415
2336,1944-10-14,1,2,0,0.105354
2337,1944-10-21,6,2,0,0.105293
2338,1944-10-28,8,2,0,0.105233
2339,1944-11-04,4,3,0,0.105172
2340,1944-11-11,4,1,0,0.105112
2341,1944-11-18,5,1,0,0.105052
2342,1944-11-25,8,9,0,0.104991
2343,1944-12-02,4,3,0,0.104931
2344,1944-12-09,6,1,0,0.104871
2345,1944-12-16,7,2,0,0.104811
2346,1944-12-23,3,2,0,0.104751
2347,1944-12-30,1,7,0,0.104691
2348,1945-01-05,2,2,1,0.105203
2349,1945-01-13,4,5,0,0.105143
2350,1945-01-20,1,1,1,0.105654
2351,1945-01-27,1,2,0,0.105594
2352,1945-02-03,8,2,0,0.105533
2353,1945-02-10,9,3,0,0.105473
2354,1945-02-17,6,9,0,0.105413
2355,1945-02-24,5,2,0,0.105353
2356,1945-03-03,6,9,0,0.105293
2357,1945-03-10,2,2,1,0.105802
2358,1945-03-17,5,5,1,0.10631
2359,1945-03-24,6,9,0,0.10625
2360,1945-03-31,7,2,0,0.10619
2361,1945-04-07,2,2,1,0.106697
2362,1945-04-14,5,5,1,0.107204
2363,1945-04-21,7,9,0,0.107143
2364,1945-04-28,6,2,0,0.107082
2365,1945-05-05,9,2,0,0.107022
2366,1945-05-12,2,9,0,0.106961
2367,1945-05-19,3,5,0,0.1069
2368,1945-05-26,3,7,0,0.10684
2369,1945-06-02,8,7,0,0.10678
2370,1945-06-09,9,3,0,0.106719
2371,1945-06-16,8,9,0,0.106659
2372,1945-06-23,5,3,0,0.106599
2373,1945-06-30,6,9,0,0.106539
2374,1945-07-07,1,2,0,0.106479
2375,1945-07-14,4,2,0,0.106419
2376,1945-07-21,3,1,0,0.106359
2377,1945-07-28,3,7,0,0.106299
2378,1945-08-04,6,7,0,0.106239
2379,1945-08-11,4,2,0,0.10618
2380,1945-08-18,4,1,0,0.10612
2381,1945-08-25,2,1,0,0.106061
2382,1945-09-01,6,5,0,0.106001
2383,1945-09-08,9,2,0,0.105942
2384,1945-09-15,7,9,0,0.105882
2385,1945-09-22,3,2,0,0.105823
2386,1945-09-29,1,7,0,0.105764
2387,1945-10-06,7,2,0,0.105705
2388,1945-10-13,6,2,0,0.105646
2389,1945-10-20,2,2,1,0.106145
2390,1945-10-27,7,5,0,0.106086
2391,1945-11-03,1,2,0,0.106027
2392,1945-11-10,8,2,0,0.105968
2393,1945-11-17,4,3,0,0.105909
2394,1945-11-24,2,1,0,0.10585
2395,1945-12-01,2,5,0,0.105791
2396,1945-12-07,2,5,0,0.105732
2397,1945-12-15,4,5,0,0.105673
2398,1945-12-22,1,1,1,0.10617
2399,1945-12-29,7,2,0,0.106111
2400,1946-01-05,4,2,0,0.106052
2401,1946-01-12,9,1,0,0.105993
2402,1946-01-19,3,9,0,0.105935
2403,1946-01-26,3,7,0,0.105876
2404,1946-02-02,7,3,0,0.105817
2405,1946-02-09,7,2,0,0.105759
2406,1946-02-16,1,2,0,0.1057
2407,1946-02-23,8,2,0,0.105642
2408,1946-03-02,7,3,0,0.105583
2409,1946-03-09,7,2,0,0.105525
2410,1946-03-16,7,2,0,0.105467
2411,1946-03-23,7,2,0,0.105408
2412,1946-03-30,1,2,0,0.10535
2413,1946-04-06,4,2,0,0.105292
2414,1946-04-13,1,1,1,0.105785
2415,1946-04-20,1,2,0,0.105727
2416,1946-04-27,4,2,0,0.105669
2417,1946-05-04,9,1,0,0.105611
2418,1946-05-11,2,9,0,0.105553
2419,1946-05-18,4,5,0,0.105495
2420,1946-05-25,1,1,1,0.105986
2421,1946-06-01,3,2,0,0.105928
2422,1946-06-08,9,7,0,0.105869
2423,1946-06-15,9,9,1,0.10636
2424,1946-06-22,6,9,0,0.106301
2425,1946-06-29,2,2,1,0.106791
2426,1946-07-06,3,5,0,0.106732
2427,1946-07-13,4,7,0,0.106674
2428,1946-07-20,9,1,0,0.106616
2429,1946-07-27,7,9,0,0.106557
2430,1946-08-03,2,2,1,0.107045
2431,1946-08-10,9,5,0,0.106987
2432,1946-08-17,6,9,0,0.106929
2433,1946-08-24,8,2,0,0.10687
2434,1946-08-31,8,3,0,0.106812
2435,1946-09-14,3,8,0,0.106754
2436,1946-09-21,2,7,0,0.106696
2437,1946-09-28,1,5,0,0.106638
2438,1946-10-05,4,2,0,0.10658
2439,1946-10-12,6,1,0,0.106522
2440,1946-10-19,6,2,0,0.106464
2441,1946-10-26,9,2,0,0.106406
2442,1946-11-02,5,9,0,0.106348
2443,1946-11-09,6,9,0,0.106291
2444,1946-11-16,4,2,0,0.106233
2445,1946-11-23,4,1,0,0.106176
2446,1946-11-30,9,1,0,0.106118
2447,1946-12-07,6,9,0,0.106061
2448,1946-12-14,2,2,1,0.106544
2449,1946-12-21,8,5,0,0.106486
2450,1946-12-28,5,3,0,0.106429
2451,1947-01-04,3,9,0,0.106371
2452,1947-01-11,1,7,0,0.106314
2453,1947-01-18,9,2,0,0.106257
2454,1947-01-25,1,6,0,0.106199
2455,1947-02-01,3,2,0,0.106142
2456,1947-02-08,5,7,0,0.106085
2457,1947-02-15,2,9,0,0.106028
2458,1947-02-22,4,5,0,0.105971
2459,1947-03-01,2,1,0,0.105914
2460,1947-03-08,1,5,0,0.105857
2461,1947-03-15,1,3,0,0.1058
2462,1947-03-22,1,3,0,0.105743
2463,1947-03-29,4,3,0,0.105687
2464,1947-04-05,7,1,0,0.10563
2465,1947-04-12,8,2,0,0.105573
2466,1947-04-19,4,3,0,0.105517
2467,1947-04-26,1,1,1,0.105996
2468,1947-05-03,2,3,0,0.105939
2469,1947-05-10,1,5,0,0.105882
2470,1947-05-17,7,2,0,0.105826
2471,1947-05-24,8,2,0,0.105769
2472,1947-05-31,9,3,0,0.105713
2473,1947-06-07,3,6,0,0.105656
2474,1947-06-14,2,7,0,0.1056
2475,1947-06-21,7,1,0,0.105544
2476,1947-06-28,4,2,0,0.105487
2477,1947-07-05,5,1,0,0.105431
2478,1947-07-12,8,9,0,0.105375
2479,1947-07-19,1,3,0,0.105319
2480,1947-07-26,6,2,0,0.105263
2481,1947-08-02,9,2,0,0.105207
2482,1947-08-09,6,6,1,0.105682
2483,1947-08-16,4,2,0,0.105626
2484,1947-08-23,4,1,0,0.10557
2485,1947-08-30,8,1,0,0.105514
2486,1947-09-06,6,3,0,0.105458
2487,1947-09-13,8,2,0,0.105403
2488,1947-09-20,1,3,0,0.105347
2489,1947-09-27,1,2,0,0.105291
2490,1947-10-04,4,2,0,0.105235
2491,1947-10-11,1,1,1,0.105708
2492,1947-10-18,3,2,0,0.105652
2493,1947-10-25,8,7,0,0.105597
2494,1947-11-01,7,3,0,0.105541
2495,1947-11-08,9,2,0,0.105485
2496,1947-11-15,1,6,0,0.10543
2497,1947-11-22,5,3,0,0.105374
2498,1947-11-29,2,9,0,0.105319
2499,1947-12-06,7,1,0,0.105263
2500,1947-12-13,1,2,0,0.105208
2501,1947-12-20,4,3,0,0.105152
2502,1947-12-27,6,1,0,0.105097
2503,1948-01-03,2,2,1,0.105567
2504,1948-01-10,3,1,0,0.105512
2505,1948-01-17,3,7,0,0.105456
2506,1948-01-24,6,3,0,0.105401
2507,1948-01-31,8,2,0,0.105346
2508,1948-02-07,8,3,0,0.105291
2509,1948-02-14,3,8,0,0.105236
2510,1948-02-21,2,3,0,0.105181
2511,1948-02-28,9,1,0,0.105126
2512,1948-03-06,7,6,0,0.105071
2513,1948-03-13,2,2,1,0.105538
2514,1948-03-20,1,1,1,0.106005
2515,1948-03-27,5,3,0,0.10595
2516,1948-04-03,9,9,1,0.106416
2517,1948-04-10,2,6,0,0.106361
2518,1948-04-17,9,1,0,0.106305
2519,1948-04-24,5,6,0,0.10625
2520,1948-04-30,6,9,0,0.106195
2521,1948-05-08,7,2,0,0.106139
2522,1948-05-15,3,2,0,0.106084
2523,1948-05-22,7,3,0,0.106029
2524,1948-05-29,7,2,0,0.105974
2525,1948-06-05,4,2,0,0.105919
2526,1948-06-12,6,1,0,0.105864
2527,1948-06-19,1,2,0,0.105809
2528,1948-06-26,4,3,0,0.105754
2529,1948-07-03,3,1,0,0.105699
2530,1948-07-10,4,7,0,0.105645
2531,1948-07-17,8,1,0,0.10559
2532,1948-07-24,3,3,1,0.106053
2533,1948-07-31,3,7,0,0.105998
2534,1948-08-07,4,3,0,0.105943
2535,1948-08-14,4,1,0,0.105888
2536,1948-08-21,9,1,0,0.105834
2537,1948-08-28,9,6,0,0.105779
2538,1948-09-04,9,6,0,0.105725
2539,1948-09-11,6,9,0,0.10567
2540,1948-09-18,2,2,1,0.106131
2541,1948-09-25,7,1,0,0.106076
2542,1948-10-02,9,2,0,0.106022
2543,1948-10-09,9,6,0,0.105967
2544,1948-10-16,9,9,1,0.106427
2545,1948-10-23,8,9,0,0.106372
2546,1948-10-30,1,3,0,0.106317
2547,1948-11-06,2,3,0,0.106263
2548,1948-11-13,2,1,0,0.106208
2549,1948-11-20,9,1,0,0.106154
2550,1948-11-27,5,9,0,0.106099
2551,1948-12-04,7,9,0,0.106045
2552,1948-12-11,4,2,0,0.105991
2553,1948-12-18,5,1,0,0.105937
2554,1948-12-24,7,9,0,0.105882
2555,1948-12-31,8,2,0,0.105828
2556,1949-01-08,2,3,0,0.105774
2557,1949-01-15,9,1,0,0.10572
2558,1949-01-22,5,9,0,0.105666
2559,1949-01-29,1,9,0,0.105612
2560,1949-02-05,8,2,0,0.105558
2561,1949-02-12,8,3,0,0.105505
2562,1949-02-19,5,3,0,0.105451
2563,1949-02-26,4,9,0,0.105397
2564,1949-03-05,8,1,0,0.105344
2565,1949-03-12,4,3,0,0.10529
2566,1949-03-19,2,1,0,0.105236
2567,1949-03-26,2,1,0,0.105183
2568,1949-04-02,5,1,0,0.10513
2569,1949-04-09,9,9,1,0.105584
2570,1949-04-16,4,9,0,0.10553
2571,1949-04-23,3,1,0,0.105477
2572,1949-04-30,2,3,0,0.105423
2573,1949-05-07,6,1,0,0.10537
2574,1949-05-14,7,2,0,0.105316
2575,1949-05-21,5,2,0,0.105263
2576,1949-05-28,9,9,1,0.105716
2577,1949-06-04,7,9,0,0.105662
2578,1949-06-11,4,2,0,0.105609
2579,1949-06-18,3,1,0,0.105556
2580,1949-06-25,4,3,0,0.105502
2581,1949-07-02,7,1,0,0.105449
2582,1949-07-09,1,2,0,0.105396
2583,1949-07-16,8,2,0,0.105343
2584,1949-07-23,3,3,1,0.105793
2585,1949-07-30,3,3,1,0.106244
2586,1949-08-06,2,3,0,0.10619
2587,1949-08-13,3,1,0,0.106137
2588,1949-08-20,8,3,0,0.106083
2589,1949-08-27,2,3,0,0.10603
2590,1949-09-03,2,1,0,0.105977
2591,1949-09-10,2,1,0,0.105924
2592,1949-09-17,7,1,0,0.105871
2593,1949-09-24,6,2,0,0.105817
2594,1949-10-01,8,2,0,0.105764
2595,1949-10-08,3,3,1,0.106212
2596,1949-10-15,9,3,0,0.106159
2597,1949-10-22,8,9,0,0.106106
2598,1949-10-29,2,3,0,0.106053
2599,1949-11-05,3,1,0,0.106
2600,1949-11-12,5,3,0,0.105947
2601,1949-11-19,7,9,0,0.105894
2602,1949-11-26,1,2,0,0.105841
2603,1949-12-03,6,2,0,0.105788
2604,1949-12-12,2,2,1,0.106234
2605,1949-12-17,3,1,0,0.106181
2606,1949-12-24,4,3,0,0.106129
2607,1949-12-31,6,1,0,0.106076
2608,1950-01-07,8,2,0,0.106023
2609,1950-01-14,9,3,0,0.10597
2610,1950-01-21,7,9,0,0.105917
2611,1950-01-28,3,2,0,0.105865
2612,1950-02-04,7,3,0,0.105812
2613,1950-02-11,8,2,0,0.10576
2614,1950-02-18,4,3,0,0.105707
2615,1950-02-25,7,1,0,0.105655
2616,1950-03-04,1,2,0,0.105602
2617,1950-03-11,4,2,0,0.10555
2618,1950-03-18,3,1,0,0.105498
2619,1950-03-25,1,3,0,0.105446
2620,1950-04-01,2,2,1,0.105888
2621,1950-04-08,2,1,0,0.105836
2622,1950-04-15,3,1,0,0.105783
2623,1950-04-22,9,3,0,0.105731
2624,1950-04-29,2,9,0,0.105679
2625,1950-05-06,2,3,0,0.105627
2626,1950-05-13,3,3,1,0.106068
2627,1950-05-20,8,3,0,0.106016
2628,1950-05-27,6,3,0,0.105964
2629,1950-06-03,5,2,0,0.105911
2630,1950-06-10,6,9,0,0.105859
2631,1950-06-17,5,2,0,0.105807
2632,1950-06-24,5,9,0,0.105755
2633,1950-07-01,5,9,0,0.105703
2634,1950-07-08,5,9,0,0.105651
2635,1950-07-15,6,9,0,0.105599
2636,1950-07-22,4,2,0,0.105547
2637,1950-07-29,7,1,0,0.105496
2638,1950-08-05,7,2,0,0.105444
2639,1950-08-12,2,2,1,0.105882
2640,1950-08-19,4,3,0,0.10583
2641,1950-08-26,8,1,0,0.105779
2642,1950-09-02,6,3,0,0.105727
2643,1950-09-09,5,2,0,0.105675
2644,1950-09-16,5,9,0,0.105623
2645,1950-09-23,8,9,0,0.105572
2646,1950-09-30,8,3,0,0.10552
2647,1950-10-07,8,3,0,0.105469
2648,1950-10-14,3,3,1,0.105905
2649,1950-10-21,2,3,0,0.105854
2650,1950-10-28,6,3,0,0.105802
2651,1950-11-04,4,2,0,0.10575
2652,1950-11-11,2,1,0,0.105699
2653,1950-11-18,7,3,0,0.105648
2654,1950-11-25,4,2,0,0.105596
2655,1950-12-02,6,1,0,0.105545
2656,1950-12-09,3,2,0,0.105493
2657,1950-12-16,6,2,0,0.105442
2658,1950-12-23,9,2,0,0.105391
2659,1950-12-30,9,9,1,0.105825
2660,1951-01-06,7,9,0,0.105774
2661,1951-01-13,1,2,0,0.105723
2662,1951-01-20,6,2,0,0.105671
2663,1951-01-27,6,2,0,0.10562
2664,1951-02-03,1,2,0,0.105569
2665,1951-02-10,6,2,0,0.105518
2666,1951-02-17,9,2,0,0.105467
2667,1951-02-24,4,9,0,0.105416
2668,1951-03-03,8,1,0,0.105365
2669,1951-03-10,5,3,0,0.105314
2670,1951-03-17,7,9,0,0.105263
2671,1951-03-24,1,2,0,0.105212
2672,1951-03-31,3,2,0,0.105162
2673,1951-04-07,3,2,0,0.105111
2674,1951-04-14,6,3,0,0.10506
2675,1951-04-21,2,2,1,0.105491
2676,1951-04-28,9,3,0,0.105441
2677,1951-05-05,7,9,0,0.10539
2678,1951-05-12,1,2,0,0.105339
2679,1951-05-19,6,2,0,0.105288
2680,1951-05-26,1,2,0,0.105238
2681,1951-06-01,9,2,0,0.105187
2682,1951-06-09,6,9,0,0.105137
2683,1951-06-16,5,2,0,0.105086
2684,1951-06-23,1,9,0,0.105036
2685,1951-06-30,5,2,0,0.104986
2686,1951-07-07,9,9,1,0.105414
2687,1951-07-14,8,9,0,0.105364
2688,1951-07-21,8,3,0,0.105314
2689,1951-07-28,3,3,1,0.105742
2690,1951-08-04,3,3,1,0.106169
2691,1951-08-11,8,3,0,0.106119
2692,1951-08-18,7,3,0,0.106068
2693,1951-08-25,7,2,0,0.106017
2694,1951-09-01,7,2,0,0.105967
2695,1951-09-08,8,7,0,0.105916
2696,1951-09-15,6,3,0,0.105866
2697,1951-09-22,2,2,1,0.106292
2698,1951-09-29,9,3,0,0.106241
2699,1951-10-06,3,9,0,0.10619
2700,1951-10-13,3,3,1,0.106616
2701,1951-10-20,2,3,0,0.106565
2702,1951-10-27,9,3,0,0.106515
2703,1951-11-03,6,9,0,0.106464
2704,1951-11-10,6,2,0,0.106413
2705,1951-11-17,9,2,0,0.106363
2706,1951-11-24,1,9,0,0.106312
2707,1951-12-01,8,2,0,0.106262
2708,1951-12-10,5,3,0,0.106211
2709,1951-12-15,1,9,0,0.106161
2710,1951-12-22,9,2,0,0.106111
2711,1951-12-28,6,9,0,0.106061
2712,1952-01-05,2,2,1,0.106484
2713,1952-01-12,3,9,0,0.106433
2714,1952-01-19,8,3,0,0.106383
2715,1952-01-26,2,3,0,0.106333
2716,1952-02-02,2,3,0,0.106282
2717,1952-02-09,9,3,0,0.106232
2718,1952-02-16,3,6,0,0.106182
2719,1952-02-23,8,3,0,0.106132
2720,1952-03-01,7,3,0,0.106082
2721,1952-03-08,1,7,0,0.106032
2722,1952-03-15,2,2,1,0.106453
2723,1952-03-22,7,9,0,0.106403
2724,1952-03-29,3,7,0,0.106353
2725,1952-04-05,5,3,0,0.106303
2726,1952-04-12,1,9,0,0.106253
2727,1952-04-19,3,2,0,0.106203
2728,1952-04-26,3,3,1,0.106623
2729,1952-05-03,5,3,0,0.106573
2730,1952-05-10,2,9,0,0.106523
2731,1952-05-17,4,9,0,0.106473
2732,1952-05-24,1,1,1,0.106892
2733,1952-05-31,4,2,0,0.106842
2734,1952-06-07,7,1,0,0.106792
2735,1952-06-14,9,7,0,0.106742
2736,1952-06-21,5,6,0,0.106692
2737,1952-06-28,4,9,0,0.106642
2738,1952-07-05,1,1,1,0.107059
2739,1952-07-12,2,2,1,0.107477
2740,1952-07-19,3,9,0,0.107426
2741,1952-07-26,2,3,0,0.107376
2742,1952-08-02,3,3,1,0.107793
2743,1952-08-09,8,3,0,0.107743
2744,1952-08-16,3,3,1,0.108159
2745,1952-08-23,9,3,0,0.108108
2746,1952-08-30,1,6,0,0.108058
2747,1952-09-06,6,2,0,0.108007
2748,1952-09-13,3,2,0,0.107957
2749,1952-09-20,2,3,0,0.107907
2750,1952-09-27,5,3,0,0.107857
2751,1952-10-04,2,9,0,0.107807
2752,1952-10-11,8,3,0,0.107757
2753,1952-10-18,1,3,0,0.107707
2754,1952-10-25,9,2,0,0.107657
2755,1952-11-03,3,6,0,0.107607
2756,1952-11-08,1,3,0,0.107557
2757,1952-11-15,6,2,0,0.107507
2758,1952-11-22,5,2,0,0.107457
2759,1952-11-29,8,9,0,0.107407
2760,1952-12-06,2,3,0,0.107358
2761,1952-12-13,7,3,0,0.107308
2762,1952-12-20,5,7,0,0.107258
2763,1952-12-29,3,9,0,0.107209
2764,1953-01-03,1,3,0,0.107159
2765,1953-01-10,3,2,0,0.10711
2766,1953-01-17,1,3,0,0.10706
2767,1953-01-24,2,2,1,0.107472
2768,1953-01-31,1,3,0,0.107423
2769,1953-02-07,4,2,0,0.107373
2770,1953-02-14,2,1,0,0.107324
2771,1953-02-21,4,3,0,0.107274
2772,1953-02-28,8,1,0,0.107225
2773,1953-03-07,8,3,0,0.107176
2774,1953-03-14,3,3,1,0.107586
2775,1953-03-21,8,3,0,0.107537
2776,1953-03-28,8,3,0,0.107487
2777,1953-04-04,6,3,0,0.107438
2778,1953-04-11,6,2,0,0.107389
2779,1953-04-18,1,2,0,0.107339
2780,1953-04-25,1,2,0,0.10729
2781,1953-05-02,4,2,0,0.107241
2782,1953-05-09,9,1,0,0.107192
2783,1953-05-16,9,6,0,0.107143
2784,1953-05-23,4,9,0,0.107094
2785,1953-05-30,6,1,0,0.107045
2786,1953-06-06,5,2,0,0.106996
2787,1953-06-13,7,9,0,0.106947
2788,1953-06-20,6,7,0,0.106898
2789,1953-06-27,1,2,0,0.106849
2790,1953-07-04,7,2,0,0.106801
2791,1953-07-11,1,7,0,0.106752
2792,1953-07-18,6,2,0,0.106703
2793,1953-07-25,3,2,0,0.106655
2794,1953-08-01,9,3,0,0.106606
2795,1953-08-08,4,9,0,0.106557
2796,1953-08-14,1,1,1,0.106964
2797,1953-08-22,9,2,0,0.106915
2798,1953-08-29,9,9,1,0.107322
2799,1953-09-05,5,9,0,0.107273
2800,1953-09-12,2,9,0,0.107224
2801,1953-09-19,8,3,0,0.107175
2802,1953-09-26,3,3,1,0.107581
2803,1953-10-03,2,3,0,0.107532
2804,1953-10-10,5,3,0,0.107483
2805,1953-10-17,1,9,0,0.107434
2806,1953-10-24,9,2,0,0.107386
2807,1953-10-31,4,9,0,0.107337
2808,1953-11-07,7,1,0,0.107288
2809,1953-11-14,2,7,0,0.10724
2810,1953-11-21,7,3,0,0.107191
2811,1953-11-28,9,2,0,0.107143
2812,1953-12-05,6,9,0,0.107094
2813,1953-12-12,7,2,0,0.107046
2814,1953-12-19,3,2,0,0.106998
2815,1953-12-28,8,2,0,0.106949
2816,1954-01-02,3,3,1,0.107352
2817,1954-01-09,7,2,0,0.107304
2818,1954-01-16,6,2,0,0.107256
2819,1954-01-23,5,2,0,0.107207
2820,1954-01-30,5,9,0,0.107159
2821,1954-02-06,8,9,0,0.107111
2822,1954-02-13,6,3,0,0.107063
2823,1954-02-20,2,2,1,0.107464
2824,1954-02-27,1,3,0,0.107416
2825,1954-03-06,8,2,0,0.107367
2826,1954-03-13,2,3,0,0.107319
2827,1954-03-20,4,3,0,0.107271
2828,1954-03-27,3,1,0,0.107223
2829,1954-04-03,1,2,0,0.107175
2830,1954-04-10,2,2,1,0.107575
2831,1954-04-17,1,3,0,0.107527
2832,1954-04-24,2,2,1,0.107927
2833,1954-04-30,2,3,0,0.107878
2834,1954-05-08,9,3,0,0.10783
2835,1954-05-15,9,9,1,0.108229
2836,1954-05-22,3,9,0,0.108181
2837,1954-05-29,2,2,1,0.108579
2838,1954-06-05,1,3,0,0.108531
2839,1954-06-12,1,2,0,0.108482
2840,1954-06-19,5,2,0,0.108434
2841,1954-06-26,1,9,0,0.108385
2842,1954-07-03,4,2,0,0.108337
2843,1954-07-10,5,1,0,0.108289
2844,1954-07-17,3,9,0,0.108241
2845,1954-07-24,4,2,0,0.108192
2846,1954-07-31,4,1,0,0.108144
2847,1954-08-07,2,1,0,0.108096
2848,1954-08-14,5,3,0,0.108048
2849,1954-08-21,5,9,0,0.108
2850,1954-08-28,7,9,0,0.107952
2851,1954-09-04,6,2,0,0.107904
2852,1954-09-11,6,2,0,0.107856
2853,1954-09-18,2,2,1,0.108252
2854,1954-09-25,8,3,0,0.108204
2855,1954-10-02,9,3,0,0.108156
2856,1954-10-09,6,9,0,0.108108
2857,1954-10-16,9,2,0,0.10806
2858,1954-10-23,2,9,0,0.108012
2859,1954-10-30,3,3,1,0.108407
2860,1954-11-06,7,2,0,0.108359
2861,1954-11-13,4,2,0,0.108311
2862,1954-11-20,6,1,0,0.108263
2863,1954-11-27,1,2,0,0.108216
2864,1954-12-04,4,2,0,0.108168
2865,1954-12-11,2,1,0,0.10812
2866,1954-12-18,8,3,0,0.108072
2867,1954-12-24,4,3,0,0.108025
2868,1954-12-31,7,1,0,0.107977
2869,1955-01-08,1,2,0,0.10793
2870,1955-01-15,1,2,0,0.107882
2871,1955-01-22,3,2,0,0.107835
2872,1955-01-29,9,2,0,0.107787
2873,1955-02-05,8,9,0,0.10774
2874,1955-02-12,7,3,0,0.107692
2875,1955-02-19,8,2,0,0.107645
2876,1955-02-26,6,3,0,0.107598
2877,1955-03-05,2,2,1,0.107989
2878,1955-03-12,1,3,0,0.107942
2879,1955-03-19,1,2,0,0.107895
2880,1955-03-26,5,2,0,0.107847
2881,1955-04-02,6,9,0,0.1078
2882,1955-04-09,8,2,0,0.107753
2883,1955-04-16,4,3,0,0.107706
2884,1955-04-23,1,1,1,0.108096
2885,1955-04-30,2,2,1,0.108486
2886,1955-05-07,7,3,0,0.108439
2887,1955-05-14,8,2,0,0.108392
2888,1955-05-21,7,3,0,0.108344
2889,1955-05-28,8,2,0,0.108297
2890,1955-06-04,6,3,0,0.10825
2891,1955-06-11,9,2,0,0.108202
2892,1955-06-18,6,9,0,0.108155
2893,1955-06-25,3,2,0,0.108108
2894,1955-07-02,9,2,0,0.108061
2895,1955-07-09,4,6,0,0.108014
2896,1955-07-16,2,1,0,0.107967
2897,1955-07-23,9,3,0,0.10792
2898,1955-07-30,6,6,1,0.108308
2899,1955-08-06,5,2,0,0.108261
2900,1955-08-13,4,9,0,0.108214
2901,1955-08-20,6,1,0,0.108167
2902,1955-08-27,1,2,0,0.10812
2903,1955-09-03,7,2,0,0.108073
2904,1955-09-10,5,2,0,0.108026
2905,1955-09-17,7,9,0,0.107979
2906,1955-09-24,1,2,0,0.107932
2907,1955-10-01,7,2,0,0.107886
2908,1955-10-08,9,2,0,0.107839
2909,1955-10-15,5,6,0,0.107792
2910,1955-10-22,5,9,0,0.107746
2911,1955-10-29,7,9,0,0.107699
2912,1955-11-05,4,2,0,0.107652
2913,1955-11-12,1,1,1,0.108038
2914,1955-11-19,2,2,1,0.108423
2915,1955-11-26,6,3,0,0.108377
2916,1955-12-03,6,2,0,0.10833
2917,1955-12-10,2,2,1,0.108714
2918,1955-12-17,1,3,0,0.108668
2919,1955-12-24,9,2,0,0.108621
2920,1955-12-31,3,6,0,0.108574
2921,1956-01-07,3,2,0,0.108527
2922,1956-01-14,1,2,0,0.10848
2923,1956-01-21,3,2,0,0.108434
2924,1956-01-28,8,2,0,0.108387
2925,1956-02-04,9,3,0,0.10834
2926,1956-02-11,6,6,1,0.108724
2927,1956-02-18,1,2,0,0.108677
2928,1956-02-25,6,2,0,0.10863
2929,1956-03-03,2,2,1,0.109013
2930,1956-03-10,8,1,0,0.108966
2931,1956-03-17,7,3,0,0.108919
2932,1956-03-24,7,2,0,0.108873
2933,1956-03-31,9,7,0,0.108826
2934,1956-04-07,4,6,0,0.108779
2935,1956-04-14,5,1,0,0.108733
2936,1956-04-21,4,9,0,0.108686
2937,1956-04-28,8,1,0,0.10864
2938,1956-05-05,7,3,0,0.108593
2939,1956-05-12,3,7,0,0.108547
2940,1956-05-19,5,2,0,0.108501
2941,1956-05-26,3,9,0,0.108454
2942,1956-06-02,6,2,0,0.108408
2943,1956-06-09,5,2,0,0.108362
2944,1956-06-16,2,9,0,0.108316
2945,1956-06-23,7,1,0,0.108269
2946,1956-06-30,4,7,0,0.108223
2947,1956-07-07,8,1,0,0.108177
2948,1956-07-14,1,3,0,0.108131
2949,1956-07-21,8,2,0,0.108085
2950,1956-07-28,9,3,0,0.108039
2951,1956-08-04,5,6,0,0.107993
2952,1956-08-11,1,9,0,0.107947
2953,1956-08-18,7,2,0,0.107901
2954,1956-08-25,2,7,0,0.107856
2955,1956-09-01,4,1,0,0.10781
2956,1956-09-08,3,1,0,0.107764
2957,1956-09-15,5,2,0,0.107718
2958,1956-09-22,5,9,0,0.107673
2959,1956-09-29,4,9,0,0.107627
2960,1956-10-06,3,1,0,0.107582
2961,1956-10-13,1,2,0,0.107536
2962,1956-10-20,9,2,0,0.10749
2963,1956-10-27,4,6,0,0.107445
2964,1956-11-03,3,1,0,0.1074
2965,1956-11-10,9,2,0,0.107354
2966,1956-11-17,7,6,0,0.107309
2967,1956-11-24,4,2,0,0.107264
2968,1956-12-01,1,1,1,0.10764
2969,1956-12-07,3,2,0,0.107595
2970,1956-12-15,4,2,0,0.10755
2971,1956-12-22,4,1,0,0.107504
2972,1956-12-29,6,1,0,0.107459
2973,1957-01-05,7,2,0,0.107414
2974,1957-01-12,6,2,0,0.107368
2975,1957-01-19,1,2,0,0.107323
2976,1957-01-26,6,2,0,0.107278
2977,1957-02-02,2,2,1,0.107653
2978,1957-02-09,9,1,0,0.107608
2979,1957-02-16,2,6,0,0.107563
2980,1957-02-23,5,1,0,0.107518
2981,1957-03-02,2,9,0,0.107473
2982,1957-03-09,7,1,0,0.107428
2983,1957-03-16,3,2,0,0.107383
2984,1957-03-23,4,2,0,0.107338
2985,1957-03-30,2,1,0,0.107293
2986,1957-04-06,8,1,0,0.107248
2987,1957-04-13,1,3,0,0.107203
2988,1957-04-20,7,2,0,0.107158
2989,1957-04-27,1,2,0,0.107113
2990,1957-05-04,8,2,0,0.107068
2991,1957-05-11,7,3,0,0.107023
2992,1957-05-18,4,2,0,0.106979
2993,1957-05-25,3,1,0,0.106934
2994,1957-06-01,8,2,0,0.106889
2995,1957-06-08,3,3,1,0.107262
2996,1957-06-15,2,2,1,0.107635
2997,1957-06-22,7,1,0,0.10759
2998,1957-06-28,5,4,0,0.107545
2999,1957-07-06,4,9,0,0.1075
3000,1957-07-13,8,1,0,0.107455
3001,1957-07-20,5,3,0,0.10741
3002,1957-07-27,3,9,0,0.107366
3003,1957-08-03,6,2,0,0.107321
3004,1957-08-10,8,2,0,0.107277
3005,1957-08-17,9,3,0,0.107232
3006,1957-08-24,8,6,0,0.107187
3007,1957-08-31,3,3,1,0.107558
3008,1957-09-07,1,2,0,0.107513
3009,1957-09-14,9,2,0,0.107469
3010,1957-09-21,6,6,1,0.107839
3011,1957-09-28,7,2,0,0.107794
3012,1957-10-05,4,4,1,0.108164
3013,1957-10-12,8,1,0,0.108119
3014,1957-10-19,8,3,0,0.108075
3015,1957-10-26,6,3,0,0.10803
3016,1957-11-02,9,2,0,0.107985
3017,1957-11-09,8,6,0,0.10794
3018,1957-11-16,9,3,0,0.107896
3019,1957-11-23,1,6,0,0.107851
3020,1957-11-30,5,2,0,0.107807
3021,1957-12-07,5,9,0,0.107762
3022,1957-12-14,4,9,0,0.107718
3023,1957-12-21,3,1,0,0.107673
3024,1957-12-28,7,2,0,0.107629
3025,1958-01-04,5,4,0,0.107585
3026,1958-01-11,5,9,0,0.10754
3027,1958-01-18,3,9,0,0.107496
3028,1958-01-25,3,2,0,0.107452
3029,1958-02-01,5,2,0,0.107407
3030,1958-02-08,3,9,0,0.107363
3031,1958-02-15,2,2,1,0.10773
3032,1958-02-22,8,1,0,0.107686
3033,1958-03-01,6,3,0,0.107642
3034,1958-03-08,3,2,0,0.107598
3035,1958-03-15,4,2,0,0.107553
3036,1958-03-22,3,1,0,0.107509
3037,1958-03-29,9,2,0,0.107465
3038,1958-04-05,3,6,0,0.107421
3039,1958-04-12,4,2,0,0.107377
3040,1958-04-19,3,1,0,0.107333
3041,1958-04-26,1,2,0,0.107289
3042,1958-05-03,2,2,1,0.107655
3043,1958-05-10,9,1,0,0.10761
3044,1958-05-17,9,6,0,0.107566
3045,1958-05-24,7,6,0,0.107522
3046,1958-05-31,8,4,0,0.107479
3047,1958-06-07,9,3,0,0.107435
3048,1958-06-14,5,6,0,0.107391
3049,1958-06-21,9,9,1,0.107755
3050,1958-06-28,9,6,0,0.107711
3051,1958-07-05,2,6,0,0.107667
3052,1958-07-12,6,9,0,0.107623
3053,1958-07-19,6,2,0,0.107579
3054,1958-07-26,4,2,0,0.107536
3055,1958-08-02,7,1,0,0.107492
3056,1958-08-09,1,4,0,0.107448
3057,1958-08-16,4,2,0,0.107404
3058,1958-08-23,7,1,0,0.107361
3059,1958-08-30,5,4,0,0.107317
3060,1958-09-06,8,9,0,0.107273
3061,1958-09-13,3,3,1,0.107636
3062,1958-09-20,3,2,0,0.107592
3063,1958-09-27,2,2,1,0.107955
3064,1958-10-04,1,9,0,0.107911
3065,1958-10-11,7,2,0,0.107867
3066,1958-10-18,8,4,0,0.107823
3067,1958-10-25,4,3,0,0.10778
3068,1958-11-01,7,1,0,0.107736
3069,1958-11-08,7,4,0,0.107692
3070,1958-11-15,2,4,0,0.107649
3071,1958-11-22,7,1,0,0.107605
3072,1958-11-29,5,4,0,0.107562
3073,1958-12-06,4,9,0,0.107518
3074,1958-12-13,9,1,0,0.107475
3075,1958-12-20,8,6,0,0.107431
3076,1958-12-27,5,3,0,0.107388
3077,1959-01-03,8,9,0,0.107345
3078,1959-01-10,5,3,0,0.107301
3079,1959-01-17,6,9,0,0.107258
3080,1959-01-24,6,2,0,0.107215
3081,1959-01-31,8,2,0,0.107172
3082,1959-02-07,2,3,0,0.107128
3083,1959-02-14,1,1,1,0.107488
3084,1959-02-21,7,2,0,0.107445
3085,1959-02-28,5,4,0,0.107401
3086,1959-03-07,5,9,0,0.107358
3087,1959-03-14,7,9,0,0.107315
3088,1959-03-21,1,4,0,0.107272
3089,1959-03-28,9,2,0,0.107229
3090,1959-04-04,3,6,0,0.107186
3091,1959-04-11,2,2,1,0.107544
3092,1959-04-18,9,1,0,0.107501
3093,1959-04-27,6,6,1,0.107859
3094,1959-05-04,8,2,0,0.107816
3095,1959-05-09,7,3,0,0.107772
3096,1959-05-16,7,4,0,0.107729
3097,1959-05-23,7,7,1,0.108086
3098,1959-05-30,7,7,1,0.108443
3099,1959-06-06,5,7,0,0.1084
3100,1959-06-13,1,9,0,0.108357
3101,1959-06-20,7,2,0,0.108313
3102,1959-06-27,5,7,0,0.10827
3103,1959-07-04,9,9,1,0.108626
3104,1959-07-11,8,6,0,0.108583
3105,1959-07-18,8,3,0,0.10854
3106,1959-07-25,4,3,0,0.108496
3107,1959-08-01,3,1,0,0.108453
3108,1959-08-08,1,2,0,0.10841
3109,1959-08-17,1,2,0,0.108367
3110,1959-08-22,1,2,0,0.108323
3111,1959-08-29,5,2,0,0.10828
3112,1959-09-05,7,9,0,0.108237
3113,1959-09-12,5,7,0,0.108194
3114,1959-09-19,9,9,1,0.108549
3115,1959-09-26,6,6,1,0.108903
3116,1959-10-03,3,2,0,0.10886
3117,1959-10-10,4,2,0,0.108817
3118,1959-10-17,6,1,0,0.108773
3119,1959-10-24,4,2,0,0.10873
3120,1959-10-31,8,1,0,0.108687
3121,1959-11-07,4,3,0,0.108644
3122,1959-11-14,4,1,0,0.108601
3123,1959-11-21,1,1,1,0.108954
3124,1959-11-28,1,2,0,0.108911
3125,1959-12-05,9,2,0,0.108868
3126,1959-12-12,7,6,0,0.108825
3127,1959-12-19,3,7,0,0.108782
3128,1959-12-28,1,2,0,0.108739
3129,1960-01-04,1,2,0,0.108696
3130,1960-01-09,3,2,0,0.108653
3131,1960-01-16,6,2,0,0.10861
3132,1960-01-23,9,2,0,0.108567
3133,1960-01-30,8,6,0,0.108524
3134,1960-02-06,4,3,0,0.108481
3135,1960-02-13,5,1,0,0.108438
3136,1960-02-20,3,9,0,0.108396
3137,1960-02-27,6,2,0,0.108353
3138,1960-03-05,6,2,0,0.10831
3139,1960-03-12,4,2,0,0.108268
3140,1960-03-21,8,1,0,0.108225
3141,1960-03-26,6,3,0,0.108183
3142,1960-04-02,5,2,0,0.10814
3143,1960-04-09,5,9,0,0.108097
3144,1960-04-16,6,9,0,0.108055
3145,1960-04-23,4,2,0,0.108013
3146,1960-04-30,3,1,0,0.10797
3147,1960-05-07,9,2,0,0.107928
3148,1960-05-14,6,6,1,0.108278
3149,1960-05-21,8,2,0,0.108235
3150,1960-05-28,4,3,0,0.108193
3151,1960-06-04,7,1,0,0.10815
3152,1960-06-11,9,7,0,0.108108
3153,1960-06-18,1,6,0,0.108066
3154,1960-06-25,9,2,0,0.108023
3155,1960-07-02,1,6,0,0.107981
3156,1960-07-09,3,2,0,0.107939
3157,1960-07-16,3,2,0,0.107897
3158,1960-07-23,2,2,1,0.108245
3159,1960-07-30,9,1,0,0.108203
3160,1960-08-06,6,6,1,0.108551
3161,1960-08-13,6,2,0,0.108509
3162,1960-08-20,1,2,0,0.108467
3163,1960-08-27,2,2,1,0.108814
3164,1960-09-03,2,9,0,0.108772
3165,1960-09-10,9,9,1,0.109119
3166,1960-09-17,3,6,0,0.109077
3167,1960-09-24,2,2,1,0.109424
3168,1960-10-01,4,9,0,0.109381
3169,1960-10-08,8,1,0,0.109339
3170,1960-10-15,7,3,0,0.109296
3171,1960-10-22,2,7,0,0.109253
3172,1960-10-29,3,9,0,0.109211
3173,1960-11-07,6,2,0,0.109169
3174,1960-11-12,6,2,0,0.109126
3175,1960-11-19,8,2,0,0.109084
3176,1960-11-26,7,3,0,0.109042
3177,1960-12-03,6,7,0,0.108999
3178,1960-12-10,4,2,0,0.108957
3179,1960-12-17,2,1,0,0.108915
3180,1960-12-24,7,9,0,0.108873
3181,1960-12-31,2,7,0,0.10883
3182,1961-01-09,2,9,0,0.108788
3183,1961-01-14,9,9,1,0.109133
3184,1961-01-21,4,6,0,0.109091
3185,1961-01-28,2,1,0,0.109049
3186,1961-02-04,7,9,0,0.109007
3187,1961-02-11,8,7,0,0.108964
3188,1961-02-18,2,3,0,0.108922
3189,1961-02-25,8,9,0,0.10888
3190,1961-03-04,6,3,0,0.108838
3191,1961-03-11,9,2,0,0.108796
3192,1961-03-18,9,6,0,0.108754
3193,1961-03-25,4,6,0,0.108712
3194,1961-04-01,6,1,0,0.108671
3195,1961-04-08,4,2,0,0.108629
3196,1961-04-15,8,1,0,0.108587
3197,1961-04-22,8,3,0,0.108545
3198,1961-04-29,1,3,0,0.108503
3199,1961-05-06,5,2,0,0.108462
3200,1961-05-13,6,9,0,0.10842
3201,1961-05-20,7,2,0,0.108378
3202,1961-05-27,7,7,1,0.108721
3203,1961-06-05,1,7,0,0.108679
3204,1961-06-17,7,2,0,0.108637
3205,1961-06-24,3,7,0,0.108596
3206,1961-07-01,2,2,1,0.108937
3207,1961-07-08,4,9,0,0.108896
3208,1961-07-15,6,1,0,0.108854
3209,1961-07-22,9,2,0,0.108812
3210,1961-07-29,8,6,0,0.108771
3211,1961-08-05,1,3,0,0.108729
3212,1961-08-12,4,2,0,0.108687
3213,1961-08-19,2,1,0,0.108646
3214,1961-08-26,5,9,0,0.108604
3215,1961-09-02,1,9,0,0.108563
3216,1961-09-09,2,2,1,0.108903
3217,1961-09-16,6,9,0,0.108862
3218,1961-09-23,5,2,0,0.10882
3219,1961-09-30,8,9,0,0.108779
3220,1961-10-07,9,3,0,0.108737
3221,1961-10-14,3,6,0,0.108696
3222,1961-10-21,8,2,0,0.108654
3223,1961-10-28,6,3,0,0.108613
3224,1961-11-06,2,2,1,0.108952
3225,1961-11-11,8,9,0,0.108911
3226,1961-11-18,6,3,0,0.108869
3227,1961-11-25,7,2,0,0.108828
3228,1961-12-02,7,7,1,0.109167
3229,1961-12-11,2,7,0,0.109125
3230,1961-12-16,3,9,0,0.109084
3231,1961-12-23,3,2,0,0.109043
3232,1961-12-30,8,2,0,0.109001
3233,1962-01-06,5,3,0,0.10896
3234,1962-01-13,3,9,0,0.108918
3235,1962-01-20,6,2,0,0.108877
3236,1962-01-27,8,2,0,0.108836
3237,1962-02-03,3,3,1,0.109174
3238,1962-02-10,2,2,1,0.109511
3239,1962-02-17,8,9,0,0.10947
3240,1962-02-24,8,3,0,0.109428
3241,1962-03-03,8,3,0,0.109387
3242,1962-03-10,5,3,0,0.109345
3243,1962-03-17,4,9,0,0.109304
3244,1962-03-24,9,1,0,0.109263
3245,1962-03-31,6,6,1,0.109599
3246,1962-04-07,3,2,0,0.109558
3247,1962-04-14,3,2,0,0.109517
3248,1962-04-21,6,2,0,0.109475
3249,1962-04-28,7,2,0,0.109434
3250,1962-05-05,2,7,0,0.109393
3251,1962-05-12,8,9,0,0.109351
3252,1962-05-19,2,3,0,0.10931
3253,1962-05-26,9,9,1,0.109646
3254,1962-06-02,4,6,0,0.109605
3255,1962-06-09,3,1,0,0.109563
3256,1962-06-16,1,2,0,0.109522
3257,1962-06-23,1,2,0,0.109481
3258,1962-06-30,8,2,0,0.10944
3259,1962-07-07,2,3,0,0.109398
3260,1962-07-14,9,9,1,0.109733
3261,1962-07-21,1,6,0,0.109692
3262,1962-07-28,8,2,0,0.109651
3263,1962-08-04,8,3,0,0.10961
3264,1962-08-11,5,3,0,0.109568
3265,1962-08-18,9,9,1,0.109902
3266,1962-08-25,4,6,0,0.109861
3267,1962-09-01,5,1,0,0.10982
3268,1962-09-08,3,9,0,0.109779
3269,1962-09-15,3,2,0,0.109738
3270,1962-09-22,2,2,1,0.110071
3271,1962-09-29,8,9,0,0.11003
3272,1962-10-06,5,3,0,0.109989
3273,1962-10-13,1,9,0,0.109948
3274,1962-10-20,5,2,0,0.109907
3275,1962-10-27,6,9,0,0.109865
3276,1962-11-03,1,2,0,0.109824
3277,1962-11-10,8,2,0,0.109783
3278,1962-11-17,1,3,0,0.109742
3279,1962-11-24,6,2,0,0.109701
3280,1962-12-01,3,2,0,0.109661
3281,1962-12-08,6,2,0,0.10962
3282,1962-12-15,3,2,0,0.109579
3283,1962-12-22,1,2,0,0.109538
3284,1962-12-29,7,2,0,0.109497
3285,1963-01-05,4,7,0,0.109456
3286,1963-01-12,5,1,0,0.109416
3287,1963-01-19,1,9,0,0.109375
3288,1963-01-26,3,2,0,0.109334
3289,1963-02-02,7,2,0,0.109294
3290,1963-02-09,8,7,0,0.109253
3291,1963-02-16,8,3,0,0.109212
3292,1963-02-23,8,3,0,0.109172
3293,1963-03-02,1,8,0,0.109131
3294,1963-03-09,8,2,0,0.109091
3295,1963-03-16,4,8,0,0.10905
3296,1963-03-23,8,1,0,0.10901
3297,1963-03-30,3,8,0,0.10897
3298,1963-04-06,1,2,0,0.108929
3299,1963-04-13,3,2,0,0.108889
3300,1963-04-20,3,2,0,0.108849
3301,1963-04-27,4,2,0,0.108808
3302,1963-05-04,7,1,0,0.108768
3303,1963-05-11,9,7,0,0.108728
3304,1963-05-18,6,6,1,0.109057
3305,1963-05-25,1,2,0,0.109017
3306,1963-06-01,9,2,0,0.108977
3307,1963-06-08,1,6,0,0.108936
3308,1963-06-15,3,2,0,0.108896
3309,1963-06-22,8,2,0,0.108856
3310,1963-07-01,3,3,1,0.109185
3311,1963-07-06,2,2,1,0.109513
3312,1963-07-13,9,9,1,0.109842
3313,1963-07-20,8,6,0,0.109801
3314,1963-07-27,1,3,0,0.109761
3315,1963-08-03,4,2,0,0.10972
3316,1963-08-10,8,1,0,0.10968
3317,1963-08-17,6,3,0,0.109639
3318,1963-08-24,6,2,0,0.109599
3319,1963-08-31,9,2,0,0.109559
3320,1963-09-07,3,6,0,0.109519
3321,1963-09-14,5,2,0,0.109478
3322,1963-09-21,6,9,0,0.109438
3323,1963-09-28,7,2,0,0.109398
3324,1963-10-05,2,7,0,0.109358
3325,1963-10-12,7,9,0,0.109318
3326,1963-10-19,6,2,0,0.109278
3327,1963-10-26,9,2,0,0.109238
3328,1963-11-02,3,6,0,0.109198
3329,1963-11-09,7,2,0,0.109158
3330,1963-11-16,8,2,0,0.109118
3331,1963-11-23,9,3,0,0.109078
3332,1963-11-30,1,6,0,0.109038
3333,1963-12-07,7,2,0,0.108998
3334,1963-12-14,8,2,0,0.108958
3335,1963-12-21,8,3,0,0.108918
3336,1963-12-28,7,3,0,0.108878
3337,1964-01-04,6,2,0,0.108839
3338,1964-01-11,8,2,0,0.108799
3339,1964-01-18,4,3,0,0.108759
3340,1964-01-25,8,1,0,0.108719
3341,1964-02-01,4,3,0,0.10868
3342,1964-02-08,1,1,1,0.109005
3343,1964-02-15,2,2,1,0.109329
3344,1964-02-22,3,9,0,0.10929
3345,1964-02-29,2,2,1,0.109614
3346,1964-03-07,1,9,0,0.109574
3347,1964-03-14,2,2,1,0.109898
3348,1964-03-21,7,9,0,0.109858
3349,1964-03-28,2,2,1,0.110182
3350,1964-04-07,7,9,0,0.110142
3351,1964-04-11,5,2,0,0.110102
3352,1964-04-18,1,9,0,0.110062
3353,1964-04-27,7,2,0,0.110022
3354,1964-05-04,4,2,0,0.109982
3355,1964-05-09,4,1,0,0.109942
3356,1964-05-16,4,1,0,0.109902
3357,1964-05-23,8,1,0,0.109862
3358,1964-05-30,2,3,0,0.109822
3359,1964-06-06,9,9,1,0.110145
3360,1964-06-13,2,6,0,0.110105
3361,1964-06-20,5,9,0,0.110065
3362,1964-06-27,6,9,0,0.110025
3363,1964-07-04,8,2,0,0.109986
3364,1964-07-11,1,3,0,0.109946
3365,1964-07-18,7,2,0,0.109906
3366,1964-07-25,7,2,0,0.109866
3367,1964-08-01,7,2,0,0.109827
3368,1964-08-08,1,7,0,0.109787
3369,1964-08-17,4,2,0,0.109747
3370,1964-08-22,9,1,0,0.109708
3371,1964-08-29,8,6,0,0.109668
3372,1964-09-05,9,3,0,0.109629
3373,1964-09-12,4,6,0,0.109589
3374,1964-09-19,5,1,0,0.10955
3375,1964-09-26,4,9,0,0.10951
3376,1964-10-03,1,1,1,0.109831
3377,1964-10-10,5,2,0,0.109791
3378,1964-10-17,3,9,0,0.109752
3379,1964-10-24,5,2,0,0.109712
3380,1964-10-31,4,9,0,0.109673
3381,1964-11-07,3,1,0,0.109633
3382,1964-11-14,2,2,1,0.109953
3383,1964-11-21,4,9,0,0.109914
3384,1964-11-28,2,1,0,0.109874
3385,1964-12-05,2,9,0,0.109835
3386,1964-12-12,2,9,0,0.109795
3387,1964-12-19,4,9,0,0.109756
3388,1964-12-28,5,1,0,0.109717
3389,1965-01-02,4,9,0,0.109677
3390,1965-01-09,5,1,0,0.109638
3391,1965-01-16,4,9,0,0.109599
3392,1965-01-23,2,1,0,0.10956
3393,1965-01-30,9,9,1,0.109878
3394,1965-02-06,5,6,0,0.109839
3395,1965-02-13,2,9,0,0.1098
3396,1965-02-20,1,9,0,0.10976
3397,1965-02-27,7,2,0,0.109721
3398,1965-03-06,3,7,0,0.109682
3399,1965-03-13,4,2,0,0.109643
3400,1965-03-20,9,1,0,0.109604
3401,1965-03-27,8,6,0,0.109565
3402,1965-04-03,4,3,0,0.109526
3403,1965-04-10,7,1,0,0.109486
3404,1965-04-17,6,7,0,0.109447
3405,1965-04-24,8,2,0,0.109408
3406,1965-04-30,3,3,1,0.109726
3407,1965-05-08,4,2,0,0.109687
3408,1965-05-15,3,1,0,0.109648
3409,1965-05-22,5,2,0,0.109609
3410,1965-05-29,3,9,0,0.10957
3411,1965-06-05,1,2,0,0.109531
3412,1965-06-12,9,2,0,0.109492
3413,1965-06-19,9,6,0,0.109453
3414,1965-06-26,1,6,0,0.109414
3415,1965-07-03,8,2,0,0.109375
3416,1965-07-10,8,3,0,0.109336
3417,1965-07-17,8,3,0,0.109297
3418,1965-07-24,4,8,0,0.109259
3419,1965-07-31,8,1,0,0.10922
3420,1965-08-07,1,8,0,0.109181
3421,1965-08-14,8,2,0,0.109142
3422,1965-08-21,5,8,0,0.109104
3423,1965-08-28,1,9,0,0.109065
3424,1965-09-04,2,2,1,0.109381
3425,1965-09-11,5,9,0,0.109342
3426,1965-09-18,2,9,0,0.109303
3427,1965-09-25,9,9,1,0.109618
3428,1965-10-02,1,6,0,0.109579
3429,1965-10-09,6,2,0,0.109541
3430,1965-10-16,6,2,0,0.109502
3431,1965-10-23,3,2,0,0.109463
3432,1965-10-30,2,2,1,0.109778
3433,1965-11-06,7,9,0,0.109739
3434,1965-11-13,3,7,0,0.1097
3435,1965-11-20,4,2,0,0.109661
3436,1965-11-27,3,1,0,0.109623
3437,1965-12-04,2,2,1,0.109937
3438,1965-12-11,2,9,0,0.109898
3439,1965-12-18,5,9,0,0.109859
3440,1965-12-24,1,9,0,0.10982
3441,1966-01-03,4,2,0,0.109782
3442,1966-01-08,7,1,0,0.109743
3443,1966-01-15,9,7,0,0.109705
3444,1966-01-22,9,6,0,0.109666
3445,1966-01-29,5,6,0,0.109628
3446,1966-02-05,2,9,0,0.109589
3447,1966-02-12,8,9,0,0.109551
3448,1966-02-19,4,8,0,0.109512
3449,1966-02-26,3,1,0,0.109474
3450,1966-03-05,3,2,0,0.109435
3451,1966-03-12,9,2,0,0.109397
3452,1966-03-19,6,6,1,0.109709
3453,1966-03-26,4,2,0,0.109671
3454,1966-04-02,3,1,0,0.109632
3455,1966-04-09,6,2,0,0.109594
3456,1966-04-16,4,2,0,0.109555
3457,1966-04-23,6,1,0,0.109517
3458,1966-04-30,1,2,0,0.109479
3459,1966-05-07,2,2,1,0.10979
3460,1966-05-14,4,9,0,0.109752
3461,1966-05-21,8,1,0,0.109713
3462,1966-05-28,3,8,0,0.109675
3463,1966-06-04,1,2,0,0.109637
3464,1966-06-11,3,2,0,0.109599
3465,1966-06-18,7,2,0,0.10956
3466,1966-06-25,2,7,0,0.109522
3467,1966-07-02,7,9,0,0.109484
3468,1966-07-09,9,2,0,0.109446
3469,1966-07-16,2,6,0,0.109408
3470,1966-07-23,5,9,0,0.10937
3471,1966-07-30,2,9,0,0.109331
3472,1966-08-06,1,9,0,0.109293
3473,1966-08-13,7,2,0,0.109255
3474,1966-08-20,8,2,0,0.109217
3475,1966-08-27,6,3,0,0.109179
3476,1966-09-03,1,2,0,0.109141
3477,1966-09-10,4,2,0,0.109104
3478,1966-09-17,9,1,0,0.109066
3479,1966-09-24,2,6,0,0.109028
3480,1966-10-01,9,9,1,0.109337
3481,1966-10-08,4,6,0,0.109299
3482,1966-10-15,8,1,0,0.109261
3483,1966-10-22,8,3,0,0.109223
3484,1966-10-29,9,8,0,0.109185
3485,1966-11-05,3,6,0,0.109148
3486,1966-11-12,8,2,0,0.10911
3487,1966-11-19,8,8,1,0.109418
3488,1966-11-26,9,8,0,0.10938
3489,1966-12-03,6,6,1,0.109689
3490,1966-12-10,2,2,1,0.109997
3491,1966-12-17,1,9,0,0.109959
3492,1966-12-24,8,2,0,0.10992
3493,1966-12-31,4,8,0,0.109883
3494,1967-01-07,4,1,0,0.109845
3495,1967-01-14,7,1,0,0.109807
3496,1967-01-21,3,2,0,0.109769
3497,1967-01-28,6,2,0,0.109731
3498,1967-02-04,2,2,1,0.110038
3499,1967-02-11,8,9,0,0.11
3500,1967-02-18,8,8,1,0.110307
3501,1967-02-25,6,8,0,0.110269
3502,1967-03-04,7,2,0,0.110231
3503,1967-03-11,1,2,0,0.110193
3504,1967-03-18,2,2,1,0.110499
3505,1967-03-25,4,9,0,0.110461
3506,1967-04-01,2,1,0,0.110423
3507,1967-04-08,7,9,0,0.110385
3508,1967-04-15,4,2,0,0.110347
3509,1967-04-22,4,1,0,0.110309
3510,1967-04-29,9,1,0,0.110271
3511,1967-05-06,1,6,0,0.110234
3512,1967-05-13,6,2,0,0.110196
3513,1967-05-20,1,2,0,0.110158
3514,1967-05-27,1,2,0,0.11012
3515,1967-06-03,6,2,0,0.110082
3516,1967-06-10,1,2,0,0.110045
3517,1967-06-17,3,2,0,0.110007
3518,1967-06-24,8,2,0,0.109969
3519,1967-07-01,3,8,0,0.109932
3520,1967-07-08,5,2,0,0.109894
3521,1967-07-15,4,9,0,0.109856
3522,1967-07-22,6,1,0,0.109819
3523,1967-07-29,9,2,0,0.109781
3524,1967-08-05,2,6,0,0.109744
3525,1967-08-12,6,9,0,0.109706
3526,1967-08-19,4,2,0,0.109669
3527,1967-08-26,6,1,0,0.109631
3528,1967-09-02,4,2,0,0.109594
3529,1967-09-09,1,1,1,0.109898
3530,1967-09-16,1,2,0,0.10986
3531,1967-09-23,2,2,1,0.110164
3532,1967-09-30,9,9,1,0.110467
3533,1967-10-07,5,6,0,0.110429
3534,1967-10-16,7,4,0,0.110392
3535,1967-10-21,8,2,0,0.110354
3536,1967-10-27,7,8,0,0.110317
3537,1967-11-06,4,2,0,0.110279
3538,1967-11-11,6,1,0,0.110242
3539,1967-11-18,3,2,0,0.110204
3540,1967-11-25,1,2,0,0.110167
3541,1967-12-02,3,2,0,0.110129
3542,1967-12-09,6,2,0,0.110092
3543,1967-12-16,6,2,0,0.110054
3544,1967-12-23,8,2,0,0.110017
3545,1967-12-30,2,8,0,0.10998
3546,1968-01-05,5,9,0,0.109942
3547,1968-01-13,6,4,0,0.109905
3548,1968-01-20,4,2,0,0.109868
3549,1968-01-27,9,1,0,0.109831
3550,1968-02-03,1,6,0,0.109793
3551,1968-02-10,9,2,0,0.109756
3552,1968-02-17,7,6,0,0.109719
3553,1968-02-24,7,2,0,0.109682
3554,1968-03-02,4,7,0,0.109645
3555,1968-03-09,7,1,0,0.109608
3556,1968-03-16,2,7,0,0.109571
3557,1968-03-23,4,9,0,0.109533
3558,1968-03-30,9,1,0,0.109496
3559,1968-04-06,2,6,0,0.109459
3560,1968-04-13,1,9,0,0.109422
3561,1968-04-20,8,2,0,0.109386
3562,1968-04-27,3,8,0,0.109349
3563,1968-05-04,6,2,0,0.109312
3564,1968-05-11,6,2,0,0.109275
3565,1968-05-18,1,2,0,0.109238
3566,1968-05-25,3,2,0,0.109201
3567,1968-06-01,1,2,0,0.109164
3568,1968-06-08,1,2,0,0.109128
3569,1968-06-15,4,2,0,0.109091
3570,1968-06-22,1,1,1,0.109391
3571,1968-06-28,2,2,1,0.10969
3572,1968-07-06,4,9,0,0.109654
3573,1968-07-13,2,1,0,0.109617
3574,1968-07-20,1,9,0,0.10958
3575,1968-07-27,9,2,0,0.109543
3576,1968-08-03,3,6,0,0.109506
3577,1968-08-10,7,2,0,0.109469
3578,1968-08-17,5,2,0,0.109433
3579,1968-08-24,7,4,0,0.109396
3580,1968-08-31,8,2,0,0.109359
3581,1968-09-07,6,8,0,0.109323
3582,1968-09-14,3,2,0,0.109286
3583,1968-09-21,2,2,1,0.109584
3584,1968-09-28,1,9,0,0.109548
3585,1968-10-05,9,2,0,0.109511
3586,1968-10-12,9,6,0,0.109474
3587,1968-10-19,8,6,0,0.109438
3588,1968-10-26,5,8,0,0.109401
3589,1968-11-02,6,4,0,0.109365
3590,1968-11-09,3,2,0,0.109328
3591,1968-11-16,3,2,0,0.109291
3592,1968-11-23,6,2,0,0.109255
3593,1968-11-30,6,2,0,0.109218
3594,1968-12-07,2,2,1,0.109516
3595,1968-12-14,4,9,0,0.109479
3596,1968-12-21,1,1,1,0.109776
3597,1968-12-28,1,2,0,0.10974
3598,1969-01-04,9,2,0,0.109703
3599,1969-01-11,9,6,0,0.109667
3600,1969-01-18,7,6,0,0.10963
3601,1969-01-25,3,2,0,0.109594
3602,1969-02-01,4,2,0,0.109557
3603,1969-02-08,7,1,0,0.109521
3604,1969-02-15,3,2,0,0.109484
3605,1969-02-22,7,2,0,0.109448
3606,1969-03-01,6,2,0,0.109411
3607,1969-03-08,4,2,0,0.109375
3608,1969-03-15,5,1,0,0.109339
3609,1969-03-22,2,4,0,0.109302
3610,1969-03-29,5,9,0,0.109266
3611,1969-04-05,5,4,0,0.10923
3612,1969-04-12,5,4,0,0.109193
3613,1969-04-19,4,4,1,0.109489
3614,1969-04-26,6,1,0,0.109453
3615,1969-05-03,9,2,0,0.109416
3616,1969-05-10,5,6,0,0.10938
3617,1969-05-17,2,4,0,0.109344
3618,1969-05-24,3,9,0,0.109308
3619,1969-05-31,9,2,0,0.109272
3620,1969-06-07,8,6,0,0.109235
3621,1969-06-14,5,8,0,0.109199
3622,1969-06-21,7,4,0,0.109163
3623,1969-06-28,1,2,0,0.109127
3624,1969-07-05,6,2,0,0.109091
3625,1969-07-12,6,2,0,0.109055
3626,1969-07-19,6,2,0,0.109019
3627,1969-07-26,2,2,1,0.109313
3628,1969-08-02,8,9,0,0.109277
3629,1969-08-09,9,8,0,0.109241
3630,1969-08-16,5,6,0,0.109205
3631,1969-08-23,6,4,0,0.109169
3632,1969-08-30,6,2,0,0.109133
3633,1969-09-06,7,2,0,0.109097
3634,1969-09-13,5,2,0,0.109061
3635,1969-09-20,8,4,0,0.109025
3636,1969-09-27,5,8,0,0.108989
3637,1969-10-04,2,4,0,0.108953
3638,1969-10-11,9,9,1,0.109246
3639,1969-10-18,8,6,0,0.109211
3640,1969-10-25,6,8,0,0.109175
3641,1969-10-31,1,2,0,0.109139
3642,1969-11-08,7,2,0,0.109103
3643,1969-11-15,9,2,0,0.109067
3644,1969-11-22,1,6,0,0.109031
3645,1969-11-29,7,2,0,0.108995
3646,1969-12-06,2,2,1,0.109288
3647,1969-12-13,4,9,0,0.109252
3648,1969-12-20,7,1,0,0.109216
3649,1969-12-27,8,2,0,0.10918
3650,1970-01-03,8,8,1,0.109472
3651,1970-01-10,6,8,0,0.109436
3652,1970-01-17,2,2,1,0.109728
3653,1970-01-24,1,9,0,0.109692
3654,1970-01-31,8,2,0,0.109656
3655,1970-02-07,1,8,0,0.10962
3656,1970-02-14,1,2,0,0.109585
3657,1970-02-21,8,2,0,0.109549
3658,1970-02-28,8,8,1,0.10984
3659,1970-03-07,7,8,0,0.109804
3660,1970-03-14,4,2,0,0.109768
3661,1970-03-21,6,1,0,0.109732
3662,1970-03-28,3,2,0,0.109696
3663,1970-04-04,4,2,0,0.109661
3664,1970-04-11,6,1,0,0.109625
3665,1970-04-18,5,2,0,0.109589
3666,1970-04-25,9,4,0,0.109553
3667,1970-05-02,4,6,0,0.109518
3668,1970-05-09,1,1,1,0.109808
3669,1970-05-16,3,2,0,0.109772
3670,1970-05-23,3,2,0,0.109736
3671,1970-05-30,6,2,0,0.109701
3672,1970-06-06,6,2,0,0.109665
3673,1970-06-13,6,2,0,0.109629
3674,1970-06-20,9,2,0,0.109593
3675,1970-06-27,1,6,0,0.109558
3676,1970-07-04,2,2,1,0.109847
3677,1970-07-11,8,9,0,0.109812
3678,1970-07-18,4,8,0,0.109776
3679,1970-07-25,6,1,0,0.10974
3680,1970-08-01,2,2,1,0.110029
3681,1970-08-08,1,9,0,0.109994
3682,1970-08-15,5,2,0,0.109958
3683,1970-08-22,4,4,1,0.110246
3684,1970-08-29,5,1,0,0.110211
3685,1970-09-05,9,4,0,0.110175
3686,1970-09-12,8,6,0,0.110139
3687,1970-09-19,8,8,1,0.110427
3688,1970-09-26,5,8,0,0.110392
3689,1970-10-03,2,4,0,0.110356
3690,1970-10-10,5,9,0,0.11032
3691,1970-10-17,5,4,0,0.110285
3692,1970-10-24,9,4,0,0.110249
3693,1970-10-31,1,6,0,0.110213
3694,1970-11-07,6,2,0,0.110178
3695,1970-11-14,7,2,0,0.110142
3696,1970-11-21,6,2,0,0.110107
3697,1970-11-28,6,2,0,0.110071
3698,1970-12-05,2,2,1,0.110358
3699,1970-12-12,9,9,1,0.110645
3700,1970-12-19,2,6,0,0.110609
3701,1970-12-28,2,9,0,0.110574
3702,1971-01-02,1,9,0,0.110538
3703,1971-01-09,8,2,0,0.110503
3704,1971-01-16,5,8,0,0.110467
3705,1971-01-23,3,9,0,0.110431
3706,1971-01-30,9,2,0,0.110396
3707,1971-02-06,5,6,0,0.11036
3708,1971-02-13,4,9,0,0.110325
3709,1971-02-20,7,1,0,0.110289
3710,1971-02-27,2,2,1,0.110575
3711,1971-03-06,8,9,0,0.11054
3712,1971-03-13,6,8,0,0.110504
3713,1971-03-20,2,2,1,0.11079
3714,1971-03-27,7,9,0,0.110754
3715,1971-04-03,2,2,1,0.11104
3716,1971-04-10,3,9,0,0.111004
3717,1971-04-17,5,2,0,0.110969
3718,1971-04-24,5,4,0,0.110933
3719,1971-05-01,2,4,0,0.110897
3720,1971-05-08,5,9,0,0.110862
3721,1971-05-15,2,4,0,0.110826
3722,1971-05-22,1,9,0,0.110791
3723,1971-05-29,3,2,0,0.110755
3724,1971-06-05,1,2,0,0.11072
3725,1971-06-12,3,2,0,0.110685
3726,1971-06-19,3,2,0,0.110649
3727,1971-06-26,8,2,0,0.110614
3728,1971-07-03,8,8,1,0.110898
3729,1971-07-10,9,8,0,0.110863
3730,1971-07-17,7,6,0,0.110827
3731,1971-07-24,7,2,0,0.110792
3732,1971-07-31,1,2,0,0.110756
3733,1971-08-07,1,2,0,0.110721
3734,1971-08-14,6,2,0,0.110686
3735,1971-08-21,8,2,0,0.110651
3736,1971-08-28,7,8,0,0.110615
3737,1971-09-04,6,2,0,0.11058
3738,1971-09-11,2,2,1,0.110863
3739,1971-09-18,8,9,0,0.110828
3740,1971-09-25,1,8,0,0.110793
3741,1971-10-02,6,2,0,0.110757
3742,1971-10-09,6,2,0,0.110722
3743,1971-10-16,1,2,0,0.110687
3744,1971-10-23,1,2,0,0.110652
3745,1971-10-30,1,2,0,0.110617
3746,1971-11-06,8,2,0,0.110582
3747,1971-11-13,3,8,0,0.110546
3748,1971-11-20,7,2,0,0.110511
3749,1971-11-27,1,2,0,0.110476
3750,1971-12-04,3,2,0,0.110441
3751,1971-12-11,2,2,1,0.110723
3752,1971-12-18,4,9,0,0.110688
3753,1971-12-25,3,1,0,0.110653
3754,1972-01-01,3,2,0,0.110618
3755,1972-01-08,2,2,1,0.1109
3756,1972-01-15,9,9,1,0.111182
3757,1972-01-22,9,6,0,0.111146
3758,1972-01-29,7,6,0,0.111111
3759,1972-02-05,6,2,0,0.111076
3760,1972-02-12,2,2,1,0.111357
3761,1972-02-19,9,9,1,0.111638
3762,1972-02-26,5,6,0,0.111603
3763,1972-03-04,5,4,0,0.111568
3764,1972-03-11,1,4,0,0.111532
3765,1972-03-18,3,2,0,0.111497
3766,1972-03-25,8,2,0,0.111462
3767,1972-04-01,5,8,0,0.111427
3768,1972-04-08,5,4,0,0.111392
3769,1972-04-15,2,4,0,0.111356
3770,1972-04-22,4,9,0,0.111321
3771,1972-04-29,1,1,1,0.111602
3772,1972-05-06,7,3,0,0.111566
3773,1972-05-13,7,2,0,0.111531
3774,1972-05-20,5,2,0,0.111496
3775,1972-05-27,2,4,0,0.111461
3776,1972-06-03,8,9,0,0.111426
3777,1972-06-10,4,8,0,0.111391
3778,1972-06-17,7,1,0,0.111356
3779,1972-06-24,8,2,0,0.111321
3780,1972-07-01,7,8,0,0.111286
3781,1972-07-08,2,2,1,0.111565
3782,1972-07-15,2,9,0,0.11153
3783,1972-07-22,9,9,1,0.111809
3784,1972-07-29,7,6,0,0.111774
3785,1972-08-05,5,2,0,0.111739
3786,1972-08-12,3,4,0,0.111704
3787,1972-08-19,1,2,0,0.111669
3788,1972-08-26,8,3,0,0.111634
3789,1972-09-02,2,8,0,0.111599
3790,1972-09-09,6,9,0,0.111564
3791,1972-09-16,4,2,0,0.111529
3792,1972-09-23,6,1,0,0.111494
3793,1972-09-30,1,2,0,0.111459
3794,1972-10-07,2,3,0,0.111424
3795,1972-10-14,6,9,0,0.111389
3796,1972-10-21,9,2,0,0.111354
3797,1972-10-28,5,6,0,0.11132
3798,1972-11-04,8,4,0,0.111285
3799,1972-11-11,2,8,0,0.11125
3800,1972-11-18,4,9,0,0.111215
3801,1972-11-25,7,1,0,0.111181
3802,1972-12-02,6,2,0,0.111146
3803,1972-12-09,3,2,0,0.111111
3804,1972-12-16,6,2,0,0.111076
3805,1972-12-23,9,2,0,0.111042
3806,1972-12-30,2,6,0,0.111007
3807,1973-01-06,6,9,0,0.110973
3808,1973-01-13,2,2,1,0.11125
3809,1973-01-20,1,9,0,0.111215
3810,1973-01-27,8,2,0,0.11118
3811,1973-02-03,3,8,0,0.111146
3812,1973-02-10,7,2,0,0.111111
3813,1973-02-17,5,2,0,0.111077
3814,1973-02-24,4,4,1,0.111353
3815,1973-03-03,6,1,0,0.111318
3816,1973-03-10,8,2,0,0.111284
3817,1973-03-17,5,8,0,0.111249
3818,1973-03-24,6,4,0,0.111215
3819,1973-03-31,1,2,0,0.11118
3820,1973-04-07,5,2,0,0.111146
3821,1973-04-14,8,4,0,0.111111
3822,1973-04-21,7,8,0,0.111077
3823,1973-04-28,3,2,0,0.111042
3824,1973-05-05,8,2,0,0.111008
3825,1973-05-12,5,8,0,0.110973
3826,1973-05-19,9,4,0,0.110939
3827,1973-05-26,3,6,0,0.110905
3828,1973-06-02,9,2,0,0.11087
3829,1973-06-09,4,6,0,0.110836
3830,1973-06-16,4,1,0,0.110802
3831,1973-06-23,9,1,0,0.110767
3832,1973-06-30,7,6,0,0.110733
3833,1973-07-07,6,2,0,0.110699
3834,1973-07-14,7,2,0,0.110665
3835,1973-07-21,4,2,0,0.11063
3836,1973-07-28,4,1,0,0.110596
3837,1973-08-04,2,1,0,0.110562
3838,1973-08-11,7,9,0,0.110528
3839,1973-08-18,2,2,1,0.110802
3840,1973-08-25,7,9,0,0.110768
3841,1973-09-01,4,2,0,0.110734
3842,1973-09-08,2,1,0,0.1107
3843,1973-09-15,1,9,0,0.110666
3844,1973-09-22,5,2,0,0.110632
3845,1973-09-29,5,4,0,0.110598
3846,1973-10-06,6,4,0,0.110564
3847,1973-10-13,2,2,1,0.110837
3848,1973-10-20,3,9,0,0.110803
3849,1973-10-27,1,2,0,0.110769
3850,1973-11-03,7,2,0,0.110735
3851,1973-11-10,6,2,0,0.110701
3852,1973-11-17,1,2,0,0.110667
3853,1973-11-24,6,2,0,0.110633
3854,1973-12-01,5,2,0,0.110599
3855,1973-12-08,4,4,1,0.110872
3856,1973-12-15,5,1,0,0.110838
3857,1973-12-22,7,4,0,0.110804
3858,1973-12-29,3,2,0,0.11077
3859,1974-01-05,5,2,0,0.110736
3860,1974-01-12,3,4,0,0.110702
3861,1974-01-19,7,2,0,0.110668
3862,1974-01-26,9,2,0,0.110634
3863,1974-02-02,5,6,0,0.1106
3864,1974-02-09,9,4,0,0.110567
3865,1974-02-16,6,6,1,0.110839
3866,1974-02-23,1,2,0,0.110805
3867,1974-03-02,1,2,0,0.110771
3868,1974-03-09,4,2,0,0.110737
3869,1974-03-16,6,1,0,0.110703
3870,1974-03-23,7,2,0,0.11067
3871,1974-03-30,9,2,0,0.110636
3872,1974-04-06,3,6,0,0.110602
3873,1974-04-13,7,2,0,0.110568
3874,1974-04-20,2,2,1,0.11084
3875,1974-04-27,7,9,0,0.110806
3876,1974-05-04,3,2,0,0.110772
3877,1974-05-11,8,2,0,0.110738
3878,1974-05-18,4,8,0,0.110704
3879,1974-05-25,8,1,0,0.110671
3880,1974-06-01,5,8,0,0.110637
3881,1974-06-08,1,4,0,0.110603
3882,1974-06-15,4,2,0,0.11057
3883,1974-06-22,4,1,0,0.110536
3884,1974-06-29,6,1,0,0.110502
3885,1974-07-06,3,2,0,0.110469
3886,1974-07-13,9,2,0,0.110435
3887,1974-07-20,8,6,0,0.110401
3888,1974-07-27,5,8,0,0.110368
3889,1974-08-03,7,4,0,0.110334
3890,1974-08-10,3,2,0,0.110301
3891,1974-08-17,7,2,0,0.110267
3892,1974-08-24,6,2,0,0.110234
3893,1974-08-31,7,2,0,0.1102
3894,1974-09-07,9,2,0,0.110167
3895,1974-09-14,2,6,0,0.110133
3896,1974-09-21,9,9,1,0.110403
3897,1974-09-28,4,6,0,0.11037
3898,1974-10-05,6,6,1,0.11064
3899,1974-10-12,9,2,0,0.110606
3900,1974-10-19,8,6,0,0.110573
3901,1974-10-26,9,8,0,0.110539
3902,1974-11-02,9,6,0,0.110506
3903,1974-11-09,7,6,0,0.110472
3904,1974-11-16,7,2,0,0.110439
3905,1974-11-23,9,2,0,0.110405
3906,1974-11-30,9,6,0,0.110372
3907,1974-12-07,4,6,0,0.110339
3908,1974-12-14,5,6,0,0.110305
3909,1974-12-21,4,4,1,0.110574
3910,1974-12-28,6,6,1,0.110843
3911,1975-01-04,2,2,1,0.111111
3912,1975-01-11,9,9,1,0.111379
3913,1975-01-18,5,6,0,0.111346
3914,1975-01-25,8,4,0,0.111312
3915,1975-02-01,9,8,0,0.111279
3916,1975-02-08,8,6,0,0.111245
3917,1975-02-15,7,8,0,0.111212
3918,1975-02-22,9,2,0,0.111178
3919,1975-03-01,7,6,0,0.111145
3920,1975-03-08,7,2,0,0.111111
3921,1975-03-15,3,2,0,0.111078
3922,1975-03-22,2,2,1,0.111345
3923,1975-03-29,3,9,0,0.111312
3924,1975-04-05,9,2,0,0.111278
3925,1975-04-12,3,6,0,0.111245
3926,1975-04-19,3,2,0,0.111211
3927,1975-04-26,3,2,0,0.111178
3928,1975-05-03,1,2,0,0.111144
3929,1975-05-10,7,2,0,0.111111
3930,1975-05-17,7,2,0,0.111078
3931,1975-05-24,3,2,0,0.111044
3932,1975-05-31,9,2,0,0.111011
3933,1975-06-07,5,6,0,0.110978
3934,1975-06-14,9,4,0,0.110945
3935,1975-06-21,4,6,0,0.110911
3936,1975-06-28,5,6,0,0.110878
3937,1975-07-05,1,4,0,0.110845
3938,1975-07-12,8,2,0,0.110812
3939,1975-07-19,9,8,0,0.110778
3940,1975-07-26,4,6,0,0.110745
3941,1975-08-02,4,6,0,0.110712
3942,1975-08-09,8,6,0,0.110679
3943,1975-08-16,6,8,0,0.110646
3944,1975-08-23,4,2,0,0.110613
3945,1975-08-30,3,6,0,0.11058
3946,1975-09-06,2,2,1,0.110846
3947,1975-09-13,8,9,0,0.110812
3948,1975-09-20,3,8,0,0.110779
3949,1975-09-27,8,2,0,0.110746
3950,1975-10-04,6,8,0,0.110713
3951,1975-10-11,1,2,0,0.11068
3952,1975-10-18,3,2,0,0.110647
3953,1975-10-25,6,2,0,0.110614
3954,1975-11-01,5,2,0,0.110581
3955,1975-11-08,2,4,0,0.110548
3956,1975-11-15,8,9,0,0.110515
3957,1975-11-22,6,8,0,0.110482
3958,1975-11-29,1,2,0,0.11045
3959,1975-12-06,3,3,1,0.110714
3960,1975-12-13,4,2,0,0.110681
3961,1975-12-20,3,6,0,0.110648
3962,1975-12-27,7,2,0,0.110616
3963,1976-01-03,3,2,0,0.110583
3964,1976-01-10,1,2,0,0.11055
3965,1976-01-17,4,3,0,0.110517
3966,1976-01-24,8,6,0,0.110484
3967,1976-01-31,1,8,0,0.110451
3968,1976-02-07,3,3,1,0.110715
3969,1976-02-14,4,2,0,0.110682
3970,1976-02-21,3,6,0,0.11065
3971,1976-02-28,9,2,0,0.110617
3972,1976-03-06,1,6,0,0.110584
3973,1976-03-13,5,3,0,0.110551
3974,1976-03-20,1,4,0,0.110519
3975,1976-03-27,3,3,1,0.110782
3976,1976-04-03,5,2,0,0.110749
3977,1976-04-10,5,4,0,0.110716
3978,1976-04-17,8,4,0,0.110684
3979,1976-04-24,9,8,0,0.110651
3980,1976-05-01,9,6,0,0.110618
3981,1976-05-08,4,6,0,0.110585
3982,1976-05-15,3,6,0,0.110553
3983,1976-05-22,8,2,0,0.11052
3984,1976-05-29,5,8,0,0.110487
3985,1976-06-05,4,4,1,0.11075
3986,1976-06-12,6,6,1,0.111013
3987,1976-06-19,3,2,0,0.11098
3988,1976-06-26,8,2,0,0.110947
3989,1976-07-03,8,8,1,0.111209
3990,1976-07-10,6,8,0,0.111177
3991,1976-07-17,7,2,0,0.111144
3992,1976-07-24,6,2,0,0.111111
3993,1976-07-31,6,2,0,0.111078
3994,1976-08-07,6,2,0,0.111046
3995,1976-08-14,8,2,0,0.111013
3996,1976-08-21,8,8,1,0.111275
3997,1976-08-28,6,8,0,0.111242
3998,1976-09-04,1,2,0,0.111209
3999,1976-09-11,4,3,0,0.111176
4000,1976-09-18,6,6,1,0.111438
4001,1976-09-25,8,2,0,0.111405
4002,1976-10-02,6,8,0,0.111372
4003,1976-10-09,3,2,0,0.11134
4004,1976-10-16,9,2,0,0.111307
4005,1976-10-23,9,6,0,0.111274
4006,1976-10-30,6,6,1,0.111535
4007,1976-11-06,9,2,0,0.111502
4008,1976-11-13,9,6,0,0.11147
4009,1976-11-20,9,6,0,0.111437
4010,1976-11-27,9,9,1,0.111697
4011,1976-12-04,2,9,0,0.111665
4012,1976-12-11,7,9,0,0.111632
4013,1976-12-18,9,2,0,0.111599
4014,1976-12-25,2,9,0,0.111567
4015,1977-01-01,5,9,0,0.111534
4016,1977-01-08,9,4,0,0.111501
4017,1977-01-15,6,9,0,0.111469
4018,1977-01-22,5,2,0,0.111436
4019,1977-01-29,7,4,0,0.111404
4020,1977-02-05,7,2,0,0.111371
4021,1977-02-12,5,2,0,0.111338
4022,1977-02-19,8,4,0,0.111306
4023,1977-02-26,1,8,0,0.111273
4024,1977-03-05,4,3,0,0.111241
4025,1977-03-12,9,6,0,0.111208
4026,1977-03-19,7,9,0,0.111176
4027,1977-03-26,6,2,0,0.111144
4028,1977-04-02,8,2,0,0.111111
4029,1977-04-09,8,8,1,0.11137
4030,1977-04-16,2,8,0,0.111338
4031,1977-04-23,8,9,0,0.111305
4032,1977-04-30,2,8,0,0.111273
4033,1977-05-07,8,9,0,0.111241
4034,1977-05-14,7,8,0,0.111208
4035,1977-05-21,8,2,0,0.111176
4036,1977-05-28,2,8,0,0.111143
4037,1977-06-04,3,9,0,0.111111
4038,1977-06-11,8,2,0,0.111079
4039,1977-06-18,4,8,0,0.111047
4040,1977-06-25,3,6,0,0.111014
4041,1977-07-02,1,2,0,0.110982
4042,1977-07-09,3,3,1,0.11124
4043,1977-07-16,8,2,0,0.111208
4044,1977-07-23,1,8,0,0.111176
4045,1977-07-30,1,3,0,0.111143
4046,1977-08-06,8,3,0,0.111111
4047,1977-08-13,6,8,0,0.111079
4048,1977-08-20,1,2,0,0.111047
4049,1977-08-27,2,3,0,0.111014
4050,1977-09-03,6,9,0,0.110982
4051,1977-09-10,6,2,0,0.11095
4052,1977-09-17,1,2,0,0.110918
4053,1977-09-24,2,3,0,0.110886
4054,1977-10-01,2,9,0,0.110854
4055,1977-10-08,6,9,0,0.110822
4056,1977-10-15,7,2,0,0.11079
4057,1977-10-22,5,2,0,0.110758
4058,1977-10-29,8,4,0,0.110726
4059,1977-11-05,8,8,1,0.110983
4060,1977-11-12,1,8,0,0.110951
4061,1977-11-19,8,3,0,0.110919
4062,1977-11-26,8,8,1,0.111175
4063,1977-12-03,2,8,0,0.111143
4064,1977-12-10,1,9,0,0.111111
4065,1977-12-17,1,3,0,0.111079
4066,1977-12-24,6,3,0,0.111047
4067,1977-12-31,1,2,0,0.111015
4068,1978-01-07,6,3,0,0.110983
4069,1978-01-14,2,2,1,0.111239
4070,1978-01-21,2,9,0,0.111207
4071,1978-01-28,2,9,0,0.111175
4072,1978-02-04,4,9,0,0.111143
4073,1978-02-11,2,6,0,0.111111
4074,1978-02-18,1,9,0,0.111079
4075,1978-02-25,3,3,1,0.111335
4076,1978-03-04,8,2,0,0.111303
4077,1978-03-11,5,8,0,0.111271
4078,1978-03-18,8,4,0,0.111239
4079,1978-03-25,6,8,0,0.111207
4080,1978-04-01,6,2,0,0.111175
4081,1978-04-08,8,2,0,0.111143
4082,1978-04-15,6,8,0,0.111111
4083,1978-04-22,5,2,0,0.111079
4084,1978-04-29,3,4,0,0.111047
4085,1978-05-06,6,2,0,0.111015
4086,1978-05-13,2,2,1,0.11127
4087,1978-05-20,5,9,0,0.111239
4088,1978-05-27,4,4,1,0.111493
4089,1978-06-03,7,6,0,0.111461
4090,1978-06-10,9,2,0,0.111429
4091,1978-06-17,5,9,0,0.111397
4092,1978-06-24,7,4,0,0.111366
4093,1978-07-01,2,2,1,0.11162
4094,1978-07-08,3,9,0,0.111588
4095,1978-07-15,5,2,0,0.111556
4096,1978-07-22,4,4,1,0.11181
4097,1978-07-29,3,6,0,0.111778
4098,1978-08-05,8,2,0,0.111746
4099,1978-08-12,9,8,0,0.111714
4100,1978-08-19,1,9,0,0.111682
4101,1978-08-26,7,3,0,0.11165
4102,1978-09-02,7,2,0,0.111619
4103,1978-09-09,7,2,0,0.111587
4104,1978-09-16,8,7,0,0.111555
4105,1978-09-23,9,8,0,0.111523
4106,1978-09-30,8,9,0,0.111491
4107,1978-10-07,5,8,0,0.11146
4108,1978-10-14,2,4,0,0.111428
4109,1978-10-21,3,9,0,0.111396
4110,1978-10-28,6,2,0,0.111364
4111,1978-11-04,9,2,0,0.111333
4112,1978-11-11,5,9,0,0.111301
4113,1978-11-18,8,4,0,0.111269
4114,1978-11-25,1,8,0,0.111238
4115,1978-12-02,1,3,0,0.111206
4116,1978-12-09,2,3,0,0.111174
4117,1978-12-16,2,9,0,0.111143
4118,1978-12-23,3,9,0,0.111111
4119,1978-12-30,4,2,0,0.11108
4120,1979-01-06,6,6,1,0.111332
4121,1979-01-13,3,2,0,0.1113
4122,1979-01-20,1,2,0,0.111269
4123,1979-01-27,1,3,0,0.111237
4124,1979-02-03,1,3,0,0.111206
4125,1979-02-10,5,3,0,0.111174
4126,1979-02-17,8,4,0,0.111143
4127,1979-02-24,9,8,0,0.111111
4128,1979-03-03,1,9,0,0.11108
4129,1979-03-10,8,3,0,0.111048
4130,1979-03-17,4,8,0,0.111017
4131,1979-03-24,7,6,0,0.110985
4132,1979-03-31,4,7,0,0.110954
4133,1979-04-07,3,6,0,0.110922
4134,1979-04-14,5,2,0,0.110891
4135,1979-04-21,7,4,0,0.11086
4136,1979-04-28,6,7,0,0.110828
4137,1979-05-05,4,2,0,0.110797
4138,1979-05-12,2,6,0,0.110766
4139,1979-05-19,8,9,0,0.110734
4140,1979-05-26,5,8,0,0.110703
4141,1979-06-02,5,4,0,0.110672
4142,1979-06-09,4,4,1,0.110923
4143,1979-06-16,7,6,0,0.110892
4144,1979-06-23,7,7,1,0.111142
4145,1979-06-30,5,7,0,0.111111
4146,1979-07-07,1,4,0,0.11108
4147,1979-07-14,4,3,0,0.111048
4148,1979-07-21,7,6,0,0.111017
4149,1979-07-28,1,7,0,0.110986
4150,1979-08-04,5,3,0,0.110955
4151,1979-08-11,5,4,0,0.110923
4152,1979-08-18,7,4,0,0.110892
4153,1979-08-25,2,7,0,0.110861
4154,1979-09-01,4,9,0,0.11083
4155,1979-09-08,8,6,0,0.110799
4156,1979-09-15,8,8,1,0.111049
4157,1979-09-22,3,8,0,0.111017
4158,1979-09-29,7,2,0,0.110986
4159,1979-10-06,4,7,0,0.110955
4160,1979-10-13,7,6,0,0.110924
4161,1979-10-20,4,7,0,0.110893
4162,1979-10-27,6,6,1,0.111142
4163,1979-11-03,4,2,0,0.111111
4164,1979-11-10,2,6,0,0.11108
4165,1979-11-17,2,9,0,0.111049
4166,1979-11-24,9,9,1,0.111298
4167,1979-12-01,5,9,0,0.111267
4168,1979-12-08,2,4,0,0.111236
4169,1979-12-15,6,9,0,0.111204
4170,1979-12-22,1,2,0,0.111173
4171,1979-12-29,9,3,0,0.111142
4172,1980-01-05,1,9,0,0.111111
4173,1980-01-12,8,3,0,0.11108
4174,1980-01-19,8,8,1,0.111329
4175,1980-01-26,3,8,0,0.111298
4176,1980-02-02,6,2,0,0.111266
4177,1980-02-09,5,2,0,0.111235
4178,1980-02-16,9,4,0,0.111204
4179,1980-02-23,7,9,0,0.111173
4180,1980-03-01,4,7,0,0.111142
4181,1980-03-08,2,6,0,0.111111
4182,1980-03-15,2,9,0,0.11108
4183,1980-03-22,8,9,0,0.111049
4184,1980-03-29,7,8,0,0.111018
4185,1980-04-05,5,7,0,0.110987
4186,1980-04-12,2,4,0,0.110956
4187,1980-04-19,8,9,0,0.110925
4188,1980-04-26,4,8,0,0.110894
4189,1980-05-03,9,6,0,0.110864
4190,1980-05-10,2,9,0,0.110833
4191,1980-05-17,4,9,0,0.110802
4192,1980-05-24,6,6,1,0.111049
4193,1980-05-31,4,2,0,0.111018
4194,1980-06-07,1,6,0,0.110987
4195,1980-06-14,5,3,0,0.110957
4196,1980-06-21,8,4,0,0.110926
4197,1980-06-28,9,8,0,0.110895
4198,1980-07-05,4,9,0,0.110864
4199,1980-07-12,8,6,0,0.110833
4200,1980-07-19,8,8,1,0.11108
4201,1980-07-26,8,8,1,0.111327
4202,1980-08-02,8,8,1,0.111574
4203,1980-08-09,2,8,0,0.111543
4204,1980-08-16,2,9,0,0.111512
4205,1980-08-23,4,9,0,0.111481
4206,1980-08-30,6,6,1,0.111727
4207,1980-09-06,5,2,0,0.111696
4208,1980-09-13,3,4,0,0.111665
4209,1980-09-20,5,2,0,0.111634
4210,1980-09-27,5,4,0,0.111603
4211,1980-10-04,1,4,0,0.111573
4212,1980-10-11,3,3,1,0.111818
4213,1980-10-18,8,2,0,0.111787
4214,1980-10-25,8,8,1,0.112033
4215,1980-11-01,8,8,1,0.112279
4216,1980-11-08,4,8,0,0.112248
4217,1980-11-15,5,6,0,0.112217
4218,1980-11-22,1,4,0,0.112186
4219,1980-11-29,8,3,0,0.112155
4220,1980-12-06,8,8,1,0.1124
4221,1980-12-13,4,8,0,0.112369
4222,1980-12-20,4,6,0,0.112338
4223,1980-12-27,1,6,0,0.112307
4224,1981-01-03,8,3,0,0.112276
4225,1981-01-10,3,8,0,0.112245
4226,1981-01-17,1,2,0,0.112214
4227,1981-01-24,3,3,1,0.112459
4228,1981-01-31,6,2,0,0.112428
4229,1981-02-07,2,2,1,0.112672
4230,1981-02-14,4,9,0,0.112641
4231,1981-02-21,9,6,0,0.11261
4232,1981-02-28,1,9,0,0.112579
4233,1981-03-07,7,3,0,0.112548
4234,1981-03-14,1,7,0,0.112517
4235,1981-03-21,3,3,1,0.112761
4236,1981-03-28,1,2,0,0.11273
4237,1981-04-04,4,3,0,0.112699
4238,1981-04-11,2,6,0,0.112668
4239,1981-04-18,7,9,0,0.112637
4240,1981-04-25,6,7,0,0.112606
4241,1981-05-02,9,2,0,0.112576
4242,1981-05-09,6,9,0,0.112545
4243,1981-05-16,8,2,0,0.112514
4244,1981-05-23,6,8,0,0.112483
4245,1981-05-30,1,2,0,0.112452
4246,1981-06-06,9,3,0,0.112421
4247,1981-06-13,9,6,0,0.11239
4248,1981-06-20,3,9,0,0.11236
4249,1981-06-27,3,2,0,0.112329
4250,1981-07-04,5,2,0,0.112298
4251,1981-07-11,1,4,0,0.112267
4252,1981-07-18,4,3,0,0.112237
4253,1981-07-25,2,6,0,0.112206
4254,1981-08-01,9,9,1,0.112449
4255,1981-08-08,3,9,0,0.112418
4256,1981-08-15,5,2,0,0.112387
4257,1981-08-22,1,4,0,0.112356
4258,1981-08-29,1,3,0,0.112326
4259,1981-09-05,5,3,0,0.112295
4260,1981-09-12,7,4,0,0.112264
4261,1981-09-19,3,7,0,0.112234
4262,1981-09-26,5,2,0,0.112203
4263,1981-10-03,3,4,0,0.112172
4264,1981-10-10,4,2,0,0.112142
4265,1981-10-17,1,6,0,0.112111
4266,1981-10-24,3,3,1,0.112353
4267,1981-10-31,6,2,0,0.112323
4268,1981-11-07,2,2,1,0.112565
4269,1981-11-14,8,9,0,0.112534
4270,1981-11-21,4,8,0,0.112503
4271,1981-11-28,7,6,0,0.112473
4272,1981-12-05,3,7,0,0.112442
4273,1981-12-12,5,2,0,0.112412
4274,1981-12-19,6,4,0,0.112381
4275,1981-12-26,4,2,0,0.11235
4276,1982-01-02,6,6,1,0.112592
4277,1982-01-09,9,2,0,0.112561
4278,1982-01-16,1,9,0,0.112531
4279,1982-01-23,2,3,0,0.1125
4280,1982-01-30,1,9,0,0.112469
4281,1982-02-06,1,3,0,0.112439
4282,1982-02-13,7,3,0,0.112408
4283,1982-02-20,1,7,0,0.112378
4284,1982-02-27,2,3,0,0.112347
4285,1982-03-06,1,9,0,0.112317
4286,1982-03-13,6,3,0,0.112286
4287,1982-03-20,5,2,0,0.112256
4288,1982-03-27,7,4,0,0.112226
4289,1982-04-03,5,7,0,0.112195
4290,1982-04-10,9,4,0,0.112165
4291,1982-04-17,2,9,0,0.112134
4292,1982-04-24,3,9,0,0.112104
4293,1982-05-01,1,2,0,0.112074
4294,1982-05-08,9,3,0,0.112043
4295,1982-05-15,1,9,0,0.112013
4296,1982-05-22,1,3,0,0.111983
4297,1982-05-29,9,3,0,0.111952
4298,1982-06-05,2,9,0,0.111922
4299,1982-06-12,6,9,0,0.111892
4300,1982-06-19,6,2,0,0.111862
4301,1982-06-26,9,2,0,0.111831
4302,1982-07-03,9,9,1,0.112071
4303,1982-07-10,6,9,0,0.112041
4304,1982-07-17,7,2,0,0.112011
4305,1982-07-24,4,7,0,0.111981
4306,1982-07-31,1,6,0,0.11195
4307,1982-08-07,8,3,0,0.11192
4308,1982-08-14,8,8,1,0.11216
4309,1982-08-21,4,8,0,0.112129
4310,1982-08-28,6,6,1,0.112369
4311,1982-09-04,2,2,1,0.112608
4312,1982-09-11,6,9,0,0.112577
4313,1982-09-18,6,2,0,0.112547
4314,1982-09-25,8,2,0,0.112517
4315,1982-10-02,3,8,0,0.112487
4316,1982-10-09,6,2,0,0.112456
4317,1982-10-16,2,2,1,0.112695
4318,1982-10-23,3,9,0,0.112665
4319,1982-10-30,6,2,0,0.112634
4320,1982-11-06,8,2,0,0.112604
4321,1982-11-13,6,8,0,0.112574
4322,1982-11-20,3,2,0,0.112544
4323,1982-11-27,5,2,0,0.112513
4324,1982-12-04,6,4,0,0.112483
4325,1982-12-11,5,2,0,0.112453
4326,1982-12-18,1,4,0,0.112423
4327,1982-12-25,2,3,0,0.112393
4328,1983-01-01,6,9,0,0.112363
4329,1983-01-08,5,2,0,0.112332
4330,1983-01-15,3,4,0,0.112302
4331,1983-01-22,7,2,0,0.112272
4332,1983-01-29,5,7,0,0.112242
4333,1983-02-05,3,4,0,0.112212
4334,1983-02-12,1,2,0,0.112182
4335,1983-02-19,9,3,0,0.112152
4336,1983-02-26,9,9,1,0.11239
4337,1983-03-05,9,9,1,0.112627
4338,1983-03-12,6,9,0,0.112597
4339,1983-03-19,7,2,0,0.112567
4340,1983-03-26,8,7,0,0.112537
4341,1983-04-02,2,8,0,0.112507
4342,1983-04-09,8,9,0,0.112477
4343,1983-04-16,3,8,0,0.112447
4344,1983-04-23,2,2,1,0.112684
4345,1983-04-30,7,9,0,0.112653
4346,1983-05-07,6,7,0,0.112623
4347,1983-05-14,5,2,0,0.112593
4348,1983-05-21,3,4,0,0.112563
4349,1983-05-28,2,2,1,0.1128
4350,1983-06-04,7,9,0,0.11277
4351,1983-06-11,7,7,1,0.113006
4352,1983-06-18,2,7,0,0.112976
4353,1983-06-25,7,9,0,0.112946
4354,1983-07-02,4,7,0,0.112916
4355,1983-07-09,2,6,0,0.112886
4356,1983-07-16,4,9,0,0.112856
4357,1983-07-23,6,6,1,0.113092
4358,1983-07-30,5,2,0,0.113062
4359,1983-08-06,5,4,0,0.113032
4360,1983-08-13,6,4,0,0.113002
4361,1983-08-20,2,2,1,0.113238
4362,1983-08-27,9,9,1,0.113473
4363,1983-09-03,2,9,0,0.113443
4364,1983-09-10,3,9,0,0.113413
4365,1983-09-17,9,2,0,0.113383
4366,1983-09-24,6,9,0,0.113353
4367,1983-10-01,4,2,0,0.113323
4368,1983-10-08,1,6,0,0.113293
4369,1983-10-15,6,3,0,0.113263
4370,1983-10-22,1,2,0,0.113233
4371,1983-10-29,5,3,0,0.113203
4372,1983-11-05,8,4,0,0.113173
4373,1983-11-12,9,8,0,0.113143
4374,1983-11-19,7,9,0,0.113113
4375,1983-11-26,4,7,0,0.113083
4376,1983-12-03,9,6,0,0.113053
4377,1983-12-10,1,9,0,0.113023
4378,1983-12-17,8,3,0,0.112993
4379,1983-12-24,8,8,1,0.113228
4380,1983-12-31,4,8,0,0.113198
4381,1984-01-07,2,6,0,0.113168
4382,1984-01-14,9,9,1,0.113402
4383,1984-01-21,2,9,0,0.113372
4384,1984-01-28,3,9,0,0.113342
4385,1984-02-04,7,2,0,0.113312
4386,1984-02-11,1,7,0,0.113282
4387,1984-02-18,1,3,0,0.113252
4388,1984-02-25,2,3,0,0.113222
4389,1984-03-03,7,9,0,0.113193
4390,1984-03-10,2,7,0,0.113163
4391,1984-03-17,2,9,0,0.113133
4392,1984-03-24,1,9,0,0.113103
4393,1984-03-31,2,3,0,0.113073
4394,1984-04-07,5,9,0,0.113043
4395,1984-04-14,4,4,1,0.113277
4396,1984-04-21,4,6,0,0.113247
4397,1984-04-28,8,6,0,0.113217
4398,1984-05-05,5,8,0,0.113188
4399,1984-05-12,1,4,0,0.113158
4400,1984-05-19,5,3,0,0.113128
4401,1984-05-26,8,4,0,0.113098
4402,1984-06-02,2,8,0,0.113069
4403,1984-06-09,7,9,0,0.113039
4404,1984-06-16,2,2,1,0.113272
4405,1984-06-23,4,9,0,0.113242
4406,1984-06-30,7,6,0,0.113213
4407,1984-07-07,7,2,0,0.113183
4408,1984-07-14,1,2,0,0.113153
4409,1984-07-21,1,3,0,0.113123
4410,1984-07-28,2,3,0,0.113094
4411,1984-08-04,2,9,0,0.113064
4412,1984-08-11,4,9,0,0.113034
4413,1984-08-18,6,6,1,0.113267
4414,1984-08-25,5,2,0,0.113237
4415,1984-09-01,5,4,0,0.113208
4416,1984-09-08,3,4,0,0.113178
4417,1984-09-15,8,2,0,0.113148
4418,1984-09-22,3,8,0,0.113119
4419,1984-09-29,3,2,0,0.113089
4420,1984-10-06,3,2,0,0.113059
4421,1984-10-13,3,2,0,0.11303
4422,1984-10-20,8,2,0,0.113
4423,1984-10-27,4,8,0,0.112971
4424,1984-11-03,9,6,0,0.112941
4425,1984-11-10,6,9,0,0.112912
4426,1984-11-17,5,2,0,0.112882
4427,1984-11-24,9,4,0,0.112853
4428,1984-12-01,1,6,0,0.112823
4429,1984-12-08,7,3,0,0.112794
4430,1984-12-15,3,2,0,0.112764
4431,1984-12-22,8,2,0,0.112735
4432,1984-12-29,7,8,0,0.112705
4433,1985-01-05,3,2,0,0.112676
4434,1985-01-12,1,2,0,0.112647
4435,1985-01-19,5,3,0,0.112617
4436,1985-01-26,2,4,0,0.112588
4437,1985-02-02,6,9,0,0.112559
4438,1985-02-09,8,2,0,0.112529
4439,1985-02-16,6,8,0,0.1125
4440,1985-02-23,5,2,0,0.112471
4441,1985-03-02,1,4,0,0.112441
4442,1985-03-09,1,3,0,0.112412
4443,1985-03-16,2,3,0,0.112383
4444,1985-03-23,5,9,0,0.112354
4445,1985-03-30,4,4,1,0.112585
4446,1985-04-06,5,6,0,0.112555
4447,1985-04-13,2,4,0,0.112526
4448,1985-04-20,1,9,0,0.112497
4449,1985-04-27,1,2,0,0.112468
4450,1985-05-04,6,2,0,0.112438
4451,1985-05-11,3,2,0,0.112409
4452,1985-05-18,2,2,1,0.11264
4453,1985-05-25,2,9,0,0.11261
4454,1985-06-01,5,9,0,0.112581
4455,1985-06-08,2,4,0,0.112552
4456,1985-06-15,4,9,0,0.112523
4457,1985-06-22,4,6,0,0.112494
4458,1985-06-29,8,6,0,0.112464
4459,1985-07-06,7,8,0,0.112435
4460,1985-07-13,9,2,0,0.112406
4461,1985-07-20,7,6,0,0.112377
4462,1985-07-27,6,2,0,0.112348
4463,1985-08-03,1,2,0,0.112319
4464,1985-08-10,2,2,1,0.112549
4465,1985-08-17,7,9,0,0.112519
4466,1985-08-24,9,2,0,0.11249
4467,1985-08-31,2,6,0,0.112461
4468,1985-09-07,6,9,0,0.112432
4469,1985-09-14,7,2,0,0.112403
4470,1985-09-21,1,2,0,0.112374
4471,1985-09-28,5,2,0,0.112345
4472,1985-10-05,4,4,1,0.112574
4473,1985-10-12,5,6,0,0.112545
4474,1985-10-19,1,4,0,0.112516
4475,1985-10-26,1,2,0,0.112487
4476,1985-11-02,8,2,0,0.112458
4477,1985-11-09,6,8,0,0.112429
4478,1985-11-16,6,2,0,0.1124
4479,1985-11-23,3,2,0,0.112371
4480,1985-11-30,2,2,1,0.1126
4481,1985-12-07,3,9,0,0.112571
4482,1985-12-14,7,2,0,0.112542
4483,1985-12-21,8,2,0,0.112513
4484,1985-12-28,5,8,0,0.112484
4485,1986-01-04,1,4,0,0.112455
4486,1986-01-11,8,2,0,0.112426
4487,1986-01-18,6,8,0,0.112397
4488,1986-01-25,9,2,0,0.112368
4489,1986-02-01,5,6,0,0.112339
4490,1986-02-08,7,4,0,0.11231
4491,1986-02-15,9,2,0,0.112282
4492,1986-02-22,7,6,0,0.112253
4493,1986-03-01,7,2,0,0.112224
4494,1986-03-08,5,7,0,0.112195
4495,1986-03-15,7,4,0,0.112166
4496,1986-03-22,5,7,0,0.112138
4497,1986-03-29,2,4,0,0.112109
4498,1986-04-05,6,9,0,0.11208
4499,1986-04-12,7,2,0,0.112051
4500,1986-04-19,8,7,0,0.112023
4501,1986-04-26,4,8,0,0.111994
4502,1986-05-03,5,6,0,0.111965
4503,1986-05-10,3,4,0,0.111936
4504,1986-05-17,5,2,0,0.111908
4505,1986-05-24,7,4,0,0.111879
4506,1986-05-31,6,7,0,0.111851
4507,1986-06-07,9,2,0,0.111822
4508,1986-06-14,8,6,0,0.111793
4509,1986-06-21,7,8,0,0.111765
4510,1986-06-28,6,7,0,0.111736
4511,1986-07-05,6,2,0,0.111708
4512,1986-07-12,8,2,0,0.111679
4513,1986-07-19,6,8,0,0.11165
4514,1986-07-26,3,2,0,0.111622
4515,1986-08-02,4,2,0,0.111593
4516,1986-08-09,1,6,0,0.111565
4517,1986-08-16,8,2,0,0.111536
4518,1986-08-23,7,8,0,0.111508
4519,1986-08-30,9,7,0,0.11148
4520,1986-09-06,7,6,0,0.111451
4521,1986-09-13,3,7,0,0.111423
4522,1986-09-20,6,2,0,0.111394
4523,1986-09-27,4,2,0,0.111366
4524,1986-10-04,2,6,0,0.111338
4525,1986-10-11,4,9,0,0.111309
4526,1986-10-18,4,6,0,0.111281
4527,1986-10-25,7,6,0,0.111253
4528,1986-11-01,9,7,0,0.111224
4529,1986-11-08,9,6,0,0.111196
4530,1986-11-15,2,9,0,0.111168
4531,1986-11-22,6,9,0,0.111139
4532,1986-11-29,8,2,0,0.111111
4533,1986-12-06,2,8,0,0.111083
4534,1986-12-13,9,9,1,0.111309
4535,1986-12-20,3,9,0,0.11128
4536,1986-12-27,2,2,1,0.111506
4537,1987-01-03,5,9,0,0.111478
4538,1987-01-10,5,4,0,0.11145
4539,1987-01-17,3,4,0,0.111421
4540,1987-01-24,9,2,0,0.111393
4541,1987-01-31,9,9,1,0.111618
4542,1987-02-07,2,9,0,0.11159
4543,1987-02-14,8,9,0,0.111562
4544,1987-02-21,2,8,0,0.111534
4545,1987-02-28,6,9,0,0.111505
4546,1987-03-07,4,2,0,0.111477
4547,1987-03-14,6,6,1,0.111702
4548,1987-03-21,3,2,0,0.111674
4549,1987-03-28,9,2,0,0.111646
4550,1987-04-04,2,9,0,0.111617
4551,1987-04-11,9,9,1,0.111842
4552,1987-04-18,6,9,0,0.111814
4553,1987-04-25,1,2,0,0.111786
4554,1987-05-02,5,2,0,0.111757
4555,1987-05-09,4,4,1,0.111982
4556,1987-05-16,4,6,0,0.111954
4557,1987-05-23,2,6,0,0.111925
4558,1987-05-30,1,9,0,0.111897
4559,1987-06-06,1,2,0,0.111869
4560,1987-06-13,2,2,1,0.112093
4561,1987-06-20,6,9,0,0.112065
4562,1987-06-27,1,2,0,0.112036
4563,1987-07-04,5,2,0,0.112008
4564,1987-07-11,1,4,0,0.11198
4565,1987-07-18,6,2,0,0.111952
4566,1987-07-25,4,2,0,0.111923
4567,1987-08-01,9,6,0,0.111895
4568,1987-08-08,4,9,0,0.111867
4569,1987-08-15,8,6,0,0.111839
4570,1987-08-22,4,8,0,0.111811
4571,1987-08-29,9,6,0,0.111782
4572,1987-09-05,4,9,0,0.111754
4573,1987-09-12,8,6,0,0.111726
4574,1987-09-19,5,8,0,0.111698
4575,1987-09-26,5,4,0,0.11167
4576,1987-10-03,3,4,0,0.111642
4577,1987-10-10,1,2,0,0.111614
4578,1987-10-17,1,2,0,0.111586
4579,1987-10-24,4,2,0,0.111558
4580,1987-10-31,4,6,0,0.11153
4581,1987-11-07,9,6,0,0.111502
4582,1987-11-14,4,9,0,0.111474
4583,1987-11-21,3,6,0,0.111446
4584,1987-11-28,1,2,0,0.111418
4585,1987-12-05,7,2,0,0.11139
4586,1987-12-12,1,7,0,0.111362
4587,1987-12-19,3,2,0,0.111334
4588,1987-12-26,8,2,0,0.111306
4589,1988-01-02,9,8,0,0.111278
4590,1988-01-09,1,9,0,0.11125
4591,1988-01-16,4,2,0,0.111222
4592,1988-01-23,7,6,0,0.111195
4593,1988-01-30,8,7,0,0.111167
4594,1988-02-06,2,8,0,0.111139
4595,1988-02-13,7,9,0,0.111111
4596,1988-02-20,9,7,0,0.111083
4597,1988-02-27,6,9,0,0.111056
4598,1988-03-05,7,2,0,0.111028
4599,1988-03-12,3,7,0,0.111
4600,1988-03-19,4,2,0,0.110972
4601,1988-03-26,7,6,0,0.110945
4602,1988-04-02,6,7,0,0.110917
4603,1988-04-09,9,2,0,0.110889
4604,1988-04-16,1,6,0,0.110861
4605,1988-04-23,2,2,1,0.111083
4606,1988-04-30,3,9,0,0.111056
4607,1988-05-07,8,2,0,0.111028
4608,1988-05-14,4,8,0,0.111
4609,1988-05-21,3,6,0,0.110973
4610,1988-05-28,7,2,0,0.110945
4611,1988-06-04,1,7,0,0.110917
4612,1988-06-11,5,2,0,0.11089
4613,1988-06-18,8,4,0,0.110862
4614,1988-06-25,8,8,1,0.111083
4615,1988-07-02,1,8,0,0.111056
4616,1988-07-09,1,2,0,0.111028
4617,1988-07-16,9,2,0,0.111
4618,1988-07-23,3,6,0,0.110973
4619,1988-07-30,8,2,0,0.110945
4620,1988-08-06,9,8,0,0.110918
4621,1988-08-13,2,6,0,0.11089
4622,1988-08-20,9,9,1,0.111111
4623,1988-08-27,9,6,0,0.111083
4624,1988-09-03,3,9,0,0.111056
4625,1988-09-10,4,2,0,0.111028
4626,1988-09-17,3,6,0,0.111001
4627,1988-09-24,7,2,0,0.110973
4628,1988-10-01,1,7,0,0.110946
4629,1988-10-08,4,2,0,0.110918
4630,1988-10-15,8,6,0,0.110891
4631,1988-10-22,6,8,0,0.110863
4632,1988-10-29,5,2,0,0.110836
4633,1988-11-05,1,4,0,0.110808
4634,1988-11-12,7,2,0,0.110781
4635,1988-11-19,2,7,0,0.110753
4636,1988-11-26,4,9,0,0.110726
4637,1988-12-03,4,6,0,0.110698
4638,1988-12-10,1,6,0,0.110671
4639,1988-12-17,6,2,0,0.110644
4640,1988-12-24,6,2,0,0.110616
4641,1988-12-31,3,2,0,0.110589
4642,1989-01-07,9,2,0,0.110561
4643,1989-01-14,5,9,0,0.110534
4644,1989-01-21,3,4,0,0.110507
4645,1989-01-28,6,2,0,0.110479
4646,1989-02-04,8,2,0,0.110452
4647,1989-02-11,7,8,0,0.110425
4648,1989-02-18,3,2,0,0.110398
4649,1989-02-25,8,2,0,0.11037
4650,1989-03-04,3,8,0,0.110343
4651,1989-03-11,5,2,0,0.110316
4652,1989-03-18,1,4,0,0.110289
4653,1989-03-25,3,2,0,0.110261
4654,1989-04-01,8,2,0,0.110234
4655,1989-04-08,6,8,0,0.110207
4656,1989-04-15,1,2,0,0.11018
4657,1989-04-22,8,2,0,0.110153
4658,1989-04-29,5,8,0,0.110126
4659,1989-05-06,5,4,0,0.110099
4660,1989-05-13,2,4,0,0.110071
4661,1989-05-20,9,9,1,0.11029
4662,1989-05-27,3,9,0,0.110263
4663,1989-06-03,5,2,0,0.110236
4664,1989-06-10,7,4,0,0.110209
4665,1989-06-17,9,2,0,0.110182
4666,1989-06-24,9,9,1,0.110401
4667,1989-07-01,5,9,0,0.110374
4668,1989-07-08,5,4,0,0.110347
4669,1989-07-15,4,4,1,0.110565
4670,1989-07-22,3,6,0,0.110538
4671,1989-07-29,5,2,0,0.110511
4672,1989-08-05,7,4,0,0.110484
4673,1989-08-12,7,2,0,0.110457
4674,1989-08-19,2,7,0,0.110429
4675,1989-08-26,9,9,1,0.110648
4676,1989-09-02,5,9,0,0.110621
4677,1989-09-09,9,4,0,0.110593
4678,1989-09-16,6,9,0,0.110566
4679,1989-09-23,3,2,0,0.110539
4680,1989-09-30,8,2,0,0.110512
4681,1989-10-07,9,8,0,0.110485
4682,1989-10-14,2,9,0,0.110458
4683,1989-10-21,9,9,1,0.110676
4684,1989-10-28,8,9,0,0.110649
4685,1989-11-04,2,8,0,0.110622
4686,1989-11-11,6,9,0,0.110595
4687,1989-11-18,4,2,0,0.110568
4688,1989-11-25,5,6,0,0.11054
4689,1989-12-02,7,4,0,0.110513
4690,1989-12-09,8,2,0,0.110486
4691,1989-12-16,8,8,1,0.110704
4692,1989-12-23,7,8,0,0.110677
4693,1989-12-30,6,2,0,0.11065
4694,1990-01-06,9,2,0,0.110623
4695,1990-01-13,2,9,0,0.110596
4696,1990-01-20,3,9,0,0.110569
4697,1990-01-27,3,2,0,0.110542
4698,1990-02-03,4,2,0,0.110515
4699,1990-02-10,2,6,0,0.110488
4700,1990-02-17,2,9,0,0.110461
4701,1990-02-24,7,9,0,0.110434
4702,1990-03-03,3,2,0,0.110407
4703,1990-03-10,4,2,0,0.11038
4704,1990-03-17,1,6,0,0.110353
4705,1990-03-24,8,2,0,0.110326
4706,1990-03-31,4,8,0,0.110299
4707,1990-04-07,8,6,0,0.110273
4708,1990-04-14,7,8,0,0.110246
4709,1990-04-21,2,2,1,0.110462
4710,1990-04-28,5,9,0,0.110435
4711,1990-05-05,2,4,0,0.110409
4712,1990-05-12,9,9,1,0.110625
4713,1990-05-19,7,9,0,0.110598
4714,1990-05-26,4,2,0,0.110571
4715,1990-06-02,3,6,0,0.110544
4716,1990-06-09,3,2,0,0.110517
4717,1990-06-16,9,2,0,0.110491
4718,1990-06-23,3,9,0,0.110464
4719,1990-06-30,6,2,0,0.110437
4720,1990-07-07,1,2,0,0.11041
4721,1990-07-14,5,2,0,0.110383
4722,1990-07-21,5,4,0,0.110357
4723,1990-07-28,3,4,0,0.11033
4724,1990-08-04,8,2,0,0.110303
4725,1990-08-11,7,8,0,0.110276
4726,1990-08-18,4,2,0,0.11025
4727,1990-08-25,7,6,0,0.110223
4728,1990-09-01,4,2,0,0.110196
4729,1990-09-08,7,6,0,0.110169
4730,1990-09-15,3,2,0,0.110143
4731,1990-09-22,8,2,0,0.110116
4732,1990-09-29,1,8,0,0.11009
4733,1990-10-06,6,2,0,0.110063
4734,1990-10-13,6,2,0,0.110036
4735,1990-10-20,4,2,0,0.11001
4736,1990-10-27,4,6,0,0.109983
4737,1990-11-03,4,6,0,0.109957
4738,1990-11-10,4,6,0,0.10993
4739,1990-11-17,2,6,0,0.109903
4740,1990-11-24,6,9,0,0.109877
4741,1990-12-01,3,2,0,0.10985
4742,1990-12-08,2,2,1,0.110065
4743,1990-12-15,9,9,1,0.11028
4744,1990-12-22,3,9,0,0.110253
4745,1990-12-29,9,2,0,0.110227
4746,1991-01-05,9,9,1,0.110441
4747,1991-01-12,1,9,0,0.110415
4748,1991-01-19,4,2,0,0.110388
4749,1991-01-26,7,6,0,0.110361
4750,1991-02-02,4,2,0,0.110335
4751,1991-02-09,2,6,0,0.110308
4752,1991-02-16,4,9,0,0.110282
4753,1991-02-23,6,6,1,0.110496
4754,1991-03-02,6,2,0,0.110469
4755,1991-03-09,9,2,0,0.110443
4756,1991-03-16,8,9,0,0.110416
4757,1991-03-23,2,8,0,0.11039
4758,1991-03-30,5,9,0,0.110363
4759,1991-04-06,5,4,0,0.110337
4760,1991-04-13,3,4,0,0.11031
4761,1991-04-20,1,2,0,0.110284
4762,1991-04-27,5,2,0,0.110257
4763,1991-05-04,2,3,0,0.110231
4764,1991-05-11,9,9,1,0.110444
4765,1991-05-18,5,9,0,0.110418
4766,1991-05-25,6,3,0,0.110391
4767,1991-06-01,1,2,0,0.110365
4768,1991-06-08,9,2,0,0.110338
4769,1991-06-15,4,9,0,0.110312
4770,1991-06-22,1,6,0,0.110285
4771,1991-06-29,3,2,0,0.110259
4772,1991-07-06,6,2,0,0.110232
4773,1991-07-13,3,2,0,0.110206
4774,1991-07-20,4,2,0,0.11018
4775,1991-07-27,8,6,0,0.110153
4776,1991-08-03,4,8,0,0.110127
4777,1991-08-10,9,6,0,0.110101
4778,1991-08-17,8,9,0,0.110074
4779,1991-08-24,4,8,0,0.110048
4780,1991-08-31,4,6,0,0.110022
4781,1991-09-07,1,6,0,0.109995
4782,1991-09-14,1,2,0,0.109969
4783,1991-09-21,8,2,0,0.109943
4784,1991-09-28,3,8,0,0.109916
4785,1991-10-05,5,2,0,0.10989
4786,1991-10-12,9,3,0,0.109864
4787,1991-10-19,1,9,0,0.109838
4788,1991-10-26,9,2,0,0.109811
4789,1991-11-02,8,9,0,0.109785
4790,1991-11-09,1,8,0,0.109759
4791,1991-11-16,4,2,0,0.109733
4792,1991-11-23,1,6,0,0.109707
4793,1991-11-30,6,2,0,0.10968
4794,1991-12-07,6,2,0,0.109654
4795,1991-12-14,7,2,0,0.109628
4796,1991-12-21,2,2,1,0.10984
4797,1991-12-28,2,9,0,0.109814
4798,1992-01-04,4,9,0,0.109788
4799,1992-01-11,1,6,0,0.109762
4800,1992-01-18,7,2,0,0.109736
4801,1992-01-25,8,2,0,0.10971
4802,1992-02-01,1,8,0,0.109684
4803,1992-02-08,9,2,0,0.109657
4804,1992-02-15,6,9,0,0.109631
4805,1992-02-22,1,2,0,0.109605
4806,1992-02-29,8,2,0,0.109579
4807,1992-03-08,1,8,0,0.109553
4808,1992-03-14,6,2,0,0.109527
4809,1992-03-21,3,2,0,0.109501
4810,1992-03-28,7,2,0,0.109475
4811,1992-04-04,9,2,0,0.109449
4812,1992-04-11,8,9,0,0.109423
4813,1992-04-18,4,8,0,0.109397
4814,1992-04-25,5,6,0,0.109371
4815,1992-05-02,3,3,1,0.109583
4816,1992-05-09,7,2,0,0.109557
4817,1992-05-16,6,2,0,0.109531
4818,1992-05-23,2,2,1,0.109742
4819,1992-05-30,2,9,0,0.109716
4820,1992-06-06,2,9,0,0.10969
4821,1992-06-13,7,9,0,0.109664
4822,1992-06-20,1,2,0,0.109638
4823,1992-06-27,4,2,0,0.109612
4824,1992-07-04,7,6,0,0.109586
4825,1992-07-11,9,2,0,0.10956
4826,1992-07-18,7,9,0,0.109534
4827,1992-07-25,4,2,0,0.109508
4828,1992-08-01,7,6,0,0.109482
4829,1992-08-08,5,2,0,0.109456
4830,1992-08-15,4,3,0,0.10943
4831,1992-08-22,3,6,0,0.109405
4832,1992-08-29,4,2,0,0.109379
4833,1992-09-05,5,6,0,0.109353
4834,1992-09-12,7,3,0,0.109327
4835,1992-09-19,7,2,0,0.109301
4836,1992-09-26,5,2,0,0.109275
4837,1992-10-03,4,3,0,0.10925
4838,1992-10-10,6,6,1,0.10946
4839,1992-10-17,5,2,0,0.109434
4840,1992-10-24,7,4,0,0.109408
4841,1992-10-31,4,2,0,0.109382
4842,1992-11-07,1,6,0,0.109357
4843,1992-11-14,5,2,0,0.109331
4844,1992-11-21,7,4,0,0.109305
4845,1992-11-28,1,2,0,0.109279
4846,1992-12-05,5,2,0,0.109254
4847,1992-12-12,2,4,0,0.109228
4848,1992-12-19,6,9,0,0.109202
4849,1992-12-26,6,2,0,0.109176
4850,1993-01-02,5,2,0,0.109151
4851,1993-01-09,1,4,0,0.109125
4852,1993-01-16,6,2,0,0.109099
4853,1993-01-23,3,2,0,0.109074
4854,1993-01-30,5,2,0,0.109048
4855,1993-02-06,9,4,0,0.109023
4856,1993-02-13,9,9,1,0.109232
4857,1993-02-20,9,9,1,0.109441
4858,1993-02-27,7,9,0,0.109415
4859,1993-03-06,2,2,1,0.109624
4860,1993-03-13,5,9,0,0.109599
4861,1993-03-20,2,4,0,0.109573
4862,1993-03-27,2,9,0,0.109547
4863,1993-04-03,8,9,0,0.109522
4864,1993-04-10,8,8,1,0.10973
4865,1993-04-17,1,8,0,0.109705
4866,1993-04-24,1,2,0,0.109679
4867,1993-05-03,5,1,0,0.109653
4868,1993-05-08,7,4,0,0.109628
4869,1993-05-15,6,2,0,0.109602
4870,1993-05-22,6,2,0,0.109576
4871,1993-05-29,1,2,0,0.109551
4872,1993-06-05,3,1,0,0.109525
4873,1993-06-12,2,2,1,0.109733
4874,1993-06-19,2,9,0,0.109708
4875,1993-06-26,9,9,1,0.109916
4876,1993-07-03,4,9,0,0.10989
4877,1993-07-10,1,6,0,0.109864
4878,1993-07-17,8,1,0,0.109839
4879,1993-07-24,1,8,0,0.109813
4880,1993-07-31,8,1,0,0.109787
4881,1993-08-07,9,8,0,0.109762
4882,1993-08-14,1,9,0,0.109736
4883,1993-08-21,4,1,0,0.109711
4884,1993-08-28,3,6,0,0.109685
4885,1993-09-04,1,2,0,0.109659
4886,1993-09-11,7,1,0,0.109634
4887,1993-09-18,2,2,1,0.109841
4888,1993-09-25,2,9,0,0.109816
4889,1993-10-02,5,9,0,0.10979
4890,1993-10-09,2,4,0,0.109765
4891,1993-10-16,3,9,0,0.109739
4892,1993-10-23,1,2,0,0.109713
4893,1993-10-30,3,1,0,0.109688
4894,1993-11-06,1,2,0,0.109662
4895,1993-11-13,6,3,0,0.109637
4896,1993-11-20,4,2,0,0.109611
4897,1993-11-27,7,6,0,0.109586
4898,1993-12-04,3,2,0,0.10956
4899,1993-12-11,7,2,0,0.109535
4900,1993-12-18,4,2,0,0.109509
4901,1993-12-27,2,6,0,0.109484
4902,1994-01-03,2,9,0,0.109459
4903,1994-01-08,7,9,0,0.109433
4904,1994-01-15,3,2,0,0.109408
4905,1994-01-22,6,2,0,0.109382
4906,1994-01-29,9,2,0,0.109357
4907,1994-02-05,3,9,0,0.109331
4908,1994-02-12,6,2,0,0.109306
4909,1994-02-19,8,2,0,0.109281
4910,1994-02-26,4,8,0,0.109255
4911,1994-03-05,1,6,0,0.10923
4912,1994-03-12,7,3,0,0.109205
4913,1994-03-19,5,2,0,0.109179
4914,1994-03-26,7,4,0,0.109154
4915,1994-04-02,9,2,0,0.109129
4916,1994-04-09,2,9,0,0.109104
4917,1994-04-16,5,9,0,0.109078
4918,1994-04-23,3,4,0,0.109053
4919,1994-04-30,6,2,0,0.109028
4920,1994-05-07,6,2,0,0.109003
4921,1994-05-14,2,2,1,0.109209
4922,1994-05-21,2,9,0,0.109183
4923,1994-05-28,2,9,0,0.109158
4924,1994-06-04,1,9,0,0.109133
4925,1994-06-11,1,3,0,0.109108
4926,1994-06-18,8,1,0,0.109083
4927,1994-06-25,5,8,0,0.109057
4928,1994-07-02,1,3,0,0.109032
4929,1994-07-09,6,1,0,0.109007
4930,1994-07-16,5,2,0,0.108982
4931,1994-07-23,3,3,1,0.109187
4932,1994-07-30,2,2,1,0.109393
4933,1994-08-06,7,9,0,0.109368
4934,1994-08-13,9,2,0,0.109343
4935,1994-08-20,2,9,0,0.109317
4936,1994-08-27,8,9,0,0.109292
4937,1994-09-03,8,8,1,0.109497
4938,1994-09-10,5,8,0,0.109472
4939,1994-09-17,8,3,0,0.109447
4940,1994-09-24,8,8,1,0.109652
4941,1994-10-01,8,8,1,0.109857
4942,1994-10-08,8,8,1,0.110062
4943,1994-10-15,2,8,0,0.110037
4944,1994-10-22,4,9,0,0.110012
4945,1994-10-29,3,6,0,0.109986
4946,1994-11-05,8,2,0,0.109961
4947,1994-11-12,4,8,0,0.109936
4948,1994-11-19,2,6,0,0.10991
4949,1994-11-26,8,9,0,0.109885
4950,1994-12-03,9,8,0,0.10986
4951,1994-12-10,6,9,0,0.109835
4952,1994-12-17,8,2,0,0.109809
4953,1994-12-24,6,8,0,0.109784
4954,1994-12-31,3,2,0,0.109759
4955,1995-01-07,9,2,0,0.109734
4956,1995-01-14,5,9,0,0.109709
4957,1995-01-21,4,3,0,0.109683
4958,1995-01-28,8,6,0,0.109658
4959,1995-02-04,7,8,0,0.109633
4960,1995-02-11,7,2,0,0.109608
4961,1995-02-18,7,2,0,0.109583
4962,1995-02-25,4,2,0,0.109558
4963,1995-03-04,9,6,0,0.109533
4964,1995-03-11,2,9,0,0.109507
4965,1995-03-18,3,9,0,0.109482
4966,1995-03-25,3,2,0,0.109457
4967,1995-04-01,5,2,0,0.109432
4968,1995-04-08,1,3,0,0.109407
4969,1995-04-15,6,1,0,0.109382
4970,1995-04-22,7,2,0,0.109357
4971,1995-04-29,5,2,0,0.109332
4972,1995-05-06,8,3,0,0.109307
4973,1995-05-13,5,8,0,0.109282
4974,1995-05-20,4,3,0,0.109257
4975,1995-05-27,8,6,0,0.109232
4976,1995-06-03,6,8,0,0.109207
4977,1995-06-10,3,2,0,0.109182
4978,1995-06-17,9,2,0,0.109157
4979,1995-06-24,5,9,0,0.109132
4980,1995-07-01,4,4,1,0.109336
4981,1995-07-08,4,6,0,0.109311
4982,1995-07-15,7,6,0,0.109286
4983,1995-07-22,3,2,0,0.109261
4984,1995-07-29,9,2,0,0.109236
4985,1995-08-05,5,9,0,0.109211
4986,1995-08-12,4,4,1,0.109414
4987,1995-08-19,5,6,0,0.109389
4988,1995-08-26,2,4,0,0.109364
4989,1995-09-02,1,9,0,0.109339
4990,1995-09-09,7,1,0,0.109315
4991,1995-09-16,9,2,0,0.10929
4992,1995-09-23,2,9,0,0.109265
4993,1995-09-30,4,9,0,0.10924
4994,1995-10-07,1,6,0,0.109215
4995,1995-10-14,7,1,0,0.10919
4996,1995-10-21,3,2,0,0.109165
4997,1995-10-28,7,2,0,0.109141
4998,1995-11-04,1,2,0,0.109116
4999,1995-11-11,6,1,0,0.109091
5000,1995-11-18,3,2,0,0.109066
5001,1995-11-25,7,2,0,0.109041
5002,1995-12-02,8,2,0,0.109017
5003,1995-12-09,5,8,0,0.108992
5004,1995-12-16,6,4,0,0.108967
5005,1995-12-23,5,2,0,0.108942
5006,1995-12-30,5,4,0,0.108918
5007,1996-01-08,9,4,0,0.108893
5008,1996-01-13,5,9,0,0.108868
5009,1996-01-20,8,4,0,0.108844
5010,1996-01-27,2,8,0,0.108819
5011,1996-02-03,1,9,0,0.108794
5012,1996-02-10,9,1,0,0.10877
5013,1996-02-17,5,9,0,0.108745
5014,1996-02-24,7,4,0,0.10872
5015,1996-03-02,5,2,0,0.108696
5016,1996-03-09,1,4,0,0.108671
5017,1996-03-16,8,1,0,0.108646
5018,1996-03-23,7,8,0,0.108622
5019,1996-03-30,3,2,0,0.108597
5020,1996-04-06,4,2,0,0.108573
5021,1996-04-13,6,1,0,0.108548
5022,1996-04-20,1,2,0,0.108524
5023,1996-04-27,5,1,0,0.108499
5024,1996-05-04,6,4,0,0.108475
5025,1996-05-11,3,2,0,0.10845
5026,1996-05-18,2,2,1,0.108651
5027,1996-05-25,7,9,0,0.108627
5028,1996-06-01,9,2,0,0.108602
5029,1996-06-08,3,9,0,0.108578
5030,1996-06-15,3,2,0,0.108553
5031,1996-06-22,7,2,0,0.108529
5032,1996-06-29,4,2,0,0.108504
5033,1996-07-06,1,6,0,0.10848
5034,1996-07-13,7,1,0,0.108455
5035,1996-07-20,2,2,1,0.108656
5036,1996-07-27,8,9,0,0.108632
5037,1996-08-03,9,8,0,0.108607
5038,1996-08-10,1,9,0,0.108583
5039,1996-08-17,2,1,0,0.108559
5040,1996-08-24,8,9,0,0.108534
5041,1996-08-30,4,8,0,0.10851
5042,1996-09-07,4,1,0,0.108485
5043,1996-09-14,2,1,0,0.108461
5044,1996-09-21,2,9,0,0.108436
5045,1996-09-28,4,9,0,0.108412
5046,1996-10-05,9,1,0,0.108388
5047,1996-10-12,9,9,1,0.108588
5048,1996-10-19,2,9,0,0.108564
5049,1996-10-26,9,9,1,0.108764
5050,1996-11-02,8,9,0,0.10874
5051,1996-11-09,6,8,0,0.108715
5052,1996-11-16,8,2,0,0.108691
5053,1996-11-23,5,8,0,0.108666
5054,1996-11-30,3,4,0,0.108642
5055,1996-12-07,1,2,0,0.108618
5056,1996-12-14,8,1,0,0.108593
5057,1996-12-21,2,8,0,0.108569
5058,1996-12-28,2,9,0,0.108545
5059,1997-01-04,7,9,0,0.10852
5060,1997-01-11,3,2,0,0.108496
5061,1997-01-18,8,2,0,0.108472
5062,1997-01-25,5,8,0,0.108447
5063,1997-02-01,1,4,0,0.108423
5064,1997-02-08,2,1,0,0.108399
5065,1997-02-15,1,9,0,0.108374
5066,1997-02-22,2,2,1,0.108574
5067,1997-03-01,2,9,0,0.10855
5068,1997-03-08,3,9,0,0.108525
5069,1997-03-12,9,2,0,0.108501
5070,1997-03-15,9,9,1,0.108701
5071,1997-03-19,5,9,0,0.108676
5072,1997-03-22,4,4,1,0.108875
5073,1997-03-26,1,1,1,0.109075
5074,1997-03-29,9,2,0,0.10905
5075,1997-04-02,4,9,0,0.109026
5076,1997-04-05,6,1,0,0.109002
5077,1997-04-09,2,2,1,0.109201
5078,1997-04-12,3,9,0,0.109176
5079,1997-04-16,8,2,0,0.109152
5080,1997-04-19,6,8,0,0.109127
5081,1997-04-23,9,2,0,0.109103
5082,1997-04-26,6,9,0,0.109079
5083,1997-04-30,6,2,0,0.109054
5084,1997-05-03,1,2,0,0.10903
5085,1997-05-07,9,2,0,0.109006
5086,1997-05-10,3,9,0,0.108982
5087,1997-05-14,3,2,0,0.108957
5088,1997-05-17,2,2,1,0.109156
5089,1997-05-21,1,9,0,0.109131
5090,1997-05-24,1,2,0,0.109107
5091,1997-05-28,4,2,0,0.109083
5092,1997-05-31,4,1,0,0.109059
5093,1997-06-04,9,1,0,0.109034
5094,1997-06-07,6,9,0,0.10901
5095,1997-06-11,7,2,0,0.108986
5096,1997-06-14,3,2,0,0.108962
5097,1997-06-18,4,2,0,0.108937
5098,1997-06-21,5,1,0,0.108913
5099,1997-06-25,2,4,0,0.108889
5100,1997-06-28,7,9,0,0.108865
5101,1997-07-02,7,2,0,0.108841
5102,1997-07-05,8,2,0,0.108816
5103,1997-07-09,2,8,0,0.108792
5104,1997-07-12,5,9,0,0.108768
5105,1997-07-16,4,4,1,0.108966
5106,1997-07-19,1,1,1,0.109164
5107,1997-07-23,5,2,0,0.109139
5108,1997-07-26,8,4,0,0.109115
5109,1997-07-30,8,8,1,0.109313
5110,1997-08-02,2,8,0,0.109288
5111,1997-08-06,2,9,0,0.109264
5112,1997-08-09,8,9,0,0.10924
5113,1997-08-13,8,8,1,0.109437
5114,1997-08-16,7,8,0,0.109413
5115,1997-08-20,7,2,0,0.109389
5116,1997-08-23,5,2,0,0.109365
5117,1997-08-27,6,4,0,0.10934
5118,1997-08-30,1,2,0,0.109316
5119,1997-09-03,2,2,1,0.109513
5120,1997-09-06,2,9,0,0.109489
5121,1997-09-10,3,9,0,0.109465
5122,1997-09-13,6,2,0,0.109441
5123,1997-09-17,9,2,0,0.109416
5124,1997-09-20,4,9,0,0.109392
5125,1997-09-24,4,1,0,0.109368
5126,1997-09-27,9,1,0,0.109344
5127,1997-10-01,7,9,0,0.10932
5128,1997-10-04,9,2,0,0.109296
5129,1997-10-08,8,9,0,0.109272
5130,1997-10-11,6,8,0,0.109247
5131,1997-10-15,9,2,0,0.109223
5132,1997-10-18,9,9,1,0.10942
5133,1997-10-22,9,9,1,0.109616
5134,1997-10-25,7,9,0,0.109592
5135,1997-10-29,2,2,1,0.109788
5136,1997-11-03,8,9,0,0.109764
5137,1997-11-05,1,8,0,0.10974
5138,1997-11-08,2,2,1,0.109936
5139,1997-11-12,3,9,0,0.109912
5140,1997-11-15,6,2,0,0.109888
5141,1997-11-19,6,2,0,0.109863
5142,1997-11-22,6,2,0,0.109839
5143,1997-11-26,1,2,0,0.109815
5144,1997-11-29,4,2,0,0.109791
5145,1997-12-03,5,1,0,0.109767
5146,1997-12-06,9,4,0,0.109743
5147,1997-12-10,9,9,1,0.109938
5148,1997-12-13,3,9,0,0.109914
5149,1997-12-17,6,2,0,0.10989
5150,1997-12-20,1,2,0,0.109866
5151,1997-12-24,8,2,0,0.109842
5152,1997-12-27,7,8,0,0.109818
5153,1997-12-31,9,2,0,0.109794
5154,1998-01-03,3,9,0,0.109769
5155,1998-01-07,6,2,0,0.109745
5156,1998-01-10,3,2,0,0.109721
5157,1998-01-14,3,2,0,0.109697
5158,1998-01-17,6,2,0,0.109673
5159,1998-01-21,1,2,0,0.109649
5160,1998-01-24,7,2,0,0.109625
5161,1998-01-27,5,2,0,0.109601
5162,1998-01-31,5,4,0,0.109577
5163,1998-02-04,1,4,0,0.109553
5164,1998-02-07,2,2,1,0.109748
5165,1998-02-11,3,9,0,0.109724
5166,1998-02-14,1,2,0,0.1097
5167,1998-02-18,4,2,0,0.109676
5168,1998-02-21,7,1,0,0.109652
5169,1998-02-25,1,2,0,0.109628
5170,1998-02-28,5,2,0,0.109604
5171,1998-03-04,9,4,0,0.10958
5172,1998-03-07,4,9,0,0.109556
5173,1998-03-11,1,1,1,0.109751
5174,1998-03-14,6,2,0,0.109727
5175,1998-03-18,2,2,1,0.109921
5176,1998-03-21,9,9,1,0.110116
5177,1998-03-25,2,9,0,0.110092
5178,1998-03-28,1,9,0,0.110068
5179,1998-04-01,4,2,0,0.110044
5180,1998-04-04,4,1,0,0.11002
5181,1998-04-08,5,1,0,0.109996
5182,1998-04-11,3,4,0,0.109972
5183,1998-04-15,9,2,0,0.109948
5184,1998-04-18,5,9,0,0.109924
5185,1998-04-22,9,4,0,0.1099
5186,1998-04-27,3,9,0,0.109876
5187,1998-04-29,8,2,0,0.109852
5188,1998-05-02,6,8,0,0.109828
5189,1998-05-06,3,2,0,0.109804
5190,1998-05-09,9,2,0,0.10978
5191,1998-05-13,1,9,0,0.109756
5192,1998-05-16,2,2,1,0.10995
5193,1998-05-20,3,9,0,0.109926
5194,1998-05-23,2,2,1,0.11012
5195,1998-05-27,9,9,1,0.110313
5196,1998-05-30,4,9,0,0.110289
5197,1998-06-03,7,1,0,0.110265
5198,1998-06-06,3,2,0,0.110241
5199,1998-06-10,3,2,0,0.110217
5200,1998-06-13,8,2,0,0.110193
5201,1998-06-17,8,8,1,0.110387
5202,1998-06-20,2,8,0,0.110363
5203,1998-06-24,8,9,0,0.110339
5204,1998-06-27,8,8,1,0.110532
5205,1998-07-01,9,8,0,0.110508
5206,1998-07-04,7,9,0,0.110484
5207,1998-07-08,8,2,0,0.11046
5208,1998-07-11,1,8,0,0.110436
5209,1998-07-15,6,2,0,0.110412
5210,1998-07-18,4,2,0,0.110388
5211,1998-07-22,7,1,0,0.110364
5212,1998-07-25,4,2,0,0.11034
5213,1998-07-29,1,1,1,0.110533
5214,1998-08-01,7,2,0,0.110509
5215,1998-08-05,2,2,1,0.110702
5216,1998-08-08,3,9,0,0.110678
5217,1998-08-12,6,2,0,0.110654
5218,1998-08-17,8,2,0,0.11063
5219,1998-08-19,5,8,0,0.110606
5220,1998-08-22,6,4,0,0.110582
5221,1998-08-26,5,2,0,0.110558
5222,1998-08-29,3,4,0,0.110534
5223,1998-09-02,2,2,1,0.110727
5224,1998-09-05,3,9,0,0.110703
5225,1998-09-09,6,2,0,0.110679
5226,1998-09-12,3,2,0,0.110655
5227,1998-09-16,3,2,0,0.110631
5228,1998-09-19,1,2,0,0.110607
5229,1998-09-23,5,2,0,0.110583
5230,1998-09-26,3,4,0,0.110559
5231,1998-09-30,2,2,1,0.110751
5232,1998-10-03,6,9,0,0.110727
5233,1998-10-07,2,2,1,0.110919
5234,1998-10-10,1,9,0,0.110895
5235,1998-10-14,6,2,0,0.110871
5236,1998-10-17,7,2,0,0.110848
5237,1998-10-21,4,2,0,0.110824
5238,1998-10-24,5,1,0,0.1108
5239,1998-10-28,1,4,0,0.110776
5240,1998-10-31,2,2,1,0.110967
5241,1998-11-04,1,9,0,0.110944
5242,1998-11-07,9,2,0,0.11092
5243,1998-11-11,3,9,0,0.110896
5244,1998-11-14,5,2,0,0.110872
5245,1998-11-18,9,4,0,0.110848
5246,1998-11-21,2,9,0,0.110824
5247,1998-11-25,8,9,0,0.1108
5248,1998-11-28,9,8,0,0.110777
5249,1998-12-02,9,9,1,0.110968
5250,1998-12-05,6,9,0,0.110944
5251,1998-12-09,7,2,0,0.11092
5252,1998-12-12,6,2,0,0.110896
5253,1998-12-16,7,2,0,0.110872
5254,1998-12-19,8,2,0,0.110849
5255,1998-12-23,5,8,0,0.110825
5256,1998-12-28,3,4,0,0.110801
5257,1998-12-30,9,2,0,0.110777
5258,1999-01-02,3,9,0,0.110753
5259,1999-01-07,8,2,0,0.11073
5260,1999-01-09,7,8,0,0.110706
5261,1999-01-13,3,2,0,0.110682
5262,1999-01-16,6,2,0,0.110658
5263,1999-01-20,5,2,0,0.110635
5264,1999-01-23,9,3,0,0.110611
5265,1999-01-27,9,9,1,0.110802
5266,1999-01-30,1,9,0,0.110778
5267,1999-02-03,7,2,0,0.110754
5268,1999-02-06,3,2,0,0.11073
5269,1999-02-10,7,2,0,0.110707
5270,1999-02-13,3,2,0,0.110683
5271,1999-02-17,5,2,0,0.110659
5272,1999-02-20,7,3,0,0.110636
5273,1999-02-24,8,2,0,0.110612
5274,1999-02-27,8,8,1,0.110802
5275,1999-03-03,7,8,0,0.110778
5276,1999-03-06,2,2,1,0.110969
5277,1999-03-10,8,9,0,0.110945
5278,1999-03-13,7,8,0,0.110921
5279,1999-03-17,7,2,0,0.110897
5280,1999-03-20,4,2,0,0.110874
5281,1999-03-24,2,1,0,0.11085
5282,1999-03-27,7,9,0,0.110826
5283,1999-03-31,6,2,0,0.110803
5284,1999-04-03,3,2,0,0.110779
5285,1999-04-07,5,2,0,0.110755
5286,1999-04-10,9,3,0,0.110732
5287,1999-04-14,6,9,0,0.110708
5288,1999-04-17,1,2,0,0.110685
5289,1999-04-21,8,2,0,0.110661
5290,1999-04-24,5,8,0,0.110637
5291,1999-04-28,4,3,0,0.110614
5292,1999-05-03,4,1,0,0.11059
5293,1999-05-05,9,1,0,0.110567
5294,1999-05-08,3,9,0,0.110543
5295,1999-05-12,9,2,0,0.11052
5296,1999-05-15,6,9,0,0.110496
5297,1999-05-19,6,2,0,0.110473
5298,1999-05-22,9,2,0,0.110449
5299,1999-05-26,4,9,0,0.110426
5300,1999-05-29,2,1,0,0.110402
5301,1999-06-02,9,9,1,0.110591
5302,1999-06-05,9,9,1,0.11078
5303,1999-06-09,3,9,0,0.110757
5304,1999-06-12,8,2,0,0.110733
5305,1999-06-16,2,8,0,0.11071
5306,1999-06-19,7,9,0,0.110686
5307,1999-06-23,1,2,0,0.110663
5308,1999-06-26,2,2,1,0.110852
5309,1999-06-30,8,9,0,0.110828
5310,1999-07-03,5,8,0,0.110805
5311,1999-07-07,4,4,1,0.110993
5312,1999-07-10,2,1,0,0.11097
5313,1999-07-14,5,9,0,0.110946
5314,1999-07-17,7,4,0,0.110923
5315,1999-07-21,1,2,0,0.110899
5316,1999-07-24,3,2,0,0.110876
5317,1999-07-28,7,2,0,0.110852
5318,1999-07-31,7,2,0,0.110829
5319,1999-08-04,3,2,0,0.110805
5320,1999-08-07,3,2,0,0.110782
5321,1999-08-11,6,2,0,0.110758
5322,1999-08-14,7,2,0,0.110735
5323,1999-08-18,2,2,1,0.110923
5324,1999-08-21,6,9,0,0.110899
5325,1999-08-25,5,2,0,0.110876
5326,1999-08-28,4,4,1,0.111064
5327,1999-09-01,1,1,1,0.111252
5328,1999-09-04,8,2,0,0.111229
5329,1999-09-08,4,8,0,0.111205
5330,1999-09-11,9,1,0,0.111182
5331,1999-09-15,6,9,0,0.111158
5332,1999-09-18,3,2,0,0.111135
5333,1999-09-22,4,6,0,0.111111
5334,1999-09-25,9,1,0,0.111088
5335,1999-09-29,2,9,0,0.111064
5336,1999-10-02,3,9,0,0.111041
5337,1999-10-06,6,6,1,0.111228
5338,1999-10-09,4,2,0,0.111205
5339,1999-10-13,4,1,0,0.111181
5340,1999-10-16,8,1,0,0.111158
5341,1999-10-20,5,8,0,0.111135
5342,1999-10-23,6,4,0,0.111111
5343,1999-10-27,4,2,0,0.111088
5344,1999-10-30,6,1,0,0.111064
5345,1999-11-03,2,2,1,0.111252
5346,1999-11-06,1,9,0,0.111228
5347,1999-11-10,5,2,0,0.111205
5348,1999-11-13,5,4,0,0.111181
5349,1999-11-17,3,4,0,0.111158
5350,1999-11-20,7,6,0,0.111134
5351,1999-11-24,2,2,1,0.111322
5352,1999-11-27,2,9,0,0.111298
5353,1999-12-01,7,9,0,0.111275
5354,1999-12-04,1,2,0,0.111251
5355,1999-12-09,7,2,0,0.111228
5356,1999-12-11,6,2,0,0.111205
5357,1999-12-15,5,2,0,0.111181
5358,1999-12-18,9,4,0,0.111158
5359,1999-12-22,1,9,0,0.111134
5360,1999-12-27,4,2,0,0.111111
5361,1999-12-29,8,1,0,0.111088
5362,2000-01-03,3,8,0,0.111064
5363,2000-01-05,6,6,1,0.111251
5364,2000-01-08,4,2,0,0.111228
5365,2000-01-12,7,1,0,0.111204
5366,2000-01-15,3,2,0,0.111181
5367,2000-01-19,6,6,1,0.111367
5368,2000-01-22,2,2,1,0.111554
5369,2000-01-26,3,9,0,0.11153
5370,2000-01-29,7,6,0,0.111507
5371,2000-02-02,7,2,0,0.111484
5372,2000-02-05,9,2,0,0.11146
5373,2000-02-09,8,9,0,0.111437
5374,2000-02-12,6,8,0,0.111414
5375,2000-02-16,7,2,0,0.11139
5376,2000-02-19,3,2,0,0.111367
5377,2000-02-23,1,6,0,0.111344
5378,2000-02-26,7,2,0,0.11132
5379,2000-03-01,1,2,0,0.111297
5380,2000-03-04,1,2,0,0.111274
5381,2000-03-08,6,2,0,0.111251
5382,2000-03-11,7,2,0,0.111227
5383,2000-03-15,9,2,0,0.111204
5384,2000-03-18,6,9,0,0.111181
5385,2000-03-22,4,2,0,0.111158
5386,2000-03-25,8,1,0,0.111134
5387,2000-03-29,9,8,0,0.111111
5388,2000-04-01,9,9,1,0.111297
5389,2000-04-05,8,9,0,0.111273
5390,2000-04-08,5,8,0,0.11125
5391,2000-04-12,9,4,0,0.111227
5392,2000-04-15,9,9,1,0.111412
5393,2000-04-19,6,9,0,0.111389
5394,2000-04-22,6,2,0,0.111366
5395,2000-04-26,8,2,0,0.111343
5396,2000-04-29,6,8,0,0.11132
5397,2000-05-03,7,2,0,0.111296
5398,2000-05-06,6,2,0,0.111273
5399,2000-05-10,9,2,0,0.11125
5400,2000-05-13,9,9,1,0.111435
5401,2000-05-17,2,9,0,0.111412
5402,2000-05-20,2,9,0,0.111389
5403,2000-05-24,5,9,0,0.111366
5404,2000-05-27,4,4,1,0.11155
5405,2000-05-31,6,1,0,0.111527
5406,2000-06-03,8,2,0,0.111504
5407,2000-06-07,9,8,0,0.111481
5408,2000-06-10,4,9,0,0.111458
5409,2000-06-14,7,1,0,0.111435
5410,2000-06-17,1,2,0,0.111411
5411,2000-06-21,8,2,0,0.111388
5412,2000-06-24,5,8,0,0.111365
5413,2000-06-28,3,4,0,0.111342
5414,2000-07-01,8,6,0,0.111319
5415,2000-07-05,8,8,1,0.111503
5416,2000-07-08,6,8,0,0.11148
5417,2000-07-12,3,2,0,0.111457
5418,2000-07-15,1,6,0,0.111434
5419,2000-07-19,4,2,0,0.111411
5420,2000-07-22,9,1,0,0.111388
5421,2000-07-26,9,9,1,0.111572
5422,2000-07-29,3,9,0,0.111549
5423,2000-08-02,5,6,0,0.111526
5424,2000-08-05,4,4,1,0.11171
5425,2000-08-09,8,1,0,0.111687
5426,2000-08-12,3,8,0,0.111664
5427,2000-08-16,3,6,0,0.11164
5428,2000-08-19,5,6,0,0.111617
5429,2000-08-23,4,4,1,0.111801
5430,2000-08-26,8,1,0,0.111778
5431,2000-08-30,4,8,0,0.111755
5432,2000-09-02,4,1,0,0.111732
5433,2000-09-06,1,1,1,0.111916
5434,2000-09-09,3,2,0,0.111892
5435,2000-09-13,7,6,0,0.111869
5436,2000-09-16,1,2,0,0.111846
5437,2000-09-20,6,2,0,0.111823
5438,2000-09-23,3,2,0,0.1118
5439,2000-09-27,2,6,0,0.111777
5440,2000-09-30,1,9,0,0.111754
5441,2000-10-04,5,2,0,0.111731
5442,2000-10-07,4,4,1,0.111914
5443,2000-10-11,1,1,1,0.112097
5444,2000-10-14,6,2,0,0.112074
5445,2000-10-18,3,2,0,0.112051
5446,2000-10-21,6,6,1,0.112234
5447,2000-10-25,9,2,0,0.112211
5448,2000-10-28,1,9,0,0.112188
5449,2000-11-02,2,2,1,0.112371
5450,2000-11-04,7,9,0,0.112348
5451,2000-11-08,2,2,1,0.112531
5452,2000-11-11,8,9,0,0.112508
5453,2000-11-15,9,8,0,0.112485
5454,2000-11-18,1,9,0,0.112461
5455,2000-11-22,7,2,0,0.112438
5456,2000-11-25,7,2,0,0.112415
5457,2000-11-29,8,2,0,0.112392
5458,2000-12-02,9,8,0,0.112369
5459,2000-12-06,1,9,0,0.112346
5460,2000-12-09,3,2,0,0.112323
5461,2000-12-13,3,6,0,0.112299
5462,2000-12-16,5,6,0,0.112276
5463,2000-12-20,6,4,0,0.112253
5464,2000-12-23,8,2,0,0.11223
5465,2000-12-27,3,8,0,0.112207
5466,2000-12-30,1,6,0,0.112184
5467,2001-01-03,7,2,0,0.112161
5468,2001-01-08,7,2,0,0.112138
5469,2001-01-10,4,2,0,0.112115
5470,2001-01-13,6,1,0,0.112092
5471,2001-01-17,2,2,1,0.112274
5472,2001-01-20,2,9,0,0.112251
5473,2001-01-24,4,9,0,0.112228
5474,2001-01-27,2,1,0,0.112205
5475,2001-01-31,3,9,0,0.112182
5476,2001-02-03,5,6,0,0.112159
5477,2001-02-07,4,4,1,0.112341
5478,2001-02-10,9,1,0,0.112318
5479,2001-02-14,2,9,0,0.112295
5480,2001-02-17,9,9,1,0.112477
5481,2001-02-21,8,9,0,0.112454
5482,2001-02-24,1,8,0,0.112431
5483,2001-02-28,7,2,0,0.112408
5484,2001-03-03,1,2,0,0.112385
5485,2001-03-07,4,2,0,0.112362
5486,2001-03-10,9,1,0,0.112339
5487,2001-03-14,6,9,0,0.112316
5488,2001-03-17,7,2,0,0.112293
5489,2001-03-21,1,2,0,0.11227
5490,2001-03-24,4,2,0,0.112247
5491,2001-03-28,6,1,0,0.112224
5492,2001-03-31,9,2,0,0.112201
5493,2001-04-04,6,9,0,0.112178
5494,2001-04-07,7,2,0,0.112155
5495,2001-04-11,8,2,0,0.112132
5496,2001-04-14,5,8,0,0.112109
5497,2001-04-18,1,4,0,0.112087
5498,2001-04-21,4,2,0,0.112064
5499,2001-04-26,2,1,0,0.112041
5500,2001-04-28,5,9,0,0.112018
5501,2001-05-02,6,4,0,0.111995
5502,2001-05-05,4,2,0,0.111972
5503,2001-05-09,6,1,0,0.111949
5504,2001-05-12,9,2,0,0.111927
5505,2001-05-16,7,9,0,0.111904
5506,2001-05-19,7,2,0,0.111881
5507,2001-05-23,9,2,0,0.111858
5508,2001-05-26,1,9,0,0.111835
5509,2001-05-30,2,2,1,0.112016
5510,2001-06-04,5,9,0,0.111993
5511,2001-06-06,2,4,0,0.111971
5512,2001-06-09,1,9,0,0.111948
5513,2001-06-13,6,2,0,0.111925
5514,2001-06-16,2,2,1,0.112106
5515,2001-06-20,4,9,0,0.112083
5516,2001-06-23,6,1,0,0.11206
5517,2001-06-27,6,2,0,0.112037
5518,2001-06-30,8,2,0,0.112015
5519,2001-07-04,2,8,0,0.111992
5520,2001-07-07,5,9,0,0.111969
5521,2001-07-11,7,4,0,0.111946
5522,2001-07-14,8,2,0,0.111924
5523,2001-07-18,8,8,1,0.112104
5524,2001-07-21,7,8,0,0.112081
5525,2001-07-25,2,2,1,0.112261
5526,2001-07-28,5,9,0,0.112239
5527,2001-08-01,4,4,1,0.112419
5528,2001-08-04,4,1,0,0.112396
5529,2001-08-08,6,1,0,0.112373
5530,2001-08-11,1,2,0,0.11235
5531,2001-08-16,2,2,1,0.11253
5532,2001-08-18,1,9,0,0.112508
5533,2001-08-22,3,2,0,0.112485
5534,2001-08-25,5,6,0,0.112462
5535,2001-08-29,2,4,0,0.112439
5536,2001-09-01,6,9,0,0.112416
5537,2001-09-05,1,2,0,0.112394
5538,2001-09-08,7,2,0,0.112371
5539,2001-09-12,1,2,0,0.112348
5540,2001-09-15,9,2,0,0.112325
5541,2001-09-19,8,9,0,0.112303
5542,2001-09-22,5,8,0,0.11228
5543,2001-09-26,8,4,0,0.112257
5544,2001-09-29,1,8,0,0.112235
5545,2001-10-03,3,2,0,0.112212
5546,2001-10-06,4,6,0,0.112189
5547,2001-10-10,6,6,1,0.112369
5548,2001-10-13,2,2,1,0.112548
5549,2001-10-17,6,9,0,0.112525
5550,2001-10-20,8,2,0,0.112503
5551,2001-10-24,3,8,0,0.11248
5552,2001-10-27,6,6,1,0.112659
5553,2001-10-31,7,2,0,0.112636
5554,2001-11-03,5,2,0,0.112614
5555,2001-11-07,3,4,0,0.112591
5556,2001-11-10,9,6,0,0.112568
5557,2001-11-14,5,9,0,0.112545
5558,2001-11-17,8,4,0,0.112523
5559,2001-11-21,3,8,0,0.1125
5560,2001-11-24,3,6,0,0.112477
5561,2001-11-28,1,6,0,0.112455
5562,2001-12-01,5,2,0,0.112432
5563,2001-12-05,2,4,0,0.112409
5564,2001-12-10,9,9,1,0.112588
5565,2001-12-12,6,9,0,0.112565
5566,2001-12-15,1,2,0,0.112543
5567,2001-12-19,6,2,0,0.11252
5568,2001-12-22,8,2,0,0.112497
5569,2001-12-27,8,8,1,0.112676
5570,2001-12-29,5,8,0,0.112653
5571,2001-12-31,9,4,0,0.112631
5572,2002-01-02,9,9,1,0.112809
5573,2002-01-05,9,9,1,0.112988
5574,2002-01-09,2,9,0,0.112965
5575,2002-01-12,3,9,0,0.112942
5576,2002-01-16,4,6,0,0.112919
5577,2002-01-19,3,6,0,0.112897
5578,2002-01-23,5,6,0,0.112874
5579,2002-01-26,3,4,0,0.112851
5580,2002-01-30,9,6,0,0.112829
5581,2002-02-02,9,9,1,0.113007
5582,2002-02-06,3,9,0,0.112984
5583,2002-02-09,7,6,0,0.112961
5584,2002-02-13,9,2,0,0.112939
5585,2002-02-16,4,9,0,0.112916
5586,2002-02-20,4,6,0,0.112894
5587,2002-02-23,7,6,0,0.112871
5588,2002-02-27,8,2,0,0.112848
5589,2002-03-02,6,8,0,0.112826
5590,2002-03-06,7,2,0,0.112803
5591,2002-03-09,5,2,0,0.11278
5592,2002-03-13,7,4,0,0.112758
5593,2002-03-16,4,2,0,0.112735
5594,2002-03-20,6,6,1,0.112913
5595,2002-03-23,4,2,0,0.11289
5596,2002-03-27,7,6,0,0.112868
5597,2002-03-30,3,2,0,0.112845
5598,2002-04-03,4,6,0,0.112823
5599,2002-04-06,9,6,0,0.1128
5600,2002-04-10,5,9,0,0.112777
5601,2002-04-13,5,4,0,0.112755
5602,2002-04-17,4,4,1,0.112932
5603,2002-04-20,9,6,0,0.11291
5604,2002-04-24,8,9,0,0.112887
5605,2002-04-27,7,8,0,0.112865
5606,2002-05-02,4,2,0,0.112842
5607,2002-05-04,7,6,0,0.112819
5608,2002-05-08,1,2,0,0.112797
5609,2002-05-11,3,2,0,0.112774
5610,2002-05-15,2,6,0,0.112752
5611,2002-05-18,3,9,0,0.112729
5612,2002-05-22,7,6,0,0.112707
5613,2002-05-25,4,2,0,0.112684
5614,2002-05-29,1,6,0,0.112662
5615,2002-06-01,7,2,0,0.11264
5616,2002-06-05,2,2,1,0.112816
5617,2002-06-08,1,9,0,0.112794
5618,2002-06-12,9,2,0,0.112771
5619,2002-06-15,6,9,0,0.112749
5620,2002-06-19,8,2,0,0.112727
5621,2002-06-22,9,8,0,0.112704
5622,2002-06-26,3,9,0,0.112682
5623,2002-06-29,7,6,0,0.112659
5624,2002-07-03,9,2,0,0.112637
5625,2002-07-06,2,9,0,0.112614
5626,2002-07-10,5,9,0,0.112592
5627,2002-07-13,7,4,0,0.11257
5628,2002-07-17,2,2,1,0.112746
5629,2002-07-20,6,9,0,0.112724
5630,2002-07-24,6,2,0,0.112701
5631,2002-07-27,2,2,1,0.112878
5632,2002-07-31,5,9,0,0.112855
5633,2002-08-03,6,4,0,0.112833
5634,2002-08-07,9,2,0,0.11281
5635,2002-08-10,3,9,0,0.112788
5636,2002-08-14,6,6,1,0.112964
5637,2002-08-17,9,2,0,0.112942
5638,2002-08-21,3,9,0,0.112919
5639,2002-08-24,8,6,0,0.112897
5640,2002-08-28,5,8,0,0.112874
5641,2002-08-31,2,4,0,0.112852
5642,2002-09-04,6,9,0,0.11283
5643,2002-09-07,1,2,0,0.112807
5644,2002-09-11,9,2,0,0.112785
5645,2002-09-14,1,9,0,0.112763
5646,2002-09-18,5,2,0,0.11274
5647,2002-09-21,3,4,0,0.112718
5648,2002-09-25,5,6,0,0.112696
5649,2002-09-28,5,4,0,0.112673
5650,2002-10-02,8,4,0,0.112651
5651,2002-10-05,2,8,0,0.112629
5652,2002-10-09,3,9,0,0.112606
5653,2002-10-12,2,6,0,0.112584
5654,2002-10-16,1,9,0,0.112562
5655,2002-10-19,1,2,0,0.11254
5656,2002-10-23,7,2,0,0.112517
5657,2002-10-26,9,2,0,0.112495
5658,2002-10-30,3,9,0,0.112473
5659,2002-11-02,3,6,0,0.112451
5660,2002-11-06,3,6,0,0.112428
5661,2002-11-09,2,6,0,0.112406
5662,2002-11-13,9,9,1,0.112581
5663,2002-11-16,2,9,0,0.112559
5664,2002-11-20,3,9,0,0.112537
5665,2002-11-23,8,6,0,0.112515
5666,2002-11-27,3,8,0,0.112493
5667,2002-11-30,1,6,0,0.11247
5668,2002-12-03,4,2,0,0.112448
5669,2002-12-05,5,6,0,0.112426
5670,2002-12-07,5,4,0,0.112404
5671,2002-12-10,2,4,0,0.112382
5672,2002-12-12,8,9,0,0.11236
5673,2002-12-14,5,8,0,0.112337
5674,2002-12-17,1,4,0,0.112315
5675,2002-12-19,6,2,0,0.112293
5676,2002-12-21,1,2,0,0.112271
5677,2002-12-24,8,2,0,0.112249
5678,2002-12-27,6,8,0,0.112227
5679,2002-12-28,9,2,0,0.112205
5680,2002-12-31,6,9,0,0.112183
5681,2003-01-02,4,2,0,0.112161
5682,2003-01-04,9,6,0,0.112139
5683,2003-01-08,6,9,0,0.112116
5684,2003-01-11,8,2,0,0.112094
5685,2003-01-15,8,8,1,0.112269
5686,2003-01-18,1,8,0,0.112247
5687,2003-01-22,4,2,0,0.112225
5688,2003-01-25,3,6,0,0.112203
5689,2003-01-29,7,6,0,0.112181
5690,2003-02-01,6,2,0,0.112159
5691,2003-02-05,9,2,0,0.112137
5692,2003-02-08,8,9,0,0.112115
5693,2003-02-12,7,8,0,0.112093
5694,2003-02-15,5,2,0,0.112071
5695,2003-02-19,5,4,0,0.112049
5696,2003-02-22,3,4,0,0.112027
5697,2003-02-26,1,6,0,0.112005
5698,2003-03-01,8,2,0,0.111983
5699,2003-03-05,4,8,0,0.111961
5700,2003-03-08,8,6,0,0.111939
5701,2003-03-12,9,8,0,0.111917
5702,2003-03-15,4,9,0,0.111895
5703,2003-03-19,3,6,0,0.111873
5704,2003-03-22,2,6,0,0.111851
5705,2003-03-26,7,9,0,0.111829
5706,2003-03-29,7,2,0,0.111807
5707,2003-04-02,2,2,1,0.111981
5708,2003-04-05,4,9,0,0.111959
5709,2003-04-09,4,6,0,0.111937
5710,2003-04-12,5,6,0,0.111915
5711,2003-04-16,3,4,0,0.111894
5712,2003-04-19,1,6,0,0.111872
5713,2003-04-23,7,2,0,0.11185
5714,2003-04-26,8,2,0,0.111828
5715,2003-04-30,8,8,1,0.112002
5716,2003-05-03,6,8,0,0.11198
5717,2003-05-07,3,2,0,0.111958
5718,2003-05-10,5,6,0,0.111936
5719,2003-05-14,4,4,1,0.112109
5720,2003-05-17,7,6,0,0.112087
5721,2003-05-21,1,2,0,0.112066
5722,2003-05-24,5,2,0,0.112044
5723,2003-05-28,6,4,0,0.112022
5724,2003-05-31,5,2,0,0.112
5725,2003-06-04,9,4,0,0.111978
5726,2003-06-07,1,9,0,0.111956
5727,2003-06-11,4,2,0,0.111934
5728,2003-06-14,7,6,0,0.111913
5729,2003-06-18,5,2,0,0.111891
5730,2003-06-21,5,4,0,0.111869
5731,2003-06-25,4,4,1,0.112042
5732,2003-06-28,4,6,0,0.11202
5733,2003-07-02,5,6,0,0.111998
5734,2003-07-05,2,4,0,0.111977
5735,2003-07-09,7,9,0,0.111955
5736,2003-07-12,5,2,0,0.111933
5737,2003-07-16,5,4,0,0.111911
5738,2003-07-19,9,4,0,0.111889
5739,2003-07-23,2,9,0,0.111868
5740,2003-07-26,8,9,0,0.111846
5741,2003-07-30,4,8,0,0.111824
5742,2003-08-02,2,6,0,0.111802
5743,2003-08-06,7,9,0,0.111781
5744,2003-08-09,2,2,1,0.111953
5745,2003-08-13,1,9,0,0.111932
5746,2003-08-16,1,2,0,0.11191
5747,2003-08-20,1,2,0,0.111888
5748,2003-08-23,5,2,0,0.111866
5749,2003-08-27,5,4,0,0.111845
5750,2003-08-30,6,4,0,0.111823
5751,2003-09-03,1,2,0,0.111801
5752,2003-09-06,6,2,0,0.11178
5753,2003-09-10,9,2,0,0.111758
5754,2003-09-13,2,9,0,0.111736
5755,2003-09-17,2,9,0,0.111715
5756,2003-09-20,9,9,1,0.111887
5757,2003-09-24,8,9,0,0.111865
5758,2003-09-27,1,8,0,0.111843
5759,2003-10-01,7,2,0,0.111822
5760,2003-10-04,3,2,0,0.1118
5761,2003-10-08,4,6,0,0.111778
5762,2003-10-11,8,6,0,0.111757
5763,2003-10-15,4,8,0,0.111735
5764,2003-10-18,1,6,0,0.111713
5765,2003-10-22,7,2,0,0.111692
5766,2003-10-25,4,2,0,0.11167
5767,2003-10-29,4,6,0,0.111649
5768,2003-11-03,2,6,0,0.111627
5769,2003-11-05,7,9,0,0.111605
5770,2003-11-08,7,2,0,0.111584
5771,2003-11-12,8,2,0,0.111562
5772,2003-11-15,6,8,0,0.111541
5773,2003-11-19,7,2,0,0.111519
5774,2003-11-22,2,2,1,0.111691
5775,2003-11-26,8,9,0,0.111669
5776,2003-11-29,2,8,0,0.111648
5777,2003-12-03,9,9,1,0.111819
5778,2003-12-06,1,9,0,0.111798
5779,2003-12-10,4,2,0,0.111776
5780,2003-12-13,5,6,0,0.111754
5781,2003-12-17,8,4,0,0.111733
5782,2003-12-20,2,8,0,0.111711
5783,2003-12-24,2,9,0,0.11169
5784,2003-12-27,8,9,0,0.111668
5785,2003-12-31,3,8,0,0.111647
5786,2004-01-03,2,6,0,0.111625
5787,2004-01-07,4,9,0,0.111604
5788,2004-01-10,9,6,0,0.111582
5789,2004-01-14,3,9,0,0.111561
5790,2004-01-17,7,6,0,0.111539
5791,2004-01-21,2,2,1,0.11171
5792,2004-01-24,2,9,0,0.111689
5793,2004-01-28,3,9,0,0.111667
5794,2004-01-31,3,6,0,0.111646
5795,2004-02-04,5,6,0,0.111624
5796,2004-02-07,7,4,0,0.111603
5797,2004-02-11,7,2,0,0.111581
5798,2004-02-14,4,2,0,0.11156
5799,2004-02-18,5,6,0,0.111538
5800,2004-02-21,9,4,0,0.111517
5801,2004-02-25,6,9,0,0.111496
5802,2004-02-28,7,2,0,0.111474
5803,2004-03-03,8,2,0,0.111453
5804,2004-03-06,3,8,0,0.111431
5805,2004-03-10,9,6,0,0.11141
5806,2004-03-13,7,9,0,0.111389
5807,2004-03-17,8,2,0,0.111367
5808,2004-03-20,2,8,0,0.111346
5809,2004-03-24,7,9,0,0.111324
5810,2004-03-27,9,2,0,0.111303
5811,2004-03-31,7,9,0,0.111282
5812,2004-04-03,1,2,0,0.11126
5813,2004-04-07,2,2,1,0.111431
5814,2004-04-10,8,9,0,0.111409
5815,2004-04-14,7,8,0,0.111388
5816,2004-04-17,6,2,0,0.111367
5817,2004-04-21,2,2,1,0.111537
5818,2004-04-24,2,9,0,0.111516
5819,2004-04-28,3,9,0,0.111494
5820,2004-05-03,9,6,0,0.111473
5821,2004-05-05,9,9,1,0.111643
5822,2004-05-08,2,9,0,0.111622
5823,2004-05-12,7,9,0,0.1116
5824,2004-05-15,3,2,0,0.111579
5825,2004-05-19,3,6,0,0.111558
5826,2004-05-22,6,6,1,0.111728
5827,2004-05-26,3,2,0,0.111706
5828,2004-05-29,2,6,0,0.111685
5829,2004-06-03,1,9,0,0.111663
5830,2004-06-05,3,2,0,0.111642
5831,2004-06-09,5,6,0,0.111621
5832,2004-06-12,3,4,0,0.111599
5833,2004-06-16,9,6,0,0.111578
5834,2004-06-19,9,9,1,0.111748
5835,2004-06-23,2,9,0,0.111727
5836,2004-06-26,4,9,0,0.111705
5837,2004-06-30,6,6,1,0.111875
5838,2004-07-03,8,2,0,0.111853
5839,2004-07-07,3,8,0,0.111832
5840,2004-07-10,3,6,0,0.111811
5841,2004-07-14,5,6,0,0.111789
5842,2004-07-17,4,4,1,0.111959
5843,2004-07-21,2,6,0,0.111937
5844,2004-07-24,1,9,0,0.111916
5845,2004-07-28,9,2,0,0.111895
5846,2004-07-31,4,9,0,0.111873
5847,2004-08-04,5,6,0,0.111852
5848,2004-08-07,7,4,0,0.111831
5849,2004-08-11,3,2,0,0.11181
5850,2004-08-14,4,6,0,0.111788
5851,2004-08-18,7,6,0,0.111767
5852,2004-08-21,8,2,0,0.111746
5853,2004-08-25,6,8,0,0.111724
5854,2004-08-28,3,2,0,0.111703
5855,2004-09-01,4,6,0,0.111682
5856,2004-09-04,6,6,1,0.111851
5857,2004-09-08,5,2,0,0.11183
5858,2004-09-11,3,4,0,0.111808
5859,2004-09-15,6,6,1,0.111977
5860,2004-09-18,7,2,0,0.111956
5861,2004-09-22,8,2,0,0.111935
5862,2004-09-25,7,8,0,0.111913
5863,2004-09-29,8,2,0,0.111892
5864,2004-10-02,5,8,0,0.111871
5865,2004-10-06,8,4,0,0.11185
5866,2004-10-09,3,8,0,0.111828
5867,2004-10-13,8,6,0,0.111807
5868,2004-10-16,2,8,0,0.111786
5869,2004-10-20,1,9,0,0.111765
5870,2004-10-23,4,2,0,0.111744
5871,2004-10-27,3,6,0,0.111722
5872,2004-10-30,3,6,0,0.111701
5873,2004-11-03,6,6,1,0.11187
5874,2004-11-06,2,2,1,0.112038
5875,2004-11-10,9,9,1,0.112206
5876,2004-11-13,7,9,0,0.112185
5877,2004-11-17,6,2,0,0.112164
5878,2004-11-20,8,2,0,0.112142
5879,2004-11-24,4,8,0,0.112121
5880,2004-11-27,1,6,0,0.1121
5881,2004-12-01,4,2,0,0.112079
5882,2004-12-04,9,6,0,0.112058
5883,2004-12-09,7,9,0,0.112036
5884,2004-12-11,8,2,0,0.112015
5885,2004-12-15,9,8,0,0.111994
5886,2004-12-18,2,9,0,0.111973
5887,2004-12-22,8,9,0,0.111952
5888,2004-12-27,5,8,0,0.11193
5889,2004-12-29,2,4,0,0.111909
5890,2005-01-03,1,9,0,0.111888
5891,2005-01-05,1,2,0,0.111867
5892,2005-01-08,6,2,0,0.111846
5893,2005-01-12,3,2,0,0.111825
5894,2005-01-15,7,6,0,0.111804
5895,2005-01-19,1,2,0,0.111782
5896,2005-01-22,6,2,0,0.111761
5897,2005-01-26,7,2,0,0.11174
5898,2005-01-29,4,2,0,0.111719
5899,2005-02-02,7,6,0,0.111698
5900,2005-02-05,1,2,0,0.111677
5901,2005-02-09,3,2,0,0.111656
5902,2005-02-12,4,6,0,0.111635
5903,2005-02-16,2,6,0,0.111614
5904,2005-02-19,4,9,0,0.111593
5905,2005-02-23,8,6,0,0.111572
5906,2005-02-26,8,8,1,0.111739
5907,2005-03-02,7,8,0,0.111718
5908,2005-03-05,6,2,0,0.111697
5909,2005-03-09,1,2,0,0.111676
5910,2005-03-12,5,2,0,0.111655
5911,2005-03-16,7,4,0,0.111634
5912,2005-03-19,1,2,0,0.111613
5913,2005-03-23,9,2,0,0.111592
5914,2005-03-26,7,9,0,0.111571
5915,2005-03-30,7,2,0,0.11155
5916,2005-04-02,6,2,0,0.111529
5917,2005-04-06,5,2,0,0.111508
5918,2005-04-09,2,4,0,0.111487
5919,2005-04-13,1,9,0,0.111466
5920,2005-04-16,2,2,1,0.111633
5921,2005-04-20,4,9,0,0.111612
5922,2005-04-23,1,6,0,0.111591
5923,2005-04-27,2,2,1,0.111758
5924,2005-04-30,1,9,0,0.111737
5925,2005-05-04,7,2,0,0.111716
5926,2005-05-07,4,2,0,0.111695
5927,2005-05-11,1,6,0,0.111674
5928,2005-05-14,6,2,0,0.111653
5929,2005-05-18,3,2,0,0.111632
5930,2005-05-21,5,6,0,0.111611
5931,2005-05-25,9,4,0,0.11159
5932,2005-05-28,6,9,0,0.111569
5933,2005-06-01,8,2,0,0.111549
5934,2005-06-04,1,8,0,0.111528
5935,2005-06-08,3,2,0,0.111507
5936,2005-06-11,2,6,0,0.111486
5937,2005-06-15,9,9,1,0.111652
5938,2005-06-18,6,9,0,0.111631
5939,2005-06-21,1,2,0,0.11161
5940,2005-06-23,9,2,0,0.11159
5941,2005-06-25,9,9,1,0.111756
5942,2005-06-28,4,9,0,0.111735
5943,2005-06-30,8,1,0,0.111714
5944,2005-07-02,8,8,1,0.11188
5945,2005-07-05,6,8,0,0.111859
5946,2005-07-07,9,2,0,0.111838
5947,2005-07-09,3,9,0,0.111818
5948,2005-07-12,5,6,0,0.111797
5949,2005-07-14,8,4,0,0.111776
5950,2005-07-16,7,8,0,0.111755
5951,2005-07-19,4,2,0,0.111734
5952,2005-07-21,4,1,0,0.111713
5953,2005-07-23,8,1,0,0.111692
5954,2005-07-26,5,8,0,0.111671
5955,2005-07-28,8,4,0,0.11165
5956,2005-07-30,5,8,0,0.11163
5957,2005-08-02,7,4,0,0.111609
5958,2005-08-04,5,2,0,0.111588
5959,2005-08-06,3,4,0,0.111567
5960,2005-08-09,6,6,1,0.111733
5961,2005-08-11,3,2,0,0.111712
5962,2005-08-13,5,6,0,0.111691
5963,2005-08-16,8,4,0,0.11167
5964,2005-08-18,4,8,0,0.11165
5965,2005-08-20,7,1,0,0.111629
5966,2005-08-23,7,2,0,0.111608
5967,2005-08-25,7,2,0,0.111587
5968,2005-08-27,8,2,0,0.111566
5969,2005-08-30,3,8,0,0.111546
5970,2005-09-01,4,6,0,0.111525
5971,2005-09-03,3,1,0,0.111504
5972,2005-09-06,2,6,0,0.111483
5973,2005-09-08,6,9,0,0.111463
5974,2005-09-10,8,2,0,0.111442
5975,2005-09-13,9,8,0,0.111421
5976,2005-09-15,1,9,0,0.1114
5977,2005-09-17,6,2,0,0.11138
5978,2005-09-20,9,2,0,0.111359
5979,2005-09-22,7,9,0,0.111338
5980,2005-09-24,1,2,0,0.111318
5981,2005-09-27,8,2,0,0.111297
5982,2005-09-29,8,8,1,0.111462
5983,2005-10-01,9,8,0,0.111441
5984,2005-10-04,9,9,1,0.111606
5985,2005-10-06,7,9,0,0.111586
5986,2005-10-08,7,2,0,0.111565
5987,2005-10-11,8,2,0,0.111544
5988,2005-10-13,1,8,0,0.111523
5989,2005-10-15,5,2,0,0.111503
5990,2005-10-18,9,4,0,0.111482
5991,2005-10-20,7,9,0,0.111461
5992,2005-10-22,1,2,0,0.111441
5993,2005-10-25,9,2,0,0.11142
5994,2005-10-27,3,9,0,0.111399
5995,2005-10-29,9,6,0,0.111379
5996,2005-11-02,9,9,1,0.111543
5997,2005-11-03,7,9,0,0.111523
5998,2005-11-05,7,2,0,0.111502
5999,2005-11-08,4,7,0,0.111481
6000,2005-11-10,9,1,0,0.111461
6001,2005-11-12,9,9,1,0.111625
6002,2005-11-15,9,9,1,0.11179
6003,2005-11-17,7,9,0,0.111769
6004,2005-11-19,2,7,0,0.111748
6005,2005-11-22,9,9,1,0.111913
6006,2005-11-24,6,9,0,0.111892
6007,2005-11-26,3,2,0,0.111871
6008,2005-11-29,5,6,0,0.111851
6009,2005-12-01,4,4,1,0.112015
6010,2005-12-03,3,1,0,0.111994
6011,2005-12-06,2,6,0,0.111973
6012,2005-12-09,6,9,0,0.111953
6013,2005-12-10,4,2,0,0.111932
6014,2005-12-13,7,1,0,0.111911
6015,2005-12-15,1,2,0,0.111891
6016,2005-12-17,1,2,0,0.11187
6017,2005-12-20,8,2,0,0.111849
6018,2005-12-22,4,8,0,0.111829
6019,2005-12-24,9,1,0,0.111808
6020,2005-12-27,5,9,0,0.111787
6021,2005-12-29,1,4,0,0.111767
6022,2005-12-31,9,2,0,0.111746
6023,2006-01-03,3,9,0,0.111726
6024,2006-01-05,1,6,0,0.111705
6025,2006-01-07,3,2,0,0.111684
6026,2006-01-10,5,6,0,0.111664
6027,2006-01-12,8,4,0,0.111643
6028,2006-01-14,3,8,0,0.111623
6029,2006-01-17,4,6,0,0.111602
6030,2006-01-19,6,1,0,0.111582
6031,2006-01-21,4,2,0,0.111561
6032,2006-01-24,2,6,0,0.111541
6033,2006-01-26,5,9,0,0.11152
6034,2006-01-28,2,4,0,0.1115
6035,2006-01-31,8,9,0,0.111479
6036,2006-02-02,4,8,0,0.111459
6037,2006-02-04,9,6,0,0.111438
6038,2006-02-07,2,9,0,0.111418
6039,2006-02-09,9,9,1,0.111581
6040,2006-02-11,1,9,0,0.11156
6041,2006-02-14,1,2,0,0.11154
6042,2006-02-16,4,2,0,0.111519
6043,2006-02-18,6,6,1,0.111683
6044,2006-02-21,8,2,0,0.111662
6045,2006-02-23,1,8,0,0.111642
6046,2006-02-25,7,2,0,0.111621
6047,2006-02-28,5,2,0,0.111601
6048,2006-03-02,1,4,0,0.11158
6049,2006-03-04,4,2,0,0.11156
6050,2006-03-07,2,6,0,0.111539
6051,2006-03-09,3,9,0,0.111519
6052,2006-03-11,2,6,0,0.111498
6053,2006-03-14,6,9,0,0.111478
6054,2006-03-16,4,2,0,0.111457
6055,2006-03-18,1,6,0,0.111437
6056,2006-03-21,8,2,0,0.111417
6057,2006-03-23,6,8,0,0.111396
6058,2006-03-25,5,2,0,0.111376
6059,2006-03-28,3,4,0,0.111355
6060,2006-03-30,2,2,1,0.111518
6061,2006-04-01,8,9,0,0.111498
6062,2006-04-04,7,8,0,0.111477
6063,2006-04-06,1,2,0,0.111457
6064,2006-04-08,9,2,0,0.111436
6065,2006-04-11,4,9,0,0.111416
6066,2006-04-13,8,6,0,0.111396
6067,2006-04-15,9,8,0,0.111375
6068,2006-04-18,1,9,0,0.111355
6069,2006-04-20,2,2,1,0.111517
6070,2006-04-22,2,9,0,0.111497
6071,2006-04-26,1,9,0,0.111477
6072,2006-04-27,7,2,0,0.111456
6073,2006-04-29,3,2,0,0.111436
6074,2006-05-02,2,2,1,0.111598
6075,2006-05-04,1,9,0,0.111578
6076,2006-05-06,5,2,0,0.111557
6077,2006-05-09,4,4,1,0.11172
6078,2006-05-11,3,6,0,0.111699
6079,2006-05-13,4,2,0,0.111679
6080,2006-05-16,5,6,0,0.111658
6081,2006-05-18,1,4,0,0.111638
6082,2006-05-20,5,2,0,0.111618
6083,2006-05-23,6,4,0,0.111597
6084,2006-05-25,6,2,0,0.111577
6085,2006-05-27,5,2,0,0.111557
6086,2006-05-30,2,4,0,0.111536
6087,2006-06-01,2,9,0,0.111516
6088,2006-06-03,1,9,0,0.111496
6089,2006-06-06,7,2,0,0.111475
6090,2006-06-08,6,2,0,0.111455
6091,2006-06-10,8,2,0,0.111435
6092,2006-06-13,5,8,0,0.111415
6093,2006-06-15,7,4,0,0.111394
6094,2006-06-17,3,2,0,0.111374
6095,2006-06-20,9,2,0,0.111354
6096,2006-06-22,3,9,0,0.111333
6097,2006-06-24,6,2,0,0.111313
6098,2006-06-27,8,2,0,0.111293
6099,2006-06-29,2,8,0,0.111273
6100,2006-07-01,2,9,0,0.111252
6101,2006-07-04,5,9,0,0.111232
6102,2006-07-06,1,4,0,0.111212
6103,2006-07-08,6,2,0,0.111192
6104,2006-07-11,2,2,1,0.111353
6105,2006-07-13,2,9,0,0.111333
6106,2006-07-15,6,9,0,0.111313
6107,2006-07-18,5,2,0,0.111293
6108,2006-07-20,8,4,0,0.111272
6109,2006-07-22,3,8,0,0.111252
6110,2006-07-25,8,2,0,0.111232
6111,2006-07-27,2,8,0,0.111212
6112,2006-07-29,4,9,0,0.111192
6113,2006-08-01,3,6,0,0.111172
6114,2006-08-03,7,2,0,0.111151
6115,2006-08-05,9,2,0,0.111131
6116,2006-08-08,5,9,0,0.111111
6117,2006-08-10,6,4,0,0.111091
6118,2006-08-12,8,2,0,0.111071
6119,2006-08-16,9,8,0,0.111051
6120,2006-08-17,8,9,0,0.111031
6121,2006-08-19,6,8,0,0.111011
6122,2006-08-22,4,2,0,0.11099
6123,2006-08-24,6,6,1,0.111151
6124,2006-08-26,8,2,0,0.111131
6125,2006-08-29,4,8,0,0.111111
6126,2006-08-31,5,6,0,0.111091
6127,2006-09-02,1,4,0,0.111071
6128,2006-09-05,3,2,0,0.111051
6129,2006-09-07,8,2,0,0.111031
6130,2006-09-09,4,8,0,0.111011
6131,2006-09-12,3,6,0,0.110991
6132,2006-09-14,8,2,0,0.110971
6133,2006-09-16,2,8,0,0.11095
6134,2006-09-19,2,9,0,0.11093
6135,2006-09-21,1,9,0,0.11091
6136,2006-09-23,2,2,1,0.111071
6137,2006-09-26,1,1,1,0.111231
6138,2006-09-28,9,2,0,0.111211
6139,2006-09-30,8,9,0,0.111191
6140,2006-10-03,4,8,0,0.111171
6141,2006-10-05,3,6,0,0.111151
6142,2006-10-07,1,2,0,0.111131
6143,2006-10-10,8,2,0,0.111111
6144,2006-10-12,7,8,0,0.111091
6145,2006-10-14,1,2,0,0.111071
6146,2006-10-17,9,2,0,0.111051
6147,2006-10-19,3,9,0,0.111031
6148,2006-10-21,1,2,0,0.111011
6149,2006-10-24,8,2,0,0.110991
6150,2006-10-26,6,8,0,0.110971
6151,2006-10-28,1,2,0,0.110951
6152,2006-10-31,8,2,0,0.110931
6153,2006-11-02,2,8,0,0.110911
6154,2006-11-04,8,1,0,0.110891
6155,2006-11-07,2,8,0,0.110871
6156,2006-11-09,6,1,0,0.110851
6157,2006-11-11,6,2,0,0.110831
6158,2006-11-14,7,2,0,0.110811
6159,2006-11-16,4,2,0,0.110791
6160,2006-11-18,9,6,0,0.110771
6161,2006-11-21,5,9,0,0.110752
6162,2006-11-23,8,4,0,0.110732
6163,2006-11-25,2,8,0,0.110712
6164,2006-11-28,1,1,1,0.110872
6165,2006-11-30,1,2,0,0.110852
6166,2006-12-02,6,2,0,0.110832
6167,2006-12-05,7,2,0,0.110812
6168,2006-12-07,1,2,0,0.110792
6169,2006-12-09,8,2,0,0.110772
6170,2006-12-12,6,8,0,0.110752
6171,2006-12-14,7,2,0,0.110732
6172,2006-12-16,8,2,0,0.110712
6173,2006-12-19,9,8,0,0.110693
6174,2006-12-21,8,9,0,0.110673
6175,2006-12-23,5,8,0,0.110653
6176,2006-12-27,9,4,0,0.110633
6177,2006-12-28,8,9,0,0.110613
6178,2006-12-30,8,8,1,0.110773
6179,2007-01-02,9,8,0,0.110753
6180,2007-01-04,9,9,1,0.110912
6181,2007-01-08,2,9,0,0.110892
6182,2007-01-09,3,1,0,0.110872
6183,2007-01-11,7,2,0,0.110852
6184,2007-01-13,4,2,0,0.110833
6185,2007-01-16,9,6,0,0.110813
6186,2007-01-18,9,9,1,0.110972
6187,2007-01-20,2,9,0,0.110952
6188,2007-01-23,4,1,0,0.110932
6189,2007-01-25,1,6,0,0.110912
6190,2007-01-27,4,2,0,0.110893
6191,2007-01-30,4,6,0,0.110873
6192,2007-02-01,7,6,0,0.110853
6193,2007-02-03,5,2,0,0.110833
6194,2007-02-06,5,4,0,0.110813
6195,2007-02-08,8,4,0,0.110793
6196,2007-02-10,8,8,1,0.110952
6197,2007-02-13,3,8,0,0.110932
6198,2007-02-15,6,2,0,0.110913
6199,2007-02-17,6,2,0,0.110893
6200,2007-02-20,9,2,0,0.110873
6201,2007-02-22,1,9,0,0.110853
6202,2007-02-24,7,2,0,0.110833
6203,2007-02-27,1,2,0,0.110814
6204,2007-03-01,3,2,0,0.110794
6205,2007-03-03,6,2,0,0.110774
6206,2007-03-06,6,2,0,0.110754
6207,2007-03-08,7,2,0,0.110735
6208,2007-03-10,3,2,0,0.110715
6209,2007-03-13,6,6,1,0.110873
6210,2007-03-15,2,2,1,0.111032
6211,2007-03-17,1,1,1,0.11119
6212,2007-03-20,9,2,0,0.11117
6213,2007-03-22,7,9,0,0.111151
6214,2007-03-24,3,2,0,0.111131
6215,2007-03-27,2,6,0,0.111111
6216,2007-03-29,5,1,0,0.111091
6217,2007-03-31,6,4,0,0.111072
6218,2007-04-03,2,2,1,0.11123
6219,2007-04-05,5,1,0,0.11121
6220,2007-04-07,9,4,0,0.11119
6221,2007-04-10,5,9,0,0.11117
6222,2007-04-12,5,4,0,0.111151
6223,2007-04-14,8,4,0,0.111131
6224,2007-04-17,1,8,0,0.111111
6225,2007-04-19,5,2,0,0.111091
6226,2007-04-21,3,4,0,0.111072
6227,2007-04-24,1,6,0,0.111052
6228,2007-04-26,7,2,0,0.111032
6229,2007-04-28,4,2,0,0.111012
6230,2007-05-02,3,6,0,0.110993
6231,2007-05-03,6,6,1,0.111151
6232,2007-05-05,2,2,1,0.111308
6233,2007-05-08,5,1,0,0.111289
6234,2007-05-10,1,4,0,0.111269
6235,2007-05-12,4,2,0,0.111249
6236,2007-05-15,1,6,0,0.111229
6237,2007-05-17,8,2,0,0.11121
6238,2007-05-19,7,8,0,0.11119
6239,2007-05-22,8,4,0,0.11117
6240,2007-05-24,4,8,0,0.111151
6241,2007-05-26,8,1,0,0.111131
6242,2007-05-29,2,8,0,0.111111
6243,2007-05-31,7,1,0,0.111091
6244,2007-06-04,3,4,0,0.111072
6245,2007-06-05,4,6,0,0.111052
6246,2007-06-07,8,1,0,0.111032
6247,2007-06-09,4,8,0,0.111013
6248,2007-06-12,4,1,0,0.110993
6249,2007-06-14,8,1,0,0.110973
6250,2007-06-16,8,8,1,0.111131
6251,2007-06-19,9,8,0,0.111111
6252,2007-06-21,3,9,0,0.111091
6253,2007-06-23,2,6,0,0.111072
6254,2007-06-26,7,1,0,0.111052
6255,2007-06-28,5,4,0,0.111033
6256,2007-06-30,2,4,0,0.111013
6257,2007-07-03,7,1,0,0.110993
6258,2007-07-05,5,4,0,0.110974
6259,2007-07-07,8,4,0,0.110954
6260,2007-07-10,4,8,0,0.110934
6261,2007-07-12,9,1,0,0.110915
6262,2007-07-14,2,9,0,0.110895
6263,2007-07-17,7,1,0,0.110876
6264,2007-07-19,9,4,0,0.110856
6265,2007-07-21,7,9,0,0.110837
6266,2007-07-24,2,4,0,0.110817
6267,2007-07-26,3,1,0,0.110797
6268,2007-07-28,2,6,0,0.110778
6269,2007-07-31,2,1,0,0.110758
6270,2007-08-02,1,1,1,0.110915
6271,2007-08-04,9,2,0,0.110896
6272,2007-08-07,7,9,0,0.110876
6273,2007-08-09,2,2,1,0.111033
6274,2007-08-11,3,1,0,0.111013
6275,2007-08-14,9,2,0,0.110994
6276,2007-08-16,8,9,0,0.110974
6277,2007-08-18,5,8,0,0.110955
6278,2007-08-21,3,4,0,0.110935
6279,2007-08-23,1,2,0,0.110915
6280,2007-08-25,5,2,0,0.110896
6281,2007-08-28,8,4,0,0.110876
6282,2007-08-30,8,8,1,0.111033
6283,2007-09-01,1,8,0,0.111013
6284,2007-09-04,7,2,0,0.110994
6285,2007-09-06,7,2,0,0.110974
6286,2007-09-08,6,2,0,0.110955
6287,2007-09-11,8,2,0,0.110935
6288,2007-09-13,5,8,0,0.110916
6289,2007-09-15,3,4,0,0.110896
6290,2007-09-18,2,2,1,0.111053
6291,2007-09-20,7,1,0,0.111033
6292,2007-09-22,3,2,0,0.111014
6293,2007-09-25,2,2,1,0.11117
6294,2007-09-27,4,1,0,0.11115
6295,2007-09-29,3,1,0,0.111131
6296,2007-10-02,5,2,0,0.111111
6297,2007-10-04,7,4,0,0.111092
6298,2007-10-06,9,2,0,0.111072
6299,2007-10-09,6,9,0,0.111053
6300,2007-10-11,5,2,0,0.111033
6301,2007-10-13,7,4,0,0.111014
6302,2007-10-16,5,2,0,0.110994
6303,2007-10-18,1,4,0,0.110975
6304,2007-10-20,9,2,0,0.110955
6305,2007-10-23,4,9,0,0.110936
6306,2007-10-25,8,1,0,0.110916
6307,2007-10-27,6,8,0,0.110897
6308,2007-10-30,9,2,0,0.110878
6309,2007-11-02,8,9,0,0.110858
6310,2007-11-03,7,8,0,0.110839
6311,2007-11-06,3,2,0,0.110819
6312,2007-11-08,8,2,0,0.1108
6313,2007-11-10,8,8,1,0.110956
6314,2007-11-13,7,8,0,0.110936
6315,2007-11-15,4,2,0,0.110917
6316,2007-11-17,2,1,0,0.110897
6317,2007-11-20,4,1,0,0.110878
6318,2007-11-22,7,1,0,0.110859
6319,2007-11-24,5,2,0,0.110839
6320,2007-11-27,9,4,0,0.11082
6321,2007-11-29,5,9,0,0.1108
6322,2007-12-01,9,4,0,0.110781
6323,2007-12-04,3,9,0,0.110762
6324,2007-12-06,3,2,0,0.110742
6325,2007-12-10,4,2,0,0.110723
6326,2007-12-11,6,1,0,0.110704
6327,2007-12-13,8,2,0,0.110684
6328,2007-12-15,6,8,0,0.110665
6329,2007-12-18,2,2,1,0.11082
6330,2007-12-20,9,1,0,0.110801
6331,2007-12-22,4,9,0,0.110782
6332,2007-12-24,3,6,0,0.110762
6333,2007-12-27,6,2,0,0.110743
6334,2007-12-29,9,2,0,0.110724
6335,2008-01-02,8,9,0,0.110704
6336,2008-01-03,9,8,0,0.110685
6337,2008-01-05,1,9,0,0.110666
6338,2008-01-08,5,2,0,0.110646
6339,2008-01-10,3,4,0,0.110627
6340,2008-01-12,1,2,0,0.110608
6341,2008-01-15,7,2,0,0.110589
6342,2008-01-17,9,2,0,0.110569
6343,2008-01-19,7,9,0,0.11055
6344,2008-01-22,5,2,0,0.110531
6345,2008-01-24,6,3,0,0.110512
6346,2008-01-26,3,2,0,0.110492
6347,2008-01-29,4,2,0,0.110473
6348,2008-01-31,9,6,0,0.110454
6349,2008-02-02,7,9,0,0.110435
6350,2008-02-05,8,2,0,0.110416
6351,2008-02-07,6,8,0,0.110396
6352,2008-02-09,7,2,0,0.110377
6353,2008-02-12,7,2,0,0.110358
6354,2008-02-14,3,2,0,0.110339
6355,2008-02-16,5,2,0,0.11032
6356,2008-02-19,9,3,0,0.110301
6357,2008-02-21,4,9,0,0.110281
6358,2008-02-23,6,6,1,0.110436
6359,2008-02-26,6,2,0,0.110417
6360,2008-02-28,8,2,0,0.110398
6361,2008-03-01,3,8,0,0.110378
6362,2008-03-04,1,2,0,0.110359
6363,2008-03-06,5,2,0,0.11034
6364,2008-03-08,6,3,0,0.110321
6365,2008-03-11,6,2,0,0.110302
6366,2008-03-13,9,2,0,0.110283
6367,2008-03-15,8,9,0,0.110264
6368,2008-03-18,1,8,0,0.110244
6369,2008-03-20,2,2,1,0.110399
6370,2008-03-22,8,1,0,0.110379
6371,2008-03-25,1,8,0,0.11036
6372,2008-03-27,1,2,0,0.110341
6373,2008-03-29,6,2,0,0.110322
6374,2008-04-01,3,2,0,0.110303
6375,2008-04-03,6,2,0,0.110284
6376,2008-04-05,1,2,0,0.110265
6377,2008-04-08,3,2,0,0.110246
6378,2008-04-10,6,2,0,0.110227
6379,2008-04-12,3,2,0,0.110208
6380,2008-04-15,5,6,0,0.110189
6381,2008-04-17,3,3,1,0.110342
6382,2008-04-19,2,6,0,0.110323
6383,2008-04-22,9,1,0,0.110304
6384,2008-04-24,9,9,1,0.110458
6385,2008-04-26,3,9,0,0.110439
6386,2008-04-29,9,2,0,0.11042
6387,2008-05-02,2,9,0,0.110401
6388,2008-05-03,4,1,0,0.110382
6389,2008-05-06,8,6,0,0.110363
6390,2008-05-08,9,8,0,0.110344
6391,2008-05-10,6,9,0,0.110325
6392,2008-05-13,9,2,0,0.110306
6393,2008-05-15,5,9,0,0.110287
6394,2008-05-17,1,3,0,0.110267
6395,2008-05-20,2,2,1,0.110421
6396,2008-05-22,6,1,0,0.110402
6397,2008-05-24,8,2,0,0.110383
6398,2008-05-27,6,8,0,0.110364
6399,2008-05-29,9,2,0,0.110345
6400,2008-05-31,2,9,0,0.110326
6401,2008-06-03,2,1,0,0.110307
6402,2008-06-05,4,1,0,0.110288
6403,2008-06-07,9,6,0,0.110269
6404,2008-06-10,5,9,0,0.11025
6405,2008-06-12,8,3,0,0.110231
6406,2008-06-14,3,8,0,0.110212
6407,2008-06-17,3,2,0,0.110193
6408,2008-06-19,1,2,0,0.110174
6409,2008-06-21,5,2,0,0.110155
6410,2008-06-24,9,3,0,0.110136
6411,2008-06-26,8,9,0,0.110117
6412,2008-06-28,9,8,0,0.110098
6413,2008-07-01,7,9,0,0.110079
6414,2008-07-03,2,2,1,0.110232
6415,2008-07-05,2,1,0,0.110213
6416,2008-07-08,9,1,0,0.110194
6417,2008-07-10,5,9,0,0.110175
6418,2008-07-12,3,3,1,0.110328
6419,2008-07-15,8,2,0,0.110309
6420,2008-07-17,4,8,0,0.11029
6421,2008-07-19,8,6,0,0.110271
6422,2008-07-22,9,8,0,0.110252
6423,2008-07-24,4,9,0,0.110234
6424,2008-07-26,3,6,0,0.110215
6425,2008-07-29,9,2,0,0.110196
6426,2008-07-31,4,9,0,0.110177
6427,2008-08-02,8,6,0,0.110158
6428,2008-08-05,5,8,0,0.110139
6429,2008-08-07,3,3,1,0.110292
6430,2008-08-09,1,2,0,0.110273
6431,2008-08-12,7,2,0,0.110254
6432,2008-08-14,8,2,0,0.110235
6433,2008-08-16,9,8,0,0.110216
6434,2008-08-19,8,9,0,0.110197
6435,2008-08-21,9,8,0,0.110178
6436,2008-08-23,6,9,0,0.110159
6437,2008-08-26,2,2,1,0.110312
6438,2008-08-28,9,1,0,0.110293
6439,2008-08-30,7,9,0,0.110274
6440,2008-09-02,9,2,0,0.110255
6441,2008-09-04,8,9,0,0.110236
6442,2008-09-06,3,8,0,0.110217
6443,2008-09-09,7,2,0,0.110198
6444,2008-09-11,9,2,0,0.11018
6445,2008-09-13,2,9,0,0.110161
6446,2008-09-16,6,1,0,0.110142
6447,2008-09-18,3,2,0,0.110123
6448,2008-09-20,6,2,0,0.110104
6449,2008-09-23,3,2,0,0.110085
6450,2008-09-25,3,6,0,0.110067
6451,2008-09-27,4,6,0,0.110048
6452,2008-09-30,7,6,0,0.110029
6453,2008-10-02,6,2,0,0.11001
6454,2008-10-04,5,2,0,0.109991
6455,2008-10-07,8,3,0,0.109973
6456,2008-10-09,2,8,0,0.109954
6457,2008-10-11,5,1,0,0.109935
6458,2008-10-14,6,3,0,0.109916
6459,2008-10-16,7,2,0,0.109898
6460,2008-10-18,5,2,0,0.109879
6461,2008-10-21,6,3,0,0.10986
6462,2008-10-23,4,2,0,0.109841
6463,2008-10-25,8,6,0,0.109823
6464,2008-10-28,3,8,0,0.109804
6465,2008-10-30,3,6,0,0.109785
6466,2008-11-03,1,6,0,0.109766
6467,2008-11-04,8,2,0,0.109748
6468,2008-11-06,5,8,0,0.109729
6469,2008-11-08,9,3,0,0.10971
6470,2008-11-11,1,9,0,0.109692
6471,2008-11-13,8,2,0,0.109673
6472,2008-11-15,2,8,0,0.109654
6473,2008-11-18,6,1,0,0.109636
6474,2008-11-20,7,2,0,0.109617
6475,2008-11-22,2,2,1,0.109769
6476,2008-11-25,5,1,0,0.10975
6477,2008-11-27,1,3,0,0.109731
6478,2008-11-29,9,2,0,0.109713
6479,2008-12-02,5,9,0,0.109694
6480,2008-12-04,2,3,0,0.109675
6481,2008-12-06,8,1,0,0.109657
6482,2008-12-09,5,8,0,0.109638
6483,2008-12-11,3,3,1,0.109789
6484,2008-12-13,1,6,0,0.109771
6485,2008-12-16,9,2,0,0.109752
6486,2008-12-18,2,9,0,0.109733
6487,2008-12-20,8,1,0,0.109715
6488,2008-12-23,3,8,0,0.109696
6489,2008-12-24,1,6,0,0.109677
6490,2008-12-27,2,2,1,0.109829
6491,2008-12-30,9,1,0,0.10981
6492,2009-01-02,8,9,0,0.109791
6493,2009-01-03,8,8,1,0.109942
6494,2009-01-07,6,8,0,0.109924
6495,2009-01-08,8,2,0,0.109905
6496,2009-01-10,7,8,0,0.109886
6497,2009-01-13,9,2,0,0.109868
6498,2009-01-15,2,9,0,0.109849
6499,2009-01-17,3,9,0,0.109831
6500,2009-01-20,3,6,0,0.109812
6501,2009-01-22,4,6,0,0.109793
6502,2009-01-24,8,6,0,0.109775
6503,2009-01-27,1,8,0,0.109756
6504,2009-01-29,7,2,0,0.109738
6505,2009-01-31,1,2,0,0.109719
6506,2009-02-03,6,2,0,0.1097
6507,2009-02-05,6,2,0,0.109682
6508,2009-02-07,3,2,0,0.109663
6509,2009-02-10,9,6,0,0.109645
6510,2009-02-12,5,9,0,0.109626
6511,2009-02-14,4,3,0,0.109608
6512,2009-02-17,9,6,0,0.109589
6513,2009-02-19,4,9,0,0.109571
6514,2009-02-21,5,6,0,0.109552
6515,2009-02-24,2,3,0,0.109533
6516,2009-02-26,3,9,0,0.109515
6517,2009-02-28,5,6,0,0.109496
6518,2009-03-03,7,3,0,0.109478
6519,2009-03-05,4,2,0,0.109459
6520,2009-03-07,8,6,0,0.109441
6521,2009-03-10,8,8,1,0.109591
6522,2009-03-12,4,8,0,0.109573
6523,2009-03-14,9,6,0,0.109554
6524,2009-03-17,9,9,1,0.109705
6525,2009-03-19,1,9,0,0.109686
6526,2009-03-21,7,2,0,0.109668
6527,2009-03-24,4,2,0,0.109649
6528,2009-03-26,5,6,0,0.109631
6529,2009-03-28,1,3,0,0.109612
6530,2009-03-31,6,2,0,0.109594
6531,2009-04-02,6,2,0,0.109575
6532,2009-04-04,2,2,1,0.109725
6533,2009-04-07,5,9,0,0.109707
6534,2009-04-09,7,3,0,0.109688
6535,2009-04-11,9,2,0,0.10967
6536,2009-04-14,5,9,0,0.109651
6537,2009-04-16,5,3,0,0.109633
6538,2009-04-18,8,3,0,0.109614
6539,2009-04-21,1,8,0,0.109596
6540,2009-04-23,2,2,1,0.109746
6541,2009-04-27,2,9,0,0.109727
6542,2009-04-28,6,9,0,0.109709
6543,2009-04-30,3,2,0,0.10969
6544,2009-05-02,7,6,0,0.109672
6545,2009-05-05,5,2,0,0.109654
6546,2009-05-07,9,3,0,0.109635
6547,2009-05-09,4,9,0,0.109617
6548,2009-05-12,9,6,0,0.109598
6549,2009-05-14,7,9,0,0.10958
6550,2009-05-16,6,2,0,0.109561
6551,2009-05-19,5,2,0,0.109543
6552,2009-05-21,9,3,0,0.109525
6553,2009-05-23,1,9,0,0.109506
6554,2009-05-26,8,2,0,0.109488
6555,2009-05-28,3,8,0,0.109469
6556,2009-05-30,5,6,0,0.109451
6557,2009-06-03,5,3,0,0.109433
6558,2009-06-04,6,3,0,0.109414
6559,2009-06-06,8,2,0,0.109396
6560,2009-06-09,9,8,0,0.109378
6561,2009-06-11,3,9,0,0.109359
6562,2009-06-13,6,6,1,0.109509
6563,2009-06-16,4,2,0,0.10949
6564,2009-06-18,3,6,0,0.109472
6565,2009-06-20,3,6,0,0.109454
6566,2009-06-23,6,6,1,0.109603
6567,2009-06-25,2,2,1,0.109752
6568,2009-06-27,3,9,0,0.109734
6569,2009-06-30,8,6,0,0.109715
6570,2009-07-02,7,8,0,0.109697
6571,2009-07-04,3,2,0,0.109678
6572,2009-07-07,3,6,0,0.10966
6573,2009-07-09,6,6,1,0.109809
6574,2009-07-11,4,2,0,0.109791
6575,2009-07-14,5,6,0,0.109772
6576,2009-07-16,4,3,0,0.109754
6577,2009-07-18,5,6,0,0.109736
6578,2009-07-21,2,3,0,0.109717
6579,2009-07-23,8,9,0,0.109699
6580,2009-07-25,6,8,0,0.109681
6581,2009-07-28,9,2,0,0.109662
6582,2009-07-30,8,9,0,0.109644
6583,2009-08-01,8,8,1,0.109793
6584,2009-08-04,4,8,0,0.109774
6585,2009-08-06,9,6,0,0.109756
6586,2009-08-08,2,9,0,0.109738
6587,2009-08-11,3,9,0,0.109719
6588,2009-08-13,1,6,0,0.109701
6589,2009-08-17,9,2,0,0.109683
6590,2009-08-18,8,9,0,0.109664
6591,2009-08-20,1,8,0,0.109646
6592,2009-08-22,1,2,0,0.109628
6593,2009-08-25,4,2,0,0.10961
6594,2009-08-27,5,6,0,0.109591
6595,2009-08-29,4,3,0,0.109573
6596,2009-09-01,2,6,0,0.109555
6597,2009-09-03,8,9,0,0.109537
6598,2009-09-05,9,8,0,0.109518
6599,2009-09-08,2,9,0,0.1095
6600,2009-09-10,6,9,0,0.109482
6601,2009-09-12,6,2,0,0.109464
6602,2009-09-15,7,2,0,0.109445
6603,2009-09-17,2,2,1,0.109594
6604,2009-09-19,9,9,1,0.109742
6605,2009-09-22,3,9,0,0.109724
6606,2009-09-24,4,6,0,0.109705
6607,2009-09-26,9,6,0,0.109687
6608,2009-09-29,5,9,0,0.109669
6609,2009-10-01,1,3,0,0.109651
6610,2009-10-03,6,2,0,0.109632
6611,2009-10-06,9,2,0,0.109614
6612,2009-10-08,8,9,0,0.109596
6613,2009-10-10,7,8,0,0.109578
6614,2009-10-13,1,2,0,0.109559
6615,2009-10-15,8,2,0,0.109541
6616,2009-10-17,1,8,0,0.109523
6617,2009-10-20,5,2,0,0.109505
6618,2009-10-22,2,3,0,0.109487
6619,2009-10-24,4,9,0,0.109468
6620,2009-10-27,1,6,0,0.10945
6621,2009-10-29,9,2,0,0.109432
6622,2009-10-31,7,9,0,0.109414
6623,2009-11-03,3,2,0,0.109396
6624,2009-11-05,5,6,0,0.109378
6625,2009-11-07,1,3,0,0.109359
6626,2009-11-10,7,2,0,0.109341
6627,2009-11-12,5,2,0,0.109323
6628,2009-11-14,6,3,0,0.109305
6629,2009-11-17,6,2,0,0.109287
6630,2009-11-19,6,2,0,0.109269
6631,2009-11-21,5,2,0,0.109251
6632,2009-11-24,8,3,0,0.109233
6633,2009-11-26,7,8,0,0.109214
6634,2009-11-28,3,2,0,0.109196
6635,2009-12-01,6,6,1,0.109344
6636,2009-12-03,8,2,0,0.109326
6637,2009-12-05,2,8,0,0.109308
6638,2009-12-09,7,9,0,0.10929
6639,2009-12-10,9,2,0,0.109272
6640,2009-12-12,5,9,0,0.109253
6641,2009-12-15,3,3,1,0.109401
6642,2009-12-17,3,6,0,0.109383
6643,2009-12-19,1,6,0,0.109365
6644,2009-12-22,9,2,0,0.109347
6645,2009-12-24,3,9,0,0.109328
6646,2009-12-28,5,6,0,0.10931
6647,2009-12-29,2,3,0,0.109292
6648,2009-12-31,3,9,0,0.109274
6649,2010-01-02,4,6,0,0.109256
6650,2010-01-05,1,6,0,0.109238
6651,2010-01-07,5,2,0,0.10922
6652,2010-01-09,9,3,0,0.109202
6653,2010-01-12,8,9,0,0.109184
6654,2010-01-14,7,8,0,0.109166
6655,2010-01-16,4,2,0,0.109148
6656,2010-01-19,6,1,0,0.10913
6657,2010-01-21,9,2,0,0.109112
6658,2010-01-23,5,9,0,0.109094
6659,2010-01-26,5,3,0,0.109076
6660,2010-01-28,7,3,0,0.109058
6661,2010-01-30,7,2,0,0.10904
6662,2010-02-02,2,2,1,0.109187
6663,2010-02-04,3,9,0,0.109169
6664,2010-02-06,2,6,0,0.109151
6665,2010-02-09,2,9,0,0.109133
6666,2010-02-11,4,9,0,0.109115
6667,2010-02-13,4,6,0,0.109097
6668,2010-02-16,4,6,0,0.109079
6669,2010-02-18,2,6,0,0.109061
6670,2010-02-20,7,9,0,0.109043
6671,2010-02-23,1,2,0,0.109025
6672,2010-02-25,2,2,1,0.109172
6673,2010-02-27,4,9,0,0.109154
6674,2010-03-02,2,6,0,0.109136
6675,2010-03-04,8,9,0,0.109118
6676,2010-03-06,1,8,0,0.1091
6677,2010-03-09,1,2,0,0.109082
6678,2010-03-11,7,2,0,0.109064
6679,2010-03-13,1,2,0,0.109046
6680,2010-03-16,9,2,0,0.109028
6681,2010-03-18,3,9,0,0.10901
6682,2010-03-20,9,6,0,0.108992
6683,2010-03-23,8,9,0,0.108974
6684,2010-03-25,7,8,0,0.108956
6685,2010-03-27,4,2,0,0.108939
6686,2010-03-30,8,6,0,0.108921
6687,2010-04-01,1,8,0,0.108903
6688,2010-04-03,9,2,0,0.108885
6689,2010-04-06,5,9,0,0.108867
6690,2010-04-08,6,3,0,0.108849
6691,2010-04-10,7,2,0,0.108831
6692,2010-04-13,8,2,0,0.108813
6693,2010-04-15,8,8,1,0.10896
6694,2010-04-17,3,8,0,0.108942
6695,2010-04-20,1,6,0,0.108924
6696,2010-04-22,7,2,0,0.108906
6697,2010-04-24,1,2,0,0.108888
6698,2010-04-27,5,2,0,0.10887
6699,2010-04-29,1,3,0,0.108852
6700,2010-05-03,9,2,0,0.108835
6701,2010-05-04,3,9,0,0.108817
6702,2010-05-06,4,6,0,0.108799
6703,2010-05-08,8,6,0,0.108781
6704,2010-05-11,7,8,0,0.108763
6705,2010-05-13,5,2,0,0.108745
6706,2010-05-15,9,3,0,0.108728
6707,2010-05-18,4,9,0,0.10871
6708,2010-05-20,8,6,0,0.108692
6709,2010-05-22,4,8,0,0.108674
6710,2010-05-25,1,6,0,0.108657
6711,2010-05-27,6,2,0,0.108639
6712,2010-05-29,4,2,0,0.108621
6713,2010-06-01,8,1,0,0.108603
6714,2010-06-03,3,8,0,0.108585
6715,2010-06-05,5,6,0,0.108568
6716,2010-06-08,5,3,0,0.10855
6717,2010-06-10,3,3,1,0.108696
6718,2010-06-12,6,6,1,0.108841
6719,2010-06-15,9,2,0,0.108824
6720,2010-06-17,1,9,0,0.108806
6721,2010-06-19,9,2,0,0.108788
6722,2010-06-22,3,9,0,0.10877
6723,2010-06-24,4,6,0,0.108752
6724,2010-06-26,1,1,1,0.108898
6725,2010-06-29,5,2,0,0.10888
6726,2010-07-01,4,3,0,0.108862
6727,2010-07-03,6,1,0,0.108845
6728,2010-07-06,5,2,0,0.108827
6729,2010-07-08,8,3,0,0.108809
6730,2010-07-10,5,8,0,0.108791
6731,2010-07-13,3,3,1,0.108937
6732,2010-07-15,7,6,0,0.108919
6733,2010-07-17,6,2,0,0.108901
6734,2010-07-20,5,2,0,0.108883
6735,2010-07-22,5,3,0,0.108866
6736,2010-07-24,9,3,0,0.108848
6737,2010-07-27,1,9,0,0.10883
6738,2010-07-29,8,2,0,0.108813
6739,2010-07-31,5,8,0,0.108795
6740,2010-08-03,4,3,0,0.108777
6741,2010-08-05,4,1,0,0.108759
6742,2010-08-07,2,1,0,0.108742
6743,2010-08-10,1,9,0,0.108724
6744,2010-08-12,4,2,0,0.108706
6745,2010-08-14,7,1,0,0.108689
6746,2010-08-17,2,2,1,0.108834
6747,2010-08-19,1,9,0,0.108816
6748,2010-08-21,5,2,0,0.108798
6749,2010-08-24,3,3,1,0.108943
6750,2010-08-26,1,6,0,0.108925
6751,2010-08-28,1,2,0,0.108908
6752,2010-08-31,6,2,0,0.10889
6753,2010-09-02,6,2,0,0.108872
6754,2010-09-04,5,2,0,0.108855
6755,2010-09-07,2,3,0,0.108837
6756,2010-09-09,9,1,0,0.108819
6757,2010-09-11,8,9,0,0.108802
6758,2010-09-14,1,8,0,0.108784
6759,2010-09-16,7,2,0,0.108766
6760,2010-09-18,5,2,0,0.108749
6761,2010-09-21,9,3,0,0.108731
6762,2010-09-23,1,9,0,0.108713
6763,2010-09-25,7,2,0,0.108696
6764,2010-09-28,5,2,0,0.108678
6765,2010-09-30,4,3,0,0.10866
6766,2010-10-02,2,1,0,0.108643
6767,2010-10-05,4,9,0,0.108625
6768,2010-10-07,7,1,0,0.108608
6769,2010-10-09,3,2,0,0.10859
6770,2010-10-12,1,6,0,0.108572
6771,2010-10-14,5,2,0,0.108555
6772,2010-10-16,6,3,0,0.108537
6773,2010-10-19,1,2,0,0.10852
6774,2010-10-21,4,2,0,0.108502
6775,2010-10-23,9,1,0,0.108484
6776,2010-10-26,6,9,0,0.108467
6777,2010-10-28,1,2,0,0.108449
6778,2010-10-30,3,2,0,0.108432
6779,2010-11-02,8,6,0,0.108414
6780,2010-11-04,5,8,0,0.108397
6781,2010-11-06,9,3,0,0.108379
6782,2010-11-09,5,9,0,0.108362
6783,2010-11-11,5,3,0,0.108344
6784,2010-11-13,1,3,0,0.108327
6785,2010-11-16,6,2,0,0.108309
6786,2010-11-18,3,2,0,0.108292
6787,2010-11-20,7,6,0,0.108274
6788,2010-11-23,4,2,0,0.108257
6789,2010-11-25,2,1,0,0.108239
6790,2010-11-27,1,9,0,0.108222
6791,2010-11-30,7,2,0,0.108204
6792,2010-12-02,2,2,1,0.108348
6793,2010-12-04,8,1,0,0.108331
6794,2010-12-07,8,8,1,0.108475
6795,2010-12-09,1,8,0,0.108457
6796,2010-12-11,4,2,0,0.10844
6797,2010-12-14,6,1,0,0.108422
6798,2010-12-16,5,2,0,0.108405
6799,2010-12-18,3,3,1,0.108548
6800,2010-12-21,5,6,0,0.108531
6801,2010-12-23,6,3,0,0.108513
6802,2010-12-27,8,2,0,0.108496
6803,2010-12-28,5,8,0,0.108478
6804,2010-12-30,9,3,0,0.108461
6805,2011-01-03,5,9,0,0.108443
6806,2011-01-04,2,3,0,0.108426
6807,2011-01-07,2,1,0,0.108409
6808,2011-01-08,5,1,0,0.108391
6809,2011-01-11,6,3,0,0.108374
6810,2011-01-13,7,2,0,0.108356
6811,2011-01-15,7,2,0,0.108339
6812,2011-01-18,8,2,0,0.108321
6813,2011-01-20,5,8,0,0.108304
6814,2011-01-22,6,3,0,0.108286
6815,2011-01-25,3,2,0,0.108269
6816,2011-01-27,7,6,0,0.108252
6817,2011-01-29,1,2,0,0.108234
6818,2011-02-01,4,2,0,0.108217
6819,2011-02-03,6,6,1,0.10836
6820,2011-02-05,4,2,0,0.108343
6821,2011-02-08,5,6,0,0.108325
6822,2011-02-10,2,3,0,0.108308
6823,2011-02-12,6,1,0,0.10829
6824,2011-02-15,4,2,0,0.108273
6825,2011-02-17,3,6,0,0.108256
6826,2011-02-19,2,6,0,0.108238
6827,2011-02-22,2,1,0,0.108221
6828,2011-02-24,9,1,0,0.108204
6829,2011-02-26,2,9,0,0.108186
6830,2011-03-01,8,9,0,0.108169
6831,2011-03-03,2,8,0,0.108151
6832,2011-03-05,4,9,0,0.108134
6833,2011-03-08,7,6,0,0.108117
6834,2011-03-10,4,2,0,0.108099
6835,2011-03-12,2,6,0,0.108082
6836,2011-03-15,6,9,0,0.108065
6837,2011-03-18,6,2,0,0.108047
6838,2011-03-19,1,2,0,0.10803
6839,2011-03-22,7,2,0,0.108013
6840,2011-03-24,2,2,1,0.108156
6841,2011-03-26,7,9,0,0.108138
6842,2011-03-29,5,2,0,0.108121
6843,2011-03-31,3,3,1,0.108264
6844,2011-04-02,4,6,0,0.108247
6845,2011-04-05,8,6,0,0.108229
6846,2011-04-07,7,8,0,0.108212
6847,2011-04-09,4,2,0,0.108195
6848,2011-04-12,4,6,0,0.108177
6849,2011-04-14,6,6,1,0.10832
6850,2011-04-16,3,2,0,0.108303
6851,2011-04-19,5,6,0,0.108285
6852,2011-04-21,2,3,0,0.108268
6853,2011-04-23,5,9,0,0.108251
6854,2011-04-26,2,3,0,0.108233
6855,2011-04-28,3,9,0,0.108216
6856,2011-04-30,9,6,0,0.108199
6857,2011-05-03,2,9,0,0.108182
6858,2011-05-05,5,9,0,0.108164
6859,2011-05-07,4,3,0,0.108147
6860,2011-05-10,3,6,0,0.10813
6861,2011-05-12,1,6,0,0.108112
6862,2011-05-14,4,2,0,0.108095
6863,2011-05-17,3,6,0,0.108078
6864,2011-05-19,9,6,0,0.108061
6865,2011-05-21,1,9,0,0.108043
6866,2011-05-24,8,2,0,0.108026
6867,2011-05-26,1,8,0,0.108009
6868,2011-05-28,6,2,0,0.107992
6869,2011-05-31,8,2,0,0.107974
6870,2011-06-03,7,8,0,0.107957
6871,2011-06-04,7,2,0,0.10794
6872,2011-06-07,3,2,0,0.107923
6873,2011-06-09,2,6,0,0.107906
6874,2011-06-11,2,9,0,0.107888
6875,2011-06-14,2,9,0,0.107871
6876,2011-06-16,3,9,0,0.107854
6877,2011-06-18,8,6,0,0.107837
6878,2011-06-21,2,8,0,0.10782
6879,2011-06-23,8,9,0,0.107803
6880,2011-06-25,9,8,0,0.107785
6881,2011-06-28,8,9,0,0.107768
6882,2011-06-30,5,8,0,0.107751
6883,2011-07-02,5,3,0,0.107734
6884,2011-07-05,6,3,0,0.107717
6885,2011-07-07,7,2,0,0.1077
6886,2011-07-09,8,2,0,0.107683
6887,2011-07-12,5,8,0,0.107665
6888,2011-07-14,1,3,0,0.107648
6889,2011-07-16,1,2,0,0.107631
6890,2011-07-19,7,2,0,0.107614
6891,2011-07-21,7,2,0,0.107597
6892,2011-07-23,2,2,1,0.107739
6893,2011-07-26,9,9,1,0.107881
6894,2011-07-28,8,9,0,0.107863
6895,2011-07-30,4,8,0,0.107846
6896,2011-08-02,2,6,0,0.107829
6897,2011-08-04,5,9,0,0.107812
6898,2011-08-06,6,3,0,0.107795
6899,2011-08-09,6,2,0,0.107778
6900,2011-08-11,6,2,0,0.107761
6901,2011-08-13,7,2,0,0.107744
6902,2011-08-16,5,2,0,0.107726
6903,2011-08-18,2,3,0,0.107709
6904,2011-08-20,2,9,0,0.107692
6905,2011-08-23,6,9,0,0.107675
6906,2011-08-25,2,2,1,0.107817
6907,2011-08-27,5,9,0,0.1078
6908,2011-08-30,4,3,0,0.107783
6909,2011-09-01,3,6,0,0.107765
6910,2011-09-03,2,6,0,0.107748
6911,2011-09-06,5,9,0,0.107731
6912,2011-09-08,4,3,0,0.107714
6913,2011-09-10,8,6,0,0.107697
6914,2011-09-13,8,8,1,0.107838
6915,2011-09-15,4,8,0,0.107821
6916,2011-09-17,7,6,0,0.107804
6917,2011-09-20,2,2,1,0.107946
6918,2011-09-22,8,9,0,0.107928
6919,2011-09-24,5,8,0,0.107911
6920,2011-09-27,8,3,0,0.107894
6921,2011-09-29,3,8,0,0.107877
6922,2011-10-01,4,6,0,0.10786
6923,2011-10-04,1,6,0,0.107843
6924,2011-10-06,5,2,0,0.107826
6925,2011-10-08,7,3,0,0.107809
6926,2011-10-11,2,2,1,0.10795
6927,2011-10-13,2,9,0,0.107933
6928,2011-10-15,6,9,0,0.107916
6929,2011-10-18,8,2,0,0.107899
6930,2011-10-20,4,8,0,0.107882
6931,2011-10-22,9,6,0,0.107865
6932,2011-10-25,4,9,0,0.107848
6933,2011-10-27,7,6,0,0.107831
6934,2011-10-29,3,2,0,0.107814
6935,2011-11-02,7,6,0,0.107797
6936,2011-11-03,5,2,0,0.10778
6937,2011-11-05,6,3,0,0.107763
6938,2011-11-08,6,2,0,0.107746
6939,2011-11-10,2,2,1,0.107886
6940,2011-11-12,3,9,0,0.107869
6941,2011-11-15,8,6,0,0.107852
6942,2011-11-17,3,8,0,0.107835
6943,2011-11-19,8,6,0,0.107818
6944,2011-11-22,2,8,0,0.107801
6945,2011-11-24,1,9,0,0.107784
6946,2011-11-26,7,2,0,0.107767
6947,2011-11-29,3,2,0,0.10775
6948,2011-12-01,6,6,1,0.107891
6949,2011-12-03,8,2,0,0.107874
6950,2011-12-06,7,8,0,0.107857
6951,2011-12-09,6,2,0,0.10784
6952,2011-12-10,7,2,0,0.107823
6953,2011-12-13,8,2,0,0.107806
6954,2011-12-15,5,8,0,0.107789
6955,2011-12-17,6,3,0,0.107772
6956,2011-12-20,6,2,0,0.107755
6957,2011-12-22,7,2,0,0.107738
6958,2011-12-24,7,2,0,0.107721
6959,2011-12-27,2,2,1,0.107862
6960,2011-12-29,3,9,0,0.107845
6961,2011-12-31,6,6,1,0.107985
6962,2012-01-03,9,2,0,0.107968
6963,2012-01-05,1,9,0,0.107951
6964,2012-01-07,3,2,0,0.107934
6965,2012-01-10,9,6,0,0.107917
6966,2012-01-12,3,9,0,0.1079
6967,2012-01-14,2,6,0,0.107883
6968,2012-01-17,4,9,0,0.107866
6969,2012-01-19,5,6,0,0.107849
6970,2012-01-21,5,3,0,0.107832
6971,2012-01-24,7,3,0,0.107815
6972,2012-01-26,8,2,0,0.107799
6973,2012-01-28,3,8,0,0.107782
6974,2012-01-31,8,6,0,0.107765
6975,2012-02-02,7,8,0,0.107748
6976,2012-02-04,7,2,0,0.107731
6977,2012-02-07,8,2,0,0.107714
6978,2012-02-09,6,8,0,0.107697
6979,2012-02-11,4,2,0,0.10768
6980,2012-02-14,4,6,0,0.107663
6981,2012-02-16,3,6,0,0.107647
6982,2012-02-18,8,6,0,0.10763
6983,2012-02-21,5,8,0,0.107613
6984,2012-02-23,1,3,0,0.107596
6985,2012-02-25,5,2,0,0.107579
6986,2012-02-28,3,3,1,0.107719
6987,2012-03-01,2,6,0,0.107702
6988,2012-03-03,2,9,0,0.107685
6989,2012-03-06,3,9,0,0.107668
6990,2012-03-08,3,6,0,0.107651
6991,2012-03-10,1,6,0,0.107635
6992,2012-03-13,7,2,0,0.107618
6993,2012-03-15,8,2,0,0.107601
6994,2012-03-17,9,8,0,0.107584
6995,2012-03-20,3,9,0,0.107567
6996,2012-03-22,3,6,0,0.10755
6997,2012-03-24,1,6,0,0.107534
6998,2012-03-27,6,2,0,0.107517
6999,2012-03-29,5,2,0,0.1075
7000,2012-03-31,6,3,0,0.107483
7001,2012-04-03,8,2,0,0.107466
7002,2012-04-05,2,8,0,0.10745
7003,2012-04-07,1,9,0,0.107433
7004,2012-04-10,9,2,0,0.107416
7005,2012-04-12,7,9,0,0.107399
7006,2012-04-14,2,2,1,0.107539
7007,2012-04-17,8,1,0,0.107522
7008,2012-04-19,1,8,0,0.107505
7009,2012-04-21,2,2,1,0.107644
7010,2012-04-24,2,1,0,0.107628
7011,2012-04-26,5,1,0,0.107611
7012,2012-04-28,8,3,0,0.107594
7013,2012-05-02,1,8,0,0.107577
7014,2012-05-03,7,2,0,0.10756
7015,2012-05-05,5,2,0,0.107544
7016,2012-05-08,7,3,0,0.107527
7017,2012-05-10,1,2,0,0.10751
7018,2012-05-12,9,2,0,0.107493
7019,2012-05-15,9,9,1,0.107632
7020,2012-05-17,9,9,1,0.107771
7021,2012-05-19,5,9,0,0.107755
7022,2012-05-22,8,3,0,0.107738
7023,2012-05-24,6,8,0,0.107721
7024,2012-05-26,8,2,0,0.107704
7025,2012-05-29,1,8,0,0.107688
7026,2012-05-31,2,2,1,0.107826
7027,2012-06-04,5,1,0,0.10781
7028,2012-06-05,2,3,0,0.107793
7029,2012-06-07,3,1,0,0.107776
7030,2012-06-09,3,6,0,0.107759
7031,2012-06-12,1,6,0,0.107743
7032,2012-06-14,3,2,0,0.107726
7033,2012-06-16,5,6,0,0.107709
7034,2012-06-19,3,3,1,0.107848
7035,2012-06-21,1,6,0,0.107831
7036,2012-06-23,5,2,0,0.107814
7037,2012-06-26,6,3,0,0.107797
7038,2012-06-28,8,2,0,0.107781
7039,2012-06-30,4,8,0,0.107764
7040,2012-07-03,7,6,0,0.107747
7041,2012-07-05,6,2,0,0.107731
7042,2012-07-07,8,2,0,0.107714
7043,2012-07-10,7,8,0,0.107697
7044,2012-07-12,7,2,0,0.10768
7045,2012-07-14,7,2,0,0.107664
7046,2012-07-17,9,2,0,0.107647
7047,2012-07-19,7,9,0,0.10763
7048,2012-07-21,6,2,0,0.107614
7049,2012-07-24,9,2,0,0.107597
7050,2012-07-26,8,9,0,0.10758
7051,2012-07-28,6,8,0,0.107564
7052,2012-07-31,6,2,0,0.107547
7053,2012-08-02,8,2,0,0.10753
7054,2012-08-04,4,8,0,0.107514
7055,2012-08-07,3,6,0,0.107497
7056,2012-08-09,1,6,0,0.10748
7057,2012-08-11,1,2,0,0.107464
7058,2012-08-14,8,2,0,0.107447
7059,2012-08-16,4,8,0,0.10743
7060,2012-08-18,4,6,0,0.107414
7061,2012-08-21,7,6,0,0.107397
7062,2012-08-23,4,2,0,0.10738
7063,2012-08-25,3,6,0,0.107364
7064,2012-08-28,4,6,0,0.107347
7065,2012-08-30,8,6,0,0.107331
7066,2012-09-01,6,8,0,0.107314
7067,2012-09-04,8,2,0,0.107297
7068,2012-09-06,5,8,0,0.107281
7069,2012-09-08,1,3,0,0.107264
7070,2012-09-11,4,2,0,0.107248
7071,2012-09-13,4,6,0,0.107231
7072,2012-09-15,1,6,0,0.107215
7073,2012-09-18,7,2,0,0.107198
7074,2012-09-20,9,2,0,0.107181
7075,2012-09-22,6,9,0,0.107165
7076,2012-09-25,6,2,0,0.107148
7077,2012-09-27,9,2,0,0.107132
7078,2012-09-29,2,9,0,0.107115
7079,2012-10-02,2,1,0,0.107099
7080,2012-10-04,4,1,0,0.107082
7081,2012-10-06,5,6,0,0.107066
7082,2012-10-09,5,3,0,0.107049
7083,2012-10-11,1,3,0,0.107033
7084,2012-10-13,4,2,0,0.107016
7085,2012-10-16,2,6,0,0.107
7086,2012-10-18,9,1,0,0.106983
7087,2012-10-20,2,9,0,0.106967
7088,2012-10-23,2,9,0,0.10695
7089,2012-10-25,9,9,1,0.107088
7090,2012-10-27,2,9,0,0.107071
7091,2012-10-30,4,9,0,0.107055
7092,2012-11-02,6,6,1,0.107192
7093,2012-11-03,9,2,0,0.107176
7094,2012-11-06,3,9,0,0.107159
7095,2012-11-08,9,6,0,0.107143
7096,2012-11-10,7,9,0,0.107126
7097,2012-11-13,2,2,1,0.107264
7098,2012-11-15,4,9,0,0.107247
7099,2012-11-17,9,6,0,0.107231
7100,2012-11-20,3,9,0,0.107214
7101,2012-11-22,2,6,0,0.107198
7102,2012-11-24,3,9,0,0.107181
7103,2012-11-27,3,6,0,0.107165
7104,2012-11-29,9,6,0,0.107148
7105,2012-12-01,5,9,0,0.107132
7106,2012-12-04,1,3,0,0.107115
7107,2012-12-06,7,2,0,0.107099
7108,2012-12-10,6,2,0,0.107083
7109,2012-12-11,1,2,0,0.107066
7110,2012-12-13,8,2,0,0.10705
7111,2012-12-15,8,8,1,0.107187
7112,2012-12-18,3,8,0,0.10717
7113,2012-12-20,1,6,0,0.107154
7114,2012-12-22,9,2,0,0.107137
7115,2012-12-24,8,9,0,0.107121
7116,2012-12-27,6,8,0,0.107104
7117,2012-12-29,4,2,0,0.107088
7118,2013-01-02,9,6,0,0.107072
7119,2013-01-03,5,9,0,0.107055
7120,2013-01-05,6,3,0,0.107039
7121,2013-01-08,2,2,1,0.107176
7122,2013-01-10,1,9,0,0.107159
7123,2013-01-12,8,2,0,0.107143
7124,2013-01-15,3,8,0,0.107126
7125,2013-01-17,3,6,0,0.10711
7126,2013-01-19,4,6,0,0.107094
7127,2013-01-22,8,6,0,0.107077
7128,2013-01-24,5,8,0,0.107061
7129,2013-01-26,8,3,0,0.107044
7130,2013-01-29,1,8,0,0.107028
7131,2013-01-31,8,2,0,0.107012
7132,2013-02-02,2,8,0,0.106995
7133,2013-02-05,6,9,0,0.106979
7134,2013-02-07,3,2,0,0.106963
7135,2013-02-09,9,6,0,0.106946
7136,2013-02-12,5,9,0,0.10693
7137,2013-02-14,5,3,0,0.106913
7138,2013-02-16,4,3,0,0.106897
7139,2013-02-19,3,6,0,0.106881
7140,2013-02-21,4,6,0,0.106864
7141,2013-02-23,6,6,1,0.107001
7142,2013-02-26,5,2,0,0.106985
7143,2013-02-28,5,3,0,0.106968
7144,2013-03-02,5,3,0,0.106952
7145,2013-03-05,6,3,0,0.106936
7146,2013-03-07,9,2,0,0.106919
7147,2013-03-09,5,9,0,0.106903
7148,2013-03-12,8,3,0,0.106887
7149,2013-03-14,6,8,0,0.10687
7150,2013-03-16,5,2,0,0.106854
7151,2013-03-19,6,3,0,0.106838
7152,2013-03-21,2,2,1,0.106974
7153,2013-03-23,7,9,0,0.106958
7154,2013-03-26,2,2,1,0.107094
7155,2013-03-28,9,9,1,0.10723
7156,2013-03-30,5,9,0,0.107214
7157,2013-04-02,4,3,0,0.107197
7158,2013-04-04,6,6,1,0.107333
7159,2013-04-06,9,2,0,0.107317
7160,2013-04-09,9,9,1,0.107453
7161,2013-04-11,6,9,0,0.107437
7162,2013-04-13,2,2,1,0.107573
7163,2013-04-16,9,9,1,0.107709
7164,2013-04-18,2,9,0,0.107692
7165,2013-04-20,1,9,0,0.107676
7166,2013-04-23,7,8,0,0.10766
7167,2013-04-26,7,2,0,0.107643
7168,2013-04-27,8,2,0,0.107627
7169,2013-04-30,6,8,0,0.10761
7170,2013-05-02,3,2,0,0.107594
7171,2013-05-04,2,6,0,0.107578
7172,2013-05-07,9,9,1,0.107713
7173,2013-05-09,7,9,0,0.107697
7174,2013-05-11,7,2,0,0.107681
7175,2013-05-14,9,2,0,0.107664
7176,2013-05-16,5,9,0,0.107648
7177,2013-05-18,2,3,0,0.107631
7178,2013-05-21,8,9,0,0.107615
7179,2013-05-23,8,8,1,0.107751
7180,2013-05-25,2,8,0,0.107734
7181,2013-05-28,8,9,0,0.107718
7182,2013-05-30,5,8,0,0.107702
7183,2013-06-01,6,3,0,0.107685
7184,2013-06-04,7,2,0,0.107669
7185,2013-06-06,4,2,0,0.107653
7186,2013-06-08,6,6,1,0.107788
7187,2013-06-11,1,2,0,0.107772
7188,2013-06-13,9,8,0,0.107755
7189,2013-06-15,9,9,1,0.107891
7190,2013-06-18,4,9,0,0.107874
7191,2013-06-20,3,6,0,0.107858
7192,2013-06-22,1,2,0,0.107842
7193,2013-06-25,4,8,0,0.107825
7194,2013-06-27,6,6,1,0.107961
7195,2013-06-29,5,2,0,0.107944
7196,2013-07-02,6,3,0,0.107928
7197,2013-07-04,1,2,0,0.107911
7198,2013-07-06,5,8,0,0.107895
7199,2013-07-09,7,3,0,0.107879
7200,2013-07-11,3,2,0,0.107862
7201,2013-07-13,4,2,0,0.107846
7202,2013-07-16,3,6,0,0.10783
7203,2013-07-18,5,2,0,0.107813
7204,2013-07-20,8,3,0,0.107797
7205,2013-07-23,2,8,0,0.107781
7206,2013-07-25,3,9,0,0.107764
7207,2013-07-27,5,2,0,0.107748
7208,2013-07-30,9,3,0,0.107732
7209,2013-08-01,5,9,0,0.107716
7210,2013-08-03,6,3,0,0.107699
7211,2013-08-06,1,2,0,0.107683
7212,2013-08-08,2,8,0,0.107667
7213,2013-08-10,5,9,0,0.10765
7214,2013-08-13,3,3,1,0.107785
7215,2013-08-16,3,2,0,0.107769
7216,2013-08-17,5,2,0,0.107753
7217,2013-08-20,2,3,0,0.107736
7218,2013-08-22,6,9,0,0.10772
7219,2013-08-24,6,2,0,0.107704
7220,2013-08-27,7,2,0,0.107688
7221,2013-08-29,5,2,0,0.107671
7222,2013-08-31,9,3,0,0.107655
7223,2013-09-03,3,9,0,0.107639
7224,2013-09-05,7,2,0,0.107623
7225,2013-09-07,5,2,0,0.107606
7226,2013-09-10,5,3,0,0.10759
7227,2013-09-12,7,3,0,0.107574
7228,2013-09-14,3,2,0,0.107558
7229,2013-09-17,2,2,1,0.107692
7230,2013-09-19,7,9,0,0.107676
7231,2013-09-21,9,2,0,0.10766
7232,2013-09-24,6,9,0,0.107644
7233,2013-09-26,5,2,0,0.107627
7234,2013-09-28,7,3,0,0.107611
7235,2013-10-01,4,2,0,0.107595
7236,2013-10-03,9,6,0,0.107579
7237,2013-10-05,7,9,0,0.107563
7238,2013-10-08,8,2,0,0.107546
7239,2013-10-10,4,8,0,0.10753
7240,2013-10-12,2,6,0,0.107514
7241,2013-10-15,1,9,0,0.107498
7242,2013-10-17,8,2,0,0.107482
7243,2013-10-19,4,8,0,0.107465
7244,2013-10-22,1,6,0,0.107449
7245,2013-10-24,4,8,0,0.107433
7246,2013-10-26,1,6,0,0.107417
7247,2013-10-29,6,8,0,0.107401
7248,2013-10-31,3,2,0,0.107385
7249,2013-11-02,7,2,0,0.107368
7250,2013-11-05,3,2,0,0.107352
7251,2013-11-07,1,2,0,0.107336
7252,2013-11-09,4,8,0,0.10732
7253,2013-11-12,5,6,0,0.107304
7254,2013-11-14,6,3,0,0.107288
7255,2013-11-16,6,2,0,0.107272
7256,2013-11-19,6,2,0,0.107256
7257,2013-11-21,9,2,0,0.107239
7258,2013-11-23,7,9,0,0.107223
7259,2013-11-26,7,2,0,0.107207
7260,2013-11-28,4,2,0,0.107191
7261,2013-11-30,8,6,0,0.107175
7262,2013-12-03,6,8,0,0.107159
7263,2013-12-05,7,2,0,0.107143
7264,2013-12-07,9,2,0,0.107127
7265,2013-12-10,6,9,0,0.107111
7266,2013-12-12,9,2,0,0.107095
7267,2013-12-14,8,9,0,0.107079
7268,2013-12-17,9,8,0,0.107063
7269,2013-12-19,2,9,0,0.107046
7270,2013-12-21,2,9,0,0.10703
7271,2013-12-24,2,9,0,0.107014
7272,2013-12-27,5,9,0,0.106998
7273,2013-12-28,8,3,0,0.106982
7274,2013-12-31,9,8,0,0.106966
7275,2014-01-02,2,9,0,0.10695
7276,2014-01-04,4,9,0,0.106934
7277,2014-01-07,5,6,0,0.106918
7278,2014-01-09,8,3,0,0.106902
7279,2014-01-11,8,8,1,0.107036
7280,2014-01-14,4,8,0,0.10702
7281,2014-01-16,6,6,1,0.107154
7282,2014-01-18,6,2,0,0.107138
7283,2014-01-21,3,2,0,0.107121
7284,2014-01-23,6,2,0,0.107105
7285,2014-01-25,8,2,0,0.107089
7286,2014-01-28,4,8,0,0.107073
7287,2014-01-30,3,6,0,0.107057
7288,2014-02-01,6,2,0,0.107041
7289,2014-02-04,1,2,0,0.107025
7290,2014-02-06,4,8,0,0.107009
7291,2014-02-08,2,6,0,0.106993
7292,2014-02-11,8,9,0,0.106977
7293,2014-02-13,9,8,0,0.106961
7294,2014-02-15,6,9,0,0.106945
7295,2014-02-18,1,2,0,0.10693
7296,2014-02-20,9,8,0,0.106914
7297,2014-02-22,8,9,0,0.106898
7298,2014-02-25,9,8,0,0.106882
7299,2014-02-27,4,9,0,0.106866
7300,2014-03-01,1,6,0,0.10685
7301,2014-03-04,7,8,0,0.106834
7302,2014-03-06,7,2,0,0.106818
7303,2014-03-08,6,2,0,0.106802
7304,2014-03-11,5,2,0,0.106786
7305,2014-03-13,8,3,0,0.10677
7306,2014-03-15,5,8,0,0.106754
7307,2014-03-18,6,3,0,0.106738
7308,2014-03-20,4,2,0,0.106722
7309,2014-03-22,5,6,0,0.106706
7310,2014-03-25,5,3,0,0.106691
7311,2014-03-27,8,3,0,0.106675
7312,2014-03-29,8,8,1,0.106808
7313,2014-04-01,6,8,0,0.106792
7314,2014-04-03,7,2,0,0.106776
7315,2014-04-05,8,2,0,0.10676
7316,2014-04-08,4,8,0,0.106744
7317,2014-04-10,4,6,0,0.106728
7318,2014-04-12,2,6,0,0.106712
7319,2014-04-15,7,9,0,0.106696
7320,2014-04-17,4,2,0,0.106681
7321,2014-04-19,5,6,0,0.106665
7322,2014-04-22,1,3,0,0.106649
7323,2014-04-24,1,8,0,0.106633
7324,2014-04-26,3,8,0,0.106617
7325,2014-04-29,8,6,0,0.106601
7326,2014-05-02,3,8,0,0.106585
7327,2014-05-03,6,6,1,0.106718
7328,2014-05-06,7,2,0,0.106702
7329,2014-05-08,2,2,1,0.106835
7330,2014-05-10,7,9,0,0.106819
7331,2014-05-13,6,2,0,0.106803
7332,2014-05-15,2,2,1,0.106936
7333,2014-05-17,9,9,1,0.107069
7334,2014-05-20,2,9,0,0.107053
7335,2014-05-22,3,9,0,0.107037
7336,2014-05-24,9,6,0,0.107021
7337,2014-05-27,1,9,0,0.107005
7338,2014-05-29,9,8,0,0.106989
7339,2014-05-31,7,9,0,0.106973
7340,2014-06-03,3,2,0,0.106957
7341,2014-06-05,5,6,0,0.106942
7342,2014-06-07,3,3,1,0.107074
7343,2014-06-10,4,6,0,0.107058
7344,2014-06-12,3,6,0,0.107042
7345,2014-06-14,1,6,0,0.107026
7346,2014-06-17,9,8,0,0.107011
7347,2014-06-19,6,9,0,0.106995
7348,2014-06-21,6,2,0,0.106979
7349,2014-06-24,2,2,1,0.107111
7350,2014-06-26,1,9,0,0.107095
7351,2014-06-28,9,8,0,0.107079
7352,2014-07-01,2,9,0,0.107064
7353,2014-07-03,9,9,1,0.107196
7354,2014-07-05,3,9,0,0.10718
7355,2014-07-08,1,6,0,0.107164
7356,2014-07-10,9,8,0,0.107148
7357,2014-07-12,4,9,0,0.107132
7358,2014-07-15,1,6,0,0.107116
7359,2014-07-17,5,8,0,0.107101
7360,2014-07-19,8,3,0,0.107085
7361,2014-07-22,5,8,0,0.107069
7362,2014-07-24,8,3,0,0.107053
7363,2014-07-26,4,8,0,0.107037
7364,2014-07-29,2,6,0,0.107021
7365,2014-07-31,9,9,1,0.107153
7366,2014-08-02,8,9,0,0.107138
7367,2014-08-05,4,8,0,0.107122
7368,2014-08-07,5,6,0,0.107106
7369,2014-08-09,5,3,0,0.10709
7370,2014-08-12,8,3,0,0.107074
7371,2014-08-14,9,8,0,0.107058
7372,2014-08-16,7,9,0,0.107043
7373,2014-08-19,4,2,0,0.107027
7374,2014-08-21,1,6,0,0.107011
7375,2014-08-23,5,8,0,0.106995
7376,2014-08-26,2,3,0,0.106979
7377,2014-08-28,9,9,1,0.107111
7378,2014-08-30,4,9,0,0.107095
7379,2014-09-02,5,6,0,0.10708
7380,2014-09-04,3,3,1,0.107211
7381,2014-09-06,4,6,0,0.107196
7382,2014-09-09,3,6,0,0.10718
7383,2014-09-11,4,6,0,0.107164
7384,2014-09-13,5,6,0,0.107148
7385,2014-09-16,7,3,0,0.107132
7386,2014-09-18,8,2,0,0.107117
7387,2014-09-20,3,8,0,0.107101
7388,2014-09-23,6,6,1,0.107232
7389,2014-09-25,6,2,0,0.107216
7390,2014-09-27,2,2,1,0.107348
7391,2014-09-30,3,9,0,0.107332
7392,2014-10-02,1,6,0,0.107316
7393,2014-10-04,6,8,0,0.107301
7394,2014-10-07,7,2,0,0.107285
7395,2014-10-09,8,2,0,0.107269
7396,2014-10-11,9,8,0,0.107253
7397,2014-10-14,2,9,0,0.107237
7398,2014-10-16,8,9,0,0.107222
7399,2014-10-18,4,8,0,0.107206
7400,2014-10-21,6,6,1,0.107337
7401,2014-10-23,3,2,0,0.107321
7402,2014-10-25,3,6,0,0.107306
7403,2014-10-28,6,6,1,0.107437
7404,2014-10-30,4,2,0,0.107421
7405,2014-11-03,3,6,0,0.107405
7406,2014-11-04,3,6,0,0.107389
7407,2014-11-06,9,6,0,0.107374
7408,2014-11-08,8,9,0,0.107358
7409,2014-11-11,2,8,0,0.107342
7410,2014-11-13,2,9,0,0.107326
7411,2014-11-15,8,9,0,0.107311
7412,2014-11-18,2,8,0,0.107295
7413,2014-11-20,6,9,0,0.107279
7414,2014-11-22,1,2,0,0.107263
7415,2014-11-25,7,8,0,0.107248
7416,2014-11-27,8,2,0,0.107232
7417,2014-11-29,6,8,0,0.107216
7418,2014-12-02,3,2,0,0.1072
7419,2014-12-04,8,6,0,0.107185
7420,2014-12-06,7,8,0,0.107169
7421,2014-12-09,2,2,1,0.1073
7422,2014-12-11,2,9,0,0.107284
7423,2014-12-13,9,9,1,0.107415
7424,2014-12-16,1,9,0,0.107399
7425,2014-12-18,7,8,0,0.107384
7426,2014-12-20,9,2,0,0.107368
7427,2014-12-23,7,9,0,0.107352
7428,2014-12-24,5,2,0,0.107336
7429,2014-12-27,6,3,0,0.107321
7430,2014-12-30,1,2,0,0.107305
7431,2015-01-02,7,8,0,0.107289
7432,2015-01-03,2,2,1,0.10742
7433,2015-01-07,7,9,0,0.107404
7434,2015-01-08,9,2,0,0.107388
7435,2015-01-10,3,9,0,0.107373
7436,2015-01-13,8,6,0,0.107357
7437,2015-01-15,1,8,0,0.107341
7438,2015-01-17,5,8,0,0.107326
7439,2015-01-20,8,3,0,0.10731
7440,2015-01-22,4,8,0,0.107294
7441,2015-01-24,5,6,0,0.107279
7442,2015-01-27,3,3,1,0.107409
7443,2015-01-29,4,6,0,0.107393
7444,2015-01-31,5,6,0,0.107378
7445,2015-02-03,5,3,0,0.107362
7446,2015-02-05,3,3,1,0.107492
7447,2015-02-07,6,6,1,0.107623
7448,2015-02-10,7,2,0,0.107607
7449,2015-02-12,6,2,0,0.107591
7450,2015-02-14,7,2,0,0.107576
7451,2015-02-17,3,2,0,0.10756
7452,2015-02-19,2,6,0,0.107544
7453,2015-02-21,2,9,0,0.107528
7454,2015-02-24,1,9,0,0.107513
7455,2015-02-26,5,8,0,0.107497
7456,2015-02-28,7,3,0,0.107481
7457,2015-03-03,8,2,0,0.107466
7458,2015-03-05,6,8,0,0.10745
7459,2015-03-07,1,2,0,0.107434
7460,2015-03-10,9,8,0,0.107419
7461,2015-03-12,9,9,1,0.107549
7462,2015-03-14,2,9,0,0.107533
7463,2015-03-17,6,9,0,0.107517
7464,2015-03-19,8,2,0,0.107502
7465,2015-03-21,2,8,0,0.107486
7466,2015-03-24,2,9,0,0.107471
7467,2015-03-26,9,9,1,0.1076
7468,2015-03-28,6,9,0,0.107585
7469,2015-03-31,8,2,0,0.107569
7470,2015-04-02,7,8,0,0.107553
7471,2015-04-04,1,2,0,0.107538
7472,2015-04-07,8,8,1,0.107668
7473,2015-04-09,4,8,0,0.107652
7474,2015-04-11,7,6,0,0.107636
7475,2015-04-14,1,2,0,0.107621
7476,2015-04-16,9,8,0,0.107605
7477,2015-04-18,5,9,0,0.107589
7478,2015-04-21,3,3,1,0.107719
7479,2015-04-23,2,6,0,0.107703
7480,2015-04-27,7,9,0,0.107688
7481,2015-04-28,4,2,0,0.107672
7482,2015-04-30,9,6,0,0.107657
7483,2015-05-02,4,9,0,0.107641
7484,2015-05-05,3,6,0,0.107625
7485,2015-05-07,8,6,0,0.10761
7486,2015-05-09,1,8,0,0.107594
7487,2015-05-12,5,8,0,0.107578
7488,2015-05-14,4,3,0,0.107563
7489,2015-05-16,4,6,0,0.107547
7490,2015-05-19,9,6,0,0.107532
7491,2015-05-21,8,9,0,0.107516
7492,2015-05-23,3,8,0,0.1075
7493,2015-05-26,5,6,0,0.107485
7494,2015-05-28,4,3,0,0.107469
7495,2015-05-30,1,6,0,0.107454
7496,2015-06-03,4,8,0,0.107438
7497,2015-06-04,8,6,0,0.107422
7498,2015-06-06,8,8,1,0.107552
7499,2015-06-09,3,8,0,0.107536
7500,2015-06-11,2,6,0,0.107521
7501,2015-06-13,8,9,0,0.107505
7502,2015-06-16,4,8,0,0.107489
7503,2015-06-18,7,6,0,0.107474
7504,2015-06-20,5,2,0,0.107458
7505,2015-06-23,6,3,0,0.107443
7506,2015-06-25,9,2,0,0.107427
7507,2015-06-27,2,9,0,0.107412
7508,2015-06-30,9,9,1,0.107541
7509,2015-07-02,7,9,0,0.107525
7510,2015-07-04,2,2,1,0.107654
7511,2015-07-07,1,9,0,0.107639
7512,2015-07-09,9,8,0,0.107623
7513,2015-07-11,1,9,0,0.107608
7514,2015-07-14,6,8,0,0.107592
7515,2015-07-16,4,2,0,0.107577
7516,2015-07-18,8,6,0,0.107561
7517,2015-07-21,9,8,0,0.107546
7518,2015-07-23,3,9,0,0.10753
7519,2015-07-25,5,6,0,0.107514
7520,2015-07-28,5,3,0,0.107499
7521,2015-07-30,9,3,0,0.107483
7522,2015-08-01,4,9,0,0.107468
7523,2015-08-04,5,6,0,0.107452
7524,2015-08-06,2,3,0,0.107437
7525,2015-08-08,1,9,0,0.107421
7526,2015-08-11,8,8,1,0.10755
7527,2015-08-13,8,8,1,0.107679
7528,2015-08-17,8,8,1,0.107808
7529,2015-08-18,8,8,1,0.107937
7530,2015-08-20,2,8,0,0.107921
7531,2015-08-22,8,9,0,0.107905
7532,2015-08-25,9,8,0,0.10789
7533,2015-08-27,8,9,0,0.107874
7534,2015-08-29,3,8,0,0.107859
7535,2015-09-01,7,6,0,0.107843
7536,2015-09-03,7,2,0,0.107828
7537,2015-09-05,9,2,0,0.107812
7538,2015-09-08,5,9,0,0.107797
7539,2015-09-10,2,3,0,0.107781
7540,2015-09-12,1,9,0,0.107765
7541,2015-09-15,5,8,0,0.10775
7542,2015-09-17,7,3,0,0.107734
7543,2015-09-19,5,2,0,0.107719
7544,2015-09-22,7,3,0,0.107703
7545,2015-09-24,2,2,1,0.107832
7546,2015-09-26,9,9,1,0.10796
7547,2015-09-29,7,9,0,0.107945
7548,2015-10-01,6,2,0,0.107929
7549,2015-10-03,4,2,0,0.107914
7550,2015-10-06,1,6,0,0.107898
7551,2015-10-08,5,8,0,0.107883
7552,2015-10-10,7,3,0,0.107867
7553,2015-10-13,9,2,0,0.107852
7554,2015-10-15,1,9,0,0.107836
7555,2015-10-17,6,8,0,0.107821
7556,2015-10-20,3,2,0,0.107805
7557,2015-10-22,8,6,0,0.10779
7558,2015-10-24,1,8,0,0.107774
7559,2015-10-27,6,8,0,0.107759
7560,2015-10-29,9,2,0,0.107743
7561,2015-10-31,5,9,0,0.107728
7562,2015-11-03,7,3,0,0.107712
7563,2015-11-05,3,2,0,0.107697
7564,2015-11-07,9,6,0,0.107681
7565,2015-11-10,7,9,0,0.107666
7566,2015-11-12,7,2,0,0.10765
7567,2015-11-14,9,2,0,0.107635
7568,2015-11-17,5,9,0,0.107619
7569,2015-11-19,4,3,0,0.107604
7570,2015-11-21,1,6,0,0.107589
7571,2015-11-24,1,8,0,0.107573
7572,2015-11-26,4,8,0,0.107558
7573,2015-11-28,8,1,0,0.107542
7574,2015-12-01,8,8,1,0.10767
7575,2015-12-03,2,8,0,0.107655
7576,2015-12-05,1,9,0,0.107639
7577,2015-12-09,3,8,0,0.107624
7578,2015-12-10,4,6,0,0.107609
7579,2015-12-12,5,1,0,0.107593
7580,2015-12-15,1,3,0,0.107578
7581,2015-12-17,2,8,0,0.107562
7582,2015-12-19,1,9,0,0.107547
7583,2015-12-22,7,8,0,0.107532
7584,2015-12-24,5,2,0,0.107516
7585,2015-12-28,7,3,0,0.107501
7586,2015-12-29,6,2,0,0.107485
7587,2015-12-31,4,2,0,0.10747
7588,2016-01-02,3,1,0,0.107455
7589,2016-01-05,6,6,1,0.107582
7590,2016-01-07,9,2,0,0.107567
7591,2016-01-09,2,9,0,0.107551
7592,2016-01-12,3,9,0,0.107536
7593,2016-01-14,5,6,0,0.107521
7594,2016-01-16,3,3,1,0.107648
7595,2016-01-19,9,6,0,0.107633
7596,2016-01-21,5,9,0,0.107618
7597,2016-01-23,8,3,0,0.107602
7598,2016-01-26,8,8,1,0.10773
7599,2016-01-28,4,8,0,0.107714
7600,2016-01-30,6,1,0,0.107699
7601,2016-02-02,7,2,0,0.107684
7602,2016-02-04,9,2,0,0.107668
7603,2016-02-06,4,9,0,0.107653
7604,2016-02-09,1,6,0,0.107637
7605,2016-02-11,2,8,0,0.107622
7606,2016-02-13,7,9,0,0.107607
7607,2016-02-16,2,2,1,0.107734
7608,2016-02-18,4,9,0,0.107719
7609,2016-02-20,2,1,0,0.107703
7610,2016-02-23,2,9,0,0.107688
7611,2016-02-25,5,9,0,0.107673
7612,2016-02-27,3,3,1,0.1078
7613,2016-03-01,8,6,0,0.107784
7614,2016-03-03,8,8,1,0.107912
7615,2016-03-05,9,8,0,0.107896
7616,2016-03-08,9,9,1,0.108023
7617,2016-03-10,1,9,0,0.108008
7618,2016-03-12,8,8,1,0.108135
7619,2016-03-15,3,8,0,0.10812
7620,2016-03-17,1,6,0,0.108104
7621,2016-03-19,3,8,0,0.108089
7622,2016-03-22,5,6,0,0.108073
7623,2016-03-24,6,3,0,0.108058
7624,2016-03-26,7,2,0,0.108043
7625,2016-03-29,2,2,1,0.10817
7626,2016-03-31,4,9,0,0.108154
7627,2016-04-02,9,1,0,0.108139
7628,2016-04-05,3,9,0,0.108123
7629,2016-04-07,3,6,0,0.108108
7630,2016-04-09,6,6,1,0.108235
7631,2016-04-12,2,2,1,0.108362
7632,2016-04-14,3,9,0,0.108346
7633,2016-04-16,8,6,0,0.108331
7634,2016-04-19,8,8,1,0.108458
7635,2016-04-21,3,8,0,0.108442
7636,2016-04-23,1,6,0,0.108427
7637,2016-04-26,5,8,0,0.108411
7638,2016-04-28,3,3,1,0.108538
7639,2016-04-30,3,6,0,0.108523
7640,2016-05-03,3,6,0,0.108507
7641,2016-05-05,9,6,0,0.108492
7642,2016-05-07,4,9,0,0.108477
7643,2016-05-10,1,1,1,0.108603
7644,2016-05-12,6,8,0,0.108588
7645,2016-05-14,1,2,0,0.108572
7646,2016-05-17,1,8,0,0.108557
7647,2016-05-19,1,8,0,0.108541
7648,2016-05-21,1,8,0,0.108526
7649,2016-05-24,1,8,0,0.108511
7650,2016-05-26,3,8,0,0.108495
7651,2016-05-28,5,6,0,0.10848
7652,2016-05-31,5,3,0,0.108464
7653,2016-06-03,8,3,0,0.108449
7654,2016-06-04,2,8,0,0.108434
7655,2016-06-07,1,9,0,0.108418
7656,2016-06-09,6,8,0,0.108403
7657,2016-06-11,2,2,1,0.108529
7658,2016-06-14,2,9,0,0.108514
7659,2016-06-16,7,9,0,0.108499
7660,2016-06-18,7,2,0,0.108483
7661,2016-06-21,7,2,0,0.108468
7662,2016-06-23,2,2,1,0.108594
7663,2016-06-25,4,9,0,0.108579
7664,2016-06-28,5,1,0,0.108563
7665,2016-06-30,9,3,0,0.108548
7666,2016-07-02,8,9,0,0.108533
7667,2016-07-05,9,8,0,0.108517
7668,2016-07-07,9,9,1,0.108643
7669,2016-07-09,4,9,0,0.108628
7670,2016-07-12,2,1,0,0.108613
7671,2016-07-14,4,9,0,0.108597
7672,2016-07-16,3,1,0,0.108582
7673,2016-07-19,4,6,0,0.108567
7674,2016-07-21,8,1,0,0.108551
7675,2016-07-23,8,8,1,0.108677
7676,2016-07-26,8,8,1,0.108803
7677,2016-07-28,2,8,0,0.108788
7678,2016-07-30,8,9,0,0.108772
7679,2016-08-02,5,8,0,0.108757
7680,2016-08-04,6,3,0,0.108742
7681,2016-08-06,5,2,0,0.108726
7682,2016-08-09,8,3,0,0.108711
7683,2016-08-11,6,8,0,0.108696
7684,2016-08-13,1,2,0,0.10868
7685,2016-08-16,2,8,0,0.108665
7686,2016-08-18,8,9,0,0.10865
7687,2016-08-20,6,8,0,0.108634
7688,2016-08-23,8,2,0,0.108619
7689,2016-08-25,5,8,0,0.108604
7690,2016-08-27,1,3,0,0.108588
7691,2016-08-30,3,8,0,0.108573
7692,2016-09-01,6,6,1,0.108699
7693,2016-09-03,2,2,1,0.108824
7694,2016-09-06,8,9,0,0.108809
7695,2016-09-08,2,8,0,0.108794
7696,2016-09-10,5,9,0,0.108778
7697,2016-09-13,9,3,0,0.108763
7698,2016-09-15,9,9,1,0.108889
7699,2016-09-17,8,9,0,0.108873
7700,2016-09-20,7,8,0,0.108858
7701,2016-09-22,3,2,0,0.108843
7702,2016-09-24,4,6,0,0.108827
7703,2016-09-27,2,1,0,0.108812
7704,2016-09-29,9,9,1,0.108937
7705,2016-10-01,9,9,1,0.109063
7706,2016-10-04,9,9,1,0.109188
7707,2016-10-06,8,9,0,0.109173
7708,2016-10-08,9,8,0,0.109157
7709,2016-10-11,4,9,0,0.109142
7710,2016-10-13,7,1,0,0.109127
7711,2016-10-15,5,2,0,0.109111
7712,2016-10-18,3,3,1,0.109237
7713,2016-10-20,3,6,0,0.109221
7714,2016-10-22,6,6,1,0.109346
7715,2016-10-25,6,2,0,0.109331
7716,2016-10-27,6,2,0,0.109316
7717,2016-10-29,5,2,0,0.1093
7718,2016-11-02,1,3,0,0.109285
7719,2016-11-03,2,8,0,0.10927
7720,2016-11-05,4,9,0,0.109254
7721,2016-11-08,6,1,0,0.109239
7722,2016-11-10,8,2,0,0.109224
7723,2016-11-12,3,8,0,0.109208
7724,2016-11-15,4,6,0,0.109193
7725,2016-11-17,3,1,0,0.109178
7726,2016-11-19,5,6,0,0.109162
7727,2016-11-22,4,3,0,0.109147
7728,2016-11-24,1,1,1,0.109272
7729,2016-11-26,5,2,0,0.109257
7730,2016-11-29,4,3,0,0.109241
7731,2016-12-01,3,1,0,0.109226
7732,2016-12-03,8,6,0,0.109211
7733,2016-12-06,6,8,0,0.109195
7734,2016-12-09,5,2,0,0.10918
7735,2016-12-10,3,3,1,0.109305
7736,2016-12-13,7,6,0,0.10929
7737,2016-12-15,8,2,0,0.109274
7738,2016-12-17,5,8,0,0.109259
7739,2016-12-20,7,3,0,0.109244
7740,2016-12-22,2,2,1,0.109368
7741,2016-12-24,7,9,0,0.109353
7742,2016-12-27,2,2,1,0.109478
7743,2016-12-29,1,9,0,0.109462
7744,2016-12-31,8,2,0,0.109447
7745,2017-01-03,6,8,0,0.109432
7746,2017-01-05,7,2,0,0.109417
7747,2017-01-07,9,2,0,0.109401
7748,2017-01-10,3,9,0,0.109386
7749,2017-01-12,9,6,0,0.109371
7750,2017-01-14,8,9,0,0.109355
7751,2017-01-17,4,8,0,0.10934
7752,2017-01-19,3,1,0,0.109325
7753,2017-01-21,1,6,0,0.109309
7754,2017-01-24,2,8,0,0.109294
7755,2017-01-26,2,9,0,0.109279
7756,2017-01-28,3,9,0,0.109264
7757,2017-01-31,5,6,0,0.109248
7758,2017-02-02,8,3,0,0.109233
7759,2017-02-04,8,8,1,0.109358
7760,2017-02-07,4,8,0,0.109342
7761,2017-02-09,6,1,0,0.109327
7762,2017-02-11,3,2,0,0.109312
7763,2017-02-14,1,6,0,0.109296
7764,2017-02-16,9,2,0,0.109281
7765,2017-02-18,7,9,0,0.109266
7766,2017-02-21,1,2,0,0.109251
7767,2017-02-23,1,2,0,0.109235
7768,2017-02-25,9,2,0,0.10922
7769,2017-02-28,9,9,1,0.109344
7770,2017-03-02,6,9,0,0.109329
7771,2017-03-04,6,2,0,0.109314
7772,2017-03-07,2,2,1,0.109438
7773,2017-03-09,5,9,0,0.109423
7774,2017-03-11,9,3,0,0.109408
7775,2017-03-14,9,9,1,0.109532
7776,2017-03-16,7,9,0,0.109517
7777,2017-03-18,8,2,0,0.109501
7778,2017-03-21,7,8,0,0.109486
7779,2017-03-23,7,2,0,0.109471
7780,2017-03-25,1,2,0,0.109456
7781,2017-03-28,1,2,0,0.10944
7782,2017-03-30,7,2,0,0.109425
7783,2017-04-01,2,2,1,0.109549
7784,2017-04-04,5,9,0,0.109534
7785,2017-04-06,8,3,0,0.109519
7786,2017-04-08,6,8,0,0.109503
7787,2017-04-11,8,2,0,0.109488
7788,2017-04-13,1,8,0,0.109473
7789,2017-04-15,5,2,0,0.109458
7790,2017-04-18,6,3,0,0.109442
7791,2017-04-20,9,2,0,0.109427
7792,2017-04-22,6,9,0,0.109412
7793,2017-04-26,4,2,0,0.109397
7794,2017-04-27,7,1,0,0.109382
7795,2017-04-29,3,2,0,0.109366
7796,2017-05-02,4,6,0,0.109351
7797,2017-05-04,3,1,0,0.109336
7798,2017-05-06,1,6,0,0.109321
7799,2017-05-09,8,2,0,0.109306
7800,2017-05-11,1,8,0,0.10929
7801,2017-05-13,4,8,0,0.109275
7802,2017-05-16,3,1,0,0.10926
7803,2017-05-18,7,6,0,0.109245
7804,2017-05-20,4,2,0,0.10923
7805,2017-05-23,2,1,0,0.109215
7806,2017-05-25,2,9,0,0.109199
7807,2017-05-27,4,9,0,0.109184
7808,2017-05-30,9,1,0,0.109169
7809,2017-06-01,9,9,1,0.109293
7810,2017-06-03,1,9,0,0.109277
7811,2017-06-06,3,8,0,0.109262
7812,2017-06-08,7,6,0,0.109247
7813,2017-06-10,2,2,1,0.109371
7814,2017-06-13,9,9,1,0.109494
7815,2017-06-15,7,9,0,0.109479
7816,2017-06-17,1,2,0,0.109464
7817,2017-06-20,8,8,1,0.109587
7818,2017-06-22,4,8,0,0.109572
7819,2017-06-24,7,1,0,0.109557
7820,2017-06-27,9,2,0,0.109542
7821,2017-06-29,5,9,0,0.109526
7822,2017-07-01,4,3,0,0.109511
7823,2017-07-04,3,1,0,0.109496
7824,2017-07-06,7,6,0,0.109481
7825,2017-07-08,6,2,0,0.109466
7826,2017-07-11,7,2,0,0.109451
7827,2017-07-13,6,2,0,0.109436
7828,2017-07-15,1,2,0,0.10942
7829,2017-07-18,8,8,1,0.109544
7830,2017-07-20,3,8,0,0.109528
7831,2017-07-22,1,6,0,0.109513
7832,2017-07-25,5,8,0,0.109498
7833,2017-07-27,7,3,0,0.109483
7834,2017-07-29,8,2,0,0.109468
7835,2017-08-01,4,8,0,0.109453
7836,2017-08-03,1,1,1,0.109576
7837,2017-08-05,5,8,0,0.109561
7838,2017-08-08,2,3,0,0.109546
7839,2017-08-10,2,9,0,0.10953
7840,2017-08-12,8,9,0,0.109515
7841,2017-08-16,8,8,1,0.109638
7842,2017-08-17,4,8,0,0.109623
7843,2017-08-19,5,1,0,0.109608
7844,2017-08-22,9,3,0,0.109593
7845,2017-08-24,6,9,0,0.109578
7846,2017-08-26,4,2,0,0.109563
7847,2017-08-29,8,1,0,0.109547
7848,2017-08-31,5,8,0,0.109532
7849,2017-09-02,8,3,0,0.109517
7850,2017-09-05,1,8,0,0.109502
7851,2017-09-07,9,8,0,0.109487
7852,2017-09-09,7,9,0,0.109472
7853,2017-09-12,2,2,1,0.109595
7854,2017-09-14,1,9,0,0.10958
7855,2017-09-16,6,8,0,0.109564
7856,2017-09-19,5,2,0,0.109549
7857,2017-09-21,6,3,0,0.109534
7858,2017-09-23,9,2,0,0.109519
7859,2017-09-26,9,9,1,0.109642
7860,2017-09-28,8,9,0,0.109627
7861,2017-09-30,3,8,0,0.109612
7862,2017-10-03,4,6,0,0.109597
7863,2017-10-05,1,1,1,0.109719
7864,2017-10-07,4,8,0,0.109704
7865,2017-10-10,9,1,0,0.109689
7866,2017-10-12,9,9,1,0.109811
7867,2017-10-14,6,9,0,0.109796
7868,2017-10-17,8,2,0,0.109781
7869,2017-10-19,7,8,0,0.109766
7870,2017-10-21,6,2,0,0.109751
7871,2017-10-24,4,2,0,0.109736
7872,2017-10-26,9,1,0,0.109721
7873,2017-10-28,8,9,0,0.109706
7874,2017-10-31,7,8,0,0.109691
7875,2017-11-02,1,2,0,0.109676
7876,2017-11-04,7,8,0,0.109661
7877,2017-11-07,4,2,0,0.109646
7878,2017-11-09,2,1,0,0.10963
7879,2017-11-11,5,9,0,0.109615
7880,2017-11-14,5,3,0,0.1096
7881,2017-11-16,8,3,0,0.109585
7882,2017-11-18,7,8,0,0.10957
7883,2017-11-21,8,2,0,0.109555
7884,2017-11-23,3,8,0,0.10954
7885,2017-11-25,5,6,0,0.109525
7886,2017-11-28,2,3,0,0.10951
7887,2017-11-30,5,9,0,0.109495
7888,2017-12-02,5,3,0,0.10948
7889,2017-12-05,9,3,0,0.109465
7890,2017-12-07,8,9,0,0.10945
7891,2017-12-09,1,8,0,0.109435
7892,2017-12-12,4,8,0,0.10942
7893,2017-12-14,2,1,0,0.109405
7894,2017-12-16,4,9,0,0.10939
7895,2017-12-19,8,1,0,0.109375
7896,2017-12-21,2,8,0,0.10936
7897,2017-12-23,5,9,0,0.109345
7898,2017-12-27,1,3,0,0.10933
7899,2017-12-28,5,8,0,0.109315
7900,2017-12-30,1,3,0,0.1093
7901,2018-01-02,4,8,0,0.109285
7902,2018-01-04,2,1,0,0.10927
7903,2018-01-08,8,9,0,0.109255
7904,2018-01-09,7,8,0,0.10924
7905,2018-01-11,7,2,0,0.109225
7906,2018-01-13,1,2,0,0.10921
7907,2018-01-16,6,8,0,0.109195
7908,2018-01-18,5,2,0,0.10918
7909,2018-01-20,8,3,0,0.109166
7910,2018-01-23,9,8,0,0.109151
7911,2018-01-25,8,9,0,0.109136
7912,2018-01-27,3,8,0,0.109121
7913,2018-01-30,1,6,0,0.109106
7914,2018-02-01,5,8,0,0.109091
7915,2018-02-03,3,3,1,0.109213
7916,2018-02-06,5,6,0,0.109198
7917,2018-02-08,7,3,0,0.109183
7918,2018-02-10,6,2,0,0.109168
7919,2018-02-13,2,2,1,0.10929
7920,2018-02-15,9,9,1,0.109411
7921,2018-02-17,3,9,0,0.109396
7922,2018-02-20,6,6,1,0.109518
7923,2018-02-22,1,2,0,0.109503
7924,2018-02-24,4,8,0,0.109488
7925,2018-02-27,8,1,0,0.109473
7926,2018-03-01,5,8,0,0.109458
7927,2018-03-03,7,3,0,0.109443
7928,2018-03-06,5,2,0,0.109428
7929,2018-03-08,5,3,0,0.109413
7930,2018-03-10,4,3,0,0.109398
7931,2018-03-13,6,1,0,0.109384
7932,2018-03-15,1,2,0,0.109369
7933,2018-03-17,1,8,0,0.109354
7934,2018-03-20,8,8,1,0.109475
7935,2018-03-22,4,8,0,0.10946
7936,2018-03-24,1,1,1,0.109582
7937,2018-03-27,2,8,0,0.109567
7938,2018-03-29,6,9,0,0.109552
7939,2018-03-31,2,2,1,0.109673
7940,2018-04-03,3,9,0,0.109658
7941,2018-04-05,7,6,0,0.109643
7942,2018-04-07,4,2,0,0.109628
7943,2018-04-10,7,1,0,0.109613
7944,2018-04-12,4,2,0,0.109598
7945,2018-04-14,6,1,0,0.109583
7946,2018-04-17,4,2,0,0.109569
7947,2018-04-19,1,1,1,0.10969
7948,2018-04-21,3,8,0,0.109675
7949,2018-04-24,5,6,0,0.10966
7950,2018-04-26,5,3,0,0.109645
7951,2018-04-28,1,3,0,0.10963
7952,2018-05-02,3,8,0,0.109615
7953,2018-05-03,7,6,0,0.1096
7954,2018-05-05,2,2,1,0.109721
7955,2018-05-08,4,9,0,0.109706
7956,2018-05-10,3,1,0,0.109691
7957,2018-05-12,4,6,0,0.109677
7958,2018-05-15,7,1,0,0.109662
7959,2018-05-17,4,2,0,0.109647
7960,2018-05-19,2,1,0,0.109632
7961,2018-05-22,5,9,0,0.109617
7962,2018-05-24,9,3,0,0.109602
7963,2018-05-26,5,9,0,0.109587
7964,2018-05-29,6,3,0,0.109572
7965,2018-05-31,8,2,0,0.109557
7966,2018-06-04,7,8,0,0.109543
7967,2018-06-05,8,2,0,0.109528
7968,2018-06-07,2,8,0,0.109513
7969,2018-06-09,7,9,0,0.109498
7970,2018-06-12,7,2,0,0.109483
7971,2018-06-14,8,2,0,0.109468
7972,2018-06-16,5,8,0,0.109453
7973,2018-06-19,5,3,0,0.109439
7974,2018-06-21,3,3,1,0.109559
7975,2018-06-23,5,6,0,0.109544
7976,2018-06-26,2,3,0,0.10953
7977,2018-06-28,5,9,0,0.109515
7978,2018-06-30,3,3,1,0.109635
7979,2018-07-03,7,6,0,0.109621
7980,2018-07-05,7,2,0,0.109606
7981,2018-07-07,9,2,0,0.109591
7982,2018-07-10,5,9,0,0.109576
7983,2018-07-12,5,3,0,0.109561
7984,2018-07-14,7,3,0,0.109546
7985,2018-07-17,6,2,0,0.109532
7986,2018-07-19,2,2,1,0.109652
7987,2018-07-21,8,9,0,0.109637
7988,2018-07-24,5,8,0,0.109622
7989,2018-07-26,2,3,0,0.109608
7990,2018-07-28,7,9,0,0.109593
7991,2018-07-31,6,2,0,0.109578
7992,2018-08-02,3,2,0,0.109563
7993,2018-08-04,1,6,0,0.109548
7994,2018-08-07,8,8,1,0.109669
7995,2018-08-09,1,8,0,0.109654
7996,2018-08-11,8,8,1,0.109774
7997,2018-08-14,1,8,0,0.109759
7998,2018-08-16,7,8,0,0.109745
7999,2018-08-18,5,2,0,0.10973
8000,2018-08-21,9,3,0,0.109715
8001,2018-08-23,5,9,0,0.1097
8002,2018-08-25,9,3,0,0.109685
8003,2018-08-28,9,9,1,0.109806
8004,2018-08-30,2,9,0,0.109791
8005,2018-09-01,9,9,1,0.109911
8006,2018-09-04,7,9,0,0.109896
8007,2018-09-06,2,2,1,0.110016
8008,2018-09-08,6,9,0,0.110001
8009,2018-09-11,7,2,0,0.109987
8010,2018-09-13,3,2,0,0.109972
8011,2018-09-15,4,6,0,0.109957
8012,2018-09-18,9,1,0,0.109942
8013,2018-09-20,7,9,0,0.109927
8014,2018-09-22,6,2,0,0.109912
8015,2018-09-25,4,2,0,0.109898
8016,2018-09-27,7,1,0,0.109883
8017,2018-09-29,2,2,1,0.110003
8018,2018-10-02,6,9,0,0.109988
8019,2018-10-04,1,2,0,0.109973
8020,2018-10-06,5,8,0,0.109958
8021,2018-10-09,8,3,0,0.109943
8022,2018-10-11,2,8,0,0.109929
8023,2018-10-13,6,9,0,0.109914
8024,2018-10-16,6,2,0,0.109899
8025,2018-10-18,6,2,0,0.109884
8026,2018-10-20,2,2,1,0.110004
8027,2018-10-23,9,9,1,0.110124
8028,2018-10-25,1,9,0,0.110109
8029,2018-10-27,6,8,0,0.110094
8030,2018-10-30,5,2,0,0.110079
8031,2018-11-02,6,3,0,0.110065
8032,2018-11-03,4,2,0,0.11005
8033,2018-11-06,8,1,0,0.110035
8034,2018-11-08,6,8,0,0.11002
8035,2018-11-10,5,2,0,0.110005
8036,2018-11-13,4,3,0,0.109991
8037,2018-11-15,9,1,0,0.109976
8038,2018-11-17,6,9,0,0.109961
8039,2018-11-20,1,2,0,0.109946
8040,2018-11-22,7,8,0,0.109931
8041,2018-11-24,9,2,0,0.109917
8042,2018-11-27,1,9,0,0.109902
8043,2018-11-29,2,8,0,0.109887
8044,2018-12-01,3,9,0,0.109872
8045,2018-12-04,6,6,1,0.109992
8046,2018-12-06,4,2,0,0.109977
8047,2018-12-10,1,1,1,0.110097
8048,2018-12-11,4,8,0,0.110082
8049,2018-12-13,1,1,1,0.110201
8050,2018-12-15,8,8,1,0.110321
8051,2018-12-18,9,8,0,0.110306
8052,2018-12-20,2,9,0,0.110291
8053,2018-12-22,7,9,0,0.110276
8054,2018-12-24,7,2,0,0.110262
8055,2018-12-27,2,2,1,0.110381
8056,2018-12-29,4,9,0,0.110366
8057,2019-01-02,9,1,0,0.110351
8058,2019-01-03,3,9,0,0.110337
8059,2019-01-05,9,6,0,0.110322
8060,2019-01-08,2,9,0,0.110307
8061,2019-01-10,2,9,0,0.110292
8062,2019-01-12,6,9,0,0.110277
8063,2019-01-15,2,2,1,0.110397
8064,2019-01-17,8,9,0,0.110382
8065,2019-01-19,3,8,0,0.110367
8066,2019-01-22,5,6,0,0.110352
8067,2019-01-24,1,3,0,0.110337
8068,2019-01-26,8,8,1,0.110457
8069,2019-01-29,7,8,0,0.110442
8070,2019-01-31,8,2,0,0.110427
8071,2019-02-02,4,8,0,0.110412
8072,2019-02-05,3,1,0,0.110397
8073,2019-02-07,2,6,0,0.110383
8074,2019-02-09,8,9,0,0.110368
8075,2019-02-12,5,8,0,0.110353
8076,2019-02-14,3,3,1,0.110472
8077,2019-02-16,4,6,0,0.110457
8078,2019-02-19,6,1,0,0.110443
8079,2019-02-21,2,2,1,0.110561
8080,2019-02-23,3,9,0,0.110547
8081,2019-02-26,1,6,0,0.110532
8082,2019-02-28,4,8,0,0.110517
8083,2019-03-02,1,1,1,0.110636
8084,2019-03-05,3,8,0,0.110621
8085,2019-03-07,8,6,0,0.110606
8086,2019-03-09,7,8,0,0.110592
8087,2019-03-12,6,2,0,0.110577
8088,2019-03-14,1,2,0,0.110562
8089,2019-03-16,9,8,0,0.110547
8090,2019-03-19,9,9,1,0.110666
8091,2019-03-21,6,9,0,0.110651
8092,2019-03-23,3,2,0,0.110637
8093,2019-03-26,6,6,1,0.110755
8094,2019-03-28,5,2,0,0.11074
8095,2019-03-30,5,3,0,0.110726
8096,2019-04-02,8,3,0,0.110711
8097,2019-04-04,8,8,1,0.11083
8098,2019-04-06,2,8,0,0.110815
8099,2019-04-09,3,9,0,0.1108
8100,2019-04-11,3,6,0,0.110785
8101,2019-04-13,3,6,0,0.11077
8102,2019-04-16,4,6,0,0.110756
8103,2019-04-18,5,1,0,0.110741
8104,2019-04-20,4,3,0,0.110726
8105,2019-04-23,8,1,0,0.110711
8106,2019-04-26,3,8,0,0.110697
8107,2019-04-27,8,6,0,0.110682
8108,2019-04-30,9,8,0,0.110667
8109,2019-05-02,7,9,0,0.110652
8110,2019-05-04,9,2,0,0.110638
8111,2019-05-07,5,9,0,0.110623
8112,2019-05-09,4,3,0,0.110608
8113,2019-05-11,3,1,0,0.110594
8114,2019-05-14,7,6,0,0.110579
8115,2019-05-16,6,2,0,0.110564
8116,2019-05-18,7,2,0,0.110549
8117,2019-05-21,9,2,0,0.110535
8118,2019-05-23,2,9,0,0.11052
8119,2019-05-25,9,9,1,0.110638
8120,2019-05-28,7,9,0,0.110624
8121,2019-05-30,7,2,0,0.110609
8122,2019-06-01,3,2,0,0.110594
8123,2019-06-04,8,6,0,0.110579
8124,2019-06-06,6,8,0,0.110565
8125,2019-06-08,5,2,0,0.11055
8126,2019-06-11,6,3,0,0.110535
8127,2019-06-13,7,2,0,0.110521
8128,2019-06-15,1,2,0,0.110506
8129,2019-06-18,5,8,0,0.110491
8130,2019-06-20,8,3,0,0.110477
8131,2019-06-22,7,8,0,0.110462
8132,2019-06-25,2,2,1,0.11058
8133,2019-06-27,2,9,0,0.110565
8134,2019-06-29,5,9,0,0.110551
8135,2019-07-02,2,3,0,0.110536
8136,2019-07-04,3,9,0,0.110521
8137,2019-07-06,2,6,0,0.110507
8138,2019-07-09,6,9,0,0.110492
8139,2019-07-11,8,2,0,0.110477
8140,2019-07-13,2,8,0,0.110463
8141,2019-07-16,9,9,1,0.110581
8142,2019-07-18,6,9,0,0.110566
8143,2019-07-20,1,2,0,0.110551
8144,2019-07-23,4,8,0,0.110537
8145,2019-07-25,4,1,0,0.110522
8146,2019-07-27,5,1,0,0.110507
8147,2019-07-30,9,3,0,0.110493
8148,2019-08-01,4,9,0,0.110478
8149,2019-08-03,4,1,0,0.110464
8150,2019-08-06,9,1,0,0.110449
8151,2019-08-08,9,9,1,0.110567
8152,2019-08-10,4,9,0,0.110552
8153,2019-08-13,9,1,0,0.110537
8154,2019-08-16,8,9,0,0.110523
8155,2019-08-17,8,8,1,0.110641
8156,2019-08-20,4,8,0,0.110626
8157,2019-08-22,2,1,0,0.110611
8158,2019-08-24,6,9,0,0.110597
8159,2019-08-27,8,2,0,0.110582
8160,2019-08-29,6,8,0,0.110567
8161,2019-08-31,9,2,0,0.110553
8162,2019-09-03,1,9,0,0.110538
8163,2019-09-05,3,8,0,0.110524
8164,2019-09-07,5,6,0,0.110509
8165,2019-09-10,9,3,0,0.110494
8166,2019-09-12,2,9,0,0.11048
8167,2019-09-14,1,9,0,0.110465
8168,2019-09-17,6,8,0,0.110451
8169,2019-09-19,6,2,0,0.110436
8170,2019-09-21,8,2,0,0.110421
8171,2019-09-24,1,8,0,0.110407
8172,2019-09-26,1,8,0,0.110392
8173,2019-09-28,4,8,0,0.110378
8174,2019-10-01,8,1,0,0.110363
8175,2019-10-03,1,8,0,0.110348
8176,2019-10-05,5,8,0,0.110334
8177,2019-10-08,6,3,0,0.110319
8178,2019-10-10,2,2,1,0.110437
8179,2019-10-12,7,9,0,0.110422
8180,2019-10-15,1,2,0,0.110408
8181,2019-10-17,2,8,0,0.110393
8182,2019-10-19,3,9,0,0.110378
8183,2019-10-22,9,6,0,0.110364
8184,2019-10-24,2,9,0,0.110349
8185,2019-10-26,9,9,1,0.110467
8186,2019-10-29,9,9,1,0.110584
8187,2019-10-31,6,9,0,0.110569
8188,2019-11-02,8,2,0,0.110555
8189,2019-11-05,1,8,0,0.11054
8190,2019-11-07,4,8,0,0.110526
8191,2019-11-09,9,1,0,0.110511
8192,2019-11-12,5,9,0,0.110497
8193,2019-11-14,6,3,0,0.110482
8194,2019-11-16,4,2,0,0.110467
8195,2019-11-19,2,1,0,0.110453
8196,2019-11-21,6,9,0,0.110438
8197,2019-11-23,2,2,1,0.110555
8198,2019-11-26,4,9,0,0.110541
8199,2019-11-28,4,1,0,0.110526
8200,2019-11-30,9,1,0,0.110512
8201,2019-12-03,7,9,0,0.110497
8202,2019-12-05,3,2,0,0.110483
8203,2019-12-07,1,6,0,0.110468
8204,2019-12-10,9,8,0,0.110454
8205,2019-12-12,1,9,0,0.110439
8206,2019-12-14,6,8,0,0.110425
8207,2019-12-17,2,2,1,0.110542
8208,2019-12-19,4,9,0,0.110527
8209,2019-12-21,5,1,0,0.110512
8210,2019-12-24,3,3,1,0.110629
8211,2019-12-27,4,6,0,0.110615
8212,2019-12-28,2,1,0,0.1106
8213,2019-12-31,2,9,0,0.110586
8214,2020-01-02,5,9,0,0.110571
8215,2020-01-04,8,3,0,0.110557
8216,2020-01-07,8,8,1,0.110673
8217,2020-01-09,9,8,0,0.110659
8218,2020-01-11,6,9,0,0.110644
8219,2020-01-14,7,2,0,0.11063
8220,2020-01-16,6,2,0,0.110615
8221,2020-01-18,6,2,0,0.110601
8222,2020-01-21,5,2,0,0.110586
8223,2020-01-23,9,3,0,0.110572
8224,2020-01-25,1,9,0,0.110557
8225,2020-01-28,4,8,0,0.110543
8226,2020-01-30,4,1,0,0.110528
8227,2020-02-01,7,1,0,0.110514
8228,2020-02-04,1,2,0,0.110499
8229,2020-02-06,1,8,0,0.110485
8230,2020-02-08,9,8,0,0.11047
8231,2020-02-11,9,9,1,0.110587
8232,2020-02-13,6,9,0,0.110573
8233,2020-02-15,8,2,0,0.110558
8234,2020-02-18,6,8,0,0.110544
8235,2020-02-20,7,2,0,0.110529
8236,2020-02-22,5,2,0,0.110515
8237,2020-02-25,9,3,0,0.1105
8238,2020-02-27,6,9,0,0.110486
8239,2020-02-29,2,2,1,0.110602
8240,2020-03-03,7,9,0,0.110588
8241,2020-03-05,8,2,0,0.110573
8242,2020-03-07,4,8,0,0.110559
8243,2020-03-10,1,1,1,0.110675
8244,2020-03-12,4,8,0,0.110661
8245,2020-03-14,4,1,0,0.110646
8246,2020-03-17,2,1,0,0.110632
8247,2020-03-19,9,9,1,0.110748
8248,2020-03-21,6,9,0,0.110733
8249,2020-05-05,6,2,0,0.110719
8250,2020-05-07,3,2,0,0.110704
8251,2020-05-09,6,6,1,0.110821
8252,2020-05-12,1,2,0,0.110806
8253,2020-05-14,9,8,0,0.110792
8254,2020-05-16,7,9,0,0.110777
8255,2020-05-19,4,2,0,0.110763
8256,2020-05-21,7,1,0,0.110748
8257,2020-05-23,3,2,0,0.110734
8258,2020-05-26,4,6,0,0.110719
8259,2020-05-28,9,1,0,0.110705
8260,2020-05-30,1,9,0,0.110691
8261,2020-06-03,7,8,0,0.110676
8262,2020-06-04,6,2,0,0.110662
8263,2020-06-06,4,2,0,0.110647
8264,2020-06-09,4,1,0,0.110633
8265,2020-06-11,2,1,0,0.110618
8266,2020-06-13,9,9,1,0.110734
8267,2020-06-16,3,9,0,0.11072
8268,2020-06-18,1,6,0,0.110705
8269,2020-06-20,1,8,0,0.110691
8270,2020-06-23,7,8,0,0.110677
8271,2020-06-25,5,2,0,0.110662
8272,2020-06-27,1,3,0,0.110648
8273,2020-06-30,8,8,1,0.110764
8274,2020-07-02,4,8,0,0.110749
8275,2020-07-04,5,1,0,0.110735
8276,2020-07-07,9,3,0,0.11072
8277,2020-07-09,3,9,0,0.110706
8278,2020-07-11,4,6,0,0.110691
8279,2020-07-14,6,1,0,0.110677
8280,2020-07-16,3,2,0,0.110663
8281,2020-07-18,4,6,0,0.110648
8282,2020-07-21,5,1,0,0.110634
8283,2020-07-23,8,3,0,0.110619
8284,2020-07-25,1,8,0,0.110605
8285,2020-07-28,3,8,0,0.110591
8286,2020-07-30,8,6,0,0.110576
8287,2020-08-01,7,8,0,0.110562
8288,2020-08-04,4,2,0,0.110548
8289,2020-08-06,7,1,0,0.110533
8290,2020-08-08,5,2,0,0.110519
8291,2020-08-11,2,3,0,0.110504
8292,2020-08-13,6,9,0,0.11049
8293,2020-08-17,6,2,0,0.110476
8294,2020-08-18,5,2,0,0.110461
8295,2020-08-20,7,3,0,0.110447
8296,2020-08-22,7,2,0,0.110433
8297,2020-08-25,7,2,0,0.110418
8298,2020-08-27,3,2,0,0.110404
8299,2020-08-29,7,6,0,0.11039
8300,2020-09-01,9,2,0,0.110375
8301,2020-09-03,6,9,0,0.110361
8302,2020-09-05,6,2,0,0.110347
8303,2020-09-08,1,2,0,0.110332
8304,2020-09-10,3,8,0,0.110318
8305,2020-09-12,8,6,0,0.110304
8306,2020-09-15,7,8,0,0.110289
8307,2020-09-17,8,2,0,0.110275
8308,2020-09-19,3,8,0,0.110261
8309,2020-09-22,6,6,1,0.110376
8310,2020-09-24,2,2,1,0.110492
8311,2020-09-26,9,9,1,0.110607
8312,2020-09-29,6,9,0,0.110593
8313,2020-10-01,8,2,0,0.110578
8314,2020-10-03,5,8,0,0.110564
8315,2020-10-06,7,3,0,0.11055
8316,2020-10-08,3,2,0,0.110535
8317,2020-10-10,2,6,0,0.110521
8318,2020-10-13,3,9,0,0.110507
8319,2020-10-15,7,6,0,0.110492
8320,2020-10-17,1,2,0,0.110478
8321,2020-10-20,1,8,0,0.110464
8322,2020-10-22,4,8,0,0.110449
8323,2020-10-24,3,1,0,0.110435
8324,2020-10-27,3,6,0,0.110421
8325,2020-10-29,6,6,1,0.110536
8326,2020-10-31,1,2,0,0.110522
8327,2020-11-03,6,8,0,0.110507
8328,2020-11-05,1,2,0,0.110493
8329,2020-11-07,4,8,0,0.110479
8330,2020-11-10,3,1,0,0.110464
8331,2020-11-12,9,6,0,0.11045
8332,2020-11-14,4,9,0,0.110436
8333,2020-11-17,4,1,0,0.110422
8334,2020-11-19,1,1,1,0.110537
8335,2020-11-21,1,8,0,0.110522
8336,2020-11-24,8,8,1,0.110637
8337,2020-11-26,8,8,1,0.110752
8338,2020-11-28,5,8,0,0.110738
8339,2020-12-01,5,3,0,0.110724
8340,2020-12-03,6,3,0,0.110709
8341,2020-12-05,2,2,1,0.110824
8342,2020-12-09,7,9,0,0.11081
8343,2020-12-10,2,2,1,0.110925
8344,2020-12-12,1,9,0,0.11091
8345,2020-12-15,1,8,0,0.110896
8346,2020-12-17,8,8,1,0.111011
8347,2020-12-19,7,8,0,0.110996
8348,2020-12-22,1,2,0,0.110982
8349,2020-12-24,4,8,0,0.110968
8350,2020-12-28,5,1,0,0.110953
8351,2020-12-29,6,3,0,0.110939
8352,2020-12-31,9,2,0,0.110925
8353,2021-01-02,4,9,0,0.11091
8354,2021-01-05,1,1,1,0.111025
8355,2021-01-07,4,8,0,0.111011
8356,2021-01-09,2,1,0,0.110997
8357,2021-01-12,3,9,0,0.110982
8358,2021-01-14,3,6,0,0.110968
8359,2021-01-16,9,6,0,0.110954
8360,2021-01-19,9,9,1,0.111068
8361,2021-01-21,2,9,0,0.111054
8362,2021-01-23,3,9,0,0.11104
8363,2021-01-26,2,6,0,0.111025
8364,2021-01-28,4,9,0,0.111011
8365,2021-01-30,2,1,0,0.110997
8366,2021-02-02,2,9,0,0.110982
8367,2021-02-04,2,9,0,0.110968
8368,2021-02-06,9,9,1,0.111083
8369,2021-02-09,5,9,0,0.111068
8370,2021-02-11,4,3,0,0.111054
8371,2021-02-13,2,1,0,0.11104
8372,2021-02-16,4,9,0,0.111025
8373,2021-02-18,7,1,0,0.111011
8374,2021-02-20,8,2,0,0.110997
8375,2021-02-23,7,8,0,0.110983
8376,2021-02-25,7,2,0,0.110968
8377,2021-02-27,6,2,0,0.110954
8378,2021-03-02,8,2,0,0.11094
8379,2021-03-04,3,8,0,0.110925
8380,2021-03-06,7,6,0,0.110911
8381,2021-03-09,4,2,0,0.110897
8382,2021-03-11,7,1,0,0.110883
8383,2021-03-13,6,2,0,0.110868
8384,2021-03-16,2,2,1,0.110983
8385,2021-03-18,1,9,0,0.110968
8386,2021-03-20,6,8,0,0.110954
8387,2021-03-23,7,2,0,0.11094
8388,2021-03-25,9,2,0,0.110926
8389,2021-03-27,4,9,0,0.110911
8390,2021-03-30,1,1,1,0.111026
8391,2021-04-01,2,8,0,0.111011
8392,2021-04-03,1,9,0,0.110997
8393,2021-04-06,5,8,0,0.110983
8394,2021-04-08,3,3,1,0.111097
8395,2021-04-10,5,6,0,0.111083
8396,2021-04-13,6,3,0,0.111068
8397,2021-04-15,3,2,0,0.111054
8398,2021-04-17,6,6,1,0.111168
8399,2021-04-20,2,2,1,0.111282
8400,2021-04-22,5,9,0,0.111268
8401,2021-04-24,7,3,0,0.111254
8402,2021-04-27,8,2,0,0.111239
8403,2021-04-29,4,8,0,0.111225
8404,2021-05-03,4,1,0,0.111211
8405,2021-05-04,1,1,1,0.111325
8406,2021-05-06,5,8,0,0.11131
8407,2021-05-08,9,3,0,0.111296
8408,2021-05-11,5,9,0,0.111282
8409,2021-05-13,8,3,0,0.111268
8410,2021-05-15,6,8,0,0.111253
8411,2021-05-18,4,2,0,0.111239
8412,2021-05-20,7,1,0,0.111225
8413,2021-05-22,2,2,1,0.111339
8414,2021-05-25,3,9,0,0.111324
8415,2021-05-27,5,6,0,0.11131
8416,2021-05-29,5,3,0,0.111296
8417,2021-06-01,5,3,0,0.111282
8418,2021-06-03,7,3,0,0.111267
8419,2021-06-05,6,2,0,0.111253
8420,2021-06-08,8,2,0,0.111239
8421,2021-06-10,2,8,0,0.111225
8422,2021-06-12,8,9,0,0.111211
8423,2021-06-15,1,8,0,0.111196
8424,2021-06-17,5,8,0,0.111182
8425,2021-06-19,4,3,0,0.111168
8426,2021-06-22,3,1,0,0.111154
8427,2021-06-24,8,6,0,0.111139
8428,2021-06-26,5,8,0,0.111125
8429,2021-06-29,4,3,0,0.111111
8430,2021-07-01,3,1,0,0.111097
8431,2021-07-03,2,6,0,0.111083
8432,2021-07-06,9,9,1,0.111196
8433,2021-07-08,7,9,0,0.111182
8434,2021-07-10,8,2,0,0.111168
8435,2021-07-13,3,8,0,0.111154
8436,2021-07-15,7,6,0,0.111139
8437,2021-07-17,1,2,0,0.111125
8438,2021-07-20,3,8,0,0.111111
8439,2021-07-22,9,6,0,0.111097
8440,2021-07-24,3,9,0,0.111083
8441,2021-07-27,8,6,0,0.111069
8442,2021-07-29,5,8,0,0.111054
8443,2021-07-31,4,3,0,0.11104
8444,2021-08-03,8,1,0,0.111026
8445,2021-08-05,8,8,1,0.111139
8446,2021-08-07,2,8,0,0.111125
8447,2021-08-10,8,9,0,0.111111
8448,2021-08-12,3,8,0,0.111097
8449,2021-08-14,1,6,0,0.111083
8450,2021-08-17,5,8,0,0.111069
8451,2021-08-19,7,3,0,0.111055
8452,2021-08-21,9,2,0,0.11104
8453,2021-08-24,4,9,0,0.111026
8454,2021-08-26,8,1,0,0.111012
8455,2021-08-28,6,8,0,0.110998
8456,2021-08-31,6,2,0,0.110984
8457,2021-09-02,2,2,1,0.111097
8458,2021-09-04,3,9,0,0.111083
8459,2021-09-07,9,6,0,0.111069
8460,2021-09-09,4,9,0,0.111055
8461,2021-09-11,6,1,0,0.11104
8462,2021-09-14,1,2,0,0.111026
8463,2021-09-16,5,8,0,0.111012
8464,2021-09-18,2,3,0,0.110998
8465,2021-09-21,6,9,0,0.110984
8466,2021-09-23,8,2,0,0.11097
8467,2021-09-25,1,8,0,0.110956
8468,2021-09-28,7,8,0,0.110942
8469,2021-09-30,5,2,0,0.110928
8470,2021-10-02,4,3,0,0.110913
8471,2021-10-05,8,1,0,0.110899
8472,2021-10-07,1,8,0,0.110885
8473,2021-10-09,9,8,0,0.110871
8474,2021-10-12,7,9,0,0.110857
8475,2021-10-14,5,2,0,0.110843
8476,2021-10-16,8,3,0,0.110829
8477,2021-10-19,3,8,0,0.110815
8478,2021-10-21,6,6,1,0.110928
8479,2021-10-23,9,2,0,0.110914
8480,2021-10-26,5,9,0,0.1109
8481,2021-10-28,8,3,0,0.110886
8482,2021-10-30,7,8,0,0.110871
8483,2021-11-02,5,2,0,0.110857
8484,2021-11-04,6,3,0,0.110843
8485,2021-11-06,3,2,0,0.110829
8486,2021-11-09,9,6,0,0.110815
8487,2021-11-11,4,9,0,0.110801
8488,2021-11-13,1,1,1,0.110914
8489,2021-11-16,2,8,0,0.1109
8490,2021-11-18,3,9,0,0.110886
8491,2021-11-20,5,6,0,0.110872
8492,2021-11-23,5,3,0,0.110858
8493,2021-11-25,7,3,0,0.110844
8494,2021-11-27,7,2,0,0.11083
8495,2021-11-30,5,2,0,0.110816
8496,2021-12-02,3,3,1,0.110928
8497,2021-12-04,4,6,0,0.110914
8498,2021-12-07,6,1,0,0.1109
8499,2021-12-09,8,2,0,0.110886
8500,2021-12-11,2,8,0,0.110872
8501,2021-12-14,7,9,0,0.110858
8502,2021-12-16,7,2,0,0.110844
8503,2021-12-18,1,2,0,0.11083
8504,2021-12-21,2,8,0,0.110816
8505,2021-12-23,9,9,1,0.110928
8506,2021-12-27,5,9,0,0.110914
8507,2021-12-28,6,3,0,0.1109
8508,2021-12-30,9,2,0,0.110886
8509,2022-01-03,6,9,0,0.110872
8510,2022-01-04,5,2,0,0.110858
8511,2022-01-07,2,3,0,0.110844
8512,2022-01-08,7,9,0,0.11083
8513,2022-01-11,1,2,0,0.110816
8514,2022-01-13,6,8,0,0.110802
8515,2022-01-15,7,2,0,0.110788
8516,2022-01-18,9,2,0,0.110774
8517,2022-01-20,4,9,0,0.11076
8518,2022-01-22,1,1,1,0.110873
8519,2022-01-25,5,8,0,0.110859
8520,2022-01-27,5,3,0,0.110845
8521,2022-01-29,6,3,0,0.110831
8522,2022-02-01,1,2,0,0.110817
8523,2022-02-03,9,8,0,0.110803
8524,2022-02-05,9,9,1,0.110915
8525,2022-02-08,2,9,0,0.110901
8526,2022-02-10,9,9,1,0.111013
8527,2022-02-12,4,9,0,0.110999
8528,2022-02-15,6,1,0,0.110985
8529,2022-02-17,6,2,0,0.110971
8530,2022-02-19,4,2,0,0.110957
8531,2022-02-22,1,1,1,0.111069
8532,2022-02-24,6,8,0,0.111055
8533,2022-02-26,9,2,0,0.111041
8534,2022-03-01,4,9,0,0.111027
8535,2022-03-03,7,1,0,0.111013
8536,2022-03-05,5,2,0,0.110999
8537,2022-03-08,1,3,0,0.110985
8538,2022-03-10,6,8,0,0.110971
8539,2022-03-12,3,2,0,0.110957
8540,2022-03-15,4,6,0,0.110943
8541,2022-03-17,9,1,0,0.110929
8542,2022-03-19,2,9,0,0.110915
8543,2022-03-22,4,9,0,0.110901
8544,2022-03-24,9,1,0,0.110887
8545,2022-03-26,6,9,0,0.110873
8546,2022-03-29,1,2,0,0.110859
8547,2022-03-31,1,8,0,0.110845
8548,2022-04-02,4,8,0,0.110832
8549,2022-04-05,3,1,0,0.110818
8550,2022-04-07,7,6,0,0.110804
8551,2022-04-09,6,2,0,0.11079
8552,2022-04-12,9,2,0,0.110776
8553,2022-04-14,8,9,0,0.110762
8554,2022-04-16,1,8,0,0.110748
8555,2022-04-19,4,8,0,0.110734
8556,2022-04-21,5,1,0,0.11072
8557,2022-04-23,5,3,0,0.110706
8558,2022-04-26,1,3,0,0.110692
8559,2022-04-28,2,8,0,0.110678
8560,2022-04-30,7,9,0,0.110664
8561,2022-05-03,1,2,0,0.110651
8562,2022-05-05,1,8,0,0.110637
8563,2022-05-07,2,8,0,0.110623
8564,2022-05-10,9,9,1,0.110734
8565,2022-05-12,3,9,0,0.110721
8566,2022-05-14,4,6,0,0.110707
8567,2022-05-17,9,1,0,0.110693
8568,2022-05-19,1,9,0,0.110679
8569,2022-05-21,2,8,0,0.110665
8570,2022-05-24,4,9,0,0.110651
8571,2022-05-26,1,1,1,0.110763
8572,2022-05-28,1,8,0,0.110749
8573,2022-05-31,7,8,0,0.110735
8574,2022-06-03,2,2,1,0.110846
8575,2022-06-04,6,9,0,0.110832
8576,2022-06-07,8,2,0,0.110819
8577,2022-06-09,5,8,0,0.110805
8578,2022-06-11,1,3,0,0.110791
8579,2022-06-14,2,8,0,0.110777
8580,2022-06-16,2,9,0,0.110763
8581,2022-06-18,6,9,0,0.110749
8582,2022-06-21,9,2,0,0.110735
8583,2022-06-23,6,9,0,0.110721
8584,2022-06-25,1,2,0,0.110708
8585,2022-06-28,7,8,0,0.110694
8586,2022-06-30,1,2,0,0.11068
8587,2022-07-02,6,8,0,0.110666
8588,2022-07-05,5,2,0,0.110652
8589,2022-07-07,4,3,0,0.110638
8590,2022-07-09,2,1,0,0.110624
8591,2022-07-12,5,9,0,0.110611
8592,2022-07-14,4,3,0,0.110597
8593,2022-07-16,2,1,0,0.110583
8594,2022-07-19,3,9,0,0.110569
8595,2022-07-21,4,6,0,0.110555
8596,2022-07-23,7,1,0,0.110541
8597,2022-07-26,6,2,0,0.110528
8598,2022-07-28,1,2,0,0.110514
8599,2022-07-30,3,8,0,0.1105
8600,2022-08-02,8,6,0,0.110486
8601,2022-08-04,7,8,0,0.110472
8602,2022-08-06,6,2,0,0.110459
8603,2022-08-09,4,2,0,0.110445
8604,2022-08-11,9,1,0,0.110431
8605,2022-08-13,1,9,0,0.110417
8606,2022-08-16,5,8,0,0.110403
8607,2022-08-18,3,3,1,0.110514
8608,2022-08-20,3,6,0,0.110501
8609,2022-08-23,9,6,0,0.110487
8610,2022-08-25,7,9,0,0.110473
8611,2022-08-27,8,2,0,0.110459
8612,2022-08-30,4,8,0,0.110446
8613,2022-09-01,8,1,0,0.110432
8614,2022-09-03,6,8,0,0.110418
8615,2022-09-06,7,2,0,0.110404
8616,2022-09-08,5,2,0,0.11039
8617,2022-09-10,7,3,0,0.110377
8618,2022-09-13,2,2,1,0.110488
8619,2022-09-15,5,9,0,0.110474
8620,2022-09-17,6,3,0,0.11046
8621,2022-09-20,9,2,0,0.110446
8622,2022-09-22,3,9,0,0.110433
8623,2022-09-24,9,6,0,0.110419
8624,2022-09-27,4,9,0,0.110405
8625,2022-09-29,5,1,0,0.110391
8626,2022-10-01,7,3,0,0.110377
8627,2022-10-04,8,2,0,0.110364
8628,2022-10-06,9,8,0,0.11035
8629,2022-10-08,6,9,0,0.110336
8630,2022-10-11,1,2,0,0.110323
8631,2022-10-13,5,8,0,0.110309
8632,2022-10-15,1,3,0,0.110295
8633,2022-10-18,3,8,0,0.110281
8634,2022-10-20,3,6,0,0.110268
8635,2022-10-22,3,6,0,0.110254
8636,2022-10-25,4,6,0,0.11024
8637,2022-10-27,7,1,0,0.110226
8638,2022-10-29,9,2,0,0.110213
8639,2022-11-02,8,9,0,0.110199
8640,2022-11-03,6,8,0,0.110185
8641,2022-11-05,9,2,0,0.110172
8642,2022-11-08,6,9,0,0.110158
8643,2022-11-10,3,2,0,0.110144
8644,2022-11-12,1,6,0,0.110131
8645,2022-11-15,6,8,0,0.110117
8646,2022-11-17,8,2,0,0.110103
8647,2022-11-19,6,8,0,0.110089
8648,2022-11-22,6,2,0,0.110076
8649,2022-11-24,4,2,0,0.110062
8650,2022-11-26,5,1,0,0.110048
8651,2022-11-29,8,3,0,0.110035
8652,2022-12-01,7,8,0,0.110021
8653,2022-12-03,1,2,0,0.110007
8654,2022-12-06,6,8,0,0.109994
8655,2022-12-09,4,2,0,0.10998
8656,2022-12-10,3,1,0,0.109966
8657,2022-12-13,6,6,1,0.110077
8658,2022-12-15,6,2,0,0.110063
8659,2022-12-17,3,2,0,0.11005
8660,2022-12-20,4,6,0,0.110036
8661,2022-12-22,7,1,0,0.110022
8662,2022-12-24,5,2,0,0.110009
8663,2022-12-27,3,3,1,0.110119
8664,2022-12-29,8,6,0,0.110105
8665,2022-12-31,8,8,1,0.110216
8666,2023-01-03,3,8,0,0.110202
8667,2023-01-05,1,6,0,0.110188
8668,2023-01-07,6,8,0,0.110175
8669,2023-01-10,3,2,0,0.110161
8670,2023-01-12,3,6,0,0.110147
8671,2023-01-14,6,6,1,0.110258
8672,2023-01-17,3,2,0,0.110244
8673,2023-01-19,6,6,1,0.110354
8674,2023-01-21,4,2,0,0.110341
8675,2023-01-24,2,1,0,0.110327
8676,2023-01-26,7,9,0,0.110313
8677,2023-01-28,1,2,0,0.1103
8678,2023-01-31,4,8,0,0.110286
8679,2023-02-02,5,1,0,0.110272
8680,2023-02-04,9,3,0,0.110259
8681,2023-02-07,8,9,0,0.110245
8682,2023-02-09,2,8,0,0.110231
8683,2023-02-11,1,9,0,0.110218
8684,2023-02-14,6,8,0,0.110204
8685,2023-02-16,9,2,0,0.11019
8686,2023-02-18,2,9,0,0.110177
8687,2023-02-21,5,9,0,0.110163
8688,2023-02-23,3,3,1,0.110273
8689,2023-02-25,1,6,0,0.11026
8690,2023-02-28,7,8,0,0.110246
8691,2023-03-02,6,2,0,0.110232
8692,2023-03-04,9,2,0,0.110219
8693,2023-03-07,3,9,0,0.110205
8694,2023-03-09,1,6,0,0.110191
8695,2023-03-11,1,8,0,0.110178
8696,2023-03-14,2,8,0,0.110164
8697,2023-03-16,2,9,0,0.110151
8698,2023-03-18,8,9,0,0.110137
8699,2023-03-21,9,8,0,0.110123
8700,2023-03-23,4,9,0,0.11011
8701,2023-03-25,8,1,0,0.110096
8702,2023-03-28,1,8,0,0.110083
8703,2023-03-30,3,2,0,0.110069
8704,2023-04-01,4,6,0,0.110056
8705,2023-04-04,4,1,0,0.110042
8706,2023-04-06,8,1,0,0.110028
8707,2023-04-08,8,8,1,0.110138
8708,2023-04-11,5,8,0,0.110125
8709,2023-04-13,2,3,0,0.110111
8710,2023-04-15,3,9,0,0.110097
8711,2023-04-18,8,6,0,0.110084
8712,2023-04-20,9,8,0,0.11007
8713,2023-04-22,1,9,0,0.110057
8714,2023-04-26,1,2,0,0.110043
8715,2023-04-27,7,2,0,0.11003
8716,2023-04-29,6,2,0,0.110016
8717,2023-05-02,2,2,1,0.110126
8718,2023-05-04,6,9,0,0.110112
8719,2023-05-06,7,2,0,0.110099
8720,2023-05-09,2,2,1,0.110208
8721,2023-05-11,6,9,0,0.110195
8722,2023-05-13,8,2,0,0.110181
8723,2023-05-16,7,8,0,0.110167
8724,2023-05-18,9,2,0,0.110154
8725,2023-05-20,9,9,1,0.110263
8726,2023-05-23,1,9,0,0.11025
8727,2023-05-25,5,2,0,0.110236
8728,2023-05-27,6,3,0,0.110223
8729,2023-05-30,8,2,0,0.110209
8730,2023-06-01,1,8,0,0.110196
8731,2023-06-03,6,2,0,0.110182
8732,2023-06-06,3,2,0,0.110168
8733,2023-06-08,2,6,0,0.110155
8734,2023-06-10,5,9,0,0.110141
8735,2023-06-13,8,3,0,0.110128
8736,2023-06-15,5,8,0,0.110114
8737,2023-06-17,5,3,0,0.110101
8738,2023-06-20,1,3,0,0.110087
8739,2023-06-22,6,2,0,0.110074
8740,2023-06-24,6,2,0,0.11006
8741,2023-06-27,1,2,0,0.110047
8742,2023-06-29,7,2,0,0.110033
8743,2023-07-01,7,2,0,0.11002
8744,2023-07-04,3,2,0,0.110006
8745,2023-07-06,9,6,0,0.109993
8746,2023-07-07,7,9,0,0.109979
8747,2023-07-08,1,2,0,0.109966
8748,2023-07-11,2,2,1,0.110075
8749,2023-07-13,2,9,0,0.110061
8750,2023-07-14,8,9,0,0.110048
8751,2023-07-15,3,8,0,0.110034
8752,2023-07-18,1,6,0,0.110021
8753,2023-07-20,7,2,0,0.110007
8754,2023-07-21,7,2,0,0.109994
8755,2023-07-22,1,2,0,0.10998
8756,2023-07-25,8,2,0,0.109967
8757,2023-07-27,5,8,0,0.109953
8758,2023-07-28,9,3,0,0.10994
8759,2023-07-29,6,9,0,0.109926
8760,2023-08-01,9,2,0,0.109913
8761,2023-08-03,5,9,0,0.1099
8762,2023-08-04,7,3,0,0.109886
8763,2023-08-05,6,2,0,0.109873
8764,2023-08-08,4,2,0,0.109859
8765,2023-08-10,8,1,0,0.109846
8766,2023-08-11,5,8,0,0.109832
8767,2023-08-12,4,3,0,0.109819
8768,2023-08-16,1,1,1,0.109928
8769,2023-08-17,6,2,0,0.109914
8770,2023-08-18,7,2,0,0.109901
8771,2023-08-19,9,2,0,0.109887
8772,2023-08-22,6,9,0,0.109874
8773,2023-08-24,7,2,0,0.109861
8774,2023-08-25,6,2,0,0.109847
8775,2023-08-26,8,2,0,0.109834
8776,2023-08-29,8,8,1,0.109943
8777,2023-08-31,4,8,0,0.109929
8778,2023-09-01,2,1,0,0.109916
8779,2023-09-02,3,9,0,0.109902
8780,2023-09-05,8,6,0,0.109889
8781,2023-09-07,5,8,0,0.109875
8782,2023-09-08,6,3,0,0.109862
8783,2023-09-09,3,2,0,0.109848
8784,2023-09-12,7,6,0,0.109835
8785,2023-09-14,8,2,0,0.109822
8786,2023-09-15,4,8,0,0.109808
8787,2023-09-16,6,1,0,0.109795
8788,2023-09-19,6,2,0,0.109781
8789,2023-09-21,2,2,1,0.10989
8790,2023-09-22,3,9,0,0.109877
8791,2023-09-23,3,6,0,0.109863
8792,2023-09-26,8,6,0,0.10985
8793,2023-09-28,7,8,0,0.109836
8794,2023-09-29,6,2,0,0.109823
8795,2023-09-30,2,2,1,0.109932
8796,2023-10-03,7,9,0,0.109918
8797,2023-10-05,4,2,0,0.109905
8798,2023-10-06,4,1,0,0.109891
8799,2023-10-07,8,1,0,0.109878
8800,2023-10-10,7,8,0,0.109865
8801,2023-10-12,9,2,0,0.109851
8802,2023-10-13,6,9,0,0.109838
8803,2023-10-14,9,2,0,0.109824
8804,2023-10-17,5,6,0,0.109811
8805,2023-10-19,5,3,0,0.109798
8806,2023-10-20,5,3,0,0.109784
8807,2023-10-21,1,3,0,0.109771
8808,2023-10-24,6,2,0,0.109758
8809,2023-10-26,9,2,0,0.109744
8810,2023-10-27,9,6,0,0.109731
8811,2023-10-28,2,9,0,0.109717
8812,2023-10-31,4,9,0,0.109704
8813,2023-11-02,8,1,0,0.109691
8814,2023-11-03,3,8,0,0.109677
8815,2023-11-04,3,6,0,0.109664
8816,2023-11-07,4,6,0,0.109651
8817,2023-11-09,9,1,0,0.109637
8818,2023-11-10,6,9,0,0.109624
8819,2023-11-11,7,2,0,0.109611
8820,2023-11-14,4,2,0,0.109597
8821,2023-11-16,7,1,0,0.109584
8822,2023-11-17,4,2,0,0.109571
8823,2023-11-18,5,1,0,0.109557
8824,2023-11-21,1,3,0,0.109544
8825,2023-11-23,5,6,0,0.109531
8826,2023-11-24,7,3,0,0.109517
8827,2023-11-25,8,2,0,0.109504
8828,2023-11-28,1,8,0,0.109491
8829,2023-11-30,3,6,0,0.109478
8830,2023-12-01,5,6,0,0.109464
8831,2023-12-02,2,3,0,0.109451
8832,2023-12-05,5,9,0,0.109438
8833,2023-12-07,2,3,0,0.109424
8834,2023-12-09,4,9,0,0.109411
8835,2023-12-11,9,1,0,0.109398
8836,2023-12-12,8,6,0,0.109384
8837,2023-12-14,8,8,1,0.109493
8838,2023-12-15,7,8,0,0.109479
8839,2023-12-16,4,2,0,0.109466
8840,2023-12-19,2,1,0,0.109453
8841,2023-12-21,9,9,1,0.109561
8842,2023-12-22,5,6,0,0.109547
8843,2023-12-23,3,3,1,0.109656
8844,2023-12-27,3,6,0,0.109642
8845,2023-12-28,9,6,0,0.109629
8846,2023-12-29,8,6,0,0.109616
8847,2023-12-30,3,8,0,0.109602
8848,2024-01-02,6,6,1,0.10971
8849,2024-01-04,7,2,0,0.109697
8850,2024-01-05,8,2,0,0.109684
8851,2024-01-08,7,8,0,0.10967
8852,2024-01-09,9,2,0,0.109657
8853,2024-01-11,1,6,0,0.109644
8854,2024-01-12,7,6,0,0.109631
8855,2024-01-13,5,2,0,0.109617
8856,2024-01-16,4,3,0,0.109604
8857,2024-01-18,1,1,1,0.109712
8858,2024-01-19,8,6,0,0.109699
8859,2024-01-20,9,8,0,0.109685
8860,2024-01-23,2,6,0,0.109672
8861,2024-01-25,6,9,0,0.109659
8862,2024-01-26,5,2,0,0.109645
8863,2024-01-27,5,3,0,0.109632
8864,2024-01-30,8,3,0,0.109619
8865,2024-02-01,7,8,0,0.109606
8866,2024-02-02,5,2,0,0.109592
8867,2024-02-03,5,3,0,0.109579
8868,2024-02-06,7,3,0,0.109566
8869,2024-02-08,5,2,0,0.109553
8870,2024-02-09,3,3,1,0.10966
8871,2024-02-10,6,6,1,0.109768
8872,2024-02-13,1,2,0,0.109755
8873,2024-02-15,6,6,1,0.109862
8874,2024-02-16,7,2,0,0.109849
8875,2024-02-17,1,2,0,0.109836
8876,2024-02-20,3,6,0,0.109822
8877,2024-02-22,6,6,1,0.10993
8878,2024-02-23,4,2,0,0.109917
8879,2024-02-24,1,1,1,0.110024
8880,2024-02-27,9,6,0,0.110011
8881,2024-02-29,6,6,1,0.110118
8882,2024-03-01,7,2,0,0.110105
8883,2024-03-02,4,2,0,0.110092
8884,2024-03-05,2,1,0,0.110078
8885,2024-03-07,6,9,0,0.110065
8886,2024-03-08,8,2,0,0.110052
8887,2024-03-09,6,8,0,0.110039
8888,2024-03-12,9,2,0,0.110025
8889,2024-03-14,9,6,0,0.110012
8890,2024-03-15,1,6,0,0.109999
8891,2024-03-16,3,6,0,0.109986
8892,2024-03-19,7,6,0,0.109972
8893,2024-03-21,8,2,0,0.109959
8894,2024-03-22,6,8,0,0.109946
8895,2024-03-23,5,2,0,0.109932
8896,2024-03-26,4,3,0,0.109919
8897,2024-03-28,2,1,0,0.109906
8898,2024-03-29,5,9,0,0.109893
8899,2024-03-30,2,3,0,0.10988
8900,2024-04-02,4,9,0,0.109866
8901,2024-04-04,1,1,1,0.109974
8902,2024-04-05,9,6,0,0.10996
8903,2024-04-06,7,6,0,0.109947
8904,2024-04-09,2,2,1,0.110054
8905,2024-04-11,6,9,0,0.110041
8906,2024-04-12,3,2,0,0.110028
8907,2024-04-13,4,6,0,0.110014
8908,2024-04-16,7,1,0,0.110001
8909,2024-04-18,2,2,1,0.110108
8910,2024-04-19,2,9,0,0.110095
8911,2024-04-20,3,9,0,0.110082
8912,2024-04-23,2,6,0,0.110069
8913,2024-04-26,6,9,0,0.110055
8914,2024-04-27,7,2,0,0.110042
8915,2024-04-29,5,2,0,0.110029
8916,2024-04-30,6,3,0,0.110016
8917,2024-05-02,9,2,0,0.110002
8918,2024-05-03,9,6,0,0.109989
8919,2024-05-04,6,9,0,0.109976
8920,2024-05-07,9,2,0,0.109963
8921,2024-05-09,1,6,0,0.10995
8922,2024-05-10,7,6,0,0.109936
8923,2024-05-11,6,2,0,0.109923
8924,2024-05-14,9,2,0,0.10991
8925,2024-05-16,6,6,1,0.110017
8926,2024-05-17,3,2,0,0.110004
8927,2024-05-18,3,6,0,0.10999
8928,2024-05-21,8,6,0,0.109977
8929,2024-05-23,3,8,0,0.109964
8930,2024-05-24,4,6,0,0.109951
8931,2024-05-25,8,1,0,0.109938
8932,2024-05-28,9,8,0,0.109924
8933,2024-05-30,9,6,0,0.109911
8934,2024-05-31,9,6,0,0.109898
8935,2024-06-01,3,9,0,0.109885
8936,2024-06-04,1,6,0,0.109872
8937,2024-06-06,8,6,0,0.109858
8938,2024-06-07,9,8,0,0.109845
8939,2024-06-08,6,9,0,0.109832
8940,2024-06-11,8,2,0,0.109819
8941,2024-06-13,9,8,0,0.109806
8942,2024-06-14,3,6,0,0.109793
8943,2024-06-15,1,6,0,0.109779
8944,2024-06-18,8,6,0,0.109766
8945,2024-06-20,3,8,0,0.109753
8946,2024-06-21,6,6,1,0.10986
8947,2024-06-22,5,2,0,0.109847
8948,2024-06-25,3,3,1,0.109953
8949,2024-06-27,1,6,0,0.10994
8950,2024-06-28,4,8,0,0.109927
8951,2024-06-29,9,1,0,0.109914
8952,2024-07-02,8,6,0,0.109901
8953,2024-07-04,2,8,0,0.109887
8954,2024-07-05,1,9,0,0.109874
8955,2024-07-06,9,8,0,0.109861
8956,2024-07-09,6,6,1,0.109968
8957,2024-07-11,5,2,0,0.109955
8958,2024-07-12,6,3,0,0.109941
8959,2024-07-13,8,2,0,0.109928
8960,2024-07-16,2,8,0,0.109915
8961,2024-07-18,3,9,0,0.109902
8962,2024-07-19,4,6,0,0.109889
8963,2024-07-20,8,1,0,0.109876
8964,2024-07-23,2,8,0,0.109863
8965,2024-07-25,2,9,0,0.109849
8966,2024-07-26,3,9,0,0.109836
8967,2024-07-27,8,6,0,0.109823
8968,2024-07-30,6,8,0,0.10981
8969,2024-08-01,7,2,0,0.109797
8970,2024-08-02,1,2,0,0.109784
8971,2024-08-03,1,8,0,0.109771
8972,2024-08-06,2,8,0,0.109758
8973,2024-08-08,9,9,1,0.109864
8974,2024-08-09,3,6,0,0.109851
8975,2024-08-10,1,6,0,0.109838
8976,2024-08-13,8,8,1,0.109944
8977,2024-08-16,8,8,1,0.11005
8978,2024-08-17,7,8,0,0.110037
8979,2024-08-19,3,2,0,0.110024
8980,2024-08-20,7,6,0,0.110011
8981,2024-08-22,9,2,0,0.109998
8982,2024-08-23,5,6,0,0.109984
8983,2024-08-24,9,3,0,0.109971
8984,2024-08-27,6,6,1,0.110078
8985,2024-08-29,1,2,0,0.110064
8986,2024-08-30,6,8,0,0.110051
8987,2024-08-31,1,2,0,0.110038
8988,2024-09-03,2,8,0,0.110025
8989,2024-09-05,2,9,0,0.110012
8990,2024-09-06,9,9,1,0.110118
8991,2024-09-07,8,6,0,0.110105
8992,2024-09-10,6,8,0,0.110092
8993,2024-09-12,3,2,0,0.110079
8994,2024-09-13,7,6,0,0.110066
8995,2024-09-14,5,2,0,0.110052
8996,2024-09-17,6,3,0,0.110039
8997,2024-09-19,1,2,0,0.110026
8998,2024-09-20,6,8,0,0.110013
8999,2024-09-21,1,2,0,0.11
9000,2024-09-24,8,6,0,0.109987
9001,2024-09-26,9,8,0,0.109974
9002,2024-09-27,1,6,0,0.109961
9003,2024-09-28,3,8,0,0.109948
9004,2024-10-01,9,6,0,0.109935
9005,2024-10-03,7,6,0,0.109921
9006,2024-10-04,4,2,0,0.109908
9007,2024-10-05,7,1,0,0.109895
9008,2024-10-08,1,2,0,0.109882
9009,2024-10-10,8,8,1,0.109988
9010,2024-10-11,6,8,0,0.109975
9011,2024-10-12,6,2,0,0.109962
9012,2024-10-15,8,2,0,0.109949
9013,2024-10-17,2,8,0,0.109936
9014,2024-10-18,7,9,0,0.109923
9015,2024-10-19,5,2,0,0.10991
9016,2024-10-22,4,3,0,0.109897
9017,2024-10-24,1,1,1,0.110002
9018,2024-10-25,5,8,0,0.109989
9019,2024-10-26,4,3,0,0.109976
9020,2024-10-29,1,1,1,0.110082
9021,2024-10-31,8,8,1,0.110188
9022,2024-11-02,6,8,0,0.110175
9023,2024-11-04,1,2,0,0.110161
9024,2024-11-05,9,8,0,0.110148
9025,2024-11-07,2,6,0,0.110135
9026,2024-11-08,5,9,0,0.110122
9027,2024-11-09,9,3,0,0.110109
9028,2024-11-12,3,6,0,0.110096
9029,2024-11-14,4,6,0,0.110083
9030,2024-11-15,1,1,1,0.110189
9031,2024-11-16,4,8,0,0.110176
9032,2024-11-19,2,1,0,0.110162
9033,2024-11-21,6,9,0,0.110149
9034,2024-11-22,4,2,0,0.110136
9035,2024-11-23,9,1,0,0.110123
9036,2024-11-26,6,6,1,0.110229
9037,2024-11-28,6,2,0,0.110216
9038,2024-11-29,9,2,0,0.110203
9039,2024-11-30,6,6,1,0.110308
9040,2024-12-03,7,2,0,0.110295
9041,2024-12-05,9,2,0,0.110282
9042,2024-12-06,3,6,0,0.110269
9043,2024-12-07,7,6,0,0.110256
9044,2024-12-10,4,2,0,0.110243
9045,2024-12-12,6,1,0,0.11023
9046,2024-12-13,1,2,0,0.110217
9047,2024-12-14,4,8,0,0.110204
9048,2024-12-17,6,1,0,0.110191
9049,2024-12-19,9,2,0,0.110178
9050,2024-12-20,7,6,0,0.110164
9051,2024-12-21,1,2,0,0.110151
9052,2024-12-24,6,8,0,0.110138
9053,2024-12-27,1,2,0,0.110125
9054,2024-12-28,8,8,1,0.110231
9055,2024-12-30,4,8,0,0.110218
9056,2024-12-31,6,1,0,0.110205
9057,2025-01-02,5,2,0,0.110192
9058,2025-01-03,5,3,0,0.110179
9059,2025-01-04,5,3,0,0.110165
9060,2025-01-07,7,3,0,0.110152
9061,2025-01-09,6,2,0,0.110139
9062,2025-01-10,2,2,1,0.110245
9063,2025-01-11,7,9,0,0.110232
9064,2025-01-14,1,2,0,0.110219
9065,2025-01-16,6,8,0,0.110206
9066,2025-01-17,2,2,1,0.110311
9067,2025-01-18,9,9,1,0.110416
9068,2025-01-21,8,6,0,0.110403
9069,2025-01-23,7,8,0,0.11039
9070,2025-01-24,5,2,0,0.110377
9071,2025-01-25,8,3,0,0.110364
9072,2025-01-28,1,8,0,0.110351
9073,2025-01-30,4,8,0,0.110338
9074,2025-01-31,5,1,0,0.110324
9075,2025-02-01,4,3,0,0.110311
9076,2025-02-04,8,1,0,0.110298
9077,2025-02-06,4,8,0,0.110285
9078,2025-02-07,3,1,0,0.110272
9079,2025-02-08,2,6,0,0.110259
9080,2025-02-11,8,9,0,0.110246
9081,2025-02-13,5,8,0,0.110233
9082,2025-02-14,2,3,0,0.11022
9083,2025-02-15,7,9,0,0.110207
9084,2025-02-18,6,2,0,0.110194
9085,2025-02-20,4,2,0,0.110181
9086,2025-02-21,3,1,0,0.110168
9087,2025-02-22,9,6,0,0.110156
9088,2025-02-25,2,6,0,0.110143
9089,2025-02-27,4,9,0,0.11013
9090,2025-02-28,1,1,1,0.110234
9091,2025-03-01,7,8,0,0.110221
9092,2025-03-04,9,2,0,0.110208
9093,2025-03-06,8,6,0,0.110195
9094,2025-03-07,7,8,0,0.110182
9095,2025-03-08,3,2,0,0.110169
9096,2025-03-11,3,6,0,0.110157
9097,2025-03-13,5,6,0,0.110144
9098,2025-03-14,4,3,0,0.110131
9099,2025-03-15,1,1,1,0.110235
9100,2025-03-18,8,8,1,0.11034
9101,2025-03-20,5,8,0,0.110327
9102,2025-03-21,3,3,1,0.110432
9103,2025-03-22,5,6,0,0.110419
9104,2025-03-25,9,3,0,0.110406
9105,2025-03-27,5,6,0,0.110393
9106,2025-03-28,2,3,0,0.11038
9107,2025-03-29,5,9,0,0.110367
9108,2025-04-01,4,3,0,0.110354
9109,2025-04-03,1,1,1,0.110458
9110,2025-04-04,4,8,0,0.110445
9111,2025-04-05,2,1,0,0.110432
9112,2025-04-08,5,9,0,0.110419
9113,2025-04-10,6,3,0,0.110406
9114,2025-04-11,6,2,0,0.110393
9115,2025-04-12,6,2,0,0.11038
9116,2025-04-15,8,2,0,0.110368
9117,2025-04-17,6,8,0,0.110355
9118,2025-04-18,7,2,0,0.110342
9119,2025-04-19,3,2,0,0.110329
9120,2025-04-22,6,6,1,0.110433
9121,2025-04-24,6,2,0,0.11042
9122,2025-04-26,7,2,0,0.110407
9123,2025-04-28,6,2,0,0.110394
9124,2025-04-29,3,2,0,0.110381
9125,2025-05-02,1,6,0,0.110368
9126,2025-05-03,2,8,0,0.110355
9127,2025-05-05,4,9,0,0.110342
9128,2025-05-06,2,1,0,0.110329
9129,2025-05-08,6,9,0,0.110317
9130,2025-05-09,7,2,0,0.110304
9131,2025-05-10,2,2,1,0.110408
9132,2025-05-13,3,9,0,0.110395
9133,2025-05-15,6,6,1,0.110499
9134,2025-05-16,8,2,0,0.110486
9135,2025-05-17,3,8,0,0.110473
9136,2025-05-20,7,6,0,0.11046
9137,2025-05-22,2,2,1,0.110565
9138,2025-05-23,5,9,0,0.110552
9139,2025-05-24,4,3,0,0.110539
9140,2025-05-27,7,1,0,0.110526
9141,2025-05-29,9,2,0,0.110513
9142,2025-05-30,7,6,0,0.1105
9143,2025-05-31,3,2,0,0.110487
9144,2025-06-03,1,6,0,0.110474
9145,2025-06-05,8,8,1,0.110578
9146,2025-06-06,5,8,0,0.110565
9147,2025-06-07,5,3,0,0.110552
9148,2025-06-10,6,3,0,0.110539
9149,2025-06-12,7,2,0,0.110526
9150,2025-06-13,8,2,0,0.110513
9151,2025-06-14,2,8,0,0.1105
9152,2025-06-17,8,9,0,0.110488
9153,2025-06-19,5,8,0,0.110475
9154,2025-06-20,7,3,0,0.110462
9155,2025-06-21,7,2,0,0.110449
9156,2025-06-24,8,2,0,0.110436
9157,2025-06-26,1,8,0,0.110423
9158,2025-06-27,1,8,0,0.11041
9159,2025-06-28,1,8,0,0.110397
9160,2025-07-01,4,8,0,0.110384
9161,2025-07-03,1,1,1,0.110488
9162,2025-07-04,7,8,0,0.110475
9163,2025-07-05,8,2,0,0.110462
9164,2025-07-08,1,8,0,0.11045
9165,2025-07-10,3,8,0,0.110437
9166,2025-07-11,5,6,0,0.110424
9167,2025-07-12,2,3,0,0.110411
9168,2025-07-15,4,9,0,0.110398
9169,2025-07-17,1,1,1,0.110502
9170,2025-07-18,9,8,0,0.110489
9171,2025-07-19,4,6,0,0.110476
9172,2025-07-22,1,1,1,0.11058
9173,2025-07-24,6,8,0,0.110567
9174,2025-07-25,8,2,0,0.110554
9175,2025-07-26,8,8,1,0.110658
9176,2025-07-29,5,8,0,0.110645
9177,2025-07-31,8,3,0,0.110632
9178,2025-08-01,8,8,1,0.110736
9179,2025-08-02,3,8,0,0.110723
9180,2025-08-05,5,6,0,0.11071
9181,2025-08-07,2,3,0,0.110697
9182,2025-08-08,1,9,0,0.110684
9183,2025-08-09,1,8,0,0.110671
9184,2025-08-12,2,8,0,0.110658
9185,2025-08-14,2,9,0,0.110645
9186,2025-08-16,4,9,0,0.110632
9187,2025-08-18,7,1,0,0.110619
9188,2025-08-19,2,2,1,0.110723
9189,2025-08-21,4,9,0,0.11071
9190,2025-08-22,9,1,0,0.110697
9191,2025-08-23,9,6,0,0.110684
9192,2025-08-26,5,6,0,0.110671
9193,2025-08-28,7,3,0,0.110659
9194,2025-08-29,6,2,0,0.110646
9195,2025-08-30,2,2,1,0.110749
9196,2025-09-02,7,9,0,0.110736
9197,2025-09-04,1,2,0,0.110723
9198,2025-09-05,6,8,0,0.110711
9199,2025-09-06,6,2,0,0.110698
9200,2025-09-09,9,2,0,0.110685
9201,2025-09-11,5,6,0,0.110672
9202,2025-09-12,5,3,0,0.110659
9203,2025-09-13,4,3,0,0.110646
9204,2025-09-16,4,1,0,0.110633
9205,2025-09-18,4,1,0,0.11062
9206,2025-09-19,3,1,0,0.110608
9207,2025-09-20,2,6,0,0.110595
9208,2025-09-23,7,9,0,0.110582
9209,2025-09-25,5,2,0,0.110569
9210,2025-09-26,7,4,0,0.110556
9211,2025-09-27,3,2,0,0.110543
9212,2025-09-30,9,6,0,0.110531
9213,2025-10-02,2,6,0,0.110518
9214,2025-10-03,8,9,0,0.110505
9215,2025-10-04,9,8,0,0.110492
9216,2025-10-07,8,6,0,0.110479
9217,2025-10-09,3,8,0,0.110466
9218,2025-10-10,5,6,0,0.110454
9219,2025-10-11,8,4,0,0.110441
9220,2025-10-14,6,8,0,0.110428
9221,2025-10-16,7,2,0,0.110415
9222,2025-10-17,6,2,0,0.110402
9223,2025-10-18,3,2,0,0.11039
9224,2025-10-21,6,6,1,0.110493
9225,2025-10-23,2,2,1,0.110596
9226,2025-10-24,1,9,0,0.110583
9227,2025-10-25,3,8,0,0.11057
9228,2025-10-28,2,6,0,0.110557
9229,2025-10-30,3,9,0,0.110545
9230,2025-10-31,1,6,0,0.110532
9231,2025-11-03,3,8,0,0.110519
9232,2025-11-04,2,6,0,0.110506
9233,2025-11-06,6,9,0,0.110493
9234,2025-11-07,4,2,0,0.110481
9235,2025-11-08,9,1,0,0.110468
9236,2025-11-11,2,6,0,0.110455
9237,2025-11-13,6,9,0,0.110442
9238,2025-11-14,3,2,0,0.110429
9239,2025-11-15,8,6,0,0.110417
9240,2025-11-18,1,8,0,0.110404
9241,2025-11-20,2,8,0,0.110391
9242,2025-11-21,5,9,0,0.110378
9243,2025-11-22,2,4,0,0.110366
9244,2025-11-25,5,9,0,0.110353
9245,2025-11-27,6,4,0,0.11034
9246,2025-11-28,4,2,0,0.110327
9247,2025-11-29,2,1,0,0.110315
9248,2025-12-02,5,9,0,0.110302
9249,2025-12-04,6,4,0,0.110289
9250,2025-12-05,6,2,0,0.110276
9251,2025-12-06,8,2,0,0.110264
9252,2025-12-09,8,8,1,0.110366
9253,2025-12-11,2,8,0,0.110354
9254,2025-12-12,8,9,0,0.110341
9255,2025-12-13,7,8,0,0.110328
9256,2025-12-16,5,2,0,0.110315
9257,2025-12-18,5,4,0,0.110303
9258,2025-12-19,4,4,1,0.110405
9259,2025-12-20,9,1,0,0.110393
9260,2025-12-23,2,6,0,0.11038
9261,2025-12-24,4,9,0,0.110367
9262,2025-12-27,5,1,0,0.110354
9263,2025-12-29,4,4,1,0.110457
9264,2025-12-30,5,1,0,0.110444
9265,2026-01-02,5,4,0,0.110432
9266,2026-01-03,4,4,1,0.110534
9267,2026-01-05,9,1,0,0.110521
9268,2026-01-07,8,6,0,0.110509
9269,2026-01-08,3,8,0,0.110496
9270,2026-01-09,1,6,0,0.110483
9271,2026-01-10,5,8,0,0.11047
9272,2026-01-13,7,4,0,0.110458
9273,2026-01-15,6,2,0,0.110445
9274,2026-01-16,2,2,1,0.110548
9275,2026-01-17,6,9,0,0.110535
9276,2026-01-20,7,2,0,0.110522
9277,2026-01-22,9,2,0,0.110509
9278,2026-01-23,4,6,0,0.110497
9279,2026-01-24,9,1,0,0.110484
9280,2026-01-27,8,6,0,0.110471
9281,2026-01-29,6,8,0,0.110458
9282,2026-01-30,7,2,0,0.110446
9283,2026-01-31,6,2,0,0.110433
9284,2026-02-03,3,2,0,0.11042
9285,2026-02-05,3,6,0,0.110408
9286,2026-02-06,3,6,0,0.110395
9287,2026-02-07,6,6,1,0.110497
9288,2026-02-10,3,2,0,0.110485
9289,2026-02-12,4,6,0,0.110472
9290,2026-02-13,1,1,1,0.110574
9291,2026-02-14,8,8,1,0.110676
9292,2026-02-17,1,8,0,0.110664
9293,2026-02-19,8,8,1,0.110766
9294,2026-02-20,5,8,0,0.110753
9295,2026-02-21,1,4,0,0.110741
9296,2026-02-24,4,8,0,0.110728
9297,2026-02-26,9,1,0,0.110715
9298,2026-02-27,1,6,0,0.110702
9299,2026-02-28,5,8,0,0.11069
9300,2026-03-03,6,4,0,0.110677
9301,2026-03-05,2,2,1,0.110779
9302,2026-03-06,7,9,0,0.110766
9303,2026-03-07,2,2,1,0.110869
9304,2026-03-10,1,9,0,0.110856
9305,2026-03-12,3,8,0,0.110843
9306,2026-03-13,8,6,0,0.11083
9307,2026-03-14,4,8,0,0.110818
9308,2026-03-17,9,1,0,0.110805
