cycle_id,date,draw_index_year,n_balls,n_unique,duplicate_excess
0,1871-01-07,1,35,31,4
0,1871-01-14,2,35,29,6
0,1871-01-21,3,35,27,8
0,1871-01-28,4,35,30,5
0,1871-02-04,5,35,28,7
0,1871-02-11,6,35,30,5
0,1871-02-18,7,35,26,9
0,1871-02-25,8,35,27,8
0,1871-03-04,9,35,29,6
0,1871-03-11,10,35,29,6
0,1871-03-18,11,35,31,4
1,1871-03-25,12,35,31,4
1,1871-04-01,13,35,28,7
1,1871-04-08,14,35,30,5
1,1871-04-15,15,35,28,7
1,1871-04-22,16,35,32,3
1,1871-04-29,17,35,31,4
1,1871-05-06,18,35,29,6
1,1871-05-13,19,35,30,5
1,1871-05-20,20,35,31,4
1,1871-05-27,21,35,29,6
1,1871-06-03,22,35,27,8
1,1871-06-10,23,35,29,6
2,1871-06-17,24,35,31,4
2,1871-06-24,25,35,30,5
2,1871-07-01,26,35,27,8
2,1871-07-08,27,35,28,7
2,1871-07-15,28,35,31,4
2,1871-07-22,29,35,32,3
2,1871-07-29,30,35,30,5
2,1871-08-05,31,35,27,8
2,1871-08-12,32,35,30,5
3,1871-08-19,33,35,29,6
3,1871-08-26,34,35,28,7
3,1871-09-02,35,35,30,5
3,1871-09-09,36,35,32,3
3,1871-09-16,37,35,28,7
3,1871-09-23,38,35,28,7
3,1871-09-30,39,35,30,5
3,1871-10-07,40,35,29,6
3,1871-10-14,41,35,32,3
3,1871-10-21,42,35,27,8
3,1871-10-28,43,35,27,8
3,1871-11-04,44,35,30,5
3,1871-11-11,45,35,28,7
3,1871-11-18,46,35,30,5
3,1871-11-25,47,35,30,5
3,1871-12-02,48,35,30,5
4,1871-12-09,49,35,30,5
4,1871-12-16,50,35,30,5
4,1871-12-23,51,35,29,6
4,1871-12-30,52,35,31,4
4,1872-01-06,1,35,30,5
4,1872-01-13,2,35,32,3
4,1872-01-20,3,35,31,4
4,1872-01-27,4,35,31,4
4,1872-02-03,5,35,30,5
4,1872-02-10,6,35,33,2
4,1872-02-17,7,35,28,7
4,1872-02-24,8,35,27,8
4,1872-03-02,9,35,30,5
4,1872-03-09,10,35,30,5
4,1872-03-16,11,35,28,7
4,1872-03-23,12,35,31,4
4,1872-03-30,13,35,29,6
5,1872-04-06,14,35,31,4
5,1872-04-13,15,35,30,5
5,1872-04-20,16,35,34,1
5,1872-04-27,17,35,30,5
5,1872-05-04,18,35,32,3
5,1872-05-11,19,35,27,8
5,1872-05-18,20,35,28,7
5,1872-05-25,21,35,28,7
5,1872-06-01,22,35,28,7
5,1872-06-08,23,35,30,5
6,1872-06-15,24,35,31,4
6,1872-06-22,25,35,25,10
6,1872-07-01,26,35,33,2
6,1872-07-06,27,35,27,8
6,1872-07-13,28,35,32,3
6,1872-07-20,29,35,31,4
6,1872-07-27,30,35,27,8
6,1872-08-03,31,35,29,6
6,1872-08-10,32,35,31,4
6,1872-08-17,33,35,31,4
6,1872-08-24,34,35,29,6
6,1872-08-31,35,35,29,6
6,1872-09-07,36,35,27,8
6,1872-09-14,37,35,30,5
7,1872-09-21,38,35,28,7
7,1872-09-28,39,35,28,7
7,1872-10-05,40,35,28,7
7,1872-10-12,41,35,31,4
7,1872-10-19,42,35,32,3
7,1872-10-26,43,35,30,5
7,1872-11-02,44,35,29,6
7,1872-11-09,45,35,33,2
7,1872-11-16,46,35,28,7
7,1872-11-23,47,35,31,4
7,1872-11-30,48,35,28,7
7,1872-12-07,49,35,31,4
7,1872-12-14,50,35,31,4
7,1872-12-21,51,35,32,3
8,1872-12-28,52,35,30,5
8,1873-01-04,1,35,30,5
8,1873-01-11,2,35,30,5
8,1873-01-18,3,35,29,6
8,1873-01-25,4,35,30,5
8,1873-02-01,5,35,29,6
8,1873-02-08,6,35,29,6
8,1873-02-15,7,35,29,6
8,1873-02-22,8,35,28,7
8,1873-03-01,9,35,31,4
8,1873-03-08,10,35,29,6
8,1873-03-15,11,35,28,7
8,1873-03-22,12,35,31,4
8,1873-03-29,13,35,30,5
8,1873-04-05,14,35,32,3
8,1873-04-12,15,35,28,7
8,1873-04-19,16,35,30,5
9,1873-04-26,17,35,27,8
9,1873-05-03,18,35,28,7
9,1873-05-10,19,35,27,8
9,1873-05-17,20,35,30,5
9,1873-05-24,21,35,32,3
9,1873-05-31,22,35,30,5
9,1873-06-07,23,35,30,5
9,1873-06-14,24,35,31,4
9,1873-06-21,25,35,30,5
9,1873-06-28,26,35,30,5
10,1873-07-05,27,35,29,6
10,1873-07-12,28,35,29,6
10,1873-07-19,29,35,32,3
10,1873-07-26,30,35,29,6
10,1873-08-02,31,35,30,5
10,1873-08-09,32,35,28,7
10,1873-08-16,33,35,30,5
10,1873-08-23,34,35,29,6
10,1873-08-30,35,35,31,4
10,1873-09-06,36,35,30,5
10,1873-09-13,37,35,28,7
10,1873-09-20,38,35,31,4
10,1873-09-27,39,35,32,3
11,1873-10-04,40,35,29,6
11,1873-10-11,41,35,30,5
11,1873-10-18,42,35,30,5
11,1873-10-25,43,35,31,4
11,1873-11-01,44,35,29,6
11,1873-11-08,45,35,32,3
11,1873-11-15,46,35,33,2
11,1873-11-22,47,35,32,3
11,1873-11-29,48,35,27,8
11,1873-12-06,49,35,27,8
11,1873-12-13,50,35,28,7
11,1873-12-20,51,35,29,6
11,1873-12-27,52,35,31,4
11,1874-01-03,1,35,30,5
11,1874-01-10,2,35,29,6
11,1874-01-17,3,35,31,4
11,1874-01-24,4,35,28,7
11,1874-01-31,5,35,30,5
11,1874-02-07,6,35,26,9
11,1874-02-14,7,35,29,6
11,1874-02-21,8,35,30,5
11,1874-02-28,9,35,26,9
11,1874-03-07,10,35,31,4
11,1874-03-14,11,35,28,7
11,1874-03-21,12,35,29,6
11,1874-03-28,13,35,28,7
11,1874-04-04,14,35,31,4
11,1874-04-11,15,35,28,7
11,1874-04-18,16,35,29,6
12,1874-04-25,17,35,33,2
12,1874-05-02,18,40,30,10
12,1874-05-09,19,40,35,5
12,1874-05-16,20,40,37,3
12,1874-05-23,21,40,31,9
12,1874-05-30,22,40,29,11
12,1874-06-06,23,40,36,4
12,1874-06-13,24,40,34,6
12,1874-06-20,25,40,30,10
12,1874-06-27,26,40,32,8
12,1874-07-04,27,40,34,6
12,1874-07-11,28,40,32,8
12,1874-07-18,29,40,37,3
13,1874-07-25,30,40,34,6
13,1874-08-01,31,40,33,7
13,1874-08-08,32,40,32,8
13,1874-08-15,33,40,34,6
13,1874-08-22,34,40,34,6
13,1874-08-29,35,40,33,7
13,1874-09-05,36,40,34,6
13,1874-09-12,37,40,36,4
13,1874-09-19,38,40,33,7
13,1874-09-26,39,40,34,6
14,1874-10-03,40,40,35,5
14,1874-10-10,41,40,34,6
14,1874-10-17,42,40,35,5
14,1874-10-24,43,40,34,6
14,1874-10-31,44,40,33,7
14,1874-11-07,45,40,34,6
14,1874-11-14,46,40,33,7
14,1874-11-21,47,40,31,9
14,1874-11-28,48,40,33,7
14,1874-12-05,49,40,34,6
14,1874-12-12,50,40,28,12
14,1874-12-19,51,40,36,4
14,1874-12-26,52,40,33,7
14,1875-01-02,1,40,33,7
14,1875-01-09,2,40,37,3
14,1875-01-16,3,40,31,9
15,1875-01-23,4,40,31,9
15,1875-01-30,5,40,35,5
15,1875-02-06,6,40,35,5
15,1875-02-13,7,40,34,6
15,1875-02-20,8,40,29,11
15,1875-02-27,9,40,35,5
15,1875-03-06,10,40,30,10
15,1875-03-13,11,40,33,7
15,1875-03-20,12,40,37,3
15,1875-03-27,13,40,33,7
15,1875-04-03,14,40,33,7
15,1875-04-10,15,40,33,7
16,1875-04-17,16,40,31,9
16,1875-04-24,17,40,31,9
16,1875-05-01,18,40,33,7
16,1875-05-08,19,40,32,8
16,1875-05-15,20,40,37,3
16,1875-05-22,21,40,36,4
16,1875-05-29,22,40,34,6
16,1875-06-05,23,40,34,6
16,1875-06-12,24,40,33,7
16,1875-06-19,25,40,33,7
16,1875-06-26,26,40,32,8
16,1875-07-03,27,40,31,9
16,1875-07-10,28,40,30,10
16,1875-07-17,29,40,33,7
16,1875-07-24,30,40,33,7
16,1875-07-31,31,40,34,6
17,1875-08-07,32,40,31,9
17,1875-08-14,33,40,35,5
17,1875-08-21,34,40,35,5
17,1875-08-28,35,40,32,8
17,1875-09-04,36,40,34,6
17,1875-09-11,37,40,33,7
17,1875-09-18,38,40,33,7
17,1875-09-25,39,40,34,6
17,1875-10-02,40,40,33,7
18,1875-10-09,41,40,36,4
18,1875-10-16,42,40,28,12
18,1875-10-23,43,40,31,9
18,1875-10-30,44,40,33,7
18,1875-11-06,45,40,35,5
18,1875-11-13,46,40,31,9
18,1875-11-20,47,40,33,7
18,1875-11-27,48,40,29,11
18,1875-12-04,49,40,34,6
18,1875-12-11,50,40,34,6
18,1875-12-18,51,40,33,7
18,1875-12-25,52,40,32,8
18,1876-01-01,1,40,31,9
18,1876-01-08,2,40,33,7
18,1876-01-15,3,40,29,11
18,1876-01-22,4,40,33,7
19,1876-01-29,5,40,31,9
19,1876-02-05,6,40,35,5
19,1876-02-12,7,40,34,6
19,1876-02-19,8,40,32,8
19,1876-02-26,9,40,34,6
19,1876-03-04,10,40,34,6
19,1876-03-11,11,40,33,7
20,1876-03-18,12,40,31,9
20,1876-03-25,13,40,29,11
20,1876-04-01,14,40,35,5
20,1876-04-08,15,40,34,6
20,1876-04-15,16,40,36,4
20,1876-04-22,17,40,34,6
20,1876-04-29,18,40,34,6
20,1876-05-06,19,40,30,10
20,1876-05-13,20,40,32,8
20,1876-05-20,21,40,32,8
20,1876-05-27,22,40,35,5
21,1876-06-03,23,40,32,8
21,1876-06-10,24,40,33,7
21,1876-06-17,25,40,31,9
21,1876-06-24,26,40,33,7
21,1876-07-01,27,40,31,9
21,1876-07-08,28,40,34,6
21,1876-07-15,29,40,31,9
21,1876-07-22,30,40,37,3
21,1876-07-29,31,40,32,8
21,1876-08-05,32,40,31,9
21,1876-08-12,33,40,33,7
22,1876-08-19,34,40,36,4
22,1876-08-26,35,40,34,6
22,1876-09-02,36,40,30,10
22,1876-09-09,37,40,31,9
22,1876-09-16,38,40,32,8
22,1876-09-23,39,40,34,6
22,1876-09-30,40,40,31,9
22,1876-10-07,41,40,34,6
22,1876-10-14,42,40,34,6
22,1876-10-21,43,40,31,9
22,1876-10-28,44,40,32,8
22,1876-11-04,45,40,36,4
23,1876-11-11,46,40,35,5
23,1876-11-18,47,40,33,7
23,1876-11-25,48,40,30,10
23,1876-12-02,49,40,37,3
23,1876-12-09,50,40,31,9
23,1876-12-16,51,40,31,9
23,1876-12-23,52,40,32,8
23,1876-12-30,53,40,32,8
23,1877-01-06,1,40,39,1
23,1877-01-13,2,40,34,6
23,1877-01-20,3,40,31,9
24,1877-01-27,4,40,32,8
24,1877-02-03,5,40,30,10
24,1877-02-10,6,40,31,9
24,1877-02-17,7,40,32,8
24,1877-02-24,8,40,33,7
24,1877-03-03,9,40,31,9
24,1877-03-10,10,40,32,8
24,1877-03-17,11,40,36,4
24,1877-03-24,12,40,35,5
24,1877-03-31,13,40,34,6
25,1877-04-07,14,40,34,6
25,1877-04-14,15,40,37,3
25,1877-04-21,16,40,34,6
25,1877-04-28,17,40,30,10
25,1877-05-05,18,40,30,10
25,1877-05-12,19,40,28,12
25,1877-05-19,20,40,30,10
25,1877-05-26,21,40,33,7
25,1877-06-02,22,40,32,8
25,1877-06-09,23,40,35,5
25,1877-06-16,24,40,32,8
26,1877-06-23,25,40,32,8
26,1877-06-30,26,40,33,7
26,1877-07-07,27,40,34,6
26,1877-07-14,28,40,32,8
26,1877-07-21,29,40,32,8
26,1877-07-28,30,40,32,8
26,1877-08-04,31,40,32,8
26,1877-08-11,32,40,35,5
27,1877-08-18,33,40,31,9
27,1877-08-25,34,40,31,9
27,1877-09-01,35,40,32,8
27,1877-09-08,36,40,32,8
27,1877-09-15,37,40,32,8
27,1877-09-22,38,40,32,8
27,1877-09-29,39,40,34,6
27,1877-10-06,40,40,31,9
28,1877-10-13,41,40,35,5
28,1877-10-20,42,40,33,7
28,1877-10-27,43,40,34,6
28,1877-11-03,44,40,35,5
28,1877-11-10,45,40,33,7
28,1877-11-17,46,40,31,9
28,1877-11-24,47,40,35,5
28,1877-12-01,48,40,31,9
28,1877-12-08,49,40,36,4
28,1877-12-15,50,40,32,8
28,1877-12-22,51,40,34,6
28,1877-12-29,52,40,31,9
28,1878-01-05,1,40,34,6
28,1878-01-12,2,40,35,5
28,1878-01-19,3,40,26,14
28,1878-01-26,4,40,35,5
28,1878-02-02,5,40,34,6
29,1878-02-09,6,40,38,2
29,1878-02-16,7,40,35,5
29,1878-02-23,8,40,32,8
29,1878-03-02,9,40,32,8
29,1878-03-09,10,40,33,7
29,1878-03-16,11,40,33,7
29,1878-03-23,12,40,30,10
29,1878-03-30,13,40,29,11
29,1878-04-06,14,40,34,6
29,1878-04-13,15,40,35,5
30,1878-04-20,16,40,34,6
30,1878-04-27,17,40,31,9
30,1878-05-04,18,40,26,14
30,1878-05-11,19,40,33,7
30,1878-05-18,20,40,32,8
30,1878-05-25,21,40,34,6
30,1878-06-01,22,40,31,9
30,1878-06-08,23,40,32,8
30,1878-06-15,24,40,35,5
30,1878-06-22,25,40,31,9
30,1878-06-29,26,40,31,9
30,1878-07-06,27,40,31,9
30,1878-07-13,28,40,35,5
31,1878-07-20,29,40,33,7
31,1878-07-27,30,40,34,6
31,1878-08-03,31,40,33,7
31,1878-08-10,32,40,35,5
31,1878-08-17,33,40,31,9
31,1878-08-24,34,40,30,10
31,1878-08-31,35,40,31,9
31,1878-09-07,36,40,33,7
31,1878-09-14,37,40,33,7
32,1878-09-21,38,40,33,7
32,1878-09-28,39,40,35,5
32,1878-10-05,40,40,33,7
32,1878-10-12,41,40,34,6
32,1878-10-19,42,40,30,10
32,1878-10-26,43,40,35,5
32,1878-11-02,44,40,35,5
32,1878-11-09,45,40,30,10
32,1878-11-16,46,40,31,9
32,1878-11-23,47,40,34,6
32,1878-11-30,48,40,30,10
32,1878-12-07,49,40,33,7
32,1878-12-14,50,40,34,6
33,1878-12-21,51,40,32,8
33,1878-12-28,52,40,30,10
33,1879-01-04,1,40,35,5
33,1879-01-11,2,40,31,9
33,1879-01-18,3,40,33,7
33,1879-01-25,4,40,33,7
33,1879-02-01,5,40,34,6
33,1879-02-08,6,40,35,5
33,1879-02-15,7,40,34,6
33,1879-02-22,8,40,35,5
33,1879-03-01,9,40,29,11
33,1879-03-08,10,40,36,4
33,1879-03-15,11,40,30,10
33,1879-03-22,12,40,34,6
34,1879-03-29,13,40,32,8
34,1879-04-05,14,40,34,6
34,1879-04-12,15,40,34,6
34,1879-04-19,16,40,36,4
34,1879-04-26,17,40,32,8
34,1879-05-03,18,40,33,7
34,1879-05-10,19,40,32,8
34,1879-05-17,20,40,32,8
34,1879-05-24,21,40,32,8
34,1879-05-31,22,40,30,10
34,1879-06-07,23,40,33,7
34,1879-06-14,24,40,33,7
35,1879-06-21,25,40,34,6
35,1879-06-28,26,40,33,7
35,1879-07-05,27,40,30,10
35,1879-07-12,28,40,32,8
35,1879-07-19,29,40,34,6
35,1879-07-26,30,40,35,5
35,1879-08-02,31,40,33,7
35,1879-08-09,32,40,32,8
35,1879-08-16,33,40,33,7
35,1879-08-23,34,40,36,4
35,1879-08-30,35,40,33,7
35,1879-09-06,36,40,35,5
36,1879-09-13,37,40,31,9
36,1879-09-20,38,40,37,3
36,1879-09-27,39,40,35,5
36,1879-10-04,40,40,36,4
36,1879-10-11,41,40,35,5
36,1879-10-18,42,40,37,3
36,1879-10-25,43,40,35,5
36,1879-11-01,44,40,33,7
36,1879-11-08,45,40,32,8
36,1879-11-15,46,40,35,5
36,1879-11-22,47,40,33,7
36,1879-11-29,48,40,31,9
36,1879-12-06,49,40,32,8
37,1879-12-13,50,40,37,3
37,1879-12-20,51,40,33,7
37,1879-12-27,52,40,34,6
37,1880-01-03,1,40,35,5
37,1880-01-10,2,40,33,7
37,1880-01-17,3,40,37,3
37,1880-01-24,4,40,33,7
37,1880-01-31,5,40,33,7
37,1880-02-07,6,40,34,6
37,1880-02-14,7,40,35,5
37,1880-02-21,8,40,33,7
37,1880-02-28,9,40,32,8
38,1880-03-06,10,40,32,8
38,1880-03-13,11,40,31,9
38,1880-03-20,12,40,35,5
38,1880-03-27,13,40,37,3
38,1880-04-03,14,40,32,8
38,1880-04-10,15,40,32,8
38,1880-04-17,16,40,34,6
38,1880-04-24,17,40,38,2
38,1880-05-01,18,40,33,7
38,1880-05-08,19,40,34,6
39,1880-05-15,20,40,33,7
39,1880-05-22,21,40,31,9
39,1880-05-29,22,40,34,6
39,1880-06-05,23,40,34,6
39,1880-06-12,24,40,30,10
39,1880-06-19,25,40,32,8
39,1880-06-26,26,40,33,7
39,1880-07-03,27,40,35,5
39,1880-07-10,28,40,32,8
39,1880-07-17,29,40,37,3
39,1880-07-24,30,40,32,8
40,1880-07-31,31,40,36,4
40,1880-08-07,32,40,31,9
40,1880-08-14,33,40,35,5
40,1880-08-21,34,40,35,5
40,1880-08-28,35,40,32,8
40,1880-09-04,36,40,34,6
40,1880-09-11,37,40,34,6
40,1880-09-18,38,40,31,9
40,1880-09-25,39,40,35,5
41,1880-10-02,40,40,37,3
41,1880-10-09,41,40,31,9
41,1880-10-16,42,40,31,9
41,1880-10-23,43,40,36,4
41,1880-10-30,44,40,32,8
41,1880-11-06,45,40,32,8
41,1880-11-13,46,40,34,6
41,1880-11-20,47,40,34,6
42,1880-11-27,48,40,31,9
42,1880-12-04,49,40,31,9
42,1880-12-11,50,40,34,6
42,1880-12-18,51,40,34,6
42,1880-12-25,52,40,34,6
42,1881-01-01,1,40,32,8
42,1881-01-08,2,40,34,6
42,1881-01-15,3,40,34,6
42,1881-01-22,4,40,33,7
42,1881-01-29,5,40,33,7
42,1881-02-05,6,40,33,7
43,1881-02-12,7,40,32,8
43,1881-02-19,8,40,30,10
43,1881-02-26,9,40,30,10
43,1881-03-05,10,40,33,7
43,1881-03-12,11,40,34,6
43,1881-03-19,12,40,33,7
43,1881-03-26,13,40,34,6
43,1881-04-02,14,40,35,5
43,1881-04-09,15,40,33,7
43,1881-04-16,16,40,30,10
44,1881-04-23,17,40,35,5
44,1881-04-30,18,40,32,8
44,1881-05-07,19,40,35,5
44,1881-05-14,20,40,34,6
44,1881-05-21,21,40,34,6
44,1881-05-28,22,40,36,4
44,1881-06-04,23,40,34,6
44,1881-06-11,24,40,32,8
44,1881-06-18,25,40,33,7
44,1881-06-25,26,40,32,8
44,1881-07-02,27,40,33,7
44,1881-07-09,28,40,32,8
45,1881-07-16,29,40,34,6
45,1881-07-23,30,40,32,8
45,1881-07-30,31,40,35,5
45,1881-08-06,32,40,35,5
45,1881-08-13,33,40,34,6
45,1881-08-20,34,40,32,8
45,1881-08-27,35,40,32,8
45,1881-09-03,36,40,33,7
45,1881-09-10,37,40,34,6
45,1881-09-17,38,40,33,7
46,1881-09-24,39,40,34,6
46,1881-10-01,40,40,29,11
46,1881-10-08,41,40,33,7
46,1881-10-15,42,40,34,6
46,1881-10-22,43,40,30,10
46,1881-10-29,44,40,32,8
46,1881-11-05,45,40,34,6
46,1881-11-12,46,40,33,7
47,1881-11-19,47,40,33,7
47,1881-11-26,48,40,32,8
47,1881-12-03,49,40,36,4
47,1881-12-10,50,40,32,8
47,1881-12-17,51,40,32,8
47,1881-12-24,52,40,31,9
47,1881-12-31,53,40,33,7
47,1882-01-07,1,40,35,5
47,1882-01-14,2,40,33,7
47,1882-01-21,3,40,32,8
47,1882-01-28,4,40,35,5
48,1882-02-04,5,40,34,6
48,1882-02-11,6,40,33,7
48,1882-02-18,7,40,33,7
48,1882-02-25,8,40,32,8
48,1882-03-04,9,40,30,10
48,1882-03-11,10,40,35,5
48,1882-03-18,11,40,33,7
48,1882-03-25,12,40,39,1
48,1882-04-01,13,40,35,5
48,1882-04-08,14,40,31,9
48,1882-04-15,15,40,33,7
49,1882-04-22,16,40,29,11
49,1882-04-29,17,40,33,7
49,1882-05-06,18,40,32,8
49,1882-05-13,19,40,34,6
49,1882-05-20,20,40,34,6
49,1882-05-27,21,40,33,7
49,1882-06-03,22,40,31,9
50,1882-06-10,23,40,33,7
50,1882-06-17,24,40,34,6
50,1882-06-24,25,40,33,7
50,1882-07-01,26,40,31,9
50,1882-07-08,27,40,33,7
50,1882-07-15,28,40,34,6
50,1882-07-22,29,40,30,10
50,1882-07-29,30,40,35,5
50,1882-08-05,31,40,36,4
50,1882-08-12,32,40,34,6
50,1882-08-19,33,40,34,6
50,1882-08-26,34,40,36,4
50,1882-09-02,35,40,34,6
50,1882-09-09,36,40,30,10
51,1882-09-16,37,40,33,7
51,1882-09-23,38,40,29,11
51,1882-09-30,39,40,29,11
51,1882-10-07,40,40,33,7
51,1882-10-14,41,40,32,8
51,1882-10-21,42,40,33,7
51,1882-10-28,43,40,31,9
51,1882-11-04,44,40,35,5
51,1882-11-11,45,40,31,9
51,1882-11-18,46,40,32,8
51,1882-11-25,47,40,31,9
51,1882-12-02,48,40,33,7
51,1882-12-09,49,40,35,5
52,1882-12-16,50,40,31,9
52,1882-12-23,51,40,34,6
52,1882-12-30,52,40,32,8
52,1883-01-06,1,40,34,6
52,1883-01-13,2,40,31,9
52,1883-01-20,3,40,32,8
52,1883-01-27,4,40,34,6
52,1883-02-03,5,40,34,6
52,1883-02-10,6,40,38,2
52,1883-02-17,7,40,36,4
52,1883-02-24,8,40,35,5
52,1883-03-03,9,40,34,6
52,1883-03-10,10,40,33,7
52,1883-03-17,11,40,35,5
53,1883-03-24,12,40,32,8
53,1883-03-31,13,40,33,7
53,1883-04-07,14,40,32,8
53,1883-04-14,15,40,36,4
53,1883-04-21,16,40,33,7
53,1883-04-28,17,40,35,5
53,1883-05-05,18,40,31,9
53,1883-05-12,19,40,34,6
53,1883-05-19,20,40,35,5
53,1883-05-26,21,40,31,9
53,1883-06-02,22,40,29,11
53,1883-06-09,23,40,32,8
53,1883-06-16,24,40,31,9
53,1883-06-23,25,40,33,7
53,1883-06-30,26,40,37,3
54,1883-07-07,27,40,33,7
54,1883-07-14,28,40,34,6
54,1883-07-21,29,40,36,4
54,1883-07-28,30,40,31,9
54,1883-08-04,31,40,36,4
54,1883-08-11,32,40,31,9
54,1883-08-18,33,40,29,11
54,1883-08-25,34,40,35,5
54,1883-09-01,35,40,32,8
54,1883-09-08,36,40,36,4
54,1883-09-15,37,40,31,9
54,1883-09-22,38,40,31,9
54,1883-09-29,39,40,35,5
54,1883-10-06,40,40,35,5
54,1883-10-13,41,40,31,9
54,1883-10-20,42,40,33,7
55,1883-10-27,43,40,34,6
55,1883-11-03,44,40,33,7
55,1883-11-10,45,40,33,7
55,1883-11-17,46,40,32,8
55,1883-11-24,47,40,34,6
55,1883-12-01,48,40,32,8
55,1883-12-08,49,40,32,8
55,1883-12-15,50,40,32,8
55,1883-12-22,51,40,31,9
55,1883-12-29,52,40,33,7
55,1884-01-05,1,40,31,9
55,1884-01-12,2,40,28,12
55,1884-01-19,3,40,32,8
55,1884-01-26,4,40,31,9
56,1884-02-02,5,40,34,6
56,1884-02-09,6,40,32,8
56,1884-02-16,7,40,35,5
56,1884-02-23,8,40,31,9
56,1884-03-01,9,40,31,9
56,1884-03-08,10,40,33,7
56,1884-03-15,11,40,32,8
56,1884-03-22,12,40,33,7
56,1884-03-29,13,40,32,8
56,1884-04-05,14,40,36,4
56,1884-04-12,15,40,32,8
56,1884-04-19,16,40,38,2
56,1884-04-26,17,40,32,8
56,1884-05-03,18,40,31,9
56,1884-05-10,19,40,35,5
56,1884-05-17,20,40,34,6
57,1884-05-24,21,40,35,5
57,1884-05-31,22,40,34,6
57,1884-06-07,23,40,35,5
57,1884-06-14,24,40,29,11
57,1884-06-21,25,40,34,6
57,1884-06-28,26,40,34,6
57,1884-07-05,27,40,34,6
57,1884-07-12,28,40,34,6
57,1884-07-19,29,40,34,6
57,1884-07-26,30,40,32,8
57,1884-08-02,31,40,32,8
57,1884-08-09,32,40,35,5
57,1884-08-16,33,40,38,2
57,1884-08-23,34,40,34,6
57,1884-08-30,35,40,35,5
57,1884-09-06,36,40,35,5
57,1884-09-13,37,40,32,8
57,1884-09-20,38,40,32,8
58,1884-09-27,39,40,34,6
58,1884-10-04,40,40,32,8
58,1884-10-11,41,40,30,10
58,1884-10-18,42,40,31,9
58,1884-10-25,43,40,30,10
58,1884-10-31,44,40,31,9
58,1884-11-08,45,40,34,6
58,1884-11-15,46,40,30,10
58,1884-11-22,47,40,31,9
59,1884-11-29,48,40,30,10
59,1884-12-06,49,40,31,9
59,1884-12-13,50,40,31,9
59,1884-12-20,51,40,34,6
59,1884-12-27,52,40,33,7
59,1885-01-03,1,40,33,7
59,1885-01-10,2,40,28,12
59,1885-01-17,3,40,34,6
59,1885-01-24,4,40,30,10
59,1885-01-31,5,40,33,7
59,1885-02-07,6,40,30,10
59,1885-02-14,7,40,32,8
59,1885-02-21,8,40,35,5
59,1885-02-28,9,40,33,7
60,1885-03-07,10,40,37,3
60,1885-03-14,11,40,34,6
60,1885-03-21,12,40,36,4
60,1885-03-28,13,40,32,8
60,1885-04-04,14,40,32,8
60,1885-04-11,15,40,32,8
60,1885-04-18,16,40,30,10
60,1885-04-25,17,40,31,9
60,1885-05-02,18,40,28,12
61,1885-05-09,19,40,32,8
61,1885-05-16,20,40,36,4
61,1885-05-23,21,40,30,10
61,1885-05-30,22,40,34,6
61,1885-06-06,23,40,30,10
61,1885-06-13,24,40,27,13
61,1885-06-20,25,40,31,9
61,1885-06-27,26,40,34,6
61,1885-07-04,27,40,33,7
62,1885-07-11,28,40,34,6
62,1885-07-18,29,40,32,8
62,1885-07-25,30,40,34,6
62,1885-08-01,31,40,31,9
62,1885-08-08,32,40,35,5
62,1885-08-15,33,40,32,8
62,1885-08-22,34,40,31,9
62,1885-08-29,35,40,36,4
62,1885-09-05,36,40,31,9
62,1885-09-12,37,40,31,9
62,1885-09-19,38,40,34,6
62,1885-09-26,39,40,33,7
62,1885-10-03,40,40,33,7
62,1885-10-10,41,40,30,10
63,1885-10-17,42,40,32,8
63,1885-10-24,43,40,34,6
63,1885-10-31,44,40,32,8
63,1885-11-07,45,40,34,6
63,1885-11-14,46,40,31,9
63,1885-11-21,47,40,31,9
63,1885-11-28,48,40,33,7
63,1885-12-05,49,40,30,10
63,1885-12-12,50,40,33,7
63,1885-12-19,51,40,32,8
64,1885-12-26,52,40,33,7
64,1886-01-02,1,40,32,8
64,1886-01-09,2,40,33,7
64,1886-01-16,3,40,34,6
64,1886-01-23,4,40,31,9
64,1886-01-30,5,40,33,7
64,1886-02-06,6,40,30,10
64,1886-02-13,7,40,35,5
64,1886-02-20,8,40,29,11
64,1886-02-27,9,40,33,7
64,1886-03-06,10,40,31,9
64,1886-03-13,11,40,36,4
64,1886-03-20,12,40,35,5
64,1886-03-27,13,40,31,9
64,1886-04-03,14,40,36,4
64,1886-04-10,15,40,33,7
64,1886-04-17,16,40,32,8
64,1886-04-24,17,40,33,7
64,1886-05-01,18,40,31,9
64,1886-05-08,19,40,34,6
65,1886-05-15,20,40,35,5
65,1886-05-22,21,40,32,8
65,1886-05-29,22,40,35,5
65,1886-06-05,23,40,35,5
65,1886-06-12,24,40,36,4
65,1886-06-19,25,40,34,6
65,1886-06-26,26,40,30,10
65,1886-07-03,27,40,33,7
65,1886-07-10,28,40,35,5
65,1886-07-17,29,40,34,6
65,1886-07-24,30,40,33,7
65,1886-07-31,31,40,35,5
65,1886-08-07,32,40,31,9
65,1886-08-14,33,40,33,7
65,1886-08-21,34,40,34,6
65,1886-08-28,35,40,35,5
65,1886-09-04,36,40,32,8
65,1886-09-11,37,40,31,9
66,1886-09-18,38,40,30,10
66,1886-09-25,39,40,34,6
66,1886-10-02,40,40,30,10
66,1886-10-09,41,40,32,8
66,1886-10-16,42,40,34,6
66,1886-10-23,43,40,32,8
66,1886-10-30,44,40,33,7
66,1886-11-06,45,40,32,8
66,1886-11-13,46,40,34,6
66,1886-11-20,47,40,33,7
66,1886-11-27,48,40,34,6
67,1886-12-04,49,40,32,8
67,1886-12-11,50,40,33,7
67,1886-12-18,51,40,31,9
67,1886-12-25,52,40,32,8
67,1886-12-31,53,40,33,7
67,1887-01-08,1,40,33,7
67,1887-01-15,2,40,33,7
67,1887-01-22,3,40,33,7
67,1887-01-29,4,40,33,7
67,1887-02-05,5,40,34,6
68,1887-02-12,6,40,33,7
68,1887-02-19,7,40,31,9
68,1887-02-26,8,40,33,7
68,1887-03-05,9,40,34,6
68,1887-03-12,10,40,33,7
68,1887-03-19,11,40,35,5
68,1887-03-26,12,40,29,11
68,1887-04-02,13,40,31,9
68,1887-04-09,14,40,37,3
69,1887-04-16,15,40,35,5
69,1887-04-23,16,40,32,8
69,1887-04-30,17,40,34,6
69,1887-05-07,18,40,33,7
69,1887-05-14,19,40,33,7
69,1887-05-21,20,40,32,8
69,1887-05-28,21,40,32,8
69,1887-06-04,22,40,30,10
69,1887-06-11,23,40,35,5
69,1887-06-18,24,40,32,8
69,1887-06-25,25,40,32,8
69,1887-07-02,26,40,31,9
69,1887-07-09,27,40,33,7
69,1887-07-16,28,40,32,8
70,1887-07-23,29,40,31,9
70,1887-07-30,30,40,32,8
70,1887-08-06,31,40,35,5
70,1887-08-13,32,40,30,10
70,1887-08-20,33,40,35,5
70,1887-08-27,34,40,32,8
70,1887-09-03,35,40,33,7
70,1887-09-10,36,40,30,10
70,1887-09-17,37,40,36,4
70,1887-09-24,38,40,31,9
70,1887-10-01,39,40,31,9
70,1887-10-08,40,40,32,8
70,1887-10-15,41,40,34,6
70,1887-10-22,42,40,35,5
70,1887-10-29,43,40,35,5
70,1887-11-05,44,40,32,8
70,1887-11-12,45,40,34,6
70,1887-11-19,46,40,34,6
71,1887-11-26,47,40,35,5
71,1887-12-03,48,40,31,9
71,1887-12-10,49,40,36,4
71,1887-12-17,50,40,33,7
71,1887-12-24,51,40,34,6
71,1887-12-31,52,40,33,7
71,1888-01-07,1,40,30,10
71,1888-01-14,2,40,28,12
71,1888-01-21,3,40,34,6
71,1888-01-28,4,40,29,11
71,1888-02-04,5,40,33,7
72,1888-02-11,6,40,33,7
72,1888-02-18,7,40,34,6
72,1888-02-25,8,40,33,7
72,1888-03-03,9,40,33,7
72,1888-03-10,10,40,32,8
72,1888-03-17,11,40,35,5
72,1888-03-24,12,40,37,3
72,1888-03-31,13,40,30,10
73,1888-04-07,14,40,35,5
73,1888-04-14,15,40,33,7
73,1888-04-21,16,40,33,7
73,1888-04-28,17,40,35,5
73,1888-05-05,18,40,31,9
73,1888-05-12,19,40,29,11
73,1888-05-19,20,40,31,9
73,1888-05-26,21,40,32,8
73,1888-06-02,22,40,30,10
73,1888-06-09,23,40,30,10
73,1888-06-16,24,40,33,7
73,1888-06-23,25,40,30,10
73,1888-06-30,26,40,35,5
73,1888-07-07,27,40,31,9
73,1888-07-14,28,40,31,9
73,1888-07-21,29,40,35,5
74,1888-07-28,30,40,28,12
74,1888-08-04,31,40,32,8
74,1888-08-11,32,40,33,7
74,1888-08-18,33,40,32,8
74,1888-08-25,34,40,31,9
74,1888-09-01,35,40,36,4
74,1888-09-08,36,40,35,5
74,1888-09-15,37,40,33,7
74,1888-09-22,38,40,31,9
74,1888-09-29,39,40,36,4
74,1888-10-06,40,40,35,5
74,1888-10-13,41,40,34,6
74,1888-10-20,42,40,34,6
74,1888-10-27,43,40,33,7
75,1888-11-03,44,40,31,9
75,1888-11-10,45,40,34,6
75,1888-11-17,46,40,33,7
75,1888-11-24,47,40,35,5
75,1888-12-01,48,40,33,7
75,1888-12-08,49,40,31,9
75,1888-12-15,50,40,36,4
75,1888-12-22,51,40,35,5
76,1888-12-29,52,40,33,7
76,1889-01-05,1,40,31,9
76,1889-01-12,2,40,36,4
76,1889-01-19,3,40,31,9
76,1889-01-26,4,40,32,8
76,1889-02-02,5,40,31,9
76,1889-02-09,6,40,36,4
76,1889-02-16,7,40,33,7
76,1889-02-23,8,40,34,6
76,1889-03-02,9,40,33,7
76,1889-03-09,10,40,33,7
76,1889-03-16,11,40,35,5
76,1889-03-23,12,40,33,7
77,1889-03-30,13,40,33,7
77,1889-04-06,14,40,30,10
77,1889-04-13,15,40,36,4
77,1889-04-20,16,40,31,9
77,1889-04-27,17,40,32,8
77,1889-05-04,18,40,33,7
77,1889-05-11,19,40,29,11
77,1889-05-18,20,40,35,5
77,1889-05-25,21,40,30,10
78,1889-06-01,22,40,33,7
78,1889-06-08,23,40,35,5
78,1889-06-15,24,40,32,8
78,1889-06-22,25,40,31,9
78,1889-06-29,26,40,34,6
78,1889-07-06,27,40,33,7
78,1889-07-13,28,40,36,4
78,1889-07-20,29,40,32,8
78,1889-07-27,30,40,33,7
78,1889-08-03,31,40,34,6
78,1889-08-10,32,40,30,10
78,1889-08-17,33,40,35,5
78,1889-08-24,34,40,35,5
79,1889-08-31,35,40,34,6
79,1889-09-07,36,40,35,5
79,1889-09-14,37,40,31,9
79,1889-09-21,38,40,33,7
79,1889-09-28,39,40,35,5
79,1889-10-05,40,40,33,7
79,1889-10-12,41,40,35,5
79,1889-10-19,42,40,35,5
79,1889-10-26,43,40,33,7
79,1889-11-02,44,40,34,6
79,1889-11-09,45,40,34,6
80,1889-11-16,46,40,31,9
80,1889-11-23,47,40,32,8
80,1889-11-30,48,40,36,4
80,1889-12-07,49,40,33,7
80,1889-12-14,50,40,29,11
80,1889-12-21,51,40,35,5
80,1889-12-28,52,40,29,11
80,1890-01-04,1,40,36,4
80,1890-01-11,2,40,32,8
80,1890-01-18,3,40,32,8
80,1890-01-25,4,40,31,9
81,1890-02-01,5,40,34,6
81,1890-02-08,6,40,34,6
81,1890-02-15,7,40,36,4
81,1890-02-22,8,40,38,2
81,1890-03-01,9,40,34,6
81,1890-03-08,10,40,35,5
81,1890-03-15,11,40,35,5
81,1890-03-22,12,40,34,6
82,1890-03-29,13,40,33,7
82,1890-04-05,14,40,35,5
82,1890-04-12,15,40,32,8
82,1890-04-19,16,40,31,9
82,1890-04-26,17,40,33,7
82,1890-05-03,18,40,34,6
82,1890-05-10,19,40,34,6
82,1890-05-17,20,40,30,10
82,1890-05-24,21,40,32,8
82,1890-05-31,22,40,34,6
83,1890-06-07,23,40,32,8
83,1890-06-14,24,40,30,10
83,1890-06-21,25,40,35,5
83,1890-06-28,26,40,36,4
83,1890-07-05,27,40,31,9
83,1890-07-12,28,40,34,6
83,1890-07-19,29,40,34,6
83,1890-07-26,30,40,31,9
83,1890-08-02,31,40,32,8
83,1890-08-09,32,40,32,8
83,1890-08-16,33,40,35,5
83,1890-08-23,34,40,32,8
84,1890-08-30,35,40,37,3
84,1890-09-06,36,40,36,4
84,1890-09-13,37,40,31,9
84,1890-09-20,38,40,33,7
84,1890-09-27,39,40,32,8
84,1890-10-04,40,40,31,9
84,1890-10-11,41,40,35,5
84,1890-10-18,42,40,33,7
84,1890-10-25,43,40,30,10
84,1890-10-31,44,40,33,7
84,1890-11-08,45,40,34,6
85,1890-11-15,46,40,32,8
85,1890-11-22,47,40,27,13
85,1890-11-29,48,40,33,7
85,1890-12-06,49,40,31,9
85,1890-12-13,50,40,33,7
85,1890-12-20,51,40,35,5
85,1890-12-27,52,40,35,5
85,1891-01-03,1,40,30,10
85,1891-01-10,2,40,31,9
85,1891-01-17,3,40,30,10
85,1891-01-24,4,40,34,6
85,1891-01-31,5,40,34,6
85,1891-02-07,6,40,29,11
85,1891-02-14,7,40,32,8
85,1891-02-21,8,40,34,6
85,1891-02-28,9,40,34,6
86,1891-03-07,10,40,35,5
86,1891-03-14,11,40,31,9
86,1891-03-21,12,40,33,7
86,1891-03-28,13,40,34,6
86,1891-04-04,14,40,34,6
86,1891-04-11,15,40,34,6
86,1891-04-18,16,40,33,7
86,1891-04-25,17,40,35,5
86,1891-05-02,18,40,33,7
87,1891-05-09,19,40,34,6
87,1891-05-16,20,40,30,10
87,1891-05-23,21,40,34,6
87,1891-05-30,22,40,34,6
87,1891-06-06,23,40,32,8
87,1891-06-13,24,40,35,5
87,1891-06-20,25,40,34,6
87,1891-06-27,26,40,32,8
87,1891-07-04,27,40,33,7
87,1891-07-11,28,40,34,6
87,1891-07-18,29,40,32,8
88,1891-07-25,30,40,36,4
88,1891-08-01,31,40,32,8
88,1891-08-08,32,40,35,5
88,1891-08-15,33,40,34,6
88,1891-08-22,34,40,36,4
88,1891-08-29,35,40,34,6
88,1891-09-05,36,40,32,8
88,1891-09-12,37,40,33,7
88,1891-09-19,38,40,37,3
89,1891-09-26,39,40,34,6
89,1891-10-03,40,40,30,10
89,1891-10-10,41,40,34,6
89,1891-10-17,42,40,31,9
89,1891-10-24,43,40,36,4
89,1891-10-31,44,40,31,9
89,1891-11-07,45,40,33,7
89,1891-11-14,46,40,36,4
89,1891-11-21,47,40,35,5
89,1891-11-28,48,40,29,11
89,1891-12-05,49,40,35,5
89,1891-12-12,50,40,31,9
89,1891-12-19,51,40,37,3
89,1891-12-26,52,40,34,6
89,1892-01-02,1,40,33,7
89,1892-01-09,2,40,32,8
89,1892-01-16,3,40,32,8
89,1892-01-23,4,40,33,7
89,1892-01-30,5,40,30,10
89,1892-02-06,6,40,31,9
89,1892-02-13,7,40,31,9
90,1892-02-20,8,40,32,8
90,1892-02-27,9,40,33,7
90,1892-03-05,10,40,33,7
90,1892-03-12,11,40,32,8
90,1892-03-19,12,40,35,5
90,1892-03-26,13,40,33,7
90,1892-04-02,14,40,34,6
90,1892-04-09,15,40,32,8
90,1892-04-16,16,40,32,8
90,1892-04-23,17,40,33,7
90,1892-04-30,18,40,32,8
90,1892-05-07,19,40,31,9
91,1892-05-14,20,40,34,6
91,1892-05-21,21,40,34,6
91,1892-05-28,22,40,30,10
91,1892-06-04,23,40,31,9
91,1892-06-11,24,40,36,4
91,1892-06-18,25,40,34,6
91,1892-06-25,26,40,31,9
91,1892-07-02,27,40,37,3
91,1892-07-09,28,40,32,8
91,1892-07-16,29,40,31,9
91,1892-07-23,30,40,33,7
92,1892-07-30,31,40,34,6
92,1892-08-06,32,40,33,7
92,1892-08-13,33,40,33,7
92,1892-08-20,34,40,32,8
92,1892-08-27,35,40,32,8
92,1892-09-03,36,40,34,6
92,1892-09-10,37,40,35,5
92,1892-09-17,38,40,33,7
92,1892-09-24,39,40,33,7
92,1892-10-01,40,40,31,9
92,1892-10-08,41,40,34,6
92,1892-10-15,42,40,34,6
92,1892-10-22,43,40,35,5
92,1892-10-29,44,40,31,9
93,1892-11-05,45,40,36,4
93,1892-11-12,46,40,34,6
93,1892-11-19,47,40,35,5
93,1892-11-26,48,40,35,5
93,1892-12-03,49,40,34,6
93,1892-12-10,50,40,31,9
93,1892-12-17,51,40,32,8
93,1892-12-24,52,40,33,7
93,1892-12-31,53,40,31,9
93,1893-01-07,1,40,33,7
93,1893-01-14,2,40,31,9
93,1893-01-21,3,40,31,9
93,1893-01-28,4,40,35,5
93,1893-02-04,5,40,33,7
94,1893-02-11,6,40,31,9
94,1893-02-18,7,40,32,8
94,1893-02-25,8,40,32,8
94,1893-03-04,9,40,34,6
94,1893-03-11,10,40,30,10
94,1893-03-18,11,40,33,7
94,1893-03-25,12,40,36,4
94,1893-04-01,13,40,36,4
94,1893-04-08,14,40,31,9
94,1893-04-15,15,40,32,8
95,1893-04-22,16,40,31,9
95,1893-04-29,17,40,31,9
95,1893-05-06,18,40,36,4
95,1893-05-13,19,40,32,8
95,1893-05-20,20,40,35,5
95,1893-05-27,21,40,31,9
95,1893-06-03,22,40,30,10
95,1893-06-10,23,40,34,6
95,1893-06-17,24,40,32,8
95,1893-06-24,25,40,34,6
95,1893-07-01,26,40,36,4
96,1893-07-08,27,40,35,5
96,1893-07-15,28,40,33,7
96,1893-07-22,29,40,33,7
96,1893-07-29,30,40,35,5
96,1893-08-05,31,40,32,8
96,1893-08-12,32,40,31,9
96,1893-08-19,33,40,32,8
96,1893-08-26,34,40,33,7
96,1893-09-02,35,40,32,8
96,1893-09-09,36,40,36,4
96,1893-09-16,37,40,36,4
96,1893-09-23,38,40,34,6
97,1893-09-30,39,40,32,8
97,1893-10-07,40,40,33,7
97,1893-10-14,41,40,34,6
97,1893-10-21,42,40,34,6
97,1893-10-28,43,40,34,6
97,1893-11-04,44,40,36,4
97,1893-11-11,45,40,36,4
97,1893-11-18,46,40,33,7
97,1893-11-25,47,40,34,6
97,1893-12-02,48,40,32,8
97,1893-12-09,49,40,34,6
97,1893-12-16,50,40,32,8
97,1893-12-23,51,40,32,8
97,1893-12-30,52,40,30,10
98,1894-01-06,1,40,31,9
98,1894-01-13,2,40,31,9
98,1894-01-20,3,40,32,8
98,1894-01-27,4,40,30,10
98,1894-02-03,5,40,37,3
98,1894-02-10,6,40,31,9
98,1894-02-17,7,40,35,5
98,1894-02-24,8,40,32,8
98,1894-03-03,9,40,35,5
99,1894-03-10,10,40,36,4
99,1894-03-17,11,40,33,7
99,1894-03-24,12,40,34,6
99,1894-03-31,13,40,35,5
99,1894-04-07,14,40,34,6
99,1894-04-14,15,40,33,7
99,1894-04-21,16,40,34,6
99,1894-04-28,17,40,35,5
99,1894-05-05,18,40,31,9
99,1894-05-12,19,40,33,7
100,1894-05-19,20,40,33,7
100,1894-05-26,21,40,36,4
100,1894-06-02,22,40,37,3
100,1894-06-09,23,40,31,9
100,1894-06-16,24,40,31,9
100,1894-06-23,25,40,32,8
100,1894-06-30,26,40,35,5
100,1894-07-07,27,40,35,5
100,1894-07-14,28,40,30,10
101,1894-07-21,29,40,35,5
101,1894-07-28,30,40,32,8
101,1894-08-04,31,40,34,6
101,1894-08-11,32,40,32,8
101,1894-08-18,33,40,30,10
101,1894-08-25,34,40,34,6
101,1894-09-01,35,40,32,8
101,1894-09-08,36,40,32,8
101,1894-09-15,37,40,33,7
101,1894-09-22,38,40,34,6
101,1894-09-29,39,40,37,3
101,1894-10-06,40,40,33,7
101,1894-10-13,41,40,32,8
102,1894-10-20,42,40,34,6
102,1894-10-27,43,40,32,8
102,1894-11-03,44,40,32,8
102,1894-11-10,45,40,37,3
102,1894-11-17,46,40,31,9
102,1894-11-24,47,40,34,6
102,1894-12-01,48,40,29,11
102,1894-12-08,49,40,36,4
102,1894-12-15,50,40,33,7
102,1894-12-22,51,40,34,6
103,1894-12-29,52,40,33,7
103,1895-01-05,1,40,34,6
103,1895-01-12,2,40,29,11
103,1895-01-19,3,40,36,4
103,1895-01-26,4,40,35,5
103,1895-02-02,5,40,32,8
103,1895-02-09,6,40,35,5
103,1895-02-16,7,40,33,7
103,1895-02-23,8,40,27,13
103,1895-03-02,9,40,32,8
103,1895-03-09,10,40,32,8
103,1895-03-16,11,40,34,6
103,1895-03-23,12,40,32,8
103,1895-03-30,13,40,32,8
103,1895-04-06,14,40,31,9
103,1895-04-13,15,40,36,4
103,1895-04-20,16,40,31,9
103,1895-04-27,17,40,30,10
103,1895-05-04,18,40,35,5
103,1895-05-11,19,40,32,8
103,1895-05-18,20,40,37,3
103,1895-05-25,21,40,31,9
104,1895-06-01,22,40,31,9
104,1895-06-08,23,40,29,11
104,1895-06-15,24,40,33,7
104,1895-06-22,25,40,32,8
104,1895-06-29,26,40,37,3
104,1895-07-06,27,40,34,6
104,1895-07-13,28,40,34,6
104,1895-07-20,29,40,33,7
104,1895-07-27,30,40,32,8
104,1895-08-03,31,40,33,7
104,1895-08-10,32,40,29,11
104,1895-08-17,33,40,37,3
104,1895-08-24,34,40,31,9
104,1895-08-31,35,40,32,8
104,1895-09-07,36,40,33,7
105,1895-09-14,37,40,31,9
105,1895-09-21,38,40,37,3
105,1895-09-28,39,40,34,6
105,1895-10-05,40,40,33,7
105,1895-10-12,41,40,30,10
105,1895-10-19,42,40,34,6
105,1895-10-26,43,40,33,7
105,1895-11-02,44,40,33,7
105,1895-11-09,45,40,31,9
105,1895-11-16,46,40,32,8
105,1895-11-23,47,40,31,9
105,1895-11-30,48,40,30,10
105,1895-12-07,49,40,35,5
106,1895-12-14,50,40,32,8
106,1895-12-21,51,40,32,8
106,1895-12-28,52,40,31,9
106,1896-01-04,1,40,33,7
106,1896-01-11,2,40,32,8
106,1896-01-18,3,40,33,7
106,1896-01-25,4,40,32,8
106,1896-02-01,5,40,33,7
106,1896-02-08,6,40,33,7
106,1896-02-15,7,40,32,8
106,1896-02-22,8,40,34,6
106,1896-02-29,9,40,34,6
106,1896-03-07,10,40,34,6
107,1896-03-14,11,40,31,9
107,1896-03-21,12,40,30,10
107,1896-03-28,13,40,37,3
107,1896-04-04,14,40,34,6
107,1896-04-11,15,40,34,6
107,1896-04-18,16,40,35,5
107,1896-04-25,17,40,30,10
107,1896-05-02,18,40,31,9
108,1896-05-09,19,40,32,8
108,1896-05-16,20,40,32,8
108,1896-05-23,21,40,34,6
108,1896-05-30,22,40,31,9
108,1896-06-06,23,40,33,7
108,1896-06-13,24,40,36,4
108,1896-06-20,25,40,34,6
108,1896-06-27,26,40,32,8
108,1896-07-04,27,40,32,8
109,1896-07-11,28,40,32,8
109,1896-07-18,29,40,33,7
109,1896-07-25,30,40,31,9
109,1896-08-01,31,40,32,8
109,1896-08-08,32,40,35,5
109,1896-08-15,33,40,31,9
109,1896-08-22,34,40,31,9
109,1896-08-29,35,40,34,6
109,1896-09-05,36,40,33,7
109,1896-09-12,37,40,35,5
109,1896-09-19,38,40,31,9
109,1896-09-26,39,40,32,8
110,1896-10-03,40,40,31,9
110,1896-10-10,41,40,30,10
110,1896-10-17,42,40,36,4
110,1896-10-24,43,40,31,9
110,1896-10-31,44,40,30,10
110,1896-11-07,45,40,33,7
110,1896-11-14,46,40,37,3
110,1896-11-21,47,40,36,4
110,1896-11-28,48,40,30,10
110,1896-12-05,49,40,37,3
110,1896-12-12,50,40,32,8
111,1896-12-19,51,40,35,5
111,1896-12-26,52,40,32,8
111,1897-01-02,1,40,32,8
111,1897-01-09,2,40,31,9
111,1897-01-16,3,40,34,6
111,1897-01-23,4,40,32,8
111,1897-01-30,5,40,32,8
111,1897-02-06,6,40,31,9
111,1897-02-13,7,40,32,8
111,1897-02-20,8,40,31,9
111,1897-02-27,9,40,33,7
111,1897-03-06,10,40,32,8
111,1897-03-13,11,40,30,10
111,1897-03-20,12,40,35,5
112,1897-03-27,13,40,33,7
112,1897-04-03,14,40,32,8
112,1897-04-10,15,40,33,7
112,1897-04-17,16,40,35,5
112,1897-04-24,17,40,30,10
112,1897-05-01,18,40,31,9
112,1897-05-08,19,40,35,5
112,1897-05-15,20,40,30,10
112,1897-05-22,21,40,39,1
112,1897-05-29,22,40,32,8
112,1897-06-05,23,40,30,10
112,1897-06-12,24,40,33,7
112,1897-06-19,25,40,33,7
113,1897-06-26,26,40,28,12
113,1897-07-03,27,40,34,6
113,1897-07-10,28,40,37,3
113,1897-07-17,29,40,31,9
113,1897-07-24,30,40,31,9
113,1897-07-31,31,40,31,9
113,1897-08-07,32,40,28,12
113,1897-08-14,33,40,35,5
113,1897-08-21,34,40,34,6
113,1897-08-28,35,40,36,4
113,1897-09-04,36,40,33,7
114,1897-09-11,37,40,32,8
114,1897-09-18,38,40,36,4
114,1897-09-25,39,40,35,5
114,1897-10-02,40,40,33,7
114,1897-10-09,41,40,34,6
114,1897-10-16,42,40,32,8
114,1897-10-23,43,40,35,5
114,1897-10-30,44,40,31,9
114,1897-11-06,45,40,34,6
115,1897-11-13,46,40,31,9
115,1897-11-20,47,40,33,7
115,1897-11-27,48,40,32,8
115,1897-12-04,49,40,33,7
115,1897-12-11,50,40,34,6
115,1897-12-18,51,40,35,5
115,1897-12-25,52,40,32,8
115,1897-12-31,53,40,34,6
115,1898-01-08,1,40,31,9
116,1898-01-15,2,40,35,5
116,1898-01-22,3,40,37,3
116,1898-01-29,4,40,32,8
116,1898-02-05,5,40,35,5
116,1898-02-12,6,40,35,5
116,1898-02-19,7,40,34,6
116,1898-02-26,8,40,32,8
116,1898-03-05,9,40,32,8
116,1898-03-12,10,40,32,8
116,1898-03-19,11,40,34,6
116,1898-03-26,12,40,32,8
116,1898-04-02,13,40,34,6
116,1898-04-09,14,40,34,6
116,1898-04-16,15,40,34,6
116,1898-04-23,16,40,34,6
117,1898-04-30,17,40,33,7
117,1898-05-07,18,40,36,4
117,1898-05-14,19,40,35,5
117,1898-05-21,20,40,30,10
117,1898-05-28,21,40,35,5
117,1898-06-04,22,40,37,3
117,1898-06-11,23,40,35,5
117,1898-06-18,24,40,35,5
117,1898-06-25,25,40,29,11
117,1898-07-02,26,40,37,3
117,1898-07-09,27,40,35,5
117,1898-07-16,28,40,32,8
118,1898-07-23,29,40,34,6
118,1898-07-30,30,40,31,9
118,1898-08-06,31,40,31,9
118,1898-08-13,32,40,30,10
118,1898-08-20,33,40,30,10
118,1898-08-27,34,40,32,8
118,1898-09-03,35,40,35,5
118,1898-09-10,36,40,35,5
118,1898-09-17,37,40,33,7
118,1898-09-24,38,40,36,4
118,1898-10-01,39,40,33,7
118,1898-10-08,40,40,36,4
118,1898-10-15,41,40,34,6
118,1898-10-22,42,40,33,7
119,1898-10-29,43,40,28,12
119,1898-11-05,44,40,35,5
119,1898-11-12,45,40,34,6
119,1898-11-19,46,40,31,9
119,1898-11-26,47,40,36,4
119,1898-12-03,48,40,37,3
119,1898-12-10,49,40,35,5
119,1898-12-17,50,40,32,8
120,1898-12-24,51,40,35,5
120,1898-12-31,52,40,31,9
120,1899-01-07,1,40,34,6
120,1899-01-14,2,40,34,6
120,1899-01-21,3,40,31,9
120,1899-01-28,4,40,33,7
120,1899-02-04,5,40,32,8
120,1899-02-11,6,40,34,6
121,1899-02-18,7,40,35,5
121,1899-02-25,8,40,32,8
121,1899-03-04,9,40,29,11
121,1899-03-11,10,40,36,4
121,1899-03-18,11,40,33,7
121,1899-03-25,12,40,33,7
121,1899-04-01,13,40,33,7
121,1899-04-08,14,40,33,7
121,1899-04-15,15,40,32,8
122,1899-04-22,16,40,34,6
122,1899-04-29,17,40,34,6
122,1899-05-06,18,40,32,8
122,1899-05-13,19,40,35,5
122,1899-05-20,20,40,30,10
122,1899-05-27,21,40,32,8
122,1899-06-03,22,40,35,5
122,1899-06-10,23,40,36,4
122,1899-06-17,24,40,35,5
122,1899-06-24,25,40,32,8
122,1899-07-01,26,40,33,7
122,1899-07-08,27,40,33,7
122,1899-07-15,28,40,34,6
122,1899-07-22,29,40,33,7
122,1899-07-29,30,40,32,8
122,1899-08-05,31,40,36,4
122,1899-08-12,32,40,33,7
123,1899-08-19,33,40,32,8
123,1899-08-26,34,40,35,5
123,1899-09-02,35,40,31,9
123,1899-09-09,36,40,35,5
123,1899-09-16,37,40,32,8
123,1899-09-23,38,40,33,7
123,1899-09-30,39,40,31,9
123,1899-10-07,40,40,32,8
123,1899-10-14,41,40,34,6
123,1899-10-21,42,40,33,7
123,1899-10-28,43,40,34,6
123,1899-11-04,44,40,30,10
123,1899-11-11,45,40,34,6
123,1899-11-18,46,40,35,5
124,1899-11-25,47,40,32,8
124,1899-12-02,48,40,34,6
124,1899-12-09,49,40,32,8
124,1899-12-16,50,40,32,8
124,1899-12-23,51,40,34,6
124,1899-12-30,52,40,34,6
124,1900-01-06,1,40,33,7
124,1900-01-13,2,40,35,5
124,1900-01-20,3,40,33,7
124,1900-01-27,4,40,36,4
125,1900-02-03,5,40,29,11
125,1900-02-10,6,40,32,8
125,1900-02-17,7,40,30,10
125,1900-02-24,8,40,30,10
125,1900-03-03,9,40,36,4
125,1900-03-10,10,40,34,6
125,1900-03-17,11,40,35,5
125,1900-03-24,12,40,36,4
125,1900-03-31,13,40,33,7
125,1900-04-07,14,40,35,5
125,1900-04-14,15,40,36,4
126,1900-04-21,16,40,36,4
126,1900-04-28,17,40,37,3
126,1900-05-05,18,40,30,10
126,1900-05-12,19,40,34,6
126,1900-05-19,20,40,36,4
126,1900-05-26,21,40,31,9
126,1900-06-02,22,40,35,5
126,1900-06-09,23,40,32,8
126,1900-06-16,24,40,35,5
126,1900-06-23,25,40,33,7
126,1900-06-30,26,40,35,5
126,1900-07-07,27,40,33,7
127,1900-07-14,28,40,33,7
127,1900-07-21,29,40,36,4
127,1900-07-28,30,40,32,8
127,1900-08-04,31,40,31,9
127,1900-08-11,32,40,34,6
127,1900-08-18,33,40,31,9
127,1900-08-25,34,40,33,7
127,1900-09-01,35,40,35,5
127,1900-09-08,36,40,35,5
127,1900-09-15,37,40,30,10
127,1900-09-22,38,40,35,5
128,1900-09-29,39,40,32,8
128,1900-10-06,40,40,33,7
128,1900-10-13,41,40,33,7
128,1900-10-20,42,40,31,9
128,1900-10-27,43,40,31,9
128,1900-11-03,44,40,32,8
128,1900-11-10,45,40,32,8
128,1900-11-17,46,40,34,6
128,1900-11-24,47,40,34,6
128,1900-12-01,48,40,32,8
128,1900-12-08,49,40,31,9
128,1900-12-15,50,40,33,7
129,1900-12-22,51,40,34,6
129,1900-12-29,52,40,32,8
129,1901-01-05,1,40,34,6
129,1901-01-12,2,40,33,7
129,1901-01-19,3,40,32,8
129,1901-01-26,4,40,32,8
129,1901-02-02,5,40,33,7
129,1901-02-09,6,40,33,7
129,1901-02-16,7,40,34,6
130,1901-02-23,8,40,31,9
130,1901-03-02,9,40,35,5
130,1901-03-09,10,40,33,7
130,1901-03-16,11,40,37,3
130,1901-03-23,12,40,35,5
130,1901-03-30,13,40,31,9
130,1901-04-06,14,40,32,8
130,1901-04-13,15,40,33,7
130,1901-04-20,16,40,36,4
130,1901-04-27,17,40,34,6
130,1901-05-04,18,40,33,7
131,1901-05-11,19,40,34,6
131,1901-05-18,20,40,35,5
131,1901-05-25,21,40,32,8
131,1901-06-01,22,40,35,5
131,1901-06-08,23,40,32,8
131,1901-06-15,24,40,37,3
131,1901-06-22,25,40,33,7
131,1901-06-29,26,40,32,8
131,1901-07-06,27,40,29,11
131,1901-07-13,28,40,33,7
131,1901-07-20,29,40,31,9
131,1901-07-27,30,40,37,3
131,1901-08-03,31,40,34,6
132,1901-08-10,32,40,34,6
132,1901-08-17,33,40,33,7
132,1901-08-24,34,40,34,6
132,1901-08-31,35,40,38,2
132,1901-09-07,36,40,34,6
132,1901-09-14,37,40,33,7
132,1901-09-21,38,40,29,11
132,1901-09-28,39,40,35,5
132,1901-10-05,40,40,30,10
132,1901-10-12,41,40,37,3
132,1901-10-19,42,40,35,5
133,1901-10-26,43,40,36,4
133,1901-11-02,44,40,36,4
133,1901-11-09,45,40,33,7
133,1901-11-16,46,40,34,6
133,1901-11-23,47,40,30,10
133,1901-11-30,48,40,34,6
133,1901-12-07,49,40,33,7
133,1901-12-14,50,40,33,7
133,1901-12-21,51,40,34,6
133,1901-12-28,52,40,38,2
133,1902-01-04,1,40,31,9
133,1902-01-11,2,40,36,4
134,1902-01-18,3,40,32,8
134,1902-01-25,4,40,33,7
134,1902-02-01,5,40,33,7
134,1902-02-08,6,40,34,6
134,1902-02-15,7,40,32,8
134,1902-02-22,8,40,33,7
134,1902-03-01,9,40,31,9
134,1902-03-08,10,40,34,6
134,1902-03-15,11,40,33,7
134,1902-03-22,12,40,34,6
134,1902-03-29,13,40,34,6
135,1902-04-05,14,40,30,10
135,1902-04-12,15,40,35,5
135,1902-04-19,16,40,36,4
135,1902-04-26,17,40,32,8
135,1902-05-03,18,40,31,9
135,1902-05-10,19,40,35,5
135,1902-05-17,20,40,33,7
135,1902-05-24,21,40,32,8
135,1902-05-31,22,40,34,6
135,1902-06-07,23,40,31,9
135,1902-06-14,24,40,31,9
135,1902-06-21,25,40,32,8
135,1902-06-28,26,40,35,5
136,1902-07-05,27,40,32,8
136,1902-07-12,28,40,33,7
136,1902-07-19,29,40,36,4
136,1902-07-26,30,40,33,7
136,1902-08-02,31,40,32,8
136,1902-08-09,32,40,31,9
136,1902-08-16,33,40,30,10
136,1902-08-23,34,40,32,8
136,1902-08-30,35,40,29,11
136,1902-09-06,36,40,35,5
136,1902-09-13,37,40,32,8
136,1902-09-20,38,40,33,7
136,1902-09-27,39,40,32,8
136,1902-10-04,40,40,34,6
136,1902-10-11,41,40,35,5
136,1902-10-18,42,40,32,8
137,1902-10-25,43,40,32,8
137,1902-10-31,44,40,31,9
137,1902-11-08,45,40,29,11
137,1902-11-15,46,40,34,6
137,1902-11-22,47,40,35,5
137,1902-11-29,48,40,33,7
137,1902-12-06,49,40,30,10
137,1902-12-13,50,40,32,8
137,1902-12-20,51,40,36,4
137,1902-12-27,52,40,34,6
137,1903-01-03,1,40,35,5
137,1903-01-10,2,40,30,10
138,1903-01-17,3,40,31,9
138,1903-01-24,4,40,36,4
138,1903-01-31,5,40,33,7
138,1903-02-07,6,40,33,7
138,1903-02-14,7,40,31,9
138,1903-02-21,8,40,32,8
138,1903-02-28,9,40,29,11
138,1903-03-07,10,40,34,6
138,1903-03-14,11,40,33,7
138,1903-03-21,12,40,32,8
138,1903-03-28,13,40,34,6
138,1903-04-04,14,40,35,5
138,1903-04-11,15,40,36,4
138,1903-04-18,16,40,36,4
138,1903-04-25,17,40,32,8
138,1903-05-02,18,40,35,5
138,1903-05-09,19,40,35,5
138,1903-05-16,20,40,33,7
138,1903-05-23,21,40,31,9
138,1903-05-30,22,40,33,7
139,1903-06-06,23,40,32,8
139,1903-06-13,24,40,33,7
139,1903-06-20,25,40,30,10
139,1903-06-27,26,40,34,6
139,1903-07-04,27,40,35,5
139,1903-07-11,28,40,28,12
139,1903-07-18,29,40,32,8
139,1903-07-25,30,40,34,6
139,1903-08-01,31,40,33,7
139,1903-08-08,32,40,32,8
139,1903-08-15,33,40,33,7
139,1903-08-22,34,40,33,7
139,1903-08-29,35,40,33,7
139,1903-09-05,36,40,32,8
140,1903-09-12,37,40,32,8
140,1903-09-19,38,40,32,8
140,1903-09-26,39,40,32,8
140,1903-10-03,40,40,34,6
140,1903-10-10,41,40,32,8
140,1903-10-17,42,40,30,10
140,1903-10-24,43,40,35,5
140,1903-10-31,44,40,32,8
140,1903-11-07,45,40,35,5
140,1903-11-14,46,40,34,6
140,1903-11-21,47,40,34,6
140,1903-11-28,48,40,32,8
140,1903-12-05,49,40,33,7
140,1903-12-12,50,40,32,8
140,1903-12-19,51,40,35,5
140,1903-12-26,52,40,36,4
141,1904-01-02,1,40,36,4
141,1904-01-09,2,40,33,7
141,1904-01-16,3,40,32,8
141,1904-01-23,4,40,31,9
141,1904-01-30,5,40,31,9
141,1904-02-06,6,40,32,8
141,1904-02-13,7,40,32,8
141,1904-02-20,8,40,35,5
141,1904-02-27,9,40,32,8
142,1904-03-05,10,40,34,6
142,1904-03-12,11,40,33,7
142,1904-03-19,12,40,36,4
142,1904-03-26,13,40,35,5
142,1904-04-02,14,40,32,8
142,1904-04-09,15,40,31,9
142,1904-04-16,16,40,33,7
142,1904-04-23,17,40,31,9
142,1904-04-30,18,40,34,6
142,1904-05-07,19,40,31,9
142,1904-05-14,20,40,30,10
142,1904-05-21,21,40,34,6
142,1904-05-28,22,40,33,7
143,1904-06-04,23,40,36,4
143,1904-06-11,24,40,33,7
143,1904-06-18,25,40,34,6
143,1904-06-25,26,40,36,4
143,1904-07-02,27,40,34,6
143,1904-07-09,28,40,36,4
143,1904-07-16,29,40,34,6
143,1904-07-23,30,40,34,6
143,1904-07-30,31,40,31,9
143,1904-08-06,32,40,36,4
143,1904-08-13,33,40,34,6
143,1904-08-20,34,40,32,8
144,1904-08-27,35,40,34,6
144,1904-09-03,36,40,34,6
144,1904-09-10,37,40,34,6
144,1904-09-17,38,40,35,5
144,1904-09-24,39,40,34,6
144,1904-10-01,40,40,36,4
144,1904-10-08,41,40,36,4
144,1904-10-15,42,40,32,8
145,1904-10-22,43,40,30,10
145,1904-10-29,44,40,37,3
145,1904-11-05,45,40,34,6
145,1904-11-12,46,40,34,6
145,1904-11-19,47,40,31,9
145,1904-11-26,48,40,30,10
145,1904-12-03,49,40,34,6
145,1904-12-10,50,40,33,7
145,1904-12-17,51,40,34,6
145,1904-12-24,52,40,37,3
145,1904-12-31,53,40,36,4
145,1905-01-07,1,40,36,4
145,1905-01-14,2,40,32,8
145,1905-01-21,3,40,35,5
145,1905-01-28,4,40,32,8
146,1905-02-04,5,40,37,3
146,1905-02-11,6,40,33,7
146,1905-02-18,7,40,36,4
146,1905-02-25,8,40,30,10
146,1905-03-04,9,40,32,8
146,1905-03-11,10,40,33,7
146,1905-03-18,11,40,36,4
146,1905-03-25,12,40,33,7
146,1905-04-01,13,40,35,5
146,1905-04-08,14,40,33,7
146,1905-04-15,15,40,33,7
146,1905-04-22,16,40,32,8
146,1905-04-29,17,40,30,10
146,1905-05-06,18,40,36,4
146,1905-05-13,19,40,34,6
147,1905-05-20,20,40,35,5
147,1905-05-27,21,40,34,6
147,1905-06-03,22,40,33,7
147,1905-06-10,23,40,29,11
147,1905-06-17,24,40,31,9
147,1905-06-24,25,40,32,8
147,1905-07-01,26,40,35,5
147,1905-07-08,27,40,30,10
147,1905-07-15,28,40,32,8
147,1905-07-22,29,40,36,4
147,1905-07-29,30,40,31,9
147,1905-08-05,31,40,35,5
147,1905-08-12,32,40,35,5
147,1905-08-19,33,40,33,7
147,1905-08-26,34,40,32,8
148,1905-09-02,35,40,31,9
148,1905-09-09,36,40,32,8
148,1905-09-16,37,40,38,2
148,1905-09-23,38,40,32,8
148,1905-09-30,39,40,31,9
148,1905-10-07,40,40,34,6
148,1905-10-14,41,40,29,11
148,1905-10-21,42,40,35,5
148,1905-10-28,43,40,33,7
148,1905-11-04,44,40,32,8
149,1905-11-11,45,40,34,6
149,1905-11-18,46,40,36,4
149,1905-11-25,47,40,35,5
149,1905-12-02,48,40,32,8
149,1905-12-09,49,40,35,5
149,1905-12-16,50,40,34,6
149,1905-12-23,51,40,34,6
149,1905-12-30,52,40,31,9
149,1906-01-06,1,40,33,7
149,1906-01-13,2,40,31,9
149,1906-01-20,3,40,34,6
149,1906-01-27,4,40,32,8
149,1906-02-03,5,40,31,9
149,1906-02-10,6,40,36,4
150,1906-02-17,7,40,37,3
150,1906-02-24,8,40,36,4
150,1906-03-03,9,40,33,7
150,1906-03-10,10,40,36,4
150,1906-03-17,11,40,36,4
150,1906-03-24,12,40,36,4
150,1906-03-31,13,40,34,6
151,1906-04-07,14,40,30,10
151,1906-04-14,15,40,31,9
151,1906-04-21,16,40,30,10
151,1906-04-28,17,40,33,7
151,1906-05-05,18,40,30,10
151,1906-05-12,19,40,34,6
151,1906-05-19,20,40,34,6
151,1906-05-26,21,40,32,8
151,1906-06-02,22,40,32,8
151,1906-06-09,23,40,31,9
151,1906-06-16,24,40,30,10
151,1906-06-23,25,40,32,8
152,1906-06-30,26,40,32,8
152,1906-07-07,27,40,33,7
152,1906-07-14,28,40,34,6
152,1906-07-21,29,40,34,6
152,1906-07-28,30,40,35,5
152,1906-08-04,31,40,35,5
152,1906-08-11,32,40,31,9
152,1906-08-18,33,40,32,8
152,1906-08-25,34,40,34,6
152,1906-09-01,35,40,32,8
152,1906-09-08,36,40,35,5
153,1906-09-15,37,40,34,6
153,1906-09-22,38,40,31,9
153,1906-09-29,39,40,34,6
153,1906-10-06,40,40,35,5
153,1906-10-13,41,40,31,9
153,1906-10-20,42,40,34,6
153,1906-10-27,43,40,33,7
153,1906-11-03,44,40,35,5
153,1906-11-10,45,40,31,9
153,1906-11-17,46,40,30,10
154,1906-11-24,47,40,35,5
154,1906-12-01,48,40,37,3
154,1906-12-08,49,40,34,6
154,1906-12-15,50,40,34,6
154,1906-12-22,51,40,30,10
154,1906-12-29,52,40,34,6
154,1907-01-05,1,40,34,6
154,1907-01-12,2,40,33,7
154,1907-01-19,3,40,32,8
154,1907-01-26,4,40,33,7
154,1907-02-02,5,40,31,9
154,1907-02-09,6,40,33,7
155,1907-02-16,7,40,36,4
155,1907-02-23,8,40,32,8
155,1907-03-02,9,40,35,5
155,1907-03-09,10,40,32,8
155,1907-03-16,11,40,29,11
155,1907-03-23,12,40,30,10
155,1907-03-30,13,40,33,7
155,1907-04-06,14,40,33,7
155,1907-04-13,15,40,32,8
155,1907-04-20,16,40,37,3
155,1907-04-27,17,40,32,8
156,1907-05-04,18,40,32,8
156,1907-05-11,19,40,33,7
156,1907-05-18,20,40,34,6
156,1907-05-25,21,40,31,9
156,1907-06-01,22,40,32,8
156,1907-06-08,23,40,33,7
156,1907-06-15,24,40,33,7
156,1907-06-22,25,40,35,5
156,1907-06-29,26,40,34,6
156,1907-07-06,27,40,34,6
156,1907-07-13,28,40,35,5
157,1907-07-20,29,40,34,6
157,1907-07-27,30,40,38,2
157,1907-08-03,31,40,32,8
157,1907-08-10,32,40,33,7
157,1907-08-17,33,40,31,9
157,1907-08-24,34,40,32,8
157,1907-08-31,35,40,32,8
157,1907-09-07,36,40,29,11
157,1907-09-14,37,40,30,10
158,1907-09-21,38,40,31,9
158,1907-09-28,39,40,36,4
158,1907-10-05,40,40,34,6
158,1907-10-12,41,40,35,5
158,1907-10-19,42,40,35,5
158,1907-10-26,43,40,33,7
158,1907-11-02,44,40,35,5
158,1907-11-09,45,40,32,8
158,1907-11-16,46,40,34,6
158,1907-11-23,47,40,36,4
158,1907-11-30,48,40,32,8
158,1907-12-07,49,40,31,9
158,1907-12-14,50,40,32,8
159,1907-12-21,51,40,32,8
159,1907-12-28,52,40,35,5
159,1908-01-04,1,40,31,9
159,1908-01-11,2,40,33,7
159,1908-01-18,3,40,33,7
159,1908-01-25,4,40,31,9
159,1908-02-01,5,40,32,8
159,1908-02-08,6,40,35,5
159,1908-02-15,7,40,33,7
159,1908-02-22,8,40,35,5
159,1908-02-29,9,40,27,13
159,1908-03-07,10,40,32,8
159,1908-03-14,11,40,33,7
159,1908-03-21,12,40,33,7
159,1908-03-28,13,40,36,4
160,1908-04-04,14,40,31,9
160,1908-04-11,15,40,34,6
160,1908-04-18,16,40,33,7
160,1908-04-25,17,40,33,7
160,1908-05-02,18,40,30,10
160,1908-05-09,19,40,32,8
160,1908-05-16,20,40,33,7
160,1908-05-23,21,40,33,7
160,1908-05-30,22,40,31,9
160,1908-06-06,23,40,34,6
161,1908-06-13,24,40,36,4
161,1908-06-20,25,40,33,7
161,1908-06-27,26,40,34,6
161,1908-07-04,27,40,32,8
161,1908-07-11,28,40,34,6
161,1908-07-18,29,40,35,5
161,1908-07-25,30,40,34,6
161,1908-08-01,31,40,30,10
161,1908-08-08,32,40,34,6
161,1908-08-15,33,40,33,7
161,1908-08-22,34,40,32,8
161,1908-08-29,35,40,33,7
161,1908-09-05,36,40,32,8
161,1908-09-12,37,40,33,7
162,1908-09-19,38,40,33,7
162,1908-09-26,39,40,32,8
162,1908-10-03,40,40,33,7
162,1908-10-10,41,40,33,7
162,1908-10-17,42,40,31,9
162,1908-10-24,43,40,32,8
162,1908-10-31,44,40,35,5
162,1908-11-07,45,40,34,6
162,1908-11-14,46,40,35,5
162,1908-11-21,47,40,33,7
163,1908-11-28,48,40,33,7
163,1908-12-05,49,40,33,7
163,1908-12-12,50,40,36,4
163,1908-12-19,51,40,35,5
163,1908-12-26,52,40,37,3
163,1909-01-02,1,40,33,7
163,1909-01-09,2,40,33,7
163,1909-01-16,3,40,34,6
163,1909-01-23,4,40,29,11
163,1909-01-30,5,40,30,10
163,1909-02-06,6,40,29,11
163,1909-02-13,7,40,33,7
164,1909-02-20,8,40,36,4
164,1909-02-27,9,40,36,4
164,1909-03-06,10,40,32,8
164,1909-03-13,11,40,35,5
164,1909-03-20,12,40,33,7
164,1909-03-27,13,40,31,9
164,1909-04-03,14,40,33,7
164,1909-04-10,15,40,33,7
164,1909-04-17,16,40,33,7
164,1909-04-24,17,40,35,5
164,1909-05-01,18,40,33,7
164,1909-05-08,19,40,31,9
164,1909-05-15,20,40,29,11
164,1909-05-22,21,40,36,4
164,1909-05-29,22,40,32,8
164,1909-06-05,23,40,34,6
164,1909-06-12,24,40,31,9
165,1909-06-19,25,40,33,7
165,1909-06-26,26,40,35,5
165,1909-07-03,27,40,34,6
165,1909-07-10,28,40,33,7
165,1909-07-17,29,40,35,5
165,1909-07-24,30,40,35,5
165,1909-07-31,31,40,35,5
165,1909-08-07,32,40,32,8
165,1909-08-14,33,40,29,11
165,1909-08-21,34,40,37,3
165,1909-08-28,35,40,34,6
165,1909-09-04,36,40,29,11
165,1909-09-11,37,40,32,8
165,1909-09-18,38,40,34,6
166,1909-09-25,39,40,34,6
166,1909-10-02,40,40,34,6
166,1909-10-09,41,40,32,8
166,1909-10-16,42,40,31,9
166,1909-10-23,43,40,33,7
166,1909-10-30,44,40,33,7
166,1909-11-06,45,40,35,5
166,1909-11-13,46,40,35,5
166,1909-11-20,47,40,36,4
166,1909-11-27,48,40,34,6
166,1909-12-04,49,40,33,7
166,1909-12-11,50,40,33,7
167,1909-12-18,51,40,32,8
167,1909-12-25,52,40,29,11
167,1909-12-31,53,40,33,7
167,1910-01-08,1,40,32,8
167,1910-01-15,2,40,38,2
167,1910-01-22,3,40,32,8
167,1910-01-29,4,40,31,9
167,1910-02-05,5,40,29,11
167,1910-02-12,6,40,33,7
167,1910-02-19,7,40,33,7
168,1910-02-26,8,40,32,8
168,1910-03-05,9,40,34,6
168,1910-03-12,10,40,35,5
168,1910-03-19,11,40,32,8
168,1910-03-26,12,40,31,9
168,1910-04-02,13,40,35,5
168,1910-04-09,14,40,35,5
168,1910-04-16,15,40,31,9
168,1910-04-23,16,40,35,5
168,1910-04-30,17,40,32,8
168,1910-05-07,18,40,33,7
168,1910-05-14,19,40,34,6
169,1910-05-21,20,40,30,10
169,1910-05-28,21,40,33,7
169,1910-06-04,22,40,32,8
169,1910-06-11,23,40,35,5
169,1910-06-18,24,40,35,5
169,1910-06-25,25,40,35,5
169,1910-07-02,26,40,37,3
169,1910-07-09,27,40,32,8
169,1910-07-16,28,40,31,9
169,1910-07-23,29,40,33,7
169,1910-07-30,30,40,33,7
169,1910-08-06,31,40,33,7
169,1910-08-13,32,40,32,8
169,1910-08-20,33,40,36,4
169,1910-08-27,34,40,34,6
170,1910-09-03,35,40,35,5
170,1910-09-10,36,40,33,7
170,1910-09-17,37,40,35,5
170,1910-09-24,38,40,31,9
170,1910-10-01,39,40,34,6
170,1910-10-08,40,40,31,9
170,1910-10-15,41,40,34,6
170,1910-10-22,42,40,29,11
170,1910-10-29,43,40,33,7
171,1910-11-05,44,40,28,12
171,1910-11-12,45,40,33,7
171,1910-11-19,46,40,31,9
171,1910-11-26,47,40,33,7
171,1910-12-03,48,40,33,7
171,1910-12-10,49,40,32,8
171,1910-12-17,50,40,31,9
171,1910-12-24,51,40,31,9
171,1910-12-31,52,40,35,5
171,1911-01-07,1,40,34,6
171,1911-01-14,2,40,33,7
171,1911-01-21,3,40,33,7
172,1911-01-28,4,40,29,11
172,1911-02-04,5,40,32,8
172,1911-02-11,6,40,34,6
172,1911-02-18,7,40,34,6
172,1911-02-25,8,40,31,9
172,1911-03-04,9,40,33,7
172,1911-03-11,10,40,37,3
172,1911-03-18,11,40,33,7
172,1911-03-25,12,40,31,9
172,1911-04-01,13,40,34,6
172,1911-04-08,14,40,36,4
172,1911-04-15,15,40,37,3
172,1911-04-22,16,40,35,5
172,1911-04-29,17,40,32,8
172,1911-05-06,18,40,36,4
172,1911-05-13,19,40,35,5
173,1911-05-20,20,40,36,4
173,1911-05-27,21,40,34,6
173,1911-06-03,22,40,30,10
173,1911-06-10,23,40,30,10
173,1911-06-17,24,40,29,11
173,1911-06-24,25,40,32,8
173,1911-07-01,26,40,34,6
173,1911-07-08,27,40,29,11
173,1911-07-15,28,40,29,11
173,1911-07-22,29,40,29,11
174,1911-07-29,30,40,31,9
174,1911-08-05,31,40,36,4
174,1911-08-12,32,40,36,4
174,1911-08-19,33,40,30,10
174,1911-08-26,34,40,33,7
174,1911-09-02,35,40,35,5
174,1911-09-09,36,40,31,9
174,1911-09-16,37,40,29,11
174,1911-09-23,38,40,34,6
174,1911-09-30,39,40,32,8
174,1911-10-07,40,40,34,6
174,1911-10-14,41,40,35,5
174,1911-10-21,42,40,31,9
175,1911-10-28,43,40,32,8
175,1911-11-04,44,40,33,7
175,1911-11-11,45,40,32,8
175,1911-11-18,46,40,30,10
175,1911-11-25,47,40,32,8
175,1911-12-02,48,40,34,6
175,1911-12-09,49,40,37,3
175,1911-12-16,50,40,34,6
175,1911-12-23,51,40,32,8
175,1911-12-30,52,40,29,11
175,1912-01-06,1,40,32,8
176,1912-01-13,2,40,35,5
176,1912-01-20,3,40,32,8
176,1912-01-27,4,40,36,4
176,1912-02-03,5,40,33,7
176,1912-02-10,6,40,31,9
176,1912-02-17,7,40,29,11
176,1912-02-24,8,40,29,11
176,1912-03-02,9,40,36,4
176,1912-03-09,10,40,32,8
176,1912-03-16,11,40,33,7
176,1912-03-23,12,40,28,12
177,1912-03-30,13,40,33,7
177,1912-04-06,14,40,33,7
177,1912-04-13,15,40,28,12
177,1912-04-20,16,40,32,8
177,1912-04-27,17,40,33,7
177,1912-05-04,18,40,31,9
177,1912-05-11,19,40,33,7
177,1912-05-18,20,40,30,10
177,1912-05-25,21,40,32,8
178,1912-06-01,22,40,30,10
178,1912-06-08,23,40,34,6
178,1912-06-15,24,40,32,8
178,1912-06-22,25,40,35,5
178,1912-06-29,26,40,32,8
178,1912-07-06,27,40,34,6
178,1912-07-13,28,40,29,11
178,1912-07-20,29,40,28,12
178,1912-07-27,30,40,29,11
178,1912-08-03,31,40,33,7
178,1912-08-10,32,40,30,10
178,1912-08-17,33,40,32,8
179,1912-08-24,34,40,37,3
179,1912-08-31,35,40,35,5
179,1912-09-07,36,40,33,7
179,1912-09-14,37,40,33,7
179,1912-09-21,38,40,34,6
179,1912-09-28,39,40,32,8
179,1912-10-05,40,40,34,6
179,1912-10-12,41,40,36,4
179,1912-10-19,42,40,33,7
179,1912-10-26,43,40,34,6
179,1912-11-02,44,40,32,8
180,1912-11-09,45,40,34,6
180,1912-11-16,46,40,31,9
180,1912-11-23,47,40,38,2
180,1912-11-30,48,40,33,7
180,1912-12-07,49,40,33,7
180,1912-12-14,50,40,34,6
180,1912-12-21,51,40,32,8
180,1912-12-28,52,40,35,5
180,1913-01-04,1,40,33,7
181,1913-01-11,2,40,36,4
181,1913-01-18,3,40,33,7
181,1913-01-25,4,40,33,7
181,1913-02-01,5,40,31,9
181,1913-02-08,6,40,39,1
181,1913-02-15,7,40,32,8
181,1913-02-22,8,40,34,6
181,1913-03-01,9,40,32,8
181,1913-03-08,10,40,34,6
181,1913-03-15,11,40,34,6
182,1913-03-22,12,40,33,7
182,1913-03-29,13,40,32,8
182,1913-04-05,14,40,33,7
182,1913-04-12,15,40,32,8
182,1913-04-19,16,40,33,7
182,1913-04-26,17,40,32,8
182,1913-05-03,18,40,33,7
182,1913-05-10,19,40,29,11
182,1913-05-17,20,40,32,8
182,1913-05-24,21,40,30,10
183,1913-05-31,22,40,34,6
183,1913-06-07,23,40,35,5
183,1913-06-14,24,40,30,10
183,1913-06-21,25,40,35,5
183,1913-06-28,26,40,33,7
183,1913-07-05,27,40,34,6
183,1913-07-12,28,40,34,6
183,1913-07-19,29,40,36,4
183,1913-07-26,30,40,35,5
183,1913-08-02,31,40,37,3
183,1913-08-09,32,40,35,5
183,1913-08-16,33,40,32,8
184,1913-08-23,34,40,35,5
184,1913-08-30,35,40,31,9
184,1913-09-06,36,40,32,8
184,1913-09-13,37,40,35,5
184,1913-09-20,38,40,33,7
184,1913-09-27,39,40,35,5
184,1913-10-04,40,40,33,7
184,1913-10-11,41,40,33,7
185,1913-10-18,42,40,35,5
185,1913-10-25,43,40,34,6
185,1913-11-01,44,40,32,8
185,1913-11-08,45,40,35,5
185,1913-11-15,46,40,32,8
185,1913-11-22,47,40,33,7
185,1913-11-29,48,40,38,2
185,1913-12-06,49,40,36,4
185,1913-12-13,50,40,32,8
185,1913-12-20,51,40,33,7
185,1913-12-27,52,40,33,7
185,1914-01-03,1,40,30,10
185,1914-01-10,2,40,34,6
185,1914-01-17,3,40,34,6
185,1914-01-24,4,40,34,6
186,1914-01-31,5,40,33,7
186,1914-02-07,6,40,36,4
186,1914-02-14,7,40,34,6
186,1914-02-21,8,40,32,8
186,1914-02-28,9,40,34,6
186,1914-03-07,10,40,38,2
186,1914-03-14,11,40,35,5
186,1914-03-21,12,40,32,8
186,1914-03-28,13,40,37,3
186,1914-04-04,14,40,32,8
186,1914-04-11,15,40,32,8
187,1914-04-18,16,40,33,7
187,1914-04-25,17,40,34,6
187,1914-05-02,18,40,33,7
187,1914-05-09,19,40,30,10
187,1914-05-16,20,40,32,8
187,1914-05-23,21,40,33,7
187,1914-05-30,22,40,30,10
187,1914-06-06,23,40,33,7
187,1914-06-13,24,40,34,6
187,1914-06-20,25,40,34,6
187,1914-06-27,26,40,30,10
187,1914-07-04,27,40,34,6
187,1914-07-11,28,40,34,6
187,1914-07-18,29,40,34,6
187,1914-07-25,30,40,32,8
187,1914-08-01,31,40,35,5
187,1914-08-08,32,40,34,6
188,1914-08-15,33,40,31,9
188,1914-08-22,34,40,32,8
188,1914-08-29,35,40,33,7
188,1914-09-05,36,40,32,8
188,1914-09-12,37,40,35,5
188,1914-09-19,38,40,35,5
188,1914-09-26,39,40,30,10
188,1914-10-03,40,40,29,11
188,1914-10-10,41,40,32,8
188,1914-10-17,42,40,35,5
188,1914-10-24,43,40,32,8
189,1914-10-31,44,40,34,6
189,1914-11-07,45,40,32,8
189,1914-11-14,46,40,32,8
189,1914-11-21,47,40,32,8
189,1914-11-28,48,40,33,7
189,1914-12-05,49,40,35,5
189,1914-12-12,50,40,32,8
189,1914-12-19,51,40,35,5
189,1914-12-26,52,40,31,9
190,1915-01-02,1,40,35,5
190,1915-01-09,2,40,30,10
190,1915-01-16,3,40,35,5
190,1915-01-23,4,40,30,10
190,1915-01-30,5,40,36,4
190,1915-02-06,6,40,35,5
190,1915-02-13,7,40,33,7
190,1915-02-20,8,40,33,7
190,1915-02-27,9,40,33,7
190,1915-03-06,10,40,33,7
190,1915-03-13,11,40,36,4
190,1915-03-20,12,40,36,4
190,1915-03-27,13,40,35,5
190,1915-04-03,14,40,33,7
190,1915-04-10,15,40,30,10
191,1915-04-17,16,40,35,5
191,1915-04-24,17,40,36,4
191,1915-05-01,18,40,30,10
191,1915-05-08,19,40,33,7
191,1915-05-15,20,40,30,10
191,1915-05-22,21,40,29,11
191,1915-05-29,22,40,34,6
191,1915-06-05,23,40,30,10
191,1915-06-12,24,40,35,5
191,1915-06-19,25,40,28,12
191,1915-06-26,26,40,33,7
191,1915-07-03,27,40,32,8
191,1915-07-10,28,40,29,11
191,1915-07-17,29,40,32,8
192,1915-07-24,30,40,31,9
192,1915-07-31,31,40,35,5
192,1915-08-07,32,40,33,7
192,1915-08-14,33,40,35,5
192,1915-08-21,34,40,33,7
192,1915-08-28,35,40,31,9
192,1915-09-04,36,40,34,6
192,1915-09-11,37,40,31,9
192,1915-09-18,38,40,32,8
192,1915-09-25,39,40,36,4
193,1915-10-02,40,40,34,6
193,1915-10-09,41,40,34,6
193,1915-10-16,42,40,31,9
193,1915-10-23,43,40,35,5
193,1915-10-30,44,40,30,10
193,1915-11-06,45,40,33,7
193,1915-11-13,46,40,34,6
193,1915-11-20,47,40,31,9
193,1915-11-27,48,40,31,9
193,1915-12-04,49,40,32,8
193,1915-12-11,50,40,35,5
193,1915-12-18,51,40,31,9
194,1915-12-25,52,40,33,7
194,1915-12-31,53,40,30,10
194,1916-01-08,1,40,34,6
194,1916-01-15,2,40,29,11
194,1916-01-22,3,40,34,6
194,1916-01-29,4,40,35,5
194,1916-02-05,5,40,34,6
194,1916-02-12,6,40,32,8
194,1916-02-19,7,40,31,9
194,1916-02-26,8,40,28,12
194,1916-03-04,9,40,33,7
194,1916-03-11,10,40,29,11
194,1916-03-18,11,40,34,6
194,1916-03-25,12,40,36,4
194,1916-04-01,13,40,35,5
194,1916-04-08,14,40,35,5
195,1916-04-15,15,40,32,8
195,1916-04-22,16,40,31,9
195,1916-04-29,17,40,32,8
195,1916-05-06,18,40,31,9
195,1916-05-13,19,40,30,10
195,1916-05-20,20,40,33,7
195,1916-05-27,21,40,35,5
195,1916-06-03,22,40,35,5
195,1916-06-10,23,40,35,5
195,1916-06-17,24,40,34,6
195,1916-06-24,25,40,34,6
196,1916-07-01,26,40,32,8
196,1916-07-08,27,40,28,12
196,1916-07-15,28,40,31,9
196,1916-07-22,29,40,30,10
196,1916-07-29,30,40,33,7
196,1916-08-05,31,40,36,4
196,1916-08-12,32,40,31,9
196,1916-08-19,33,40,30,10
196,1916-08-26,34,40,33,7
196,1916-09-02,35,40,29,11
196,1916-09-09,36,40,31,9
196,1916-09-16,37,40,33,7
196,1916-09-23,38,40,36,4
196,1916-09-30,39,40,37,3
196,1916-10-07,40,40,32,8
196,1916-10-14,41,40,33,7
196,1916-10-21,42,40,36,4
196,1916-10-28,43,40,35,5
196,1916-11-04,44,40,36,4
196,1916-11-11,45,40,33,7
196,1916-11-18,46,40,38,2
196,1916-11-25,47,40,34,6
196,1916-12-02,48,40,33,7
197,1916-12-09,49,40,32,8
197,1916-12-16,50,40,30,10
197,1916-12-23,51,40,29,11
197,1916-12-30,52,40,31,9
197,1917-01-06,1,40,33,7
197,1917-01-13,2,40,36,4
197,1917-01-20,3,40,33,7
197,1917-01-27,4,40,32,8
197,1917-02-03,5,40,34,6
197,1917-02-10,6,40,30,10
197,1917-02-17,7,40,34,6
197,1917-02-24,8,40,34,6
197,1917-03-03,9,40,35,5
197,1917-03-10,10,40,34,6
198,1917-03-17,11,40,32,8
198,1917-03-24,12,40,32,8
198,1917-03-31,13,40,33,7
198,1917-04-07,14,40,31,9
198,1917-04-14,15,40,35,5
198,1917-04-21,16,40,34,6
198,1917-04-28,17,40,30,10
198,1917-05-05,18,40,33,7
199,1917-05-12,19,40,31,9
199,1917-05-19,20,40,35,5
199,1917-05-26,21,40,37,3
199,1917-06-02,22,40,36,4
199,1917-06-09,23,40,34,6
199,1917-06-16,24,40,34,6
199,1917-06-23,25,40,27,13
199,1917-06-30,26,40,31,9
199,1917-07-07,27,40,32,8
199,1917-07-14,28,40,33,7
200,1917-07-21,29,40,29,11
200,1917-07-28,30,40,32,8
200,1917-08-04,31,40,31,9
200,1917-08-11,32,40,34,6
200,1917-08-18,33,40,37,3
200,1917-08-25,34,40,31,9
200,1917-09-01,35,40,32,8
200,1917-09-08,36,40,31,9
200,1917-09-15,37,40,33,7
200,1917-09-22,38,40,38,2
200,1917-09-29,39,40,32,8
200,1917-10-06,40,40,36,4
200,1917-10-13,41,40,30,10
200,1917-10-20,42,40,32,8
201,1917-10-27,43,40,31,9
201,1917-11-03,44,40,33,7
201,1917-11-10,45,40,32,8
201,1917-11-17,46,40,33,7
201,1917-11-24,47,40,33,7
201,1917-12-01,48,40,32,8
201,1917-12-08,49,40,31,9
201,1917-12-15,50,40,32,8
201,1917-12-22,51,40,33,7
201,1917-12-29,52,40,33,7
201,1918-01-05,1,40,33,7
201,1918-01-12,2,40,33,7
201,1918-01-19,3,40,35,5
201,1918-01-26,4,40,35,5
201,1918-02-02,5,40,34,6
201,1918-02-09,6,40,33,7
201,1918-02-16,7,40,35,5
202,1918-02-23,8,40,33,7
202,1918-03-02,9,40,30,10
202,1918-03-09,10,40,32,8
202,1918-03-16,11,40,31,9
202,1918-03-23,12,40,32,8
202,1918-03-30,13,40,36,4
202,1918-04-06,14,40,35,5
202,1918-04-13,15,40,33,7
202,1918-04-20,16,40,34,6
202,1918-04-27,17,40,33,7
202,1918-05-04,18,40,32,8
202,1918-05-11,19,40,35,5
202,1918-05-18,20,40,34,6
202,1918-05-25,21,40,34,6
203,1918-06-01,22,40,30,10
203,1918-06-08,23,40,34,6
203,1918-06-15,24,40,30,10
203,1918-06-22,25,40,35,5
203,1918-06-29,26,40,33,7
203,1918-07-06,27,40,33,7
203,1918-07-13,28,40,34,6
203,1918-07-20,29,40,34,6
203,1918-07-27,30,40,33,7
203,1918-08-03,31,40,35,5
203,1918-08-10,32,40,35,5
203,1918-08-17,33,40,33,7
203,1918-08-24,34,40,36,4
203,1918-08-31,35,40,32,8
203,1918-09-07,36,40,31,9
203,1918-09-14,37,40,35,5
203,1918-09-21,38,40,34,6
203,1918-09-28,39,40,33,7
204,1918-10-05,40,40,32,8
204,1918-10-12,41,40,33,7
204,1918-10-19,42,40,34,6
204,1918-10-26,43,40,34,6
204,1918-11-02,44,40,34,6
204,1918-11-09,45,40,34,6
204,1918-11-16,46,40,34,6
204,1918-11-23,47,40,33,7
204,1918-11-30,48,40,32,8
205,1918-12-07,49,40,35,5
205,1918-12-14,50,40,36,4
205,1918-12-21,51,40,33,7
205,1918-12-28,52,40,32,8
205,1919-01-04,1,40,33,7
205,1919-01-11,2,40,31,9
205,1919-01-18,3,40,34,6
205,1919-01-25,4,40,34,6
205,1919-02-01,5,40,32,8
206,1919-02-08,6,40,34,6
206,1919-02-15,7,40,37,3
206,1919-02-22,8,40,34,6
206,1919-03-01,9,40,34,6
206,1919-03-08,10,40,33,7
206,1919-03-15,11,40,33,7
206,1919-03-22,12,40,36,4
206,1919-03-29,13,40,32,8
206,1919-04-05,14,40,33,7
207,1919-04-12,15,40,36,4
207,1919-04-19,16,40,34,6
207,1919-04-26,17,40,33,7
207,1919-05-03,18,40,33,7
207,1919-05-10,19,40,35,5
207,1919-05-17,20,40,34,6
207,1919-05-24,21,40,34,6
208,1919-05-31,22,40,35,5
208,1919-06-07,23,40,34,6
208,1919-06-14,24,40,33,7
208,1919-06-21,25,40,33,7
208,1919-06-28,26,40,29,11
208,1919-07-05,27,40,34,6
208,1919-07-12,28,40,36,4
208,1919-07-19,29,40,33,7
208,1919-07-26,30,40,34,6
208,1919-08-02,31,40,36,4
208,1919-08-09,32,40,36,4
209,1919-08-16,33,40,35,5
209,1919-08-23,34,40,33,7
209,1919-08-30,35,40,32,8
209,1919-09-06,36,40,31,9
209,1919-09-13,37,40,33,7
209,1919-09-20,38,40,31,9
209,1919-09-27,39,40,34,6
209,1919-10-04,40,40,36,4
209,1919-10-11,41,40,35,5
209,1919-10-18,42,40,34,6
209,1919-10-25,43,40,34,6
209,1919-10-31,44,40,31,9
209,1919-11-08,45,40,32,8
210,1919-11-15,46,40,32,8
210,1919-11-22,47,40,33,7
210,1919-11-29,48,40,34,6
210,1919-12-06,49,40,36,4
210,1919-12-13,50,40,28,12
210,1919-12-20,51,40,33,7
210,1919-12-27,52,40,31,9
210,1920-01-03,1,40,36,4
210,1920-01-10,2,40,32,8
210,1920-01-17,3,40,35,5
210,1920-01-24,4,40,32,8
210,1920-01-31,5,40,32,8
211,1920-02-07,6,40,35,5
211,1920-02-14,7,40,35,5
211,1920-02-21,8,40,35,5
211,1920-02-28,9,40,36,4
211,1920-03-06,10,40,29,11
211,1920-03-13,11,40,35,5
211,1920-03-20,12,40,32,8
211,1920-03-27,13,40,37,3
211,1920-04-03,14,40,33,7
211,1920-04-10,15,40,33,7
211,1920-04-17,16,40,32,8
212,1920-04-24,17,40,33,7
212,1920-05-01,18,40,32,8
212,1920-05-08,19,40,32,8
212,1920-05-15,20,40,33,7
212,1920-05-22,21,40,36,4
212,1920-05-29,22,40,31,9
212,1920-06-05,23,40,32,8
212,1920-06-12,24,40,32,8
212,1920-06-19,25,40,31,9
212,1920-06-26,26,40,35,5
213,1920-07-03,27,40,33,7
213,1920-07-10,28,40,36,4
213,1920-07-17,29,40,33,7
213,1920-07-24,30,40,32,8
213,1920-07-31,31,40,33,7
213,1920-08-07,32,40,32,8
213,1920-08-14,33,40,36,4
213,1920-08-21,34,40,34,6
214,1920-08-28,35,40,33,7
214,1920-09-04,36,40,32,8
214,1920-09-11,37,40,33,7
214,1920-09-18,38,40,31,9
214,1920-09-25,39,40,31,9
214,1920-10-02,40,40,31,9
214,1920-10-09,41,40,30,10
214,1920-10-16,42,40,35,5
214,1920-10-23,43,40,34,6
214,1920-10-30,44,40,32,8
214,1920-11-06,45,40,32,8
214,1920-11-13,46,40,32,8
214,1920-11-20,47,40,31,9
215,1920-11-27,48,40,33,7
215,1920-12-04,49,40,35,5
215,1920-12-11,50,40,33,7
215,1920-12-18,51,40,33,7
215,1920-12-25,52,40,28,12
215,1920-12-31,53,40,31,9
215,1921-01-08,1,40,33,7
215,1921-01-15,2,40,29,11
215,1921-01-22,3,40,34,6
215,1921-01-29,4,40,35,5
216,1921-02-05,5,40,34,6
216,1921-02-12,6,40,31,9
216,1921-02-19,7,40,32,8
216,1921-02-26,8,40,35,5
216,1921-03-05,9,40,34,6
216,1921-03-12,10,40,35,5
216,1921-03-19,11,40,35,5
216,1921-03-26,12,40,34,6
217,1921-04-02,13,40,34,6
217,1921-04-09,14,40,32,8
217,1921-04-16,15,40,35,5
217,1921-04-23,16,40,31,9
217,1921-04-30,17,40,30,10
217,1921-05-07,18,40,36,4
217,1921-05-14,19,40,36,4
217,1921-05-21,20,40,30,10
217,1921-05-28,21,40,32,8
218,1921-06-04,22,40,32,8
218,1921-06-11,23,40,36,4
218,1921-06-18,24,40,34,6
218,1921-06-25,25,40,34,6
218,1921-07-02,26,40,34,6
218,1921-07-09,27,40,34,6
218,1921-07-16,28,40,33,7
218,1921-07-23,29,40,33,7
219,1921-07-30,30,40,35,5
219,1921-08-06,31,40,36,4
219,1921-08-13,32,40,30,10
219,1921-08-20,33,40,35,5
219,1921-08-27,34,40,35,5
219,1921-09-03,35,40,34,6
219,1921-09-10,36,40,32,8
219,1921-09-17,37,40,36,4
219,1921-09-24,38,40,32,8
219,1921-10-01,39,40,34,6
219,1921-10-08,40,40,36,4
220,1921-10-15,41,40,31,9
220,1921-10-22,42,40,33,7
220,1921-10-29,43,40,35,5
220,1921-11-05,44,40,31,9
220,1921-11-12,45,40,30,10
220,1921-11-19,46,40,33,7
220,1921-11-26,47,40,35,5
220,1921-12-03,48,40,33,7
220,1921-12-10,49,40,32,8
220,1921-12-17,50,40,34,6
221,1921-12-24,51,40,36,4
221,1921-12-31,52,40,34,6
221,1922-01-07,1,40,29,11
221,1922-01-14,2,40,34,6
221,1922-01-21,3,40,33,7
221,1922-01-28,4,40,34,6
221,1922-02-04,5,40,32,8
221,1922-02-11,6,40,36,4
221,1922-02-18,7,40,33,7
221,1922-02-25,8,40,36,4
222,1922-03-04,9,40,33,7
222,1922-03-11,10,40,34,6
222,1922-03-18,11,40,31,9
222,1922-03-25,12,40,38,2
222,1922-04-01,13,40,35,5
222,1922-04-08,14,40,32,8
222,1922-04-15,15,40,34,6
222,1922-04-22,16,40,34,6
222,1922-04-29,17,40,33,7
222,1922-05-06,18,40,33,7
222,1922-05-13,19,40,33,7
223,1922-05-20,20,40,36,4
223,1922-05-27,21,40,34,6
223,1922-06-03,22,40,33,7
223,1922-06-10,23,40,30,10
223,1922-06-17,24,40,33,7
223,1922-06-24,25,40,34,6
223,1922-07-01,26,40,36,4
223,1922-07-08,27,40,36,4
223,1922-07-15,28,40,37,3
223,1922-07-22,29,40,32,8
223,1922-07-29,30,40,34,6
223,1922-08-05,31,40,34,6
223,1922-08-12,32,40,33,7
224,1922-08-19,33,40,33,7
224,1922-08-26,34,40,32,8
224,1922-09-02,35,40,31,9
224,1922-09-09,36,40,35,5
224,1922-09-16,37,40,31,9
224,1922-09-23,38,40,35,5
224,1922-09-30,39,40,31,9
224,1922-10-07,40,40,34,6
224,1922-10-14,41,40,32,8
225,1922-10-21,42,40,32,8
225,1922-10-28,43,40,34,6
225,1922-11-04,44,40,34,6
225,1922-11-11,45,40,30,10
225,1922-11-18,46,40,32,8
225,1922-11-25,47,40,34,6
225,1922-12-02,48,40,35,5
225,1922-12-09,49,40,34,6
225,1922-12-16,50,40,35,5
225,1922-12-23,51,40,31,9
225,1922-12-30,52,40,32,8
225,1923-01-06,1,40,35,5
225,1923-01-13,2,40,36,4
225,1923-01-20,3,40,33,7
225,1923-01-27,4,40,35,5
225,1923-02-03,5,40,33,7
226,1923-02-10,6,40,34,6
226,1923-02-17,7,40,34,6
226,1923-02-24,8,40,33,7
226,1923-03-03,9,40,34,6
226,1923-03-10,10,40,36,4
226,1923-03-17,11,40,31,9
226,1923-03-24,12,40,33,7
226,1923-03-31,13,40,34,6
226,1923-04-07,14,40,32,8
226,1923-04-14,15,40,34,6
226,1923-04-21,16,40,34,6
226,1923-04-28,17,40,33,7
226,1923-05-05,18,40,33,7
226,1923-05-12,19,40,34,6
227,1923-05-19,20,40,33,7
227,1923-05-26,21,40,34,6
227,1923-06-02,22,40,33,7
227,1923-06-09,23,40,33,7
227,1923-06-16,24,40,35,5
227,1923-06-23,25,40,31,9
227,1923-06-30,26,40,36,4
227,1923-07-07,27,40,29,11
227,1923-07-14,28,40,33,7
228,1923-07-21,29,40,34,6
228,1923-07-28,30,40,32,8
228,1923-08-04,31,40,33,7
228,1923-08-11,32,40,37,3
228,1923-08-18,33,40,33,7
228,1923-08-25,34,40,32,8
228,1923-09-01,35,40,34,6
228,1923-09-08,36,40,34,6
228,1923-09-15,37,40,32,8
228,1923-09-22,38,40,32,8
228,1923-09-29,39,40,32,8
229,1923-10-06,40,40,33,7
229,1923-10-13,41,40,33,7
229,1923-10-20,42,40,29,11
229,1923-10-27,43,40,31,9
229,1923-11-03,44,40,30,10
229,1923-11-10,45,40,35,5
229,1923-11-17,46,40,35,5
229,1923-11-24,47,40,30,10
229,1923-12-01,48,40,33,7
229,1923-12-08,49,40,31,9
229,1923-12-15,50,40,31,9
230,1923-12-22,51,40,36,4
230,1923-12-29,52,40,30,10
230,1924-01-05,1,40,34,6
230,1924-01-12,2,40,36,4
230,1924-01-19,3,40,33,7
230,1924-01-26,4,40,32,8
230,1924-02-02,5,40,34,6
230,1924-02-09,6,40,33,7
230,1924-02-16,7,40,31,9
230,1924-02-23,8,40,33,7
231,1924-03-01,9,40,32,8
231,1924-03-08,10,40,30,10
231,1924-03-15,11,40,35,5
231,1924-03-22,12,40,32,8
231,1924-03-29,13,40,35,5
231,1924-04-05,14,40,37,3
231,1924-04-12,15,40,34,6
231,1924-04-19,16,40,33,7
231,1924-04-26,17,40,38,2
231,1924-05-03,18,40,34,6
231,1924-05-10,19,40,33,7
231,1924-05-17,20,40,36,4
231,1924-05-24,21,40,33,7
231,1924-05-31,22,40,34,6
232,1924-06-07,23,40,29,11
232,1924-06-14,24,40,34,6
232,1924-06-21,25,40,32,8
232,1924-06-28,26,40,32,8
232,1924-07-05,27,40,33,7
232,1924-07-12,28,40,31,9
232,1924-07-19,29,40,35,5
232,1924-07-26,30,40,30,10
232,1924-08-02,31,40,36,4
232,1924-08-09,32,40,33,7
232,1924-08-16,33,40,33,7
232,1924-08-23,34,40,32,8
232,1924-08-30,35,40,34,6
232,1924-09-06,36,40,34,6
232,1924-09-13,37,40,31,9
232,1924-09-20,38,40,37,3
232,1924-09-27,39,40,33,7
233,1924-10-04,40,40,33,7
233,1924-10-11,41,40,32,8
233,1924-10-18,42,40,32,8
233,1924-10-25,43,40,35,5
233,1924-10-31,44,40,38,2
233,1924-11-08,45,40,35,5
233,1924-11-15,46,40,34,6
234,1924-11-22,47,40,34,6
234,1924-11-29,48,40,33,7
234,1924-12-06,49,40,35,5
234,1924-12-13,50,40,33,7
234,1924-12-20,51,40,36,4
234,1924-12-27,52,40,32,8
234,1925-01-03,1,40,34,6
234,1925-01-10,2,40,36,4
234,1925-01-17,3,40,37,3
235,1925-01-24,4,40,35,5
235,1925-01-31,5,40,34,6
235,1925-02-07,6,40,29,11
235,1925-02-14,7,40,37,3
235,1925-02-21,8,40,35,5
235,1925-02-28,9,40,32,8
235,1925-03-07,10,40,32,8
235,1925-03-14,11,40,31,9
235,1925-03-21,12,40,33,7
235,1925-03-28,13,40,32,8
235,1925-04-04,14,40,32,8
235,1925-04-11,15,40,33,7
236,1925-04-18,16,40,32,8
236,1925-04-25,17,40,35,5
236,1925-05-02,18,40,33,7
236,1925-05-09,19,40,27,13
236,1925-05-16,20,40,35,5
236,1925-05-23,21,40,34,6
236,1925-05-30,22,40,37,3
236,1925-06-06,23,40,33,7
236,1925-06-13,24,40,31,9
236,1925-06-20,25,40,34,6
236,1925-06-27,26,40,36,4
236,1925-07-04,27,40,27,13
237,1925-07-11,28,40,32,8
237,1925-07-18,29,40,32,8
237,1925-07-25,30,40,31,9
237,1925-08-01,31,40,38,2
237,1925-08-08,32,40,36,4
237,1925-08-15,33,40,37,3
237,1925-08-22,34,40,31,9
237,1925-08-29,35,40,33,7
237,1925-09-05,36,40,32,8
237,1925-09-12,37,40,36,4
238,1925-09-19,38,40,27,13
238,1925-09-26,39,40,33,7
238,1925-10-03,40,40,29,11
238,1925-10-10,41,40,34,6
238,1925-10-17,42,40,30,10
238,1925-10-24,43,40,34,6
238,1925-10-31,44,40,34,6
238,1925-11-07,45,40,31,9
238,1925-11-14,46,40,33,7
238,1925-11-21,47,40,32,8
238,1925-11-28,48,40,35,5
239,1925-12-05,49,40,34,6
239,1925-12-12,50,40,34,6
239,1925-12-19,51,40,31,9
239,1925-12-26,52,40,34,6
239,1926-01-02,1,40,35,5
239,1926-01-09,2,40,30,10
239,1926-01-16,3,40,34,6
239,1926-01-23,4,40,34,6
239,1926-01-30,5,40,34,6
240,1926-02-06,6,40,38,2
240,1926-02-13,7,40,35,5
240,1926-02-20,8,40,31,9
240,1926-02-27,9,40,33,7
240,1926-03-06,10,40,34,6
240,1926-03-13,11,40,32,8
240,1926-03-20,12,40,37,3
240,1926-03-27,13,40,33,7
240,1926-04-03,14,40,35,5
241,1926-04-10,15,40,32,8
241,1926-04-17,16,40,32,8
241,1926-04-24,17,40,35,5
241,1926-05-01,18,40,33,7
241,1926-05-08,19,40,31,9
241,1926-05-15,20,40,37,3
241,1926-05-22,21,40,37,3
241,1926-05-29,22,40,34,6
241,1926-06-05,23,40,35,5
241,1926-06-12,24,40,36,4
242,1926-06-19,25,40,32,8
242,1926-06-26,26,40,35,5
242,1926-07-03,27,40,31,9
242,1926-07-10,28,40,32,8
242,1926-07-17,29,40,29,11
242,1926-07-24,30,40,36,4
242,1926-07-31,31,40,35,5
242,1926-08-07,32,40,35,5
242,1926-08-14,33,40,35,5
242,1926-08-21,34,40,34,6
242,1926-08-28,35,40,32,8
242,1926-09-04,36,40,37,3
242,1926-09-11,37,40,35,5
243,1926-09-18,38,40,31,9
243,1926-09-25,39,40,33,7
243,1926-10-02,40,40,35,5
243,1926-10-09,41,40,33,7
243,1926-10-16,42,40,31,9
243,1926-10-23,43,40,32,8
243,1926-10-30,44,40,32,8
243,1926-11-06,45,40,35,5
243,1926-11-13,46,40,32,8
243,1926-11-20,47,40,35,5
243,1926-11-27,48,40,32,8
243,1926-12-04,49,40,33,7
243,1926-12-11,50,40,33,7
243,1926-12-18,51,40,35,5
243,1926-12-25,52,40,32,8
243,1926-12-31,53,40,34,6
243,1927-01-08,1,40,32,8
243,1927-01-15,2,40,37,3
243,1927-01-22,3,40,33,7
244,1927-01-29,4,40,35,5
244,1927-02-05,5,40,36,4
244,1927-02-12,6,40,33,7
244,1927-02-19,7,40,33,7
244,1927-02-26,8,40,34,6
244,1927-03-05,9,40,34,6
244,1927-03-12,10,40,33,7
244,1927-03-19,11,40,35,5
244,1927-03-26,12,40,30,10
244,1927-04-02,13,40,33,7
244,1927-04-09,14,40,33,7
245,1927-04-16,15,40,28,12
245,1927-04-23,16,40,31,9
245,1927-04-30,17,40,34,6
245,1927-05-07,18,40,32,8
245,1927-05-14,19,40,36,4
245,1927-05-21,20,40,35,5
245,1927-05-28,21,40,34,6
245,1927-06-04,22,40,37,3
245,1927-06-11,23,40,31,9
245,1927-06-18,24,40,31,9
246,1927-06-25,25,40,34,6
246,1927-07-02,26,40,33,7
246,1927-07-09,27,40,32,8
246,1927-07-16,28,40,32,8
246,1927-07-23,29,40,35,5
246,1927-07-30,30,40,34,6
246,1927-08-06,31,40,31,9
246,1927-08-13,32,40,36,4
247,1927-08-20,33,40,34,6
247,1927-08-27,34,40,39,1
247,1927-09-03,35,40,33,7
247,1927-09-10,36,40,33,7
247,1927-09-17,37,40,31,9
247,1927-09-24,38,40,34,6
247,1927-10-01,39,40,34,6
247,1927-10-08,40,40,32,8
247,1927-10-15,41,40,32,8
247,1927-10-22,42,40,26,14
247,1927-10-29,43,40,30,10
247,1927-11-05,44,40,35,5
248,1927-11-12,45,40,34,6
248,1927-11-19,46,40,32,8
248,1927-11-26,47,40,34,6
248,1927-12-03,48,40,35,5
248,1927-12-10,49,40,36,4
248,1927-12-17,50,40,34,6
248,1927-12-24,51,40,34,6
248,1927-12-31,52,40,36,4
249,1928-01-07,1,40,35,5
249,1928-01-14,2,40,35,5
249,1928-01-21,3,40,32,8
249,1928-01-28,4,40,36,4
249,1928-02-04,5,40,32,8
249,1928-02-11,6,40,33,7
249,1928-02-18,7,40,35,5
249,1928-02-25,8,40,36,4
250,1928-03-03,9,40,32,8
250,1928-03-10,10,40,28,12
250,1928-03-17,11,40,28,12
250,1928-03-24,12,40,35,5
250,1928-03-31,13,40,36,4
250,1928-04-07,14,40,32,8
250,1928-04-14,15,40,35,5
250,1928-04-21,16,40,32,8
250,1928-04-28,17,40,31,9
250,1928-05-05,18,40,34,6
250,1928-05-12,19,40,32,8
250,1928-05-19,20,40,33,7
251,1928-05-26,21,40,33,7
251,1928-06-02,22,40,35,5
251,1928-06-09,23,40,31,9
251,1928-06-16,24,40,36,4
251,1928-06-23,25,40,31,9
251,1928-06-30,26,40,36,4
251,1928-07-07,27,40,34,6
251,1928-07-14,28,40,36,4
251,1928-07-21,29,40,32,8
251,1928-07-28,30,40,36,4
252,1928-08-04,31,40,32,8
252,1928-08-11,32,40,32,8
252,1928-08-18,33,40,32,8
252,1928-08-25,34,40,32,8
252,1928-09-01,35,40,31,9
252,1928-09-08,36,40,33,7
252,1928-09-15,37,40,38,2
252,1928-09-22,38,40,33,7
252,1928-09-29,39,40,33,7
253,1928-10-06,40,40,34,6
253,1928-10-13,41,40,36,4
253,1928-10-20,42,40,36,4
253,1928-10-27,43,40,34,6
253,1928-11-03,44,40,36,4
253,1928-11-10,45,40,35,5
253,1928-11-17,46,40,32,8
253,1928-11-24,47,40,30,10
253,1928-12-01,48,40,33,7
253,1928-12-08,49,40,34,6
254,1928-12-15,50,40,35,5
254,1928-12-22,51,40,34,6
254,1928-12-29,52,40,32,8
254,1929-01-05,1,40,32,8
254,1929-01-12,2,40,36,4
254,1929-01-19,3,40,35,5
254,1929-01-26,4,40,32,8
254,1929-02-02,5,40,32,8
254,1929-02-09,6,40,29,11
255,1929-02-16,7,40,34,6
255,1929-02-23,8,40,29,11
255,1929-03-02,9,40,33,7
255,1929-03-09,10,40,30,10
255,1929-03-16,11,40,35,5
255,1929-03-23,12,40,30,10
255,1929-03-30,13,40,34,6
255,1929-04-06,14,40,31,9
255,1929-04-13,15,40,33,7
255,1929-04-20,16,40,31,9
255,1929-04-27,17,40,33,7
256,1929-05-04,18,40,37,3
256,1929-05-11,19,40,33,7
256,1929-05-18,20,40,34,6
256,1929-05-25,21,40,34,6
256,1929-06-01,22,40,35,5
256,1929-06-08,23,40,33,7
256,1929-06-15,24,40,31,9
256,1929-06-22,25,40,33,7
256,1929-06-29,26,40,29,11
256,1929-07-06,27,40,32,8
256,1929-07-13,28,40,32,8
256,1929-07-20,29,40,35,5
256,1929-07-27,30,40,32,8
257,1929-08-03,31,40,31,9
257,1929-08-10,32,40,37,3
257,1929-08-17,33,40,34,6
257,1929-08-24,34,40,33,7
257,1929-08-31,35,40,36,4
257,1929-09-07,36,40,32,8
257,1929-09-14,37,40,33,7
257,1929-09-21,38,40,32,8
257,1929-09-28,39,40,33,7
257,1929-10-05,40,40,30,10
257,1929-10-12,41,40,33,7
257,1929-10-19,42,40,29,11
258,1929-10-26,43,40,27,13
258,1929-11-02,44,40,30,10
258,1929-11-09,45,40,36,4
258,1929-11-16,46,40,34,6
258,1929-11-23,47,40,33,7
258,1929-11-30,48,40,32,8
258,1929-12-07,49,40,35,5
258,1929-12-14,50,40,34,6
258,1929-12-21,51,40,35,5
259,1929-12-28,52,40,31,9
259,1930-01-04,1,40,35,5
259,1930-01-11,2,40,33,7
259,1930-01-18,3,40,32,8
259,1930-01-25,4,40,30,10
259,1930-02-01,5,40,36,4
259,1930-02-08,6,40,30,10
259,1930-02-15,7,40,33,7
259,1930-02-22,8,40,32,8
259,1930-03-01,9,40,34,6
259,1930-03-08,10,40,36,4
260,1930-03-15,11,40,35,5
260,1930-03-22,12,40,32,8
260,1930-03-29,13,40,35,5
260,1930-04-05,14,40,35,5
260,1930-04-12,15,40,30,10
260,1930-04-19,16,40,33,7
260,1930-04-26,17,40,33,7
260,1930-05-03,18,40,34,6
260,1930-05-10,19,40,35,5
260,1930-05-17,20,40,31,9
260,1930-05-24,21,40,31,9
260,1930-05-31,22,40,29,11
261,1930-06-07,23,40,34,6
261,1930-06-14,24,40,33,7
261,1930-06-21,25,40,32,8
261,1930-06-28,26,40,33,7
261,1930-07-05,27,40,31,9
261,1930-07-12,28,40,33,7
261,1930-07-19,29,40,36,4
261,1930-07-26,30,40,33,7
261,1930-08-02,31,40,29,11
261,1930-08-09,32,40,34,6
261,1930-08-16,33,40,32,8
261,1930-08-23,34,40,31,9
261,1930-08-30,35,40,31,9
261,1930-09-06,36,40,36,4
261,1930-09-13,37,40,33,7
261,1930-09-20,38,40,31,9
262,1930-09-27,39,40,32,8
262,1930-10-04,40,40,31,9
262,1930-10-11,41,40,35,5
262,1930-10-18,42,40,29,11
262,1930-10-25,43,40,33,7
262,1930-10-31,44,40,34,6
262,1930-11-08,45,40,30,10
262,1930-11-15,46,40,34,6
262,1930-11-22,47,40,36,4
263,1930-11-29,48,40,36,4
263,1930-12-06,49,40,35,5
263,1930-12-13,50,40,36,4
263,1930-12-20,51,40,35,5
263,1930-12-27,52,40,31,9
263,1931-01-03,1,40,33,7
263,1931-01-10,2,40,32,8
263,1931-01-17,3,40,35,5
263,1931-01-24,4,40,31,9
263,1931-01-31,5,40,34,6
263,1931-02-07,6,40,31,9
263,1931-02-14,7,40,34,6
263,1931-02-21,8,40,33,7
264,1931-02-28,9,40,37,3
264,1931-03-07,10,40,32,8
264,1931-03-14,11,40,32,8
264,1931-03-21,12,40,35,5
264,1931-03-28,13,40,34,6
264,1931-04-04,14,40,32,8
264,1931-04-11,15,40,31,9
264,1931-04-18,16,40,33,7
264,1931-04-25,17,40,32,8
264,1931-05-02,18,40,32,8
264,1931-05-09,19,40,33,7
264,1931-05-16,20,40,31,9
264,1931-05-23,21,40,30,10
264,1931-05-30,22,40,36,4
264,1931-06-06,23,40,35,5
265,1931-06-13,24,40,35,5
265,1931-06-20,25,40,35,5
265,1931-06-27,26,40,34,6
265,1931-07-04,27,40,35,5
265,1931-07-11,28,40,32,8
265,1931-07-18,29,40,37,3
265,1931-07-25,30,40,38,2
265,1931-08-01,31,40,34,6
265,1931-08-08,32,40,37,3
266,1931-08-15,33,40,34,6
266,1931-08-22,34,40,34,6
266,1931-08-29,35,40,33,7
266,1931-09-05,36,40,33,7
266,1931-09-12,37,40,31,9
266,1931-09-19,38,40,29,11
266,1931-09-26,39,40,31,9
266,1931-10-03,40,40,33,7
266,1931-10-10,41,40,31,9
267,1931-10-17,42,40,36,4
267,1931-10-24,43,40,35,5
267,1931-10-31,44,40,31,9
267,1931-11-07,45,40,30,10
267,1931-11-14,46,40,35,5
267,1931-11-21,47,40,29,11
267,1931-11-28,48,40,32,8
267,1931-12-05,49,40,33,7
267,1931-12-12,50,40,33,7
268,1931-12-19,51,40,34,6
268,1931-12-26,52,40,35,5
268,1932-01-02,1,40,32,8
268,1932-01-09,2,40,33,7
268,1932-01-16,3,40,34,6
268,1932-01-23,4,40,34,6
268,1932-01-30,5,40,35,5
268,1932-02-06,6,40,33,7
268,1932-02-13,7,40,33,7
268,1932-02-20,8,40,33,7
268,1932-02-27,9,40,30,10
268,1932-03-05,10,40,35,5
268,1932-03-12,11,40,34,6
268,1932-03-19,12,40,32,8
269,1932-03-26,13,40,34,6
269,1932-04-02,14,40,34,6
269,1932-04-09,15,40,31,9
269,1932-04-16,16,40,30,10
269,1932-04-23,17,40,35,5
269,1932-04-30,18,40,34,6
269,1932-05-07,19,40,32,8
269,1932-05-14,20,40,32,8
269,1932-05-21,21,40,36,4
269,1932-05-28,22,40,32,8
270,1932-06-04,23,40,36,4
270,1932-06-11,24,40,33,7
270,1932-06-18,25,40,33,7
270,1932-06-25,26,40,28,12
270,1932-07-02,27,40,31,9
270,1932-07-09,28,40,33,7
270,1932-07-16,29,40,35,5
270,1932-07-23,30,40,34,6
270,1932-07-30,31,40,34,6
270,1932-08-06,32,40,30,10
270,1932-08-13,33,40,33,7
270,1932-08-20,34,40,33,7
270,1932-08-27,35,40,35,5
270,1932-09-03,36,40,34,6
271,1932-09-10,37,40,35,5
271,1932-09-17,38,40,33,7
271,1932-09-24,39,40,34,6
271,1932-10-01,40,40,32,8
271,1932-10-08,41,40,37,3
271,1932-10-15,42,40,29,11
271,1932-10-22,43,40,32,8
271,1932-10-29,44,40,35,5
271,1932-11-05,45,40,31,9
271,1932-11-12,46,40,33,7
271,1932-11-19,47,40,30,10
271,1932-11-26,48,40,35,5
272,1932-12-03,49,40,29,11
272,1932-12-10,50,40,33,7
272,1932-12-17,51,40,34,6
272,1932-12-24,52,40,33,7
272,1932-12-31,53,40,35,5
272,1933-01-07,1,40,34,6
272,1933-01-14,2,40,33,7
272,1933-01-21,3,40,32,8
272,1933-01-28,4,40,36,4
272,1933-02-04,5,40,30,10
272,1933-02-11,6,40,32,8
273,1933-02-18,7,40,36,4
273,1933-02-25,8,40,35,5
273,1933-03-04,9,40,31,9
273,1933-03-11,10,40,33,7
273,1933-03-18,11,40,32,8
273,1933-03-25,12,40,29,11
273,1933-04-01,13,40,34,6
273,1933-04-08,14,40,34,6
273,1933-04-15,15,40,33,7
273,1933-04-22,16,40,32,8
273,1933-04-29,17,40,30,10
273,1933-05-06,18,40,32,8
273,1933-05-13,19,40,33,7
273,1933-05-20,20,40,37,3
274,1933-05-27,21,40,32,8
274,1933-06-03,22,40,34,6
274,1933-06-10,23,40,33,7
274,1933-06-17,24,40,34,6
274,1933-06-24,25,40,30,10
274,1933-07-01,26,40,35,5
274,1933-07-08,27,40,31,9
274,1933-07-15,28,40,35,5
274,1933-07-22,29,40,33,7
275,1933-07-29,30,40,34,6
275,1933-08-05,31,40,35,5
275,1933-08-12,32,40,30,10
275,1933-08-19,33,40,33,7
275,1933-08-26,34,40,31,9
275,1933-09-02,35,40,32,8
275,1933-09-09,36,40,33,7
275,1933-09-16,37,40,33,7
275,1933-09-23,38,40,33,7
275,1933-09-30,39,40,31,9
275,1933-10-07,40,40,34,6
275,1933-10-14,41,40,31,9
275,1933-10-21,42,40,32,8
276,1933-10-28,43,40,36,4
276,1933-11-04,44,40,37,3
276,1933-11-11,45,40,36,4
276,1933-11-18,46,40,34,6
276,1933-11-25,47,40,36,4
276,1933-12-02,48,40,31,9
276,1933-12-09,49,40,32,8
276,1933-12-16,50,40,32,8
276,1933-12-23,51,40,32,8
276,1933-12-30,52,40,32,8
277,1934-01-06,1,40,33,7
277,1934-01-13,2,40,31,9
277,1934-01-20,3,40,33,7
277,1934-01-27,4,40,32,8
277,1934-02-03,5,40,34,6
277,1934-02-10,6,40,34,6
277,1934-02-17,7,40,35,5
277,1934-02-24,8,40,35,5
277,1934-03-03,9,40,31,9
277,1934-03-10,10,40,34,6
277,1934-03-17,11,40,34,6
277,1934-03-24,12,40,30,10
278,1934-03-31,13,40,39,1
278,1934-04-07,14,40,34,6
278,1934-04-14,15,40,33,7
278,1934-04-21,16,40,32,8
278,1934-04-28,17,40,33,7
278,1934-05-05,18,40,34,6
278,1934-05-12,19,40,30,10
278,1934-05-19,20,40,31,9
278,1934-05-26,21,40,37,3
279,1934-06-02,22,40,33,7
279,1934-06-09,23,40,31,9
279,1934-06-16,24,40,37,3
279,1934-06-23,25,40,32,8
279,1934-06-30,26,40,36,4
279,1934-07-07,27,40,32,8
279,1934-07-14,28,40,32,8
279,1934-07-21,29,40,33,7
279,1934-07-28,30,40,34,6
279,1934-08-04,31,40,33,7
279,1934-08-11,32,40,31,9
280,1934-08-18,33,40,33,7
280,1934-08-25,34,40,31,9
280,1934-09-01,35,40,34,6
280,1934-09-08,36,40,33,7
280,1934-09-15,37,40,35,5
280,1934-09-22,38,40,32,8
280,1934-09-29,39,40,34,6
280,1934-10-06,40,40,35,5
280,1934-10-13,41,40,33,7
280,1934-10-20,42,40,34,6
280,1934-10-27,43,40,31,9
280,1934-11-03,44,40,33,7
280,1934-11-10,45,40,31,9
280,1934-11-17,46,40,33,7
280,1934-11-24,47,40,35,5
280,1934-12-01,48,40,34,6
280,1934-12-08,49,40,35,5
280,1934-12-15,50,40,28,12
281,1934-12-22,51,40,37,3
281,1934-12-29,52,40,35,5
281,1935-01-05,1,40,36,4
281,1935-01-12,2,40,32,8
281,1935-01-19,3,40,32,8
281,1935-01-26,4,40,32,8
281,1935-02-02,5,40,27,13
281,1935-02-09,6,40,32,8
281,1935-02-16,7,40,32,8
281,1935-02-23,8,40,34,6
281,1935-03-02,9,40,34,6
282,1935-03-09,10,40,34,6
282,1935-03-16,11,40,31,9
282,1935-03-23,12,40,35,5
282,1935-03-30,13,40,30,10
282,1935-04-06,14,40,34,6
282,1935-04-13,15,40,31,9
282,1935-04-20,16,40,36,4
282,1935-04-27,17,40,34,6
282,1935-05-04,18,40,30,10
282,1935-05-11,19,40,33,7
282,1935-05-18,20,40,34,6
283,1935-05-25,21,40,35,5
283,1935-06-01,22,40,32,8
283,1935-06-08,23,40,31,9
283,1935-06-15,24,40,33,7
283,1935-06-22,25,40,35,5
283,1935-06-29,26,40,33,7
283,1935-07-06,27,40,34,6
283,1935-07-13,28,40,32,8
283,1935-07-20,29,40,33,7
283,1935-07-27,30,40,32,8
284,1935-08-03,31,40,34,6
284,1935-08-10,32,40,33,7
284,1935-08-17,33,40,30,10
284,1935-08-24,34,40,38,2
284,1935-08-31,35,40,32,8
284,1935-09-07,36,40,32,8
284,1935-09-14,37,40,35,5
284,1935-09-21,38,40,34,6
284,1935-09-28,39,40,31,9
284,1935-10-05,40,40,32,8
284,1935-10-12,41,40,32,8
284,1935-10-19,42,40,35,5
284,1935-10-26,43,40,33,7
284,1935-11-02,44,40,34,6
284,1935-11-09,45,40,31,9
284,1935-11-16,46,40,30,10
284,1935-11-23,47,40,32,8
285,1935-11-30,48,40,32,8
285,1935-12-07,49,40,35,5
285,1935-12-14,50,40,33,7
285,1935-12-21,51,40,31,9
285,1935-12-28,52,40,36,4
285,1936-01-04,1,40,33,7
285,1936-01-11,2,40,33,7
285,1936-01-18,3,40,32,8
285,1936-01-25,4,40,31,9
285,1936-02-01,5,40,34,6
285,1936-02-08,6,40,31,9
285,1936-02-15,7,40,32,8
285,1936-02-22,8,40,32,8
285,1936-02-29,9,40,32,8
286,1936-03-07,10,40,33,7
286,1936-03-14,11,40,31,9
286,1936-03-21,12,40,34,6
286,1936-03-28,13,40,31,9
286,1936-04-04,14,40,35,5
286,1936-04-11,15,40,34,6
286,1936-04-18,16,40,36,4
286,1936-04-25,17,40,33,7
286,1936-05-02,18,40,32,8
286,1936-05-09,19,40,33,7
286,1936-05-16,20,40,34,6
287,1936-05-23,21,40,35,5
287,1936-05-30,22,40,35,5
287,1936-06-06,23,40,34,6
287,1936-06-13,24,40,34,6
287,1936-06-20,25,40,34,6
287,1936-06-27,26,40,32,8
287,1936-07-04,27,40,35,5
287,1936-07-11,28,40,33,7
287,1936-07-18,29,40,33,7
287,1936-07-25,30,40,35,5
288,1936-08-01,31,40,29,11
288,1936-08-08,32,40,33,7
288,1936-08-15,33,40,32,8
288,1936-08-22,34,40,32,8
288,1936-08-29,35,40,36,4
288,1936-09-05,36,40,31,9
288,1936-09-12,37,40,32,8
288,1936-09-19,38,40,32,8
288,1936-09-26,39,40,34,6
288,1936-10-03,40,40,33,7
288,1936-10-10,41,40,31,9
288,1936-10-17,42,40,34,6
288,1936-10-24,43,40,32,8
288,1936-10-31,44,40,36,4
289,1936-11-07,45,40,31,9
289,1936-11-14,46,40,32,8
289,1936-11-21,47,40,37,3
289,1936-11-28,48,40,32,8
289,1936-12-05,49,40,37,3
289,1936-12-12,50,40,31,9
289,1936-12-19,51,40,36,4
289,1936-12-26,52,40,31,9
289,1937-01-02,1,40,33,7
289,1937-01-09,2,40,34,6
289,1937-01-16,3,40,35,5
289,1937-01-23,4,40,31,9
289,1937-01-30,5,40,33,7
289,1937-02-06,6,40,34,6
289,1937-02-13,7,40,31,9
290,1937-02-20,8,40,32,8
290,1937-02-27,9,40,34,6
290,1937-03-06,10,40,30,10
290,1937-03-13,11,40,34,6
290,1937-03-20,12,40,36,4
290,1937-03-27,13,40,34,6
290,1937-04-03,14,40,32,8
290,1937-04-10,15,40,33,7
290,1937-04-17,16,40,35,5
290,1937-04-24,17,40,30,10
290,1937-05-01,18,40,34,6
291,1937-05-08,19,40,34,6
291,1937-05-15,20,40,35,5
291,1937-05-22,21,40,35,5
291,1937-05-29,22,40,28,12
291,1937-06-05,23,40,33,7
291,1937-06-12,24,40,31,9
291,1937-06-19,25,40,33,7
291,1937-06-26,26,40,35,5
291,1937-07-03,27,40,36,4
291,1937-07-10,28,40,35,5
291,1937-07-17,29,40,32,8
291,1937-07-24,30,40,30,10
291,1937-07-31,31,40,33,7
292,1937-08-07,32,40,34,6
292,1937-08-14,33,40,33,7
292,1937-08-21,34,40,35,5
292,1937-08-28,35,40,36,4
292,1937-09-04,36,40,32,8
292,1937-09-11,37,40,32,8
292,1937-09-18,38,40,31,9
292,1937-09-25,39,40,34,6
292,1937-10-02,40,40,31,9
292,1937-10-09,41,40,34,6
292,1937-10-16,42,40,35,5
293,1937-10-23,43,40,32,8
293,1937-10-30,44,40,31,9
293,1937-11-06,45,40,35,5
293,1937-11-13,46,40,31,9
293,1937-11-20,47,40,33,7
293,1937-11-27,48,40,33,7
293,1937-12-04,49,40,31,9
293,1937-12-11,50,40,34,6
293,1937-12-18,51,40,36,4
294,1937-12-25,52,40,32,8
294,1937-12-31,53,40,33,7
294,1938-01-08,1,40,34,6
294,1938-01-15,2,40,31,9
294,1938-01-22,3,40,31,9
294,1938-01-29,4,40,34,6
294,1938-02-05,5,40,35,5
294,1938-02-12,6,40,34,6
294,1938-02-19,7,40,33,7
294,1938-02-26,8,40,34,6
294,1938-03-05,9,40,35,5
294,1938-03-12,10,40,29,11
295,1938-03-19,11,40,31,9
295,1938-03-26,12,40,34,6
295,1938-04-02,13,40,33,7
295,1938-04-09,14,40,35,5
295,1938-04-16,15,40,33,7
295,1938-04-23,16,40,33,7
295,1938-04-30,17,40,36,4
295,1938-05-07,18,40,33,7
295,1938-05-14,19,40,33,7
295,1938-05-21,20,40,35,5
295,1938-05-28,21,40,34,6
296,1938-06-04,22,40,35,5
296,1938-06-11,23,40,32,8
296,1938-06-18,24,40,30,10
296,1938-06-25,25,40,32,8
296,1938-07-02,26,40,35,5
296,1938-07-09,27,40,35,5
296,1938-07-16,28,40,33,7
296,1938-07-23,29,40,33,7
296,1938-07-30,30,40,32,8
296,1938-08-06,31,40,32,8
296,1938-08-13,32,40,30,10
296,1938-08-20,33,40,29,11
296,1938-08-27,34,40,36,4
296,1938-09-03,35,40,35,5
296,1938-09-10,36,40,31,9
297,1938-09-17,37,40,36,4
297,1938-09-24,38,40,35,5
297,1938-10-01,39,40,34,6
297,1938-10-08,40,40,31,9
297,1938-10-15,41,40,33,7
297,1938-10-22,42,40,33,7
297,1938-10-29,43,40,34,6
297,1938-11-05,44,40,32,8
297,1938-11-12,45,40,35,5
298,1938-11-19,46,40,35,5
298,1938-11-26,47,40,31,9
298,1938-12-03,48,40,34,6
298,1938-12-10,49,40,35,5
298,1938-12-17,50,40,33,7
298,1938-12-24,51,40,32,8
298,1938-12-31,52,40,32,8
298,1939-01-07,1,40,30,10
298,1939-01-14,2,40,34,6
298,1939-01-21,3,40,31,9
298,1939-01-28,4,40,35,5
298,1939-02-04,5,40,32,8
298,1939-02-11,6,40,32,8
299,1939-02-18,7,40,34,6
299,1939-02-25,8,40,32,8
299,1939-03-04,9,40,33,7
299,1939-03-11,10,40,34,6
299,1939-03-18,11,40,32,8
299,1939-03-25,12,40,34,6
299,1939-04-01,13,40,33,7
299,1939-04-08,14,40,34,6
299,1939-04-15,15,40,35,5
299,1939-04-22,16,40,33,7
299,1939-04-29,17,40,32,8
300,1939-05-06,18,40,33,7
300,1939-05-13,19,40,34,6
300,1939-05-20,20,40,30,10
300,1939-05-27,21,40,33,7
300,1939-06-03,22,40,36,4
300,1939-06-10,23,40,36,4
300,1939-06-17,24,40,33,7
300,1939-06-24,25,40,32,8
300,1939-07-01,26,40,33,7
300,1939-07-08,27,50,40,10
300,1939-07-15,28,50,39,11
300,1939-07-22,29,50,43,7
301,1939-07-29,30,50,40,10
301,1939-08-05,31,50,43,7
301,1939-08-12,32,50,41,9
301,1939-08-19,33,50,38,12
301,1939-08-26,34,50,36,14
301,1939-09-02,35,50,37,13
301,1939-09-09,36,50,39,11
302,1939-09-16,37,50,36,14
302,1939-09-23,38,50,35,15
302,1939-09-30,39,50,39,11
302,1939-10-07,40,50,41,9
302,1939-10-14,41,50,38,12
302,1939-10-21,42,50,40,10
302,1939-10-28,43,50,43,7
302,1939-11-04,44,50,40,10
302,1939-11-11,45,50,39,11
302,1939-11-18,46,50,39,11
302,1939-11-25,47,50,38,12
302,1939-12-02,48,50,40,10
302,1939-12-09,49,50,40,10
302,1939-12-16,50,50,37,13
303,1939-12-23,51,50,40,10
303,1939-12-30,52,50,39,11
303,1940-01-06,1,50,44,6
303,1940-01-13,2,50,41,9
303,1940-01-20,3,50,40,10
303,1940-01-27,4,50,35,15
303,1940-02-03,5,50,37,13
303,1940-02-10,6,50,43,7
303,1940-02-17,7,50,38,12
304,1940-02-24,8,50,42,8
304,1940-03-02,9,50,41,9
304,1940-03-09,10,50,44,6
304,1940-03-16,11,50,41,9
304,1940-03-23,12,50,41,9
304,1940-03-30,13,50,39,11
304,1940-04-06,14,50,41,9
304,1940-04-13,15,50,42,8
304,1940-04-20,16,50,36,14
304,1940-04-27,17,50,40,10
305,1940-05-04,18,50,43,7
305,1940-05-11,19,50,37,13
305,1940-05-18,20,50,40,10
305,1940-05-25,21,50,35,15
305,1940-06-01,22,50,39,11
305,1940-06-08,23,50,39,11
305,1940-06-15,24,50,44,6
306,1940-06-22,25,50,40,10
306,1940-06-29,26,50,40,10
306,1940-07-06,27,50,39,11
306,1940-07-13,28,50,37,13
306,1940-07-20,29,50,39,11
306,1940-07-27,30,50,38,12
306,1940-08-03,31,50,37,13
307,1940-08-10,32,50,38,12
307,1940-08-17,33,50,38,12
307,1940-08-24,34,50,40,10
307,1940-08-31,35,50,41,9
307,1940-09-07,36,50,41,9
307,1940-09-14,37,50,44,6
307,1940-09-21,38,50,42,8
307,1940-09-28,39,50,34,16
307,1940-10-05,40,50,43,7
308,1940-10-12,41,50,38,12
308,1940-10-19,42,50,40,10
308,1940-10-26,43,50,40,10
308,1940-11-02,44,50,37,13
308,1940-11-09,45,50,44,6
308,1940-11-16,46,50,39,11
308,1940-11-23,47,50,39,11
308,1940-11-30,48,50,34,16
308,1940-12-07,49,50,38,12
308,1940-12-14,50,50,37,13
309,1940-12-21,51,50,43,7
309,1940-12-28,52,50,40,10
309,1941-01-04,1,50,41,9
309,1941-01-11,2,50,44,6
309,1941-01-18,3,50,41,9
309,1941-01-25,4,50,38,12
309,1941-02-01,5,50,35,15
310,1941-02-08,6,50,38,12
310,1941-02-15,7,50,40,10
310,1941-02-22,8,50,36,14
310,1941-03-01,9,50,39,11
310,1941-03-08,10,50,39,11
310,1941-03-15,11,50,39,11
310,1941-03-22,12,50,38,12
310,1941-03-29,13,50,37,13
310,1941-04-05,14,50,37,13
310,1941-04-12,15,50,41,9
311,1941-04-19,16,50,41,9
311,1941-04-26,17,50,36,14
311,1941-05-03,18,50,41,9
311,1941-05-10,19,50,38,12
311,1941-05-17,20,50,40,10
311,1941-05-24,21,50,36,14
311,1941-05-31,22,50,34,16
311,1941-06-07,23,50,39,11
311,1941-06-14,24,50,38,12
311,1941-06-21,25,50,38,12
311,1941-06-28,26,50,42,8
311,1941-07-05,27,50,42,8
312,1941-07-12,28,50,41,9
312,1941-07-19,29,50,39,11
312,1941-07-26,30,50,36,14
312,1941-08-02,31,50,42,8
312,1941-08-09,32,50,39,11
312,1941-08-16,33,50,39,11
312,1941-08-23,34,50,35,15
312,1941-08-30,35,50,37,13
312,1941-09-06,36,50,42,8
312,1941-09-13,37,50,43,7
312,1941-09-20,38,50,38,12
313,1941-09-27,39,50,43,7
313,1941-10-04,40,50,38,12
313,1941-10-11,41,50,40,10
313,1941-10-18,42,50,41,9
313,1941-10-25,43,50,39,11
313,1941-11-01,44,50,38,12
314,1941-11-08,45,50,42,8
314,1941-11-15,46,50,41,9
314,1941-11-22,47,50,40,10
314,1941-11-29,48,50,40,10
314,1941-12-06,49,50,38,12
314,1941-12-13,50,50,38,12
314,1941-12-20,51,50,36,14
314,1941-12-27,52,50,42,8
315,1942-01-03,1,50,41,9
315,1942-01-10,2,50,35,15
315,1942-01-17,3,50,38,12
315,1942-01-24,4,50,38,12
315,1942-01-31,5,50,37,13
315,1942-02-07,6,50,36,14
315,1942-02-14,7,50,39,11
315,1942-02-21,8,50,41,9
315,1942-02-28,9,50,41,9
316,1942-03-07,10,50,38,12
316,1942-03-14,11,50,38,12
316,1942-03-21,12,50,36,14
316,1942-03-28,13,50,38,12
316,1942-04-04,14,50,44,6
316,1942-04-11,15,50,39,11
316,1942-04-18,16,50,38,12
316,1942-04-25,17,50,37,13
317,1942-05-02,18,50,40,10
317,1942-05-09,19,50,43,7
317,1942-05-16,20,50,38,12
317,1942-05-23,21,50,38,12
317,1942-05-30,22,50,40,10
317,1942-06-06,23,50,39,11
317,1942-06-13,24,50,38,12
317,1942-06-20,25,50,34,16
318,1942-06-27,26,50,41,9
318,1942-07-04,27,50,36,14
318,1942-07-11,28,50,39,11
318,1942-07-18,29,50,40,10
318,1942-07-25,30,50,38,12
318,1942-08-01,31,50,42,8
318,1942-08-08,32,50,38,12
318,1942-08-15,33,50,40,10
319,1942-08-22,34,50,41,9
319,1942-08-29,35,50,36,14
319,1942-09-05,36,50,41,9
319,1942-09-12,37,50,42,8
319,1942-09-19,38,50,41,9
319,1942-09-26,39,50,38,12
319,1942-10-03,40,50,37,13
320,1942-10-10,41,50,43,7
320,1942-10-17,42,50,41,9
320,1942-10-24,43,50,38,12
320,1942-10-31,44,50,39,11
320,1942-11-07,45,50,43,7
320,1942-11-14,46,50,41,9
320,1942-11-21,47,50,38,12
320,1942-11-28,48,50,40,10
320,1942-12-05,49,50,40,10
321,1942-12-12,50,50,43,7
321,1942-12-19,51,50,36,14
321,1942-12-26,52,50,41,9
321,1943-01-02,1,50,37,13
321,1943-01-09,2,50,36,14
321,1943-01-16,3,50,38,12
321,1943-01-23,4,50,38,12
321,1943-01-30,5,50,36,14
322,1943-02-06,6,50,39,11
322,1943-02-13,7,50,37,13
322,1943-02-20,8,50,38,12
322,1943-02-27,9,50,43,7
322,1943-03-06,10,45,34,11
322,1943-03-13,11,45,38,7
322,1943-03-20,12,45,35,10
322,1943-03-27,13,45,35,10
322,1943-04-03,14,45,40,5
323,1943-04-10,15,45,37,8
323,1943-04-17,16,40,36,4
323,1943-04-24,17,40,35,5
323,1943-05-01,18,45,41,4
323,1943-05-08,19,45,35,10
323,1943-05-15,20,45,38,7
323,1943-05-22,21,40,28,12
324,1943-05-29,22,40,32,8
324,1943-06-05,23,40,34,6
324,1943-06-12,24,50,40,10
324,1943-06-19,25,50,40,10
324,1943-06-26,26,50,39,11
324,1943-07-03,27,50,40,10
324,1943-07-10,28,50,41,9
324,1943-07-17,29,50,43,7
324,1943-07-24,30,45,35,10
324,1943-07-31,31,45,34,11
325,1943-08-07,32,45,34,11
325,1943-08-14,33,45,31,14
325,1943-08-21,34,45,37,8
325,1943-08-28,35,45,37,8
325,1943-09-04,36,45,32,13
325,1943-09-11,37,30,26,4
325,1943-09-18,38,30,28,2
325,1943-09-25,39,35,31,4
325,1943-10-02,40,35,28,7
325,1943-10-09,41,35,31,4
325,1943-10-16,42,35,30,5
325,1943-10-23,43,40,36,4
325,1943-10-30,44,40,34,6
325,1943-11-06,45,40,31,9
325,1943-11-13,46,40,30,10
326,1943-11-20,47,45,37,8
326,1943-11-27,48,45,36,9
326,1943-12-04,49,45,37,8
326,1943-12-11,50,45,36,9
326,1943-12-18,51,45,37,8
326,1943-12-25,52,45,37,8
326,1943-12-31,53,45,32,13
327,1944-01-08,1,45,38,7
327,1944-01-15,2,45,34,11
327,1944-01-22,3,45,35,10
327,1944-01-29,4,45,39,6
327,1944-02-05,5,45,37,8
327,1944-02-12,6,45,39,6
327,1944-02-19,7,45,40,5
327,1944-02-26,8,45,30,15
327,1944-03-04,9,45,36,9
327,1944-03-11,10,40,35,5
327,1944-03-18,11,45,37,8
328,1944-03-25,12,45,34,11
328,1944-04-01,13,45,39,6
328,1944-04-08,14,45,37,8
328,1944-04-15,15,45,36,9
328,1944-04-22,16,45,36,9
328,1944-04-29,17,45,33,12
328,1944-05-06,18,45,37,8
328,1944-05-13,19,45,34,11
329,1944-05-20,20,45,32,13
329,1944-05-27,21,45,40,5
329,1944-06-03,22,45,35,10
329,1944-06-10,23,45,34,11
329,1944-06-17,24,45,41,4
329,1944-06-24,25,45,32,13
329,1944-07-01,26,45,37,8
329,1944-07-08,27,45,38,7
329,1944-07-15,28,45,41,4
329,1944-07-22,29,45,35,10
329,1944-07-29,30,45,38,7
329,1944-08-05,31,40,33,7
329,1944-08-12,32,40,33,7
329,1944-08-19,33,40,33,7
330,1944-08-26,34,40,31,9
330,1944-09-02,35,40,35,5
330,1944-09-09,36,40,30,10
330,1944-09-16,37,40,35,5
330,1944-09-23,38,45,37,8
330,1944-09-30,39,45,37,8
330,1944-10-07,40,45,35,10
330,1944-10-14,41,50,42,8
330,1944-10-21,42,50,40,10
330,1944-10-28,43,50,37,13
331,1944-11-04,44,50,40,10
331,1944-11-11,45,50,38,12
331,1944-11-18,46,50,38,12
331,1944-11-25,47,45,39,6
331,1944-12-02,48,45,31,14
331,1944-12-09,49,45,37,8
331,1944-12-16,50,45,37,8
331,1944-12-23,51,45,38,7
331,1944-12-30,52,45,38,7
332,1945-01-05,1,50,40,10
332,1945-01-13,2,50,42,8
332,1945-01-20,3,50,41,9
332,1945-01-27,4,50,40,10
332,1945-02-03,5,50,42,8
332,1945-02-10,6,50,37,13
332,1945-02-17,7,50,44,6
332,1945-02-24,8,50,39,11
332,1945-03-03,9,50,39,11
333,1945-03-10,10,50,42,8
333,1945-03-17,11,50,37,13
333,1945-03-24,12,50,43,7
333,1945-03-31,13,50,40,10
333,1945-04-07,14,50,38,12
333,1945-04-14,15,50,39,11
333,1945-04-21,16,50,42,8
333,1945-04-28,17,40,34,6
333,1945-05-05,18,50,38,12
333,1945-05-12,19,50,38,12
333,1945-05-19,20,50,39,11
333,1945-05-26,21,50,42,8
334,1945-06-02,22,50,39,11
334,1945-06-09,23,50,39,11
334,1945-06-16,24,50,42,8
334,1945-06-23,25,50,43,7
334,1945-06-30,26,50,41,9
334,1945-07-07,27,50,37,13
334,1945-07-14,28,50,40,10
335,1945-07-21,29,50,35,15
335,1945-07-28,30,50,39,11
335,1945-08-04,31,50,44,6
335,1945-08-11,32,50,38,12
335,1945-08-18,33,50,38,12
335,1945-08-25,34,50,40,10
335,1945-09-01,35,50,41,9
335,1945-09-08,36,50,36,14
335,1945-09-15,37,50,39,11
336,1945-09-22,38,50,37,13
336,1945-09-29,39,50,37,13
336,1945-10-06,40,50,41,9
336,1945-10-13,41,50,40,10
336,1945-10-20,42,50,41,9
336,1945-10-27,43,50,38,12
336,1945-11-03,44,50,40,10
336,1945-11-10,45,50,40,10
336,1945-11-17,46,50,37,13
336,1945-11-24,47,50,39,11
336,1945-12-01,48,50,41,9
336,1945-12-07,49,50,41,9
336,1945-12-15,50,50,40,10
336,1945-12-22,51,50,43,7
336,1945-12-29,52,50,35,15
337,1946-01-05,1,50,37,13
337,1946-01-12,2,50,40,10
337,1946-01-19,3,50,38,12
337,1946-01-26,4,50,42,8
337,1946-02-02,5,50,39,11
337,1946-02-09,6,50,40,10
337,1946-02-16,7,50,36,14
337,1946-02-23,8,50,35,15
338,1946-03-02,9,50,38,12
338,1946-03-09,10,50,38,12
338,1946-03-16,11,50,41,9
338,1946-03-23,12,50,38,12
338,1946-03-30,13,50,43,7
338,1946-04-06,14,50,37,13
338,1946-04-13,15,50,39,11
338,1946-04-20,16,50,40,10
338,1946-04-27,17,50,39,11
338,1946-05-04,18,50,37,13
338,1946-05-11,19,50,37,13
339,1946-05-18,20,50,40,10
339,1946-05-25,21,50,38,12
339,1946-06-01,22,50,36,14
339,1946-06-08,23,50,38,12
339,1946-06-15,24,50,39,11
339,1946-06-22,25,50,37,13
339,1946-06-29,26,50,38,12
340,1946-07-06,27,50,37,13
340,1946-07-13,28,50,40,10
340,1946-07-20,29,50,40,10
340,1946-07-27,30,50,39,11
340,1946-08-03,31,50,34,16
340,1946-08-10,32,50,39,11
340,1946-08-17,33,50,38,12
340,1946-08-24,34,50,40,10
340,1946-08-31,35,50,35,15
340,1946-09-07,36,45,34,11
340,1946-09-14,37,50,42,8
340,1946-09-21,38,50,34,16
340,1946-09-28,39,50,37,13
341,1946-10-05,40,50,40,10
341,1946-10-12,41,50,35,15
341,1946-10-19,42,50,40,10
341,1946-10-26,43,50,37,13
341,1946-11-02,44,50,39,11
341,1946-11-09,45,50,37,13
341,1946-11-16,46,50,42,8
341,1946-11-23,47,50,40,10
342,1946-11-30,48,50,40,10
342,1946-12-07,49,50,43,7
342,1946-12-14,50,50,36,14
342,1946-12-21,51,50,39,11
342,1946-12-28,52,50,41,9
342,1947-01-04,1,50,44,6
342,1947-01-11,2,50,41,9
342,1947-01-18,3,50,39,11
342,1947-01-25,4,50,35,15
342,1947-02-01,5,50,43,7
342,1947-02-08,6,50,36,14
342,1947-02-15,7,50,38,12
342,1947-02-22,8,50,40,10
343,1947-03-01,9,50,43,7
343,1947-03-08,10,50,36,14
343,1947-03-15,11,50,38,12
343,1947-03-22,12,50,40,10
343,1947-03-29,13,50,36,14
343,1947-04-05,14,50,39,11
343,1947-04-12,15,50,42,8
343,1947-04-19,16,50,39,11
344,1947-04-26,17,50,44,6
344,1947-05-03,18,50,41,9
344,1947-05-10,19,50,41,9
344,1947-05-17,20,50,38,12
344,1947-05-24,21,50,43,7
344,1947-05-31,22,50,38,12
344,1947-06-07,23,50,39,11
344,1947-06-14,24,50,42,8
344,1947-06-21,25,50,37,13
344,1947-06-28,26,50,42,8
345,1947-07-05,27,50,42,8
345,1947-07-12,28,50,42,8
345,1947-07-19,29,50,38,12
345,1947-07-26,30,50,41,9
345,1947-08-02,31,50,42,8
345,1947-08-09,32,50,33,17
345,1947-08-16,33,50,39,11
345,1947-08-23,34,50,35,15
345,1947-08-30,35,50,38,12
345,1947-09-06,36,50,43,7
346,1947-09-13,37,50,39,11
346,1947-09-20,38,50,40,10
346,1947-09-27,39,50,39,11
346,1947-10-04,40,50,43,7
346,1947-10-11,41,50,38,12
346,1947-10-18,42,50,38,12
346,1947-10-25,43,50,41,9
346,1947-11-01,44,50,40,10
346,1947-11-08,45,50,35,15
346,1947-11-15,46,50,43,7
346,1947-11-22,47,50,37,13
346,1947-11-29,48,50,39,11
346,1947-12-06,49,50,40,10
347,1947-12-13,50,50,37,13
347,1947-12-20,51,50,41,9
347,1947-12-27,52,50,43,7
347,1948-01-03,1,50,41,9
347,1948-01-10,2,50,40,10
347,1948-01-17,3,50,39,11
347,1948-01-24,4,50,41,9
348,1948-01-31,5,50,42,8
348,1948-02-07,6,50,39,11
348,1948-02-14,7,50,38,12
348,1948-02-21,8,50,42,8
348,1948-02-28,9,50,40,10
348,1948-03-06,10,50,38,12
348,1948-03-13,11,50,39,11
348,1948-03-20,12,50,37,13
348,1948-03-27,13,50,36,14
348,1948-04-03,14,50,36,14
349,1948-04-10,15,50,36,14
349,1948-04-17,16,50,38,12
349,1948-04-24,17,50,39,11
349,1948-04-30,18,50,38,12
349,1948-05-08,19,50,43,7
349,1948-05-15,20,50,45,5
349,1948-05-22,21,50,40,10
349,1948-05-29,22,50,43,7
349,1948-06-05,23,50,38,12
350,1948-06-12,24,50,37,13
350,1948-06-19,25,50,37,13
350,1948-06-26,26,50,42,8
350,1948-07-03,27,50,41,9
350,1948-07-10,28,50,39,11
350,1948-07-17,29,50,40,10
350,1948-07-24,30,50,41,9
350,1948-07-31,31,50,39,11
350,1948-08-07,32,50,33,17
351,1948-08-14,33,50,38,12
351,1948-08-21,34,50,38,12
351,1948-08-28,35,50,39,11
351,1948-09-04,36,50,37,13
351,1948-09-11,37,50,40,10
351,1948-09-18,38,50,39,11
351,1948-09-25,39,50,39,11
351,1948-10-02,40,50,40,10
351,1948-10-09,41,50,35,15
351,1948-10-16,42,50,40,10
352,1948-10-23,43,50,40,10
352,1948-10-30,44,50,39,11
352,1948-11-06,45,50,40,10
352,1948-11-13,46,50,39,11
352,1948-11-20,47,50,40,10
352,1948-11-27,48,50,39,11
352,1948-12-04,49,50,40,10
352,1948-12-11,50,50,37,13
352,1948-12-18,51,50,41,9
352,1948-12-24,52,50,40,10
352,1948-12-31,53,50,42,8
353,1949-01-08,1,50,43,7
353,1949-01-15,2,50,42,8
353,1949-01-22,3,50,35,15
353,1949-01-29,4,50,38,12
353,1949-02-05,5,50,41,9
353,1949-02-12,6,50,37,13
353,1949-02-19,7,50,37,13
353,1949-02-26,8,50,37,13
353,1949-03-05,9,50,41,9
354,1949-03-12,10,50,38,12
354,1949-03-19,11,50,38,12
354,1949-03-26,12,50,39,11
354,1949-04-02,13,50,41,9
354,1949-04-09,14,50,37,13
354,1949-04-16,15,50,43,7
354,1949-04-23,16,50,39,11
354,1949-04-30,17,50,39,11
354,1949-05-07,18,50,39,11
355,1949-05-14,19,50,38,12
355,1949-05-21,20,50,43,7
355,1949-05-28,21,50,36,14
355,1949-06-04,22,50,42,8
355,1949-06-11,23,50,40,10
355,1949-06-18,24,50,35,15
355,1949-06-25,25,50,37,13
355,1949-07-02,26,50,44,6
355,1949-07-09,27,50,40,10
355,1949-07-16,28,50,40,10
355,1949-07-23,29,50,39,11
355,1949-07-30,30,50,38,12
355,1949-08-06,31,50,40,10
356,1949-08-13,32,50,39,11
356,1949-08-20,33,50,41,9
356,1949-08-27,34,50,36,14
356,1949-09-03,35,50,42,8
356,1949-09-10,36,50,41,9
356,1949-09-17,37,50,40,10
356,1949-09-24,38,50,41,9
356,1949-10-01,39,50,42,8
356,1949-10-08,40,50,38,12
356,1949-10-15,41,50,39,11
356,1949-10-22,42,50,43,7
356,1949-10-29,43,50,43,7
357,1949-11-05,44,50,43,7
357,1949-11-12,45,50,35,15
357,1949-11-19,46,50,43,7
357,1949-11-26,47,50,35,15
357,1949-12-03,48,50,41,9
357,1949-12-12,49,50,40,10
357,1949-12-17,50,50,43,7
357,1949-12-24,51,50,36,14
357,1949-12-31,52,50,40,10
357,1950-01-07,1,50,43,7
358,1950-01-14,2,50,38,12
358,1950-01-21,3,50,40,10
358,1950-01-28,4,50,38,12
358,1950-02-04,5,50,37,13
358,1950-02-11,6,50,41,9
358,1950-02-18,7,50,36,14
358,1950-02-25,8,50,38,12
359,1950-03-04,9,50,41,9
359,1950-03-11,10,50,38,12
359,1950-03-18,11,50,39,11
359,1950-03-25,12,50,42,8
359,1950-04-01,13,50,41,9
359,1950-04-08,14,50,38,12
359,1950-04-15,15,50,38,12
359,1950-04-22,16,50,39,11
360,1950-04-29,17,50,39,11
360,1950-05-06,18,50,39,11
360,1950-05-13,19,50,38,12
360,1950-05-20,20,50,37,13
360,1950-05-27,21,50,40,10
360,1950-06-03,22,50,41,9
360,1950-06-10,23,50,39,11
360,1950-06-17,24,50,40,10
361,1950-06-24,25,50,41,9
361,1950-07-01,26,50,38,12
361,1950-07-08,27,50,38,12
361,1950-07-15,28,50,40,10
361,1950-07-22,29,50,40,10
361,1950-07-29,30,50,38,12
361,1950-08-05,31,50,39,11
361,1950-08-12,32,50,41,9
361,1950-08-19,33,50,42,8
361,1950-08-26,34,50,39,11
361,1950-09-02,35,50,45,5
362,1950-09-09,36,50,39,11
362,1950-09-16,37,50,38,12
362,1950-09-23,38,50,41,9
362,1950-09-30,39,50,38,12
362,1950-10-07,40,50,42,8
362,1950-10-14,41,50,39,11
362,1950-10-21,42,50,38,12
362,1950-10-28,43,50,40,10
362,1950-11-04,44,50,41,9
363,1950-11-11,45,50,38,12
363,1950-11-18,46,50,42,8
363,1950-11-25,47,50,44,6
363,1950-12-02,48,50,38,12
363,1950-12-09,49,50,39,11
363,1950-12-16,50,50,39,11
363,1950-12-23,51,50,36,14
363,1950-12-30,52,50,43,7
363,1951-01-06,1,50,39,11
364,1951-01-13,2,50,39,11
364,1951-01-20,3,50,37,13
364,1951-01-27,4,50,39,11
364,1951-02-03,5,50,37,13
364,1951-02-10,6,50,40,10
364,1951-02-17,7,50,42,8
364,1951-02-24,8,50,41,9
364,1951-03-03,9,50,37,13
364,1951-03-10,10,50,42,8
364,1951-03-17,11,50,42,8
365,1951-03-24,12,50,36,14
365,1951-03-31,13,50,37,13
365,1951-04-07,14,50,42,8
365,1951-04-14,15,50,35,15
365,1951-04-21,16,50,38,12
365,1951-04-28,17,50,39,11
365,1951-05-05,18,50,36,14
365,1951-05-12,19,50,37,13
365,1951-05-19,20,50,41,9
365,1951-05-26,21,50,39,11
366,1951-06-01,22,50,40,10
366,1951-06-09,23,50,38,12
366,1951-06-16,24,50,41,9
366,1951-06-23,25,50,36,14
366,1951-06-30,26,50,36,14
366,1951-07-07,27,50,38,12
366,1951-07-14,28,50,40,10
366,1951-07-21,29,50,38,12
367,1951-07-28,30,50,44,6
367,1951-08-04,31,50,39,11
367,1951-08-11,32,50,40,10
367,1951-08-18,33,50,39,11
367,1951-08-25,34,50,38,12
367,1951-09-01,35,50,38,12
367,1951-09-08,36,50,38,12
368,1951-09-15,37,50,42,8
368,1951-09-22,38,50,41,9
368,1951-09-29,39,50,41,9
368,1951-10-06,40,50,39,11
368,1951-10-13,41,50,39,11
368,1951-10-20,42,50,39,11
369,1951-10-27,43,50,39,11
369,1951-11-03,44,50,39,11
369,1951-11-10,45,50,35,15
369,1951-11-17,46,50,43,7
369,1951-11-24,47,50,39,11
369,1951-12-01,48,50,38,12
369,1951-12-10,49,50,40,10
369,1951-12-15,50,50,42,8
369,1951-12-22,51,50,40,10
369,1951-12-28,52,50,38,12
369,1952-01-05,1,50,37,13
369,1952-01-12,2,50,40,10
369,1952-01-19,3,50,38,12
369,1952-01-26,4,50,39,11
369,1952-02-02,5,50,40,10
369,1952-02-09,6,50,33,17
369,1952-02-16,7,50,39,11
370,1952-02-23,8,50,40,10
370,1952-03-01,9,50,42,8
370,1952-03-08,10,50,39,11
370,1952-03-15,11,50,39,11
370,1952-03-22,12,50,42,8
370,1952-03-29,13,50,37,13
370,1952-04-05,14,50,41,9
370,1952-04-12,15,50,36,14
370,1952-04-19,16,50,37,13
371,1952-04-26,17,50,39,11
371,1952-05-03,18,50,36,14
371,1952-05-10,19,50,40,10
371,1952-05-17,20,50,43,7
371,1952-05-24,21,50,46,4
371,1952-05-31,22,50,39,11
371,1952-06-07,23,50,40,10
371,1952-06-14,24,50,42,8
371,1952-06-21,25,50,38,12
371,1952-06-28,26,50,39,11
371,1952-07-05,27,50,39,11
372,1952-07-12,28,50,40,10
372,1952-07-19,29,50,35,15
372,1952-07-26,30,50,36,14
372,1952-08-02,31,50,45,5
372,1952-08-09,32,50,38,12
372,1952-08-16,33,50,38,12
372,1952-08-23,34,50,35,15
372,1952-08-30,35,50,39,11
372,1952-09-06,36,50,40,10
372,1952-09-13,37,50,36,14
372,1952-09-20,38,50,36,14
373,1952-09-27,39,50,37,13
373,1952-10-04,40,50,38,12
373,1952-10-11,41,50,43,7
373,1952-10-18,42,50,38,12
373,1952-10-25,43,50,38,12
373,1952-11-03,44,50,39,11
373,1952-11-08,45,50,41,9
373,1952-11-15,46,50,38,12
373,1952-11-22,47,50,40,10
374,1952-11-29,48,50,40,10
374,1952-12-06,49,50,38,12
374,1952-12-13,50,50,42,8
374,1952-12-20,51,50,40,10
374,1952-12-29,52,50,36,14
374,1953-01-03,1,50,40,10
374,1953-01-10,2,50,40,10
374,1953-01-17,3,50,41,9
375,1953-01-24,4,50,40,10
375,1953-01-31,5,50,38,12
375,1953-02-07,6,50,36,14
375,1953-02-14,7,50,39,11
375,1953-02-21,8,50,41,9
375,1953-02-28,9,50,37,13
375,1953-03-07,10,50,34,16
375,1953-03-14,11,50,40,10
376,1953-03-21,12,50,39,11
376,1953-03-28,13,50,45,5
376,1953-04-04,14,50,38,12
376,1953-04-11,15,50,36,14
376,1953-04-18,16,50,39,11
376,1953-04-25,17,50,40,10
376,1953-05-02,18,50,41,9
376,1953-05-09,19,50,40,10
377,1953-05-16,20,50,38,12
377,1953-05-23,21,50,35,15
377,1953-05-30,22,50,41,9
377,1953-06-06,23,50,42,8
377,1953-06-13,24,50,37,13
377,1953-06-20,25,50,37,13
377,1953-06-27,26,50,41,9
377,1953-07-04,27,50,42,8
377,1953-07-11,28,50,43,7
378,1953-07-18,29,50,38,12
378,1953-07-25,30,50,39,11
378,1953-08-01,31,50,41,9
378,1953-08-08,32,50,39,11
378,1953-08-14,33,50,40,10
378,1953-08-22,34,50,44,6
378,1953-08-29,35,50,41,9
378,1953-09-05,36,50,41,9
379,1953-09-12,37,50,40,10
379,1953-09-19,38,50,38,12
379,1953-09-26,39,50,31,19
379,1953-10-03,40,50,41,9
379,1953-10-10,41,50,36,14
379,1953-10-17,42,50,37,13
379,1953-10-24,43,50,41,9
379,1953-10-31,44,50,37,13
379,1953-11-07,45,50,42,8
380,1953-11-14,46,50,40,10
380,1953-11-21,47,50,44,6
380,1953-11-28,48,50,39,11
380,1953-12-05,49,50,43,7
380,1953-12-12,50,50,37,13
380,1953-12-19,51,50,40,10
380,1953-12-28,52,50,38,12
380,1954-01-02,1,50,41,9
380,1954-01-09,2,50,39,11
380,1954-01-16,3,50,41,9
380,1954-01-23,4,50,37,13
380,1954-01-30,5,50,40,10
380,1954-02-06,6,50,36,14
380,1954-02-13,7,50,41,9
381,1954-02-20,8,50,42,8
381,1954-02-27,9,50,38,12
381,1954-03-06,10,50,43,7
381,1954-03-13,11,50,41,9
381,1954-03-20,12,50,37,13
381,1954-03-27,13,50,35,15
381,1954-04-03,14,50,39,11
381,1954-04-10,15,50,42,8
381,1954-04-17,16,50,40,10
381,1954-04-24,17,50,39,11
381,1954-04-30,18,50,40,10
382,1954-05-08,19,50,40,10
382,1954-05-15,20,50,40,10
382,1954-05-22,21,50,34,16
382,1954-05-29,22,50,37,13
382,1954-06-05,23,50,36,14
382,1954-06-12,24,50,40,10
382,1954-06-19,25,50,40,10
382,1954-06-26,26,50,40,10
382,1954-07-03,27,50,33,17
382,1954-07-10,28,50,40,10
382,1954-07-17,29,50,41,9
383,1954-07-24,30,50,42,8
383,1954-07-31,31,50,35,15
383,1954-08-07,32,50,38,12
383,1954-08-14,33,50,40,10
383,1954-08-21,34,50,41,9
383,1954-08-28,35,50,37,13
383,1954-09-04,36,50,40,10
383,1954-09-11,37,50,39,11
384,1954-09-18,38,50,39,11
384,1954-09-25,39,50,39,11
384,1954-10-02,40,50,40,10
384,1954-10-09,41,50,38,12
384,1954-10-16,42,50,39,11
384,1954-10-23,43,50,36,14
384,1954-10-30,44,50,35,15
384,1954-11-06,45,50,36,14
385,1954-11-13,46,50,40,10
385,1954-11-20,47,50,39,11
385,1954-11-27,48,50,38,12
385,1954-12-04,49,50,39,11
385,1954-12-11,50,50,41,9
385,1954-12-18,51,50,40,10
385,1954-12-24,52,50,41,9
386,1954-12-31,53,50,43,7
386,1955-01-08,1,50,37,13
386,1955-01-15,2,50,38,12
386,1955-01-22,3,50,41,9
386,1955-01-29,4,50,37,13
386,1955-02-05,5,50,38,12
386,1955-02-12,6,50,35,15
386,1955-02-19,7,50,39,11
387,1955-02-26,8,50,37,13
387,1955-03-05,9,50,39,11
387,1955-03-12,10,50,40,10
387,1955-03-19,11,50,43,7
387,1955-03-26,12,50,40,10
387,1955-04-02,13,50,39,11
387,1955-04-09,14,50,40,10
387,1955-04-16,15,50,40,10
387,1955-04-23,16,50,39,11
388,1955-04-30,17,50,38,12
388,1955-05-07,18,50,34,16
388,1955-05-14,19,50,42,8
388,1955-05-21,20,50,42,8
388,1955-05-28,21,50,34,16
388,1955-06-04,22,50,37,13
388,1955-06-11,23,50,39,11
388,1955-06-18,24,50,35,15
388,1955-06-25,25,50,38,12
388,1955-07-02,26,50,43,7
388,1955-07-09,27,50,39,11
388,1955-07-16,28,50,43,7
389,1955-07-23,29,50,38,12
389,1955-07-30,30,50,38,12
389,1955-08-06,31,50,38,12
389,1955-08-13,32,50,45,5
389,1955-08-20,33,50,35,15
389,1955-08-27,34,50,42,8
389,1955-09-03,35,50,37,13
390,1955-09-10,36,50,39,11
390,1955-09-17,37,50,38,12
390,1955-09-24,38,50,40,10
390,1955-10-01,39,50,43,7
390,1955-10-08,40,50,37,13
390,1955-10-15,41,50,40,10
390,1955-10-22,42,50,39,11
391,1955-10-29,43,50,36,14
391,1955-11-05,44,50,44,6
391,1955-11-12,45,50,39,11
391,1955-11-19,46,50,37,13
391,1955-11-26,47,50,41,9
391,1955-12-03,48,50,40,10
391,1955-12-10,49,50,38,12
391,1955-12-17,50,50,39,11
391,1955-12-24,51,50,39,11
392,1955-12-31,52,50,42,8
392,1956-01-07,1,50,42,8
392,1956-01-14,2,50,41,9
392,1956-01-21,3,50,40,10
392,1956-01-28,4,50,39,11
392,1956-02-04,5,50,40,10
392,1956-02-11,6,50,40,10
392,1956-02-18,7,50,39,11
393,1956-02-25,8,50,44,6
393,1956-03-03,9,50,40,10
393,1956-03-10,10,50,39,11
393,1956-03-17,11,50,39,11
393,1956-03-24,12,50,34,16
393,1956-03-31,13,50,44,6
394,1956-04-07,14,50,37,13
394,1956-04-14,15,50,38,12
394,1956-04-21,16,50,42,8
394,1956-04-28,17,50,40,10
394,1956-05-05,18,50,40,10
394,1956-05-12,19,50,37,13
394,1956-05-19,20,50,40,10
394,1956-05-26,21,50,40,10
394,1956-06-02,22,50,38,12
394,1956-06-09,23,50,43,7
395,1956-06-16,24,50,42,8
395,1956-06-23,25,50,41,9
395,1956-06-30,26,50,39,11
395,1956-07-07,27,50,41,9
395,1956-07-14,28,50,38,12
395,1956-07-21,29,50,41,9
395,1956-07-28,30,50,43,7
395,1956-08-04,31,50,38,12
396,1956-08-11,32,50,33,17
396,1956-08-18,33,50,40,10
396,1956-08-25,34,50,38,12
396,1956-09-01,35,50,36,14
396,1956-09-08,36,50,40,10
396,1956-09-15,37,50,41,9
396,1956-09-22,38,50,43,7
397,1956-09-29,39,50,38,12
397,1956-10-06,40,50,40,10
397,1956-10-13,41,50,44,6
397,1956-10-20,42,50,41,9
397,1956-10-27,43,50,44,6
397,1956-11-03,44,50,35,15
397,1956-11-10,45,50,35,15
397,1956-11-17,46,50,41,9
397,1956-11-24,47,50,44,6
397,1956-12-01,48,50,40,10
397,1956-12-07,49,50,36,14
398,1956-12-15,50,50,41,9
398,1956-12-22,51,50,40,10
398,1956-12-29,52,50,41,9
398,1957-01-05,1,50,41,9
398,1957-01-12,2,50,39,11
398,1957-01-19,3,50,41,9
398,1957-01-26,4,50,39,11
398,1957-02-02,5,50,42,8
399,1957-02-09,6,50,42,8
399,1957-02-16,7,50,40,10
399,1957-02-23,8,50,37,13
399,1957-03-02,9,50,43,7
399,1957-03-09,10,50,41,9
399,1957-03-16,11,50,38,12
399,1957-03-23,12,50,37,13
399,1957-03-30,13,50,43,7
399,1957-04-06,14,50,41,9
400,1957-04-13,15,50,33,17
400,1957-04-20,16,50,39,11
400,1957-04-27,17,50,35,15
400,1957-05-04,18,50,38,12
400,1957-05-11,19,50,40,10
400,1957-05-18,20,50,38,12
400,1957-05-25,21,50,38,12
400,1957-06-01,22,50,41,9
400,1957-06-08,23,50,40,10
400,1957-06-15,24,50,42,8
401,1957-06-22,25,50,35,15
401,1957-06-28,26,50,41,9
401,1957-07-06,27,50,41,9
401,1957-07-13,28,50,41,9
401,1957-07-20,29,50,39,11
401,1957-07-27,30,50,36,14
401,1957-08-03,31,50,40,10
401,1957-08-10,32,50,42,8
402,1957-08-17,33,50,41,9
402,1957-08-24,34,50,35,15
402,1957-08-31,35,50,37,13
402,1957-09-07,36,50,41,9
402,1957-09-14,37,50,42,8
402,1957-09-21,38,50,39,11
402,1957-09-28,39,50,38,12
403,1957-10-05,40,50,40,10
403,1957-10-12,41,50,41,9
403,1957-10-19,42,50,43,7
403,1957-10-26,43,50,38,12
403,1957-11-02,44,50,37,13
403,1957-11-09,45,50,32,18
403,1957-11-16,46,50,39,11
403,1957-11-23,47,50,39,11
403,1957-11-30,48,50,38,12
403,1957-12-07,49,50,34,16
403,1957-12-14,50,50,39,11
403,1957-12-21,51,50,38,12
404,1957-12-28,52,50,40,10
404,1958-01-04,1,50,38,12
404,1958-01-11,2,50,42,8
404,1958-01-18,3,50,41,9
404,1958-01-25,4,50,35,15
404,1958-02-01,5,50,40,10
404,1958-02-08,6,50,39,11
404,1958-02-15,7,50,39,11
404,1958-02-22,8,50,43,7
405,1958-03-01,9,50,38,12
405,1958-03-08,10,50,39,11
405,1958-03-15,11,50,37,13
405,1958-03-22,12,50,36,14
405,1958-03-29,13,50,40,10
405,1958-04-05,14,50,37,13
405,1958-04-12,15,50,38,12
405,1958-04-19,16,50,41,9
405,1958-04-26,17,50,44,6
406,1958-05-03,18,50,37,13
406,1958-05-10,19,50,41,9
406,1958-05-17,20,50,37,13
406,1958-05-24,21,50,43,7
406,1958-05-31,22,50,41,9
406,1958-06-07,23,50,38,12
406,1958-06-14,24,50,42,8
406,1958-06-21,25,50,37,13
407,1958-06-28,26,50,41,9
407,1958-07-05,27,50,39,11
407,1958-07-12,28,50,40,10
407,1958-07-19,29,50,40,10
407,1958-07-26,30,50,43,7
407,1958-08-02,31,50,45,5
407,1958-08-09,32,50,38,12
407,1958-08-16,33,50,38,12
408,1958-08-23,34,50,37,13
408,1958-08-30,35,50,41,9
408,1958-09-06,36,50,37,13
408,1958-09-13,37,50,43,7
408,1958-09-20,38,50,39,11
408,1958-09-27,39,50,43,7
409,1958-10-04,40,50,37,13
409,1958-10-11,41,50,43,7
409,1958-10-18,42,50,38,12
409,1958-10-25,43,50,38,12
409,1958-11-01,44,50,35,15
409,1958-11-08,45,50,41,9
409,1958-11-15,46,50,40,10
409,1958-11-22,47,50,37,13
409,1958-11-29,48,50,37,13
409,1958-12-06,49,50,40,10
410,1958-12-13,50,50,40,10
410,1958-12-20,51,50,44,6
410,1958-12-27,52,50,42,8
410,1959-01-03,1,50,39,11
410,1959-01-10,2,50,37,13
410,1959-01-17,3,50,39,11
410,1959-01-24,4,50,42,8
410,1959-01-31,5,50,36,14
410,1959-02-07,6,50,41,9
410,1959-02-14,7,50,35,15
410,1959-02-21,8,50,37,13
410,1959-02-28,9,50,35,15
411,1959-03-07,10,50,41,9
411,1959-03-14,11,50,42,8
411,1959-03-21,12,50,42,8
411,1959-03-28,13,50,40,10
411,1959-04-04,14,50,40,10
411,1959-04-11,15,50,41,9
411,1959-04-18,16,50,36,14
411,1959-04-27,17,50,38,12
411,1959-05-04,18,50,35,15
412,1959-05-09,19,50,38,12
412,1959-05-16,20,50,38,12
412,1959-05-23,21,50,38,12
412,1959-05-30,22,50,41,9
412,1959-06-06,23,50,42,8
412,1959-06-13,24,50,39,11
412,1959-06-20,25,50,41,9
412,1959-06-27,26,50,38,12
412,1959-07-04,27,50,38,12
413,1959-07-11,28,50,41,9
413,1959-07-18,29,50,36,14
413,1959-07-25,30,50,37,13
413,1959-08-01,31,50,41,9
413,1959-08-08,32,50,41,9
413,1959-08-17,33,50,45,5
413,1959-08-22,34,50,44,6
413,1959-08-29,35,50,43,7
413,1959-09-05,36,50,40,10
413,1959-09-12,37,50,42,8
413,1959-09-19,38,50,40,10
414,1959-09-26,39,50,37,13
414,1959-10-03,40,50,41,9
414,1959-10-10,41,50,38,12
414,1959-10-17,42,50,39,11
414,1959-10-24,43,50,39,11
414,1959-10-31,44,50,39,11
414,1959-11-07,45,50,39,11
414,1959-11-14,46,50,41,9
414,1959-11-21,47,50,41,9
415,1959-11-28,48,50,40,10
415,1959-12-05,49,50,41,9
415,1959-12-12,50,50,36,14
415,1959-12-19,51,50,38,12
415,1959-12-28,52,50,45,5
415,1960-01-04,1,50,40,10
415,1960-01-09,2,50,40,10
416,1960-01-16,3,50,36,14
416,1960-01-23,4,50,39,11
416,1960-01-30,5,50,40,10
416,1960-02-06,6,50,40,10
416,1960-02-13,7,50,36,14
416,1960-02-20,8,50,40,10
416,1960-02-27,9,50,39,11
416,1960-03-05,10,50,41,9
416,1960-03-12,11,50,40,10
416,1960-03-21,12,50,42,8
416,1960-03-26,13,50,37,13
416,1960-04-02,14,50,39,11
416,1960-04-09,15,50,41,9
417,1960-04-16,16,50,36,14
417,1960-04-23,17,50,42,8
417,1960-04-30,18,50,36,14
417,1960-05-07,19,50,40,10
417,1960-05-14,20,50,42,8
417,1960-05-21,21,50,39,11
417,1960-05-28,22,50,42,8
418,1960-06-04,23,50,44,6
418,1960-06-11,24,50,38,12
418,1960-06-18,25,50,39,11
418,1960-06-25,26,50,40,10
418,1960-07-02,27,50,42,8
418,1960-07-09,28,50,39,11
418,1960-07-16,29,50,39,11
419,1960-07-23,30,50,38,12
419,1960-07-30,31,50,40,10
419,1960-08-06,32,50,36,14
419,1960-08-13,33,50,42,8
419,1960-08-20,34,50,39,11
419,1960-08-27,35,50,40,10
419,1960-09-03,36,50,38,12
420,1960-09-10,37,50,36,14
420,1960-09-17,38,50,39,11
420,1960-09-24,39,50,39,11
420,1960-10-01,40,50,40,10
420,1960-10-08,41,50,45,5
420,1960-10-15,42,50,40,10
420,1960-10-22,43,50,36,14
420,1960-10-29,44,50,38,12
420,1960-11-07,45,50,39,11
420,1960-11-12,46,50,41,9
420,1960-11-19,47,50,40,10
421,1960-11-26,48,50,41,9
421,1960-12-03,49,50,41,9
421,1960-12-10,50,50,43,7
421,1960-12-17,51,50,42,8
421,1960-12-24,52,50,38,12
421,1960-12-31,53,50,35,15
421,1961-01-09,1,50,36,14
421,1961-01-14,2,50,40,10
421,1961-01-21,3,50,41,9
421,1961-01-28,4,50,40,10
422,1961-02-04,5,50,36,14
422,1961-02-11,6,50,39,11
422,1961-02-18,7,50,35,15
422,1961-02-25,8,50,40,10
422,1961-03-04,9,50,38,12
422,1961-03-11,10,50,42,8
422,1961-03-18,11,50,38,12
422,1961-03-25,12,50,39,11
422,1961-04-01,13,50,40,10
422,1961-04-08,14,50,35,15
422,1961-04-15,15,50,38,12
422,1961-04-22,16,50,39,11
423,1961-04-29,17,50,43,7
423,1961-05-06,18,50,40,10
423,1961-05-13,19,50,37,13
423,1961-05-20,20,50,39,11
423,1961-05-27,21,50,39,11
423,1961-06-05,22,50,37,13
423,1961-06-17,24,50,36,14
423,1961-06-24,25,50,36,14
423,1961-07-01,26,50,35,15
423,1961-07-08,27,50,39,11
424,1961-07-15,28,50,40,10
424,1961-07-22,29,50,42,8
424,1961-07-29,30,50,37,13
424,1961-08-05,31,50,40,10
424,1961-08-12,32,50,38,12
424,1961-08-19,33,50,38,12
424,1961-08-26,34,50,37,13
424,1961-09-02,35,50,39,11
424,1961-09-09,36,50,39,11
424,1961-09-16,37,50,41,9
424,1961-09-23,38,50,41,9
424,1961-09-30,39,50,36,14
424,1961-10-07,40,50,43,7
425,1961-10-14,41,50,39,11
425,1961-10-21,42,50,41,9
425,1961-10-28,43,50,40,10
425,1961-11-06,44,50,37,13
425,1961-11-11,45,50,38,12
425,1961-11-18,46,50,36,14
425,1961-11-25,47,50,40,10
425,1961-12-02,48,50,43,7
425,1961-12-11,49,50,38,12
425,1961-12-16,50,50,36,14
426,1961-12-23,51,50,37,13
426,1961-12-30,52,50,39,11
426,1962-01-06,1,50,41,9
426,1962-01-13,2,50,35,15
426,1962-01-20,3,50,42,8
426,1962-01-27,4,50,36,14
426,1962-02-03,5,50,39,11
426,1962-02-10,6,50,39,11
426,1962-02-17,7,50,42,8
426,1962-02-24,8,50,40,10
426,1962-03-03,9,50,38,12
426,1962-03-10,10,50,39,11
426,1962-03-17,11,50,43,7
426,1962-03-24,12,50,39,11
426,1962-03-31,13,50,36,14
426,1962-04-07,14,50,38,12
427,1962-04-14,15,50,38,12
427,1962-04-21,16,50,42,8
427,1962-04-28,17,50,40,10
427,1962-05-05,18,50,40,10
427,1962-05-12,19,50,37,13
427,1962-05-19,20,50,44,6
427,1962-05-26,21,50,42,8
427,1962-06-02,22,50,39,11
427,1962-06-09,23,50,38,12
428,1962-06-16,24,50,42,8
428,1962-06-23,25,50,37,13
428,1962-06-30,26,50,37,13
428,1962-07-07,27,50,39,11
428,1962-07-14,28,50,38,12
428,1962-07-21,29,50,36,14
428,1962-07-28,30,50,41,9
428,1962-08-04,31,50,36,14
428,1962-08-11,32,50,38,12
428,1962-08-18,33,50,40,10
428,1962-08-25,34,50,36,14
429,1962-09-01,35,50,40,10
429,1962-09-08,36,50,38,12
429,1962-09-15,37,50,37,13
429,1962-09-22,38,50,41,9
429,1962-09-29,39,50,39,11
429,1962-10-06,40,50,35,15
429,1962-10-13,41,50,38,12
429,1962-10-20,42,50,40,10
430,1962-10-27,43,50,37,13
430,1962-11-03,44,50,39,11
430,1962-11-10,45,50,39,11
430,1962-11-17,46,50,39,11
430,1962-11-24,47,50,40,10
430,1962-12-01,48,50,38,12
430,1962-12-08,49,50,45,5
430,1962-12-15,50,50,33,17
430,1962-12-22,51,50,37,13
430,1962-12-29,52,50,36,14
431,1963-01-05,1,50,38,12
431,1963-01-12,2,50,35,15
431,1963-01-19,3,50,43,7
431,1963-01-26,4,50,38,12
431,1963-02-02,5,50,40,10
431,1963-02-09,6,50,38,12
431,1963-02-16,7,50,42,8
431,1963-02-23,8,50,39,11
431,1963-03-02,9,50,37,13
432,1963-03-09,10,50,39,11
432,1963-03-16,11,50,37,13
432,1963-03-23,12,50,38,12
432,1963-03-30,13,50,38,12
432,1963-04-06,14,50,38,12
432,1963-04-13,15,50,37,13
432,1963-04-20,16,50,38,12
432,1963-04-27,17,50,41,9
432,1963-05-04,18,50,40,10
432,1963-05-11,19,50,43,7
432,1963-05-18,20,50,39,11
433,1963-05-25,21,50,37,13
433,1963-06-01,22,50,38,12
433,1963-06-08,23,50,37,13
433,1963-06-15,24,50,44,6
433,1963-06-22,25,50,40,10
433,1963-07-01,26,50,41,9
433,1963-07-06,27,50,41,9
434,1963-07-13,28,50,36,14
434,1963-07-20,29,50,36,14
434,1963-07-27,30,50,39,11
434,1963-08-03,31,50,37,13
434,1963-08-10,32,50,43,7
434,1963-08-17,33,50,38,12
434,1963-08-24,34,50,40,10
434,1963-08-31,35,50,37,13
434,1963-09-07,36,50,41,9
434,1963-09-14,37,50,46,4
435,1963-09-21,38,50,41,9
435,1963-09-28,39,50,41,9
435,1963-10-05,40,50,43,7
435,1963-10-12,41,50,39,11
435,1963-10-19,42,50,38,12
435,1963-10-26,43,50,42,8
435,1963-11-02,44,50,41,9
435,1963-11-09,45,50,39,11
435,1963-11-16,46,50,38,12
435,1963-11-23,47,50,42,8
436,1963-11-30,48,50,36,14
436,1963-12-07,49,50,42,8
436,1963-12-14,50,50,42,8
436,1963-12-21,51,50,40,10
436,1963-12-28,52,50,38,12
436,1964-01-04,1,50,40,10
436,1964-01-11,2,50,38,12
436,1964-01-18,3,50,36,14
436,1964-01-25,4,50,41,9
437,1964-02-01,5,50,38,12
437,1964-02-08,6,50,39,11
437,1964-02-15,7,50,37,13
437,1964-02-22,8,50,39,11
437,1964-02-29,9,50,39,11
437,1964-03-07,10,50,38,12
437,1964-03-14,11,50,37,13
437,1964-03-21,12,50,37,13
437,1964-03-28,13,50,43,7
437,1964-04-07,14,50,38,12
438,1964-04-11,15,50,40,10
438,1964-04-18,16,50,38,12
438,1964-04-27,17,50,38,12
438,1964-05-04,18,50,38,12
438,1964-05-09,19,50,41,9
438,1964-05-16,20,50,38,12
438,1964-05-23,21,50,38,12
438,1964-05-30,22,50,37,13
438,1964-06-06,23,50,44,6
438,1964-06-13,24,50,43,7
438,1964-06-20,25,50,39,11
439,1964-06-27,26,50,38,12
439,1964-07-04,27,50,37,13
439,1964-07-11,28,50,32,18
439,1964-07-18,29,50,43,7
439,1964-07-25,30,50,40,10
439,1964-08-01,31,50,39,11
439,1964-08-08,32,50,35,15
439,1964-08-17,33,50,39,11
439,1964-08-22,34,50,37,13
439,1964-08-29,35,50,36,14
439,1964-09-05,36,50,40,10
440,1964-09-12,37,50,39,11
440,1964-09-19,38,50,41,9
440,1964-09-26,39,50,36,14
440,1964-10-03,40,50,38,12
440,1964-10-10,41,50,41,9
440,1964-10-17,42,50,39,11
440,1964-10-24,43,50,40,10
440,1964-10-31,44,50,38,12
440,1964-11-07,45,50,41,9
440,1964-11-14,46,50,41,9
441,1964-11-21,47,50,38,12
441,1964-11-28,48,50,41,9
441,1964-12-05,49,50,42,8
441,1964-12-12,50,50,36,14
441,1964-12-19,51,50,38,12
441,1964-12-28,52,50,38,12
441,1965-01-02,1,50,38,12
442,1965-01-09,2,50,33,17
442,1965-01-16,3,50,40,10
442,1965-01-23,4,50,43,7
442,1965-01-30,5,50,35,15
442,1965-02-06,6,50,39,11
442,1965-02-13,7,50,40,10
442,1965-02-20,8,50,42,8
442,1965-02-27,9,50,36,14
442,1965-03-06,10,50,40,10
443,1965-03-13,11,50,43,7
443,1965-03-20,12,50,39,11
443,1965-03-27,13,50,40,10
443,1965-04-03,14,50,39,11
443,1965-04-10,15,50,40,10
443,1965-04-17,16,50,42,8
443,1965-04-24,17,50,40,10
443,1965-04-30,18,50,42,8
443,1965-05-08,19,50,35,15
443,1965-05-15,20,50,37,13
443,1965-05-22,21,50,42,8
443,1965-05-29,22,50,39,11
444,1965-06-05,23,50,37,13
444,1965-06-12,24,50,37,13
444,1965-06-19,25,50,41,9
444,1965-06-26,26,50,39,11
444,1965-07-03,27,50,39,11
444,1965-07-10,28,50,38,12
444,1965-07-17,29,50,40,10
445,1965-07-24,30,50,42,8
445,1965-07-31,31,50,42,8
445,1965-08-07,32,50,42,8
445,1965-08-14,33,50,42,8
445,1965-08-21,34,50,39,11
445,1965-08-28,35,50,36,14
445,1965-09-04,36,50,43,7
445,1965-09-11,37,50,41,9
445,1965-09-18,38,50,39,11
445,1965-09-25,39,50,39,11
445,1965-10-02,40,50,44,6
445,1965-10-09,41,50,40,10
445,1965-10-16,42,50,39,11
445,1965-10-23,43,50,37,13
446,1965-10-30,44,50,42,8
446,1965-11-06,45,50,44,6
446,1965-11-13,46,50,34,16
446,1965-11-20,47,50,40,10
446,1965-11-27,48,50,38,12
446,1965-12-04,49,50,42,8
446,1965-12-11,50,50,41,9
446,1965-12-18,51,50,38,12
446,1965-12-24,52,50,42,8
447,1966-01-03,1,50,36,14
447,1966-01-08,2,50,37,13
447,1966-01-15,3,50,36,14
447,1966-01-22,4,50,39,11
447,1966-01-29,5,50,41,9
447,1966-02-05,6,50,38,12
447,1966-02-12,7,50,41,9
447,1966-02-19,8,50,38,12
447,1966-02-26,9,50,39,11
448,1966-03-05,10,50,36,14
448,1966-03-12,11,50,42,8
448,1966-03-19,12,50,41,9
448,1966-03-26,13,50,38,12
448,1966-04-02,14,50,45,5
448,1966-04-09,15,50,40,10
448,1966-04-16,16,50,37,13
448,1966-04-23,17,50,37,13
449,1966-04-30,18,50,43,7
449,1966-05-07,19,50,37,13
449,1966-05-14,20,50,42,8
449,1966-05-21,21,50,36,14
449,1966-05-28,22,50,33,17
449,1966-06-04,23,50,40,10
449,1966-06-11,24,50,40,10
449,1966-06-18,25,50,37,13
449,1966-06-25,26,50,44,6
450,1966-07-02,27,50,41,9
450,1966-07-09,28,50,37,13
450,1966-07-16,29,50,36,14
450,1966-07-23,30,50,43,7
450,1966-07-30,31,50,40,10
450,1966-08-06,32,50,41,9
450,1966-08-13,33,50,39,11
450,1966-08-20,34,50,41,9
450,1966-08-27,35,50,40,10
450,1966-09-03,36,50,36,14
451,1966-09-10,37,50,37,13
451,1966-09-17,38,50,43,7
451,1966-09-24,39,50,44,6
451,1966-10-01,40,50,41,9
451,1966-10-08,41,50,40,10
451,1966-10-15,42,50,40,10
451,1966-10-22,43,50,35,15
451,1966-10-29,44,50,41,9
451,1966-11-05,45,50,36,14
451,1966-11-12,46,50,39,11
451,1966-11-19,47,50,40,10
451,1966-11-26,48,50,38,12
451,1966-12-03,49,50,38,12
452,1966-12-10,50,50,43,7
452,1966-12-17,51,50,34,16
452,1966-12-24,52,50,39,11
452,1966-12-31,53,50,35,15
452,1967-01-07,1,50,37,13
452,1967-01-14,2,50,37,13
452,1967-01-21,3,50,42,8
452,1967-01-28,4,50,38,12
452,1967-02-04,5,50,42,8
452,1967-02-11,6,50,37,13
452,1967-02-18,7,50,39,11
452,1967-02-25,8,50,42,8
452,1967-03-04,9,50,37,13
452,1967-03-11,10,50,40,10
452,1967-03-18,11,50,45,5
453,1967-03-25,12,50,39,11
453,1967-04-01,13,50,37,13
453,1967-04-08,14,50,35,15
453,1967-04-15,15,50,39,11
453,1967-04-22,16,50,41,9
453,1967-04-29,17,50,39,11
453,1967-05-06,18,50,37,13
453,1967-05-13,19,50,37,13
453,1967-05-20,20,50,40,10
453,1967-05-27,21,50,39,11
453,1967-06-03,22,50,39,11
453,1967-06-10,23,50,43,7
454,1967-06-17,24,50,38,12
454,1967-06-24,25,50,38,12
454,1967-07-01,26,50,38,12
454,1967-07-08,27,50,41,9
454,1967-07-15,28,50,39,11
454,1967-07-22,29,50,40,10
454,1967-07-29,30,50,42,8
455,1967-08-05,31,50,39,11
455,1967-08-12,32,50,38,12
455,1967-08-19,33,50,41,9
455,1967-08-26,34,50,40,10
455,1967-09-02,35,50,41,9
455,1967-09-09,36,50,39,11
455,1967-09-16,37,50,40,10
456,1967-09-23,38,50,36,14
456,1967-09-30,39,50,40,10
456,1967-10-07,40,50,38,12
456,1967-10-16,41,50,42,8
456,1967-10-21,42,50,44,6
456,1967-10-27,43,50,37,13
456,1967-11-06,44,50,39,11
456,1967-11-11,45,50,40,10
456,1967-11-18,46,50,44,6
457,1967-11-25,47,50,39,11
457,1967-12-02,48,50,32,18
457,1967-12-09,49,50,39,11
457,1967-12-16,50,50,40,10
457,1967-12-23,51,50,44,6
457,1967-12-30,52,50,43,7
457,1968-01-05,1,50,40,10
458,1968-01-13,2,50,38,12
458,1968-01-20,3,50,41,9
458,1968-01-27,4,50,44,6
458,1968-02-03,5,50,38,12
458,1968-02-10,6,50,38,12
458,1968-02-17,7,50,38,12
458,1968-02-24,8,50,37,13
458,1968-03-02,9,50,38,12
458,1968-03-09,10,50,40,10
458,1968-03-16,11,50,42,8
459,1968-03-23,12,50,38,12
459,1968-03-30,13,50,45,5
459,1968-04-06,14,50,40,10
459,1968-04-13,15,50,41,9
459,1968-04-20,16,50,41,9
459,1968-04-27,17,50,38,12
459,1968-05-04,18,50,39,11
459,1968-05-11,19,50,40,10
459,1968-05-18,20,50,39,11
460,1968-05-25,21,50,41,9
460,1968-06-01,22,50,39,11
460,1968-06-08,23,50,39,11
460,1968-06-15,24,50,39,11
460,1968-06-22,25,50,39,11
460,1968-06-28,26,50,39,11
460,1968-07-06,27,50,42,8
460,1968-07-13,28,50,38,12
460,1968-07-20,29,50,40,10
461,1968-07-27,30,50,39,11
461,1968-08-03,31,50,39,11
461,1968-08-10,32,50,38,12
461,1968-08-17,33,50,43,7
461,1968-08-24,34,50,43,7
461,1968-08-31,35,50,37,13
461,1968-09-07,36,50,40,10
462,1968-09-14,37,50,38,12
462,1968-09-21,38,50,41,9
462,1968-09-28,39,50,39,11
462,1968-10-05,40,50,39,11
462,1968-10-12,41,50,35,15
462,1968-10-19,42,50,36,14
462,1968-10-26,43,50,38,12
462,1968-11-02,44,50,41,9
463,1968-11-09,45,50,38,12
463,1968-11-16,46,50,41,9
463,1968-11-23,47,50,36,14
463,1968-11-30,48,50,38,12
463,1968-12-07,49,50,39,11
463,1968-12-14,50,50,42,8
463,1968-12-21,51,50,41,9
463,1968-12-28,52,50,39,11
463,1969-01-04,1,50,35,15
463,1969-01-11,2,50,41,9
463,1969-01-18,3,50,39,11
463,1969-01-25,4,50,39,11
463,1969-02-01,5,50,38,12
463,1969-02-08,6,50,40,10
464,1969-02-15,7,50,39,11
464,1969-02-22,8,50,38,12
464,1969-03-01,9,50,36,14
464,1969-03-08,10,50,36,14
464,1969-03-15,11,50,41,9
464,1969-03-22,12,50,41,9
464,1969-03-29,13,50,44,6
464,1969-04-05,14,50,38,12
464,1969-04-12,15,50,38,12
464,1969-04-19,16,50,41,9
464,1969-04-26,17,50,39,11
464,1969-05-03,18,50,41,9
465,1969-05-10,19,50,42,8
465,1969-05-17,20,50,37,13
465,1969-05-24,21,50,41,9
465,1969-05-31,22,50,39,11
465,1969-06-07,23,50,38,12
465,1969-06-14,24,50,41,9
465,1969-06-21,25,50,39,11
465,1969-06-28,26,50,38,12
466,1969-07-05,27,50,40,10
466,1969-07-12,28,50,39,11
466,1969-07-19,29,50,34,16
466,1969-07-26,30,50,41,9
466,1969-08-02,31,50,35,15
466,1969-08-09,32,50,42,8
466,1969-08-16,33,50,42,8
466,1969-08-23,34,50,38,12
466,1969-08-30,35,50,36,14
467,1969-09-06,36,50,39,11
467,1969-09-13,37,50,38,12
467,1969-09-20,38,50,36,14
467,1969-09-27,39,50,39,11
467,1969-10-04,40,50,42,8
467,1969-10-11,41,50,39,11
467,1969-10-18,42,50,40,10
467,1969-10-25,43,50,41,9
467,1969-10-31,44,50,42,8
468,1969-11-08,45,50,36,14
468,1969-11-15,46,50,41,9
468,1969-11-22,47,50,38,12
468,1969-11-29,48,50,39,11
468,1969-12-06,49,50,41,9
468,1969-12-13,50,50,38,12
468,1969-12-20,51,50,38,12
468,1969-12-27,52,50,38,12
468,1970-01-03,1,50,37,13
468,1970-01-10,2,50,41,9
469,1970-01-17,3,50,38,12
469,1970-01-24,4,50,38,12
469,1970-01-31,5,50,38,12
469,1970-02-07,6,50,38,12
469,1970-02-14,7,50,39,11
469,1970-02-21,8,50,39,11
469,1970-02-28,9,50,39,11
469,1970-03-07,10,50,37,13
469,1970-03-14,11,50,43,7
470,1970-03-21,12,50,40,10
470,1970-03-28,13,50,37,13
470,1970-04-04,14,50,38,12
470,1970-04-11,15,50,42,8
470,1970-04-18,16,50,38,12
470,1970-04-25,17,50,32,18
470,1970-05-02,18,50,39,11
470,1970-05-09,19,50,38,12
470,1970-05-16,20,50,39,11
470,1970-05-23,21,50,40,10
470,1970-05-30,22,50,39,11
470,1970-06-06,23,50,36,14
471,1970-06-13,24,50,38,12
471,1970-06-20,25,50,41,9
471,1970-06-27,26,50,39,11
471,1970-07-04,27,50,36,14
471,1970-07-11,28,50,43,7
471,1970-07-18,29,50,39,11
471,1970-07-25,30,50,40,10
472,1970-08-01,31,50,38,12
472,1970-08-08,32,50,36,14
472,1970-08-15,33,50,38,12
472,1970-08-22,34,50,39,11
472,1970-08-29,35,50,41,9
472,1970-09-05,36,50,38,12
472,1970-09-12,37,50,39,11
472,1970-09-19,38,50,39,11
472,1970-09-26,39,50,37,13
472,1970-10-03,40,50,38,12
473,1970-10-10,41,50,42,8
473,1970-10-17,42,50,39,11
473,1970-10-24,43,50,36,14
473,1970-10-31,44,50,39,11
473,1970-11-07,45,50,41,9
473,1970-11-14,46,50,35,15
473,1970-11-21,47,50,38,12
473,1970-11-28,48,50,41,9
473,1970-12-05,49,50,38,12
473,1970-12-12,50,50,36,14
473,1970-12-19,51,50,39,11
474,1970-12-28,52,50,38,12
474,1971-01-02,1,50,38,12
474,1971-01-09,2,50,43,7
474,1971-01-16,3,50,35,15
474,1971-01-23,4,50,37,13
474,1971-01-30,5,50,37,13
474,1971-02-06,6,50,38,12
474,1971-02-13,7,50,41,9
475,1971-02-20,8,50,40,10
475,1971-02-27,9,50,34,16
475,1971-03-06,10,50,34,16
475,1971-03-13,11,50,40,10
475,1971-03-20,12,50,41,9
475,1971-03-27,13,50,38,12
475,1971-04-03,14,50,44,6
475,1971-04-10,15,50,39,11
475,1971-04-17,16,50,38,12
476,1971-04-24,17,50,42,8
476,1971-05-01,18,50,37,13
476,1971-05-08,19,50,36,14
476,1971-05-15,20,50,39,11
476,1971-05-22,21,50,39,11
476,1971-05-29,22,50,39,11
476,1971-06-05,23,50,39,11
476,1971-06-12,24,50,40,10
476,1971-06-19,25,50,42,8
477,1971-06-26,26,50,37,13
477,1971-07-03,27,50,40,10
477,1971-07-10,28,50,39,11
477,1971-07-17,29,50,39,11
477,1971-07-24,30,50,44,6
477,1971-07-31,31,50,42,8
477,1971-08-07,32,50,34,16
477,1971-08-14,33,50,39,11
478,1971-08-21,34,50,40,10
478,1971-08-28,35,50,43,7
478,1971-09-04,36,50,42,8
478,1971-09-11,37,50,38,12
478,1971-09-18,38,50,39,11
478,1971-09-25,39,50,36,14
478,1971-10-02,40,50,34,16
478,1971-10-09,41,50,38,12
479,1971-10-16,42,50,42,8
479,1971-10-23,43,50,41,9
479,1971-10-30,44,50,42,8
479,1971-11-06,45,50,42,8
479,1971-11-13,46,50,40,10
479,1971-11-20,47,50,35,15
479,1971-11-27,48,50,38,12
479,1971-12-04,49,50,37,13
479,1971-12-11,50,50,41,9
479,1971-12-18,51,50,36,14
479,1971-12-25,52,50,37,13
479,1972-01-01,1,50,39,11
479,1972-01-08,2,50,37,13
480,1972-01-15,3,50,38,12
480,1972-01-22,4,50,41,9
480,1972-01-29,5,50,39,11
480,1972-02-05,6,50,41,9
480,1972-02-12,7,50,43,7
480,1972-02-19,8,50,36,14
480,1972-02-26,9,50,41,9
480,1972-03-04,10,50,42,8
480,1972-03-11,11,50,35,15
481,1972-03-18,12,50,40,10
481,1972-03-25,13,50,39,11
481,1972-04-01,14,50,40,10
481,1972-04-08,15,50,38,12
481,1972-04-15,16,50,40,10
481,1972-04-22,17,50,41,9
481,1972-04-29,18,50,36,14
481,1972-05-06,19,50,40,10
482,1972-05-13,20,50,39,11
482,1972-05-20,21,50,42,8
482,1972-05-27,22,50,42,8
482,1972-06-03,23,50,37,13
482,1972-06-10,24,50,39,11
482,1972-06-17,25,50,37,13
482,1972-06-24,26,50,39,11
482,1972-07-01,27,50,43,7
482,1972-07-08,28,50,42,8
482,1972-07-15,29,50,37,13
483,1972-07-22,30,50,42,8
483,1972-07-29,31,50,36,14
483,1972-08-05,32,50,40,10
483,1972-08-12,33,50,41,9
483,1972-08-19,34,50,45,5
483,1972-08-26,35,50,42,8
483,1972-09-02,36,50,40,10
484,1972-09-09,37,50,35,15
484,1972-09-16,38,50,40,10
484,1972-09-23,39,50,43,7
484,1972-09-30,40,50,38,12
484,1972-10-07,41,50,39,11
484,1972-10-14,42,50,40,10
484,1972-10-21,43,50,40,10
484,1972-10-28,44,50,39,11
484,1972-11-04,45,50,38,12
485,1972-11-11,46,50,38,12
485,1972-11-18,47,50,38,12
485,1972-11-25,48,50,37,13
485,1972-12-02,49,50,40,10
485,1972-12-09,50,50,38,12
485,1972-12-16,51,50,40,10
485,1972-12-23,52,50,38,12
485,1972-12-30,53,50,44,6
486,1973-01-06,1,50,35,15
486,1973-01-13,2,50,41,9
486,1973-01-20,3,50,39,11
486,1973-01-27,4,50,41,9
486,1973-02-03,5,50,40,10
486,1973-02-10,6,50,40,10
486,1973-02-17,7,50,41,9
486,1973-02-24,8,50,40,10
487,1973-03-03,9,50,42,8
487,1973-03-10,10,50,39,11
487,1973-03-17,11,50,42,8
487,1973-03-24,12,50,41,9
487,1973-03-31,13,50,38,12
487,1973-04-07,14,50,40,10
487,1973-04-14,15,50,40,10
487,1973-04-21,16,50,38,12
487,1973-04-28,17,50,39,11
488,1973-05-05,18,50,43,7
488,1973-05-12,19,50,37,13
488,1973-05-19,20,50,39,11
488,1973-05-26,21,50,46,4
488,1973-06-02,22,50,39,11
488,1973-06-09,23,50,37,13
488,1973-06-16,24,50,34,16
489,1973-06-23,25,50,40,10
489,1973-06-30,26,50,41,9
489,1973-07-07,27,50,37,13
489,1973-07-14,28,50,41,9
489,1973-07-21,29,50,41,9
489,1973-07-28,30,50,43,7
489,1973-08-04,31,50,36,14
489,1973-08-11,32,50,39,11
489,1973-08-18,33,50,41,9
489,1973-08-25,34,50,36,14
490,1973-09-01,35,50,40,10
490,1973-09-08,36,50,36,14
490,1973-09-15,37,50,38,12
490,1973-09-22,38,50,38,12
490,1973-09-29,39,50,39,11
490,1973-10-06,40,50,37,13
490,1973-10-13,41,50,39,11
490,1973-10-20,42,50,43,7
491,1973-10-27,43,50,36,14
491,1973-11-03,44,50,35,15
491,1973-11-10,45,50,41,9
491,1973-11-17,46,50,42,8
491,1973-11-24,47,50,42,8
491,1973-12-01,48,50,38,12
491,1973-12-08,49,50,40,10
491,1973-12-15,50,50,34,16
491,1973-12-22,51,50,40,10
491,1973-12-29,52,50,39,11
491,1974-01-05,1,50,40,10
492,1974-01-12,2,50,39,11
492,1974-01-19,3,50,41,9
492,1974-01-26,4,50,37,13
492,1974-02-02,5,50,43,7
492,1974-02-09,6,50,37,13
492,1974-02-16,7,50,43,7
492,1974-02-23,8,50,45,5
492,1974-03-02,9,50,41,9
493,1974-03-09,10,50,37,13
493,1974-03-16,11,50,41,9
493,1974-03-23,12,50,36,14
493,1974-03-30,13,50,37,13
493,1974-04-06,14,50,39,11
493,1974-04-13,15,50,44,6
493,1974-04-20,16,50,42,8
493,1974-04-27,17,50,38,12
494,1974-05-04,18,50,35,15
494,1974-05-11,19,50,37,13
494,1974-05-18,20,50,39,11
494,1974-05-25,21,50,40,10
494,1974-06-01,22,50,38,12
494,1974-06-08,23,50,36,14
494,1974-06-15,24,50,39,11
494,1974-06-22,25,50,43,7
494,1974-06-29,26,50,41,9
495,1974-07-06,27,50,38,12
495,1974-07-13,28,50,39,11
495,1974-07-20,29,50,39,11
495,1974-07-27,30,50,39,11
495,1974-08-03,31,50,39,11
495,1974-08-10,32,50,39,11
495,1974-08-17,33,50,37,13
495,1974-08-24,34,50,38,12
495,1974-08-31,35,50,39,11
495,1974-09-07,36,50,38,12
495,1974-09-14,37,50,38,12
495,1974-09-21,38,50,35,15
495,1974-09-28,39,50,39,11
495,1974-10-05,40,50,36,14
496,1974-10-12,41,50,39,11
496,1974-10-19,42,50,40,10
496,1974-10-26,43,50,40,10
496,1974-11-02,44,50,34,16
496,1974-11-09,45,50,38,12
496,1974-11-16,46,50,40,10
496,1974-11-23,47,50,42,8
496,1974-11-30,48,50,39,11
497,1974-12-07,49,50,42,8
497,1974-12-14,50,50,43,7
497,1974-12-21,51,50,40,10
497,1974-12-28,52,50,38,12
497,1975-01-04,1,50,33,17
497,1975-01-11,2,50,40,10
497,1975-01-18,3,50,41,9
497,1975-01-25,4,50,44,6
497,1975-02-01,5,50,38,12
497,1975-02-08,6,50,33,17
497,1975-02-15,7,50,38,12
498,1975-02-22,8,50,42,8
498,1975-03-01,9,50,41,9
498,1975-03-08,10,50,40,10
498,1975-03-15,11,50,40,10
498,1975-03-22,12,50,38,12
498,1975-03-29,13,50,38,12
498,1975-04-05,14,50,39,11
498,1975-04-12,15,50,41,9
498,1975-04-19,16,50,37,13
499,1975-04-26,17,50,39,11
499,1975-05-03,18,50,37,13
499,1975-05-10,19,50,35,15
499,1975-05-17,20,50,40,10
499,1975-05-24,21,50,38,12
499,1975-05-31,22,50,40,10
499,1975-06-07,23,50,41,9
499,1975-06-14,24,50,39,11
499,1975-06-21,25,50,43,7
499,1975-06-28,26,50,42,8
500,1975-07-05,27,50,41,9
500,1975-07-12,28,50,37,13
500,1975-07-19,29,50,43,7
500,1975-07-26,30,50,40,10
500,1975-08-02,31,50,44,6
500,1975-08-09,32,50,36,14
500,1975-08-16,33,50,43,7
500,1975-08-23,34,50,38,12
500,1975-08-30,35,50,40,10
500,1975-09-06,36,50,41,9
500,1975-09-13,37,50,43,7
500,1975-09-20,38,50,40,10
500,1975-09-27,39,50,39,11
501,1975-10-04,40,50,35,15
501,1975-10-11,41,50,40,10
501,1975-10-18,42,50,39,11
501,1975-10-25,43,50,44,6
501,1975-11-01,44,50,37,13
501,1975-11-08,45,50,40,10
501,1975-11-15,46,50,41,9
502,1975-11-22,47,50,37,13
502,1975-11-29,48,50,39,11
502,1975-12-06,49,50,36,14
502,1975-12-13,50,50,41,9
502,1975-12-20,51,50,36,14
502,1975-12-27,52,50,40,10
502,1976-01-03,1,50,35,15
502,1976-01-10,2,50,36,14
503,1976-01-17,3,50,38,12
503,1976-01-24,4,50,42,8
503,1976-01-31,5,50,36,14
503,1976-02-07,6,50,37,13
503,1976-02-14,7,50,39,11
503,1976-02-21,8,50,40,10
503,1976-02-28,9,50,41,9
503,1976-03-06,10,50,41,9
503,1976-03-13,11,50,38,12
503,1976-03-20,12,50,43,7
503,1976-03-27,13,50,36,14
504,1976-04-03,14,50,40,10
504,1976-04-10,15,50,38,12
504,1976-04-17,16,50,40,10
504,1976-04-24,17,50,39,11
504,1976-05-01,18,50,40,10
504,1976-05-08,19,50,39,11
504,1976-05-15,20,50,39,11
504,1976-05-22,21,50,36,14
504,1976-05-29,22,50,40,10
504,1976-06-05,23,50,40,10
505,1976-06-12,24,50,40,10
505,1976-06-19,25,50,43,7
505,1976-06-26,26,50,38,12
505,1976-07-03,27,50,42,8
505,1976-07-10,28,50,37,13
505,1976-07-17,29,50,38,12
505,1976-07-24,30,50,42,8
505,1976-07-31,31,50,39,11
505,1976-08-07,32,50,38,12
505,1976-08-14,33,50,42,8
505,1976-08-21,34,50,37,13
505,1976-08-28,35,50,39,11
505,1976-09-04,36,50,35,15
505,1976-09-11,37,50,39,11
506,1976-09-18,38,50,40,10
506,1976-09-25,39,50,41,9
506,1976-10-02,40,50,36,14
506,1976-10-09,41,50,40,10
506,1976-10-16,42,50,42,8
506,1976-10-23,43,50,39,11
506,1976-10-30,44,50,38,12
506,1976-11-06,45,50,44,6
506,1976-11-13,46,50,39,11
506,1976-11-20,47,50,39,11
506,1976-11-27,48,50,43,7
507,1976-12-04,49,50,39,11
507,1976-12-11,50,50,37,13
507,1976-12-18,51,50,35,15
507,1976-12-25,52,50,41,9
507,1977-01-01,1,50,39,11
507,1977-01-08,2,50,41,9
507,1977-01-15,3,50,38,12
507,1977-01-22,4,50,38,12
507,1977-01-29,5,50,40,10
507,1977-02-05,6,50,38,12
508,1977-02-12,7,50,38,12
508,1977-02-19,8,50,44,6
508,1977-02-26,9,50,39,11
508,1977-03-05,10,50,36,14
508,1977-03-12,11,50,36,14
508,1977-03-19,12,50,41,9
508,1977-03-26,13,50,37,13
508,1977-04-02,14,50,41,9
509,1977-04-09,15,50,36,14
509,1977-04-16,16,50,38,12
509,1977-04-23,17,50,39,11
509,1977-04-30,18,50,39,11
509,1977-05-07,19,50,42,8
509,1977-05-14,20,50,36,14
509,1977-05-21,21,50,38,12
509,1977-05-28,22,50,39,11
509,1977-06-04,23,50,40,10
510,1977-06-11,24,50,36,14
510,1977-06-18,25,50,37,13
510,1977-06-25,26,50,40,10
510,1977-07-02,27,50,41,9
510,1977-07-09,28,50,38,12
510,1977-07-16,29,50,41,9
510,1977-07-23,30,50,36,14
510,1977-07-30,31,50,41,9
510,1977-08-06,32,50,36,14
510,1977-08-13,33,50,37,13
511,1977-08-20,34,50,39,11
511,1977-08-27,35,50,39,11
511,1977-09-03,36,50,36,14
511,1977-09-10,37,50,37,13
511,1977-09-17,38,50,36,14
511,1977-09-24,39,50,41,9
511,1977-10-01,40,50,42,8
511,1977-10-08,41,50,38,12
511,1977-10-15,42,50,40,10
511,1977-10-22,43,50,38,12
511,1977-10-29,44,50,37,13
512,1977-11-05,45,50,38,12
512,1977-11-12,46,50,41,9
512,1977-11-19,47,50,36,14
512,1977-11-26,48,50,36,14
512,1977-12-03,49,50,41,9
512,1977-12-10,50,50,43,7
512,1977-12-17,51,50,41,9
512,1977-12-24,52,50,43,7
512,1977-12-31,53,50,39,11
513,1978-01-07,1,50,40,10
513,1978-01-14,2,50,38,12
513,1978-01-21,3,50,39,11
513,1978-01-28,4,50,40,10
513,1978-02-04,5,50,42,8
513,1978-02-11,6,50,42,8
514,1978-02-18,7,50,38,12
514,1978-02-25,8,50,39,11
514,1978-03-04,9,50,38,12
514,1978-03-11,10,50,35,15
514,1978-03-18,11,50,41,9
514,1978-03-25,12,50,36,14
514,1978-04-01,13,50,37,13
514,1978-04-08,14,50,43,7
514,1978-04-15,15,50,42,8
515,1978-04-22,16,50,40,10
515,1978-04-29,17,50,42,8
515,1978-05-06,18,50,43,7
515,1978-05-13,19,50,36,14
515,1978-05-20,20,50,36,14
515,1978-05-27,21,50,42,8
515,1978-06-03,22,50,37,13
515,1978-06-10,23,50,37,13
515,1978-06-17,24,50,42,8
515,1978-06-24,25,50,41,9
516,1978-07-01,26,50,41,9
516,1978-07-08,27,50,41,9
516,1978-07-15,28,50,38,12
516,1978-07-22,29,50,36,14
516,1978-07-29,30,50,36,14
516,1978-08-05,31,50,37,13
516,1978-08-12,32,50,37,13
517,1978-08-19,33,50,38,12
517,1978-08-26,34,50,38,12
517,1978-09-02,35,50,40,10
517,1978-09-09,36,50,35,15
517,1978-09-16,37,50,40,10
517,1978-09-23,38,50,40,10
517,1978-09-30,39,50,39,11
517,1978-10-07,40,50,40,10
517,1978-10-14,41,50,34,16
517,1978-10-21,42,50,41,9
517,1978-10-28,43,50,40,10
517,1978-11-04,44,50,40,10
517,1978-11-11,45,50,38,12
517,1978-11-18,46,50,38,12
517,1978-11-25,47,50,39,11
517,1978-12-02,48,50,39,11
517,1978-12-09,49,50,40,10
518,1978-12-16,50,50,38,12
518,1978-12-23,51,50,36,14
518,1978-12-30,52,50,39,11
518,1979-01-06,1,50,35,15
518,1979-01-13,2,50,38,12
518,1979-01-20,3,50,40,10
518,1979-01-27,4,50,40,10
518,1979-02-03,5,50,37,13
518,1979-02-10,6,50,35,15
518,1979-02-17,7,50,38,12
518,1979-02-24,8,50,37,13
519,1979-03-03,9,50,40,10
519,1979-03-10,10,50,38,12
519,1979-03-17,11,50,39,11
519,1979-03-24,12,50,39,11
519,1979-03-31,13,50,39,11
519,1979-04-07,14,50,37,13
519,1979-04-14,15,50,37,13
519,1979-04-21,16,50,37,13
519,1979-04-28,17,50,40,10
519,1979-05-05,18,50,38,12
520,1979-05-12,19,50,42,8
520,1979-05-19,20,50,37,13
520,1979-05-26,21,50,35,15
520,1979-06-02,22,50,41,9
520,1979-06-09,23,50,41,9
520,1979-06-16,24,50,41,9
520,1979-06-23,25,50,41,9
521,1979-06-30,26,50,38,12
521,1979-07-07,27,50,34,16
521,1979-07-14,28,50,37,13
521,1979-07-21,29,50,40,10
521,1979-07-28,30,50,43,7
521,1979-08-04,31,50,44,6
521,1979-08-11,32,50,43,7
521,1979-08-18,33,50,39,11
522,1979-08-25,34,50,36,14
522,1979-09-01,35,50,37,13
522,1979-09-08,36,50,42,8
522,1979-09-15,37,50,39,11
522,1979-09-22,38,50,41,9
522,1979-09-29,39,50,36,14
522,1979-10-06,40,50,39,11
522,1979-10-13,41,50,39,11
522,1979-10-20,42,50,43,7
523,1979-10-27,43,50,40,10
523,1979-11-03,44,50,40,10
523,1979-11-10,45,50,45,5
523,1979-11-17,46,50,41,9
523,1979-11-24,47,50,40,10
523,1979-12-01,48,50,41,9
523,1979-12-08,49,50,39,11
523,1979-12-15,50,50,39,11
524,1979-12-22,51,50,41,9
524,1979-12-29,52,50,40,10
524,1980-01-05,1,50,42,8
524,1980-01-12,2,50,41,9
524,1980-01-19,3,50,38,12
524,1980-01-26,4,50,43,7
524,1980-02-02,5,50,39,11
524,1980-02-09,6,50,41,9
525,1980-02-16,7,50,38,12
525,1980-02-23,8,50,38,12
525,1980-03-01,9,50,42,8
525,1980-03-08,10,50,39,11
525,1980-03-15,11,50,39,11
525,1980-03-22,12,50,43,7
525,1980-03-29,13,50,38,12
525,1980-04-05,14,50,40,10
525,1980-04-12,15,50,38,12
525,1980-04-19,16,50,42,8
526,1980-04-26,17,50,44,6
526,1980-05-03,18,50,39,11
526,1980-05-10,19,50,42,8
526,1980-05-17,20,50,42,8
526,1980-05-24,21,50,39,11
526,1980-05-31,22,50,37,13
526,1980-06-07,23,50,41,9
526,1980-06-14,24,50,41,9
526,1980-06-21,25,50,40,10
526,1980-06-28,26,50,43,7
527,1980-07-05,27,50,43,7
527,1980-07-12,28,50,37,13
527,1980-07-19,29,50,39,11
527,1980-07-26,30,50,36,14
527,1980-08-02,31,50,39,11
527,1980-08-09,32,50,39,11
527,1980-08-16,33,50,43,7
527,1980-08-23,34,50,37,13
527,1980-08-30,35,50,39,11
527,1980-09-06,36,50,45,5
527,1980-09-13,37,50,35,15
528,1980-09-20,38,50,38,12
528,1980-09-27,39,50,37,13
528,1980-10-04,40,50,41,9
528,1980-10-11,41,50,39,11
528,1980-10-18,42,50,39,11
528,1980-10-25,43,50,37,13
528,1980-11-01,44,50,40,10
528,1980-11-08,45,50,41,9
528,1980-11-15,46,50,41,9
528,1980-11-22,47,50,42,8
528,1980-11-29,48,50,36,14
529,1980-12-06,49,50,38,12
529,1980-12-13,50,50,41,9
529,1980-12-20,51,50,39,11
529,1980-12-27,52,50,39,11
529,1981-01-03,1,50,37,13
529,1981-01-10,2,50,40,10
529,1981-01-17,3,50,39,11
529,1981-01-24,4,50,39,11
530,1981-01-31,5,50,42,8
530,1981-02-07,6,50,40,10
530,1981-02-14,7,50,43,7
530,1981-02-21,8,50,44,6
530,1981-02-28,9,50,41,9
530,1981-03-07,10,50,43,7
530,1981-03-14,11,50,37,13
530,1981-03-21,12,50,36,14
530,1981-03-28,13,50,37,13
531,1981-04-04,14,50,38,12
531,1981-04-11,15,50,42,8
531,1981-04-18,16,50,38,12
531,1981-04-25,17,50,41,9
531,1981-05-02,18,50,42,8
531,1981-05-09,19,50,41,9
531,1981-05-16,20,50,39,11
532,1981-05-23,21,50,40,10
532,1981-05-30,22,50,44,6
532,1981-06-06,23,50,41,9
532,1981-06-13,24,50,37,13
532,1981-06-20,25,50,41,9
532,1981-06-27,26,50,41,9
532,1981-07-04,27,50,40,10
532,1981-07-11,28,50,37,13
532,1981-07-18,29,50,37,13
533,1981-07-25,30,50,42,8
533,1981-08-01,31,50,38,12
533,1981-08-08,32,50,39,11
533,1981-08-15,33,50,41,9
533,1981-08-22,34,50,38,12
533,1981-08-29,35,50,40,10
533,1981-09-05,36,50,39,11
533,1981-09-12,37,50,42,8
533,1981-09-19,38,50,39,11
534,1981-09-26,39,50,43,7
534,1981-10-03,40,50,39,11
534,1981-10-10,41,50,37,13
534,1981-10-17,42,50,38,12
534,1981-10-24,43,50,41,9
534,1981-10-31,44,50,36,14
534,1981-11-07,45,50,36,14
534,1981-11-14,46,50,43,7
534,1981-11-21,47,50,41,9
534,1981-11-28,48,50,41,9
534,1981-12-05,49,50,40,10
534,1981-12-12,50,50,36,14
534,1981-12-19,51,50,39,11
535,1981-12-26,52,50,34,16
535,1982-01-02,1,50,39,11
535,1982-01-09,2,50,40,10
535,1982-01-16,3,50,38,12
535,1982-01-23,4,50,42,8
535,1982-01-30,5,50,38,12
535,1982-02-06,6,50,40,10
535,1982-02-13,7,50,44,6
536,1982-02-20,8,50,40,10
536,1982-02-27,9,50,39,11
536,1982-03-06,10,50,43,7
536,1982-03-13,11,50,38,12
536,1982-03-20,12,50,42,8
536,1982-03-27,13,50,42,8
536,1982-04-03,14,50,39,11
536,1982-04-10,15,50,35,15
536,1982-04-17,16,50,38,12
536,1982-04-24,17,50,39,11
536,1982-05-01,18,50,37,13
537,1982-05-08,19,50,36,14
537,1982-05-15,20,50,38,12
537,1982-05-22,21,50,41,9
537,1982-05-29,22,50,38,12
537,1982-06-05,23,50,39,11
537,1982-06-12,24,50,39,11
537,1982-06-19,25,50,38,12
537,1982-06-26,26,50,39,11
537,1982-07-03,27,50,36,14
538,1982-07-10,28,50,41,9
538,1982-07-17,29,50,40,10
538,1982-07-24,30,50,40,10
538,1982-07-31,31,50,38,12
538,1982-08-07,32,50,39,11
538,1982-08-14,33,50,41,9
538,1982-08-21,34,50,41,9
538,1982-08-28,35,50,37,13
538,1982-09-04,36,50,43,7
538,1982-09-11,37,50,38,12
539,1982-09-18,38,50,37,13
539,1982-09-25,39,50,35,15
539,1982-10-02,40,50,37,13
539,1982-10-09,41,50,44,6
539,1982-10-16,42,50,40,10
539,1982-10-23,43,50,37,13
539,1982-10-30,44,50,36,14
539,1982-11-06,45,50,40,10
540,1982-11-13,46,50,41,9
540,1982-11-20,47,50,39,11
540,1982-11-27,48,50,41,9
540,1982-12-04,49,50,37,13
540,1982-12-11,50,50,41,9
540,1982-12-18,51,50,39,11
540,1982-12-25,52,50,41,9
541,1983-01-01,1,50,41,9
541,1983-01-08,2,50,37,13
541,1983-01-15,3,50,41,9
541,1983-01-22,4,50,40,10
541,1983-01-29,5,50,34,16
541,1983-02-05,6,50,36,14
541,1983-02-12,7,50,42,8
541,1983-02-19,8,50,40,10
542,1983-02-26,9,50,42,8
542,1983-03-05,10,50,40,10
542,1983-03-12,11,50,41,9
542,1983-03-19,12,50,40,10
542,1983-03-26,13,50,42,8
542,1983-04-02,14,50,41,9
542,1983-04-09,15,50,42,8
542,1983-04-16,16,50,40,10
543,1983-04-23,17,50,38,12
543,1983-04-30,18,50,39,11
543,1983-05-07,19,50,40,10
543,1983-05-14,20,50,42,8
543,1983-05-21,21,50,40,10
543,1983-05-28,22,50,36,14
543,1983-06-04,23,50,34,16
543,1983-06-11,24,50,39,11
543,1983-06-18,25,50,40,10
543,1983-06-25,26,50,41,9
544,1983-07-02,27,50,40,10
544,1983-07-09,28,50,37,13
544,1983-07-16,29,50,39,11
544,1983-07-23,30,50,37,13
544,1983-07-30,31,50,41,9
544,1983-08-06,32,50,43,7
544,1983-08-13,33,50,39,11
544,1983-08-20,34,50,37,13
544,1983-08-27,35,50,42,8
544,1983-09-03,36,50,41,9
544,1983-09-10,37,50,38,12
545,1983-09-17,38,50,43,7
545,1983-09-24,39,50,41,9
545,1983-10-01,40,50,40,10
545,1983-10-08,41,50,37,13
545,1983-10-15,42,50,35,15
545,1983-10-22,43,50,43,7
545,1983-10-29,44,50,39,11
546,1983-11-05,45,50,41,9
546,1983-11-12,46,50,43,7
546,1983-11-19,47,50,40,10
546,1983-11-26,48,50,40,10
546,1983-12-03,49,50,39,11
546,1983-12-10,50,50,41,9
546,1983-12-17,51,50,35,15
547,1983-12-24,52,50,40,10
547,1983-12-31,53,50,43,7
547,1984-01-07,1,50,37,13
547,1984-01-14,2,50,41,9
547,1984-01-21,3,50,38,12
547,1984-01-28,4,50,37,13
547,1984-02-04,5,50,43,7
547,1984-02-11,6,50,39,11
548,1984-02-18,7,50,37,13
548,1984-02-25,8,50,38,12
548,1984-03-03,9,50,42,8
548,1984-03-10,10,50,40,10
548,1984-03-17,11,50,39,11
548,1984-03-24,12,50,41,9
548,1984-03-31,13,50,39,11
549,1984-04-07,14,50,39,11
549,1984-04-14,15,50,42,8
549,1984-04-21,16,50,39,11
549,1984-04-28,17,50,40,10
549,1984-05-05,18,50,38,12
549,1984-05-12,19,50,36,14
549,1984-05-19,20,50,37,13
549,1984-05-26,21,50,40,10
549,1984-06-02,22,50,38,12
549,1984-06-09,23,50,40,10
550,1984-06-16,24,50,36,14
550,1984-06-23,25,50,39,11
550,1984-06-30,26,50,40,10
550,1984-07-07,27,50,37,13
550,1984-07-14,28,50,38,12
550,1984-07-21,29,50,40,10
550,1984-07-28,30,50,41,9
550,1984-08-04,31,50,42,8
550,1984-08-11,32,50,40,10
551,1984-08-18,33,50,40,10
551,1984-08-25,34,50,36,14
551,1984-09-01,35,50,38,12
551,1984-09-08,36,50,38,12
551,1984-09-15,37,50,37,13
551,1984-09-22,38,50,38,12
551,1984-09-29,39,50,36,14
551,1984-10-06,40,50,40,10
551,1984-10-13,41,50,39,11
551,1984-10-20,42,50,37,13
552,1984-10-27,43,50,42,8
552,1984-11-03,44,50,37,13
552,1984-11-10,45,50,37,13
552,1984-11-17,46,50,38,12
552,1984-11-24,47,50,39,11
552,1984-12-01,48,50,42,8
552,1984-12-08,49,50,41,9
552,1984-12-15,50,50,42,8
552,1984-12-22,51,50,39,11
553,1984-12-29,52,50,40,10
553,1985-01-05,1,50,41,9
553,1985-01-12,2,50,37,13
553,1985-01-19,3,50,38,12
553,1985-01-26,4,50,38,12
553,1985-02-02,5,50,35,15
553,1985-02-09,6,50,41,9
553,1985-02-16,7,50,43,7
554,1985-02-23,8,50,39,11
554,1985-03-02,9,50,44,6
554,1985-03-09,10,50,35,15
554,1985-03-16,11,50,38,12
554,1985-03-23,12,50,40,10
554,1985-03-30,13,50,45,5
554,1985-04-06,14,50,41,9
554,1985-04-13,15,50,39,11
554,1985-04-20,16,50,38,12
555,1985-04-27,17,50,42,8
555,1985-05-04,18,50,36,14
555,1985-05-11,19,50,39,11
555,1985-05-18,20,50,36,14
555,1985-05-25,21,50,38,12
555,1985-06-01,22,50,39,11
555,1985-06-08,23,50,37,13
555,1985-06-15,24,50,37,13
555,1985-06-22,25,50,40,10
555,1985-06-29,26,50,38,12
556,1985-07-06,27,50,36,14
556,1985-07-13,28,50,41,9
556,1985-07-20,29,50,40,10
556,1985-07-27,30,50,41,9
556,1985-08-03,31,50,37,13
556,1985-08-10,32,50,39,11
556,1985-08-17,33,50,36,14
556,1985-08-24,34,50,40,10
556,1985-08-31,35,50,40,10
557,1985-09-07,36,50,41,9
557,1985-09-14,37,50,39,11
557,1985-09-21,38,50,40,10
557,1985-09-28,39,50,42,8
557,1985-10-05,40,50,41,9
557,1985-10-12,41,50,37,13
557,1985-10-19,42,50,38,12
557,1985-10-26,43,50,40,10
557,1985-11-02,44,50,38,12
557,1985-11-09,45,50,41,9
557,1985-11-16,46,50,38,12
557,1985-11-23,47,50,42,8
558,1985-11-30,48,50,36,14
558,1985-12-07,49,50,39,11
558,1985-12-14,50,50,37,13
558,1985-12-21,51,50,35,15
558,1985-12-28,52,50,38,12
558,1986-01-04,1,50,39,11
558,1986-01-11,2,50,42,8
558,1986-01-18,3,50,38,12
558,1986-01-25,4,50,40,10
559,1986-02-01,5,50,39,11
559,1986-02-08,6,50,40,10
559,1986-02-15,7,50,42,8
559,1986-02-22,8,50,42,8
559,1986-03-01,9,50,39,11
559,1986-03-08,10,50,42,8
559,1986-03-15,11,50,41,9
560,1986-03-22,12,50,39,11
560,1986-03-29,13,50,41,9
560,1986-04-05,14,50,35,15
560,1986-04-12,15,50,37,13
560,1986-04-19,16,50,40,10
560,1986-04-26,17,50,43,7
560,1986-05-03,18,50,41,9
560,1986-05-10,19,50,38,12
560,1986-05-17,20,50,40,10
560,1986-05-24,21,50,43,7
560,1986-05-31,22,50,37,13
560,1986-06-07,23,50,40,10
561,1986-06-14,24,50,42,8
561,1986-06-21,25,50,38,12
561,1986-06-28,26,50,37,13
561,1986-07-05,27,50,40,10
561,1986-07-12,28,50,36,14
561,1986-07-19,29,50,41,9
561,1986-07-26,30,50,39,11
561,1986-08-02,31,50,42,8
562,1986-08-09,32,50,37,13
562,1986-08-16,33,50,39,11
562,1986-08-23,34,50,39,11
562,1986-08-30,35,50,41,9
562,1986-09-06,36,50,45,5
562,1986-09-13,37,50,40,10
562,1986-09-20,38,50,39,11
562,1986-09-27,39,50,40,10
562,1986-10-04,40,50,39,11
562,1986-10-11,41,50,42,8
563,1986-10-18,42,50,36,14
563,1986-10-25,43,50,40,10
563,1986-11-01,44,50,34,16
563,1986-11-08,45,50,41,9
563,1986-11-15,46,50,38,12
563,1986-11-22,47,50,44,6
563,1986-11-29,48,50,39,11
563,1986-12-06,49,50,41,9
564,1986-12-13,50,50,38,12
564,1986-12-20,51,50,39,11
564,1986-12-27,52,50,40,10
564,1987-01-03,1,50,39,11
564,1987-01-10,2,50,43,7
564,1987-01-17,3,50,39,11
564,1987-01-24,4,50,37,13
564,1987-01-31,5,50,39,11
564,1987-02-07,6,50,37,13
564,1987-02-14,7,50,42,8
564,1987-02-21,8,50,36,14
564,1987-02-28,9,50,36,14
564,1987-03-07,10,50,39,11
565,1987-03-14,11,50,40,10
565,1987-03-21,12,50,41,9
565,1987-03-28,13,50,40,10
565,1987-04-04,14,50,39,11
565,1987-04-11,15,50,38,12
565,1987-04-18,16,50,44,6
565,1987-04-25,17,50,40,10
565,1987-05-02,18,50,34,16
566,1987-05-09,19,50,40,10
566,1987-05-16,20,50,39,11
566,1987-05-23,21,50,39,11
566,1987-05-30,22,50,38,12
566,1987-06-06,23,50,41,9
566,1987-06-13,24,50,41,9
566,1987-06-20,25,50,33,17
566,1987-06-27,26,50,38,12
566,1987-07-04,27,50,39,11
566,1987-07-11,28,50,34,16
566,1987-07-18,29,50,38,12
566,1987-07-25,30,50,40,10
567,1987-08-01,31,50,35,15
567,1987-08-08,32,50,43,7
567,1987-08-15,33,50,42,8
567,1987-08-22,34,50,45,5
567,1987-08-29,35,50,39,11
567,1987-09-05,36,50,40,10
567,1987-09-12,37,50,36,14
568,1987-09-19,38,50,38,12
568,1987-09-26,39,50,41,9
568,1987-10-03,40,50,38,12
568,1987-10-10,41,50,38,12
568,1987-10-17,42,50,39,11
568,1987-10-24,43,50,40,10
568,1987-10-31,44,50,38,12
568,1987-11-07,45,50,38,12
568,1987-11-14,46,50,40,10
568,1987-11-21,47,50,38,12
569,1987-11-28,48,50,41,9
569,1987-12-05,49,50,41,9
569,1987-12-12,50,50,41,9
569,1987-12-19,51,50,38,12
569,1987-12-26,52,50,40,10
569,1988-01-02,1,50,40,10
570,1988-01-09,2,50,42,8
570,1988-01-16,3,50,37,13
570,1988-01-23,4,50,42,8
570,1988-01-30,5,50,38,12
570,1988-02-06,6,50,42,8
570,1988-02-13,7,50,38,12
570,1988-02-20,8,50,38,12
570,1988-02-27,9,50,41,9
571,1988-03-05,10,50,41,9
571,1988-03-12,11,50,34,16
571,1988-03-19,12,50,36,14
571,1988-03-26,13,50,38,12
571,1988-04-02,14,50,41,9
571,1988-04-09,15,50,40,10
571,1988-04-16,16,50,40,10
571,1988-04-23,17,50,38,12
571,1988-04-30,18,50,39,11
572,1988-05-07,19,50,43,7
572,1988-05-14,20,50,39,11
572,1988-05-21,21,50,38,12
572,1988-05-28,22,50,41,9
572,1988-06-04,23,50,41,9
572,1988-06-11,24,50,37,13
572,1988-06-18,25,50,38,12
572,1988-06-25,26,50,37,13
572,1988-07-02,27,50,39,11
572,1988-07-09,28,50,38,12
572,1988-07-16,29,50,39,11
572,1988-07-23,30,50,40,10
572,1988-07-30,31,50,42,8
572,1988-08-06,32,50,44,6
572,1988-08-13,33,50,41,9
573,1988-08-20,34,50,37,13
573,1988-08-27,35,50,35,15
573,1988-09-03,36,50,37,13
573,1988-09-10,37,50,41,9
573,1988-09-17,38,50,38,12
573,1988-09-24,39,50,37,13
573,1988-10-01,40,50,37,13
573,1988-10-08,41,50,42,8
573,1988-10-15,42,50,38,12
574,1988-10-22,43,50,39,11
574,1988-10-29,44,50,39,11
574,1988-11-05,45,50,38,12
574,1988-11-12,46,50,38,12
574,1988-11-19,47,50,41,9
574,1988-11-26,48,50,39,11
574,1988-12-03,49,50,44,6
574,1988-12-10,50,50,40,10
575,1988-12-17,51,50,42,8
575,1988-12-24,52,50,37,13
575,1988-12-31,53,50,43,7
575,1989-01-07,1,50,41,9
575,1989-01-14,2,50,39,11
575,1989-01-21,3,50,40,10
575,1989-01-28,4,50,41,9
575,1989-02-04,5,50,42,8
575,1989-02-11,6,50,42,8
575,1989-02-18,7,50,42,8
575,1989-02-25,8,50,40,10
575,1989-03-04,9,50,42,8
575,1989-03-11,10,50,41,9
575,1989-03-18,11,50,37,13
576,1989-03-25,12,50,44,6
576,1989-04-01,13,50,43,7
576,1989-04-08,14,50,37,13
576,1989-04-15,15,50,45,5
576,1989-04-22,16,50,41,9
576,1989-04-29,17,50,38,12
576,1989-05-06,18,50,42,8
577,1989-05-13,19,50,39,11
577,1989-05-20,20,50,39,11
577,1989-05-27,21,50,39,11
577,1989-06-03,22,50,42,8
577,1989-06-10,23,50,38,12
577,1989-06-17,24,50,38,12
577,1989-06-24,25,50,40,10
577,1989-07-01,26,50,39,11
578,1989-07-08,27,50,38,12
578,1989-07-15,28,50,37,13
578,1989-07-22,29,50,38,12
578,1989-07-29,30,50,39,11
578,1989-08-05,31,50,35,15
578,1989-08-12,32,50,39,11
578,1989-08-19,33,50,40,10
578,1989-08-26,34,50,35,15
578,1989-09-02,35,50,38,12
578,1989-09-09,36,50,40,10
579,1989-09-16,37,50,43,7
579,1989-09-23,38,50,36,14
579,1989-09-30,39,50,38,12
579,1989-10-07,40,50,43,7
579,1989-10-14,41,50,39,11
579,1989-10-21,42,50,43,7
579,1989-10-28,43,50,38,12
579,1989-11-04,44,50,40,10
580,1989-11-11,45,50,36,14
580,1989-11-18,46,50,38,12
580,1989-11-25,47,50,38,12
580,1989-12-02,48,50,40,10
580,1989-12-09,49,50,39,11
580,1989-12-16,50,50,39,11
580,1989-12-23,51,50,38,12
580,1989-12-30,52,50,41,9
580,1990-01-06,1,50,35,15
580,1990-01-13,2,50,39,11
580,1990-01-20,3,50,41,9
581,1990-01-27,4,50,43,7
581,1990-02-03,5,50,40,10
581,1990-02-10,6,50,41,9
581,1990-02-17,7,50,36,14
581,1990-02-24,8,50,37,13
581,1990-03-03,9,50,44,6
581,1990-03-10,10,50,41,9
581,1990-03-17,11,50,40,10
582,1990-03-24,12,50,38,12
582,1990-03-31,13,50,41,9
582,1990-04-07,14,50,36,14
582,1990-04-14,15,50,35,15
582,1990-04-21,16,50,40,10
582,1990-04-28,17,50,41,9
582,1990-05-05,18,50,38,12
582,1990-05-12,19,50,38,12
583,1990-05-19,20,50,39,11
583,1990-05-26,21,50,40,10
583,1990-06-02,22,50,40,10
583,1990-06-09,23,50,42,8
583,1990-06-16,24,50,37,13
583,1990-06-23,25,50,43,7
583,1990-06-30,26,50,36,14
583,1990-07-07,27,50,37,13
584,1990-07-14,28,50,39,11
584,1990-07-21,29,50,41,9
584,1990-07-28,30,50,37,13
584,1990-08-04,31,50,40,10
584,1990-08-11,32,50,40,10
584,1990-08-18,33,50,40,10
584,1990-08-25,34,50,40,10
585,1990-09-01,35,50,39,11
585,1990-09-08,36,50,42,8
585,1990-09-15,37,50,37,13
585,1990-09-22,38,50,40,10
585,1990-09-29,39,50,38,12
585,1990-10-06,40,50,38,12
585,1990-10-13,41,50,41,9
586,1990-10-20,42,50,36,14
586,1990-10-27,43,50,43,7
586,1990-11-03,44,50,41,9
586,1990-11-10,45,50,43,7
586,1990-11-17,46,50,38,12
586,1990-11-24,47,50,40,10
586,1990-12-01,48,50,39,11
586,1990-12-08,49,50,37,13
586,1990-12-15,50,50,41,9
586,1990-12-22,51,50,36,14
586,1990-12-29,52,50,38,12
587,1991-01-05,1,50,38,12
587,1991-01-12,2,50,39,11
587,1991-01-19,3,50,41,9
587,1991-01-26,4,50,38,12
587,1991-02-02,5,50,40,10
587,1991-02-09,6,50,38,12
587,1991-02-16,7,50,41,9
587,1991-02-23,8,50,42,8
587,1991-03-02,9,50,38,12
587,1991-03-09,10,50,38,12
587,1991-03-16,11,50,40,10
587,1991-03-23,12,50,40,10
587,1991-03-30,13,50,40,10
587,1991-04-06,14,50,34,16
587,1991-04-13,15,50,41,9
587,1991-04-20,16,50,43,7
587,1991-04-27,17,50,43,7
587,1991-05-04,18,50,39,11
588,1991-05-11,19,50,41,9
588,1991-05-18,20,50,40,10
588,1991-05-25,21,50,38,12
588,1991-06-01,22,50,42,8
588,1991-06-08,23,50,38,12
588,1991-06-15,24,50,43,7
588,1991-06-22,25,50,41,9
588,1991-06-29,26,50,38,12
588,1991-07-06,27,50,38,12
589,1991-07-13,28,50,40,10
589,1991-07-20,29,50,39,11
589,1991-07-27,30,50,43,7
589,1991-08-03,31,50,43,7
589,1991-08-10,32,50,39,11
589,1991-08-17,33,50,37,13
589,1991-08-24,34,50,42,8
589,1991-08-31,35,50,44,6
589,1991-09-07,36,50,42,8
589,1991-09-14,37,50,42,8
589,1991-09-21,38,50,40,10
589,1991-09-28,39,50,40,10
589,1991-10-05,40,50,42,8
589,1991-10-12,41,50,38,12
589,1991-10-19,42,50,46,4
590,1991-10-26,43,50,41,9
590,1991-11-02,44,50,36,14
590,1991-11-09,45,50,39,11
590,1991-11-16,46,50,42,8
590,1991-11-23,47,50,36,14
590,1991-11-30,48,50,35,15
590,1991-12-07,49,50,36,14
590,1991-12-14,50,50,41,9
590,1991-12-21,51,50,38,12
590,1991-12-28,52,50,43,7
590,1992-01-04,1,50,40,10
590,1992-01-11,2,50,42,8
590,1992-01-18,3,50,38,12
591,1992-01-25,4,50,41,9
591,1992-02-01,5,50,39,11
591,1992-02-08,6,50,41,9
591,1992-02-15,7,50,39,11
591,1992-02-22,8,50,36,14
591,1992-02-29,9,50,41,9
591,1992-03-08,10,50,37,13
591,1992-03-14,11,50,41,9
591,1992-03-21,12,50,40,10
592,1992-03-28,13,50,40,10
592,1992-04-04,14,50,41,9
592,1992-04-11,15,50,38,12
592,1992-04-18,16,50,36,14
592,1992-04-25,17,50,36,14
592,1992-05-02,18,50,39,11
592,1992-05-09,19,50,38,12
592,1992-05-16,20,50,37,13
592,1992-05-23,21,50,41,9
592,1992-05-30,22,50,39,11
592,1992-06-06,23,50,39,11
592,1992-06-13,24,50,35,15
593,1992-06-20,25,50,45,5
593,1992-06-27,26,50,38,12
593,1992-07-04,27,50,41,9
593,1992-07-11,28,50,35,15
593,1992-07-18,29,50,40,10
593,1992-07-25,30,50,38,12
593,1992-08-01,31,50,40,10
594,1992-08-08,32,50,39,11
594,1992-08-15,33,50,41,9
594,1992-08-22,34,50,39,11
594,1992-08-29,35,50,41,9
594,1992-09-05,36,50,38,12
594,1992-09-12,37,50,39,11
594,1992-09-19,38,50,41,9
595,1992-09-26,39,50,38,12
595,1992-10-03,40,50,40,10
595,1992-10-10,41,50,41,9
595,1992-10-17,42,50,42,8
595,1992-10-24,43,50,42,8
595,1992-10-31,44,50,41,9
596,1992-11-07,45,50,43,7
596,1992-11-14,46,50,38,12
596,1992-11-21,47,50,35,15
596,1992-11-28,48,50,39,11
596,1992-12-05,49,50,37,13
596,1992-12-12,50,50,41,9
596,1992-12-19,51,50,38,12
596,1992-12-26,52,50,39,11
596,1993-01-02,1,50,36,14
596,1993-01-09,2,50,41,9
596,1993-01-16,3,50,38,12
597,1993-01-23,4,50,38,12
597,1993-01-30,5,50,39,11
597,1993-02-06,6,50,37,13
597,1993-02-13,7,50,40,10
597,1993-02-20,8,50,39,11
597,1993-02-27,9,50,40,10
597,1993-03-06,10,50,38,12
597,1993-03-13,11,50,41,9
597,1993-03-20,12,50,39,11
597,1993-03-27,13,50,40,10
597,1993-04-03,14,50,41,9
597,1993-04-10,15,50,38,12
597,1993-04-17,16,50,37,13
597,1993-04-24,17,50,39,11
598,1993-05-03,18,50,38,12
598,1993-05-08,19,50,42,8
598,1993-05-15,20,50,41,9
598,1993-05-22,21,50,38,12
598,1993-05-29,22,50,38,12
598,1993-06-05,23,50,40,10
598,1993-06-12,24,50,38,12
598,1993-06-19,25,50,40,10
598,1993-06-26,26,50,37,13
599,1993-07-03,27,50,40,10
599,1993-07-10,28,50,35,15
599,1993-07-17,29,50,42,8
599,1993-07-24,30,50,40,10
599,1993-07-31,31,50,41,9
599,1993-08-07,32,50,40,10
599,1993-08-14,33,50,40,10
600,1993-08-21,34,50,38,12
600,1993-08-28,35,50,37,13
600,1993-09-04,36,50,40,10
600,1993-09-11,37,50,34,16
600,1993-09-18,38,50,40,10
600,1993-09-25,39,50,37,13
600,1993-10-02,40,50,41,9
600,1993-10-09,41,50,37,13
601,1993-10-16,42,50,37,13
601,1993-10-23,43,50,38,12
601,1993-10-30,44,50,39,11
601,1993-11-06,45,50,36,14
601,1993-11-13,46,50,36,14
601,1993-11-20,47,50,36,14
601,1993-11-27,48,50,40,10
601,1993-12-04,49,50,40,10
601,1993-12-11,50,50,40,10
601,1993-12-18,51,50,36,14
602,1993-12-27,52,50,39,11
602,1994-01-03,1,50,38,12
602,1994-01-08,2,50,36,14
602,1994-01-15,3,50,42,8
602,1994-01-22,4,50,35,15
602,1994-01-29,5,50,39,11
602,1994-02-05,6,50,39,11
602,1994-02-12,7,50,38,12
602,1994-02-19,8,50,38,12
602,1994-02-26,9,50,42,8
602,1994-03-05,10,50,42,8
602,1994-03-12,11,50,38,12
603,1994-03-19,12,50,43,7
603,1994-03-26,13,50,37,13
603,1994-04-02,14,50,42,8
603,1994-04-09,15,50,40,10
603,1994-04-16,16,50,40,10
603,1994-04-23,17,50,37,13
603,1994-04-30,18,50,39,11
603,1994-05-07,19,50,36,14
604,1994-05-14,20,50,38,12
604,1994-05-21,21,50,41,9
604,1994-05-28,22,50,41,9
604,1994-06-04,23,50,38,12
604,1994-06-11,24,50,38,12
604,1994-06-18,25,50,38,12
604,1994-06-25,26,50,39,11
604,1994-07-02,27,50,40,10
604,1994-07-09,28,50,35,15
604,1994-07-16,29,50,39,11
604,1994-07-23,30,50,38,12
604,1994-07-30,31,50,42,8
604,1994-08-06,32,50,40,10
604,1994-08-13,33,50,41,9
604,1994-08-20,34,50,40,10
604,1994-08-27,35,50,40,10
604,1994-09-03,36,50,44,6
604,1994-09-10,37,50,40,10
604,1994-09-17,38,50,39,11
604,1994-09-24,39,50,42,8
605,1994-10-01,40,50,34,16
605,1994-10-08,41,50,41,9
605,1994-10-15,42,50,39,11
605,1994-10-22,43,50,36,14
605,1994-10-29,44,50,42,8
605,1994-11-05,45,50,39,11
605,1994-11-12,46,50,39,11
605,1994-11-19,47,50,38,12
605,1994-11-26,48,50,37,13
605,1994-12-03,49,50,38,12
605,1994-12-10,50,50,39,11
605,1994-12-17,51,50,38,12
606,1994-12-24,52,50,42,8
606,1994-12-31,53,50,44,6
606,1995-01-07,1,50,37,13
606,1995-01-14,2,50,40,10
606,1995-01-21,3,50,41,9
606,1995-01-28,4,50,39,11
606,1995-02-04,5,50,45,5
606,1995-02-11,6,50,43,7
606,1995-02-18,7,50,42,8
606,1995-02-25,8,50,38,12
606,1995-03-04,9,50,40,10
607,1995-03-11,10,50,36,14
607,1995-03-18,11,50,35,15
607,1995-03-25,12,50,40,10
607,1995-04-01,13,50,38,12
607,1995-04-08,14,50,39,11
607,1995-04-15,15,50,40,10
607,1995-04-22,16,50,43,7
607,1995-04-29,17,50,37,13
607,1995-05-06,18,50,38,12
608,1995-05-13,19,50,39,11
608,1995-05-20,20,50,42,8
608,1995-05-27,21,50,40,10
608,1995-06-03,22,50,41,9
608,1995-06-10,23,50,39,11
608,1995-06-17,24,50,41,9
608,1995-06-24,25,50,38,12
608,1995-07-01,26,50,41,9
609,1995-07-08,27,50,39,11
609,1995-07-15,28,50,42,8
609,1995-07-22,29,50,37,13
609,1995-07-29,30,50,37,13
609,1995-08-05,31,50,33,17
609,1995-08-12,32,50,40,10
609,1995-08-19,33,50,40,10
609,1995-08-26,34,50,36,14
609,1995-09-02,35,50,43,7
609,1995-09-09,36,50,37,13
610,1995-09-16,37,50,41,9
610,1995-09-23,38,50,38,12
610,1995-09-30,39,50,35,15
610,1995-10-07,40,50,41,9
610,1995-10-14,41,50,41,9
610,1995-10-21,42,50,39,11
610,1995-10-28,43,50,40,10
610,1995-11-04,44,50,42,8
610,1995-11-11,45,50,44,6
610,1995-11-18,46,50,44,6
610,1995-11-25,47,50,37,13
611,1995-12-02,48,50,37,13
611,1995-12-09,49,50,40,10
611,1995-12-16,50,50,39,11
611,1995-12-23,51,50,40,10
611,1995-12-30,52,50,38,12
611,1996-01-08,1,50,40,10
611,1996-01-13,2,50,40,10
611,1996-01-20,3,50,41,9
612,1996-01-27,4,50,39,11
612,1996-02-03,5,50,37,13
612,1996-02-10,6,50,37,13
612,1996-02-17,7,50,38,12
612,1996-02-24,8,50,39,11
612,1996-03-02,9,50,41,9
612,1996-03-09,10,50,41,9
612,1996-03-16,11,50,39,11
612,1996-03-23,12,50,41,9
612,1996-03-30,13,50,41,9
612,1996-04-06,14,50,37,13
612,1996-04-13,15,50,40,10
612,1996-04-20,16,50,37,13
613,1996-04-27,17,50,41,9
613,1996-05-04,18,50,41,9
613,1996-05-11,19,50,39,11
613,1996-05-18,20,50,42,8
613,1996-05-25,21,50,39,11
613,1996-06-01,22,50,39,11
613,1996-06-08,23,50,40,10
613,1996-06-15,24,50,42,8
614,1996-06-22,25,50,38,12
614,1996-06-29,26,50,40,10
614,1996-07-06,27,50,48,2
614,1996-07-13,28,50,39,11
614,1996-07-20,29,50,38,12
614,1996-07-27,30,50,41,9
614,1996-08-03,31,50,41,9
614,1996-08-10,32,50,36,14
614,1996-08-17,33,50,34,16
615,1996-08-24,34,50,37,13
615,1996-08-30,35,50,39,11
615,1996-09-07,36,50,40,10
615,1996-09-14,37,50,38,12
615,1996-09-21,38,50,35,15
615,1996-09-28,39,50,41,9
615,1996-10-05,40,50,36,14
615,1996-10-12,41,50,35,15
615,1996-10-19,42,50,37,13
615,1996-10-26,43,50,38,12
616,1996-11-02,44,50,39,11
616,1996-11-09,45,50,39,11
616,1996-11-16,46,50,37,13
616,1996-11-23,47,50,36,14
616,1996-11-30,48,50,41,9
616,1996-12-07,49,50,37,13
616,1996-12-14,50,50,44,6
617,1996-12-21,51,50,39,11
617,1996-12-28,52,50,41,9
617,1997-01-04,1,50,36,14
617,1997-01-11,2,50,39,11
617,1997-01-18,3,50,39,11
617,1997-01-25,4,50,41,9
617,1997-02-01,5,50,39,11
618,1997-02-08,6,50,40,10
618,1997-02-15,7,50,41,9
618,1997-02-22,8,50,38,12
618,1997-03-01,9,50,38,12
618,1997-03-08,10,50,41,9
618,1997-03-12,11,50,36,14
618,1997-03-15,12,50,37,13
618,1997-03-19,13,50,42,8
619,1997-03-22,14,50,41,9
619,1997-03-26,15,50,42,8
619,1997-03-29,16,50,41,9
619,1997-04-02,17,50,37,13
619,1997-04-05,18,50,40,10
619,1997-04-09,19,50,42,8
619,1997-04-12,20,50,43,7
620,1997-04-16,21,50,37,13
620,1997-04-19,22,50,35,15
620,1997-04-23,23,50,39,11
620,1997-04-26,24,50,42,8
620,1997-04-30,25,50,41,9
620,1997-05-03,26,50,40,10
620,1997-05-07,27,50,43,7
620,1997-05-10,28,50,36,14
620,1997-05-14,29,50,39,11
620,1997-05-17,30,50,40,10
621,1997-05-21,31,50,43,7
621,1997-05-24,32,50,40,10
621,1997-05-28,33,50,37,13
621,1997-05-31,34,50,39,11
621,1997-06-04,35,50,39,11
621,1997-06-07,36,50,37,13
621,1997-06-11,37,50,42,8
621,1997-06-14,38,50,41,9
621,1997-06-18,39,50,39,11
621,1997-06-21,40,50,41,9
621,1997-06-25,41,50,41,9
622,1997-06-28,42,50,41,9
622,1997-07-02,43,50,38,12
622,1997-07-05,44,50,40,10
622,1997-07-09,45,50,34,16
622,1997-07-12,46,50,42,8
622,1997-07-16,47,50,41,9
622,1997-07-19,48,50,40,10
622,1997-07-23,49,50,40,10
622,1997-07-26,50,50,38,12
622,1997-07-30,51,50,39,11
622,1997-08-02,52,50,38,12
622,1997-08-06,53,50,38,12
623,1997-08-09,54,50,31,19
623,1997-08-13,55,50,36,14
623,1997-08-16,56,50,38,12
623,1997-08-20,57,50,38,12
623,1997-08-23,58,50,44,6
623,1997-08-27,59,50,38,12
623,1997-08-30,60,50,38,12
623,1997-09-03,61,50,39,11
623,1997-09-06,62,50,41,9
623,1997-09-10,63,50,43,7
623,1997-09-13,64,50,41,9
624,1997-09-17,65,50,36,14
624,1997-09-20,66,50,41,9
624,1997-09-24,67,50,43,7
624,1997-09-27,68,50,43,7
624,1997-10-01,69,50,42,8
624,1997-10-04,70,50,37,13
624,1997-10-08,71,50,39,11
624,1997-10-11,72,50,38,12
624,1997-10-15,73,50,38,12
625,1997-10-18,74,50,36,14
625,1997-10-22,75,50,43,7
625,1997-10-25,76,50,37,13
625,1997-10-29,77,50,40,10
625,1997-11-03,78,50,40,10
625,1997-11-05,79,50,41,9
625,1997-11-08,80,50,43,7
625,1997-11-12,81,50,38,12
625,1997-11-15,82,50,38,12
625,1997-11-19,83,50,36,14
625,1997-11-22,84,50,37,13
625,1997-11-26,85,50,41,9
626,1997-11-29,86,50,41,9
626,1997-12-03,87,50,38,12
626,1997-12-06,88,50,38,12
626,1997-12-10,89,50,39,11
626,1997-12-13,90,50,41,9
626,1997-12-17,91,50,41,9
626,1997-12-20,92,50,40,10
626,1997-12-24,93,50,41,9
626,1997-12-27,94,50,42,8
627,1997-12-31,95,50,41,9
627,1998-01-03,1,50,38,12
627,1998-01-07,2,50,36,14
627,1998-01-10,3,50,39,11
627,1998-01-14,4,50,36,14
627,1998-01-17,5,50,37,13
627,1998-01-21,6,50,40,10
627,1998-01-24,7,50,37,13
627,1998-01-27,8,50,41,9
627,1998-01-31,9,50,35,15
627,1998-02-04,10,50,40,10
627,1998-02-07,11,50,37,13
628,1998-02-11,12,50,36,14
628,1998-02-14,13,50,36,14
628,1998-02-18,14,50,38,12
628,1998-02-21,15,50,37,13
628,1998-02-25,16,50,39,11
628,1998-02-28,17,50,40,10
628,1998-03-04,18,50,38,12
628,1998-03-07,19,50,44,6
628,1998-03-11,20,50,36,14
628,1998-03-14,21,50,42,8
629,1998-03-18,22,50,40,10
629,1998-03-21,23,50,43,7
629,1998-03-25,24,50,35,15
629,1998-03-28,25,50,40,10
629,1998-04-01,26,50,39,11
629,1998-04-04,27,50,40,10
629,1998-04-08,28,50,36,14
629,1998-04-11,29,50,40,10
630,1998-04-15,30,50,43,7
630,1998-04-18,31,50,41,9
630,1998-04-22,32,50,39,11
630,1998-04-27,33,50,39,11
630,1998-04-29,34,50,41,9
630,1998-05-02,35,50,41,9
630,1998-05-06,36,50,40,10
630,1998-05-09,37,50,37,13
630,1998-05-13,38,50,35,15
630,1998-05-16,39,50,42,8
631,1998-05-20,40,50,36,14
631,1998-05-23,41,50,34,16
631,1998-05-27,42,50,39,11
631,1998-05-30,43,50,39,11
631,1998-06-03,44,50,38,12
631,1998-06-06,45,50,36,14
631,1998-06-10,46,50,40,10
631,1998-06-13,47,50,40,10
631,1998-06-17,48,50,40,10
632,1998-06-20,49,50,37,13
632,1998-06-24,50,50,39,11
632,1998-06-27,51,50,40,10
632,1998-07-01,52,50,44,6
632,1998-07-04,53,50,38,12
632,1998-07-08,54,50,41,9
632,1998-07-11,55,50,40,10
632,1998-07-15,56,50,41,9
632,1998-07-18,57,50,39,11
633,1998-07-22,58,50,38,12
633,1998-07-25,59,50,38,12
633,1998-07-29,60,50,41,9
633,1998-08-01,61,50,41,9
633,1998-08-05,62,50,40,10
633,1998-08-08,63,50,38,12
634,1998-08-12,64,50,40,10
634,1998-08-17,65,50,40,10
634,1998-08-19,66,50,39,11
634,1998-08-22,67,50,39,11
634,1998-08-26,68,50,40,10
634,1998-08-29,69,50,38,12
634,1998-09-02,70,50,41,9
634,1998-09-05,71,50,39,11
634,1998-09-09,72,50,40,10
634,1998-09-12,73,50,37,13
634,1998-09-16,74,50,42,8
635,1998-09-19,75,50,36,14
635,1998-09-23,76,50,36,14
635,1998-09-26,77,50,42,8
635,1998-09-30,78,50,38,12
635,1998-10-03,79,50,39,11
635,1998-10-07,80,50,39,11
635,1998-10-10,81,50,39,11
636,1998-10-14,82,50,35,15
636,1998-10-17,83,50,37,13
636,1998-10-21,84,50,36,14
636,1998-10-24,85,50,37,13
636,1998-10-28,86,50,41,9
636,1998-10-31,87,50,36,14
636,1998-11-04,88,50,39,11
636,1998-11-07,89,50,37,13
636,1998-11-11,90,50,37,13
636,1998-11-14,91,50,36,14
636,1998-11-18,92,50,45,5
636,1998-11-21,93,50,40,10
637,1998-11-25,94,50,43,7
637,1998-11-28,95,50,38,12
637,1998-12-02,96,50,39,11
637,1998-12-05,97,50,40,10
637,1998-12-09,98,50,46,4
637,1998-12-12,99,50,41,9
637,1998-12-16,100,50,38,12
637,1998-12-19,101,50,41,9
638,1998-12-23,102,50,43,7
638,1998-12-28,103,50,40,10
638,1998-12-30,104,50,44,6
638,1999-01-02,1,50,39,11
638,1999-01-07,2,50,38,12
638,1999-01-09,3,50,38,12
638,1999-01-13,4,50,43,7
638,1999-01-16,5,50,39,11
638,1999-01-20,6,50,37,13
639,1999-01-23,7,50,38,12
639,1999-01-27,8,50,38,12
639,1999-01-30,9,50,38,12
639,1999-02-03,10,50,39,11
639,1999-02-06,11,50,38,12
639,1999-02-10,12,50,42,8
639,1999-02-13,13,50,41,9
639,1999-02-17,14,50,41,9
639,1999-02-20,15,50,39,11
639,1999-02-24,16,50,41,9
639,1999-02-27,17,50,39,11
640,1999-03-03,18,50,39,11
640,1999-03-06,19,50,39,11
640,1999-03-10,20,50,36,14
640,1999-03-13,21,50,39,11
640,1999-03-17,22,50,38,12
640,1999-03-20,23,50,36,14
640,1999-03-24,24,50,39,11
640,1999-03-27,25,50,40,10
640,1999-03-31,26,50,41,9
641,1999-04-03,27,50,37,13
641,1999-04-07,28,50,37,13
641,1999-04-10,29,50,37,13
641,1999-04-14,30,50,33,17
641,1999-04-17,31,50,38,12
641,1999-04-21,32,50,37,13
641,1999-04-24,33,50,41,9
641,1999-04-28,34,50,34,16
641,1999-05-03,35,50,37,13
641,1999-05-05,36,50,37,13
642,1999-05-08,37,50,42,8
642,1999-05-12,38,50,38,12
642,1999-05-15,39,50,39,11
642,1999-05-19,40,50,36,14
642,1999-05-22,41,50,39,11
642,1999-05-26,42,50,39,11
642,1999-05-29,43,50,43,7
642,1999-06-02,44,50,37,13
642,1999-06-05,45,50,40,10
643,1999-06-09,46,50,41,9
643,1999-06-12,47,50,38,12
643,1999-06-16,48,50,40,10
643,1999-06-19,49,50,40,10
643,1999-06-23,50,50,40,10
643,1999-06-26,51,50,44,6
643,1999-06-30,52,50,38,12
643,1999-07-03,53,50,35,15
644,1999-07-07,54,50,40,10
644,1999-07-10,55,50,44,6
644,1999-07-14,56,50,39,11
644,1999-07-17,57,50,37,13
644,1999-07-21,58,50,38,12
644,1999-07-24,59,50,37,13
644,1999-07-28,60,50,39,11
644,1999-07-31,61,50,36,14
644,1999-08-04,62,50,38,12
644,1999-08-07,63,50,42,8
644,1999-08-11,64,50,40,10
644,1999-08-14,65,50,39,11
645,1999-08-18,66,50,40,10
645,1999-08-21,67,50,38,12
645,1999-08-25,68,50,39,11
645,1999-08-28,69,50,40,10
645,1999-09-01,70,50,37,13
645,1999-09-04,71,50,38,12
645,1999-09-08,72,50,35,15
645,1999-09-11,73,50,39,11
645,1999-09-15,74,50,37,13
645,1999-09-18,75,50,40,10
645,1999-09-22,76,50,41,9
646,1999-09-25,77,50,39,11
646,1999-09-29,78,50,40,10
646,1999-10-02,79,50,39,11
646,1999-10-06,80,50,43,7
646,1999-10-09,81,50,42,8
646,1999-10-13,82,50,42,8
646,1999-10-16,83,50,39,11
646,1999-10-20,84,50,37,13
647,1999-10-23,85,50,40,10
647,1999-10-27,86,50,38,12
647,1999-10-30,87,50,42,8
647,1999-11-03,88,50,36,14
647,1999-11-06,89,50,41,9
647,1999-11-10,90,50,38,12
647,1999-11-13,91,50,40,10
647,1999-11-17,92,50,35,15
647,1999-11-20,93,50,39,11
648,1999-11-24,94,50,42,8
648,1999-11-27,95,50,39,11
648,1999-12-01,96,50,41,9
648,1999-12-04,97,50,41,9
648,1999-12-09,98,50,42,8
648,1999-12-11,99,50,39,11
648,1999-12-15,100,50,40,10
648,1999-12-18,101,50,46,4
648,1999-12-22,102,50,34,16
648,1999-12-27,103,50,42,8
649,1999-12-29,104,50,40,10
649,2000-01-03,1,50,40,10
649,2000-01-05,2,50,39,11
649,2000-01-08,3,50,37,13
649,2000-01-12,4,50,37,13
649,2000-01-15,5,50,41,9
649,2000-01-19,6,50,36,14
649,2000-01-22,7,50,39,11
650,2000-01-26,8,50,37,13
650,2000-01-29,9,50,37,13
650,2000-02-02,10,50,39,11
650,2000-02-05,11,50,40,10
650,2000-02-09,12,50,40,10
650,2000-02-12,13,50,42,8
650,2000-02-16,14,50,36,14
650,2000-02-19,15,50,33,17
650,2000-02-23,16,50,39,11
650,2000-02-26,17,50,38,12
650,2000-03-01,18,50,40,10
650,2000-03-04,19,50,37,13
651,2000-03-08,20,50,39,11
651,2000-03-11,21,50,34,16
651,2000-03-15,22,50,40,10
651,2000-03-18,23,50,41,9
651,2000-03-22,24,50,38,12
651,2000-03-25,25,50,35,15
651,2000-03-29,26,50,37,13
652,2000-04-01,27,50,44,6
652,2000-04-05,28,50,39,11
652,2000-04-08,29,50,40,10
652,2000-04-12,30,50,42,8
652,2000-04-15,31,50,39,11
652,2000-04-19,32,50,44,6
652,2000-04-22,33,50,38,12
653,2000-04-26,34,50,37,13
653,2000-04-29,35,50,36,14
653,2000-05-03,36,50,38,12
653,2000-05-06,37,50,40,10
653,2000-05-10,38,50,36,14
653,2000-05-13,39,50,39,11
653,2000-05-17,40,50,38,12
653,2000-05-20,41,50,42,8
653,2000-05-24,42,50,39,11
653,2000-05-27,43,50,42,8
653,2000-05-31,44,50,42,8
654,2000-06-03,45,50,39,11
654,2000-06-07,46,50,42,8
654,2000-06-10,47,50,43,7
654,2000-06-14,48,50,34,16
654,2000-06-17,49,50,42,8
654,2000-06-21,50,50,37,13
654,2000-06-24,51,50,37,13
654,2000-06-28,52,50,36,14
654,2000-07-01,53,50,37,13
655,2000-07-05,54,50,42,8
655,2000-07-08,55,50,37,13
655,2000-07-12,56,50,35,15
655,2000-07-15,57,50,41,9
655,2000-07-19,58,50,42,8
655,2000-07-22,59,50,42,8
655,2000-07-26,60,50,38,12
655,2000-07-29,61,50,38,12
656,2000-08-02,62,50,37,13
656,2000-08-05,63,50,39,11
656,2000-08-09,64,50,35,15
656,2000-08-12,65,50,38,12
656,2000-08-16,66,50,42,8
656,2000-08-19,67,50,33,17
656,2000-08-23,68,50,43,7
656,2000-08-26,69,50,41,9
657,2000-08-30,70,50,42,8
657,2000-09-02,71,50,39,11
657,2000-09-06,72,50,39,11
657,2000-09-09,73,50,42,8
657,2000-09-13,74,50,33,17
657,2000-09-16,75,50,39,11
657,2000-09-20,76,50,40,10
657,2000-09-23,77,50,36,14
657,2000-09-27,78,50,39,11
657,2000-09-30,79,50,39,11
657,2000-10-04,80,50,35,15
657,2000-10-07,81,50,36,14
658,2000-10-11,82,50,44,6
658,2000-10-14,83,50,39,11
658,2000-10-18,84,50,37,13
658,2000-10-21,85,50,38,12
658,2000-10-25,86,50,40,10
658,2000-10-28,87,50,41,9
658,2000-11-02,88,50,39,11
658,2000-11-04,89,50,40,10
658,2000-11-08,90,50,40,10
659,2000-11-11,91,50,40,10
659,2000-11-15,92,50,37,13
659,2000-11-18,93,50,39,11
659,2000-11-22,94,50,38,12
659,2000-11-25,95,50,41,9
659,2000-11-29,96,50,43,7
659,2000-12-02,97,50,38,12
659,2000-12-06,98,50,39,11
659,2000-12-09,99,50,41,9
659,2000-12-13,100,50,37,13
660,2000-12-16,101,50,38,12
660,2000-12-20,102,50,40,10
660,2000-12-23,103,50,44,6
660,2000-12-27,104,50,35,15
660,2000-12-30,105,50,37,13
660,2001-01-03,1,50,41,9
660,2001-01-08,2,50,39,11
660,2001-01-10,3,50,39,11
660,2001-01-13,4,50,42,8
661,2001-01-17,5,50,41,9
661,2001-01-20,6,50,42,8
661,2001-01-24,7,50,43,7
661,2001-01-27,8,50,41,9
661,2001-01-31,9,50,39,11
661,2001-02-03,10,50,41,9
661,2001-02-07,11,50,36,14
662,2001-02-10,12,50,41,9
662,2001-02-14,13,50,42,8
662,2001-02-17,14,50,39,11
662,2001-02-21,15,50,41,9
662,2001-02-24,16,50,39,11
662,2001-02-28,17,50,40,10
662,2001-03-03,18,50,39,11
662,2001-03-07,19,50,41,9
662,2001-03-10,20,50,39,11
662,2001-03-14,21,50,41,9
662,2001-03-17,22,50,41,9
663,2001-03-21,23,50,41,9
663,2001-03-24,24,50,42,8
663,2001-03-28,25,50,41,9
663,2001-03-31,26,50,38,12
663,2001-04-04,27,50,43,7
663,2001-04-07,28,50,43,7
663,2001-04-11,29,50,38,12
663,2001-04-14,30,50,39,11
664,2001-04-18,31,50,39,11
664,2001-04-21,32,50,37,13
664,2001-04-26,33,50,39,11
664,2001-04-28,34,50,39,11
664,2001-05-02,35,50,37,13
664,2001-05-05,36,50,39,11
664,2001-05-09,37,50,41,9
664,2001-05-12,38,50,39,11
665,2001-05-16,39,50,40,10
665,2001-05-19,40,50,39,11
665,2001-05-23,41,50,41,9
665,2001-05-26,42,50,35,15
665,2001-05-30,43,50,37,13
665,2001-06-04,44,50,42,8
665,2001-06-06,45,50,40,10
665,2001-06-09,46,50,36,14
665,2001-06-13,47,50,38,12
665,2001-06-16,48,50,38,12
665,2001-06-20,49,50,41,9
665,2001-06-23,50,50,42,8
666,2001-06-27,51,50,40,10
666,2001-06-30,52,50,39,11
666,2001-07-04,53,50,39,11
666,2001-07-07,54,50,35,15
666,2001-07-11,55,50,38,12
666,2001-07-14,56,50,39,11
666,2001-07-18,57,50,37,13
666,2001-07-21,58,50,39,11
666,2001-07-25,59,50,38,12
667,2001-07-28,60,50,36,14
667,2001-08-01,61,50,36,14
667,2001-08-04,62,50,40,10
667,2001-08-08,63,50,39,11
667,2001-08-11,64,50,41,9
667,2001-08-16,65,50,41,9
667,2001-08-18,66,50,41,9
668,2001-08-22,67,50,37,13
668,2001-08-25,68,50,43,7
668,2001-08-29,69,50,37,13
668,2001-09-01,70,50,38,12
668,2001-09-05,71,50,41,9
668,2001-09-08,72,50,39,11
669,2001-09-12,73,50,38,12
669,2001-09-15,74,50,40,10
669,2001-09-19,75,50,38,12
669,2001-09-22,76,50,40,10
669,2001-09-26,77,50,39,11
669,2001-09-29,78,50,36,14
669,2001-10-03,79,50,38,12
669,2001-10-06,80,50,41,9
670,2001-10-10,81,50,42,8
670,2001-10-13,82,50,40,10
670,2001-10-17,83,50,41,9
670,2001-10-20,84,50,39,11
670,2001-10-24,85,50,43,7
670,2001-10-27,86,50,40,10
670,2001-10-31,87,50,38,12
670,2001-11-03,88,50,38,12
670,2001-11-07,89,50,38,12
670,2001-11-10,90,50,39,11
670,2001-11-14,91,50,32,18
670,2001-11-17,92,50,38,12
670,2001-11-21,93,50,43,7
671,2001-11-24,94,50,43,7
671,2001-11-28,95,50,37,13
671,2001-12-01,96,50,37,13
671,2001-12-05,97,50,38,12
671,2001-12-10,98,50,38,12
671,2001-12-12,99,50,37,13
671,2001-12-15,100,50,38,12
671,2001-12-19,101,50,37,13
671,2001-12-22,102,50,45,5
672,2001-12-27,103,50,39,11
672,2001-12-29,104,50,37,13
672,2001-12-31,105,50,39,11
672,2002-01-02,1,50,37,13
672,2002-01-05,2,50,40,10
672,2002-01-09,3,50,38,12
672,2002-01-12,4,50,40,10
672,2002-01-16,5,50,31,19
673,2002-01-19,6,50,40,10
673,2002-01-23,7,50,36,14
673,2002-01-26,8,50,37,13
673,2002-01-30,9,50,42,8
673,2002-02-02,10,50,40,10
673,2002-02-06,11,50,42,8
673,2002-02-09,12,50,40,10
673,2002-02-13,13,50,37,13
673,2002-02-16,14,50,40,10
674,2002-02-20,15,50,36,14
674,2002-02-23,16,50,41,9
674,2002-02-27,17,50,40,10
674,2002-03-02,18,50,42,8
674,2002-03-06,19,50,36,14
674,2002-03-09,20,50,42,8
674,2002-03-13,21,50,42,8
674,2002-03-16,22,50,41,9
675,2002-03-20,23,50,40,10
675,2002-03-23,24,50,37,13
675,2002-03-27,25,50,40,10
675,2002-03-30,26,50,39,11
675,2002-04-03,27,50,44,6
675,2002-04-06,28,50,40,10
675,2002-04-10,29,50,37,13
675,2002-04-13,30,50,43,7
676,2002-04-17,31,50,40,10
676,2002-04-20,32,50,40,10
676,2002-04-24,33,50,36,14
676,2002-04-27,34,50,39,11
676,2002-05-02,35,50,39,11
676,2002-05-04,36,50,40,10
676,2002-05-08,37,50,40,10
676,2002-05-11,38,50,39,11
676,2002-05-15,39,50,41,9
677,2002-05-18,40,50,39,11
677,2002-05-22,41,50,43,7
677,2002-05-25,42,50,42,8
677,2002-05-29,43,50,39,11
677,2002-06-01,44,50,39,11
677,2002-06-05,45,50,36,14
677,2002-06-08,46,50,38,12
677,2002-06-12,47,50,34,16
677,2002-06-15,48,50,41,9
678,2002-06-19,49,50,44,6
678,2002-06-22,50,50,38,12
678,2002-06-26,51,50,34,16
678,2002-06-29,52,50,40,10
678,2002-07-03,53,50,39,11
678,2002-07-06,54,50,39,11
678,2002-07-10,55,50,41,9
678,2002-07-13,56,50,36,14
678,2002-07-17,57,50,37,13
678,2002-07-20,58,50,38,12
678,2002-07-24,59,50,40,10
679,2002-07-27,60,50,42,8
679,2002-07-31,61,50,39,11
679,2002-08-03,62,50,37,13
679,2002-08-07,63,50,40,10
679,2002-08-10,64,50,40,10
679,2002-08-14,65,50,38,12
680,2002-08-17,66,50,42,8
680,2002-08-21,67,50,41,9
680,2002-08-24,68,50,42,8
680,2002-08-28,69,50,39,11
680,2002-08-31,70,50,41,9
680,2002-09-04,71,50,36,14
680,2002-09-07,72,50,37,13
680,2002-09-11,73,50,39,11
681,2002-09-14,74,50,36,14
681,2002-09-18,75,50,40,10
681,2002-09-21,76,50,34,16
681,2002-09-25,77,50,44,6
681,2002-09-28,78,50,40,10
681,2002-10-02,79,50,39,11
681,2002-10-05,80,50,40,10
681,2002-10-09,81,50,40,10
681,2002-10-12,82,50,41,9
682,2002-10-16,83,50,39,11
682,2002-10-19,84,50,41,9
682,2002-10-23,85,50,37,13
682,2002-10-26,86,50,38,12
682,2002-10-30,87,50,41,9
682,2002-11-02,88,50,39,11
682,2002-11-06,89,50,43,7
683,2002-11-09,90,50,40,10
683,2002-11-13,91,50,37,13
683,2002-11-16,92,50,37,13
683,2002-11-20,93,50,39,11
683,2002-11-23,94,50,36,14
683,2002-11-27,95,50,41,9
683,2002-11-30,96,50,36,14
684,2002-12-03,97,50,40,10
684,2002-12-05,98,50,40,10
684,2002-12-07,99,50,39,11
684,2002-12-10,100,50,38,12
684,2002-12-12,101,50,39,11
684,2002-12-14,102,50,39,11
684,2002-12-17,103,50,43,7
684,2002-12-19,104,50,40,10
684,2002-12-21,105,50,33,17
684,2002-12-24,106,50,38,12
685,2002-12-27,107,50,38,12
685,2002-12-28,108,50,39,11
685,2002-12-31,109,50,41,9
685,2003-01-02,1,50,38,12
685,2003-01-04,2,50,37,13
685,2003-01-08,3,50,39,11
685,2003-01-11,4,50,41,9
686,2003-01-15,5,50,38,12
686,2003-01-18,6,50,40,10
686,2003-01-22,7,50,42,8
686,2003-01-25,8,50,40,10
686,2003-01-29,9,50,39,11
686,2003-02-01,10,50,39,11
686,2003-02-05,11,50,42,8
686,2003-02-08,12,50,37,13
686,2003-02-12,13,50,41,9
686,2003-02-15,14,50,39,11
686,2003-02-19,15,50,38,12
686,2003-02-22,16,50,40,10
686,2003-02-26,17,50,39,11
686,2003-03-01,18,50,41,9
687,2003-03-05,19,50,43,7
687,2003-03-08,20,50,37,13
687,2003-03-12,21,50,41,9
687,2003-03-15,22,50,35,15
687,2003-03-19,23,50,38,12
687,2003-03-22,24,50,39,11
687,2003-03-26,25,50,38,12
687,2003-03-29,26,50,39,11
687,2003-04-02,27,50,40,10
687,2003-04-05,28,50,36,14
687,2003-04-09,29,50,38,12
687,2003-04-12,30,50,38,12
687,2003-04-16,31,50,42,8
688,2003-04-19,32,50,37,13
688,2003-04-23,33,50,45,5
688,2003-04-26,34,50,43,7
688,2003-04-30,35,50,37,13
688,2003-05-03,36,50,39,11
688,2003-05-07,37,50,38,12
688,2003-05-10,38,50,40,10
688,2003-05-14,39,50,39,11
688,2003-05-17,40,50,37,13
689,2003-05-21,41,50,37,13
689,2003-05-24,42,50,43,7
689,2003-05-28,43,50,40,10
689,2003-05-31,44,50,40,10
689,2003-06-04,45,50,40,10
689,2003-06-07,46,50,39,11
689,2003-06-11,47,50,39,11
689,2003-06-14,48,50,37,13
689,2003-06-18,49,50,37,13
689,2003-06-21,50,50,42,8
689,2003-06-25,51,50,39,11
690,2003-06-28,52,50,36,14
690,2003-07-02,53,50,36,14
690,2003-07-05,54,50,44,6
690,2003-07-09,55,50,41,9
690,2003-07-12,56,50,44,6
690,2003-07-16,57,50,39,11
691,2003-07-19,58,50,39,11
691,2003-07-23,59,50,36,14
691,2003-07-26,60,50,40,10
691,2003-07-30,61,50,39,11
691,2003-08-02,62,50,38,12
691,2003-08-06,63,50,40,10
691,2003-08-09,64,50,39,11
691,2003-08-13,65,50,43,7
691,2003-08-16,66,50,37,13
692,2003-08-20,67,50,41,9
692,2003-08-23,68,50,39,11
692,2003-08-27,69,50,37,13
692,2003-08-30,70,50,42,8
692,2003-09-03,71,50,40,10
692,2003-09-06,72,50,37,13
692,2003-09-10,73,50,37,13
693,2003-09-13,74,50,42,8
693,2003-09-17,75,50,40,10
693,2003-09-20,76,50,38,12
693,2003-09-24,77,50,44,6
693,2003-09-27,78,50,37,13
693,2003-10-01,79,50,38,12
693,2003-10-04,80,50,39,11
693,2003-10-08,81,50,38,12
694,2003-10-11,82,50,40,10
694,2003-10-15,83,50,43,7
694,2003-10-18,84,50,35,15
694,2003-10-22,85,50,41,9
694,2003-10-25,86,50,42,8
694,2003-10-29,87,50,38,12
695,2003-11-03,88,50,40,10
695,2003-11-05,89,50,43,7
695,2003-11-08,90,50,39,11
695,2003-11-12,91,50,39,11
695,2003-11-15,92,50,38,12
695,2003-11-19,93,50,40,10
696,2003-11-22,94,50,41,9
696,2003-11-26,95,50,38,12
696,2003-11-29,96,50,41,9
696,2003-12-03,97,50,41,9
696,2003-12-06,98,50,37,13
696,2003-12-10,99,50,36,14
696,2003-12-13,100,50,38,12
696,2003-12-17,101,50,39,11
697,2003-12-20,102,50,37,13
697,2003-12-24,103,50,39,11
697,2003-12-27,104,50,41,9
697,2003-12-31,105,50,34,16
697,2004-01-03,1,50,36,14
697,2004-01-07,2,50,38,12
697,2004-01-10,3,50,38,12
697,2004-01-14,4,50,39,11
697,2004-01-17,5,50,33,17
697,2004-01-21,6,50,35,15
697,2004-01-24,7,50,42,8
697,2004-01-28,8,50,42,8
697,2004-01-31,9,50,38,12
698,2004-02-04,10,50,40,10
698,2004-02-07,11,50,36,14
698,2004-02-11,12,50,41,9
698,2004-02-14,13,50,42,8
698,2004-02-18,14,50,40,10
698,2004-02-21,15,50,37,13
698,2004-02-25,16,50,39,11
698,2004-02-28,17,50,39,11
699,2004-03-03,18,50,40,10
699,2004-03-06,19,50,40,10
699,2004-03-10,20,50,33,17
699,2004-03-13,21,50,40,10
699,2004-03-17,22,50,38,12
699,2004-03-20,23,50,39,11
699,2004-03-24,24,50,42,8
700,2004-03-27,25,50,39,11
700,2004-03-31,26,50,40,10
700,2004-04-03,27,50,39,11
700,2004-04-07,28,50,37,13
700,2004-04-10,29,50,34,16
700,2004-04-14,30,50,40,10
700,2004-04-17,31,50,40,10
700,2004-04-21,32,50,42,8
700,2004-04-24,33,50,42,8
701,2004-04-28,34,50,40,10
701,2004-05-03,35,50,42,8
701,2004-05-05,36,50,43,7
701,2004-05-08,37,50,42,8
701,2004-05-12,38,50,34,16
701,2004-05-15,39,50,36,14
701,2004-05-19,40,50,40,10
702,2004-05-22,41,50,40,10
702,2004-05-26,42,50,43,7
702,2004-05-29,43,50,38,12
702,2004-06-03,44,50,41,9
702,2004-06-05,45,50,40,10
702,2004-06-09,46,50,36,14
702,2004-06-12,47,50,39,11
702,2004-06-16,48,50,39,11
702,2004-06-19,49,50,37,13
702,2004-06-23,50,50,39,11
703,2004-06-26,51,50,44,6
703,2004-06-30,52,50,37,13
703,2004-07-03,53,50,43,7
703,2004-07-07,54,50,39,11
703,2004-07-10,55,50,42,8
703,2004-07-14,56,50,38,12
704,2004-07-17,57,50,40,10
704,2004-07-21,58,50,39,11
704,2004-07-24,59,50,43,7
704,2004-07-28,60,50,40,10
704,2004-07-31,61,50,37,13
704,2004-08-04,62,50,40,10
704,2004-08-07,63,50,40,10
704,2004-08-11,64,50,41,9
705,2004-08-14,65,50,40,10
705,2004-08-18,66,50,35,15
705,2004-08-21,67,50,40,10
705,2004-08-25,68,50,37,13
705,2004-08-28,69,50,37,13
705,2004-09-01,70,50,37,13
705,2004-09-04,71,50,37,13
705,2004-09-08,72,50,39,11
705,2004-09-11,73,50,38,12
705,2004-09-15,74,50,40,10
705,2004-09-18,75,50,37,13
706,2004-09-22,76,50,37,13
706,2004-09-25,77,50,38,12
706,2004-09-29,78,50,38,12
706,2004-10-02,79,50,38,12
706,2004-10-06,80,50,40,10
706,2004-10-09,81,50,38,12
706,2004-10-13,82,50,36,14
706,2004-10-16,83,50,43,7
706,2004-10-20,84,50,44,6
706,2004-10-23,85,50,38,12
706,2004-10-27,86,50,42,8
706,2004-10-30,87,50,36,14
707,2004-11-03,88,50,40,10
707,2004-11-06,89,50,38,12
707,2004-11-10,90,50,44,6
707,2004-11-13,91,50,39,11
707,2004-11-17,92,50,36,14
707,2004-11-20,93,50,37,13
707,2004-11-24,94,50,40,10
707,2004-11-27,95,50,39,11
708,2004-12-01,96,50,38,12
708,2004-12-04,97,50,43,7
708,2004-12-09,98,50,40,10
708,2004-12-11,99,50,42,8
708,2004-12-15,100,50,37,13
708,2004-12-18,101,50,40,10
708,2004-12-22,102,50,42,8
708,2004-12-27,103,50,40,10
709,2004-12-29,104,50,36,14
709,2005-01-03,1,50,41,9
709,2005-01-05,2,50,42,8
709,2005-01-08,3,50,35,15
709,2005-01-12,4,50,39,11
709,2005-01-15,5,50,40,10
709,2005-01-19,6,50,43,7
709,2005-01-22,7,50,43,7
710,2005-01-26,8,50,39,11
710,2005-01-29,9,50,40,10
710,2005-02-02,10,50,38,12
710,2005-02-05,11,50,42,8
710,2005-02-09,12,50,33,17
710,2005-02-12,13,50,37,13
710,2005-02-16,14,50,40,10
710,2005-02-19,15,50,39,11
710,2005-02-23,16,50,40,10
711,2005-02-26,17,50,38,12
711,2005-03-02,18,50,38,12
711,2005-03-05,19,50,38,12
711,2005-03-09,20,50,38,12
711,2005-03-12,21,50,40,10
711,2005-03-16,22,50,40,10
711,2005-03-19,23,50,39,11
712,2005-03-23,24,50,38,12
712,2005-03-26,25,50,38,12
712,2005-03-30,26,50,39,11
712,2005-04-02,27,50,40,10
712,2005-04-06,28,50,36,14
712,2005-04-09,29,50,40,10
712,2005-04-13,30,50,39,11
713,2005-04-16,31,50,40,10
713,2005-04-20,32,50,37,13
713,2005-04-23,33,50,38,12
713,2005-04-27,34,50,42,8
713,2005-04-30,35,50,39,11
713,2005-05-04,36,55,42,13
713,2005-05-07,37,55,40,15
713,2005-05-11,38,55,40,15
713,2005-05-14,39,55,40,15
714,2005-05-18,40,55,47,8
714,2005-05-21,41,55,39,16
714,2005-05-25,42,55,42,13
714,2005-05-28,43,55,41,14
714,2005-06-01,44,55,45,10
714,2005-06-04,45,55,41,14
714,2005-06-08,46,55,44,11
714,2005-06-11,47,55,44,11
714,2005-06-15,48,55,39,16
715,2005-06-18,49,55,44,11
715,2005-06-21,50,55,43,12
715,2005-06-23,51,55,41,14
715,2005-06-25,52,55,43,12
715,2005-06-28,53,55,41,14
715,2005-06-30,54,55,38,17
715,2005-07-02,55,55,40,15
715,2005-07-05,56,55,46,9
716,2005-07-07,57,55,43,12
716,2005-07-09,58,55,42,13
716,2005-07-12,59,55,44,11
716,2005-07-14,60,55,43,12
716,2005-07-16,61,55,43,12
716,2005-07-19,62,55,42,13
716,2005-07-21,63,55,47,8
716,2005-07-23,64,55,40,15
717,2005-07-26,65,55,39,16
717,2005-07-28,66,55,42,13
717,2005-07-30,67,55,44,11
717,2005-08-02,68,55,41,14
717,2005-08-04,69,55,38,17
717,2005-08-06,70,55,44,11
717,2005-08-09,71,55,45,10
717,2005-08-11,72,55,42,13
717,2005-08-13,73,55,37,18
718,2005-08-16,74,55,41,14
718,2005-08-18,75,55,46,9
718,2005-08-20,76,55,43,12
718,2005-08-23,77,55,41,14
718,2005-08-25,78,55,43,12
718,2005-08-27,79,55,40,15
718,2005-08-30,80,55,41,14
718,2005-09-01,81,55,42,13
718,2005-09-03,82,55,40,15
719,2005-09-06,83,55,43,12
719,2005-09-08,84,55,43,12
719,2005-09-10,85,55,40,15
719,2005-09-13,86,55,40,15
719,2005-09-15,87,55,45,10
719,2005-09-17,88,55,40,15
719,2005-09-20,89,55,43,12
719,2005-09-22,90,55,41,14
719,2005-09-24,91,55,45,10
720,2005-09-27,92,55,43,12
720,2005-09-29,93,55,45,10
720,2005-10-01,94,55,42,13
720,2005-10-04,95,55,41,14
720,2005-10-06,96,55,44,11
720,2005-10-08,97,55,44,11
720,2005-10-11,98,55,43,12
720,2005-10-13,99,55,41,14
721,2005-10-15,100,55,41,14
721,2005-10-18,101,55,43,12
721,2005-10-20,102,55,41,14
721,2005-10-22,103,55,39,16
721,2005-10-25,104,55,46,9
721,2005-10-27,105,55,41,14
721,2005-10-29,106,55,38,17
721,2005-11-02,107,55,37,18
721,2005-11-03,108,55,40,15
722,2005-11-05,109,55,44,11
722,2005-11-08,110,55,43,12
722,2005-11-10,111,55,43,12
722,2005-11-12,112,55,45,10
722,2005-11-15,113,55,43,12
722,2005-11-17,114,55,41,14
722,2005-11-19,115,55,45,10
722,2005-11-22,116,55,44,11
722,2005-11-24,117,55,38,17
722,2005-11-26,118,55,40,15
722,2005-11-29,119,55,41,14
722,2005-12-01,120,55,46,9
722,2005-12-03,121,55,38,17
722,2005-12-06,122,55,46,9
722,2005-12-09,123,55,41,14
722,2005-12-10,124,55,47,8
722,2005-12-13,125,55,45,10
723,2005-12-15,126,55,44,11
723,2005-12-17,127,55,40,15
723,2005-12-20,128,55,43,12
723,2005-12-22,129,55,43,12
723,2005-12-24,130,55,41,14
723,2005-12-27,131,55,40,15
723,2005-12-29,132,55,43,12
723,2005-12-31,133,55,42,13
723,2006-01-03,1,55,43,12
724,2006-01-05,2,55,45,10
724,2006-01-07,3,55,40,15
724,2006-01-10,4,55,43,12
724,2006-01-12,5,55,41,14
724,2006-01-14,6,55,42,13
724,2006-01-17,7,55,44,11
725,2006-01-19,8,55,46,9
725,2006-01-21,9,55,42,13
725,2006-01-24,10,55,47,8
725,2006-01-26,11,55,47,8
725,2006-01-28,12,55,42,13
725,2006-01-31,13,55,40,15
725,2006-02-02,14,55,43,12
725,2006-02-04,15,55,37,18
726,2006-02-07,16,55,42,13
726,2006-02-09,17,55,39,16
726,2006-02-11,18,55,44,11
726,2006-02-14,19,55,39,16
726,2006-02-16,20,55,41,14
726,2006-02-18,21,55,40,15
726,2006-02-21,22,55,41,14
726,2006-02-23,23,55,44,11
727,2006-02-25,24,55,41,14
727,2006-02-28,25,55,42,13
727,2006-03-02,26,55,46,9
727,2006-03-04,27,55,44,11
727,2006-03-07,28,55,44,11
727,2006-03-09,29,55,45,10
727,2006-03-11,30,55,45,10
727,2006-03-14,31,55,43,12
728,2006-03-16,32,55,42,13
728,2006-03-18,33,55,42,13
728,2006-03-21,34,55,40,15
728,2006-03-23,35,55,41,14
728,2006-03-25,36,55,47,8
728,2006-03-28,37,55,44,11
728,2006-03-30,38,55,38,17
728,2006-04-01,39,55,42,13
729,2006-04-04,40,55,44,11
729,2006-04-06,41,55,42,13
729,2006-04-08,42,55,45,10
729,2006-04-11,43,55,42,13
729,2006-04-13,44,55,41,14
729,2006-04-15,45,55,40,15
729,2006-04-18,46,55,40,15
729,2006-04-20,47,55,44,11
729,2006-04-22,48,55,44,11
729,2006-04-26,49,55,43,12
730,2006-04-27,50,55,41,14
730,2006-04-29,51,55,40,15
730,2006-05-02,52,55,38,17
730,2006-05-04,53,55,41,14
730,2006-05-06,54,55,42,13
730,2006-05-09,55,55,43,12
730,2006-05-11,56,55,42,13
731,2006-05-13,57,55,43,12
731,2006-05-16,58,55,44,11
731,2006-05-18,59,55,41,14
731,2006-05-20,60,55,47,8
731,2006-05-23,61,55,44,11
731,2006-05-25,62,55,39,16
731,2006-05-27,63,55,39,16
731,2006-05-30,64,55,45,10
732,2006-06-01,65,55,44,11
732,2006-06-03,66,55,48,7
732,2006-06-06,67,55,41,14
732,2006-06-08,68,55,38,17
732,2006-06-10,69,55,45,10
732,2006-06-13,70,55,39,16
732,2006-06-15,71,55,41,14
732,2006-06-17,72,55,43,12
732,2006-06-20,73,55,43,12
733,2006-06-22,74,55,42,13
733,2006-06-24,75,55,43,12
733,2006-06-27,76,55,44,11
733,2006-06-29,77,55,43,12
733,2006-07-01,78,55,39,16
733,2006-07-04,79,55,43,12
733,2006-07-06,80,55,44,11
733,2006-07-08,81,55,40,15
734,2006-07-11,82,55,44,11
734,2006-07-13,83,55,44,11
734,2006-07-15,84,55,44,11
734,2006-07-18,85,55,42,13
734,2006-07-20,86,55,39,16
734,2006-07-22,87,55,40,15
734,2006-07-25,88,55,44,11
734,2006-07-27,89,55,39,16
735,2006-07-29,90,55,38,17
735,2006-08-01,91,55,44,11
735,2006-08-03,92,55,37,18
735,2006-08-05,93,55,42,13
735,2006-08-08,94,55,42,13
735,2006-08-10,95,55,41,14
735,2006-08-12,96,55,41,14
735,2006-08-16,97,55,39,16
735,2006-08-17,98,55,40,15
735,2006-08-19,99,55,43,12
736,2006-08-22,100,55,39,16
736,2006-08-24,101,55,38,17
736,2006-08-26,102,55,42,13
736,2006-08-29,103,55,40,15
736,2006-08-31,104,55,40,15
736,2006-09-02,105,55,41,14
736,2006-09-05,106,55,44,11
736,2006-09-07,107,55,41,14
736,2006-09-09,108,55,39,16
736,2006-09-12,109,55,40,15
736,2006-09-14,110,55,41,14
736,2006-09-16,111,55,40,15
737,2006-09-19,112,55,37,18
737,2006-09-21,113,55,43,12
737,2006-09-23,114,55,42,13
737,2006-09-26,115,55,42,13
737,2006-09-28,116,55,41,14
737,2006-09-30,117,55,39,16
737,2006-10-03,118,55,44,11
737,2006-10-05,119,55,38,17
737,2006-10-07,120,55,42,13
737,2006-10-10,121,55,41,14
737,2006-10-12,122,55,42,13
737,2006-10-14,123,55,42,13
737,2006-10-17,124,55,41,14
738,2006-10-19,125,55,41,14
738,2006-10-21,126,55,45,10
738,2006-10-24,127,55,41,14
738,2006-10-26,128,55,40,15
738,2006-10-28,129,55,41,14
738,2006-10-31,130,55,40,15
738,2006-11-02,131,55,40,15
738,2006-11-04,132,55,42,13
739,2006-11-07,133,55,43,12
739,2006-11-09,134,55,40,15
739,2006-11-11,135,55,35,20
739,2006-11-14,136,55,39,16
739,2006-11-16,137,55,43,12
739,2006-11-18,138,55,42,13
739,2006-11-21,139,55,44,11
740,2006-11-23,140,55,45,10
740,2006-11-25,141,55,46,9
740,2006-11-28,142,55,44,11
740,2006-11-30,143,55,41,14
740,2006-12-02,144,55,41,14
740,2006-12-05,145,55,40,15
740,2006-12-07,146,55,40,15
740,2006-12-09,147,55,38,17
741,2006-12-12,148,55,42,13
741,2006-12-14,149,55,44,11
741,2006-12-16,150,55,43,12
741,2006-12-19,151,55,42,13
741,2006-12-21,152,55,44,11
741,2006-12-23,153,55,44,11
741,2006-12-27,154,55,41,14
742,2006-12-28,155,55,41,14
742,2006-12-30,156,55,44,11
742,2007-01-02,1,55,46,9
742,2007-01-04,2,55,41,14
742,2007-01-08,3,55,46,9
742,2007-01-09,4,55,44,11
742,2007-01-11,5,55,38,17
743,2007-01-13,6,55,38,17
743,2007-01-16,7,55,40,15
743,2007-01-18,8,55,47,8
743,2007-01-20,9,55,43,12
743,2007-01-23,10,55,41,14
743,2007-01-25,11,55,41,14
743,2007-01-27,12,55,48,7
743,2007-01-30,13,55,43,12
743,2007-02-01,14,55,42,13
743,2007-02-03,15,55,42,13
744,2007-02-06,16,55,46,9
744,2007-02-08,17,55,41,14
744,2007-02-10,18,55,41,14
744,2007-02-13,19,55,44,11
744,2007-02-15,20,55,46,9
744,2007-02-17,21,55,39,16
745,2007-02-20,22,55,44,11
745,2007-02-22,23,55,44,11
745,2007-02-24,24,55,44,11
745,2007-02-27,25,55,41,14
745,2007-03-01,26,55,45,10
745,2007-03-03,27,55,45,10
745,2007-03-06,28,55,40,15
746,2007-03-08,29,55,41,14
746,2007-03-10,30,55,42,13
746,2007-03-13,31,55,43,12
746,2007-03-15,32,55,46,9
746,2007-03-17,33,55,44,11
746,2007-03-20,34,55,41,14
746,2007-03-22,35,55,40,15
746,2007-03-24,36,55,41,14
747,2007-03-27,37,55,43,12
747,2007-03-29,38,55,40,15
747,2007-03-31,39,55,44,11
747,2007-04-03,40,55,41,14
747,2007-04-05,41,55,47,8
747,2007-04-07,42,55,43,12
747,2007-04-10,43,55,41,14
747,2007-04-12,44,55,39,16
748,2007-04-14,45,55,43,12
748,2007-04-17,46,55,39,16
748,2007-04-19,47,55,43,12
748,2007-04-21,48,55,43,12
748,2007-04-24,49,55,39,16
748,2007-04-26,50,55,45,10
748,2007-04-28,51,55,36,19
748,2007-05-02,52,55,45,10
749,2007-05-03,53,55,38,17
749,2007-05-05,54,55,40,15
749,2007-05-08,55,55,42,13
749,2007-05-10,56,55,42,13
749,2007-05-12,57,55,40,15
749,2007-05-15,58,55,48,7
749,2007-05-17,59,55,42,13
749,2007-05-19,60,55,41,14
750,2007-05-22,61,55,40,15
750,2007-05-24,62,55,45,10
750,2007-05-26,63,55,44,11
750,2007-05-29,64,55,36,19
750,2007-05-31,65,55,39,16
750,2007-06-04,66,55,39,16
750,2007-06-05,67,55,43,12
750,2007-06-07,68,55,41,14
751,2007-06-09,69,55,46,9
751,2007-06-12,70,55,40,15
751,2007-06-14,71,55,41,14
751,2007-06-16,72,55,39,16
751,2007-06-19,73,55,43,12
751,2007-06-21,74,55,44,11
752,2007-06-23,75,55,43,12
752,2007-06-26,76,55,44,11
752,2007-06-28,77,55,42,13
752,2007-06-30,78,55,41,14
752,2007-07-03,79,55,41,14
752,2007-07-05,80,55,43,12
752,2007-07-07,81,55,44,11
752,2007-07-10,82,55,44,11
753,2007-07-12,83,55,41,14
753,2007-07-14,84,55,43,12
753,2007-07-17,85,55,39,16
753,2007-07-19,86,55,44,11
753,2007-07-21,87,55,39,16
753,2007-07-24,88,55,39,16
753,2007-07-26,89,55,44,11
753,2007-07-28,90,55,41,14
753,2007-07-31,91,55,43,12
753,2007-08-02,92,55,42,13
753,2007-08-04,93,55,42,13
754,2007-08-07,94,55,39,16
754,2007-08-09,95,55,44,11
754,2007-08-11,96,55,45,10
754,2007-08-14,97,55,46,9
754,2007-08-16,98,55,42,13
754,2007-08-18,99,55,40,15
754,2007-08-21,100,55,37,18
754,2007-08-23,101,55,42,13
754,2007-08-25,102,55,39,16
754,2007-08-28,103,55,40,15
754,2007-08-30,104,55,38,17
755,2007-09-01,105,55,39,16
755,2007-09-04,106,55,37,18
755,2007-09-06,107,55,39,16
755,2007-09-08,108,55,41,14
755,2007-09-11,109,55,43,12
755,2007-09-13,110,55,42,13
755,2007-09-15,111,55,41,14
755,2007-09-18,112,55,40,15
755,2007-09-20,113,55,46,9
755,2007-09-22,114,55,39,16
755,2007-09-25,115,55,46,9
755,2007-09-27,116,55,41,14
755,2007-09-29,117,55,44,11
755,2007-10-02,118,55,40,15
755,2007-10-04,119,55,41,14
755,2007-10-06,120,55,44,11
756,2007-10-09,121,55,44,11
756,2007-10-11,122,55,40,15
756,2007-10-13,123,55,43,12
756,2007-10-16,124,55,42,13
756,2007-10-18,125,55,40,15
756,2007-10-20,126,55,39,16
757,2007-10-23,127,55,41,14
757,2007-10-25,128,55,38,17
757,2007-10-27,129,55,43,12
757,2007-10-30,130,55,46,9
757,2007-11-02,131,55,43,12
757,2007-11-03,132,55,42,13
757,2007-11-06,133,55,40,15
757,2007-11-08,134,55,42,13
757,2007-11-10,135,55,44,11
758,2007-11-13,136,55,39,16
758,2007-11-15,137,55,45,10
758,2007-11-17,138,55,40,15
758,2007-11-20,139,55,42,13
758,2007-11-22,140,55,45,10
758,2007-11-24,141,55,43,12
759,2007-11-27,142,55,40,15
759,2007-11-29,143,55,42,13
759,2007-12-01,144,55,44,11
759,2007-12-04,145,55,41,14
759,2007-12-06,146,55,40,15
759,2007-12-10,147,55,46,9
760,2007-12-11,148,55,41,14
760,2007-12-13,149,55,42,13
760,2007-12-15,150,55,43,12
760,2007-12-18,151,55,41,14
760,2007-12-20,152,55,45,10
760,2007-12-22,153,55,44,11
760,2007-12-24,154,55,42,13
760,2007-12-27,155,55,40,15
760,2007-12-29,156,55,39,16
760,2008-01-02,1,55,42,13
761,2008-01-03,2,55,45,10
761,2008-01-05,3,55,42,13
761,2008-01-08,4,55,49,6
761,2008-01-10,5,55,42,13
761,2008-01-12,6,55,41,14
761,2008-01-15,7,55,47,8
762,2008-01-17,8,55,43,12
762,2008-01-19,9,55,39,16
762,2008-01-22,10,55,43,12
762,2008-01-24,11,55,41,14
762,2008-01-26,12,55,43,12
762,2008-01-29,13,55,43,12
762,2008-01-31,14,55,44,11
762,2008-02-02,15,55,40,15
762,2008-02-05,16,55,41,14
763,2008-02-07,17,55,43,12
763,2008-02-09,18,55,43,12
763,2008-02-12,19,55,43,12
763,2008-02-14,20,55,34,21
763,2008-02-16,21,55,42,13
763,2008-02-19,22,55,46,9
763,2008-02-21,23,55,47,8
763,2008-02-23,24,55,44,11
763,2008-02-26,25,55,44,11
763,2008-02-28,26,55,45,10
763,2008-03-01,27,55,39,16
763,2008-03-04,28,55,42,13
763,2008-03-06,29,55,49,6
764,2008-03-08,30,55,41,14
764,2008-03-11,31,55,41,14
764,2008-03-13,32,55,40,15
764,2008-03-15,33,55,44,11
764,2008-03-18,34,55,48,7
764,2008-03-20,35,55,40,15
764,2008-03-22,36,55,40,15
764,2008-03-25,37,55,40,15
764,2008-03-27,38,55,45,10
764,2008-03-29,39,55,41,14
765,2008-04-01,40,55,43,12
765,2008-04-03,41,55,49,6
765,2008-04-05,42,55,47,8
765,2008-04-08,43,55,44,11
765,2008-04-10,44,55,41,14
765,2008-04-12,45,55,40,15
765,2008-04-15,46,55,45,10
766,2008-04-17,47,55,43,12
766,2008-04-19,48,55,43,12
766,2008-04-22,49,55,39,16
766,2008-04-24,50,55,33,22
766,2008-04-26,51,55,45,10
766,2008-04-29,52,55,42,13
766,2008-05-02,53,55,39,16
766,2008-05-03,54,55,45,10
767,2008-05-06,55,55,44,11
767,2008-05-08,56,55,43,12
767,2008-05-10,57,55,39,16
767,2008-05-13,58,55,41,14
767,2008-05-15,59,55,45,10
767,2008-05-17,60,55,43,12
767,2008-05-20,61,55,46,9
767,2008-05-22,62,55,42,13
768,2008-05-24,63,55,40,15
768,2008-05-27,64,55,41,14
768,2008-05-29,65,55,43,12
768,2008-05-31,66,55,39,16
768,2008-06-03,67,55,44,11
768,2008-06-05,68,55,40,15
768,2008-06-07,69,55,42,13
768,2008-06-10,70,55,41,14
769,2008-06-12,71,55,43,12
769,2008-06-14,72,55,42,13
769,2008-06-17,73,55,41,14
769,2008-06-19,74,55,43,12
769,2008-06-21,75,55,39,16
769,2008-06-24,76,55,43,12
769,2008-06-26,77,55,44,11
769,2008-06-28,78,55,42,13
769,2008-07-01,79,55,42,13
769,2008-07-03,80,55,44,11
770,2008-07-05,81,55,41,14
770,2008-07-08,82,55,47,8
770,2008-07-10,83,55,43,12
770,2008-07-12,84,55,46,9
770,2008-07-15,85,55,42,13
770,2008-07-17,86,55,39,16
770,2008-07-19,87,55,41,14
770,2008-07-22,88,55,40,15
770,2008-07-24,89,55,36,19
770,2008-07-26,90,55,46,9
771,2008-07-29,91,55,40,15
771,2008-07-31,92,55,46,9
771,2008-08-02,93,55,43,12
771,2008-08-05,94,55,42,13
771,2008-08-07,95,55,42,13
771,2008-08-09,96,55,45,10
771,2008-08-12,97,55,41,14
771,2008-08-14,98,55,45,10
771,2008-08-16,99,55,41,14
772,2008-08-19,100,55,39,16
772,2008-08-21,101,55,40,15
772,2008-08-23,102,55,41,14
772,2008-08-26,103,55,42,13
772,2008-08-28,104,55,39,16
772,2008-08-30,105,55,41,14
772,2008-09-02,106,55,42,13
772,2008-09-04,107,55,39,16
772,2008-09-06,108,55,42,13
772,2008-09-09,109,55,41,14
772,2008-09-11,110,55,37,18
772,2008-09-13,111,55,45,10
772,2008-09-16,112,55,42,13
772,2008-09-18,113,55,43,12
772,2008-09-20,114,55,46,9
772,2008-09-23,115,55,39,16
773,2008-09-25,116,55,41,14
773,2008-09-27,117,55,45,10
773,2008-09-30,118,55,42,13
773,2008-10-02,119,55,40,15
773,2008-10-04,120,55,45,10
773,2008-10-07,121,55,37,18
774,2008-10-09,122,55,45,10
774,2008-10-11,123,55,44,11
774,2008-10-14,124,55,47,8
774,2008-10-16,125,55,43,12
774,2008-10-18,126,55,44,11
774,2008-10-21,127,55,42,13
774,2008-10-23,128,55,40,15
775,2008-10-25,129,55,44,11
775,2008-10-28,130,55,45,10
775,2008-10-30,131,55,43,12
775,2008-11-03,132,55,44,11
775,2008-11-04,133,55,45,10
775,2008-11-06,134,55,41,14
775,2008-11-08,135,55,44,11
775,2008-11-11,136,55,40,15
775,2008-11-13,137,55,43,12
776,2008-11-15,138,55,43,12
776,2008-11-18,139,55,46,9
776,2008-11-20,140,55,43,12
776,2008-11-22,141,55,43,12
776,2008-11-25,142,55,44,11
776,2008-11-27,143,55,42,13
777,2008-11-29,144,55,40,15
777,2008-12-02,145,55,39,16
777,2008-12-04,146,55,45,10
777,2008-12-06,147,55,38,17
777,2008-12-09,148,55,42,13
777,2008-12-11,149,55,44,11
777,2008-12-13,150,55,42,13
777,2008-12-16,151,55,37,18
777,2008-12-18,152,55,41,14
777,2008-12-20,153,55,43,12
778,2008-12-23,154,55,40,15
778,2008-12-24,155,55,44,11
778,2008-12-27,156,55,44,11
778,2008-12-30,157,55,39,16
778,2009-01-02,1,55,40,15
778,2009-01-03,2,55,42,13
778,2009-01-07,3,55,42,13
778,2009-01-08,4,55,43,12
778,2009-01-10,5,55,42,13
778,2009-01-13,6,55,47,8
778,2009-01-15,7,55,41,14
778,2009-01-17,8,55,42,13
779,2009-01-20,9,55,40,15
779,2009-01-22,10,55,43,12
779,2009-01-24,11,55,38,17
779,2009-01-27,12,55,41,14
779,2009-01-29,13,55,42,13
779,2009-01-31,14,55,42,13
780,2009-02-03,15,55,36,19
780,2009-02-05,16,55,44,11
780,2009-02-07,17,55,45,10
780,2009-02-10,18,55,43,12
780,2009-02-12,19,55,44,11
780,2009-02-14,20,55,45,10
780,2009-02-17,21,55,40,15
781,2009-02-19,22,55,48,7
781,2009-02-21,23,55,43,12
781,2009-02-24,24,55,43,12
781,2009-02-26,25,55,40,15
781,2009-02-28,26,55,41,14
781,2009-03-03,27,55,43,12
781,2009-03-05,28,55,46,9
782,2009-03-07,29,55,39,16
782,2009-03-10,30,55,41,14
782,2009-03-12,31,55,44,11
782,2009-03-14,32,55,44,11
782,2009-03-17,33,55,40,15
782,2009-03-19,34,55,42,13
782,2009-03-21,35,55,48,7
783,2009-03-24,36,55,44,11
783,2009-03-26,37,55,44,11
783,2009-03-28,38,55,49,6
783,2009-03-31,39,55,41,14
783,2009-04-02,40,55,43,12
783,2009-04-04,41,55,46,9
783,2009-04-07,42,55,42,13
783,2009-04-09,43,55,40,15
783,2009-04-11,44,55,41,14
783,2009-04-14,45,55,43,12
783,2009-04-16,46,55,43,12
783,2009-04-18,47,55,42,13
783,2009-04-21,48,55,42,13
784,2009-04-23,49,55,44,11
784,2009-04-27,50,55,43,12
784,2009-04-28,51,55,39,16
784,2009-04-30,52,55,43,12
784,2009-05-02,53,55,43,12
784,2009-05-05,54,55,44,11
784,2009-05-07,55,55,41,14
784,2009-05-09,56,55,41,14
784,2009-05-12,57,55,42,13
785,2009-05-14,58,55,45,10
785,2009-05-16,59,55,42,13
785,2009-05-19,60,55,42,13
785,2009-05-21,61,55,42,13
785,2009-05-23,62,55,42,13
785,2009-05-26,63,55,39,16
785,2009-05-28,64,55,42,13
786,2009-05-30,65,55,41,14
786,2009-06-03,66,55,41,14
786,2009-06-04,67,55,47,8
786,2009-06-06,68,55,44,11
786,2009-06-09,69,55,42,13
786,2009-06-11,70,55,44,11
786,2009-06-13,71,55,35,20
786,2009-06-16,72,55,40,15
786,2009-06-18,73,55,42,13
786,2009-06-20,74,55,40,15
786,2009-06-23,75,55,42,13
786,2009-06-25,76,55,43,12
786,2009-06-27,77,55,44,11
786,2009-06-30,78,55,43,12
786,2009-07-02,79,55,39,16
787,2009-07-04,80,55,41,14
787,2009-07-07,81,55,43,12
787,2009-07-09,82,55,40,15
787,2009-07-11,83,55,43,12
787,2009-07-14,84,55,39,16
787,2009-07-16,85,55,41,14
787,2009-07-18,86,55,40,15
787,2009-07-21,87,55,37,18
788,2009-07-23,88,55,44,11
788,2009-07-25,89,55,45,10
788,2009-07-28,90,55,39,16
788,2009-07-30,91,55,41,14
788,2009-08-01,92,55,45,10
788,2009-08-04,93,55,40,15
788,2009-08-06,94,55,41,14
788,2009-08-08,95,55,41,14
789,2009-08-11,96,55,43,12
789,2009-08-13,97,55,40,15
789,2009-08-17,98,55,41,14
789,2009-08-18,99,55,44,11
789,2009-08-20,100,55,46,9
789,2009-08-22,101,55,42,13
789,2009-08-25,102,55,42,13
789,2009-08-27,103,55,39,16
789,2009-08-29,104,55,47,8
789,2009-09-01,105,55,42,13
789,2009-09-03,106,55,42,13
790,2009-09-05,107,55,41,14
790,2009-09-08,108,55,44,11
790,2009-09-10,109,55,40,15
790,2009-09-12,110,55,43,12
790,2009-09-15,111,55,45,10
790,2009-09-17,112,55,44,11
790,2009-09-19,113,55,45,10
790,2009-09-22,114,55,44,11
790,2009-09-24,115,55,38,17
790,2009-09-26,116,55,45,10
791,2009-09-29,117,55,45,10
791,2009-10-01,118,55,44,11
791,2009-10-03,119,55,41,14
791,2009-10-06,120,55,41,14
791,2009-10-08,121,55,42,13
791,2009-10-10,122,55,44,11
791,2009-10-13,123,55,40,15
791,2009-10-15,124,55,43,12
791,2009-10-17,125,55,44,11
792,2009-10-20,126,55,43,12
792,2009-10-22,127,55,41,14
792,2009-10-24,128,55,42,13
792,2009-10-27,129,55,43,12
792,2009-10-29,130,55,42,13
792,2009-10-31,131,55,47,8
792,2009-11-03,132,55,39,16
792,2009-11-05,133,55,47,8
793,2009-11-07,134,55,43,12
793,2009-11-10,135,55,41,14
793,2009-11-12,136,55,41,14
793,2009-11-14,137,55,44,11
793,2009-11-17,138,55,44,11
793,2009-11-19,139,55,39,16
793,2009-11-21,140,55,45,10
794,2009-11-24,141,55,42,13
794,2009-11-26,142,55,41,14
794,2009-11-28,143,55,45,10
794,2009-12-01,144,55,41,14
794,2009-12-03,145,55,43,12
794,2009-12-05,146,55,37,18
794,2009-12-09,147,55,41,14
794,2009-12-10,148,55,42,13
794,2009-12-12,149,55,40,15
794,2009-12-15,150,55,41,14
794,2009-12-17,151,55,43,12
795,2009-12-19,152,55,42,13
795,2009-12-22,153,55,41,14
795,2009-12-24,154,55,37,18
795,2009-12-28,155,55,47,8
795,2009-12-29,156,55,42,13
795,2009-12-31,157,55,43,12
795,2010-01-02,1,55,42,13
795,2010-01-05,2,55,40,15
796,2010-01-07,3,55,39,16
796,2010-01-09,4,55,42,13
796,2010-01-12,5,55,40,15
796,2010-01-14,6,55,45,10
796,2010-01-16,7,55,41,14
796,2010-01-19,8,55,44,11
796,2010-01-21,9,55,43,12
796,2010-01-23,10,55,44,11
796,2010-01-26,11,55,41,14
797,2010-01-28,12,55,42,13
797,2010-01-30,13,55,44,11
797,2010-02-02,14,55,41,14
797,2010-02-04,15,55,43,12
797,2010-02-06,16,55,43,12
797,2010-02-09,17,55,38,17
797,2010-02-11,18,55,41,14
797,2010-02-13,19,55,42,13
798,2010-02-16,20,55,40,15
798,2010-02-18,21,55,44,11
798,2010-02-20,22,55,42,13
798,2010-02-23,23,55,43,12
798,2010-02-25,24,55,43,12
798,2010-02-27,25,55,43,12
799,2010-03-02,26,55,41,14
799,2010-03-04,27,55,37,18
799,2010-03-06,28,55,35,20
799,2010-03-09,29,55,41,14
799,2010-03-11,30,55,44,11
799,2010-03-13,31,55,43,12
799,2010-03-16,32,55,42,13
799,2010-03-18,33,55,41,14
799,2010-03-20,34,55,43,12
800,2010-03-23,35,55,44,11
800,2010-03-25,36,55,44,11
800,2010-03-27,37,55,41,14
800,2010-03-30,38,55,42,13
800,2010-04-01,39,55,42,13
800,2010-04-03,40,55,44,11
800,2010-04-06,41,55,46,9
801,2010-04-08,42,55,44,11
801,2010-04-10,43,55,44,11
801,2010-04-13,44,55,42,13
801,2010-04-15,45,55,45,10
801,2010-04-17,46,55,43,12
801,2010-04-20,47,55,44,11
801,2010-04-22,48,55,41,14
801,2010-04-24,49,55,40,15
801,2010-04-27,50,55,43,12
801,2010-04-29,51,55,42,13
801,2010-05-03,52,55,46,9
802,2010-05-04,53,55,46,9
802,2010-05-06,54,55,44,11
802,2010-05-08,55,55,43,12
802,2010-05-11,56,55,45,10
802,2010-05-13,57,55,42,13
802,2010-05-15,58,55,42,13
802,2010-05-18,59,55,42,13
802,2010-05-20,60,55,41,14
803,2010-05-22,61,55,40,15
803,2010-05-25,62,55,43,12
803,2010-05-27,63,55,40,15
803,2010-05-29,64,55,42,13
803,2010-06-01,65,55,39,16
803,2010-06-03,66,55,40,15
804,2010-06-05,67,55,38,17
804,2010-06-08,68,55,41,14
804,2010-06-10,69,55,42,13
804,2010-06-12,70,55,41,14
804,2010-06-15,71,55,45,10
804,2010-06-17,72,55,46,9
804,2010-06-19,73,55,40,15
804,2010-06-22,74,55,43,12
804,2010-06-24,75,55,42,13
804,2010-06-26,76,55,41,14
804,2010-06-29,77,55,45,10
805,2010-07-01,78,55,40,15
805,2010-07-03,79,55,46,9
805,2010-07-06,80,55,41,14
805,2010-07-08,81,55,43,12
805,2010-07-10,82,55,44,11
805,2010-07-13,83,55,40,15
805,2010-07-15,84,55,43,12
805,2010-07-17,85,55,43,12
806,2010-07-20,86,55,44,11
806,2010-07-22,87,55,41,14
806,2010-07-24,88,55,45,10
806,2010-07-27,89,55,39,16
806,2010-07-29,90,55,42,13
806,2010-07-31,91,55,43,12
806,2010-08-03,92,55,43,12
807,2010-08-05,93,55,43,12
807,2010-08-07,94,55,42,13
807,2010-08-10,95,55,41,14
807,2010-08-12,96,55,40,15
807,2010-08-14,97,55,44,11
807,2010-08-17,98,55,43,12
807,2010-08-19,99,55,39,16
807,2010-08-21,100,55,42,13
807,2010-08-24,101,55,39,16
807,2010-08-26,102,55,40,15
807,2010-08-28,103,55,40,15
807,2010-08-31,104,55,42,13
807,2010-09-02,105,55,45,10
808,2010-09-04,106,55,39,16
808,2010-09-07,107,55,40,15
808,2010-09-09,108,55,40,15
808,2010-09-11,109,55,45,10
808,2010-09-14,110,55,43,12
809,2010-09-16,111,55,37,18
809,2010-09-18,112,55,42,13
809,2010-09-21,113,55,40,15
809,2010-09-23,114,55,45,10
809,2010-09-25,115,55,42,13
809,2010-09-28,116,55,40,15
809,2010-09-30,117,55,41,14
810,2010-10-02,118,55,46,9
810,2010-10-05,119,55,41,14
810,2010-10-07,120,55,41,14
810,2010-10-09,121,55,46,9
810,2010-10-12,122,55,39,16
810,2010-10-14,123,55,41,14
810,2010-10-16,124,55,41,14
810,2010-10-19,125,55,43,12
810,2010-10-21,126,55,43,12
811,2010-10-23,127,55,39,16
811,2010-10-26,128,55,43,12
811,2010-10-28,129,55,41,14
811,2010-10-30,130,55,45,10
811,2010-11-02,131,55,41,14
811,2010-11-04,132,55,36,19
811,2010-11-06,133,55,43,12
811,2010-11-09,134,55,42,13
811,2010-11-11,135,55,44,11
812,2010-11-13,136,55,43,12
812,2010-11-16,137,55,42,13
812,2010-11-18,138,55,42,13
812,2010-11-20,139,55,41,14
812,2010-11-23,140,55,42,13
812,2010-11-25,141,55,43,12
812,2010-11-27,142,55,43,12
813,2010-11-30,143,55,41,14
813,2010-12-02,144,55,46,9
813,2010-12-04,145,55,38,17
813,2010-12-07,146,55,45,10
813,2010-12-09,147,55,42,13
813,2010-12-11,148,55,43,12
813,2010-12-14,149,55,45,10
813,2010-12-16,150,55,40,15
813,2010-12-18,151,55,42,13
813,2010-12-21,152,55,42,13
814,2010-12-23,153,55,39,16
814,2010-12-27,154,55,43,12
814,2010-12-28,155,55,42,13
814,2010-12-30,156,55,42,13
814,2011-01-03,1,55,39,16
814,2011-01-04,2,55,44,11
814,2011-01-07,3,55,43,12
814,2011-01-08,4,55,39,16
814,2011-01-11,5,55,40,15
815,2011-01-13,6,55,41,14
815,2011-01-15,7,55,44,11
815,2011-01-18,8,55,43,12
815,2011-01-20,9,55,42,13
815,2011-01-22,10,55,39,16
815,2011-01-25,11,55,42,13
815,2011-01-27,12,55,43,12
815,2011-01-29,13,55,44,11
815,2011-02-01,14,55,45,10
815,2011-02-03,15,55,38,17
815,2011-02-05,16,55,45,10
815,2011-02-08,17,55,41,14
816,2011-02-10,18,55,46,9
816,2011-02-12,19,55,41,14
816,2011-02-15,20,55,41,14
816,2011-02-17,21,55,47,8
816,2011-02-19,22,55,46,9
816,2011-02-22,23,55,40,15
816,2011-02-24,24,55,44,11
816,2011-02-26,25,55,43,12
816,2011-03-01,26,55,46,9
816,2011-03-03,27,55,36,19
816,2011-03-05,28,55,42,13
816,2011-03-08,29,55,39,16
817,2011-03-10,30,55,43,12
817,2011-03-12,31,55,44,11
817,2011-03-15,32,55,43,12
817,2011-03-18,33,55,41,14
817,2011-03-19,34,55,40,15
817,2011-03-22,35,55,41,14
817,2011-03-24,36,55,38,17
818,2011-03-26,37,55,40,15
818,2011-03-29,38,55,40,15
818,2011-03-31,39,55,39,16
818,2011-04-02,40,55,38,17
818,2011-04-05,41,55,44,11
818,2011-04-07,42,55,42,13
818,2011-04-09,43,55,45,10
818,2011-04-12,44,55,42,13
819,2011-04-14,45,55,45,10
819,2011-04-16,46,55,41,14
819,2011-04-19,47,55,46,9
819,2011-04-21,48,55,42,13
819,2011-04-23,49,55,42,13
819,2011-04-26,50,55,43,12
819,2011-04-28,51,55,44,11
819,2011-04-30,52,55,43,12
820,2011-05-03,53,55,42,13
820,2011-05-05,54,55,41,14
820,2011-05-07,55,55,39,16
820,2011-05-10,56,55,42,13
820,2011-05-12,57,55,41,14
820,2011-05-14,58,55,41,14
820,2011-05-17,59,55,47,8
820,2011-05-19,60,55,41,14
820,2011-05-21,61,55,42,13
820,2011-05-24,62,55,45,10
821,2011-05-26,63,55,43,12
821,2011-05-28,64,55,39,16
821,2011-05-31,65,55,40,15
821,2011-06-03,66,55,38,17
821,2011-06-04,67,55,49,6
821,2011-06-07,68,55,39,16
822,2011-06-09,69,55,45,10
822,2011-06-11,70,55,41,14
822,2011-06-14,71,55,41,14
822,2011-06-16,72,55,43,12
822,2011-06-18,73,55,43,12
822,2011-06-21,74,55,41,14
822,2011-06-23,75,55,38,17
822,2011-06-25,76,55,42,13
822,2011-06-28,77,55,39,16
822,2011-06-30,78,55,42,13
822,2011-07-02,79,55,45,10
822,2011-07-05,80,55,42,13
823,2011-07-07,81,55,42,13
823,2011-07-09,82,55,41,14
823,2011-07-12,83,55,44,11
823,2011-07-14,84,55,43,12
823,2011-07-16,85,55,40,15
823,2011-07-19,86,55,40,15
823,2011-07-21,87,55,40,15
823,2011-07-23,88,55,44,11
823,2011-07-26,89,55,42,13
823,2011-07-28,90,55,37,18
823,2011-07-30,91,55,43,12
824,2011-08-02,92,55,43,12
824,2011-08-04,93,55,43,12
824,2011-08-06,94,55,43,12
824,2011-08-09,95,55,39,16
824,2011-08-11,96,55,45,10
824,2011-08-13,97,55,43,12
824,2011-08-16,98,55,44,11
824,2011-08-18,99,55,40,15
825,2011-08-20,100,55,44,11
825,2011-08-23,101,55,41,14
825,2011-08-25,102,55,43,12
825,2011-08-27,103,55,41,14
825,2011-08-30,104,55,45,10
825,2011-09-01,105,55,44,11
825,2011-09-03,106,55,42,13
825,2011-09-06,107,55,38,17
825,2011-09-08,108,55,39,16
825,2011-09-10,109,55,42,13
825,2011-09-13,110,55,37,18
826,2011-09-15,111,55,41,14
826,2011-09-17,112,55,43,12
826,2011-09-20,113,55,42,13
826,2011-09-22,114,55,41,14
826,2011-09-24,115,55,42,13
826,2011-09-27,116,55,42,13
826,2011-09-29,117,55,42,13
826,2011-10-01,118,55,39,16
826,2011-10-04,119,55,45,10
827,2011-10-06,120,55,39,16
827,2011-10-08,121,55,44,11
827,2011-10-11,122,55,40,15
827,2011-10-13,123,55,43,12
827,2011-10-15,124,55,43,12
827,2011-10-18,125,55,42,13
827,2011-10-20,126,55,41,14
827,2011-10-22,127,55,40,15
827,2011-10-25,128,55,41,14
827,2011-10-27,129,55,45,10
827,2011-10-29,130,55,40,15
827,2011-11-02,131,55,42,13
827,2011-11-03,132,55,43,12
828,2011-11-05,133,55,42,13
828,2011-11-08,134,55,45,10
828,2011-11-10,135,55,42,13
828,2011-11-12,136,55,41,14
828,2011-11-15,137,55,40,15
828,2011-11-17,138,55,43,12
828,2011-11-19,139,55,39,16
829,2011-11-22,140,55,40,15
829,2011-11-24,141,55,45,10
829,2011-11-26,142,55,44,11
829,2011-11-29,143,55,42,13
829,2011-12-01,144,55,42,13
829,2011-12-03,145,55,43,12
829,2011-12-06,146,55,43,12
829,2011-12-09,147,55,44,11
830,2011-12-10,148,55,41,14
830,2011-12-13,149,55,42,13
830,2011-12-15,150,55,43,12
830,2011-12-17,151,55,44,11
830,2011-12-20,152,55,39,16
830,2011-12-22,153,55,43,12
830,2011-12-24,154,55,43,12
830,2011-12-27,155,55,41,14
830,2011-12-29,156,55,39,16
831,2011-12-31,157,55,40,15
831,2012-01-03,1,55,42,13
831,2012-01-05,2,55,46,9
831,2012-01-07,3,55,43,12
831,2012-01-10,4,55,38,17
831,2012-01-12,5,55,44,11
832,2012-01-14,6,55,38,17
832,2012-01-17,7,55,41,14
832,2012-01-19,8,55,44,11
832,2012-01-21,9,55,42,13
832,2012-01-24,10,55,40,15
832,2012-01-26,11,55,42,13
832,2012-01-28,12,55,44,11
832,2012-01-31,13,55,40,15
833,2012-02-02,14,55,41,14
833,2012-02-04,15,55,42,13
833,2012-02-07,16,55,41,14
833,2012-02-09,17,55,39,16
833,2012-02-11,18,55,38,17
833,2012-02-14,19,55,38,17
834,2012-02-16,20,55,40,15
834,2012-02-18,21,55,45,10
834,2012-02-21,22,55,42,13
834,2012-02-23,23,55,41,14
834,2012-02-25,24,55,35,20
834,2012-02-28,25,55,41,14
834,2012-03-01,26,55,42,13
834,2012-03-03,27,55,44,11
834,2012-03-06,28,55,42,13
835,2012-03-08,29,55,41,14
835,2012-03-10,30,55,41,14
835,2012-03-13,31,55,41,14
835,2012-03-15,32,55,46,9
835,2012-03-17,33,55,41,14
835,2012-03-20,34,55,41,14
835,2012-03-22,35,55,42,13
835,2012-03-24,36,55,42,13
836,2012-03-27,37,55,39,16
836,2012-03-29,38,55,44,11
836,2012-03-31,39,55,41,14
836,2012-04-03,40,55,41,14
836,2012-04-05,41,55,38,17
836,2012-04-07,42,55,44,11
836,2012-04-10,43,55,42,13
836,2012-04-12,44,55,38,17
837,2012-04-14,45,55,46,9
837,2012-04-17,46,55,42,13
837,2012-04-19,47,55,37,18
837,2012-04-21,48,55,41,14
837,2012-04-24,49,55,43,12
837,2012-04-26,50,55,43,12
837,2012-04-28,51,55,38,17
837,2012-05-02,52,55,41,14
838,2012-05-03,53,55,38,17
838,2012-05-05,54,55,40,15
838,2012-05-08,55,55,46,9
838,2012-05-10,56,55,40,15
838,2012-05-12,57,55,41,14
838,2012-05-15,58,55,41,14
838,2012-05-17,59,55,41,14
839,2012-05-19,60,55,45,10
839,2012-05-22,61,55,46,9
839,2012-05-24,62,55,45,10
839,2012-05-26,63,55,47,8
839,2012-05-29,64,55,40,15
839,2012-05-31,65,55,42,13
839,2012-06-04,66,55,42,13
840,2012-06-05,67,55,41,14
840,2012-06-07,68,55,39,16
840,2012-06-09,69,55,42,13
840,2012-06-12,70,55,45,10
840,2012-06-14,71,55,43,12
840,2012-06-16,72,55,44,11
840,2012-06-19,73,55,42,13
840,2012-06-21,74,55,41,14
840,2012-06-23,75,55,43,12
840,2012-06-26,76,55,40,15
840,2012-06-28,77,55,42,13
841,2012-06-30,78,55,43,12
841,2012-07-03,79,55,42,13
841,2012-07-05,80,55,40,15
841,2012-07-07,81,55,39,16
841,2012-07-10,82,55,39,16
841,2012-07-12,83,55,41,14
841,2012-07-14,84,55,37,18
842,2012-07-17,85,55,44,11
842,2012-07-19,86,55,41,14
842,2012-07-21,87,55,40,15
842,2012-07-24,88,55,44,11
842,2012-07-26,89,55,45,10
842,2012-07-28,90,55,46,9
842,2012-07-31,91,55,39,16
842,2012-08-02,92,55,45,10
843,2012-08-04,93,55,41,14
843,2012-08-07,94,55,43,12
843,2012-08-09,95,55,40,15
843,2012-08-11,96,55,39,16
843,2012-08-14,97,55,39,16
843,2012-08-16,98,55,43,12
843,2012-08-18,99,55,43,12
843,2012-08-21,100,55,42,13
843,2012-08-23,101,55,43,12
843,2012-08-25,102,55,44,11
843,2012-08-28,103,55,42,13
843,2012-08-30,104,55,44,11
843,2012-09-01,105,55,39,16
843,2012-09-04,106,55,38,17
843,2012-09-06,107,55,39,16
844,2012-09-08,108,55,41,14
844,2012-09-11,109,55,43,12
844,2012-09-13,110,55,38,17
844,2012-09-15,111,55,41,14
844,2012-09-18,112,55,46,9
844,2012-09-20,113,55,43,12
844,2012-09-22,114,55,44,11
845,2012-09-25,115,55,40,15
845,2012-09-27,116,55,45,10
845,2012-09-29,117,55,44,11
845,2012-10-02,118,55,44,11
845,2012-10-04,119,55,44,11
845,2012-10-06,120,55,45,10
845,2012-10-09,121,55,43,12
845,2012-10-11,122,55,46,9
845,2012-10-13,123,55,44,11
845,2012-10-16,124,55,43,12
845,2012-10-18,125,55,45,10
845,2012-10-20,126,55,41,14
846,2012-10-23,127,55,42,13
846,2012-10-25,128,55,40,15
846,2012-10-27,129,55,41,14
846,2012-10-30,130,55,39,16
846,2012-11-02,131,55,39,16
846,2012-11-03,132,55,42,13
846,2012-11-06,133,55,42,13
847,2012-11-08,134,55,43,12
847,2012-11-10,135,55,42,13
847,2012-11-13,136,55,43,12
847,2012-11-15,137,55,40,15
847,2012-11-17,138,55,43,12
847,2012-11-20,139,55,42,13
847,2012-11-22,140,55,42,13
847,2012-11-24,141,55,42,13
847,2012-11-27,142,55,43,12
848,2012-11-29,143,55,40,15
848,2012-12-01,144,55,42,13
848,2012-12-04,145,55,40,15
848,2012-12-06,146,55,42,13
848,2012-12-10,147,55,47,8
848,2012-12-11,148,55,41,14
848,2012-12-13,149,55,39,16
848,2012-12-15,150,55,43,12
848,2012-12-18,151,55,40,15
848,2012-12-20,152,55,46,9
848,2012-12-22,153,55,45,10
848,2012-12-24,154,55,42,13
848,2012-12-27,155,55,42,13
849,2012-12-29,156,55,41,14
849,2013-01-02,1,55,42,13
849,2013-01-03,2,55,40,15
849,2013-01-05,3,55,40,15
849,2013-01-08,4,55,41,14
849,2013-01-10,5,55,41,14
849,2013-01-12,6,55,43,12
850,2013-01-15,7,55,40,15
850,2013-01-17,8,55,42,13
850,2013-01-19,9,55,39,16
850,2013-01-22,10,55,41,14
850,2013-01-24,11,55,45,10
850,2013-01-26,12,55,42,13
850,2013-01-29,13,55,37,18
850,2013-01-31,14,55,40,15
850,2013-02-02,15,55,39,16
850,2013-02-05,16,55,41,14
851,2013-02-07,17,55,40,15
851,2013-02-09,18,55,41,14
851,2013-02-12,19,55,40,15
851,2013-02-14,20,55,43,12
851,2013-02-16,21,55,41,14
851,2013-02-19,22,55,43,12
851,2013-02-21,23,55,47,8
851,2013-02-23,24,55,42,13
852,2013-02-26,25,55,44,11
852,2013-02-28,26,55,40,15
852,2013-03-02,27,55,41,14
852,2013-03-05,28,55,39,16
852,2013-03-07,29,55,44,11
852,2013-03-09,30,55,43,12
852,2013-03-12,31,55,40,15
852,2013-03-14,32,55,42,13
852,2013-03-16,33,55,41,14
852,2013-03-19,34,55,41,14
853,2013-03-21,35,55,41,14
853,2013-03-23,36,55,43,12
853,2013-03-26,37,55,44,11
853,2013-03-28,38,55,45,10
853,2013-03-30,39,55,42,13
853,2013-04-02,40,55,37,18
853,2013-04-04,41,55,40,15
853,2013-04-06,42,55,42,13
853,2013-04-09,43,55,39,16
854,2013-04-11,44,55,41,14
854,2013-04-13,45,55,42,13
854,2013-04-16,46,55,42,13
854,2013-04-18,47,55,44,11
854,2013-04-20,48,55,40,15
854,2013-04-23,49,55,43,12
854,2013-04-26,50,55,43,12
854,2013-04-27,51,55,40,15
855,2013-04-30,52,55,41,14
855,2013-05-02,53,55,41,14
855,2013-05-04,54,55,39,16
855,2013-05-07,55,55,40,15
855,2013-05-09,56,55,42,13
855,2013-05-11,57,55,45,10
855,2013-05-14,58,55,37,18
855,2013-05-16,59,55,42,13
855,2013-05-18,60,55,41,14
855,2013-05-21,61,55,45,10
855,2013-05-23,62,55,40,15
855,2013-05-25,63,55,40,15
856,2013-05-28,64,55,41,14
856,2013-05-30,65,55,39,16
856,2013-06-01,66,55,44,11
856,2013-06-04,67,55,42,13
856,2013-06-06,68,55,48,7
856,2013-06-08,69,55,43,12
857,2013-06-11,70,55,39,16
857,2013-06-13,71,55,43,12
857,2013-06-15,72,55,35,20
857,2013-06-18,73,55,40,15
857,2013-06-20,74,55,40,15
857,2013-06-22,75,55,42,13
857,2013-06-25,76,55,45,10
858,2013-06-27,77,55,44,11
858,2013-06-29,78,55,39,16
858,2013-07-02,79,55,46,9
858,2013-07-04,80,55,43,12
858,2013-07-06,81,55,44,11
858,2013-07-09,82,55,38,17
858,2013-07-11,83,55,41,14
858,2013-07-13,84,55,44,11
859,2013-07-16,85,55,44,11
859,2013-07-18,86,55,43,12
859,2013-07-20,87,55,40,15
859,2013-07-23,88,55,42,13
859,2013-07-25,89,55,41,14
859,2013-07-27,90,55,37,18
859,2013-07-30,91,55,41,14
859,2013-08-01,92,55,40,15
860,2013-08-03,93,55,46,9
860,2013-08-06,94,55,42,13
860,2013-08-08,95,55,41,14
860,2013-08-10,96,55,39,16
860,2013-08-13,97,55,45,10
860,2013-08-16,98,55,41,14
860,2013-08-17,99,55,44,11
860,2013-08-20,100,55,42,13
860,2013-08-22,101,55,44,11
861,2013-08-24,102,55,41,14
861,2013-08-27,103,55,40,15
861,2013-08-29,104,55,39,16
861,2013-08-31,105,55,40,15
861,2013-09-03,106,55,39,16
861,2013-09-05,107,55,45,10
861,2013-09-07,108,55,43,12
862,2013-09-10,109,55,40,15
862,2013-09-12,110,55,39,16
862,2013-09-14,111,55,44,11
862,2013-09-17,112,55,44,11
862,2013-09-19,113,55,43,12
862,2013-09-21,114,55,42,13
862,2013-09-24,115,55,43,12
863,2013-09-26,116,55,40,15
863,2013-09-28,117,55,44,11
863,2013-10-01,118,55,42,13
863,2013-10-03,119,55,43,12
863,2013-10-05,120,55,42,13
863,2013-10-08,121,55,41,14
863,2013-10-10,122,55,46,9
863,2013-10-12,123,55,43,12
863,2013-10-15,124,55,44,11
863,2013-10-17,125,55,42,13
863,2013-10-19,126,55,46,9
864,2013-10-22,127,55,40,15
864,2013-10-24,128,55,41,14
864,2013-10-26,129,55,41,14
864,2013-10-29,130,55,45,10
864,2013-10-31,131,55,41,14
864,2013-11-02,132,55,40,15
864,2013-11-05,133,55,43,12
864,2013-11-07,134,55,45,10
865,2013-11-09,135,55,42,13
865,2013-11-12,136,55,43,12
865,2013-11-14,137,55,43,12
865,2013-11-16,138,55,40,15
865,2013-11-19,139,55,42,13
865,2013-11-21,140,55,42,13
865,2013-11-23,141,55,42,13
865,2013-11-26,142,55,42,13
865,2013-11-28,143,55,43,12
865,2013-11-30,144,55,45,10
866,2013-12-03,145,55,39,16
866,2013-12-05,146,55,41,14
866,2013-12-07,147,55,40,15
866,2013-12-10,148,55,44,11
866,2013-12-12,149,55,42,13
866,2013-12-14,150,55,40,15
866,2013-12-17,151,55,46,9
867,2013-12-19,152,55,40,15
867,2013-12-21,153,55,40,15
867,2013-12-24,154,55,42,13
867,2013-12-27,155,55,39,16
867,2013-12-28,156,55,42,13
867,2013-12-31,157,55,42,13
867,2014-01-02,1,55,41,14
867,2014-01-04,2,55,45,10
867,2014-01-07,3,55,41,14
867,2014-01-09,4,55,39,16
868,2014-01-11,5,55,39,16
868,2014-01-14,6,55,43,12
868,2014-01-16,7,55,41,14
868,2014-01-18,8,55,42,13
868,2014-01-21,9,55,41,14
868,2014-01-23,10,55,44,11
868,2014-01-25,11,55,42,13
868,2014-01-28,12,55,41,14
868,2014-01-30,13,55,40,15
869,2014-02-01,14,55,40,15
869,2014-02-04,15,55,42,13
869,2014-02-06,16,55,43,12
869,2014-02-08,17,55,41,14
869,2014-02-11,18,55,42,13
869,2014-02-13,19,55,37,18
869,2014-02-15,20,55,41,14
869,2014-02-18,21,55,39,16
869,2014-02-20,22,55,47,8
870,2014-02-22,23,55,42,13
870,2014-02-25,24,55,39,16
870,2014-02-27,25,55,45,10
870,2014-03-01,26,55,46,9
870,2014-03-04,27,55,45,10
870,2014-03-06,28,55,43,12
870,2014-03-08,29,55,40,15
870,2014-03-11,30,55,41,14
871,2014-03-13,31,55,47,8
871,2014-03-15,32,55,39,16
871,2014-03-18,33,55,40,15
871,2014-03-20,34,55,39,16
871,2014-03-22,35,55,44,11
871,2014-03-25,36,55,45,10
872,2014-03-27,37,55,43,12
872,2014-03-29,38,55,44,11
872,2014-04-01,39,55,44,11
872,2014-04-03,40,55,41,14
872,2014-04-05,41,55,44,11
872,2014-04-08,42,55,44,11
872,2014-04-10,43,55,44,11
873,2014-04-12,44,55,42,13
873,2014-04-15,45,55,46,9
873,2014-04-17,46,55,41,14
873,2014-04-19,47,55,45,10
873,2014-04-22,48,55,43,12
873,2014-04-24,49,55,44,11
873,2014-04-26,50,55,42,13
874,2014-04-29,51,55,37,18
874,2014-05-02,52,55,44,11
874,2014-05-03,53,55,40,15
874,2014-05-06,54,55,44,11
874,2014-05-08,55,55,41,14
874,2014-05-10,56,55,40,15
874,2014-05-13,57,55,44,11
874,2014-05-15,58,55,45,10
875,2014-05-17,59,55,42,13
875,2014-05-20,60,55,41,14
875,2014-05-22,61,55,44,11
875,2014-05-24,62,55,39,16
875,2014-05-27,63,55,45,10
875,2014-05-29,64,55,42,13
875,2014-05-31,65,55,47,8
875,2014-06-03,66,55,42,13
876,2014-06-05,67,55,47,8
876,2014-06-07,68,55,46,9
876,2014-06-10,69,55,45,10
876,2014-06-12,70,55,43,12
876,2014-06-14,71,55,38,17
876,2014-06-17,72,55,44,11
877,2014-06-19,73,55,43,12
877,2014-06-21,74,55,42,13
877,2014-06-24,75,55,42,13
877,2014-06-26,76,55,40,15
877,2014-06-28,77,55,41,14
877,2014-07-01,78,55,39,16
877,2014-07-03,79,55,40,15
877,2014-07-05,80,55,48,7
878,2014-07-08,81,55,47,8
878,2014-07-10,82,55,44,11
878,2014-07-12,83,55,38,17
878,2014-07-15,84,55,41,14
878,2014-07-17,85,55,41,14
878,2014-07-19,86,55,37,18
878,2014-07-22,87,55,43,12
878,2014-07-24,88,55,41,14
878,2014-07-26,89,55,37,18
878,2014-07-29,90,55,41,14
879,2014-07-31,91,55,42,13
879,2014-08-02,92,55,38,17
879,2014-08-05,93,55,39,16
879,2014-08-07,94,55,40,15
879,2014-08-09,95,55,41,14
879,2014-08-12,96,55,41,14
879,2014-08-14,97,55,44,11
879,2014-08-16,98,55,46,9
879,2014-08-19,99,55,43,12
880,2014-08-21,100,55,43,12
880,2014-08-23,101,55,46,9
880,2014-08-26,102,55,39,16
880,2014-08-28,103,55,39,16
880,2014-08-30,104,55,43,12
880,2014-09-02,105,55,44,11
880,2014-09-04,106,55,44,11
880,2014-09-06,107,55,41,14
880,2014-09-09,108,55,42,13
880,2014-09-11,109,55,43,12
880,2014-09-13,110,55,45,10
881,2014-09-16,111,55,39,16
881,2014-09-18,112,55,42,13
881,2014-09-20,113,55,44,11
881,2014-09-23,114,55,43,12
881,2014-09-25,115,55,48,7
881,2014-09-27,116,55,40,15
881,2014-09-30,117,55,39,16
881,2014-10-02,118,55,41,14
881,2014-10-04,119,55,41,14
881,2014-10-07,120,55,46,9
882,2014-10-09,121,55,40,15
882,2014-10-11,122,55,41,14
882,2014-10-14,123,55,42,13
882,2014-10-16,124,55,37,18
882,2014-10-18,125,55,43,12
882,2014-10-21,126,55,38,17
883,2014-10-23,127,55,41,14
883,2014-10-25,128,55,41,14
883,2014-10-28,129,55,45,10
883,2014-10-30,130,55,35,20
883,2014-11-03,131,55,42,13
883,2014-11-04,132,55,44,11
883,2014-11-06,133,55,41,14
883,2014-11-08,134,55,40,15
884,2014-11-11,135,55,40,15
884,2014-11-13,136,55,39,16
884,2014-11-15,137,55,41,14
884,2014-11-18,138,55,39,16
884,2014-11-20,139,55,39,16
884,2014-11-22,140,55,45,10
884,2014-11-25,141,55,40,15
884,2014-11-27,142,55,40,15
884,2014-11-29,143,55,42,13
885,2014-12-02,144,55,45,10
885,2014-12-04,145,55,46,9
885,2014-12-06,146,55,43,12
885,2014-12-09,147,55,41,14
885,2014-12-11,148,55,44,11
885,2014-12-13,149,55,41,14
885,2014-12-16,150,55,41,14
885,2014-12-18,151,55,44,11
885,2014-12-20,152,55,42,13
886,2014-12-23,153,55,44,11
886,2014-12-24,154,55,44,11
886,2014-12-27,155,55,42,13
886,2014-12-30,156,55,45,10
886,2015-01-02,1,55,45,10
886,2015-01-03,2,55,43,12
887,2015-01-07,3,55,44,11
887,2015-01-08,4,55,42,13
887,2015-01-10,5,55,39,16
887,2015-01-13,6,55,39,16
887,2015-01-15,7,55,42,13
887,2015-01-17,8,55,39,16
887,2015-01-20,9,55,41,14
887,2015-01-22,10,55,43,12
888,2015-01-24,11,55,40,15
888,2015-01-27,12,55,44,11
888,2015-01-29,13,55,43,12
888,2015-01-31,14,55,40,15
888,2015-02-03,15,55,42,13
888,2015-02-05,16,55,43,12
888,2015-02-07,17,55,41,14
888,2015-02-10,18,55,49,6
889,2015-02-12,19,55,43,12
889,2015-02-14,20,55,43,12
889,2015-02-17,21,55,44,11
889,2015-02-19,22,55,41,14
889,2015-02-21,23,55,46,9
889,2015-02-24,24,55,46,9
889,2015-02-26,25,55,41,14
889,2015-02-28,26,55,43,12
890,2015-03-03,27,55,42,13
890,2015-03-05,28,55,44,11
890,2015-03-07,29,55,44,11
890,2015-03-10,30,55,38,17
890,2015-03-12,31,55,42,13
890,2015-03-14,32,55,43,12
890,2015-03-17,33,55,39,16
891,2015-03-19,34,55,42,13
891,2015-03-21,35,55,41,14
891,2015-03-24,36,55,42,13
891,2015-03-26,37,55,40,15
891,2015-03-28,38,55,44,11
891,2015-03-31,39,55,47,8
891,2015-04-02,40,55,42,13
891,2015-04-04,41,55,43,12
891,2015-04-07,42,55,42,13
891,2015-04-09,43,55,43,12
892,2015-04-11,44,55,45,10
892,2015-04-14,45,55,39,16
892,2015-04-16,46,55,40,15
892,2015-04-18,47,55,43,12
892,2015-04-21,48,55,42,13
892,2015-04-23,49,55,41,14
892,2015-04-27,50,55,44,11
892,2015-04-28,51,55,42,13
893,2015-04-30,52,55,44,11
893,2015-05-02,53,55,41,14
893,2015-05-05,54,55,43,12
893,2015-05-07,55,55,43,12
893,2015-05-09,56,55,45,10
893,2015-05-12,57,55,42,13
894,2015-05-14,58,55,45,10
894,2015-05-16,59,55,45,10
894,2015-05-19,60,55,41,14
894,2015-05-21,61,55,42,13
894,2015-05-23,62,55,39,16
894,2015-05-26,63,55,41,14
894,2015-05-28,64,55,44,11
894,2015-05-30,65,55,44,11
895,2015-06-03,66,55,40,15
895,2015-06-04,67,55,42,13
895,2015-06-06,68,55,44,11
895,2015-06-09,69,55,41,14
895,2015-06-11,70,55,42,13
895,2015-06-13,71,55,47,8
896,2015-06-16,72,55,44,11
896,2015-06-18,73,55,43,12
896,2015-06-20,74,55,40,15
896,2015-06-23,75,55,46,9
896,2015-06-25,76,55,44,11
896,2015-06-27,77,55,46,9
896,2015-06-30,78,55,39,16
897,2015-07-02,79,55,45,10
897,2015-07-04,80,55,42,13
897,2015-07-07,81,55,42,13
897,2015-07-09,82,55,40,15
897,2015-07-11,83,55,44,11
897,2015-07-14,84,55,43,12
897,2015-07-16,85,55,42,13
897,2015-07-18,86,55,48,7
898,2015-07-21,87,55,38,17
898,2015-07-23,88,55,39,16
898,2015-07-25,89,55,39,16
898,2015-07-28,90,55,37,18
898,2015-07-30,91,55,41,14
898,2015-08-01,92,55,43,12
898,2015-08-04,93,55,42,13
898,2015-08-06,94,55,44,11
899,2015-08-08,95,55,40,15
899,2015-08-11,96,55,40,15
899,2015-08-13,97,55,47,8
899,2015-08-17,98,55,43,12
899,2015-08-18,99,55,42,13
899,2015-08-20,100,55,44,11
899,2015-08-22,101,55,43,12
899,2015-08-25,102,55,42,13
899,2015-08-27,103,55,46,9
899,2015-08-29,104,55,44,11
900,2015-09-01,105,55,40,15
900,2015-09-03,106,55,44,11
900,2015-09-05,107,55,44,11
900,2015-09-08,108,55,44,11
900,2015-09-10,109,55,38,17
900,2015-09-12,110,55,41,14
900,2015-09-15,111,55,42,13
900,2015-09-17,112,55,43,12
900,2015-09-19,113,55,40,15
901,2015-09-22,114,55,38,17
901,2015-09-24,115,55,41,14
901,2015-09-26,116,55,43,12
901,2015-09-29,117,55,38,17
901,2015-10-01,118,55,40,15
901,2015-10-03,119,55,38,17
901,2015-10-06,120,55,40,15
901,2015-10-08,121,55,42,13
901,2015-10-10,122,55,42,13
901,2015-10-13,123,55,45,10
902,2015-10-15,124,55,37,18
902,2015-10-17,125,55,41,14
902,2015-10-20,126,55,41,14
902,2015-10-22,127,55,38,17
902,2015-10-24,128,55,42,13
902,2015-10-27,129,55,38,17
902,2015-10-29,130,55,38,17
902,2015-10-31,131,55,40,15
902,2015-11-03,132,55,41,14
902,2015-11-05,133,55,43,12
902,2015-11-07,134,55,44,11
902,2015-11-10,135,55,45,10
902,2015-11-12,136,55,43,12
902,2015-11-14,137,55,39,16
902,2015-11-17,138,55,46,9
903,2015-11-19,139,55,41,14
903,2015-11-21,140,55,39,16
903,2015-11-24,141,55,45,10
903,2015-11-26,142,55,44,11
903,2015-11-28,143,55,40,15
903,2015-12-01,144,55,39,16
903,2015-12-03,145,55,45,10
903,2015-12-05,146,55,40,15
903,2015-12-09,147,55,41,14
904,2015-12-10,148,55,39,16
904,2015-12-12,149,55,35,20
904,2015-12-15,150,55,45,10
904,2015-12-17,151,55,41,14
904,2015-12-19,152,55,43,12
904,2015-12-22,153,55,41,14
904,2015-12-24,154,55,41,14
905,2015-12-28,155,55,40,15
905,2015-12-29,156,55,42,13
905,2015-12-31,157,55,42,13
905,2016-01-02,1,55,40,15
905,2016-01-05,2,55,40,15
906,2016-01-07,3,55,40,15
906,2016-01-09,4,55,42,13
906,2016-01-12,5,55,42,13
906,2016-01-14,6,55,44,11
906,2016-01-16,7,55,42,13
906,2016-01-19,8,55,42,13
907,2016-01-21,9,55,41,14
907,2016-01-23,10,55,39,16
907,2016-01-26,11,55,43,12
907,2016-01-28,12,55,42,13
907,2016-01-30,13,55,42,13
907,2016-02-02,14,55,40,15
907,2016-02-04,15,55,41,14
907,2016-02-06,16,55,46,9
908,2016-02-09,17,55,41,14
908,2016-02-11,18,55,44,11
908,2016-02-13,19,55,43,12
908,2016-02-16,20,55,45,10
908,2016-02-18,21,55,42,13
908,2016-02-20,22,55,42,13
908,2016-02-23,23,55,40,15
908,2016-02-25,24,55,40,15
908,2016-02-27,25,55,42,13
908,2016-03-01,26,55,42,13
908,2016-03-03,27,55,39,16
908,2016-03-05,28,55,42,13
908,2016-03-08,29,55,43,12
909,2016-03-10,30,55,41,14
909,2016-03-12,31,55,38,17
909,2016-03-15,32,55,40,15
909,2016-03-17,33,55,45,10
909,2016-03-19,34,55,45,10
909,2016-03-22,35,55,42,13
909,2016-03-24,36,55,40,15
909,2016-03-26,37,55,39,16
909,2016-03-29,38,55,44,11
909,2016-03-31,39,55,45,10
910,2016-04-02,40,55,38,17
910,2016-04-05,41,55,43,12
910,2016-04-07,42,55,41,14
910,2016-04-09,43,55,41,14
910,2016-04-12,44,55,40,15
910,2016-04-14,45,55,46,9
910,2016-04-16,46,55,48,7
910,2016-04-19,47,55,42,13
910,2016-04-21,48,55,42,13
910,2016-04-23,49,55,42,13
910,2016-04-26,50,55,40,15
910,2016-04-28,51,55,44,11
910,2016-04-30,52,55,41,14
910,2016-05-03,53,55,44,11
911,2016-05-05,54,55,43,12
911,2016-05-07,55,55,44,11
911,2016-05-10,56,55,48,7
911,2016-05-12,57,55,43,12
911,2016-05-14,58,55,39,16
911,2016-05-17,59,55,39,16
911,2016-05-19,60,55,39,16
912,2016-05-21,61,55,43,12
912,2016-05-24,62,55,45,10
912,2016-05-26,63,55,40,15
912,2016-05-28,64,55,40,15
912,2016-05-31,65,55,46,9
912,2016-06-03,66,55,38,17
912,2016-06-04,67,55,40,15
912,2016-06-07,68,55,44,11
913,2016-06-09,69,55,45,10
913,2016-06-11,70,55,41,14
913,2016-06-14,71,55,40,15
913,2016-06-16,72,55,41,14
913,2016-06-18,73,55,43,12
913,2016-06-21,74,55,40,15
913,2016-06-23,75,55,41,14
914,2016-06-25,76,55,42,13
914,2016-06-28,77,55,43,12
914,2016-06-30,78,55,42,13
914,2016-07-02,79,55,35,20
914,2016-07-05,80,55,44,11
914,2016-07-07,81,55,45,10
914,2016-07-09,82,55,45,10
914,2016-07-12,83,55,41,14
914,2016-07-14,84,55,43,12
914,2016-07-16,85,55,39,16
914,2016-07-19,86,55,47,8
914,2016-07-21,87,55,43,12
914,2016-07-23,88,55,43,12
915,2016-07-26,89,55,41,14
915,2016-07-28,90,55,41,14
915,2016-07-30,91,55,42,13
915,2016-08-02,92,55,39,16
915,2016-08-04,93,55,40,15
915,2016-08-06,94,55,36,19
915,2016-08-09,95,55,41,14
916,2016-08-11,96,55,42,13
916,2016-08-13,97,55,47,8
916,2016-08-16,98,55,40,15
916,2016-08-18,99,55,42,13
916,2016-08-20,100,55,40,15
916,2016-08-23,101,55,40,15
916,2016-08-25,102,55,45,10
917,2016-08-27,103,55,49,6
917,2016-08-30,104,55,37,18
917,2016-09-01,105,55,45,10
917,2016-09-03,106,55,46,9
917,2016-09-06,107,55,42,13
917,2016-09-08,108,55,40,15
917,2016-09-10,109,55,41,14
918,2016-09-13,110,55,43,12
918,2016-09-15,111,55,43,12
918,2016-09-17,112,55,41,14
918,2016-09-20,113,55,42,13
918,2016-09-22,114,55,41,14
918,2016-09-24,115,55,46,9
918,2016-09-27,116,55,40,15
918,2016-09-29,117,55,42,13
919,2016-10-01,118,55,40,15
919,2016-10-04,119,55,41,14
919,2016-10-06,120,55,45,10
919,2016-10-08,121,55,42,13
919,2016-10-11,122,55,45,10
919,2016-10-13,123,55,44,11
919,2016-10-15,124,55,37,18
919,2016-10-18,125,55,41,14
920,2016-10-20,126,55,39,16
920,2016-10-22,127,55,40,15
920,2016-10-25,128,55,42,13
920,2016-10-27,129,55,46,9
920,2016-10-29,130,55,43,12
920,2016-11-02,131,55,40,15
920,2016-11-03,132,55,45,10
920,2016-11-05,133,55,43,12
920,2016-11-08,134,55,44,11
920,2016-11-10,135,55,43,12
921,2016-11-12,136,55,42,13
921,2016-11-15,137,55,47,8
921,2016-11-17,138,55,43,12
921,2016-11-19,139,55,42,13
921,2016-11-22,140,55,47,8
921,2016-11-24,141,55,42,13
921,2016-11-26,142,55,42,13
922,2016-11-29,143,55,46,9
922,2016-12-01,144,55,40,15
922,2016-12-03,145,55,42,13
922,2016-12-06,146,55,44,11
922,2016-12-09,147,55,41,14
922,2016-12-10,148,55,42,13
922,2016-12-13,149,55,39,16
922,2016-12-15,150,55,40,15
923,2016-12-17,151,55,47,8
923,2016-12-20,152,55,40,15
923,2016-12-22,153,55,42,13
923,2016-12-24,154,55,44,11
923,2016-12-27,155,55,45,10
923,2016-12-29,156,55,45,10
923,2016-12-31,157,55,43,12
923,2017-01-03,1,55,43,12
923,2017-01-05,2,55,40,15
924,2017-01-07,3,55,43,12
924,2017-01-10,4,55,46,9
924,2017-01-12,5,55,39,16
924,2017-01-14,6,55,37,18
924,2017-01-17,7,55,46,9
924,2017-01-19,8,55,44,11
924,2017-01-21,9,55,40,15
924,2017-01-24,10,55,42,13
925,2017-01-26,11,55,44,11
925,2017-01-28,12,55,46,9
925,2017-01-31,13,55,42,13
925,2017-02-02,14,55,42,13
925,2017-02-04,15,55,38,17
925,2017-02-07,16,55,46,9
925,2017-02-09,17,55,43,12
925,2017-02-11,18,55,42,13
925,2017-02-14,19,55,42,13
926,2017-02-16,20,55,43,12
926,2017-02-18,21,55,45,10
926,2017-02-21,22,55,37,18
926,2017-02-23,23,55,42,13
926,2017-02-25,24,55,45,10
926,2017-02-28,25,55,46,9
926,2017-03-02,26,55,42,13
927,2017-03-04,27,55,41,14
927,2017-03-07,28,55,37,18
927,2017-03-09,29,55,40,15
927,2017-03-11,30,55,46,9
927,2017-03-14,31,55,42,13
927,2017-03-16,32,55,40,15
928,2017-03-18,33,55,42,13
928,2017-03-21,34,55,46,9
928,2017-03-23,35,55,40,15
928,2017-03-25,36,55,40,15
928,2017-03-28,37,55,41,14
928,2017-03-30,38,55,42,13
928,2017-04-01,39,55,43,12
928,2017-04-04,40,55,43,12
928,2017-04-06,41,55,44,11
929,2017-04-08,42,55,42,13
929,2017-04-11,43,55,39,16
929,2017-04-13,44,55,41,14
929,2017-04-15,45,55,43,12
929,2017-04-18,46,55,43,12
929,2017-04-20,47,55,42,13
929,2017-04-22,48,55,43,12
929,2017-04-26,49,55,42,13
930,2017-04-27,50,55,43,12
930,2017-04-29,51,55,42,13
930,2017-05-02,52,55,38,17
930,2017-05-04,53,55,41,14
930,2017-05-06,54,55,42,13
930,2017-05-09,55,55,38,17
930,2017-05-11,56,55,40,15
930,2017-05-13,57,55,43,12
931,2017-05-16,58,55,40,15
931,2017-05-18,59,55,41,14
931,2017-05-20,60,55,43,12
931,2017-05-23,61,55,45,10
931,2017-05-25,62,55,39,16
931,2017-05-27,63,55,39,16
931,2017-05-30,64,55,43,12
931,2017-06-01,65,55,43,12
931,2017-06-03,66,55,44,11
931,2017-06-06,67,55,44,11
931,2017-06-08,68,55,41,14
931,2017-06-10,69,55,44,11
932,2017-06-13,70,55,41,14
932,2017-06-15,71,55,40,15
932,2017-06-17,72,55,41,14
932,2017-06-20,73,55,40,15
932,2017-06-22,74,55,42,13
932,2017-06-24,75,55,41,14
932,2017-06-27,76,55,44,11
932,2017-06-29,77,55,40,15
932,2017-07-01,78,55,45,10
933,2017-07-04,79,55,39,16
933,2017-07-06,80,55,42,13
933,2017-07-08,81,55,41,14
933,2017-07-11,82,55,42,13
933,2017-07-13,83,55,42,13
933,2017-07-15,84,55,42,13
933,2017-07-18,85,55,42,13
933,2017-07-20,86,55,42,13
933,2017-07-22,87,55,40,15
934,2017-07-25,88,55,42,13
934,2017-07-27,89,55,47,8
934,2017-07-29,90,55,45,10
934,2017-08-01,91,55,38,17
934,2017-08-03,92,55,39,16
934,2017-08-05,93,55,43,12
934,2017-08-08,94,55,40,15
934,2017-08-10,95,55,39,16
935,2017-08-12,96,55,41,14
935,2017-08-16,97,55,44,11
935,2017-08-17,98,55,44,11
935,2017-08-19,99,55,43,12
935,2017-08-22,100,55,38,17
935,2017-08-24,101,55,40,15
935,2017-08-26,102,55,44,11
936,2017-08-29,103,55,42,13
936,2017-08-31,104,55,41,14
936,2017-09-02,105,55,42,13
936,2017-09-05,106,55,46,9
936,2017-09-07,107,55,42,13
936,2017-09-09,108,55,46,9
936,2017-09-12,109,55,42,13
937,2017-09-14,110,55,47,8
937,2017-09-16,111,55,41,14
937,2017-09-19,112,55,41,14
937,2017-09-21,113,55,43,12
937,2017-09-23,114,55,45,10
937,2017-09-26,115,55,46,9
937,2017-09-28,116,55,42,13
937,2017-09-30,117,55,43,12
937,2017-10-03,118,55,45,10
937,2017-10-05,119,55,42,13
938,2017-10-07,120,55,44,11
938,2017-10-10,121,55,43,12
938,2017-10-12,122,55,45,10
938,2017-10-14,123,55,43,12
938,2017-10-17,124,55,41,14
938,2017-10-19,125,55,43,12
939,2017-10-21,126,55,41,14
939,2017-10-24,127,55,47,8
939,2017-10-26,128,55,49,6
939,2017-10-28,129,55,41,14
939,2017-10-31,130,55,45,10
939,2017-11-02,131,55,43,12
939,2017-11-04,132,55,41,14
939,2017-11-07,133,55,43,12
939,2017-11-09,134,55,42,13
939,2017-11-11,135,55,45,10
940,2017-11-14,136,55,42,13
940,2017-11-16,137,55,44,11
940,2017-11-18,138,55,39,16
940,2017-11-21,139,55,40,15
940,2017-11-23,140,55,40,15
940,2017-11-25,141,55,43,12
940,2017-11-28,142,55,42,13
940,2017-11-30,143,55,42,13
940,2017-12-02,144,55,45,10
940,2017-12-05,145,55,39,16
940,2017-12-07,146,55,43,12
940,2017-12-09,147,55,42,13
940,2017-12-12,148,55,41,14
940,2017-12-14,149,55,42,13
940,2017-12-16,150,55,42,13
941,2017-12-19,151,55,40,15
941,2017-12-21,152,55,41,14
941,2017-12-23,153,55,42,13
941,2017-12-27,154,55,43,12
941,2017-12-28,155,55,44,11
941,2017-12-30,156,55,45,10
941,2018-01-02,1,55,43,12
941,2018-01-04,2,55,43,12
942,2018-01-08,3,55,41,14
942,2018-01-09,4,55,43,12
942,2018-01-11,5,55,42,13
942,2018-01-13,6,55,41,14
942,2018-01-16,7,55,41,14
942,2018-01-18,8,55,45,10
942,2018-01-20,9,55,36,19
942,2018-01-23,10,55,45,10
942,2018-01-25,11,55,47,8
943,2018-01-27,12,55,43,12
943,2018-01-30,13,55,40,15
943,2018-02-01,14,55,45,10
943,2018-02-03,15,55,46,9
943,2018-02-06,16,55,42,13
943,2018-02-08,17,55,40,15
943,2018-02-10,18,55,41,14
943,2018-02-13,19,55,38,17
943,2018-02-15,20,55,41,14
944,2018-02-17,21,55,40,15
944,2018-02-20,22,55,41,14
944,2018-02-22,23,55,39,16
944,2018-02-24,24,55,45,10
944,2018-02-27,25,55,39,16
944,2018-03-01,26,55,45,10
944,2018-03-03,27,55,41,14
945,2018-03-06,28,55,46,9
945,2018-03-08,29,55,41,14
945,2018-03-10,30,55,39,16
945,2018-03-13,31,55,44,11
945,2018-03-15,32,55,39,16
945,2018-03-17,33,55,43,12
945,2018-03-20,34,55,43,12
945,2018-03-22,35,55,44,11
945,2018-03-24,36,55,43,12
945,2018-03-27,37,55,43,12
945,2018-03-29,38,55,38,17
946,2018-03-31,39,55,42,13
946,2018-04-03,40,55,38,17
946,2018-04-05,41,55,42,13
946,2018-04-07,42,55,41,14
946,2018-04-10,43,55,44,11
946,2018-04-12,44,55,43,12
946,2018-04-14,45,55,36,19
947,2018-04-17,46,55,40,15
947,2018-04-19,47,55,39,16
947,2018-04-21,48,55,41,14
947,2018-04-24,49,55,46,9
947,2018-04-26,50,55,43,12
947,2018-04-28,51,55,45,10
947,2018-05-02,52,55,38,17
947,2018-05-03,53,55,40,15
947,2018-05-05,54,55,41,14
947,2018-05-08,55,55,43,12
947,2018-05-10,56,55,42,13
948,2018-05-12,57,55,43,12
948,2018-05-15,58,55,43,12
948,2018-05-17,59,55,43,12
948,2018-05-19,60,55,42,13
948,2018-05-22,61,55,42,13
948,2018-05-24,62,55,45,10
949,2018-05-26,63,55,43,12
949,2018-05-29,64,55,44,11
949,2018-05-31,65,55,43,12
949,2018-06-04,66,55,46,9
949,2018-06-05,67,55,40,15
949,2018-06-07,68,55,43,12
949,2018-06-09,69,55,41,14
950,2018-06-12,70,55,45,10
950,2018-06-14,71,55,43,12
950,2018-06-16,72,55,43,12
950,2018-06-19,73,55,41,14
950,2018-06-21,74,55,41,14
950,2018-06-23,75,55,41,14
950,2018-06-26,76,55,42,13
950,2018-06-28,77,55,44,11
950,2018-06-30,78,55,36,19
951,2018-07-03,79,55,42,13
951,2018-07-05,80,55,43,12
951,2018-07-07,81,55,46,9
951,2018-07-10,82,55,42,13
951,2018-07-12,83,55,44,11
951,2018-07-14,84,55,40,15
951,2018-07-17,85,55,41,14
951,2018-07-19,86,55,42,13
951,2018-07-21,87,55,46,9
951,2018-07-24,88,55,42,13
951,2018-07-26,89,55,39,16
952,2018-07-28,90,55,41,14
952,2018-07-31,91,55,43,12
952,2018-08-02,92,55,41,14
952,2018-08-04,93,55,41,14
952,2018-08-07,94,55,42,13
952,2018-08-09,95,55,42,13
952,2018-08-11,96,55,39,16
953,2018-08-14,97,55,41,14
953,2018-08-16,98,55,42,13
953,2018-08-18,99,55,42,13
953,2018-08-21,100,55,37,18
953,2018-08-23,101,55,42,13
953,2018-08-25,102,55,46,9
953,2018-08-28,103,55,42,13
953,2018-08-30,104,55,41,14
954,2018-09-01,105,55,44,11
954,2018-09-04,106,55,43,12
954,2018-09-06,107,55,38,17
954,2018-09-08,108,55,43,12
954,2018-09-11,109,55,42,13
954,2018-09-13,110,55,41,14
955,2018-09-15,111,55,40,15
955,2018-09-18,112,55,41,14
955,2018-09-20,113,55,43,12
955,2018-09-22,114,55,41,14
955,2018-09-25,115,55,45,10
955,2018-09-27,116,55,43,12
955,2018-09-29,117,55,47,8
955,2018-10-02,118,55,41,14
955,2018-10-04,119,55,40,15
955,2018-10-06,120,55,39,16
956,2018-10-09,121,55,39,16
956,2018-10-11,122,55,43,12
956,2018-10-13,123,55,46,9
956,2018-10-16,124,55,44,11
956,2018-10-18,125,55,44,11
956,2018-10-20,126,55,41,14
956,2018-10-23,127,55,43,12
956,2018-10-25,128,55,45,10
956,2018-10-27,129,55,43,12
957,2018-10-30,130,55,40,15
957,2018-11-02,131,55,44,11
957,2018-11-03,132,55,43,12
957,2018-11-06,133,55,38,17
957,2018-11-08,134,55,42,13
958,2018-11-10,135,55,40,15
958,2018-11-13,136,55,41,14
958,2018-11-15,137,55,44,11
958,2018-11-17,138,55,42,13
958,2018-11-20,139,55,48,7
958,2018-11-22,140,55,38,17
958,2018-11-24,141,55,45,10
958,2018-11-27,142,55,41,14
959,2018-11-29,143,55,41,14
959,2018-12-01,144,55,39,16
959,2018-12-04,145,55,40,15
959,2018-12-06,146,55,41,14
959,2018-12-10,147,55,46,9
959,2018-12-11,148,55,45,10
959,2018-12-13,149,55,46,9
959,2018-12-15,150,55,43,12
959,2018-12-18,151,55,41,14
959,2018-12-20,152,55,41,14
959,2018-12-22,153,55,46,9
960,2018-12-24,154,55,39,16
960,2018-12-27,155,55,41,14
960,2018-12-29,156,55,41,14
960,2019-01-02,1,55,40,15
960,2019-01-03,2,55,39,16
960,2019-01-05,3,55,44,11
960,2019-01-08,4,55,47,8
960,2019-01-10,5,55,43,12
960,2019-01-12,6,55,44,11
960,2019-01-15,7,55,40,15
960,2019-01-17,8,55,43,12
960,2019-01-19,9,55,42,13
961,2019-01-22,10,55,44,11
961,2019-01-24,11,55,45,10
961,2019-01-26,12,55,39,16
961,2019-01-29,13,55,44,11
961,2019-01-31,14,55,42,13
962,2019-02-02,15,55,44,11
962,2019-02-05,16,55,44,11
962,2019-02-07,17,55,42,13
962,2019-02-09,18,55,41,14
962,2019-02-12,19,55,38,17
962,2019-02-14,20,55,43,12
962,2019-02-16,21,55,43,12
962,2019-02-19,22,55,45,10
962,2019-02-21,23,55,40,15
962,2019-02-23,24,55,41,14
962,2019-02-26,25,55,42,13
962,2019-02-28,26,55,40,15
962,2019-03-02,27,55,42,13
962,2019-03-05,28,55,40,15
963,2019-03-07,29,55,41,14
963,2019-03-09,30,55,41,14
963,2019-03-12,31,55,38,17
963,2019-03-14,32,55,42,13
963,2019-03-16,33,55,41,14
963,2019-03-19,34,55,41,14
963,2019-03-21,35,55,44,11
963,2019-03-23,36,55,39,16
963,2019-03-26,37,55,43,12
963,2019-03-28,38,55,44,11
963,2019-03-30,39,55,42,13
963,2019-04-02,40,55,41,14
963,2019-04-04,41,55,40,15
963,2019-04-06,42,55,45,10
964,2019-04-09,43,55,46,9
964,2019-04-11,44,55,42,13
964,2019-04-13,45,55,37,18
964,2019-04-16,46,55,42,13
964,2019-04-18,47,55,41,14
964,2019-04-20,48,55,42,13
964,2019-04-23,49,55,44,11
964,2019-04-26,50,55,42,13
964,2019-04-27,51,55,43,12
964,2019-04-30,52,55,43,12
964,2019-05-02,53,55,44,11
965,2019-05-04,54,55,43,12
965,2019-05-07,55,55,38,17
965,2019-05-09,56,55,42,13
965,2019-05-11,57,55,43,12
965,2019-05-14,58,55,42,13
965,2019-05-16,59,55,44,11
965,2019-05-18,60,55,39,16
966,2019-05-21,61,55,42,13
966,2019-05-23,62,55,40,15
966,2019-05-25,63,55,42,13
966,2019-05-28,64,55,39,16
966,2019-05-30,65,55,42,13
966,2019-06-01,66,55,41,14
967,2019-06-04,67,55,39,16
967,2019-06-06,68,55,40,15
967,2019-06-08,69,55,42,13
967,2019-06-11,70,55,41,14
967,2019-06-13,71,55,47,8
967,2019-06-15,72,55,39,16
967,2019-06-18,73,55,46,9
967,2019-06-20,74,55,39,16
967,2019-06-22,75,55,35,20
967,2019-06-25,76,55,43,12
967,2019-06-27,77,55,43,12
967,2019-06-29,78,55,42,13
968,2019-07-02,79,55,44,11
968,2019-07-04,80,55,44,11
968,2019-07-06,81,55,46,9
968,2019-07-09,82,55,43,12
968,2019-07-11,83,55,41,14
968,2019-07-13,84,55,45,10
968,2019-07-16,85,55,38,17
968,2019-07-18,86,55,42,13
969,2019-07-20,87,55,41,14
969,2019-07-23,88,55,43,12
969,2019-07-25,89,55,43,12
969,2019-07-27,90,55,40,15
969,2019-07-30,91,55,43,12
969,2019-08-01,92,55,44,11
969,2019-08-03,93,55,44,11
969,2019-08-06,94,55,40,15
969,2019-08-08,95,55,38,17
969,2019-08-10,96,55,42,13
969,2019-08-13,97,55,43,12
970,2019-08-16,98,55,43,12
970,2019-08-17,99,55,41,14
970,2019-08-20,100,55,47,8
970,2019-08-22,101,55,43,12
970,2019-08-24,102,55,37,18
970,2019-08-27,103,55,39,16
970,2019-08-29,104,55,39,16
970,2019-08-31,105,55,40,15
970,2019-09-03,106,55,43,12
970,2019-09-05,107,55,39,16
970,2019-09-07,108,55,42,13
970,2019-09-10,109,55,47,8
971,2019-09-12,110,55,42,13
971,2019-09-14,111,55,42,13
971,2019-09-17,112,55,41,14
971,2019-09-19,113,55,44,11
971,2019-09-21,114,55,43,12
971,2019-09-24,115,55,40,15
971,2019-09-26,116,55,37,18
971,2019-09-28,117,55,40,15
971,2019-10-01,118,55,47,8
972,2019-10-03,119,55,39,16
972,2019-10-05,120,55,44,11
972,2019-10-08,121,55,41,14
972,2019-10-10,122,55,42,13
972,2019-10-12,123,55,41,14
972,2019-10-15,124,55,42,13
972,2019-10-17,125,55,43,12
972,2019-10-19,126,55,45,10
972,2019-10-22,127,55,44,11
972,2019-10-24,128,55,42,13
972,2019-10-26,129,55,40,15
973,2019-10-29,130,55,44,11
973,2019-10-31,131,55,41,14
973,2019-11-02,132,55,45,10
973,2019-11-05,133,55,42,13
973,2019-11-07,134,55,44,11
973,2019-11-09,135,55,37,18
973,2019-11-12,136,55,42,13
973,2019-11-14,137,55,43,12
974,2019-11-16,138,55,45,10
974,2019-11-19,139,55,40,15
974,2019-11-21,140,55,46,9
974,2019-11-23,141,55,44,11
974,2019-11-26,142,55,41,14
974,2019-11-28,143,55,43,12
974,2019-11-30,144,55,39,16
974,2019-12-03,145,55,41,14
974,2019-12-05,146,55,46,9
974,2019-12-07,147,55,40,15
974,2019-12-10,148,55,36,19
974,2019-12-12,149,55,43,12
975,2019-12-14,150,55,42,13
975,2019-12-17,151,55,39,16
975,2019-12-19,152,55,46,9
975,2019-12-21,153,55,42,13
975,2019-12-24,154,55,41,14
975,2019-12-27,155,55,44,11
975,2019-12-28,156,55,44,11
975,2019-12-31,157,55,38,17
975,2020-01-02,1,55,42,13
976,2020-01-04,2,55,40,15
976,2020-01-07,3,55,42,13
976,2020-01-09,4,55,43,12
976,2020-01-11,5,55,47,8
976,2020-01-14,6,55,36,19
976,2020-01-16,7,55,39,16
976,2020-01-18,8,55,49,6
977,2020-01-21,9,55,41,14
977,2020-01-23,10,55,45,10
977,2020-01-25,11,55,41,14
977,2020-01-28,12,55,46,9
977,2020-01-30,13,55,40,15
977,2020-02-01,14,55,40,15
977,2020-02-04,15,55,35,20
977,2020-02-06,16,55,40,15
978,2020-02-08,17,55,41,14
978,2020-02-11,18,55,38,17
978,2020-02-13,19,55,37,18
978,2020-02-15,20,55,41,14
978,2020-02-18,21,55,41,14
978,2020-02-20,22,55,42,13
978,2020-02-22,23,55,41,14
979,2020-02-25,24,55,39,16
979,2020-02-27,25,55,43,12
979,2020-02-29,26,55,45,10
979,2020-03-03,27,55,38,17
979,2020-03-05,28,55,45,10
979,2020-03-07,29,55,44,11
979,2020-03-10,30,55,41,14
979,2020-03-12,31,55,40,15
980,2020-03-14,32,55,45,10
980,2020-03-17,33,55,42,13
980,2020-03-19,34,55,42,13
980,2020-03-21,35,55,41,14
980,2020-05-05,54,55,39,16
980,2020-05-07,55,55,42,13
980,2020-05-09,56,55,46,9
980,2020-05-12,57,55,42,13
980,2020-05-14,58,55,38,17
981,2020-05-16,59,55,43,12
981,2020-05-19,60,55,44,11
981,2020-05-21,61,55,42,13
981,2020-05-23,62,55,42,13
981,2020-05-26,63,55,40,15
981,2020-05-28,64,55,43,12
982,2020-05-30,65,55,42,13
982,2020-06-03,66,55,42,13
982,2020-06-04,67,55,40,15
982,2020-06-06,68,55,44,11
982,2020-06-09,69,55,40,15
982,2020-06-11,70,55,41,14
982,2020-06-13,71,55,40,15
982,2020-06-16,72,55,43,12
983,2020-06-18,73,55,45,10
983,2020-06-20,74,55,46,9
983,2020-06-23,75,55,39,16
983,2020-06-25,76,55,44,11
983,2020-06-27,77,55,40,15
983,2020-06-30,78,55,41,14
983,2020-07-02,79,55,36,19
983,2020-07-04,80,55,43,12
983,2020-07-07,81,55,44,11
983,2020-07-09,82,55,45,10
983,2020-07-11,83,55,41,14
983,2020-07-14,84,55,45,10
983,2020-07-16,85,55,39,16
984,2020-07-18,86,55,41,14
984,2020-07-21,87,55,43,12
984,2020-07-23,88,55,42,13
984,2020-07-25,89,55,46,9
984,2020-07-28,90,55,41,14
984,2020-07-30,91,55,40,15
984,2020-08-01,92,55,42,13
985,2020-08-04,93,55,45,10
985,2020-08-06,94,55,38,17
985,2020-08-08,95,55,44,11
985,2020-08-11,96,55,41,14
985,2020-08-13,97,55,43,12
985,2020-08-17,98,55,43,12
985,2020-08-18,99,55,37,18
985,2020-08-20,100,55,39,16
985,2020-08-22,101,55,45,10
985,2020-08-25,102,55,41,14
986,2020-08-27,103,55,42,13
986,2020-08-29,104,55,45,10
986,2020-09-01,105,55,42,13
986,2020-09-03,106,55,44,11
986,2020-09-05,107,55,44,11
986,2020-09-08,108,55,44,11
986,2020-09-10,109,55,44,11
986,2020-09-12,110,55,42,13
986,2020-09-15,111,55,41,14
987,2020-09-17,112,55,41,14
987,2020-09-19,113,55,46,9
987,2020-09-22,114,55,38,17
987,2020-09-24,115,55,40,15
987,2020-09-26,116,55,43,12
987,2020-09-29,117,55,43,12
987,2020-10-01,118,55,44,11
987,2020-10-03,119,55,44,11
988,2020-10-06,120,55,43,12
988,2020-10-08,121,55,39,16
988,2020-10-10,122,55,44,11
988,2020-10-13,123,55,43,12
988,2020-10-15,124,55,42,13
988,2020-10-17,125,55,37,18
988,2020-10-20,126,55,45,10
989,2020-10-22,127,55,40,15
989,2020-10-24,128,55,43,12
989,2020-10-27,129,55,42,13
989,2020-10-29,130,55,47,8
989,2020-10-31,131,55,41,14
989,2020-11-03,132,55,38,17
989,2020-11-05,133,55,37,18
989,2020-11-07,134,55,43,12
989,2020-11-10,135,55,43,12
989,2020-11-12,136,55,44,11
989,2020-11-14,137,55,41,14
989,2020-11-17,138,55,44,11
990,2020-11-19,139,55,40,15
990,2020-11-21,140,55,44,11
990,2020-11-24,141,55,37,18
990,2020-11-26,142,55,41,14
990,2020-11-28,143,55,40,15
990,2020-12-01,144,55,40,15
991,2020-12-03,145,55,41,14
991,2020-12-05,146,55,41,14
991,2020-12-09,147,55,42,13
991,2020-12-10,148,55,40,15
991,2020-12-12,149,55,44,11
991,2020-12-15,150,55,41,14
991,2020-12-17,151,55,47,8
991,2020-12-19,152,55,41,14
992,2020-12-22,153,55,45,10
992,2020-12-24,154,55,45,10
992,2020-12-28,155,55,43,12
992,2020-12-29,156,55,40,15
992,2020-12-31,157,55,43,12
992,2021-01-02,1,55,38,17
992,2021-01-05,2,55,39,16
992,2021-01-07,3,55,45,10
993,2021-01-09,4,55,42,13
993,2021-01-12,5,55,41,14
993,2021-01-14,6,55,42,13
993,2021-01-16,7,55,39,16
993,2021-01-19,8,55,47,8
993,2021-01-21,9,55,38,17
994,2021-01-23,10,55,36,19
994,2021-01-26,11,55,40,15
994,2021-01-28,12,55,47,8
994,2021-01-30,13,55,44,11
994,2021-02-02,14,55,40,15
994,2021-02-04,15,55,42,13
994,2021-02-06,16,55,43,12
994,2021-02-09,17,55,43,12
994,2021-02-11,18,55,42,13
994,2021-02-13,19,55,41,14
995,2021-02-16,20,55,38,17
995,2021-02-18,21,55,40,15
995,2021-02-20,22,55,42,13
995,2021-02-23,23,55,37,18
995,2021-02-25,24,55,40,15
995,2021-02-27,25,55,40,15
995,2021-03-02,26,55,40,15
996,2021-03-04,27,55,40,15
996,2021-03-06,28,55,39,16
996,2021-03-09,29,55,43,12
996,2021-03-11,30,55,50,5
996,2021-03-13,31,55,39,16
996,2021-03-16,32,55,41,14
996,2021-03-18,33,55,41,14
996,2021-03-20,34,55,45,10
997,2021-03-23,35,55,48,7
997,2021-03-25,36,55,43,12
997,2021-03-27,37,55,44,11
997,2021-03-30,38,55,42,13
997,2021-04-01,39,55,36,19
997,2021-04-03,40,55,43,12
997,2021-04-06,41,55,42,13
997,2021-04-08,42,55,40,15
998,2021-04-10,43,55,42,13
998,2021-04-13,44,55,42,13
998,2021-04-15,45,55,40,15
998,2021-04-17,46,55,41,14
998,2021-04-20,47,55,41,14
998,2021-04-22,48,55,42,13
998,2021-04-24,49,55,42,13
998,2021-04-27,50,55,49,6
999,2021-04-29,51,55,41,14
999,2021-05-03,52,55,42,13
999,2021-05-04,53,55,42,13
999,2021-05-06,54,55,42,13
999,2021-05-08,55,55,42,13
999,2021-05-11,56,55,45,10
1000,2021-05-13,57,55,45,10
1000,2021-05-15,58,55,46,9
1000,2021-05-18,59,55,44,11
1000,2021-05-20,60,55,41,14
1000,2021-05-22,61,55,45,10
1000,2021-05-25,62,55,43,12
1000,2021-05-27,63,55,45,10
1000,2021-05-29,64,55,40,15
1000,2021-06-01,65,55,38,17
1000,2021-06-03,66,55,40,15
1000,2021-06-05,67,55,41,14
1001,2021-06-08,68,55,45,10
1001,2021-06-10,69,55,44,11
1001,2021-06-12,70,55,47,8
1001,2021-06-15,71,55,44,11
1001,2021-06-17,72,55,39,16
1001,2021-06-19,73,55,39,16
1001,2021-06-22,74,55,41,14
1001,2021-06-24,75,55,46,9
1002,2021-06-26,76,55,40,15
1002,2021-06-29,77,55,38,17
1002,2021-07-01,78,55,42,13
1002,2021-07-03,79,55,39,16
1002,2021-07-06,80,55,44,11
1002,2021-07-08,81,55,41,14
1002,2021-07-10,82,55,41,14
1003,2021-07-13,83,55,44,11
1003,2021-07-15,84,55,48,7
1003,2021-07-17,85,55,43,12
1003,2021-07-20,86,55,46,9
1003,2021-07-22,87,55,41,14
1003,2021-07-24,88,55,41,14
1004,2021-07-27,89,55,43,12
1004,2021-07-29,90,55,41,14
1004,2021-07-31,91,55,42,13
1004,2021-08-03,92,55,46,9
1004,2021-08-05,93,55,43,12
1004,2021-08-07,94,55,42,13
1005,2021-08-10,95,55,43,12
1005,2021-08-12,96,55,46,9
1005,2021-08-14,97,55,39,16
1005,2021-08-17,98,55,38,17
1005,2021-08-19,99,55,40,15
1005,2021-08-21,100,55,40,15
1005,2021-08-24,101,55,41,14
1005,2021-08-26,102,55,44,11
1005,2021-08-28,103,55,44,11
1006,2021-08-31,104,55,46,9
1006,2021-09-02,105,55,45,10
1006,2021-09-04,106,55,45,10
1006,2021-09-07,107,55,41,14
1006,2021-09-09,108,55,39,16
1006,2021-09-11,109,55,41,14
1006,2021-09-14,110,55,46,9
1006,2021-09-16,111,55,45,10
1006,2021-09-18,112,55,40,15
1007,2021-09-21,113,55,44,11
1007,2021-09-23,114,55,44,11
1007,2021-09-25,115,55,45,10
1007,2021-09-28,116,55,45,10
1007,2021-09-30,117,55,39,16
1007,2021-10-02,118,55,39,16
1007,2021-10-05,119,55,45,10
1007,2021-10-07,120,55,40,15
1008,2021-10-09,121,55,45,10
1008,2021-10-12,122,55,44,11
1008,2021-10-14,123,55,43,12
1008,2021-10-16,124,55,43,12
1008,2021-10-19,125,55,42,13
1008,2021-10-21,126,55,43,12
1008,2021-10-23,127,55,42,13
1008,2021-10-26,128,55,41,14
1008,2021-10-28,129,55,35,20
1009,2021-10-30,130,55,40,15
1009,2021-11-02,131,55,41,14
1009,2021-11-04,132,55,42,13
1009,2021-11-06,133,55,44,11
1009,2021-11-09,134,55,46,9
1009,2021-11-11,135,55,37,18
1009,2021-11-13,136,55,39,16
1009,2021-11-16,137,55,45,10
1010,2021-11-18,138,55,46,9
1010,2021-11-20,139,55,43,12
1010,2021-11-23,140,55,44,11
1010,2021-11-25,141,55,43,12
1010,2021-11-27,142,55,43,12
1010,2021-11-30,143,55,44,11
1010,2021-12-02,144,55,35,20
1011,2021-12-04,145,55,42,13
1011,2021-12-07,146,55,41,14
1011,2021-12-09,147,55,43,12
1011,2021-12-11,148,55,40,15
1011,2021-12-14,149,55,43,12
1011,2021-12-16,150,55,44,11
1011,2021-12-18,151,55,41,14
1012,2021-12-21,152,55,38,17
1012,2021-12-23,153,55,42,13
1012,2021-12-27,154,55,46,9
1012,2021-12-28,155,55,45,10
1012,2021-12-30,156,55,40,15
1012,2022-01-03,1,55,42,13
1012,2022-01-04,2,55,44,11
1012,2022-01-07,3,55,38,17
1012,2022-01-08,4,55,43,12
1013,2022-01-11,5,55,42,13
1013,2022-01-13,6,55,45,10
1013,2022-01-15,7,55,41,14
1013,2022-01-18,8,55,44,11
1013,2022-01-20,9,55,44,11
1013,2022-01-22,10,55,40,15
1013,2022-01-25,11,55,42,13
1013,2022-01-27,12,55,39,16
1013,2022-01-29,13,55,41,14
1013,2022-02-01,14,55,45,10
1013,2022-02-03,15,55,42,13
1014,2022-02-05,16,55,41,14
1014,2022-02-08,17,55,43,12
1014,2022-02-10,18,55,44,11
1014,2022-02-12,19,55,48,7
1014,2022-02-15,20,55,43,12
1014,2022-02-17,21,55,43,12
1015,2022-02-19,22,55,41,14
1015,2022-02-22,23,55,42,13
1015,2022-02-24,24,55,47,8
1015,2022-02-26,25,55,39,16
1015,2022-03-01,26,55,42,13
1015,2022-03-03,27,55,45,10
1016,2022-03-05,28,55,42,13
1016,2022-03-08,29,55,44,11
1016,2022-03-10,30,55,44,11
1016,2022-03-12,31,55,44,11
1016,2022-03-15,32,55,43,12
1016,2022-03-17,33,55,42,13
1016,2022-03-19,34,55,41,14
1016,2022-03-22,35,55,41,14
1016,2022-03-24,36,55,45,10
1016,2022-03-26,37,55,40,15
1017,2022-03-29,38,55,45,10
1017,2022-03-31,39,55,41,14
1017,2022-04-02,40,55,41,14
1017,2022-04-05,41,55,43,12
1017,2022-04-07,42,55,45,10
1017,2022-04-09,43,55,45,10
1017,2022-04-12,44,55,42,13
1017,2022-04-14,45,55,36,19
1017,2022-04-16,46,55,38,17
1017,2022-04-19,47,55,46,9
1017,2022-04-21,48,55,41,14
1018,2022-04-23,49,55,47,8
1018,2022-04-26,50,55,42,13
1018,2022-04-28,51,55,41,14
1018,2022-04-30,52,55,43,12
1018,2022-05-03,53,55,36,19
1018,2022-05-05,54,55,41,14
1018,2022-05-07,55,55,42,13
1018,2022-05-10,56,55,42,13
1019,2022-05-12,57,55,41,14
1019,2022-05-14,58,55,45,10
1019,2022-05-17,59,55,40,15
1019,2022-05-19,60,55,48,7
1019,2022-05-21,61,55,44,11
1019,2022-05-24,62,55,41,14
1019,2022-05-26,63,55,38,17
1019,2022-05-28,64,55,47,8
1019,2022-05-31,65,55,41,14
1019,2022-06-03,66,55,39,16
1020,2022-06-04,67,55,41,14
1020,2022-06-07,68,55,43,12
1020,2022-06-09,69,55,42,13
1020,2022-06-11,70,55,43,12
1020,2022-06-14,71,55,39,16
1020,2022-06-16,72,55,45,10
1020,2022-06-18,73,55,42,13
1020,2022-06-21,74,55,41,14
1020,2022-06-23,75,55,39,16
1021,2022-06-25,76,55,44,11
1021,2022-06-28,77,55,41,14
1021,2022-06-30,78,55,47,8
1021,2022-07-02,79,55,43,12
1021,2022-07-05,80,55,42,13
1021,2022-07-07,81,55,41,14
1021,2022-07-09,82,55,39,16
1021,2022-07-12,83,55,46,9
1021,2022-07-14,84,55,44,11
1021,2022-07-16,85,55,38,17
1021,2022-07-19,86,55,43,12
1022,2022-07-21,87,55,42,13
1022,2022-07-23,88,55,43,12
1022,2022-07-26,89,55,44,11
1022,2022-07-28,90,55,42,13
1022,2022-07-30,91,55,43,12
1022,2022-08-02,92,55,43,12
1022,2022-08-04,93,55,45,10
1022,2022-08-06,94,55,38,17
1022,2022-08-09,95,55,39,16
1022,2022-08-11,96,55,43,12
1023,2022-08-13,97,55,45,10
1023,2022-08-16,98,55,40,15
1023,2022-08-18,99,55,43,12
1023,2022-08-20,100,55,40,15
1023,2022-08-23,101,55,42,13
1023,2022-08-25,102,55,44,11
1023,2022-08-27,103,55,45,10
1023,2022-08-30,104,55,41,14
1023,2022-09-01,105,55,46,9
1023,2022-09-03,106,55,37,18
1023,2022-09-06,107,55,40,15
1024,2022-09-08,108,55,40,15
1024,2022-09-10,109,55,41,14
1024,2022-09-13,110,55,41,14
1024,2022-09-15,111,55,41,14
1024,2022-09-17,112,55,41,14
1024,2022-09-20,113,55,41,14
1024,2022-09-22,114,55,44,11
1024,2022-09-24,115,55,45,10
1025,2022-09-27,116,55,40,15
1025,2022-09-29,117,55,42,13
1025,2022-10-01,118,55,41,14
1025,2022-10-04,119,55,43,12
1025,2022-10-06,120,55,41,14
1025,2022-10-08,121,55,42,13
1025,2022-10-11,122,55,41,14
1026,2022-10-13,123,55,44,11
1026,2022-10-15,124,55,43,12
1026,2022-10-18,125,55,38,17
1026,2022-10-20,126,55,40,15
1026,2022-10-22,127,55,39,16
1027,2022-10-25,128,55,42,13
1027,2022-10-27,129,55,44,11
1027,2022-10-29,130,55,44,11
1027,2022-11-02,131,55,41,14
1027,2022-11-03,132,55,42,13
1027,2022-11-05,133,55,42,13
1027,2022-11-08,134,55,41,14
1027,2022-11-10,135,55,40,15
1027,2022-11-12,136,55,42,13
1027,2022-11-15,137,55,43,12
1028,2022-11-17,138,55,43,12
1028,2022-11-19,139,55,44,11
1028,2022-11-22,140,55,44,11
1028,2022-11-24,141,55,39,16
1028,2022-11-26,142,55,39,16
1028,2022-11-29,143,55,42,13
1028,2022-12-01,144,55,41,14
1028,2022-12-03,145,55,42,13
1029,2022-12-06,146,55,42,13
1029,2022-12-09,147,55,44,11
1029,2022-12-10,148,55,43,12
1029,2022-12-13,149,55,47,8
1029,2022-12-15,150,55,39,16
1029,2022-12-17,151,55,43,12
1029,2022-12-20,152,55,44,11
1030,2022-12-22,153,55,42,13
1030,2022-12-24,154,55,42,13
1030,2022-12-27,155,55,40,15
1030,2022-12-29,156,55,44,11
1030,2022-12-31,157,55,40,15
1030,2023-01-03,1,55,42,13
1030,2023-01-05,2,55,41,14
1030,2023-01-07,3,55,41,14
1031,2023-01-10,4,55,44,11
1031,2023-01-12,5,55,40,15
1031,2023-01-14,6,55,39,16
1031,2023-01-17,7,55,38,17
1031,2023-01-19,8,55,41,14
1031,2023-01-21,9,55,42,13
1031,2023-01-24,10,55,41,14
1031,2023-01-26,11,55,39,16
1032,2023-01-28,12,55,41,14
1032,2023-01-31,13,55,44,11
1032,2023-02-02,14,55,45,10
1032,2023-02-04,15,55,45,10
1032,2023-02-07,16,55,41,14
1032,2023-02-09,17,55,43,12
1032,2023-02-11,18,55,39,16
1032,2023-02-14,19,55,44,11
1032,2023-02-16,20,55,44,11
1032,2023-02-18,21,55,43,12
1032,2023-02-21,22,55,46,9
1033,2023-02-23,23,55,44,11
1033,2023-02-25,24,55,41,14
1033,2023-02-28,25,55,43,12
1033,2023-03-02,26,55,38,17
1033,2023-03-04,27,55,42,13
1033,2023-03-07,28,55,39,16
1033,2023-03-09,29,55,43,12
1033,2023-03-11,30,55,44,11
1033,2023-03-14,31,55,41,14
1034,2023-03-16,32,55,41,14
1034,2023-03-18,33,55,41,14
1034,2023-03-21,34,55,48,7
1034,2023-03-23,35,55,42,13
1034,2023-03-25,36,55,45,10
1034,2023-03-28,37,55,40,15
1034,2023-03-30,38,55,42,13
1034,2023-04-01,39,55,43,12
1034,2023-04-04,40,55,42,13
1035,2023-04-06,41,55,47,8
1035,2023-04-08,42,55,43,12
1035,2023-04-11,43,55,43,12
1035,2023-04-13,44,55,43,12
1035,2023-04-15,45,55,43,12
1035,2023-04-18,46,55,41,14
1035,2023-04-20,47,55,38,17
1035,2023-04-22,48,55,44,11
1035,2023-04-26,49,55,45,10
1035,2023-04-27,50,55,41,14
1035,2023-04-29,51,55,44,11
1035,2023-05-02,52,55,43,12
1035,2023-05-04,53,55,43,12
1035,2023-05-06,54,55,42,13
1035,2023-05-09,55,55,42,13
1036,2023-05-11,56,55,43,12
1036,2023-05-13,57,55,40,15
1036,2023-05-16,58,55,41,14
1036,2023-05-18,59,55,40,15
1036,2023-05-20,60,55,44,11
1036,2023-05-23,61,55,43,12
1036,2023-05-25,62,55,42,13
1036,2023-05-27,63,55,45,10
1037,2023-05-30,64,55,42,13
1037,2023-06-01,65,55,45,10
1037,2023-06-03,66,55,40,15
1037,2023-06-06,67,55,38,17
1037,2023-06-08,68,55,46,9
1037,2023-06-10,69,55,43,12
1037,2023-06-13,70,55,44,11
1037,2023-06-15,71,55,43,12
1037,2023-06-17,72,55,39,16
1037,2023-06-20,73,55,38,17
1037,2023-06-22,74,55,38,17
1037,2023-06-24,75,55,43,12
1037,2023-06-27,76,55,43,12
1037,2023-06-29,77,55,43,12
1038,2023-07-01,78,55,44,11
1038,2023-07-04,79,55,44,11
1038,2023-07-06,80,55,41,14
1038,2023-07-07,81,55,47,8
1038,2023-07-08,82,55,42,13
1038,2023-07-11,83,55,41,14
1038,2023-07-13,84,55,42,13
1039,2023-07-14,85,55,43,12
1039,2023-07-15,86,55,44,11
1039,2023-07-18,87,55,41,14
1039,2023-07-20,88,55,41,14
1039,2023-07-21,89,55,39,16
1039,2023-07-22,90,55,42,13
1039,2023-07-25,91,55,45,10
1039,2023-07-27,92,55,46,9
1039,2023-07-28,93,55,39,16
1040,2023-07-29,94,55,36,19
1040,2023-08-01,95,55,44,11
1040,2023-08-03,96,55,46,9
1040,2023-08-04,97,55,44,11
1040,2023-08-05,98,55,42,13
1040,2023-08-08,99,55,44,11
1040,2023-08-10,100,55,43,12
1040,2023-08-11,101,55,42,13
1040,2023-08-12,102,55,38,17
1040,2023-08-16,103,55,41,14
1040,2023-08-17,104,55,41,14
1040,2023-08-18,105,55,47,8
1041,2023-08-19,106,55,44,11
1041,2023-08-22,107,55,42,13
1041,2023-08-24,108,55,42,13
1041,2023-08-25,109,55,38,17
1041,2023-08-26,110,55,42,13
1041,2023-08-29,111,55,39,16
1041,2023-08-31,112,55,43,12
1041,2023-09-01,113,55,43,12
1041,2023-09-02,114,55,45,10
1041,2023-09-05,115,55,41,14
1042,2023-09-07,116,55,41,14
1042,2023-09-08,117,55,43,12
1042,2023-09-09,118,55,42,13
1042,2023-09-12,119,55,38,17
1042,2023-09-14,120,55,45,10
1042,2023-09-15,121,55,40,15
1042,2023-09-16,122,55,44,11
1043,2023-09-19,123,55,45,10
1043,2023-09-21,124,55,40,15
1043,2023-09-22,125,55,37,18
1043,2023-09-23,126,55,38,17
1043,2023-09-26,127,55,44,11
1043,2023-09-28,128,55,38,17
1043,2023-09-29,129,55,44,11
1043,2023-09-30,130,55,45,10
1043,2023-10-03,131,55,43,12
1044,2023-10-05,132,55,43,12
1044,2023-10-06,133,55,41,14
1044,2023-10-07,134,55,40,15
1044,2023-10-10,135,55,43,12
1044,2023-10-12,136,55,44,11
1044,2023-10-13,137,55,41,14
1044,2023-10-14,138,55,40,15
1044,2023-10-17,139,55,50,5
1044,2023-10-19,140,55,43,12
1045,2023-10-20,141,55,44,11
1045,2023-10-21,142,55,45,10
1045,2023-10-24,143,55,46,9
1045,2023-10-26,144,55,41,14
1045,2023-10-27,145,55,41,14
1045,2023-10-28,146,55,38,17
1045,2023-10-31,147,55,43,12
1045,2023-11-02,148,55,42,13
1046,2023-11-03,149,55,41,14
1046,2023-11-04,150,55,39,16
1046,2023-11-07,151,55,45,10
1046,2023-11-09,152,55,42,13
1046,2023-11-10,153,55,44,11
1046,2023-11-11,154,55,36,19
1046,2023-11-14,155,55,44,11
1046,2023-11-16,156,55,37,18
1046,2023-11-17,157,55,42,13
1047,2023-11-18,158,55,42,13
1047,2023-11-21,159,55,42,13
1047,2023-11-23,160,55,42,13
1047,2023-11-24,161,55,44,11
1047,2023-11-25,162,55,43,12
1047,2023-11-28,163,55,42,13
1047,2023-11-30,164,55,41,14
1048,2023-12-01,165,55,41,14
1048,2023-12-02,166,55,43,12
1048,2023-12-05,167,55,42,13
1048,2023-12-07,168,55,40,15
1048,2023-12-09,169,55,43,12
1048,2023-12-11,170,55,44,11
1048,2023-12-12,171,55,43,12
1049,2023-12-14,172,55,40,15
1049,2023-12-15,173,55,40,15
1049,2023-12-16,174,55,43,12
1049,2023-12-19,175,55,46,9
1049,2023-12-21,176,55,41,14
1049,2023-12-22,177,55,42,13
1049,2023-12-23,178,55,43,12
1049,2023-12-27,179,55,41,14
1050,2023-12-28,180,55,44,11
1050,2023-12-29,181,55,43,12
1050,2023-12-30,182,55,40,15
1050,2024-01-02,1,55,41,14
1050,2024-01-04,2,55,44,11
1050,2024-01-05,3,55,43,12
1050,2024-01-08,4,55,45,10
1050,2024-01-09,5,55,37,18
1050,2024-01-11,6,55,42,13
1051,2024-01-12,7,55,45,10
1051,2024-01-13,8,55,43,12
1051,2024-01-16,9,55,41,14
1051,2024-01-18,10,55,42,13
1051,2024-01-19,11,55,42,13
1051,2024-01-20,12,55,42,13
1051,2024-01-23,13,55,40,15
1052,2024-01-25,14,55,45,10
1052,2024-01-26,15,55,42,13
1052,2024-01-27,16,55,43,12
1052,2024-01-30,17,55,44,11
1052,2024-02-01,18,55,45,10
1052,2024-02-02,19,55,43,12
1052,2024-02-03,20,55,42,13
1052,2024-02-06,21,55,42,13
1052,2024-02-08,22,55,42,13
1052,2024-02-09,23,55,40,15
1053,2024-02-10,24,55,40,15
1053,2024-02-13,25,55,37,18
1053,2024-02-15,26,55,44,11
1053,2024-02-16,27,55,44,11
1053,2024-02-17,28,55,42,13
1053,2024-02-20,29,55,40,15
1053,2024-02-22,30,55,41,14
1054,2024-02-23,31,55,44,11
1054,2024-02-24,32,55,41,14
1054,2024-02-27,33,55,41,14
1054,2024-02-29,34,55,45,10
1054,2024-03-01,35,55,42,13
1054,2024-03-02,36,55,42,13
1055,2024-03-05,37,55,42,13
1055,2024-03-07,38,55,42,13
1055,2024-03-08,39,55,44,11
1055,2024-03-09,40,55,40,15
1055,2024-03-12,41,55,44,11
1055,2024-03-14,42,55,43,12
1055,2024-03-15,43,55,41,14
1055,2024-03-16,44,55,40,15
1055,2024-03-19,45,55,40,15
1056,2024-03-21,46,55,40,15
1056,2024-03-22,47,55,39,16
1056,2024-03-23,48,55,38,17
1056,2024-03-26,49,55,39,16
1056,2024-03-28,50,55,44,11
1056,2024-03-29,51,55,41,14
1056,2024-03-30,52,55,43,12
1056,2024-04-02,53,55,42,13
1057,2024-04-04,54,55,41,14
1057,2024-04-05,55,55,42,13
1057,2024-04-06,56,55,45,10
1057,2024-04-09,57,55,41,14
1057,2024-04-11,58,55,40,15
1057,2024-04-12,59,55,39,16
1057,2024-04-13,60,55,42,13
1057,2024-04-16,61,55,40,15
1057,2024-04-18,62,55,40,15
1058,2024-04-19,63,55,41,14
1058,2024-04-20,64,55,41,14
1058,2024-04-23,65,55,43,12
1058,2024-04-26,66,55,48,7
1058,2024-04-27,67,55,41,14
1058,2024-04-29,68,55,45,10
1058,2024-04-30,69,55,41,14
1058,2024-05-02,70,55,40,15
1059,2024-05-03,71,55,41,14
1059,2024-05-04,72,55,42,13
1059,2024-05-07,73,55,41,14
1059,2024-05-09,74,55,37,18
1059,2024-05-10,75,55,38,17
1059,2024-05-11,76,55,45,10
1059,2024-05-14,77,55,41,14
1059,2024-05-16,78,55,40,15
1060,2024-05-17,79,55,44,11
1060,2024-05-18,80,55,44,11
1060,2024-05-21,81,55,44,11
1060,2024-05-23,82,55,43,12
1060,2024-05-24,83,55,44,11
1060,2024-05-25,84,55,42,13
1060,2024-05-28,85,55,36,19
1060,2024-05-30,86,55,44,11
1061,2024-05-31,87,55,41,14
1061,2024-06-01,88,55,46,9
1061,2024-06-04,89,55,47,8
1061,2024-06-06,90,55,42,13
1061,2024-06-07,91,55,39,16
1061,2024-06-08,92,55,38,17
1061,2024-06-11,93,55,39,16
1061,2024-06-13,94,55,46,9
1061,2024-06-14,95,55,40,15
1061,2024-06-15,96,55,43,12
1062,2024-06-18,97,55,44,11
1062,2024-06-20,98,55,44,11
1062,2024-06-21,99,55,46,9
1062,2024-06-22,100,55,39,16
1062,2024-06-25,101,55,43,12
1062,2024-06-27,102,55,40,15
1062,2024-06-28,103,55,40,15
1063,2024-06-29,104,55,42,13
1063,2024-07-02,105,55,43,12
1063,2024-07-04,106,55,41,14
1063,2024-07-05,107,55,39,16
1063,2024-07-06,108,55,46,9
1063,2024-07-09,109,55,44,11
1063,2024-07-11,110,55,42,13
1064,2024-07-12,111,55,41,14
1064,2024-07-13,112,55,42,13
1064,2024-07-16,113,55,44,11
1064,2024-07-18,114,55,45,10
1064,2024-07-19,115,55,38,17
1064,2024-07-20,116,55,43,12
1064,2024-07-23,117,55,45,10
1064,2024-07-25,118,55,41,14
1064,2024-07-26,119,55,39,16
1065,2024-07-27,120,55,43,12
1065,2024-07-30,121,55,42,13
1065,2024-08-01,122,55,40,15
1065,2024-08-02,123,55,39,16
1065,2024-08-03,124,55,42,13
1065,2024-08-06,125,55,40,15
1065,2024-08-08,126,55,40,15
1066,2024-08-09,127,55,42,13
1066,2024-08-10,128,55,45,10
1066,2024-08-13,129,55,44,11
1066,2024-08-16,130,55,41,14
1066,2024-08-17,131,55,45,10
1066,2024-08-19,132,55,39,16
1066,2024-08-20,133,55,44,11
1066,2024-08-22,134,55,38,17
1067,2024-08-23,135,55,38,17
1067,2024-08-24,136,55,41,14
1067,2024-08-27,137,55,39,16
1067,2024-08-29,138,55,44,11
1067,2024-08-30,139,55,43,12
1067,2024-08-31,140,55,45,10
1067,2024-09-03,141,55,45,10
1067,2024-09-05,142,55,44,11
1067,2024-09-06,143,55,40,15
1068,2024-09-07,144,55,39,16
1068,2024-09-10,145,55,42,13
1068,2024-09-12,146,55,41,14
1068,2024-09-13,147,55,40,15
1068,2024-09-14,148,55,47,8
1068,2024-09-17,149,55,39,16
1068,2024-09-19,150,55,41,14
1068,2024-09-20,151,55,46,9
1068,2024-09-21,152,55,46,9
1069,2024-09-24,153,55,43,12
1069,2024-09-26,154,55,44,11
1069,2024-09-27,155,55,44,11
1069,2024-09-28,156,55,43,12
1069,2024-10-01,157,55,42,13
1069,2024-10-03,158,55,41,14
1069,2024-10-04,159,55,42,13
1070,2024-10-05,160,55,39,16
1070,2024-10-08,161,55,43,12
1070,2024-10-10,162,55,37,18
1070,2024-10-11,163,55,44,11
1070,2024-10-12,164,55,45,10
1070,2024-10-15,165,55,38,17
1070,2024-10-17,166,55,47,8
1070,2024-10-18,167,55,44,11
1071,2024-10-19,168,55,45,10
1071,2024-10-22,169,55,41,14
1071,2024-10-24,170,55,46,9
1071,2024-10-25,171,55,42,13
1071,2024-10-26,172,55,41,14
1071,2024-10-29,173,55,47,8
1071,2024-10-31,174,55,44,11
1072,2024-11-02,175,55,42,13
1072,2024-11-04,176,55,41,14
1072,2024-11-05,177,55,39,16
1072,2024-11-07,178,55,41,14
1072,2024-11-08,179,55,47,8
1072,2024-11-09,180,55,47,8
1073,2024-11-12,181,55,45,10
1073,2024-11-14,182,55,44,11
1073,2024-11-15,183,55,40,15
1073,2024-11-16,184,55,39,16
1073,2024-11-19,185,55,43,12
1073,2024-11-21,186,55,42,13
1073,2024-11-22,187,55,41,14
1073,2024-11-23,188,55,40,15
1074,2024-11-26,189,55,44,11
1074,2024-11-28,190,55,38,17
1074,2024-11-29,191,55,38,17
1074,2024-11-30,192,55,44,11
1074,2024-12-03,193,55,40,15
1074,2024-12-05,194,55,42,13
1074,2024-12-06,195,55,41,14
1074,2024-12-07,196,55,42,13
1074,2024-12-10,197,55,38,17
1075,2024-12-12,198,55,42,13
1075,2024-12-13,199,55,44,11
1075,2024-12-14,200,55,42,13
1075,2024-12-17,201,55,41,14
1075,2024-12-19,202,55,42,13
1075,2024-12-20,203,55,41,14
1075,2024-12-21,204,55,45,10
1075,2024-12-24,205,55,42,13
1075,2024-12-27,206,55,41,14
1075,2024-12-28,207,55,42,13
1075,2024-12-30,208,55,39,16
1075,2024-12-31,209,55,39,16
1076,2025-01-02,1,55,41,14
1076,2025-01-03,2,55,42,13
1076,2025-01-04,3,55,39,16
1076,2025-01-07,4,55,40,15
1076,2025-01-09,5,55,44,11
1076,2025-01-10,6,55,44,11
1076,2025-01-11,7,55,44,11
1076,2025-01-14,8,55,37,18
1076,2025-01-16,9,55,44,11
1077,2025-01-17,10,55,42,13
1077,2025-01-18,11,55,40,15
1077,2025-01-21,12,55,41,14
1077,2025-01-23,13,55,40,15
1077,2025-01-24,14,55,44,11
1077,2025-01-25,15,55,41,14
1077,2025-01-28,16,55,41,14
1077,2025-01-30,17,55,43,12
1078,2025-01-31,18,55,45,10
1078,2025-02-01,19,55,44,11
1078,2025-02-04,20,55,47,8
1078,2025-02-06,21,55,43,12
1078,2025-02-07,22,55,42,13
1078,2025-02-08,23,55,39,16
1078,2025-02-11,24,55,44,11
1078,2025-02-13,25,55,43,12
1079,2025-02-14,26,55,41,14
1079,2025-02-15,27,55,47,8
1079,2025-02-18,28,55,41,14
1079,2025-02-20,29,55,37,18
1079,2025-02-21,30,55,43,12
1079,2025-02-22,31,55,40,15
1079,2025-02-25,32,55,43,12
1079,2025-02-27,33,55,43,12
1079,2025-02-28,34,55,40,15
1079,2025-03-01,35,55,43,12
1079,2025-03-04,36,55,43,12
1079,2025-03-06,37,55,42,13
1080,2025-03-07,38,55,42,13
1080,2025-03-08,39,55,43,12
1080,2025-03-11,40,55,43,12
1080,2025-03-13,41,55,38,17
1080,2025-03-14,42,55,42,13
1080,2025-03-15,43,55,39,16
1080,2025-03-18,44,55,43,12
1080,2025-03-20,45,55,45,10
1081,2025-03-21,46,55,42,13
1081,2025-03-22,47,55,42,13
1081,2025-03-25,48,55,46,9
1081,2025-03-27,49,55,41,14
1081,2025-03-28,50,55,42,13
1081,2025-03-29,51,55,43,12
1081,2025-04-01,52,55,40,15
1082,2025-04-03,53,55,41,14
1082,2025-04-04,54,55,45,10
1082,2025-04-05,55,55,44,11
1082,2025-04-08,56,55,47,8
1082,2025-04-10,57,55,42,13
1082,2025-04-11,58,55,41,14
1082,2025-04-12,59,55,42,13
1083,2025-04-15,60,55,44,11
1083,2025-04-17,61,55,44,11
1083,2025-04-18,62,55,38,17
1083,2025-04-19,63,55,41,14
1083,2025-04-22,64,55,42,13
1083,2025-04-24,65,55,43,12
1083,2025-04-26,66,55,42,13
1083,2025-04-28,67,55,38,17
1083,2025-04-29,68,55,42,13
1084,2025-05-02,69,55,43,12
1084,2025-05-03,70,55,43,12
1084,2025-05-05,71,55,42,13
1084,2025-05-06,72,55,42,13
1084,2025-05-08,73,55,45,10
1084,2025-05-09,74,55,38,17
1084,2025-05-10,75,55,40,15
1084,2025-05-13,76,55,41,14
1084,2025-05-15,77,55,40,15
1084,2025-05-16,78,55,38,17
1085,2025-05-17,79,55,40,15
1085,2025-05-20,80,55,38,17
1085,2025-05-22,81,55,45,10
1085,2025-05-23,82,55,36,19
1085,2025-05-24,83,55,40,15
1085,2025-05-27,84,55,38,17
1085,2025-05-29,85,55,36,19
1085,2025-05-30,86,55,42,13
1085,2025-05-31,87,55,40,15
1085,2025-06-03,88,55,44,11
1086,2025-06-05,89,55,44,11
1086,2025-06-06,90,55,39,16
1086,2025-06-07,91,55,42,13
1086,2025-06-10,92,55,43,12
1086,2025-06-12,93,55,41,14
1086,2025-06-13,94,55,42,13
1086,2025-06-14,95,55,40,15
1086,2025-06-17,96,55,43,12
1086,2025-06-19,97,55,48,7
1087,2025-06-20,98,55,44,11
1087,2025-06-21,99,55,46,9
1087,2025-06-24,100,55,42,13
1087,2025-06-26,101,55,39,16
1087,2025-06-27,102,55,42,13
1087,2025-06-28,103,55,42,13
1087,2025-07-01,104,55,40,15
1087,2025-07-03,105,55,37,18
1087,2025-07-04,106,55,43,12
1088,2025-07-05,107,55,43,12
1088,2025-07-08,108,55,42,13
1088,2025-07-10,109,55,47,8
1088,2025-07-11,110,55,42,13
1088,2025-07-12,111,55,37,18
1088,2025-07-15,112,55,43,12
1088,2025-07-17,113,55,41,14
1088,2025-07-18,114,55,43,12
1088,2025-07-19,115,55,41,14
1088,2025-07-22,116,55,42,13
1089,2025-07-24,117,55,44,11
1089,2025-07-25,118,55,44,11
1089,2025-07-26,119,55,43,12
1089,2025-07-29,120,55,40,15
1089,2025-07-31,121,55,43,12
1089,2025-08-01,122,55,41,14
1089,2025-08-02,123,55,41,14
1090,2025-08-05,124,55,43,12
1090,2025-08-07,125,55,43,12
1090,2025-08-08,126,55,42,13
1090,2025-08-09,127,55,40,15
1090,2025-08-12,128,55,39,16
1090,2025-08-14,129,55,36,19
1090,2025-08-16,130,55,43,12
1090,2025-08-18,131,55,44,11
1090,2025-08-19,132,55,41,14
1090,2025-08-21,133,55,43,12
1091,2025-08-22,134,55,45,10
1091,2025-08-23,135,55,42,13
1091,2025-08-26,136,55,43,12
1091,2025-08-28,137,55,39,16
1091,2025-08-29,138,55,44,11
1091,2025-08-30,139,55,44,11
1091,2025-09-02,140,55,42,13
1092,2025-09-04,141,55,39,16
1092,2025-09-05,142,55,42,13
1092,2025-09-06,143,55,44,11
1092,2025-09-09,144,55,39,16
1092,2025-09-11,145,55,40,15
1092,2025-09-12,146,55,35,20
1092,2025-09-13,147,55,39,16
1092,2025-09-16,148,55,45,10
1092,2025-09-18,149,55,45,10
1092,2025-09-19,150,55,40,15
1093,2025-09-20,151,55,41,14
1093,2025-09-23,152,55,38,17
1093,2025-09-25,153,55,47,8
1093,2025-09-26,154,55,40,15
1093,2025-09-27,155,55,44,11
1093,2025-09-30,156,55,40,15
1093,2025-10-02,157,55,41,14
1094,2025-10-03,158,55,42,13
1094,2025-10-04,159,55,45,10
1094,2025-10-07,160,55,42,13
1094,2025-10-09,161,55,41,14
1094,2025-10-10,162,55,42,13
1094,2025-10-11,163,55,46,9
1095,2025-10-14,164,55,39,16
1095,2025-10-16,165,55,43,12
1095,2025-10-17,166,55,43,12
1095,2025-10-18,167,55,44,11
1095,2025-10-21,168,55,41,14
1095,2025-10-23,169,55,42,13
1095,2025-10-24,170,55,42,13
1095,2025-10-25,171,55,45,10
1096,2025-10-28,172,55,41,14
1096,2025-10-30,173,55,47,8
1096,2025-10-31,174,55,44,11
1096,2025-11-03,175,55,37,18
1096,2025-11-04,176,55,43,12
1096,2025-11-06,177,55,42,13
1096,2025-11-07,178,55,43,12
1096,2025-11-08,179,55,39,16
1096,2025-11-11,180,55,41,14
1096,2025-11-13,181,55,41,14
1097,2025-11-14,182,55,42,13
1097,2025-11-15,183,55,43,12
1097,2025-11-18,184,55,43,12
1097,2025-11-20,185,55,42,13
1097,2025-11-21,186,55,42,13
1097,2025-11-22,187,55,44,11
1097,2025-11-25,188,55,39,16
1097,2025-11-27,189,55,42,13
1098,2025-11-28,190,55,43,12
1098,2025-11-29,191,55,40,15
1098,2025-12-02,192,55,47,8
1098,2025-12-04,193,55,45,10
1098,2025-12-05,194,55,43,12
1098,2025-12-06,195,55,39,16
1098,2025-12-09,196,55,39,16
1098,2025-12-11,197,55,42,13
1098,2025-12-12,198,55,42,13
1098,2025-12-13,199,55,39,16
1098,2025-12-16,200,55,38,17
1098,2025-12-18,201,55,47,8
1098,2025-12-19,202,55,43,12
1098,2025-12-20,203,55,43,12
1099,2025-12-23,204,55,38,17
1099,2025-12-24,205,55,45,10
1099,2025-12-27,206,55,38,17
1099,2025-12-29,207,55,41,14
1099,2025-12-30,208,55,43,12
1099,2026-01-02,1,55,36,19
1099,2026-01-03,2,55,47,8
1099,2026-01-05,3,55,41,14
1099,2026-01-07,4,55,40,15
1099,2026-01-08,5,55,40,15
1099,2026-01-09,6,55,42,13
1099,2026-01-10,7,55,44,11
1100,2026-01-13,8,55,41,14
1100,2026-01-15,9,55,43,12
1100,2026-01-16,10,55,43,12
1100,2026-01-17,11,55,44,11
1100,2026-01-20,12,55,44,11
1100,2026-01-22,13,55,43,12
1100,2026-01-23,14,55,47,8
1100,2026-01-24,15,55,43,12
1100,2026-01-27,16,55,43,12
1100,2026-01-29,17,55,40,15
1100,2026-01-30,18,55,43,12
1101,2026-01-31,19,55,44,11
1101,2026-02-03,20,55,43,12
1101,2026-02-05,21,55,40,15
1101,2026-02-06,22,55,41,14
1101,2026-02-07,23,55,42,13
1101,2026-02-10,24,55,44,11
1101,2026-02-12,25,55,42,13
1101,2026-02-13,26,55,44,11
1102,2026-02-14,27,55,39,16
1102,2026-02-17,28,55,43,12
1102,2026-02-19,29,55,44,11
1102,2026-02-20,30,55,35,20
1102,2026-02-21,31,55,42,13
1102,2026-02-24,32,55,44,11
1103,2026-02-26,33,55,46,9
1103,2026-02-27,34,55,40,15
1103,2026-02-28,35,55,45,10
1103,2026-03-03,36,55,37,18
1103,2026-03-05,37,55,40,15
1103,2026-03-06,38,55,46,9
1103,2026-03-07,39,55,41,14
1103,2026-03-10,40,55,40,15
1104,2026-03-12,41,55,44,11
1104,2026-03-13,42,55,42,13
1104,2026-03-14,43,55,43,12
1104,2026-03-17,44,55,47,8
