slice_idx,window_start_date,window_end_date,from_dr,to_dr,count,p_to_given_from
0,1900-01-06,1907-09-07,1,1,1,0.025
0,1900-01-06,1907-09-07,1,2,12,0.3
0,1900-01-06,1907-09-07,1,3,2,0.05
0,1900-01-06,1907-09-07,1,4,4,0.1
0,1900-01-06,1907-09-07,1,5,3,0.075
0,1900-01-06,1907-09-07,1,6,7,0.175
0,1900-01-06,1907-09-07,1,7,7,0.175
0,1900-01-06,1907-09-07,1,8,0,0.0
0,1900-01-06,1907-09-07,1,9,4,0.1
0,1900-01-06,1907-09-07,2,1,5,0.092593
0,1900-01-06,1907-09-07,2,2,6,0.111111
0,1900-01-06,1907-09-07,2,3,8,0.148148
0,1900-01-06,1907-09-07,2,4,6,0.111111
0,1900-01-06,1907-09-07,2,5,8,0.148148
0,1900-01-06,1907-09-07,2,6,7,0.12963
0,1900-01-06,1907-09-07,2,7,2,0.037037
0,1900-01-06,1907-09-07,2,8,6,0.111111
0,1900-01-06,1907-09-07,2,9,6,0.111111
0,1900-01-06,1907-09-07,3,1,8,0.195122
0,1900-01-06,1907-09-07,3,2,6,0.146341
0,1900-01-06,1907-09-07,3,3,2,0.04878
0,1900-01-06,1907-09-07,3,4,6,0.146341
0,1900-01-06,1907-09-07,3,5,5,0.121951
0,1900-01-06,1907-09-07,3,6,6,0.146341
0,1900-01-06,1907-09-07,3,7,4,0.097561
0,1900-01-06,1907-09-07,3,8,1,0.02439
0,1900-01-06,1907-09-07,3,9,3,0.073171
0,1900-01-06,1907-09-07,4,1,5,0.119048
0,1900-01-06,1907-09-07,4,2,10,0.238095
0,1900-01-06,1907-09-07,4,3,3,0.071429
0,1900-01-06,1907-09-07,4,4,1,0.02381
0,1900-01-06,1907-09-07,4,5,3,0.071429
0,1900-01-06,1907-09-07,4,6,4,0.095238
0,1900-01-06,1907-09-07,4,7,6,0.142857
0,1900-01-06,1907-09-07,4,8,5,0.119048
0,1900-01-06,1907-09-07,4,9,5,0.119048
0,1900-01-06,1907-09-07,5,1,7,0.170732
0,1900-01-06,1907-09-07,5,2,2,0.04878
0,1900-01-06,1907-09-07,5,3,1,0.02439
0,1900-01-06,1907-09-07,5,4,5,0.121951
0,1900-01-06,1907-09-07,5,5,5,0.121951
0,1900-01-06,1907-09-07,5,6,3,0.073171
0,1900-01-06,1907-09-07,5,7,8,0.195122
0,1900-01-06,1907-09-07,5,8,6,0.146341
0,1900-01-06,1907-09-07,5,9,4,0.097561
0,1900-01-06,1907-09-07,6,1,3,0.0625
0,1900-01-06,1907-09-07,6,2,4,0.083333
0,1900-01-06,1907-09-07,6,3,5,0.104167
0,1900-01-06,1907-09-07,6,4,6,0.125
0,1900-01-06,1907-09-07,6,5,5,0.104167
0,1900-01-06,1907-09-07,6,6,4,0.083333
0,1900-01-06,1907-09-07,6,7,7,0.145833
0,1900-01-06,1907-09-07,6,8,7,0.145833
0,1900-01-06,1907-09-07,6,9,7,0.145833
0,1900-01-06,1907-09-07,7,1,1,0.020833
0,1900-01-06,1907-09-07,7,2,3,0.0625
0,1900-01-06,1907-09-07,7,3,9,0.1875
0,1900-01-06,1907-09-07,7,4,8,0.166667
0,1900-01-06,1907-09-07,7,5,3,0.0625
0,1900-01-06,1907-09-07,7,6,8,0.166667
0,1900-01-06,1907-09-07,7,7,5,0.104167
0,1900-01-06,1907-09-07,7,8,4,0.083333
0,1900-01-06,1907-09-07,7,9,7,0.145833
0,1900-01-06,1907-09-07,8,1,6,0.166667
0,1900-01-06,1907-09-07,8,2,5,0.138889
0,1900-01-06,1907-09-07,8,3,6,0.166667
0,1900-01-06,1907-09-07,8,4,2,0.055556
0,1900-01-06,1907-09-07,8,5,1,0.027778
0,1900-01-06,1907-09-07,8,6,4,0.111111
0,1900-01-06,1907-09-07,8,7,5,0.138889
0,1900-01-06,1907-09-07,8,8,4,0.111111
0,1900-01-06,1907-09-07,8,9,3,0.083333
0,1900-01-06,1907-09-07,9,1,5,0.1
0,1900-01-06,1907-09-07,9,2,6,0.12
0,1900-01-06,1907-09-07,9,3,5,0.1
0,1900-01-06,1907-09-07,9,4,4,0.08
0,1900-01-06,1907-09-07,9,5,7,0.14
0,1900-01-06,1907-09-07,9,6,5,0.1
0,1900-01-06,1907-09-07,9,7,4,0.08
0,1900-01-06,1907-09-07,9,8,3,0.06
0,1900-01-06,1907-09-07,9,9,11,0.22
1,1901-12-07,1909-08-07,1,1,1,0.02439
1,1901-12-07,1909-08-07,1,2,8,0.195122
1,1901-12-07,1909-08-07,1,3,3,0.073171
1,1901-12-07,1909-08-07,1,4,4,0.097561
1,1901-12-07,1909-08-07,1,5,2,0.04878
1,1901-12-07,1909-08-07,1,6,7,0.170732
1,1901-12-07,1909-08-07,1,7,4,0.097561
1,1901-12-07,1909-08-07,1,8,4,0.097561
1,1901-12-07,1909-08-07,1,9,8,0.195122
1,1901-12-07,1909-08-07,2,1,5,0.089286
1,1901-12-07,1909-08-07,2,2,8,0.142857
1,1901-12-07,1909-08-07,2,3,7,0.125
1,1901-12-07,1909-08-07,2,4,7,0.125
1,1901-12-07,1909-08-07,2,5,9,0.160714
1,1901-12-07,1909-08-07,2,6,6,0.107143
1,1901-12-07,1909-08-07,2,7,4,0.071429
1,1901-12-07,1909-08-07,2,8,4,0.071429
1,1901-12-07,1909-08-07,2,9,6,0.107143
1,1901-12-07,1909-08-07,3,1,6,0.162162
1,1901-12-07,1909-08-07,3,2,6,0.162162
1,1901-12-07,1909-08-07,3,3,2,0.054054
1,1901-12-07,1909-08-07,3,4,6,0.162162
1,1901-12-07,1909-08-07,3,5,3,0.081081
1,1901-12-07,1909-08-07,3,6,5,0.135135
1,1901-12-07,1909-08-07,3,7,4,0.108108
1,1901-12-07,1909-08-07,3,8,1,0.027027
1,1901-12-07,1909-08-07,3,9,4,0.108108
1,1901-12-07,1909-08-07,4,1,8,0.177778
1,1901-12-07,1909-08-07,4,2,10,0.222222
1,1901-12-07,1909-08-07,4,3,2,0.044444
1,1901-12-07,1909-08-07,4,4,2,0.044444
1,1901-12-07,1909-08-07,4,5,3,0.066667
1,1901-12-07,1909-08-07,4,6,5,0.111111
1,1901-12-07,1909-08-07,4,7,5,0.111111
1,1901-12-07,1909-08-07,4,8,6,0.133333
1,1901-12-07,1909-08-07,4,9,4,0.088889
1,1901-12-07,1909-08-07,5,1,5,0.142857
1,1901-12-07,1909-08-07,5,2,3,0.085714
1,1901-12-07,1909-08-07,5,3,1,0.028571
1,1901-12-07,1909-08-07,5,4,5,0.142857
1,1901-12-07,1909-08-07,5,5,5,0.142857
1,1901-12-07,1909-08-07,5,6,2,0.057143
1,1901-12-07,1909-08-07,5,7,7,0.2
1,1901-12-07,1909-08-07,5,8,6,0.171429
1,1901-12-07,1909-08-07,5,9,1,0.028571
1,1901-12-07,1909-08-07,6,1,1,0.021277
1,1901-12-07,1909-08-07,6,2,5,0.106383
1,1901-12-07,1909-08-07,6,3,6,0.12766
1,1901-12-07,1909-08-07,6,4,8,0.170213
1,1901-12-07,1909-08-07,6,5,4,0.085106
1,1901-12-07,1909-08-07,6,6,4,0.085106
1,1901-12-07,1909-08-07,6,7,7,0.148936
1,1901-12-07,1909-08-07,6,8,7,0.148936
1,1901-12-07,1909-08-07,6,9,5,0.106383
1,1901-12-07,1909-08-07,7,1,2,0.04
1,1901-12-07,1909-08-07,7,2,6,0.12
1,1901-12-07,1909-08-07,7,3,7,0.14
1,1901-12-07,1909-08-07,7,4,6,0.12
1,1901-12-07,1909-08-07,7,5,4,0.08
1,1901-12-07,1909-08-07,7,6,9,0.18
1,1901-12-07,1909-08-07,7,7,5,0.1
1,1901-12-07,1909-08-07,7,8,4,0.08
1,1901-12-07,1909-08-07,7,9,7,0.14
1,1901-12-07,1909-08-07,8,1,8,0.2
1,1901-12-07,1909-08-07,8,2,3,0.075
1,1901-12-07,1909-08-07,8,3,5,0.125
1,1901-12-07,1909-08-07,8,4,3,0.075
1,1901-12-07,1909-08-07,8,5,2,0.05
1,1901-12-07,1909-08-07,8,6,4,0.1
1,1901-12-07,1909-08-07,8,7,6,0.15
1,1901-12-07,1909-08-07,8,8,5,0.125
1,1901-12-07,1909-08-07,8,9,4,0.1
1,1901-12-07,1909-08-07,9,1,6,0.122449
1,1901-12-07,1909-08-07,9,2,7,0.142857
1,1901-12-07,1909-08-07,9,3,4,0.081633
1,1901-12-07,1909-08-07,9,4,4,0.081633
1,1901-12-07,1909-08-07,9,5,3,0.061224
1,1901-12-07,1909-08-07,9,6,5,0.102041
1,1901-12-07,1909-08-07,9,7,7,0.142857
1,1901-12-07,1909-08-07,9,8,3,0.061224
1,1901-12-07,1909-08-07,9,9,10,0.204082
2,1903-11-07,1911-07-08,1,1,4,0.086957
2,1903-11-07,1911-07-08,1,2,8,0.173913
2,1903-11-07,1911-07-08,1,3,4,0.086957
2,1903-11-07,1911-07-08,1,4,7,0.152174
2,1903-11-07,1911-07-08,1,5,2,0.043478
2,1903-11-07,1911-07-08,1,6,4,0.086957
2,1903-11-07,1911-07-08,1,7,4,0.086957
2,1903-11-07,1911-07-08,1,8,4,0.086957
2,1903-11-07,1911-07-08,1,9,9,0.195652
2,1903-11-07,1911-07-08,2,1,8,0.145455
2,1903-11-07,1911-07-08,2,2,8,0.145455
2,1903-11-07,1911-07-08,2,3,3,0.054545
2,1903-11-07,1911-07-08,2,4,8,0.145455
2,1903-11-07,1911-07-08,2,5,8,0.145455
2,1903-11-07,1911-07-08,2,6,7,0.127273
2,1903-11-07,1911-07-08,2,7,4,0.072727
2,1903-11-07,1911-07-08,2,8,3,0.054545
2,1903-11-07,1911-07-08,2,9,6,0.109091
2,1903-11-07,1911-07-08,3,1,4,0.114286
2,1903-11-07,1911-07-08,3,2,7,0.2
2,1903-11-07,1911-07-08,3,3,0,0.0
2,1903-11-07,1911-07-08,3,4,5,0.142857
2,1903-11-07,1911-07-08,3,5,4,0.114286
2,1903-11-07,1911-07-08,3,6,7,0.2
2,1903-11-07,1911-07-08,3,7,3,0.085714
2,1903-11-07,1911-07-08,3,8,1,0.028571
2,1903-11-07,1911-07-08,3,9,4,0.114286
2,1903-11-07,1911-07-08,4,1,8,0.181818
2,1903-11-07,1911-07-08,4,2,9,0.204545
2,1903-11-07,1911-07-08,4,3,6,0.136364
2,1903-11-07,1911-07-08,4,4,1,0.022727
2,1903-11-07,1911-07-08,4,5,4,0.090909
2,1903-11-07,1911-07-08,4,6,4,0.090909
2,1903-11-07,1911-07-08,4,7,4,0.090909
2,1903-11-07,1911-07-08,4,8,4,0.090909
2,1903-11-07,1911-07-08,4,9,4,0.090909
2,1903-11-07,1911-07-08,5,1,5,0.135135
2,1903-11-07,1911-07-08,5,2,3,0.081081
2,1903-11-07,1911-07-08,5,3,1,0.027027
2,1903-11-07,1911-07-08,5,4,3,0.081081
2,1903-11-07,1911-07-08,5,5,6,0.162162
2,1903-11-07,1911-07-08,5,6,5,0.135135
2,1903-11-07,1911-07-08,5,7,8,0.216216
2,1903-11-07,1911-07-08,5,8,5,0.135135
2,1903-11-07,1911-07-08,5,9,1,0.027027
2,1903-11-07,1911-07-08,6,1,4,0.068966
2,1903-11-07,1911-07-08,6,2,6,0.103448
2,1903-11-07,1911-07-08,6,3,7,0.12069
2,1903-11-07,1911-07-08,6,4,11,0.189655
2,1903-11-07,1911-07-08,6,5,4,0.068966
2,1903-11-07,1911-07-08,6,6,8,0.137931
2,1903-11-07,1911-07-08,6,7,8,0.137931
2,1903-11-07,1911-07-08,6,8,4,0.068966
2,1903-11-07,1911-07-08,6,9,6,0.103448
2,1903-11-07,1911-07-08,7,1,2,0.043478
2,1903-11-07,1911-07-08,7,2,5,0.108696
2,1903-11-07,1911-07-08,7,3,5,0.108696
2,1903-11-07,1911-07-08,7,4,4,0.086957
2,1903-11-07,1911-07-08,7,5,4,0.086957
2,1903-11-07,1911-07-08,7,6,11,0.23913
2,1903-11-07,1911-07-08,7,7,5,0.108696
2,1903-11-07,1911-07-08,7,8,6,0.130435
2,1903-11-07,1911-07-08,7,9,4,0.086957
2,1903-11-07,1911-07-08,8,1,6,0.206897
2,1903-11-07,1911-07-08,8,2,2,0.068966
2,1903-11-07,1911-07-08,8,3,4,0.137931
2,1903-11-07,1911-07-08,8,4,1,0.034483
2,1903-11-07,1911-07-08,8,5,2,0.068966
2,1903-11-07,1911-07-08,8,6,4,0.137931
2,1903-11-07,1911-07-08,8,7,5,0.172414
2,1903-11-07,1911-07-08,8,8,1,0.034483
2,1903-11-07,1911-07-08,8,9,4,0.137931
2,1903-11-07,1911-07-08,9,1,5,0.1
2,1903-11-07,1911-07-08,9,2,7,0.14
2,1903-11-07,1911-07-08,9,3,4,0.08
2,1903-11-07,1911-07-08,9,4,5,0.1
2,1903-11-07,1911-07-08,9,5,3,0.06
2,1903-11-07,1911-07-08,9,6,8,0.16
2,1903-11-07,1911-07-08,9,7,5,0.1
2,1903-11-07,1911-07-08,9,8,1,0.02
2,1903-11-07,1911-07-08,9,9,12,0.24
3,1905-10-07,1913-06-07,1,1,5,0.102041
3,1905-10-07,1913-06-07,1,2,7,0.142857
3,1905-10-07,1913-06-07,1,3,7,0.142857
3,1905-10-07,1913-06-07,1,4,6,0.122449
3,1905-10-07,1913-06-07,1,5,3,0.061224
3,1905-10-07,1913-06-07,1,6,2,0.040816
3,1905-10-07,1913-06-07,1,7,4,0.081633
3,1905-10-07,1913-06-07,1,8,6,0.122449
3,1905-10-07,1913-06-07,1,9,9,0.183673
3,1905-10-07,1913-06-07,2,1,6,0.12766
3,1905-10-07,1913-06-07,2,2,6,0.12766
3,1905-10-07,1913-06-07,2,3,1,0.021277
3,1905-10-07,1913-06-07,2,4,7,0.148936
3,1905-10-07,1913-06-07,2,5,7,0.148936
3,1905-10-07,1913-06-07,2,6,5,0.106383
3,1905-10-07,1913-06-07,2,7,7,0.148936
3,1905-10-07,1913-06-07,2,8,3,0.06383
3,1905-10-07,1913-06-07,2,9,5,0.106383
3,1905-10-07,1913-06-07,3,1,3,0.078947
3,1905-10-07,1913-06-07,3,2,4,0.105263
3,1905-10-07,1913-06-07,3,3,1,0.026316
3,1905-10-07,1913-06-07,3,4,6,0.157895
3,1905-10-07,1913-06-07,3,5,6,0.157895
3,1905-10-07,1913-06-07,3,6,5,0.131579
3,1905-10-07,1913-06-07,3,7,2,0.052632
3,1905-10-07,1913-06-07,3,8,4,0.105263
3,1905-10-07,1913-06-07,3,9,7,0.184211
3,1905-10-07,1913-06-07,4,1,6,0.133333
3,1905-10-07,1913-06-07,4,2,8,0.177778
3,1905-10-07,1913-06-07,4,3,8,0.177778
3,1905-10-07,1913-06-07,4,4,4,0.088889
3,1905-10-07,1913-06-07,4,5,3,0.066667
3,1905-10-07,1913-06-07,4,6,4,0.088889
3,1905-10-07,1913-06-07,4,7,5,0.111111
3,1905-10-07,1913-06-07,4,8,5,0.111111
3,1905-10-07,1913-06-07,4,9,2,0.044444
3,1905-10-07,1913-06-07,5,1,8,0.228571
3,1905-10-07,1913-06-07,5,2,3,0.085714
3,1905-10-07,1913-06-07,5,3,1,0.028571
3,1905-10-07,1913-06-07,5,4,4,0.114286
3,1905-10-07,1913-06-07,5,5,3,0.085714
3,1905-10-07,1913-06-07,5,6,5,0.142857
3,1905-10-07,1913-06-07,5,7,9,0.257143
3,1905-10-07,1913-06-07,5,8,2,0.057143
3,1905-10-07,1913-06-07,5,9,0,0.0
3,1905-10-07,1913-06-07,6,1,5,0.098039
3,1905-10-07,1913-06-07,6,2,5,0.098039
3,1905-10-07,1913-06-07,6,3,6,0.117647
3,1905-10-07,1913-06-07,6,4,8,0.156863
3,1905-10-07,1913-06-07,6,5,1,0.019608
3,1905-10-07,1913-06-07,6,6,8,0.156863
3,1905-10-07,1913-06-07,6,7,5,0.098039
3,1905-10-07,1913-06-07,6,8,6,0.117647
3,1905-10-07,1913-06-07,6,9,7,0.137255
3,1905-10-07,1913-06-07,7,1,5,0.108696
3,1905-10-07,1913-06-07,7,2,6,0.130435
3,1905-10-07,1913-06-07,7,3,4,0.086957
3,1905-10-07,1913-06-07,7,4,1,0.021739
3,1905-10-07,1913-06-07,7,5,4,0.086957
3,1905-10-07,1913-06-07,7,6,11,0.23913
3,1905-10-07,1913-06-07,7,7,5,0.108696
3,1905-10-07,1913-06-07,7,8,7,0.152174
3,1905-10-07,1913-06-07,7,9,3,0.065217
3,1905-10-07,1913-06-07,8,1,4,0.1
3,1905-10-07,1913-06-07,8,2,3,0.075
3,1905-10-07,1913-06-07,8,3,5,0.125
3,1905-10-07,1913-06-07,8,4,4,0.1
3,1905-10-07,1913-06-07,8,5,4,0.1
3,1905-10-07,1913-06-07,8,6,4,0.1
3,1905-10-07,1913-06-07,8,7,4,0.1
3,1905-10-07,1913-06-07,8,8,5,0.125
3,1905-10-07,1913-06-07,8,9,7,0.175
3,1905-10-07,1913-06-07,9,1,8,0.163265
3,1905-10-07,1913-06-07,9,2,5,0.102041
3,1905-10-07,1913-06-07,9,3,4,0.081633
3,1905-10-07,1913-06-07,9,4,5,0.102041
3,1905-10-07,1913-06-07,9,5,4,0.081633
3,1905-10-07,1913-06-07,9,6,7,0.142857
3,1905-10-07,1913-06-07,9,7,5,0.102041
3,1905-10-07,1913-06-07,9,8,2,0.040816
3,1905-10-07,1913-06-07,9,9,9,0.183673
4,1907-09-07,1915-05-08,1,1,5,0.09434
4,1907-09-07,1915-05-08,1,2,4,0.075472
4,1907-09-07,1915-05-08,1,3,8,0.150943
4,1907-09-07,1915-05-08,1,4,8,0.150943
4,1907-09-07,1915-05-08,1,5,4,0.075472
4,1907-09-07,1915-05-08,1,6,3,0.056604
4,1907-09-07,1915-05-08,1,7,5,0.09434
4,1907-09-07,1915-05-08,1,8,7,0.132075
4,1907-09-07,1915-05-08,1,9,9,0.169811
4,1907-09-07,1915-05-08,2,1,5,0.138889
4,1907-09-07,1915-05-08,2,2,3,0.083333
4,1907-09-07,1915-05-08,2,3,1,0.027778
4,1907-09-07,1915-05-08,2,4,5,0.138889
4,1907-09-07,1915-05-08,2,5,5,0.138889
4,1907-09-07,1915-05-08,2,6,4,0.111111
4,1907-09-07,1915-05-08,2,7,5,0.138889
4,1907-09-07,1915-05-08,2,8,2,0.055556
4,1907-09-07,1915-05-08,2,9,6,0.166667
4,1907-09-07,1915-05-08,3,1,3,0.071429
4,1907-09-07,1915-05-08,3,2,3,0.071429
4,1907-09-07,1915-05-08,3,3,2,0.047619
4,1907-09-07,1915-05-08,3,4,5,0.119048
4,1907-09-07,1915-05-08,3,5,7,0.166667
4,1907-09-07,1915-05-08,3,6,7,0.166667
4,1907-09-07,1915-05-08,3,7,3,0.071429
4,1907-09-07,1915-05-08,3,8,5,0.119048
4,1907-09-07,1915-05-08,3,9,7,0.166667
4,1907-09-07,1915-05-08,4,1,7,0.152174
4,1907-09-07,1915-05-08,4,2,6,0.130435
4,1907-09-07,1915-05-08,4,3,8,0.173913
4,1907-09-07,1915-05-08,4,4,6,0.130435
4,1907-09-07,1915-05-08,4,5,4,0.086957
4,1907-09-07,1915-05-08,4,6,5,0.108696
4,1907-09-07,1915-05-08,4,7,7,0.152174
4,1907-09-07,1915-05-08,4,8,3,0.065217
4,1907-09-07,1915-05-08,4,9,0,0.0
4,1907-09-07,1915-05-08,5,1,6,0.139535
4,1907-09-07,1915-05-08,5,2,3,0.069767
4,1907-09-07,1915-05-08,5,3,2,0.046512
4,1907-09-07,1915-05-08,5,4,4,0.093023
4,1907-09-07,1915-05-08,5,5,8,0.186047
4,1907-09-07,1915-05-08,5,6,6,0.139535
4,1907-09-07,1915-05-08,5,7,10,0.232558
4,1907-09-07,1915-05-08,5,8,4,0.093023
4,1907-09-07,1915-05-08,5,9,0,0.0
4,1907-09-07,1915-05-08,6,1,6,0.115385
4,1907-09-07,1915-05-08,6,2,5,0.096154
4,1907-09-07,1915-05-08,6,3,8,0.153846
4,1907-09-07,1915-05-08,6,4,7,0.134615
4,1907-09-07,1915-05-08,6,5,5,0.096154
4,1907-09-07,1915-05-08,6,6,8,0.153846
4,1907-09-07,1915-05-08,6,7,4,0.076923
4,1907-09-07,1915-05-08,6,8,5,0.096154
4,1907-09-07,1915-05-08,6,9,4,0.076923
4,1907-09-07,1915-05-08,7,1,5,0.108696
4,1907-09-07,1915-05-08,7,2,5,0.108696
4,1907-09-07,1915-05-08,7,3,6,0.130435
4,1907-09-07,1915-05-08,7,4,3,0.065217
4,1907-09-07,1915-05-08,7,5,4,0.086957
4,1907-09-07,1915-05-08,7,6,9,0.195652
4,1907-09-07,1915-05-08,7,7,7,0.152174
4,1907-09-07,1915-05-08,7,8,6,0.130435
4,1907-09-07,1915-05-08,7,9,1,0.021739
4,1907-09-07,1915-05-08,8,1,4,0.095238
4,1907-09-07,1915-05-08,8,2,4,0.095238
4,1907-09-07,1915-05-08,8,3,5,0.119048
4,1907-09-07,1915-05-08,8,4,5,0.119048
4,1907-09-07,1915-05-08,8,5,3,0.071429
4,1907-09-07,1915-05-08,8,6,4,0.095238
4,1907-09-07,1915-05-08,8,7,1,0.02381
4,1907-09-07,1915-05-08,8,8,7,0.166667
4,1907-09-07,1915-05-08,8,9,9,0.214286
4,1907-09-07,1915-05-08,9,1,11,0.275
4,1907-09-07,1915-05-08,9,2,3,0.075
4,1907-09-07,1915-05-08,9,3,2,0.05
4,1907-09-07,1915-05-08,9,4,3,0.075
4,1907-09-07,1915-05-08,9,5,4,0.1
4,1907-09-07,1915-05-08,9,6,6,0.15
4,1907-09-07,1915-05-08,9,7,4,0.1
4,1907-09-07,1915-05-08,9,8,3,0.075
4,1907-09-07,1915-05-08,9,9,4,0.1
5,1909-08-07,1917-04-07,1,1,6,0.130435
5,1909-08-07,1917-04-07,1,2,4,0.086957
5,1909-08-07,1917-04-07,1,3,7,0.152174
5,1909-08-07,1917-04-07,1,4,8,0.173913
5,1909-08-07,1917-04-07,1,5,4,0.086957
5,1909-08-07,1917-04-07,1,6,4,0.086957
5,1909-08-07,1917-04-07,1,7,5,0.108696
5,1909-08-07,1917-04-07,1,8,3,0.065217
5,1909-08-07,1917-04-07,1,9,5,0.108696
5,1909-08-07,1917-04-07,2,1,6,0.176471
5,1909-08-07,1917-04-07,2,2,4,0.117647
5,1909-08-07,1917-04-07,2,3,0,0.0
5,1909-08-07,1917-04-07,2,4,4,0.117647
5,1909-08-07,1917-04-07,2,5,4,0.117647
5,1909-08-07,1917-04-07,2,6,2,0.058824
5,1909-08-07,1917-04-07,2,7,5,0.147059
5,1909-08-07,1917-04-07,2,8,3,0.088235
5,1909-08-07,1917-04-07,2,9,6,0.176471
5,1909-08-07,1917-04-07,3,1,3,0.061224
5,1909-08-07,1917-04-07,3,2,4,0.081633
5,1909-08-07,1917-04-07,3,3,5,0.102041
5,1909-08-07,1917-04-07,3,4,2,0.040816
5,1909-08-07,1917-04-07,3,5,11,0.22449
5,1909-08-07,1917-04-07,3,6,7,0.142857
5,1909-08-07,1917-04-07,3,7,5,0.102041
5,1909-08-07,1917-04-07,3,8,7,0.142857
5,1909-08-07,1917-04-07,3,9,5,0.102041
5,1909-08-07,1917-04-07,4,1,3,0.066667
5,1909-08-07,1917-04-07,4,2,6,0.133333
5,1909-08-07,1917-04-07,4,3,10,0.222222
5,1909-08-07,1917-04-07,4,4,5,0.111111
5,1909-08-07,1917-04-07,4,5,6,0.133333
5,1909-08-07,1917-04-07,4,6,5,0.111111
5,1909-08-07,1917-04-07,4,7,7,0.155556
5,1909-08-07,1917-04-07,4,8,1,0.022222
5,1909-08-07,1917-04-07,4,9,2,0.044444
5,1909-08-07,1917-04-07,5,1,6,0.111111
5,1909-08-07,1917-04-07,5,2,3,0.055556
5,1909-08-07,1917-04-07,5,3,6,0.111111
5,1909-08-07,1917-04-07,5,4,7,0.12963
5,1909-08-07,1917-04-07,5,5,9,0.166667
5,1909-08-07,1917-04-07,5,6,7,0.12963
5,1909-08-07,1917-04-07,5,7,9,0.166667
5,1909-08-07,1917-04-07,5,8,5,0.092593
5,1909-08-07,1917-04-07,5,9,2,0.037037
5,1909-08-07,1917-04-07,6,1,6,0.115385
5,1909-08-07,1917-04-07,6,2,5,0.096154
5,1909-08-07,1917-04-07,6,3,6,0.115385
5,1909-08-07,1917-04-07,6,4,6,0.115385
5,1909-08-07,1917-04-07,6,5,7,0.134615
5,1909-08-07,1917-04-07,6,6,8,0.153846
5,1909-08-07,1917-04-07,6,7,5,0.096154
5,1909-08-07,1917-04-07,6,8,3,0.057692
5,1909-08-07,1917-04-07,6,9,6,0.115385
5,1909-08-07,1917-04-07,7,1,4,0.093023
5,1909-08-07,1917-04-07,7,2,3,0.069767
5,1909-08-07,1917-04-07,7,3,6,0.139535
5,1909-08-07,1917-04-07,7,4,4,0.093023
5,1909-08-07,1917-04-07,7,5,4,0.093023
5,1909-08-07,1917-04-07,7,6,8,0.186047
5,1909-08-07,1917-04-07,7,7,6,0.139535
5,1909-08-07,1917-04-07,7,8,6,0.139535
5,1909-08-07,1917-04-07,7,9,2,0.046512
5,1909-08-07,1917-04-07,8,1,1,0.026316
5,1909-08-07,1917-04-07,8,2,3,0.078947
5,1909-08-07,1917-04-07,8,3,5,0.131579
5,1909-08-07,1917-04-07,8,4,5,0.131579
5,1909-08-07,1917-04-07,8,5,4,0.105263
5,1909-08-07,1917-04-07,8,6,5,0.131579
5,1909-08-07,1917-04-07,8,7,0,0.0
5,1909-08-07,1917-04-07,8,8,7,0.184211
5,1909-08-07,1917-04-07,8,9,8,0.210526
5,1909-08-07,1917-04-07,9,1,10,0.25641
5,1909-08-07,1917-04-07,9,2,2,0.051282
5,1909-08-07,1917-04-07,9,3,4,0.102564
5,1909-08-07,1917-04-07,9,4,4,0.102564
5,1909-08-07,1917-04-07,9,5,5,0.128205
5,1909-08-07,1917-04-07,9,6,6,0.153846
5,1909-08-07,1917-04-07,9,7,1,0.025641
5,1909-08-07,1917-04-07,9,8,3,0.076923
5,1909-08-07,1917-04-07,9,9,4,0.102564
6,1911-07-08,1919-03-08,1,1,6,0.142857
6,1911-07-08,1919-03-08,1,2,4,0.095238
6,1911-07-08,1919-03-08,1,3,7,0.166667
6,1911-07-08,1919-03-08,1,4,4,0.095238
6,1911-07-08,1919-03-08,1,5,4,0.095238
6,1911-07-08,1919-03-08,1,6,6,0.142857
6,1911-07-08,1919-03-08,1,7,4,0.095238
6,1911-07-08,1919-03-08,1,8,5,0.119048
6,1911-07-08,1919-03-08,1,9,2,0.047619
6,1911-07-08,1919-03-08,2,1,4,0.114286
6,1911-07-08,1919-03-08,2,2,5,0.142857
6,1911-07-08,1919-03-08,2,3,1,0.028571
6,1911-07-08,1919-03-08,2,4,5,0.142857
6,1911-07-08,1919-03-08,2,5,5,0.142857
6,1911-07-08,1919-03-08,2,6,1,0.028571
6,1911-07-08,1919-03-08,2,7,6,0.171429
6,1911-07-08,1919-03-08,2,8,4,0.114286
6,1911-07-08,1919-03-08,2,9,4,0.114286
6,1911-07-08,1919-03-08,3,1,3,0.058824
6,1911-07-08,1919-03-08,3,2,3,0.058824
6,1911-07-08,1919-03-08,3,3,5,0.098039
6,1911-07-08,1919-03-08,3,4,3,0.058824
6,1911-07-08,1919-03-08,3,5,9,0.176471
6,1911-07-08,1919-03-08,3,6,5,0.098039
6,1911-07-08,1919-03-08,3,7,8,0.156863
6,1911-07-08,1919-03-08,3,8,9,0.176471
6,1911-07-08,1919-03-08,3,9,6,0.117647
6,1911-07-08,1919-03-08,4,1,3,0.06383
6,1911-07-08,1919-03-08,4,2,6,0.12766
6,1911-07-08,1919-03-08,4,3,9,0.191489
6,1911-07-08,1919-03-08,4,4,7,0.148936
6,1911-07-08,1919-03-08,4,5,8,0.170213
6,1911-07-08,1919-03-08,4,6,5,0.106383
6,1911-07-08,1919-03-08,4,7,4,0.085106
6,1911-07-08,1919-03-08,4,8,2,0.042553
6,1911-07-08,1919-03-08,4,9,3,0.06383
6,1911-07-08,1919-03-08,5,1,5,0.090909
6,1911-07-08,1919-03-08,5,2,4,0.072727
6,1911-07-08,1919-03-08,5,3,7,0.127273
6,1911-07-08,1919-03-08,5,4,9,0.163636
6,1911-07-08,1919-03-08,5,5,9,0.163636
6,1911-07-08,1919-03-08,5,6,6,0.109091
6,1911-07-08,1919-03-08,5,7,7,0.127273
6,1911-07-08,1919-03-08,5,8,6,0.109091
6,1911-07-08,1919-03-08,5,9,2,0.036364
6,1911-07-08,1919-03-08,6,1,3,0.065217
6,1911-07-08,1919-03-08,6,2,5,0.108696
6,1911-07-08,1919-03-08,6,3,6,0.130435
6,1911-07-08,1919-03-08,6,4,4,0.086957
6,1911-07-08,1919-03-08,6,5,7,0.152174
6,1911-07-08,1919-03-08,6,6,4,0.086957
6,1911-07-08,1919-03-08,6,7,6,0.130435
6,1911-07-08,1919-03-08,6,8,5,0.108696
6,1911-07-08,1919-03-08,6,9,6,0.130435
6,1911-07-08,1919-03-08,7,1,4,0.095238
6,1911-07-08,1919-03-08,7,2,3,0.071429
6,1911-07-08,1919-03-08,7,3,6,0.142857
6,1911-07-08,1919-03-08,7,4,6,0.142857
6,1911-07-08,1919-03-08,7,5,4,0.095238
6,1911-07-08,1919-03-08,7,6,8,0.190476
6,1911-07-08,1919-03-08,7,7,5,0.119048
6,1911-07-08,1919-03-08,7,8,4,0.095238
6,1911-07-08,1919-03-08,7,9,2,0.047619
6,1911-07-08,1919-03-08,8,1,2,0.041667
6,1911-07-08,1919-03-08,8,2,4,0.083333
6,1911-07-08,1919-03-08,8,3,6,0.125
6,1911-07-08,1919-03-08,8,4,6,0.125
6,1911-07-08,1919-03-08,8,5,5,0.104167
6,1911-07-08,1919-03-08,8,6,6,0.125
6,1911-07-08,1919-03-08,8,7,0,0.0
6,1911-07-08,1919-03-08,8,8,11,0.229167
6,1911-07-08,1919-03-08,8,9,8,0.166667
6,1911-07-08,1919-03-08,9,1,12,0.352941
6,1911-07-08,1919-03-08,9,2,1,0.029412
6,1911-07-08,1919-03-08,9,3,4,0.117647
6,1911-07-08,1919-03-08,9,4,2,0.058824
6,1911-07-08,1919-03-08,9,5,4,0.117647
6,1911-07-08,1919-03-08,9,6,5,0.147059
6,1911-07-08,1919-03-08,9,7,2,0.058824
6,1911-07-08,1919-03-08,9,8,3,0.088235
6,1911-07-08,1919-03-08,9,9,1,0.029412
7,1913-06-07,1921-02-05,1,1,4,0.105263
7,1913-06-07,1921-02-05,1,2,3,0.078947
7,1913-06-07,1921-02-05,1,3,4,0.105263
7,1913-06-07,1921-02-05,1,4,6,0.157895
7,1913-06-07,1921-02-05,1,5,4,0.105263
7,1913-06-07,1921-02-05,1,6,6,0.157895
7,1913-06-07,1921-02-05,1,7,4,0.105263
7,1913-06-07,1921-02-05,1,8,4,0.105263
7,1913-06-07,1921-02-05,1,9,3,0.078947
7,1913-06-07,1921-02-05,2,1,5,0.125
7,1913-06-07,1921-02-05,2,2,6,0.15
7,1913-06-07,1921-02-05,2,3,2,0.05
7,1913-06-07,1921-02-05,2,4,5,0.125
7,1913-06-07,1921-02-05,2,5,7,0.175
7,1913-06-07,1921-02-05,2,6,1,0.025
7,1913-06-07,1921-02-05,2,7,5,0.125
7,1913-06-07,1921-02-05,2,8,4,0.1
7,1913-06-07,1921-02-05,2,9,5,0.125
7,1913-06-07,1921-02-05,3,1,2,0.05
7,1913-06-07,1921-02-05,3,2,4,0.1
7,1913-06-07,1921-02-05,3,3,5,0.125
7,1913-06-07,1921-02-05,3,4,2,0.05
7,1913-06-07,1921-02-05,3,5,6,0.15
7,1913-06-07,1921-02-05,3,6,4,0.1
7,1913-06-07,1921-02-05,3,7,9,0.225
7,1913-06-07,1921-02-05,3,8,5,0.125
7,1913-06-07,1921-02-05,3,9,3,0.075
7,1913-06-07,1921-02-05,4,1,5,0.106383
7,1913-06-07,1921-02-05,4,2,5,0.106383
7,1913-06-07,1921-02-05,4,3,7,0.148936
7,1913-06-07,1921-02-05,4,4,6,0.12766
7,1913-06-07,1921-02-05,4,5,7,0.148936
7,1913-06-07,1921-02-05,4,6,6,0.12766
7,1913-06-07,1921-02-05,4,7,4,0.085106
7,1913-06-07,1921-02-05,4,8,2,0.042553
7,1913-06-07,1921-02-05,4,9,5,0.106383
7,1913-06-07,1921-02-05,5,1,2,0.036364
7,1913-06-07,1921-02-05,5,2,4,0.072727
7,1913-06-07,1921-02-05,5,3,8,0.145455
7,1913-06-07,1921-02-05,5,4,9,0.163636
7,1913-06-07,1921-02-05,5,5,9,0.163636
7,1913-06-07,1921-02-05,5,6,7,0.127273
7,1913-06-07,1921-02-05,5,7,6,0.109091
7,1913-06-07,1921-02-05,5,8,7,0.127273
7,1913-06-07,1921-02-05,5,9,3,0.054545
7,1913-06-07,1921-02-05,6,1,2,0.039216
7,1913-06-07,1921-02-05,6,2,7,0.137255
7,1913-06-07,1921-02-05,6,3,4,0.078431
7,1913-06-07,1921-02-05,6,4,8,0.156863
7,1913-06-07,1921-02-05,6,5,8,0.156863
7,1913-06-07,1921-02-05,6,6,6,0.117647
7,1913-06-07,1921-02-05,6,7,7,0.137255
7,1913-06-07,1921-02-05,6,8,5,0.098039
7,1913-06-07,1921-02-05,6,9,4,0.078431
7,1913-06-07,1921-02-05,7,1,6,0.113208
7,1913-06-07,1921-02-05,7,2,4,0.075472
7,1913-06-07,1921-02-05,7,3,5,0.09434
7,1913-06-07,1921-02-05,7,4,6,0.113208
7,1913-06-07,1921-02-05,7,5,6,0.113208
7,1913-06-07,1921-02-05,7,6,9,0.169811
7,1913-06-07,1921-02-05,7,7,12,0.226415
7,1913-06-07,1921-02-05,7,8,4,0.075472
7,1913-06-07,1921-02-05,7,9,1,0.018868
7,1913-06-07,1921-02-05,8,1,3,0.073171
7,1913-06-07,1921-02-05,8,2,4,0.097561
7,1913-06-07,1921-02-05,8,3,4,0.097561
7,1913-06-07,1921-02-05,8,4,4,0.097561
7,1913-06-07,1921-02-05,8,5,4,0.097561
7,1913-06-07,1921-02-05,8,6,7,0.170732
7,1913-06-07,1921-02-05,8,7,1,0.02439
7,1913-06-07,1921-02-05,8,8,8,0.195122
7,1913-06-07,1921-02-05,8,9,6,0.146341
7,1913-06-07,1921-02-05,9,1,8,0.228571
7,1913-06-07,1921-02-05,9,2,3,0.085714
7,1913-06-07,1921-02-05,9,3,2,0.057143
7,1913-06-07,1921-02-05,9,4,1,0.028571
7,1913-06-07,1921-02-05,9,5,4,0.114286
7,1913-06-07,1921-02-05,9,6,5,0.142857
7,1913-06-07,1921-02-05,9,7,5,0.142857
7,1913-06-07,1921-02-05,9,8,2,0.057143
7,1913-06-07,1921-02-05,9,9,5,0.142857
8,1915-05-08,1923-01-06,1,1,6,0.139535
8,1915-05-08,1923-01-06,1,2,5,0.116279
8,1915-05-08,1923-01-06,1,3,4,0.093023
8,1915-05-08,1923-01-06,1,4,5,0.116279
8,1915-05-08,1923-01-06,1,5,4,0.093023
8,1915-05-08,1923-01-06,1,6,7,0.162791
8,1915-05-08,1923-01-06,1,7,5,0.116279
8,1915-05-08,1923-01-06,1,8,6,0.139535
8,1915-05-08,1923-01-06,1,9,1,0.023256
8,1915-05-08,1923-01-06,2,1,6,0.12
8,1915-05-08,1923-01-06,2,2,9,0.18
8,1915-05-08,1923-01-06,2,3,4,0.08
8,1915-05-08,1923-01-06,2,4,8,0.16
8,1915-05-08,1923-01-06,2,5,7,0.14
8,1915-05-08,1923-01-06,2,6,1,0.02
8,1915-05-08,1923-01-06,2,7,7,0.14
8,1915-05-08,1923-01-06,2,8,4,0.08
8,1915-05-08,1923-01-06,2,9,4,0.08
8,1915-05-08,1923-01-06,3,1,4,0.108108
8,1915-05-08,1923-01-06,3,2,4,0.108108
8,1915-05-08,1923-01-06,3,3,4,0.108108
8,1915-05-08,1923-01-06,3,4,3,0.081081
8,1915-05-08,1923-01-06,3,5,4,0.108108
8,1915-05-08,1923-01-06,3,6,3,0.081081
8,1915-05-08,1923-01-06,3,7,8,0.216216
8,1915-05-08,1923-01-06,3,8,5,0.135135
8,1915-05-08,1923-01-06,3,9,2,0.054054
8,1915-05-08,1923-01-06,4,1,6,0.125
8,1915-05-08,1923-01-06,4,2,6,0.125
8,1915-05-08,1923-01-06,4,3,7,0.145833
8,1915-05-08,1923-01-06,4,4,4,0.083333
8,1915-05-08,1923-01-06,4,5,6,0.125
8,1915-05-08,1923-01-06,4,6,6,0.125
8,1915-05-08,1923-01-06,4,7,4,0.083333
8,1915-05-08,1923-01-06,4,8,4,0.083333
8,1915-05-08,1923-01-06,4,9,5,0.104167
8,1915-05-08,1923-01-06,5,1,1,0.023256
8,1915-05-08,1923-01-06,5,2,3,0.069767
8,1915-05-08,1923-01-06,5,3,7,0.162791
8,1915-05-08,1923-01-06,5,4,9,0.209302
8,1915-05-08,1923-01-06,5,5,4,0.093023
8,1915-05-08,1923-01-06,5,6,5,0.116279
8,1915-05-08,1923-01-06,5,7,3,0.069767
8,1915-05-08,1923-01-06,5,8,6,0.139535
8,1915-05-08,1923-01-06,5,9,5,0.116279
8,1915-05-08,1923-01-06,6,1,2,0.041667
8,1915-05-08,1923-01-06,6,2,5,0.104167
8,1915-05-08,1923-01-06,6,3,4,0.083333
8,1915-05-08,1923-01-06,6,4,9,0.1875
8,1915-05-08,1923-01-06,6,5,5,0.104167
8,1915-05-08,1923-01-06,6,6,4,0.083333
8,1915-05-08,1923-01-06,6,7,5,0.104167
8,1915-05-08,1923-01-06,6,8,7,0.145833
8,1915-05-08,1923-01-06,6,9,7,0.145833
8,1915-05-08,1923-01-06,7,1,8,0.166667
8,1915-05-08,1923-01-06,7,2,8,0.166667
8,1915-05-08,1923-01-06,7,3,2,0.041667
8,1915-05-08,1923-01-06,7,4,5,0.104167
8,1915-05-08,1923-01-06,7,5,5,0.104167
8,1915-05-08,1923-01-06,7,6,8,0.166667
8,1915-05-08,1923-01-06,7,7,8,0.166667
8,1915-05-08,1923-01-06,7,8,2,0.041667
8,1915-05-08,1923-01-06,7,9,2,0.041667
8,1915-05-08,1923-01-06,8,1,4,0.086957
8,1915-05-08,1923-01-06,8,2,4,0.086957
8,1915-05-08,1923-01-06,8,3,3,0.065217
8,1915-05-08,1923-01-06,8,4,4,0.086957
8,1915-05-08,1923-01-06,8,5,5,0.108696
8,1915-05-08,1923-01-06,8,6,9,0.195652
8,1915-05-08,1923-01-06,8,7,3,0.065217
8,1915-05-08,1923-01-06,8,8,9,0.195652
8,1915-05-08,1923-01-06,8,9,5,0.108696
8,1915-05-08,1923-01-06,9,1,6,0.162162
8,1915-05-08,1923-01-06,9,2,6,0.162162
8,1915-05-08,1923-01-06,9,3,2,0.054054
8,1915-05-08,1923-01-06,9,4,1,0.027027
8,1915-05-08,1923-01-06,9,5,2,0.054054
8,1915-05-08,1923-01-06,9,6,5,0.135135
8,1915-05-08,1923-01-06,9,7,5,0.135135
8,1915-05-08,1923-01-06,9,8,4,0.108108
8,1915-05-08,1923-01-06,9,9,6,0.162162
9,1917-04-07,1924-12-06,1,1,7,0.137255
9,1917-04-07,1924-12-06,1,2,6,0.117647
9,1917-04-07,1924-12-06,1,3,5,0.098039
9,1917-04-07,1924-12-06,1,4,6,0.117647
9,1917-04-07,1924-12-06,1,5,4,0.078431
9,1917-04-07,1924-12-06,1,6,7,0.137255
9,1917-04-07,1924-12-06,1,7,5,0.098039
9,1917-04-07,1924-12-06,1,8,7,0.137255
9,1917-04-07,1924-12-06,1,9,4,0.078431
9,1917-04-07,1924-12-06,2,1,6,0.133333
9,1917-04-07,1924-12-06,2,2,8,0.177778
9,1917-04-07,1924-12-06,2,3,5,0.111111
9,1917-04-07,1924-12-06,2,4,7,0.155556
9,1917-04-07,1924-12-06,2,5,7,0.155556
9,1917-04-07,1924-12-06,2,6,1,0.022222
9,1917-04-07,1924-12-06,2,7,5,0.111111
9,1917-04-07,1924-12-06,2,8,3,0.066667
9,1917-04-07,1924-12-06,2,9,3,0.066667
9,1917-04-07,1924-12-06,3,1,4,0.121212
9,1917-04-07,1924-12-06,3,2,2,0.060606
9,1917-04-07,1924-12-06,3,3,4,0.121212
9,1917-04-07,1924-12-06,3,4,4,0.121212
9,1917-04-07,1924-12-06,3,5,4,0.121212
9,1917-04-07,1924-12-06,3,6,2,0.060606
9,1917-04-07,1924-12-06,3,7,5,0.151515
9,1917-04-07,1924-12-06,3,8,5,0.151515
9,1917-04-07,1924-12-06,3,9,3,0.090909
9,1917-04-07,1924-12-06,4,1,9,0.183673
9,1917-04-07,1924-12-06,4,2,4,0.081633
9,1917-04-07,1924-12-06,4,3,6,0.122449
9,1917-04-07,1924-12-06,4,4,6,0.122449
9,1917-04-07,1924-12-06,4,5,5,0.102041
9,1917-04-07,1924-12-06,4,6,5,0.102041
9,1917-04-07,1924-12-06,4,7,5,0.102041
9,1917-04-07,1924-12-06,4,8,4,0.081633
9,1917-04-07,1924-12-06,4,9,5,0.102041
9,1917-04-07,1924-12-06,5,1,1,0.027027
9,1917-04-07,1924-12-06,5,2,3,0.081081
9,1917-04-07,1924-12-06,5,3,3,0.081081
9,1917-04-07,1924-12-06,5,4,5,0.135135
9,1917-04-07,1924-12-06,5,5,3,0.081081
9,1917-04-07,1924-12-06,5,6,8,0.216216
9,1917-04-07,1924-12-06,5,7,4,0.108108
9,1917-04-07,1924-12-06,5,8,6,0.162162
9,1917-04-07,1924-12-06,5,9,4,0.108108
9,1917-04-07,1924-12-06,6,1,4,0.078431
9,1917-04-07,1924-12-06,6,2,4,0.078431
9,1917-04-07,1924-12-06,6,3,3,0.058824
9,1917-04-07,1924-12-06,6,4,9,0.176471
9,1917-04-07,1924-12-06,6,5,4,0.078431
9,1917-04-07,1924-12-06,6,6,7,0.137255
9,1917-04-07,1924-12-06,6,7,5,0.098039
9,1917-04-07,1924-12-06,6,8,10,0.196078
9,1917-04-07,1924-12-06,6,9,5,0.098039
9,1917-04-07,1924-12-06,7,1,8,0.177778
9,1917-04-07,1924-12-06,7,2,9,0.2
9,1917-04-07,1924-12-06,7,3,1,0.022222
9,1917-04-07,1924-12-06,7,4,4,0.088889
9,1917-04-07,1924-12-06,7,5,5,0.111111
9,1917-04-07,1924-12-06,7,6,8,0.177778
9,1917-04-07,1924-12-06,7,7,7,0.155556
9,1917-04-07,1924-12-06,7,8,2,0.044444
9,1917-04-07,1924-12-06,7,9,1,0.022222
9,1917-04-07,1924-12-06,8,1,7,0.142857
9,1917-04-07,1924-12-06,8,2,4,0.081633
9,1917-04-07,1924-12-06,8,3,3,0.061224
9,1917-04-07,1924-12-06,8,4,3,0.061224
9,1917-04-07,1924-12-06,8,5,4,0.081633
9,1917-04-07,1924-12-06,8,6,9,0.183673
9,1917-04-07,1924-12-06,8,7,4,0.081633
9,1917-04-07,1924-12-06,8,8,9,0.183673
9,1917-04-07,1924-12-06,8,9,6,0.122449
9,1917-04-07,1924-12-06,9,1,5,0.125
9,1917-04-07,1924-12-06,9,2,6,0.15
9,1917-04-07,1924-12-06,9,3,3,0.075
9,1917-04-07,1924-12-06,9,4,5,0.125
9,1917-04-07,1924-12-06,9,5,1,0.025
9,1917-04-07,1924-12-06,9,6,4,0.1
9,1917-04-07,1924-12-06,9,7,5,0.125
9,1917-04-07,1924-12-06,9,8,3,0.075
9,1917-04-07,1924-12-06,9,9,8,0.2
10,1919-03-08,1926-11-06,1,1,4,0.086957
10,1919-03-08,1926-11-06,1,2,5,0.108696
10,1919-03-08,1926-11-06,1,3,7,0.152174
10,1919-03-08,1926-11-06,1,4,7,0.152174
10,1919-03-08,1926-11-06,1,5,3,0.065217
10,1919-03-08,1926-11-06,1,6,6,0.130435
10,1919-03-08,1926-11-06,1,7,4,0.086957
10,1919-03-08,1926-11-06,1,8,5,0.108696
10,1919-03-08,1926-11-06,1,9,5,0.108696
10,1919-03-08,1926-11-06,2,1,8,0.173913
10,1919-03-08,1926-11-06,2,2,6,0.130435
10,1919-03-08,1926-11-06,2,3,6,0.130435
10,1919-03-08,1926-11-06,2,4,7,0.152174
10,1919-03-08,1926-11-06,2,5,7,0.152174
10,1919-03-08,1926-11-06,2,6,2,0.043478
10,1919-03-08,1926-11-06,2,7,5,0.108696
10,1919-03-08,1926-11-06,2,8,2,0.043478
10,1919-03-08,1926-11-06,2,9,3,0.065217
10,1919-03-08,1926-11-06,3,1,5,0.119048
10,1919-03-08,1926-11-06,3,2,6,0.142857
10,1919-03-08,1926-11-06,3,3,7,0.166667
10,1919-03-08,1926-11-06,3,4,3,0.071429
10,1919-03-08,1926-11-06,3,5,5,0.119048
10,1919-03-08,1926-11-06,3,6,3,0.071429
10,1919-03-08,1926-11-06,3,7,5,0.119048
10,1919-03-08,1926-11-06,3,8,4,0.095238
10,1919-03-08,1926-11-06,3,9,4,0.095238
10,1919-03-08,1926-11-06,4,1,8,0.173913
10,1919-03-08,1926-11-06,4,2,2,0.043478
10,1919-03-08,1926-11-06,4,3,4,0.086957
10,1919-03-08,1926-11-06,4,4,5,0.108696
10,1919-03-08,1926-11-06,4,5,2,0.043478
10,1919-03-08,1926-11-06,4,6,7,0.152174
10,1919-03-08,1926-11-06,4,7,7,0.152174
10,1919-03-08,1926-11-06,4,8,5,0.108696
10,1919-03-08,1926-11-06,4,9,6,0.130435
10,1919-03-08,1926-11-06,5,1,1,0.028571
10,1919-03-08,1926-11-06,5,2,2,0.057143
10,1919-03-08,1926-11-06,5,3,3,0.085714
10,1919-03-08,1926-11-06,5,4,3,0.085714
10,1919-03-08,1926-11-06,5,5,2,0.057143
10,1919-03-08,1926-11-06,5,6,9,0.257143
10,1919-03-08,1926-11-06,5,7,4,0.114286
10,1919-03-08,1926-11-06,5,8,6,0.171429
10,1919-03-08,1926-11-06,5,9,5,0.142857
10,1919-03-08,1926-11-06,6,1,5,0.104167
10,1919-03-08,1926-11-06,6,2,3,0.0625
10,1919-03-08,1926-11-06,6,3,2,0.041667
10,1919-03-08,1926-11-06,6,4,11,0.229167
10,1919-03-08,1926-11-06,6,5,3,0.0625
10,1919-03-08,1926-11-06,6,6,6,0.125
10,1919-03-08,1926-11-06,6,7,4,0.083333
10,1919-03-08,1926-11-06,6,8,10,0.208333
10,1919-03-08,1926-11-06,6,9,4,0.083333
10,1919-03-08,1926-11-06,7,1,7,0.145833
10,1919-03-08,1926-11-06,7,2,11,0.229167
10,1919-03-08,1926-11-06,7,3,3,0.0625
10,1919-03-08,1926-11-06,7,4,2,0.041667
10,1919-03-08,1926-11-06,7,5,5,0.104167
10,1919-03-08,1926-11-06,7,6,4,0.083333
10,1919-03-08,1926-11-06,7,7,10,0.208333
10,1919-03-08,1926-11-06,7,8,3,0.0625
10,1919-03-08,1926-11-06,7,9,3,0.0625
10,1919-03-08,1926-11-06,8,1,6,0.133333
10,1919-03-08,1926-11-06,8,2,4,0.088889
10,1919-03-08,1926-11-06,8,3,5,0.111111
10,1919-03-08,1926-11-06,8,4,3,0.066667
10,1919-03-08,1926-11-06,8,5,4,0.088889
10,1919-03-08,1926-11-06,8,6,7,0.155556
10,1919-03-08,1926-11-06,8,7,5,0.111111
10,1919-03-08,1926-11-06,8,8,5,0.111111
10,1919-03-08,1926-11-06,8,9,6,0.133333
10,1919-03-08,1926-11-06,9,1,2,0.045455
10,1919-03-08,1926-11-06,9,2,7,0.159091
10,1919-03-08,1926-11-06,9,3,5,0.113636
10,1919-03-08,1926-11-06,9,4,5,0.113636
10,1919-03-08,1926-11-06,9,5,4,0.090909
10,1919-03-08,1926-11-06,9,6,4,0.090909
10,1919-03-08,1926-11-06,9,7,5,0.113636
10,1919-03-08,1926-11-06,9,8,4,0.090909
10,1919-03-08,1926-11-06,9,9,8,0.181818
11,1921-02-05,1928-10-06,1,1,6,0.12766
11,1921-02-05,1928-10-06,1,2,5,0.106383
11,1921-02-05,1928-10-06,1,3,9,0.191489
11,1921-02-05,1928-10-06,1,4,5,0.106383
11,1921-02-05,1928-10-06,1,5,2,0.042553
11,1921-02-05,1928-10-06,1,6,5,0.106383
11,1921-02-05,1928-10-06,1,7,4,0.085106
11,1921-02-05,1928-10-06,1,8,6,0.12766
11,1921-02-05,1928-10-06,1,9,5,0.106383
11,1921-02-05,1928-10-06,2,1,8,0.173913
11,1921-02-05,1928-10-06,2,2,6,0.130435
11,1921-02-05,1928-10-06,2,3,7,0.152174
11,1921-02-05,1928-10-06,2,4,7,0.152174
11,1921-02-05,1928-10-06,2,5,5,0.108696
11,1921-02-05,1928-10-06,2,6,4,0.086957
11,1921-02-05,1928-10-06,2,7,4,0.086957
11,1921-02-05,1928-10-06,2,8,3,0.065217
11,1921-02-05,1928-10-06,2,9,2,0.043478
11,1921-02-05,1928-10-06,3,1,6,0.122449
11,1921-02-05,1928-10-06,3,2,7,0.142857
11,1921-02-05,1928-10-06,3,3,7,0.142857
11,1921-02-05,1928-10-06,3,4,3,0.061224
11,1921-02-05,1928-10-06,3,5,9,0.183673
11,1921-02-05,1928-10-06,3,6,5,0.102041
11,1921-02-05,1928-10-06,3,7,4,0.081633
11,1921-02-05,1928-10-06,3,8,5,0.102041
11,1921-02-05,1928-10-06,3,9,3,0.061224
11,1921-02-05,1928-10-06,4,1,5,0.121951
11,1921-02-05,1928-10-06,4,2,3,0.073171
11,1921-02-05,1928-10-06,4,3,4,0.097561
11,1921-02-05,1928-10-06,4,4,4,0.097561
11,1921-02-05,1928-10-06,4,5,3,0.073171
11,1921-02-05,1928-10-06,4,6,6,0.146341
11,1921-02-05,1928-10-06,4,7,6,0.146341
11,1921-02-05,1928-10-06,4,8,6,0.146341
11,1921-02-05,1928-10-06,4,9,4,0.097561
11,1921-02-05,1928-10-06,5,1,3,0.075
11,1921-02-05,1928-10-06,5,2,2,0.05
11,1921-02-05,1928-10-06,5,3,3,0.075
11,1921-02-05,1928-10-06,5,4,3,0.075
11,1921-02-05,1928-10-06,5,5,5,0.125
11,1921-02-05,1928-10-06,5,6,9,0.225
11,1921-02-05,1928-10-06,5,7,4,0.1
11,1921-02-05,1928-10-06,5,8,7,0.175
11,1921-02-05,1928-10-06,5,9,4,0.1
11,1921-02-05,1928-10-06,6,1,5,0.102041
11,1921-02-05,1928-10-06,6,2,4,0.081633
11,1921-02-05,1928-10-06,6,3,3,0.061224
11,1921-02-05,1928-10-06,6,4,8,0.163265
11,1921-02-05,1928-10-06,6,5,4,0.081633
11,1921-02-05,1928-10-06,6,6,5,0.102041
11,1921-02-05,1928-10-06,6,7,3,0.061224
11,1921-02-05,1928-10-06,6,8,11,0.22449
11,1921-02-05,1928-10-06,6,9,6,0.122449
11,1921-02-05,1928-10-06,7,1,3,0.076923
11,1921-02-05,1928-10-06,7,2,10,0.25641
11,1921-02-05,1928-10-06,7,3,4,0.102564
11,1921-02-05,1928-10-06,7,4,3,0.076923
11,1921-02-05,1928-10-06,7,5,3,0.076923
11,1921-02-05,1928-10-06,7,6,3,0.076923
11,1921-02-05,1928-10-06,7,7,6,0.153846
11,1921-02-05,1928-10-06,7,8,4,0.102564
11,1921-02-05,1928-10-06,7,9,3,0.076923
11,1921-02-05,1928-10-06,8,1,8,0.16
11,1921-02-05,1928-10-06,8,2,4,0.08
11,1921-02-05,1928-10-06,8,3,5,0.1
11,1921-02-05,1928-10-06,8,4,2,0.04
11,1921-02-05,1928-10-06,8,5,4,0.08
11,1921-02-05,1928-10-06,8,6,10,0.2
11,1921-02-05,1928-10-06,8,7,5,0.1
11,1921-02-05,1928-10-06,8,8,4,0.08
11,1921-02-05,1928-10-06,8,9,8,0.16
11,1921-02-05,1928-10-06,9,1,3,0.076923
11,1921-02-05,1928-10-06,9,2,5,0.128205
11,1921-02-05,1928-10-06,9,3,6,0.153846
11,1921-02-05,1928-10-06,9,4,6,0.153846
11,1921-02-05,1928-10-06,9,5,5,0.128205
11,1921-02-05,1928-10-06,9,6,2,0.051282
11,1921-02-05,1928-10-06,9,7,3,0.076923
11,1921-02-05,1928-10-06,9,8,5,0.128205
11,1921-02-05,1928-10-06,9,9,4,0.102564
12,1923-01-06,1930-09-06,1,1,4,0.1
12,1923-01-06,1930-09-06,1,2,4,0.1
12,1923-01-06,1930-09-06,1,3,8,0.2
12,1923-01-06,1930-09-06,1,4,7,0.175
12,1923-01-06,1930-09-06,1,5,1,0.025
12,1923-01-06,1930-09-06,1,6,3,0.075
12,1923-01-06,1930-09-06,1,7,4,0.1
12,1923-01-06,1930-09-06,1,8,3,0.075
12,1923-01-06,1930-09-06,1,9,6,0.15
12,1923-01-06,1930-09-06,2,1,7,0.175
12,1923-01-06,1930-09-06,2,2,4,0.1
12,1923-01-06,1930-09-06,2,3,6,0.15
12,1923-01-06,1930-09-06,2,4,6,0.15
12,1923-01-06,1930-09-06,2,5,6,0.15
12,1923-01-06,1930-09-06,2,6,5,0.125
12,1923-01-06,1930-09-06,2,7,2,0.05
12,1923-01-06,1930-09-06,2,8,3,0.075
12,1923-01-06,1930-09-06,2,9,1,0.025
12,1923-01-06,1930-09-06,3,1,5,0.089286
12,1923-01-06,1930-09-06,3,2,9,0.160714
12,1923-01-06,1930-09-06,3,3,11,0.196429
12,1923-01-06,1930-09-06,3,4,3,0.053571
12,1923-01-06,1930-09-06,3,5,11,0.196429
12,1923-01-06,1930-09-06,3,6,4,0.071429
12,1923-01-06,1930-09-06,3,7,4,0.071429
12,1923-01-06,1930-09-06,3,8,5,0.089286
12,1923-01-06,1930-09-06,3,9,4,0.071429
12,1923-01-06,1930-09-06,4,1,3,0.065217
12,1923-01-06,1930-09-06,4,2,4,0.086957
12,1923-01-06,1930-09-06,4,3,4,0.086957
12,1923-01-06,1930-09-06,4,4,5,0.108696
12,1923-01-06,1930-09-06,4,5,5,0.108696
12,1923-01-06,1930-09-06,4,6,10,0.217391
12,1923-01-06,1930-09-06,4,7,4,0.086957
12,1923-01-06,1930-09-06,4,8,5,0.108696
12,1923-01-06,1930-09-06,4,9,6,0.130435
12,1923-01-06,1930-09-06,5,1,4,0.093023
12,1923-01-06,1930-09-06,5,2,2,0.046512
12,1923-01-06,1930-09-06,5,3,5,0.116279
12,1923-01-06,1930-09-06,5,4,3,0.069767
12,1923-01-06,1930-09-06,5,5,5,0.116279
12,1923-01-06,1930-09-06,5,6,9,0.209302
12,1923-01-06,1930-09-06,5,7,4,0.093023
12,1923-01-06,1930-09-06,5,8,6,0.139535
12,1923-01-06,1930-09-06,5,9,5,0.116279
12,1923-01-06,1930-09-06,6,1,7,0.137255
12,1923-01-06,1930-09-06,6,2,4,0.078431
12,1923-01-06,1930-09-06,6,3,3,0.058824
12,1923-01-06,1930-09-06,6,4,9,0.176471
12,1923-01-06,1930-09-06,6,5,3,0.058824
12,1923-01-06,1930-09-06,6,6,6,0.117647
12,1923-01-06,1930-09-06,6,7,4,0.078431
12,1923-01-06,1930-09-06,6,8,12,0.235294
12,1923-01-06,1930-09-06,6,9,3,0.058824
12,1923-01-06,1930-09-06,7,1,1,0.027778
12,1923-01-06,1930-09-06,7,2,7,0.194444
12,1923-01-06,1930-09-06,7,3,4,0.111111
12,1923-01-06,1930-09-06,7,4,4,0.111111
12,1923-01-06,1930-09-06,7,5,3,0.083333
12,1923-01-06,1930-09-06,7,6,2,0.055556
12,1923-01-06,1930-09-06,7,7,6,0.166667
12,1923-01-06,1930-09-06,7,8,6,0.166667
12,1923-01-06,1930-09-06,7,9,3,0.083333
12,1923-01-06,1930-09-06,8,1,7,0.145833
12,1923-01-06,1930-09-06,8,2,4,0.083333
12,1923-01-06,1930-09-06,8,3,5,0.104167
12,1923-01-06,1930-09-06,8,4,2,0.041667
12,1923-01-06,1930-09-06,8,5,4,0.083333
12,1923-01-06,1930-09-06,8,6,7,0.145833
12,1923-01-06,1930-09-06,8,7,6,0.125
12,1923-01-06,1930-09-06,8,8,4,0.083333
12,1923-01-06,1930-09-06,8,9,9,0.1875
12,1923-01-06,1930-09-06,9,1,2,0.05
12,1923-01-06,1930-09-06,9,2,2,0.05
12,1923-01-06,1930-09-06,9,3,10,0.25
12,1923-01-06,1930-09-06,9,4,7,0.175
12,1923-01-06,1930-09-06,9,5,5,0.125
12,1923-01-06,1930-09-06,9,6,5,0.125
12,1923-01-06,1930-09-06,9,7,3,0.075
12,1923-01-06,1930-09-06,9,8,3,0.075
12,1923-01-06,1930-09-06,9,9,3,0.075
13,1924-12-06,1932-08-06,1,1,2,0.066667
13,1924-12-06,1932-08-06,1,2,2,0.066667
13,1924-12-06,1932-08-06,1,3,7,0.233333
13,1924-12-06,1932-08-06,1,4,6,0.2
13,1924-12-06,1932-08-06,1,5,0,0.0
13,1924-12-06,1932-08-06,1,6,2,0.066667
13,1924-12-06,1932-08-06,1,7,5,0.166667
13,1924-12-06,1932-08-06,1,8,2,0.066667
13,1924-12-06,1932-08-06,1,9,4,0.133333
13,1924-12-06,1932-08-06,2,1,5,0.119048
13,1924-12-06,1932-08-06,2,2,3,0.071429
13,1924-12-06,1932-08-06,2,3,7,0.166667
13,1924-12-06,1932-08-06,2,4,7,0.166667
13,1924-12-06,1932-08-06,2,5,5,0.119048
13,1924-12-06,1932-08-06,2,6,8,0.190476
13,1924-12-06,1932-08-06,2,7,3,0.071429
13,1924-12-06,1932-08-06,2,8,2,0.047619
13,1924-12-06,1932-08-06,2,9,2,0.047619
13,1924-12-06,1932-08-06,3,1,5,0.083333
13,1924-12-06,1932-08-06,3,2,11,0.183333
13,1924-12-06,1932-08-06,3,3,8,0.133333
13,1924-12-06,1932-08-06,3,4,4,0.066667
13,1924-12-06,1932-08-06,3,5,10,0.166667
13,1924-12-06,1932-08-06,3,6,6,0.1
13,1924-12-06,1932-08-06,3,7,6,0.1
13,1924-12-06,1932-08-06,3,8,4,0.066667
13,1924-12-06,1932-08-06,3,9,6,0.1
13,1924-12-06,1932-08-06,4,1,0,0.0
13,1924-12-06,1932-08-06,4,2,4,0.088889
13,1924-12-06,1932-08-06,4,3,5,0.111111
13,1924-12-06,1932-08-06,4,4,4,0.088889
13,1924-12-06,1932-08-06,4,5,6,0.133333
13,1924-12-06,1932-08-06,4,6,10,0.222222
13,1924-12-06,1932-08-06,4,7,3,0.066667
13,1924-12-06,1932-08-06,4,8,9,0.2
13,1924-12-06,1932-08-06,4,9,4,0.088889
13,1924-12-06,1932-08-06,5,1,6,0.139535
13,1924-12-06,1932-08-06,5,2,1,0.023256
13,1924-12-06,1932-08-06,5,3,5,0.116279
13,1924-12-06,1932-08-06,5,4,4,0.093023
13,1924-12-06,1932-08-06,5,5,5,0.116279
13,1924-12-06,1932-08-06,5,6,8,0.186047
13,1924-12-06,1932-08-06,5,7,5,0.116279
13,1924-12-06,1932-08-06,5,8,4,0.093023
13,1924-12-06,1932-08-06,5,9,5,0.116279
13,1924-12-06,1932-08-06,6,1,5,0.092593
13,1924-12-06,1932-08-06,6,2,7,0.12963
13,1924-12-06,1932-08-06,6,3,6,0.111111
13,1924-12-06,1932-08-06,6,4,8,0.148148
13,1924-12-06,1932-08-06,6,5,5,0.092593
13,1924-12-06,1932-08-06,6,6,3,0.055556
13,1924-12-06,1932-08-06,6,7,3,0.055556
13,1924-12-06,1932-08-06,6,8,11,0.203704
13,1924-12-06,1932-08-06,6,9,6,0.111111
13,1924-12-06,1932-08-06,7,1,2,0.04878
13,1924-12-06,1932-08-06,7,2,6,0.146341
13,1924-12-06,1932-08-06,7,3,7,0.170732
13,1924-12-06,1932-08-06,7,4,5,0.121951
13,1924-12-06,1932-08-06,7,5,2,0.04878
13,1924-12-06,1932-08-06,7,6,4,0.097561
13,1924-12-06,1932-08-06,7,7,6,0.146341
13,1924-12-06,1932-08-06,7,8,6,0.146341
13,1924-12-06,1932-08-06,7,9,3,0.073171
13,1924-12-06,1932-08-06,8,1,4,0.081633
13,1924-12-06,1932-08-06,8,2,4,0.081633
13,1924-12-06,1932-08-06,8,3,7,0.142857
13,1924-12-06,1932-08-06,8,4,5,0.102041
13,1924-12-06,1932-08-06,8,5,4,0.081633
13,1924-12-06,1932-08-06,8,6,7,0.142857
13,1924-12-06,1932-08-06,8,7,6,0.122449
13,1924-12-06,1932-08-06,8,8,6,0.122449
13,1924-12-06,1932-08-06,8,9,6,0.122449
13,1924-12-06,1932-08-06,9,1,1,0.027778
13,1924-12-06,1932-08-06,9,2,3,0.083333
13,1924-12-06,1932-08-06,9,3,8,0.222222
13,1924-12-06,1932-08-06,9,4,2,0.055556
13,1924-12-06,1932-08-06,9,5,6,0.166667
13,1924-12-06,1932-08-06,9,6,6,0.166667
13,1924-12-06,1932-08-06,9,7,4,0.111111
13,1924-12-06,1932-08-06,9,8,5,0.138889
13,1924-12-06,1932-08-06,9,9,1,0.027778
14,1926-11-06,1934-07-07,1,1,2,0.060606
14,1926-11-06,1934-07-07,1,2,3,0.090909
14,1926-11-06,1934-07-07,1,3,6,0.181818
14,1926-11-06,1934-07-07,1,4,4,0.121212
14,1926-11-06,1934-07-07,1,5,1,0.030303
14,1926-11-06,1934-07-07,1,6,3,0.090909
14,1926-11-06,1934-07-07,1,7,7,0.212121
14,1926-11-06,1934-07-07,1,8,4,0.121212
14,1926-11-06,1934-07-07,1,9,3,0.090909
14,1926-11-06,1934-07-07,2,1,3,0.068182
14,1926-11-06,1934-07-07,2,2,3,0.068182
14,1926-11-06,1934-07-07,2,3,9,0.204545
14,1926-11-06,1934-07-07,2,4,6,0.136364
14,1926-11-06,1934-07-07,2,5,3,0.068182
14,1926-11-06,1934-07-07,2,6,8,0.181818
14,1926-11-06,1934-07-07,2,7,4,0.090909
14,1926-11-06,1934-07-07,2,8,2,0.045455
14,1926-11-06,1934-07-07,2,9,6,0.136364
14,1926-11-06,1934-07-07,3,1,2,0.035714
14,1926-11-06,1934-07-07,3,2,9,0.160714
14,1926-11-06,1934-07-07,3,3,6,0.107143
14,1926-11-06,1934-07-07,3,4,5,0.089286
14,1926-11-06,1934-07-07,3,5,10,0.178571
14,1926-11-06,1934-07-07,3,6,8,0.142857
14,1926-11-06,1934-07-07,3,7,5,0.089286
14,1926-11-06,1934-07-07,3,8,5,0.089286
14,1926-11-06,1934-07-07,3,9,6,0.107143
14,1926-11-06,1934-07-07,4,1,0,0.0
14,1926-11-06,1934-07-07,4,2,6,0.136364
14,1926-11-06,1934-07-07,4,3,5,0.113636
14,1926-11-06,1934-07-07,4,4,5,0.113636
14,1926-11-06,1934-07-07,4,5,6,0.136364
14,1926-11-06,1934-07-07,4,6,8,0.181818
14,1926-11-06,1934-07-07,4,7,5,0.113636
14,1926-11-06,1934-07-07,4,8,7,0.159091
14,1926-11-06,1934-07-07,4,9,2,0.045455
14,1926-11-06,1934-07-07,5,1,9,0.209302
14,1926-11-06,1934-07-07,5,2,1,0.023256
14,1926-11-06,1934-07-07,5,3,4,0.093023
14,1926-11-06,1934-07-07,5,4,4,0.093023
14,1926-11-06,1934-07-07,5,5,6,0.139535
14,1926-11-06,1934-07-07,5,6,5,0.116279
14,1926-11-06,1934-07-07,5,7,5,0.116279
14,1926-11-06,1934-07-07,5,8,2,0.046512
14,1926-11-06,1934-07-07,5,9,7,0.162791
14,1926-11-06,1934-07-07,6,1,5,0.1
14,1926-11-06,1934-07-07,6,2,7,0.14
14,1926-11-06,1934-07-07,6,3,6,0.12
14,1926-11-06,1934-07-07,6,4,5,0.1
14,1926-11-06,1934-07-07,6,5,6,0.12
14,1926-11-06,1934-07-07,6,6,3,0.06
14,1926-11-06,1934-07-07,6,7,4,0.08
14,1926-11-06,1934-07-07,6,8,8,0.16
14,1926-11-06,1934-07-07,6,9,6,0.12
14,1926-11-06,1934-07-07,7,1,4,0.090909
14,1926-11-06,1934-07-07,7,2,6,0.136364
14,1926-11-06,1934-07-07,7,3,5,0.113636
14,1926-11-06,1934-07-07,7,4,8,0.181818
14,1926-11-06,1934-07-07,7,5,5,0.113636
14,1926-11-06,1934-07-07,7,6,5,0.113636
14,1926-11-06,1934-07-07,7,7,3,0.068182
14,1926-11-06,1934-07-07,7,8,5,0.113636
14,1926-11-06,1934-07-07,7,9,3,0.068182
14,1926-11-06,1934-07-07,8,1,4,0.088889
14,1926-11-06,1934-07-07,8,2,4,0.088889
14,1926-11-06,1934-07-07,8,3,5,0.111111
14,1926-11-06,1934-07-07,8,4,4,0.088889
14,1926-11-06,1934-07-07,8,5,3,0.066667
14,1926-11-06,1934-07-07,8,6,6,0.133333
14,1926-11-06,1934-07-07,8,7,6,0.133333
14,1926-11-06,1934-07-07,8,8,7,0.155556
14,1926-11-06,1934-07-07,8,9,6,0.133333
14,1926-11-06,1934-07-07,9,1,4,0.097561
14,1926-11-06,1934-07-07,9,2,5,0.121951
14,1926-11-06,1934-07-07,9,3,10,0.243902
14,1926-11-06,1934-07-07,9,4,3,0.073171
14,1926-11-06,1934-07-07,9,5,3,0.073171
14,1926-11-06,1934-07-07,9,6,4,0.097561
14,1926-11-06,1934-07-07,9,7,4,0.097561
14,1926-11-06,1934-07-07,9,8,5,0.121951
14,1926-11-06,1934-07-07,9,9,3,0.073171
15,1928-10-06,1936-06-06,1,1,3,0.076923
15,1928-10-06,1936-06-06,1,2,4,0.102564
15,1928-10-06,1936-06-06,1,3,4,0.102564
15,1928-10-06,1936-06-06,1,4,5,0.128205
15,1928-10-06,1936-06-06,1,5,2,0.051282
15,1928-10-06,1936-06-06,1,6,3,0.076923
15,1928-10-06,1936-06-06,1,7,10,0.25641
15,1928-10-06,1936-06-06,1,8,4,0.102564
15,1928-10-06,1936-06-06,1,9,4,0.102564
15,1928-10-06,1936-06-06,2,1,2,0.05
15,1928-10-06,1936-06-06,2,2,2,0.05
15,1928-10-06,1936-06-06,2,3,7,0.175
15,1928-10-06,1936-06-06,2,4,6,0.15
15,1928-10-06,1936-06-06,2,5,4,0.1
15,1928-10-06,1936-06-06,2,6,7,0.175
15,1928-10-06,1936-06-06,2,7,3,0.075
15,1928-10-06,1936-06-06,2,8,2,0.05
15,1928-10-06,1936-06-06,2,9,7,0.175
15,1928-10-06,1936-06-06,3,1,1,0.018868
15,1928-10-06,1936-06-06,3,2,7,0.132075
15,1928-10-06,1936-06-06,3,3,5,0.09434
15,1928-10-06,1936-06-06,3,4,5,0.09434
15,1928-10-06,1936-06-06,3,5,8,0.150943
15,1928-10-06,1936-06-06,3,6,7,0.132075
15,1928-10-06,1936-06-06,3,7,7,0.132075
15,1928-10-06,1936-06-06,3,8,6,0.113208
15,1928-10-06,1936-06-06,3,9,7,0.132075
15,1928-10-06,1936-06-06,4,1,2,0.046512
15,1928-10-06,1936-06-06,4,2,5,0.116279
15,1928-10-06,1936-06-06,4,3,4,0.093023
15,1928-10-06,1936-06-06,4,4,5,0.116279
15,1928-10-06,1936-06-06,4,5,6,0.139535
15,1928-10-06,1936-06-06,4,6,7,0.162791
15,1928-10-06,1936-06-06,4,7,5,0.116279
15,1928-10-06,1936-06-06,4,8,7,0.162791
15,1928-10-06,1936-06-06,4,9,2,0.046512
15,1928-10-06,1936-06-06,5,1,9,0.225
15,1928-10-06,1936-06-06,5,2,1,0.025
15,1928-10-06,1936-06-06,5,3,4,0.1
15,1928-10-06,1936-06-06,5,4,4,0.1
15,1928-10-06,1936-06-06,5,5,4,0.1
15,1928-10-06,1936-06-06,5,6,3,0.075
15,1928-10-06,1936-06-06,5,7,6,0.15
15,1928-10-06,1936-06-06,5,8,1,0.025
15,1928-10-06,1936-06-06,5,9,8,0.2
15,1928-10-06,1936-06-06,6,1,5,0.113636
15,1928-10-06,1936-06-06,6,2,5,0.113636
15,1928-10-06,1936-06-06,6,3,6,0.136364
15,1928-10-06,1936-06-06,6,4,4,0.090909
15,1928-10-06,1936-06-06,6,5,4,0.090909
15,1928-10-06,1936-06-06,6,6,3,0.068182
15,1928-10-06,1936-06-06,6,7,5,0.113636
15,1928-10-06,1936-06-06,6,8,6,0.136364
15,1928-10-06,1936-06-06,6,9,6,0.136364
15,1928-10-06,1936-06-06,7,1,8,0.156863
15,1928-10-06,1936-06-06,7,2,6,0.117647
15,1928-10-06,1936-06-06,7,3,7,0.137255
15,1928-10-06,1936-06-06,7,4,6,0.117647
15,1928-10-06,1936-06-06,7,5,5,0.098039
15,1928-10-06,1936-06-06,7,6,6,0.117647
15,1928-10-06,1936-06-06,7,7,3,0.058824
15,1928-10-06,1936-06-06,7,8,3,0.058824
15,1928-10-06,1936-06-06,7,9,7,0.137255
15,1928-10-06,1936-06-06,8,1,3,0.071429
15,1928-10-06,1936-06-06,8,2,4,0.095238
15,1928-10-06,1936-06-06,8,3,7,0.166667
15,1928-10-06,1936-06-06,8,4,4,0.095238
15,1928-10-06,1936-06-06,8,5,3,0.071429
15,1928-10-06,1936-06-06,8,6,3,0.071429
15,1928-10-06,1936-06-06,8,7,5,0.119048
15,1928-10-06,1936-06-06,8,8,8,0.190476
15,1928-10-06,1936-06-06,8,9,5,0.119048
15,1928-10-06,1936-06-06,9,1,6,0.125
15,1928-10-06,1936-06-06,9,2,6,0.125
15,1928-10-06,1936-06-06,9,3,9,0.1875
15,1928-10-06,1936-06-06,9,4,4,0.083333
15,1928-10-06,1936-06-06,9,5,4,0.083333
15,1928-10-06,1936-06-06,9,6,5,0.104167
15,1928-10-06,1936-06-06,9,7,7,0.145833
15,1928-10-06,1936-06-06,9,8,5,0.104167
15,1928-10-06,1936-06-06,9,9,2,0.041667
16,1930-09-06,1938-05-07,1,1,4,0.095238
16,1930-09-06,1938-05-07,1,2,5,0.119048
16,1930-09-06,1938-05-07,1,3,4,0.095238
16,1930-09-06,1938-05-07,1,4,6,0.142857
16,1930-09-06,1938-05-07,1,5,3,0.071429
16,1930-09-06,1938-05-07,1,6,3,0.071429
16,1930-09-06,1938-05-07,1,7,9,0.214286
16,1930-09-06,1938-05-07,1,8,4,0.095238
16,1930-09-06,1938-05-07,1,9,4,0.095238
16,1930-09-06,1938-05-07,2,1,2,0.04878
16,1930-09-06,1938-05-07,2,2,2,0.04878
16,1930-09-06,1938-05-07,2,3,7,0.170732
16,1930-09-06,1938-05-07,2,4,4,0.097561
16,1930-09-06,1938-05-07,2,5,5,0.121951
16,1930-09-06,1938-05-07,2,6,5,0.121951
16,1930-09-06,1938-05-07,2,7,3,0.073171
16,1930-09-06,1938-05-07,2,8,5,0.121951
16,1930-09-06,1938-05-07,2,9,8,0.195122
16,1930-09-06,1938-05-07,3,1,1,0.020408
16,1930-09-06,1938-05-07,3,2,5,0.102041
16,1930-09-06,1938-05-07,3,3,4,0.081633
16,1930-09-06,1938-05-07,3,4,4,0.081633
16,1930-09-06,1938-05-07,3,5,6,0.122449
16,1930-09-06,1938-05-07,3,6,7,0.142857
16,1930-09-06,1938-05-07,3,7,8,0.163265
16,1930-09-06,1938-05-07,3,8,6,0.122449
16,1930-09-06,1938-05-07,3,9,8,0.163265
16,1930-09-06,1938-05-07,4,1,2,0.058824
16,1930-09-06,1938-05-07,4,2,3,0.088235
16,1930-09-06,1938-05-07,4,3,3,0.088235
16,1930-09-06,1938-05-07,4,4,4,0.117647
16,1930-09-06,1938-05-07,4,5,3,0.088235
16,1930-09-06,1938-05-07,4,6,2,0.058824
16,1930-09-06,1938-05-07,4,7,8,0.235294
16,1930-09-06,1938-05-07,4,8,8,0.235294
16,1930-09-06,1938-05-07,4,9,1,0.029412
16,1930-09-06,1938-05-07,5,1,9,0.236842
16,1930-09-06,1938-05-07,5,2,2,0.052632
16,1930-09-06,1938-05-07,5,3,2,0.052632
16,1930-09-06,1938-05-07,5,4,2,0.052632
16,1930-09-06,1938-05-07,5,5,4,0.105263
16,1930-09-06,1938-05-07,5,6,4,0.105263
16,1930-09-06,1938-05-07,5,7,6,0.157895
16,1930-09-06,1938-05-07,5,8,3,0.078947
16,1930-09-06,1938-05-07,5,9,6,0.157895
16,1930-09-06,1938-05-07,6,1,4,0.105263
16,1930-09-06,1938-05-07,6,2,5,0.131579
16,1930-09-06,1938-05-07,6,3,5,0.131579
16,1930-09-06,1938-05-07,6,4,2,0.052632
16,1930-09-06,1938-05-07,6,5,4,0.105263
16,1930-09-06,1938-05-07,6,6,2,0.052632
16,1930-09-06,1938-05-07,6,7,5,0.131579
16,1930-09-06,1938-05-07,6,8,3,0.078947
16,1930-09-06,1938-05-07,6,9,8,0.210526
16,1930-09-06,1938-05-07,7,1,9,0.157895
16,1930-09-06,1938-05-07,7,2,5,0.087719
16,1930-09-06,1938-05-07,7,3,11,0.192982
16,1930-09-06,1938-05-07,7,4,4,0.070175
16,1930-09-06,1938-05-07,7,5,4,0.070175
16,1930-09-06,1938-05-07,7,6,8,0.140351
16,1930-09-06,1938-05-07,7,7,6,0.105263
16,1930-09-06,1938-05-07,7,8,3,0.052632
16,1930-09-06,1938-05-07,7,9,7,0.122807
16,1930-09-06,1938-05-07,8,1,3,0.06383
16,1930-09-06,1938-05-07,8,2,7,0.148936
16,1930-09-06,1938-05-07,8,3,9,0.191489
16,1930-09-06,1938-05-07,8,4,4,0.085106
16,1930-09-06,1938-05-07,8,5,2,0.042553
16,1930-09-06,1938-05-07,8,6,2,0.042553
16,1930-09-06,1938-05-07,8,7,4,0.085106
16,1930-09-06,1938-05-07,8,8,8,0.170213
16,1930-09-06,1938-05-07,8,9,8,0.170213
16,1930-09-06,1938-05-07,9,1,8,0.148148
16,1930-09-06,1938-05-07,9,2,7,0.12963
16,1930-09-06,1938-05-07,9,3,5,0.092593
16,1930-09-06,1938-05-07,9,4,4,0.074074
16,1930-09-06,1938-05-07,9,5,7,0.12963
16,1930-09-06,1938-05-07,9,6,5,0.092593
16,1930-09-06,1938-05-07,9,7,7,0.12963
16,1930-09-06,1938-05-07,9,8,7,0.12963
16,1930-09-06,1938-05-07,9,9,4,0.074074
17,1932-08-06,1940-04-06,1,1,5,0.119048
17,1932-08-06,1940-04-06,1,2,7,0.166667
17,1932-08-06,1940-04-06,1,3,3,0.071429
17,1932-08-06,1940-04-06,1,4,6,0.142857
17,1932-08-06,1940-04-06,1,5,4,0.095238
17,1932-08-06,1940-04-06,1,6,2,0.047619
17,1932-08-06,1940-04-06,1,7,8,0.190476
17,1932-08-06,1940-04-06,1,8,4,0.095238
17,1932-08-06,1940-04-06,1,9,3,0.071429
17,1932-08-06,1940-04-06,2,1,2,0.04878
17,1932-08-06,1940-04-06,2,2,1,0.02439
17,1932-08-06,1940-04-06,2,3,5,0.121951
17,1932-08-06,1940-04-06,2,4,3,0.073171
17,1932-08-06,1940-04-06,2,5,5,0.121951
17,1932-08-06,1940-04-06,2,6,8,0.195122
17,1932-08-06,1940-04-06,2,7,3,0.073171
17,1932-08-06,1940-04-06,2,8,7,0.170732
17,1932-08-06,1940-04-06,2,9,7,0.170732
17,1932-08-06,1940-04-06,3,1,1,0.022727
17,1932-08-06,1940-04-06,3,2,4,0.090909
17,1932-08-06,1940-04-06,3,3,4,0.090909
17,1932-08-06,1940-04-06,3,4,3,0.068182
17,1932-08-06,1940-04-06,3,5,3,0.068182
17,1932-08-06,1940-04-06,3,6,6,0.136364
17,1932-08-06,1940-04-06,3,7,8,0.181818
17,1932-08-06,1940-04-06,3,8,6,0.136364
17,1932-08-06,1940-04-06,3,9,9,0.204545
17,1932-08-06,1940-04-06,4,1,3,0.1
17,1932-08-06,1940-04-06,4,2,2,0.066667
17,1932-08-06,1940-04-06,4,3,3,0.1
17,1932-08-06,1940-04-06,4,4,3,0.1
17,1932-08-06,1940-04-06,4,5,2,0.066667
17,1932-08-06,1940-04-06,4,6,2,0.066667
17,1932-08-06,1940-04-06,4,7,9,0.3
17,1932-08-06,1940-04-06,4,8,4,0.133333
17,1932-08-06,1940-04-06,4,9,2,0.066667
17,1932-08-06,1940-04-06,5,1,6,0.153846
17,1932-08-06,1940-04-06,5,2,4,0.102564
17,1932-08-06,1940-04-06,5,3,3,0.076923
17,1932-08-06,1940-04-06,5,4,3,0.076923
17,1932-08-06,1940-04-06,5,5,5,0.128205
17,1932-08-06,1940-04-06,5,6,3,0.076923
17,1932-08-06,1940-04-06,5,7,6,0.153846
17,1932-08-06,1940-04-06,5,8,4,0.102564
17,1932-08-06,1940-04-06,5,9,5,0.128205
17,1932-08-06,1940-04-06,6,1,3,0.085714
17,1932-08-06,1940-04-06,6,2,4,0.114286
17,1932-08-06,1940-04-06,6,3,2,0.057143
17,1932-08-06,1940-04-06,6,4,3,0.085714
17,1932-08-06,1940-04-06,6,5,4,0.114286
17,1932-08-06,1940-04-06,6,6,3,0.085714
17,1932-08-06,1940-04-06,6,7,7,0.2
17,1932-08-06,1940-04-06,6,8,3,0.085714
17,1932-08-06,1940-04-06,6,9,6,0.171429
17,1932-08-06,1940-04-06,7,1,8,0.126984
17,1932-08-06,1940-04-06,7,2,6,0.095238
17,1932-08-06,1940-04-06,7,3,13,0.206349
17,1932-08-06,1940-04-06,7,4,3,0.047619
17,1932-08-06,1940-04-06,7,5,5,0.079365
17,1932-08-06,1940-04-06,7,6,5,0.079365
17,1932-08-06,1940-04-06,7,7,8,0.126984
17,1932-08-06,1940-04-06,7,8,4,0.063492
17,1932-08-06,1940-04-06,7,9,11,0.174603
17,1932-08-06,1940-04-06,8,1,4,0.086957
17,1932-08-06,1940-04-06,8,2,8,0.173913
17,1932-08-06,1940-04-06,8,3,6,0.130435
17,1932-08-06,1940-04-06,8,4,2,0.043478
17,1932-08-06,1940-04-06,8,5,4,0.086957
17,1932-08-06,1940-04-06,8,6,1,0.021739
17,1932-08-06,1940-04-06,8,7,6,0.130435
17,1932-08-06,1940-04-06,8,8,5,0.108696
17,1932-08-06,1940-04-06,8,9,10,0.217391
17,1932-08-06,1940-04-06,9,1,10,0.166667
17,1932-08-06,1940-04-06,9,2,5,0.083333
17,1932-08-06,1940-04-06,9,3,5,0.083333
17,1932-08-06,1940-04-06,9,4,4,0.066667
17,1932-08-06,1940-04-06,9,5,7,0.116667
17,1932-08-06,1940-04-06,9,6,5,0.083333
17,1932-08-06,1940-04-06,9,7,9,0.15
17,1932-08-06,1940-04-06,9,8,9,0.15
17,1932-08-06,1940-04-06,9,9,6,0.1
18,1934-07-07,1942-03-07,1,1,5,0.138889
18,1934-07-07,1942-03-07,1,2,6,0.166667
18,1934-07-07,1942-03-07,1,3,2,0.055556
18,1934-07-07,1942-03-07,1,4,7,0.194444
18,1934-07-07,1942-03-07,1,5,3,0.083333
18,1934-07-07,1942-03-07,1,6,2,0.055556
18,1934-07-07,1942-03-07,1,7,6,0.166667
18,1934-07-07,1942-03-07,1,8,2,0.055556
18,1934-07-07,1942-03-07,1,9,3,0.083333
18,1934-07-07,1942-03-07,2,1,3,0.075
18,1934-07-07,1942-03-07,2,2,1,0.025
18,1934-07-07,1942-03-07,2,3,3,0.075
18,1934-07-07,1942-03-07,2,4,5,0.125
18,1934-07-07,1942-03-07,2,5,6,0.15
18,1934-07-07,1942-03-07,2,6,8,0.2
18,1934-07-07,1942-03-07,2,7,1,0.025
18,1934-07-07,1942-03-07,2,8,10,0.25
18,1934-07-07,1942-03-07,2,9,3,0.075
18,1934-07-07,1942-03-07,3,1,1,0.02439
18,1934-07-07,1942-03-07,3,2,4,0.097561
18,1934-07-07,1942-03-07,3,3,3,0.073171
18,1934-07-07,1942-03-07,3,4,5,0.121951
18,1934-07-07,1942-03-07,3,5,4,0.097561
18,1934-07-07,1942-03-07,3,6,4,0.097561
18,1934-07-07,1942-03-07,3,7,7,0.170732
18,1934-07-07,1942-03-07,3,8,5,0.121951
18,1934-07-07,1942-03-07,3,9,8,0.195122
18,1934-07-07,1942-03-07,4,1,4,0.111111
18,1934-07-07,1942-03-07,4,2,2,0.055556
18,1934-07-07,1942-03-07,4,3,4,0.111111
18,1934-07-07,1942-03-07,4,4,3,0.083333
18,1934-07-07,1942-03-07,4,5,2,0.055556
18,1934-07-07,1942-03-07,4,6,3,0.083333
18,1934-07-07,1942-03-07,4,7,8,0.222222
18,1934-07-07,1942-03-07,4,8,7,0.194444
18,1934-07-07,1942-03-07,4,9,3,0.083333
18,1934-07-07,1942-03-07,5,1,3,0.075
18,1934-07-07,1942-03-07,5,2,6,0.15
18,1934-07-07,1942-03-07,5,3,4,0.1
18,1934-07-07,1942-03-07,5,4,4,0.1
18,1934-07-07,1942-03-07,5,5,4,0.1
18,1934-07-07,1942-03-07,5,6,5,0.125
18,1934-07-07,1942-03-07,5,7,6,0.15
18,1934-07-07,1942-03-07,5,8,4,0.1
18,1934-07-07,1942-03-07,5,9,4,0.1
18,1934-07-07,1942-03-07,6,1,3,0.075
18,1934-07-07,1942-03-07,6,2,7,0.175
18,1934-07-07,1942-03-07,6,3,4,0.1
18,1934-07-07,1942-03-07,6,4,3,0.075
18,1934-07-07,1942-03-07,6,5,4,0.1
18,1934-07-07,1942-03-07,6,6,5,0.125
18,1934-07-07,1942-03-07,6,7,5,0.125
18,1934-07-07,1942-03-07,6,8,3,0.075
18,1934-07-07,1942-03-07,6,9,6,0.15
18,1934-07-07,1942-03-07,7,1,6,0.096774
18,1934-07-07,1942-03-07,7,2,4,0.064516
18,1934-07-07,1942-03-07,7,3,12,0.193548
18,1934-07-07,1942-03-07,7,4,4,0.064516
18,1934-07-07,1942-03-07,7,5,2,0.032258
18,1934-07-07,1942-03-07,7,6,6,0.096774
18,1934-07-07,1942-03-07,7,7,12,0.193548
18,1934-07-07,1942-03-07,7,8,5,0.080645
18,1934-07-07,1942-03-07,7,9,11,0.177419
18,1934-07-07,1942-03-07,8,1,4,0.076923
18,1934-07-07,1942-03-07,8,2,7,0.134615
18,1934-07-07,1942-03-07,8,3,7,0.134615
18,1934-07-07,1942-03-07,8,4,2,0.038462
18,1934-07-07,1942-03-07,8,5,7,0.134615
18,1934-07-07,1942-03-07,8,6,2,0.038462
18,1934-07-07,1942-03-07,8,7,7,0.134615
18,1934-07-07,1942-03-07,8,8,6,0.115385
18,1934-07-07,1942-03-07,8,9,10,0.192308
18,1934-07-07,1942-03-07,9,1,7,0.132075
18,1934-07-07,1942-03-07,9,2,3,0.056604
18,1934-07-07,1942-03-07,9,3,2,0.037736
18,1934-07-07,1942-03-07,9,4,3,0.056604
18,1934-07-07,1942-03-07,9,5,8,0.150943
18,1934-07-07,1942-03-07,9,6,5,0.09434
18,1934-07-07,1942-03-07,9,7,11,0.207547
18,1934-07-07,1942-03-07,9,8,10,0.188679
18,1934-07-07,1942-03-07,9,9,4,0.075472
19,1936-06-06,1944-02-05,1,1,2,0.071429
19,1936-06-06,1944-02-05,1,2,6,0.214286
19,1936-06-06,1944-02-05,1,3,3,0.107143
19,1936-06-06,1944-02-05,1,4,6,0.214286
19,1936-06-06,1944-02-05,1,5,3,0.107143
19,1936-06-06,1944-02-05,1,6,2,0.071429
19,1936-06-06,1944-02-05,1,7,2,0.071429
19,1936-06-06,1944-02-05,1,8,1,0.035714
19,1936-06-06,1944-02-05,1,9,3,0.107143
19,1936-06-06,1944-02-05,2,1,5,0.108696
19,1936-06-06,1944-02-05,2,2,2,0.043478
19,1936-06-06,1944-02-05,2,3,4,0.086957
19,1936-06-06,1944-02-05,2,4,5,0.108696
19,1936-06-06,1944-02-05,2,5,5,0.108696
19,1936-06-06,1944-02-05,2,6,9,0.195652
19,1936-06-06,1944-02-05,2,7,5,0.108696
19,1936-06-06,1944-02-05,2,8,9,0.195652
19,1936-06-06,1944-02-05,2,9,2,0.043478
19,1936-06-06,1944-02-05,3,1,2,0.044444
19,1936-06-06,1944-02-05,3,2,5,0.111111
19,1936-06-06,1944-02-05,3,3,4,0.088889
19,1936-06-06,1944-02-05,3,4,6,0.133333
19,1936-06-06,1944-02-05,3,5,2,0.044444
19,1936-06-06,1944-02-05,3,6,7,0.155556
19,1936-06-06,1944-02-05,3,7,7,0.155556
19,1936-06-06,1944-02-05,3,8,4,0.088889
19,1936-06-06,1944-02-05,3,9,8,0.177778
19,1936-06-06,1944-02-05,4,1,2,0.054054
19,1936-06-06,1944-02-05,4,2,4,0.108108
19,1936-06-06,1944-02-05,4,3,5,0.135135
19,1936-06-06,1944-02-05,4,4,2,0.054054
19,1936-06-06,1944-02-05,4,5,1,0.027027
19,1936-06-06,1944-02-05,4,6,5,0.135135
19,1936-06-06,1944-02-05,4,7,8,0.216216
19,1936-06-06,1944-02-05,4,8,6,0.162162
19,1936-06-06,1944-02-05,4,9,4,0.108108
19,1936-06-06,1944-02-05,5,1,1,0.027027
19,1936-06-06,1944-02-05,5,2,6,0.162162
19,1936-06-06,1944-02-05,5,3,6,0.162162
19,1936-06-06,1944-02-05,5,4,3,0.081081
19,1936-06-06,1944-02-05,5,5,4,0.108108
19,1936-06-06,1944-02-05,5,6,6,0.162162
19,1936-06-06,1944-02-05,5,7,3,0.081081
19,1936-06-06,1944-02-05,5,8,4,0.108108
19,1936-06-06,1944-02-05,5,9,4,0.108108
19,1936-06-06,1944-02-05,6,1,3,0.0625
19,1936-06-06,1944-02-05,6,2,7,0.145833
19,1936-06-06,1944-02-05,6,3,4,0.083333
19,1936-06-06,1944-02-05,6,4,5,0.104167
19,1936-06-06,1944-02-05,6,5,7,0.145833
19,1936-06-06,1944-02-05,6,6,7,0.145833
19,1936-06-06,1944-02-05,6,7,4,0.083333
19,1936-06-06,1944-02-05,6,8,5,0.104167
19,1936-06-06,1944-02-05,6,9,6,0.125
19,1936-06-06,1944-02-05,7,1,4,0.070175
19,1936-06-06,1944-02-05,7,2,5,0.087719
19,1936-06-06,1944-02-05,7,3,9,0.157895
19,1936-06-06,1944-02-05,7,4,4,0.070175
19,1936-06-06,1944-02-05,7,5,3,0.052632
19,1936-06-06,1944-02-05,7,6,5,0.087719
19,1936-06-06,1944-02-05,7,7,12,0.210526
19,1936-06-06,1944-02-05,7,8,7,0.122807
19,1936-06-06,1944-02-05,7,9,8,0.140351
19,1936-06-06,1944-02-05,8,1,4,0.076923
19,1936-06-06,1944-02-05,8,2,8,0.153846
19,1936-06-06,1944-02-05,8,3,6,0.115385
19,1936-06-06,1944-02-05,8,4,2,0.038462
19,1936-06-06,1944-02-05,8,5,7,0.134615
19,1936-06-06,1944-02-05,8,6,2,0.038462
19,1936-06-06,1944-02-05,8,7,8,0.153846
19,1936-06-06,1944-02-05,8,8,5,0.096154
19,1936-06-06,1944-02-05,8,9,10,0.192308
19,1936-06-06,1944-02-05,9,1,5,0.1
19,1936-06-06,1944-02-05,9,2,3,0.06
19,1936-06-06,1944-02-05,9,3,4,0.08
19,1936-06-06,1944-02-05,9,4,4,0.08
19,1936-06-06,1944-02-05,9,5,5,0.1
19,1936-06-06,1944-02-05,9,6,5,0.1
19,1936-06-06,1944-02-05,9,7,8,0.16
19,1936-06-06,1944-02-05,9,8,10,0.2
19,1936-06-06,1944-02-05,9,9,6,0.12
20,1938-05-07,1946-01-05,1,1,2,0.064516
20,1938-05-07,1946-01-05,1,2,5,0.16129
20,1938-05-07,1946-01-05,1,3,3,0.096774
20,1938-05-07,1946-01-05,1,4,3,0.096774
20,1938-05-07,1946-01-05,1,5,3,0.096774
20,1938-05-07,1946-01-05,1,6,4,0.129032
20,1938-05-07,1946-01-05,1,7,3,0.096774
20,1938-05-07,1946-01-05,1,8,1,0.032258
20,1938-05-07,1946-01-05,1,9,7,0.225806
20,1938-05-07,1946-01-05,2,1,4,0.085106
20,1938-05-07,1946-01-05,2,2,3,0.06383
20,1938-05-07,1946-01-05,2,3,4,0.085106
20,1938-05-07,1946-01-05,2,4,7,0.148936
20,1938-05-07,1946-01-05,2,5,2,0.042553
20,1938-05-07,1946-01-05,2,6,10,0.212766
20,1938-05-07,1946-01-05,2,7,9,0.191489
20,1938-05-07,1946-01-05,2,8,7,0.148936
20,1938-05-07,1946-01-05,2,9,1,0.021277
20,1938-05-07,1946-01-05,3,1,2,0.047619
20,1938-05-07,1946-01-05,3,2,6,0.142857
20,1938-05-07,1946-01-05,3,3,2,0.047619
20,1938-05-07,1946-01-05,3,4,6,0.142857
20,1938-05-07,1946-01-05,3,5,4,0.095238
20,1938-05-07,1946-01-05,3,6,7,0.166667
20,1938-05-07,1946-01-05,3,7,5,0.119048
20,1938-05-07,1946-01-05,3,8,3,0.071429
20,1938-05-07,1946-01-05,3,9,7,0.166667
20,1938-05-07,1946-01-05,4,1,3,0.071429
20,1938-05-07,1946-01-05,4,2,6,0.142857
20,1938-05-07,1946-01-05,4,3,6,0.142857
20,1938-05-07,1946-01-05,4,4,3,0.071429
20,1938-05-07,1946-01-05,4,5,1,0.02381
20,1938-05-07,1946-01-05,4,6,6,0.142857
20,1938-05-07,1946-01-05,4,7,7,0.166667
20,1938-05-07,1946-01-05,4,8,6,0.142857
20,1938-05-07,1946-01-05,4,9,4,0.095238
20,1938-05-07,1946-01-05,5,1,1,0.025641
20,1938-05-07,1946-01-05,5,2,5,0.128205
20,1938-05-07,1946-01-05,5,3,6,0.153846
20,1938-05-07,1946-01-05,5,4,4,0.102564
20,1938-05-07,1946-01-05,5,5,5,0.128205
20,1938-05-07,1946-01-05,5,6,7,0.179487
20,1938-05-07,1946-01-05,5,7,4,0.102564
20,1938-05-07,1946-01-05,5,8,4,0.102564
20,1938-05-07,1946-01-05,5,9,3,0.076923
20,1938-05-07,1946-01-05,6,1,3,0.058824
20,1938-05-07,1946-01-05,6,2,9,0.176471
20,1938-05-07,1946-01-05,6,3,3,0.058824
20,1938-05-07,1946-01-05,6,4,5,0.098039
20,1938-05-07,1946-01-05,6,5,9,0.176471
20,1938-05-07,1946-01-05,6,6,7,0.137255
20,1938-05-07,1946-01-05,6,7,5,0.098039
20,1938-05-07,1946-01-05,6,8,6,0.117647
20,1938-05-07,1946-01-05,6,9,4,0.078431
20,1938-05-07,1946-01-05,7,1,6,0.105263
20,1938-05-07,1946-01-05,7,2,4,0.070175
20,1938-05-07,1946-01-05,7,3,6,0.105263
20,1938-05-07,1946-01-05,7,4,5,0.087719
20,1938-05-07,1946-01-05,7,5,5,0.087719
20,1938-05-07,1946-01-05,7,6,6,0.105263
20,1938-05-07,1946-01-05,7,7,10,0.175439
20,1938-05-07,1946-01-05,7,8,7,0.122807
20,1938-05-07,1946-01-05,7,9,8,0.140351
20,1938-05-07,1946-01-05,8,1,4,0.088889
20,1938-05-07,1946-01-05,8,2,5,0.111111
20,1938-05-07,1946-01-05,8,3,5,0.111111
20,1938-05-07,1946-01-05,8,4,5,0.111111
20,1938-05-07,1946-01-05,8,5,8,0.177778
20,1938-05-07,1946-01-05,8,6,3,0.066667
20,1938-05-07,1946-01-05,8,7,6,0.133333
20,1938-05-07,1946-01-05,8,8,3,0.066667
20,1938-05-07,1946-01-05,8,9,6,0.133333
20,1938-05-07,1946-01-05,9,1,6,0.130435
20,1938-05-07,1946-01-05,9,2,4,0.086957
20,1938-05-07,1946-01-05,9,3,6,0.130435
20,1938-05-07,1946-01-05,9,4,4,0.086957
20,1938-05-07,1946-01-05,9,5,2,0.043478
20,1938-05-07,1946-01-05,9,6,2,0.043478
20,1938-05-07,1946-01-05,9,7,8,0.173913
20,1938-05-07,1946-01-05,9,8,8,0.173913
20,1938-05-07,1946-01-05,9,9,6,0.130435
21,1940-04-06,1947-12-13,1,1,2,0.058824
21,1940-04-06,1947-12-13,1,2,3,0.088235
21,1940-04-06,1947-12-13,1,3,3,0.088235
21,1940-04-06,1947-12-13,1,4,5,0.147059
21,1940-04-06,1947-12-13,1,5,2,0.058824
21,1940-04-06,1947-12-13,1,6,4,0.117647
21,1940-04-06,1947-12-13,1,7,5,0.147059
21,1940-04-06,1947-12-13,1,8,3,0.088235
21,1940-04-06,1947-12-13,1,9,7,0.205882
21,1940-04-06,1947-12-13,2,1,4,0.088889
21,1940-04-06,1947-12-13,2,2,3,0.066667
21,1940-04-06,1947-12-13,2,3,6,0.133333
21,1940-04-06,1947-12-13,2,4,6,0.133333
21,1940-04-06,1947-12-13,2,5,3,0.066667
21,1940-04-06,1947-12-13,2,6,4,0.088889
21,1940-04-06,1947-12-13,2,7,10,0.222222
21,1940-04-06,1947-12-13,2,8,8,0.177778
21,1940-04-06,1947-12-13,2,9,1,0.022222
21,1940-04-06,1947-12-13,3,1,3,0.065217
21,1940-04-06,1947-12-13,3,2,6,0.130435
21,1940-04-06,1947-12-13,3,3,6,0.130435
21,1940-04-06,1947-12-13,3,4,6,0.130435
21,1940-04-06,1947-12-13,3,5,6,0.130435
21,1940-04-06,1947-12-13,3,6,6,0.130435
21,1940-04-06,1947-12-13,3,7,6,0.130435
21,1940-04-06,1947-12-13,3,8,2,0.043478
21,1940-04-06,1947-12-13,3,9,5,0.108696
21,1940-04-06,1947-12-13,4,1,2,0.040816
21,1940-04-06,1947-12-13,4,2,7,0.142857
21,1940-04-06,1947-12-13,4,3,6,0.122449
21,1940-04-06,1947-12-13,4,4,6,0.122449
21,1940-04-06,1947-12-13,4,5,2,0.040816
21,1940-04-06,1947-12-13,4,6,6,0.122449
21,1940-04-06,1947-12-13,4,7,8,0.163265
21,1940-04-06,1947-12-13,4,8,9,0.183673
21,1940-04-06,1947-12-13,4,9,3,0.061224
21,1940-04-06,1947-12-13,5,1,1,0.026316
21,1940-04-06,1947-12-13,5,2,5,0.131579
21,1940-04-06,1947-12-13,5,3,5,0.131579
21,1940-04-06,1947-12-13,5,4,4,0.105263
21,1940-04-06,1947-12-13,5,5,5,0.131579
21,1940-04-06,1947-12-13,5,6,7,0.184211
21,1940-04-06,1947-12-13,5,7,3,0.078947
21,1940-04-06,1947-12-13,5,8,5,0.131579
21,1940-04-06,1947-12-13,5,9,3,0.078947
21,1940-04-06,1947-12-13,6,1,4,0.083333
21,1940-04-06,1947-12-13,6,2,7,0.145833
21,1940-04-06,1947-12-13,6,3,4,0.083333
21,1940-04-06,1947-12-13,6,4,5,0.104167
21,1940-04-06,1947-12-13,6,5,6,0.125
21,1940-04-06,1947-12-13,6,6,8,0.166667
21,1940-04-06,1947-12-13,6,7,5,0.104167
21,1940-04-06,1947-12-13,6,8,5,0.104167
21,1940-04-06,1947-12-13,6,9,4,0.083333
21,1940-04-06,1947-12-13,7,1,8,0.148148
21,1940-04-06,1947-12-13,7,2,3,0.055556
21,1940-04-06,1947-12-13,7,3,4,0.074074
21,1940-04-06,1947-12-13,7,4,7,0.12963
21,1940-04-06,1947-12-13,7,5,4,0.074074
21,1940-04-06,1947-12-13,7,6,8,0.148148
21,1940-04-06,1947-12-13,7,7,9,0.166667
21,1940-04-06,1947-12-13,7,8,6,0.111111
21,1940-04-06,1947-12-13,7,9,5,0.092593
21,1940-04-06,1947-12-13,8,1,5,0.106383
21,1940-04-06,1947-12-13,8,2,6,0.12766
21,1940-04-06,1947-12-13,8,3,7,0.148936
21,1940-04-06,1947-12-13,8,4,5,0.106383
21,1940-04-06,1947-12-13,8,5,7,0.148936
21,1940-04-06,1947-12-13,8,6,4,0.085106
21,1940-04-06,1947-12-13,8,7,3,0.06383
21,1940-04-06,1947-12-13,8,8,4,0.085106
21,1940-04-06,1947-12-13,8,9,6,0.12766
21,1940-04-06,1947-12-13,9,1,5,0.128205
21,1940-04-06,1947-12-13,9,2,5,0.128205
21,1940-04-06,1947-12-13,9,3,5,0.128205
21,1940-04-06,1947-12-13,9,4,5,0.128205
21,1940-04-06,1947-12-13,9,5,3,0.076923
21,1940-04-06,1947-12-13,9,6,1,0.025641
21,1940-04-06,1947-12-13,9,7,5,0.128205
21,1940-04-06,1947-12-13,9,8,5,0.128205
21,1940-04-06,1947-12-13,9,9,5,0.128205
22,1942-03-07,1949-11-12,1,1,3,0.065217
22,1942-03-07,1949-11-12,1,2,6,0.130435
22,1942-03-07,1949-11-12,1,3,2,0.043478
22,1942-03-07,1949-11-12,1,4,8,0.173913
22,1942-03-07,1949-11-12,1,5,5,0.108696
22,1942-03-07,1949-11-12,1,6,3,0.065217
22,1942-03-07,1949-11-12,1,7,7,0.152174
22,1942-03-07,1949-11-12,1,8,3,0.065217
22,1942-03-07,1949-11-12,1,9,9,0.195652
22,1942-03-07,1949-11-12,2,1,3,0.069767
22,1942-03-07,1949-11-12,2,2,3,0.069767
22,1942-03-07,1949-11-12,2,3,5,0.116279
22,1942-03-07,1949-11-12,2,4,4,0.093023
22,1942-03-07,1949-11-12,2,5,4,0.093023
22,1942-03-07,1949-11-12,2,6,4,0.093023
22,1942-03-07,1949-11-12,2,7,10,0.232558
22,1942-03-07,1949-11-12,2,8,8,0.186047
22,1942-03-07,1949-11-12,2,9,2,0.046512
22,1942-03-07,1949-11-12,3,1,6,0.136364
22,1942-03-07,1949-11-12,3,2,6,0.136364
22,1942-03-07,1949-11-12,3,3,7,0.159091
22,1942-03-07,1949-11-12,3,4,2,0.045455
22,1942-03-07,1949-11-12,3,5,6,0.136364
22,1942-03-07,1949-11-12,3,6,5,0.113636
22,1942-03-07,1949-11-12,3,7,6,0.136364
22,1942-03-07,1949-11-12,3,8,2,0.045455
22,1942-03-07,1949-11-12,3,9,4,0.090909
22,1942-03-07,1949-11-12,4,1,2,0.047619
22,1942-03-07,1949-11-12,4,2,7,0.166667
22,1942-03-07,1949-11-12,4,3,4,0.095238
22,1942-03-07,1949-11-12,4,4,5,0.119048
22,1942-03-07,1949-11-12,4,5,3,0.071429
22,1942-03-07,1949-11-12,4,6,5,0.119048
22,1942-03-07,1949-11-12,4,7,5,0.119048
22,1942-03-07,1949-11-12,4,8,8,0.190476
22,1942-03-07,1949-11-12,4,9,3,0.071429
22,1942-03-07,1949-11-12,5,1,4,0.090909
22,1942-03-07,1949-11-12,5,2,3,0.068182
22,1942-03-07,1949-11-12,5,3,6,0.136364
22,1942-03-07,1949-11-12,5,4,3,0.068182
22,1942-03-07,1949-11-12,5,5,6,0.136364
22,1942-03-07,1949-11-12,5,6,6,0.136364
22,1942-03-07,1949-11-12,5,7,6,0.136364
22,1942-03-07,1949-11-12,5,8,7,0.159091
22,1942-03-07,1949-11-12,5,9,3,0.068182
22,1942-03-07,1949-11-12,6,1,5,0.116279
22,1942-03-07,1949-11-12,6,2,4,0.093023
22,1942-03-07,1949-11-12,6,3,2,0.046512
22,1942-03-07,1949-11-12,6,4,5,0.116279
22,1942-03-07,1949-11-12,6,5,5,0.116279
22,1942-03-07,1949-11-12,6,6,8,0.186047
22,1942-03-07,1949-11-12,6,7,6,0.139535
22,1942-03-07,1949-11-12,6,8,5,0.116279
22,1942-03-07,1949-11-12,6,9,3,0.069767
22,1942-03-07,1949-11-12,7,1,11,0.207547
22,1942-03-07,1949-11-12,7,2,3,0.056604
22,1942-03-07,1949-11-12,7,3,7,0.132075
22,1942-03-07,1949-11-12,7,4,4,0.075472
22,1942-03-07,1949-11-12,7,5,6,0.113208
22,1942-03-07,1949-11-12,7,6,7,0.132075
22,1942-03-07,1949-11-12,7,7,5,0.09434
22,1942-03-07,1949-11-12,7,8,7,0.132075
22,1942-03-07,1949-11-12,7,9,3,0.056604
22,1942-03-07,1949-11-12,8,1,7,0.152174
22,1942-03-07,1949-11-12,8,2,6,0.130435
22,1942-03-07,1949-11-12,8,3,5,0.108696
22,1942-03-07,1949-11-12,8,4,6,0.130435
22,1942-03-07,1949-11-12,8,5,6,0.130435
22,1942-03-07,1949-11-12,8,6,3,0.065217
22,1942-03-07,1949-11-12,8,7,4,0.086957
22,1942-03-07,1949-11-12,8,8,2,0.043478
22,1942-03-07,1949-11-12,8,9,7,0.152174
22,1942-03-07,1949-11-12,9,1,5,0.128205
22,1942-03-07,1949-11-12,9,2,5,0.128205
22,1942-03-07,1949-11-12,9,3,6,0.153846
22,1942-03-07,1949-11-12,9,4,5,0.128205
22,1942-03-07,1949-11-12,9,5,3,0.076923
22,1942-03-07,1949-11-12,9,6,2,0.051282
22,1942-03-07,1949-11-12,9,7,3,0.076923
22,1942-03-07,1949-11-12,9,8,5,0.128205
22,1942-03-07,1949-11-12,9,9,5,0.128205
23,1944-02-05,1951-10-13,1,1,4,0.085106
23,1944-02-05,1951-10-13,1,2,4,0.085106
23,1944-02-05,1951-10-13,1,3,0,0.0
23,1944-02-05,1951-10-13,1,4,10,0.212766
23,1944-02-05,1951-10-13,1,5,7,0.148936
23,1944-02-05,1951-10-13,1,6,3,0.06383
23,1944-02-05,1951-10-13,1,7,8,0.170213
23,1944-02-05,1951-10-13,1,8,3,0.06383
23,1944-02-05,1951-10-13,1,9,8,0.170213
23,1944-02-05,1951-10-13,2,1,3,0.071429
23,1944-02-05,1951-10-13,2,2,4,0.095238
23,1944-02-05,1951-10-13,2,3,7,0.166667
23,1944-02-05,1951-10-13,2,4,3,0.071429
23,1944-02-05,1951-10-13,2,5,4,0.095238
23,1944-02-05,1951-10-13,2,6,3,0.071429
23,1944-02-05,1951-10-13,2,7,8,0.190476
23,1944-02-05,1951-10-13,2,8,9,0.214286
23,1944-02-05,1951-10-13,2,9,1,0.02381
23,1944-02-05,1951-10-13,3,1,8,0.195122
23,1944-02-05,1951-10-13,3,2,5,0.121951
23,1944-02-05,1951-10-13,3,3,6,0.146341
23,1944-02-05,1951-10-13,3,4,4,0.097561
23,1944-02-05,1951-10-13,3,5,7,0.170732
23,1944-02-05,1951-10-13,3,6,2,0.04878
23,1944-02-05,1951-10-13,3,7,4,0.097561
23,1944-02-05,1951-10-13,3,8,2,0.04878
23,1944-02-05,1951-10-13,3,9,3,0.073171
23,1944-02-05,1951-10-13,4,1,3,0.058824
23,1944-02-05,1951-10-13,4,2,7,0.137255
23,1944-02-05,1951-10-13,4,3,5,0.098039
23,1944-02-05,1951-10-13,4,4,7,0.137255
23,1944-02-05,1951-10-13,4,5,6,0.117647
23,1944-02-05,1951-10-13,4,6,3,0.058824
23,1944-02-05,1951-10-13,4,7,7,0.137255
23,1944-02-05,1951-10-13,4,8,8,0.156863
23,1944-02-05,1951-10-13,4,9,5,0.098039
23,1944-02-05,1951-10-13,5,1,6,0.125
23,1944-02-05,1951-10-13,5,2,5,0.104167
23,1944-02-05,1951-10-13,5,3,4,0.083333
23,1944-02-05,1951-10-13,5,4,4,0.083333
23,1944-02-05,1951-10-13,5,5,4,0.083333
23,1944-02-05,1951-10-13,5,6,5,0.104167
23,1944-02-05,1951-10-13,5,7,9,0.1875
23,1944-02-05,1951-10-13,5,8,6,0.125
23,1944-02-05,1951-10-13,5,9,5,0.104167
23,1944-02-05,1951-10-13,6,1,5,0.147059
23,1944-02-05,1951-10-13,6,2,4,0.117647
23,1944-02-05,1951-10-13,6,3,1,0.029412
23,1944-02-05,1951-10-13,6,4,5,0.147059
23,1944-02-05,1951-10-13,6,5,2,0.058824
23,1944-02-05,1951-10-13,6,6,6,0.176471
23,1944-02-05,1951-10-13,6,7,7,0.205882
23,1944-02-05,1951-10-13,6,8,2,0.058824
23,1944-02-05,1951-10-13,6,9,2,0.058824
23,1944-02-05,1951-10-13,7,1,9,0.166667
23,1944-02-05,1951-10-13,7,2,2,0.037037
23,1944-02-05,1951-10-13,7,3,7,0.12963
23,1944-02-05,1951-10-13,7,4,7,0.12963
23,1944-02-05,1951-10-13,7,5,6,0.111111
23,1944-02-05,1951-10-13,7,6,7,0.12963
23,1944-02-05,1951-10-13,7,7,4,0.074074
23,1944-02-05,1951-10-13,7,8,8,0.148148
23,1944-02-05,1951-10-13,7,9,4,0.074074
23,1944-02-05,1951-10-13,8,1,5,0.111111
23,1944-02-05,1951-10-13,8,2,5,0.111111
23,1944-02-05,1951-10-13,8,3,6,0.133333
23,1944-02-05,1951-10-13,8,4,7,0.155556
23,1944-02-05,1951-10-13,8,5,8,0.177778
23,1944-02-05,1951-10-13,8,6,4,0.088889
23,1944-02-05,1951-10-13,8,7,3,0.066667
23,1944-02-05,1951-10-13,8,8,2,0.044444
23,1944-02-05,1951-10-13,8,9,5,0.111111
23,1944-02-05,1951-10-13,9,1,4,0.105263
23,1944-02-05,1951-10-13,9,2,6,0.157895
23,1944-02-05,1951-10-13,9,3,5,0.131579
23,1944-02-05,1951-10-13,9,4,4,0.105263
23,1944-02-05,1951-10-13,9,5,4,0.105263
23,1944-02-05,1951-10-13,9,6,2,0.052632
23,1944-02-05,1951-10-13,9,7,4,0.105263
23,1944-02-05,1951-10-13,9,8,5,0.131579
23,1944-02-05,1951-10-13,9,9,4,0.105263
24,1946-01-05,1953-09-12,1,1,7,0.162791
24,1946-01-05,1953-09-12,1,2,5,0.116279
24,1946-01-05,1953-09-12,1,3,1,0.023256
24,1946-01-05,1953-09-12,1,4,10,0.232558
24,1946-01-05,1953-09-12,1,5,7,0.162791
24,1946-01-05,1953-09-12,1,6,1,0.023256
24,1946-01-05,1953-09-12,1,7,6,0.139535
24,1946-01-05,1953-09-12,1,8,3,0.069767
24,1946-01-05,1953-09-12,1,9,3,0.069767
24,1946-01-05,1953-09-12,2,1,4,0.090909
24,1946-01-05,1953-09-12,2,2,4,0.090909
24,1946-01-05,1953-09-12,2,3,6,0.136364
24,1946-01-05,1953-09-12,2,4,1,0.022727
24,1946-01-05,1953-09-12,2,5,6,0.136364
24,1946-01-05,1953-09-12,2,6,3,0.068182
24,1946-01-05,1953-09-12,2,7,7,0.159091
24,1946-01-05,1953-09-12,2,8,11,0.25
24,1946-01-05,1953-09-12,2,9,2,0.045455
24,1946-01-05,1953-09-12,3,1,8,0.170213
24,1946-01-05,1953-09-12,3,2,3,0.06383
24,1946-01-05,1953-09-12,3,3,7,0.148936
24,1946-01-05,1953-09-12,3,4,8,0.170213
24,1946-01-05,1953-09-12,3,5,6,0.12766
24,1946-01-05,1953-09-12,3,6,3,0.06383
24,1946-01-05,1953-09-12,3,7,7,0.148936
24,1946-01-05,1953-09-12,3,8,3,0.06383
24,1946-01-05,1953-09-12,3,9,2,0.042553
24,1946-01-05,1953-09-12,4,1,2,0.037736
24,1946-01-05,1953-09-12,4,2,7,0.132075
24,1946-01-05,1953-09-12,4,3,4,0.075472
24,1946-01-05,1953-09-12,4,4,10,0.188679
24,1946-01-05,1953-09-12,4,5,7,0.132075
24,1946-01-05,1953-09-12,4,6,5,0.09434
24,1946-01-05,1953-09-12,4,7,5,0.09434
24,1946-01-05,1953-09-12,4,8,7,0.132075
24,1946-01-05,1953-09-12,4,9,6,0.113208
24,1946-01-05,1953-09-12,5,1,5,0.106383
24,1946-01-05,1953-09-12,5,2,8,0.170213
24,1946-01-05,1953-09-12,5,3,6,0.12766
24,1946-01-05,1953-09-12,5,4,4,0.085106
24,1946-01-05,1953-09-12,5,5,2,0.042553
24,1946-01-05,1953-09-12,5,6,3,0.06383
24,1946-01-05,1953-09-12,5,7,7,0.148936
24,1946-01-05,1953-09-12,5,8,4,0.085106
24,1946-01-05,1953-09-12,5,9,8,0.170213
24,1946-01-05,1953-09-12,6,1,4,0.117647
24,1946-01-05,1953-09-12,6,2,3,0.088235
24,1946-01-05,1953-09-12,6,3,1,0.029412
24,1946-01-05,1953-09-12,6,4,7,0.205882
24,1946-01-05,1953-09-12,6,5,1,0.029412
24,1946-01-05,1953-09-12,6,6,7,0.205882
24,1946-01-05,1953-09-12,6,7,6,0.176471
24,1946-01-05,1953-09-12,6,8,2,0.058824
24,1946-01-05,1953-09-12,6,9,3,0.088235
24,1946-01-05,1953-09-12,7,1,6,0.117647
24,1946-01-05,1953-09-12,7,2,3,0.058824
24,1946-01-05,1953-09-12,7,3,12,0.235294
24,1946-01-05,1953-09-12,7,4,6,0.117647
24,1946-01-05,1953-09-12,7,5,4,0.078431
24,1946-01-05,1953-09-12,7,6,4,0.078431
24,1946-01-05,1953-09-12,7,7,4,0.078431
24,1946-01-05,1953-09-12,7,8,8,0.156863
24,1946-01-05,1953-09-12,7,9,4,0.078431
24,1946-01-05,1953-09-12,8,1,6,0.130435
24,1946-01-05,1953-09-12,8,2,5,0.108696
24,1946-01-05,1953-09-12,8,3,5,0.108696
24,1946-01-05,1953-09-12,8,4,3,0.065217
24,1946-01-05,1953-09-12,8,5,10,0.217391
24,1946-01-05,1953-09-12,8,6,5,0.108696
24,1946-01-05,1953-09-12,8,7,5,0.108696
24,1946-01-05,1953-09-12,8,8,2,0.043478
24,1946-01-05,1953-09-12,8,9,5,0.108696
24,1946-01-05,1953-09-12,9,1,1,0.028571
24,1946-01-05,1953-09-12,9,2,6,0.171429
24,1946-01-05,1953-09-12,9,3,5,0.142857
24,1946-01-05,1953-09-12,9,4,5,0.142857
24,1946-01-05,1953-09-12,9,5,4,0.114286
24,1946-01-05,1953-09-12,9,6,2,0.057143
24,1946-01-05,1953-09-12,9,7,4,0.114286
24,1946-01-05,1953-09-12,9,8,6,0.171429
24,1946-01-05,1953-09-12,9,9,2,0.057143
25,1947-12-13,1955-08-13,1,1,6,0.130435
25,1947-12-13,1955-08-13,1,2,6,0.130435
25,1947-12-13,1955-08-13,1,3,3,0.065217
25,1947-12-13,1955-08-13,1,4,8,0.173913
25,1947-12-13,1955-08-13,1,5,10,0.217391
25,1947-12-13,1955-08-13,1,6,2,0.043478
25,1947-12-13,1955-08-13,1,7,5,0.108696
25,1947-12-13,1955-08-13,1,8,1,0.021739
25,1947-12-13,1955-08-13,1,9,5,0.108696
25,1947-12-13,1955-08-13,2,1,9,0.176471
25,1947-12-13,1955-08-13,2,2,7,0.137255
25,1947-12-13,1955-08-13,2,3,4,0.078431
25,1947-12-13,1955-08-13,2,4,1,0.019608
25,1947-12-13,1955-08-13,2,5,6,0.117647
25,1947-12-13,1955-08-13,2,6,4,0.078431
25,1947-12-13,1955-08-13,2,7,6,0.117647
25,1947-12-13,1955-08-13,2,8,9,0.176471
25,1947-12-13,1955-08-13,2,9,5,0.098039
25,1947-12-13,1955-08-13,3,1,9,0.191489
25,1947-12-13,1955-08-13,3,2,4,0.085106
25,1947-12-13,1955-08-13,3,3,6,0.12766
25,1947-12-13,1955-08-13,3,4,8,0.170213
25,1947-12-13,1955-08-13,3,5,7,0.148936
25,1947-12-13,1955-08-13,3,6,2,0.042553
25,1947-12-13,1955-08-13,3,7,4,0.085106
25,1947-12-13,1955-08-13,3,8,5,0.106383
25,1947-12-13,1955-08-13,3,9,2,0.042553
25,1947-12-13,1955-08-13,4,1,4,0.085106
25,1947-12-13,1955-08-13,4,2,6,0.12766
25,1947-12-13,1955-08-13,4,3,6,0.12766
25,1947-12-13,1955-08-13,4,4,7,0.148936
25,1947-12-13,1955-08-13,4,5,5,0.106383
25,1947-12-13,1955-08-13,4,6,5,0.106383
25,1947-12-13,1955-08-13,4,7,3,0.06383
25,1947-12-13,1955-08-13,4,8,4,0.085106
25,1947-12-13,1955-08-13,4,9,7,0.148936
25,1947-12-13,1955-08-13,5,1,7,0.152174
25,1947-12-13,1955-08-13,5,2,7,0.152174
25,1947-12-13,1955-08-13,5,3,7,0.152174
25,1947-12-13,1955-08-13,5,4,3,0.065217
25,1947-12-13,1955-08-13,5,5,1,0.021739
25,1947-12-13,1955-08-13,5,6,3,0.065217
25,1947-12-13,1955-08-13,5,7,7,0.152174
25,1947-12-13,1955-08-13,5,8,3,0.065217
25,1947-12-13,1955-08-13,5,9,8,0.173913
25,1947-12-13,1955-08-13,6,1,4,0.117647
25,1947-12-13,1955-08-13,6,2,5,0.147059
25,1947-12-13,1955-08-13,6,3,2,0.058824
25,1947-12-13,1955-08-13,6,4,6,0.176471
25,1947-12-13,1955-08-13,6,5,1,0.029412
25,1947-12-13,1955-08-13,6,6,5,0.147059
25,1947-12-13,1955-08-13,6,7,4,0.117647
25,1947-12-13,1955-08-13,6,8,2,0.058824
25,1947-12-13,1955-08-13,6,9,5,0.147059
25,1947-12-13,1955-08-13,7,1,4,0.085106
25,1947-12-13,1955-08-13,7,2,5,0.106383
25,1947-12-13,1955-08-13,7,3,10,0.212766
25,1947-12-13,1955-08-13,7,4,5,0.106383
25,1947-12-13,1955-08-13,7,5,4,0.085106
25,1947-12-13,1955-08-13,7,6,3,0.06383
25,1947-12-13,1955-08-13,7,7,5,0.106383
25,1947-12-13,1955-08-13,7,8,8,0.170213
25,1947-12-13,1955-08-13,7,9,3,0.06383
25,1947-12-13,1955-08-13,8,1,4,0.097561
25,1947-12-13,1955-08-13,8,2,4,0.097561
25,1947-12-13,1955-08-13,8,3,3,0.073171
25,1947-12-13,1955-08-13,8,4,2,0.04878
25,1947-12-13,1955-08-13,8,5,9,0.219512
25,1947-12-13,1955-08-13,8,6,6,0.146341
25,1947-12-13,1955-08-13,8,7,5,0.121951
25,1947-12-13,1955-08-13,8,8,4,0.097561
25,1947-12-13,1955-08-13,8,9,4,0.097561
25,1947-12-13,1955-08-13,9,1,0,0.0
25,1947-12-13,1955-08-13,9,2,7,0.170732
25,1947-12-13,1955-08-13,9,3,6,0.146341
25,1947-12-13,1955-08-13,9,4,7,0.170732
25,1947-12-13,1955-08-13,9,5,3,0.073171
25,1947-12-13,1955-08-13,9,6,4,0.097561
25,1947-12-13,1955-08-13,9,7,7,0.170732
25,1947-12-13,1955-08-13,9,8,5,0.121951
25,1947-12-13,1955-08-13,9,9,2,0.04878
26,1949-11-12,1957-07-13,1,1,6,0.139535
26,1949-11-12,1957-07-13,1,2,5,0.116279
26,1949-11-12,1957-07-13,1,3,7,0.162791
26,1949-11-12,1957-07-13,1,4,6,0.139535
26,1949-11-12,1957-07-13,1,5,7,0.162791
26,1949-11-12,1957-07-13,1,6,3,0.069767
26,1949-11-12,1957-07-13,1,7,3,0.069767
26,1949-11-12,1957-07-13,1,8,2,0.046512
26,1949-11-12,1957-07-13,1,9,4,0.093023
26,1949-11-12,1957-07-13,2,1,8,0.163265
26,1949-11-12,1957-07-13,2,2,7,0.142857
26,1949-11-12,1957-07-13,2,3,5,0.102041
26,1949-11-12,1957-07-13,2,4,1,0.020408
26,1949-11-12,1957-07-13,2,5,5,0.102041
26,1949-11-12,1957-07-13,2,6,3,0.061224
26,1949-11-12,1957-07-13,2,7,8,0.163265
26,1949-11-12,1957-07-13,2,8,7,0.142857
26,1949-11-12,1957-07-13,2,9,5,0.102041
26,1949-11-12,1957-07-13,3,1,9,0.18
26,1949-11-12,1957-07-13,3,2,3,0.06
26,1949-11-12,1957-07-13,3,3,6,0.12
26,1949-11-12,1957-07-13,3,4,10,0.2
26,1949-11-12,1957-07-13,3,5,8,0.16
26,1949-11-12,1957-07-13,3,6,3,0.06
26,1949-11-12,1957-07-13,3,7,3,0.06
26,1949-11-12,1957-07-13,3,8,6,0.12
26,1949-11-12,1957-07-13,3,9,2,0.04
26,1949-11-12,1957-07-13,4,1,5,0.096154
26,1949-11-12,1957-07-13,4,2,6,0.115385
26,1949-11-12,1957-07-13,4,3,6,0.115385
26,1949-11-12,1957-07-13,4,4,8,0.153846
26,1949-11-12,1957-07-13,4,5,6,0.115385
26,1949-11-12,1957-07-13,4,6,7,0.134615
26,1949-11-12,1957-07-13,4,7,3,0.057692
26,1949-11-12,1957-07-13,4,8,4,0.076923
26,1949-11-12,1957-07-13,4,9,7,0.134615
26,1949-11-12,1957-07-13,5,1,5,0.125
26,1949-11-12,1957-07-13,5,2,7,0.175
26,1949-11-12,1957-07-13,5,3,5,0.125
26,1949-11-12,1957-07-13,5,4,5,0.125
26,1949-11-12,1957-07-13,5,5,1,0.025
26,1949-11-12,1957-07-13,5,6,3,0.075
26,1949-11-12,1957-07-13,5,7,5,0.125
26,1949-11-12,1957-07-13,5,8,2,0.05
26,1949-11-12,1957-07-13,5,9,7,0.175
26,1949-11-12,1957-07-13,6,1,3,0.078947
26,1949-11-12,1957-07-13,6,2,4,0.105263
26,1949-11-12,1957-07-13,6,3,4,0.105263
26,1949-11-12,1957-07-13,6,4,6,0.157895
26,1949-11-12,1957-07-13,6,5,3,0.078947
26,1949-11-12,1957-07-13,6,6,4,0.105263
26,1949-11-12,1957-07-13,6,7,5,0.131579
26,1949-11-12,1957-07-13,6,8,3,0.078947
26,1949-11-12,1957-07-13,6,9,6,0.157895
26,1949-11-12,1957-07-13,7,1,2,0.045455
26,1949-11-12,1957-07-13,7,2,7,0.159091
26,1949-11-12,1957-07-13,7,3,8,0.181818
26,1949-11-12,1957-07-13,7,4,6,0.136364
26,1949-11-12,1957-07-13,7,5,1,0.022727
26,1949-11-12,1957-07-13,7,6,3,0.068182
26,1949-11-12,1957-07-13,7,7,6,0.136364
26,1949-11-12,1957-07-13,7,8,7,0.159091
26,1949-11-12,1957-07-13,7,9,4,0.090909
26,1949-11-12,1957-07-13,8,1,3,0.069767
26,1949-11-12,1957-07-13,8,2,4,0.093023
26,1949-11-12,1957-07-13,8,3,4,0.093023
26,1949-11-12,1957-07-13,8,4,3,0.069767
26,1949-11-12,1957-07-13,8,5,7,0.162791
26,1949-11-12,1957-07-13,8,6,8,0.186047
26,1949-11-12,1957-07-13,8,7,4,0.093023
26,1949-11-12,1957-07-13,8,8,7,0.162791
26,1949-11-12,1957-07-13,8,9,3,0.069767
26,1949-11-12,1957-07-13,9,1,2,0.04878
26,1949-11-12,1957-07-13,9,2,6,0.146341
26,1949-11-12,1957-07-13,9,3,5,0.121951
26,1949-11-12,1957-07-13,9,4,7,0.170732
26,1949-11-12,1957-07-13,9,5,2,0.04878
26,1949-11-12,1957-07-13,9,6,5,0.121951
26,1949-11-12,1957-07-13,9,7,7,0.170732
26,1949-11-12,1957-07-13,9,8,4,0.097561
26,1949-11-12,1957-07-13,9,9,3,0.073171
27,1951-10-13,1959-06-13,1,1,9,0.214286
27,1951-10-13,1959-06-13,1,2,5,0.119048
27,1951-10-13,1959-06-13,1,3,7,0.166667
27,1951-10-13,1959-06-13,1,4,5,0.119048
27,1951-10-13,1959-06-13,1,5,6,0.142857
27,1951-10-13,1959-06-13,1,6,3,0.071429
27,1951-10-13,1959-06-13,1,7,2,0.047619
27,1951-10-13,1959-06-13,1,8,1,0.02381
27,1951-10-13,1959-06-13,1,9,4,0.095238
27,1951-10-13,1959-06-13,2,1,6,0.133333
27,1951-10-13,1959-06-13,2,2,7,0.155556
27,1951-10-13,1959-06-13,2,3,4,0.088889
27,1951-10-13,1959-06-13,2,4,2,0.044444
27,1951-10-13,1959-06-13,2,5,4,0.088889
27,1951-10-13,1959-06-13,2,6,4,0.088889
27,1951-10-13,1959-06-13,2,7,6,0.133333
27,1951-10-13,1959-06-13,2,8,7,0.155556
27,1951-10-13,1959-06-13,2,9,5,0.111111
27,1951-10-13,1959-06-13,3,1,6,0.101695
27,1951-10-13,1959-06-13,3,2,5,0.084746
27,1951-10-13,1959-06-13,3,3,9,0.152542
27,1951-10-13,1959-06-13,3,4,8,0.135593
27,1951-10-13,1959-06-13,3,5,8,0.135593
27,1951-10-13,1959-06-13,3,6,3,0.050847
27,1951-10-13,1959-06-13,3,7,7,0.118644
27,1951-10-13,1959-06-13,3,8,7,0.118644
27,1951-10-13,1959-06-13,3,9,6,0.101695
27,1951-10-13,1959-06-13,4,1,5,0.111111
27,1951-10-13,1959-06-13,4,2,4,0.088889
27,1951-10-13,1959-06-13,4,3,6,0.133333
27,1951-10-13,1959-06-13,4,4,8,0.177778
27,1951-10-13,1959-06-13,4,5,4,0.088889
27,1951-10-13,1959-06-13,4,6,7,0.155556
27,1951-10-13,1959-06-13,4,7,2,0.044444
27,1951-10-13,1959-06-13,4,8,4,0.088889
27,1951-10-13,1959-06-13,4,9,5,0.111111
27,1951-10-13,1959-06-13,5,1,4,0.111111
27,1951-10-13,1959-06-13,5,2,4,0.111111
27,1951-10-13,1959-06-13,5,3,6,0.166667
27,1951-10-13,1959-06-13,5,4,4,0.111111
27,1951-10-13,1959-06-13,5,5,1,0.027778
27,1951-10-13,1959-06-13,5,6,6,0.166667
27,1951-10-13,1959-06-13,5,7,2,0.055556
27,1951-10-13,1959-06-13,5,8,3,0.083333
27,1951-10-13,1959-06-13,5,9,6,0.166667
27,1951-10-13,1959-06-13,6,1,4,0.088889
27,1951-10-13,1959-06-13,6,2,4,0.088889
27,1951-10-13,1959-06-13,6,3,9,0.2
27,1951-10-13,1959-06-13,6,4,5,0.111111
27,1951-10-13,1959-06-13,6,5,3,0.066667
27,1951-10-13,1959-06-13,6,6,4,0.088889
27,1951-10-13,1959-06-13,6,7,5,0.111111
27,1951-10-13,1959-06-13,6,8,5,0.111111
27,1951-10-13,1959-06-13,6,9,6,0.133333
27,1951-10-13,1959-06-13,7,1,3,0.071429
27,1951-10-13,1959-06-13,7,2,8,0.190476
27,1951-10-13,1959-06-13,7,3,9,0.214286
27,1951-10-13,1959-06-13,7,4,4,0.095238
27,1951-10-13,1959-06-13,7,5,3,0.071429
27,1951-10-13,1959-06-13,7,6,2,0.047619
27,1951-10-13,1959-06-13,7,7,5,0.119048
27,1951-10-13,1959-06-13,7,8,5,0.119048
27,1951-10-13,1959-06-13,7,9,3,0.071429
27,1951-10-13,1959-06-13,8,1,3,0.069767
27,1951-10-13,1959-06-13,8,2,4,0.093023
27,1951-10-13,1959-06-13,8,3,2,0.046512
27,1951-10-13,1959-06-13,8,4,2,0.046512
27,1951-10-13,1959-06-13,8,5,6,0.139535
27,1951-10-13,1959-06-13,8,6,8,0.186047
27,1951-10-13,1959-06-13,8,7,5,0.116279
27,1951-10-13,1959-06-13,8,8,7,0.162791
27,1951-10-13,1959-06-13,8,9,6,0.139535
27,1951-10-13,1959-06-13,9,1,3,0.069767
27,1951-10-13,1959-06-13,9,2,4,0.093023
27,1951-10-13,1959-06-13,9,3,7,0.162791
27,1951-10-13,1959-06-13,9,4,7,0.162791
27,1951-10-13,1959-06-13,9,5,1,0.023256
27,1951-10-13,1959-06-13,9,6,7,0.162791
27,1951-10-13,1959-06-13,9,7,8,0.186047
27,1951-10-13,1959-06-13,9,8,4,0.093023
27,1951-10-13,1959-06-13,9,9,2,0.046512
28,1953-09-12,1961-05-13,1,1,5,0.116279
28,1953-09-12,1961-05-13,1,2,3,0.069767
28,1953-09-12,1961-05-13,1,3,6,0.139535
28,1953-09-12,1961-05-13,1,4,8,0.186047
28,1953-09-12,1961-05-13,1,5,7,0.162791
28,1953-09-12,1961-05-13,1,6,3,0.069767
28,1953-09-12,1961-05-13,1,7,3,0.069767
28,1953-09-12,1961-05-13,1,8,3,0.069767
28,1953-09-12,1961-05-13,1,9,5,0.116279
28,1953-09-12,1961-05-13,2,1,6,0.157895
28,1953-09-12,1961-05-13,2,2,5,0.131579
28,1953-09-12,1961-05-13,2,3,5,0.131579
28,1953-09-12,1961-05-13,2,4,3,0.078947
28,1953-09-12,1961-05-13,2,5,3,0.078947
28,1953-09-12,1961-05-13,2,6,5,0.131579
28,1953-09-12,1961-05-13,2,7,3,0.078947
28,1953-09-12,1961-05-13,2,8,4,0.105263
28,1953-09-12,1961-05-13,2,9,4,0.105263
28,1953-09-12,1961-05-13,3,1,7,0.118644
28,1953-09-12,1961-05-13,3,2,8,0.135593
28,1953-09-12,1961-05-13,3,3,11,0.186441
28,1953-09-12,1961-05-13,3,4,4,0.067797
28,1953-09-12,1961-05-13,3,5,8,0.135593
28,1953-09-12,1961-05-13,3,6,2,0.033898
28,1953-09-12,1961-05-13,3,7,5,0.084746
28,1953-09-12,1961-05-13,3,8,8,0.135593
28,1953-09-12,1961-05-13,3,9,6,0.101695
28,1953-09-12,1961-05-13,4,1,5,0.119048
28,1953-09-12,1961-05-13,4,2,3,0.071429
28,1953-09-12,1961-05-13,4,3,7,0.166667
28,1953-09-12,1961-05-13,4,4,5,0.119048
28,1953-09-12,1961-05-13,4,5,5,0.119048
28,1953-09-12,1961-05-13,4,6,7,0.166667
28,1953-09-12,1961-05-13,4,7,2,0.047619
28,1953-09-12,1961-05-13,4,8,3,0.071429
28,1953-09-12,1961-05-13,4,9,5,0.119048
28,1953-09-12,1961-05-13,5,1,6,0.146341
28,1953-09-12,1961-05-13,5,2,1,0.02439
28,1953-09-12,1961-05-13,5,3,6,0.146341
28,1953-09-12,1961-05-13,5,4,4,0.097561
28,1953-09-12,1961-05-13,5,5,1,0.02439
28,1953-09-12,1961-05-13,5,6,8,0.195122
28,1953-09-12,1961-05-13,5,7,4,0.097561
28,1953-09-12,1961-05-13,5,8,6,0.146341
28,1953-09-12,1961-05-13,5,9,5,0.121951
28,1953-09-12,1961-05-13,6,1,4,0.083333
28,1953-09-12,1961-05-13,6,2,4,0.083333
28,1953-09-12,1961-05-13,6,3,10,0.208333
28,1953-09-12,1961-05-13,6,4,4,0.083333
28,1953-09-12,1961-05-13,6,5,3,0.0625
28,1953-09-12,1961-05-13,6,6,4,0.083333
28,1953-09-12,1961-05-13,6,7,6,0.125
28,1953-09-12,1961-05-13,6,8,6,0.125
28,1953-09-12,1961-05-13,6,9,7,0.145833
28,1953-09-12,1961-05-13,7,1,3,0.071429
28,1953-09-12,1961-05-13,7,2,8,0.190476
28,1953-09-12,1961-05-13,7,3,6,0.142857
28,1953-09-12,1961-05-13,7,4,5,0.119048
28,1953-09-12,1961-05-13,7,5,6,0.142857
28,1953-09-12,1961-05-13,7,6,3,0.071429
28,1953-09-12,1961-05-13,7,7,5,0.119048
28,1953-09-12,1961-05-13,7,8,4,0.095238
28,1953-09-12,1961-05-13,7,9,2,0.047619
28,1953-09-12,1961-05-13,8,1,3,0.066667
28,1953-09-12,1961-05-13,8,2,3,0.066667
28,1953-09-12,1961-05-13,8,3,3,0.066667
28,1953-09-12,1961-05-13,8,4,3,0.066667
28,1953-09-12,1961-05-13,8,5,7,0.155556
28,1953-09-12,1961-05-13,8,6,7,0.155556
28,1953-09-12,1961-05-13,8,7,6,0.133333
28,1953-09-12,1961-05-13,8,8,7,0.155556
28,1953-09-12,1961-05-13,8,9,6,0.133333
28,1953-09-12,1961-05-13,9,1,4,0.095238
28,1953-09-12,1961-05-13,9,2,3,0.071429
28,1953-09-12,1961-05-13,9,3,6,0.142857
28,1953-09-12,1961-05-13,9,4,5,0.119048
28,1953-09-12,1961-05-13,9,5,1,0.02381
28,1953-09-12,1961-05-13,9,6,9,0.214286
28,1953-09-12,1961-05-13,9,7,8,0.190476
28,1953-09-12,1961-05-13,9,8,4,0.095238
28,1953-09-12,1961-05-13,9,9,2,0.047619
29,1955-08-13,1963-04-20,1,1,7,0.162791
29,1955-08-13,1963-04-20,1,2,2,0.046512
29,1955-08-13,1963-04-20,1,3,7,0.162791
29,1955-08-13,1963-04-20,1,4,7,0.162791
29,1955-08-13,1963-04-20,1,5,4,0.093023
29,1955-08-13,1963-04-20,1,6,5,0.116279
29,1955-08-13,1963-04-20,1,7,2,0.046512
29,1955-08-13,1963-04-20,1,8,5,0.116279
29,1955-08-13,1963-04-20,1,9,4,0.093023
29,1955-08-13,1963-04-20,2,1,1,0.028571
29,1955-08-13,1963-04-20,2,2,6,0.171429
29,1955-08-13,1963-04-20,2,3,6,0.171429
29,1955-08-13,1963-04-20,2,4,4,0.114286
29,1955-08-13,1963-04-20,2,5,2,0.057143
29,1955-08-13,1963-04-20,2,6,5,0.142857
29,1955-08-13,1963-04-20,2,7,2,0.057143
29,1955-08-13,1963-04-20,2,8,5,0.142857
29,1955-08-13,1963-04-20,2,9,4,0.114286
29,1955-08-13,1963-04-20,3,1,7,0.116667
29,1955-08-13,1963-04-20,3,2,8,0.133333
29,1955-08-13,1963-04-20,3,3,11,0.183333
29,1955-08-13,1963-04-20,3,4,3,0.05
29,1955-08-13,1963-04-20,3,5,7,0.116667
29,1955-08-13,1963-04-20,3,6,5,0.083333
29,1955-08-13,1963-04-20,3,7,6,0.1
29,1955-08-13,1963-04-20,3,8,9,0.15
29,1955-08-13,1963-04-20,3,9,4,0.066667
29,1955-08-13,1963-04-20,4,1,4,0.088889
29,1955-08-13,1963-04-20,4,2,3,0.066667
29,1955-08-13,1963-04-20,4,3,4,0.088889
29,1955-08-13,1963-04-20,4,4,7,0.155556
29,1955-08-13,1963-04-20,4,5,5,0.111111
29,1955-08-13,1963-04-20,4,6,8,0.177778
29,1955-08-13,1963-04-20,4,7,4,0.088889
29,1955-08-13,1963-04-20,4,8,5,0.111111
29,1955-08-13,1963-04-20,4,9,5,0.111111
29,1955-08-13,1963-04-20,5,1,4,0.097561
29,1955-08-13,1963-04-20,5,2,2,0.04878
29,1955-08-13,1963-04-20,5,3,5,0.121951
29,1955-08-13,1963-04-20,5,4,7,0.170732
29,1955-08-13,1963-04-20,5,5,1,0.02439
29,1955-08-13,1963-04-20,5,6,6,0.146341
29,1955-08-13,1963-04-20,5,7,4,0.097561
29,1955-08-13,1963-04-20,5,8,6,0.146341
29,1955-08-13,1963-04-20,5,9,6,0.146341
29,1955-08-13,1963-04-20,6,1,4,0.08
29,1955-08-13,1963-04-20,6,2,4,0.08
29,1955-08-13,1963-04-20,6,3,12,0.24
29,1955-08-13,1963-04-20,6,4,4,0.08
29,1955-08-13,1963-04-20,6,5,6,0.12
29,1955-08-13,1963-04-20,6,6,5,0.1
29,1955-08-13,1963-04-20,6,7,6,0.12
29,1955-08-13,1963-04-20,6,8,5,0.1
29,1955-08-13,1963-04-20,6,9,4,0.08
29,1955-08-13,1963-04-20,7,1,4,0.097561
29,1955-08-13,1963-04-20,7,2,5,0.121951
29,1955-08-13,1963-04-20,7,3,6,0.146341
29,1955-08-13,1963-04-20,7,4,6,0.146341
29,1955-08-13,1963-04-20,7,5,7,0.170732
29,1955-08-13,1963-04-20,7,6,2,0.04878
29,1955-08-13,1963-04-20,7,7,5,0.121951
29,1955-08-13,1963-04-20,7,8,4,0.097561
29,1955-08-13,1963-04-20,7,9,2,0.04878
29,1955-08-13,1963-04-20,8,1,7,0.145833
29,1955-08-13,1963-04-20,8,2,2,0.041667
29,1955-08-13,1963-04-20,8,3,3,0.0625
29,1955-08-13,1963-04-20,8,4,4,0.083333
29,1955-08-13,1963-04-20,8,5,8,0.166667
29,1955-08-13,1963-04-20,8,6,6,0.125
29,1955-08-13,1963-04-20,8,7,6,0.125
29,1955-08-13,1963-04-20,8,8,5,0.104167
29,1955-08-13,1963-04-20,8,9,7,0.145833
29,1955-08-13,1963-04-20,9,1,4,0.108108
29,1955-08-13,1963-04-20,9,2,3,0.081081
29,1955-08-13,1963-04-20,9,3,7,0.189189
29,1955-08-13,1963-04-20,9,4,3,0.081081
29,1955-08-13,1963-04-20,9,5,1,0.027027
29,1955-08-13,1963-04-20,9,6,8,0.216216
29,1955-08-13,1963-04-20,9,7,6,0.162162
29,1955-08-13,1963-04-20,9,8,4,0.108108
29,1955-08-13,1963-04-20,9,9,1,0.027027
30,1957-07-13,1965-03-20,1,1,6,0.157895
30,1957-07-13,1965-03-20,1,2,2,0.052632
30,1957-07-13,1965-03-20,1,3,4,0.105263
30,1957-07-13,1965-03-20,1,4,6,0.157895
30,1957-07-13,1965-03-20,1,5,5,0.131579
30,1957-07-13,1965-03-20,1,6,4,0.105263
30,1957-07-13,1965-03-20,1,7,3,0.078947
30,1957-07-13,1965-03-20,1,8,4,0.105263
30,1957-07-13,1965-03-20,1,9,4,0.105263
30,1957-07-13,1965-03-20,2,1,1,0.025641
30,1957-07-13,1965-03-20,2,2,7,0.179487
30,1957-07-13,1965-03-20,2,3,5,0.128205
30,1957-07-13,1965-03-20,2,4,4,0.102564
30,1957-07-13,1965-03-20,2,5,2,0.051282
30,1957-07-13,1965-03-20,2,6,7,0.179487
30,1957-07-13,1965-03-20,2,7,3,0.076923
30,1957-07-13,1965-03-20,2,8,6,0.153846
30,1957-07-13,1965-03-20,2,9,4,0.102564
30,1957-07-13,1965-03-20,3,1,6,0.1
30,1957-07-13,1965-03-20,3,2,7,0.116667
30,1957-07-13,1965-03-20,3,3,13,0.216667
30,1957-07-13,1965-03-20,3,4,1,0.016667
30,1957-07-13,1965-03-20,3,5,4,0.066667
30,1957-07-13,1965-03-20,3,6,5,0.083333
30,1957-07-13,1965-03-20,3,7,8,0.133333
30,1957-07-13,1965-03-20,3,8,9,0.15
30,1957-07-13,1965-03-20,3,9,7,0.116667
30,1957-07-13,1965-03-20,4,1,2,0.04878
30,1957-07-13,1965-03-20,4,2,2,0.04878
30,1957-07-13,1965-03-20,4,3,7,0.170732
30,1957-07-13,1965-03-20,4,4,7,0.170732
30,1957-07-13,1965-03-20,4,5,4,0.097561
30,1957-07-13,1965-03-20,4,6,8,0.195122
30,1957-07-13,1965-03-20,4,7,4,0.097561
30,1957-07-13,1965-03-20,4,8,3,0.073171
30,1957-07-13,1965-03-20,4,9,4,0.097561
30,1957-07-13,1965-03-20,5,1,4,0.095238
30,1957-07-13,1965-03-20,5,2,3,0.071429
30,1957-07-13,1965-03-20,5,3,4,0.095238
30,1957-07-13,1965-03-20,5,4,6,0.142857
30,1957-07-13,1965-03-20,5,5,2,0.047619
30,1957-07-13,1965-03-20,5,6,7,0.166667
30,1957-07-13,1965-03-20,5,7,4,0.095238
30,1957-07-13,1965-03-20,5,8,6,0.142857
30,1957-07-13,1965-03-20,5,9,6,0.142857
30,1957-07-13,1965-03-20,6,1,7,0.12963
30,1957-07-13,1965-03-20,6,2,7,0.12963
30,1957-07-13,1965-03-20,6,3,10,0.185185
30,1957-07-13,1965-03-20,6,4,6,0.111111
30,1957-07-13,1965-03-20,6,5,7,0.12963
30,1957-07-13,1965-03-20,6,6,5,0.092593
30,1957-07-13,1965-03-20,6,7,4,0.074074
30,1957-07-13,1965-03-20,6,8,5,0.092593
30,1957-07-13,1965-03-20,6,9,3,0.055556
30,1957-07-13,1965-03-20,7,1,4,0.095238
30,1957-07-13,1965-03-20,7,2,4,0.095238
30,1957-07-13,1965-03-20,7,3,6,0.142857
30,1957-07-13,1965-03-20,7,4,5,0.119048
30,1957-07-13,1965-03-20,7,5,7,0.166667
30,1957-07-13,1965-03-20,7,6,3,0.071429
30,1957-07-13,1965-03-20,7,7,6,0.142857
30,1957-07-13,1965-03-20,7,8,4,0.095238
30,1957-07-13,1965-03-20,7,9,3,0.071429
30,1957-07-13,1965-03-20,8,1,6,0.130435
30,1957-07-13,1965-03-20,8,2,2,0.043478
30,1957-07-13,1965-03-20,8,3,5,0.108696
30,1957-07-13,1965-03-20,8,4,2,0.043478
30,1957-07-13,1965-03-20,8,5,9,0.195652
30,1957-07-13,1965-03-20,8,6,7,0.152174
30,1957-07-13,1965-03-20,8,7,5,0.108696
30,1957-07-13,1965-03-20,8,8,4,0.086957
30,1957-07-13,1965-03-20,8,9,6,0.130435
30,1957-07-13,1965-03-20,9,1,2,0.052632
30,1957-07-13,1965-03-20,9,2,5,0.131579
30,1957-07-13,1965-03-20,9,3,6,0.157895
30,1957-07-13,1965-03-20,9,4,4,0.105263
30,1957-07-13,1965-03-20,9,5,2,0.052632
30,1957-07-13,1965-03-20,9,6,7,0.184211
30,1957-07-13,1965-03-20,9,7,5,0.131579
30,1957-07-13,1965-03-20,9,8,6,0.157895
30,1957-07-13,1965-03-20,9,9,1,0.026316
31,1959-06-13,1967-02-18,1,1,3,0.071429
31,1959-06-13,1967-02-18,1,2,4,0.095238
31,1959-06-13,1967-02-18,1,3,4,0.095238
31,1959-06-13,1967-02-18,1,4,5,0.119048
31,1959-06-13,1967-02-18,1,5,4,0.095238
31,1959-06-13,1967-02-18,1,6,7,0.166667
31,1959-06-13,1967-02-18,1,7,3,0.071429
31,1959-06-13,1967-02-18,1,8,5,0.119048
31,1959-06-13,1967-02-18,1,9,7,0.166667
31,1959-06-13,1967-02-18,2,1,1,0.025641
31,1959-06-13,1967-02-18,2,2,5,0.128205
31,1959-06-13,1967-02-18,2,3,7,0.179487
31,1959-06-13,1967-02-18,2,4,3,0.076923
31,1959-06-13,1967-02-18,2,5,2,0.051282
31,1959-06-13,1967-02-18,2,6,5,0.128205
31,1959-06-13,1967-02-18,2,7,6,0.153846
31,1959-06-13,1967-02-18,2,8,6,0.153846
31,1959-06-13,1967-02-18,2,9,4,0.102564
31,1959-06-13,1967-02-18,3,1,7,0.134615
31,1959-06-13,1967-02-18,3,2,5,0.096154
31,1959-06-13,1967-02-18,3,3,11,0.211538
31,1959-06-13,1967-02-18,3,4,1,0.019231
31,1959-06-13,1967-02-18,3,5,4,0.076923
31,1959-06-13,1967-02-18,3,6,6,0.115385
31,1959-06-13,1967-02-18,3,7,4,0.076923
31,1959-06-13,1967-02-18,3,8,9,0.173077
31,1959-06-13,1967-02-18,3,9,5,0.096154
31,1959-06-13,1967-02-18,4,1,4,0.102564
31,1959-06-13,1967-02-18,4,2,3,0.076923
31,1959-06-13,1967-02-18,4,3,6,0.153846
31,1959-06-13,1967-02-18,4,4,5,0.128205
31,1959-06-13,1967-02-18,4,5,3,0.076923
31,1959-06-13,1967-02-18,4,6,9,0.230769
31,1959-06-13,1967-02-18,4,7,3,0.076923
31,1959-06-13,1967-02-18,4,8,2,0.051282
31,1959-06-13,1967-02-18,4,9,4,0.102564
31,1959-06-13,1967-02-18,5,1,5,0.119048
31,1959-06-13,1967-02-18,5,2,4,0.095238
31,1959-06-13,1967-02-18,5,3,3,0.071429
31,1959-06-13,1967-02-18,5,4,7,0.166667
31,1959-06-13,1967-02-18,5,5,3,0.071429
31,1959-06-13,1967-02-18,5,6,4,0.095238
31,1959-06-13,1967-02-18,5,7,5,0.119048
31,1959-06-13,1967-02-18,5,8,6,0.142857
31,1959-06-13,1967-02-18,5,9,5,0.119048
31,1959-06-13,1967-02-18,6,1,7,0.137255
31,1959-06-13,1967-02-18,6,2,7,0.137255
31,1959-06-13,1967-02-18,6,3,6,0.117647
31,1959-06-13,1967-02-18,6,4,6,0.117647
31,1959-06-13,1967-02-18,6,5,8,0.156863
31,1959-06-13,1967-02-18,6,6,5,0.098039
31,1959-06-13,1967-02-18,6,7,5,0.098039
31,1959-06-13,1967-02-18,6,8,3,0.058824
31,1959-06-13,1967-02-18,6,9,4,0.078431
31,1959-06-13,1967-02-18,7,1,4,0.088889
31,1959-06-13,1967-02-18,7,2,3,0.066667
31,1959-06-13,1967-02-18,7,3,6,0.133333
31,1959-06-13,1967-02-18,7,4,4,0.088889
31,1959-06-13,1967-02-18,7,5,5,0.111111
31,1959-06-13,1967-02-18,7,6,3,0.066667
31,1959-06-13,1967-02-18,7,7,9,0.2
31,1959-06-13,1967-02-18,7,8,7,0.155556
31,1959-06-13,1967-02-18,7,9,4,0.088889
31,1959-06-13,1967-02-18,8,1,7,0.14
31,1959-06-13,1967-02-18,8,2,2,0.04
31,1959-06-13,1967-02-18,8,3,5,0.1
31,1959-06-13,1967-02-18,8,4,4,0.08
31,1959-06-13,1967-02-18,8,5,10,0.2
31,1959-06-13,1967-02-18,8,6,7,0.14
31,1959-06-13,1967-02-18,8,7,6,0.12
31,1959-06-13,1967-02-18,8,8,4,0.08
31,1959-06-13,1967-02-18,8,9,5,0.1
31,1959-06-13,1967-02-18,9,1,4,0.1
31,1959-06-13,1967-02-18,9,2,6,0.15
31,1959-06-13,1967-02-18,9,3,4,0.1
31,1959-06-13,1967-02-18,9,4,4,0.1
31,1959-06-13,1967-02-18,9,5,3,0.075
31,1959-06-13,1967-02-18,9,6,5,0.125
31,1959-06-13,1967-02-18,9,7,4,0.1
31,1959-06-13,1967-02-18,9,8,8,0.2
31,1959-06-13,1967-02-18,9,9,2,0.05
32,1961-05-13,1969-01-18,1,1,3,0.068182
32,1961-05-13,1969-01-18,1,2,5,0.113636
32,1961-05-13,1969-01-18,1,3,5,0.113636
32,1961-05-13,1969-01-18,1,4,4,0.090909
32,1961-05-13,1969-01-18,1,5,3,0.068182
32,1961-05-13,1969-01-18,1,6,8,0.181818
32,1961-05-13,1969-01-18,1,7,4,0.090909
32,1961-05-13,1969-01-18,1,8,5,0.113636
32,1961-05-13,1969-01-18,1,9,7,0.159091
32,1961-05-13,1969-01-18,2,1,0,0.0
32,1961-05-13,1969-01-18,2,2,7,0.159091
32,1961-05-13,1969-01-18,2,3,8,0.181818
32,1961-05-13,1969-01-18,2,4,3,0.068182
32,1961-05-13,1969-01-18,2,5,2,0.045455
32,1961-05-13,1969-01-18,2,6,3,0.068182
32,1961-05-13,1969-01-18,2,7,7,0.159091
32,1961-05-13,1969-01-18,2,8,6,0.136364
32,1961-05-13,1969-01-18,2,9,8,0.181818
32,1961-05-13,1969-01-18,3,1,6,0.117647
32,1961-05-13,1969-01-18,3,2,3,0.058824
32,1961-05-13,1969-01-18,3,3,9,0.176471
32,1961-05-13,1969-01-18,3,4,2,0.039216
32,1961-05-13,1969-01-18,3,5,5,0.098039
32,1961-05-13,1969-01-18,3,6,7,0.137255
32,1961-05-13,1969-01-18,3,7,3,0.058824
32,1961-05-13,1969-01-18,3,8,9,0.176471
32,1961-05-13,1969-01-18,3,9,7,0.137255
32,1961-05-13,1969-01-18,4,1,5,0.113636
32,1961-05-13,1969-01-18,4,2,5,0.113636
32,1961-05-13,1969-01-18,4,3,7,0.159091
32,1961-05-13,1969-01-18,4,4,7,0.159091
32,1961-05-13,1969-01-18,4,5,2,0.045455
32,1961-05-13,1969-01-18,4,6,8,0.181818
32,1961-05-13,1969-01-18,4,7,5,0.113636
32,1961-05-13,1969-01-18,4,8,3,0.068182
32,1961-05-13,1969-01-18,4,9,2,0.045455
32,1961-05-13,1969-01-18,5,1,5,0.125
32,1961-05-13,1969-01-18,5,2,6,0.15
32,1961-05-13,1969-01-18,5,3,3,0.075
32,1961-05-13,1969-01-18,5,4,7,0.175
32,1961-05-13,1969-01-18,5,5,5,0.125
32,1961-05-13,1969-01-18,5,6,4,0.1
32,1961-05-13,1969-01-18,5,7,3,0.075
32,1961-05-13,1969-01-18,5,8,4,0.1
32,1961-05-13,1969-01-18,5,9,3,0.075
32,1961-05-13,1969-01-18,6,1,7,0.148936
32,1961-05-13,1969-01-18,6,2,8,0.170213
32,1961-05-13,1969-01-18,6,3,7,0.148936
32,1961-05-13,1969-01-18,6,4,6,0.12766
32,1961-05-13,1969-01-18,6,5,8,0.170213
32,1961-05-13,1969-01-18,6,6,4,0.085106
32,1961-05-13,1969-01-18,6,7,4,0.085106
32,1961-05-13,1969-01-18,6,8,1,0.021277
32,1961-05-13,1969-01-18,6,9,2,0.042553
32,1961-05-13,1969-01-18,7,1,5,0.119048
32,1961-05-13,1969-01-18,7,2,2,0.047619
32,1961-05-13,1969-01-18,7,3,3,0.071429
32,1961-05-13,1969-01-18,7,4,5,0.119048
32,1961-05-13,1969-01-18,7,5,3,0.071429
32,1961-05-13,1969-01-18,7,6,3,0.071429
32,1961-05-13,1969-01-18,7,7,9,0.214286
32,1961-05-13,1969-01-18,7,8,7,0.166667
32,1961-05-13,1969-01-18,7,9,5,0.119048
32,1961-05-13,1969-01-18,8,1,7,0.148936
32,1961-05-13,1969-01-18,8,2,3,0.06383
32,1961-05-13,1969-01-18,8,3,5,0.106383
32,1961-05-13,1969-01-18,8,4,5,0.106383
32,1961-05-13,1969-01-18,8,5,7,0.148936
32,1961-05-13,1969-01-18,8,6,6,0.12766
32,1961-05-13,1969-01-18,8,7,4,0.085106
32,1961-05-13,1969-01-18,8,8,5,0.106383
32,1961-05-13,1969-01-18,8,9,5,0.106383
32,1961-05-13,1969-01-18,9,1,6,0.146341
32,1961-05-13,1969-01-18,9,2,5,0.121951
32,1961-05-13,1969-01-18,9,3,3,0.073171
32,1961-05-13,1969-01-18,9,4,5,0.121951
32,1961-05-13,1969-01-18,9,5,5,0.121951
32,1961-05-13,1969-01-18,9,6,4,0.097561
32,1961-05-13,1969-01-18,9,7,4,0.097561
32,1961-05-13,1969-01-18,9,8,7,0.170732
32,1961-05-13,1969-01-18,9,9,2,0.04878
33,1963-04-20,1970-12-19,1,1,2,0.046512
33,1963-04-20,1970-12-19,1,2,5,0.116279
33,1963-04-20,1970-12-19,1,3,3,0.069767
33,1963-04-20,1970-12-19,1,4,5,0.116279
33,1963-04-20,1970-12-19,1,5,5,0.116279
33,1963-04-20,1970-12-19,1,6,6,0.139535
33,1963-04-20,1970-12-19,1,7,5,0.116279
33,1963-04-20,1970-12-19,1,8,5,0.116279
33,1963-04-20,1970-12-19,1,9,7,0.162791
33,1963-04-20,1970-12-19,2,1,0,0.0
33,1963-04-20,1970-12-19,2,2,4,0.097561
33,1963-04-20,1970-12-19,2,3,7,0.170732
33,1963-04-20,1970-12-19,2,4,3,0.073171
33,1963-04-20,1970-12-19,2,5,5,0.121951
33,1963-04-20,1970-12-19,2,6,3,0.073171
33,1963-04-20,1970-12-19,2,7,9,0.219512
33,1963-04-20,1970-12-19,2,8,5,0.121951
33,1963-04-20,1970-12-19,2,9,5,0.121951
33,1963-04-20,1970-12-19,3,1,5,0.116279
33,1963-04-20,1970-12-19,3,2,2,0.046512
33,1963-04-20,1970-12-19,3,3,7,0.162791
33,1963-04-20,1970-12-19,3,4,3,0.069767
33,1963-04-20,1970-12-19,3,5,6,0.139535
33,1963-04-20,1970-12-19,3,6,4,0.093023
33,1963-04-20,1970-12-19,3,7,2,0.046512
33,1963-04-20,1970-12-19,3,8,6,0.139535
33,1963-04-20,1970-12-19,3,9,8,0.186047
33,1963-04-20,1970-12-19,4,1,5,0.113636
33,1963-04-20,1970-12-19,4,2,7,0.159091
33,1963-04-20,1970-12-19,4,3,8,0.181818
33,1963-04-20,1970-12-19,4,4,7,0.159091
33,1963-04-20,1970-12-19,4,5,4,0.090909
33,1963-04-20,1970-12-19,4,6,6,0.136364
33,1963-04-20,1970-12-19,4,7,3,0.068182
33,1963-04-20,1970-12-19,4,8,3,0.068182
33,1963-04-20,1970-12-19,4,9,1,0.022727
33,1963-04-20,1970-12-19,5,1,6,0.122449
33,1963-04-20,1970-12-19,5,2,6,0.122449
33,1963-04-20,1970-12-19,5,3,4,0.081633
33,1963-04-20,1970-12-19,5,4,5,0.102041
33,1963-04-20,1970-12-19,5,5,8,0.163265
33,1963-04-20,1970-12-19,5,6,5,0.102041
33,1963-04-20,1970-12-19,5,7,8,0.163265
33,1963-04-20,1970-12-19,5,8,4,0.081633
33,1963-04-20,1970-12-19,5,9,3,0.061224
33,1963-04-20,1970-12-19,6,1,6,0.142857
33,1963-04-20,1970-12-19,6,2,7,0.166667
33,1963-04-20,1970-12-19,6,3,3,0.071429
33,1963-04-20,1970-12-19,6,4,5,0.119048
33,1963-04-20,1970-12-19,6,5,6,0.142857
33,1963-04-20,1970-12-19,6,6,3,0.071429
33,1963-04-20,1970-12-19,6,7,7,0.166667
33,1963-04-20,1970-12-19,6,8,1,0.02381
33,1963-04-20,1970-12-19,6,9,4,0.095238
33,1963-04-20,1970-12-19,7,1,7,0.137255
33,1963-04-20,1970-12-19,7,2,3,0.058824
33,1963-04-20,1970-12-19,7,3,5,0.098039
33,1963-04-20,1970-12-19,7,4,5,0.098039
33,1963-04-20,1970-12-19,7,5,5,0.098039
33,1963-04-20,1970-12-19,7,6,5,0.098039
33,1963-04-20,1970-12-19,7,7,9,0.176471
33,1963-04-20,1970-12-19,7,8,6,0.117647
33,1963-04-20,1970-12-19,7,9,6,0.117647
33,1963-04-20,1970-12-19,8,1,4,0.090909
33,1963-04-20,1970-12-19,8,2,4,0.090909
33,1963-04-20,1970-12-19,8,3,4,0.090909
33,1963-04-20,1970-12-19,8,4,7,0.159091
33,1963-04-20,1970-12-19,8,5,7,0.159091
33,1963-04-20,1970-12-19,8,6,5,0.113636
33,1963-04-20,1970-12-19,8,7,5,0.113636
33,1963-04-20,1970-12-19,8,8,5,0.113636
33,1963-04-20,1970-12-19,8,9,3,0.068182
33,1963-04-20,1970-12-19,9,1,8,0.186047
33,1963-04-20,1970-12-19,9,2,3,0.069767
33,1963-04-20,1970-12-19,9,3,1,0.023256
33,1963-04-20,1970-12-19,9,4,4,0.093023
33,1963-04-20,1970-12-19,9,5,4,0.093023
33,1963-04-20,1970-12-19,9,6,5,0.116279
33,1963-04-20,1970-12-19,9,7,3,0.069767
33,1963-04-20,1970-12-19,9,8,9,0.209302
33,1963-04-20,1970-12-19,9,9,6,0.139535
34,1965-03-20,1972-11-18,1,1,3,0.066667
34,1965-03-20,1972-11-18,1,2,3,0.066667
34,1965-03-20,1972-11-18,1,3,3,0.066667
34,1965-03-20,1972-11-18,1,4,4,0.088889
34,1965-03-20,1972-11-18,1,5,5,0.111111
34,1965-03-20,1972-11-18,1,6,7,0.155556
34,1965-03-20,1972-11-18,1,7,5,0.111111
34,1965-03-20,1972-11-18,1,8,7,0.155556
34,1965-03-20,1972-11-18,1,9,8,0.177778
34,1965-03-20,1972-11-18,2,1,2,0.052632
34,1965-03-20,1972-11-18,2,2,4,0.105263
34,1965-03-20,1972-11-18,2,3,7,0.184211
34,1965-03-20,1972-11-18,2,4,4,0.105263
34,1965-03-20,1972-11-18,2,5,4,0.105263
34,1965-03-20,1972-11-18,2,6,3,0.078947
34,1965-03-20,1972-11-18,2,7,7,0.184211
34,1965-03-20,1972-11-18,2,8,3,0.078947
34,1965-03-20,1972-11-18,2,9,4,0.105263
34,1965-03-20,1972-11-18,3,1,4,0.108108
34,1965-03-20,1972-11-18,3,2,3,0.081081
34,1965-03-20,1972-11-18,3,3,4,0.108108
34,1965-03-20,1972-11-18,3,4,4,0.108108
34,1965-03-20,1972-11-18,3,5,7,0.189189
34,1965-03-20,1972-11-18,3,6,4,0.108108
34,1965-03-20,1972-11-18,3,7,1,0.027027
34,1965-03-20,1972-11-18,3,8,4,0.108108
34,1965-03-20,1972-11-18,3,9,6,0.162162
34,1965-03-20,1972-11-18,4,1,6,0.125
34,1965-03-20,1972-11-18,4,2,8,0.166667
34,1965-03-20,1972-11-18,4,3,5,0.104167
34,1965-03-20,1972-11-18,4,4,8,0.166667
34,1965-03-20,1972-11-18,4,5,5,0.104167
34,1965-03-20,1972-11-18,4,6,3,0.0625
34,1965-03-20,1972-11-18,4,7,4,0.083333
34,1965-03-20,1972-11-18,4,8,7,0.145833
34,1965-03-20,1972-11-18,4,9,2,0.041667
34,1965-03-20,1972-11-18,5,1,6,0.115385
34,1965-03-20,1972-11-18,5,2,8,0.153846
34,1965-03-20,1972-11-18,5,3,5,0.096154
34,1965-03-20,1972-11-18,5,4,6,0.115385
34,1965-03-20,1972-11-18,5,5,8,0.153846
34,1965-03-20,1972-11-18,5,6,3,0.057692
34,1965-03-20,1972-11-18,5,7,8,0.153846
34,1965-03-20,1972-11-18,5,8,3,0.057692
34,1965-03-20,1972-11-18,5,9,5,0.096154
34,1965-03-20,1972-11-18,6,1,3,0.083333
34,1965-03-20,1972-11-18,6,2,4,0.111111
34,1965-03-20,1972-11-18,6,3,5,0.138889
34,1965-03-20,1972-11-18,6,4,2,0.055556
34,1965-03-20,1972-11-18,6,5,5,0.138889
34,1965-03-20,1972-11-18,6,6,3,0.083333
34,1965-03-20,1972-11-18,6,7,8,0.222222
34,1965-03-20,1972-11-18,6,8,0,0.0
34,1965-03-20,1972-11-18,6,9,6,0.166667
34,1965-03-20,1972-11-18,7,1,8,0.142857
34,1965-03-20,1972-11-18,7,2,3,0.053571
34,1965-03-20,1972-11-18,7,3,5,0.089286
34,1965-03-20,1972-11-18,7,4,5,0.089286
34,1965-03-20,1972-11-18,7,5,6,0.107143
34,1965-03-20,1972-11-18,7,6,5,0.089286
34,1965-03-20,1972-11-18,7,7,11,0.196429
34,1965-03-20,1972-11-18,7,8,8,0.142857
34,1965-03-20,1972-11-18,7,9,5,0.089286
34,1965-03-20,1972-11-18,8,1,4,0.090909
34,1965-03-20,1972-11-18,8,2,4,0.090909
34,1965-03-20,1972-11-18,8,3,1,0.022727
34,1965-03-20,1972-11-18,8,4,9,0.204545
34,1965-03-20,1972-11-18,8,5,9,0.204545
34,1965-03-20,1972-11-18,8,6,4,0.090909
34,1965-03-20,1972-11-18,8,7,6,0.136364
34,1965-03-20,1972-11-18,8,8,4,0.090909
34,1965-03-20,1972-11-18,8,9,3,0.068182
34,1965-03-20,1972-11-18,9,1,9,0.204545
34,1965-03-20,1972-11-18,9,2,1,0.022727
34,1965-03-20,1972-11-18,9,3,2,0.045455
34,1965-03-20,1972-11-18,9,4,6,0.136364
34,1965-03-20,1972-11-18,9,5,4,0.090909
34,1965-03-20,1972-11-18,9,6,4,0.090909
34,1965-03-20,1972-11-18,9,7,6,0.136364
34,1965-03-20,1972-11-18,9,8,7,0.159091
34,1965-03-20,1972-11-18,9,9,5,0.113636
35,1967-02-18,1974-10-19,1,1,2,0.05
35,1967-02-18,1974-10-19,1,2,2,0.05
35,1967-02-18,1974-10-19,1,3,4,0.1
35,1967-02-18,1974-10-19,1,4,4,0.1
35,1967-02-18,1974-10-19,1,5,6,0.15
35,1967-02-18,1974-10-19,1,6,5,0.125
35,1967-02-18,1974-10-19,1,7,5,0.125
35,1967-02-18,1974-10-19,1,8,8,0.2
35,1967-02-18,1974-10-19,1,9,4,0.1
35,1967-02-18,1974-10-19,2,1,4,0.081633
35,1967-02-18,1974-10-19,2,2,8,0.163265
35,1967-02-18,1974-10-19,2,3,4,0.081633
35,1967-02-18,1974-10-19,2,4,4,0.081633
35,1967-02-18,1974-10-19,2,5,8,0.163265
35,1967-02-18,1974-10-19,2,6,4,0.081633
35,1967-02-18,1974-10-19,2,7,7,0.142857
35,1967-02-18,1974-10-19,2,8,4,0.081633
35,1967-02-18,1974-10-19,2,9,6,0.122449
35,1967-02-18,1974-10-19,3,1,4,0.102564
35,1967-02-18,1974-10-19,3,2,7,0.179487
35,1967-02-18,1974-10-19,3,3,4,0.102564
35,1967-02-18,1974-10-19,3,4,3,0.076923
35,1967-02-18,1974-10-19,3,5,6,0.153846
35,1967-02-18,1974-10-19,3,6,3,0.076923
35,1967-02-18,1974-10-19,3,7,2,0.051282
35,1967-02-18,1974-10-19,3,8,3,0.076923
35,1967-02-18,1974-10-19,3,9,7,0.179487
35,1967-02-18,1974-10-19,4,1,3,0.06
35,1967-02-18,1974-10-19,4,2,10,0.2
35,1967-02-18,1974-10-19,4,3,5,0.1
35,1967-02-18,1974-10-19,4,4,8,0.16
35,1967-02-18,1974-10-19,4,5,7,0.14
35,1967-02-18,1974-10-19,4,6,3,0.06
35,1967-02-18,1974-10-19,4,7,5,0.1
35,1967-02-18,1974-10-19,4,8,8,0.16
35,1967-02-18,1974-10-19,4,9,1,0.02
35,1967-02-18,1974-10-19,5,1,6,0.107143
35,1967-02-18,1974-10-19,5,2,7,0.125
35,1967-02-18,1974-10-19,5,3,8,0.142857
35,1967-02-18,1974-10-19,5,4,6,0.107143
35,1967-02-18,1974-10-19,5,5,9,0.160714
35,1967-02-18,1974-10-19,5,6,6,0.107143
35,1967-02-18,1974-10-19,5,7,7,0.125
35,1967-02-18,1974-10-19,5,8,2,0.035714
35,1967-02-18,1974-10-19,5,9,5,0.089286
35,1967-02-18,1974-10-19,6,1,2,0.057143
35,1967-02-18,1974-10-19,6,2,5,0.142857
35,1967-02-18,1974-10-19,6,3,5,0.142857
35,1967-02-18,1974-10-19,6,4,1,0.028571
35,1967-02-18,1974-10-19,6,5,4,0.114286
35,1967-02-18,1974-10-19,6,6,2,0.057143
35,1967-02-18,1974-10-19,6,7,8,0.228571
35,1967-02-18,1974-10-19,6,8,3,0.085714
35,1967-02-18,1974-10-19,6,9,5,0.142857
35,1967-02-18,1974-10-19,7,1,7,0.137255
35,1967-02-18,1974-10-19,7,2,4,0.078431
35,1967-02-18,1974-10-19,7,3,5,0.098039
35,1967-02-18,1974-10-19,7,4,8,0.156863
35,1967-02-18,1974-10-19,7,5,5,0.098039
35,1967-02-18,1974-10-19,7,6,6,0.117647
35,1967-02-18,1974-10-19,7,7,7,0.137255
35,1967-02-18,1974-10-19,7,8,5,0.098039
35,1967-02-18,1974-10-19,7,9,4,0.078431
35,1967-02-18,1974-10-19,8,1,6,0.139535
35,1967-02-18,1974-10-19,8,2,4,0.093023
35,1967-02-18,1974-10-19,8,3,2,0.046512
35,1967-02-18,1974-10-19,8,4,11,0.255814
35,1967-02-18,1974-10-19,8,5,6,0.139535
35,1967-02-18,1974-10-19,8,6,3,0.069767
35,1967-02-18,1974-10-19,8,7,5,0.116279
35,1967-02-18,1974-10-19,8,8,5,0.116279
35,1967-02-18,1974-10-19,8,9,1,0.023256
35,1967-02-18,1974-10-19,9,1,6,0.162162
35,1967-02-18,1974-10-19,9,2,2,0.054054
35,1967-02-18,1974-10-19,9,3,2,0.054054
35,1967-02-18,1974-10-19,9,4,5,0.135135
35,1967-02-18,1974-10-19,9,5,5,0.135135
35,1967-02-18,1974-10-19,9,6,3,0.081081
35,1967-02-18,1974-10-19,9,7,5,0.135135
35,1967-02-18,1974-10-19,9,8,5,0.135135
35,1967-02-18,1974-10-19,9,9,4,0.108108
36,1969-01-18,1976-09-18,1,1,5,0.125
36,1969-01-18,1976-09-18,1,2,2,0.05
36,1969-01-18,1976-09-18,1,3,6,0.15
36,1969-01-18,1976-09-18,1,4,3,0.075
36,1969-01-18,1976-09-18,1,5,5,0.125
36,1969-01-18,1976-09-18,1,6,5,0.125
36,1969-01-18,1976-09-18,1,7,4,0.1
36,1969-01-18,1976-09-18,1,8,6,0.15
36,1969-01-18,1976-09-18,1,9,4,0.1
36,1969-01-18,1976-09-18,2,1,8,0.163265
36,1969-01-18,1976-09-18,2,2,7,0.142857
36,1969-01-18,1976-09-18,2,3,4,0.081633
36,1969-01-18,1976-09-18,2,4,5,0.102041
36,1969-01-18,1976-09-18,2,5,8,0.163265
36,1969-01-18,1976-09-18,2,6,6,0.122449
36,1969-01-18,1976-09-18,2,7,6,0.122449
36,1969-01-18,1976-09-18,2,8,3,0.061224
36,1969-01-18,1976-09-18,2,9,2,0.040816
36,1969-01-18,1976-09-18,3,1,3,0.071429
36,1969-01-18,1976-09-18,3,2,7,0.166667
36,1969-01-18,1976-09-18,3,3,3,0.071429
36,1969-01-18,1976-09-18,3,4,3,0.071429
36,1969-01-18,1976-09-18,3,5,8,0.190476
36,1969-01-18,1976-09-18,3,6,4,0.095238
36,1969-01-18,1976-09-18,3,7,6,0.142857
36,1969-01-18,1976-09-18,3,8,1,0.02381
36,1969-01-18,1976-09-18,3,9,7,0.166667
36,1969-01-18,1976-09-18,4,1,2,0.044444
36,1969-01-18,1976-09-18,4,2,7,0.155556
36,1969-01-18,1976-09-18,4,3,6,0.133333
36,1969-01-18,1976-09-18,4,4,5,0.111111
36,1969-01-18,1976-09-18,4,5,7,0.155556
36,1969-01-18,1976-09-18,4,6,4,0.088889
36,1969-01-18,1976-09-18,4,7,3,0.066667
36,1969-01-18,1976-09-18,4,8,9,0.2
36,1969-01-18,1976-09-18,4,9,2,0.044444
36,1969-01-18,1976-09-18,5,1,5,0.089286
36,1969-01-18,1976-09-18,5,2,7,0.125
36,1969-01-18,1976-09-18,5,3,8,0.142857
36,1969-01-18,1976-09-18,5,4,8,0.142857
36,1969-01-18,1976-09-18,5,5,9,0.160714
36,1969-01-18,1976-09-18,5,6,4,0.071429
36,1969-01-18,1976-09-18,5,7,7,0.125
36,1969-01-18,1976-09-18,5,8,2,0.035714
36,1969-01-18,1976-09-18,5,9,6,0.107143
36,1969-01-18,1976-09-18,6,1,2,0.051282
36,1969-01-18,1976-09-18,6,2,6,0.153846
36,1969-01-18,1976-09-18,6,3,4,0.102564
36,1969-01-18,1976-09-18,6,4,1,0.025641
36,1969-01-18,1976-09-18,6,5,5,0.128205
36,1969-01-18,1976-09-18,6,6,2,0.051282
36,1969-01-18,1976-09-18,6,7,9,0.230769
36,1969-01-18,1976-09-18,6,8,5,0.128205
36,1969-01-18,1976-09-18,6,9,5,0.128205
36,1969-01-18,1976-09-18,7,1,7,0.12963
36,1969-01-18,1976-09-18,7,2,6,0.111111
36,1969-01-18,1976-09-18,7,3,5,0.092593
36,1969-01-18,1976-09-18,7,4,6,0.111111
36,1969-01-18,1976-09-18,7,5,5,0.092593
36,1969-01-18,1976-09-18,7,6,8,0.148148
36,1969-01-18,1976-09-18,7,7,8,0.148148
36,1969-01-18,1976-09-18,7,8,6,0.111111
36,1969-01-18,1976-09-18,7,9,3,0.055556
36,1969-01-18,1976-09-18,8,1,5,0.119048
36,1969-01-18,1976-09-18,8,2,3,0.071429
36,1969-01-18,1976-09-18,8,3,4,0.095238
36,1969-01-18,1976-09-18,8,4,10,0.238095
36,1969-01-18,1976-09-18,8,5,6,0.142857
36,1969-01-18,1976-09-18,8,6,4,0.095238
36,1969-01-18,1976-09-18,8,7,5,0.119048
36,1969-01-18,1976-09-18,8,8,5,0.119048
36,1969-01-18,1976-09-18,8,9,0,0.0
36,1969-01-18,1976-09-18,9,1,3,0.090909
36,1969-01-18,1976-09-18,9,2,4,0.121212
36,1969-01-18,1976-09-18,9,3,2,0.060606
36,1969-01-18,1976-09-18,9,4,5,0.151515
36,1969-01-18,1976-09-18,9,5,3,0.090909
36,1969-01-18,1976-09-18,9,6,2,0.060606
36,1969-01-18,1976-09-18,9,7,5,0.151515
36,1969-01-18,1976-09-18,9,8,5,0.151515
36,1969-01-18,1976-09-18,9,9,4,0.121212
37,1970-12-19,1978-08-19,1,1,6,0.171429
37,1970-12-19,1978-08-19,1,2,2,0.057143
37,1970-12-19,1978-08-19,1,3,5,0.142857
37,1970-12-19,1978-08-19,1,4,2,0.057143
37,1970-12-19,1978-08-19,1,5,3,0.085714
37,1970-12-19,1978-08-19,1,6,4,0.114286
37,1970-12-19,1978-08-19,1,7,4,0.114286
37,1970-12-19,1978-08-19,1,8,5,0.142857
37,1970-12-19,1978-08-19,1,9,4,0.114286
37,1970-12-19,1978-08-19,2,1,9,0.183673
37,1970-12-19,1978-08-19,2,2,9,0.183673
37,1970-12-19,1978-08-19,2,3,5,0.102041
37,1970-12-19,1978-08-19,2,4,4,0.081633
37,1970-12-19,1978-08-19,2,5,5,0.102041
37,1970-12-19,1978-08-19,2,6,5,0.102041
37,1970-12-19,1978-08-19,2,7,5,0.102041
37,1970-12-19,1978-08-19,2,8,4,0.081633
37,1970-12-19,1978-08-19,2,9,3,0.061224
37,1970-12-19,1978-08-19,3,1,2,0.043478
37,1970-12-19,1978-08-19,3,2,8,0.173913
37,1970-12-19,1978-08-19,3,3,3,0.065217
37,1970-12-19,1978-08-19,3,4,5,0.108696
37,1970-12-19,1978-08-19,3,5,5,0.108696
37,1970-12-19,1978-08-19,3,6,6,0.130435
37,1970-12-19,1978-08-19,3,7,7,0.152174
37,1970-12-19,1978-08-19,3,8,2,0.043478
37,1970-12-19,1978-08-19,3,9,8,0.173913
37,1970-12-19,1978-08-19,4,1,1,0.019608
37,1970-12-19,1978-08-19,4,2,6,0.117647
37,1970-12-19,1978-08-19,4,3,6,0.117647
37,1970-12-19,1978-08-19,4,4,7,0.137255
37,1970-12-19,1978-08-19,4,5,9,0.176471
37,1970-12-19,1978-08-19,4,6,4,0.078431
37,1970-12-19,1978-08-19,4,7,5,0.098039
37,1970-12-19,1978-08-19,4,8,10,0.196078
37,1970-12-19,1978-08-19,4,9,3,0.058824
37,1970-12-19,1978-08-19,5,1,4,0.078431
37,1970-12-19,1978-08-19,5,2,7,0.137255
37,1970-12-19,1978-08-19,5,3,12,0.235294
37,1970-12-19,1978-08-19,5,4,7,0.137255
37,1970-12-19,1978-08-19,5,5,6,0.117647
37,1970-12-19,1978-08-19,5,6,3,0.058824
37,1970-12-19,1978-08-19,5,7,4,0.078431
37,1970-12-19,1978-08-19,5,8,2,0.039216
37,1970-12-19,1978-08-19,5,9,6,0.117647
37,1970-12-19,1978-08-19,6,1,2,0.04878
37,1970-12-19,1978-08-19,6,2,6,0.146341
37,1970-12-19,1978-08-19,6,3,4,0.097561
37,1970-12-19,1978-08-19,6,4,3,0.073171
37,1970-12-19,1978-08-19,6,5,5,0.121951
37,1970-12-19,1978-08-19,6,6,4,0.097561
37,1970-12-19,1978-08-19,6,7,8,0.195122
37,1970-12-19,1978-08-19,6,8,6,0.146341
37,1970-12-19,1978-08-19,6,9,3,0.073171
37,1970-12-19,1978-08-19,7,1,6,0.12
37,1970-12-19,1978-08-19,7,2,5,0.1
37,1970-12-19,1978-08-19,7,3,3,0.06
37,1970-12-19,1978-08-19,7,4,7,0.14
37,1970-12-19,1978-08-19,7,5,5,0.1
37,1970-12-19,1978-08-19,7,6,7,0.14
37,1970-12-19,1978-08-19,7,7,6,0.12
37,1970-12-19,1978-08-19,7,8,8,0.16
37,1970-12-19,1978-08-19,7,9,3,0.06
37,1970-12-19,1978-08-19,8,1,4,0.085106
37,1970-12-19,1978-08-19,8,2,2,0.042553
37,1970-12-19,1978-08-19,8,3,4,0.085106
37,1970-12-19,1978-08-19,8,4,9,0.191489
37,1970-12-19,1978-08-19,8,5,9,0.191489
37,1970-12-19,1978-08-19,8,6,6,0.12766
37,1970-12-19,1978-08-19,8,7,6,0.12766
37,1970-12-19,1978-08-19,8,8,7,0.148936
37,1970-12-19,1978-08-19,8,9,0,0.0
37,1970-12-19,1978-08-19,9,1,1,0.033333
37,1970-12-19,1978-08-19,9,2,4,0.133333
37,1970-12-19,1978-08-19,9,3,4,0.133333
37,1970-12-19,1978-08-19,9,4,7,0.233333
37,1970-12-19,1978-08-19,9,5,3,0.1
37,1970-12-19,1978-08-19,9,6,2,0.066667
37,1970-12-19,1978-08-19,9,7,5,0.166667
37,1970-12-19,1978-08-19,9,8,4,0.133333
37,1970-12-19,1978-08-19,9,9,0,0.0
38,1972-11-18,1980-07-19,1,1,8,0.222222
38,1972-11-18,1980-07-19,1,2,2,0.055556
38,1972-11-18,1980-07-19,1,3,5,0.138889
38,1972-11-18,1980-07-19,1,4,3,0.083333
38,1972-11-18,1980-07-19,1,5,4,0.111111
38,1972-11-18,1980-07-19,1,6,2,0.055556
38,1972-11-18,1980-07-19,1,7,4,0.111111
38,1972-11-18,1980-07-19,1,8,5,0.138889
38,1972-11-18,1980-07-19,1,9,3,0.083333
38,1972-11-18,1980-07-19,2,1,10,0.181818
38,1972-11-18,1980-07-19,2,2,10,0.181818
38,1972-11-18,1980-07-19,2,3,5,0.090909
38,1972-11-18,1980-07-19,2,4,2,0.036364
38,1972-11-18,1980-07-19,2,5,6,0.109091
38,1972-11-18,1980-07-19,2,6,4,0.072727
38,1972-11-18,1980-07-19,2,7,7,0.127273
38,1972-11-18,1980-07-19,2,8,8,0.145455
38,1972-11-18,1980-07-19,2,9,3,0.054545
38,1972-11-18,1980-07-19,3,1,2,0.038462
38,1972-11-18,1980-07-19,3,2,11,0.211538
38,1972-11-18,1980-07-19,3,3,4,0.076923
38,1972-11-18,1980-07-19,3,4,6,0.115385
38,1972-11-18,1980-07-19,3,5,4,0.076923
38,1972-11-18,1980-07-19,3,6,8,0.153846
38,1972-11-18,1980-07-19,3,7,6,0.115385
38,1972-11-18,1980-07-19,3,8,2,0.038462
38,1972-11-18,1980-07-19,3,9,9,0.173077
38,1972-11-18,1980-07-19,4,1,0,0.0
38,1972-11-18,1980-07-19,4,2,5,0.113636
38,1972-11-18,1980-07-19,4,3,8,0.181818
38,1972-11-18,1980-07-19,4,4,4,0.090909
38,1972-11-18,1980-07-19,4,5,8,0.181818
38,1972-11-18,1980-07-19,4,6,5,0.113636
38,1972-11-18,1980-07-19,4,7,5,0.113636
38,1972-11-18,1980-07-19,4,8,7,0.159091
38,1972-11-18,1980-07-19,4,9,2,0.045455
38,1972-11-18,1980-07-19,5,1,4,0.08
38,1972-11-18,1980-07-19,5,2,6,0.12
38,1972-11-18,1980-07-19,5,3,12,0.24
38,1972-11-18,1980-07-19,5,4,5,0.1
38,1972-11-18,1980-07-19,5,5,5,0.1
38,1972-11-18,1980-07-19,5,6,4,0.08
38,1972-11-18,1980-07-19,5,7,6,0.12
38,1972-11-18,1980-07-19,5,8,4,0.08
38,1972-11-18,1980-07-19,5,9,4,0.08
38,1972-11-18,1980-07-19,6,1,2,0.051282
38,1972-11-18,1980-07-19,6,2,7,0.179487
38,1972-11-18,1980-07-19,6,3,4,0.102564
38,1972-11-18,1980-07-19,6,4,3,0.076923
38,1972-11-18,1980-07-19,6,5,6,0.153846
38,1972-11-18,1980-07-19,6,6,3,0.076923
38,1972-11-18,1980-07-19,6,7,6,0.153846
38,1972-11-18,1980-07-19,6,8,6,0.153846
38,1972-11-18,1980-07-19,6,9,2,0.051282
38,1972-11-18,1980-07-19,7,1,4,0.095238
38,1972-11-18,1980-07-19,7,2,4,0.095238
38,1972-11-18,1980-07-19,7,3,5,0.119048
38,1972-11-18,1980-07-19,7,4,7,0.166667
38,1972-11-18,1980-07-19,7,5,4,0.095238
38,1972-11-18,1980-07-19,7,6,5,0.119048
38,1972-11-18,1980-07-19,7,7,2,0.047619
38,1972-11-18,1980-07-19,7,8,5,0.119048
38,1972-11-18,1980-07-19,7,9,6,0.142857
38,1972-11-18,1980-07-19,8,1,5,0.106383
38,1972-11-18,1980-07-19,8,2,4,0.085106
38,1972-11-18,1980-07-19,8,3,4,0.085106
38,1972-11-18,1980-07-19,8,4,7,0.148936
38,1972-11-18,1980-07-19,8,5,9,0.191489
38,1972-11-18,1980-07-19,8,6,5,0.106383
38,1972-11-18,1980-07-19,8,7,4,0.085106
38,1972-11-18,1980-07-19,8,8,7,0.148936
38,1972-11-18,1980-07-19,8,9,2,0.042553
38,1972-11-18,1980-07-19,9,1,2,0.057143
38,1972-11-18,1980-07-19,9,2,6,0.171429
38,1972-11-18,1980-07-19,9,3,5,0.142857
38,1972-11-18,1980-07-19,9,4,7,0.2
38,1972-11-18,1980-07-19,9,5,3,0.085714
38,1972-11-18,1980-07-19,9,6,3,0.085714
38,1972-11-18,1980-07-19,9,7,2,0.057143
38,1972-11-18,1980-07-19,9,8,3,0.085714
38,1972-11-18,1980-07-19,9,9,4,0.114286
39,1974-10-19,1982-06-19,1,1,8,0.195122
39,1974-10-19,1982-06-19,1,2,2,0.04878
39,1974-10-19,1982-06-19,1,3,7,0.170732
39,1974-10-19,1982-06-19,1,4,6,0.146341
39,1974-10-19,1982-06-19,1,5,3,0.073171
39,1974-10-19,1982-06-19,1,6,2,0.04878
39,1974-10-19,1982-06-19,1,7,6,0.146341
39,1974-10-19,1982-06-19,1,8,4,0.097561
39,1974-10-19,1982-06-19,1,9,3,0.073171
39,1974-10-19,1982-06-19,2,1,10,0.238095
39,1974-10-19,1982-06-19,2,2,6,0.142857
39,1974-10-19,1982-06-19,2,3,5,0.119048
39,1974-10-19,1982-06-19,2,4,3,0.071429
39,1974-10-19,1982-06-19,2,5,2,0.047619
39,1974-10-19,1982-06-19,2,6,4,0.095238
39,1974-10-19,1982-06-19,2,7,4,0.095238
39,1974-10-19,1982-06-19,2,8,6,0.142857
39,1974-10-19,1982-06-19,2,9,2,0.047619
39,1974-10-19,1982-06-19,3,1,3,0.051724
39,1974-10-19,1982-06-19,3,2,8,0.137931
39,1974-10-19,1982-06-19,3,3,5,0.086207
39,1974-10-19,1982-06-19,3,4,9,0.155172
39,1974-10-19,1982-06-19,3,5,7,0.12069
39,1974-10-19,1982-06-19,3,6,7,0.12069
39,1974-10-19,1982-06-19,3,7,9,0.155172
39,1974-10-19,1982-06-19,3,8,2,0.034483
39,1974-10-19,1982-06-19,3,9,8,0.137931
39,1974-10-19,1982-06-19,4,1,2,0.042553
39,1974-10-19,1982-06-19,4,2,3,0.06383
39,1974-10-19,1982-06-19,4,3,11,0.234043
39,1974-10-19,1982-06-19,4,4,5,0.106383
39,1974-10-19,1982-06-19,4,5,6,0.12766
39,1974-10-19,1982-06-19,4,6,5,0.106383
39,1974-10-19,1982-06-19,4,7,4,0.085106
39,1974-10-19,1982-06-19,4,8,7,0.148936
39,1974-10-19,1982-06-19,4,9,4,0.085106
39,1974-10-19,1982-06-19,5,1,3,0.06
39,1974-10-19,1982-06-19,5,2,7,0.14
39,1974-10-19,1982-06-19,5,3,9,0.18
39,1974-10-19,1982-06-19,5,4,4,0.08
39,1974-10-19,1982-06-19,5,5,4,0.08
39,1974-10-19,1982-06-19,5,6,2,0.04
39,1974-10-19,1982-06-19,5,7,8,0.16
39,1974-10-19,1982-06-19,5,8,8,0.16
39,1974-10-19,1982-06-19,5,9,5,0.1
39,1974-10-19,1982-06-19,6,1,2,0.055556
39,1974-10-19,1982-06-19,6,2,5,0.138889
39,1974-10-19,1982-06-19,6,3,6,0.166667
39,1974-10-19,1982-06-19,6,4,4,0.111111
39,1974-10-19,1982-06-19,6,5,6,0.166667
39,1974-10-19,1982-06-19,6,6,3,0.083333
39,1974-10-19,1982-06-19,6,7,5,0.138889
39,1974-10-19,1982-06-19,6,8,3,0.083333
39,1974-10-19,1982-06-19,6,9,2,0.055556
39,1974-10-19,1982-06-19,7,1,3,0.069767
39,1974-10-19,1982-06-19,7,2,2,0.046512
39,1974-10-19,1982-06-19,7,3,7,0.162791
39,1974-10-19,1982-06-19,7,4,5,0.116279
39,1974-10-19,1982-06-19,7,5,7,0.162791
39,1974-10-19,1982-06-19,7,6,5,0.116279
39,1974-10-19,1982-06-19,7,7,2,0.046512
39,1974-10-19,1982-06-19,7,8,6,0.139535
39,1974-10-19,1982-06-19,7,9,6,0.139535
39,1974-10-19,1982-06-19,8,1,4,0.088889
39,1974-10-19,1982-06-19,8,2,4,0.088889
39,1974-10-19,1982-06-19,8,3,4,0.088889
39,1974-10-19,1982-06-19,8,4,4,0.088889
39,1974-10-19,1982-06-19,8,5,12,0.266667
39,1974-10-19,1982-06-19,8,6,5,0.111111
39,1974-10-19,1982-06-19,8,7,3,0.066667
39,1974-10-19,1982-06-19,8,8,6,0.133333
39,1974-10-19,1982-06-19,8,9,3,0.066667
39,1974-10-19,1982-06-19,9,1,5,0.131579
39,1974-10-19,1982-06-19,9,2,5,0.131579
39,1974-10-19,1982-06-19,9,3,5,0.131579
39,1974-10-19,1982-06-19,9,4,7,0.184211
39,1974-10-19,1982-06-19,9,5,3,0.078947
39,1974-10-19,1982-06-19,9,6,3,0.078947
39,1974-10-19,1982-06-19,9,7,2,0.052632
39,1974-10-19,1982-06-19,9,8,3,0.078947
39,1974-10-19,1982-06-19,9,9,5,0.131579
40,1976-09-18,1984-05-19,1,1,10,0.227273
40,1976-09-18,1984-05-19,1,2,2,0.045455
40,1976-09-18,1984-05-19,1,3,5,0.113636
40,1976-09-18,1984-05-19,1,4,5,0.113636
40,1976-09-18,1984-05-19,1,5,3,0.068182
40,1976-09-18,1984-05-19,1,6,4,0.090909
40,1976-09-18,1984-05-19,1,7,7,0.159091
40,1976-09-18,1984-05-19,1,8,6,0.136364
40,1976-09-18,1984-05-19,1,9,2,0.045455
40,1976-09-18,1984-05-19,2,1,8,0.181818
40,1976-09-18,1984-05-19,2,2,7,0.159091
40,1976-09-18,1984-05-19,2,3,5,0.113636
40,1976-09-18,1984-05-19,2,4,3,0.068182
40,1976-09-18,1984-05-19,2,5,2,0.045455
40,1976-09-18,1984-05-19,2,6,3,0.068182
40,1976-09-18,1984-05-19,2,7,7,0.159091
40,1976-09-18,1984-05-19,2,8,6,0.136364
40,1976-09-18,1984-05-19,2,9,3,0.068182
40,1976-09-18,1984-05-19,3,1,3,0.057692
40,1976-09-18,1984-05-19,3,2,8,0.153846
40,1976-09-18,1984-05-19,3,3,5,0.096154
40,1976-09-18,1984-05-19,3,4,10,0.192308
40,1976-09-18,1984-05-19,3,5,3,0.057692
40,1976-09-18,1984-05-19,3,6,10,0.192308
40,1976-09-18,1984-05-19,3,7,5,0.096154
40,1976-09-18,1984-05-19,3,8,2,0.038462
40,1976-09-18,1984-05-19,3,9,6,0.115385
40,1976-09-18,1984-05-19,4,1,3,0.06383
40,1976-09-18,1984-05-19,4,2,5,0.106383
40,1976-09-18,1984-05-19,4,3,8,0.170213
40,1976-09-18,1984-05-19,4,4,6,0.12766
40,1976-09-18,1984-05-19,4,5,7,0.148936
40,1976-09-18,1984-05-19,4,6,3,0.06383
40,1976-09-18,1984-05-19,4,7,4,0.085106
40,1976-09-18,1984-05-19,4,8,7,0.148936
40,1976-09-18,1984-05-19,4,9,4,0.085106
40,1976-09-18,1984-05-19,5,1,3,0.061224
40,1976-09-18,1984-05-19,5,2,8,0.163265
40,1976-09-18,1984-05-19,5,3,7,0.142857
40,1976-09-18,1984-05-19,5,4,1,0.020408
40,1976-09-18,1984-05-19,5,5,3,0.061224
40,1976-09-18,1984-05-19,5,6,4,0.081633
40,1976-09-18,1984-05-19,5,7,8,0.163265
40,1976-09-18,1984-05-19,5,8,8,0.163265
40,1976-09-18,1984-05-19,5,9,7,0.142857
40,1976-09-18,1984-05-19,6,1,3,0.078947
40,1976-09-18,1984-05-19,6,2,3,0.078947
40,1976-09-18,1984-05-19,6,3,7,0.184211
40,1976-09-18,1984-05-19,6,4,4,0.105263
40,1976-09-18,1984-05-19,6,5,8,0.210526
40,1976-09-18,1984-05-19,6,6,3,0.078947
40,1976-09-18,1984-05-19,6,7,4,0.105263
40,1976-09-18,1984-05-19,6,8,2,0.052632
40,1976-09-18,1984-05-19,6,9,4,0.105263
40,1976-09-18,1984-05-19,7,1,3,0.073171
40,1976-09-18,1984-05-19,7,2,2,0.04878
40,1976-09-18,1984-05-19,7,3,7,0.170732
40,1976-09-18,1984-05-19,7,4,7,0.170732
40,1976-09-18,1984-05-19,7,5,6,0.146341
40,1976-09-18,1984-05-19,7,6,4,0.097561
40,1976-09-18,1984-05-19,7,7,0,0.0
40,1976-09-18,1984-05-19,7,8,5,0.121951
40,1976-09-18,1984-05-19,7,9,7,0.170732
40,1976-09-18,1984-05-19,8,1,4,0.095238
40,1976-09-18,1984-05-19,8,2,5,0.119048
40,1976-09-18,1984-05-19,8,3,1,0.02381
40,1976-09-18,1984-05-19,8,4,4,0.095238
40,1976-09-18,1984-05-19,8,5,12,0.285714
40,1976-09-18,1984-05-19,8,6,4,0.095238
40,1976-09-18,1984-05-19,8,7,4,0.095238
40,1976-09-18,1984-05-19,8,8,4,0.095238
40,1976-09-18,1984-05-19,8,9,4,0.095238
40,1976-09-18,1984-05-19,9,1,7,0.162791
40,1976-09-18,1984-05-19,9,2,4,0.093023
40,1976-09-18,1984-05-19,9,3,7,0.162791
40,1976-09-18,1984-05-19,9,4,6,0.139535
40,1976-09-18,1984-05-19,9,5,5,0.116279
40,1976-09-18,1984-05-19,9,6,3,0.069767
40,1976-09-18,1984-05-19,9,7,3,0.069767
40,1976-09-18,1984-05-19,9,8,2,0.046512
40,1976-09-18,1984-05-19,9,9,6,0.139535
41,1978-08-19,1986-04-19,1,1,9,0.163636
41,1978-08-19,1986-04-19,1,2,3,0.054545
41,1978-08-19,1986-04-19,1,3,6,0.109091
41,1978-08-19,1986-04-19,1,4,6,0.109091
41,1978-08-19,1986-04-19,1,5,4,0.072727
41,1978-08-19,1986-04-19,1,6,7,0.127273
41,1978-08-19,1986-04-19,1,7,9,0.163636
41,1978-08-19,1986-04-19,1,8,5,0.090909
41,1978-08-19,1986-04-19,1,9,6,0.109091
41,1978-08-19,1986-04-19,2,1,8,0.2
41,1978-08-19,1986-04-19,2,2,4,0.1
41,1978-08-19,1986-04-19,2,3,7,0.175
41,1978-08-19,1986-04-19,2,4,4,0.1
41,1978-08-19,1986-04-19,2,5,2,0.05
41,1978-08-19,1986-04-19,2,6,3,0.075
41,1978-08-19,1986-04-19,2,7,6,0.15
41,1978-08-19,1986-04-19,2,8,4,0.1
41,1978-08-19,1986-04-19,2,9,2,0.05
41,1978-08-19,1986-04-19,3,1,6,0.111111
41,1978-08-19,1986-04-19,3,2,7,0.12963
41,1978-08-19,1986-04-19,3,3,6,0.111111
41,1978-08-19,1986-04-19,3,4,9,0.166667
41,1978-08-19,1986-04-19,3,5,3,0.055556
41,1978-08-19,1986-04-19,3,6,9,0.166667
41,1978-08-19,1986-04-19,3,7,7,0.12963
41,1978-08-19,1986-04-19,3,8,2,0.037037
41,1978-08-19,1986-04-19,3,9,5,0.092593
41,1978-08-19,1986-04-19,4,1,5,0.131579
41,1978-08-19,1986-04-19,4,2,4,0.105263
41,1978-08-19,1986-04-19,4,3,7,0.184211
41,1978-08-19,1986-04-19,4,4,2,0.052632
41,1978-08-19,1986-04-19,4,5,3,0.078947
41,1978-08-19,1986-04-19,4,6,5,0.131579
41,1978-08-19,1986-04-19,4,7,2,0.052632
41,1978-08-19,1986-04-19,4,8,5,0.131579
41,1978-08-19,1986-04-19,4,9,5,0.131579
41,1978-08-19,1986-04-19,5,1,3,0.066667
41,1978-08-19,1986-04-19,5,2,7,0.155556
41,1978-08-19,1986-04-19,5,3,3,0.066667
41,1978-08-19,1986-04-19,5,4,1,0.022222
41,1978-08-19,1986-04-19,5,5,6,0.133333
41,1978-08-19,1986-04-19,5,6,4,0.088889
41,1978-08-19,1986-04-19,5,7,7,0.155556
41,1978-08-19,1986-04-19,5,8,8,0.177778
41,1978-08-19,1986-04-19,5,9,6,0.133333
41,1978-08-19,1986-04-19,6,1,6,0.146341
41,1978-08-19,1986-04-19,6,2,2,0.04878
41,1978-08-19,1986-04-19,6,3,10,0.243902
41,1978-08-19,1986-04-19,6,4,2,0.04878
41,1978-08-19,1986-04-19,6,5,7,0.170732
41,1978-08-19,1986-04-19,6,6,3,0.073171
41,1978-08-19,1986-04-19,6,7,2,0.04878
41,1978-08-19,1986-04-19,6,8,5,0.121951
41,1978-08-19,1986-04-19,6,9,4,0.097561
41,1978-08-19,1986-04-19,7,1,2,0.05
41,1978-08-19,1986-04-19,7,2,2,0.05
41,1978-08-19,1986-04-19,7,3,8,0.2
41,1978-08-19,1986-04-19,7,4,6,0.15
41,1978-08-19,1986-04-19,7,5,3,0.075
41,1978-08-19,1986-04-19,7,6,3,0.075
41,1978-08-19,1986-04-19,7,7,2,0.05
41,1978-08-19,1986-04-19,7,8,6,0.15
41,1978-08-19,1986-04-19,7,9,8,0.2
41,1978-08-19,1986-04-19,8,1,8,0.2
41,1978-08-19,1986-04-19,8,2,6,0.15
41,1978-08-19,1986-04-19,8,3,1,0.025
41,1978-08-19,1986-04-19,8,4,4,0.1
41,1978-08-19,1986-04-19,8,5,10,0.25
41,1978-08-19,1986-04-19,8,6,3,0.075
41,1978-08-19,1986-04-19,8,7,2,0.05
41,1978-08-19,1986-04-19,8,8,2,0.05
41,1978-08-19,1986-04-19,8,9,4,0.1
41,1978-08-19,1986-04-19,9,1,8,0.170213
41,1978-08-19,1986-04-19,9,2,5,0.106383
41,1978-08-19,1986-04-19,9,3,6,0.12766
41,1978-08-19,1986-04-19,9,4,4,0.085106
41,1978-08-19,1986-04-19,9,5,7,0.148936
41,1978-08-19,1986-04-19,9,6,4,0.085106
41,1978-08-19,1986-04-19,9,7,4,0.085106
41,1978-08-19,1986-04-19,9,8,2,0.042553
41,1978-08-19,1986-04-19,9,9,7,0.148936
42,1980-07-19,1988-03-19,1,1,9,0.147541
42,1980-07-19,1988-03-19,1,2,6,0.098361
42,1980-07-19,1988-03-19,1,3,5,0.081967
42,1980-07-19,1988-03-19,1,4,8,0.131148
42,1980-07-19,1988-03-19,1,5,5,0.081967
42,1980-07-19,1988-03-19,1,6,8,0.131148
42,1980-07-19,1988-03-19,1,7,8,0.131148
42,1980-07-19,1988-03-19,1,8,4,0.065574
42,1980-07-19,1988-03-19,1,9,8,0.131148
42,1980-07-19,1988-03-19,2,1,6,0.181818
42,1980-07-19,1988-03-19,2,2,4,0.121212
42,1980-07-19,1988-03-19,2,3,6,0.181818
42,1980-07-19,1988-03-19,2,4,6,0.181818
42,1980-07-19,1988-03-19,2,5,1,0.030303
42,1980-07-19,1988-03-19,2,6,2,0.060606
42,1980-07-19,1988-03-19,2,7,3,0.090909
42,1980-07-19,1988-03-19,2,8,1,0.030303
42,1980-07-19,1988-03-19,2,9,4,0.121212
42,1980-07-19,1988-03-19,3,1,7,0.14
42,1980-07-19,1988-03-19,3,2,4,0.08
42,1980-07-19,1988-03-19,3,3,5,0.1
42,1980-07-19,1988-03-19,3,4,8,0.16
42,1980-07-19,1988-03-19,3,5,4,0.08
42,1980-07-19,1988-03-19,3,6,6,0.12
42,1980-07-19,1988-03-19,3,7,8,0.16
42,1980-07-19,1988-03-19,3,8,4,0.08
42,1980-07-19,1988-03-19,3,9,4,0.08
42,1980-07-19,1988-03-19,4,1,8,0.181818
42,1980-07-19,1988-03-19,4,2,4,0.090909
42,1980-07-19,1988-03-19,4,3,7,0.159091
42,1980-07-19,1988-03-19,4,4,3,0.068182
42,1980-07-19,1988-03-19,4,5,2,0.045455
42,1980-07-19,1988-03-19,4,6,5,0.113636
42,1980-07-19,1988-03-19,4,7,1,0.022727
42,1980-07-19,1988-03-19,4,8,7,0.159091
42,1980-07-19,1988-03-19,4,9,7,0.159091
42,1980-07-19,1988-03-19,5,1,4,0.093023
42,1980-07-19,1988-03-19,5,2,6,0.139535
42,1980-07-19,1988-03-19,5,3,4,0.093023
42,1980-07-19,1988-03-19,5,4,2,0.046512
42,1980-07-19,1988-03-19,5,5,6,0.139535
42,1980-07-19,1988-03-19,5,6,4,0.093023
42,1980-07-19,1988-03-19,5,7,4,0.093023
42,1980-07-19,1988-03-19,5,8,7,0.162791
42,1980-07-19,1988-03-19,5,9,6,0.139535
42,1980-07-19,1988-03-19,6,1,6,0.146341
42,1980-07-19,1988-03-19,6,2,1,0.02439
42,1980-07-19,1988-03-19,6,3,11,0.268293
42,1980-07-19,1988-03-19,6,4,2,0.04878
42,1980-07-19,1988-03-19,6,5,5,0.121951
42,1980-07-19,1988-03-19,6,6,3,0.073171
42,1980-07-19,1988-03-19,6,7,2,0.04878
42,1980-07-19,1988-03-19,6,8,6,0.146341
42,1980-07-19,1988-03-19,6,9,5,0.121951
42,1980-07-19,1988-03-19,7,1,2,0.051282
42,1980-07-19,1988-03-19,7,2,2,0.051282
42,1980-07-19,1988-03-19,7,3,5,0.128205
42,1980-07-19,1988-03-19,7,4,6,0.153846
42,1980-07-19,1988-03-19,7,5,4,0.102564
42,1980-07-19,1988-03-19,7,6,5,0.128205
42,1980-07-19,1988-03-19,7,7,3,0.076923
42,1980-07-19,1988-03-19,7,8,8,0.205128
42,1980-07-19,1988-03-19,7,9,4,0.102564
42,1980-07-19,1988-03-19,8,1,10,0.227273
42,1980-07-19,1988-03-19,8,2,3,0.068182
42,1980-07-19,1988-03-19,8,3,2,0.045455
42,1980-07-19,1988-03-19,8,4,6,0.136364
42,1980-07-19,1988-03-19,8,5,10,0.227273
42,1980-07-19,1988-03-19,8,6,3,0.068182
42,1980-07-19,1988-03-19,8,7,4,0.090909
42,1980-07-19,1988-03-19,8,8,4,0.090909
42,1980-07-19,1988-03-19,8,9,2,0.045455
42,1980-07-19,1988-03-19,9,1,8,0.177778
42,1980-07-19,1988-03-19,9,2,4,0.088889
42,1980-07-19,1988-03-19,9,3,5,0.111111
42,1980-07-19,1988-03-19,9,4,3,0.066667
42,1980-07-19,1988-03-19,9,5,6,0.133333
42,1980-07-19,1988-03-19,9,6,5,0.111111
42,1980-07-19,1988-03-19,9,7,6,0.133333
42,1980-07-19,1988-03-19,9,8,3,0.066667
42,1980-07-19,1988-03-19,9,9,5,0.111111
43,1982-06-19,1990-02-17,1,1,10,0.16129
43,1982-06-19,1990-02-17,1,2,6,0.096774
43,1982-06-19,1990-02-17,1,3,6,0.096774
43,1982-06-19,1990-02-17,1,4,7,0.112903
43,1982-06-19,1990-02-17,1,5,4,0.064516
43,1982-06-19,1990-02-17,1,6,8,0.129032
43,1982-06-19,1990-02-17,1,7,9,0.145161
43,1982-06-19,1990-02-17,1,8,4,0.064516
43,1982-06-19,1990-02-17,1,9,8,0.129032
43,1982-06-19,1990-02-17,2,1,6,0.153846
43,1982-06-19,1990-02-17,2,2,5,0.128205
43,1982-06-19,1990-02-17,2,3,8,0.205128
43,1982-06-19,1990-02-17,2,4,7,0.179487
43,1982-06-19,1990-02-17,2,5,1,0.025641
43,1982-06-19,1990-02-17,2,6,3,0.076923
43,1982-06-19,1990-02-17,2,7,3,0.076923
43,1982-06-19,1990-02-17,2,8,2,0.051282
43,1982-06-19,1990-02-17,2,9,4,0.102564
43,1982-06-19,1990-02-17,3,1,6,0.130435
43,1982-06-19,1990-02-17,3,2,3,0.065217
43,1982-06-19,1990-02-17,3,3,6,0.130435
43,1982-06-19,1990-02-17,3,4,6,0.130435
43,1982-06-19,1990-02-17,3,5,3,0.065217
43,1982-06-19,1990-02-17,3,6,8,0.173913
43,1982-06-19,1990-02-17,3,7,6,0.130435
43,1982-06-19,1990-02-17,3,8,3,0.065217
43,1982-06-19,1990-02-17,3,9,5,0.108696
43,1982-06-19,1990-02-17,4,1,8,0.195122
43,1982-06-19,1990-02-17,4,2,4,0.097561
43,1982-06-19,1990-02-17,4,3,3,0.073171
43,1982-06-19,1990-02-17,4,4,3,0.073171
43,1982-06-19,1990-02-17,4,5,4,0.097561
43,1982-06-19,1990-02-17,4,6,5,0.121951
43,1982-06-19,1990-02-17,4,7,2,0.04878
43,1982-06-19,1990-02-17,4,8,6,0.146341
43,1982-06-19,1990-02-17,4,9,6,0.146341
43,1982-06-19,1990-02-17,5,1,4,0.111111
43,1982-06-19,1990-02-17,5,2,6,0.166667
43,1982-06-19,1990-02-17,5,3,3,0.083333
43,1982-06-19,1990-02-17,5,4,2,0.055556
43,1982-06-19,1990-02-17,5,5,6,0.166667
43,1982-06-19,1990-02-17,5,6,5,0.138889
43,1982-06-19,1990-02-17,5,7,2,0.055556
43,1982-06-19,1990-02-17,5,8,4,0.111111
43,1982-06-19,1990-02-17,5,9,4,0.111111
43,1982-06-19,1990-02-17,6,1,7,0.148936
43,1982-06-19,1990-02-17,6,2,3,0.06383
43,1982-06-19,1990-02-17,6,3,9,0.191489
43,1982-06-19,1990-02-17,6,4,2,0.042553
43,1982-06-19,1990-02-17,6,5,6,0.12766
43,1982-06-19,1990-02-17,6,6,4,0.085106
43,1982-06-19,1990-02-17,6,7,3,0.06383
43,1982-06-19,1990-02-17,6,8,8,0.170213
43,1982-06-19,1990-02-17,6,9,5,0.106383
43,1982-06-19,1990-02-17,7,1,4,0.093023
43,1982-06-19,1990-02-17,7,2,3,0.069767
43,1982-06-19,1990-02-17,7,3,5,0.116279
43,1982-06-19,1990-02-17,7,4,6,0.139535
43,1982-06-19,1990-02-17,7,5,1,0.023256
43,1982-06-19,1990-02-17,7,6,6,0.139535
43,1982-06-19,1990-02-17,7,7,8,0.186047
43,1982-06-19,1990-02-17,7,8,7,0.162791
43,1982-06-19,1990-02-17,7,9,3,0.069767
43,1982-06-19,1990-02-17,8,1,13,0.295455
43,1982-06-19,1990-02-17,8,2,3,0.068182
43,1982-06-19,1990-02-17,8,3,1,0.022727
43,1982-06-19,1990-02-17,8,4,5,0.113636
43,1982-06-19,1990-02-17,8,5,7,0.159091
43,1982-06-19,1990-02-17,8,6,3,0.068182
43,1982-06-19,1990-02-17,8,7,4,0.090909
43,1982-06-19,1990-02-17,8,8,6,0.136364
43,1982-06-19,1990-02-17,8,9,2,0.045455
43,1982-06-19,1990-02-17,9,1,5,0.119048
43,1982-06-19,1990-02-17,9,2,6,0.142857
43,1982-06-19,1990-02-17,9,3,4,0.095238
43,1982-06-19,1990-02-17,9,4,3,0.071429
43,1982-06-19,1990-02-17,9,5,4,0.095238
43,1982-06-19,1990-02-17,9,6,5,0.119048
43,1982-06-19,1990-02-17,9,7,6,0.142857
43,1982-06-19,1990-02-17,9,8,4,0.095238
43,1982-06-19,1990-02-17,9,9,5,0.119048
44,1984-05-19,1992-01-18,1,1,8,0.126984
44,1984-05-19,1992-01-18,1,2,6,0.095238
44,1984-05-19,1992-01-18,1,3,8,0.126984
44,1984-05-19,1992-01-18,1,4,7,0.111111
44,1984-05-19,1992-01-18,1,5,5,0.079365
44,1984-05-19,1992-01-18,1,6,5,0.079365
44,1984-05-19,1992-01-18,1,7,10,0.15873
44,1984-05-19,1992-01-18,1,8,4,0.063492
44,1984-05-19,1992-01-18,1,9,10,0.15873
44,1984-05-19,1992-01-18,2,1,6,0.166667
44,1984-05-19,1992-01-18,2,2,6,0.166667
44,1984-05-19,1992-01-18,2,3,6,0.166667
44,1984-05-19,1992-01-18,2,4,6,0.166667
44,1984-05-19,1992-01-18,2,5,1,0.027778
44,1984-05-19,1992-01-18,2,6,3,0.083333
44,1984-05-19,1992-01-18,2,7,2,0.055556
44,1984-05-19,1992-01-18,2,8,2,0.055556
44,1984-05-19,1992-01-18,2,9,4,0.111111
44,1984-05-19,1992-01-18,3,1,10,0.185185
44,1984-05-19,1992-01-18,3,2,5,0.092593
44,1984-05-19,1992-01-18,3,3,8,0.148148
44,1984-05-19,1992-01-18,3,4,5,0.092593
44,1984-05-19,1992-01-18,3,5,5,0.092593
44,1984-05-19,1992-01-18,3,6,3,0.055556
44,1984-05-19,1992-01-18,3,7,6,0.111111
44,1984-05-19,1992-01-18,3,8,5,0.092593
44,1984-05-19,1992-01-18,3,9,7,0.12963
44,1984-05-19,1992-01-18,4,1,7,0.179487
44,1984-05-19,1992-01-18,4,2,2,0.051282
44,1984-05-19,1992-01-18,4,3,7,0.179487
44,1984-05-19,1992-01-18,4,4,3,0.076923
44,1984-05-19,1992-01-18,4,5,4,0.102564
44,1984-05-19,1992-01-18,4,6,4,0.102564
44,1984-05-19,1992-01-18,4,7,3,0.076923
44,1984-05-19,1992-01-18,4,8,4,0.102564
44,1984-05-19,1992-01-18,4,9,5,0.128205
44,1984-05-19,1992-01-18,5,1,4,0.108108
44,1984-05-19,1992-01-18,5,2,6,0.162162
44,1984-05-19,1992-01-18,5,3,4,0.108108
44,1984-05-19,1992-01-18,5,4,3,0.081081
44,1984-05-19,1992-01-18,5,5,7,0.189189
44,1984-05-19,1992-01-18,5,6,5,0.135135
44,1984-05-19,1992-01-18,5,7,3,0.081081
44,1984-05-19,1992-01-18,5,8,3,0.081081
44,1984-05-19,1992-01-18,5,9,2,0.054054
44,1984-05-19,1992-01-18,6,1,6,0.162162
44,1984-05-19,1992-01-18,6,2,2,0.054054
44,1984-05-19,1992-01-18,6,3,8,0.216216
44,1984-05-19,1992-01-18,6,4,2,0.054054
44,1984-05-19,1992-01-18,6,5,2,0.054054
44,1984-05-19,1992-01-18,6,6,3,0.081081
44,1984-05-19,1992-01-18,6,7,3,0.081081
44,1984-05-19,1992-01-18,6,8,7,0.189189
44,1984-05-19,1992-01-18,6,9,4,0.108108
44,1984-05-19,1992-01-18,7,1,5,0.113636
44,1984-05-19,1992-01-18,7,2,1,0.022727
44,1984-05-19,1992-01-18,7,3,6,0.136364
44,1984-05-19,1992-01-18,7,4,4,0.090909
44,1984-05-19,1992-01-18,7,5,3,0.068182
44,1984-05-19,1992-01-18,7,6,4,0.090909
44,1984-05-19,1992-01-18,7,7,10,0.227273
44,1984-05-19,1992-01-18,7,8,8,0.181818
44,1984-05-19,1992-01-18,7,9,3,0.068182
44,1984-05-19,1992-01-18,8,1,12,0.266667
44,1984-05-19,1992-01-18,8,2,2,0.044444
44,1984-05-19,1992-01-18,8,3,4,0.088889
44,1984-05-19,1992-01-18,8,4,5,0.111111
44,1984-05-19,1992-01-18,8,5,8,0.177778
44,1984-05-19,1992-01-18,8,6,3,0.066667
44,1984-05-19,1992-01-18,8,7,2,0.044444
44,1984-05-19,1992-01-18,8,8,6,0.133333
44,1984-05-19,1992-01-18,8,9,3,0.066667
44,1984-05-19,1992-01-18,9,1,5,0.111111
44,1984-05-19,1992-01-18,9,2,7,0.155556
44,1984-05-19,1992-01-18,9,3,3,0.066667
44,1984-05-19,1992-01-18,9,4,4,0.088889
44,1984-05-19,1992-01-18,9,5,2,0.044444
44,1984-05-19,1992-01-18,9,6,7,0.155556
44,1984-05-19,1992-01-18,9,7,4,0.088889
44,1984-05-19,1992-01-18,9,8,6,0.133333
44,1984-05-19,1992-01-18,9,9,7,0.155556
45,1986-04-19,1993-12-18,1,1,9,0.155172
45,1986-04-19,1993-12-18,1,2,6,0.103448
45,1986-04-19,1993-12-18,1,3,7,0.12069
45,1986-04-19,1993-12-18,1,4,6,0.103448
45,1986-04-19,1993-12-18,1,5,5,0.086207
45,1986-04-19,1993-12-18,1,6,2,0.034483
45,1986-04-19,1993-12-18,1,7,11,0.189655
45,1986-04-19,1993-12-18,1,8,5,0.086207
45,1986-04-19,1993-12-18,1,9,7,0.12069
45,1986-04-19,1993-12-18,2,1,6,0.142857
45,1986-04-19,1993-12-18,2,2,9,0.214286
45,1986-04-19,1993-12-18,2,3,3,0.071429
45,1986-04-19,1993-12-18,2,4,6,0.142857
45,1986-04-19,1993-12-18,2,5,3,0.071429
45,1986-04-19,1993-12-18,2,6,3,0.071429
45,1986-04-19,1993-12-18,2,7,4,0.095238
45,1986-04-19,1993-12-18,2,8,3,0.071429
45,1986-04-19,1993-12-18,2,9,5,0.119048
45,1986-04-19,1993-12-18,3,1,8,0.16
45,1986-04-19,1993-12-18,3,2,5,0.1
45,1986-04-19,1993-12-18,3,3,6,0.12
45,1986-04-19,1993-12-18,3,4,5,0.1
45,1986-04-19,1993-12-18,3,5,6,0.12
45,1986-04-19,1993-12-18,3,6,3,0.06
45,1986-04-19,1993-12-18,3,7,5,0.1
45,1986-04-19,1993-12-18,3,8,4,0.08
45,1986-04-19,1993-12-18,3,9,8,0.16
45,1986-04-19,1993-12-18,4,1,7,0.175
45,1986-04-19,1993-12-18,4,2,3,0.075
45,1986-04-19,1993-12-18,4,3,8,0.2
45,1986-04-19,1993-12-18,4,4,4,0.1
45,1986-04-19,1993-12-18,4,5,4,0.1
45,1986-04-19,1993-12-18,4,6,3,0.075
45,1986-04-19,1993-12-18,4,7,2,0.05
45,1986-04-19,1993-12-18,4,8,4,0.1
45,1986-04-19,1993-12-18,4,9,5,0.125
45,1986-04-19,1993-12-18,5,1,5,0.119048
45,1986-04-19,1993-12-18,5,2,5,0.119048
45,1986-04-19,1993-12-18,5,3,4,0.095238
45,1986-04-19,1993-12-18,5,4,3,0.071429
45,1986-04-19,1993-12-18,5,5,8,0.190476
45,1986-04-19,1993-12-18,5,6,7,0.166667
45,1986-04-19,1993-12-18,5,7,1,0.02381
45,1986-04-19,1993-12-18,5,8,6,0.142857
45,1986-04-19,1993-12-18,5,9,3,0.071429
45,1986-04-19,1993-12-18,6,1,4,0.114286
45,1986-04-19,1993-12-18,6,2,3,0.085714
45,1986-04-19,1993-12-18,6,3,8,0.228571
45,1986-04-19,1993-12-18,6,4,3,0.085714
45,1986-04-19,1993-12-18,6,5,2,0.057143
45,1986-04-19,1993-12-18,6,6,3,0.085714
45,1986-04-19,1993-12-18,6,7,3,0.085714
45,1986-04-19,1993-12-18,6,8,3,0.085714
45,1986-04-19,1993-12-18,6,9,6,0.171429
45,1986-04-19,1993-12-18,7,1,5,0.116279
45,1986-04-19,1993-12-18,7,2,1,0.023256
45,1986-04-19,1993-12-18,7,3,6,0.139535
45,1986-04-19,1993-12-18,7,4,3,0.069767
45,1986-04-19,1993-12-18,7,5,4,0.093023
45,1986-04-19,1993-12-18,7,6,5,0.116279
45,1986-04-19,1993-12-18,7,7,10,0.232558
45,1986-04-19,1993-12-18,7,8,6,0.139535
45,1986-04-19,1993-12-18,7,9,3,0.069767
45,1986-04-19,1993-12-18,8,1,9,0.219512
45,1986-04-19,1993-12-18,8,2,3,0.073171
45,1986-04-19,1993-12-18,8,3,5,0.121951
45,1986-04-19,1993-12-18,8,4,4,0.097561
45,1986-04-19,1993-12-18,8,5,7,0.170732
45,1986-04-19,1993-12-18,8,6,2,0.04878
45,1986-04-19,1993-12-18,8,7,3,0.073171
45,1986-04-19,1993-12-18,8,8,5,0.121951
45,1986-04-19,1993-12-18,8,9,3,0.073171
45,1986-04-19,1993-12-18,9,1,5,0.102041
45,1986-04-19,1993-12-18,9,2,7,0.142857
45,1986-04-19,1993-12-18,9,3,3,0.061224
45,1986-04-19,1993-12-18,9,4,6,0.122449
45,1986-04-19,1993-12-18,9,5,3,0.061224
45,1986-04-19,1993-12-18,9,6,7,0.142857
45,1986-04-19,1993-12-18,9,7,3,0.061224
45,1986-04-19,1993-12-18,9,8,6,0.122449
45,1986-04-19,1993-12-18,9,9,9,0.183673
46,1988-03-19,1995-11-18,1,1,11,0.196429
46,1988-03-19,1995-11-18,1,2,4,0.071429
46,1988-03-19,1995-11-18,1,3,7,0.125
46,1988-03-19,1995-11-18,1,4,5,0.089286
46,1988-03-19,1995-11-18,1,5,4,0.071429
46,1988-03-19,1995-11-18,1,6,1,0.017857
46,1988-03-19,1995-11-18,1,7,15,0.267857
46,1988-03-19,1995-11-18,1,8,4,0.071429
46,1988-03-19,1995-11-18,1,9,5,0.089286
46,1988-03-19,1995-11-18,2,1,6,0.12766
46,1988-03-19,1995-11-18,2,2,8,0.170213
46,1988-03-19,1995-11-18,2,3,3,0.06383
46,1988-03-19,1995-11-18,2,4,6,0.12766
46,1988-03-19,1995-11-18,2,5,5,0.106383
46,1988-03-19,1995-11-18,2,6,4,0.085106
46,1988-03-19,1995-11-18,2,7,5,0.106383
46,1988-03-19,1995-11-18,2,8,4,0.085106
46,1988-03-19,1995-11-18,2,9,6,0.12766
46,1988-03-19,1995-11-18,3,1,7,0.155556
46,1988-03-19,1995-11-18,3,2,4,0.088889
46,1988-03-19,1995-11-18,3,3,7,0.155556
46,1988-03-19,1995-11-18,3,4,4,0.088889
46,1988-03-19,1995-11-18,3,5,6,0.133333
46,1988-03-19,1995-11-18,3,6,4,0.088889
46,1988-03-19,1995-11-18,3,7,4,0.088889
46,1988-03-19,1995-11-18,3,8,2,0.044444
46,1988-03-19,1995-11-18,3,9,7,0.155556
46,1988-03-19,1995-11-18,4,1,5,0.131579
46,1988-03-19,1995-11-18,4,2,4,0.105263
46,1988-03-19,1995-11-18,4,3,7,0.184211
46,1988-03-19,1995-11-18,4,4,4,0.105263
46,1988-03-19,1995-11-18,4,5,4,0.105263
46,1988-03-19,1995-11-18,4,6,4,0.105263
46,1988-03-19,1995-11-18,4,7,3,0.078947
46,1988-03-19,1995-11-18,4,8,1,0.026316
46,1988-03-19,1995-11-18,4,9,6,0.157895
46,1988-03-19,1995-11-18,5,1,5,0.116279
46,1988-03-19,1995-11-18,5,2,5,0.116279
46,1988-03-19,1995-11-18,5,3,3,0.069767
46,1988-03-19,1995-11-18,5,4,4,0.093023
46,1988-03-19,1995-11-18,5,5,7,0.162791
46,1988-03-19,1995-11-18,5,6,7,0.162791
46,1988-03-19,1995-11-18,5,7,1,0.023256
46,1988-03-19,1995-11-18,5,8,7,0.162791
46,1988-03-19,1995-11-18,5,9,4,0.093023
46,1988-03-19,1995-11-18,6,1,6,0.162162
46,1988-03-19,1995-11-18,6,2,6,0.162162
46,1988-03-19,1995-11-18,6,3,5,0.135135
46,1988-03-19,1995-11-18,6,4,4,0.108108
46,1988-03-19,1995-11-18,6,5,2,0.054054
46,1988-03-19,1995-11-18,6,6,3,0.081081
46,1988-03-19,1995-11-18,6,7,4,0.108108
46,1988-03-19,1995-11-18,6,8,2,0.054054
46,1988-03-19,1995-11-18,6,9,5,0.135135
46,1988-03-19,1995-11-18,7,1,6,0.130435
46,1988-03-19,1995-11-18,7,2,2,0.043478
46,1988-03-19,1995-11-18,7,3,6,0.130435
46,1988-03-19,1995-11-18,7,4,3,0.065217
46,1988-03-19,1995-11-18,7,5,4,0.086957
46,1988-03-19,1995-11-18,7,6,5,0.108696
46,1988-03-19,1995-11-18,7,7,9,0.195652
46,1988-03-19,1995-11-18,7,8,7,0.152174
46,1988-03-19,1995-11-18,7,9,4,0.086957
46,1988-03-19,1995-11-18,8,1,6,0.162162
46,1988-03-19,1995-11-18,8,2,5,0.135135
46,1988-03-19,1995-11-18,8,3,5,0.135135
46,1988-03-19,1995-11-18,8,4,3,0.081081
46,1988-03-19,1995-11-18,8,5,6,0.162162
46,1988-03-19,1995-11-18,8,6,2,0.054054
46,1988-03-19,1995-11-18,8,7,3,0.081081
46,1988-03-19,1995-11-18,8,8,3,0.081081
46,1988-03-19,1995-11-18,8,9,4,0.108108
46,1988-03-19,1995-11-18,9,1,4,0.078431
46,1988-03-19,1995-11-18,9,2,9,0.176471
46,1988-03-19,1995-11-18,9,3,2,0.039216
46,1988-03-19,1995-11-18,9,4,5,0.098039
46,1988-03-19,1995-11-18,9,5,5,0.098039
46,1988-03-19,1995-11-18,9,6,7,0.137255
46,1988-03-19,1995-11-18,9,7,2,0.039216
46,1988-03-19,1995-11-18,9,8,7,0.137255
46,1988-03-19,1995-11-18,9,9,10,0.196078
47,1990-02-17,1997-06-28,1,1,11,0.203704
47,1990-02-17,1997-06-28,1,2,3,0.055556
47,1990-02-17,1997-06-28,1,3,4,0.074074
47,1990-02-17,1997-06-28,1,4,8,0.148148
47,1990-02-17,1997-06-28,1,5,4,0.074074
47,1990-02-17,1997-06-28,1,6,1,0.018519
47,1990-02-17,1997-06-28,1,7,12,0.222222
47,1990-02-17,1997-06-28,1,8,5,0.092593
47,1990-02-17,1997-06-28,1,9,6,0.111111
47,1990-02-17,1997-06-28,2,1,8,0.166667
47,1990-02-17,1997-06-28,2,2,8,0.166667
47,1990-02-17,1997-06-28,2,3,3,0.0625
47,1990-02-17,1997-06-28,2,4,6,0.125
47,1990-02-17,1997-06-28,2,5,7,0.145833
47,1990-02-17,1997-06-28,2,6,2,0.041667
47,1990-02-17,1997-06-28,2,7,6,0.125
47,1990-02-17,1997-06-28,2,8,3,0.0625
47,1990-02-17,1997-06-28,2,9,5,0.104167
47,1990-02-17,1997-06-28,3,1,7,0.166667
47,1990-02-17,1997-06-28,3,2,7,0.166667
47,1990-02-17,1997-06-28,3,3,4,0.095238
47,1990-02-17,1997-06-28,3,4,3,0.071429
47,1990-02-17,1997-06-28,3,5,5,0.119048
47,1990-02-17,1997-06-28,3,6,2,0.047619
47,1990-02-17,1997-06-28,3,7,6,0.142857
47,1990-02-17,1997-06-28,3,8,3,0.071429
47,1990-02-17,1997-06-28,3,9,5,0.119048
47,1990-02-17,1997-06-28,4,1,3,0.075
47,1990-02-17,1997-06-28,4,2,3,0.075
47,1990-02-17,1997-06-28,4,3,11,0.275
47,1990-02-17,1997-06-28,4,4,4,0.1
47,1990-02-17,1997-06-28,4,5,4,0.1
47,1990-02-17,1997-06-28,4,6,5,0.125
47,1990-02-17,1997-06-28,4,7,3,0.075
47,1990-02-17,1997-06-28,4,8,2,0.05
47,1990-02-17,1997-06-28,4,9,5,0.125
47,1990-02-17,1997-06-28,5,1,5,0.1
47,1990-02-17,1997-06-28,5,2,7,0.14
47,1990-02-17,1997-06-28,5,3,5,0.1
47,1990-02-17,1997-06-28,5,4,5,0.1
47,1990-02-17,1997-06-28,5,5,7,0.14
47,1990-02-17,1997-06-28,5,6,7,0.14
47,1990-02-17,1997-06-28,5,7,1,0.02
47,1990-02-17,1997-06-28,5,8,7,0.14
47,1990-02-17,1997-06-28,5,9,6,0.12
47,1990-02-17,1997-06-28,6,1,6,0.166667
47,1990-02-17,1997-06-28,6,2,4,0.111111
47,1990-02-17,1997-06-28,6,3,5,0.138889
47,1990-02-17,1997-06-28,6,4,4,0.111111
47,1990-02-17,1997-06-28,6,5,3,0.083333
47,1990-02-17,1997-06-28,6,6,4,0.111111
47,1990-02-17,1997-06-28,6,7,4,0.111111
47,1990-02-17,1997-06-28,6,8,1,0.027778
47,1990-02-17,1997-06-28,6,9,5,0.138889
47,1990-02-17,1997-06-28,7,1,6,0.139535
47,1990-02-17,1997-06-28,7,2,3,0.069767
47,1990-02-17,1997-06-28,7,3,3,0.069767
47,1990-02-17,1997-06-28,7,4,2,0.046512
47,1990-02-17,1997-06-28,7,5,8,0.186047
47,1990-02-17,1997-06-28,7,6,4,0.093023
47,1990-02-17,1997-06-28,7,7,5,0.116279
47,1990-02-17,1997-06-28,7,8,7,0.162791
47,1990-02-17,1997-06-28,7,9,5,0.116279
47,1990-02-17,1997-06-28,8,1,1,0.028571
47,1990-02-17,1997-06-28,8,2,6,0.171429
47,1990-02-17,1997-06-28,8,3,5,0.142857
47,1990-02-17,1997-06-28,8,4,3,0.085714
47,1990-02-17,1997-06-28,8,5,7,0.2
47,1990-02-17,1997-06-28,8,6,1,0.028571
47,1990-02-17,1997-06-28,8,7,3,0.085714
47,1990-02-17,1997-06-28,8,8,2,0.057143
47,1990-02-17,1997-06-28,8,9,7,0.2
47,1990-02-17,1997-06-28,9,1,6,0.115385
47,1990-02-17,1997-06-28,9,2,7,0.134615
47,1990-02-17,1997-06-28,9,3,2,0.038462
47,1990-02-17,1997-06-28,9,4,5,0.096154
47,1990-02-17,1997-06-28,9,5,5,0.096154
47,1990-02-17,1997-06-28,9,6,10,0.192308
47,1990-02-17,1997-06-28,9,7,3,0.057692
47,1990-02-17,1997-06-28,9,8,5,0.096154
47,1990-02-17,1997-06-28,9,9,9,0.173077
48,1992-01-18,1998-06-13,1,1,8,0.170213
48,1992-01-18,1998-06-13,1,2,3,0.06383
48,1992-01-18,1998-06-13,1,3,3,0.06383
48,1992-01-18,1998-06-13,1,4,8,0.170213
48,1992-01-18,1998-06-13,1,5,5,0.106383
48,1992-01-18,1998-06-13,1,6,1,0.021277
48,1992-01-18,1998-06-13,1,7,11,0.234043
48,1992-01-18,1998-06-13,1,8,3,0.06383
48,1992-01-18,1998-06-13,1,9,5,0.106383
48,1992-01-18,1998-06-13,2,1,7,0.155556
48,1992-01-18,1998-06-13,2,2,5,0.111111
48,1992-01-18,1998-06-13,2,3,4,0.088889
48,1992-01-18,1998-06-13,2,4,5,0.111111
48,1992-01-18,1998-06-13,2,5,8,0.177778
48,1992-01-18,1998-06-13,2,6,3,0.066667
48,1992-01-18,1998-06-13,2,7,4,0.088889
48,1992-01-18,1998-06-13,2,8,4,0.088889
48,1992-01-18,1998-06-13,2,9,5,0.111111
48,1992-01-18,1998-06-13,3,1,3,0.085714
48,1992-01-18,1998-06-13,3,2,4,0.114286
48,1992-01-18,1998-06-13,3,3,2,0.057143
48,1992-01-18,1998-06-13,3,4,3,0.085714
48,1992-01-18,1998-06-13,3,5,4,0.114286
48,1992-01-18,1998-06-13,3,6,3,0.085714
48,1992-01-18,1998-06-13,3,7,7,0.2
48,1992-01-18,1998-06-13,3,8,5,0.142857
48,1992-01-18,1998-06-13,3,9,4,0.114286
48,1992-01-18,1998-06-13,4,1,4,0.095238
48,1992-01-18,1998-06-13,4,2,3,0.071429
48,1992-01-18,1998-06-13,4,3,8,0.190476
48,1992-01-18,1998-06-13,4,4,3,0.071429
48,1992-01-18,1998-06-13,4,5,4,0.095238
48,1992-01-18,1998-06-13,4,6,5,0.119048
48,1992-01-18,1998-06-13,4,7,2,0.047619
48,1992-01-18,1998-06-13,4,8,4,0.095238
48,1992-01-18,1998-06-13,4,9,9,0.214286
48,1992-01-18,1998-06-13,5,1,5,0.098039
48,1992-01-18,1998-06-13,5,2,7,0.137255
48,1992-01-18,1998-06-13,5,3,6,0.117647
48,1992-01-18,1998-06-13,5,4,5,0.098039
48,1992-01-18,1998-06-13,5,5,6,0.117647
48,1992-01-18,1998-06-13,5,6,6,0.117647
48,1992-01-18,1998-06-13,5,7,1,0.019608
48,1992-01-18,1998-06-13,5,8,8,0.156863
48,1992-01-18,1998-06-13,5,9,7,0.137255
48,1992-01-18,1998-06-13,6,1,5,0.128205
48,1992-01-18,1998-06-13,6,2,4,0.102564
48,1992-01-18,1998-06-13,6,3,5,0.128205
48,1992-01-18,1998-06-13,6,4,5,0.128205
48,1992-01-18,1998-06-13,6,5,4,0.102564
48,1992-01-18,1998-06-13,6,6,5,0.128205
48,1992-01-18,1998-06-13,6,7,3,0.076923
48,1992-01-18,1998-06-13,6,8,3,0.076923
48,1992-01-18,1998-06-13,6,9,5,0.128205
48,1992-01-18,1998-06-13,7,1,6,0.142857
48,1992-01-18,1998-06-13,7,2,5,0.119048
48,1992-01-18,1998-06-13,7,3,3,0.071429
48,1992-01-18,1998-06-13,7,4,2,0.047619
48,1992-01-18,1998-06-13,7,5,8,0.190476
48,1992-01-18,1998-06-13,7,6,4,0.095238
48,1992-01-18,1998-06-13,7,7,3,0.071429
48,1992-01-18,1998-06-13,7,8,7,0.166667
48,1992-01-18,1998-06-13,7,9,4,0.095238
48,1992-01-18,1998-06-13,8,1,3,0.068182
48,1992-01-18,1998-06-13,8,2,7,0.159091
48,1992-01-18,1998-06-13,8,3,2,0.045455
48,1992-01-18,1998-06-13,8,4,4,0.090909
48,1992-01-18,1998-06-13,8,5,6,0.136364
48,1992-01-18,1998-06-13,8,6,4,0.090909
48,1992-01-18,1998-06-13,8,7,6,0.136364
48,1992-01-18,1998-06-13,8,8,4,0.090909
48,1992-01-18,1998-06-13,8,9,8,0.181818
48,1992-01-18,1998-06-13,9,1,6,0.109091
48,1992-01-18,1998-06-13,9,2,6,0.109091
48,1992-01-18,1998-06-13,9,3,2,0.036364
48,1992-01-18,1998-06-13,9,4,7,0.127273
48,1992-01-18,1998-06-13,9,5,6,0.109091
48,1992-01-18,1998-06-13,9,6,8,0.145455
48,1992-01-18,1998-06-13,9,7,6,0.109091
48,1992-01-18,1998-06-13,9,8,6,0.109091
48,1992-01-18,1998-06-13,9,9,8,0.145455
49,1993-12-18,1999-05-29,1,1,6,0.139535
49,1993-12-18,1999-05-29,1,2,3,0.069767
49,1993-12-18,1999-05-29,1,3,3,0.069767
49,1993-12-18,1999-05-29,1,4,9,0.209302
49,1993-12-18,1999-05-29,1,5,5,0.116279
49,1993-12-18,1999-05-29,1,6,2,0.046512
49,1993-12-18,1999-05-29,1,7,7,0.162791
49,1993-12-18,1999-05-29,1,8,3,0.069767
49,1993-12-18,1999-05-29,1,9,5,0.116279
49,1993-12-18,1999-05-29,2,1,8,0.173913
49,1993-12-18,1999-05-29,2,2,4,0.086957
49,1993-12-18,1999-05-29,2,3,6,0.130435
49,1993-12-18,1999-05-29,2,4,7,0.152174
49,1993-12-18,1999-05-29,2,5,7,0.152174
49,1993-12-18,1999-05-29,2,6,4,0.086957
49,1993-12-18,1999-05-29,2,7,3,0.065217
49,1993-12-18,1999-05-29,2,8,3,0.065217
49,1993-12-18,1999-05-29,2,9,4,0.086957
49,1993-12-18,1999-05-29,3,1,4,0.111111
49,1993-12-18,1999-05-29,3,2,4,0.111111
49,1993-12-18,1999-05-29,3,3,3,0.083333
49,1993-12-18,1999-05-29,3,4,1,0.027778
49,1993-12-18,1999-05-29,3,5,4,0.111111
49,1993-12-18,1999-05-29,3,6,2,0.055556
49,1993-12-18,1999-05-29,3,7,5,0.138889
49,1993-12-18,1999-05-29,3,8,7,0.194444
49,1993-12-18,1999-05-29,3,9,6,0.166667
49,1993-12-18,1999-05-29,4,1,2,0.046512
49,1993-12-18,1999-05-29,4,2,4,0.093023
49,1993-12-18,1999-05-29,4,3,8,0.186047
49,1993-12-18,1999-05-29,4,4,3,0.069767
49,1993-12-18,1999-05-29,4,5,6,0.139535
49,1993-12-18,1999-05-29,4,6,6,0.139535
49,1993-12-18,1999-05-29,4,7,2,0.046512
49,1993-12-18,1999-05-29,4,8,4,0.093023
49,1993-12-18,1999-05-29,4,9,8,0.186047
49,1993-12-18,1999-05-29,5,1,5,0.1
49,1993-12-18,1999-05-29,5,2,9,0.18
49,1993-12-18,1999-05-29,5,3,5,0.1
49,1993-12-18,1999-05-29,5,4,5,0.1
49,1993-12-18,1999-05-29,5,5,5,0.1
49,1993-12-18,1999-05-29,5,6,6,0.12
49,1993-12-18,1999-05-29,5,7,2,0.04
49,1993-12-18,1999-05-29,5,8,7,0.14
49,1993-12-18,1999-05-29,5,9,6,0.12
49,1993-12-18,1999-05-29,6,1,4,0.108108
49,1993-12-18,1999-05-29,6,2,4,0.108108
49,1993-12-18,1999-05-29,6,3,4,0.108108
49,1993-12-18,1999-05-29,6,4,5,0.135135
49,1993-12-18,1999-05-29,6,5,4,0.108108
49,1993-12-18,1999-05-29,6,6,3,0.081081
49,1993-12-18,1999-05-29,6,7,4,0.108108
49,1993-12-18,1999-05-29,6,8,4,0.108108
49,1993-12-18,1999-05-29,6,9,5,0.135135
49,1993-12-18,1999-05-29,7,1,5,0.121951
49,1993-12-18,1999-05-29,7,2,7,0.170732
49,1993-12-18,1999-05-29,7,3,2,0.04878
49,1993-12-18,1999-05-29,7,4,2,0.04878
49,1993-12-18,1999-05-29,7,5,8,0.195122
49,1993-12-18,1999-05-29,7,6,3,0.073171
49,1993-12-18,1999-05-29,7,7,4,0.097561
49,1993-12-18,1999-05-29,7,8,6,0.146341
49,1993-12-18,1999-05-29,7,9,4,0.097561
49,1993-12-18,1999-05-29,8,1,2,0.042553
49,1993-12-18,1999-05-29,8,2,5,0.106383
49,1993-12-18,1999-05-29,8,3,4,0.085106
49,1993-12-18,1999-05-29,8,4,5,0.106383
49,1993-12-18,1999-05-29,8,5,5,0.106383
49,1993-12-18,1999-05-29,8,6,6,0.12766
49,1993-12-18,1999-05-29,8,7,7,0.148936
49,1993-12-18,1999-05-29,8,8,5,0.106383
49,1993-12-18,1999-05-29,8,9,8,0.170213
49,1993-12-18,1999-05-29,9,1,7,0.122807
49,1993-12-18,1999-05-29,9,2,6,0.105263
49,1993-12-18,1999-05-29,9,3,1,0.017544
49,1993-12-18,1999-05-29,9,4,6,0.105263
49,1993-12-18,1999-05-29,9,5,6,0.105263
49,1993-12-18,1999-05-29,9,6,5,0.087719
49,1993-12-18,1999-05-29,9,7,8,0.140351
49,1993-12-18,1999-05-29,9,8,7,0.122807
49,1993-12-18,1999-05-29,9,9,11,0.192982
50,1995-11-18,2000-05-13,1,1,2,0.055556
50,1995-11-18,2000-05-13,1,2,3,0.083333
50,1995-11-18,2000-05-13,1,3,5,0.138889
50,1995-11-18,2000-05-13,1,4,7,0.194444
50,1995-11-18,2000-05-13,1,5,4,0.111111
50,1995-11-18,2000-05-13,1,6,4,0.111111
50,1995-11-18,2000-05-13,1,7,3,0.083333
50,1995-11-18,2000-05-13,1,8,3,0.083333
50,1995-11-18,2000-05-13,1,9,5,0.138889
50,1995-11-18,2000-05-13,2,1,9,0.191489
50,1995-11-18,2000-05-13,2,2,3,0.06383
50,1995-11-18,2000-05-13,2,3,7,0.148936
50,1995-11-18,2000-05-13,2,4,7,0.148936
50,1995-11-18,2000-05-13,2,5,6,0.12766
50,1995-11-18,2000-05-13,2,6,4,0.085106
50,1995-11-18,2000-05-13,2,7,4,0.085106
50,1995-11-18,2000-05-13,2,8,4,0.085106
50,1995-11-18,2000-05-13,2,9,3,0.06383
50,1995-11-18,2000-05-13,3,1,3,0.069767
50,1995-11-18,2000-05-13,3,2,7,0.162791
50,1995-11-18,2000-05-13,3,3,2,0.046512
50,1995-11-18,2000-05-13,3,4,4,0.093023
50,1995-11-18,2000-05-13,3,5,4,0.093023
50,1995-11-18,2000-05-13,3,6,1,0.023256
50,1995-11-18,2000-05-13,3,7,5,0.116279
50,1995-11-18,2000-05-13,3,8,8,0.186047
50,1995-11-18,2000-05-13,3,9,9,0.209302
50,1995-11-18,2000-05-13,4,1,1,0.022727
50,1995-11-18,2000-05-13,4,2,3,0.068182
50,1995-11-18,2000-05-13,4,3,10,0.227273
50,1995-11-18,2000-05-13,4,4,3,0.068182
50,1995-11-18,2000-05-13,4,5,6,0.136364
50,1995-11-18,2000-05-13,4,6,4,0.090909
50,1995-11-18,2000-05-13,4,7,3,0.068182
50,1995-11-18,2000-05-13,4,8,5,0.113636
50,1995-11-18,2000-05-13,4,9,9,0.204545
50,1995-11-18,2000-05-13,5,1,3,0.068182
50,1995-11-18,2000-05-13,5,2,9,0.204545
50,1995-11-18,2000-05-13,5,3,5,0.113636
50,1995-11-18,2000-05-13,5,4,3,0.068182
50,1995-11-18,2000-05-13,5,5,5,0.113636
50,1995-11-18,2000-05-13,5,6,5,0.113636
50,1995-11-18,2000-05-13,5,7,4,0.090909
50,1995-11-18,2000-05-13,5,8,6,0.136364
50,1995-11-18,2000-05-13,5,9,4,0.090909
50,1995-11-18,2000-05-13,6,1,2,0.05
50,1995-11-18,2000-05-13,6,2,2,0.05
50,1995-11-18,2000-05-13,6,3,7,0.175
50,1995-11-18,2000-05-13,6,4,5,0.125
50,1995-11-18,2000-05-13,6,5,3,0.075
50,1995-11-18,2000-05-13,6,6,4,0.1
50,1995-11-18,2000-05-13,6,7,4,0.1
50,1995-11-18,2000-05-13,6,8,6,0.15
50,1995-11-18,2000-05-13,6,9,7,0.175
50,1995-11-18,2000-05-13,7,1,6,0.153846
50,1995-11-18,2000-05-13,7,2,10,0.25641
50,1995-11-18,2000-05-13,7,3,2,0.051282
50,1995-11-18,2000-05-13,7,4,2,0.051282
50,1995-11-18,2000-05-13,7,5,7,0.179487
50,1995-11-18,2000-05-13,7,6,1,0.025641
50,1995-11-18,2000-05-13,7,7,4,0.102564
50,1995-11-18,2000-05-13,7,8,4,0.102564
50,1995-11-18,2000-05-13,7,9,3,0.076923
50,1995-11-18,2000-05-13,8,1,3,0.061224
50,1995-11-18,2000-05-13,8,2,5,0.102041
50,1995-11-18,2000-05-13,8,3,4,0.081633
50,1995-11-18,2000-05-13,8,4,5,0.102041
50,1995-11-18,2000-05-13,8,5,5,0.102041
50,1995-11-18,2000-05-13,8,6,8,0.163265
50,1995-11-18,2000-05-13,8,7,6,0.122449
50,1995-11-18,2000-05-13,8,8,5,0.102041
50,1995-11-18,2000-05-13,8,9,8,0.163265
50,1995-11-18,2000-05-13,9,1,7,0.12069
50,1995-11-18,2000-05-13,9,2,4,0.068966
50,1995-11-18,2000-05-13,9,3,1,0.017241
50,1995-11-18,2000-05-13,9,4,8,0.137931
50,1995-11-18,2000-05-13,9,5,4,0.068966
50,1995-11-18,2000-05-13,9,6,9,0.155172
50,1995-11-18,2000-05-13,9,7,7,0.12069
50,1995-11-18,2000-05-13,9,8,8,0.137931
50,1995-11-18,2000-05-13,9,9,10,0.172414
51,1997-06-28,2001-04-28,1,1,3,0.071429
51,1997-06-28,2001-04-28,1,2,5,0.119048
51,1997-06-28,2001-04-28,1,3,6,0.142857
51,1997-06-28,2001-04-28,1,4,7,0.166667
51,1997-06-28,2001-04-28,1,5,7,0.166667
51,1997-06-28,2001-04-28,1,6,5,0.119048
51,1997-06-28,2001-04-28,1,7,3,0.071429
51,1997-06-28,2001-04-28,1,8,1,0.02381
51,1997-06-28,2001-04-28,1,9,5,0.119048
51,1997-06-28,2001-04-28,2,1,7,0.159091
51,1997-06-28,2001-04-28,2,2,4,0.090909
51,1997-06-28,2001-04-28,2,3,4,0.090909
51,1997-06-28,2001-04-28,2,4,5,0.113636
51,1997-06-28,2001-04-28,2,5,5,0.113636
51,1997-06-28,2001-04-28,2,6,6,0.136364
51,1997-06-28,2001-04-28,2,7,4,0.090909
51,1997-06-28,2001-04-28,2,8,4,0.090909
51,1997-06-28,2001-04-28,2,9,5,0.113636
51,1997-06-28,2001-04-28,3,1,4,0.088889
51,1997-06-28,2001-04-28,3,2,5,0.111111
51,1997-06-28,2001-04-28,3,3,6,0.133333
51,1997-06-28,2001-04-28,3,4,4,0.088889
51,1997-06-28,2001-04-28,3,5,5,0.111111
51,1997-06-28,2001-04-28,3,6,3,0.066667
51,1997-06-28,2001-04-28,3,7,2,0.044444
51,1997-06-28,2001-04-28,3,8,8,0.177778
51,1997-06-28,2001-04-28,3,9,8,0.177778
51,1997-06-28,2001-04-28,4,1,5,0.116279
51,1997-06-28,2001-04-28,4,2,3,0.069767
51,1997-06-28,2001-04-28,4,3,7,0.162791
51,1997-06-28,2001-04-28,4,4,2,0.046512
51,1997-06-28,2001-04-28,4,5,4,0.093023
51,1997-06-28,2001-04-28,4,6,3,0.069767
51,1997-06-28,2001-04-28,4,7,5,0.116279
51,1997-06-28,2001-04-28,4,8,5,0.116279
51,1997-06-28,2001-04-28,4,9,9,0.209302
51,1997-06-28,2001-04-28,5,1,3,0.069767
51,1997-06-28,2001-04-28,5,2,8,0.186047
51,1997-06-28,2001-04-28,5,3,4,0.093023
51,1997-06-28,2001-04-28,5,4,4,0.093023
51,1997-06-28,2001-04-28,5,5,6,0.139535
51,1997-06-28,2001-04-28,5,6,3,0.069767
51,1997-06-28,2001-04-28,5,7,5,0.116279
51,1997-06-28,2001-04-28,5,8,5,0.116279
51,1997-06-28,2001-04-28,5,9,5,0.116279
51,1997-06-28,2001-04-28,6,1,6,0.142857
51,1997-06-28,2001-04-28,6,2,3,0.071429
51,1997-06-28,2001-04-28,6,3,8,0.190476
51,1997-06-28,2001-04-28,6,4,4,0.095238
51,1997-06-28,2001-04-28,6,5,2,0.047619
51,1997-06-28,2001-04-28,6,6,4,0.095238
51,1997-06-28,2001-04-28,6,7,3,0.071429
51,1997-06-28,2001-04-28,6,8,5,0.119048
51,1997-06-28,2001-04-28,6,9,7,0.166667
51,1997-06-28,2001-04-28,7,1,6,0.15
51,1997-06-28,2001-04-28,7,2,10,0.25
51,1997-06-28,2001-04-28,7,3,3,0.075
51,1997-06-28,2001-04-28,7,4,4,0.1
51,1997-06-28,2001-04-28,7,5,4,0.1
51,1997-06-28,2001-04-28,7,6,3,0.075
51,1997-06-28,2001-04-28,7,7,4,0.1
51,1997-06-28,2001-04-28,7,8,4,0.1
51,1997-06-28,2001-04-28,7,9,2,0.05
51,1997-06-28,2001-04-28,8,1,3,0.066667
51,1997-06-28,2001-04-28,8,2,3,0.066667
51,1997-06-28,2001-04-28,8,3,6,0.133333
51,1997-06-28,2001-04-28,8,4,5,0.111111
51,1997-06-28,2001-04-28,8,5,4,0.088889
51,1997-06-28,2001-04-28,8,6,8,0.177778
51,1997-06-28,2001-04-28,8,7,7,0.155556
51,1997-06-28,2001-04-28,8,8,5,0.111111
51,1997-06-28,2001-04-28,8,9,4,0.088889
51,1997-06-28,2001-04-28,9,1,5,0.089286
51,1997-06-28,2001-04-28,9,2,3,0.053571
51,1997-06-28,2001-04-28,9,3,2,0.035714
51,1997-06-28,2001-04-28,9,4,8,0.142857
51,1997-06-28,2001-04-28,9,5,6,0.107143
51,1997-06-28,2001-04-28,9,6,7,0.125
51,1997-06-28,2001-04-28,9,7,7,0.125
51,1997-06-28,2001-04-28,9,8,8,0.142857
51,1997-06-28,2001-04-28,9,9,10,0.178571
52,1998-06-13,2002-04-10,1,1,3,0.073171
52,1998-06-13,2002-04-10,1,2,4,0.097561
52,1998-06-13,2002-04-10,1,3,4,0.097561
52,1998-06-13,2002-04-10,1,4,9,0.219512
52,1998-06-13,2002-04-10,1,5,6,0.146341
52,1998-06-13,2002-04-10,1,6,7,0.170732
52,1998-06-13,2002-04-10,1,7,2,0.04878
52,1998-06-13,2002-04-10,1,8,1,0.02439
52,1998-06-13,2002-04-10,1,9,5,0.121951
52,1998-06-13,2002-04-10,2,1,7,0.134615
52,1998-06-13,2002-04-10,2,2,4,0.076923
52,1998-06-13,2002-04-10,2,3,4,0.076923
52,1998-06-13,2002-04-10,2,4,7,0.134615
52,1998-06-13,2002-04-10,2,5,5,0.096154
52,1998-06-13,2002-04-10,2,6,6,0.115385
52,1998-06-13,2002-04-10,2,7,5,0.096154
52,1998-06-13,2002-04-10,2,8,5,0.096154
52,1998-06-13,2002-04-10,2,9,9,0.173077
52,1998-06-13,2002-04-10,3,1,4,0.1
52,1998-06-13,2002-04-10,3,2,5,0.125
52,1998-06-13,2002-04-10,3,3,5,0.125
52,1998-06-13,2002-04-10,3,4,5,0.125
52,1998-06-13,2002-04-10,3,5,4,0.1
52,1998-06-13,2002-04-10,3,6,3,0.075
52,1998-06-13,2002-04-10,3,7,1,0.025
52,1998-06-13,2002-04-10,3,8,5,0.125
52,1998-06-13,2002-04-10,3,9,8,0.2
52,1998-06-13,2002-04-10,4,1,5,0.104167
52,1998-06-13,2002-04-10,4,2,4,0.083333
52,1998-06-13,2002-04-10,4,3,7,0.145833
52,1998-06-13,2002-04-10,4,4,3,0.0625
52,1998-06-13,2002-04-10,4,5,4,0.083333
52,1998-06-13,2002-04-10,4,6,8,0.166667
52,1998-06-13,2002-04-10,4,7,6,0.125
52,1998-06-13,2002-04-10,4,8,5,0.104167
52,1998-06-13,2002-04-10,4,9,6,0.125
52,1998-06-13,2002-04-10,5,1,4,0.097561
52,1998-06-13,2002-04-10,5,2,6,0.146341
52,1998-06-13,2002-04-10,5,3,4,0.097561
52,1998-06-13,2002-04-10,5,4,4,0.097561
52,1998-06-13,2002-04-10,5,5,9,0.219512
52,1998-06-13,2002-04-10,5,6,3,0.073171
52,1998-06-13,2002-04-10,5,7,4,0.097561
52,1998-06-13,2002-04-10,5,8,4,0.097561
52,1998-06-13,2002-04-10,5,9,3,0.073171
52,1998-06-13,2002-04-10,6,1,8,0.156863
52,1998-06-13,2002-04-10,6,2,10,0.196078
52,1998-06-13,2002-04-10,6,3,7,0.137255
52,1998-06-13,2002-04-10,6,4,3,0.058824
52,1998-06-13,2002-04-10,6,5,3,0.058824
52,1998-06-13,2002-04-10,6,6,4,0.078431
52,1998-06-13,2002-04-10,6,7,5,0.098039
52,1998-06-13,2002-04-10,6,8,4,0.078431
52,1998-06-13,2002-04-10,6,9,7,0.137255
52,1998-06-13,2002-04-10,7,1,4,0.097561
52,1998-06-13,2002-04-10,7,2,11,0.268293
52,1998-06-13,2002-04-10,7,3,2,0.04878
52,1998-06-13,2002-04-10,7,4,6,0.146341
52,1998-06-13,2002-04-10,7,5,3,0.073171
52,1998-06-13,2002-04-10,7,6,4,0.097561
52,1998-06-13,2002-04-10,7,7,5,0.121951
52,1998-06-13,2002-04-10,7,8,3,0.073171
52,1998-06-13,2002-04-10,7,9,3,0.073171
52,1998-06-13,2002-04-10,8,1,1,0.027778
52,1998-06-13,2002-04-10,8,2,6,0.166667
52,1998-06-13,2002-04-10,8,3,6,0.166667
52,1998-06-13,2002-04-10,8,4,4,0.111111
52,1998-06-13,2002-04-10,8,5,3,0.083333
52,1998-06-13,2002-04-10,8,6,7,0.194444
52,1998-06-13,2002-04-10,8,7,5,0.138889
52,1998-06-13,2002-04-10,8,8,3,0.083333
52,1998-06-13,2002-04-10,8,9,1,0.027778
52,1998-06-13,2002-04-10,9,1,5,0.1
52,1998-06-13,2002-04-10,9,2,2,0.04
52,1998-06-13,2002-04-10,9,3,1,0.02
52,1998-06-13,2002-04-10,9,4,7,0.14
52,1998-06-13,2002-04-10,9,5,5,0.1
52,1998-06-13,2002-04-10,9,6,9,0.18
52,1998-06-13,2002-04-10,9,7,7,0.14
52,1998-06-13,2002-04-10,9,8,6,0.12
52,1998-06-13,2002-04-10,9,9,8,0.16
53,1999-05-29,2003-03-08,1,1,4,0.088889
53,1999-05-29,2003-03-08,1,2,3,0.066667
53,1999-05-29,2003-03-08,1,3,5,0.111111
53,1999-05-29,2003-03-08,1,4,9,0.2
53,1999-05-29,2003-03-08,1,5,6,0.133333
53,1999-05-29,2003-03-08,1,6,7,0.155556
53,1999-05-29,2003-03-08,1,7,4,0.088889
53,1999-05-29,2003-03-08,1,8,2,0.044444
53,1999-05-29,2003-03-08,1,9,5,0.111111
53,1999-05-29,2003-03-08,2,1,6,0.125
53,1999-05-29,2003-03-08,2,2,2,0.041667
53,1999-05-29,2003-03-08,2,3,3,0.0625
53,1999-05-29,2003-03-08,2,4,4,0.083333
53,1999-05-29,2003-03-08,2,5,5,0.104167
53,1999-05-29,2003-03-08,2,6,5,0.104167
53,1999-05-29,2003-03-08,2,7,7,0.145833
53,1999-05-29,2003-03-08,2,8,5,0.104167
53,1999-05-29,2003-03-08,2,9,11,0.229167
53,1999-05-29,2003-03-08,3,1,2,0.05
53,1999-05-29,2003-03-08,3,2,4,0.1
53,1999-05-29,2003-03-08,3,3,5,0.125
53,1999-05-29,2003-03-08,3,4,6,0.15
53,1999-05-29,2003-03-08,3,5,4,0.1
53,1999-05-29,2003-03-08,3,6,4,0.1
53,1999-05-29,2003-03-08,3,7,2,0.05
53,1999-05-29,2003-03-08,3,8,6,0.15
53,1999-05-29,2003-03-08,3,9,7,0.175
53,1999-05-29,2003-03-08,4,1,6,0.133333
53,1999-05-29,2003-03-08,4,2,5,0.111111
53,1999-05-29,2003-03-08,4,3,5,0.111111
53,1999-05-29,2003-03-08,4,4,2,0.044444
53,1999-05-29,2003-03-08,4,5,5,0.111111
53,1999-05-29,2003-03-08,4,6,7,0.155556
53,1999-05-29,2003-03-08,4,7,6,0.133333
53,1999-05-29,2003-03-08,4,8,4,0.088889
53,1999-05-29,2003-03-08,4,9,5,0.111111
53,1999-05-29,2003-03-08,5,1,4,0.097561
53,1999-05-29,2003-03-08,5,2,5,0.121951
53,1999-05-29,2003-03-08,5,3,7,0.170732
53,1999-05-29,2003-03-08,5,4,5,0.121951
53,1999-05-29,2003-03-08,5,5,6,0.146341
53,1999-05-29,2003-03-08,5,6,2,0.04878
53,1999-05-29,2003-03-08,5,7,4,0.097561
53,1999-05-29,2003-03-08,5,8,3,0.073171
53,1999-05-29,2003-03-08,5,9,5,0.121951
53,1999-05-29,2003-03-08,6,1,10,0.192308
53,1999-05-29,2003-03-08,6,2,10,0.192308
53,1999-05-29,2003-03-08,6,3,6,0.115385
53,1999-05-29,2003-03-08,6,4,2,0.038462
53,1999-05-29,2003-03-08,6,5,5,0.096154
53,1999-05-29,2003-03-08,6,6,4,0.076923
53,1999-05-29,2003-03-08,6,7,5,0.096154
53,1999-05-29,2003-03-08,6,8,5,0.096154
53,1999-05-29,2003-03-08,6,9,5,0.096154
53,1999-05-29,2003-03-08,7,1,4,0.093023
53,1999-05-29,2003-03-08,7,2,9,0.209302
53,1999-05-29,2003-03-08,7,3,4,0.093023
53,1999-05-29,2003-03-08,7,4,5,0.116279
53,1999-05-29,2003-03-08,7,5,2,0.046512
53,1999-05-29,2003-03-08,7,6,6,0.139535
53,1999-05-29,2003-03-08,7,7,4,0.093023
53,1999-05-29,2003-03-08,7,8,5,0.116279
53,1999-05-29,2003-03-08,7,9,4,0.093023
53,1999-05-29,2003-03-08,8,1,2,0.051282
53,1999-05-29,2003-03-08,8,2,8,0.205128
53,1999-05-29,2003-03-08,8,3,3,0.076923
53,1999-05-29,2003-03-08,8,4,5,0.128205
53,1999-05-29,2003-03-08,8,5,4,0.102564
53,1999-05-29,2003-03-08,8,6,6,0.153846
53,1999-05-29,2003-03-08,8,7,5,0.128205
53,1999-05-29,2003-03-08,8,8,3,0.076923
53,1999-05-29,2003-03-08,8,9,3,0.076923
53,1999-05-29,2003-03-08,9,1,7,0.148936
53,1999-05-29,2003-03-08,9,2,2,0.042553
53,1999-05-29,2003-03-08,9,3,2,0.042553
53,1999-05-29,2003-03-08,9,4,8,0.170213
53,1999-05-29,2003-03-08,9,5,4,0.085106
53,1999-05-29,2003-03-08,9,6,11,0.234043
53,1999-05-29,2003-03-08,9,7,5,0.106383
53,1999-05-29,2003-03-08,9,8,6,0.12766
53,1999-05-29,2003-03-08,9,9,2,0.042553
54,2000-05-13,2004-02-21,1,1,3,0.065217
54,2000-05-13,2004-02-21,1,2,3,0.065217
54,2000-05-13,2004-02-21,1,3,3,0.065217
54,2000-05-13,2004-02-21,1,4,10,0.217391
54,2000-05-13,2004-02-21,1,5,7,0.152174
54,2000-05-13,2004-02-21,1,6,8,0.173913
54,2000-05-13,2004-02-21,1,7,5,0.108696
54,2000-05-13,2004-02-21,1,8,3,0.065217
54,2000-05-13,2004-02-21,1,9,4,0.086957
54,2000-05-13,2004-02-21,2,1,6,0.130435
54,2000-05-13,2004-02-21,2,2,2,0.043478
54,2000-05-13,2004-02-21,2,3,4,0.086957
54,2000-05-13,2004-02-21,2,4,5,0.108696
54,2000-05-13,2004-02-21,2,5,4,0.086957
54,2000-05-13,2004-02-21,2,6,6,0.130435
54,2000-05-13,2004-02-21,2,7,5,0.108696
54,2000-05-13,2004-02-21,2,8,4,0.086957
54,2000-05-13,2004-02-21,2,9,10,0.217391
54,2000-05-13,2004-02-21,3,1,3,0.06383
54,2000-05-13,2004-02-21,3,2,3,0.06383
54,2000-05-13,2004-02-21,3,3,8,0.170213
54,2000-05-13,2004-02-21,3,4,5,0.106383
54,2000-05-13,2004-02-21,3,5,4,0.085106
54,2000-05-13,2004-02-21,3,6,6,0.12766
54,2000-05-13,2004-02-21,3,7,3,0.06383
54,2000-05-13,2004-02-21,3,8,8,0.170213
54,2000-05-13,2004-02-21,3,9,7,0.148936
54,2000-05-13,2004-02-21,4,1,6,0.125
54,2000-05-13,2004-02-21,4,2,7,0.145833
54,2000-05-13,2004-02-21,4,3,7,0.145833
54,2000-05-13,2004-02-21,4,4,4,0.083333
54,2000-05-13,2004-02-21,4,5,5,0.104167
54,2000-05-13,2004-02-21,4,6,7,0.145833
54,2000-05-13,2004-02-21,4,7,4,0.083333
54,2000-05-13,2004-02-21,4,8,5,0.104167
54,2000-05-13,2004-02-21,4,9,3,0.0625
54,2000-05-13,2004-02-21,5,1,4,0.086957
54,2000-05-13,2004-02-21,5,2,7,0.152174
54,2000-05-13,2004-02-21,5,3,9,0.195652
54,2000-05-13,2004-02-21,5,4,6,0.130435
54,2000-05-13,2004-02-21,5,5,8,0.173913
54,2000-05-13,2004-02-21,5,6,3,0.065217
54,2000-05-13,2004-02-21,5,7,2,0.043478
54,2000-05-13,2004-02-21,5,8,2,0.043478
54,2000-05-13,2004-02-21,5,9,5,0.108696
54,2000-05-13,2004-02-21,6,1,12,0.226415
54,2000-05-13,2004-02-21,6,2,10,0.188679
54,2000-05-13,2004-02-21,6,3,5,0.09434
54,2000-05-13,2004-02-21,6,4,2,0.037736
54,2000-05-13,2004-02-21,6,5,8,0.150943
54,2000-05-13,2004-02-21,6,6,4,0.075472
54,2000-05-13,2004-02-21,6,7,4,0.075472
54,2000-05-13,2004-02-21,6,8,5,0.09434
54,2000-05-13,2004-02-21,6,9,3,0.056604
54,2000-05-13,2004-02-21,7,1,3,0.078947
54,2000-05-13,2004-02-21,7,2,5,0.131579
54,2000-05-13,2004-02-21,7,3,4,0.105263
54,2000-05-13,2004-02-21,7,4,4,0.105263
54,2000-05-13,2004-02-21,7,5,3,0.078947
54,2000-05-13,2004-02-21,7,6,7,0.184211
54,2000-05-13,2004-02-21,7,7,4,0.105263
54,2000-05-13,2004-02-21,7,8,4,0.105263
54,2000-05-13,2004-02-21,7,9,4,0.105263
54,2000-05-13,2004-02-21,8,1,1,0.027027
54,2000-05-13,2004-02-21,8,2,8,0.216216
54,2000-05-13,2004-02-21,8,3,4,0.108108
54,2000-05-13,2004-02-21,8,4,6,0.162162
54,2000-05-13,2004-02-21,8,5,2,0.054054
54,2000-05-13,2004-02-21,8,6,6,0.162162
54,2000-05-13,2004-02-21,8,7,5,0.135135
54,2000-05-13,2004-02-21,8,8,2,0.054054
54,2000-05-13,2004-02-21,8,9,3,0.081081
54,2000-05-13,2004-02-21,9,1,8,0.205128
54,2000-05-13,2004-02-21,9,2,1,0.025641
54,2000-05-13,2004-02-21,9,3,3,0.076923
54,2000-05-13,2004-02-21,9,4,6,0.153846
54,2000-05-13,2004-02-21,9,5,5,0.128205
54,2000-05-13,2004-02-21,9,6,6,0.153846
54,2000-05-13,2004-02-21,9,7,5,0.128205
54,2000-05-13,2004-02-21,9,8,4,0.102564
54,2000-05-13,2004-02-21,9,9,1,0.025641
55,2001-04-28,2005-02-05,1,1,1,0.027027
55,2001-04-28,2005-02-05,1,2,1,0.027027
55,2001-04-28,2005-02-05,1,3,3,0.081081
55,2001-04-28,2005-02-05,1,4,6,0.162162
55,2001-04-28,2005-02-05,1,5,4,0.108108
55,2001-04-28,2005-02-05,1,6,7,0.189189
55,2001-04-28,2005-02-05,1,7,6,0.162162
55,2001-04-28,2005-02-05,1,8,5,0.135135
55,2001-04-28,2005-02-05,1,9,4,0.108108
55,2001-04-28,2005-02-05,2,1,5,0.1
55,2001-04-28,2005-02-05,2,2,1,0.02
55,2001-04-28,2005-02-05,2,3,7,0.14
55,2001-04-28,2005-02-05,2,4,6,0.12
55,2001-04-28,2005-02-05,2,5,3,0.06
55,2001-04-28,2005-02-05,2,6,8,0.16
55,2001-04-28,2005-02-05,2,7,4,0.08
55,2001-04-28,2005-02-05,2,8,6,0.12
55,2001-04-28,2005-02-05,2,9,10,0.2
55,2001-04-28,2005-02-05,3,1,1,0.02381
55,2001-04-28,2005-02-05,3,2,3,0.071429
55,2001-04-28,2005-02-05,3,3,5,0.119048
55,2001-04-28,2005-02-05,3,4,5,0.119048
55,2001-04-28,2005-02-05,3,5,3,0.071429
55,2001-04-28,2005-02-05,3,6,6,0.142857
55,2001-04-28,2005-02-05,3,7,5,0.119048
55,2001-04-28,2005-02-05,3,8,7,0.166667
55,2001-04-28,2005-02-05,3,9,7,0.166667
55,2001-04-28,2005-02-05,4,1,3,0.058824
55,2001-04-28,2005-02-05,4,2,10,0.196078
55,2001-04-28,2005-02-05,4,3,6,0.117647
55,2001-04-28,2005-02-05,4,4,7,0.137255
55,2001-04-28,2005-02-05,4,5,5,0.098039
55,2001-04-28,2005-02-05,4,6,8,0.156863
55,2001-04-28,2005-02-05,4,7,2,0.039216
55,2001-04-28,2005-02-05,4,8,4,0.078431
55,2001-04-28,2005-02-05,4,9,6,0.117647
55,2001-04-28,2005-02-05,5,1,4,0.088889
55,2001-04-28,2005-02-05,5,2,6,0.133333
55,2001-04-28,2005-02-05,5,3,8,0.177778
55,2001-04-28,2005-02-05,5,4,6,0.133333
55,2001-04-28,2005-02-05,5,5,8,0.177778
55,2001-04-28,2005-02-05,5,6,4,0.088889
55,2001-04-28,2005-02-05,5,7,4,0.088889
55,2001-04-28,2005-02-05,5,8,3,0.066667
55,2001-04-28,2005-02-05,5,9,2,0.044444
55,2001-04-28,2005-02-05,6,1,11,0.211538
55,2001-04-28,2005-02-05,6,2,10,0.192308
55,2001-04-28,2005-02-05,6,3,4,0.076923
55,2001-04-28,2005-02-05,6,4,4,0.076923
55,2001-04-28,2005-02-05,6,5,7,0.134615
55,2001-04-28,2005-02-05,6,6,4,0.076923
55,2001-04-28,2005-02-05,6,7,4,0.076923
55,2001-04-28,2005-02-05,6,8,5,0.096154
55,2001-04-28,2005-02-05,6,9,3,0.057692
55,2001-04-28,2005-02-05,7,1,2,0.05
55,2001-04-28,2005-02-05,7,2,6,0.15
55,2001-04-28,2005-02-05,7,3,3,0.075
55,2001-04-28,2005-02-05,7,4,3,0.075
55,2001-04-28,2005-02-05,7,5,7,0.175
55,2001-04-28,2005-02-05,7,6,4,0.1
55,2001-04-28,2005-02-05,7,7,4,0.1
55,2001-04-28,2005-02-05,7,8,7,0.175
55,2001-04-28,2005-02-05,7,9,4,0.1
55,2001-04-28,2005-02-05,8,1,1,0.02381
55,2001-04-28,2005-02-05,8,2,10,0.238095
55,2001-04-28,2005-02-05,8,3,3,0.071429
55,2001-04-28,2005-02-05,8,4,8,0.190476
55,2001-04-28,2005-02-05,8,5,3,0.071429
55,2001-04-28,2005-02-05,8,6,6,0.142857
55,2001-04-28,2005-02-05,8,7,6,0.142857
55,2001-04-28,2005-02-05,8,8,1,0.02381
55,2001-04-28,2005-02-05,8,9,4,0.095238
55,2001-04-28,2005-02-05,9,1,9,0.219512
55,2001-04-28,2005-02-05,9,2,4,0.097561
55,2001-04-28,2005-02-05,9,3,2,0.04878
55,2001-04-28,2005-02-05,9,4,6,0.146341
55,2001-04-28,2005-02-05,9,5,5,0.121951
55,2001-04-28,2005-02-05,9,6,5,0.121951
55,2001-04-28,2005-02-05,9,7,5,0.121951
55,2001-04-28,2005-02-05,9,8,4,0.097561
55,2001-04-28,2005-02-05,9,9,1,0.02439
56,2002-04-10,2005-11-10,1,1,2,0.04878
56,2002-04-10,2005-11-10,1,2,4,0.097561
56,2002-04-10,2005-11-10,1,3,3,0.073171
56,2002-04-10,2005-11-10,1,4,4,0.097561
56,2002-04-10,2005-11-10,1,5,3,0.073171
56,2002-04-10,2005-11-10,1,6,5,0.121951
56,2002-04-10,2005-11-10,1,7,7,0.170732
56,2002-04-10,2005-11-10,1,8,7,0.170732
56,2002-04-10,2005-11-10,1,9,6,0.146341
56,2002-04-10,2005-11-10,2,1,8,0.16
56,2002-04-10,2005-11-10,2,2,1,0.02
56,2002-04-10,2005-11-10,2,3,6,0.12
56,2002-04-10,2005-11-10,2,4,5,0.1
56,2002-04-10,2005-11-10,2,5,4,0.08
56,2002-04-10,2005-11-10,2,6,6,0.12
56,2002-04-10,2005-11-10,2,7,5,0.1
56,2002-04-10,2005-11-10,2,8,7,0.14
56,2002-04-10,2005-11-10,2,9,8,0.16
56,2002-04-10,2005-11-10,3,1,3,0.073171
56,2002-04-10,2005-11-10,3,2,3,0.073171
56,2002-04-10,2005-11-10,3,3,5,0.121951
56,2002-04-10,2005-11-10,3,4,4,0.097561
56,2002-04-10,2005-11-10,3,5,3,0.073171
56,2002-04-10,2005-11-10,3,6,5,0.121951
56,2002-04-10,2005-11-10,3,7,5,0.121951
56,2002-04-10,2005-11-10,3,8,7,0.170732
56,2002-04-10,2005-11-10,3,9,6,0.146341
56,2002-04-10,2005-11-10,4,1,2,0.04
56,2002-04-10,2005-11-10,4,2,12,0.24
56,2002-04-10,2005-11-10,4,3,6,0.12
56,2002-04-10,2005-11-10,4,4,9,0.18
56,2002-04-10,2005-11-10,4,5,4,0.08
56,2002-04-10,2005-11-10,4,6,5,0.1
56,2002-04-10,2005-11-10,4,7,2,0.04
56,2002-04-10,2005-11-10,4,8,3,0.06
56,2002-04-10,2005-11-10,4,9,7,0.14
56,2002-04-10,2005-11-10,5,1,2,0.046512
56,2002-04-10,2005-11-10,5,2,7,0.162791
56,2002-04-10,2005-11-10,5,3,7,0.162791
56,2002-04-10,2005-11-10,5,4,5,0.116279
56,2002-04-10,2005-11-10,5,5,5,0.116279
56,2002-04-10,2005-11-10,5,6,4,0.093023
56,2002-04-10,2005-11-10,5,7,5,0.116279
56,2002-04-10,2005-11-10,5,8,5,0.116279
56,2002-04-10,2005-11-10,5,9,3,0.069767
56,2002-04-10,2005-11-10,6,1,9,0.209302
56,2002-04-10,2005-11-10,6,2,3,0.069767
56,2002-04-10,2005-11-10,6,3,4,0.093023
56,2002-04-10,2005-11-10,6,4,5,0.116279
56,2002-04-10,2005-11-10,6,5,5,0.116279
56,2002-04-10,2005-11-10,6,6,4,0.093023
56,2002-04-10,2005-11-10,6,7,4,0.093023
56,2002-04-10,2005-11-10,6,8,6,0.139535
56,2002-04-10,2005-11-10,6,9,3,0.069767
56,2002-04-10,2005-11-10,7,1,5,0.125
56,2002-04-10,2005-11-10,7,2,4,0.1
56,2002-04-10,2005-11-10,7,3,3,0.075
56,2002-04-10,2005-11-10,7,4,1,0.025
56,2002-04-10,2005-11-10,7,5,9,0.225
56,2002-04-10,2005-11-10,7,6,4,0.1
56,2002-04-10,2005-11-10,7,7,3,0.075
56,2002-04-10,2005-11-10,7,8,8,0.2
56,2002-04-10,2005-11-10,7,9,3,0.075
56,2002-04-10,2005-11-10,8,1,3,0.058824
56,2002-04-10,2005-11-10,8,2,10,0.196078
56,2002-04-10,2005-11-10,8,3,5,0.098039
56,2002-04-10,2005-11-10,8,4,10,0.196078
56,2002-04-10,2005-11-10,8,5,4,0.078431
56,2002-04-10,2005-11-10,8,6,5,0.098039
56,2002-04-10,2005-11-10,8,7,7,0.137255
56,2002-04-10,2005-11-10,8,8,3,0.058824
56,2002-04-10,2005-11-10,8,9,4,0.078431
56,2002-04-10,2005-11-10,9,1,7,0.170732
56,2002-04-10,2005-11-10,9,2,6,0.146341
56,2002-04-10,2005-11-10,9,3,2,0.04878
56,2002-04-10,2005-11-10,9,4,7,0.170732
56,2002-04-10,2005-11-10,9,5,5,0.121951
56,2002-04-10,2005-11-10,9,6,5,0.121951
56,2002-04-10,2005-11-10,9,7,2,0.04878
56,2002-04-10,2005-11-10,9,8,6,0.146341
56,2002-04-10,2005-11-10,9,9,1,0.02439
57,2003-03-08,2006-07-01,1,1,2,0.046512
57,2003-03-08,2006-07-01,1,2,7,0.162791
57,2003-03-08,2006-07-01,1,3,2,0.046512
57,2003-03-08,2006-07-01,1,4,3,0.069767
57,2003-03-08,2006-07-01,1,5,2,0.046512
57,2003-03-08,2006-07-01,1,6,8,0.186047
57,2003-03-08,2006-07-01,1,7,8,0.186047
57,2003-03-08,2006-07-01,1,8,7,0.162791
57,2003-03-08,2006-07-01,1,9,4,0.093023
57,2003-03-08,2006-07-01,2,1,8,0.156863
57,2003-03-08,2006-07-01,2,2,2,0.039216
57,2003-03-08,2006-07-01,2,3,5,0.098039
57,2003-03-08,2006-07-01,2,4,5,0.098039
57,2003-03-08,2006-07-01,2,5,4,0.078431
57,2003-03-08,2006-07-01,2,6,9,0.176471
57,2003-03-08,2006-07-01,2,7,3,0.058824
57,2003-03-08,2006-07-01,2,8,8,0.156863
57,2003-03-08,2006-07-01,2,9,7,0.137255
57,2003-03-08,2006-07-01,3,1,3,0.073171
57,2003-03-08,2006-07-01,3,2,3,0.073171
57,2003-03-08,2006-07-01,3,3,9,0.219512
57,2003-03-08,2006-07-01,3,4,4,0.097561
57,2003-03-08,2006-07-01,3,5,2,0.04878
57,2003-03-08,2006-07-01,3,6,6,0.146341
57,2003-03-08,2006-07-01,3,7,5,0.121951
57,2003-03-08,2006-07-01,3,8,5,0.121951
57,2003-03-08,2006-07-01,3,9,4,0.097561
57,2003-03-08,2006-07-01,4,1,1,0.02
57,2003-03-08,2006-07-01,4,2,9,0.18
57,2003-03-08,2006-07-01,4,3,6,0.12
57,2003-03-08,2006-07-01,4,4,10,0.2
57,2003-03-08,2006-07-01,4,5,2,0.04
57,2003-03-08,2006-07-01,4,6,4,0.08
57,2003-03-08,2006-07-01,4,7,3,0.06
57,2003-03-08,2006-07-01,4,8,5,0.1
57,2003-03-08,2006-07-01,4,9,10,0.2
57,2003-03-08,2006-07-01,5,1,4,0.105263
57,2003-03-08,2006-07-01,5,2,7,0.184211
57,2003-03-08,2006-07-01,5,3,7,0.184211
57,2003-03-08,2006-07-01,5,4,4,0.105263
57,2003-03-08,2006-07-01,5,5,5,0.131579
57,2003-03-08,2006-07-01,5,6,3,0.078947
57,2003-03-08,2006-07-01,5,7,4,0.105263
57,2003-03-08,2006-07-01,5,8,3,0.078947
57,2003-03-08,2006-07-01,5,9,1,0.026316
57,2003-03-08,2006-07-01,6,1,9,0.1875
57,2003-03-08,2006-07-01,6,2,3,0.0625
57,2003-03-08,2006-07-01,6,3,4,0.083333
57,2003-03-08,2006-07-01,6,4,5,0.104167
57,2003-03-08,2006-07-01,6,5,5,0.104167
57,2003-03-08,2006-07-01,6,6,6,0.125
57,2003-03-08,2006-07-01,6,7,6,0.125
57,2003-03-08,2006-07-01,6,8,7,0.145833
57,2003-03-08,2006-07-01,6,9,3,0.0625
57,2003-03-08,2006-07-01,7,1,9,0.2
57,2003-03-08,2006-07-01,7,2,6,0.133333
57,2003-03-08,2006-07-01,7,3,0,0.0
57,2003-03-08,2006-07-01,7,4,4,0.088889
57,2003-03-08,2006-07-01,7,5,11,0.244444
57,2003-03-08,2006-07-01,7,6,3,0.066667
57,2003-03-08,2006-07-01,7,7,3,0.066667
57,2003-03-08,2006-07-01,7,8,8,0.177778
57,2003-03-08,2006-07-01,7,9,1,0.022222
57,2003-03-08,2006-07-01,8,1,4,0.078431
57,2003-03-08,2006-07-01,8,2,9,0.176471
57,2003-03-08,2006-07-01,8,3,5,0.098039
57,2003-03-08,2006-07-01,8,4,9,0.176471
57,2003-03-08,2006-07-01,8,5,4,0.078431
57,2003-03-08,2006-07-01,8,6,6,0.117647
57,2003-03-08,2006-07-01,8,7,8,0.156863
57,2003-03-08,2006-07-01,8,8,4,0.078431
57,2003-03-08,2006-07-01,8,9,2,0.039216
57,2003-03-08,2006-07-01,9,1,4,0.121212
57,2003-03-08,2006-07-01,9,2,5,0.151515
57,2003-03-08,2006-07-01,9,3,3,0.090909
57,2003-03-08,2006-07-01,9,4,5,0.151515
57,2003-03-08,2006-07-01,9,5,3,0.090909
57,2003-03-08,2006-07-01,9,6,3,0.090909
57,2003-03-08,2006-07-01,9,7,5,0.151515
57,2003-03-08,2006-07-01,9,8,4,0.121212
57,2003-03-08,2006-07-01,9,9,1,0.030303
58,2004-02-21,2007-02-20,1,1,5,0.102041
58,2004-02-21,2007-02-20,1,2,8,0.163265
58,2004-02-21,2007-02-20,1,3,3,0.061224
58,2004-02-21,2007-02-20,1,4,3,0.061224
58,2004-02-21,2007-02-20,1,5,4,0.081633
58,2004-02-21,2007-02-20,1,6,5,0.102041
58,2004-02-21,2007-02-20,1,7,7,0.142857
58,2004-02-21,2007-02-20,1,8,8,0.163265
58,2004-02-21,2007-02-20,1,9,6,0.122449
58,2004-02-21,2007-02-20,2,1,7,0.142857
58,2004-02-21,2007-02-20,2,2,3,0.061224
58,2004-02-21,2007-02-20,2,3,4,0.081633
58,2004-02-21,2007-02-20,2,4,3,0.061224
58,2004-02-21,2007-02-20,2,5,7,0.142857
58,2004-02-21,2007-02-20,2,6,8,0.163265
58,2004-02-21,2007-02-20,2,7,3,0.061224
58,2004-02-21,2007-02-20,2,8,6,0.122449
58,2004-02-21,2007-02-20,2,9,8,0.163265
58,2004-02-21,2007-02-20,3,1,6,0.166667
58,2004-02-21,2007-02-20,3,2,3,0.083333
58,2004-02-21,2007-02-20,3,3,6,0.166667
58,2004-02-21,2007-02-20,3,4,2,0.055556
58,2004-02-21,2007-02-20,3,5,1,0.027778
58,2004-02-21,2007-02-20,3,6,6,0.166667
58,2004-02-21,2007-02-20,3,7,6,0.166667
58,2004-02-21,2007-02-20,3,8,3,0.083333
58,2004-02-21,2007-02-20,3,9,3,0.083333
58,2004-02-21,2007-02-20,4,1,1,0.02381
58,2004-02-21,2007-02-20,4,2,7,0.166667
58,2004-02-21,2007-02-20,4,3,2,0.047619
58,2004-02-21,2007-02-20,4,4,7,0.166667
58,2004-02-21,2007-02-20,4,5,3,0.071429
58,2004-02-21,2007-02-20,4,6,5,0.119048
58,2004-02-21,2007-02-20,4,7,4,0.095238
58,2004-02-21,2007-02-20,4,8,4,0.095238
58,2004-02-21,2007-02-20,4,9,9,0.214286
58,2004-02-21,2007-02-20,5,1,5,0.119048
58,2004-02-21,2007-02-20,5,2,5,0.119048
58,2004-02-21,2007-02-20,5,3,8,0.190476
58,2004-02-21,2007-02-20,5,4,3,0.071429
58,2004-02-21,2007-02-20,5,5,5,0.119048
58,2004-02-21,2007-02-20,5,6,4,0.095238
58,2004-02-21,2007-02-20,5,7,5,0.119048
58,2004-02-21,2007-02-20,5,8,5,0.119048
58,2004-02-21,2007-02-20,5,9,2,0.047619
58,2004-02-21,2007-02-20,6,1,7,0.159091
58,2004-02-21,2007-02-20,6,2,3,0.068182
58,2004-02-21,2007-02-20,6,3,3,0.068182
58,2004-02-21,2007-02-20,6,4,5,0.113636
58,2004-02-21,2007-02-20,6,5,3,0.068182
58,2004-02-21,2007-02-20,6,6,6,0.136364
58,2004-02-21,2007-02-20,6,7,7,0.159091
58,2004-02-21,2007-02-20,6,8,8,0.181818
58,2004-02-21,2007-02-20,6,9,2,0.045455
58,2004-02-21,2007-02-20,7,1,10,0.2
58,2004-02-21,2007-02-20,7,2,6,0.12
58,2004-02-21,2007-02-20,7,3,1,0.02
58,2004-02-21,2007-02-20,7,4,5,0.1
58,2004-02-21,2007-02-20,7,5,12,0.24
58,2004-02-21,2007-02-20,7,6,3,0.06
58,2004-02-21,2007-02-20,7,7,3,0.06
58,2004-02-21,2007-02-20,7,8,8,0.16
58,2004-02-21,2007-02-20,7,9,2,0.04
58,2004-02-21,2007-02-20,8,1,5,0.092593
58,2004-02-21,2007-02-20,8,2,8,0.148148
58,2004-02-21,2007-02-20,8,3,7,0.12963
58,2004-02-21,2007-02-20,8,4,8,0.148148
58,2004-02-21,2007-02-20,8,5,5,0.092593
58,2004-02-21,2007-02-20,8,6,3,0.055556
58,2004-02-21,2007-02-20,8,7,10,0.185185
58,2004-02-21,2007-02-20,8,8,7,0.12963
58,2004-02-21,2007-02-20,8,9,1,0.018519
58,2004-02-21,2007-02-20,9,1,3,0.088235
58,2004-02-21,2007-02-20,9,2,6,0.176471
58,2004-02-21,2007-02-20,9,3,3,0.088235
58,2004-02-21,2007-02-20,9,4,6,0.176471
58,2004-02-21,2007-02-20,9,5,2,0.058824
58,2004-02-21,2007-02-20,9,6,4,0.117647
58,2004-02-21,2007-02-20,9,7,5,0.147059
58,2004-02-21,2007-02-20,9,8,5,0.147059
58,2004-02-21,2007-02-20,9,9,0,0.0
59,2005-02-05,2007-10-11,1,1,8,0.142857
59,2005-02-05,2007-10-11,1,2,11,0.196429
59,2005-02-05,2007-10-11,1,3,2,0.035714
59,2005-02-05,2007-10-11,1,4,6,0.107143
59,2005-02-05,2007-10-11,1,5,5,0.089286
59,2005-02-05,2007-10-11,1,6,5,0.089286
59,2005-02-05,2007-10-11,1,7,5,0.089286
59,2005-02-05,2007-10-11,1,8,9,0.160714
59,2005-02-05,2007-10-11,1,9,5,0.089286
59,2005-02-05,2007-10-11,2,1,9,0.195652
59,2005-02-05,2007-10-11,2,2,2,0.043478
59,2005-02-05,2007-10-11,2,3,1,0.021739
59,2005-02-05,2007-10-11,2,4,2,0.043478
59,2005-02-05,2007-10-11,2,5,7,0.152174
59,2005-02-05,2007-10-11,2,6,7,0.152174
59,2005-02-05,2007-10-11,2,7,4,0.086957
59,2005-02-05,2007-10-11,2,8,6,0.130435
59,2005-02-05,2007-10-11,2,9,8,0.173913
59,2005-02-05,2007-10-11,3,1,10,0.243902
59,2005-02-05,2007-10-11,3,2,4,0.097561
59,2005-02-05,2007-10-11,3,3,5,0.121951
59,2005-02-05,2007-10-11,3,4,2,0.04878
59,2005-02-05,2007-10-11,3,5,2,0.04878
59,2005-02-05,2007-10-11,3,6,6,0.146341
59,2005-02-05,2007-10-11,3,7,4,0.097561
59,2005-02-05,2007-10-11,3,8,3,0.073171
59,2005-02-05,2007-10-11,3,9,5,0.121951
59,2005-02-05,2007-10-11,4,1,0,0.0
59,2005-02-05,2007-10-11,4,2,5,0.125
59,2005-02-05,2007-10-11,4,3,4,0.1
59,2005-02-05,2007-10-11,4,4,5,0.125
59,2005-02-05,2007-10-11,4,5,3,0.075
59,2005-02-05,2007-10-11,4,6,5,0.125
59,2005-02-05,2007-10-11,4,7,7,0.175
59,2005-02-05,2007-10-11,4,8,5,0.125
59,2005-02-05,2007-10-11,4,9,6,0.15
59,2005-02-05,2007-10-11,5,1,5,0.128205
59,2005-02-05,2007-10-11,5,2,4,0.102564
59,2005-02-05,2007-10-11,5,3,9,0.230769
59,2005-02-05,2007-10-11,5,4,1,0.025641
59,2005-02-05,2007-10-11,5,5,5,0.128205
59,2005-02-05,2007-10-11,5,6,4,0.102564
59,2005-02-05,2007-10-11,5,7,2,0.051282
59,2005-02-05,2007-10-11,5,8,5,0.128205
59,2005-02-05,2007-10-11,5,9,4,0.102564
59,2005-02-05,2007-10-11,6,1,5,0.111111
59,2005-02-05,2007-10-11,6,2,3,0.066667
59,2005-02-05,2007-10-11,6,3,5,0.111111
59,2005-02-05,2007-10-11,6,4,5,0.111111
59,2005-02-05,2007-10-11,6,5,4,0.088889
59,2005-02-05,2007-10-11,6,6,4,0.088889
59,2005-02-05,2007-10-11,6,7,7,0.155556
59,2005-02-05,2007-10-11,6,8,10,0.222222
59,2005-02-05,2007-10-11,6,9,2,0.044444
59,2005-02-05,2007-10-11,7,1,10,0.227273
59,2005-02-05,2007-10-11,7,2,3,0.068182
59,2005-02-05,2007-10-11,7,3,1,0.022727
59,2005-02-05,2007-10-11,7,4,5,0.113636
59,2005-02-05,2007-10-11,7,5,8,0.181818
59,2005-02-05,2007-10-11,7,6,6,0.136364
59,2005-02-05,2007-10-11,7,7,3,0.068182
59,2005-02-05,2007-10-11,7,8,6,0.136364
59,2005-02-05,2007-10-11,7,9,2,0.045455
59,2005-02-05,2007-10-11,8,1,6,0.105263
59,2005-02-05,2007-10-11,8,2,9,0.157895
59,2005-02-05,2007-10-11,8,3,10,0.175439
59,2005-02-05,2007-10-11,8,4,7,0.122807
59,2005-02-05,2007-10-11,8,5,5,0.087719
59,2005-02-05,2007-10-11,8,6,4,0.070175
59,2005-02-05,2007-10-11,8,7,8,0.140351
59,2005-02-05,2007-10-11,8,8,8,0.140351
59,2005-02-05,2007-10-11,8,9,0,0.0
59,2005-02-05,2007-10-11,9,1,3,0.09375
59,2005-02-05,2007-10-11,9,2,4,0.125
59,2005-02-05,2007-10-11,9,3,4,0.125
59,2005-02-05,2007-10-11,9,4,8,0.25
59,2005-02-05,2007-10-11,9,5,0,0.0
59,2005-02-05,2007-10-11,9,6,4,0.125
59,2005-02-05,2007-10-11,9,7,4,0.125
59,2005-02-05,2007-10-11,9,8,5,0.15625
59,2005-02-05,2007-10-11,9,9,0,0.0
60,2005-11-10,2008-05-31,1,1,8,0.140351
60,2005-11-10,2008-05-31,1,2,12,0.210526
60,2005-11-10,2008-05-31,1,3,3,0.052632
60,2005-11-10,2008-05-31,1,4,5,0.087719
60,2005-11-10,2008-05-31,1,5,5,0.087719
60,2005-11-10,2008-05-31,1,6,8,0.140351
60,2005-11-10,2008-05-31,1,7,5,0.087719
60,2005-11-10,2008-05-31,1,8,9,0.157895
60,2005-11-10,2008-05-31,1,9,2,0.035088
60,2005-11-10,2008-05-31,2,1,8,0.195122
60,2005-11-10,2008-05-31,2,2,4,0.097561
60,2005-11-10,2008-05-31,2,3,1,0.02439
60,2005-11-10,2008-05-31,2,4,2,0.04878
60,2005-11-10,2008-05-31,2,5,4,0.097561
60,2005-11-10,2008-05-31,2,6,8,0.195122
60,2005-11-10,2008-05-31,2,7,3,0.073171
60,2005-11-10,2008-05-31,2,8,5,0.121951
60,2005-11-10,2008-05-31,2,9,6,0.146341
60,2005-11-10,2008-05-31,3,1,8,0.170213
60,2005-11-10,2008-05-31,3,2,4,0.085106
60,2005-11-10,2008-05-31,3,3,5,0.106383
60,2005-11-10,2008-05-31,3,4,2,0.042553
60,2005-11-10,2008-05-31,3,5,4,0.085106
60,2005-11-10,2008-05-31,3,6,8,0.170213
60,2005-11-10,2008-05-31,3,7,7,0.148936
60,2005-11-10,2008-05-31,3,8,2,0.042553
60,2005-11-10,2008-05-31,3,9,7,0.148936
60,2005-11-10,2008-05-31,4,1,2,0.051282
60,2005-11-10,2008-05-31,4,2,3,0.076923
60,2005-11-10,2008-05-31,4,3,3,0.076923
60,2005-11-10,2008-05-31,4,4,4,0.102564
60,2005-11-10,2008-05-31,4,5,2,0.051282
60,2005-11-10,2008-05-31,4,6,6,0.153846
60,2005-11-10,2008-05-31,4,7,6,0.153846
60,2005-11-10,2008-05-31,4,8,7,0.179487
60,2005-11-10,2008-05-31,4,9,6,0.153846
60,2005-11-10,2008-05-31,5,1,5,0.15625
60,2005-11-10,2008-05-31,5,2,3,0.09375
60,2005-11-10,2008-05-31,5,3,8,0.25
60,2005-11-10,2008-05-31,5,4,1,0.03125
60,2005-11-10,2008-05-31,5,5,4,0.125
60,2005-11-10,2008-05-31,5,6,4,0.125
60,2005-11-10,2008-05-31,5,7,1,0.03125
60,2005-11-10,2008-05-31,5,8,3,0.09375
60,2005-11-10,2008-05-31,5,9,3,0.09375
60,2005-11-10,2008-05-31,6,1,7,0.142857
60,2005-11-10,2008-05-31,6,2,4,0.081633
60,2005-11-10,2008-05-31,6,3,6,0.122449
60,2005-11-10,2008-05-31,6,4,5,0.102041
60,2005-11-10,2008-05-31,6,5,4,0.081633
60,2005-11-10,2008-05-31,6,6,4,0.081633
60,2005-11-10,2008-05-31,6,7,6,0.122449
60,2005-11-10,2008-05-31,6,8,8,0.163265
60,2005-11-10,2008-05-31,6,9,5,0.102041
60,2005-11-10,2008-05-31,7,1,7,0.159091
60,2005-11-10,2008-05-31,7,2,3,0.068182
60,2005-11-10,2008-05-31,7,3,2,0.045455
60,2005-11-10,2008-05-31,7,4,7,0.159091
60,2005-11-10,2008-05-31,7,5,5,0.113636
60,2005-11-10,2008-05-31,7,6,6,0.136364
60,2005-11-10,2008-05-31,7,7,4,0.090909
60,2005-11-10,2008-05-31,7,8,7,0.159091
60,2005-11-10,2008-05-31,7,9,3,0.068182
60,2005-11-10,2008-05-31,8,1,5,0.092593
60,2005-11-10,2008-05-31,8,2,6,0.111111
60,2005-11-10,2008-05-31,8,3,11,0.203704
60,2005-11-10,2008-05-31,8,4,5,0.092593
60,2005-11-10,2008-05-31,8,5,4,0.074074
60,2005-11-10,2008-05-31,8,6,3,0.055556
60,2005-11-10,2008-05-31,8,7,7,0.12963
60,2005-11-10,2008-05-31,8,8,8,0.148148
60,2005-11-10,2008-05-31,8,9,5,0.092593
60,2005-11-10,2008-05-31,9,1,7,0.189189
60,2005-11-10,2008-05-31,9,2,2,0.054054
60,2005-11-10,2008-05-31,9,3,8,0.216216
60,2005-11-10,2008-05-31,9,4,8,0.216216
60,2005-11-10,2008-05-31,9,5,0,0.0
60,2005-11-10,2008-05-31,9,6,3,0.081081
60,2005-11-10,2008-05-31,9,7,5,0.135135
60,2005-11-10,2008-05-31,9,8,4,0.108108
60,2005-11-10,2008-05-31,9,9,0,0.0
61,2006-07-01,2009-01-20,1,1,8,0.137931
61,2006-07-01,2009-01-20,1,2,11,0.189655
61,2006-07-01,2009-01-20,1,3,7,0.12069
61,2006-07-01,2009-01-20,1,4,8,0.137931
61,2006-07-01,2009-01-20,1,5,5,0.086207
61,2006-07-01,2009-01-20,1,6,4,0.068966
61,2006-07-01,2009-01-20,1,7,3,0.051724
61,2006-07-01,2009-01-20,1,8,7,0.12069
61,2006-07-01,2009-01-20,1,9,5,0.086207
61,2006-07-01,2009-01-20,2,1,9,0.204545
61,2006-07-01,2009-01-20,2,2,4,0.090909
61,2006-07-01,2009-01-20,2,3,3,0.068182
61,2006-07-01,2009-01-20,2,4,2,0.045455
61,2006-07-01,2009-01-20,2,5,3,0.068182
61,2006-07-01,2009-01-20,2,6,9,0.204545
61,2006-07-01,2009-01-20,2,7,4,0.090909
61,2006-07-01,2009-01-20,2,8,4,0.090909
61,2006-07-01,2009-01-20,2,9,6,0.136364
61,2006-07-01,2009-01-20,3,1,10,0.2
61,2006-07-01,2009-01-20,3,2,6,0.12
61,2006-07-01,2009-01-20,3,3,1,0.02
61,2006-07-01,2009-01-20,3,4,2,0.04
61,2006-07-01,2009-01-20,3,5,6,0.12
61,2006-07-01,2009-01-20,3,6,10,0.2
61,2006-07-01,2009-01-20,3,7,7,0.14
61,2006-07-01,2009-01-20,3,8,1,0.02
61,2006-07-01,2009-01-20,3,9,7,0.14
61,2006-07-01,2009-01-20,4,1,4,0.093023
61,2006-07-01,2009-01-20,4,2,3,0.069767
61,2006-07-01,2009-01-20,4,3,6,0.139535
61,2006-07-01,2009-01-20,4,4,3,0.069767
61,2006-07-01,2009-01-20,4,5,1,0.023256
61,2006-07-01,2009-01-20,4,6,9,0.209302
61,2006-07-01,2009-01-20,4,7,8,0.186047
61,2006-07-01,2009-01-20,4,8,5,0.116279
61,2006-07-01,2009-01-20,4,9,4,0.093023
61,2006-07-01,2009-01-20,5,1,4,0.117647
61,2006-07-01,2009-01-20,5,2,3,0.088235
61,2006-07-01,2009-01-20,5,3,5,0.147059
61,2006-07-01,2009-01-20,5,4,3,0.088235
61,2006-07-01,2009-01-20,5,5,6,0.176471
61,2006-07-01,2009-01-20,5,6,4,0.117647
61,2006-07-01,2009-01-20,5,7,2,0.058824
61,2006-07-01,2009-01-20,5,8,3,0.088235
61,2006-07-01,2009-01-20,5,9,4,0.117647
61,2006-07-01,2009-01-20,6,1,7,0.137255
61,2006-07-01,2009-01-20,6,2,7,0.137255
61,2006-07-01,2009-01-20,6,3,7,0.137255
61,2006-07-01,2009-01-20,6,4,9,0.176471
61,2006-07-01,2009-01-20,6,5,2,0.039216
61,2006-07-01,2009-01-20,6,6,3,0.058824
61,2006-07-01,2009-01-20,6,7,4,0.078431
61,2006-07-01,2009-01-20,6,8,5,0.098039
61,2006-07-01,2009-01-20,6,9,7,0.137255
61,2006-07-01,2009-01-20,7,1,4,0.111111
61,2006-07-01,2009-01-20,7,2,2,0.055556
61,2006-07-01,2009-01-20,7,3,3,0.083333
61,2006-07-01,2009-01-20,7,4,5,0.138889
61,2006-07-01,2009-01-20,7,5,5,0.138889
61,2006-07-01,2009-01-20,7,6,7,0.194444
61,2006-07-01,2009-01-20,7,7,2,0.055556
61,2006-07-01,2009-01-20,7,8,6,0.166667
61,2006-07-01,2009-01-20,7,9,2,0.055556
61,2006-07-01,2009-01-20,8,1,4,0.093023
61,2006-07-01,2009-01-20,8,2,5,0.116279
61,2006-07-01,2009-01-20,8,3,11,0.255814
61,2006-07-01,2009-01-20,8,4,3,0.069767
61,2006-07-01,2009-01-20,8,5,2,0.046512
61,2006-07-01,2009-01-20,8,6,2,0.046512
61,2006-07-01,2009-01-20,8,7,4,0.093023
61,2006-07-01,2009-01-20,8,8,7,0.162791
61,2006-07-01,2009-01-20,8,9,5,0.116279
61,2006-07-01,2009-01-20,9,1,8,0.195122
61,2006-07-01,2009-01-20,9,2,3,0.073171
61,2006-07-01,2009-01-20,9,3,7,0.170732
61,2006-07-01,2009-01-20,9,4,8,0.195122
61,2006-07-01,2009-01-20,9,5,4,0.097561
61,2006-07-01,2009-01-20,9,6,3,0.073171
61,2006-07-01,2009-01-20,9,7,2,0.04878
61,2006-07-01,2009-01-20,9,8,5,0.121951
61,2006-07-01,2009-01-20,9,9,1,0.02439
62,2007-02-20,2009-09-10,1,1,5,0.090909
62,2007-02-20,2009-09-10,1,2,10,0.181818
62,2007-02-20,2009-09-10,1,3,8,0.145455
62,2007-02-20,2009-09-10,1,4,10,0.181818
62,2007-02-20,2009-09-10,1,5,3,0.054545
62,2007-02-20,2009-09-10,1,6,4,0.072727
62,2007-02-20,2009-09-10,1,7,4,0.072727
62,2007-02-20,2009-09-10,1,8,5,0.090909
62,2007-02-20,2009-09-10,1,9,6,0.109091
62,2007-02-20,2009-09-10,2,1,13,0.302326
62,2007-02-20,2009-09-10,2,2,3,0.069767
62,2007-02-20,2009-09-10,2,3,3,0.069767
62,2007-02-20,2009-09-10,2,4,1,0.023256
62,2007-02-20,2009-09-10,2,5,1,0.023256
62,2007-02-20,2009-09-10,2,6,9,0.209302
62,2007-02-20,2009-09-10,2,7,5,0.116279
62,2007-02-20,2009-09-10,2,8,4,0.093023
62,2007-02-20,2009-09-10,2,9,4,0.093023
62,2007-02-20,2009-09-10,3,1,7,0.148936
62,2007-02-20,2009-09-10,3,2,6,0.12766
62,2007-02-20,2009-09-10,3,3,1,0.021277
62,2007-02-20,2009-09-10,3,4,5,0.106383
62,2007-02-20,2009-09-10,3,5,8,0.170213
62,2007-02-20,2009-09-10,3,6,9,0.191489
62,2007-02-20,2009-09-10,3,7,5,0.106383
62,2007-02-20,2009-09-10,3,8,0,0.0
62,2007-02-20,2009-09-10,3,9,6,0.12766
62,2007-02-20,2009-09-10,4,1,7,0.134615
62,2007-02-20,2009-09-10,4,2,3,0.057692
62,2007-02-20,2009-09-10,4,3,6,0.115385
62,2007-02-20,2009-09-10,4,4,5,0.096154
62,2007-02-20,2009-09-10,4,5,1,0.019231
62,2007-02-20,2009-09-10,4,6,9,0.173077
62,2007-02-20,2009-09-10,4,7,10,0.192308
62,2007-02-20,2009-09-10,4,8,5,0.096154
62,2007-02-20,2009-09-10,4,9,6,0.115385
62,2007-02-20,2009-09-10,5,1,4,0.133333
62,2007-02-20,2009-09-10,5,2,3,0.1
62,2007-02-20,2009-09-10,5,3,2,0.066667
62,2007-02-20,2009-09-10,5,4,4,0.133333
62,2007-02-20,2009-09-10,5,5,5,0.166667
62,2007-02-20,2009-09-10,5,6,2,0.066667
62,2007-02-20,2009-09-10,5,7,2,0.066667
62,2007-02-20,2009-09-10,5,8,3,0.1
62,2007-02-20,2009-09-10,5,9,5,0.166667
62,2007-02-20,2009-09-10,6,1,6,0.125
62,2007-02-20,2009-09-10,6,2,6,0.125
62,2007-02-20,2009-09-10,6,3,7,0.145833
62,2007-02-20,2009-09-10,6,4,9,0.1875
62,2007-02-20,2009-09-10,6,5,1,0.020833
62,2007-02-20,2009-09-10,6,6,3,0.0625
62,2007-02-20,2009-09-10,6,7,6,0.125
62,2007-02-20,2009-09-10,6,8,3,0.0625
62,2007-02-20,2009-09-10,6,9,7,0.145833
62,2007-02-20,2009-09-10,7,1,2,0.04878
62,2007-02-20,2009-09-10,7,2,2,0.04878
62,2007-02-20,2009-09-10,7,3,4,0.097561
62,2007-02-20,2009-09-10,7,4,7,0.170732
62,2007-02-20,2009-09-10,7,5,4,0.097561
62,2007-02-20,2009-09-10,7,6,7,0.170732
62,2007-02-20,2009-09-10,7,7,4,0.097561
62,2007-02-20,2009-09-10,7,8,8,0.195122
62,2007-02-20,2009-09-10,7,9,3,0.073171
62,2007-02-20,2009-09-10,8,1,4,0.108108
62,2007-02-20,2009-09-10,8,2,6,0.162162
62,2007-02-20,2009-09-10,8,3,8,0.216216
62,2007-02-20,2009-09-10,8,4,2,0.054054
62,2007-02-20,2009-09-10,8,5,1,0.027027
62,2007-02-20,2009-09-10,8,6,2,0.054054
62,2007-02-20,2009-09-10,8,7,3,0.081081
62,2007-02-20,2009-09-10,8,8,5,0.135135
62,2007-02-20,2009-09-10,8,9,6,0.162162
62,2007-02-20,2009-09-10,9,1,7,0.148936
62,2007-02-20,2009-09-10,9,2,4,0.085106
62,2007-02-20,2009-09-10,9,3,7,0.148936
62,2007-02-20,2009-09-10,9,4,9,0.191489
62,2007-02-20,2009-09-10,9,5,6,0.12766
62,2007-02-20,2009-09-10,9,6,3,0.06383
62,2007-02-20,2009-09-10,9,7,3,0.06383
62,2007-02-20,2009-09-10,9,8,4,0.085106
62,2007-02-20,2009-09-10,9,9,4,0.085106
63,2007-10-11,2010-05-03,1,1,3,0.058824
63,2007-10-11,2010-05-03,1,2,7,0.137255
63,2007-10-11,2010-05-03,1,3,9,0.176471
63,2007-10-11,2010-05-03,1,4,8,0.156863
63,2007-10-11,2010-05-03,1,5,3,0.058824
63,2007-10-11,2010-05-03,1,6,4,0.078431
63,2007-10-11,2010-05-03,1,7,6,0.117647
63,2007-10-11,2010-05-03,1,8,3,0.058824
63,2007-10-11,2010-05-03,1,9,8,0.156863
63,2007-10-11,2010-05-03,2,1,11,0.282051
63,2007-10-11,2010-05-03,2,2,3,0.076923
63,2007-10-11,2010-05-03,2,3,3,0.076923
63,2007-10-11,2010-05-03,2,4,1,0.025641
63,2007-10-11,2010-05-03,2,5,2,0.051282
63,2007-10-11,2010-05-03,2,6,7,0.179487
63,2007-10-11,2010-05-03,2,7,5,0.128205
63,2007-10-11,2010-05-03,2,8,4,0.102564
63,2007-10-11,2010-05-03,2,9,3,0.076923
63,2007-10-11,2010-05-03,3,1,4,0.097561
63,2007-10-11,2010-05-03,3,2,6,0.146341
63,2007-10-11,2010-05-03,3,3,1,0.02439
63,2007-10-11,2010-05-03,3,4,5,0.121951
63,2007-10-11,2010-05-03,3,5,7,0.170732
63,2007-10-11,2010-05-03,3,6,9,0.219512
63,2007-10-11,2010-05-03,3,7,4,0.097561
63,2007-10-11,2010-05-03,3,8,0,0.0
63,2007-10-11,2010-05-03,3,9,5,0.121951
63,2007-10-11,2010-05-03,4,1,10,0.188679
63,2007-10-11,2010-05-03,4,2,3,0.056604
63,2007-10-11,2010-05-03,4,3,4,0.075472
63,2007-10-11,2010-05-03,4,4,6,0.113208
63,2007-10-11,2010-05-03,4,5,2,0.037736
63,2007-10-11,2010-05-03,4,6,8,0.150943
63,2007-10-11,2010-05-03,4,7,7,0.132075
63,2007-10-11,2010-05-03,4,8,5,0.09434
63,2007-10-11,2010-05-03,4,9,8,0.150943
63,2007-10-11,2010-05-03,5,1,4,0.125
63,2007-10-11,2010-05-03,5,2,3,0.09375
63,2007-10-11,2010-05-03,5,3,2,0.0625
63,2007-10-11,2010-05-03,5,4,6,0.1875
63,2007-10-11,2010-05-03,5,5,4,0.125
63,2007-10-11,2010-05-03,5,6,5,0.15625
63,2007-10-11,2010-05-03,5,7,3,0.09375
63,2007-10-11,2010-05-03,5,8,2,0.0625
63,2007-10-11,2010-05-03,5,9,3,0.09375
63,2007-10-11,2010-05-03,6,1,6,0.107143
63,2007-10-11,2010-05-03,6,2,8,0.142857
63,2007-10-11,2010-05-03,6,3,5,0.089286
63,2007-10-11,2010-05-03,6,4,10,0.178571
63,2007-10-11,2010-05-03,6,5,2,0.035714
63,2007-10-11,2010-05-03,6,6,8,0.142857
63,2007-10-11,2010-05-03,6,7,7,0.125
63,2007-10-11,2010-05-03,6,8,2,0.035714
63,2007-10-11,2010-05-03,6,9,8,0.142857
63,2007-10-11,2010-05-03,7,1,3,0.068182
63,2007-10-11,2010-05-03,7,2,2,0.045455
63,2007-10-11,2010-05-03,7,3,5,0.113636
63,2007-10-11,2010-05-03,7,4,7,0.159091
63,2007-10-11,2010-05-03,7,5,4,0.090909
63,2007-10-11,2010-05-03,7,6,7,0.159091
63,2007-10-11,2010-05-03,7,7,4,0.090909
63,2007-10-11,2010-05-03,7,8,7,0.159091
63,2007-10-11,2010-05-03,7,9,5,0.113636
63,2007-10-11,2010-05-03,8,1,3,0.090909
63,2007-10-11,2010-05-03,8,2,3,0.090909
63,2007-10-11,2010-05-03,8,3,4,0.121212
63,2007-10-11,2010-05-03,8,4,2,0.060606
63,2007-10-11,2010-05-03,8,5,0,0.0
63,2007-10-11,2010-05-03,8,6,5,0.151515
63,2007-10-11,2010-05-03,8,7,3,0.090909
63,2007-10-11,2010-05-03,8,8,6,0.181818
63,2007-10-11,2010-05-03,8,9,7,0.212121
63,2007-10-11,2010-05-03,9,1,7,0.137255
63,2007-10-11,2010-05-03,9,2,4,0.078431
63,2007-10-11,2010-05-03,9,3,9,0.176471
63,2007-10-11,2010-05-03,9,4,7,0.137255
63,2007-10-11,2010-05-03,9,5,8,0.156863
63,2007-10-11,2010-05-03,9,6,3,0.058824
63,2007-10-11,2010-05-03,9,7,5,0.098039
63,2007-10-11,2010-05-03,9,8,4,0.078431
63,2007-10-11,2010-05-03,9,9,4,0.078431
64,2008-05-31,2010-12-21,1,1,6,0.125
64,2008-05-31,2010-12-21,1,2,4,0.083333
64,2008-05-31,2010-12-21,1,3,9,0.1875
64,2008-05-31,2010-12-21,1,4,8,0.166667
64,2008-05-31,2010-12-21,1,5,7,0.145833
64,2008-05-31,2010-12-21,1,6,1,0.020833
64,2008-05-31,2010-12-21,1,7,4,0.083333
64,2008-05-31,2010-12-21,1,8,1,0.020833
64,2008-05-31,2010-12-21,1,9,8,0.166667
64,2008-05-31,2010-12-21,2,1,10,0.222222
64,2008-05-31,2010-12-21,2,2,3,0.066667
64,2008-05-31,2010-12-21,2,3,7,0.155556
64,2008-05-31,2010-12-21,2,4,3,0.066667
64,2008-05-31,2010-12-21,2,5,3,0.066667
64,2008-05-31,2010-12-21,2,6,7,0.155556
64,2008-05-31,2010-12-21,2,7,5,0.111111
64,2008-05-31,2010-12-21,2,8,4,0.088889
64,2008-05-31,2010-12-21,2,9,3,0.066667
64,2008-05-31,2010-12-21,3,1,4,0.1
64,2008-05-31,2010-12-21,3,2,6,0.15
64,2008-05-31,2010-12-21,3,3,1,0.025
64,2008-05-31,2010-12-21,3,4,4,0.1
64,2008-05-31,2010-12-21,3,5,7,0.175
64,2008-05-31,2010-12-21,3,6,8,0.2
64,2008-05-31,2010-12-21,3,7,2,0.05
64,2008-05-31,2010-12-21,3,8,4,0.1
64,2008-05-31,2010-12-21,3,9,4,0.1
64,2008-05-31,2010-12-21,4,1,8,0.163265
64,2008-05-31,2010-12-21,4,2,3,0.061224
64,2008-05-31,2010-12-21,4,3,4,0.081633
64,2008-05-31,2010-12-21,4,4,4,0.081633
64,2008-05-31,2010-12-21,4,5,3,0.061224
64,2008-05-31,2010-12-21,4,6,5,0.102041
64,2008-05-31,2010-12-21,4,7,10,0.204082
64,2008-05-31,2010-12-21,4,8,4,0.081633
64,2008-05-31,2010-12-21,4,9,8,0.163265
64,2008-05-31,2010-12-21,5,1,4,0.093023
64,2008-05-31,2010-12-21,5,2,5,0.116279
64,2008-05-31,2010-12-21,5,3,4,0.093023
64,2008-05-31,2010-12-21,5,4,8,0.186047
64,2008-05-31,2010-12-21,5,5,5,0.116279
64,2008-05-31,2010-12-21,5,6,5,0.116279
64,2008-05-31,2010-12-21,5,7,4,0.093023
64,2008-05-31,2010-12-21,5,8,5,0.116279
64,2008-05-31,2010-12-21,5,9,3,0.069767
64,2008-05-31,2010-12-21,6,1,5,0.1
64,2008-05-31,2010-12-21,6,2,7,0.14
64,2008-05-31,2010-12-21,6,3,4,0.08
64,2008-05-31,2010-12-21,6,4,8,0.16
64,2008-05-31,2010-12-21,6,5,2,0.04
64,2008-05-31,2010-12-21,6,6,8,0.16
64,2008-05-31,2010-12-21,6,7,7,0.14
64,2008-05-31,2010-12-21,6,8,4,0.08
64,2008-05-31,2010-12-21,6,9,5,0.1
64,2008-05-31,2010-12-21,7,1,4,0.090909
64,2008-05-31,2010-12-21,7,2,6,0.136364
64,2008-05-31,2010-12-21,7,3,4,0.090909
64,2008-05-31,2010-12-21,7,4,7,0.159091
64,2008-05-31,2010-12-21,7,5,4,0.090909
64,2008-05-31,2010-12-21,7,6,6,0.136364
64,2008-05-31,2010-12-21,7,7,3,0.068182
64,2008-05-31,2010-12-21,7,8,4,0.090909
64,2008-05-31,2010-12-21,7,9,6,0.136364
64,2008-05-31,2010-12-21,8,1,2,0.057143
64,2008-05-31,2010-12-21,8,2,6,0.171429
64,2008-05-31,2010-12-21,8,3,2,0.057143
64,2008-05-31,2010-12-21,8,4,2,0.057143
64,2008-05-31,2010-12-21,8,5,3,0.085714
64,2008-05-31,2010-12-21,8,6,6,0.171429
64,2008-05-31,2010-12-21,8,7,3,0.085714
64,2008-05-31,2010-12-21,8,8,6,0.171429
64,2008-05-31,2010-12-21,8,9,5,0.142857
64,2008-05-31,2010-12-21,9,1,5,0.108696
64,2008-05-31,2010-12-21,9,2,5,0.108696
64,2008-05-31,2010-12-21,9,3,5,0.108696
64,2008-05-31,2010-12-21,9,4,5,0.108696
64,2008-05-31,2010-12-21,9,5,9,0.195652
64,2008-05-31,2010-12-21,9,6,4,0.086957
64,2008-05-31,2010-12-21,9,7,6,0.130435
64,2008-05-31,2010-12-21,9,8,3,0.065217
64,2008-05-31,2010-12-21,9,9,4,0.086957
65,2009-01-20,2011-08-11,1,1,5,0.116279
65,2009-01-20,2011-08-11,1,2,3,0.069767
65,2009-01-20,2011-08-11,1,3,8,0.186047
65,2009-01-20,2011-08-11,1,4,7,0.162791
65,2009-01-20,2011-08-11,1,5,7,0.162791
65,2009-01-20,2011-08-11,1,6,2,0.046512
65,2009-01-20,2011-08-11,1,7,4,0.093023
65,2009-01-20,2011-08-11,1,8,2,0.046512
65,2009-01-20,2011-08-11,1,9,5,0.116279
65,2009-01-20,2011-08-11,2,1,9,0.191489
65,2009-01-20,2011-08-11,2,2,2,0.042553
65,2009-01-20,2011-08-11,2,3,7,0.148936
65,2009-01-20,2011-08-11,2,4,5,0.106383
65,2009-01-20,2011-08-11,2,5,5,0.106383
65,2009-01-20,2011-08-11,2,6,6,0.12766
65,2009-01-20,2011-08-11,2,7,5,0.106383
65,2009-01-20,2011-08-11,2,8,6,0.12766
65,2009-01-20,2011-08-11,2,9,2,0.042553
65,2009-01-20,2011-08-11,3,1,3,0.081081
65,2009-01-20,2011-08-11,3,2,6,0.162162
65,2009-01-20,2011-08-11,3,3,0,0.0
65,2009-01-20,2011-08-11,3,4,3,0.081081
65,2009-01-20,2011-08-11,3,5,9,0.243243
65,2009-01-20,2011-08-11,3,6,4,0.108108
65,2009-01-20,2011-08-11,3,7,2,0.054054
65,2009-01-20,2011-08-11,3,8,6,0.162162
65,2009-01-20,2011-08-11,3,9,4,0.108108
65,2009-01-20,2011-08-11,4,1,7,0.142857
65,2009-01-20,2011-08-11,4,2,5,0.102041
65,2009-01-20,2011-08-11,4,3,2,0.040816
65,2009-01-20,2011-08-11,4,4,7,0.142857
65,2009-01-20,2011-08-11,4,5,4,0.081633
65,2009-01-20,2011-08-11,4,6,3,0.061224
65,2009-01-20,2011-08-11,4,7,9,0.183673
65,2009-01-20,2011-08-11,4,8,5,0.102041
65,2009-01-20,2011-08-11,4,9,7,0.142857
65,2009-01-20,2011-08-11,5,1,3,0.068182
65,2009-01-20,2011-08-11,5,2,5,0.113636
65,2009-01-20,2011-08-11,5,3,5,0.113636
65,2009-01-20,2011-08-11,5,4,7,0.159091
65,2009-01-20,2011-08-11,5,5,4,0.090909
65,2009-01-20,2011-08-11,5,6,7,0.159091
65,2009-01-20,2011-08-11,5,7,4,0.090909
65,2009-01-20,2011-08-11,5,8,5,0.113636
65,2009-01-20,2011-08-11,5,9,4,0.090909
65,2009-01-20,2011-08-11,6,1,4,0.081633
65,2009-01-20,2011-08-11,6,2,9,0.183673
65,2009-01-20,2011-08-11,6,3,3,0.061224
65,2009-01-20,2011-08-11,6,4,5,0.102041
65,2009-01-20,2011-08-11,6,5,4,0.081633
65,2009-01-20,2011-08-11,6,6,8,0.163265
65,2009-01-20,2011-08-11,6,7,8,0.163265
65,2009-01-20,2011-08-11,6,8,4,0.081633
65,2009-01-20,2011-08-11,6,9,4,0.081633
65,2009-01-20,2011-08-11,7,1,3,0.068182
65,2009-01-20,2011-08-11,7,2,6,0.136364
65,2009-01-20,2011-08-11,7,3,4,0.090909
65,2009-01-20,2011-08-11,7,4,6,0.136364
65,2009-01-20,2011-08-11,7,5,3,0.068182
65,2009-01-20,2011-08-11,7,6,8,0.181818
65,2009-01-20,2011-08-11,7,7,3,0.068182
65,2009-01-20,2011-08-11,7,8,4,0.090909
65,2009-01-20,2011-08-11,7,9,7,0.159091
65,2009-01-20,2011-08-11,8,1,2,0.047619
65,2009-01-20,2011-08-11,8,2,6,0.142857
65,2009-01-20,2011-08-11,8,3,2,0.047619
65,2009-01-20,2011-08-11,8,4,3,0.071429
65,2009-01-20,2011-08-11,8,5,3,0.071429
65,2009-01-20,2011-08-11,8,6,6,0.142857
65,2009-01-20,2011-08-11,8,7,3,0.071429
65,2009-01-20,2011-08-11,8,8,8,0.190476
65,2009-01-20,2011-08-11,8,9,9,0.214286
65,2009-01-20,2011-08-11,9,1,6,0.133333
65,2009-01-20,2011-08-11,9,2,5,0.111111
65,2009-01-20,2011-08-11,9,3,6,0.133333
65,2009-01-20,2011-08-11,9,4,6,0.133333
65,2009-01-20,2011-08-11,9,5,5,0.111111
65,2009-01-20,2011-08-11,9,6,5,0.111111
65,2009-01-20,2011-08-11,9,7,6,0.133333
65,2009-01-20,2011-08-11,9,8,2,0.044444
65,2009-01-20,2011-08-11,9,9,4,0.088889
66,2009-09-10,2012-03-31,1,1,5,0.125
66,2009-09-10,2012-03-31,1,2,3,0.075
66,2009-09-10,2012-03-31,1,3,6,0.15
66,2009-09-10,2012-03-31,1,4,7,0.175
66,2009-09-10,2012-03-31,1,5,5,0.125
66,2009-09-10,2012-03-31,1,6,3,0.075
66,2009-09-10,2012-03-31,1,7,6,0.15
66,2009-09-10,2012-03-31,1,8,2,0.05
66,2009-09-10,2012-03-31,1,9,3,0.075
66,2009-09-10,2012-03-31,2,1,4,0.086957
66,2009-09-10,2012-03-31,2,2,3,0.065217
66,2009-09-10,2012-03-31,2,3,7,0.152174
66,2009-09-10,2012-03-31,2,4,6,0.130435
66,2009-09-10,2012-03-31,2,5,5,0.108696
66,2009-09-10,2012-03-31,2,6,6,0.130435
66,2009-09-10,2012-03-31,2,7,7,0.152174
66,2009-09-10,2012-03-31,2,8,6,0.130435
66,2009-09-10,2012-03-31,2,9,2,0.043478
66,2009-09-10,2012-03-31,3,1,3,0.083333
66,2009-09-10,2012-03-31,3,2,5,0.138889
66,2009-09-10,2012-03-31,3,3,0,0.0
66,2009-09-10,2012-03-31,3,4,2,0.055556
66,2009-09-10,2012-03-31,3,5,7,0.194444
66,2009-09-10,2012-03-31,3,6,4,0.111111
66,2009-09-10,2012-03-31,3,7,2,0.055556
66,2009-09-10,2012-03-31,3,8,9,0.25
66,2009-09-10,2012-03-31,3,9,4,0.111111
66,2009-09-10,2012-03-31,4,1,5,0.102041
66,2009-09-10,2012-03-31,4,2,5,0.102041
66,2009-09-10,2012-03-31,4,3,4,0.081633
66,2009-09-10,2012-03-31,4,4,10,0.204082
66,2009-09-10,2012-03-31,4,5,3,0.061224
66,2009-09-10,2012-03-31,4,6,4,0.081633
66,2009-09-10,2012-03-31,4,7,7,0.142857
66,2009-09-10,2012-03-31,4,8,6,0.122449
66,2009-09-10,2012-03-31,4,9,5,0.102041
66,2009-09-10,2012-03-31,5,1,4,0.097561
66,2009-09-10,2012-03-31,5,2,5,0.121951
66,2009-09-10,2012-03-31,5,3,4,0.097561
66,2009-09-10,2012-03-31,5,4,7,0.170732
66,2009-09-10,2012-03-31,5,5,3,0.073171
66,2009-09-10,2012-03-31,5,6,7,0.170732
66,2009-09-10,2012-03-31,5,7,4,0.097561
66,2009-09-10,2012-03-31,5,8,4,0.097561
66,2009-09-10,2012-03-31,5,9,3,0.073171
66,2009-09-10,2012-03-31,6,1,5,0.09434
66,2009-09-10,2012-03-31,6,2,9,0.169811
66,2009-09-10,2012-03-31,6,3,4,0.075472
66,2009-09-10,2012-03-31,6,4,4,0.075472
66,2009-09-10,2012-03-31,6,5,6,0.113208
66,2009-09-10,2012-03-31,6,6,9,0.169811
66,2009-09-10,2012-03-31,6,7,5,0.09434
66,2009-09-10,2012-03-31,6,8,5,0.09434
66,2009-09-10,2012-03-31,6,9,6,0.113208
66,2009-09-10,2012-03-31,7,1,4,0.090909
66,2009-09-10,2012-03-31,7,2,7,0.159091
66,2009-09-10,2012-03-31,7,3,3,0.068182
66,2009-09-10,2012-03-31,7,4,4,0.090909
66,2009-09-10,2012-03-31,7,5,2,0.045455
66,2009-09-10,2012-03-31,7,6,9,0.204545
66,2009-09-10,2012-03-31,7,7,5,0.113636
66,2009-09-10,2012-03-31,7,8,2,0.045455
66,2009-09-10,2012-03-31,7,9,8,0.181818
66,2009-09-10,2012-03-31,8,1,3,0.0625
66,2009-09-10,2012-03-31,8,2,6,0.125
66,2009-09-10,2012-03-31,8,3,3,0.0625
66,2009-09-10,2012-03-31,8,4,6,0.125
66,2009-09-10,2012-03-31,8,5,3,0.0625
66,2009-09-10,2012-03-31,8,6,6,0.125
66,2009-09-10,2012-03-31,8,7,2,0.041667
66,2009-09-10,2012-03-31,8,8,10,0.208333
66,2009-09-10,2012-03-31,8,9,9,0.1875
66,2009-09-10,2012-03-31,9,1,7,0.162791
66,2009-09-10,2012-03-31,9,2,4,0.093023
66,2009-09-10,2012-03-31,9,3,5,0.116279
66,2009-09-10,2012-03-31,9,4,3,0.069767
66,2009-09-10,2012-03-31,9,5,7,0.162791
66,2009-09-10,2012-03-31,9,6,5,0.116279
66,2009-09-10,2012-03-31,9,7,5,0.116279
66,2009-09-10,2012-03-31,9,8,4,0.093023
66,2009-09-10,2012-03-31,9,9,3,0.069767
67,2010-05-03,2012-11-20,1,1,4,0.097561
67,2010-05-03,2012-11-20,1,2,5,0.121951
67,2010-05-03,2012-11-20,1,3,7,0.170732
67,2010-05-03,2012-11-20,1,4,6,0.146341
67,2010-05-03,2012-11-20,1,5,5,0.121951
67,2010-05-03,2012-11-20,1,6,3,0.073171
67,2010-05-03,2012-11-20,1,7,5,0.121951
67,2010-05-03,2012-11-20,1,8,2,0.04878
67,2010-05-03,2012-11-20,1,9,4,0.097561
67,2010-05-03,2012-11-20,2,1,6,0.117647
67,2010-05-03,2012-11-20,2,2,3,0.058824
67,2010-05-03,2012-11-20,2,3,7,0.137255
67,2010-05-03,2012-11-20,2,4,8,0.156863
67,2010-05-03,2012-11-20,2,5,4,0.078431
67,2010-05-03,2012-11-20,2,6,7,0.137255
67,2010-05-03,2012-11-20,2,7,6,0.117647
67,2010-05-03,2012-11-20,2,8,8,0.156863
67,2010-05-03,2012-11-20,2,9,2,0.039216
67,2010-05-03,2012-11-20,3,1,2,0.057143
67,2010-05-03,2012-11-20,3,2,3,0.085714
67,2010-05-03,2012-11-20,3,3,0,0.0
67,2010-05-03,2012-11-20,3,4,2,0.057143
67,2010-05-03,2012-11-20,3,5,8,0.228571
67,2010-05-03,2012-11-20,3,6,3,0.085714
67,2010-05-03,2012-11-20,3,7,3,0.085714
67,2010-05-03,2012-11-20,3,8,9,0.257143
67,2010-05-03,2012-11-20,3,9,5,0.142857
67,2010-05-03,2012-11-20,4,1,4,0.088889
67,2010-05-03,2012-11-20,4,2,4,0.088889
67,2010-05-03,2012-11-20,4,3,6,0.133333
67,2010-05-03,2012-11-20,4,4,10,0.222222
67,2010-05-03,2012-11-20,4,5,2,0.044444
67,2010-05-03,2012-11-20,4,6,4,0.088889
67,2010-05-03,2012-11-20,4,7,6,0.133333
67,2010-05-03,2012-11-20,4,8,6,0.133333
67,2010-05-03,2012-11-20,4,9,3,0.066667
67,2010-05-03,2012-11-20,5,1,6,0.146341
67,2010-05-03,2012-11-20,5,2,7,0.170732
67,2010-05-03,2012-11-20,5,3,3,0.073171
67,2010-05-03,2012-11-20,5,4,6,0.146341
67,2010-05-03,2012-11-20,5,5,3,0.073171
67,2010-05-03,2012-11-20,5,6,4,0.097561
67,2010-05-03,2012-11-20,5,7,3,0.073171
67,2010-05-03,2012-11-20,5,8,5,0.121951
67,2010-05-03,2012-11-20,5,9,4,0.097561
67,2010-05-03,2012-11-20,6,1,4,0.090909
67,2010-05-03,2012-11-20,6,2,6,0.136364
67,2010-05-03,2012-11-20,6,3,4,0.090909
67,2010-05-03,2012-11-20,6,4,3,0.068182
67,2010-05-03,2012-11-20,6,5,5,0.113636
67,2010-05-03,2012-11-20,6,6,4,0.090909
67,2010-05-03,2012-11-20,6,7,6,0.136364
67,2010-05-03,2012-11-20,6,8,5,0.113636
67,2010-05-03,2012-11-20,6,9,7,0.159091
67,2010-05-03,2012-11-20,7,1,4,0.093023
67,2010-05-03,2012-11-20,7,2,9,0.209302
67,2010-05-03,2012-11-20,7,3,2,0.046512
67,2010-05-03,2012-11-20,7,4,3,0.069767
67,2010-05-03,2012-11-20,7,5,2,0.046512
67,2010-05-03,2012-11-20,7,6,8,0.186047
67,2010-05-03,2012-11-20,7,7,6,0.139535
67,2010-05-03,2012-11-20,7,8,1,0.023256
67,2010-05-03,2012-11-20,7,9,8,0.186047
67,2010-05-03,2012-11-20,8,1,4,0.074074
67,2010-05-03,2012-11-20,8,2,7,0.12963
67,2010-05-03,2012-11-20,8,3,3,0.055556
67,2010-05-03,2012-11-20,8,4,5,0.092593
67,2010-05-03,2012-11-20,8,5,6,0.111111
67,2010-05-03,2012-11-20,8,6,5,0.092593
67,2010-05-03,2012-11-20,8,7,5,0.092593
67,2010-05-03,2012-11-20,8,8,10,0.185185
67,2010-05-03,2012-11-20,8,9,9,0.166667
67,2010-05-03,2012-11-20,9,1,7,0.152174
67,2010-05-03,2012-11-20,9,2,7,0.152174
67,2010-05-03,2012-11-20,9,3,2,0.043478
67,2010-05-03,2012-11-20,9,4,3,0.065217
67,2010-05-03,2012-11-20,9,5,6,0.130435
67,2010-05-03,2012-11-20,9,6,6,0.130435
67,2010-05-03,2012-11-20,9,7,3,0.065217
67,2010-05-03,2012-11-20,9,8,8,0.173913
67,2010-05-03,2012-11-20,9,9,4,0.086957
68,2010-12-21,2013-07-11,1,1,2,0.044444
68,2010-12-21,2013-07-11,1,2,6,0.133333
68,2010-12-21,2013-07-11,1,3,8,0.177778
68,2010-12-21,2013-07-11,1,4,8,0.177778
68,2010-12-21,2013-07-11,1,5,2,0.044444
68,2010-12-21,2013-07-11,1,6,6,0.133333
68,2010-12-21,2013-07-11,1,7,6,0.133333
68,2010-12-21,2013-07-11,1,8,2,0.044444
68,2010-12-21,2013-07-11,1,9,5,0.111111
68,2010-12-21,2013-07-11,2,1,6,0.12766
68,2010-12-21,2013-07-11,2,2,4,0.085106
68,2010-12-21,2013-07-11,2,3,3,0.06383
68,2010-12-21,2013-07-11,2,4,6,0.12766
68,2010-12-21,2013-07-11,2,5,4,0.085106
68,2010-12-21,2013-07-11,2,6,8,0.170213
68,2010-12-21,2013-07-11,2,7,6,0.12766
68,2010-12-21,2013-07-11,2,8,8,0.170213
68,2010-12-21,2013-07-11,2,9,2,0.042553
68,2010-12-21,2013-07-11,3,1,4,0.102564
68,2010-12-21,2013-07-11,3,2,5,0.128205
68,2010-12-21,2013-07-11,3,3,1,0.025641
68,2010-12-21,2013-07-11,3,4,2,0.051282
68,2010-12-21,2013-07-11,3,5,8,0.205128
68,2010-12-21,2013-07-11,3,6,7,0.179487
68,2010-12-21,2013-07-11,3,7,3,0.076923
68,2010-12-21,2013-07-11,3,8,5,0.128205
68,2010-12-21,2013-07-11,3,9,4,0.102564
68,2010-12-21,2013-07-11,4,1,4,0.090909
68,2010-12-21,2013-07-11,4,2,5,0.113636
68,2010-12-21,2013-07-11,4,3,8,0.181818
68,2010-12-21,2013-07-11,4,4,10,0.227273
68,2010-12-21,2013-07-11,4,5,3,0.068182
68,2010-12-21,2013-07-11,4,6,4,0.090909
68,2010-12-21,2013-07-11,4,7,3,0.068182
68,2010-12-21,2013-07-11,4,8,4,0.090909
68,2010-12-21,2013-07-11,4,9,3,0.068182
68,2010-12-21,2013-07-11,5,1,9,0.225
68,2010-12-21,2013-07-11,5,2,5,0.125
68,2010-12-21,2013-07-11,5,3,5,0.125
68,2010-12-21,2013-07-11,5,4,6,0.15
68,2010-12-21,2013-07-11,5,5,2,0.05
68,2010-12-21,2013-07-11,5,6,5,0.125
68,2010-12-21,2013-07-11,5,7,2,0.05
68,2010-12-21,2013-07-11,5,8,2,0.05
68,2010-12-21,2013-07-11,5,9,4,0.1
68,2010-12-21,2013-07-11,6,1,6,0.109091
68,2010-12-21,2013-07-11,6,2,8,0.145455
68,2010-12-21,2013-07-11,6,3,5,0.090909
68,2010-12-21,2013-07-11,6,4,4,0.072727
68,2010-12-21,2013-07-11,6,5,7,0.127273
68,2010-12-21,2013-07-11,6,6,4,0.072727
68,2010-12-21,2013-07-11,6,7,9,0.163636
68,2010-12-21,2013-07-11,6,8,3,0.054545
68,2010-12-21,2013-07-11,6,9,9,0.163636
68,2010-12-21,2013-07-11,7,1,4,0.093023
68,2010-12-21,2013-07-11,7,2,6,0.139535
68,2010-12-21,2013-07-11,7,3,3,0.069767
68,2010-12-21,2013-07-11,7,4,1,0.023256
68,2010-12-21,2013-07-11,7,5,3,0.069767
68,2010-12-21,2013-07-11,7,6,11,0.255814
68,2010-12-21,2013-07-11,7,7,6,0.139535
68,2010-12-21,2013-07-11,7,8,1,0.023256
68,2010-12-21,2013-07-11,7,9,8,0.186047
68,2010-12-21,2013-07-11,8,1,5,0.119048
68,2010-12-21,2013-07-11,8,2,3,0.071429
68,2010-12-21,2013-07-11,8,3,3,0.071429
68,2010-12-21,2013-07-11,8,4,4,0.095238
68,2010-12-21,2013-07-11,8,5,4,0.095238
68,2010-12-21,2013-07-11,8,6,4,0.095238
68,2010-12-21,2013-07-11,8,7,4,0.095238
68,2010-12-21,2013-07-11,8,8,9,0.214286
68,2010-12-21,2013-07-11,8,9,6,0.142857
68,2010-12-21,2013-07-11,9,1,5,0.111111
68,2010-12-21,2013-07-11,9,2,6,0.133333
68,2010-12-21,2013-07-11,9,3,3,0.066667
68,2010-12-21,2013-07-11,9,4,3,0.066667
68,2010-12-21,2013-07-11,9,5,7,0.155556
68,2010-12-21,2013-07-11,9,6,5,0.111111
68,2010-12-21,2013-07-11,9,7,4,0.088889
68,2010-12-21,2013-07-11,9,8,8,0.177778
68,2010-12-21,2013-07-11,9,9,4,0.088889
69,2011-08-11,2014-03-01,1,1,5,0.096154
69,2011-08-11,2014-03-01,1,2,5,0.096154
69,2011-08-11,2014-03-01,1,3,6,0.115385
69,2011-08-11,2014-03-01,1,4,8,0.153846
69,2011-08-11,2014-03-01,1,5,4,0.076923
69,2011-08-11,2014-03-01,1,6,5,0.096154
69,2011-08-11,2014-03-01,1,7,7,0.134615
69,2011-08-11,2014-03-01,1,8,4,0.076923
69,2011-08-11,2014-03-01,1,9,8,0.153846
69,2011-08-11,2014-03-01,2,1,9,0.2
69,2011-08-11,2014-03-01,2,2,5,0.111111
69,2011-08-11,2014-03-01,2,3,1,0.022222
69,2011-08-11,2014-03-01,2,4,5,0.111111
69,2011-08-11,2014-03-01,2,5,3,0.066667
69,2011-08-11,2014-03-01,2,6,7,0.155556
69,2011-08-11,2014-03-01,2,7,6,0.133333
69,2011-08-11,2014-03-01,2,8,7,0.155556
69,2011-08-11,2014-03-01,2,9,2,0.044444
69,2011-08-11,2014-03-01,3,1,4,0.117647
69,2011-08-11,2014-03-01,3,2,3,0.088235
69,2011-08-11,2014-03-01,3,3,2,0.058824
69,2011-08-11,2014-03-01,3,4,3,0.088235
69,2011-08-11,2014-03-01,3,5,5,0.147059
69,2011-08-11,2014-03-01,3,6,7,0.205882
69,2011-08-11,2014-03-01,3,7,3,0.088235
69,2011-08-11,2014-03-01,3,8,4,0.117647
69,2011-08-11,2014-03-01,3,9,3,0.088235
69,2011-08-11,2014-03-01,4,1,3,0.066667
69,2011-08-11,2014-03-01,4,2,6,0.133333
69,2011-08-11,2014-03-01,4,3,8,0.177778
69,2011-08-11,2014-03-01,4,4,9,0.2
69,2011-08-11,2014-03-01,4,5,3,0.066667
69,2011-08-11,2014-03-01,4,6,5,0.111111
69,2011-08-11,2014-03-01,4,7,1,0.022222
69,2011-08-11,2014-03-01,4,8,5,0.111111
69,2011-08-11,2014-03-01,4,9,5,0.111111
69,2011-08-11,2014-03-01,5,1,8,0.2
69,2011-08-11,2014-03-01,5,2,7,0.175
69,2011-08-11,2014-03-01,5,3,4,0.1
69,2011-08-11,2014-03-01,5,4,7,0.175
69,2011-08-11,2014-03-01,5,5,2,0.05
69,2011-08-11,2014-03-01,5,6,4,0.1
69,2011-08-11,2014-03-01,5,7,1,0.025
69,2011-08-11,2014-03-01,5,8,3,0.075
69,2011-08-11,2014-03-01,5,9,4,0.1
69,2011-08-11,2014-03-01,6,1,6,0.12
69,2011-08-11,2014-03-01,6,2,4,0.08
69,2011-08-11,2014-03-01,6,3,4,0.08
69,2011-08-11,2014-03-01,6,4,3,0.06
69,2011-08-11,2014-03-01,6,5,7,0.14
69,2011-08-11,2014-03-01,6,6,4,0.08
69,2011-08-11,2014-03-01,6,7,7,0.14
69,2011-08-11,2014-03-01,6,8,5,0.1
69,2011-08-11,2014-03-01,6,9,10,0.2
69,2011-08-11,2014-03-01,7,1,6,0.146341
69,2011-08-11,2014-03-01,7,2,5,0.121951
69,2011-08-11,2014-03-01,7,3,4,0.097561
69,2011-08-11,2014-03-01,7,4,1,0.02439
69,2011-08-11,2014-03-01,7,5,3,0.073171
69,2011-08-11,2014-03-01,7,6,8,0.195122
69,2011-08-11,2014-03-01,7,7,6,0.146341
69,2011-08-11,2014-03-01,7,8,1,0.02439
69,2011-08-11,2014-03-01,7,9,7,0.170732
69,2011-08-11,2014-03-01,8,1,4,0.090909
69,2011-08-11,2014-03-01,8,2,5,0.113636
69,2011-08-11,2014-03-01,8,3,3,0.068182
69,2011-08-11,2014-03-01,8,4,4,0.090909
69,2011-08-11,2014-03-01,8,5,6,0.136364
69,2011-08-11,2014-03-01,8,6,5,0.113636
69,2011-08-11,2014-03-01,8,7,5,0.113636
69,2011-08-11,2014-03-01,8,8,7,0.159091
69,2011-08-11,2014-03-01,8,9,5,0.113636
69,2011-08-11,2014-03-01,9,1,7,0.142857
69,2011-08-11,2014-03-01,9,2,5,0.102041
69,2011-08-11,2014-03-01,9,3,2,0.040816
69,2011-08-11,2014-03-01,9,4,5,0.102041
69,2011-08-11,2014-03-01,9,5,7,0.142857
69,2011-08-11,2014-03-01,9,6,6,0.122449
69,2011-08-11,2014-03-01,9,7,5,0.102041
69,2011-08-11,2014-03-01,9,8,8,0.163265
69,2011-08-11,2014-03-01,9,9,4,0.081633
70,2012-03-31,2014-10-21,1,1,5,0.102041
70,2012-03-31,2014-10-21,1,2,5,0.102041
70,2012-03-31,2014-10-21,1,3,6,0.122449
70,2012-03-31,2014-10-21,1,4,5,0.102041
70,2012-03-31,2014-10-21,1,5,6,0.122449
70,2012-03-31,2014-10-21,1,6,5,0.102041
70,2012-03-31,2014-10-21,1,7,5,0.102041
70,2012-03-31,2014-10-21,1,8,5,0.102041
70,2012-03-31,2014-10-21,1,9,7,0.142857
70,2012-03-31,2014-10-21,2,1,11,0.207547
70,2012-03-31,2014-10-21,2,2,5,0.09434
70,2012-03-31,2014-10-21,2,3,1,0.018868
70,2012-03-31,2014-10-21,2,4,7,0.132075
70,2012-03-31,2014-10-21,2,5,5,0.09434
70,2012-03-31,2014-10-21,2,6,6,0.113208
70,2012-03-31,2014-10-21,2,7,3,0.056604
70,2012-03-31,2014-10-21,2,8,9,0.169811
70,2012-03-31,2014-10-21,2,9,6,0.113208
70,2012-03-31,2014-10-21,3,1,4,0.108108
70,2012-03-31,2014-10-21,3,2,3,0.081081
70,2012-03-31,2014-10-21,3,3,3,0.081081
70,2012-03-31,2014-10-21,3,4,2,0.054054
70,2012-03-31,2014-10-21,3,5,5,0.135135
70,2012-03-31,2014-10-21,3,6,8,0.216216
70,2012-03-31,2014-10-21,3,7,3,0.081081
70,2012-03-31,2014-10-21,3,8,4,0.108108
70,2012-03-31,2014-10-21,3,9,5,0.135135
70,2012-03-31,2014-10-21,4,1,2,0.052632
70,2012-03-31,2014-10-21,4,2,6,0.157895
70,2012-03-31,2014-10-21,4,3,6,0.157895
70,2012-03-31,2014-10-21,4,4,5,0.131579
70,2012-03-31,2014-10-21,4,5,6,0.157895
70,2012-03-31,2014-10-21,4,6,3,0.078947
70,2012-03-31,2014-10-21,4,7,2,0.052632
70,2012-03-31,2014-10-21,4,8,4,0.105263
70,2012-03-31,2014-10-21,4,9,4,0.105263
70,2012-03-31,2014-10-21,5,1,8,0.166667
70,2012-03-31,2014-10-21,5,2,9,0.1875
70,2012-03-31,2014-10-21,5,3,7,0.145833
70,2012-03-31,2014-10-21,5,4,6,0.125
70,2012-03-31,2014-10-21,5,5,3,0.0625
70,2012-03-31,2014-10-21,5,6,4,0.083333
70,2012-03-31,2014-10-21,5,7,0,0.0
70,2012-03-31,2014-10-21,5,8,6,0.125
70,2012-03-31,2014-10-21,5,9,5,0.104167
70,2012-03-31,2014-10-21,6,1,6,0.12
70,2012-03-31,2014-10-21,6,2,6,0.12
70,2012-03-31,2014-10-21,6,3,3,0.06
70,2012-03-31,2014-10-21,6,4,5,0.1
70,2012-03-31,2014-10-21,6,5,7,0.14
70,2012-03-31,2014-10-21,6,6,4,0.08
70,2012-03-31,2014-10-21,6,7,8,0.16
70,2012-03-31,2014-10-21,6,8,3,0.06
70,2012-03-31,2014-10-21,6,9,8,0.16
70,2012-03-31,2014-10-21,7,1,5,0.151515
70,2012-03-31,2014-10-21,7,2,6,0.181818
70,2012-03-31,2014-10-21,7,3,3,0.090909
70,2012-03-31,2014-10-21,7,4,0,0.0
70,2012-03-31,2014-10-21,7,5,5,0.151515
70,2012-03-31,2014-10-21,7,6,6,0.181818
70,2012-03-31,2014-10-21,7,7,2,0.060606
70,2012-03-31,2014-10-21,7,8,1,0.030303
70,2012-03-31,2014-10-21,7,9,5,0.151515
70,2012-03-31,2014-10-21,8,1,2,0.046512
70,2012-03-31,2014-10-21,8,2,5,0.116279
70,2012-03-31,2014-10-21,8,3,5,0.116279
70,2012-03-31,2014-10-21,8,4,2,0.046512
70,2012-03-31,2014-10-21,8,5,8,0.186047
70,2012-03-31,2014-10-21,8,6,8,0.186047
70,2012-03-31,2014-10-21,8,7,5,0.116279
70,2012-03-31,2014-10-21,8,8,4,0.093023
70,2012-03-31,2014-10-21,8,9,4,0.093023
70,2012-03-31,2014-10-21,9,1,6,0.122449
70,2012-03-31,2014-10-21,9,2,8,0.163265
70,2012-03-31,2014-10-21,9,3,3,0.061224
70,2012-03-31,2014-10-21,9,4,6,0.122449
70,2012-03-31,2014-10-21,9,5,3,0.061224
70,2012-03-31,2014-10-21,9,6,6,0.122449
70,2012-03-31,2014-10-21,9,7,5,0.102041
70,2012-03-31,2014-10-21,9,8,7,0.142857
70,2012-03-31,2014-10-21,9,9,5,0.102041
71,2012-11-20,2015-06-11,1,1,5,0.119048
71,2012-11-20,2015-06-11,1,2,4,0.095238
71,2012-11-20,2015-06-11,1,3,3,0.071429
71,2012-11-20,2015-06-11,1,4,6,0.142857
71,2012-11-20,2015-06-11,1,5,6,0.142857
71,2012-11-20,2015-06-11,1,6,4,0.095238
71,2012-11-20,2015-06-11,1,7,4,0.095238
71,2012-11-20,2015-06-11,1,8,5,0.119048
71,2012-11-20,2015-06-11,1,9,5,0.119048
71,2012-11-20,2015-06-11,2,1,9,0.155172
71,2012-11-20,2015-06-11,2,2,6,0.103448
71,2012-11-20,2015-06-11,2,3,3,0.051724
71,2012-11-20,2015-06-11,2,4,6,0.103448
71,2012-11-20,2015-06-11,2,5,7,0.12069
71,2012-11-20,2015-06-11,2,6,6,0.103448
71,2012-11-20,2015-06-11,2,7,6,0.103448
71,2012-11-20,2015-06-11,2,8,6,0.103448
71,2012-11-20,2015-06-11,2,9,9,0.155172
71,2012-11-20,2015-06-11,3,1,5,0.121951
71,2012-11-20,2015-06-11,3,2,6,0.146341
71,2012-11-20,2015-06-11,3,3,3,0.073171
71,2012-11-20,2015-06-11,3,4,2,0.04878
71,2012-11-20,2015-06-11,3,5,4,0.097561
71,2012-11-20,2015-06-11,3,6,10,0.243902
71,2012-11-20,2015-06-11,3,7,3,0.073171
71,2012-11-20,2015-06-11,3,8,5,0.121951
71,2012-11-20,2015-06-11,3,9,3,0.073171
71,2012-11-20,2015-06-11,4,1,0,0.0
71,2012-11-20,2015-06-11,4,2,6,0.162162
71,2012-11-20,2015-06-11,4,3,4,0.108108
71,2012-11-20,2015-06-11,4,4,3,0.081081
71,2012-11-20,2015-06-11,4,5,6,0.162162
71,2012-11-20,2015-06-11,4,6,2,0.054054
71,2012-11-20,2015-06-11,4,7,2,0.054054
71,2012-11-20,2015-06-11,4,8,7,0.189189
71,2012-11-20,2015-06-11,4,9,7,0.189189
71,2012-11-20,2015-06-11,5,1,6,0.125
71,2012-11-20,2015-06-11,5,2,10,0.208333
71,2012-11-20,2015-06-11,5,3,7,0.145833
71,2012-11-20,2015-06-11,5,4,5,0.104167
71,2012-11-20,2015-06-11,5,5,2,0.041667
71,2012-11-20,2015-06-11,5,6,3,0.0625
71,2012-11-20,2015-06-11,5,7,2,0.041667
71,2012-11-20,2015-06-11,5,8,7,0.145833
71,2012-11-20,2015-06-11,5,9,6,0.125
71,2012-11-20,2015-06-11,6,1,5,0.106383
71,2012-11-20,2015-06-11,6,2,7,0.148936
71,2012-11-20,2015-06-11,6,3,4,0.085106
71,2012-11-20,2015-06-11,6,4,4,0.085106
71,2012-11-20,2015-06-11,6,5,6,0.12766
71,2012-11-20,2015-06-11,6,6,5,0.106383
71,2012-11-20,2015-06-11,6,7,6,0.12766
71,2012-11-20,2015-06-11,6,8,3,0.06383
71,2012-11-20,2015-06-11,6,9,7,0.148936
71,2012-11-20,2015-06-11,7,1,4,0.129032
71,2012-11-20,2015-06-11,7,2,7,0.225806
71,2012-11-20,2015-06-11,7,3,3,0.096774
71,2012-11-20,2015-06-11,7,4,0,0.0
71,2012-11-20,2015-06-11,7,5,5,0.16129
71,2012-11-20,2015-06-11,7,6,6,0.193548
71,2012-11-20,2015-06-11,7,7,0,0.0
71,2012-11-20,2015-06-11,7,8,1,0.032258
71,2012-11-20,2015-06-11,7,9,5,0.16129
71,2012-11-20,2015-06-11,8,1,1,0.022222
71,2012-11-20,2015-06-11,8,2,6,0.133333
71,2012-11-20,2015-06-11,8,3,8,0.177778
71,2012-11-20,2015-06-11,8,4,3,0.066667
71,2012-11-20,2015-06-11,8,5,9,0.2
71,2012-11-20,2015-06-11,8,6,6,0.133333
71,2012-11-20,2015-06-11,8,7,3,0.066667
71,2012-11-20,2015-06-11,8,8,4,0.088889
71,2012-11-20,2015-06-11,8,9,5,0.111111
71,2012-11-20,2015-06-11,9,1,7,0.137255
71,2012-11-20,2015-06-11,9,2,6,0.117647
71,2012-11-20,2015-06-11,9,3,6,0.117647
71,2012-11-20,2015-06-11,9,4,7,0.137255
71,2012-11-20,2015-06-11,9,5,4,0.078431
71,2012-11-20,2015-06-11,9,6,5,0.098039
71,2012-11-20,2015-06-11,9,7,5,0.098039
71,2012-11-20,2015-06-11,9,8,7,0.137255
71,2012-11-20,2015-06-11,9,9,4,0.078431
72,2013-07-11,2016-01-30,1,1,5,0.119048
72,2013-07-11,2016-01-30,1,2,4,0.095238
72,2013-07-11,2016-01-30,1,3,2,0.047619
72,2013-07-11,2016-01-30,1,4,5,0.119048
72,2013-07-11,2016-01-30,1,5,7,0.166667
72,2013-07-11,2016-01-30,1,6,3,0.071429
72,2013-07-11,2016-01-30,1,7,6,0.142857
72,2013-07-11,2016-01-30,1,8,5,0.119048
72,2013-07-11,2016-01-30,1,9,5,0.119048
72,2013-07-11,2016-01-30,2,1,8,0.156863
72,2013-07-11,2016-01-30,2,2,3,0.058824
72,2013-07-11,2016-01-30,2,3,3,0.058824
72,2013-07-11,2016-01-30,2,4,6,0.117647
72,2013-07-11,2016-01-30,2,5,6,0.117647
72,2013-07-11,2016-01-30,2,6,4,0.078431
72,2013-07-11,2016-01-30,2,7,7,0.137255
72,2013-07-11,2016-01-30,2,8,4,0.078431
72,2013-07-11,2016-01-30,2,9,10,0.196078
72,2013-07-11,2016-01-30,3,1,5,0.128205
72,2013-07-11,2016-01-30,3,2,5,0.128205
72,2013-07-11,2016-01-30,3,3,4,0.102564
72,2013-07-11,2016-01-30,3,4,2,0.051282
72,2013-07-11,2016-01-30,3,5,3,0.076923
72,2013-07-11,2016-01-30,3,6,6,0.153846
72,2013-07-11,2016-01-30,3,7,3,0.076923
72,2013-07-11,2016-01-30,3,8,5,0.128205
72,2013-07-11,2016-01-30,3,9,6,0.153846
72,2013-07-11,2016-01-30,4,1,1,0.027778
72,2013-07-11,2016-01-30,4,2,5,0.138889
72,2013-07-11,2016-01-30,4,3,2,0.055556
72,2013-07-11,2016-01-30,4,4,3,0.083333
72,2013-07-11,2016-01-30,4,5,4,0.111111
72,2013-07-11,2016-01-30,4,6,4,0.111111
72,2013-07-11,2016-01-30,4,7,5,0.138889
72,2013-07-11,2016-01-30,4,8,7,0.194444
72,2013-07-11,2016-01-30,4,9,5,0.138889
72,2013-07-11,2016-01-30,5,1,4,0.086957
72,2013-07-11,2016-01-30,5,2,9,0.195652
72,2013-07-11,2016-01-30,5,3,3,0.065217
72,2013-07-11,2016-01-30,5,4,5,0.108696
72,2013-07-11,2016-01-30,5,5,3,0.065217
72,2013-07-11,2016-01-30,5,6,3,0.065217
72,2013-07-11,2016-01-30,5,7,4,0.086957
72,2013-07-11,2016-01-30,5,8,8,0.173913
72,2013-07-11,2016-01-30,5,9,7,0.152174
72,2013-07-11,2016-01-30,6,1,5,0.121951
72,2013-07-11,2016-01-30,6,2,5,0.121951
72,2013-07-11,2016-01-30,6,3,5,0.121951
72,2013-07-11,2016-01-30,6,4,5,0.121951
72,2013-07-11,2016-01-30,6,5,4,0.097561
72,2013-07-11,2016-01-30,6,6,4,0.097561
72,2013-07-11,2016-01-30,6,7,3,0.073171
72,2013-07-11,2016-01-30,6,8,5,0.121951
72,2013-07-11,2016-01-30,6,9,5,0.121951
72,2013-07-11,2016-01-30,7,1,5,0.128205
72,2013-07-11,2016-01-30,7,2,6,0.153846
72,2013-07-11,2016-01-30,7,3,5,0.128205
72,2013-07-11,2016-01-30,7,4,0,0.0
72,2013-07-11,2016-01-30,7,5,8,0.205128
72,2013-07-11,2016-01-30,7,6,4,0.102564
72,2013-07-11,2016-01-30,7,7,3,0.076923
72,2013-07-11,2016-01-30,7,8,5,0.128205
72,2013-07-11,2016-01-30,7,9,3,0.076923
72,2013-07-11,2016-01-30,8,1,0,0.0
72,2013-07-11,2016-01-30,8,2,6,0.12
72,2013-07-11,2016-01-30,8,3,9,0.18
72,2013-07-11,2016-01-30,8,4,4,0.08
72,2013-07-11,2016-01-30,8,5,8,0.16
72,2013-07-11,2016-01-30,8,6,7,0.14
72,2013-07-11,2016-01-30,8,7,5,0.1
72,2013-07-11,2016-01-30,8,8,4,0.08
72,2013-07-11,2016-01-30,8,9,7,0.14
72,2013-07-11,2016-01-30,9,1,9,0.160714
72,2013-07-11,2016-01-30,9,2,7,0.125
72,2013-07-11,2016-01-30,9,3,6,0.107143
72,2013-07-11,2016-01-30,9,4,7,0.125
72,2013-07-11,2016-01-30,9,5,3,0.053571
72,2013-07-11,2016-01-30,9,6,6,0.107143
72,2013-07-11,2016-01-30,9,7,3,0.053571
72,2013-07-11,2016-01-30,9,8,7,0.125
72,2013-07-11,2016-01-30,9,9,8,0.142857
73,2014-03-01,2016-09-20,1,1,4,0.102564
73,2014-03-01,2016-09-20,1,2,5,0.128205
73,2014-03-01,2016-09-20,1,3,1,0.025641
73,2014-03-01,2016-09-20,1,4,6,0.153846
73,2014-03-01,2016-09-20,1,5,7,0.179487
73,2014-03-01,2016-09-20,1,6,4,0.102564
73,2014-03-01,2016-09-20,1,7,5,0.128205
73,2014-03-01,2016-09-20,1,8,3,0.076923
73,2014-03-01,2016-09-20,1,9,4,0.102564
73,2014-03-01,2016-09-20,2,1,5,0.102041
73,2014-03-01,2016-09-20,2,2,3,0.061224
73,2014-03-01,2016-09-20,2,3,4,0.081633
73,2014-03-01,2016-09-20,2,4,5,0.102041
73,2014-03-01,2016-09-20,2,5,7,0.142857
73,2014-03-01,2016-09-20,2,6,3,0.061224
73,2014-03-01,2016-09-20,2,7,6,0.122449
73,2014-03-01,2016-09-20,2,8,6,0.122449
73,2014-03-01,2016-09-20,2,9,10,0.204082
73,2014-03-01,2016-09-20,3,1,5,0.119048
73,2014-03-01,2016-09-20,3,2,5,0.119048
73,2014-03-01,2016-09-20,3,3,3,0.071429
73,2014-03-01,2016-09-20,3,4,3,0.071429
73,2014-03-01,2016-09-20,3,5,4,0.095238
73,2014-03-01,2016-09-20,3,6,6,0.142857
73,2014-03-01,2016-09-20,3,7,2,0.047619
73,2014-03-01,2016-09-20,3,8,7,0.166667
73,2014-03-01,2016-09-20,3,9,7,0.166667
73,2014-03-01,2016-09-20,4,1,1,0.028571
73,2014-03-01,2016-09-20,4,2,2,0.057143
73,2014-03-01,2016-09-20,4,3,1,0.028571
73,2014-03-01,2016-09-20,4,4,4,0.114286
73,2014-03-01,2016-09-20,4,5,5,0.142857
73,2014-03-01,2016-09-20,4,6,3,0.085714
73,2014-03-01,2016-09-20,4,7,6,0.171429
73,2014-03-01,2016-09-20,4,8,9,0.257143
73,2014-03-01,2016-09-20,4,9,4,0.114286
73,2014-03-01,2016-09-20,5,1,5,0.108696
73,2014-03-01,2016-09-20,5,2,7,0.152174
73,2014-03-01,2016-09-20,5,3,6,0.130435
73,2014-03-01,2016-09-20,5,4,4,0.086957
73,2014-03-01,2016-09-20,5,5,2,0.043478
73,2014-03-01,2016-09-20,5,6,2,0.043478
73,2014-03-01,2016-09-20,5,7,6,0.130435
73,2014-03-01,2016-09-20,5,8,7,0.152174
73,2014-03-01,2016-09-20,5,9,7,0.152174
73,2014-03-01,2016-09-20,6,1,5,0.121951
73,2014-03-01,2016-09-20,6,2,6,0.146341
73,2014-03-01,2016-09-20,6,3,6,0.146341
73,2014-03-01,2016-09-20,6,4,6,0.146341
73,2014-03-01,2016-09-20,6,5,2,0.04878
73,2014-03-01,2016-09-20,6,6,5,0.121951
73,2014-03-01,2016-09-20,6,7,4,0.097561
73,2014-03-01,2016-09-20,6,8,4,0.097561
73,2014-03-01,2016-09-20,6,9,3,0.073171
73,2014-03-01,2016-09-20,7,1,4,0.095238
73,2014-03-01,2016-09-20,7,2,8,0.190476
73,2014-03-01,2016-09-20,7,3,5,0.119048
73,2014-03-01,2016-09-20,7,4,0,0.0
73,2014-03-01,2016-09-20,7,5,7,0.166667
73,2014-03-01,2016-09-20,7,6,5,0.119048
73,2014-03-01,2016-09-20,7,7,4,0.095238
73,2014-03-01,2016-09-20,7,8,4,0.095238
73,2014-03-01,2016-09-20,7,9,5,0.119048
73,2014-03-01,2016-09-20,8,1,4,0.076923
73,2014-03-01,2016-09-20,8,2,5,0.096154
73,2014-03-01,2016-09-20,8,3,10,0.192308
73,2014-03-01,2016-09-20,8,4,3,0.057692
73,2014-03-01,2016-09-20,8,5,7,0.134615
73,2014-03-01,2016-09-20,8,6,7,0.134615
73,2014-03-01,2016-09-20,8,7,6,0.115385
73,2014-03-01,2016-09-20,8,8,4,0.076923
73,2014-03-01,2016-09-20,8,9,6,0.115385
73,2014-03-01,2016-09-20,9,1,6,0.111111
73,2014-03-01,2016-09-20,9,2,8,0.148148
73,2014-03-01,2016-09-20,9,3,6,0.111111
73,2014-03-01,2016-09-20,9,4,4,0.074074
73,2014-03-01,2016-09-20,9,5,5,0.092593
73,2014-03-01,2016-09-20,9,6,5,0.092593
73,2014-03-01,2016-09-20,9,7,3,0.055556
73,2014-03-01,2016-09-20,9,8,8,0.148148
73,2014-03-01,2016-09-20,9,9,9,0.166667
74,2014-10-21,2017-05-11,1,1,5,0.116279
74,2014-10-21,2017-05-11,1,2,6,0.139535
74,2014-10-21,2017-05-11,1,3,1,0.023256
74,2014-10-21,2017-05-11,1,4,6,0.139535
74,2014-10-21,2017-05-11,1,5,9,0.209302
74,2014-10-21,2017-05-11,1,6,4,0.093023
74,2014-10-21,2017-05-11,1,7,4,0.093023
74,2014-10-21,2017-05-11,1,8,3,0.069767
74,2014-10-21,2017-05-11,1,9,5,0.116279
74,2014-10-21,2017-05-11,2,1,5,0.113636
74,2014-10-21,2017-05-11,2,2,3,0.068182
74,2014-10-21,2017-05-11,2,3,3,0.068182
74,2014-10-21,2017-05-11,2,4,3,0.068182
74,2014-10-21,2017-05-11,2,5,8,0.181818
74,2014-10-21,2017-05-11,2,6,4,0.090909
74,2014-10-21,2017-05-11,2,7,7,0.159091
74,2014-10-21,2017-05-11,2,8,5,0.113636
74,2014-10-21,2017-05-11,2,9,6,0.136364
74,2014-10-21,2017-05-11,3,1,5,0.131579
74,2014-10-21,2017-05-11,3,2,4,0.105263
74,2014-10-21,2017-05-11,3,3,2,0.052632
74,2014-10-21,2017-05-11,3,4,2,0.052632
74,2014-10-21,2017-05-11,3,5,4,0.105263
74,2014-10-21,2017-05-11,3,6,9,0.236842
74,2014-10-21,2017-05-11,3,7,3,0.078947
74,2014-10-21,2017-05-11,3,8,5,0.131579
74,2014-10-21,2017-05-11,3,9,4,0.105263
74,2014-10-21,2017-05-11,4,1,2,0.057143
74,2014-10-21,2017-05-11,4,2,3,0.085714
74,2014-10-21,2017-05-11,4,3,2,0.057143
74,2014-10-21,2017-05-11,4,4,3,0.085714
74,2014-10-21,2017-05-11,4,5,3,0.085714
74,2014-10-21,2017-05-11,4,6,4,0.114286
74,2014-10-21,2017-05-11,4,7,4,0.114286
74,2014-10-21,2017-05-11,4,8,8,0.228571
74,2014-10-21,2017-05-11,4,9,6,0.171429
74,2014-10-21,2017-05-11,5,1,5,0.108696
74,2014-10-21,2017-05-11,5,2,5,0.108696
74,2014-10-21,2017-05-11,5,3,4,0.086957
74,2014-10-21,2017-05-11,5,4,7,0.152174
74,2014-10-21,2017-05-11,5,5,3,0.065217
74,2014-10-21,2017-05-11,5,6,5,0.108696
74,2014-10-21,2017-05-11,5,7,6,0.130435
74,2014-10-21,2017-05-11,5,8,4,0.086957
74,2014-10-21,2017-05-11,5,9,7,0.152174
74,2014-10-21,2017-05-11,6,1,5,0.116279
74,2014-10-21,2017-05-11,6,2,6,0.139535
74,2014-10-21,2017-05-11,6,3,6,0.139535
74,2014-10-21,2017-05-11,6,4,5,0.116279
74,2014-10-21,2017-05-11,6,5,3,0.069767
74,2014-10-21,2017-05-11,6,6,3,0.069767
74,2014-10-21,2017-05-11,6,7,4,0.093023
74,2014-10-21,2017-05-11,6,8,5,0.116279
74,2014-10-21,2017-05-11,6,9,6,0.139535
74,2014-10-21,2017-05-11,7,1,4,0.081633
74,2014-10-21,2017-05-11,7,2,6,0.122449
74,2014-10-21,2017-05-11,7,3,9,0.183673
74,2014-10-21,2017-05-11,7,4,2,0.040816
74,2014-10-21,2017-05-11,7,5,5,0.102041
74,2014-10-21,2017-05-11,7,6,5,0.102041
74,2014-10-21,2017-05-11,7,7,9,0.183673
74,2014-10-21,2017-05-11,7,8,4,0.081633
74,2014-10-21,2017-05-11,7,9,5,0.102041
74,2014-10-21,2017-05-11,8,1,6,0.130435
74,2014-10-21,2017-05-11,8,2,5,0.108696
74,2014-10-21,2017-05-11,8,3,6,0.130435
74,2014-10-21,2017-05-11,8,4,2,0.043478
74,2014-10-21,2017-05-11,8,5,5,0.108696
74,2014-10-21,2017-05-11,8,6,4,0.086957
74,2014-10-21,2017-05-11,8,7,7,0.152174
74,2014-10-21,2017-05-11,8,8,4,0.086957
74,2014-10-21,2017-05-11,8,9,7,0.152174
74,2014-10-21,2017-05-11,9,1,7,0.125
74,2014-10-21,2017-05-11,9,2,5,0.089286
74,2014-10-21,2017-05-11,9,3,5,0.089286
74,2014-10-21,2017-05-11,9,4,5,0.089286
74,2014-10-21,2017-05-11,9,5,6,0.107143
74,2014-10-21,2017-05-11,9,6,5,0.089286
74,2014-10-21,2017-05-11,9,7,5,0.089286
74,2014-10-21,2017-05-11,9,8,8,0.142857
74,2014-10-21,2017-05-11,9,9,10,0.178571
75,2015-06-11,2017-12-30,1,1,7,0.148936
75,2015-06-11,2017-12-30,1,2,6,0.12766
75,2015-06-11,2017-12-30,1,3,1,0.021277
75,2015-06-11,2017-12-30,1,4,5,0.106383
75,2015-06-11,2017-12-30,1,5,10,0.212766
75,2015-06-11,2017-12-30,1,6,4,0.085106
75,2015-06-11,2017-12-30,1,7,4,0.085106
75,2015-06-11,2017-12-30,1,8,4,0.085106
75,2015-06-11,2017-12-30,1,9,6,0.12766
75,2015-06-11,2017-12-30,2,1,5,0.121951
75,2015-06-11,2017-12-30,2,2,4,0.097561
75,2015-06-11,2017-12-30,2,3,1,0.02439
75,2015-06-11,2017-12-30,2,4,3,0.073171
75,2015-06-11,2017-12-30,2,5,8,0.195122
75,2015-06-11,2017-12-30,2,6,4,0.097561
75,2015-06-11,2017-12-30,2,7,6,0.146341
75,2015-06-11,2017-12-30,2,8,6,0.146341
75,2015-06-11,2017-12-30,2,9,4,0.097561
75,2015-06-11,2017-12-30,3,1,5,0.135135
75,2015-06-11,2017-12-30,3,2,3,0.081081
75,2015-06-11,2017-12-30,3,3,2,0.054054
75,2015-06-11,2017-12-30,3,4,3,0.081081
75,2015-06-11,2017-12-30,3,5,4,0.108108
75,2015-06-11,2017-12-30,3,6,7,0.189189
75,2015-06-11,2017-12-30,3,7,3,0.081081
75,2015-06-11,2017-12-30,3,8,5,0.135135
75,2015-06-11,2017-12-30,3,9,5,0.135135
75,2015-06-11,2017-12-30,4,1,2,0.051282
75,2015-06-11,2017-12-30,4,2,6,0.153846
75,2015-06-11,2017-12-30,4,3,2,0.051282
75,2015-06-11,2017-12-30,4,4,4,0.102564
75,2015-06-11,2017-12-30,4,5,5,0.128205
75,2015-06-11,2017-12-30,4,6,4,0.102564
75,2015-06-11,2017-12-30,4,7,6,0.153846
75,2015-06-11,2017-12-30,4,8,5,0.128205
75,2015-06-11,2017-12-30,4,9,5,0.128205
75,2015-06-11,2017-12-30,5,1,6,0.125
75,2015-06-11,2017-12-30,5,2,3,0.0625
75,2015-06-11,2017-12-30,5,3,6,0.125
75,2015-06-11,2017-12-30,5,4,8,0.166667
75,2015-06-11,2017-12-30,5,5,4,0.083333
75,2015-06-11,2017-12-30,5,6,5,0.104167
75,2015-06-11,2017-12-30,5,7,4,0.083333
75,2015-06-11,2017-12-30,5,8,5,0.104167
75,2015-06-11,2017-12-30,5,9,7,0.145833
75,2015-06-11,2017-12-30,6,1,5,0.121951
75,2015-06-11,2017-12-30,6,2,6,0.146341
75,2015-06-11,2017-12-30,6,3,7,0.170732
75,2015-06-11,2017-12-30,6,4,6,0.146341
75,2015-06-11,2017-12-30,6,5,3,0.073171
75,2015-06-11,2017-12-30,6,6,2,0.04878
75,2015-06-11,2017-12-30,6,7,3,0.073171
75,2015-06-11,2017-12-30,6,8,4,0.097561
75,2015-06-11,2017-12-30,6,9,5,0.121951
75,2015-06-11,2017-12-30,7,1,4,0.083333
75,2015-06-11,2017-12-30,7,2,3,0.0625
75,2015-06-11,2017-12-30,7,3,11,0.229167
75,2015-06-11,2017-12-30,7,4,2,0.041667
75,2015-06-11,2017-12-30,7,5,4,0.083333
75,2015-06-11,2017-12-30,7,6,3,0.0625
75,2015-06-11,2017-12-30,7,7,11,0.229167
75,2015-06-11,2017-12-30,7,8,6,0.125
75,2015-06-11,2017-12-30,7,9,4,0.083333
75,2015-06-11,2017-12-30,8,1,7,0.155556
75,2015-06-11,2017-12-30,8,2,7,0.155556
75,2015-06-11,2017-12-30,8,3,4,0.088889
75,2015-06-11,2017-12-30,8,4,2,0.044444
75,2015-06-11,2017-12-30,8,5,2,0.044444
75,2015-06-11,2017-12-30,8,6,5,0.111111
75,2015-06-11,2017-12-30,8,7,6,0.133333
75,2015-06-11,2017-12-30,8,8,6,0.133333
75,2015-06-11,2017-12-30,8,9,6,0.133333
75,2015-06-11,2017-12-30,9,1,6,0.111111
75,2015-06-11,2017-12-30,9,2,4,0.074074
75,2015-06-11,2017-12-30,9,3,3,0.055556
75,2015-06-11,2017-12-30,9,4,6,0.111111
75,2015-06-11,2017-12-30,9,5,7,0.12963
75,2015-06-11,2017-12-30,9,6,7,0.12963
75,2015-06-11,2017-12-30,9,7,5,0.092593
75,2015-06-11,2017-12-30,9,8,4,0.074074
75,2015-06-11,2017-12-30,9,9,12,0.222222
76,2016-01-30,2018-08-21,1,1,5,0.104167
76,2016-01-30,2018-08-21,1,2,8,0.166667
76,2016-01-30,2018-08-21,1,3,4,0.083333
76,2016-01-30,2018-08-21,1,4,7,0.145833
76,2016-01-30,2018-08-21,1,5,8,0.166667
76,2016-01-30,2018-08-21,1,6,3,0.0625
76,2016-01-30,2018-08-21,1,7,2,0.041667
76,2016-01-30,2018-08-21,1,8,5,0.104167
76,2016-01-30,2018-08-21,1,9,6,0.125
76,2016-01-30,2018-08-21,2,1,7,0.145833
76,2016-01-30,2018-08-21,2,2,4,0.083333
76,2016-01-30,2018-08-21,2,3,5,0.104167
76,2016-01-30,2018-08-21,2,4,2,0.041667
76,2016-01-30,2018-08-21,2,5,10,0.208333
76,2016-01-30,2018-08-21,2,6,5,0.104167
76,2016-01-30,2018-08-21,2,7,5,0.104167
76,2016-01-30,2018-08-21,2,8,7,0.145833
76,2016-01-30,2018-08-21,2,9,3,0.0625
76,2016-01-30,2018-08-21,3,1,4,0.097561
76,2016-01-30,2018-08-21,3,2,5,0.121951
76,2016-01-30,2018-08-21,3,3,2,0.04878
76,2016-01-30,2018-08-21,3,4,3,0.073171
76,2016-01-30,2018-08-21,3,5,4,0.097561
76,2016-01-30,2018-08-21,3,6,7,0.170732
76,2016-01-30,2018-08-21,3,7,5,0.121951
76,2016-01-30,2018-08-21,3,8,5,0.121951
76,2016-01-30,2018-08-21,3,9,6,0.146341
76,2016-01-30,2018-08-21,4,1,4,0.102564
76,2016-01-30,2018-08-21,4,2,5,0.128205
76,2016-01-30,2018-08-21,4,3,2,0.051282
76,2016-01-30,2018-08-21,4,4,4,0.102564
76,2016-01-30,2018-08-21,4,5,5,0.128205
76,2016-01-30,2018-08-21,4,6,2,0.051282
76,2016-01-30,2018-08-21,4,7,3,0.076923
76,2016-01-30,2018-08-21,4,8,8,0.205128
76,2016-01-30,2018-08-21,4,9,6,0.153846
76,2016-01-30,2018-08-21,5,1,7,0.148936
76,2016-01-30,2018-08-21,5,2,4,0.085106
76,2016-01-30,2018-08-21,5,3,7,0.148936
76,2016-01-30,2018-08-21,5,4,7,0.148936
76,2016-01-30,2018-08-21,5,5,4,0.085106
76,2016-01-30,2018-08-21,5,6,4,0.085106
76,2016-01-30,2018-08-21,5,7,2,0.042553
76,2016-01-30,2018-08-21,5,8,5,0.106383
76,2016-01-30,2018-08-21,5,9,7,0.148936
76,2016-01-30,2018-08-21,6,1,4,0.114286
76,2016-01-30,2018-08-21,6,2,7,0.2
76,2016-01-30,2018-08-21,6,3,5,0.142857
76,2016-01-30,2018-08-21,6,4,4,0.114286
76,2016-01-30,2018-08-21,6,5,3,0.085714
76,2016-01-30,2018-08-21,6,6,2,0.057143
76,2016-01-30,2018-08-21,6,7,2,0.057143
76,2016-01-30,2018-08-21,6,8,3,0.085714
76,2016-01-30,2018-08-21,6,9,5,0.142857
76,2016-01-30,2018-08-21,7,1,3,0.071429
76,2016-01-30,2018-08-21,7,2,3,0.071429
76,2016-01-30,2018-08-21,7,3,11,0.261905
76,2016-01-30,2018-08-21,7,4,2,0.047619
76,2016-01-30,2018-08-21,7,5,3,0.071429
76,2016-01-30,2018-08-21,7,6,2,0.047619
76,2016-01-30,2018-08-21,7,7,9,0.214286
76,2016-01-30,2018-08-21,7,8,4,0.095238
76,2016-01-30,2018-08-21,7,9,5,0.119048
76,2016-01-30,2018-08-21,8,1,7,0.148936
76,2016-01-30,2018-08-21,8,2,9,0.191489
76,2016-01-30,2018-08-21,8,3,4,0.085106
76,2016-01-30,2018-08-21,8,4,1,0.021277
76,2016-01-30,2018-08-21,8,5,2,0.042553
76,2016-01-30,2018-08-21,8,6,5,0.106383
76,2016-01-30,2018-08-21,8,7,8,0.170213
76,2016-01-30,2018-08-21,8,8,7,0.148936
76,2016-01-30,2018-08-21,8,9,4,0.085106
76,2016-01-30,2018-08-21,9,1,7,0.132075
76,2016-01-30,2018-08-21,9,2,3,0.056604
76,2016-01-30,2018-08-21,9,3,2,0.037736
76,2016-01-30,2018-08-21,9,4,8,0.150943
76,2016-01-30,2018-08-21,9,5,8,0.150943
76,2016-01-30,2018-08-21,9,6,5,0.09434
76,2016-01-30,2018-08-21,9,7,6,0.113208
76,2016-01-30,2018-08-21,9,8,3,0.056604
76,2016-01-30,2018-08-21,9,9,11,0.207547
77,2016-09-20,2019-04-11,1,1,3,0.071429
77,2016-09-20,2019-04-11,1,2,7,0.166667
77,2016-09-20,2019-04-11,1,3,5,0.119048
77,2016-09-20,2019-04-11,1,4,6,0.142857
77,2016-09-20,2019-04-11,1,5,7,0.166667
77,2016-09-20,2019-04-11,1,6,2,0.047619
77,2016-09-20,2019-04-11,1,7,3,0.071429
77,2016-09-20,2019-04-11,1,8,4,0.095238
77,2016-09-20,2019-04-11,1,9,5,0.119048
77,2016-09-20,2019-04-11,2,1,6,0.12766
77,2016-09-20,2019-04-11,2,2,3,0.06383
77,2016-09-20,2019-04-11,2,3,6,0.12766
77,2016-09-20,2019-04-11,2,4,4,0.085106
77,2016-09-20,2019-04-11,2,5,9,0.191489
77,2016-09-20,2019-04-11,2,6,6,0.12766
77,2016-09-20,2019-04-11,2,7,5,0.106383
77,2016-09-20,2019-04-11,2,8,4,0.085106
77,2016-09-20,2019-04-11,2,9,4,0.085106
77,2016-09-20,2019-04-11,3,1,5,0.113636
77,2016-09-20,2019-04-11,3,2,6,0.136364
77,2016-09-20,2019-04-11,3,3,4,0.090909
77,2016-09-20,2019-04-11,3,4,1,0.022727
77,2016-09-20,2019-04-11,3,5,4,0.090909
77,2016-09-20,2019-04-11,3,6,10,0.227273
77,2016-09-20,2019-04-11,3,7,5,0.113636
77,2016-09-20,2019-04-11,3,8,3,0.068182
77,2016-09-20,2019-04-11,3,9,6,0.136364
77,2016-09-20,2019-04-11,4,1,5,0.121951
77,2016-09-20,2019-04-11,4,2,7,0.170732
77,2016-09-20,2019-04-11,4,3,3,0.073171
77,2016-09-20,2019-04-11,4,4,1,0.02439
77,2016-09-20,2019-04-11,4,5,7,0.170732
77,2016-09-20,2019-04-11,4,6,3,0.073171
77,2016-09-20,2019-04-11,4,7,4,0.097561
77,2016-09-20,2019-04-11,4,8,5,0.121951
77,2016-09-20,2019-04-11,4,9,6,0.146341
77,2016-09-20,2019-04-11,5,1,7,0.145833
77,2016-09-20,2019-04-11,5,2,4,0.083333
77,2016-09-20,2019-04-11,5,3,5,0.104167
77,2016-09-20,2019-04-11,5,4,8,0.166667
77,2016-09-20,2019-04-11,5,5,4,0.083333
77,2016-09-20,2019-04-11,5,6,6,0.125
77,2016-09-20,2019-04-11,5,7,1,0.020833
77,2016-09-20,2019-04-11,5,8,7,0.145833
77,2016-09-20,2019-04-11,5,9,6,0.125
77,2016-09-20,2019-04-11,6,1,5,0.128205
77,2016-09-20,2019-04-11,6,2,6,0.153846
77,2016-09-20,2019-04-11,6,3,6,0.153846
77,2016-09-20,2019-04-11,6,4,4,0.102564
77,2016-09-20,2019-04-11,6,5,5,0.128205
77,2016-09-20,2019-04-11,6,6,0,0.0
77,2016-09-20,2019-04-11,6,7,2,0.051282
77,2016-09-20,2019-04-11,6,8,5,0.128205
77,2016-09-20,2019-04-11,6,9,6,0.153846
77,2016-09-20,2019-04-11,7,1,3,0.076923
77,2016-09-20,2019-04-11,7,2,3,0.076923
77,2016-09-20,2019-04-11,7,3,9,0.230769
77,2016-09-20,2019-04-11,7,4,3,0.076923
77,2016-09-20,2019-04-11,7,5,3,0.076923
77,2016-09-20,2019-04-11,7,6,0,0.0
77,2016-09-20,2019-04-11,7,7,8,0.205128
77,2016-09-20,2019-04-11,7,8,4,0.102564
77,2016-09-20,2019-04-11,7,9,6,0.153846
77,2016-09-20,2019-04-11,8,1,3,0.065217
77,2016-09-20,2019-04-11,8,2,9,0.195652
77,2016-09-20,2019-04-11,8,3,3,0.065217
77,2016-09-20,2019-04-11,8,4,4,0.086957
77,2016-09-20,2019-04-11,8,5,2,0.043478
77,2016-09-20,2019-04-11,8,6,7,0.152174
77,2016-09-20,2019-04-11,8,7,6,0.130435
77,2016-09-20,2019-04-11,8,8,8,0.173913
77,2016-09-20,2019-04-11,8,9,4,0.086957
77,2016-09-20,2019-04-11,9,1,5,0.092593
77,2016-09-20,2019-04-11,9,2,2,0.037037
77,2016-09-20,2019-04-11,9,3,3,0.055556
77,2016-09-20,2019-04-11,9,4,10,0.185185
77,2016-09-20,2019-04-11,9,5,7,0.12963
77,2016-09-20,2019-04-11,9,6,6,0.111111
77,2016-09-20,2019-04-11,9,7,5,0.092593
77,2016-09-20,2019-04-11,9,8,6,0.111111
77,2016-09-20,2019-04-11,9,9,10,0.185185
78,2017-05-11,2019-11-30,1,1,2,0.051282
78,2017-05-11,2019-11-30,1,2,7,0.179487
78,2017-05-11,2019-11-30,1,3,6,0.153846
78,2017-05-11,2019-11-30,1,4,6,0.153846
78,2017-05-11,2019-11-30,1,5,3,0.076923
78,2017-05-11,2019-11-30,1,6,2,0.051282
78,2017-05-11,2019-11-30,1,7,3,0.076923
78,2017-05-11,2019-11-30,1,8,4,0.102564
78,2017-05-11,2019-11-30,1,9,6,0.153846
78,2017-05-11,2019-11-30,2,1,4,0.083333
78,2017-05-11,2019-11-30,2,2,2,0.041667
78,2017-05-11,2019-11-30,2,3,7,0.145833
78,2017-05-11,2019-11-30,2,4,5,0.104167
78,2017-05-11,2019-11-30,2,5,10,0.208333
78,2017-05-11,2019-11-30,2,6,5,0.104167
78,2017-05-11,2019-11-30,2,7,5,0.104167
78,2017-05-11,2019-11-30,2,8,5,0.104167
78,2017-05-11,2019-11-30,2,9,5,0.104167
78,2017-05-11,2019-11-30,3,1,5,0.1
78,2017-05-11,2019-11-30,3,2,9,0.18
78,2017-05-11,2019-11-30,3,3,5,0.1
78,2017-05-11,2019-11-30,3,4,2,0.04
78,2017-05-11,2019-11-30,3,5,6,0.12
78,2017-05-11,2019-11-30,3,6,6,0.12
78,2017-05-11,2019-11-30,3,7,5,0.1
78,2017-05-11,2019-11-30,3,8,2,0.04
78,2017-05-11,2019-11-30,3,9,10,0.2
78,2017-05-11,2019-11-30,4,1,4,0.093023
78,2017-05-11,2019-11-30,4,2,6,0.139535
78,2017-05-11,2019-11-30,4,3,3,0.069767
78,2017-05-11,2019-11-30,4,4,1,0.023256
78,2017-05-11,2019-11-30,4,5,8,0.186047
78,2017-05-11,2019-11-30,4,6,5,0.116279
78,2017-05-11,2019-11-30,4,7,5,0.116279
78,2017-05-11,2019-11-30,4,8,7,0.162791
78,2017-05-11,2019-11-30,4,9,4,0.093023
78,2017-05-11,2019-11-30,5,1,6,0.125
78,2017-05-11,2019-11-30,5,2,4,0.083333
78,2017-05-11,2019-11-30,5,3,6,0.125
78,2017-05-11,2019-11-30,5,4,7,0.145833
78,2017-05-11,2019-11-30,5,5,3,0.0625
78,2017-05-11,2019-11-30,5,6,6,0.125
78,2017-05-11,2019-11-30,5,7,2,0.041667
78,2017-05-11,2019-11-30,5,8,8,0.166667
78,2017-05-11,2019-11-30,5,9,6,0.125
78,2017-05-11,2019-11-30,6,1,7,0.184211
78,2017-05-11,2019-11-30,6,2,6,0.157895
78,2017-05-11,2019-11-30,6,3,8,0.210526
78,2017-05-11,2019-11-30,6,4,3,0.078947
78,2017-05-11,2019-11-30,6,5,3,0.078947
78,2017-05-11,2019-11-30,6,6,1,0.026316
78,2017-05-11,2019-11-30,6,7,2,0.052632
78,2017-05-11,2019-11-30,6,8,5,0.131579
78,2017-05-11,2019-11-30,6,9,3,0.078947
78,2017-05-11,2019-11-30,7,1,4,0.125
78,2017-05-11,2019-11-30,7,2,5,0.15625
78,2017-05-11,2019-11-30,7,3,5,0.15625
78,2017-05-11,2019-11-30,7,4,2,0.0625
78,2017-05-11,2019-11-30,7,5,4,0.125
78,2017-05-11,2019-11-30,7,6,0,0.0
78,2017-05-11,2019-11-30,7,7,3,0.09375
78,2017-05-11,2019-11-30,7,8,4,0.125
78,2017-05-11,2019-11-30,7,9,5,0.15625
78,2017-05-11,2019-11-30,8,1,1,0.020408
78,2017-05-11,2019-11-30,8,2,7,0.142857
78,2017-05-11,2019-11-30,8,3,6,0.122449
78,2017-05-11,2019-11-30,8,4,6,0.122449
78,2017-05-11,2019-11-30,8,5,2,0.040816
78,2017-05-11,2019-11-30,8,6,7,0.142857
78,2017-05-11,2019-11-30,8,7,4,0.081633
78,2017-05-11,2019-11-30,8,8,9,0.183673
78,2017-05-11,2019-11-30,8,9,7,0.142857
78,2017-05-11,2019-11-30,9,1,6,0.113208
78,2017-05-11,2019-11-30,9,2,2,0.037736
78,2017-05-11,2019-11-30,9,3,4,0.075472
78,2017-05-11,2019-11-30,9,4,11,0.207547
78,2017-05-11,2019-11-30,9,5,9,0.169811
78,2017-05-11,2019-11-30,9,6,6,0.113208
78,2017-05-11,2019-11-30,9,7,3,0.056604
78,2017-05-11,2019-11-30,9,8,5,0.09434
78,2017-05-11,2019-11-30,9,9,7,0.132075
79,2017-12-30,2020-09-01,1,1,0,0.0
79,2017-12-30,2020-09-01,1,2,8,0.190476
79,2017-12-30,2020-09-01,1,3,9,0.214286
79,2017-12-30,2020-09-01,1,4,6,0.142857
79,2017-12-30,2020-09-01,1,5,4,0.095238
79,2017-12-30,2020-09-01,1,6,4,0.095238
79,2017-12-30,2020-09-01,1,7,4,0.095238
79,2017-12-30,2020-09-01,1,8,3,0.071429
79,2017-12-30,2020-09-01,1,9,4,0.095238
79,2017-12-30,2020-09-01,2,1,4,0.1
79,2017-12-30,2020-09-01,2,2,1,0.025
79,2017-12-30,2020-09-01,2,3,7,0.175
79,2017-12-30,2020-09-01,2,4,4,0.1
79,2017-12-30,2020-09-01,2,5,8,0.2
79,2017-12-30,2020-09-01,2,6,3,0.075
79,2017-12-30,2020-09-01,2,7,4,0.1
79,2017-12-30,2020-09-01,2,8,4,0.1
79,2017-12-30,2020-09-01,2,9,5,0.125
79,2017-12-30,2020-09-01,3,1,5,0.096154
79,2017-12-30,2020-09-01,3,2,7,0.134615
79,2017-12-30,2020-09-01,3,3,7,0.134615
79,2017-12-30,2020-09-01,3,4,3,0.057692
79,2017-12-30,2020-09-01,3,5,7,0.134615
79,2017-12-30,2020-09-01,3,6,6,0.115385
79,2017-12-30,2020-09-01,3,7,6,0.115385
79,2017-12-30,2020-09-01,3,8,1,0.019231
79,2017-12-30,2020-09-01,3,9,10,0.192308
79,2017-12-30,2020-09-01,4,1,6,0.130435
79,2017-12-30,2020-09-01,4,2,5,0.108696
79,2017-12-30,2020-09-01,4,3,6,0.130435
79,2017-12-30,2020-09-01,4,4,1,0.021739
79,2017-12-30,2020-09-01,4,5,6,0.130435
79,2017-12-30,2020-09-01,4,6,6,0.130435
79,2017-12-30,2020-09-01,4,7,6,0.130435
79,2017-12-30,2020-09-01,4,8,6,0.130435
79,2017-12-30,2020-09-01,4,9,4,0.086957
79,2017-12-30,2020-09-01,5,1,6,0.125
79,2017-12-30,2020-09-01,5,2,3,0.0625
79,2017-12-30,2020-09-01,5,3,4,0.083333
79,2017-12-30,2020-09-01,5,4,9,0.1875
79,2017-12-30,2020-09-01,5,5,3,0.0625
79,2017-12-30,2020-09-01,5,6,8,0.166667
79,2017-12-30,2020-09-01,5,7,3,0.0625
79,2017-12-30,2020-09-01,5,8,6,0.125
79,2017-12-30,2020-09-01,5,9,6,0.125
79,2017-12-30,2020-09-01,6,1,8,0.181818
79,2017-12-30,2020-09-01,6,2,6,0.136364
79,2017-12-30,2020-09-01,6,3,7,0.159091
79,2017-12-30,2020-09-01,6,4,2,0.045455
79,2017-12-30,2020-09-01,6,5,6,0.136364
79,2017-12-30,2020-09-01,6,6,4,0.090909
79,2017-12-30,2020-09-01,6,7,2,0.045455
79,2017-12-30,2020-09-01,6,8,5,0.113636
79,2017-12-30,2020-09-01,6,9,4,0.090909
79,2017-12-30,2020-09-01,7,1,4,0.114286
79,2017-12-30,2020-09-01,7,2,5,0.142857
79,2017-12-30,2020-09-01,7,3,3,0.085714
79,2017-12-30,2020-09-01,7,4,4,0.114286
79,2017-12-30,2020-09-01,7,5,4,0.114286
79,2017-12-30,2020-09-01,7,6,2,0.057143
79,2017-12-30,2020-09-01,7,7,3,0.085714
79,2017-12-30,2020-09-01,7,8,5,0.142857
79,2017-12-30,2020-09-01,7,9,5,0.142857
79,2017-12-30,2020-09-01,8,1,2,0.046512
79,2017-12-30,2020-09-01,8,2,3,0.069767
79,2017-12-30,2020-09-01,8,3,6,0.139535
79,2017-12-30,2020-09-01,8,4,8,0.186047
79,2017-12-30,2020-09-01,8,5,2,0.046512
79,2017-12-30,2020-09-01,8,6,5,0.116279
79,2017-12-30,2020-09-01,8,7,4,0.093023
79,2017-12-30,2020-09-01,8,8,6,0.139535
79,2017-12-30,2020-09-01,8,9,7,0.162791
79,2017-12-30,2020-09-01,9,1,7,0.14
79,2017-12-30,2020-09-01,9,2,1,0.02
79,2017-12-30,2020-09-01,9,3,3,0.06
79,2017-12-30,2020-09-01,9,4,9,0.18
79,2017-12-30,2020-09-01,9,5,8,0.16
79,2017-12-30,2020-09-01,9,6,6,0.12
79,2017-12-30,2020-09-01,9,7,3,0.06
79,2017-12-30,2020-09-01,9,8,7,0.14
79,2017-12-30,2020-09-01,9,9,6,0.12
80,2018-08-21,2021-04-22,1,1,1,0.028571
80,2018-08-21,2021-04-22,1,2,5,0.142857
80,2018-08-21,2021-04-22,1,3,5,0.142857
80,2018-08-21,2021-04-22,1,4,5,0.142857
80,2018-08-21,2021-04-22,1,5,4,0.114286
80,2018-08-21,2021-04-22,1,6,3,0.085714
80,2018-08-21,2021-04-22,1,7,3,0.085714
80,2018-08-21,2021-04-22,1,8,3,0.085714
80,2018-08-21,2021-04-22,1,9,6,0.171429
80,2018-08-21,2021-04-22,2,1,2,0.052632
80,2018-08-21,2021-04-22,2,2,1,0.026316
80,2018-08-21,2021-04-22,2,3,5,0.131579
80,2018-08-21,2021-04-22,2,4,5,0.131579
80,2018-08-21,2021-04-22,2,5,8,0.210526
80,2018-08-21,2021-04-22,2,6,4,0.105263
80,2018-08-21,2021-04-22,2,7,4,0.105263
80,2018-08-21,2021-04-22,2,8,3,0.078947
80,2018-08-21,2021-04-22,2,9,6,0.157895
80,2018-08-21,2021-04-22,3,1,6,0.117647
80,2018-08-21,2021-04-22,3,2,4,0.078431
80,2018-08-21,2021-04-22,3,3,7,0.137255
80,2018-08-21,2021-04-22,3,4,5,0.098039
80,2018-08-21,2021-04-22,3,5,8,0.156863
80,2018-08-21,2021-04-22,3,6,10,0.196078
80,2018-08-21,2021-04-22,3,7,3,0.058824
80,2018-08-21,2021-04-22,3,8,2,0.039216
80,2018-08-21,2021-04-22,3,9,6,0.117647
80,2018-08-21,2021-04-22,4,1,5,0.096154
80,2018-08-21,2021-04-22,4,2,7,0.134615
80,2018-08-21,2021-04-22,4,3,7,0.134615
80,2018-08-21,2021-04-22,4,4,4,0.076923
80,2018-08-21,2021-04-22,4,5,6,0.115385
80,2018-08-21,2021-04-22,4,6,7,0.134615
80,2018-08-21,2021-04-22,4,7,8,0.153846
80,2018-08-21,2021-04-22,4,8,3,0.057692
80,2018-08-21,2021-04-22,4,9,5,0.096154
80,2018-08-21,2021-04-22,5,1,5,0.09434
80,2018-08-21,2021-04-22,5,2,4,0.075472
80,2018-08-21,2021-04-22,5,3,4,0.075472
80,2018-08-21,2021-04-22,5,4,10,0.188679
80,2018-08-21,2021-04-22,5,5,5,0.09434
80,2018-08-21,2021-04-22,5,6,7,0.132075
80,2018-08-21,2021-04-22,5,7,3,0.056604
80,2018-08-21,2021-04-22,5,8,9,0.169811
80,2018-08-21,2021-04-22,5,9,6,0.113208
80,2018-08-21,2021-04-22,6,1,7,0.14
80,2018-08-21,2021-04-22,6,2,7,0.14
80,2018-08-21,2021-04-22,6,3,9,0.18
80,2018-08-21,2021-04-22,6,4,4,0.08
80,2018-08-21,2021-04-22,6,5,8,0.16
80,2018-08-21,2021-04-22,6,6,5,0.1
80,2018-08-21,2021-04-22,6,7,2,0.04
80,2018-08-21,2021-04-22,6,8,5,0.1
80,2018-08-21,2021-04-22,6,9,3,0.06
80,2018-08-21,2021-04-22,7,1,3,0.103448
80,2018-08-21,2021-04-22,7,2,6,0.206897
80,2018-08-21,2021-04-22,7,3,1,0.034483
80,2018-08-21,2021-04-22,7,4,4,0.137931
80,2018-08-21,2021-04-22,7,5,3,0.103448
80,2018-08-21,2021-04-22,7,6,2,0.068966
80,2018-08-21,2021-04-22,7,7,2,0.068966
80,2018-08-21,2021-04-22,7,8,3,0.103448
80,2018-08-21,2021-04-22,7,9,5,0.172414
80,2018-08-21,2021-04-22,8,1,2,0.04878
80,2018-08-21,2021-04-22,8,2,2,0.04878
80,2018-08-21,2021-04-22,8,3,6,0.146341
80,2018-08-21,2021-04-22,8,4,9,0.219512
80,2018-08-21,2021-04-22,8,5,3,0.073171
80,2018-08-21,2021-04-22,8,6,6,0.146341
80,2018-08-21,2021-04-22,8,7,0,0.0
80,2018-08-21,2021-04-22,8,8,5,0.121951
80,2018-08-21,2021-04-22,8,9,8,0.195122
80,2018-08-21,2021-04-22,9,1,4,0.078431
80,2018-08-21,2021-04-22,9,2,2,0.039216
80,2018-08-21,2021-04-22,9,3,6,0.117647
80,2018-08-21,2021-04-22,9,4,6,0.117647
80,2018-08-21,2021-04-22,9,5,9,0.176471
80,2018-08-21,2021-04-22,9,6,6,0.117647
80,2018-08-21,2021-04-22,9,7,4,0.078431
80,2018-08-21,2021-04-22,9,8,8,0.156863
80,2018-08-21,2021-04-22,9,9,6,0.117647
81,2019-04-11,2021-12-11,1,1,3,0.075
81,2019-04-11,2021-12-11,1,2,9,0.225
81,2019-04-11,2021-12-11,1,3,5,0.125
81,2019-04-11,2021-12-11,1,4,5,0.125
81,2019-04-11,2021-12-11,1,5,4,0.1
81,2019-04-11,2021-12-11,1,6,3,0.075
81,2019-04-11,2021-12-11,1,7,1,0.025
81,2019-04-11,2021-12-11,1,8,3,0.075
81,2019-04-11,2021-12-11,1,9,7,0.175
81,2019-04-11,2021-12-11,2,1,3,0.065217
81,2019-04-11,2021-12-11,2,2,3,0.065217
81,2019-04-11,2021-12-11,2,3,6,0.130435
81,2019-04-11,2021-12-11,2,4,3,0.065217
81,2019-04-11,2021-12-11,2,5,9,0.195652
81,2019-04-11,2021-12-11,2,6,4,0.086957
81,2019-04-11,2021-12-11,2,7,4,0.086957
81,2019-04-11,2021-12-11,2,8,7,0.152174
81,2019-04-11,2021-12-11,2,9,7,0.152174
81,2019-04-11,2021-12-11,3,1,7,0.142857
81,2019-04-11,2021-12-11,3,2,3,0.061224
81,2019-04-11,2021-12-11,3,3,6,0.122449
81,2019-04-11,2021-12-11,3,4,8,0.163265
81,2019-04-11,2021-12-11,3,5,6,0.122449
81,2019-04-11,2021-12-11,3,6,10,0.204082
81,2019-04-11,2021-12-11,3,7,3,0.061224
81,2019-04-11,2021-12-11,3,8,1,0.020408
81,2019-04-11,2021-12-11,3,9,5,0.102041
81,2019-04-11,2021-12-11,4,1,5,0.098039
81,2019-04-11,2021-12-11,4,2,8,0.156863
81,2019-04-11,2021-12-11,4,3,7,0.137255
81,2019-04-11,2021-12-11,4,4,5,0.098039
81,2019-04-11,2021-12-11,4,5,3,0.058824
81,2019-04-11,2021-12-11,4,6,7,0.137255
81,2019-04-11,2021-12-11,4,7,9,0.176471
81,2019-04-11,2021-12-11,4,8,3,0.058824
81,2019-04-11,2021-12-11,4,9,4,0.078431
81,2019-04-11,2021-12-11,5,1,4,0.081633
81,2019-04-11,2021-12-11,5,2,5,0.102041
81,2019-04-11,2021-12-11,5,3,4,0.081633
81,2019-04-11,2021-12-11,5,4,10,0.204082
81,2019-04-11,2021-12-11,5,5,5,0.102041
81,2019-04-11,2021-12-11,5,6,6,0.122449
81,2019-04-11,2021-12-11,5,7,3,0.061224
81,2019-04-11,2021-12-11,5,8,7,0.142857
81,2019-04-11,2021-12-11,5,9,5,0.102041
81,2019-04-11,2021-12-11,6,1,6,0.125
81,2019-04-11,2021-12-11,6,2,6,0.125
81,2019-04-11,2021-12-11,6,3,8,0.166667
81,2019-04-11,2021-12-11,6,4,4,0.083333
81,2019-04-11,2021-12-11,6,5,6,0.125
81,2019-04-11,2021-12-11,6,6,7,0.145833
81,2019-04-11,2021-12-11,6,7,2,0.041667
81,2019-04-11,2021-12-11,6,8,7,0.145833
81,2019-04-11,2021-12-11,6,9,2,0.041667
81,2019-04-11,2021-12-11,7,1,4,0.121212
81,2019-04-11,2021-12-11,7,2,6,0.181818
81,2019-04-11,2021-12-11,7,3,3,0.090909
81,2019-04-11,2021-12-11,7,4,4,0.121212
81,2019-04-11,2021-12-11,7,5,3,0.090909
81,2019-04-11,2021-12-11,7,6,3,0.090909
81,2019-04-11,2021-12-11,7,7,5,0.151515
81,2019-04-11,2021-12-11,7,8,3,0.090909
81,2019-04-11,2021-12-11,7,9,2,0.060606
81,2019-04-11,2021-12-11,8,1,4,0.102564
81,2019-04-11,2021-12-11,8,2,2,0.051282
81,2019-04-11,2021-12-11,8,3,6,0.153846
81,2019-04-11,2021-12-11,8,4,7,0.179487
81,2019-04-11,2021-12-11,8,5,4,0.102564
81,2019-04-11,2021-12-11,8,6,2,0.051282
81,2019-04-11,2021-12-11,8,7,3,0.076923
81,2019-04-11,2021-12-11,8,8,4,0.102564
81,2019-04-11,2021-12-11,8,9,7,0.179487
81,2019-04-11,2021-12-11,9,1,4,0.088889
81,2019-04-11,2021-12-11,9,2,4,0.088889
81,2019-04-11,2021-12-11,9,3,4,0.088889
81,2019-04-11,2021-12-11,9,4,5,0.111111
81,2019-04-11,2021-12-11,9,5,9,0.2
81,2019-04-11,2021-12-11,9,6,5,0.111111
81,2019-04-11,2021-12-11,9,7,4,0.088889
81,2019-04-11,2021-12-11,9,8,4,0.088889
81,2019-04-11,2021-12-11,9,9,6,0.133333
82,2019-11-30,2022-08-02,1,1,4,0.088889
82,2019-11-30,2022-08-02,1,2,10,0.222222
82,2019-11-30,2022-08-02,1,3,4,0.088889
82,2019-11-30,2022-08-02,1,4,7,0.155556
82,2019-11-30,2022-08-02,1,5,5,0.111111
82,2019-11-30,2022-08-02,1,6,4,0.088889
82,2019-11-30,2022-08-02,1,7,1,0.022222
82,2019-11-30,2022-08-02,1,8,3,0.066667
82,2019-11-30,2022-08-02,1,9,7,0.155556
82,2019-11-30,2022-08-02,2,1,5,0.108696
82,2019-11-30,2022-08-02,2,2,4,0.086957
82,2019-11-30,2022-08-02,2,3,5,0.108696
82,2019-11-30,2022-08-02,2,4,1,0.021739
82,2019-11-30,2022-08-02,2,5,7,0.152174
82,2019-11-30,2022-08-02,2,6,5,0.108696
82,2019-11-30,2022-08-02,2,7,5,0.108696
82,2019-11-30,2022-08-02,2,8,6,0.130435
82,2019-11-30,2022-08-02,2,9,8,0.173913
82,2019-11-30,2022-08-02,3,1,9,0.2
82,2019-11-30,2022-08-02,3,2,1,0.022222
82,2019-11-30,2022-08-02,3,3,5,0.111111
82,2019-11-30,2022-08-02,3,4,9,0.2
82,2019-11-30,2022-08-02,3,5,4,0.088889
82,2019-11-30,2022-08-02,3,6,10,0.222222
82,2019-11-30,2022-08-02,3,7,2,0.044444
82,2019-11-30,2022-08-02,3,8,2,0.044444
82,2019-11-30,2022-08-02,3,9,3,0.066667
82,2019-11-30,2022-08-02,4,1,7,0.145833
82,2019-11-30,2022-08-02,4,2,8,0.166667
82,2019-11-30,2022-08-02,4,3,6,0.125
82,2019-11-30,2022-08-02,4,4,6,0.125
82,2019-11-30,2022-08-02,4,5,2,0.041667
82,2019-11-30,2022-08-02,4,6,4,0.083333
82,2019-11-30,2022-08-02,4,7,9,0.1875
82,2019-11-30,2022-08-02,4,8,1,0.020833
82,2019-11-30,2022-08-02,4,9,5,0.104167
82,2019-11-30,2022-08-02,5,1,4,0.083333
82,2019-11-30,2022-08-02,5,2,5,0.104167
82,2019-11-30,2022-08-02,5,3,2,0.041667
82,2019-11-30,2022-08-02,5,4,9,0.1875
82,2019-11-30,2022-08-02,5,5,4,0.083333
82,2019-11-30,2022-08-02,5,6,7,0.145833
82,2019-11-30,2022-08-02,5,7,4,0.083333
82,2019-11-30,2022-08-02,5,8,9,0.1875
82,2019-11-30,2022-08-02,5,9,4,0.083333
82,2019-11-30,2022-08-02,6,1,4,0.081633
82,2019-11-30,2022-08-02,6,2,4,0.081633
82,2019-11-30,2022-08-02,6,3,8,0.163265
82,2019-11-30,2022-08-02,6,4,5,0.102041
82,2019-11-30,2022-08-02,6,5,6,0.122449
82,2019-11-30,2022-08-02,6,6,10,0.204082
82,2019-11-30,2022-08-02,6,7,2,0.040816
82,2019-11-30,2022-08-02,6,8,6,0.122449
82,2019-11-30,2022-08-02,6,9,4,0.081633
82,2019-11-30,2022-08-02,7,1,3,0.078947
82,2019-11-30,2022-08-02,7,2,4,0.105263
82,2019-11-30,2022-08-02,7,3,6,0.157895
82,2019-11-30,2022-08-02,7,4,3,0.078947
82,2019-11-30,2022-08-02,7,5,5,0.131579
82,2019-11-30,2022-08-02,7,6,4,0.105263
82,2019-11-30,2022-08-02,7,7,5,0.131579
82,2019-11-30,2022-08-02,7,8,5,0.131579
82,2019-11-30,2022-08-02,7,9,3,0.078947
82,2019-11-30,2022-08-02,8,1,5,0.128205
82,2019-11-30,2022-08-02,8,2,5,0.128205
82,2019-11-30,2022-08-02,8,3,3,0.076923
82,2019-11-30,2022-08-02,8,4,6,0.153846
82,2019-11-30,2022-08-02,8,5,7,0.179487
82,2019-11-30,2022-08-02,8,6,2,0.051282
82,2019-11-30,2022-08-02,8,7,5,0.128205
82,2019-11-30,2022-08-02,8,8,3,0.076923
82,2019-11-30,2022-08-02,8,9,3,0.076923
82,2019-11-30,2022-08-02,9,1,3,0.071429
82,2019-11-30,2022-08-02,9,2,5,0.119048
82,2019-11-30,2022-08-02,9,3,6,0.142857
82,2019-11-30,2022-08-02,9,4,2,0.047619
82,2019-11-30,2022-08-02,9,5,8,0.190476
82,2019-11-30,2022-08-02,9,6,4,0.095238
82,2019-11-30,2022-08-02,9,7,5,0.119048
82,2019-11-30,2022-08-02,9,8,4,0.095238
82,2019-11-30,2022-08-02,9,9,5,0.119048
83,2020-09-01,2023-03-23,1,1,7,0.148936
83,2020-09-01,2023-03-23,1,2,10,0.212766
83,2020-09-01,2023-03-23,1,3,1,0.021277
83,2020-09-01,2023-03-23,1,4,7,0.148936
83,2020-09-01,2023-03-23,1,5,4,0.085106
83,2020-09-01,2023-03-23,1,6,2,0.042553
83,2020-09-01,2023-03-23,1,7,2,0.042553
83,2020-09-01,2023-03-23,1,8,3,0.06383
83,2020-09-01,2023-03-23,1,9,11,0.234043
83,2020-09-01,2023-03-23,2,1,5,0.09434
83,2020-09-01,2023-03-23,2,2,5,0.09434
83,2020-09-01,2023-03-23,2,3,6,0.113208
83,2020-09-01,2023-03-23,2,4,1,0.018868
83,2020-09-01,2023-03-23,2,5,8,0.150943
83,2020-09-01,2023-03-23,2,6,6,0.113208
83,2020-09-01,2023-03-23,2,7,7,0.132075
83,2020-09-01,2023-03-23,2,8,9,0.169811
83,2020-09-01,2023-03-23,2,9,6,0.113208
83,2020-09-01,2023-03-23,3,1,9,0.204545
83,2020-09-01,2023-03-23,3,2,2,0.045455
83,2020-09-01,2023-03-23,3,3,5,0.113636
83,2020-09-01,2023-03-23,3,4,9,0.204545
83,2020-09-01,2023-03-23,3,5,3,0.068182
83,2020-09-01,2023-03-23,3,6,9,0.204545
83,2020-09-01,2023-03-23,3,7,1,0.022727
83,2020-09-01,2023-03-23,3,8,4,0.090909
83,2020-09-01,2023-03-23,3,9,2,0.045455
83,2020-09-01,2023-03-23,4,1,6,0.139535
83,2020-09-01,2023-03-23,4,2,6,0.139535
83,2020-09-01,2023-03-23,4,3,4,0.093023
83,2020-09-01,2023-03-23,4,4,6,0.139535
83,2020-09-01,2023-03-23,4,5,3,0.069767
83,2020-09-01,2023-03-23,4,6,3,0.069767
83,2020-09-01,2023-03-23,4,7,8,0.186047
83,2020-09-01,2023-03-23,4,8,4,0.093023
83,2020-09-01,2023-03-23,4,9,3,0.069767
83,2020-09-01,2023-03-23,5,1,3,0.06383
83,2020-09-01,2023-03-23,5,2,7,0.148936
83,2020-09-01,2023-03-23,5,3,3,0.06383
83,2020-09-01,2023-03-23,5,4,9,0.191489
83,2020-09-01,2023-03-23,5,5,4,0.085106
83,2020-09-01,2023-03-23,5,6,5,0.106383
83,2020-09-01,2023-03-23,5,7,3,0.06383
83,2020-09-01,2023-03-23,5,8,9,0.191489
83,2020-09-01,2023-03-23,5,9,4,0.085106
83,2020-09-01,2023-03-23,6,1,4,0.1
83,2020-09-01,2023-03-23,6,2,5,0.125
83,2020-09-01,2023-03-23,6,3,6,0.15
83,2020-09-01,2023-03-23,6,4,4,0.1
83,2020-09-01,2023-03-23,6,5,3,0.075
83,2020-09-01,2023-03-23,6,6,7,0.175
83,2020-09-01,2023-03-23,6,7,3,0.075
83,2020-09-01,2023-03-23,6,8,6,0.15
83,2020-09-01,2023-03-23,6,9,2,0.05
83,2020-09-01,2023-03-23,7,1,4,0.097561
83,2020-09-01,2023-03-23,7,2,6,0.146341
83,2020-09-01,2023-03-23,7,3,9,0.219512
83,2020-09-01,2023-03-23,7,4,2,0.04878
83,2020-09-01,2023-03-23,7,5,6,0.146341
83,2020-09-01,2023-03-23,7,6,3,0.073171
83,2020-09-01,2023-03-23,7,7,4,0.097561
83,2020-09-01,2023-03-23,7,8,3,0.073171
83,2020-09-01,2023-03-23,7,9,4,0.097561
83,2020-09-01,2023-03-23,8,1,6,0.133333
83,2020-09-01,2023-03-23,8,2,6,0.133333
83,2020-09-01,2023-03-23,8,3,3,0.066667
83,2020-09-01,2023-03-23,8,4,4,0.088889
83,2020-09-01,2023-03-23,8,5,9,0.2
83,2020-09-01,2023-03-23,8,6,3,0.066667
83,2020-09-01,2023-03-23,8,7,7,0.155556
83,2020-09-01,2023-03-23,8,8,4,0.088889
83,2020-09-01,2023-03-23,8,9,3,0.066667
83,2020-09-01,2023-03-23,9,1,3,0.075
83,2020-09-01,2023-03-23,9,2,6,0.15
83,2020-09-01,2023-03-23,9,3,7,0.175
83,2020-09-01,2023-03-23,9,4,2,0.05
83,2020-09-01,2023-03-23,9,5,7,0.175
83,2020-09-01,2023-03-23,9,6,2,0.05
83,2020-09-01,2023-03-23,9,7,6,0.15
83,2020-09-01,2023-03-23,9,8,3,0.075
83,2020-09-01,2023-03-23,9,9,4,0.1
84,2021-04-22,2023-10-10,1,1,7,0.137255
84,2021-04-22,2023-10-10,1,2,12,0.235294
84,2021-04-22,2023-10-10,1,3,2,0.039216
84,2021-04-22,2023-10-10,1,4,5,0.098039
84,2021-04-22,2023-10-10,1,5,7,0.137255
84,2021-04-22,2023-10-10,1,6,2,0.039216
84,2021-04-22,2023-10-10,1,7,3,0.058824
84,2021-04-22,2023-10-10,1,8,3,0.058824
84,2021-04-22,2023-10-10,1,9,10,0.196078
84,2021-04-22,2023-10-10,2,1,6,0.113208
84,2021-04-22,2023-10-10,2,2,5,0.09434
84,2021-04-22,2023-10-10,2,3,5,0.09434
84,2021-04-22,2023-10-10,2,4,0,0.0
84,2021-04-22,2023-10-10,2,5,8,0.150943
84,2021-04-22,2023-10-10,2,6,5,0.09434
84,2021-04-22,2023-10-10,2,7,9,0.169811
84,2021-04-22,2023-10-10,2,8,10,0.188679
84,2021-04-22,2023-10-10,2,9,5,0.09434
84,2021-04-22,2023-10-10,3,1,8,0.190476
84,2021-04-22,2023-10-10,3,2,3,0.071429
84,2021-04-22,2023-10-10,3,3,5,0.119048
84,2021-04-22,2023-10-10,3,4,7,0.166667
84,2021-04-22,2023-10-10,3,5,3,0.071429
84,2021-04-22,2023-10-10,3,6,5,0.119048
84,2021-04-22,2023-10-10,3,7,2,0.047619
84,2021-04-22,2023-10-10,3,8,5,0.119048
84,2021-04-22,2023-10-10,3,9,4,0.095238
84,2021-04-22,2023-10-10,4,1,6,0.146341
84,2021-04-22,2023-10-10,4,2,5,0.121951
84,2021-04-22,2023-10-10,4,3,4,0.097561
84,2021-04-22,2023-10-10,4,4,6,0.146341
84,2021-04-22,2023-10-10,4,5,6,0.146341
84,2021-04-22,2023-10-10,4,6,2,0.04878
84,2021-04-22,2023-10-10,4,7,7,0.170732
84,2021-04-22,2023-10-10,4,8,4,0.097561
84,2021-04-22,2023-10-10,4,9,1,0.02439
84,2021-04-22,2023-10-10,5,1,4,0.08
84,2021-04-22,2023-10-10,5,2,7,0.14
84,2021-04-22,2023-10-10,5,3,3,0.06
84,2021-04-22,2023-10-10,5,4,9,0.18
84,2021-04-22,2023-10-10,5,5,5,0.1
84,2021-04-22,2023-10-10,5,6,5,0.1
84,2021-04-22,2023-10-10,5,7,4,0.08
84,2021-04-22,2023-10-10,5,8,8,0.16
84,2021-04-22,2023-10-10,5,9,5,0.1
84,2021-04-22,2023-10-10,6,1,4,0.114286
84,2021-04-22,2023-10-10,6,2,3,0.085714
84,2021-04-22,2023-10-10,6,3,5,0.142857
84,2021-04-22,2023-10-10,6,4,2,0.057143
84,2021-04-22,2023-10-10,6,5,2,0.057143
84,2021-04-22,2023-10-10,6,6,6,0.171429
84,2021-04-22,2023-10-10,6,7,3,0.085714
84,2021-04-22,2023-10-10,6,8,7,0.2
84,2021-04-22,2023-10-10,6,9,3,0.085714
84,2021-04-22,2023-10-10,7,1,5,0.113636
84,2021-04-22,2023-10-10,7,2,7,0.159091
84,2021-04-22,2023-10-10,7,3,8,0.181818
84,2021-04-22,2023-10-10,7,4,3,0.068182
84,2021-04-22,2023-10-10,7,5,6,0.136364
84,2021-04-22,2023-10-10,7,6,5,0.113636
84,2021-04-22,2023-10-10,7,7,4,0.090909
84,2021-04-22,2023-10-10,7,8,3,0.068182
84,2021-04-22,2023-10-10,7,9,3,0.068182
84,2021-04-22,2023-10-10,8,1,7,0.148936
84,2021-04-22,2023-10-10,8,2,6,0.12766
84,2021-04-22,2023-10-10,8,3,1,0.021277
84,2021-04-22,2023-10-10,8,4,5,0.106383
84,2021-04-22,2023-10-10,8,5,8,0.170213
84,2021-04-22,2023-10-10,8,6,3,0.06383
84,2021-04-22,2023-10-10,8,7,8,0.170213
84,2021-04-22,2023-10-10,8,8,5,0.106383
84,2021-04-22,2023-10-10,8,9,4,0.085106
84,2021-04-22,2023-10-10,9,1,4,0.108108
84,2021-04-22,2023-10-10,9,2,5,0.135135
84,2021-04-22,2023-10-10,9,3,10,0.27027
84,2021-04-22,2023-10-10,9,4,4,0.108108
84,2021-04-22,2023-10-10,9,5,4,0.108108
84,2021-04-22,2023-10-10,9,6,2,0.054054
84,2021-04-22,2023-10-10,9,7,4,0.108108
84,2021-04-22,2023-10-10,9,8,2,0.054054
84,2021-04-22,2023-10-10,9,9,2,0.054054
85,2021-12-11,2024-04-02,1,1,6,0.12
85,2021-12-11,2024-04-02,1,2,10,0.2
85,2021-12-11,2024-04-02,1,3,1,0.02
85,2021-12-11,2024-04-02,1,4,6,0.12
85,2021-12-11,2024-04-02,1,5,7,0.14
85,2021-12-11,2024-04-02,1,6,4,0.08
85,2021-12-11,2024-04-02,1,7,4,0.08
85,2021-12-11,2024-04-02,1,8,3,0.06
85,2021-12-11,2024-04-02,1,9,9,0.18
85,2021-12-11,2024-04-02,2,1,6,0.122449
85,2021-12-11,2024-04-02,2,2,5,0.102041
85,2021-12-11,2024-04-02,2,3,2,0.040816
85,2021-12-11,2024-04-02,2,4,3,0.061224
85,2021-12-11,2024-04-02,2,5,7,0.142857
85,2021-12-11,2024-04-02,2,6,4,0.081633
85,2021-12-11,2024-04-02,2,7,10,0.204082
85,2021-12-11,2024-04-02,2,8,7,0.142857
85,2021-12-11,2024-04-02,2,9,5,0.102041
85,2021-12-11,2024-04-02,3,1,8,0.181818
85,2021-12-11,2024-04-02,3,2,6,0.136364
85,2021-12-11,2024-04-02,3,3,5,0.113636
85,2021-12-11,2024-04-02,3,4,5,0.113636
85,2021-12-11,2024-04-02,3,5,3,0.068182
85,2021-12-11,2024-04-02,3,6,4,0.090909
85,2021-12-11,2024-04-02,3,7,3,0.068182
85,2021-12-11,2024-04-02,3,8,6,0.136364
85,2021-12-11,2024-04-02,3,9,4,0.090909
85,2021-12-11,2024-04-02,4,1,7,0.175
85,2021-12-11,2024-04-02,4,2,3,0.075
85,2021-12-11,2024-04-02,4,3,3,0.075
85,2021-12-11,2024-04-02,4,4,5,0.125
85,2021-12-11,2024-04-02,4,5,5,0.125
85,2021-12-11,2024-04-02,4,6,1,0.025
85,2021-12-11,2024-04-02,4,7,7,0.175
85,2021-12-11,2024-04-02,4,8,4,0.1
85,2021-12-11,2024-04-02,4,9,5,0.125
85,2021-12-11,2024-04-02,5,1,4,0.081633
85,2021-12-11,2024-04-02,5,2,6,0.122449
85,2021-12-11,2024-04-02,5,3,5,0.102041
85,2021-12-11,2024-04-02,5,4,7,0.142857
85,2021-12-11,2024-04-02,5,5,6,0.122449
85,2021-12-11,2024-04-02,5,6,4,0.081633
85,2021-12-11,2024-04-02,5,7,4,0.081633
85,2021-12-11,2024-04-02,5,8,8,0.163265
85,2021-12-11,2024-04-02,5,9,5,0.102041
85,2021-12-11,2024-04-02,6,1,4,0.108108
85,2021-12-11,2024-04-02,6,2,4,0.108108
85,2021-12-11,2024-04-02,6,3,7,0.189189
85,2021-12-11,2024-04-02,6,4,4,0.108108
85,2021-12-11,2024-04-02,6,5,2,0.054054
85,2021-12-11,2024-04-02,6,6,6,0.162162
85,2021-12-11,2024-04-02,6,7,2,0.054054
85,2021-12-11,2024-04-02,6,8,4,0.108108
85,2021-12-11,2024-04-02,6,9,4,0.108108
85,2021-12-11,2024-04-02,7,1,5,0.111111
85,2021-12-11,2024-04-02,7,2,7,0.155556
85,2021-12-11,2024-04-02,7,3,8,0.177778
85,2021-12-11,2024-04-02,7,4,3,0.066667
85,2021-12-11,2024-04-02,7,5,8,0.177778
85,2021-12-11,2024-04-02,7,6,4,0.088889
85,2021-12-11,2024-04-02,7,7,1,0.022222
85,2021-12-11,2024-04-02,7,8,4,0.088889
85,2021-12-11,2024-04-02,7,9,5,0.111111
85,2021-12-11,2024-04-02,8,1,6,0.136364
85,2021-12-11,2024-04-02,8,2,5,0.113636
85,2021-12-11,2024-04-02,8,3,3,0.068182
85,2021-12-11,2024-04-02,8,4,4,0.090909
85,2021-12-11,2024-04-02,8,5,7,0.159091
85,2021-12-11,2024-04-02,8,6,4,0.090909
85,2021-12-11,2024-04-02,8,7,6,0.136364
85,2021-12-11,2024-04-02,8,8,4,0.090909
85,2021-12-11,2024-04-02,8,9,5,0.113636
85,2021-12-11,2024-04-02,9,1,4,0.095238
85,2021-12-11,2024-04-02,9,2,3,0.071429
85,2021-12-11,2024-04-02,9,3,10,0.238095
85,2021-12-11,2024-04-02,9,4,3,0.071429
85,2021-12-11,2024-04-02,9,5,4,0.095238
85,2021-12-11,2024-04-02,9,6,6,0.142857
85,2021-12-11,2024-04-02,9,7,7,0.166667
85,2021-12-11,2024-04-02,9,8,4,0.095238
85,2021-12-11,2024-04-02,9,9,1,0.02381
86,2022-08-02,2024-09-24,1,1,6,0.117647
86,2022-08-02,2024-09-24,1,2,7,0.137255
86,2022-08-02,2024-09-24,1,3,6,0.117647
86,2022-08-02,2024-09-24,1,4,7,0.137255
86,2022-08-02,2024-09-24,1,5,6,0.117647
86,2022-08-02,2024-09-24,1,6,2,0.039216
86,2022-08-02,2024-09-24,1,7,5,0.098039
86,2022-08-02,2024-09-24,1,8,4,0.078431
86,2022-08-02,2024-09-24,1,9,8,0.156863
86,2022-08-02,2024-09-24,2,1,6,0.130435
86,2022-08-02,2024-09-24,2,2,4,0.086957
86,2022-08-02,2024-09-24,2,3,2,0.043478
86,2022-08-02,2024-09-24,2,4,5,0.108696
86,2022-08-02,2024-09-24,2,5,5,0.108696
86,2022-08-02,2024-09-24,2,6,3,0.065217
86,2022-08-02,2024-09-24,2,7,9,0.195652
86,2022-08-02,2024-09-24,2,8,6,0.130435
86,2022-08-02,2024-09-24,2,9,6,0.130435
86,2022-08-02,2024-09-24,3,1,7,0.148936
86,2022-08-02,2024-09-24,3,2,6,0.12766
86,2022-08-02,2024-09-24,3,3,7,0.148936
86,2022-08-02,2024-09-24,3,4,3,0.06383
86,2022-08-02,2024-09-24,3,5,6,0.12766
86,2022-08-02,2024-09-24,3,6,3,0.06383
86,2022-08-02,2024-09-24,3,7,4,0.085106
86,2022-08-02,2024-09-24,3,8,5,0.106383
86,2022-08-02,2024-09-24,3,9,6,0.12766
86,2022-08-02,2024-09-24,4,1,6,0.146341
86,2022-08-02,2024-09-24,4,2,2,0.04878
86,2022-08-02,2024-09-24,4,3,4,0.097561
86,2022-08-02,2024-09-24,4,4,4,0.097561
86,2022-08-02,2024-09-24,4,5,4,0.097561
86,2022-08-02,2024-09-24,4,6,3,0.073171
86,2022-08-02,2024-09-24,4,7,8,0.195122
86,2022-08-02,2024-09-24,4,8,5,0.121951
86,2022-08-02,2024-09-24,4,9,5,0.121951
86,2022-08-02,2024-09-24,5,1,3,0.065217
86,2022-08-02,2024-09-24,5,2,6,0.130435
86,2022-08-02,2024-09-24,5,3,7,0.152174
86,2022-08-02,2024-09-24,5,4,6,0.130435
86,2022-08-02,2024-09-24,5,5,8,0.173913
86,2022-08-02,2024-09-24,5,6,3,0.065217
86,2022-08-02,2024-09-24,5,7,3,0.065217
86,2022-08-02,2024-09-24,5,8,6,0.130435
86,2022-08-02,2024-09-24,5,9,4,0.086957
86,2022-08-02,2024-09-24,6,1,4,0.125
86,2022-08-02,2024-09-24,6,2,6,0.1875
86,2022-08-02,2024-09-24,6,3,5,0.15625
86,2022-08-02,2024-09-24,6,4,4,0.125
86,2022-08-02,2024-09-24,6,5,1,0.03125
86,2022-08-02,2024-09-24,6,6,3,0.09375
86,2022-08-02,2024-09-24,6,7,1,0.03125
86,2022-08-02,2024-09-24,6,8,6,0.1875
86,2022-08-02,2024-09-24,6,9,2,0.0625
86,2022-08-02,2024-09-24,7,1,6,0.139535
86,2022-08-02,2024-09-24,7,2,8,0.186047
86,2022-08-02,2024-09-24,7,3,5,0.116279
86,2022-08-02,2024-09-24,7,4,3,0.069767
86,2022-08-02,2024-09-24,7,5,6,0.139535
86,2022-08-02,2024-09-24,7,6,4,0.093023
86,2022-08-02,2024-09-24,7,7,1,0.023256
86,2022-08-02,2024-09-24,7,8,2,0.046512
86,2022-08-02,2024-09-24,7,9,8,0.186047
86,2022-08-02,2024-09-24,8,1,6,0.133333
86,2022-08-02,2024-09-24,8,2,2,0.044444
86,2022-08-02,2024-09-24,8,3,3,0.066667
86,2022-08-02,2024-09-24,8,4,5,0.111111
86,2022-08-02,2024-09-24,8,5,7,0.155556
86,2022-08-02,2024-09-24,8,6,5,0.111111
86,2022-08-02,2024-09-24,8,7,5,0.111111
86,2022-08-02,2024-09-24,8,8,5,0.111111
86,2022-08-02,2024-09-24,8,9,7,0.155556
86,2022-08-02,2024-09-24,9,1,7,0.142857
86,2022-08-02,2024-09-24,9,2,5,0.102041
86,2022-08-02,2024-09-24,9,3,8,0.163265
86,2022-08-02,2024-09-24,9,4,4,0.081633
86,2022-08-02,2024-09-24,9,5,3,0.061224
86,2022-08-02,2024-09-24,9,6,6,0.122449
86,2022-08-02,2024-09-24,9,7,7,0.142857
86,2022-08-02,2024-09-24,9,8,6,0.122449
86,2022-08-02,2024-09-24,9,9,3,0.061224
87,2023-03-23,2025-03-18,1,1,5,0.106383
87,2023-03-23,2025-03-18,1,2,8,0.170213
87,2023-03-23,2025-03-18,1,3,8,0.170213
87,2023-03-23,2025-03-18,1,4,8,0.170213
87,2023-03-23,2025-03-18,1,5,5,0.106383
87,2023-03-23,2025-03-18,1,6,3,0.06383
87,2023-03-23,2025-03-18,1,7,3,0.06383
87,2023-03-23,2025-03-18,1,8,3,0.06383
87,2023-03-23,2025-03-18,1,9,4,0.085106
87,2023-03-23,2025-03-18,2,1,6,0.130435
87,2023-03-23,2025-03-18,2,2,3,0.065217
87,2023-03-23,2025-03-18,2,3,2,0.043478
87,2023-03-23,2025-03-18,2,4,10,0.217391
87,2023-03-23,2025-03-18,2,5,7,0.152174
87,2023-03-23,2025-03-18,2,6,3,0.065217
87,2023-03-23,2025-03-18,2,7,7,0.152174
87,2023-03-23,2025-03-18,2,8,2,0.043478
87,2023-03-23,2025-03-18,2,9,6,0.130435
87,2023-03-23,2025-03-18,3,1,7,0.152174
87,2023-03-23,2025-03-18,3,2,6,0.130435
87,2023-03-23,2025-03-18,3,3,5,0.108696
87,2023-03-23,2025-03-18,3,4,3,0.065217
87,2023-03-23,2025-03-18,3,5,5,0.108696
87,2023-03-23,2025-03-18,3,6,4,0.086957
87,2023-03-23,2025-03-18,3,7,4,0.086957
87,2023-03-23,2025-03-18,3,8,6,0.130435
87,2023-03-23,2025-03-18,3,9,6,0.130435
87,2023-03-23,2025-03-18,4,1,9,0.1875
87,2023-03-23,2025-03-18,4,2,6,0.125
87,2023-03-23,2025-03-18,4,3,3,0.0625
87,2023-03-23,2025-03-18,4,4,3,0.0625
87,2023-03-23,2025-03-18,4,5,6,0.125
87,2023-03-23,2025-03-18,4,6,3,0.0625
87,2023-03-23,2025-03-18,4,7,7,0.145833
87,2023-03-23,2025-03-18,4,8,2,0.041667
87,2023-03-23,2025-03-18,4,9,9,0.1875
87,2023-03-23,2025-03-18,5,1,2,0.040816
87,2023-03-23,2025-03-18,5,2,5,0.102041
87,2023-03-23,2025-03-18,5,3,9,0.183673
87,2023-03-23,2025-03-18,5,4,5,0.102041
87,2023-03-23,2025-03-18,5,5,9,0.183673
87,2023-03-23,2025-03-18,5,6,6,0.122449
87,2023-03-23,2025-03-18,5,7,4,0.081633
87,2023-03-23,2025-03-18,5,8,7,0.142857
87,2023-03-23,2025-03-18,5,9,2,0.040816
87,2023-03-23,2025-03-18,6,1,3,0.078947
87,2023-03-23,2025-03-18,6,2,4,0.105263
87,2023-03-23,2025-03-18,6,3,8,0.210526
87,2023-03-23,2025-03-18,6,4,4,0.105263
87,2023-03-23,2025-03-18,6,5,4,0.105263
87,2023-03-23,2025-03-18,6,6,3,0.078947
87,2023-03-23,2025-03-18,6,7,2,0.052632
87,2023-03-23,2025-03-18,6,8,6,0.157895
87,2023-03-23,2025-03-18,6,9,4,0.105263
87,2023-03-23,2025-03-18,7,1,5,0.128205
87,2023-03-23,2025-03-18,7,2,7,0.179487
87,2023-03-23,2025-03-18,7,3,2,0.051282
87,2023-03-23,2025-03-18,7,4,3,0.076923
87,2023-03-23,2025-03-18,7,5,6,0.153846
87,2023-03-23,2025-03-18,7,6,6,0.153846
87,2023-03-23,2025-03-18,7,7,1,0.025641
87,2023-03-23,2025-03-18,7,8,1,0.025641
87,2023-03-23,2025-03-18,7,9,8,0.205128
87,2023-03-23,2025-03-18,8,1,4,0.108108
87,2023-03-23,2025-03-18,8,2,2,0.054054
87,2023-03-23,2025-03-18,8,3,2,0.054054
87,2023-03-23,2025-03-18,8,4,6,0.162162
87,2023-03-23,2025-03-18,8,5,4,0.108108
87,2023-03-23,2025-03-18,8,6,4,0.108108
87,2023-03-23,2025-03-18,8,7,5,0.135135
87,2023-03-23,2025-03-18,8,8,4,0.108108
87,2023-03-23,2025-03-18,8,9,6,0.162162
87,2023-03-23,2025-03-18,9,1,6,0.12
87,2023-03-23,2025-03-18,9,2,6,0.12
87,2023-03-23,2025-03-18,9,3,7,0.14
87,2023-03-23,2025-03-18,9,4,5,0.1
87,2023-03-23,2025-03-18,9,5,3,0.06
87,2023-03-23,2025-03-18,9,6,6,0.12
87,2023-03-23,2025-03-18,9,7,6,0.12
87,2023-03-23,2025-03-18,9,8,6,0.12
87,2023-03-23,2025-03-18,9,9,5,0.1
88,2023-10-10,2025-09-09,1,1,4,0.085106
88,2023-10-10,2025-09-09,1,2,5,0.106383
88,2023-10-10,2025-09-09,1,3,9,0.191489
88,2023-10-10,2025-09-09,1,4,12,0.255319
88,2023-10-10,2025-09-09,1,5,3,0.06383
88,2023-10-10,2025-09-09,1,6,5,0.106383
88,2023-10-10,2025-09-09,1,7,2,0.042553
88,2023-10-10,2025-09-09,1,8,4,0.085106
88,2023-10-10,2025-09-09,1,9,3,0.06383
88,2023-10-10,2025-09-09,2,1,5,0.125
88,2023-10-10,2025-09-09,2,2,3,0.075
88,2023-10-10,2025-09-09,2,3,1,0.025
88,2023-10-10,2025-09-09,2,4,10,0.25
88,2023-10-10,2025-09-09,2,5,5,0.125
88,2023-10-10,2025-09-09,2,6,3,0.075
88,2023-10-10,2025-09-09,2,7,5,0.125
88,2023-10-10,2025-09-09,2,8,3,0.075
88,2023-10-10,2025-09-09,2,9,5,0.125
88,2023-10-10,2025-09-09,3,1,7,0.148936
88,2023-10-10,2025-09-09,3,2,5,0.106383
88,2023-10-10,2025-09-09,3,3,4,0.085106
88,2023-10-10,2025-09-09,3,4,4,0.085106
88,2023-10-10,2025-09-09,3,5,8,0.170213
88,2023-10-10,2025-09-09,3,6,3,0.06383
88,2023-10-10,2025-09-09,3,7,7,0.148936
88,2023-10-10,2025-09-09,3,8,5,0.106383
88,2023-10-10,2025-09-09,3,9,4,0.085106
88,2023-10-10,2025-09-09,4,1,8,0.16
88,2023-10-10,2025-09-09,4,2,5,0.1
88,2023-10-10,2025-09-09,4,3,4,0.08
88,2023-10-10,2025-09-09,4,4,2,0.04
88,2023-10-10,2025-09-09,4,5,6,0.12
88,2023-10-10,2025-09-09,4,6,5,0.1
88,2023-10-10,2025-09-09,4,7,8,0.16
88,2023-10-10,2025-09-09,4,8,2,0.04
88,2023-10-10,2025-09-09,4,9,10,0.2
88,2023-10-10,2025-09-09,5,1,4,0.090909
88,2023-10-10,2025-09-09,5,2,4,0.090909
88,2023-10-10,2025-09-09,5,3,10,0.227273
88,2023-10-10,2025-09-09,5,4,4,0.090909
88,2023-10-10,2025-09-09,5,5,5,0.113636
88,2023-10-10,2025-09-09,5,6,7,0.159091
88,2023-10-10,2025-09-09,5,7,5,0.113636
88,2023-10-10,2025-09-09,5,8,4,0.090909
88,2023-10-10,2025-09-09,5,9,1,0.022727
88,2023-10-10,2025-09-09,6,1,3,0.069767
88,2023-10-10,2025-09-09,6,2,5,0.116279
88,2023-10-10,2025-09-09,6,3,8,0.186047
88,2023-10-10,2025-09-09,6,4,6,0.139535
88,2023-10-10,2025-09-09,6,5,4,0.093023
88,2023-10-10,2025-09-09,6,6,4,0.093023
88,2023-10-10,2025-09-09,6,7,4,0.093023
88,2023-10-10,2025-09-09,6,8,5,0.116279
88,2023-10-10,2025-09-09,6,9,4,0.093023
88,2023-10-10,2025-09-09,7,1,6,0.139535
88,2023-10-10,2025-09-09,7,2,4,0.093023
88,2023-10-10,2025-09-09,7,3,3,0.069767
88,2023-10-10,2025-09-09,7,4,4,0.093023
88,2023-10-10,2025-09-09,7,5,4,0.093023
88,2023-10-10,2025-09-09,7,6,5,0.116279
88,2023-10-10,2025-09-09,7,7,1,0.023256
88,2023-10-10,2025-09-09,7,8,6,0.139535
88,2023-10-10,2025-09-09,7,9,10,0.232558
88,2023-10-10,2025-09-09,8,1,4,0.105263
88,2023-10-10,2025-09-09,8,2,2,0.052632
88,2023-10-10,2025-09-09,8,3,5,0.131579
88,2023-10-10,2025-09-09,8,4,5,0.131579
88,2023-10-10,2025-09-09,8,5,5,0.131579
88,2023-10-10,2025-09-09,8,6,4,0.105263
88,2023-10-10,2025-09-09,8,7,5,0.131579
88,2023-10-10,2025-09-09,8,8,2,0.052632
88,2023-10-10,2025-09-09,8,9,6,0.157895
88,2023-10-10,2025-09-09,9,1,6,0.125
88,2023-10-10,2025-09-09,9,2,7,0.145833
88,2023-10-10,2025-09-09,9,3,3,0.0625
88,2023-10-10,2025-09-09,9,4,3,0.0625
88,2023-10-10,2025-09-09,9,5,4,0.083333
88,2023-10-10,2025-09-09,9,6,7,0.145833
88,2023-10-10,2025-09-09,9,7,6,0.125
88,2023-10-10,2025-09-09,9,8,7,0.145833
88,2023-10-10,2025-09-09,9,9,5,0.104167
89,2024-04-02,2026-03-03,1,1,5,0.113636
89,2024-04-02,2026-03-03,1,2,4,0.090909
89,2024-04-02,2026-03-03,1,3,10,0.227273
89,2024-04-02,2026-03-03,1,4,10,0.227273
89,2024-04-02,2026-03-03,1,5,3,0.068182
89,2024-04-02,2026-03-03,1,6,4,0.090909
89,2024-04-02,2026-03-03,1,7,1,0.022727
89,2024-04-02,2026-03-03,1,8,4,0.090909
89,2024-04-02,2026-03-03,1,9,3,0.068182
89,2024-04-02,2026-03-03,2,1,5,0.119048
89,2024-04-02,2026-03-03,2,2,2,0.047619
89,2024-04-02,2026-03-03,2,3,2,0.047619
89,2024-04-02,2026-03-03,2,4,8,0.190476
89,2024-04-02,2026-03-03,2,5,5,0.119048
89,2024-04-02,2026-03-03,2,6,4,0.095238
89,2024-04-02,2026-03-03,2,7,6,0.142857
89,2024-04-02,2026-03-03,2,8,6,0.142857
89,2024-04-02,2026-03-03,2,9,4,0.095238
89,2024-04-02,2026-03-03,3,1,5,0.096154
89,2024-04-02,2026-03-03,3,2,5,0.096154
89,2024-04-02,2026-03-03,3,3,5,0.096154
89,2024-04-02,2026-03-03,3,4,4,0.076923
89,2024-04-02,2026-03-03,3,5,9,0.173077
89,2024-04-02,2026-03-03,3,6,3,0.057692
89,2024-04-02,2026-03-03,3,7,9,0.173077
89,2024-04-02,2026-03-03,3,8,7,0.134615
89,2024-04-02,2026-03-03,3,9,5,0.096154
89,2024-04-02,2026-03-03,4,1,6,0.125
89,2024-04-02,2026-03-03,4,2,7,0.145833
89,2024-04-02,2026-03-03,4,3,6,0.125
89,2024-04-02,2026-03-03,4,4,3,0.0625
89,2024-04-02,2026-03-03,4,5,6,0.125
89,2024-04-02,2026-03-03,4,6,5,0.104167
89,2024-04-02,2026-03-03,4,7,6,0.125
89,2024-04-02,2026-03-03,4,8,2,0.041667
89,2024-04-02,2026-03-03,4,9,7,0.145833
89,2024-04-02,2026-03-03,5,1,5,0.106383
89,2024-04-02,2026-03-03,5,2,4,0.085106
89,2024-04-02,2026-03-03,5,3,9,0.191489
89,2024-04-02,2026-03-03,5,4,4,0.085106
89,2024-04-02,2026-03-03,5,5,5,0.106383
89,2024-04-02,2026-03-03,5,6,9,0.191489
89,2024-04-02,2026-03-03,5,7,4,0.085106
89,2024-04-02,2026-03-03,5,8,6,0.12766
89,2024-04-02,2026-03-03,5,9,1,0.021277
89,2024-04-02,2026-03-03,6,1,2,0.054054
89,2024-04-02,2026-03-03,6,2,5,0.135135
89,2024-04-02,2026-03-03,6,3,6,0.162162
89,2024-04-02,2026-03-03,6,4,4,0.108108
89,2024-04-02,2026-03-03,6,5,5,0.135135
89,2024-04-02,2026-03-03,6,6,2,0.054054
89,2024-04-02,2026-03-03,6,7,5,0.135135
89,2024-04-02,2026-03-03,6,8,4,0.108108
89,2024-04-02,2026-03-03,6,9,4,0.108108
89,2024-04-02,2026-03-03,7,1,5,0.119048
89,2024-04-02,2026-03-03,7,2,4,0.095238
89,2024-04-02,2026-03-03,7,3,2,0.047619
89,2024-04-02,2026-03-03,7,4,3,0.071429
89,2024-04-02,2026-03-03,7,5,4,0.095238
89,2024-04-02,2026-03-03,7,6,5,0.119048
89,2024-04-02,2026-03-03,7,7,2,0.047619
89,2024-04-02,2026-03-03,7,8,7,0.166667
89,2024-04-02,2026-03-03,7,9,10,0.238095
89,2024-04-02,2026-03-03,8,1,4,0.090909
89,2024-04-02,2026-03-03,8,2,3,0.068182
89,2024-04-02,2026-03-03,8,3,8,0.181818
89,2024-04-02,2026-03-03,8,4,9,0.204545
89,2024-04-02,2026-03-03,8,5,6,0.136364
89,2024-04-02,2026-03-03,8,6,3,0.068182
89,2024-04-02,2026-03-03,8,7,4,0.090909
89,2024-04-02,2026-03-03,8,8,3,0.068182
89,2024-04-02,2026-03-03,8,9,4,0.090909
89,2024-04-02,2026-03-03,9,1,7,0.159091
89,2024-04-02,2026-03-03,9,2,8,0.181818
89,2024-04-02,2026-03-03,9,3,4,0.090909
89,2024-04-02,2026-03-03,9,4,4,0.090909
89,2024-04-02,2026-03-03,9,5,4,0.090909
89,2024-04-02,2026-03-03,9,6,2,0.045455
89,2024-04-02,2026-03-03,9,7,5,0.113636
89,2024-04-02,2026-03-03,9,8,5,0.113636
89,2024-04-02,2026-03-03,9,9,5,0.113636
