t_index,date,true_dr,pred_dr,hit,rolling_accuracy
600,1911-07-08,4,2,0,0.0
601,1911-07-15,4,2,0,0.0
602,1911-07-22,4,2,0,0.0
603,1911-07-29,3,2,0,0.0
604,1911-08-05,8,6,0,0.0
605,1911-08-12,5,1,0,0.0
606,1911-08-19,4,7,0,0.0
607,1911-08-26,8,2,0,0.0
608,1911-09-02,3,1,0,0.0
609,1911-09-09,1,6,0,0.0
610,1911-09-16,1,2,0,0.0
611,1911-09-23,5,2,0,0.0
612,1911-09-30,1,7,0,0.0
613,1911-10-07,2,2,1,0.071429
614,1911-10-14,4,5,0,0.066667
615,1911-10-21,3,2,0,0.0625
616,1911-10-28,3,1,0,0.058824
617,1911-11-04,5,1,0,0.055556
618,1911-11-11,7,7,1,0.105263
619,1911-11-18,2,6,0,0.1
620,1911-11-25,7,4,0,0.095238
621,1911-12-02,1,6,0,0.090909
622,1911-12-09,3,2,0,0.086957
623,1911-12-16,8,1,0,0.083333
624,1911-12-23,5,3,0,0.08
625,1911-12-30,1,7,0,0.076923
626,1912-01-06,3,2,0,0.074074
627,1912-01-13,8,1,0,0.071429
628,1912-01-20,8,3,0,0.068966
629,1912-01-27,8,3,0,0.066667
630,1912-02-03,4,3,0,0.064516
631,1912-02-10,2,2,1,0.09375
632,1912-02-17,5,4,0,0.090909
633,1912-02-24,2,7,0,0.088235
634,1912-03-02,9,5,0,0.085714
635,1912-03-09,6,9,0,0.083333
636,1912-03-16,3,4,0,0.081081
637,1912-03-23,9,1,0,0.078947
638,1912-03-30,1,9,0,0.076923
639,1912-04-06,2,2,1,0.1
640,1912-04-13,7,5,0,0.097561
641,1912-04-20,6,6,1,0.119048
642,1912-04-27,3,4,0,0.116279
643,1912-05-04,4,1,0,0.113636
644,1912-05-11,4,2,0,0.111111
645,1912-05-18,3,2,0,0.108696
646,1912-05-25,5,4,0,0.106383
647,1912-06-01,7,7,1,0.125
648,1912-06-08,3,6,0,0.122449
649,1912-06-15,8,4,0,0.12
650,1912-06-22,2,3,0,0.117647
651,1912-06-29,7,5,0,0.115385
652,1912-07-06,9,6,0,0.113208
653,1912-07-13,5,9,0,0.111111
654,1912-07-20,6,7,0,0.109091
655,1912-07-27,9,4,0,0.107143
656,1912-08-03,3,9,0,0.105263
657,1912-08-10,9,4,0,0.103448
658,1912-08-17,1,9,0,0.101695
659,1912-08-24,7,2,0,0.1
660,1912-08-31,1,6,0,0.098361
661,1912-09-07,8,2,0,0.096774
662,1912-09-14,4,3,0,0.095238
663,1912-09-21,7,2,0,0.09375
664,1912-09-28,1,6,0,0.092308
665,1912-10-05,7,2,0,0.090909
666,1912-10-12,8,6,0,0.089552
667,1912-10-19,4,3,0,0.088235
668,1912-10-26,1,2,0,0.086957
669,1912-11-02,3,2,0,0.085714
670,1912-11-09,6,4,0,0.084507
671,1912-11-16,8,4,0,0.083333
672,1912-11-23,9,3,0,0.082192
673,1912-11-30,9,9,1,0.094595
674,1912-12-07,8,9,0,0.093333
675,1912-12-14,8,3,0,0.092105
676,1912-12-21,8,3,0,0.090909
677,1912-12-28,9,3,0,0.089744
678,1913-01-04,6,9,0,0.088608
679,1913-01-11,8,4,0,0.0875
680,1913-01-18,9,3,0,0.08642
681,1913-01-25,1,9,0,0.085366
682,1913-02-01,8,2,0,0.084337
683,1913-02-08,3,9,0,0.083333
684,1913-02-15,5,6,0,0.082353
685,1913-02-22,5,7,0,0.081395
686,1913-03-01,7,7,1,0.091954
687,1913-03-08,4,6,0,0.090909
688,1913-03-15,5,2,0,0.089888
689,1913-03-22,1,7,0,0.088889
690,1913-03-29,1,2,0,0.087912
691,1913-04-05,3,2,0,0.086957
692,1913-04-12,9,6,0,0.086022
693,1913-04-19,4,9,0,0.085106
694,1913-04-26,6,2,0,0.084211
695,1913-05-03,9,4,0,0.083333
696,1913-05-10,3,9,0,0.082474
697,1913-05-17,9,6,0,0.081633
698,1913-05-24,1,9,0,0.080808
699,1913-05-31,6,2,0,0.08
700,1913-06-07,1,4,0,0.079208
701,1913-06-14,7,2,0,0.078431
702,1913-06-21,3,6,0,0.07767
703,1913-06-28,9,6,0,0.076923
704,1913-07-05,8,9,0,0.07619
705,1913-07-12,1,3,0,0.075472
706,1913-07-19,9,2,0,0.074766
707,1913-07-26,1,9,0,0.074074
708,1913-08-02,4,2,0,0.073394
709,1913-08-09,4,2,0,0.072727
710,1913-08-16,6,2,0,0.072072
711,1913-08-23,3,4,0,0.071429
712,1913-08-30,3,6,0,0.070796
713,1913-09-06,7,6,0,0.070175
714,1913-09-13,7,6,0,0.069565
715,1913-09-20,3,6,0,0.068966
716,1913-09-27,6,6,1,0.076923
717,1913-10-04,3,4,0,0.076271
718,1913-10-11,7,6,0,0.07563
719,1913-10-18,7,6,0,0.075
720,1913-10-25,8,6,0,0.07438
721,1913-11-01,3,3,1,0.081967
722,1913-11-08,5,6,0,0.081301
723,1913-11-15,1,7,0,0.080645
724,1913-11-22,5,2,0,0.08
725,1913-11-29,5,7,0,0.079365
726,1913-12-06,7,7,1,0.086614
727,1913-12-13,7,6,0,0.085938
728,1913-12-20,4,6,0,0.085271
729,1913-12-27,5,2,0,0.084615
730,1914-01-03,4,7,0,0.083969
731,1914-01-10,7,2,0,0.083333
732,1914-01-17,7,6,0,0.082707
733,1914-01-24,6,6,1,0.089552
734,1914-01-31,6,4,0,0.088889
735,1914-02-07,5,4,0,0.088235
736,1914-02-14,7,7,1,0.094891
737,1914-02-21,8,6,0,0.094203
738,1914-02-28,8,3,0,0.093525
739,1914-03-07,4,3,0,0.092857
740,1914-03-14,7,2,0,0.092199
741,1914-03-21,2,6,0,0.091549
742,1914-03-28,6,5,0,0.090909
743,1914-04-04,6,4,0,0.090278
744,1914-04-11,1,4,0,0.089655
745,1914-04-18,6,2,0,0.089041
746,1914-04-25,5,4,0,0.088435
747,1914-05-02,5,7,0,0.087838
748,1914-05-09,8,7,0,0.087248
749,1914-05-16,8,3,0,0.086667
750,1914-05-23,9,3,0,0.086093
751,1914-05-30,7,9,0,0.085526
752,1914-06-06,4,6,0,0.084967
753,1914-06-13,1,2,0,0.084416
754,1914-06-20,9,2,0,0.083871
755,1914-06-27,1,9,0,0.083333
756,1914-07-04,4,2,0,0.082803
757,1914-07-11,4,2,0,0.082278
758,1914-07-18,3,2,0,0.081761
759,1914-07-25,6,6,1,0.0875
760,1914-08-01,7,4,0,0.086957
761,1914-08-08,6,6,1,0.092593
762,1914-08-15,6,4,0,0.092025
763,1914-08-22,2,4,0,0.091463
764,1914-08-29,9,5,0,0.090909
765,1914-09-05,5,9,0,0.090361
766,1914-09-12,5,7,0,0.08982
767,1914-09-19,6,7,0,0.089286
768,1914-09-26,5,4,0,0.088757
769,1914-10-03,5,7,0,0.088235
770,1914-10-10,8,7,0,0.087719
771,1914-10-17,6,3,0,0.087209
772,1914-10-24,5,4,0,0.086705
773,1914-10-31,4,7,0,0.086207
774,1914-11-07,5,2,0,0.085714
775,1914-11-14,2,7,0,0.085227
776,1914-11-21,1,5,0,0.084746
777,1914-11-28,8,2,0,0.08427
778,1914-12-05,9,3,0,0.083799
779,1914-12-12,5,9,0,0.083333
780,1914-12-19,5,7,0,0.082873
781,1914-12-26,5,7,0,0.082418
782,1915-01-02,7,7,1,0.087432
783,1915-01-09,3,6,0,0.086957
784,1915-01-16,2,6,0,0.086486
785,1915-01-23,9,5,0,0.086022
786,1915-01-30,1,9,0,0.085561
787,1915-02-06,3,2,0,0.085106
788,1915-02-13,5,6,0,0.084656
789,1915-02-20,6,7,0,0.084211
790,1915-02-27,2,4,0,0.08377
791,1915-03-06,8,5,0,0.083333
792,1915-03-13,6,9,0,0.082902
793,1915-03-20,7,4,0,0.082474
794,1915-03-27,5,6,0,0.082051
795,1915-04-03,7,7,1,0.086735
796,1915-04-10,5,6,0,0.086294
797,1915-04-17,3,7,0,0.085859
798,1915-04-24,8,6,0,0.085427
799,1915-05-01,2,9,0,0.085
800,1915-05-08,5,5,1,0.089552
801,1915-05-15,4,7,0,0.089109
802,1915-05-22,6,2,0,0.08867
803,1915-05-29,4,4,1,0.093137
804,1915-06-05,6,2,0,0.092683
805,1915-06-12,5,4,0,0.092233
806,1915-06-19,5,7,0,0.091787
807,1915-06-26,2,7,0,0.091346
808,1915-07-03,7,5,0,0.090909
809,1915-07-10,2,6,0,0.090476
810,1915-07-17,2,5,0,0.090047
811,1915-07-24,5,5,1,0.09434
812,1915-07-31,4,7,0,0.093897
813,1915-08-07,9,2,0,0.093458
814,1915-08-14,3,1,0,0.093023
815,1915-08-21,3,6,0,0.092593
816,1915-08-28,3,6,0,0.092166
817,1915-09-04,7,6,0,0.091743
818,1915-09-11,6,6,1,0.09589
819,1915-09-18,7,4,0,0.095455
820,1915-09-25,4,6,0,0.095023
821,1915-10-02,2,2,1,0.099099
822,1915-10-09,7,5,0,0.098655
823,1915-10-16,5,6,0,0.098214
824,1915-10-23,3,7,0,0.097778
825,1915-10-30,7,6,0,0.097345
826,1915-11-06,7,6,0,0.096916
827,1915-11-13,3,6,0,0.096491
828,1915-11-20,5,6,0,0.09607
829,1915-11-27,6,7,0,0.095652
830,1915-12-04,1,4,0,0.095238
831,1915-12-11,2,2,1,0.099138
832,1915-12-18,8,5,0,0.098712
833,1915-12-25,9,9,1,0.102564
834,1915-12-31,4,1,0,0.102128
835,1916-01-08,7,2,0,0.101695
836,1916-01-15,9,6,0,0.101266
837,1916-01-22,2,1,0,0.10084
838,1916-01-29,2,5,0,0.100418
839,1916-02-05,8,5,0,0.1
840,1916-02-12,6,9,0,0.099585
841,1916-02-19,2,4,0,0.099174
842,1916-02-26,4,5,0,0.098765
843,1916-03-04,5,2,0,0.098361
844,1916-03-11,4,7,0,0.097959
845,1916-03-18,5,2,0,0.097561
846,1916-03-25,3,7,0,0.097166
847,1916-04-01,5,6,0,0.096774
848,1916-04-08,8,7,0,0.096386
849,1916-04-15,5,9,0,0.096
850,1916-04-22,3,7,0,0.095618
851,1916-04-29,5,5,1,0.099206
852,1916-05-06,4,7,0,0.098814
853,1916-05-13,3,2,0,0.098425
854,1916-05-20,6,5,0,0.098039
855,1916-05-27,5,4,0,0.097656
856,1916-06-03,3,7,0,0.097276
857,1916-06-10,2,5,0,0.096899
858,1916-06-17,2,5,0,0.096525
859,1916-06-24,1,5,0,0.096154
860,1916-07-01,1,2,0,0.095785
861,1916-07-08,5,2,0,0.09542
862,1916-07-15,9,7,0,0.095057
863,1916-07-22,6,1,0,0.094697
864,1916-07-29,3,4,0,0.09434
865,1916-08-05,3,5,0,0.093985
866,1916-08-12,6,5,0,0.093633
867,1916-08-19,9,4,0,0.093284
868,1916-08-26,5,1,0,0.092937
869,1916-09-02,1,7,0,0.092593
870,1916-09-09,3,2,0,0.092251
871,1916-09-16,8,6,0,0.091912
872,1916-09-23,3,9,0,0.091575
873,1916-09-30,7,6,0,0.091241
874,1916-10-07,8,6,0,0.090909
875,1916-10-14,5,9,0,0.09058
876,1916-10-21,8,7,0,0.090253
877,1916-10-28,3,9,0,0.089928
878,1916-11-04,2,6,0,0.089606
879,1916-11-11,9,5,0,0.089286
880,1916-11-18,8,1,0,0.088968
881,1916-11-25,8,3,0,0.088652
882,1916-12-02,4,3,0,0.088339
883,1916-12-09,2,2,1,0.091549
884,1916-12-16,4,5,0,0.091228
885,1916-12-23,2,2,1,0.094406
886,1916-12-30,1,5,0,0.094077
887,1917-01-06,4,2,0,0.09375
888,1917-01-13,3,2,0,0.093426
889,1917-01-20,8,6,0,0.093103
890,1917-01-27,9,3,0,0.092784
891,1917-02-03,3,1,0,0.092466
892,1917-02-10,5,6,0,0.09215
893,1917-02-17,9,7,0,0.091837
894,1917-02-24,1,1,1,0.094915
895,1917-03-03,6,2,0,0.094595
896,1917-03-10,9,4,0,0.094276
897,1917-03-17,1,1,1,0.097315
898,1917-03-24,6,2,0,0.09699
899,1917-03-31,4,4,1,0.1
900,1917-04-07,9,2,0,0.099668
901,1917-04-14,6,1,0,0.099338
902,1917-04-21,9,4,0,0.09901
903,1917-04-28,1,1,1,0.101974
904,1917-05-05,1,2,0,0.101639
905,1917-05-12,7,2,0,0.101307
906,1917-05-19,6,6,1,0.104235
907,1917-05-26,8,4,0,0.103896
908,1917-06-02,8,9,0,0.10356
909,1917-06-09,8,9,0,0.103226
910,1917-06-16,6,9,0,0.102894
911,1917-06-23,2,4,0,0.102564
912,1917-06-30,3,5,0,0.102236
913,1917-07-07,9,5,0,0.101911
914,1917-07-14,6,1,0,0.101587
915,1917-07-21,3,4,0,0.101266
916,1917-07-28,4,5,0,0.100946
917,1917-08-04,3,2,0,0.100629
918,1917-08-11,8,5,0,0.100313
919,1917-08-18,3,9,0,0.1
920,1917-08-25,1,5,0,0.099688
921,1917-09-01,2,2,1,0.102484
922,1917-09-08,2,5,0,0.102167
923,1917-09-15,8,5,0,0.101852
924,1917-09-22,6,3,0,0.101538
925,1917-09-29,7,4,0,0.101227
926,1917-10-06,6,6,1,0.103976
927,1917-10-13,8,4,0,0.103659
928,1917-10-20,9,3,0,0.103343
929,1917-10-27,1,1,1,0.106061
930,1917-11-03,1,2,0,0.10574
931,1917-11-10,4,2,0,0.105422
932,1917-11-17,1,2,0,0.105105
933,1917-11-24,5,2,0,0.10479
934,1917-12-01,2,7,0,0.104478
935,1917-12-08,1,5,0,0.104167
936,1917-12-15,1,2,0,0.103858
937,1917-12-22,3,2,0,0.10355
938,1917-12-29,7,5,0,0.103245
939,1918-01-05,4,6,0,0.102941
940,1918-01-12,2,2,1,0.105572
941,1918-01-19,7,5,0,0.105263
942,1918-01-26,1,6,0,0.104956
943,1918-02-02,8,2,0,0.104651
944,1918-02-09,1,9,0,0.104348
945,1918-02-16,6,2,0,0.104046
946,1918-02-23,7,4,0,0.103746
947,1918-03-02,3,6,0,0.103448
948,1918-03-09,8,5,0,0.103152
949,1918-03-16,5,9,0,0.102857
950,1918-03-23,6,7,0,0.102564
951,1918-03-30,6,4,0,0.102273
952,1918-04-06,4,4,1,0.104816
953,1918-04-13,3,2,0,0.10452
954,1918-04-20,1,5,0,0.104225
955,1918-04-27,8,2,0,0.103933
956,1918-05-04,8,9,0,0.103641
957,1918-05-11,6,9,0,0.103352
958,1918-05-18,9,4,0,0.103064
959,1918-05-25,1,1,1,0.105556
960,1918-06-01,6,2,0,0.105263
961,1918-06-08,7,4,0,0.104972
962,1918-06-15,6,6,1,0.107438
963,1918-06-22,4,4,1,0.10989
964,1918-06-29,2,2,1,0.112329
965,1918-07-06,4,5,0,0.112022
966,1918-07-13,6,2,0,0.111717
967,1918-07-20,2,4,0,0.111413
968,1918-07-27,5,4,0,0.111111
969,1918-08-03,8,7,0,0.110811
970,1918-08-10,8,9,0,0.110512
971,1918-08-17,2,8,0,0.110215
972,1918-08-24,4,5,0,0.10992
973,1918-08-31,4,2,0,0.109626
974,1918-09-07,5,2,0,0.109333
975,1918-09-14,3,7,0,0.109043
976,1918-09-21,7,5,0,0.108753
977,1918-09-28,4,6,0,0.108466
978,1918-10-05,3,2,0,0.108179
979,1918-10-12,4,5,0,0.107895
980,1918-10-19,9,2,0,0.107612
981,1918-10-26,7,1,0,0.10733
982,1918-11-02,6,6,1,0.109661
983,1918-11-09,5,4,0,0.109375
984,1918-11-16,8,7,0,0.109091
985,1918-11-23,2,8,0,0.108808
986,1918-11-30,2,4,0,0.108527
987,1918-12-07,5,4,0,0.108247
988,1918-12-14,5,7,0,0.107969
989,1918-12-21,4,7,0,0.107692
990,1918-12-28,5,2,0,0.107417
991,1919-01-04,3,7,0,0.107143
992,1919-01-11,7,5,0,0.10687
993,1919-01-18,5,6,0,0.106599
994,1919-01-25,4,7,0,0.106329
995,1919-02-01,4,2,0,0.106061
996,1919-02-08,5,2,0,0.105793
997,1919-02-15,6,7,0,0.105528
998,1919-02-22,8,4,0,0.105263
999,1919-03-01,4,8,0,0.105
1000,1919-03-08,8,2,0,0.104738
1001,1919-03-15,5,8,0,0.104478
1002,1919-03-22,7,7,1,0.1067
1003,1919-03-29,7,6,0,0.106436
1004,1919-04-05,4,6,0,0.106173
1005,1919-04-12,8,2,0,0.105911
1006,1919-04-19,6,8,0,0.105651
1007,1919-04-26,4,4,1,0.107843
1008,1919-05-03,6,2,0,0.107579
1009,1919-05-10,4,4,1,0.109756
1010,1919-05-17,1,2,0,0.109489
1011,1919-05-24,4,2,0,0.109223
1012,1919-05-31,9,2,0,0.108959
1013,1919-06-07,7,1,0,0.108696
1014,1919-06-14,7,6,0,0.108434
1015,1919-06-21,5,6,0,0.108173
1016,1919-06-28,8,7,0,0.107914
1017,1919-07-05,7,8,0,0.107656
1018,1919-07-12,5,6,0,0.107399
1019,1919-07-19,5,7,0,0.107143
1020,1919-07-26,2,7,0,0.106888
1021,1919-08-02,7,5,0,0.106635
1022,1919-08-09,1,6,0,0.106383
1023,1919-08-16,3,2,0,0.106132
1024,1919-08-23,3,5,0,0.105882
1025,1919-08-30,7,5,0,0.105634
1026,1919-09-06,1,6,0,0.105386
1027,1919-09-13,8,2,0,0.10514
1028,1919-09-20,1,8,0,0.104895
1029,1919-09-27,9,2,0,0.104651
1030,1919-10-04,7,1,0,0.104408
1031,1919-10-11,7,6,0,0.104167
1032,1919-10-18,6,6,1,0.106236
1033,1919-10-25,2,4,0,0.105991
1034,1919-10-31,3,5,0,0.105747
1035,1919-11-08,9,5,0,0.105505
1036,1919-11-15,9,1,0,0.105263
1037,1919-11-22,6,1,0,0.105023
1038,1919-11-29,6,4,0,0.104784
1039,1919-12-06,4,4,1,0.106818
1040,1919-12-13,6,2,0,0.106576
1041,1919-12-20,2,4,0,0.106335
1042,1919-12-27,2,5,0,0.106095
1043,1920-01-03,7,5,0,0.105856
1044,1920-01-10,7,6,0,0.105618
1045,1920-01-17,7,6,0,0.105381
1046,1920-01-24,1,6,0,0.105145
1047,1920-01-31,5,2,0,0.104911
1048,1920-02-07,4,7,0,0.104677
1049,1920-02-14,3,2,0,0.104444
1050,1920-02-21,2,5,0,0.104213
1051,1920-02-28,9,5,0,0.103982
1052,1920-03-06,5,1,0,0.103753
1053,1920-03-13,9,7,0,0.103524
1054,1920-03-20,9,1,0,0.103297
1055,1920-03-27,6,1,0,0.10307
1056,1920-04-03,4,4,1,0.105033
1057,1920-04-10,4,2,0,0.104803
1058,1920-04-17,9,2,0,0.104575
1059,1920-04-24,9,1,0,0.104348
1060,1920-05-01,2,1,0,0.104121
1061,1920-05-08,5,5,1,0.106061
1062,1920-05-15,7,7,1,0.107991
1063,1920-05-22,8,6,0,0.107759
1064,1920-05-29,2,8,0,0.107527
1065,1920-06-05,5,5,1,0.109442
1066,1920-06-12,6,7,0,0.109208
1067,1920-06-19,8,4,0,0.108974
1068,1920-06-26,9,8,0,0.108742
1069,1920-07-03,9,1,0,0.108511
1070,1920-07-10,9,1,0,0.10828
1071,1920-07-17,7,1,0,0.108051
1072,1920-07-24,2,6,0,0.107822
1073,1920-07-31,9,5,0,0.107595
1074,1920-08-07,2,1,0,0.107368
1075,1920-08-14,1,5,0,0.107143
1076,1920-08-21,4,2,0,0.106918
1077,1920-08-28,4,2,0,0.106695
1078,1920-09-04,7,2,0,0.106472
1079,1920-09-11,7,6,0,0.10625
1080,1920-09-18,6,6,1,0.108108
1081,1920-09-25,8,4,0,0.107884
1082,1920-10-02,8,9,0,0.10766
1083,1920-10-09,4,8,0,0.107438
1084,1920-10-16,1,2,0,0.107216
1085,1920-10-23,6,2,0,0.106996
1086,1920-10-30,6,4,0,0.106776
1087,1920-11-06,7,4,0,0.106557
1088,1920-11-13,1,6,0,0.106339
1089,1920-11-20,7,2,0,0.106122
1090,1920-11-27,1,6,0,0.105906
1091,1920-12-04,7,2,0,0.105691
1092,1920-12-11,7,6,0,0.105477
1093,1920-12-18,2,6,0,0.105263
1094,1920-12-25,4,5,0,0.105051
1095,1920-12-31,1,2,0,0.104839
1096,1921-01-08,2,2,1,0.10664
1097,1921-01-15,5,5,1,0.108434
1098,1921-01-22,6,7,0,0.108216
1099,1921-01-29,5,4,0,0.108
1100,1921-02-05,3,7,0,0.107784
1101,1921-02-12,4,5,0,0.10757
1102,1921-02-19,7,2,0,0.107356
1103,1921-02-26,1,6,0,0.107143
1104,1921-03-05,5,2,0,0.106931
1105,1921-03-12,9,7,0,0.106719
1106,1921-03-19,8,1,0,0.106509
1107,1921-03-26,7,8,0,0.106299
1108,1921-04-02,2,6,0,0.10609
1109,1921-04-09,1,5,0,0.105882
1110,1921-04-16,2,2,1,0.107632
1111,1921-04-23,3,5,0,0.107422
1112,1921-04-30,1,5,0,0.107212
1113,1921-05-07,6,2,0,0.107004
1114,1921-05-14,3,4,0,0.106796
1115,1921-05-21,6,5,0,0.106589
1116,1921-05-28,4,4,1,0.108317
1117,1921-06-04,8,2,0,0.108108
1118,1921-06-11,6,8,0,0.1079
1119,1921-06-18,3,4,0,0.107692
1120,1921-06-25,8,6,0,0.107486
1121,1921-07-02,7,8,0,0.10728
1122,1921-07-09,2,6,0,0.107075
1123,1921-07-16,7,5,0,0.10687
1124,1921-07-23,1,6,0,0.106667
1125,1921-07-30,7,2,0,0.106464
1126,1921-08-06,5,6,0,0.106262
1127,1921-08-13,8,7,0,0.106061
1128,1921-08-20,1,8,0,0.10586
1129,1921-08-27,1,2,0,0.10566
1130,1921-09-03,6,2,0,0.105461
1131,1921-09-10,8,4,0,0.105263
1132,1921-09-17,8,8,1,0.106942
1133,1921-09-24,6,8,0,0.106742
1134,1921-10-01,1,4,0,0.106542
1135,1921-10-08,8,2,0,0.106343
1136,1921-10-15,9,8,0,0.106145
1137,1921-10-22,8,1,0,0.105948
1138,1921-10-29,2,8,0,0.105751
1139,1921-11-05,4,5,0,0.105556
1140,1921-11-12,7,2,0,0.10536
1141,1921-11-19,9,6,0,0.105166
1142,1921-11-26,2,1,0,0.104972
1143,1921-12-03,3,5,0,0.104779
1144,1921-12-10,2,6,0,0.104587
1145,1921-12-17,4,5,0,0.104396
1146,1921-12-24,2,2,1,0.106033
1147,1921-12-31,4,5,0,0.105839
1148,1922-01-07,8,2,0,0.105647
1149,1922-01-14,4,8,0,0.105455
1150,1922-01-21,1,2,0,0.105263
1151,1922-01-28,8,2,0,0.105072
1152,1922-02-04,1,8,0,0.104882
1153,1922-02-11,4,2,0,0.104693
1154,1922-02-18,6,2,0,0.104505
1155,1922-02-25,9,4,0,0.104317
1156,1922-03-04,7,1,0,0.104129
1157,1922-03-11,2,6,0,0.103943
1158,1922-03-18,2,4,0,0.103757
1159,1922-03-25,2,4,0,0.103571
1160,1922-04-01,7,4,0,0.103387
1161,1922-04-08,2,6,0,0.103203
1162,1922-04-15,9,4,0,0.10302
1163,1922-04-22,2,1,0,0.102837
1164,1922-04-29,1,4,0,0.102655
1165,1922-05-06,7,2,0,0.102473
1166,1922-05-13,2,6,0,0.102293
1167,1922-05-20,2,4,0,0.102113
1168,1922-05-27,6,4,0,0.101933
1169,1922-06-03,6,4,0,0.101754
1170,1922-06-10,9,4,0,0.101576
1171,1922-06-17,9,1,0,0.101399
1172,1922-06-24,1,9,0,0.101222
1173,1922-07-01,2,2,1,0.102787
1174,1922-07-08,5,4,0,0.102609
1175,1922-07-15,4,7,0,0.102431
1176,1922-07-22,3,2,0,0.102253
1177,1922-07-29,1,6,0,0.102076
1178,1922-08-05,8,2,0,0.1019
1179,1922-08-12,8,8,1,0.103448
1180,1922-08-19,6,8,0,0.10327
1181,1922-08-26,8,4,0,0.103093
1182,1922-09-02,6,8,0,0.102916
1183,1922-09-09,5,4,0,0.10274
1184,1922-09-16,9,7,0,0.102564
1185,1922-09-23,8,1,0,0.102389
1186,1922-09-30,5,8,0,0.102215
1187,1922-10-07,5,7,0,0.102041
1188,1922-10-14,4,7,0,0.101868
1189,1922-10-21,1,2,0,0.101695
1190,1922-10-28,1,2,0,0.101523
1191,1922-11-04,3,2,0,0.101351
1192,1922-11-11,7,6,0,0.10118
1193,1922-11-18,4,6,0,0.10101
1194,1922-11-25,5,2,0,0.10084
1195,1922-12-02,7,7,1,0.102349
1196,1922-12-09,6,6,1,0.103853
1197,1922-12-16,9,4,0,0.103679
1198,1922-12-23,2,1,0,0.103506
1199,1922-12-30,8,5,0,0.103333
1200,1923-01-06,8,8,1,0.104825
1201,1923-01-13,7,8,0,0.104651
1202,1923-01-20,5,6,0,0.104478
1203,1923-01-27,9,7,0,0.104305
1204,1923-02-03,3,1,0,0.104132
1205,1923-02-10,3,6,0,0.10396
1206,1923-02-17,5,6,0,0.103789
1207,1923-02-24,1,7,0,0.103618
1208,1923-03-03,4,2,0,0.103448
1209,1923-03-10,3,2,0,0.103279
1210,1923-03-17,4,5,0,0.10311
1211,1923-03-24,1,2,0,0.102941
1212,1923-03-31,3,2,0,0.102773
1213,1923-04-07,6,5,0,0.102606
1214,1923-04-14,6,4,0,0.102439
1215,1923-04-21,1,4,0,0.102273
1216,1923-04-28,2,2,1,0.103728
1217,1923-05-05,4,5,0,0.10356
1218,1923-05-12,7,2,0,0.103393
1219,1923-05-19,8,6,0,0.103226
1220,1923-05-26,3,8,0,0.10306
1221,1923-06-02,5,6,0,0.102894
1222,1923-06-09,6,7,0,0.102729
1223,1923-06-16,4,4,1,0.104167
1224,1923-06-23,1,2,0,0.104
1225,1923-06-30,9,2,0,0.103834
1226,1923-07-07,4,1,0,0.103668
1227,1923-07-14,4,2,0,0.103503
1228,1923-07-21,5,2,0,0.103339
1229,1923-07-28,6,7,0,0.103175
1230,1923-08-04,8,4,0,0.103011
1231,1923-08-11,3,8,0,0.102848
1232,1923-08-18,5,5,1,0.104265
1233,1923-08-25,8,7,0,0.104101
1234,1923-09-01,1,8,0,0.103937
1235,1923-09-08,9,2,0,0.103774
1236,1923-09-15,4,1,0,0.103611
1237,1923-09-22,9,2,0,0.103448
1238,1923-09-29,4,1,0,0.103286
1239,1923-10-06,4,2,0,0.103125
1240,1923-10-13,6,2,0,0.102964
1241,1923-10-20,6,4,0,0.102804
1242,1923-10-27,1,4,0,0.102644
1243,1923-11-03,8,2,0,0.102484
1244,1923-11-10,5,8,0,0.102326
1245,1923-11-17,8,7,0,0.102167
1246,1923-11-24,6,8,0,0.102009
1247,1923-12-01,8,4,0,0.101852
1248,1923-12-08,8,8,1,0.103236
1249,1923-12-15,1,8,0,0.103077
1250,1923-12-22,3,2,0,0.102919
1251,1923-12-29,8,5,0,0.102761
1252,1924-01-05,9,8,0,0.102603
1253,1924-01-12,3,1,0,0.102446
1254,1924-01-19,3,5,0,0.10229
1255,1924-01-26,8,5,0,0.102134
1256,1924-02-02,9,8,0,0.101979
1257,1924-02-09,3,1,0,0.101824
1258,1924-02-16,5,5,1,0.103187
1259,1924-02-23,2,7,0,0.10303
1260,1924-03-01,5,4,0,0.102874
1261,1924-03-08,7,7,1,0.10423
1262,1924-03-15,6,6,1,0.105581
1263,1924-03-22,5,4,0,0.105422
1264,1924-03-29,6,7,0,0.105263
1265,1924-04-05,6,4,0,0.105105
1266,1924-04-12,8,4,0,0.104948
1267,1924-04-19,9,8,0,0.10479
1268,1924-04-26,9,1,0,0.104634
1269,1924-05-03,9,9,1,0.10597
1270,1924-05-10,2,9,0,0.105812
1271,1924-05-17,1,5,0,0.105655
1272,1924-05-24,9,2,0,0.105498
1273,1924-05-31,4,9,0,0.105341
1274,1924-06-07,9,2,0,0.105185
1275,1924-06-14,4,9,0,0.10503
1276,1924-06-21,2,2,1,0.106352
1277,1924-06-28,1,5,0,0.106195
1278,1924-07-05,2,2,1,0.107511
1279,1924-07-12,8,5,0,0.107353
1280,1924-07-19,1,8,0,0.107195
1281,1924-07-26,1,2,0,0.107038
1282,1924-08-02,6,2,0,0.106881
1283,1924-08-09,1,4,0,0.106725
1284,1924-08-16,6,2,0,0.106569
1285,1924-08-23,7,4,0,0.106414
1286,1924-08-30,2,6,0,0.106259
1287,1924-09-06,3,5,0,0.106105
1288,1924-09-13,3,5,0,0.105951
1289,1924-09-20,9,5,0,0.105797
1290,1924-09-27,1,9,0,0.105644
1291,1924-10-04,1,2,0,0.105491
1292,1924-10-11,4,2,0,0.105339
1293,1924-10-18,1,2,0,0.105187
1294,1924-10-25,5,2,0,0.105036
1295,1924-10-31,6,7,0,0.104885
1296,1924-11-08,4,4,1,0.106169
1297,1924-11-15,7,2,0,0.106017
1298,1924-11-22,2,6,0,0.105866
1299,1924-11-29,2,5,0,0.105714
1300,1924-12-06,2,5,0,0.105563
1301,1924-12-13,4,5,0,0.105413
1302,1924-12-20,4,2,0,0.105263
1303,1924-12-27,9,2,0,0.105114
1304,1925-01-03,6,9,0,0.104965
1305,1925-01-10,7,4,0,0.104816
1306,1925-01-17,7,6,0,0.104668
1307,1925-01-24,9,6,0,0.10452
1308,1925-01-31,7,9,0,0.104372
1309,1925-02-07,8,6,0,0.104225
1310,1925-02-14,3,8,0,0.104079
1311,1925-02-21,1,5,0,0.103933
1312,1925-02-28,6,2,0,0.103787
1313,1925-03-07,4,4,1,0.105042
1314,1925-03-14,9,2,0,0.104895
1315,1925-03-21,3,9,0,0.104749
1316,1925-03-28,2,5,0,0.104603
1317,1925-04-04,1,4,0,0.104457
1318,1925-04-11,3,2,0,0.104312
1319,1925-04-18,1,5,0,0.104167
1320,1925-04-25,3,2,0,0.104022
1321,1925-05-02,9,5,0,0.103878
1322,1925-05-09,5,9,0,0.103734
1323,1925-05-16,8,7,0,0.103591
1324,1925-05-23,3,8,0,0.103448
1325,1925-05-30,9,5,0,0.103306
1326,1925-06-06,3,9,0,0.103164
1327,1925-06-13,2,5,0,0.103022
1328,1925-06-20,3,4,0,0.102881
1329,1925-06-27,3,5,0,0.10274
1330,1925-07-04,2,5,0,0.102599
1331,1925-07-11,5,4,0,0.102459
1332,1925-07-18,3,7,0,0.102319
1333,1925-07-25,7,5,0,0.10218
1334,1925-08-01,2,6,0,0.102041
1335,1925-08-08,1,5,0,0.101902
1336,1925-08-15,9,2,0,0.101764
1337,1925-08-22,5,9,0,0.101626
1338,1925-08-29,3,7,0,0.101488
1339,1925-09-05,7,5,0,0.101351
1340,1925-09-12,7,6,0,0.101215
1341,1925-09-19,2,6,0,0.101078
1342,1925-09-26,5,5,1,0.102288
1343,1925-10-03,9,7,0,0.102151
1344,1925-10-10,2,9,0,0.102013
1345,1925-10-17,3,5,0,0.101877
1346,1925-10-24,2,5,0,0.10174
1347,1925-10-31,1,5,0,0.101604
1348,1925-11-07,4,2,0,0.101469
1349,1925-11-14,3,2,0,0.101333
1350,1925-11-21,1,5,0,0.101198
1351,1925-11-28,3,2,0,0.101064
1352,1925-12-05,5,5,1,0.102258
1353,1925-12-12,6,7,0,0.102122
1354,1925-12-19,7,4,0,0.101987
1355,1925-12-26,3,6,0,0.101852
1356,1926-01-02,3,5,0,0.101717
1357,1926-01-09,4,5,0,0.101583
1358,1926-01-16,8,2,0,0.101449
1359,1926-01-23,3,8,0,0.101316
1360,1926-01-30,8,5,0,0.101183
1361,1926-02-06,2,8,0,0.10105
1362,1926-02-13,7,5,0,0.100917
1363,1926-02-20,5,6,0,0.100785
1364,1926-02-27,6,7,0,0.100654
1365,1926-03-06,8,4,0,0.100522
1366,1926-03-13,4,8,0,0.100391
1367,1926-03-20,6,2,0,0.10026
1368,1926-03-27,2,4,0,0.10013
1369,1926-04-03,4,5,0,0.1
1370,1926-04-10,6,2,0,0.09987
1371,1926-04-17,1,4,0,0.099741
1372,1926-04-24,4,2,0,0.099612
1373,1926-05-01,7,2,0,0.099483
1374,1926-05-08,9,6,0,0.099355
1375,1926-05-15,6,9,0,0.099227
1376,1926-05-22,4,4,1,0.100386
1377,1926-05-29,8,2,0,0.100257
1378,1926-06-05,2,8,0,0.100128
1379,1926-06-12,6,5,0,0.1
1380,1926-06-19,8,4,0,0.099872
1381,1926-06-26,6,8,0,0.099744
1382,1926-07-03,4,4,1,0.100894
1383,1926-07-10,6,2,0,0.100765
1384,1926-07-17,9,4,0,0.100637
1385,1926-07-24,5,9,0,0.100509
1386,1926-07-31,6,7,0,0.100381
1387,1926-08-07,8,4,0,0.100254
1388,1926-08-14,5,8,0,0.100127
1389,1926-08-21,8,7,0,0.1
1390,1926-08-28,9,8,0,0.099874
1391,1926-09-04,8,9,0,0.099747
1392,1926-09-11,7,9,0,0.099622
1393,1926-09-18,3,6,0,0.099496
1394,1926-09-25,7,5,0,0.099371
1395,1926-10-02,7,6,0,0.099246
1396,1926-10-09,3,6,0,0.099122
1397,1926-10-16,3,5,0,0.098997
1398,1926-10-23,6,5,0,0.098874
1399,1926-10-30,4,4,1,0.1
1400,1926-11-06,7,2,0,0.099875
1401,1926-11-13,2,6,0,0.099751
1402,1926-11-20,3,5,0,0.099626
1403,1926-11-27,8,5,0,0.099502
1404,1926-12-04,2,9,0,0.099379
1405,1926-12-11,9,5,0,0.099256
1406,1926-12-18,1,9,0,0.099133
1407,1926-12-25,3,2,0,0.09901
1408,1926-12-31,6,5,0,0.098888
1409,1927-01-08,2,4,0,0.098765
1410,1927-01-15,7,5,0,0.098644
1411,1927-01-22,8,6,0,0.098522
1412,1927-01-29,1,9,0,0.098401
1413,1927-02-05,3,2,0,0.09828
1414,1927-02-12,1,5,0,0.09816
1415,1927-02-19,1,2,0,0.098039
1416,1927-02-26,2,2,1,0.099143
1417,1927-03-05,6,5,0,0.099022
1418,1927-03-12,5,4,0,0.098901
1419,1927-03-19,8,7,0,0.09878
1420,1927-03-26,1,9,0,0.09866
1421,1927-04-02,3,2,0,0.09854
1422,1927-04-09,6,5,0,0.09842
1423,1927-04-16,6,4,0,0.098301
1424,1927-04-23,8,4,0,0.098182
1425,1927-04-30,6,9,0,0.098063
1426,1927-05-07,2,4,0,0.097944
1427,1927-05-14,1,5,0,0.097826
1428,1927-05-21,8,2,0,0.097708
1429,1927-05-28,6,9,0,0.09759
1430,1927-06-04,2,4,0,0.097473
1431,1927-06-11,2,5,0,0.097356
1432,1927-06-18,6,5,0,0.097239
1433,1927-06-25,9,4,0,0.097122
1434,1927-07-02,3,1,0,0.097006
1435,1927-07-09,3,5,0,0.09689
1436,1927-07-16,5,5,1,0.097969
1437,1927-07-23,2,7,0,0.097852
1438,1927-07-30,3,5,0,0.097735
1439,1927-08-06,5,5,1,0.09881
1440,1927-08-13,5,7,0,0.098692
1441,1927-08-20,5,7,0,0.098575
1442,1927-08-27,1,7,0,0.098458
1443,1927-09-03,9,2,0,0.098341
1444,1927-09-10,9,1,0,0.098225
1445,1927-09-17,7,9,0,0.098109
1446,1927-09-24,8,6,0,0.097993
1447,1927-10-01,9,9,1,0.099057
1448,1927-10-08,8,9,0,0.09894
1449,1927-10-15,7,9,0,0.098824
1450,1927-10-22,6,6,1,0.099882
1451,1927-10-29,5,4,0,0.099765
1452,1927-11-05,6,7,0,0.099648
1453,1927-11-12,9,4,0,0.099532
1454,1927-11-19,5,9,0,0.099415
1455,1927-11-26,6,7,0,0.099299
1456,1927-12-03,8,4,0,0.099183
1457,1927-12-10,9,9,1,0.100233
1458,1927-12-17,4,9,0,0.100116
1459,1927-12-24,8,2,0,0.1
1460,1927-12-31,6,9,0,0.099884
1461,1928-01-07,3,4,0,0.099768
1462,1928-01-14,5,5,1,0.100811
1463,1928-01-21,5,6,0,0.100694
1464,1928-01-28,3,6,0,0.100578
1465,1928-02-04,2,5,0,0.100462
1466,1928-02-11,5,5,1,0.101499
1467,1928-02-18,1,6,0,0.101382
1468,1928-02-25,7,2,0,0.101266
1469,1928-03-03,1,6,0,0.101149
1470,1928-03-10,1,2,0,0.101033
1471,1928-03-17,7,2,0,0.100917
1472,1928-03-24,4,6,0,0.100802
1473,1928-03-31,8,2,0,0.100686
1474,1928-04-07,1,9,0,0.100571
1475,1928-04-14,8,2,0,0.100457
1476,1928-04-21,6,9,0,0.100342
1477,1928-04-28,8,4,0,0.100228
1478,1928-05-05,5,9,0,0.100114
1479,1928-05-12,5,6,0,0.1
1480,1928-05-19,4,6,0,0.099886
1481,1928-05-26,4,2,0,0.099773
1482,1928-06-02,6,2,0,0.09966
1483,1928-06-09,4,4,1,0.100679
1484,1928-06-16,5,2,0,0.100565
1485,1928-06-23,7,6,0,0.100451
1486,1928-06-30,7,6,0,0.100338
1487,1928-07-07,3,6,0,0.100225
1488,1928-07-14,2,5,0,0.100112
1489,1928-07-21,4,5,0,0.1
1490,1928-07-28,3,2,0,0.099888
1491,1928-08-04,5,5,1,0.100897
1492,1928-08-11,8,7,0,0.100784
1493,1928-08-18,9,9,1,0.10179
1494,1928-08-25,5,9,0,0.101676
1495,1928-09-01,7,7,1,0.102679
1496,1928-09-08,7,6,0,0.102564
1497,1928-09-15,7,6,0,0.10245
1498,1928-09-22,4,6,0,0.102336
1499,1928-09-29,2,2,1,0.103333
1500,1928-10-06,8,5,0,0.103219
1501,1928-10-13,8,9,0,0.103104
1502,1928-10-20,5,9,0,0.10299
1503,1928-10-27,4,7,0,0.102876
1504,1928-11-03,2,2,1,0.103867
1505,1928-11-10,3,5,0,0.103753
1506,1928-11-17,2,5,0,0.103638
1507,1928-11-24,6,5,0,0.103524
1508,1928-12-01,4,4,1,0.10451
1509,1928-12-08,6,2,0,0.104396
1510,1928-12-15,8,4,0,0.104281
1511,1928-12-22,1,9,0,0.104167
1512,1928-12-29,4,2,0,0.104053
1513,1929-01-05,6,2,0,0.103939
1514,1929-01-12,1,4,0,0.103825
1515,1929-01-19,7,2,0,0.103712
1516,1929-01-26,2,6,0,0.103599
1517,1929-02-02,1,5,0,0.103486
1518,1929-02-09,7,2,0,0.103373
1519,1929-02-16,5,6,0,0.103261
1520,1929-02-23,4,7,0,0.103149
1521,1929-03-02,5,2,0,0.103037
1522,1929-03-09,3,7,0,0.102925
1523,1929-03-16,3,5,0,0.102814
1524,1929-03-23,4,5,0,0.102703
1525,1929-03-30,2,2,1,0.103672
1526,1929-04-06,5,5,1,0.104639
1527,1929-04-13,3,7,0,0.104526
1528,1929-04-20,1,5,0,0.104413
1529,1929-04-27,2,2,1,0.105376
1530,1929-05-04,5,5,1,0.106337
1531,1929-05-11,1,7,0,0.106223
1532,1929-05-18,4,2,0,0.106109
1533,1929-05-25,8,2,0,0.105996
1534,1929-06-01,6,9,0,0.105882
1535,1929-06-08,1,4,0,0.105769
1536,1929-06-15,9,2,0,0.105656
1537,1929-06-22,7,9,0,0.105544
1538,1929-06-29,9,6,0,0.105431
1539,1929-07-06,3,9,0,0.105319
1540,1929-07-13,7,5,0,0.105207
1541,1929-07-20,8,6,0,0.105096
1542,1929-07-27,7,9,0,0.104984
1543,1929-08-03,4,6,0,0.104873
1544,1929-08-10,6,2,0,0.104762
1545,1929-08-17,7,4,0,0.104651
1546,1929-08-24,2,6,0,0.104541
1547,1929-08-31,4,5,0,0.10443
1548,1929-09-07,6,2,0,0.10432
1549,1929-09-14,6,4,0,0.104211
1550,1929-09-21,8,4,0,0.104101
1551,1929-09-28,4,9,0,0.103992
1552,1929-10-05,4,2,0,0.103882
1553,1929-10-12,9,2,0,0.103774
1554,1929-10-19,3,9,0,0.103665
1555,1929-10-26,9,5,0,0.103556
1556,1929-11-02,4,9,0,0.103448
1557,1929-11-09,3,2,0,0.10334
1558,1929-11-16,3,5,0,0.103233
1559,1929-11-23,2,5,0,0.103125
1560,1929-11-30,4,5,0,0.103018
1561,1929-12-07,5,2,0,0.102911
1562,1929-12-14,9,7,0,0.102804
1563,1929-12-21,3,9,0,0.102697
1564,1929-12-28,5,5,1,0.103627
1565,1930-01-04,7,7,1,0.104555
1566,1930-01-11,8,6,0,0.104447
1567,1930-01-18,2,9,0,0.104339
1568,1930-01-25,8,5,0,0.104231
1569,1930-02-01,8,9,0,0.104124
1570,1930-02-08,9,9,1,0.105046
1571,1930-02-15,8,9,0,0.104938
1572,1930-02-22,8,9,0,0.10483
1573,1930-03-01,9,9,1,0.105749
1574,1930-03-08,3,9,0,0.105641
1575,1930-03-15,5,5,1,0.106557
1576,1930-03-22,5,7,0,0.106448
1577,1930-03-29,9,7,0,0.106339
1578,1930-04-05,6,9,0,0.106231
1579,1930-04-12,1,4,0,0.106122
1580,1930-04-19,4,2,0,0.106014
1581,1930-04-26,9,2,0,0.105906
1582,1930-05-03,6,9,0,0.105799
1583,1930-05-10,4,4,1,0.106707
1584,1930-05-17,5,2,0,0.106599
1585,1930-05-24,9,7,0,0.106491
1586,1930-05-31,6,9,0,0.106383
1587,1930-06-07,3,4,0,0.106275
1588,1930-06-14,8,5,0,0.106168
1589,1930-06-21,7,9,0,0.106061
1590,1930-06-28,4,6,0,0.105954
1591,1930-07-05,6,2,0,0.105847
1592,1930-07-12,6,4,0,0.10574
1593,1930-07-19,3,4,0,0.105634
1594,1930-07-26,3,5,0,0.105528
1595,1930-08-02,3,5,0,0.105422
1596,1930-08-09,2,5,0,0.105316
1597,1930-08-16,2,5,0,0.10521
1598,1930-08-23,6,5,0,0.105105
1599,1930-08-30,8,4,0,0.105
1600,1930-09-06,7,9,0,0.104895
1601,1930-09-13,6,6,1,0.105788
1602,1930-09-20,9,4,0,0.105683
1603,1930-09-27,2,9,0,0.105578
1604,1930-10-04,6,5,0,0.105473
1605,1930-10-11,5,4,0,0.105368
1606,1930-10-18,6,7,0,0.105263
1607,1930-10-25,8,4,0,0.105159
1608,1930-10-31,8,9,0,0.105055
1609,1930-11-08,3,9,0,0.10495
1610,1930-11-15,5,5,1,0.105836
1611,1930-11-22,6,7,0,0.105731
1612,1930-11-29,3,8,0,0.105627
1613,1930-12-06,6,5,0,0.105523
1614,1930-12-13,8,8,1,0.106404
1615,1930-12-20,3,9,0,0.106299
1616,1930-12-27,2,5,0,0.106195
1617,1931-01-03,9,5,0,0.10609
1618,1931-01-10,8,9,0,0.105986
1619,1931-01-17,7,9,0,0.105882
1620,1931-01-24,4,6,0,0.105779
1621,1931-01-31,8,2,0,0.105675
1622,1931-02-07,3,9,0,0.105572
1623,1931-02-14,4,5,0,0.105469
1624,1931-02-21,4,2,0,0.105366
1625,1931-02-28,3,2,0,0.105263
1626,1931-03-07,4,5,0,0.105161
1627,1931-03-14,5,2,0,0.105058
1628,1931-03-21,7,7,1,0.105928
1629,1931-03-28,6,6,1,0.106796
1630,1931-04-04,2,8,0,0.106693
1631,1931-04-11,3,5,0,0.106589
1632,1931-04-18,2,5,0,0.106486
1633,1931-04-25,4,5,0,0.106383
1634,1931-05-02,7,2,0,0.10628
1635,1931-05-09,1,6,0,0.106178
1636,1931-05-16,6,2,0,0.106075
1637,1931-05-23,5,8,0,0.105973
1638,1931-05-30,4,7,0,0.105871
1639,1931-06-06,6,2,0,0.105769
1640,1931-06-13,3,8,0,0.105668
1641,1931-06-20,9,5,0,0.105566
1642,1931-06-27,6,9,0,0.105465
1643,1931-07-04,4,8,0,0.105364
1644,1931-07-11,8,6,0,0.105263
1645,1931-07-18,4,9,0,0.105163
1646,1931-07-25,3,6,0,0.105062
1647,1931-08-01,5,5,1,0.105916
1648,1931-08-08,1,7,0,0.105815
1649,1931-08-15,3,2,0,0.105714
1650,1931-08-22,7,5,0,0.105614
1651,1931-08-29,6,6,1,0.106464
1652,1931-09-05,2,8,0,0.106363
1653,1931-09-12,6,4,0,0.106262
1654,1931-09-19,9,8,0,0.106161
1655,1931-09-26,3,9,0,0.106061
1656,1931-10-03,9,5,0,0.10596
1657,1931-10-10,7,9,0,0.10586
1658,1931-10-17,8,6,0,0.10576
1659,1931-10-24,3,9,0,0.10566
1660,1931-10-31,6,5,0,0.105561
1661,1931-11-07,3,8,0,0.105461
1662,1931-11-14,8,5,0,0.105362
1663,1931-11-21,8,9,0,0.105263
1664,1931-11-28,4,9,0,0.105164
1665,1931-12-05,8,6,0,0.105066
1666,1931-12-12,8,9,0,0.104967
1667,1931-12-19,5,8,0,0.104869
1668,1931-12-26,1,7,0,0.104771
1669,1932-01-02,4,2,0,0.104673
1670,1932-01-09,2,6,0,0.104575
1671,1932-01-16,6,4,0,0.104478
1672,1932-01-23,2,8,0,0.10438
1673,1932-01-30,2,4,0,0.104283
1674,1932-02-06,4,4,1,0.105116
1675,1932-02-13,8,2,0,0.105019
1676,1932-02-20,4,8,0,0.104921
1677,1932-02-27,5,2,0,0.104824
1678,1932-03-05,9,7,0,0.104727
1679,1932-03-12,5,9,0,0.10463
1680,1932-03-19,1,7,0,0.104533
1681,1932-03-26,9,2,0,0.104436
1682,1932-04-02,8,9,0,0.10434
1683,1932-04-09,6,8,0,0.104244
1684,1932-04-16,5,8,0,0.104147
1685,1932-04-23,6,7,0,0.104052
1686,1932-04-30,1,8,0,0.103956
1687,1932-05-07,7,2,0,0.10386
1688,1932-05-14,3,6,0,0.103765
1689,1932-05-21,5,5,1,0.104587
1690,1932-05-28,7,7,1,0.105408
1691,1932-06-04,3,6,0,0.105311
1692,1932-06-11,6,5,0,0.105215
1693,1932-06-18,9,8,0,0.105119
1694,1932-06-25,2,9,0,0.105023
1695,1932-07-02,7,4,0,0.104927
1696,1932-07-09,3,6,0,0.104831
1697,1932-07-16,7,5,0,0.104736
1698,1932-07-23,2,6,0,0.104641
1699,1932-07-30,3,4,0,0.104545
1700,1932-08-06,9,5,0,0.10445
1701,1932-08-13,1,9,0,0.104356
1702,1932-08-20,7,2,0,0.104261
1703,1932-08-27,1,6,0,0.104167
1704,1932-09-03,8,2,0,0.104072
1705,1932-09-10,3,8,0,0.103978
1706,1932-09-17,3,5,0,0.103884
1707,1932-09-24,6,5,0,0.103791
1708,1932-10-01,2,8,0,0.103697
1709,1932-10-08,7,4,0,0.103604
1710,1932-10-15,5,6,0,0.10351
1711,1932-10-22,9,7,0,0.103417
1712,1932-10-29,2,1,0,0.103324
1713,1932-11-05,3,4,0,0.103232
1714,1932-11-12,2,5,0,0.103139
1715,1932-11-19,9,4,0,0.103047
1716,1932-11-26,7,1,0,0.102954
1717,1932-12-03,2,6,0,0.102862
1718,1932-12-10,3,4,0,0.10277
1719,1932-12-17,6,5,0,0.102679
1720,1932-12-24,7,8,0,0.102587
1721,1932-12-31,5,6,0,0.102496
1722,1933-01-07,1,7,0,0.102404
1723,1933-01-14,6,2,0,0.102313
1724,1933-01-21,9,8,0,0.102222
1725,1933-01-28,3,1,0,0.102131
1726,1933-02-04,4,5,0,0.102041
1727,1933-02-11,7,2,0,0.10195
1728,1933-02-18,2,6,0,0.10186
1729,1933-02-25,9,4,0,0.10177
1730,1933-03-04,4,1,0,0.10168
1731,1933-03-11,6,2,0,0.10159
1732,1933-03-18,5,8,0,0.1015
1733,1933-03-25,1,7,0,0.101411
1734,1933-04-01,3,2,0,0.101322
1735,1933-04-08,6,5,0,0.101232
1736,1933-04-15,7,8,0,0.101143
1737,1933-04-22,3,6,0,0.101054
1738,1933-04-29,8,5,0,0.100966
1739,1933-05-06,2,8,0,0.100877
1740,1933-05-13,9,4,0,0.100789
1741,1933-05-20,2,1,0,0.100701
1742,1933-05-27,6,4,0,0.100612
1743,1933-06-03,4,8,0,0.100524
1744,1933-06-10,2,6,0,0.100437
1745,1933-06-17,4,4,1,0.101222
1746,1933-06-24,4,2,0,0.101133
1747,1933-07-01,7,2,0,0.101045
1748,1933-07-08,4,6,0,0.100957
1749,1933-07-15,7,2,0,0.10087
1750,1933-07-22,1,6,0,0.100782
1751,1933-07-29,5,2,0,0.100694
1752,1933-08-05,9,7,0,0.100607
1753,1933-08-12,9,1,0,0.10052
1754,1933-08-19,2,9,0,0.100433
1755,1933-08-26,7,4,0,0.100346
1756,1933-09-02,4,6,0,0.100259
1757,1933-09-09,3,2,0,0.100173
1758,1933-09-16,9,5,0,0.100086
1759,1933-09-23,1,9,0,0.1
1760,1933-09-30,2,2,1,0.100775
1761,1933-10-07,3,4,0,0.100688
1762,1933-10-14,7,5,0,0.100602
1763,1933-10-21,5,6,0,0.100515
1764,1933-10-28,9,7,0,0.100429
1765,1933-11-04,3,1,0,0.100343
1766,1933-11-11,2,5,0,0.100257
1767,1933-11-18,9,4,0,0.100171
1768,1933-11-25,1,1,1,0.100941
1769,1933-12-02,6,2,0,0.100855
1770,1933-12-09,7,4,0,0.100769
1771,1933-12-16,9,6,0,0.100683
1772,1933-12-23,9,1,0,0.100597
1773,1933-12-30,3,1,0,0.100511
1774,1934-01-06,5,5,1,0.101277
1775,1934-01-13,5,7,0,0.10119
1776,1934-01-20,1,7,0,0.101105
1777,1934-01-27,7,2,0,0.101019
1778,1934-02-03,6,6,1,0.101781
1779,1934-02-10,1,4,0,0.101695
1780,1934-02-17,3,2,0,0.101609
1781,1934-02-24,7,5,0,0.101523
1782,1934-03-03,4,6,0,0.101437
1783,1934-03-10,4,2,0,0.101351
1784,1934-03-17,2,2,1,0.10211
1785,1934-03-24,1,4,0,0.102024
1786,1934-03-31,8,2,0,0.101938
1787,1934-04-07,8,8,1,0.102694
1788,1934-04-14,2,8,0,0.102607
1789,1934-04-21,3,4,0,0.102521
1790,1934-04-28,4,5,0,0.102435
1791,1934-05-05,7,2,0,0.102349
1792,1934-05-12,5,6,0,0.102263
1793,1934-05-19,3,7,0,0.102178
1794,1934-05-26,8,5,0,0.102092
1795,1934-06-02,7,8,0,0.102007
1796,1934-06-09,9,6,0,0.101921
1797,1934-06-16,3,1,0,0.101836
1798,1934-06-23,9,5,0,0.101751
1799,1934-06-30,8,1,0,0.101667
1800,1934-07-07,9,8,0,0.101582
1801,1934-07-14,7,1,0,0.101498
1802,1934-07-21,1,6,0,0.101413
1803,1934-07-28,7,2,0,0.101329
1804,1934-08-04,1,6,0,0.101245
1805,1934-08-11,7,2,0,0.101161
1806,1934-08-18,1,6,0,0.101077
1807,1934-08-25,4,7,0,0.100993
1808,1934-09-01,1,2,0,0.10091
1809,1934-09-08,9,7,0,0.100826
1810,1934-09-15,5,1,0,0.100743
1811,1934-09-22,2,7,0,0.10066
1812,1934-09-29,6,4,0,0.100577
1813,1934-10-06,2,4,0,0.100494
1814,1934-10-13,4,4,1,0.101235
1815,1934-10-20,8,2,0,0.101151
1816,1934-10-27,5,8,0,0.101068
1817,1934-11-03,7,7,1,0.101806
1818,1934-11-10,6,6,1,0.102543
1819,1934-11-17,9,4,0,0.102459
1820,1934-11-24,7,1,0,0.102375
1821,1934-12-01,9,6,0,0.102291
1822,1934-12-08,7,1,0,0.102208
1823,1934-12-15,9,6,0,0.102124
1824,1934-12-22,5,1,0,0.102041
1825,1934-12-29,7,7,1,0.102773
1826,1935-01-05,6,6,1,0.103504
1827,1935-01-12,9,4,0,0.10342
1828,1935-01-19,7,1,0,0.103336
1829,1935-01-26,2,6,0,0.103252
1830,1935-02-02,9,4,0,0.103168
1831,1935-02-09,6,1,0,0.103084
1832,1935-02-16,7,4,0,0.103001
1833,1935-02-23,3,6,0,0.102917
1834,1935-03-02,9,5,0,0.102834
1835,1935-03-09,5,1,0,0.102751
1836,1935-03-16,3,7,0,0.102668
1837,1935-03-23,7,5,0,0.102585
1838,1935-03-30,1,6,0,0.102502
1839,1935-04-06,5,7,0,0.102419
1840,1935-04-13,1,7,0,0.102337
1841,1935-04-20,8,7,0,0.102254
1842,1935-04-27,6,8,0,0.102172
1843,1935-05-04,6,4,0,0.10209
1844,1935-05-11,3,4,0,0.102008
1845,1935-05-18,8,5,0,0.101926
1846,1935-05-25,1,8,0,0.101844
1847,1935-06-01,1,7,0,0.101763
1848,1935-06-08,1,7,0,0.101681
1849,1935-06-15,7,7,1,0.1024
1850,1935-06-22,7,6,0,0.102318
1851,1935-06-29,7,6,0,0.102236
1852,1935-07-06,9,6,0,0.102155
1853,1935-07-13,2,1,0,0.102073
1854,1935-07-20,5,4,0,0.101992
1855,1935-07-27,5,7,0,0.101911
1856,1935-08-03,9,7,0,0.10183
1857,1935-08-10,8,1,0,0.101749
1858,1935-08-17,1,8,0,0.101668
1859,1935-08-24,9,7,0,0.101587
1860,1935-08-31,4,1,0,0.101507
1861,1935-09-07,8,2,0,0.101426
1862,1935-09-14,9,8,0,0.101346
1863,1935-09-21,1,1,1,0.102057
1864,1935-09-28,7,7,1,0.102767
1865,1935-10-05,7,6,0,0.102686
1866,1935-10-12,1,6,0,0.102605
1867,1935-10-19,7,7,1,0.103312
1868,1935-10-26,9,6,0,0.103231
1869,1935-11-02,4,1,0,0.10315
1870,1935-11-09,5,2,0,0.103068
1871,1935-11-16,7,7,1,0.103774
1872,1935-11-23,3,6,0,0.103692
1873,1935-11-30,7,5,0,0.103611
1874,1935-12-07,3,6,0,0.103529
1875,1935-12-14,5,5,1,0.104232
1876,1935-12-21,8,7,0,0.10415
1877,1935-12-28,9,9,1,0.104851
1878,1936-01-04,1,1,1,0.105551
1879,1936-01-11,8,7,0,0.105469
1880,1936-01-18,3,9,0,0.105386
1881,1936-01-25,5,5,1,0.106084
1882,1936-02-01,1,7,0,0.106002
1883,1936-02-08,3,7,0,0.105919
1884,1936-02-15,6,5,0,0.105837
1885,1936-02-22,8,4,0,0.105754
1886,1936-02-29,3,9,0,0.105672
1887,1936-03-07,8,5,0,0.10559
1888,1936-03-14,8,9,0,0.105508
1889,1936-03-21,2,9,0,0.105426
1890,1936-03-28,5,4,0,0.105345
1891,1936-04-04,5,7,0,0.105263
1892,1936-04-11,4,7,0,0.105182
1893,1936-04-18,4,2,0,0.1051
1894,1936-04-25,1,2,0,0.105019
1895,1936-05-02,1,7,0,0.104938
1896,1936-05-09,2,7,0,0.104857
1897,1936-05-16,9,4,0,0.104777
1898,1936-05-23,1,1,1,0.105466
1899,1936-05-30,2,7,0,0.105385
1900,1936-06-06,8,4,0,0.105304
1901,1936-06-13,9,9,1,0.105991
1902,1936-06-20,1,1,1,0.106677
1903,1936-06-27,4,7,0,0.106595
1904,1936-07-04,7,2,0,0.106513
1905,1936-07-11,7,6,0,0.106432
1906,1936-07-18,6,6,1,0.107116
1907,1936-07-25,9,8,0,0.107034
1908,1936-08-01,8,1,0,0.106952
1909,1936-08-08,9,9,1,0.107634
1910,1936-08-15,9,1,0,0.107551
1911,1936-08-22,6,1,0,0.10747
1912,1936-08-29,1,8,0,0.107388
1913,1936-09-05,2,7,0,0.107306
1914,1936-09-12,9,4,0,0.107224
1915,1936-09-19,8,1,0,0.107143
1916,1936-09-26,2,9,0,0.107062
1917,1936-10-03,1,4,0,0.10698
1918,1936-10-10,4,7,0,0.106899
1919,1936-10-17,7,2,0,0.106818
1920,1936-10-24,3,6,0,0.106737
1921,1936-10-31,8,5,0,0.106657
1922,1936-11-07,7,9,0,0.106576
1923,1936-11-14,3,6,0,0.106495
1924,1936-11-21,7,5,0,0.106415
1925,1936-11-28,3,6,0,0.106335
1926,1936-12-05,9,5,0,0.106255
1927,1936-12-12,5,1,0,0.106175
1928,1936-12-19,6,7,0,0.106095
1929,1936-12-26,9,8,0,0.106015
1930,1937-01-02,8,1,0,0.105935
1931,1937-01-09,4,9,0,0.105856
1932,1937-01-16,8,2,0,0.105776
1933,1937-01-23,2,9,0,0.105697
1934,1937-01-30,3,4,0,0.105618
1935,1937-02-06,9,5,0,0.105539
1936,1937-02-13,5,1,0,0.10546
1937,1937-02-20,7,7,1,0.106129
1938,1937-02-27,7,6,0,0.106049
1939,1937-03-06,2,6,0,0.10597
1940,1937-03-13,5,4,0,0.105891
1941,1937-03-20,2,7,0,0.105812
1942,1937-03-27,5,4,0,0.105733
1943,1937-04-03,8,7,0,0.105655
1944,1937-04-10,2,9,0,0.105576
1945,1937-04-17,8,5,0,0.105498
1946,1937-04-24,7,9,0,0.105419
1947,1937-05-01,6,6,1,0.106083
1948,1937-05-08,1,8,0,0.106004
1949,1937-05-15,2,7,0,0.105926
1950,1937-05-22,5,5,1,0.106588
1951,1937-05-29,1,7,0,0.106509
1952,1937-06-05,4,2,0,0.10643
1953,1937-06-12,8,2,0,0.106352
1954,1937-06-19,8,9,0,0.106273
1955,1937-06-26,9,9,1,0.106932
1956,1937-07-03,1,1,1,0.10759
1957,1937-07-10,1,2,0,0.107511
1958,1937-07-17,9,2,0,0.107432
1959,1937-07-24,5,1,0,0.107353
1960,1937-07-31,5,7,0,0.107274
1961,1937-08-07,8,7,0,0.107195
1962,1937-08-14,9,9,1,0.10785
1963,1937-08-21,6,1,0,0.107771
1964,1937-08-28,3,8,0,0.107692
1965,1937-09-04,3,5,0,0.107613
1966,1937-09-11,3,5,0,0.107535
1967,1937-09-18,3,5,0,0.107456
1968,1937-09-25,1,5,0,0.107378
1969,1937-10-02,5,2,0,0.107299
1970,1937-10-09,9,7,0,0.107221
1971,1937-10-16,9,1,0,0.107143
1972,1937-10-23,4,1,0,0.107065
1973,1937-10-30,9,2,0,0.106987
1974,1937-11-06,2,1,0,0.106909
1975,1937-11-13,2,5,0,0.106831
1976,1937-11-20,8,5,0,0.106754
1977,1937-11-27,3,9,0,0.106676
1978,1937-12-04,7,5,0,0.106599
1979,1937-12-11,7,6,0,0.106522
1980,1937-12-18,8,6,0,0.106445
1981,1937-12-25,8,9,0,0.106368
1982,1937-12-31,3,9,0,0.106291
1983,1938-01-08,2,5,0,0.106214
1984,1938-01-15,8,5,0,0.106137
1985,1938-01-22,2,9,0,0.106061
1986,1938-01-29,8,5,0,0.105984
1987,1938-02-05,8,9,0,0.105908
1988,1938-02-12,9,9,1,0.106551
1989,1938-02-19,7,1,0,0.106475
1990,1938-02-26,1,6,0,0.106398
1991,1938-03-05,4,2,0,0.106322
1992,1938-03-12,7,2,0,0.106246
1993,1938-03-19,8,6,0,0.106169
1994,1938-03-26,1,9,0,0.106093
1995,1938-04-02,7,2,0,0.106017
1996,1938-04-09,9,6,0,0.105941
1997,1938-04-16,6,1,0,0.105866
1998,1938-04-23,6,8,0,0.10579
1999,1938-04-30,7,8,0,0.105714
2000,1938-05-07,3,6,0,0.105639
2001,1938-05-14,9,5,0,0.105563
2002,1938-05-21,9,1,0,0.105488
2003,1938-05-28,7,1,0,0.105413
2004,1938-06-04,8,6,0,0.105338
2005,1938-06-11,3,9,0,0.105263
2006,1938-06-18,2,5,0,0.105188
2007,1938-06-25,6,5,0,0.105114
2008,1938-07-02,4,8,0,0.105039
2009,1938-07-09,5,2,0,0.104965
2010,1938-07-16,8,7,0,0.10489
2011,1938-07-23,5,9,0,0.104816
2012,1938-07-30,7,7,1,0.105449
2013,1938-08-06,9,6,0,0.105375
2014,1938-08-13,8,1,0,0.1053
2015,1938-08-20,7,9,0,0.105226
2016,1938-08-27,8,6,0,0.105152
2017,1938-09-03,7,9,0,0.105078
2018,1938-09-10,5,6,0,0.105004
2019,1938-09-17,3,7,0,0.10493
2020,1938-09-24,9,5,0,0.104856
2021,1938-10-01,7,1,0,0.104782
2022,1938-10-08,3,6,0,0.104708
2023,1938-10-15,7,5,0,0.104635
2024,1938-10-22,9,6,0,0.104561
2025,1938-10-29,7,1,0,0.104488
2026,1938-11-05,9,6,0,0.104415
2027,1938-11-12,6,1,0,0.104342
2028,1938-11-19,8,4,0,0.104269
2029,1938-11-26,4,9,0,0.104196
2030,1938-12-03,6,2,0,0.104123
2031,1938-12-10,5,8,0,0.10405
2032,1938-12-17,6,7,0,0.103978
2033,1938-12-24,5,8,0,0.103905
2034,1938-12-31,7,7,1,0.10453
2035,1939-01-07,2,6,0,0.104457
2036,1939-01-14,6,5,0,0.104384
2037,1939-01-21,5,8,0,0.104312
2038,1939-01-28,4,7,0,0.104239
2039,1939-02-04,1,2,0,0.104167
2040,1939-02-11,2,7,0,0.104094
2041,1939-02-18,7,5,0,0.104022
2042,1939-02-25,3,6,0,0.10395
2043,1939-03-04,6,5,0,0.103878
2044,1939-03-11,2,8,0,0.103806
2045,1939-03-18,4,5,0,0.103734
2046,1939-03-25,3,2,0,0.103663
2047,1939-04-01,9,5,0,0.103591
2048,1939-04-08,9,1,0,0.10352
2049,1939-04-15,8,1,0,0.103448
2050,1939-04-22,5,9,0,0.103377
2051,1939-04-29,2,7,0,0.103306
2052,1939-05-06,6,5,0,0.103235
2053,1939-05-13,4,8,0,0.103164
2054,1939-05-20,3,2,0,0.103093
2055,1939-05-27,8,5,0,0.103022
2056,1939-06-03,7,9,0,0.102951
2057,1939-06-10,3,6,0,0.102881
2058,1939-06-17,7,5,0,0.10281
2059,1939-06-24,2,6,0,0.10274
2060,1939-07-01,6,5,0,0.102669
2061,1939-07-08,9,4,0,0.102599
2062,1939-07-15,3,1,0,0.102529
2063,1939-07-22,9,5,0,0.102459
2064,1939-07-29,8,1,0,0.102389
2065,1939-08-05,2,9,0,0.102319
2066,1939-08-12,8,5,0,0.102249
2067,1939-08-19,9,9,1,0.102861
2068,1939-08-26,5,1,0,0.102791
2069,1939-09-02,6,7,0,0.102721
2070,1939-09-09,2,4,0,0.102651
2071,1939-09-16,8,5,0,0.102582
2072,1939-09-23,1,9,0,0.102512
2073,1939-09-30,4,2,0,0.102442
2074,1939-10-07,7,2,0,0.102373
2075,1939-10-14,9,6,0,0.102304
2076,1939-10-21,1,1,1,0.102911
2077,1939-10-28,1,2,0,0.102842
2078,1939-11-04,2,2,1,0.103448
2079,1939-11-11,6,5,0,0.103378
2080,1939-11-18,6,4,0,0.103309
2081,1939-11-25,7,4,0,0.103239
2082,1939-12-02,3,6,0,0.103169
2083,1939-12-09,4,5,0,0.1031
2084,1939-12-16,7,7,1,0.103704
2085,1939-12-23,7,3,0,0.103634
2086,1939-12-30,3,3,1,0.104237
2087,1940-01-06,6,5,0,0.104167
2088,1940-01-13,8,4,0,0.104097
2089,1940-01-20,9,9,1,0.104698
2090,1940-01-27,8,1,0,0.104628
2091,1940-02-03,5,9,0,0.104558
2092,1940-02-10,4,7,0,0.104488
2093,1940-02-17,9,7,0,0.104418
2094,1940-02-24,1,1,1,0.105017
2095,1940-03-02,5,2,0,0.104947
2096,1940-03-09,5,7,0,0.104876
2097,1940-03-16,2,7,0,0.104806
2098,1940-03-23,6,5,0,0.104736
2099,1940-03-30,7,8,0,0.104667
2100,1940-04-06,7,3,0,0.104597
2101,1940-04-13,9,3,0,0.104527
2102,1940-04-20,8,1,0,0.104458
2103,1940-04-27,5,9,0,0.104388
2104,1940-05-04,9,7,0,0.104319
2105,1940-05-11,7,1,0,0.10425
2106,1940-05-18,4,3,0,0.10418
2107,1940-05-25,3,7,0,0.104111
2108,1940-06-01,5,5,1,0.104705
2109,1940-06-08,3,7,0,0.104636
2110,1940-06-15,4,5,0,0.104567
2111,1940-06-22,2,7,0,0.104497
2112,1940-06-29,6,5,0,0.104428
2113,1940-07-06,9,8,0,0.104359
2114,1940-07-13,2,1,0,0.10429
2115,1940-07-20,3,5,0,0.104222
2116,1940-07-27,7,5,0,0.104153
2117,1940-08-03,7,3,0,0.104084
2118,1940-08-10,8,3,0,0.104016
2119,1940-08-17,2,9,0,0.103947
2120,1940-08-24,1,5,0,0.103879
2121,1940-08-31,3,2,0,0.103811
2122,1940-09-07,9,5,0,0.103743
2123,1940-09-14,7,1,0,0.103675
2124,1940-09-21,4,3,0,0.103607
2125,1940-09-28,7,7,1,0.104194
2126,1940-10-05,4,3,0,0.104126
2127,1940-10-12,2,7,0,0.104058
2128,1940-10-19,4,5,0,0.10399
2129,1940-10-26,6,7,0,0.103922
2130,1940-11-02,5,8,0,0.103854
2131,1940-11-09,9,7,0,0.103786
2132,1940-11-16,5,1,0,0.103718
2133,1940-11-23,2,7,0,0.103651
2134,1940-11-30,8,4,0,0.103583
2135,1940-12-07,8,9,0,0.103516
2136,1940-12-14,6,9,0,0.103448
2137,1940-12-21,2,8,0,0.103381
2138,1940-12-28,1,4,0,0.103314
2139,1941-01-04,4,2,0,0.103247
2140,1941-01-11,8,7,0,0.10318
2141,1941-01-18,9,9,1,0.103761
2142,1941-01-25,8,1,0,0.103694
2143,1941-02-01,3,9,0,0.103627
2144,1941-02-08,8,5,0,0.10356
2145,1941-02-15,7,9,0,0.103493
2146,1941-02-22,7,3,0,0.103426
2147,1941-03-01,6,3,0,0.103359
2148,1941-03-08,2,8,0,0.103292
2149,1941-03-15,4,4,1,0.103871
2150,1941-03-22,8,7,0,0.103804
2151,1941-03-29,7,9,0,0.103737
2152,1941-04-05,6,3,0,0.10367
2153,1941-04-12,2,8,0,0.103604
2154,1941-04-19,8,4,0,0.103537
2155,1941-04-26,8,9,0,0.10347
2156,1941-05-03,5,9,0,0.103404
2157,1941-05-10,4,7,0,0.103338
2158,1941-05-17,4,7,0,0.103271
2159,1941-05-24,7,7,1,0.103846
2160,1941-05-31,4,6,0,0.10378
2161,1941-06-07,6,7,0,0.103713
2162,1941-06-14,4,8,0,0.103647
2163,1941-06-21,4,7,0,0.103581
2164,1941-06-28,3,7,0,0.103514
2165,1941-07-05,6,5,0,0.103448
2166,1941-07-12,7,4,0,0.103382
2167,1941-07-19,9,6,0,0.103316
2168,1941-07-26,7,1,0,0.10325
2169,1941-08-02,7,6,0,0.103185
2170,1941-08-09,5,7,0,0.103119
2171,1941-08-16,6,7,0,0.103053
2172,1941-08-23,1,4,0,0.102988
2173,1941-08-30,6,2,0,0.102922
2174,1941-09-06,6,4,0,0.102857
2175,1941-09-13,3,4,0,0.102792
2176,1941-09-20,5,5,1,0.103361
2177,1941-09-27,3,7,0,0.103295
2178,1941-10-04,2,5,0,0.10323
2179,1941-10-11,8,4,0,0.103165
2180,1941-10-18,3,9,0,0.103099
2181,1941-10-25,4,5,0,0.103034
2182,1941-11-01,9,7,0,0.102969
2183,1941-11-08,3,1,0,0.102904
2184,1941-11-15,4,5,0,0.102839
2185,1941-11-22,8,7,0,0.102774
2186,1941-11-29,5,9,0,0.10271
2187,1941-12-06,2,7,0,0.102645
2188,1941-12-13,3,4,0,0.10258
2189,1941-12-20,2,5,0,0.102516
2190,1941-12-27,5,4,0,0.102451
2191,1942-01-03,6,7,0,0.102387
2192,1942-01-10,6,4,0,0.102323
2193,1942-01-17,3,4,0,0.102258
2194,1942-01-24,4,5,0,0.102194
2195,1942-01-31,1,7,0,0.10213
2196,1942-02-07,6,2,0,0.102066
2197,1942-02-14,2,4,0,0.102003
2198,1942-02-21,4,4,1,0.102564
2199,1942-02-28,7,7,1,0.103125
2200,1942-03-07,7,7,1,0.103685
2201,1942-03-14,2,7,0,0.10362
2202,1942-03-21,3,4,0,0.103556
2203,1942-03-28,3,5,0,0.103491
2204,1942-04-04,6,5,0,0.103427
2205,1942-04-11,6,4,0,0.103362
2206,1942-04-18,8,4,0,0.103298
2207,1942-04-25,9,9,1,0.103856
2208,1942-05-02,4,1,0,0.103791
2209,1942-05-09,8,7,0,0.103727
2210,1942-05-16,9,9,1,0.104283
2211,1942-05-23,9,1,0,0.104218
2212,1942-05-30,4,1,0,0.104154
2213,1942-06-06,3,7,0,0.104089
2214,1942-06-13,6,5,0,0.104025
2215,1942-06-20,2,8,0,0.10396
2216,1942-06-27,9,4,0,0.103896
2217,1942-07-04,2,1,0,0.103832
2218,1942-07-11,2,4,0,0.103768
2219,1942-07-18,7,4,0,0.103704
2220,1942-07-25,2,7,0,0.10364
2221,1942-08-01,1,4,0,0.103576
2222,1942-08-08,7,2,0,0.103512
2223,1942-08-15,7,7,1,0.104064
2224,1942-08-22,6,7,0,0.104
2225,1942-08-29,5,8,0,0.103936
2226,1942-09-05,5,7,0,0.103872
2227,1942-09-12,3,7,0,0.103808
2228,1942-09-19,7,5,0,0.103745
2229,1942-09-26,1,7,0,0.103681
2230,1942-10-03,2,2,1,0.104231
2231,1942-10-10,4,4,1,0.104779
2232,1942-10-17,2,7,0,0.104715
2233,1942-10-24,6,4,0,0.104651
2234,1942-10-31,6,8,0,0.104587
2235,1942-11-07,8,8,1,0.105134
2236,1942-11-14,6,9,0,0.10507
2237,1942-11-21,5,8,0,0.105006
2238,1942-11-28,9,7,0,0.104942
2239,1942-12-05,9,1,0,0.104878
2240,1942-12-12,7,1,0,0.104814
2241,1942-12-19,1,7,0,0.10475
2242,1942-12-26,2,2,1,0.105295
2243,1943-01-02,1,4,0,0.105231
2244,1943-01-09,3,2,0,0.105167
2245,1943-01-16,8,5,0,0.105103
2246,1943-01-23,2,9,0,0.105039
2247,1943-01-30,7,4,0,0.104976
2248,1943-02-06,7,7,1,0.105518
2249,1943-02-13,7,7,1,0.106061
2250,1943-02-20,8,7,0,0.105996
2251,1943-02-27,7,9,0,0.105932
2252,1943-03-06,9,7,0,0.105868
2253,1943-03-13,3,1,0,0.105804
2254,1943-03-20,1,5,0,0.10574
2255,1943-03-27,9,2,0,0.105676
2256,1943-04-03,1,1,1,0.106216
2257,1943-04-10,3,2,0,0.106152
2258,1943-04-17,9,5,0,0.106088
2259,1943-04-24,4,1,0,0.106024
2260,1943-05-01,2,7,0,0.10596
2261,1943-05-08,7,4,0,0.105897
2262,1943-05-15,5,7,0,0.105833
2263,1943-05-22,8,7,0,0.105769
2264,1943-05-29,1,9,0,0.105706
2265,1943-06-05,8,2,0,0.105642
2266,1943-06-12,3,9,0,0.105579
2267,1943-06-19,6,5,0,0.105516
2268,1943-06-26,9,8,0,0.105452
2269,1943-07-03,3,1,0,0.105389
2270,1943-07-10,6,5,0,0.105326
2271,1943-07-17,9,8,0,0.105263
2272,1943-07-24,8,1,0,0.1052
2273,1943-07-31,5,9,0,0.105137
2274,1943-08-07,2,7,0,0.105075
2275,1943-08-14,7,4,0,0.105012
2276,1943-08-21,1,7,0,0.104949
2277,1943-08-28,5,2,0,0.104887
2278,1943-09-04,3,7,0,0.104824
2279,1943-09-11,7,5,0,0.104762
2280,1943-09-18,8,7,0,0.1047
2281,1943-09-25,1,9,0,0.104637
2282,1943-10-02,9,2,0,0.104575
2283,1943-10-09,6,1,0,0.104513
2284,1943-10-16,8,8,1,0.105045
2285,1943-10-23,2,9,0,0.104982
2286,1943-10-30,6,4,0,0.10492
2287,1943-11-06,5,8,0,0.104858
2288,1943-11-13,5,7,0,0.104796
2289,1943-11-20,6,7,0,0.104734
2290,1943-11-27,6,8,0,0.104672
2291,1943-12-04,4,8,0,0.10461
2292,1943-12-11,6,7,0,0.104548
2293,1943-12-18,4,8,0,0.104486
2294,1943-12-25,6,7,0,0.104425
2295,1943-12-31,3,8,0,0.104363
2296,1944-01-08,2,5,0,0.104302
2297,1944-01-15,5,4,0,0.10424
2298,1944-01-22,3,7,0,0.104179
2299,1944-01-29,4,5,0,0.104118
2300,1944-02-05,9,7,0,0.104056
2301,1944-02-12,1,1,1,0.104583
2302,1944-02-19,9,2,0,0.104521
2303,1944-02-26,1,1,1,0.105047
2304,1944-03-04,5,2,0,0.104985
2305,1944-03-11,7,7,1,0.10551
2306,1944-03-18,1,7,0,0.105448
2307,1944-03-25,6,2,0,0.105386
2308,1944-04-01,8,8,1,0.10591
2309,1944-04-08,4,9,0,0.105848
2310,1944-04-15,6,7,0,0.105786
2311,1944-04-22,1,8,0,0.105724
2312,1944-04-29,9,2,0,0.105663
2313,1944-05-06,8,1,0,0.105601
2314,1944-05-13,2,9,0,0.105539
2315,1944-05-20,7,4,0,0.105478
2316,1944-05-27,1,7,0,0.105416
2317,1944-06-03,2,2,1,0.105937
2318,1944-06-10,2,4,0,0.105876
2319,1944-06-17,8,4,0,0.105814
2320,1944-06-24,4,9,0,0.105752
2321,1944-07-01,4,7,0,0.105691
2322,1944-07-08,2,7,0,0.10563
2323,1944-07-15,4,4,1,0.106148
2324,1944-07-22,7,2,0,0.106087
2325,1944-07-29,6,7,0,0.106025
2326,1944-08-05,1,8,0,0.105964
2327,1944-08-12,9,2,0,0.105903
2328,1944-08-19,4,1,0,0.105842
2329,1944-08-26,8,7,0,0.10578
2330,1944-09-02,4,9,0,0.105719
2331,1944-09-09,9,7,0,0.105658
2332,1944-09-16,2,1,0,0.105597
2333,1944-09-23,3,4,0,0.105536
2334,1944-09-30,5,5,1,0.106052
2335,1944-10-07,5,7,0,0.105991
2336,1944-10-14,6,7,0,0.10593
2337,1944-10-21,2,8,0,0.105869
2338,1944-10-28,8,4,0,0.105808
2339,1944-11-04,1,9,0,0.105747
2340,1944-11-11,4,2,0,0.105686
2341,1944-11-18,2,7,0,0.105626
2342,1944-11-25,2,4,0,0.105565
2343,1944-12-02,7,4,0,0.105505
2344,1944-12-09,8,7,0,0.105444
2345,1944-12-16,4,9,0,0.105384
2346,1944-12-23,3,2,0,0.105323
2347,1944-12-30,3,5,0,0.105263
2348,1945-01-05,2,5,0,0.105203
2349,1945-01-13,6,4,0,0.105143
2350,1945-01-20,5,8,0,0.105083
2351,1945-01-27,6,7,0,0.105023
2352,1945-02-03,7,8,0,0.104963
2353,1945-02-10,7,7,1,0.105473
2354,1945-02-17,4,7,0,0.105413
2355,1945-02-24,8,2,0,0.105353
2356,1945-03-03,9,9,1,0.105862
2357,1945-03-10,1,1,1,0.106371
2358,1945-03-17,7,2,0,0.10631
2359,1945-03-24,5,7,0,0.10625
2360,1945-03-31,8,7,0,0.10619
2361,1945-04-07,6,9,0,0.106129
2362,1945-04-14,6,8,0,0.106069
2363,1945-04-21,2,8,0,0.106009
2364,1945-04-28,4,4,1,0.106516
2365,1945-05-05,1,2,0,0.106455
2366,1945-05-12,9,2,0,0.106395
2367,1945-05-19,7,1,0,0.106335
2368,1945-05-26,8,7,0,0.106275
2369,1945-06-02,8,9,0,0.106215
2370,1945-06-09,5,9,0,0.106155
2371,1945-06-16,1,7,0,0.106095
2372,1945-06-23,7,2,0,0.106035
2373,1945-06-30,9,7,0,0.105975
2374,1945-07-07,9,1,0,0.105915
2375,1945-07-14,9,1,0,0.105856
2376,1945-07-21,3,1,0,0.105796
2377,1945-07-28,5,5,1,0.106299
2378,1945-08-04,7,7,1,0.106802
2379,1945-08-11,5,7,0,0.106742
2380,1945-08-18,8,7,0,0.106682
2381,1945-08-25,3,9,0,0.106622
2382,1945-09-01,9,5,0,0.106562
2383,1945-09-08,2,1,0,0.106502
2384,1945-09-15,7,4,0,0.106443
2385,1945-09-22,1,7,0,0.106383
2386,1945-09-29,9,2,0,0.106323
2387,1945-10-06,3,1,0,0.106264
2388,1945-10-13,1,5,0,0.106205
2389,1945-10-20,1,2,0,0.106145
2390,1945-10-27,6,2,0,0.106086
2391,1945-11-03,5,8,0,0.106027
2392,1945-11-10,5,7,0,0.105968
2393,1945-11-17,4,7,0,0.105909
2394,1945-11-24,7,2,0,0.10585
2395,1945-12-01,3,7,0,0.105791
2396,1945-12-07,2,5,0,0.105732
2397,1945-12-15,7,4,0,0.105673
2398,1945-12-22,6,7,0,0.105614
2399,1945-12-29,7,8,0,0.105556
2400,1946-01-05,6,7,0,0.105497
2401,1946-01-12,7,8,0,0.105438
2402,1946-01-19,2,7,0,0.10538
2403,1946-01-26,5,4,0,0.105322
2404,1946-02-02,5,7,0,0.105263
2405,1946-02-09,2,7,0,0.105205
2406,1946-02-16,3,4,0,0.105147
2407,1946-02-23,9,5,0,0.105088
2408,1946-03-02,5,1,0,0.10503
2409,1946-03-09,2,7,0,0.104972
2410,1946-03-16,8,4,0,0.104914
2411,1946-03-23,1,9,0,0.104857
2412,1946-03-30,7,2,0,0.104799
2413,1946-04-06,1,7,0,0.104741
2414,1946-04-13,4,2,0,0.104683
2415,1946-04-20,3,7,0,0.104626
2416,1946-04-27,7,5,0,0.104568
2417,1946-05-04,9,7,0,0.10451
2418,1946-05-11,5,1,0,0.104453
2419,1946-05-18,6,7,0,0.104396
2420,1946-05-25,9,8,0,0.104338
2421,1946-06-01,2,1,0,0.104281
2422,1946-06-08,8,4,0,0.104224
2423,1946-06-15,9,9,1,0.104715
2424,1946-06-22,4,1,0,0.104658
2425,1946-06-29,3,7,0,0.1046
2426,1946-07-06,2,5,0,0.104543
2427,1946-07-13,7,4,0,0.104486
2428,1946-07-20,4,7,0,0.104429
2429,1946-07-27,7,7,1,0.104918
2430,1946-08-03,3,7,0,0.104861
2431,1946-08-10,5,5,1,0.105349
2432,1946-08-17,7,7,1,0.105837
2433,1946-08-24,6,7,0,0.10578
2434,1946-08-31,1,8,0,0.105722
2435,1946-09-14,1,2,0,0.105664
2436,1946-09-21,4,2,0,0.105607
2437,1946-09-28,2,7,0,0.10555
2438,1946-10-05,7,4,0,0.105492
2439,1946-10-12,1,7,0,0.105435
2440,1946-10-19,8,2,0,0.105378
2441,1946-10-26,9,9,1,0.105863
2442,1946-11-02,8,1,0,0.105806
2443,1946-11-09,3,9,0,0.105748
2444,1946-11-16,3,5,0,0.105691
2445,1946-11-23,7,5,0,0.105634
2446,1946-11-30,3,7,0,0.105577
2447,1946-12-07,3,5,0,0.105519
2448,1946-12-14,6,5,0,0.105462
2449,1946-12-21,6,8,0,0.105405
2450,1946-12-28,6,8,0,0.105348
2451,1947-01-04,3,8,0,0.105292
2452,1947-01-11,1,5,0,0.105235
2453,1947-01-18,7,2,0,0.105178
2454,1947-01-25,6,7,0,0.105121
2455,1947-02-01,7,8,0,0.105065
2456,1947-02-08,8,6,0,0.105008
2457,1947-02-15,3,9,0,0.104952
2458,1947-02-22,7,5,0,0.104895
2459,1947-03-01,7,6,0,0.104839
2460,1947-03-08,4,7,0,0.104782
2461,1947-03-15,5,7,0,0.104726
2462,1947-03-22,4,7,0,0.10467
2463,1947-03-29,4,7,0,0.104614
2464,1947-04-05,8,7,0,0.104558
2465,1947-04-12,1,9,0,0.104502
2466,1947-04-19,8,7,0,0.104446
2467,1947-04-26,2,9,0,0.10439
2468,1947-05-03,3,4,0,0.104334
2469,1947-05-10,3,5,0,0.104278
2470,1947-05-17,3,5,0,0.104222
2471,1947-05-24,4,5,0,0.104167
2472,1947-05-31,4,7,0,0.104111
2473,1947-06-07,7,7,1,0.104589
2474,1947-06-14,3,7,0,0.104533
2475,1947-06-21,9,5,0,0.104478
2476,1947-06-28,9,1,0,0.104422
2477,1947-07-05,1,1,1,0.104899
2478,1947-07-12,4,7,0,0.104843
2479,1947-07-19,6,7,0,0.104787
2480,1947-07-26,4,8,0,0.104732
2481,1947-08-02,8,7,0,0.104676
2482,1947-08-09,8,9,0,0.10462
2483,1947-08-16,3,9,0,0.104565
2484,1947-08-23,5,5,1,0.10504
2485,1947-08-30,8,7,0,0.104984
2486,1947-09-06,4,9,0,0.104928
2487,1947-09-13,5,7,0,0.104873
2488,1947-09-20,4,7,0,0.104817
2489,1947-09-27,8,7,0,0.104762
2490,1947-10-04,5,9,0,0.104707
2491,1947-10-11,8,7,0,0.104651
2492,1947-10-18,2,9,0,0.104596
2493,1947-10-25,8,4,0,0.104541
2494,1947-11-01,6,9,0,0.104485
2495,1947-11-08,8,8,1,0.104958
2496,1947-11-15,5,9,0,0.104902
2497,1947-11-22,6,7,0,0.104847
2498,1947-11-29,4,8,0,0.104792
2499,1947-12-06,4,7,0,0.104737
2500,1947-12-13,7,7,1,0.105208
2501,1947-12-20,1,7,0,0.105152
2502,1947-12-27,1,4,0,0.105097
2503,1948-01-03,2,4,0,0.105042
2504,1948-01-10,6,4,0,0.104987
2505,1948-01-17,4,8,0,0.104932
2506,1948-01-24,6,7,0,0.104877
2507,1948-01-31,2,4,0,0.104822
2508,1948-02-07,3,4,0,0.104767
2509,1948-02-14,5,5,1,0.105236
2510,1948-02-21,5,7,0,0.105181
2511,1948-02-28,9,7,0,0.105126
2512,1948-03-06,8,1,0,0.105071
2513,1948-03-13,7,9,0,0.105016
2514,1948-03-20,5,7,0,0.104961
2515,1948-03-27,3,7,0,0.104906
2516,1948-04-03,2,5,0,0.104851
2517,1948-04-10,4,4,1,0.105318
2518,1948-04-17,1,7,0,0.105263
2519,1948-04-24,2,2,1,0.105729
2520,1948-04-30,5,4,0,0.105674
2521,1948-05-08,1,7,0,0.105619
2522,1948-05-15,4,2,0,0.105564
2523,1948-05-22,2,7,0,0.105509
2524,1948-05-29,5,4,0,0.105455
2525,1948-06-05,8,7,0,0.1054
2526,1948-06-12,7,9,0,0.105345
2527,1948-06-19,8,7,0,0.10529
2528,1948-06-26,5,9,0,0.105236
2529,1948-07-03,3,7,0,0.105181
2530,1948-07-10,5,5,1,0.105645
2531,1948-07-17,6,7,0,0.10559
2532,1948-07-24,7,4,0,0.105535
2533,1948-07-31,5,7,0,0.105481
2534,1948-08-07,1,6,0,0.105426
2535,1948-08-14,4,2,0,0.105372
2536,1948-08-21,8,7,0,0.105318
2537,1948-08-28,4,9,0,0.105263
2538,1948-09-04,2,7,0,0.105209
2539,1948-09-11,8,4,0,0.105155
2540,1948-09-18,9,9,1,0.105616
2541,1948-09-25,5,1,0,0.105561
2542,1948-10-02,8,6,0,0.105507
2543,1948-10-09,5,9,0,0.105453
2544,1948-10-16,9,6,0,0.105398
2545,1948-10-23,8,1,0,0.105344
2546,1948-10-30,1,9,0,0.10529
2547,1948-11-06,4,4,1,0.105749
2548,1948-11-13,4,7,0,0.105695
2549,1948-11-20,9,7,0,0.105641
2550,1948-11-27,7,1,0,0.105587
2551,1948-12-04,6,7,0,0.105533
2552,1948-12-11,6,4,0,0.105479
2553,1948-12-18,1,4,0,0.105425
2554,1948-12-24,4,4,1,0.105882
2555,1948-12-31,8,7,0,0.105828
2556,1949-01-08,1,9,0,0.105774
2557,1949-01-15,7,4,0,0.10572
2558,1949-01-22,1,6,0,0.105666
2559,1949-01-29,9,4,0,0.105612
2560,1949-02-05,2,1,0,0.105558
2561,1949-02-12,8,4,0,0.105505
2562,1949-02-19,7,9,0,0.105451
2563,1949-02-26,8,6,0,0.105397
2564,1949-03-05,9,9,1,0.105852
2565,1949-03-12,3,1,0,0.105799
2566,1949-03-19,1,5,0,0.105745
2567,1949-03-26,6,4,0,0.105691
2568,1949-04-02,6,4,0,0.105637
2569,1949-04-09,7,4,0,0.105584
2570,1949-04-16,3,6,0,0.10553
2571,1949-04-23,1,5,0,0.105477
2572,1949-04-30,9,4,0,0.105423
2573,1949-05-07,3,1,0,0.10537
2574,1949-05-14,2,5,0,0.105316
2575,1949-05-21,1,4,0,0.105263
2576,1949-05-28,7,4,0,0.10521
2577,1949-06-04,4,6,0,0.105157
2578,1949-06-11,5,7,0,0.105104
2579,1949-06-18,1,6,0,0.105051
2580,1949-06-25,5,4,0,0.104997
2581,1949-07-02,7,6,0,0.104945
2582,1949-07-09,3,6,0,0.104892
2583,1949-07-16,3,5,0,0.104839
2584,1949-07-23,8,5,0,0.104786
2585,1949-07-30,2,9,0,0.104733
2586,1949-08-06,9,4,0,0.10468
2587,1949-08-13,6,1,0,0.104628
2588,1949-08-20,1,4,0,0.104575
2589,1949-08-27,5,4,0,0.104523
2590,1949-09-03,7,7,1,0.104972
2591,1949-09-10,5,6,0,0.10492
2592,1949-09-17,7,7,1,0.105369
2593,1949-09-24,1,6,0,0.105316
2594,1949-10-01,5,4,0,0.105263
2595,1949-10-08,3,7,0,0.10521
2596,1949-10-15,7,5,0,0.105158
2597,1949-10-22,3,6,0,0.105105
2598,1949-10-29,1,5,0,0.105053
2599,1949-11-05,2,4,0,0.105
2600,1949-11-12,8,4,0,0.104948
2601,1949-11-19,3,9,0,0.104895
2602,1949-11-26,1,5,0,0.104843
2603,1949-12-03,4,4,1,0.105289
2604,1949-12-12,4,7,0,0.105237
2605,1949-12-17,3,7,0,0.105184
2606,1949-12-24,6,5,0,0.105132
2607,1949-12-31,7,4,0,0.10508
2608,1950-01-07,4,6,0,0.105027
2609,1950-01-14,7,7,1,0.105473
2610,1950-01-21,4,6,0,0.10542
2611,1950-01-28,8,7,0,0.105368
2612,1950-02-04,4,9,0,0.105315
2613,1950-02-11,4,7,0,0.105263
2614,1950-02-18,2,7,0,0.105211
2615,1950-02-25,8,4,0,0.105159
2616,1950-03-04,3,9,0,0.105107
2617,1950-03-11,4,5,0,0.105055
2618,1950-03-18,5,7,0,0.105002
2619,1950-03-25,7,7,1,0.105446
2620,1950-04-01,5,6,0,0.105393
2621,1950-04-08,7,7,1,0.105836
2622,1950-04-15,8,6,0,0.105783
2623,1950-04-22,6,9,0,0.105731
2624,1950-04-29,4,4,1,0.106173
2625,1950-05-06,7,7,1,0.106614
2626,1950-05-13,7,6,0,0.106561
2627,1950-05-20,7,7,1,0.107002
2628,1950-05-27,1,7,0,0.106949
2629,1950-06-03,5,4,0,0.106897
2630,1950-06-10,4,7,0,0.106844
2631,1950-06-17,5,7,0,0.106791
2632,1950-06-24,2,7,0,0.106739
2633,1950-07-01,3,4,0,0.106686
2634,1950-07-08,4,5,0,0.106634
2635,1950-07-15,5,7,0,0.106582
2636,1950-07-22,1,7,0,0.106529
2637,1950-07-29,5,4,0,0.106477
2638,1950-08-05,1,7,0,0.106425
2639,1950-08-12,9,4,0,0.106373
2640,1950-08-19,5,1,0,0.10632
2641,1950-08-26,9,7,0,0.106268
2642,1950-09-02,3,1,0,0.106216
2643,1950-09-09,5,5,1,0.106654
2644,1950-09-16,9,7,0,0.106601
2645,1950-09-23,9,1,0,0.106549
2646,1950-09-30,6,1,0,0.106497
2647,1950-10-07,2,4,0,0.106445
2648,1950-10-14,2,4,0,0.106393
2649,1950-10-21,2,4,0,0.106341
2650,1950-10-28,7,4,0,0.10629
2651,1950-11-04,8,7,0,0.106238
2652,1950-11-11,6,9,0,0.106186
2653,1950-11-18,9,4,0,0.106134
2654,1950-11-25,4,1,0,0.106083
2655,1950-12-02,1,7,0,0.106031
2656,1950-12-09,7,4,0,0.10598
2657,1950-12-16,8,7,0,0.105928
2658,1950-12-23,2,9,0,0.105877
2659,1950-12-30,5,4,0,0.105825
2660,1951-01-06,7,7,1,0.106259
2661,1951-01-13,9,7,0,0.106208
2662,1951-01-20,2,1,0,0.106156
2663,1951-01-27,6,4,0,0.106105
2664,1951-02-03,4,4,1,0.106538
2665,1951-02-10,9,7,0,0.106486
2666,1951-02-17,8,1,0,0.106434
2667,1951-02-24,5,9,0,0.106383
2668,1951-03-03,2,7,0,0.106332
2669,1951-03-10,3,4,0,0.10628
2670,1951-03-17,8,5,0,0.106229
2671,1951-03-24,5,9,0,0.106178
2672,1951-03-31,3,7,0,0.106126
2673,1951-04-07,1,5,0,0.106075
2674,1951-04-14,7,4,0,0.106024
2675,1951-04-21,2,7,0,0.105973
2676,1951-04-28,1,4,0,0.105922
2677,1951-05-05,8,4,0,0.105871
2678,1951-05-12,5,9,0,0.10582
2679,1951-05-19,9,7,0,0.105769
2680,1951-05-26,2,1,0,0.105718
2681,1951-06-01,7,4,0,0.105668
2682,1951-06-09,9,7,0,0.105617
2683,1951-06-16,7,1,0,0.105566
2684,1951-06-23,4,7,0,0.105516
2685,1951-06-30,2,7,0,0.105465
2686,1951-07-07,1,4,0,0.105414
2687,1951-07-14,1,4,0,0.105364
2688,1951-07-21,5,4,0,0.105314
2689,1951-07-28,2,7,0,0.105263
2690,1951-08-04,3,4,0,0.105213
2691,1951-08-11,4,5,0,0.105163
2692,1951-08-18,3,7,0,0.105112
2693,1951-08-25,1,5,0,0.105062
2694,1951-09-01,4,4,1,0.105489
2695,1951-09-08,9,7,0,0.105439
2696,1951-09-15,4,1,0,0.105389
2697,1951-09-22,9,7,0,0.105338
2698,1951-09-29,7,1,0,0.105288
2699,1951-10-06,6,7,0,0.105238
2700,1951-10-13,6,4,0,0.105188
2701,1951-10-20,1,4,0,0.105138
2702,1951-10-27,5,4,0,0.105088
2703,1951-11-03,4,7,0,0.105038
2704,1951-11-10,4,7,0,0.104988
2705,1951-11-17,4,7,0,0.104938
2706,1951-11-24,5,7,0,0.104888
2707,1951-12-01,9,7,0,0.104839
2708,1951-12-10,4,1,0,0.104789
2709,1951-12-15,9,7,0,0.104739
2710,1951-12-22,7,1,0,0.10469
2711,1951-12-28,3,7,0,0.10464
2712,1952-01-05,4,5,0,0.104591
2713,1952-01-12,2,7,0,0.104541
2714,1952-01-19,7,4,0,0.104492
2715,1952-01-26,3,7,0,0.104442
2716,1952-02-02,7,5,0,0.104393
2717,1952-02-09,3,3,1,0.104816
2718,1952-02-16,4,5,0,0.104766
2719,1952-02-23,4,2,0,0.104717
2720,1952-03-01,8,2,0,0.104668
2721,1952-03-08,6,9,0,0.104618
2722,1952-03-15,6,4,0,0.104569
2723,1952-03-22,4,4,1,0.104991
2724,1952-03-29,6,2,0,0.104941
2725,1952-04-05,4,4,1,0.105362
2726,1952-04-12,6,2,0,0.105313
2727,1952-04-19,2,4,0,0.105263
2728,1952-04-26,2,4,0,0.105214
2729,1952-05-03,5,4,0,0.105164
2730,1952-05-10,2,7,0,0.105115
2731,1952-05-17,9,5,0,0.105066
2732,1952-05-24,8,1,0,0.105016
2733,1952-05-31,5,9,0,0.104967
2734,1952-06-07,9,7,0,0.104918
2735,1952-06-14,8,1,0,0.104869
2736,1952-06-21,7,9,0,0.10482
2737,1952-06-28,8,3,0,0.104771
2738,1952-07-05,7,9,0,0.104722
2739,1952-07-12,3,3,1,0.10514
2740,1952-07-19,1,5,0,0.105091
2741,1952-07-26,1,4,0,0.105042
2742,1952-08-02,1,4,0,0.104993
2743,1952-08-09,2,4,0,0.104944
2744,1952-08-16,8,5,0,0.104895
2745,1952-08-23,1,9,0,0.104846
2746,1952-08-30,4,4,1,0.105263
2747,1952-09-06,4,2,0,0.105214
2748,1952-09-13,6,2,0,0.105165
2749,1952-09-20,6,4,0,0.105116
2750,1952-09-27,9,4,0,0.105067
2751,1952-10-04,3,1,0,0.105019
2752,1952-10-11,7,5,0,0.10497
2753,1952-10-18,3,3,1,0.105385
2754,1952-10-25,5,5,1,0.1058
2755,1952-11-03,3,7,0,0.105751
2756,1952-11-08,4,5,0,0.105702
2757,1952-11-15,2,2,1,0.106117
2758,1952-11-22,5,5,1,0.106531
2759,1952-11-29,9,7,0,0.106481
2760,1952-12-06,4,1,0,0.106432
2761,1952-12-13,9,2,0,0.106383
2762,1952-12-20,2,1,0,0.106334
2763,1952-12-29,8,5,0,0.106285
2764,1953-01-03,5,9,0,0.106236
2765,1953-01-10,2,7,0,0.106187
2766,1953-01-17,7,5,0,0.106138
2767,1953-01-24,7,3,0,0.106089
2768,1953-01-31,2,3,0,0.10604
2769,1953-02-07,6,5,0,0.105991
2770,1953-02-14,5,4,0,0.105942
2771,1953-02-21,3,7,0,0.105893
2772,1953-02-28,8,5,0,0.105844
2773,1953-03-07,8,9,0,0.105796
2774,1953-03-14,2,9,0,0.105747
2775,1953-03-21,7,5,0,0.105699
2776,1953-03-28,8,3,0,0.10565
2777,1953-04-04,1,9,0,0.105601
2778,1953-04-11,1,4,0,0.105553
2779,1953-04-18,1,4,0,0.105505
2780,1953-04-25,3,4,0,0.105456
2781,1953-05-02,7,5,0,0.105408
2782,1953-05-09,9,3,0,0.10536
2783,1953-05-16,2,1,0,0.105311
2784,1953-05-23,8,5,0,0.105263
2785,1953-05-30,5,9,0,0.105215
2786,1953-06-06,2,7,0,0.105167
2787,1953-06-13,1,5,0,0.105119
2788,1953-06-20,2,4,0,0.105071
2789,1953-06-27,2,5,0,0.105023
2790,1953-07-04,8,5,0,0.104975
2791,1953-07-11,6,9,0,0.104927
2792,1953-07-18,7,4,0,0.104879
2793,1953-07-25,3,3,1,0.105287
2794,1953-08-01,3,5,0,0.105239
2795,1953-08-08,3,5,0,0.105191
2796,1953-08-14,6,5,0,0.105143
2797,1953-08-22,8,4,0,0.105096
2798,1953-08-29,9,9,1,0.105503
2799,1953-09-05,3,1,0,0.105455
2800,1953-09-12,4,5,0,0.105407
2801,1953-09-19,1,2,0,0.105359
2802,1953-09-26,7,4,0,0.105311
2803,1953-10-03,2,3,0,0.105263
2804,1953-10-10,9,5,0,0.105215
2805,1953-10-17,7,1,0,0.105168
2806,1953-10-24,8,3,0,0.10512
2807,1953-10-31,8,9,0,0.105072
2808,1953-11-07,2,9,0,0.105025
2809,1953-11-14,6,5,0,0.104977
2810,1953-11-21,2,4,0,0.10493
2811,1953-11-28,7,5,0,0.104882
2812,1953-12-05,3,3,1,0.105287
2813,1953-12-12,5,5,1,0.105691
2814,1953-12-19,1,7,0,0.105643
2815,1953-12-28,5,4,0,0.105596
2816,1954-01-02,3,7,0,0.105548
2817,1954-01-09,1,5,0,0.1055
2818,1954-01-16,5,4,0,0.105453
2819,1954-01-23,6,7,0,0.105405
2820,1954-01-30,1,4,0,0.105358
2821,1954-02-06,5,4,0,0.105311
2822,1954-02-13,7,7,1,0.105713
2823,1954-02-20,7,3,0,0.105665
2824,1954-02-27,2,3,0,0.105618
2825,1954-03-06,8,5,0,0.105571
2826,1954-03-13,8,9,0,0.105523
2827,1954-03-20,5,9,0,0.105476
2828,1954-03-27,8,7,0,0.105428
2829,1954-04-03,8,9,0,0.105381
2830,1954-04-10,3,9,0,0.105334
2831,1954-04-17,3,5,0,0.105287
2832,1954-04-24,3,5,0,0.10524
2833,1954-04-30,9,5,0,0.105192
2834,1954-05-08,9,1,0,0.105145
2835,1954-05-15,7,1,0,0.105098
2836,1954-05-22,2,3,0,0.105051
2837,1954-05-29,9,8,0,0.105004
2838,1954-06-05,6,1,0,0.104958
2839,1954-06-12,9,4,0,0.104911
2840,1954-06-19,3,1,0,0.104864
2841,1954-06-26,5,5,1,0.105263
2842,1954-07-03,6,7,0,0.105216
2843,1954-07-10,9,4,0,0.105169
2844,1954-07-17,4,1,0,0.105122
2845,1954-07-24,3,2,0,0.105076
2846,1954-07-31,8,5,0,0.105029
2847,1954-08-07,9,9,1,0.105427
2848,1954-08-14,4,1,0,0.10538
2849,1954-08-21,1,2,0,0.105333
2850,1954-08-28,9,4,0,0.105287
2851,1954-09-04,7,1,0,0.10524
2852,1954-09-11,6,3,0,0.105193
2853,1954-09-18,3,4,0,0.105146
2854,1954-09-25,2,5,0,0.1051
2855,1954-10-02,2,8,0,0.105053
2856,1954-10-09,2,8,0,0.105007
2857,1954-10-16,1,8,0,0.10496
2858,1954-10-23,6,4,0,0.104914
2859,1954-10-30,8,4,0,0.104867
2860,1954-11-06,6,9,0,0.104821
2861,1954-11-13,4,4,1,0.105217
2862,1954-11-20,3,2,0,0.10517
2863,1954-11-27,9,5,0,0.105124
2864,1954-12-04,2,1,0,0.105077
2865,1954-12-11,9,8,0,0.105031
2866,1954-12-18,4,1,0,0.104985
2867,1954-12-24,7,2,0,0.104938
2868,1954-12-31,7,3,0,0.104892
2869,1955-01-08,4,3,0,0.104846
2870,1955-01-15,6,2,0,0.1048
2871,1955-01-22,3,4,0,0.104754
2872,1955-01-29,2,5,0,0.104707
2873,1955-02-05,1,8,0,0.104661
2874,1955-02-12,9,4,0,0.104615
2875,1955-02-19,5,1,0,0.104569
2876,1955-02-26,1,7,0,0.104523
2877,1955-03-05,2,4,0,0.104478
2878,1955-03-12,2,8,0,0.104432
2879,1955-03-19,5,8,0,0.104386
2880,1955-03-26,4,7,0,0.10434
2881,1955-04-02,3,2,0,0.104294
2882,1955-04-09,3,5,0,0.104249
2883,1955-04-16,8,5,0,0.104203
2884,1955-04-23,6,9,0,0.104158
2885,1955-04-30,9,4,0,0.104112
2886,1955-05-07,2,1,0,0.104066
2887,1955-05-14,1,5,0,0.104021
2888,1955-05-21,4,4,1,0.104412
2889,1955-05-28,9,2,0,0.104367
2890,1955-06-04,6,1,0,0.104321
2891,1955-06-11,2,4,0,0.104276
2892,1955-06-18,1,5,0,0.10423
2893,1955-06-25,3,4,0,0.104185
2894,1955-07-02,1,5,0,0.104139
2895,1955-07-09,3,4,0,0.104094
2896,1955-07-16,4,5,0,0.104049
2897,1955-07-23,3,2,0,0.104003
2898,1955-07-30,5,5,1,0.104393
2899,1955-08-06,2,7,0,0.104348
2900,1955-08-13,1,5,0,0.104302
2901,1955-08-20,2,4,0,0.104257
2902,1955-08-27,7,5,0,0.104212
2903,1955-09-03,2,3,0,0.104167
2904,1955-09-10,3,5,0,0.104121
2905,1955-09-17,3,5,0,0.104076
2906,1955-09-24,6,5,0,0.104031
2907,1955-10-01,6,4,0,0.103986
2908,1955-10-08,7,4,0,0.103941
2909,1955-10-15,7,3,0,0.103896
2910,1955-10-22,2,3,0,0.103851
2911,1955-10-29,8,5,0,0.103806
2912,1955-11-05,8,9,0,0.103761
2913,1955-11-12,1,9,0,0.103717
2914,1955-11-19,3,4,0,0.103672
2915,1955-11-26,5,5,1,0.104059
2916,1955-12-03,4,7,0,0.104014
2917,1955-12-10,4,2,0,0.103969
2918,1955-12-17,5,2,0,0.103924
2919,1955-12-24,7,7,1,0.10431
2920,1955-12-31,9,3,0,0.104265
2921,1956-01-07,9,1,0,0.10422
2922,1956-01-14,7,1,0,0.104176
2923,1956-01-21,3,3,1,0.104561
2924,1956-01-28,8,5,0,0.104516
2925,1956-02-04,2,9,0,0.104471
2926,1956-02-11,5,8,0,0.104426
2927,1956-02-18,8,7,0,0.104381
2928,1956-02-25,4,9,0,0.104337
2929,1956-03-03,6,2,0,0.104292
2930,1956-03-10,8,4,0,0.104247
2931,1956-03-17,8,9,0,0.104202
2932,1956-03-24,8,9,0,0.104158
2933,1956-03-31,3,9,0,0.104113
2934,1956-04-07,5,5,1,0.104497
2935,1956-04-14,6,7,0,0.104452
2936,1956-04-21,3,4,0,0.104407
2937,1956-04-28,8,5,0,0.104363
2938,1956-05-05,9,9,1,0.104746
2939,1956-05-12,6,1,0,0.104701
2940,1956-05-19,5,4,0,0.104656
2941,1956-05-26,3,7,0,0.104611
2942,1956-06-02,1,5,0,0.104567
2943,1956-06-09,8,4,0,0.104522
2944,1956-06-16,7,9,0,0.104478
2945,1956-06-23,1,3,0,0.104433
2946,1956-06-30,3,4,0,0.104389
2947,1956-07-07,1,5,0,0.104344
2948,1956-07-14,2,4,0,0.1043
2949,1956-07-21,7,5,0,0.104255
2950,1956-07-28,4,3,0,0.104211
2951,1956-08-04,5,2,0,0.104167
2952,1956-08-11,4,7,0,0.104122
2953,1956-08-18,1,2,0,0.104078
2954,1956-08-25,9,4,0,0.104034
2955,1956-09-01,1,1,1,0.104414
2956,1956-09-08,4,4,1,0.104794
2957,1956-09-15,8,2,0,0.10475
2958,1956-09-22,7,9,0,0.104705
2959,1956-09-29,4,3,0,0.104661
2960,1956-10-06,9,2,0,0.104617
2961,1956-10-13,3,1,0,0.104572
2962,1956-10-20,5,5,1,0.104951
2963,1956-10-27,1,7,0,0.104907
2964,1956-11-03,6,4,0,0.104863
2965,1956-11-10,3,4,0,0.104818
2966,1956-11-17,4,5,0,0.104774
2967,1956-11-24,2,2,1,0.105152
2968,1956-12-01,3,5,0,0.105108
2969,1956-12-07,1,5,0,0.105063
2970,1956-12-15,4,4,1,0.105441
2971,1956-12-22,4,2,0,0.105396
2972,1956-12-29,6,2,0,0.105352
2973,1957-01-05,7,4,0,0.105307
2974,1957-01-12,6,3,0,0.105263
2975,1957-01-19,9,4,0,0.105219
2976,1957-01-26,8,1,0,0.105175
2977,1957-02-02,6,9,0,0.10513
2978,1957-02-09,7,4,0,0.105086
2979,1957-02-16,8,3,0,0.105042
2980,1957-02-23,4,9,0,0.104998
2981,1957-03-02,8,2,0,0.104954
2982,1957-03-09,6,9,0,0.10491
2983,1957-03-16,5,4,0,0.104866
2984,1957-03-23,5,7,0,0.104822
2985,1957-03-30,9,7,0,0.104778
2986,1957-04-06,1,1,1,0.105153
2987,1957-04-13,3,4,0,0.105109
2988,1957-04-20,2,5,0,0.105065
2989,1957-04-27,4,5,0,0.105021
2990,1957-05-04,6,2,0,0.104977
2991,1957-05-11,4,4,1,0.105351
2992,1957-05-18,2,2,1,0.105725
2993,1957-05-25,9,5,0,0.105681
2994,1957-06-01,6,1,0,0.105637
2995,1957-06-08,1,4,0,0.105593
2996,1957-06-15,1,4,0,0.105549
2997,1957-06-22,3,4,0,0.105505
2998,1957-06-28,4,5,0,0.105461
2999,1957-07-06,1,2,0,0.105417
3000,1957-07-13,6,4,0,0.105373
3001,1957-07-20,2,4,0,0.105329
3002,1957-07-27,6,5,0,0.105285
3003,1957-08-03,6,4,0,0.105241
3004,1957-08-10,1,4,0,0.105198
3005,1957-08-17,1,4,0,0.105154
3006,1957-08-24,5,4,0,0.10511
3007,1957-08-31,9,7,0,0.105066
3008,1957-09-07,7,1,0,0.105023
3009,1957-09-14,4,3,0,0.104979
3010,1957-09-21,4,2,0,0.104936
3011,1957-09-28,5,2,0,0.104892
3012,1957-10-05,6,7,0,0.104849
3013,1957-10-12,7,4,0,0.104805
3014,1957-10-19,2,3,0,0.104762
3015,1957-10-26,2,5,0,0.104719
3016,1957-11-02,8,5,0,0.104675
3017,1957-11-09,6,9,0,0.104632
3018,1957-11-16,3,4,0,0.104589
3019,1957-11-23,5,5,1,0.104959
3020,1957-11-30,3,7,0,0.104915
3021,1957-12-07,9,5,0,0.104872
3022,1957-12-14,6,1,0,0.104829
3023,1957-12-21,3,4,0,0.104785
3024,1957-12-28,9,5,0,0.104742
3025,1958-01-04,6,1,0,0.104699
3026,1958-01-11,8,4,0,0.104656
3027,1958-01-18,9,9,1,0.105025
3028,1958-01-25,4,1,0,0.104981
3029,1958-02-01,8,2,0,0.104938
3030,1958-02-08,5,9,0,0.104895
3031,1958-02-15,1,7,0,0.104852
3032,1958-02-22,5,4,0,0.104809
3033,1958-03-01,8,7,0,0.104766
3034,1958-03-08,5,9,0,0.104723
3035,1958-03-15,6,7,0,0.10468
3036,1958-03-22,8,4,0,0.104637
3037,1958-03-29,7,9,0,0.104594
3038,1958-04-05,2,3,0,0.104551
3039,1958-04-12,3,8,0,0.104508
3040,1958-04-19,4,5,0,0.104465
3041,1958-04-26,4,2,0,0.104423
3042,1958-05-03,1,2,0,0.10438
3043,1958-05-10,1,4,0,0.104337
3044,1958-05-17,1,4,0,0.104294
3045,1958-05-24,9,4,0,0.104252
3046,1958-05-31,3,1,0,0.104209
3047,1958-06-07,7,5,0,0.104167
3048,1958-06-14,1,3,0,0.104124
3049,1958-06-21,1,4,0,0.104082
3050,1958-06-28,4,4,1,0.104447
3051,1958-07-05,7,2,0,0.104405
3052,1958-07-12,3,3,1,0.10477
3053,1958-07-19,3,5,0,0.104727
3054,1958-07-26,8,5,0,0.104684
3055,1958-08-02,6,9,0,0.104642
3056,1958-08-09,4,4,1,0.105006
3057,1958-08-16,3,2,0,0.104963
3058,1958-08-23,7,5,0,0.104921
3059,1958-08-30,7,3,0,0.104878
3060,1958-09-06,9,3,0,0.104835
3061,1958-09-13,7,1,0,0.104793
3062,1958-09-20,1,3,0,0.10475
3063,1958-09-27,7,4,0,0.104708
3064,1958-10-04,5,3,0,0.104665
3065,1958-10-11,9,7,0,0.104623
3066,1958-10-18,4,1,0,0.10458
3067,1958-10-25,9,2,0,0.104538
3068,1958-11-01,8,1,0,0.104496
3069,1958-11-08,2,9,0,0.104453
3070,1958-11-15,6,8,0,0.104411
3071,1958-11-22,3,4,0,0.104369
3072,1958-11-29,9,5,0,0.104327
3073,1958-12-06,3,1,0,0.104285
3074,1958-12-13,2,5,0,0.104242
3075,1958-12-20,2,8,0,0.1042
3076,1958-12-27,3,8,0,0.104158
3077,1959-01-03,2,5,0,0.104116
3078,1959-01-10,4,8,0,0.104074
3079,1959-01-17,3,2,0,0.104032
3080,1959-01-24,6,5,0,0.10399
3081,1959-01-31,3,4,0,0.103948
3082,1959-02-07,7,5,0,0.103907
3083,1959-02-14,5,3,0,0.103865
3084,1959-02-21,6,7,0,0.103823
3085,1959-02-28,3,4,0,0.103781
3086,1959-03-07,9,5,0,0.103739
3087,1959-03-14,6,1,0,0.103698
3088,1959-03-21,9,4,0,0.103656
3089,1959-03-28,7,1,0,0.103614
3090,1959-04-04,5,3,0,0.103573
3091,1959-04-11,3,7,0,0.103531
3092,1959-04-18,7,5,0,0.10349
3093,1959-04-27,8,3,0,0.103448
3094,1959-05-04,9,9,1,0.103808
3095,1959-05-09,3,7,0,0.103766
3096,1959-05-16,3,5,0,0.103724
3097,1959-05-23,3,5,0,0.103683
3098,1959-05-30,8,5,0,0.103641
3099,1959-06-06,9,9,1,0.104
3100,1959-06-13,1,7,0,0.103958
3101,1959-06-20,5,4,0,0.103917
3102,1959-06-27,6,7,0,0.103875
3103,1959-07-04,6,4,0,0.103834
3104,1959-07-11,2,4,0,0.103792
3105,1959-07-18,6,8,0,0.103751
3106,1959-07-25,1,4,0,0.10371
3107,1959-08-01,8,4,0,0.103668
3108,1959-08-08,1,9,0,0.103627
3109,1959-08-17,5,4,0,0.103586
3110,1959-08-22,8,7,0,0.103544
3111,1959-08-29,3,9,0,0.103503
3112,1959-09-05,7,5,0,0.103462
3113,1959-09-12,5,3,0,0.103421
3114,1959-09-19,9,7,0,0.10338
3115,1959-09-26,2,1,0,0.103339
3116,1959-10-03,8,8,1,0.103695
3117,1959-10-10,5,9,0,0.103654
3118,1959-10-17,1,7,0,0.103613
3119,1959-10-24,4,4,1,0.103968
3120,1959-10-31,4,2,0,0.103927
3121,1959-11-07,6,2,0,0.103886
3122,1959-11-14,9,4,0,0.103845
3123,1959-11-21,3,1,0,0.103803
3124,1959-11-28,3,5,0,0.103762
3125,1959-12-05,3,5,0,0.103721
3126,1959-12-12,2,5,0,0.10368
3127,1959-12-19,5,8,0,0.103639
3128,1959-12-28,8,7,0,0.103598
3129,1960-01-04,8,9,0,0.103557
3130,1960-01-09,5,9,0,0.103516
3131,1960-01-16,9,7,0,0.103476
3132,1960-01-23,1,1,1,0.103829
3133,1960-01-30,4,4,1,0.104183
3134,1960-02-06,5,2,0,0.104142
3135,1960-02-13,7,7,1,0.104495
3136,1960-02-20,2,3,0,0.104454
3137,1960-02-27,4,8,0,0.104413
3138,1960-03-05,2,2,1,0.104766
3139,1960-03-12,6,8,0,0.104724
3140,1960-03-21,5,4,0,0.104683
3141,1960-03-26,3,7,0,0.104642
3142,1960-04-02,2,5,0,0.104601
3143,1960-04-09,3,8,0,0.10456
3144,1960-04-16,8,5,0,0.104519
3145,1960-04-23,5,9,0,0.104478
3146,1960-04-30,7,7,1,0.104829
3147,1960-05-07,8,3,0,0.104788
3148,1960-05-14,1,9,0,0.104747
3149,1960-05-21,4,4,1,0.105098
3150,1960-05-28,9,2,0,0.105057
3151,1960-06-04,6,1,0,0.105016
3152,1960-06-11,8,4,0,0.104975
3153,1960-06-18,9,9,1,0.105325
3154,1960-06-25,8,1,0,0.105284
3155,1960-07-02,4,9,0,0.105243
3156,1960-07-09,6,2,0,0.105201
3157,1960-07-16,7,4,0,0.10516
3158,1960-07-23,3,3,1,0.10551
3159,1960-07-30,8,5,0,0.105469
3160,1960-08-06,7,9,0,0.105428
3161,1960-08-13,4,3,0,0.105386
3162,1960-08-20,6,2,0,0.105345
3163,1960-08-27,4,4,1,0.105694
3164,1960-09-03,3,6,0,0.105653
3165,1960-09-10,3,5,0,0.105612
3166,1960-09-17,3,5,0,0.105571
3167,1960-09-24,1,5,0,0.10553
3168,1960-10-01,4,4,1,0.105878
3169,1960-10-08,5,6,0,0.105837
3170,1960-10-15,6,7,0,0.105795
3171,1960-10-22,7,4,0,0.105754
3172,1960-10-29,3,3,1,0.106102
3173,1960-11-07,5,5,1,0.106449
3174,1960-11-12,1,7,0,0.106408
3175,1960-11-19,8,4,0,0.106366
3176,1960-11-26,7,9,0,0.106325
3177,1960-12-03,7,3,0,0.106284
3178,1960-12-10,5,3,0,0.106243
3179,1960-12-17,8,7,0,0.106202
3180,1960-12-24,6,9,0,0.10616
3181,1960-12-31,6,4,0,0.106119
3182,1961-01-09,9,4,0,0.106078
3183,1961-01-14,7,1,0,0.106037
3184,1961-01-21,5,3,0,0.105996
3185,1961-01-28,3,7,0,0.105955
3186,1961-02-04,1,5,0,0.105914
3187,1961-02-11,7,4,0,0.105873
3188,1961-02-18,6,3,0,0.105832
3189,1961-02-25,3,4,0,0.105792
3190,1961-03-04,2,5,0,0.105751
3191,1961-03-11,1,8,0,0.10571
3192,1961-03-18,9,4,0,0.105669
3193,1961-03-25,8,1,0,0.105628
3194,1961-04-01,5,9,0,0.105588
3195,1961-04-08,4,7,0,0.105547
3196,1961-04-15,9,6,0,0.105506
3197,1961-04-22,6,1,0,0.105466
3198,1961-04-29,8,4,0,0.105425
3199,1961-05-06,7,9,0,0.105385
3200,1961-05-13,3,3,1,0.105729
3201,1961-05-20,3,5,0,0.105688
3202,1961-05-27,5,5,1,0.106032
3203,1961-06-05,9,7,0,0.105991
3204,1961-06-17,4,1,0,0.10595
3205,1961-06-24,7,6,0,0.105909
3206,1961-07-01,3,3,1,0.106252
3207,1961-07-08,6,5,0,0.106212
3208,1961-07-15,5,4,0,0.106171
3209,1961-07-22,8,7,0,0.10613
3210,1961-07-29,6,9,0,0.10609
3211,1961-08-05,5,4,0,0.106049
3212,1961-08-12,4,7,0,0.106008
3213,1961-08-19,3,6,0,0.105968
3214,1961-08-26,7,5,0,0.105927
3215,1961-09-02,8,3,0,0.105887
3216,1961-09-09,8,9,0,0.105846
3217,1961-09-16,3,9,0,0.105806
3218,1961-09-23,2,5,0,0.105766
3219,1961-09-30,4,8,0,0.105725
3220,1961-10-07,7,6,0,0.105685
3221,1961-10-14,4,3,0,0.105645
3222,1961-10-21,6,6,1,0.105986
3223,1961-10-28,3,4,0,0.105945
3224,1961-11-06,1,5,0,0.105905
3225,1961-11-11,6,4,0,0.105864
3226,1961-11-18,2,4,0,0.105824
3227,1961-11-25,2,8,0,0.105784
3228,1961-12-02,9,8,0,0.105744
3229,1961-12-11,3,1,0,0.105703
3230,1961-12-16,8,5,0,0.105663
3231,1961-12-23,5,9,0,0.105623
3232,1961-12-30,4,7,0,0.105583
3233,1962-01-06,6,6,1,0.105923
3234,1962-01-13,4,4,1,0.106262
3235,1962-01-20,7,6,0,0.106222
3236,1962-01-27,7,3,0,0.106181
3237,1962-02-03,4,3,0,0.106141
3238,1962-02-10,1,6,0,0.106101
3239,1962-02-17,3,4,0,0.106061
3240,1962-02-24,3,5,0,0.10602
3241,1962-03-03,8,5,0,0.10598
3242,1962-03-10,5,9,0,0.10594
3243,1962-03-17,4,7,0,0.1059
3244,1962-03-24,9,6,0,0.10586
3245,1962-03-31,5,1,0,0.10582
3246,1962-04-07,2,7,0,0.10578
3247,1962-04-14,2,8,0,0.10574
3248,1962-04-21,9,8,0,0.1057
3249,1962-04-28,2,1,0,0.10566
3250,1962-05-05,8,8,1,0.105998
3251,1962-05-12,1,9,0,0.105958
3252,1962-05-19,3,4,0,0.105918
3253,1962-05-26,6,5,0,0.105878
3254,1962-06-02,6,4,0,0.105838
3255,1962-06-09,1,4,0,0.105798
3256,1962-06-16,9,4,0,0.105758
3257,1962-06-23,3,1,0,0.105719
3258,1962-06-30,5,5,1,0.106055
3259,1962-07-07,7,7,1,0.106391
3260,1962-07-14,5,3,0,0.106351
3261,1962-07-21,4,7,0,0.106311
3262,1962-07-28,4,6,0,0.106271
3263,1962-08-04,8,6,0,0.106231
3264,1962-08-11,9,9,1,0.106567
3265,1962-08-18,2,3,0,0.106527
3266,1962-08-25,3,8,0,0.106487
3267,1962-09-01,6,5,0,0.106447
3268,1962-09-08,3,4,0,0.106407
3269,1962-09-15,1,5,0,0.106367
3270,1962-09-22,6,4,0,0.106327
3271,1962-09-29,2,4,0,0.106287
3272,1962-10-06,9,8,0,0.106248
3273,1962-10-13,7,3,0,0.106208
3274,1962-10-20,7,3,0,0.106168
3275,1962-10-27,1,3,0,0.106129
3276,1962-11-03,1,4,0,0.106089
3277,1962-11-10,8,4,0,0.106049
3278,1962-11-17,9,9,1,0.106383
3279,1962-11-24,6,7,0,0.106343
3280,1962-12-01,5,4,0,0.106304
3281,1962-12-08,2,7,0,0.106264
3282,1962-12-15,2,8,0,0.106224
3283,1962-12-22,2,8,0,0.106185
3284,1962-12-29,8,8,1,0.106518
3285,1963-01-05,1,9,0,0.106478
3286,1963-01-12,1,4,0,0.106438
3287,1963-01-19,8,4,0,0.106399
3288,1963-01-26,1,9,0,0.106359
3289,1963-02-02,3,4,0,0.10632
3290,1963-02-09,3,5,0,0.10628
3291,1963-02-16,8,5,0,0.106241
3292,1963-02-23,4,9,0,0.106201
3293,1963-03-02,4,6,0,0.106162
3294,1963-03-09,8,6,0,0.106122
3295,1963-03-16,1,9,0,0.106083
3296,1963-03-23,6,4,0,0.106044
3297,1963-03-30,3,4,0,0.106004
3298,1963-04-06,2,5,0,0.105965
3299,1963-04-13,6,8,0,0.105926
3300,1963-04-20,3,4,0,0.105887
3301,1963-04-27,7,5,0,0.105848
3302,1963-05-04,1,3,0,0.105808
3303,1963-05-11,5,4,0,0.105769
3304,1963-05-18,8,7,0,0.10573
3305,1963-05-25,8,9,0,0.105691
3306,1963-06-01,8,9,0,0.105652
3307,1963-06-08,2,9,0,0.105613
3308,1963-06-15,8,8,1,0.105943
3309,1963-06-22,7,9,0,0.105904
3310,1963-07-01,6,3,0,0.105865
3311,1963-07-06,8,4,0,0.105826
3312,1963-07-13,5,9,0,0.105787
3313,1963-07-20,7,7,1,0.106116
3314,1963-07-27,8,3,0,0.106077
3315,1963-08-03,3,9,0,0.106038
3316,1963-08-10,1,5,0,0.105999
3317,1963-08-17,6,4,0,0.10596
3318,1963-08-24,1,4,0,0.105921
3319,1963-08-31,2,4,0,0.105882
3320,1963-09-07,3,8,0,0.105843
3321,1963-09-14,7,5,0,0.105805
3322,1963-09-21,9,3,0,0.105766
3323,1963-09-28,8,7,0,0.105727
3324,1963-10-05,3,9,0,0.105688
3325,1963-10-12,8,5,0,0.105649
3326,1963-10-19,6,9,0,0.105611
3327,1963-10-26,4,4,1,0.105938
3328,1963-11-02,6,6,1,0.106266
3329,1963-11-09,4,4,1,0.106593
3330,1963-11-16,6,6,1,0.106921
3331,1963-11-23,2,4,0,0.106881
3332,1963-11-30,7,8,0,0.106842
3333,1963-12-07,3,3,1,0.107169
3334,1963-12-14,3,5,0,0.10713
3335,1963-12-21,3,5,0,0.107091
3336,1963-12-28,9,5,0,0.107052
3337,1964-01-04,4,7,0,0.107012
3338,1964-01-11,2,6,0,0.106973
3339,1964-01-18,9,8,0,0.106934
3340,1964-01-25,9,7,0,0.106895
3341,1964-02-01,2,7,0,0.106856
3342,1964-02-08,7,8,0,0.106817
3343,1964-02-15,7,3,0,0.106778
3344,1964-02-22,6,3,0,0.10674
3345,1964-02-29,1,4,0,0.106701
3346,1964-03-07,3,4,0,0.106662
3347,1964-03-14,1,5,0,0.106623
3348,1964-03-21,2,4,0,0.106584
3349,1964-03-28,6,8,0,0.106545
3350,1964-04-07,2,4,0,0.106507
3351,1964-04-11,7,8,0,0.106468
3352,1964-04-18,7,3,0,0.106429
3353,1964-04-27,9,3,0,0.106391
3354,1964-05-04,5,7,0,0.106352
3355,1964-05-09,5,7,0,0.106313
3356,1964-05-16,6,7,0,0.106275
3357,1964-05-23,6,4,0,0.106236
3358,1964-05-30,7,4,0,0.106198
3359,1964-06-06,2,3,0,0.106159
3360,1964-06-13,2,8,0,0.106121
3361,1964-06-20,6,8,0,0.106083
3362,1964-06-27,1,4,0,0.106044
3363,1964-07-04,7,4,0,0.106006
3364,1964-07-11,4,3,0,0.105967
3365,1964-07-18,4,6,0,0.105929
3366,1964-07-25,5,6,0,0.105891
3367,1964-08-01,9,7,0,0.105853
3368,1964-08-08,8,7,0,0.105814
3369,1964-08-17,6,9,0,0.105776
3370,1964-08-22,5,4,0,0.105738
3371,1964-08-29,6,7,0,0.1057
3372,1964-09-05,5,4,0,0.105662
3373,1964-09-12,2,7,0,0.105624
3374,1964-09-19,4,8,0,0.105586
3375,1964-09-26,3,6,0,0.105548
3376,1964-10-03,6,5,0,0.10551
3377,1964-10-10,4,4,1,0.105832
3378,1964-10-17,6,6,1,0.106153
3379,1964-10-24,2,4,0,0.106115
3380,1964-10-31,5,8,0,0.106077
3381,1964-11-07,5,7,0,0.106039
3382,1964-11-14,1,7,0,0.106001
3383,1964-11-21,4,4,1,0.106322
3384,1964-11-28,3,6,0,0.106284
3385,1964-12-05,8,5,0,0.106246
3386,1964-12-12,6,9,0,0.106207
3387,1964-12-19,1,4,0,0.106169
3388,1964-12-28,9,4,0,0.106131
3389,1965-01-02,2,7,0,0.106093
3390,1965-01-09,8,8,1,0.106413
3391,1965-01-16,3,9,0,0.106375
3392,1965-01-23,9,5,0,0.106337
3393,1965-01-30,6,7,0,0.106299
3394,1965-02-06,5,4,0,0.106261
3395,1965-02-13,4,7,0,0.106223
3396,1965-02-20,4,6,0,0.106185
3397,1965-02-27,3,6,0,0.106147
3398,1965-03-06,3,5,0,0.106109
3399,1965-03-13,9,5,0,0.106071
3400,1965-03-20,8,7,0,0.106034
3401,1965-03-27,4,9,0,0.105996
3402,1965-04-03,2,6,0,0.105958
3403,1965-04-10,3,8,0,0.10592
3404,1965-04-17,8,5,0,0.105882
3405,1965-04-24,5,9,0,0.105845
3406,1965-04-30,2,7,0,0.105807
3407,1965-05-08,3,8,0,0.105769
3408,1965-05-15,8,5,0,0.105732
3409,1965-05-22,1,9,0,0.105694
3410,1965-05-29,1,4,0,0.105656
3411,1965-06-05,9,4,0,0.105619
3412,1965-06-12,1,7,0,0.105581
3413,1965-06-19,2,4,0,0.105544
3414,1965-06-26,8,8,1,0.105861
3415,1965-07-03,4,9,0,0.105824
3416,1965-07-10,1,6,0,0.105786
3417,1965-07-17,9,4,0,0.105749
3418,1965-07-24,6,1,0,0.105711
3419,1965-07-31,9,4,0,0.105674
3420,1965-08-07,3,1,0,0.105636
3421,1965-08-14,3,5,0,0.105599
3422,1965-08-21,9,5,0,0.105561
3423,1965-08-28,4,3,0,0.105524
3424,1965-09-04,6,6,1,0.105841
3425,1965-09-11,7,4,0,0.105803
3426,1965-09-18,8,3,0,0.105766
3427,1965-09-25,6,9,0,0.105728
3428,1965-10-02,4,4,1,0.106045
3429,1965-10-09,1,6,0,0.106007
3430,1965-10-16,6,4,0,0.10597
3431,1965-10-23,6,4,0,0.105932
3432,1965-10-30,2,4,0,0.105895
3433,1965-11-06,7,8,0,0.105857
3434,1965-11-13,1,3,0,0.10582
3435,1965-11-20,9,4,0,0.105783
3436,1965-11-27,7,3,0,0.105746
3437,1965-12-04,8,3,0,0.105708
3438,1965-12-11,7,9,0,0.105671
3439,1965-12-18,5,3,0,0.105634
3440,1965-12-24,5,7,0,0.105597
3441,1966-01-03,8,7,0,0.105559
3442,1966-01-08,5,9,0,0.105522
3443,1966-01-15,1,7,0,0.105485
3444,1966-01-22,5,4,0,0.105448
3445,1966-01-29,1,7,0,0.105411
3446,1966-02-05,9,4,0,0.105374
3447,1966-02-12,9,7,0,0.105337
3448,1966-02-19,8,7,0,0.1053
3449,1966-02-26,9,9,1,0.105614
3450,1966-03-05,8,7,0,0.105577
3451,1966-03-12,2,9,0,0.10554
3452,1966-03-19,7,8,0,0.105503
3453,1966-03-26,3,3,1,0.105816
3454,1966-04-02,6,5,0,0.105779
3455,1966-04-09,1,4,0,0.105742
3456,1966-04-16,6,4,0,0.105705
3457,1966-04-23,3,4,0,0.105668
3458,1966-04-30,9,5,0,0.105631
3459,1966-05-07,8,7,0,0.105594
3460,1966-05-14,5,9,0,0.105557
3461,1966-05-21,7,7,1,0.10587
3462,1966-05-28,7,3,0,0.105833
3463,1966-06-04,7,3,0,0.105796
3464,1966-06-11,1,3,0,0.105759
3465,1966-06-18,2,4,0,0.105722
3466,1966-06-25,3,8,0,0.105685
3467,1966-07-02,6,5,0,0.105649
3468,1966-07-09,5,4,0,0.105612
3469,1966-07-16,9,7,0,0.105575
3470,1966-07-23,4,7,0,0.105538
3471,1966-07-30,9,6,0,0.105501
3472,1966-08-06,2,7,0,0.105465
3473,1966-08-13,7,8,0,0.105428
3474,1966-08-20,9,3,0,0.105391
3475,1966-08-27,5,7,0,0.105355
3476,1966-09-03,3,7,0,0.105318
3477,1966-09-10,5,5,1,0.105629
3478,1966-09-17,4,7,0,0.105592
3479,1966-09-24,1,6,0,0.105556
3480,1966-10-01,8,4,0,0.105519
3481,1966-10-08,6,9,0,0.105482
3482,1966-10-15,7,4,0,0.105446
3483,1966-10-22,7,3,0,0.105409
3484,1966-10-29,7,3,0,0.105373
3485,1966-11-05,8,7,0,0.105336
3486,1966-11-12,9,9,1,0.105646
3487,1966-11-19,7,7,1,0.105956
3488,1966-11-26,8,7,0,0.105919
3489,1966-12-03,7,9,0,0.105882
3490,1966-12-10,9,7,0,0.105846
3491,1966-12-17,1,7,0,0.105809
3492,1966-12-24,7,4,0,0.105773
3493,1966-12-31,2,7,0,0.105736
3494,1967-01-07,3,8,0,0.105699
3495,1967-01-14,4,5,0,0.105663
3496,1967-01-21,3,6,0,0.105627
3497,1967-01-28,1,5,0,0.10559
3498,1967-02-04,6,4,0,0.105554
3499,1967-02-11,9,4,0,0.105517
3500,1967-02-18,1,7,0,0.105481
3501,1967-02-25,3,4,0,0.105445
3502,1967-03-04,2,5,0,0.105408
3503,1967-03-11,9,8,0,0.105372
3504,1967-03-18,4,1,0,0.105336
3505,1967-03-25,2,6,0,0.105299
3506,1967-04-01,5,8,0,0.105263
3507,1967-04-08,6,7,0,0.105227
3508,1967-04-15,7,4,0,0.105191
3509,1967-04-22,5,7,0,0.105155
3510,1967-04-29,1,7,0,0.105119
3511,1967-05-06,5,4,0,0.105082
3512,1967-05-13,1,7,0,0.105046
3513,1967-05-20,7,4,0,0.10501
3514,1967-05-27,4,7,0,0.104974
3515,1967-06-03,6,6,1,0.105281
3516,1967-06-10,3,4,0,0.105245
3517,1967-06-17,9,5,0,0.105209
3518,1967-06-24,5,1,0,0.105173
3519,1967-07-01,5,7,0,0.105137
3520,1967-07-08,4,7,0,0.105101
3521,1967-07-15,8,6,0,0.105065
3522,1967-07-22,2,9,0,0.105029
3523,1967-07-29,4,8,0,0.104993
3524,1967-08-05,5,6,0,0.104957
3525,1967-08-12,5,7,0,0.104921
3526,1967-08-19,6,7,0,0.104886
3527,1967-08-26,2,4,0,0.10485
3528,1967-09-02,9,8,0,0.104814
3529,1967-09-09,1,1,1,0.105119
3530,1967-09-16,8,4,0,0.105084
3531,1967-09-23,1,9,0,0.105048
3532,1967-09-30,4,4,1,0.105353
3533,1967-10-07,6,6,1,0.105658
3534,1967-10-16,3,4,0,0.105622
3535,1967-10-21,9,5,0,0.105586
3536,1967-10-27,8,1,0,0.10555
3537,1967-11-06,4,9,0,0.105514
3538,1967-11-11,2,6,0,0.105478
3539,1967-11-18,2,8,0,0.105442
3540,1967-11-25,8,8,1,0.105746
3541,1967-12-02,5,9,0,0.10571
3542,1967-12-09,3,7,0,0.105674
3543,1967-12-16,5,5,1,0.105978
3544,1967-12-23,3,7,0,0.105942
3545,1967-12-30,6,5,0,0.105906
3546,1968-01-05,4,4,1,0.10621
3547,1968-01-13,3,6,0,0.106174
3548,1968-01-20,8,5,0,0.106138
3549,1968-01-27,7,9,0,0.106102
3550,1968-02-03,4,7,0,0.106066
3551,1968-02-10,4,6,0,0.10603
3552,1968-02-17,2,6,0,0.105994
3553,1968-02-24,2,8,0,0.105958
3554,1968-03-02,3,8,0,0.105922
3555,1968-03-09,3,5,0,0.105886
3556,1968-03-16,1,5,0,0.105851
3557,1968-03-23,6,4,0,0.105815
3558,1968-03-30,1,4,0,0.105779
3559,1968-04-06,9,4,0,0.105743
3560,1968-04-13,1,1,1,0.106045
3561,1968-04-20,7,4,0,0.106009
3562,1968-04-27,8,7,0,0.105974
3563,1968-05-04,8,9,0,0.105938
3564,1968-05-11,9,9,1,0.106239
3565,1968-05-18,6,1,0,0.106204
3566,1968-05-25,6,4,0,0.106168
3567,1968-06-01,2,4,0,0.106132
3568,1968-06-08,7,8,0,0.106096
3569,1968-06-15,9,7,0,0.106061
3570,1968-06-22,1,1,1,0.106361
3571,1968-06-28,4,4,1,0.106662
3572,1968-07-06,7,6,0,0.106626
3573,1968-07-13,7,7,1,0.106927
3574,1968-07-20,6,7,0,0.106891
3575,1968-07-27,5,4,0,0.106855
3576,1968-08-03,2,7,0,0.106819
3577,1968-08-10,3,8,0,0.106783
3578,1968-08-17,4,5,0,0.106747
3579,1968-08-24,4,6,0,0.106711
3580,1968-08-31,4,6,0,0.106676
3581,1968-09-07,7,6,0,0.10664
3582,1968-09-14,1,7,0,0.106604
3583,1968-09-21,2,4,0,0.106568
3584,1968-09-28,9,3,0,0.106533
3585,1968-10-05,5,1,0,0.106497
3586,1968-10-12,8,7,0,0.106461
3587,1968-10-19,4,9,0,0.106426
3588,1968-10-26,3,6,0,0.10639
3589,1968-11-02,3,5,0,0.106355
3590,1968-11-09,8,5,0,0.106319
3591,1968-11-16,1,9,0,0.106283
3592,1968-11-23,4,4,1,0.106582
3593,1968-11-30,1,6,0,0.106546
3594,1968-12-07,8,4,0,0.106511
3595,1968-12-14,8,9,0,0.106475
3596,1968-12-21,3,9,0,0.10644
3597,1968-12-28,5,5,1,0.106738
3598,1969-01-04,2,7,0,0.106702
3599,1969-01-11,9,3,0,0.106667
3600,1969-01-18,7,1,0,0.106631
3601,1969-01-25,5,7,0,0.106596
3602,1969-02-01,9,7,0,0.10656
3603,1969-02-08,1,1,1,0.106858
3604,1969-02-15,5,4,0,0.106822
3605,1969-02-22,7,7,1,0.107119
3606,1969-03-01,9,7,0,0.107083
3607,1969-03-08,9,1,0,0.107048
3608,1969-03-15,9,1,0,0.107012
3609,1969-03-22,9,1,0,0.106977
3610,1969-03-29,6,1,0,0.106941
3611,1969-04-05,7,4,0,0.106906
3612,1969-04-12,2,7,0,0.10687
3613,1969-04-19,5,3,0,0.106835
3614,1969-04-26,5,7,0,0.106799
3615,1969-05-03,4,7,0,0.106764
3616,1969-05-10,5,6,0,0.106729
3617,1969-05-17,8,7,0,0.106693
3618,1969-05-24,4,9,0,0.106658
3619,1969-05-31,5,6,0,0.106623
3620,1969-06-07,7,7,1,0.106918
3621,1969-06-14,6,7,0,0.106883
3622,1969-06-21,2,4,0,0.106848
3623,1969-06-28,7,3,0,0.106812
3624,1969-07-05,4,7,0,0.106777
3625,1969-07-12,8,6,0,0.106742
3626,1969-07-19,8,9,0,0.106706
3627,1969-07-26,5,9,0,0.106671
3628,1969-08-02,3,7,0,0.106636
3629,1969-08-09,5,5,1,0.106931
3630,1969-08-16,6,7,0,0.106895
3631,1969-08-23,7,4,0,0.10686
3632,1969-08-30,7,7,1,0.107155
3633,1969-09-06,3,7,0,0.107119
3634,1969-09-13,5,5,1,0.107414
3635,1969-09-20,7,7,1,0.107708
3636,1969-09-27,3,7,0,0.107672
3637,1969-10-04,3,5,0,0.107637
3638,1969-10-11,9,5,0,0.107601
3639,1969-10-18,8,1,0,0.107566
3640,1969-10-25,4,9,0,0.10753
3641,1969-10-31,3,6,0,0.107495
3642,1969-11-08,1,5,0,0.10746
3643,1969-11-15,9,4,0,0.107424
3644,1969-11-22,8,1,0,0.107389
3645,1969-11-29,1,9,0,0.107354
3646,1969-12-06,8,4,0,0.107319
3647,1969-12-13,5,9,0,0.107283
3648,1969-12-20,5,7,0,0.107248
3649,1969-12-27,7,7,1,0.107541
3650,1970-01-03,3,7,0,0.107506
3651,1970-01-10,2,5,0,0.107471
3652,1970-01-17,2,3,0,0.107435
3653,1970-01-24,8,3,0,0.1074
3654,1970-01-31,7,9,0,0.107365
3655,1970-02-07,5,3,0,0.10733
3656,1970-02-14,7,7,1,0.107622
3657,1970-02-21,6,3,0,0.107587
3658,1970-02-28,7,4,0,0.107551
3659,1970-03-07,5,3,0,0.107516
3660,1970-03-14,7,7,1,0.107808
3661,1970-03-21,7,3,0,0.107773
3662,1970-03-28,1,7,0,0.107738
3663,1970-04-04,4,4,1,0.108029
3664,1970-04-11,8,6,0,0.107993
3665,1970-04-18,4,9,0,0.107958
3666,1970-04-25,2,6,0,0.107923
3667,1970-05-02,7,8,0,0.107888
3668,1970-05-09,4,7,0,0.107853
3669,1970-05-16,4,6,0,0.107818
3670,1970-05-23,3,6,0,0.107782
3671,1970-05-30,5,5,1,0.108073
3672,1970-06-06,1,7,0,0.108038
3673,1970-06-13,1,4,0,0.108003
3674,1970-06-20,7,4,0,0.107967
3675,1970-06-27,1,7,0,0.107932
3676,1970-07-04,5,4,0,0.107897
3677,1970-07-11,2,7,0,0.107862
3678,1970-07-18,4,8,0,0.107827
3679,1970-07-25,7,6,0,0.107792
3680,1970-08-01,1,7,0,0.107757
3681,1970-08-08,3,4,0,0.107722
3682,1970-08-15,4,5,0,0.107687
3683,1970-08-22,4,6,0,0.107652
3684,1970-08-29,1,6,0,0.107618
3685,1970-09-05,6,4,0,0.107583
3686,1970-09-12,9,4,0,0.107548
3687,1970-09-19,6,1,0,0.107513
3688,1970-09-26,9,4,0,0.107478
3689,1970-10-03,9,1,0,0.107443
3690,1970-10-10,1,1,1,0.107732
3691,1970-10-17,8,4,0,0.107697
3692,1970-10-24,2,9,0,0.107662
3693,1970-10-31,6,8,0,0.107628
3694,1970-11-07,5,4,0,0.107593
3695,1970-11-14,2,7,0,0.107558
3696,1970-11-21,5,8,0,0.107523
3697,1970-11-28,4,7,0,0.107489
3698,1970-12-05,2,6,0,0.107454
3699,1970-12-12,5,8,0,0.107419
3700,1970-12-19,5,7,0,0.107385
3701,1970-12-28,2,7,0,0.10735
3702,1971-01-02,3,8,0,0.107316
3703,1971-01-09,9,5,0,0.107281
3704,1971-01-16,8,1,0,0.107246
3705,1971-01-23,4,9,0,0.107212
3706,1971-01-30,7,6,0,0.107177
3707,1971-02-06,1,7,0,0.107143
3708,1971-02-13,9,4,0,0.107108
3709,1971-02-20,4,1,0,0.107074
3710,1971-02-27,2,6,0,0.10704
3711,1971-03-06,6,3,0,0.107005
3712,1971-03-13,3,4,0,0.106971
3713,1971-03-20,7,5,0,0.106936
3714,1971-03-27,6,7,0,0.106902
3715,1971-04-03,7,4,0,0.106868
3716,1971-04-10,7,7,1,0.107154
3717,1971-04-17,6,7,0,0.10712
3718,1971-04-24,1,4,0,0.107086
3719,1971-05-01,7,4,0,0.107051
3720,1971-05-08,7,7,1,0.107337
3721,1971-05-15,8,7,0,0.107303
3722,1971-05-22,4,9,0,0.107269
3723,1971-05-29,1,6,0,0.107234
3724,1971-06-05,8,4,0,0.1072
3725,1971-06-12,6,9,0,0.107166
3726,1971-06-19,5,4,0,0.107131
3727,1971-06-26,4,7,0,0.107097
3728,1971-07-03,4,6,0,0.107063
3729,1971-07-10,4,6,0,0.107029
3730,1971-07-17,9,6,0,0.106995
3731,1971-07-24,7,1,0,0.10696
3732,1971-07-31,3,7,0,0.106926
3733,1971-08-07,5,5,1,0.107211
3734,1971-08-14,4,7,0,0.107177
3735,1971-08-21,8,6,0,0.107143
3736,1971-08-28,7,9,0,0.107109
3737,1971-09-04,8,7,0,0.107075
3738,1971-09-11,7,9,0,0.10704
3739,1971-09-18,4,7,0,0.107006
3740,1971-09-25,8,6,0,0.106972
3741,1971-10-02,5,9,0,0.106938
3742,1971-10-09,5,7,0,0.106904
3743,1971-10-16,5,7,0,0.10687
3744,1971-10-23,3,7,0,0.106836
3745,1971-10-30,6,5,0,0.106802
3746,1971-11-06,5,4,0,0.106768
3747,1971-11-13,1,7,0,0.106734
3748,1971-11-20,5,4,0,0.106701
3749,1971-11-27,2,7,0,0.106667
3750,1971-12-04,2,3,0,0.106633
3751,1971-12-11,1,3,0,0.106599
3752,1971-12-18,8,4,0,0.106565
3753,1971-12-25,8,9,0,0.106531
3754,1972-01-01,5,9,0,0.106498
3755,1972-01-08,9,7,0,0.106464
3756,1972-01-15,7,1,0,0.10643
3757,1972-01-22,2,7,0,0.106396
3758,1972-01-29,4,3,0,0.106363
3759,1972-02-05,5,6,0,0.106329
3760,1972-02-12,2,7,0,0.106295
3761,1972-02-19,6,3,0,0.106262
3762,1972-02-26,3,4,0,0.106228
3763,1972-03-04,2,5,0,0.106195
3764,1972-03-11,4,3,0,0.106161
3765,1972-03-18,8,6,0,0.106128
3766,1972-03-25,6,9,0,0.106094
3767,1972-04-01,7,4,0,0.106061
3768,1972-04-08,9,7,0,0.106027
3769,1972-04-15,7,1,0,0.105994
3770,1972-04-22,5,7,0,0.10596
3771,1972-04-29,7,7,1,0.106242
3772,1972-05-06,8,7,0,0.106209
3773,1972-05-13,2,9,0,0.106175
3774,1972-05-20,1,3,0,0.106142
3775,1972-05-27,9,4,0,0.106108
3776,1972-06-03,5,1,0,0.106075
3777,1972-06-10,9,7,0,0.106042
3778,1972-06-17,4,1,0,0.106008
3779,1972-06-24,2,6,0,0.105975
3780,1972-07-01,7,3,0,0.105942
3781,1972-07-08,7,7,1,0.106223
3782,1972-07-15,7,7,1,0.106503
3783,1972-07-22,1,7,0,0.10647
3784,1972-07-29,6,4,0,0.106436
3785,1972-08-05,6,4,0,0.106403
3786,1972-08-12,9,4,0,0.10637
3787,1972-08-19,4,1,0,0.106336
3788,1972-08-26,8,2,0,0.106303
3789,1972-09-02,5,9,0,0.10627
3790,1972-09-09,9,7,0,0.106236
3791,1972-09-16,1,1,1,0.106516
3792,1972-09-23,1,4,0,0.106483
3793,1972-09-30,3,4,0,0.10645
3794,1972-10-07,1,5,0,0.106416
3795,1972-10-14,6,4,0,0.106383
3796,1972-10-21,9,4,0,0.10635
3797,1972-10-28,3,1,0,0.106316
3798,1972-11-04,4,5,0,0.106283
3799,1972-11-11,4,2,0,0.10625
3800,1972-11-18,5,2,0,0.106217
3801,1972-11-25,3,7,0,0.106184
3802,1972-12-02,2,5,0,0.10615
3803,1972-12-09,1,3,0,0.106117
3804,1972-12-16,3,4,0,0.106084
3805,1972-12-23,9,5,0,0.106051
3806,1972-12-30,3,1,0,0.106018
3807,1973-01-06,2,5,0,0.105985
3808,1973-01-13,1,3,0,0.105952
3809,1973-01-20,5,4,0,0.105919
3810,1973-01-27,6,7,0,0.105886
3811,1973-02-03,7,4,0,0.105853
3812,1973-02-10,9,7,0,0.10582
3813,1973-02-17,2,1,0,0.105787
3814,1973-02-24,5,3,0,0.105754
3815,1973-03-03,5,7,0,0.105721
3816,1973-03-10,6,7,0,0.105689
3817,1973-03-17,2,4,0,0.105656
3818,1973-03-24,5,3,0,0.105623
3819,1973-03-31,6,7,0,0.10559
3820,1973-04-07,3,4,0,0.105557
3821,1973-04-14,9,5,0,0.105525
3822,1973-04-21,8,1,0,0.105492
3823,1973-04-28,4,9,0,0.105459
3824,1973-05-05,2,2,1,0.105736
3825,1973-05-12,2,3,0,0.105704
3826,1973-05-19,3,3,1,0.105981
3827,1973-05-26,2,5,0,0.105948
3828,1973-06-02,2,3,0,0.105915
3829,1973-06-09,7,3,0,0.105882
3830,1973-06-16,4,7,0,0.10585
3831,1973-06-23,7,2,0,0.105817
3832,1973-06-30,2,7,0,0.105784
3833,1973-07-07,7,3,0,0.105751
3834,1973-07-14,4,7,0,0.105719
3835,1973-07-21,3,2,0,0.105686
3836,1973-07-28,7,5,0,0.105653
3837,1973-08-04,2,7,0,0.105621
3838,1973-08-11,9,3,0,0.105588
3839,1973-08-18,4,1,0,0.105556
3840,1973-08-25,8,2,0,0.105523
3841,1973-09-01,3,9,0,0.10549
3842,1973-09-08,3,5,0,0.105458
3843,1973-09-15,6,5,0,0.105425
3844,1973-09-22,2,4,0,0.105393
3845,1973-09-29,9,3,0,0.10536
3846,1973-10-06,7,1,0,0.105328
3847,1973-10-13,3,7,0,0.105296
3848,1973-10-20,2,5,0,0.105263
3849,1973-10-27,2,3,0,0.105231
3850,1973-11-03,2,3,0,0.105198
3851,1973-11-10,6,3,0,0.105166
3852,1973-11-17,8,4,0,0.105134
3853,1973-11-24,4,9,0,0.105101
3854,1973-12-01,2,2,1,0.105376
3855,1973-12-08,7,3,0,0.105344
3856,1973-12-15,6,7,0,0.105312
3857,1973-12-22,7,4,0,0.105279
3858,1973-12-29,4,7,0,0.105247
3859,1974-01-05,5,2,0,0.105215
3860,1974-01-12,9,7,0,0.105182
3861,1974-01-19,2,1,0,0.10515
3862,1974-01-26,5,3,0,0.105118
3863,1974-02-02,1,7,0,0.105086
3864,1974-02-09,8,4,0,0.105054
3865,1974-02-16,8,9,0,0.105021
3866,1974-02-23,7,9,0,0.104989
3867,1974-03-02,8,7,0,0.104957
3868,1974-03-09,1,9,0,0.104925
3869,1974-03-16,2,4,0,0.104893
3870,1974-03-23,5,3,0,0.104861
3871,1974-03-30,3,7,0,0.104829
3872,1974-04-06,9,5,0,0.104797
3873,1974-04-13,5,1,0,0.104765
3874,1974-04-20,1,7,0,0.104733
3875,1974-04-27,6,4,0,0.104701
3876,1974-05-04,8,4,0,0.104669
3877,1974-05-11,2,9,0,0.104637
3878,1974-05-18,8,5,0,0.104605
3879,1974-05-25,6,9,0,0.104573
3880,1974-06-01,9,4,0,0.104541
3881,1974-06-08,5,1,0,0.104509
3882,1974-06-15,5,7,0,0.104478
3883,1974-06-22,3,7,0,0.104446
3884,1974-06-29,1,5,0,0.104414
3885,1974-07-06,8,4,0,0.104382
3886,1974-07-13,1,9,0,0.10435
3887,1974-07-20,5,4,0,0.104319
3888,1974-07-27,3,7,0,0.104287
3889,1974-08-03,8,5,0,0.104255
3890,1974-08-10,4,9,0,0.104224
3891,1974-08-17,6,2,0,0.104192
3892,1974-08-24,8,4,0,0.10416
3893,1974-08-31,4,9,0,0.104129
3894,1974-09-07,5,2,0,0.104097
3895,1974-09-14,4,7,0,0.104066
3896,1974-09-21,2,2,1,0.104337
3897,1974-09-28,8,5,0,0.104306
3898,1974-10-05,1,9,0,0.104274
3899,1974-10-12,7,4,0,0.104242
3900,1974-10-19,1,7,0,0.104211
3901,1974-10-26,2,4,0,0.104179
3902,1974-11-02,1,8,0,0.104148
3903,1974-11-09,6,4,0,0.104116
3904,1974-11-16,7,4,0,0.104085
3905,1974-11-23,2,7,0,0.104053
3906,1974-11-30,3,8,0,0.104022
3907,1974-12-07,7,5,0,0.10399
3908,1974-12-14,6,7,0,0.103959
3909,1974-12-21,2,4,0,0.103927
3910,1974-12-28,2,3,0,0.103896
3911,1975-01-04,3,3,1,0.104167
3912,1975-01-11,4,5,0,0.104135
3913,1975-01-18,3,2,0,0.104104
3914,1975-01-25,5,5,1,0.104374
3915,1975-02-01,5,7,0,0.104343
3916,1975-02-08,9,7,0,0.104311
3917,1975-02-15,8,1,0,0.10428
3918,1975-02-22,6,9,0,0.104248
3919,1975-03-01,8,4,0,0.104217
3920,1975-03-08,5,9,0,0.104185
3921,1975-03-15,4,7,0,0.104154
3922,1975-03-22,6,2,0,0.104123
3923,1975-03-29,5,4,0,0.104091
3924,1975-04-05,1,7,0,0.10406
3925,1975-04-12,3,4,0,0.104029
3926,1975-04-19,7,5,0,0.103998
3927,1975-04-26,7,7,1,0.104267
3928,1975-05-03,7,7,1,0.104536
3929,1975-05-10,6,7,0,0.104505
3930,1975-05-17,5,4,0,0.104473
3931,1975-05-24,2,7,0,0.104442
3932,1975-05-31,5,3,0,0.10441
3933,1975-06-07,3,7,0,0.104379
3934,1975-06-14,7,5,0,0.104348
3935,1975-06-21,2,7,0,0.104317
3936,1975-06-28,4,3,0,0.104285
3937,1975-07-05,6,2,0,0.104254
3938,1975-07-12,3,4,0,0.104223
3939,1975-07-19,2,5,0,0.104192
3940,1975-07-26,1,3,0,0.10416
3941,1975-08-02,1,4,0,0.104129
3942,1975-08-09,3,4,0,0.104098
3943,1975-08-16,7,5,0,0.104067
3944,1975-08-23,5,7,0,0.104036
3945,1975-08-30,2,7,0,0.104005
3946,1975-09-06,1,3,0,0.103974
3947,1975-09-13,7,4,0,0.103943
3948,1975-09-20,8,7,0,0.103912
3949,1975-09-27,4,9,0,0.103881
3950,1975-10-04,8,2,0,0.10385
3951,1975-10-11,3,9,0,0.103819
3952,1975-10-18,5,5,1,0.104086
3953,1975-10-25,8,7,0,0.104055
3954,1975-11-01,8,9,0,0.104024
3955,1975-11-08,8,9,0,0.103993
3956,1975-11-15,3,9,0,0.103962
3957,1975-11-22,5,5,1,0.104229
3958,1975-11-29,3,7,0,0.104198
3959,1975-12-06,3,5,0,0.104167
3960,1975-12-13,9,5,0,0.104136
3961,1975-12-20,2,1,0,0.104105
3962,1975-12-27,6,3,0,0.104074
3963,1976-01-03,8,4,0,0.104043
3964,1976-01-10,7,9,0,0.104012
3965,1976-01-17,1,7,0,0.103981
3966,1976-01-24,9,4,0,0.10395
3967,1976-01-31,2,1,0,0.103919
3968,1976-02-07,6,3,0,0.103888
3969,1976-02-14,6,4,0,0.103858
3970,1976-02-21,4,4,1,0.104123
3971,1976-02-28,3,2,0,0.104093
3972,1976-03-06,6,5,0,0.104062
3973,1976-03-13,7,4,0,0.104031
3974,1976-03-20,8,7,0,0.104
3975,1976-03-27,3,9,0,0.103969
3976,1976-04-03,5,5,1,0.104235
3977,1976-04-10,4,7,0,0.104204
3978,1976-04-17,3,2,0,0.104173
3979,1976-04-24,9,5,0,0.104142
3980,1976-05-01,7,1,0,0.104111
3981,1976-05-08,6,7,0,0.10408
3982,1976-05-15,1,4,0,0.10405
3983,1976-05-22,4,4,1,0.104314
3984,1976-05-29,5,2,0,0.104284
3985,1976-06-05,5,7,0,0.104253
3986,1976-06-12,4,7,0,0.104222
3987,1976-06-19,9,2,0,0.104191
3988,1976-06-26,4,1,0,0.104161
3989,1976-07-03,8,2,0,0.10413
3990,1976-07-10,1,9,0,0.104099
3991,1976-07-17,1,4,0,0.104068
3992,1976-07-24,1,4,0,0.104038
3993,1976-07-31,3,4,0,0.104007
3994,1976-08-07,6,5,0,0.103976
3995,1976-08-14,2,4,0,0.103946
3996,1976-08-21,4,3,0,0.103915
3997,1976-08-28,6,2,0,0.103885
3998,1976-09-04,2,4,0,0.103854
3999,1976-09-11,1,3,0,0.103824
4000,1976-09-18,4,4,1,0.104087
4001,1976-09-25,8,6,0,0.104056
4002,1976-10-02,5,9,0,0.104026
4003,1976-10-09,7,7,1,0.104289
4004,1976-10-16,5,7,0,0.104258
4005,1976-10-23,7,7,1,0.104521
4006,1976-10-30,8,7,0,0.104491
4007,1976-11-06,8,9,0,0.10446
4008,1976-11-13,5,9,0,0.104429
4009,1976-11-20,9,7,0,0.104399
4010,1976-11-27,4,1,0,0.104368
4011,1976-12-04,7,6,0,0.104338
4012,1976-12-11,8,7,0,0.104307
4013,1976-12-18,7,9,0,0.104277
4014,1976-12-25,6,7,0,0.104246
4015,1977-01-01,6,4,0,0.104215
4016,1977-01-08,7,4,0,0.104185
4017,1977-01-15,1,7,0,0.104154
4018,1977-01-22,7,4,0,0.104124
4019,1977-01-29,4,7,0,0.104094
4020,1977-02-05,4,6,0,0.104063
4021,1977-02-12,7,6,0,0.104033
4022,1977-02-19,4,7,0,0.104002
4023,1977-02-26,3,6,0,0.103972
4024,1977-03-05,9,5,0,0.103942
4025,1977-03-12,3,1,0,0.103911
4026,1977-03-19,6,5,0,0.103881
4027,1977-03-26,6,4,0,0.103851
4028,1977-04-02,2,4,0,0.10382
4029,1977-04-09,2,3,0,0.10379
4030,1977-04-16,8,3,0,0.10376
4031,1977-04-23,5,9,0,0.10373
4032,1977-04-30,7,7,1,0.103991
4033,1977-05-07,9,7,0,0.10396
4034,1977-05-14,6,1,0,0.10393
4035,1977-05-21,4,4,1,0.104191
4036,1977-05-28,9,6,0,0.104161
4037,1977-06-04,4,1,0,0.10413
4038,1977-06-11,5,6,0,0.1041
4039,1977-06-18,3,7,0,0.10407
4040,1977-06-25,8,5,0,0.10404
4041,1977-07-02,5,9,0,0.104009
4042,1977-07-09,2,7,0,0.103979
4043,1977-07-16,1,3,0,0.103949
4044,1977-07-23,1,4,0,0.103919
4045,1977-07-30,1,4,0,0.103889
4046,1977-08-06,9,4,0,0.103858
4047,1977-08-13,3,1,0,0.103828
4048,1977-08-20,2,5,0,0.103798
4049,1977-08-27,8,3,0,0.103768
4050,1977-09-03,5,5,1,0.104028
4051,1977-09-10,4,7,0,0.103998
4052,1977-09-17,8,6,0,0.103968
4053,1977-09-24,7,5,0,0.103937
4054,1977-10-01,4,7,0,0.103907
4055,1977-10-08,3,6,0,0.103877
4056,1977-10-15,7,5,0,0.103847
4057,1977-10-22,3,7,0,0.103817
4058,1977-10-29,3,5,0,0.103787
4059,1977-11-05,4,5,0,0.103757
4060,1977-11-12,4,6,0,0.103727
4061,1977-11-19,5,6,0,0.103697
4062,1977-11-26,3,7,0,0.103667
4063,1977-12-03,6,5,0,0.103637
4064,1977-12-10,8,4,0,0.103608
4065,1977-12-17,8,5,0,0.103578
4066,1977-12-24,6,5,0,0.103548
4067,1977-12-31,5,4,0,0.103518
4068,1978-01-07,2,7,0,0.103488
4069,1978-01-14,2,8,0,0.103458
4070,1978-01-21,3,8,0,0.103428
4071,1978-01-28,4,5,0,0.103399
4072,1978-02-04,4,6,0,0.103369
4073,1978-02-11,8,6,0,0.103339
4074,1978-02-18,4,5,0,0.103309
4075,1978-02-25,5,6,0,0.10328
4076,1978-03-04,3,7,0,0.10325
4077,1978-03-11,9,5,0,0.10322
4078,1978-03-18,6,1,0,0.103191
4079,1978-03-25,4,4,1,0.103448
4080,1978-04-01,2,6,0,0.103419
4081,1978-04-08,2,3,0,0.103389
4082,1978-04-15,7,3,0,0.103359
4083,1978-04-22,5,7,0,0.10333
4084,1978-04-29,3,7,0,0.1033
4085,1978-05-06,4,5,0,0.10327
4086,1978-05-13,4,2,0,0.103241
4087,1978-05-20,7,2,0,0.103211
4088,1978-05-27,1,7,0,0.103181
4089,1978-06-03,8,4,0,0.103152
4090,1978-06-10,8,5,0,0.103122
4091,1978-06-17,4,5,0,0.103093
4092,1978-06-24,5,2,0,0.103063
4093,1978-07-01,3,7,0,0.103034
4094,1978-07-08,2,5,0,0.103004
4095,1978-07-15,9,3,0,0.102975
4096,1978-07-22,8,1,0,0.102945
4097,1978-07-29,6,5,0,0.102916
4098,1978-08-05,7,4,0,0.102887
4099,1978-08-12,5,7,0,0.102857
4100,1978-08-19,8,7,0,0.102828
4101,1978-08-26,9,5,0,0.102798
4102,1978-09-02,3,1,0,0.102769
4103,1978-09-09,3,5,0,0.10274
4104,1978-09-16,4,5,0,0.10271
4105,1978-09-23,2,2,1,0.102966
4106,1978-09-30,8,3,0,0.102937
4107,1978-10-07,9,5,0,0.102908
4108,1978-10-14,4,1,0,0.102878
4109,1978-10-21,5,2,0,0.102849
4110,1978-10-28,9,7,0,0.10282
4111,1978-11-04,2,1,0,0.10279
4112,1978-11-11,1,8,0,0.102761
4113,1978-11-18,3,4,0,0.102732
4114,1978-11-25,9,5,0,0.102703
4115,1978-12-02,4,1,0,0.102673
4116,1978-12-09,7,2,0,0.102644
4117,1978-12-16,3,7,0,0.102615
4118,1978-12-23,6,5,0,0.102586
4119,1978-12-30,9,4,0,0.102557
4120,1979-01-06,9,1,0,0.102528
4121,1979-01-13,1,1,1,0.102783
4122,1979-01-20,9,4,0,0.102753
4123,1979-01-27,6,1,0,0.102724
4124,1979-02-03,5,4,0,0.102695
4125,1979-02-10,5,7,0,0.102666
4126,1979-02-17,3,7,0,0.102637
4127,1979-02-24,2,5,0,0.102608
4128,1979-03-03,3,8,0,0.102579
4129,1979-03-10,6,5,0,0.10255
4130,1979-03-17,3,4,0,0.102521
4131,1979-03-24,6,5,0,0.102492
4132,1979-03-31,2,4,0,0.102462
4133,1979-04-07,6,3,0,0.102434
4134,1979-04-14,5,4,0,0.102405
4135,1979-04-21,1,7,0,0.102376
4136,1979-04-28,8,4,0,0.102347
4137,1979-05-05,8,9,0,0.102318
4138,1979-05-12,6,9,0,0.102289
4139,1979-05-19,5,4,0,0.10226
4140,1979-05-26,7,7,1,0.102513
4141,1979-06-02,9,7,0,0.102484
4142,1979-06-09,9,1,0,0.102456
4143,1979-06-16,1,1,1,0.102709
4144,1979-06-23,5,4,0,0.10268
4145,1979-06-30,7,7,1,0.102933
4146,1979-07-07,4,7,0,0.102904
4147,1979-07-14,8,2,0,0.102875
4148,1979-07-21,5,9,0,0.102846
4149,1979-07-28,7,7,1,0.103099
4150,1979-08-04,9,7,0,0.10307
4151,1979-08-11,9,1,0,0.103041
4152,1979-08-18,9,1,0,0.103012
4153,1979-08-25,4,1,0,0.102983
4154,1979-09-01,3,2,0,0.102954
4155,1979-09-08,4,5,0,0.102925
4156,1979-09-15,3,2,0,0.102896
4157,1979-09-22,2,5,0,0.102867
4158,1979-09-29,1,3,0,0.102838
4159,1979-10-06,1,4,0,0.102809
4160,1979-10-13,1,4,0,0.10278
4161,1979-10-20,4,4,1,0.103032
4162,1979-10-27,6,2,0,0.103003
4163,1979-11-03,1,4,0,0.102974
4164,1979-11-10,5,4,0,0.102945
4165,1979-11-17,8,7,0,0.102916
4166,1979-11-24,1,5,0,0.102888
4167,1979-12-01,8,4,0,0.102859
4168,1979-12-08,5,5,1,0.10311
4169,1979-12-15,2,7,0,0.103081
4170,1979-12-22,2,3,0,0.103052
4171,1979-12-29,7,3,0,0.103024
4172,1980-01-05,9,7,0,0.102995
4173,1980-01-12,3,1,0,0.102966
4174,1980-01-19,9,5,0,0.102937
4175,1980-01-26,5,1,0,0.102908
4176,1980-02-02,8,7,0,0.10288
4177,1980-02-09,2,5,0,0.102851
4178,1980-02-16,8,3,0,0.102822
4179,1980-02-23,2,5,0,0.102793
4180,1980-03-01,8,8,1,0.103044
4181,1980-03-08,2,5,0,0.103015
4182,1980-03-15,7,8,0,0.102986
4183,1980-03-22,9,7,0,0.102958
4184,1980-03-29,2,1,0,0.102929
4185,1980-04-05,7,8,0,0.1029
4186,1980-04-12,3,7,0,0.102871
4187,1980-04-19,2,5,0,0.102843
4188,1980-04-26,2,8,0,0.102814
4189,1980-05-03,5,8,0,0.102786
4190,1980-05-10,2,7,0,0.102757
4191,1980-05-17,8,8,1,0.103007
4192,1980-05-24,5,5,1,0.103256
4193,1980-05-31,6,7,0,0.103228
4194,1980-06-07,3,4,0,0.103199
4195,1980-06-14,1,5,0,0.10317
4196,1980-06-21,1,4,0,0.103142
4197,1980-06-28,7,4,0,0.103113
4198,1980-07-05,3,7,0,0.103084
4199,1980-07-12,2,5,0,0.103056
4200,1980-07-19,1,8,0,0.103027
4201,1980-07-26,3,4,0,0.102998
4202,1980-08-02,4,5,0,0.10297
4203,1980-08-09,3,2,0,0.102941
4204,1980-08-16,5,5,1,0.10319
4205,1980-08-23,9,7,0,0.103161
4206,1980-08-30,7,1,0,0.103133
4207,1980-09-06,5,7,0,0.103104
4208,1980-09-13,8,7,0,0.103076
4209,1980-09-20,6,5,0,0.103047
4210,1980-09-27,4,4,1,0.103295
4211,1980-10-04,3,3,1,0.103544
4212,1980-10-11,7,5,0,0.103515
4213,1980-10-18,8,7,0,0.103486
4214,1980-10-25,1,5,0,0.103458
4215,1980-11-01,2,4,0,0.103429
4216,1980-11-08,3,8,0,0.103401
4217,1980-11-15,9,5,0,0.103372
4218,1980-11-22,8,1,0,0.103343
4219,1980-11-29,2,5,0,0.103315
4220,1980-12-06,6,8,0,0.103286
4221,1980-12-13,3,4,0,0.103258
4222,1980-12-20,9,5,0,0.103229
4223,1980-12-27,3,1,0,0.103201
4224,1981-01-03,5,5,1,0.103448
4225,1981-01-10,1,7,0,0.10342
4226,1981-01-17,4,4,1,0.103667
4227,1981-01-24,9,3,0,0.103638
4228,1981-01-31,1,1,1,0.103885
4229,1981-02-07,7,4,0,0.103857
4230,1981-02-14,6,7,0,0.103828
4231,1981-02-21,3,4,0,0.1038
4232,1981-02-28,3,5,0,0.103771
4233,1981-03-07,2,5,0,0.103742
4234,1981-03-14,9,8,0,0.103714
4235,1981-03-21,1,1,1,0.10396
4236,1981-03-28,8,4,0,0.103932
4237,1981-04-04,5,5,1,0.104178
4238,1981-04-11,9,7,0,0.104149
4239,1981-04-18,5,1,0,0.104121
4240,1981-04-25,8,7,0,0.104092
4241,1981-05-02,5,5,1,0.104338
4242,1981-05-09,3,7,0,0.10431
4243,1981-05-16,7,5,0,0.104281
4244,1981-05-23,3,7,0,0.104252
4245,1981-05-30,1,5,0,0.104224
4246,1981-06-06,4,4,1,0.104469
4247,1981-06-13,2,3,0,0.104441
4248,1981-06-20,1,8,0,0.104412
4249,1981-06-27,3,4,0,0.104384
4250,1981-07-04,5,5,1,0.104629
4251,1981-07-11,8,7,0,0.1046
4252,1981-07-18,5,5,1,0.104845
4253,1981-07-25,8,7,0,0.104817
4254,1981-08-01,9,5,0,0.104788
4255,1981-08-08,2,1,0,0.104759
4256,1981-08-15,1,8,0,0.104731
4257,1981-08-22,7,4,0,0.104702
4258,1981-08-29,5,3,0,0.104673
4259,1981-09-05,2,7,0,0.104645
4260,1981-09-12,4,8,0,0.104616
4261,1981-09-19,1,3,0,0.104588
4262,1981-09-26,3,4,0,0.104559
4263,1981-10-03,7,5,0,0.104531
4264,1981-10-10,5,3,0,0.104502
4265,1981-10-17,5,7,0,0.104474
4266,1981-10-24,7,7,1,0.104718
4267,1981-10-31,8,3,0,0.104689
4268,1981-11-07,3,5,0,0.104661
4269,1981-11-14,8,5,0,0.104632
4270,1981-11-21,4,5,0,0.104604
4271,1981-11-28,3,3,1,0.104847
4272,1981-12-05,1,5,0,0.104819
4273,1981-12-12,6,4,0,0.10479
4274,1981-12-19,3,4,0,0.104762
4275,1981-12-26,3,5,0,0.104733
4276,1982-01-02,7,5,0,0.104705
4277,1982-01-09,3,3,1,0.104948
4278,1982-01-16,4,5,0,0.10492
4279,1982-01-23,4,3,0,0.104891
4280,1982-01-30,3,3,1,0.105134
4281,1982-02-06,4,5,0,0.105106
4282,1982-02-13,9,3,0,0.105077
4283,1982-02-20,4,1,0,0.105049
4284,1982-02-27,6,3,0,0.10502
4285,1982-03-06,9,4,0,0.104992
4286,1982-03-13,5,1,0,0.104963
4287,1982-03-20,7,7,1,0.105206
4288,1982-03-27,9,3,0,0.105178
4289,1982-04-03,9,1,0,0.105149
4290,1982-04-10,1,1,1,0.105391
4291,1982-04-17,7,4,0,0.105363
4292,1982-04-24,4,3,0,0.105334
4293,1982-05-01,1,3,0,0.105306
4294,1982-05-08,4,4,1,0.105548
4295,1982-05-15,8,3,0,0.105519
4296,1982-05-22,1,5,0,0.105491
4297,1982-05-29,5,4,0,0.105462
4298,1982-06-05,6,7,0,0.105434
4299,1982-06-12,7,4,0,0.105405
4300,1982-06-19,3,3,1,0.105647
4301,1982-06-26,2,5,0,0.105619
4302,1982-07-03,7,8,0,0.10559
4303,1982-07-10,4,3,0,0.105562
4304,1982-07-17,2,3,0,0.105533
4305,1982-07-24,7,8,0,0.105505
4306,1982-07-31,2,3,0,0.105476
4307,1982-08-07,4,8,0,0.105448
4308,1982-08-14,8,3,0,0.105419
4309,1982-08-21,4,5,0,0.105391
4310,1982-08-28,2,3,0,0.105362
4311,1982-09-04,3,8,0,0.105334
4312,1982-09-11,4,5,0,0.105306
4313,1982-09-18,5,3,0,0.105277
4314,1982-09-25,9,7,0,0.105249
4315,1982-10-02,3,1,0,0.105221
4316,1982-10-09,6,5,0,0.105192
4317,1982-10-16,9,4,0,0.105164
4318,1982-10-23,1,1,1,0.105405
4319,1982-10-30,1,4,0,0.105376
4320,1982-11-06,1,4,0,0.105348
4321,1982-11-13,6,4,0,0.10532
4322,1982-11-20,2,4,0,0.105291
4323,1982-11-27,9,8,0,0.105263
4324,1982-12-04,5,1,0,0.105235
4325,1982-12-11,2,7,0,0.105207
4326,1982-12-18,5,8,0,0.105178
4327,1982-12-25,9,7,0,0.10515
4328,1983-01-01,7,1,0,0.105122
4329,1983-01-08,2,3,0,0.105094
4330,1983-01-15,2,8,0,0.105066
4331,1983-01-22,7,8,0,0.105038
4332,1983-01-29,1,3,0,0.105009
4333,1983-02-05,7,4,0,0.104981
4334,1983-02-12,8,3,0,0.104953
4335,1983-02-19,7,5,0,0.104925
4336,1983-02-26,6,3,0,0.104897
4337,1983-03-05,3,4,0,0.104869
4338,1983-03-12,6,5,0,0.104841
4339,1983-03-19,3,4,0,0.104813
4340,1983-03-26,4,5,0,0.104785
4341,1983-04-02,1,3,0,0.104757
4342,1983-04-09,6,4,0,0.104729
4343,1983-04-16,5,4,0,0.104701
4344,1983-04-23,6,7,0,0.104673
4345,1983-04-30,8,4,0,0.104645
4346,1983-05-07,7,5,0,0.104617
4347,1983-05-14,4,3,0,0.104589
4348,1983-05-21,4,3,0,0.104561
4349,1983-05-28,9,3,0,0.104533
4350,1983-06-04,9,1,0,0.104505
4351,1983-06-11,1,1,1,0.104744
4352,1983-06-18,8,4,0,0.104716
4353,1983-06-25,1,5,0,0.104688
4354,1983-07-02,8,4,0,0.10466
4355,1983-07-09,5,5,1,0.104899
4356,1983-07-16,2,7,0,0.104871
4357,1983-07-23,1,7,0,0.104843
4358,1983-07-30,1,4,0,0.104815
4359,1983-08-06,7,4,0,0.104787
4360,1983-08-13,6,3,0,0.104759
4361,1983-08-20,4,4,1,0.104997
4362,1983-08-27,6,3,0,0.104969
4363,1983-09-03,5,4,0,0.104942
4364,1983-09-10,1,7,0,0.104914
4365,1983-09-17,1,4,0,0.104886
4366,1983-09-24,3,4,0,0.104858
4367,1983-10-01,3,5,0,0.10483
4368,1983-10-08,6,5,0,0.104802
4369,1983-10-15,9,4,0,0.104775
4370,1983-10-22,3,1,0,0.104747
4371,1983-10-29,6,5,0,0.104719
4372,1983-11-05,6,4,0,0.104691
4373,1983-11-12,5,4,0,0.104663
4374,1983-11-19,6,7,0,0.104636
4375,1983-11-26,5,4,0,0.104608
4376,1983-12-03,5,7,0,0.10458
4377,1983-12-10,9,7,0,0.104553
4378,1983-12-17,5,1,0,0.104525
4379,1983-12-24,8,7,0,0.104497
4380,1983-12-31,2,5,0,0.10447
4381,1984-01-07,4,7,0,0.104442
4382,1984-01-14,5,3,0,0.104414
4383,1984-01-21,2,7,0,0.104387
4384,1984-01-28,1,7,0,0.104359
4385,1984-02-04,2,4,0,0.104332
4386,1984-02-11,3,7,0,0.104304
4387,1984-02-18,6,5,0,0.104277
4388,1984-02-25,1,4,0,0.104249
4389,1984-03-03,6,4,0,0.104222
4390,1984-03-10,1,4,0,0.104194
4391,1984-03-17,1,4,0,0.104167
4392,1984-03-24,4,4,1,0.104403
4393,1984-03-31,8,3,0,0.104375
4394,1984-04-07,9,5,0,0.104348
4395,1984-04-14,7,1,0,0.10432
4396,1984-04-21,9,3,0,0.104293
4397,1984-04-28,2,1,0,0.104265
4398,1984-05-05,2,3,0,0.104238
4399,1984-05-12,6,3,0,0.104211
4400,1984-05-19,7,4,0,0.104183
4401,1984-05-26,9,3,0,0.104156
4402,1984-06-02,3,1,0,0.104128
4403,1984-06-09,3,5,0,0.104101
4404,1984-06-16,1,5,0,0.104074
4405,1984-06-23,7,4,0,0.104046
4406,1984-06-30,7,3,0,0.104019
4407,1984-07-07,9,3,0,0.103992
4408,1984-07-14,9,1,0,0.103964
4409,1984-07-21,5,1,0,0.103937
4410,1984-07-28,5,7,0,0.10391
4411,1984-08-04,3,7,0,0.103882
4412,1984-08-11,7,5,0,0.103855
4413,1984-08-18,4,3,0,0.103828
4414,1984-08-25,9,3,0,0.103801
4415,1984-09-01,6,1,0,0.103774
4416,1984-09-08,6,4,0,0.103746
4417,1984-09-15,3,4,0,0.103719
4418,1984-09-22,2,5,0,0.103692
4419,1984-09-29,3,3,1,0.103927
4420,1984-10-06,4,5,0,0.1039
4421,1984-10-13,3,3,1,0.104134
4422,1984-10-20,7,5,0,0.104107
4423,1984-10-27,8,3,0,0.104079
4424,1984-11-03,1,5,0,0.104052
4425,1984-11-10,9,4,0,0.104025
4426,1984-11-17,8,1,0,0.103998
4427,1984-11-24,1,5,0,0.103971
4428,1984-12-01,4,4,1,0.104205
4429,1984-12-08,1,3,0,0.104178
4430,1984-12-15,9,4,0,0.10415
4431,1984-12-22,6,1,0,0.104123
4432,1984-12-29,1,4,0,0.104096
4433,1985-01-05,7,4,0,0.104069
4434,1985-01-12,8,3,0,0.104042
4435,1985-01-19,5,5,1,0.104275
4436,1985-01-26,7,7,1,0.104509
4437,1985-02-02,3,3,1,0.104742
4438,1985-02-09,3,5,0,0.104715
4439,1985-02-16,9,5,0,0.104688
4440,1985-02-23,6,1,0,0.10466
4441,1985-03-02,8,4,0,0.104633
4442,1985-03-09,6,5,0,0.104606
4443,1985-03-16,3,4,0,0.104579
4444,1985-03-23,1,5,0,0.104551
4445,1985-03-30,5,4,0,0.104524
4446,1985-04-06,8,7,0,0.104497
4447,1985-04-13,1,5,0,0.10447
4448,1985-04-20,9,4,0,0.104443
4449,1985-04-27,7,1,0,0.104416
4450,1985-05-04,8,3,0,0.104388
4451,1985-05-11,4,5,0,0.104361
4452,1985-05-18,6,3,0,0.104334
4453,1985-05-25,1,4,0,0.104307
4454,1985-06-01,6,4,0,0.10428
4455,1985-06-08,3,4,0,0.104253
4456,1985-06-15,4,5,0,0.104226
4457,1985-06-22,1,3,0,0.104199
4458,1985-06-29,2,4,0,0.104172
4459,1985-07-06,3,3,1,0.104404
4460,1985-07-13,6,5,0,0.104377
4461,1985-07-20,6,4,0,0.10435
4462,1985-07-27,8,4,0,0.104323
4463,1985-08-03,8,5,0,0.104296
4464,1985-08-10,5,5,1,0.104528
4465,1985-08-17,2,7,0,0.104501
4466,1985-08-24,3,3,1,0.104732
4467,1985-08-31,1,5,0,0.104705
4468,1985-09-07,9,4,0,0.104678
4469,1985-09-14,2,1,0,0.104651
4470,1985-09-21,4,3,0,0.104624
4471,1985-09-28,9,3,0,0.104597
4472,1985-10-05,5,1,0,0.10457
4473,1985-10-12,4,7,0,0.104543
4474,1985-10-19,8,3,0,0.104516
4475,1985-10-26,2,5,0,0.104489
4476,1985-11-02,1,3,0,0.104462
4477,1985-11-09,6,4,0,0.104435
4478,1985-11-16,8,4,0,0.104408
4479,1985-11-23,5,5,1,0.104639
4480,1985-11-30,5,7,0,0.104612
4481,1985-12-07,5,7,0,0.104585
4482,1985-12-14,7,7,1,0.104816
4483,1985-12-21,4,3,0,0.104789
4484,1985-12-28,6,3,0,0.104762
4485,1986-01-04,8,4,0,0.104735
4486,1986-01-11,4,5,0,0.104708
4487,1986-01-18,7,3,0,0.104681
4488,1986-01-25,3,3,1,0.104911
4489,1986-02-01,8,5,0,0.104884
4490,1986-02-08,1,5,0,0.104857
4491,1986-02-15,1,4,0,0.10483
4492,1986-02-22,7,4,0,0.104803
4493,1986-03-01,1,3,0,0.104777
4494,1986-03-08,6,4,0,0.10475
4495,1986-03-15,1,4,0,0.104723
4496,1986-03-22,9,4,0,0.104696
4497,1986-03-29,1,1,1,0.104926
4498,1986-04-05,3,4,0,0.104899
4499,1986-04-12,7,5,0,0.104872
4500,1986-04-19,7,3,0,0.104845
4501,1986-04-26,8,3,0,0.104818
4502,1986-05-03,8,5,0,0.104791
4503,1986-05-10,7,5,0,0.104764
4504,1986-05-17,4,3,0,0.104738
4505,1986-05-24,2,3,0,0.104711
4506,1986-05-31,1,3,0,0.104684
4507,1986-06-07,5,4,0,0.104657
4508,1986-06-14,5,7,0,0.10463
4509,1986-06-21,1,7,0,0.104604
4510,1986-06-28,2,4,0,0.104577
4511,1986-07-05,9,3,0,0.10455
4512,1986-07-12,2,1,0,0.104523
4513,1986-07-19,8,3,0,0.104497
4514,1986-07-26,1,5,0,0.10447
4515,1986-08-02,4,4,1,0.104699
4516,1986-08-09,3,3,1,0.104927
4517,1986-08-16,4,5,0,0.1049
4518,1986-08-23,4,3,0,0.104874
4519,1986-08-30,1,3,0,0.104847
4520,1986-09-06,1,4,0,0.10482
4521,1986-09-13,8,4,0,0.104793
4522,1986-09-20,7,5,0,0.104767
4523,1986-09-27,6,3,0,0.10474
4524,1986-10-04,5,4,0,0.104713
4525,1986-10-11,8,7,0,0.104687
4526,1986-10-18,6,5,0,0.10466
4527,1986-10-25,1,4,0,0.104633
4528,1986-11-01,1,4,0,0.104607
4529,1986-11-08,5,4,0,0.10458
4530,1986-11-15,3,7,0,0.104554
4531,1986-11-22,9,5,0,0.104527
4532,1986-11-29,6,1,0,0.1045
4533,1986-12-06,3,4,0,0.104474
4534,1986-12-13,8,5,0,0.104447
4535,1986-12-20,4,5,0,0.104421
4536,1986-12-27,1,3,0,0.104394
4537,1987-01-03,4,4,1,0.104622
4538,1987-01-10,6,3,0,0.104595
4539,1987-01-17,9,3,0,0.104569
4540,1987-01-24,8,1,0,0.104542
4541,1987-01-31,4,5,0,0.104515
4542,1987-02-07,9,3,0,0.104489
4543,1987-02-14,4,1,0,0.104462
4544,1987-02-21,8,3,0,0.104436
4545,1987-02-28,3,5,0,0.10441
4546,1987-03-07,2,5,0,0.104383
4547,1987-03-14,2,3,0,0.104357
4548,1987-03-21,4,3,0,0.10433
4549,1987-03-28,8,3,0,0.104304
4550,1987-04-04,8,5,0,0.104277
4551,1987-04-11,5,5,1,0.104504
4552,1987-04-18,2,7,0,0.104478
4553,1987-04-25,2,3,0,0.104451
4554,1987-05-02,4,3,0,0.104425
4555,1987-05-09,9,3,0,0.104398
4556,1987-05-16,1,1,1,0.104625
4557,1987-05-23,1,4,0,0.104598
4558,1987-05-30,6,4,0,0.104572
4559,1987-06-06,8,3,0,0.104545
4560,1987-06-13,1,5,0,0.104519
4561,1987-06-20,9,4,0,0.104493
4562,1987-06-27,6,1,0,0.104466
4563,1987-07-04,3,8,0,0.10444
4564,1987-07-11,7,5,0,0.104414
4565,1987-07-18,8,3,0,0.104387
4566,1987-07-25,1,5,0,0.104361
4567,1987-08-01,4,4,1,0.104587
4568,1987-08-08,3,3,1,0.104812
4569,1987-08-15,5,5,1,0.105038
4570,1987-08-22,4,7,0,0.105011
4571,1987-08-29,8,3,0,0.104985
4572,1987-09-05,5,5,1,0.10521
4573,1987-09-12,1,7,0,0.105184
4574,1987-09-19,2,4,0,0.105157
4575,1987-09-26,9,3,0,0.105131
4576,1987-10-03,7,1,0,0.105104
4577,1987-10-10,5,3,0,0.105078
4578,1987-10-17,6,7,0,0.105052
4579,1987-10-24,3,3,1,0.105276
4580,1987-10-31,8,5,0,0.10525
4581,1987-11-07,8,5,0,0.105224
4582,1987-11-14,5,5,1,0.105448
4583,1987-11-21,9,7,0,0.105422
4584,1987-11-28,9,1,0,0.105395
4585,1987-12-05,7,1,0,0.105369
4586,1987-12-12,7,3,0,0.105342
4587,1987-12-19,6,3,0,0.105316
4588,1987-12-26,9,3,0,0.10529
4589,1988-01-02,3,1,0,0.105263
4590,1988-01-09,1,5,0,0.105237
4591,1988-01-16,9,4,0,0.10521
4592,1988-01-23,9,1,0,0.105184
4593,1988-01-30,1,1,1,0.105408
4594,1988-02-06,9,4,0,0.105382
4595,1988-02-13,4,1,0,0.105355
4596,1988-02-20,1,3,0,0.105329
4597,1988-02-27,5,4,0,0.105303
4598,1988-03-05,3,7,0,0.105276
4599,1988-03-12,1,5,0,0.10525
4600,1988-03-19,2,4,0,0.105224
4601,1988-03-26,1,3,0,0.105197
4602,1988-04-02,3,4,0,0.105171
4603,1988-04-09,5,5,1,0.105395
4604,1988-04-16,2,7,0,0.105368
4605,1988-04-23,6,3,0,0.105342
4606,1988-04-30,9,3,0,0.105316
4607,1988-05-07,8,1,0,0.105289
4608,1988-05-14,1,5,0,0.105263
4609,1988-05-21,3,4,0,0.105237
4610,1988-05-28,7,5,0,0.105211
4611,1988-06-04,1,3,0,0.105184
4612,1988-06-11,7,4,0,0.105158
4613,1988-06-18,6,3,0,0.105132
4614,1988-06-25,5,3,0,0.105106
4615,1988-07-02,5,7,0,0.10508
4616,1988-07-09,6,7,0,0.105054
4617,1988-07-16,2,3,0,0.105027
4618,1988-07-23,6,3,0,0.105001
4619,1988-07-30,1,3,0,0.104975
4620,1988-08-06,3,4,0,0.104949
4621,1988-08-13,9,5,0,0.104923
4622,1988-08-20,2,1,0,0.104897
4623,1988-08-27,8,3,0,0.104871
4624,1988-09-03,6,5,0,0.104845
4625,1988-09-10,8,3,0,0.104819
4626,1988-09-17,1,5,0,0.104793
4627,1988-09-24,2,4,0,0.104767
4628,1988-10-01,3,3,1,0.104989
4629,1988-10-08,1,5,0,0.104963
4630,1988-10-15,7,4,0,0.104937
4631,1988-10-22,8,3,0,0.104911
4632,1988-10-29,9,5,0,0.104885
4633,1988-11-05,9,1,0,0.104859
4634,1988-11-12,4,1,0,0.104833
4635,1988-11-19,1,3,0,0.104807
4636,1988-11-26,4,4,1,0.105028
4637,1988-12-03,7,3,0,0.105002
4638,1988-12-10,7,3,0,0.104976
4639,1988-12-17,4,3,0,0.10495
4640,1988-12-24,9,3,0,0.104925
4641,1988-12-31,2,1,0,0.104899
4642,1989-01-07,4,3,0,0.104873
4643,1989-01-14,2,3,0,0.104847
4644,1989-01-21,2,3,0,0.104821
4645,1989-01-28,9,3,0,0.104795
4646,1989-02-04,8,1,0,0.104769
4647,1989-02-11,1,5,0,0.104743
4648,1989-02-18,1,4,0,0.104717
4649,1989-02-25,8,4,0,0.104691
4650,1989-03-04,1,5,0,0.104666
4651,1989-03-11,3,4,0,0.10464
4652,1989-03-18,3,5,0,0.104614
4653,1989-03-25,4,5,0,0.104588
4654,1989-04-01,5,3,0,0.104562
4655,1989-04-08,1,7,0,0.104536
4656,1989-04-15,4,4,1,0.104757
4657,1989-04-22,6,3,0,0.104731
4658,1989-04-29,8,3,0,0.104706
4659,1989-05-06,8,5,0,0.10468
4660,1989-05-13,1,5,0,0.104654
4661,1989-05-20,6,4,0,0.104628
4662,1989-05-27,4,8,0,0.104603
4663,1989-06-03,5,3,0,0.104577
4664,1989-06-10,6,7,0,0.104551
4665,1989-06-17,2,8,0,0.104525
4666,1989-06-24,3,3,1,0.104746
4667,1989-07-01,6,5,0,0.10472
4668,1989-07-08,7,8,0,0.104694
4669,1989-07-15,7,3,0,0.104668
4670,1989-07-22,6,7,0,0.104643
4671,1989-07-29,6,8,0,0.104617
4672,1989-08-05,7,8,0,0.104591
4673,1989-08-12,7,7,1,0.104811
4674,1989-08-19,1,7,0,0.104785
4675,1989-08-26,7,4,0,0.10476
4676,1989-09-02,7,7,1,0.104979
4677,1989-09-09,2,7,0,0.104953
4678,1989-09-16,3,3,1,0.105173
4679,1989-09-23,6,5,0,0.105147
4680,1989-09-30,3,8,0,0.105121
4681,1989-10-07,3,5,0,0.105096
4682,1989-10-14,3,5,0,0.10507
4683,1989-10-21,9,5,0,0.105044
4684,1989-10-28,7,1,0,0.105018
4685,1989-11-04,7,7,1,0.105237
4686,1989-11-11,3,7,0,0.105212
4687,1989-11-18,7,5,0,0.105186
4688,1989-11-25,3,7,0,0.10516
4689,1989-12-02,9,5,0,0.105134
4690,1989-12-09,2,1,0,0.105109
4691,1989-12-16,1,3,0,0.105083
4692,1989-12-23,7,4,0,0.105057
4693,1989-12-30,3,7,0,0.105032
4694,1990-01-06,5,5,1,0.10525
4695,1990-01-13,8,7,0,0.105225
4696,1990-01-20,8,5,0,0.105199
4697,1990-01-27,2,5,0,0.105173
4698,1990-02-03,4,3,0,0.105148
4699,1990-02-10,4,3,0,0.105122
4700,1990-02-17,1,3,0,0.105096
4701,1990-02-24,5,4,0,0.105071
4702,1990-03-03,3,7,0,0.105045
4703,1990-03-10,4,5,0,0.105019
4704,1990-03-17,3,3,1,0.105238
4705,1990-03-24,5,5,1,0.105455
4706,1990-03-31,6,7,0,0.10543
4707,1990-04-07,7,3,0,0.105404
4708,1990-04-14,8,7,0,0.105378
4709,1990-04-21,9,5,0,0.105353
4710,1990-04-28,8,1,0,0.105327
4711,1990-05-05,3,5,0,0.105302
4712,1990-05-12,1,5,0,0.105276
4713,1990-05-19,2,4,0,0.10525
4714,1990-05-26,2,3,0,0.105225
4715,1990-06-02,9,3,0,0.105199
4716,1990-06-09,8,1,0,0.105174
4717,1990-06-16,3,5,0,0.105148
4718,1990-06-23,2,5,0,0.105123
4719,1990-06-30,2,3,0,0.105097
4720,1990-07-07,4,3,0,0.105072
4721,1990-07-14,7,3,0,0.105046
4722,1990-07-21,5,7,0,0.105021
4723,1990-07-28,4,7,0,0.104995
4724,1990-08-04,3,3,1,0.105212
4725,1990-08-11,3,5,0,0.105187
4726,1990-08-18,2,5,0,0.105161
4727,1990-08-25,1,3,0,0.105136
4728,1990-09-01,1,4,0,0.10511
4729,1990-09-08,7,4,0,0.105085
4730,1990-09-15,9,7,0,0.105059
4731,1990-09-22,1,1,1,0.105276
4732,1990-09-29,8,4,0,0.10525
4733,1990-10-06,3,5,0,0.105225
4734,1990-10-13,1,5,0,0.1052
4735,1990-10-20,9,4,0,0.105174
4736,1990-10-27,6,1,0,0.105149
4737,1990-11-03,9,3,0,0.105123
4738,1990-11-10,3,1,0,0.105098
4739,1990-11-17,5,5,1,0.105314
4740,1990-11-24,7,7,1,0.10553
4741,1990-12-01,7,7,1,0.105746
4742,1990-12-08,5,7,0,0.10572
4743,1990-12-15,5,7,0,0.105695
4744,1990-12-22,6,7,0,0.105669
4745,1990-12-29,1,3,0,0.105644
4746,1991-01-05,3,4,0,0.105619
4747,1991-01-12,9,5,0,0.105593
4748,1991-01-19,2,1,0,0.105568
4749,1991-01-26,1,3,0,0.105542
4750,1991-02-02,3,4,0,0.105517
4751,1991-02-09,3,5,0,0.105491
4752,1991-02-16,1,5,0,0.105466
4753,1991-02-23,8,4,0,0.105441
4754,1991-03-02,5,5,1,0.105656
4755,1991-03-09,5,7,0,0.10563
4756,1991-03-16,2,7,0,0.105605
4757,1991-03-23,7,3,0,0.10558
4758,1991-03-30,7,7,1,0.105795
4759,1991-04-06,8,7,0,0.105769
4760,1991-04-13,5,5,1,0.105984
4761,1991-04-20,2,7,0,0.105959
4762,1991-04-27,5,3,0,0.105933
4763,1991-05-04,1,7,0,0.105908
4764,1991-05-11,1,4,0,0.105882
4765,1991-05-18,1,4,0,0.105857
4766,1991-05-25,7,4,0,0.105832
4767,1991-06-01,1,7,0,0.105806
4768,1991-06-08,4,4,1,0.106021
4769,1991-06-15,3,3,1,0.106235
4770,1991-06-22,8,5,0,0.10621
4771,1991-06-29,9,5,0,0.106184
4772,1991-07-06,9,1,0,0.106159
4773,1991-07-13,9,1,0,0.106133
4774,1991-07-20,4,1,0,0.106108
4775,1991-07-27,5,3,0,0.106082
4776,1991-08-03,9,7,0,0.106057
4777,1991-08-10,1,1,1,0.106271
4778,1991-08-17,9,4,0,0.106246
4779,1991-08-24,2,1,0,0.10622
4780,1991-08-31,6,3,0,0.106195
4781,1991-09-07,3,3,1,0.106408
4782,1991-09-14,3,5,0,0.106383
4783,1991-09-21,1,5,0,0.106358
4784,1991-09-28,3,4,0,0.106332
4785,1991-10-05,8,5,0,0.106307
4786,1991-10-12,4,5,0,0.106281
4787,1991-10-19,3,3,1,0.106495
4788,1991-10-26,9,5,0,0.106469
4789,1991-11-02,9,1,0,0.106444
4790,1991-11-09,6,1,0,0.106419
4791,1991-11-16,4,3,0,0.106393
4792,1991-11-23,4,3,0,0.106368
4793,1991-11-30,5,3,0,0.106342
4794,1991-12-07,2,7,0,0.106317
4795,1991-12-14,7,3,0,0.106292
4796,1991-12-21,1,7,0,0.106266
4797,1991-12-28,7,4,0,0.106241
4798,1992-01-04,3,7,0,0.106216
4799,1992-01-11,2,5,0,0.10619
4800,1992-01-18,2,3,0,0.106165
4801,1992-01-25,1,3,0,0.10614
4802,1992-02-01,7,4,0,0.106115
4803,1992-02-08,9,7,0,0.106089
4804,1992-02-15,2,1,0,0.106064
4805,1992-02-22,4,3,0,0.106039
4806,1992-02-29,8,3,0,0.106014
4807,1992-03-08,2,5,0,0.105989
4808,1992-03-14,2,3,0,0.105963
4809,1992-03-21,2,3,0,0.105938
4810,1992-03-28,5,2,0,0.105913
4811,1992-04-04,6,7,0,0.105888
4812,1992-04-11,2,3,0,0.105863
4813,1992-04-18,7,2,0,0.105838
4814,1992-04-25,8,7,0,0.105813
4815,1992-05-02,4,5,0,0.105787
4816,1992-05-09,3,3,1,0.106
4817,1992-05-16,4,5,0,0.105974
4818,1992-05-23,1,3,0,0.105949
4819,1992-05-30,7,4,0,0.105924
4820,1992-06-06,3,7,0,0.105899
4821,1992-06-13,5,5,1,0.106111
4822,1992-06-20,5,7,0,0.106086
4823,1992-06-27,4,7,0,0.106061
4824,1992-07-04,1,3,0,0.106036
4825,1992-07-11,5,4,0,0.10601
4826,1992-07-18,8,7,0,0.105985
4827,1992-07-25,1,5,0,0.10596
4828,1992-08-01,8,4,0,0.105935
4829,1992-08-08,5,5,1,0.106147
4830,1992-08-15,8,7,0,0.106121
4831,1992-08-22,3,5,0,0.106096
4832,1992-08-29,2,5,0,0.106071
4833,1992-09-05,7,2,0,0.106046
4834,1992-09-12,6,7,0,0.106021
4835,1992-09-19,3,3,1,0.106232
4836,1992-09-26,6,5,0,0.106207
4837,1992-10-03,6,3,0,0.106182
4838,1992-10-10,6,3,0,0.106157
4839,1992-10-17,3,3,1,0.106368
4840,1992-10-24,7,5,0,0.106343
4841,1992-10-31,7,7,1,0.106554
4842,1992-11-07,1,7,0,0.106528
4843,1992-11-14,2,4,0,0.106503
4844,1992-11-21,8,2,0,0.106478
4845,1992-11-28,2,5,0,0.106453
4846,1992-12-05,2,2,1,0.106664
4847,1992-12-12,5,2,0,0.106638
4848,1992-12-19,9,7,0,0.106613
4849,1992-12-26,6,1,0,0.106588
4850,1993-01-02,3,3,1,0.106798
4851,1993-01-09,7,5,0,0.106773
4852,1993-01-16,7,7,1,0.106983
4853,1993-01-23,9,7,0,0.106958
4854,1993-01-30,9,1,0,0.106933
4855,1993-02-06,9,1,0,0.106908
4856,1993-02-13,5,1,0,0.106883
4857,1993-02-20,1,7,0,0.106858
4858,1993-02-27,7,4,0,0.106833
4859,1993-03-06,4,7,0,0.106808
4860,1993-03-13,4,3,0,0.106782
4861,1993-03-20,9,3,0,0.106757
4862,1993-03-27,5,1,0,0.106732
4863,1993-04-03,6,7,0,0.106707
4864,1993-04-10,9,3,0,0.106682
4865,1993-04-17,3,1,0,0.106657
4866,1993-04-24,4,5,0,0.106632
4867,1993-05-03,9,3,0,0.106607
4868,1993-05-08,8,1,0,0.106582
4869,1993-05-15,7,5,0,0.106557
4870,1993-05-22,5,7,0,0.106532
4871,1993-05-29,3,7,0,0.106507
4872,1993-06-05,9,5,0,0.106483
4873,1993-06-12,1,1,1,0.106692
4874,1993-06-19,9,7,0,0.106667
4875,1993-06-26,6,1,0,0.106642
4876,1993-07-03,4,3,0,0.106617
4877,1993-07-10,6,3,0,0.106592
4878,1993-07-17,9,3,0,0.106567
4879,1993-07-24,9,1,0,0.106542
4880,1993-07-31,4,1,0,0.106517
4881,1993-08-07,3,3,1,0.106726
4882,1993-08-14,1,5,0,0.106701
4883,1993-08-21,1,7,0,0.106676
4884,1993-08-28,1,7,0,0.106651
4885,1993-09-04,9,7,0,0.106626
4886,1993-09-11,6,1,0,0.106601
4887,1993-09-18,1,3,0,0.106576
4888,1993-09-25,7,7,1,0.106785
4889,1993-10-02,3,7,0,0.10676
4890,1993-10-09,9,5,0,0.106735
4891,1993-10-16,4,1,0,0.10671
4892,1993-10-23,2,3,0,0.106685
4893,1993-10-30,9,2,0,0.10666
4894,1993-11-06,5,1,0,0.106636
4895,1993-11-13,8,7,0,0.106611
4896,1993-11-20,5,5,1,0.106819
4897,1993-11-27,5,7,0,0.106794
4898,1993-12-04,5,7,0,0.106769
4899,1993-12-11,5,7,0,0.106744
4900,1993-12-18,8,7,0,0.106719
4901,1993-12-27,5,5,1,0.106927
4902,1994-01-03,1,7,0,0.106902
4903,1994-01-08,1,7,0,0.106877
4904,1994-01-15,1,7,0,0.106852
4905,1994-01-22,4,7,0,0.106828
4906,1994-01-29,6,3,0,0.106803
4907,1994-02-05,2,3,0,0.106778
4908,1994-02-12,4,2,0,0.106753
4909,1994-02-19,9,3,0,0.106729
4910,1994-02-26,8,1,0,0.106704
4911,1994-03-05,9,5,0,0.106679
4912,1994-03-12,4,1,0,0.106654
4913,1994-03-19,9,3,0,0.10663
4914,1994-03-26,2,1,0,0.106605
4915,1994-04-02,8,2,0,0.10658
4916,1994-04-09,7,5,0,0.106555
4917,1994-04-16,6,7,0,0.106531
4918,1994-04-23,1,3,0,0.106506
4919,1994-04-30,4,7,0,0.106481
4920,1994-05-07,2,3,0,0.106457
4921,1994-05-14,1,2,0,0.106432
4922,1994-05-21,2,4,0,0.106408
4923,1994-05-28,8,2,0,0.106383
4924,1994-06-04,4,5,0,0.106358
4925,1994-06-11,2,3,0,0.106334
4926,1994-06-18,7,2,0,0.106309
4927,1994-06-25,2,7,0,0.106285
4928,1994-07-02,5,2,0,0.10626
4929,1994-07-09,8,7,0,0.106236
4930,1994-07-16,2,5,0,0.106211
4931,1994-07-23,4,2,0,0.106187
4932,1994-07-30,4,3,0,0.106162
4933,1994-08-06,1,3,0,0.106138
4934,1994-08-13,1,4,0,0.106113
4935,1994-08-20,1,4,0,0.106089
4936,1994-08-27,7,4,0,0.106064
4937,1994-09-03,8,7,0,0.10604
4938,1994-09-10,7,5,0,0.106015
4939,1994-09-17,6,7,0,0.105991
4940,1994-09-24,1,3,0,0.105966
4941,1994-10-01,5,7,0,0.105942
4942,1994-10-08,9,7,0,0.105918
4943,1994-10-15,5,1,0,0.105893
4944,1994-10-22,4,7,0,0.105869
4945,1994-10-29,7,3,0,0.105844
4946,1994-11-05,1,7,0,0.10582
4947,1994-11-12,7,7,1,0.106026
4948,1994-11-19,4,7,0,0.106001
4949,1994-11-26,3,3,1,0.106207
4950,1994-12-03,1,5,0,0.106182
4951,1994-12-10,5,7,0,0.106158
4952,1994-12-17,1,7,0,0.106134
4953,1994-12-24,7,7,1,0.106339
4954,1994-12-31,8,7,0,0.106315
4955,1995-01-07,3,5,0,0.10629
4956,1995-01-14,6,5,0,0.106266
4957,1995-01-21,2,3,0,0.106241
4958,1995-01-28,9,2,0,0.106217
4959,1995-02-04,1,1,1,0.106422
4960,1995-02-11,7,7,1,0.106627
4961,1995-02-18,5,7,0,0.106602
4962,1995-02-25,4,7,0,0.106578
4963,1995-03-04,6,3,0,0.106554
4964,1995-03-11,7,3,0,0.106529
4965,1995-03-18,9,7,0,0.106505
4966,1995-03-25,9,1,0,0.10648
4967,1995-04-01,6,1,0,0.106456
4968,1995-04-08,4,3,0,0.106432
4969,1995-04-15,9,3,0,0.106407
4970,1995-04-22,5,1,0,0.106383
4971,1995-04-29,9,7,0,0.106359
4972,1995-05-06,7,1,0,0.106334
4973,1995-05-13,8,7,0,0.10631
4974,1995-05-20,8,5,0,0.106286
4975,1995-05-27,5,5,1,0.10649
4976,1995-06-03,2,7,0,0.106466
4977,1995-06-10,6,2,0,0.106441
4978,1995-06-17,9,3,0,0.106417
4979,1995-06-24,9,1,0,0.106393
4980,1995-07-01,6,1,0,0.106368
4981,1995-07-08,5,3,0,0.106344
4982,1995-07-15,3,7,0,0.10632
4983,1995-07-22,3,5,0,0.106296
4984,1995-07-29,5,5,1,0.106499
4985,1995-08-05,6,7,0,0.106475
4986,1995-08-12,1,3,0,0.106451
4987,1995-08-19,1,7,0,0.106427
4988,1995-08-26,9,7,0,0.106402
4989,1995-09-02,2,1,0,0.106378
4990,1995-09-09,5,2,0,0.106354
4991,1995-09-16,8,7,0,0.10633
4992,1995-09-23,2,5,0,0.106305
4993,1995-09-30,2,2,1,0.106509
4994,1995-10-07,9,2,0,0.106485
4995,1995-10-14,2,1,0,0.10646
4996,1995-10-21,9,2,0,0.106436
4997,1995-10-28,9,1,0,0.106412
4998,1995-11-04,8,1,0,0.106388
4999,1995-11-11,6,5,0,0.106364
5000,1995-11-18,2,3,0,0.106339
5001,1995-11-25,7,2,0,0.106315
5002,1995-12-02,5,7,0,0.106291
5003,1995-12-09,3,7,0,0.106267
5004,1995-12-16,2,5,0,0.106243
5005,1995-12-23,3,2,0,0.106219
5006,1995-12-30,7,5,0,0.106195
5007,1996-01-08,5,7,0,0.106171
5008,1996-01-13,6,7,0,0.106147
5009,1996-01-20,6,3,0,0.106122
5010,1996-01-27,6,3,0,0.106098
5011,1996-02-03,1,3,0,0.106074
5012,1996-02-10,8,7,0,0.10605
5013,1996-02-17,2,5,0,0.106026
5014,1996-02-24,5,2,0,0.106002
5015,1996-03-02,6,7,0,0.105978
5016,1996-03-09,4,3,0,0.105954
5017,1996-03-16,3,3,1,0.106157
5018,1996-03-23,7,5,0,0.106133
5019,1996-03-30,5,7,0,0.106109
5020,1996-04-06,1,7,0,0.106085
5021,1996-04-13,4,7,0,0.106061
5022,1996-04-20,5,3,0,0.106037
5023,1996-04-27,2,7,0,0.106013
5024,1996-05-04,1,2,0,0.105989
5025,1996-05-11,1,7,0,0.105965
5026,1996-05-18,4,7,0,0.105941
5027,1996-05-25,6,3,0,0.105917
5028,1996-06-01,8,3,0,0.105893
5029,1996-06-08,2,5,0,0.105869
5030,1996-06-15,5,2,0,0.105845
5031,1996-06-22,5,7,0,0.105821
5032,1996-06-29,8,7,0,0.105797
5033,1996-07-06,9,5,0,0.105774
5034,1996-07-13,1,1,1,0.105975
5035,1996-07-20,4,7,0,0.105951
5036,1996-07-27,6,3,0,0.105927
5037,1996-08-03,7,3,0,0.105904
5038,1996-08-10,1,7,0,0.10588
5039,1996-08-17,3,7,0,0.105856
5040,1996-08-24,5,5,1,0.106057
5041,1996-08-30,2,7,0,0.106033
5042,1996-09-07,4,2,0,0.106009
5043,1996-09-14,5,3,0,0.105986
5044,1996-09-21,2,7,0,0.105962
5045,1996-09-28,3,2,0,0.105938
5046,1996-10-05,8,5,0,0.105914
5047,1996-10-12,5,5,1,0.106115
5048,1996-10-19,9,7,0,0.106091
5049,1996-10-26,7,1,0,0.106067
5050,1996-11-02,6,7,0,0.106044
5051,1996-11-09,9,3,0,0.10602
5052,1996-11-16,7,1,0,0.105996
5053,1996-11-23,2,7,0,0.105972
5054,1996-11-30,4,2,0,0.105948
5055,1996-12-07,3,3,1,0.106149
5056,1996-12-14,9,5,0,0.106125
5057,1996-12-21,6,1,0,0.106101
5058,1996-12-28,5,3,0,0.106078
5059,1997-01-04,4,7,0,0.106054
5060,1997-01-11,3,3,1,0.106254
5061,1997-01-18,7,5,0,0.10623
5062,1997-01-25,9,7,0,0.106207
5063,1997-02-01,1,1,1,0.106407
5064,1997-02-08,9,7,0,0.106383
5065,1997-02-15,6,1,0,0.106359
5066,1997-02-22,5,3,0,0.106335
5067,1997-03-01,9,7,0,0.106312
5068,1997-03-08,4,1,0,0.106288
5069,1997-03-12,3,3,1,0.106488
5070,1997-03-15,2,5,0,0.106464
5071,1997-03-19,1,2,0,0.10644
5072,1997-03-22,6,7,0,0.106416
5073,1997-03-26,3,3,1,0.106616
5074,1997-03-29,1,5,0,0.106592
5075,1997-04-02,7,7,1,0.106792
5076,1997-04-05,2,7,0,0.106768
5077,1997-04-09,3,2,0,0.106744
5078,1997-04-12,2,5,0,0.10672
5079,1997-04-16,2,3,0,0.106696
5080,1997-04-19,1,2,0,0.106673
5081,1997-04-23,4,7,0,0.106649
5082,1997-04-26,4,3,0,0.106625
5083,1997-04-30,8,3,0,0.106601
5084,1997-05-03,9,5,0,0.106577
5085,1997-05-07,6,1,0,0.106554
5086,1997-05-10,7,3,0,0.10653
5087,1997-05-14,1,7,0,0.106506
5088,1997-05-17,8,7,0,0.106483
5089,1997-05-21,9,5,0,0.106459
5090,1997-05-24,2,1,0,0.106435
5091,1997-05-28,1,2,0,0.106411
5092,1997-05-31,4,7,0,0.106388
5093,1997-06-04,7,3,0,0.106364
5094,1997-06-07,7,7,1,0.106563
5095,1997-06-11,5,7,0,0.106539
5096,1997-06-14,3,7,0,0.106515
5097,1997-06-18,7,5,0,0.106492
5098,1997-06-21,8,7,0,0.106468
5099,1997-06-25,8,5,0,0.106444
5100,1997-06-28,9,5,0,0.106421
5101,1997-07-02,4,1,0,0.106397
5102,1997-07-05,5,3,0,0.106374
5103,1997-07-09,3,7,0,0.10635
5104,1997-07-12,8,5,0,0.106326
5105,1997-07-16,6,5,0,0.106303
5106,1997-07-19,5,3,0,0.106279
5107,1997-07-23,9,7,0,0.106256
5108,1997-07-26,9,1,0,0.106232
5109,1997-07-30,1,1,1,0.10643
5110,1997-08-02,5,4,0,0.106407
5111,1997-08-06,2,7,0,0.106383
5112,1997-08-09,6,2,0,0.106359
5113,1997-08-13,6,3,0,0.106336
5114,1997-08-16,8,3,0,0.106312
5115,1997-08-20,4,5,0,0.106289
5116,1997-08-23,8,3,0,0.106265
5117,1997-08-27,6,5,0,0.106242
5118,1997-08-30,4,3,0,0.106218
5119,1997-09-03,9,3,0,0.106195
5120,1997-09-06,7,1,0,0.106171
5121,1997-09-10,1,7,0,0.106148
5122,1997-09-13,4,4,1,0.106345
5123,1997-09-17,9,3,0,0.106322
5124,1997-09-20,2,1,0,0.106298
5125,1997-09-24,8,2,0,0.106275
5126,1997-09-27,7,5,0,0.106251
5127,1997-10-01,5,7,0,0.106228
5128,1997-10-04,9,7,0,0.106204
5129,1997-10-08,4,1,0,0.106181
5130,1997-10-11,1,3,0,0.106158
5131,1997-10-15,7,4,0,0.106134
5132,1997-10-18,8,7,0,0.106111
5133,1997-10-22,5,5,1,0.106308
5134,1997-10-25,7,7,1,0.106505
5135,1997-10-29,5,7,0,0.106481
5136,1997-11-03,5,7,0,0.106458
5137,1997-11-05,8,7,0,0.106435
5138,1997-11-08,1,5,0,0.106411
5139,1997-11-12,9,4,0,0.106388
5140,1997-11-15,5,1,0,0.106364
5141,1997-11-19,4,7,0,0.106341
5142,1997-11-22,9,3,0,0.106317
5143,1997-11-26,8,1,0,0.106294
5144,1997-11-29,8,5,0,0.106271
5145,1997-12-03,9,5,0,0.106247
5146,1997-12-06,8,1,0,0.106224
5147,1997-12-10,1,5,0,0.106201
5148,1997-12-13,7,4,0,0.106177
5149,1997-12-17,3,7,0,0.106154
5150,1997-12-20,3,5,0,0.106131
5151,1997-12-24,4,5,0,0.106107
5152,1997-12-27,5,3,0,0.106084
5153,1997-12-31,3,7,0,0.106061
5154,1998-01-03,8,5,0,0.106037
5155,1998-01-07,2,5,0,0.106014
5156,1998-01-10,1,2,0,0.105991
5157,1998-01-14,3,7,0,0.105968
5158,1998-01-17,9,5,0,0.105944
5159,1998-01-21,7,1,0,0.105921
5160,1998-01-24,1,7,0,0.105898
5161,1998-01-27,5,7,0,0.105875
5162,1998-01-31,2,7,0,0.105851
5163,1998-02-04,9,1,0,0.105828
5164,1998-02-07,3,1,0,0.105805
5165,1998-02-11,6,5,0,0.105782
5166,1998-02-14,3,3,1,0.105978
5167,1998-02-18,5,5,1,0.106173
5168,1998-02-21,2,7,0,0.10615
5169,1998-02-25,3,1,0,0.106127
5170,1998-02-28,8,5,0,0.106104
5171,1998-03-04,4,5,0,0.10608
5172,1998-03-07,9,3,0,0.106057
5173,1998-03-11,7,1,0,0.106034
5174,1998-03-14,2,7,0,0.106011
5175,1998-03-18,5,1,0,0.105988
5176,1998-03-21,1,7,0,0.105965
5177,1998-03-25,2,7,0,0.105941
5178,1998-03-28,5,1,0,0.105918
5179,1998-04-01,6,7,0,0.105895
5180,1998-04-04,4,3,0,0.105872
5181,1998-04-08,8,3,0,0.105849
5182,1998-04-11,9,5,0,0.105826
5183,1998-04-15,8,1,0,0.105803
5184,1998-04-18,8,5,0,0.10578
5185,1998-04-22,7,5,0,0.105757
5186,1998-04-27,8,7,0,0.105734
5187,1998-04-29,6,5,0,0.105711
5188,1998-05-02,8,3,0,0.105688
5189,1998-05-06,7,5,0,0.105664
5190,1998-05-09,2,7,0,0.105641
5191,1998-05-13,6,1,0,0.105618
5192,1998-05-16,9,3,0,0.105595
5193,1998-05-20,9,1,0,0.105572
5194,1998-05-23,1,1,1,0.105767
5195,1998-05-27,3,7,0,0.105744
5196,1998-05-30,8,5,0,0.105721
5197,1998-06-03,9,5,0,0.105698
5198,1998-06-06,4,1,0,0.105675
5199,1998-06-10,3,3,1,0.10587
5200,1998-06-13,7,5,0,0.105847
5201,1998-06-17,4,7,0,0.105824
5202,1998-06-20,5,3,0,0.105801
5203,1998-06-24,5,7,0,0.105778
5204,1998-06-27,1,7,0,0.105755
5205,1998-07-01,9,7,0,0.105732
5206,1998-07-04,8,1,0,0.105709
5207,1998-07-08,7,5,0,0.105686
5208,1998-07-11,9,7,0,0.105663
5209,1998-07-15,1,1,1,0.105857
5210,1998-07-18,2,7,0,0.105834
5211,1998-07-22,2,1,0,0.105811
5212,1998-07-25,2,2,1,0.106005
5213,1998-07-29,5,2,0,0.105982
5214,1998-08-01,5,7,0,0.105959
5215,1998-08-05,8,7,0,0.105936
5216,1998-08-08,3,5,0,0.105913
5217,1998-08-12,8,5,0,0.10589
5218,1998-08-17,4,5,0,0.105867
5219,1998-08-19,2,3,0,0.105844
5220,1998-08-22,4,2,0,0.105821
5221,1998-08-26,6,3,0,0.105798
5222,1998-08-29,9,3,0,0.105775
5223,1998-09-02,4,1,0,0.105753
5224,1998-09-05,9,3,0,0.10573
5225,1998-09-09,9,1,0,0.105707
5226,1998-09-12,9,1,0,0.105684
5227,1998-09-16,5,1,0,0.105661
5228,1998-09-19,8,7,0,0.105638
5229,1998-09-23,4,5,0,0.105616
5230,1998-09-26,5,3,0,0.105593
5231,1998-09-30,2,7,0,0.10557
5232,1998-10-03,4,2,0,0.105547
5233,1998-10-07,8,3,0,0.105524
5234,1998-10-10,6,5,0,0.105502
5235,1998-10-14,3,3,1,0.105695
5236,1998-10-17,5,5,1,0.105887
5237,1998-10-21,8,7,0,0.105865
5238,1998-10-24,6,5,0,0.105842
5239,1998-10-28,2,3,0,0.105819
5240,1998-10-31,4,2,0,0.105796
5241,1998-11-04,2,3,0,0.105773
5242,1998-11-07,3,2,0,0.105751
5243,1998-11-11,2,5,0,0.105728
5244,1998-11-14,3,2,0,0.105705
5245,1998-11-18,8,5,0,0.105682
5246,1998-11-21,8,5,0,0.10566
5247,1998-11-25,3,5,0,0.105637
5248,1998-11-28,9,5,0,0.105614
5249,1998-12-02,2,1,0,0.105591
5250,1998-12-05,1,3,0,0.105569
5251,1998-12-09,5,7,0,0.105546
5252,1998-12-12,5,7,0,0.105523
5253,1998-12-16,2,7,0,0.105501
5254,1998-12-19,6,3,0,0.105478
5255,1998-12-23,3,3,1,0.10567
5256,1998-12-28,9,5,0,0.105647
5257,1998-12-30,5,1,0,0.105625
5258,1999-01-02,4,7,0,0.105602
5259,1999-01-07,3,3,1,0.105794
5260,1999-01-09,9,5,0,0.105771
5261,1999-01-13,7,1,0,0.105749
5262,1999-01-16,9,7,0,0.105726
5263,1999-01-20,8,1,0,0.105703
5264,1999-01-23,5,5,1,0.105895
5265,1999-01-27,6,7,0,0.105872
5266,1999-01-30,9,3,0,0.10585
5267,1999-02-03,9,1,0,0.105827
5268,1999-02-06,9,1,0,0.105804
5269,1999-02-10,9,1,0,0.105782
5270,1999-02-13,5,1,0,0.105759
5271,1999-02-17,6,6,1,0.10595
5272,1999-02-20,4,3,0,0.105928
5273,1999-02-24,4,3,0,0.105905
5274,1999-02-27,6,3,0,0.105882
5275,1999-03-03,8,3,0,0.10586
5276,1999-03-06,3,5,0,0.105837
5277,1999-03-10,3,5,0,0.105814
5278,1999-03-13,1,5,0,0.105792
5279,1999-03-17,4,7,0,0.105769
5280,1999-03-20,3,3,1,0.10596
5281,1999-03-24,1,5,0,0.105938
5282,1999-03-27,8,4,0,0.105915
5283,1999-03-31,7,5,0,0.105892
5284,1999-04-03,7,7,1,0.106083
5285,1999-04-07,2,7,0,0.106061
5286,1999-04-10,1,3,0,0.106038
5287,1999-04-14,6,4,0,0.106015
5288,1999-04-17,7,3,0,0.105993
5289,1999-04-21,7,7,1,0.106183
5290,1999-04-24,2,7,0,0.106161
5291,1999-04-28,7,1,0,0.106138
5292,1999-05-03,7,7,1,0.106329
5293,1999-05-05,3,7,0,0.106306
5294,1999-05-08,9,5,0,0.106283
5295,1999-05-12,9,1,0,0.106261
5296,1999-05-15,1,9,0,0.106238
5297,1999-05-19,9,4,0,0.106215
5298,1999-05-22,7,1,0,0.106193
5299,1999-05-26,5,7,0,0.10617
5300,1999-05-29,7,6,0,0.106148
5301,1999-06-02,2,7,0,0.106125
5302,1999-06-05,8,1,0,0.106102
5303,1999-06-09,6,5,0,0.10608
5304,1999-06-12,9,3,0,0.106057
5305,1999-06-16,4,1,0,0.106035
5306,1999-06-19,9,3,0,0.106012
5307,1999-06-23,6,1,0,0.10599
5308,1999-06-26,9,3,0,0.105967
5309,1999-06-30,8,1,0,0.105945
5310,1999-07-03,1,5,0,0.105922
5311,1999-07-07,3,4,0,0.1059
5312,1999-07-10,2,5,0,0.105877
5313,1999-07-14,6,1,0,0.105855
5314,1999-07-17,7,3,0,0.105832
5315,1999-07-21,2,7,0,0.10581
5316,1999-07-24,9,1,0,0.105788
5317,1999-07-28,6,1,0,0.105765
5318,1999-07-31,9,3,0,0.105743
5319,1999-08-04,1,1,1,0.105932
5320,1999-08-07,9,4,0,0.10591
5321,1999-08-11,6,1,0,0.105887
5322,1999-08-14,8,3,0,0.105865
5323,1999-08-18,6,5,0,0.105843
5324,1999-08-21,4,3,0,0.10582
5325,1999-08-25,8,3,0,0.105798
5326,1999-08-28,6,5,0,0.105775
5327,1999-09-01,8,3,0,0.105753
5328,1999-09-04,8,5,0,0.105731
5329,1999-09-08,5,5,1,0.10592
5330,1999-09-11,3,6,0,0.105897
5331,1999-09-15,9,5,0,0.105875
5332,1999-09-18,8,1,0,0.105853
5333,1999-09-22,9,5,0,0.10583
5334,1999-09-25,9,1,0,0.105808
5335,1999-09-29,6,1,0,0.105785
5336,1999-10-02,6,3,0,0.105763
5337,1999-10-06,3,3,1,0.105952
5338,1999-10-09,5,5,1,0.106141
5339,1999-10-13,8,6,0,0.106118
5340,1999-10-16,7,5,0,0.106096
5341,1999-10-20,1,7,0,0.106073
5342,1999-10-23,3,4,0,0.106051
5343,1999-10-27,4,5,0,0.106029
5344,1999-10-30,3,3,1,0.106217
5345,1999-11-03,4,5,0,0.106195
5346,1999-11-06,2,3,0,0.106172
5347,1999-11-10,4,1,0,0.10615
5348,1999-11-13,3,3,1,0.106338
5349,1999-11-17,2,5,0,0.106316
5350,1999-11-20,8,1,0,0.106293
5351,1999-11-24,2,5,0,0.106271
5352,1999-11-27,1,1,1,0.106459
5353,1999-12-01,2,4,0,0.106437
5354,1999-12-04,4,1,0,0.106414
5355,1999-12-09,4,3,0,0.106392
5356,1999-12-11,9,3,0,0.10637
5357,1999-12-15,4,1,0,0.106347
5358,1999-12-18,9,3,0,0.106325
5359,1999-12-22,6,1,0,0.106303
5360,1999-12-27,3,3,1,0.10649
5361,1999-12-29,2,5,0,0.106468
5362,2000-01-03,7,1,0,0.106446
5363,2000-01-05,2,7,0,0.106423
5364,2000-01-08,1,1,1,0.106611
5365,2000-01-12,6,4,0,0.106588
5366,2000-01-15,1,3,0,0.106566
5367,2000-01-19,1,4,0,0.106544
5368,2000-01-22,6,4,0,0.106521
5369,2000-01-26,3,3,1,0.106709
5370,2000-01-29,9,5,0,0.106686
5371,2000-02-02,6,1,0,0.106664
5372,2000-02-05,2,3,0,0.106642
5373,2000-02-09,9,1,0,0.106619
5374,2000-02-12,9,1,0,0.106597
5375,2000-02-16,2,9,0,0.106575
5376,2000-02-19,7,1,0,0.106552
5377,2000-02-23,1,7,0,0.10653
5378,2000-02-26,5,4,0,0.106508
5379,2000-03-01,2,6,0,0.106485
5380,2000-03-04,5,1,0,0.106463
5381,2000-03-08,7,6,0,0.106441
5382,2000-03-11,8,7,0,0.106419
5383,2000-03-15,5,5,1,0.106605
5384,2000-03-18,7,7,1,0.106792
5385,2000-03-22,2,7,0,0.10677
5386,2000-03-25,3,1,0,0.106747
5387,2000-03-29,4,5,0,0.106725
5388,2000-04-01,3,3,1,0.106912
5389,2000-04-05,8,5,0,0.106889
5390,2000-04-08,2,5,0,0.106867
5391,2000-04-12,8,1,0,0.106845
5392,2000-04-15,3,5,0,0.106822
5393,2000-04-19,9,5,0,0.1068
5394,2000-04-22,4,9,0,0.106778
5395,2000-04-26,7,3,0,0.106756
5396,2000-04-29,4,7,0,0.106733
5397,2000-05-03,9,3,0,0.106711
5398,2000-05-06,8,9,0,0.106689
5399,2000-05-10,4,5,0,0.106667
5400,2000-05-13,7,3,0,0.106644
5401,2000-05-17,1,7,0,0.106622
5402,2000-05-20,5,4,0,0.1066
5403,2000-05-24,9,7,0,0.106578
5404,2000-05-27,7,9,0,0.106556
5405,2000-05-31,2,7,0,0.106533
5406,2000-06-03,2,1,0,0.106511
5407,2000-06-07,9,1,0,0.106489
5408,2000-06-10,3,9,0,0.106467
5409,2000-06-14,5,5,1,0.106653
5410,2000-06-17,9,7,0,0.106631
5411,2000-06-21,5,9,0,0.106608
5412,2000-06-24,4,7,0,0.106586
5413,2000-06-28,3,3,1,0.106772
5414,2000-07-01,3,5,0,0.10675
5415,2000-07-05,8,5,0,0.106728
5416,2000-07-08,3,5,0,0.106705
5417,2000-07-12,5,5,1,0.106891
5418,2000-07-15,3,7,0,0.106869
5419,2000-07-19,7,5,0,0.106846
5420,2000-07-22,1,7,0,0.106824
5421,2000-07-26,4,4,1,0.10701
5422,2000-07-29,7,3,0,0.106987
5423,2000-08-02,6,7,0,0.106965
5424,2000-08-05,1,3,0,0.106943
5425,2000-08-09,3,4,0,0.106921
5426,2000-08-12,3,5,0,0.106899
5427,2000-08-16,6,5,0,0.106877
5428,2000-08-19,1,3,0,0.106854
5429,2000-08-23,6,4,0,0.106832
5430,2000-08-26,3,3,1,0.107017
5431,2000-08-30,6,5,0,0.106995
5432,2000-09-02,1,3,0,0.106973
5433,2000-09-06,7,4,0,0.106951
5434,2000-09-09,3,7,0,0.106929
5435,2000-09-13,3,5,0,0.106907
5436,2000-09-16,1,5,0,0.106884
5437,2000-09-20,4,4,1,0.107069
5438,2000-09-23,7,3,0,0.107047
5439,2000-09-27,6,7,0,0.107025
5440,2000-09-30,6,3,0,0.107003
5441,2000-10-04,2,3,0,0.106981
5442,2000-10-07,6,1,0,0.106958
5443,2000-10-11,5,3,0,0.106936
5444,2000-10-14,7,7,1,0.107121
5445,2000-10-18,5,7,0,0.107099
5446,2000-10-21,4,7,0,0.107077
5447,2000-10-25,1,3,0,0.107054
5448,2000-10-28,1,4,0,0.107032
5449,2000-11-02,2,4,0,0.10701
5450,2000-11-04,1,1,1,0.107194
5451,2000-11-08,4,4,1,0.107378
5452,2000-11-11,8,3,0,0.107356
5453,2000-11-15,8,5,0,0.107334
5454,2000-11-18,3,5,0,0.107312
5455,2000-11-22,3,5,0,0.10729
5456,2000-11-25,2,5,0,0.107268
5457,2000-11-29,2,1,0,0.107246
5458,2000-12-02,9,1,0,0.107224
5459,2000-12-06,7,9,0,0.107202
5460,2000-12-09,8,7,0,0.10718
5461,2000-12-13,7,5,0,0.107158
5462,2000-12-16,6,7,0,0.107136
5463,2000-12-20,1,3,0,0.107113
5464,2000-12-23,2,4,0,0.107091
5465,2000-12-27,1,1,1,0.107275
5466,2000-12-30,1,4,0,0.107253
5467,2001-01-03,3,4,0,0.107231
5468,2001-01-08,1,5,0,0.107209
5469,2001-01-10,4,4,1,0.107392
5470,2001-01-13,1,3,0,0.10737
5471,2001-01-17,4,4,1,0.107553
5472,2001-01-20,6,3,0,0.107531
5473,2001-01-24,1,3,0,0.107509
5474,2001-01-27,6,4,0,0.107487
5475,2001-01-31,7,3,0,0.107465
5476,2001-02-03,4,7,0,0.107443
5477,2001-02-07,7,3,0,0.107421
5478,2001-02-10,2,7,0,0.107399
5479,2001-02-14,6,1,0,0.107377
5480,2001-02-17,6,3,0,0.107355
5481,2001-02-21,9,3,0,0.107333
5482,2001-02-24,5,9,0,0.107311
5483,2001-02-28,1,7,0,0.107289
5484,2001-03-03,5,4,0,0.107267
5485,2001-03-07,5,7,0,0.107245
5486,2001-03-10,9,7,0,0.107223
5487,2001-03-14,4,9,0,0.107201
5488,2001-03-17,1,3,0,0.107179
5489,2001-03-21,5,4,0,0.107157
5490,2001-03-24,2,7,0,0.107136
5491,2001-03-28,5,1,0,0.107114
5492,2001-03-31,5,7,0,0.107092
5493,2001-04-04,2,7,0,0.10707
5494,2001-04-07,7,1,0,0.107048
5495,2001-04-11,7,7,1,0.10723
5496,2001-04-14,4,7,0,0.107208
5497,2001-04-18,1,3,0,0.107187
5498,2001-04-21,9,4,0,0.107165
5499,2001-04-26,6,9,0,0.107143
5500,2001-04-28,3,3,1,0.107325
5501,2001-05-02,9,5,0,0.107303
5502,2001-05-05,7,9,0,0.107281
5503,2001-05-09,5,7,0,0.107259
5504,2001-05-12,5,7,0,0.107238
5505,2001-05-16,3,7,0,0.107216
5506,2001-05-19,4,5,0,0.107194
5507,2001-05-23,5,3,0,0.107172
5508,2001-05-26,5,7,0,0.10715
5509,2001-05-30,6,7,0,0.107128
5510,2001-06-04,6,3,0,0.107106
5511,2001-06-06,1,3,0,0.107085
5512,2001-06-09,4,4,1,0.107266
5513,2001-06-13,1,3,0,0.107245
5514,2001-06-16,6,4,0,0.107223
5515,2001-06-20,2,3,0,0.107201
5516,2001-06-23,9,1,0,0.107179
5517,2001-06-27,1,9,0,0.107157
5518,2001-06-30,4,4,1,0.107339
5519,2001-07-04,6,3,0,0.107317
5520,2001-07-07,8,3,0,0.107295
5521,2001-07-11,7,5,0,0.107273
5522,2001-07-14,9,7,0,0.107252
5523,2001-07-18,7,1,0,0.10723
5524,2001-07-21,4,7,0,0.107208
5525,2001-07-25,8,3,0,0.107186
5526,2001-07-28,6,5,0,0.107165
5527,2001-08-01,7,3,0,0.107143
5528,2001-08-04,8,7,0,0.107121
5529,2001-08-08,2,5,0,0.107099
5530,2001-08-11,9,1,0,0.107078
5531,2001-08-16,7,1,0,0.107056
5532,2001-08-18,2,7,0,0.107034
5533,2001-08-22,6,1,0,0.107013
5534,2001-08-25,2,3,0,0.106991
5535,2001-08-29,9,1,0,0.106969
5536,2001-09-01,6,1,0,0.106948
5537,2001-09-05,7,3,0,0.106926
5538,2001-09-08,4,7,0,0.106904
5539,2001-09-12,5,3,0,0.106883
5540,2001-09-15,1,7,0,0.106861
5541,2001-09-19,5,4,0,0.106839
5542,2001-09-22,2,7,0,0.106818
5543,2001-09-26,9,1,0,0.106796
5544,2001-09-29,8,1,0,0.106775
5545,2001-10-03,2,5,0,0.106753
5546,2001-10-06,7,1,0,0.106731
5547,2001-10-10,2,7,0,0.10671
5548,2001-10-13,5,1,0,0.106688
5549,2001-10-17,3,7,0,0.106667
5550,2001-10-20,4,5,0,0.106645
5551,2001-10-24,9,3,0,0.106624
5552,2001-10-27,4,1,0,0.106602
5553,2001-10-31,4,3,0,0.106581
5554,2001-11-03,8,3,0,0.106559
5555,2001-11-07,6,5,0,0.106538
5556,2001-11-10,1,3,0,0.106516
5557,2001-11-14,4,4,1,0.106696
5558,2001-11-17,6,3,0,0.106675
5559,2001-11-21,2,3,0,0.106653
5560,2001-11-24,4,1,0,0.106632
5561,2001-11-28,6,3,0,0.10661
5562,2001-12-01,2,3,0,0.106589
5563,2001-12-05,4,1,0,0.106567
5564,2001-12-10,7,3,0,0.106546
5565,2001-12-12,2,7,0,0.106524
5566,2001-12-15,6,1,0,0.106503
5567,2001-12-19,2,3,0,0.106481
5568,2001-12-22,5,1,0,0.10646
5569,2001-12-27,4,7,0,0.106439
5570,2001-12-29,2,3,0,0.106417
5571,2001-12-31,3,1,0,0.106396
5572,2002-01-02,6,5,0,0.106374
5573,2002-01-05,4,3,0,0.106353
5574,2002-01-09,3,3,1,0.106533
5575,2002-01-12,8,5,0,0.106511
5576,2002-01-16,2,5,0,0.10649
5577,2002-01-19,1,1,1,0.106669
5578,2002-01-23,9,4,0,0.106648
5579,2002-01-26,1,1,1,0.106827
5580,2002-01-30,6,4,0,0.106806
5581,2002-02-02,9,3,0,0.106784
5582,2002-02-06,4,1,0,0.106763
5583,2002-02-09,6,3,0,0.106742
5584,2002-02-13,2,3,0,0.10672
5585,2002-02-16,8,1,0,0.106699
5586,2002-02-20,4,5,0,0.106677
5587,2002-02-23,6,3,0,0.106656
5588,2002-02-27,2,3,0,0.106635
5589,2002-03-02,8,1,0,0.106613
5590,2002-03-06,2,5,0,0.106592
5591,2002-03-09,9,1,0,0.106571
5592,2002-03-13,6,1,0,0.106549
5593,2002-03-16,5,3,0,0.106528
5594,2002-03-20,1,7,0,0.106507
5595,2002-03-23,7,4,0,0.106485
5596,2002-03-27,7,7,1,0.106664
5597,2002-03-30,6,7,0,0.106643
5598,2002-04-03,5,3,0,0.106621
5599,2002-04-06,5,7,0,0.1066
5600,2002-04-10,5,7,0,0.106579
5601,2002-04-13,3,5,0,0.106557
5602,2002-04-17,8,5,0,0.106536
5603,2002-04-20,4,5,0,0.106515
5604,2002-04-24,2,3,0,0.106494
5605,2002-04-27,1,1,1,0.106672
5606,2002-05-02,4,4,1,0.10685
5607,2002-05-04,6,3,0,0.106829
5608,2002-05-08,8,3,0,0.106808
5609,2002-05-11,7,5,0,0.106786
5610,2002-05-15,3,7,0,0.106765
5611,2002-05-18,8,5,0,0.106744
5612,2002-05-22,6,5,0,0.106723
5613,2002-05-25,8,3,0,0.106701
5614,2002-05-29,9,5,0,0.10668
5615,2002-06-01,6,1,0,0.106659
5616,2002-06-05,5,3,0,0.106637
5617,2002-06-08,3,5,0,0.106616
5618,2002-06-12,5,5,1,0.106794
5619,2002-06-15,1,5,0,0.106773
5620,2002-06-19,9,4,0,0.106752
5621,2002-06-22,1,1,1,0.10693
5622,2002-06-26,7,4,0,0.106908
5623,2002-06-29,6,7,0,0.106887
5624,2002-07-03,2,3,0,0.106866
5625,2002-07-06,7,1,0,0.106844
5626,2002-07-10,7,7,1,0.107022
5627,2002-07-13,8,7,0,0.107001
5628,2002-07-17,7,5,0,0.10698
5629,2002-07-20,3,7,0,0.106958
5630,2002-07-24,4,5,0,0.106937
5631,2002-07-27,2,3,0,0.106916
5632,2002-07-31,9,1,0,0.106894
5633,2002-08-03,8,1,0,0.106873
5634,2002-08-07,5,5,1,0.107051
5635,2002-08-10,7,5,0,0.107029
5636,2002-08-14,9,7,0,0.107008
5637,2002-08-17,1,1,1,0.107185
5638,2002-08-21,3,4,0,0.107164
5639,2002-08-24,9,5,0,0.107143
5640,2002-08-28,1,1,1,0.10732
5641,2002-08-31,8,4,0,0.107299
5642,2002-09-04,4,5,0,0.107277
5643,2002-09-07,5,3,0,0.107256
5644,2002-09-11,4,7,0,0.107235
5645,2002-09-14,5,3,0,0.107214
5646,2002-09-18,2,7,0,0.107192
5647,2002-09-21,7,1,0,0.107171
5648,2002-09-25,7,7,1,0.107348
5649,2002-09-28,3,7,0,0.107327
5650,2002-10-02,9,5,0,0.107305
5651,2002-10-05,5,1,0,0.107284
5652,2002-10-09,4,7,0,0.107263
5653,2002-10-12,2,3,0,0.107242
5654,2002-10-16,5,1,0,0.107221
5655,2002-10-19,6,7,0,0.107199
5656,2002-10-23,7,3,0,0.107178
5657,2002-10-26,8,7,0,0.107157
5658,2002-10-30,2,5,0,0.107136
5659,2002-11-02,3,1,0,0.107115
5660,2002-11-06,6,5,0,0.107093
5661,2002-11-09,3,3,1,0.10727
5662,2002-11-13,3,5,0,0.107249
5663,2002-11-16,9,5,0,0.107227
5664,2002-11-20,5,1,0,0.107206
5665,2002-11-23,8,7,0,0.107185
5666,2002-11-27,2,5,0,0.107164
5667,2002-11-30,7,1,0,0.107143
5668,2002-12-03,9,7,0,0.107122
5669,2002-12-05,3,1,0,0.107101
5670,2002-12-07,8,9,0,0.107079
5671,2002-12-10,9,5,0,0.107058
5672,2002-12-12,1,1,1,0.107234
5673,2002-12-14,8,4,0,0.107213
5674,2002-12-17,8,5,0,0.107192
5675,2002-12-19,5,5,1,0.107368
5676,2002-12-21,3,7,0,0.107347
5677,2002-12-24,7,9,0,0.107326
5678,2002-12-27,6,7,0,0.107305
5679,2002-12-28,5,3,0,0.107283
5680,2002-12-31,8,7,0,0.107262
5681,2003-01-02,1,5,0,0.107241
5682,2003-01-04,7,4,0,0.10722
5683,2003-01-08,9,7,0,0.107199
5684,2003-01-11,2,1,0,0.107178
5685,2003-01-15,9,1,0,0.107157
5686,2003-01-18,4,1,0,0.107136
5687,2003-01-22,5,3,0,0.107115
5688,2003-01-25,9,7,0,0.107094
5689,2003-01-29,8,1,0,0.107073
5690,2003-02-01,4,5,0,0.107052
5691,2003-02-05,1,3,0,0.107031
5692,2003-02-08,1,4,0,0.10701
5693,2003-02-12,6,4,0,0.106989
5694,2003-02-15,1,3,0,0.106968
5695,2003-02-19,5,4,0,0.106947
5696,2003-02-22,9,7,0,0.106926
5697,2003-02-26,6,1,0,0.106905
5698,2003-03-01,1,3,0,0.106884
5699,2003-03-05,9,4,0,0.106863
5700,2003-03-08,4,1,0,0.106842
5701,2003-03-12,2,3,0,0.106821
5702,2003-03-15,8,1,0,0.1068
5703,2003-03-19,6,5,0,0.106779
5704,2003-03-22,2,3,0,0.106758
5705,2003-03-26,6,1,0,0.106737
5706,2003-03-29,8,3,0,0.106716
5707,2003-04-02,7,5,0,0.106695
5708,2003-04-05,6,7,0,0.106674
5709,2003-04-09,3,3,1,0.106849
5710,2003-04-12,2,9,0,0.106828
5711,2003-04-16,3,1,0,0.106808
5712,2003-04-19,2,9,0,0.106787
5713,2003-04-23,1,1,1,0.106961
5714,2003-04-26,5,4,0,0.10694
5715,2003-04-30,5,7,0,0.106919
5716,2003-05-03,5,5,1,0.107094
5717,2003-05-07,4,5,0,0.107073
5718,2003-05-10,4,3,0,0.107052
5719,2003-05-14,2,3,0,0.107031
5720,2003-05-17,8,1,0,0.10701
5721,2003-05-21,6,5,0,0.106989
5722,2003-05-24,5,3,0,0.106969
5723,2003-05-28,3,5,0,0.106948
5724,2003-05-31,9,9,1,0.107122
5725,2003-06-04,5,1,0,0.107101
5726,2003-06-07,2,5,0,0.10708
5727,2003-06-11,4,1,0,0.107059
5728,2003-06-14,3,3,1,0.107233
5729,2003-06-18,3,9,0,0.107212
5730,2003-06-21,9,9,1,0.107386
5731,2003-06-25,1,1,1,0.10756
5732,2003-06-28,6,4,0,0.107539
5733,2003-07-02,9,3,0,0.107519
5734,2003-07-05,3,1,0,0.107498
5735,2003-07-09,4,9,0,0.107477
5736,2003-07-12,4,3,0,0.107456
5737,2003-07-16,8,3,0,0.107435
5738,2003-07-19,9,5,0,0.107414
5739,2003-07-23,9,1,0,0.107393
5740,2003-07-26,4,1,0,0.107372
5741,2003-07-30,3,3,1,0.107546
5742,2003-08-02,6,9,0,0.107525
5743,2003-08-06,1,3,0,0.107504
5744,2003-08-09,6,4,0,0.107483
5745,2003-08-13,6,3,0,0.107462
5746,2003-08-16,1,3,0,0.107441
5747,2003-08-20,4,4,1,0.107615
5748,2003-08-23,8,3,0,0.107594
5749,2003-08-27,2,5,0,0.107573
5750,2003-08-30,4,1,0,0.107552
5751,2003-09-03,3,3,1,0.107725
5752,2003-09-06,8,9,0,0.107704
5753,2003-09-10,4,5,0,0.107683
5754,2003-09-13,2,3,0,0.107662
5755,2003-09-17,6,1,0,0.107642
5756,2003-09-20,1,3,0,0.107621
5757,2003-09-24,5,4,0,0.1076
5758,2003-09-27,3,5,0,0.107579
5759,2003-10-01,9,9,1,0.107752
5760,2003-10-04,6,1,0,0.107731
5761,2003-10-08,4,3,0,0.10771
5762,2003-10-11,3,3,1,0.107883
5763,2003-10-15,4,9,0,0.107862
5764,2003-10-18,4,3,0,0.107841
5765,2003-10-22,9,3,0,0.10782
5766,2003-10-25,1,1,1,0.107993
5767,2003-10-29,7,4,0,0.107972
5768,2003-11-03,5,7,0,0.107951
5769,2003-11-05,2,5,0,0.10793
5770,2003-11-08,9,1,0,0.107909
5771,2003-11-12,8,1,0,0.107889
5772,2003-11-15,3,5,0,0.107868
5773,2003-11-19,8,9,0,0.107847
5774,2003-11-22,6,5,0,0.107826
5775,2003-11-26,5,3,0,0.107805
5776,2003-11-29,3,5,0,0.107784
5777,2003-12-03,3,9,0,0.107764
5778,2003-12-06,1,9,0,0.107743
5779,2003-12-10,6,4,0,0.107722
5780,2003-12-13,5,3,0,0.107701
5781,2003-12-17,2,5,0,0.10768
5782,2003-12-20,1,1,1,0.107853
5783,2003-12-24,2,4,0,0.107832
5784,2003-12-27,4,1,0,0.107811
5785,2003-12-31,3,3,1,0.107983
5786,2004-01-03,7,9,0,0.107962
5787,2004-01-07,1,7,0,0.107941
5788,2004-01-10,8,4,0,0.107921
5789,2004-01-14,2,5,0,0.1079
5790,2004-01-17,3,1,0,0.107879
5791,2004-01-21,3,9,0,0.107858
5792,2004-01-24,6,9,0,0.107837
5793,2004-01-28,3,3,1,0.108009
5794,2004-01-31,8,9,0,0.107988
5795,2004-02-04,3,5,0,0.107968
5796,2004-02-07,5,9,0,0.107947
5797,2004-02-11,6,5,0,0.107926
5798,2004-02-14,8,3,0,0.107905
5799,2004-02-18,4,5,0,0.107885
5800,2004-02-21,9,3,0,0.107864
5801,2004-02-25,2,1,0,0.107843
5802,2004-02-28,6,1,0,0.107822
5803,2004-03-03,6,3,0,0.107802
5804,2004-03-06,1,3,0,0.107781
5805,2004-03-10,6,4,0,0.10776
5806,2004-03-13,4,3,0,0.10774
5807,2004-03-17,2,3,0,0.107719
5808,2004-03-20,2,1,0,0.107698
5809,2004-03-24,6,1,0,0.107678
5810,2004-03-27,1,3,0,0.107657
5811,2004-03-31,3,4,0,0.107636
5812,2004-04-03,6,9,0,0.107616
5813,2004-04-07,3,3,1,0.107787
5814,2004-04-10,7,9,0,0.107766
5815,2004-04-14,5,7,0,0.107745
5816,2004-04-17,7,5,0,0.107725
5817,2004-04-21,8,7,0,0.107704
5818,2004-04-24,9,5,0,0.107683
5819,2004-04-28,7,1,0,0.107663
5820,2004-05-03,5,7,0,0.107642
5821,2004-05-05,7,5,0,0.107622
5822,2004-05-08,5,7,0,0.107601
5823,2004-05-12,1,7,0,0.10758
5824,2004-05-15,7,4,0,0.10756
5825,2004-05-19,8,7,0,0.107539
5826,2004-05-22,7,5,0,0.107519
5827,2004-05-26,2,7,0,0.107498
5828,2004-05-29,4,1,0,0.107478
5829,2004-06-03,9,3,0,0.107457
5830,2004-06-05,5,1,0,0.107436
5831,2004-06-09,5,7,0,0.107416
5832,2004-06-12,2,5,0,0.107395
5833,2004-06-16,8,1,0,0.107375
5834,2004-06-19,4,5,0,0.107354
5835,2004-06-23,9,3,0,0.107334
5836,2004-06-26,7,1,0,0.107313
5837,2004-06-30,8,7,0,0.107293
5838,2004-07-03,3,5,0,0.107272
5839,2004-07-07,6,9,0,0.107252
5840,2004-07-10,9,3,0,0.107231
5841,2004-07-14,4,1,0,0.107211
5842,2004-07-17,2,3,0,0.107191
5843,2004-07-21,9,1,0,0.10717
5844,2004-07-24,2,1,0,0.10715
5845,2004-07-28,3,1,0,0.107129
5846,2004-07-31,7,9,0,0.107109
5847,2004-08-04,5,7,0,0.107088
5848,2004-08-07,8,5,0,0.107068
5849,2004-08-11,7,5,0,0.107048
5850,2004-08-14,4,7,0,0.107027
5851,2004-08-18,4,3,0,0.107007
5852,2004-08-21,9,3,0,0.106986
5853,2004-08-25,5,1,0,0.106966
5854,2004-08-28,4,5,0,0.106946
5855,2004-09-01,4,3,0,0.106925
5856,2004-09-04,1,3,0,0.106905
5857,2004-09-08,4,4,1,0.107075
5858,2004-09-11,4,3,0,0.107055
5859,2004-09-15,7,3,0,0.107034
5860,2004-09-18,2,7,0,0.107014
5861,2004-09-22,1,1,1,0.107184
5862,2004-09-25,8,4,0,0.107163
5863,2004-09-29,5,5,1,0.107333
5864,2004-10-02,5,5,1,0.107502
5865,2004-10-06,7,5,0,0.107482
5866,2004-10-09,5,7,0,0.107462
5867,2004-10-13,6,5,0,0.107441
5868,2004-10-16,1,3,0,0.107421
5869,2004-10-20,8,4,0,0.1074
5870,2004-10-23,4,5,0,0.10738
5871,2004-10-27,2,3,0,0.10736
5872,2004-10-30,3,1,0,0.107339
5873,2004-11-03,3,9,0,0.107319
5874,2004-11-06,7,9,0,0.107299
5875,2004-11-10,8,7,0,0.107278
5876,2004-11-13,2,5,0,0.107258
5877,2004-11-17,3,1,0,0.107238
5878,2004-11-20,5,9,0,0.107217
5879,2004-11-24,4,5,0,0.107197
5880,2004-11-27,6,3,0,0.107177
5881,2004-12-01,1,3,0,0.107156
5882,2004-12-04,7,4,0,0.107136
5883,2004-12-09,2,7,0,0.107116
5884,2004-12-11,8,1,0,0.107096
5885,2004-12-15,2,5,0,0.107075
5886,2004-12-18,6,1,0,0.107055
5887,2004-12-22,7,3,0,0.107035
5888,2004-12-27,7,7,1,0.107204
5889,2004-12-29,1,7,0,0.107183
5890,2005-01-03,3,4,0,0.107163
5891,2005-01-05,2,9,0,0.107143
5892,2005-01-08,6,1,0,0.107123
5893,2005-01-12,4,3,0,0.107102
5894,2005-01-15,6,3,0,0.107082
5895,2005-01-19,6,3,0,0.107062
5896,2005-01-22,2,3,0,0.107042
5897,2005-01-26,9,1,0,0.107022
5898,2005-01-29,1,1,1,0.10719
5899,2005-02-02,9,4,0,0.10717
5900,2005-02-05,2,1,0,0.10715
5901,2005-02-09,9,1,0,0.107129
5902,2005-02-12,8,1,0,0.107109
5903,2005-02-16,2,5,0,0.107089
5904,2005-02-19,5,1,0,0.107069
5905,2005-02-23,2,5,0,0.107049
5906,2005-02-26,8,1,0,0.107028
5907,2005-03-02,5,5,1,0.107197
5908,2005-03-05,7,5,0,0.107176
5909,2005-03-09,1,7,0,0.107156
5910,2005-03-12,9,4,0,0.107136
5911,2005-03-16,4,1,0,0.107116
5912,2005-03-19,6,3,0,0.107096
5913,2005-03-23,8,3,0,0.107076
5914,2005-03-26,7,5,0,0.107056
5915,2005-03-30,8,7,0,0.107035
5916,2005-04-02,4,5,0,0.107015
5917,2005-04-06,4,3,0,0.106995
5918,2005-04-09,9,3,0,0.106975
5919,2005-04-13,6,1,0,0.106955
5920,2005-04-16,7,3,0,0.106935
5921,2005-04-20,8,7,0,0.106915
5922,2005-04-23,1,5,0,0.106895
5923,2005-04-27,2,4,0,0.106875
5924,2005-04-30,7,1,0,0.106854
5925,2005-05-04,5,7,0,0.106834
5926,2005-05-07,9,7,0,0.106814
5927,2005-05-11,2,1,0,0.106794
5928,2005-05-14,1,1,1,0.106962
5929,2005-05-18,1,4,0,0.106942
5930,2005-05-21,7,4,0,0.106922
5931,2005-05-25,1,7,0,0.106902
5932,2005-05-28,4,4,1,0.107069
5933,2005-06-01,4,3,0,0.107049
5934,2005-06-04,5,3,0,0.107029
5935,2005-06-08,2,7,0,0.107009
5936,2005-06-11,1,1,1,0.107176
5937,2005-06-15,9,4,0,0.107156
5938,2005-06-18,2,1,0,0.107136
5939,2005-06-21,9,1,0,0.107116
5940,2005-06-23,4,1,0,0.107096
5941,2005-06-25,7,3,0,0.107076
5942,2005-06-28,2,7,0,0.107056
5943,2005-06-30,5,1,0,0.107036
5944,2005-07-02,5,7,0,0.107016
5945,2005-07-05,8,5,0,0.106996
5946,2005-07-07,3,5,0,0.106976
5947,2005-07-09,1,9,0,0.106956
5948,2005-07-12,8,4,0,0.106936
5949,2005-07-14,8,5,0,0.106916
5950,2005-07-16,3,5,0,0.106896
5951,2005-07-19,4,9,0,0.106876
5952,2005-07-21,9,3,0,0.106856
5953,2005-07-23,8,1,0,0.106836
5954,2005-07-26,8,5,0,0.106816
5955,2005-07-28,1,5,0,0.106796
5956,2005-07-30,2,4,0,0.106776
5957,2005-08-02,5,1,0,0.106756
5958,2005-08-04,3,5,0,0.106736
5959,2005-08-06,8,9,0,0.106716
5960,2005-08-09,7,5,0,0.106697
5961,2005-08-11,5,7,0,0.106677
5962,2005-08-13,8,5,0,0.106657
5963,2005-08-16,2,5,0,0.106637
5964,2005-08-18,1,1,1,0.106803
5965,2005-08-20,7,4,0,0.106783
5966,2005-08-23,6,7,0,0.106764
5967,2005-08-25,6,3,0,0.106744
5968,2005-08-27,8,3,0,0.106724
5969,2005-08-30,6,5,0,0.106704
5970,2005-09-01,4,3,0,0.106684
5971,2005-09-03,2,3,0,0.106664
5972,2005-09-06,1,1,1,0.10683
5973,2005-09-08,2,4,0,0.106811
5974,2005-09-10,4,1,0,0.106791
5975,2005-09-13,8,3,0,0.106771
5976,2005-09-15,4,5,0,0.106751
5977,2005-09-17,2,3,0,0.106731
5978,2005-09-20,7,1,0,0.106711
5979,2005-09-22,1,7,0,0.106691
5980,2005-09-24,8,4,0,0.106672
5981,2005-09-27,2,5,0,0.106652
5982,2005-09-29,9,1,0,0.106632
5983,2005-10-01,6,1,0,0.106612
5984,2005-10-04,7,3,0,0.106592
5985,2005-10-06,5,7,0,0.106573
5986,2005-10-08,6,5,0,0.106553
5987,2005-10-11,9,3,0,0.106533
5988,2005-10-13,4,1,0,0.106513
5989,2005-10-15,3,3,1,0.106679
5990,2005-10-18,1,9,0,0.106659
5991,2005-10-20,9,4,0,0.106639
5992,2005-10-22,8,1,0,0.10662
5993,2005-10-25,2,5,0,0.1066
5994,2005-10-27,8,1,0,0.10658
5995,2005-10-29,4,5,0,0.10656
5996,2005-11-02,4,3,0,0.106541
5997,2005-11-03,6,3,0,0.106521
5998,2005-11-05,4,3,0,0.106501
5999,2005-11-08,2,3,0,0.106481
6000,2005-11-10,8,1,0,0.106462
6001,2005-11-12,6,5,0,0.106442
6002,2005-11-15,5,3,0,0.106422
6003,2005-11-17,1,5,0,0.106403
6004,2005-11-19,2,4,0,0.106383
6005,2005-11-22,2,1,0,0.106363
6006,2005-11-24,7,1,0,0.106344
6007,2005-11-26,7,7,1,0.106509
6008,2005-11-29,9,7,0,0.106489
6009,2005-12-01,3,1,0,0.10647
6010,2005-12-03,3,9,0,0.10645
6011,2005-12-06,6,9,0,0.10643
6012,2005-12-09,6,3,0,0.10641
6013,2005-12-10,2,3,0,0.106391
6014,2005-12-13,6,1,0,0.106371
6015,2005-12-15,5,3,0,0.106352
6016,2005-12-17,2,5,0,0.106332
6017,2005-12-20,1,1,1,0.106497
6018,2005-12-22,1,4,0,0.106477
6019,2005-12-24,2,4,0,0.106458
6020,2005-12-27,9,1,0,0.106438
6021,2005-12-29,7,1,0,0.106418
6022,2005-12-31,2,7,0,0.106399
6023,2006-01-03,8,1,0,0.106379
6024,2006-01-05,5,5,1,0.106544
6025,2006-01-07,4,5,0,0.106524
6026,2006-01-10,9,3,0,0.106505
6027,2006-01-12,3,1,0,0.106485
6028,2006-01-14,9,9,1,0.106649
6029,2006-01-17,1,1,1,0.106814
6030,2006-01-19,6,4,0,0.106794
6031,2006-01-21,6,3,0,0.106775
6032,2006-01-24,3,3,1,0.106939
6033,2006-01-26,3,9,0,0.106919
6034,2006-01-28,3,9,0,0.1069
6035,2006-01-31,4,9,0,0.10688
6036,2006-02-02,9,3,0,0.10686
6037,2006-02-04,7,1,0,0.106841
6038,2006-02-07,8,7,0,0.106821
6039,2006-02-09,6,5,0,0.106801
6040,2006-02-11,7,3,0,0.106782
6041,2006-02-14,4,7,0,0.106762
6042,2006-02-16,9,3,0,0.106743
6043,2006-02-18,7,1,0,0.106723
6044,2006-02-21,4,7,0,0.106703
6045,2006-02-23,8,3,0,0.106684
6046,2006-02-25,8,5,0,0.106664
6047,2006-02-28,1,5,0,0.106645
6048,2006-03-02,7,4,0,0.106625
6049,2006-03-04,5,7,0,0.106606
6050,2006-03-07,3,5,0,0.106586
6051,2006-03-09,3,9,0,0.106566
6052,2006-03-11,3,9,0,0.106547
6053,2006-03-14,7,9,0,0.106527
6054,2006-03-16,1,7,0,0.106508
6055,2006-03-18,7,4,0,0.106488
6056,2006-03-21,8,7,0,0.106469
6057,2006-03-23,4,5,0,0.106449
6058,2006-03-25,4,3,0,0.10643
6059,2006-03-28,8,3,0,0.10641
6060,2006-03-30,7,5,0,0.106391
6061,2006-04-01,1,7,0,0.106371
6062,2006-04-04,6,4,0,0.106352
6063,2006-04-06,1,3,0,0.106332
6064,2006-04-08,6,4,0,0.106313
6065,2006-04-11,8,3,0,0.106293
6066,2006-04-13,5,5,1,0.106457
6067,2006-04-15,1,5,0,0.106437
6068,2006-04-18,2,4,0,0.106418
6069,2006-04-20,5,1,0,0.106399
6070,2006-04-22,1,5,0,0.106379
6071,2006-04-26,6,4,0,0.10636
6072,2006-04-27,8,3,0,0.10634
6073,2006-04-29,7,5,0,0.106321
6074,2006-05-02,7,7,1,0.106484
6075,2006-05-04,6,7,0,0.106465
6076,2006-05-06,7,3,0,0.106445
6077,2006-05-09,5,7,0,0.106426
6078,2006-05-11,3,5,0,0.106406
6079,2006-05-13,6,9,0,0.106387
6080,2006-05-16,8,3,0,0.106367
6081,2006-05-18,1,5,0,0.106348
6082,2006-05-20,8,4,0,0.106329
6083,2006-05-23,7,5,0,0.106309
6084,2006-05-25,2,7,0,0.10629
6085,2006-05-27,6,1,0,0.106271
6086,2006-05-30,1,3,0,0.106251
6087,2006-06-01,7,4,0,0.106232
6088,2006-06-03,4,7,0,0.106212
6089,2006-06-06,5,3,0,0.106193
6090,2006-06-08,3,5,0,0.106174
6091,2006-06-10,8,9,0,0.106154
6092,2006-06-13,8,5,0,0.106135
6093,2006-06-15,2,5,0,0.106116
6094,2006-06-17,6,1,0,0.106096
6095,2006-06-20,7,3,0,0.106077
6096,2006-06-22,1,7,0,0.106058
6097,2006-06-24,8,4,0,0.106039
6098,2006-06-27,4,5,0,0.106019
6099,2006-06-29,7,3,0,0.106
6100,2006-07-01,1,7,0,0.105981
6101,2006-07-04,1,4,0,0.105961
6102,2006-07-06,3,4,0,0.105942
6103,2006-07-08,7,9,0,0.105923
6104,2006-07-11,1,7,0,0.105904
6105,2006-07-13,1,4,0,0.105884
6106,2006-07-15,5,4,0,0.105865
6107,2006-07-18,6,5,0,0.105846
6108,2006-07-20,4,3,0,0.105827
6109,2006-07-22,3,3,1,0.105989
6110,2006-07-25,9,9,1,0.106151
6111,2006-07-27,8,1,0,0.106132
6112,2006-07-29,3,5,0,0.106113
6113,2006-08-01,1,9,0,0.106094
6114,2006-08-03,5,4,0,0.106074
6115,2006-08-05,6,5,0,0.106055
6116,2006-08-08,6,3,0,0.106036
6117,2006-08-10,1,3,0,0.106017
6118,2006-08-12,2,4,0,0.105997
6119,2006-08-16,3,1,0,0.105978
6120,2006-08-17,1,9,0,0.105959
6121,2006-08-19,1,4,0,0.10594
6122,2006-08-22,2,4,0,0.105921
6123,2006-08-24,5,1,0,0.105902
6124,2006-08-26,3,5,0,0.105882
6125,2006-08-29,7,9,0,0.105863
6126,2006-08-31,3,7,0,0.105844
6127,2006-09-02,6,9,0,0.105825
6128,2006-09-05,8,3,0,0.105806
6129,2006-09-07,7,5,0,0.105787
6130,2006-09-09,5,7,0,0.105767
6131,2006-09-12,2,3,0,0.105748
6132,2006-09-14,2,1,0,0.105729
6133,2006-09-16,9,1,0,0.10571
6134,2006-09-19,6,1,0,0.105691
6135,2006-09-21,2,3,0,0.105672
6136,2006-09-23,9,1,0,0.105653
6137,2006-09-26,4,1,0,0.105634
6138,2006-09-28,7,3,0,0.105615
6139,2006-09-30,9,7,0,0.105596
6140,2006-10-03,1,1,1,0.105757
6141,2006-10-05,9,4,0,0.105738
6142,2006-10-07,3,1,0,0.105719
6143,2006-10-10,1,9,0,0.1057
6144,2006-10-12,9,4,0,0.105681
6145,2006-10-14,4,1,0,0.105662
6146,2006-10-17,9,3,0,0.105643
6147,2006-10-19,6,1,0,0.105624
6148,2006-10-21,3,3,1,0.105785
6149,2006-10-24,8,9,0,0.105766
6150,2006-10-26,5,5,1,0.105927
6151,2006-10-28,9,3,0,0.105908
6152,2006-10-31,8,1,0,0.105889
6153,2006-11-02,7,5,0,0.10587
6154,2006-11-04,6,7,0,0.105851
6155,2006-11-07,7,3,0,0.105832
6156,2006-11-09,5,7,0,0.105812
6157,2006-11-11,1,3,0,0.105793
6158,2006-11-14,4,4,1,0.105954
6159,2006-11-16,6,3,0,0.105935
6160,2006-11-18,8,3,0,0.105916
6161,2006-11-21,8,5,0,0.105897
6162,2006-11-23,8,5,0,0.105878
6163,2006-11-25,8,5,0,0.105859
6164,2006-11-28,4,5,0,0.10584
6165,2006-11-30,8,3,0,0.105821
6166,2006-12-02,3,5,0,0.105802
6167,2006-12-05,2,9,0,0.105783
6168,2006-12-07,5,1,0,0.105764
6169,2006-12-09,8,3,0,0.105745
6170,2006-12-12,1,5,0,0.105726
6171,2006-12-14,5,4,0,0.105707
6172,2006-12-16,7,3,0,0.105688
6173,2006-12-19,1,7,0,0.105669
6174,2006-12-21,8,4,0,0.10565
6175,2006-12-23,3,5,0,0.105631
6176,2006-12-27,6,9,0,0.105612
6177,2006-12-28,5,3,0,0.105593
6178,2006-12-30,3,7,0,0.105574
6179,2007-01-02,9,9,1,0.105735
6180,2007-01-04,2,1,0,0.105716
6181,2007-01-08,4,1,0,0.105697
6182,2007-01-09,5,3,0,0.105678
6183,2007-01-11,5,3,0,0.105659
6184,2007-01-13,5,3,0,0.10564
6185,2007-01-16,8,5,0,0.105621
6186,2007-01-18,7,5,0,0.105602
6187,2007-01-20,4,7,0,0.105583
6188,2007-01-23,2,3,0,0.105565
6189,2007-01-25,1,1,1,0.105725
6190,2007-01-27,5,4,0,0.105706
6191,2007-01-30,3,5,0,0.105687
6192,2007-02-01,1,9,0,0.105668
6193,2007-02-03,8,4,0,0.105649
6194,2007-02-06,2,5,0,0.10563
6195,2007-02-08,6,1,0,0.105611
6196,2007-02-10,8,3,0,0.105592
6197,2007-02-13,3,5,0,0.105573
6198,2007-02-15,2,9,0,0.105555
6199,2007-02-17,5,1,0,0.105536
6200,2007-02-20,3,3,1,0.105695
6201,2007-02-22,1,9,0,0.105677
6202,2007-02-24,1,4,0,0.105658
6203,2007-02-27,2,4,0,0.105639
6204,2007-03-01,9,1,0,0.10562
6205,2007-03-03,1,1,1,0.10578
6206,2007-03-06,1,4,0,0.105761
6207,2007-03-08,8,4,0,0.105742
6208,2007-03-10,1,5,0,0.105723
6209,2007-03-13,4,4,1,0.105882
6210,2007-03-15,7,3,0,0.105863
6211,2007-03-17,8,7,0,0.105845
6212,2007-03-20,4,5,0,0.105826
6213,2007-03-22,3,3,1,0.105985
6214,2007-03-24,7,9,0,0.105966
6215,2007-03-27,5,7,0,0.105947
6216,2007-03-29,6,3,0,0.105928
6217,2007-03-31,4,3,0,0.10591
6218,2007-04-03,2,3,0,0.105891
6219,2007-04-05,8,1,0,0.105872
6220,2007-04-07,2,5,0,0.105853
6221,2007-04-10,8,1,0,0.105834
6222,2007-04-12,3,5,0,0.105815
6223,2007-04-14,1,9,0,0.105797
6224,2007-04-17,4,4,1,0.105956
6225,2007-04-19,7,3,0,0.105937
6226,2007-04-21,1,7,0,0.105918
6227,2007-04-24,2,4,0,0.105899
6228,2007-04-26,7,1,0,0.10588
6229,2007-04-28,6,7,0,0.105861
6230,2007-05-02,1,3,0,0.105843
6231,2007-05-03,6,4,0,0.105824
6232,2007-05-05,5,3,0,0.105805
6233,2007-05-08,3,3,1,0.105964
6234,2007-05-10,1,9,0,0.105945
6235,2007-05-12,1,4,0,0.105926
6236,2007-05-15,8,4,0,0.105907
6237,2007-05-17,3,5,0,0.105889
6238,2007-05-19,9,9,1,0.106047
6239,2007-05-22,3,1,0,0.106028
6240,2007-05-24,2,9,0,0.10601
6241,2007-05-26,1,1,1,0.106168
6242,2007-05-29,8,4,0,0.106149
6243,2007-05-31,3,5,0,0.10613
6244,2007-06-04,6,9,0,0.106112
6245,2007-06-05,2,3,0,0.106093
6246,2007-06-07,6,1,0,0.106074
6247,2007-06-09,3,3,1,0.106232
6248,2007-06-12,2,9,0,0.106213
6249,2007-06-14,9,1,0,0.106195
6250,2007-06-16,4,1,0,0.106176
6251,2007-06-19,7,3,0,0.106157
6252,2007-06-21,6,7,0,0.106138
6253,2007-06-23,4,3,0,0.10612
6254,2007-06-26,4,3,0,0.106101
6255,2007-06-28,6,3,0,0.106082
6256,2007-06-30,3,3,1,0.10624
6257,2007-07-03,5,9,0,0.106221
6258,2007-07-05,5,3,0,0.106203
6259,2007-07-07,8,3,0,0.106184
6260,2007-07-10,8,5,0,0.106165
6261,2007-07-12,5,5,1,0.106323
6262,2007-07-14,5,3,0,0.106304
6263,2007-07-17,1,3,0,0.106285
6264,2007-07-19,4,4,1,0.106443
6265,2007-07-21,7,3,0,0.106424
6266,2007-07-24,7,7,1,0.106582
6267,2007-07-26,8,7,0,0.106563
6268,2007-07-28,6,5,0,0.106544
6269,2007-07-31,8,3,0,0.106526
6270,2007-08-02,2,5,0,0.106507
6271,2007-08-04,1,1,1,0.106664
6272,2007-08-07,2,4,0,0.106646
6273,2007-08-09,6,1,0,0.106627
6274,2007-08-11,7,3,0,0.106608
6275,2007-08-14,6,7,0,0.106589
6276,2007-08-16,3,3,1,0.106747
6277,2007-08-18,6,9,0,0.106728
6278,2007-08-21,8,3,0,0.106709
6279,2007-08-23,2,5,0,0.10669
6280,2007-08-25,6,1,0,0.106671
6281,2007-08-28,9,3,0,0.106653
6282,2007-08-30,7,1,0,0.106634
6283,2007-09-01,4,7,0,0.106615
6284,2007-09-04,6,3,0,0.106596
6285,2007-09-06,1,3,0,0.106578
6286,2007-09-08,3,4,0,0.106559
6287,2007-09-11,5,9,0,0.10654
6288,2007-09-13,9,3,0,0.106521
6289,2007-09-15,4,1,0,0.106503
6290,2007-09-18,8,3,0,0.106484
6291,2007-09-20,3,5,0,0.106465
6292,2007-09-22,1,9,0,0.106447
6293,2007-09-25,4,4,1,0.106603
6294,2007-09-27,3,3,1,0.10676
6295,2007-09-29,9,9,1,0.106917
6296,2007-10-02,2,1,0,0.106898
6297,2007-10-04,1,1,1,0.107055
6298,2007-10-06,5,4,0,0.107036
6299,2007-10-09,9,3,0,0.107018
6300,2007-10-11,4,1,0,0.106999
6301,2007-10-13,6,3,0,0.10698
6302,2007-10-16,9,3,0,0.106961
6303,2007-10-18,4,1,0,0.106942
6304,2007-10-20,8,3,0,0.106924
6305,2007-10-23,7,5,0,0.106905
6306,2007-10-25,4,7,0,0.106886
6307,2007-10-27,4,3,0,0.106868
6308,2007-10-30,4,3,0,0.106849
6309,2007-11-02,6,3,0,0.10683
6310,2007-11-03,3,3,1,0.106987
6311,2007-11-06,7,9,0,0.106968
6312,2007-11-08,4,7,0,0.106949
6313,2007-11-10,1,3,0,0.10693
6314,2007-11-13,6,4,0,0.106912
6315,2007-11-15,2,3,0,0.106893
6316,2007-11-17,4,1,0,0.106874
6317,2007-11-20,9,3,0,0.106856
6318,2007-11-22,6,1,0,0.106837
6319,2007-11-24,9,3,0,0.106818
6320,2007-11-27,8,1,0,0.1068
6321,2007-11-29,2,5,0,0.106781
6322,2007-12-01,2,1,0,0.106762
6323,2007-12-04,1,1,1,0.106918
6324,2007-12-06,2,4,0,0.1069
6325,2007-12-10,8,1,0,0.106881
6326,2007-12-11,9,5,0,0.106862
6327,2007-12-13,8,1,0,0.106844
6328,2007-12-15,8,5,0,0.106825
6329,2007-12-18,3,5,0,0.106806
6330,2007-12-20,5,9,0,0.106788
6331,2007-12-22,2,3,0,0.106769
6332,2007-12-24,2,1,0,0.10675
6333,2007-12-27,1,1,1,0.106906
6334,2007-12-29,7,4,0,0.106888
6335,2008-01-02,8,7,0,0.106869
6336,2008-01-03,9,5,0,0.10685
6337,2008-01-05,1,1,1,0.107006
6338,2008-01-08,3,4,0,0.106987
6339,2008-01-10,9,9,1,0.107143
6340,2008-01-12,3,1,0,0.107124
6341,2008-01-15,4,9,0,0.107106
6342,2008-01-17,8,3,0,0.107087
6343,2008-01-19,3,5,0,0.107068
6344,2008-01-22,7,9,0,0.10705
6345,2008-01-24,9,7,0,0.107031
6346,2008-01-26,4,1,0,0.107012
6347,2008-01-29,6,3,0,0.106994
6348,2008-01-31,4,3,0,0.106975
6349,2008-02-02,1,3,0,0.106957
6350,2008-02-05,8,4,0,0.106938
6351,2008-02-07,9,5,0,0.106919
6352,2008-02-09,1,1,1,0.107075
6353,2008-02-12,8,4,0,0.107056
6354,2008-02-14,4,5,0,0.107037
6355,2008-02-16,8,3,0,0.107019
6356,2008-02-19,1,5,0,0.107
6357,2008-02-21,2,4,0,0.106982
6358,2008-02-23,8,1,0,0.106963
6359,2008-02-26,3,5,0,0.106944
6360,2008-02-28,7,9,0,0.106926
6361,2008-03-01,6,7,0,0.106907
6362,2008-03-04,1,3,0,0.106889
6363,2008-03-06,2,4,0,0.10687
6364,2008-03-08,9,1,0,0.106852
6365,2008-03-11,4,1,0,0.106833
6366,2008-03-13,2,3,0,0.106815
6367,2008-03-15,6,1,0,0.106796
6368,2008-03-18,7,3,0,0.106778
6369,2008-03-20,2,7,0,0.106759
6370,2008-03-22,1,1,1,0.106914
6371,2008-03-25,6,4,0,0.106895
6372,2008-03-27,9,3,0,0.106877
6373,2008-03-29,3,1,0,0.106858
6374,2008-04-01,9,9,1,0.107013
6375,2008-04-03,7,1,0,0.106994
6376,2008-04-05,7,7,1,0.107149
6377,2008-04-08,8,7,0,0.10713
6378,2008-04-10,8,5,0,0.107112
6379,2008-04-12,9,5,0,0.107093
6380,2008-04-15,1,1,1,0.107248
6381,2008-04-17,2,4,0,0.107229
6382,2008-04-19,7,1,0,0.107211
6383,2008-04-22,3,7,0,0.107192
6384,2008-04-24,6,9,0,0.107174
6385,2008-04-26,9,3,0,0.107155
6386,2008-04-29,1,1,1,0.107309
6387,2008-05-02,6,4,0,0.107291
6388,2008-05-03,4,3,0,0.107272
6389,2008-05-06,9,3,0,0.107254
6390,2008-05-08,3,1,0,0.107235
6391,2008-05-10,6,9,0,0.107217
6392,2008-05-13,6,3,0,0.107198
6393,2008-05-15,1,3,0,0.10718
6394,2008-05-17,1,4,0,0.107161
6395,2008-05-20,7,4,0,0.107143
6396,2008-05-22,8,7,0,0.107124
6397,2008-05-24,9,5,0,0.107106
6398,2008-05-27,3,1,0,0.107087
6399,2008-05-29,5,9,0,0.107069
6400,2008-05-31,6,3,0,0.107051
6401,2008-06-03,4,3,0,0.107032
6402,2008-06-05,6,3,0,0.107014
6403,2008-06-07,2,3,0,0.106995
6404,2008-06-10,7,1,0,0.106977
6405,2008-06-12,6,7,0,0.106958
6406,2008-06-14,1,3,0,0.10694
6407,2008-06-17,3,4,0,0.106921
6408,2008-06-19,5,9,0,0.106903
6409,2008-06-21,5,3,0,0.106885
6410,2008-06-24,4,5,0,0.106866
6411,2008-06-26,7,3,0,0.106848
6412,2008-06-28,3,7,0,0.10683
6413,2008-07-01,5,9,0,0.106811
6414,2008-07-03,1,5,0,0.106793
6415,2008-07-05,9,4,0,0.106774
6416,2008-07-08,5,1,0,0.106756
6417,2008-07-10,9,5,0,0.106738
6418,2008-07-12,2,1,0,0.106719
6419,2008-07-15,3,1,0,0.106701
6420,2008-07-17,1,9,0,0.106683
6421,2008-07-19,4,4,1,0.106836
6422,2008-07-22,7,3,0,0.106818
6423,2008-07-24,4,7,0,0.106799
6424,2008-07-26,1,3,0,0.106781
6425,2008-07-29,4,4,1,0.106934
6426,2008-07-31,7,3,0,0.106916
6427,2008-08-02,2,7,0,0.106898
6428,2008-08-05,6,1,0,0.106879
6429,2008-08-07,4,3,0,0.106861
6430,2008-08-09,3,3,1,0.107014
6431,2008-08-12,1,9,0,0.106996
6432,2008-08-14,9,4,0,0.106978
6433,2008-08-16,8,1,0,0.106959
6434,2008-08-19,6,5,0,0.106941
6435,2008-08-21,9,3,0,0.106923
6436,2008-08-23,5,1,0,0.106904
6437,2008-08-26,5,5,1,0.107057
6438,2008-08-28,7,5,0,0.107039
6439,2008-08-30,8,7,0,0.107021
6440,2008-09-02,8,5,0,0.107002
6441,2008-09-04,1,5,0,0.106984
6442,2008-09-06,9,4,0,0.106966
6443,2008-09-09,9,1,0,0.106947
6444,2008-09-11,1,1,1,0.1071
6445,2008-09-13,4,4,1,0.107253
6446,2008-09-16,6,3,0,0.107234
6447,2008-09-18,4,3,0,0.107216
6448,2008-09-20,6,3,0,0.107198
6449,2008-09-23,7,3,0,0.107179
6450,2008-09-25,5,7,0,0.107161
6451,2008-09-27,4,5,0,0.107143
6452,2008-09-30,3,3,1,0.107295
6453,2008-10-02,6,9,0,0.107277
6454,2008-10-04,3,3,1,0.10743
6455,2008-10-07,7,9,0,0.107411
6456,2008-10-09,6,7,0,0.107393
6457,2008-10-11,9,3,0,0.107375
6458,2008-10-14,3,1,0,0.107356
6459,2008-10-16,9,9,1,0.107509
6460,2008-10-18,5,1,0,0.10749
6461,2008-10-21,1,5,0,0.107472
6462,2008-10-23,3,4,0,0.107454
6463,2008-10-25,6,9,0,0.107435
6464,2008-10-28,1,3,0,0.107417
6465,2008-10-30,2,4,0,0.107399
6466,2008-11-03,6,1,0,0.10738
6467,2008-11-04,3,3,1,0.107532
6468,2008-11-06,6,9,0,0.107514
6469,2008-11-08,4,3,0,0.107496
6470,2008-11-11,3,3,1,0.107648
6471,2008-11-13,6,9,0,0.107629
6472,2008-11-15,6,3,0,0.107611
6473,2008-11-18,2,3,0,0.107593
6474,2008-11-20,6,1,0,0.107574
6475,2008-11-22,2,3,0,0.107556
6476,2008-11-25,1,1,1,0.107708
6477,2008-11-27,2,4,0,0.10769
6478,2008-11-29,2,1,0,0.107671
6479,2008-12-02,6,1,0,0.107653
6480,2008-12-04,2,3,0,0.107635
6481,2008-12-06,7,1,0,0.107616
6482,2008-12-09,1,7,0,0.107598
6483,2008-12-11,1,4,0,0.10758
6484,2008-12-13,3,4,0,0.107562
6485,2008-12-16,3,9,0,0.107543
6486,2008-12-18,2,9,0,0.107525
6487,2008-12-20,9,1,0,0.107507
6488,2008-12-23,5,1,0,0.107489
6489,2008-12-24,2,5,0,0.10747
6490,2008-12-27,3,1,0,0.107452
6491,2008-12-30,2,9,0,0.107434
6492,2009-01-02,1,1,1,0.107585
6493,2009-01-03,3,4,0,0.107567
6494,2009-01-07,4,9,0,0.107549
6495,2009-01-08,9,3,0,0.107531
6496,2009-01-10,1,1,1,0.107682
6497,2009-01-13,7,4,0,0.107664
6498,2009-01-15,5,7,0,0.107645
6499,2009-01-17,4,5,0,0.107627
6500,2009-01-20,1,3,0,0.107609
6501,2009-01-22,4,4,1,0.10776
6502,2009-01-24,6,3,0,0.107742
6503,2009-01-27,6,3,0,0.107724
6504,2009-01-29,3,3,1,0.107875
6505,2009-01-31,4,9,0,0.107856
6506,2009-02-03,9,3,0,0.107838
6507,2009-02-05,7,1,0,0.10782
6508,2009-02-07,6,7,0,0.107802
6509,2009-02-10,7,3,0,0.107783
6510,2009-02-12,8,7,0,0.107765
6511,2009-02-14,1,5,0,0.107747
6512,2009-02-17,4,4,1,0.107898
6513,2009-02-19,4,3,0,0.10788
6514,2009-02-21,1,3,0,0.107861
6515,2009-02-24,4,4,1,0.108012
6516,2009-02-26,9,3,0,0.107994
6517,2009-02-28,9,1,0,0.107976
6518,2009-03-03,5,1,0,0.107957
6519,2009-03-05,1,5,0,0.107939
6520,2009-03-07,5,4,0,0.107921
6521,2009-03-10,3,5,0,0.107903
6522,2009-03-12,2,9,0,0.107885
6523,2009-03-14,1,1,1,0.108035
6524,2009-03-17,3,4,0,0.108017
6525,2009-03-19,4,9,0,0.107999
6526,2009-03-21,5,3,0,0.10798
6527,2009-03-24,7,5,0,0.107962
6528,2009-03-26,7,7,1,0.108113
6529,2009-03-28,9,7,0,0.108094
6530,2009-03-31,8,1,0,0.108076
6531,2009-04-02,7,5,0,0.108058
6532,2009-04-04,5,7,0,0.10804
6533,2009-04-07,2,5,0,0.108022
6534,2009-04-09,1,1,1,0.108172
6535,2009-04-11,9,4,0,0.108154
6536,2009-04-14,6,1,0,0.108135
6537,2009-04-16,8,3,0,0.108117
6538,2009-04-18,8,5,0,0.108099
6539,2009-04-21,3,5,0,0.108081
6540,2009-04-23,1,9,0,0.108063
6541,2009-04-27,9,4,0,0.108044
6542,2009-04-28,4,1,0,0.108026
6543,2009-04-30,8,3,0,0.108008
6544,2009-05-02,7,5,0,0.10799
6545,2009-05-05,4,7,0,0.107972
6546,2009-05-07,1,3,0,0.107954
6547,2009-05-09,5,4,0,0.107935
6548,2009-05-12,8,5,0,0.107917
6549,2009-05-14,2,5,0,0.107899
6550,2009-05-16,5,1,0,0.107881
6551,2009-05-19,9,5,0,0.107863
6552,2009-05-21,2,1,0,0.107845
6553,2009-05-23,1,1,1,0.107995
6554,2009-05-26,3,4,0,0.107976
6555,2009-05-28,9,9,1,0.108126
6556,2009-05-30,4,1,0,0.108108
6557,2009-06-03,9,3,0,0.10809
6558,2009-06-04,2,1,0,0.108072
6559,2009-06-06,7,1,0,0.108054
6560,2009-06-09,4,7,0,0.108036
6561,2009-06-11,3,3,1,0.108185
6562,2009-06-13,5,9,0,0.108167
6563,2009-06-16,5,5,1,0.108317
6564,2009-06-18,4,5,0,0.108298
6565,2009-06-20,7,3,0,0.10828
6566,2009-06-23,7,7,1,0.10843
6567,2009-06-25,8,7,0,0.108412
6568,2009-06-27,9,5,0,0.108393
6569,2009-06-30,9,1,0,0.108375
6570,2009-07-02,4,1,0,0.108357
6571,2009-07-04,1,3,0,0.108339
6572,2009-07-07,2,4,0,0.108321
6573,2009-07-09,6,1,0,0.108303
6574,2009-07-11,4,3,0,0.108285
6575,2009-07-14,7,3,0,0.108266
6576,2009-07-16,4,7,0,0.108248
6577,2009-07-18,7,3,0,0.10823
6578,2009-07-21,9,7,0,0.108212
6579,2009-07-23,5,1,0,0.108194
6580,2009-07-25,9,5,0,0.108176
6581,2009-07-28,6,1,0,0.108158
6582,2009-07-30,7,3,0,0.10814
6583,2009-08-01,3,7,0,0.108122
6584,2009-08-04,5,9,0,0.108104
6585,2009-08-06,8,5,0,0.108086
6586,2009-08-08,2,5,0,0.108067
6587,2009-08-11,1,1,1,0.108216
6588,2009-08-13,9,4,0,0.108198
6589,2009-08-17,9,1,0,0.10818
6590,2009-08-18,3,1,0,0.108162
6591,2009-08-20,4,9,0,0.108144
6592,2009-08-22,4,3,0,0.108126
6593,2009-08-25,2,3,0,0.108108
6594,2009-08-27,1,1,1,0.108257
6595,2009-08-29,7,4,0,0.108239
6596,2009-09-01,3,7,0,0.108221
6597,2009-09-03,2,9,0,0.108203
6598,2009-09-05,3,1,0,0.108185
6599,2009-09-08,6,9,0,0.108167
6600,2009-09-10,7,3,0,0.108149
6601,2009-09-12,6,7,0,0.108131
6602,2009-09-15,2,3,0,0.108113
6603,2009-09-17,5,1,0,0.108095
6604,2009-09-19,3,5,0,0.108077
6605,2009-09-22,5,9,0,0.108059
6606,2009-09-24,6,5,0,0.108041
6607,2009-09-26,6,3,0,0.108023
6608,2009-09-29,7,3,0,0.108005
6609,2009-10-01,9,7,0,0.107987
6610,2009-10-03,5,1,0,0.107969
6611,2009-10-06,6,5,0,0.107951
6612,2009-10-08,8,3,0,0.107933
6613,2009-10-10,4,5,0,0.107915
6614,2009-10-13,6,3,0,0.107897
6615,2009-10-15,4,3,0,0.107879
6616,2009-10-17,1,3,0,0.107861
6617,2009-10-20,4,4,1,0.108009
6618,2009-10-22,8,3,0,0.107991
6619,2009-10-24,8,5,0,0.107973
6620,2009-10-27,6,5,0,0.107955
6621,2009-10-29,6,3,0,0.107938
6622,2009-10-31,6,3,0,0.10792
6623,2009-11-03,5,3,0,0.107902
6624,2009-11-05,1,5,0,0.107884
6625,2009-11-07,4,4,1,0.108032
6626,2009-11-10,9,3,0,0.108014
6627,2009-11-12,3,1,0,0.107996
6628,2009-11-14,6,9,0,0.107978
6629,2009-11-17,6,3,0,0.10796
6630,2009-11-19,2,3,0,0.107942
6631,2009-11-21,1,1,1,0.10809
6632,2009-11-24,8,4,0,0.108072
6633,2009-11-26,6,5,0,0.108054
6634,2009-11-28,5,3,0,0.108036
6635,2009-12-01,5,5,1,0.108184
6636,2009-12-03,4,5,0,0.108166
6637,2009-12-05,4,3,0,0.108148
6638,2009-12-09,9,3,0,0.10813
6639,2009-12-10,7,1,0,0.108113
6640,2009-12-12,6,7,0,0.108095
6641,2009-12-15,1,3,0,0.108077
6642,2009-12-17,7,4,0,0.108059
6643,2009-12-19,6,7,0,0.108041
6644,2009-12-22,3,3,1,0.108189
6645,2009-12-24,1,9,0,0.108171
6646,2009-12-28,6,4,0,0.108153
6647,2009-12-29,6,3,0,0.108135
6648,2009-12-31,4,3,0,0.108117
6649,2010-01-02,4,3,0,0.108099
6650,2010-01-05,2,3,0,0.108081
6651,2010-01-07,8,1,0,0.108063
6652,2010-01-09,6,5,0,0.108046
6653,2010-01-12,7,3,0,0.108028
6654,2010-01-14,4,7,0,0.10801
6655,2010-01-16,1,3,0,0.107992
6656,2010-01-19,5,4,0,0.107974
6657,2010-01-21,7,5,0,0.107956
6658,2010-01-23,1,7,0,0.107939
6659,2010-01-26,7,4,0,0.107921
6660,2010-01-28,3,7,0,0.107903
6661,2010-01-30,9,9,1,0.10805
6662,2010-02-02,2,1,0,0.108032
6663,2010-02-04,7,1,0,0.108015
6664,2010-02-06,9,7,0,0.107997
6665,2010-02-09,3,1,0,0.107979
6666,2010-02-11,6,9,0,0.107961
6667,2010-02-13,9,3,0,0.107943
6668,2010-02-16,1,1,1,0.10809
6669,2010-02-18,3,4,0,0.108072
6670,2010-02-20,2,9,0,0.108055
6671,2010-02-23,6,1,0,0.108037
6672,2010-02-25,2,3,0,0.108019
6673,2010-02-27,8,1,0,0.108001
6674,2010-03-02,8,5,0,0.107984
6675,2010-03-04,9,5,0,0.107966
6676,2010-03-06,7,1,0,0.107948
6677,2010-03-09,1,7,0,0.10793
6678,2010-03-11,9,4,0,0.107912
6679,2010-03-13,5,1,0,0.107895
6680,2010-03-16,6,5,0,0.107877
6681,2010-03-18,4,3,0,0.107859
6682,2010-03-20,1,3,0,0.107842
6683,2010-03-23,1,4,0,0.107824
6684,2010-03-25,3,4,0,0.107806
6685,2010-03-27,2,9,0,0.107788
6686,2010-03-30,9,1,0,0.107771
6687,2010-04-01,4,1,0,0.107753
6688,2010-04-03,7,3,0,0.107735
6689,2010-04-06,8,7,0,0.107718
6690,2010-04-08,6,5,0,0.1077
6691,2010-04-10,9,3,0,0.107682
6692,2010-04-13,7,1,0,0.107665
6693,2010-04-15,7,7,1,0.107811
6694,2010-04-17,5,7,0,0.107793
6695,2010-04-20,4,5,0,0.107776
6696,2010-04-22,5,3,0,0.107758
6697,2010-04-24,6,5,0,0.10774
6698,2010-04-27,1,3,0,0.107723
6699,2010-04-29,9,4,0,0.107705
6700,2010-05-03,3,1,0,0.107687
6701,2010-05-04,8,9,0,0.10767
6702,2010-05-06,5,5,1,0.107816
6703,2010-05-08,8,5,0,0.107798
6704,2010-05-11,9,5,0,0.107781
6705,2010-05-13,5,1,0,0.107763
6706,2010-05-15,3,5,0,0.107745
6707,2010-05-18,5,9,0,0.107728
6708,2010-05-20,3,5,0,0.10771
6709,2010-05-22,8,9,0,0.107692
6710,2010-05-25,4,5,0,0.107675
6711,2010-05-27,9,3,0,0.107657
6712,2010-05-29,8,1,0,0.107639
6713,2010-06-01,8,5,0,0.107622
6714,2010-06-03,5,5,1,0.107768
6715,2010-06-05,7,3,0,0.10775
6716,2010-06-08,2,7,0,0.107733
6717,2010-06-10,2,1,0,0.107715
6718,2010-06-12,1,1,1,0.107861
6719,2010-06-15,5,4,0,0.107843
6720,2010-06-17,2,3,0,0.107826
6721,2010-06-19,3,1,0,0.107808
6722,2010-06-22,8,9,0,0.10779
6723,2010-06-24,7,5,0,0.107773
6724,2010-06-26,9,7,0,0.107755
6725,2010-06-29,2,1,0,0.107738
6726,2010-07-01,5,1,0,0.10772
6727,2010-07-03,2,3,0,0.107702
6728,2010-07-06,1,1,1,0.107848
6729,2010-07-08,2,4,0,0.10783
6730,2010-07-10,3,1,0,0.107813
6731,2010-07-13,8,9,0,0.107795
6732,2010-07-15,2,5,0,0.107778
6733,2010-07-17,2,1,0,0.10776
6734,2010-07-20,3,1,0,0.107742
6735,2010-07-22,6,9,0,0.107725
6736,2010-07-24,6,3,0,0.107707
6737,2010-07-27,8,3,0,0.10769
6738,2010-07-29,2,5,0,0.107672
6739,2010-07-31,4,1,0,0.107655
6740,2010-08-03,7,3,0,0.107637
6741,2010-08-05,2,7,0,0.10762
6742,2010-08-07,6,1,0,0.107602
6743,2010-08-10,1,3,0,0.107585
6744,2010-08-12,1,4,0,0.107567
6745,2010-08-14,1,4,0,0.10755
6746,2010-08-17,1,4,0,0.107532
6747,2010-08-19,5,4,0,0.107515
6748,2010-08-21,8,3,0,0.107497
6749,2010-08-24,8,5,0,0.10748
6750,2010-08-26,2,5,0,0.107462
6751,2010-08-28,4,1,0,0.107445
6752,2010-08-31,7,3,0,0.107427
6753,2010-09-02,9,7,0,0.10741
6754,2010-09-04,7,1,0,0.107392
6755,2010-09-07,2,7,0,0.107375
6756,2010-09-09,3,1,0,0.107357
6757,2010-09-11,9,9,1,0.107502
6758,2010-09-14,6,1,0,0.107485
6759,2010-09-16,8,3,0,0.107468
6760,2010-09-18,9,5,0,0.10745
6761,2010-09-21,4,1,0,0.107433
6762,2010-09-23,8,3,0,0.107415
6763,2010-09-25,2,5,0,0.107398
6764,2010-09-28,7,1,0,0.10738
6765,2010-09-30,2,7,0,0.107363
6766,2010-10-02,9,1,0,0.107346
6767,2010-10-05,7,1,0,0.107328
6768,2010-10-07,2,7,0,0.107311
6769,2010-10-09,4,1,0,0.107293
6770,2010-10-12,8,3,0,0.107276
6771,2010-10-14,3,5,0,0.107259
6772,2010-10-16,7,9,0,0.107241
6773,2010-10-19,1,7,0,0.107224
6774,2010-10-21,1,4,0,0.107206
6775,2010-10-23,5,4,0,0.107189
6776,2010-10-26,4,3,0,0.107172
6777,2010-10-28,9,3,0,0.107154
6778,2010-10-30,1,1,1,0.107299
6779,2010-11-02,5,4,0,0.107282
6780,2010-11-04,8,3,0,0.107264
6781,2010-11-06,6,5,0,0.107247
6782,2010-11-09,9,3,0,0.10723
6783,2010-11-11,1,1,1,0.107374
6784,2010-11-13,3,4,0,0.107357
6785,2010-11-16,5,9,0,0.107339
6786,2010-11-18,6,3,0,0.107322
6787,2010-11-20,7,3,0,0.107304
6788,2010-11-23,4,7,0,0.107287
6789,2010-11-25,7,3,0,0.10727
6790,2010-11-27,4,7,0,0.107252
6791,2010-11-30,5,3,0,0.107235
6792,2010-12-02,4,3,0,0.107218
6793,2010-12-04,2,3,0,0.107201
6794,2010-12-07,8,1,0,0.107183
6795,2010-12-09,5,5,1,0.107327
6796,2010-12-11,5,3,0,0.10731
6797,2010-12-14,2,5,0,0.107293
6798,2010-12-16,8,1,0,0.107275
6799,2010-12-18,9,5,0,0.107258
6800,2010-12-21,6,1,0,0.107241
6801,2010-12-23,2,3,0,0.107223
6802,2010-12-27,7,1,0,0.107206
6803,2010-12-28,6,7,0,0.107189
6804,2010-12-30,2,3,0,0.107172
6805,2011-01-03,6,1,0,0.107154
6806,2011-01-04,7,3,0,0.107137
6807,2011-01-07,8,7,0,0.10712
6808,2011-01-08,9,5,0,0.107103
6809,2011-01-11,3,1,0,0.107085
6810,2011-01-13,8,9,0,0.107068
6811,2011-01-15,8,5,0,0.107051
6812,2011-01-18,9,5,0,0.107034
6813,2011-01-20,9,1,0,0.107016
6814,2011-01-22,1,1,1,0.10716
6815,2011-01-25,3,4,0,0.107143
6816,2011-01-27,2,9,0,0.107126
6817,2011-01-29,1,1,1,0.107269
6818,2011-02-01,3,4,0,0.107252
6819,2011-02-03,5,9,0,0.107235
6820,2011-02-05,3,5,0,0.107217
6821,2011-02-08,7,9,0,0.1072
6822,2011-02-10,6,7,0,0.107183
6823,2011-02-12,7,3,0,0.107166
6824,2011-02-15,6,7,0,0.107149
6825,2011-02-17,1,3,0,0.107131
6826,2011-02-19,6,4,0,0.107114
6827,2011-02-22,5,3,0,0.107097
6828,2011-02-24,4,3,0,0.10708
6829,2011-02-26,6,3,0,0.107063
6830,2011-03-01,2,3,0,0.107045
6831,2011-03-03,4,1,0,0.107028
6832,2011-03-05,4,3,0,0.107011
6833,2011-03-08,4,3,0,0.106994
6834,2011-03-10,4,3,0,0.106977
6835,2011-03-12,8,3,0,0.10696
6836,2011-03-15,8,5,0,0.106942
6837,2011-03-18,1,5,0,0.106925
6838,2011-03-19,2,4,0,0.106908
6839,2011-03-22,8,1,0,0.106891
6840,2011-03-24,4,5,0,0.106874
6841,2011-03-26,7,3,0,0.106857
6842,2011-03-29,6,7,0,0.10684
6843,2011-03-31,6,3,0,0.106823
6844,2011-04-02,9,3,0,0.106805
6845,2011-04-05,3,1,0,0.106788
6846,2011-04-07,5,9,0,0.106771
6847,2011-04-09,6,3,0,0.106754
6848,2011-04-12,4,3,0,0.106737
6849,2011-04-14,1,3,0,0.10672
6850,2011-04-16,4,4,1,0.106863
6851,2011-04-19,2,3,0,0.106846
6852,2011-04-21,3,1,0,0.106829
6853,2011-04-23,5,5,1,0.106972
6854,2011-04-26,1,3,0,0.106954
6855,2011-04-28,7,4,0,0.106937
6856,2011-04-30,2,7,0,0.10692
6857,2011-05-03,7,1,0,0.106903
6858,2011-05-05,3,7,0,0.106886
6859,2011-05-07,1,5,0,0.106869
6860,2011-05-10,4,4,1,0.107012
6861,2011-05-12,3,3,1,0.107154
6862,2011-05-14,8,5,0,0.107137
6863,2011-05-17,9,5,0,0.10712
6864,2011-05-19,1,1,1,0.107263
6865,2011-05-21,8,4,0,0.107245
6866,2011-05-24,6,5,0,0.107228
6867,2011-05-26,3,3,1,0.107371
6868,2011-05-28,5,5,1,0.107513
6869,2011-05-31,6,3,0,0.107496
6870,2011-06-03,5,3,0,0.107479
6871,2011-06-04,4,3,0,0.107462
6872,2011-06-07,2,3,0,0.107445
6873,2011-06-09,4,1,0,0.107427
6874,2011-06-11,5,3,0,0.10741
6875,2011-06-14,9,3,0,0.107393
6876,2011-06-16,4,1,0,0.107376
6877,2011-06-18,7,3,0,0.107359
6878,2011-06-21,9,7,0,0.107342
6879,2011-06-23,6,1,0,0.107325
6880,2011-06-25,2,3,0,0.107308
6881,2011-06-28,5,1,0,0.107291
6882,2011-06-30,2,3,0,0.107274
6883,2011-07-02,3,1,0,0.107257
6884,2011-07-05,2,5,0,0.107239
6885,2011-07-07,5,1,0,0.107222
6886,2011-07-09,5,3,0,0.107205
6887,2011-07-12,7,5,0,0.107188
6888,2011-07-14,5,7,0,0.107171
6889,2011-07-16,9,5,0,0.107154
6890,2011-07-19,1,1,1,0.107296
6891,2011-07-21,3,4,0,0.107279
6892,2011-07-23,9,5,0,0.107262
6893,2011-07-26,2,1,0,0.107245
6894,2011-07-28,6,1,0,0.107228
6895,2011-07-30,2,3,0,0.107211
6896,2011-08-02,6,1,0,0.107194
6897,2011-08-04,2,3,0,0.107177
6898,2011-08-06,8,1,0,0.10716
6899,2011-08-09,8,5,0,0.107143
6900,2011-08-11,9,5,0,0.107126
6901,2011-08-13,2,1,0,0.107109
6902,2011-08-16,6,1,0,0.107092
6903,2011-08-18,5,3,0,0.107075
6904,2011-08-20,1,5,0,0.107058
6905,2011-08-23,7,4,0,0.107041
6906,2011-08-25,7,7,1,0.107182
6907,2011-08-27,6,7,0,0.107166
6908,2011-08-30,3,3,1,0.107307
6909,2011-09-01,8,5,0,0.10729
6910,2011-09-03,8,5,0,0.107273
6911,2011-09-06,3,5,0,0.107256
6912,2011-09-08,9,5,0,0.107239
6913,2011-09-10,6,1,0,0.107222
6914,2011-09-13,8,3,0,0.107205
6915,2011-09-15,1,5,0,0.107188
6916,2011-09-17,9,4,0,0.107171
6917,2011-09-20,8,1,0,0.107154
6918,2011-09-22,4,5,0,0.107137
6919,2011-09-24,4,3,0,0.10712
6920,2011-09-27,4,3,0,0.107103
6921,2011-09-29,8,3,0,0.107086
6922,2011-10-01,2,5,0,0.107069
6923,2011-10-04,5,1,0,0.107052
6924,2011-10-06,4,5,0,0.107036
6925,2011-10-08,4,3,0,0.107019
6926,2011-10-11,6,3,0,0.107002
6927,2011-10-13,8,3,0,0.106985
6928,2011-10-15,8,5,0,0.106968
6929,2011-10-18,4,8,0,0.106951
6930,2011-10-20,1,3,0,0.106934
6931,2011-10-22,7,4,0,0.106917
6932,2011-10-25,2,7,0,0.1069
6933,2011-10-27,7,1,0,0.106883
6934,2011-10-29,1,7,0,0.106867
6935,2011-11-02,2,4,0,0.10685
6936,2011-11-03,7,1,0,0.106833
6937,2011-11-05,9,7,0,0.106816
6938,2011-11-08,5,1,0,0.106799
6939,2011-11-10,9,5,0,0.106782
6940,2011-11-12,8,1,0,0.106765
6941,2011-11-15,3,8,0,0.106749
6942,2011-11-17,4,5,0,0.106732
6943,2011-11-19,3,3,1,0.106873
6944,2011-11-22,2,5,0,0.106856
6945,2011-11-24,4,1,0,0.106839
6946,2011-11-26,7,3,0,0.106822
6947,2011-11-29,6,7,0,0.106805
6948,2011-12-01,5,3,0,0.106788
6949,2011-12-03,8,5,0,0.106772
6950,2011-12-06,1,8,0,0.106755
6951,2011-12-09,4,4,1,0.106895
6952,2011-12-10,9,3,0,0.106879
6953,2011-12-13,9,1,0,0.106862
6954,2011-12-15,5,1,0,0.106845
6955,2011-12-17,1,5,0,0.106828
6956,2011-12-20,6,4,0,0.106811
6957,2011-12-22,9,3,0,0.106795
6958,2011-12-24,8,1,0,0.106778
6959,2011-12-27,7,8,0,0.106761
6960,2011-12-29,4,7,0,0.106744
6961,2011-12-31,3,3,1,0.106885
6962,2012-01-03,8,5,0,0.106868
6963,2012-01-05,2,8,0,0.106851
6964,2012-01-07,2,1,0,0.106834
6965,2012-01-10,7,1,0,0.106817
6966,2012-01-12,7,7,1,0.106958
6967,2012-01-14,7,7,1,0.107098
6968,2012-01-17,9,7,0,0.107081
6969,2012-01-19,1,1,1,0.107221
6970,2012-01-21,7,4,0,0.107205
6971,2012-01-24,7,7,1,0.107345
6972,2012-01-26,9,7,0,0.107328
6973,2012-01-28,6,1,0,0.107311
6974,2012-01-31,1,3,0,0.107294
6975,2012-02-02,4,4,1,0.107434
6976,2012-02-04,6,3,0,0.107417
6977,2012-02-07,3,3,1,0.107557
6978,2012-02-09,6,5,0,0.10754
6979,2012-02-11,6,3,0,0.107524
6980,2012-02-14,6,3,0,0.107507
6981,2012-02-16,9,3,0,0.10749
6982,2012-02-18,9,1,0,0.107473
6983,2012-02-21,5,1,0,0.107456
6984,2012-02-23,7,5,0,0.107439
6985,2012-02-25,3,7,0,0.107422
6986,2012-02-28,4,5,0,0.107406
6987,2012-03-01,4,3,0,0.107389
6988,2012-03-03,4,3,0,0.107372
6989,2012-03-06,8,3,0,0.107355
6990,2012-03-08,4,8,0,0.107338
6991,2012-03-10,3,3,1,0.107478
6992,2012-03-13,1,5,0,0.107461
6993,2012-03-15,4,4,1,0.107601
6994,2012-03-17,2,3,0,0.107584
6995,2012-03-20,3,1,0,0.107567
6996,2012-03-22,8,5,0,0.10755
6997,2012-03-24,8,8,1,0.10769
6998,2012-03-27,9,8,0,0.107673
6999,2012-03-29,5,1,0,0.107656
7000,2012-03-31,2,5,0,0.107639
7001,2012-04-03,8,1,0,0.107623
7002,2012-04-05,5,8,0,0.107606
7003,2012-04-07,8,5,0,0.107589
7004,2012-04-10,6,8,0,0.107572
7005,2012-04-12,1,3,0,0.107555
7006,2012-04-14,4,4,1,0.107695
7007,2012-04-17,1,3,0,0.107678
7008,2012-04-19,3,4,0,0.107661
7009,2012-04-21,6,5,0,0.107644
7010,2012-04-24,9,3,0,0.107628
7011,2012-04-26,1,1,1,0.107767
7012,2012-04-28,9,4,0,0.10775
7013,2012-05-02,8,1,0,0.107733
7014,2012-05-03,9,8,0,0.107716
7015,2012-05-05,2,1,0,0.1077
7016,2012-05-08,4,1,0,0.107683
7017,2012-05-10,4,3,0,0.107666
7018,2012-05-12,4,3,0,0.107649
7019,2012-05-15,6,3,0,0.107632
7020,2012-05-17,4,3,0,0.107616
7021,2012-05-19,1,3,0,0.107599
7022,2012-05-22,5,4,0,0.107582
7023,2012-05-24,1,5,0,0.107565
7024,2012-05-26,9,4,0,0.107549
7025,2012-05-29,5,1,0,0.107532
7026,2012-05-31,4,5,0,0.107515
7027,2012-06-04,3,3,1,0.107654
7028,2012-06-05,5,5,1,0.107793
7029,2012-06-07,6,5,0,0.107776
7030,2012-06-09,5,3,0,0.107759
7031,2012-06-12,2,5,0,0.107743
7032,2012-06-14,8,1,0,0.107726
7033,2012-06-16,6,8,0,0.107709
7034,2012-06-19,9,3,0,0.107692
7035,2012-06-21,2,1,0,0.107676
7036,2012-06-23,9,1,0,0.107659
7037,2012-06-26,8,1,0,0.107642
7038,2012-06-28,1,8,0,0.107625
7039,2012-06-30,3,4,0,0.107609
7040,2012-07-03,7,5,0,0.107592
7041,2012-07-05,6,7,0,0.107575
7042,2012-07-07,7,3,0,0.107559
7043,2012-07-10,5,7,0,0.107542
7044,2012-07-12,9,5,0,0.107525
7045,2012-07-14,2,1,0,0.107509
7046,2012-07-17,6,1,0,0.107492
7047,2012-07-19,8,3,0,0.107475
7048,2012-07-21,8,8,1,0.107614
7049,2012-07-24,6,8,0,0.107597
7050,2012-07-26,9,3,0,0.10758
7051,2012-07-28,6,1,0,0.107564
7052,2012-07-31,7,3,0,0.107547
7053,2012-08-02,9,7,0,0.10753
7054,2012-08-04,7,1,0,0.107514
7055,2012-08-07,2,7,0,0.107497
7056,2012-08-09,1,1,1,0.107635
7057,2012-08-11,8,4,0,0.107618
7058,2012-08-14,7,8,0,0.107602
7059,2012-08-16,7,7,1,0.10774
7060,2012-08-18,9,7,0,0.107723
7061,2012-08-21,2,1,0,0.107707
7062,2012-08-23,1,1,1,0.107845
7063,2012-08-25,6,4,0,0.107828
7064,2012-08-28,3,3,1,0.107966
7065,2012-08-30,5,5,1,0.108104
7066,2012-09-01,1,5,0,0.108087
7067,2012-09-04,7,4,0,0.108071
7068,2012-09-06,6,7,0,0.108054
7069,2012-09-08,7,3,0,0.108037
7070,2012-09-11,2,7,0,0.10802
7071,2012-09-13,1,1,1,0.108158
7072,2012-09-15,3,4,0,0.108142
7073,2012-09-18,9,5,0,0.108125
7074,2012-09-20,9,1,0,0.108108
7075,2012-09-22,8,1,0,0.108091
7076,2012-09-25,5,8,0,0.108075
7077,2012-09-27,1,5,0,0.108058
7078,2012-09-29,2,4,0,0.108041
7079,2012-10-02,8,1,0,0.108025
7080,2012-10-04,2,8,0,0.108008
7081,2012-10-06,8,1,0,0.107991
7082,2012-10-09,7,8,0,0.107975
7083,2012-10-11,1,7,0,0.107958
7084,2012-10-13,2,4,0,0.107941
7085,2012-10-16,6,1,0,0.107925
7086,2012-10-18,4,3,0,0.107908
7087,2012-10-20,8,3,0,0.107891
7088,2012-10-23,8,8,1,0.108029
7089,2012-10-25,5,8,0,0.108012
7090,2012-10-27,5,5,1,0.10815
7091,2012-10-30,2,5,0,0.108133
7092,2012-11-02,4,1,0,0.108116
7093,2012-11-03,3,3,1,0.108254
7094,2012-11-06,9,5,0,0.108237
7095,2012-11-08,8,1,0,0.10822
7096,2012-11-10,7,8,0,0.108204
7097,2012-11-13,7,7,1,0.108341
7098,2012-11-15,1,7,0,0.108324
7099,2012-11-17,9,4,0,0.108308
7100,2012-11-20,4,1,0,0.108291
7101,2012-11-22,5,3,0,0.108274
7102,2012-11-24,6,5,0,0.108258
7103,2012-11-27,6,3,0,0.108241
7104,2012-11-29,3,3,1,0.108378
7105,2012-12-01,1,5,0,0.108362
7106,2012-12-04,9,4,0,0.108345
7107,2012-12-06,6,1,0,0.108328
7108,2012-12-10,4,3,0,0.108312
7109,2012-12-11,9,3,0,0.108295
7110,2012-12-13,4,1,0,0.108278
7111,2012-12-15,3,3,1,0.108415
7112,2012-12-18,6,5,0,0.108399
7113,2012-12-20,5,3,0,0.108382
7114,2012-12-22,6,5,0,0.108365
7115,2012-12-24,1,3,0,0.108349
7116,2012-12-27,1,4,0,0.108332
7117,2012-12-29,3,4,0,0.108315
7118,2013-01-02,5,5,1,0.108452
7119,2013-01-03,1,6,0,0.108436
7120,2013-01-05,2,4,0,0.108419
7121,2013-01-08,6,1,0,0.108402
7122,2013-01-10,9,3,0,0.108386
7123,2013-01-12,7,1,0,0.108369
7124,2013-01-15,1,7,0,0.108352
7125,2013-01-17,1,4,0,0.108336
7126,2013-01-19,7,4,0,0.108319
7127,2013-01-22,2,7,0,0.108303
7128,2013-01-24,2,1,0,0.108286
7129,2013-01-26,6,1,0,0.10827
7130,2013-01-29,2,3,0,0.108253
7131,2013-01-31,2,1,0,0.108236
7132,2013-02-02,5,1,0,0.10822
7133,2013-02-05,3,6,0,0.108203
7134,2013-02-07,5,5,1,0.10834
7135,2013-02-09,4,6,0,0.108323
7136,2013-02-12,9,3,0,0.108307
7137,2013-02-14,7,1,0,0.10829
7138,2013-02-16,6,7,0,0.108273
7139,2013-02-19,7,3,0,0.108257
7140,2013-02-21,6,7,0,0.10824
7141,2013-02-23,5,3,0,0.108224
7142,2013-02-26,1,6,0,0.108207
7143,2013-02-28,6,4,0,0.108191
7144,2013-03-02,7,3,0,0.108174
7145,2013-03-05,2,7,0,0.108158
7146,2013-03-07,7,1,0,0.108141
7147,2013-03-09,3,7,0,0.108125
7148,2013-03-12,6,5,0,0.108108
7149,2013-03-14,7,3,0,0.108092
7150,2013-03-16,5,7,0,0.108075
7151,2013-03-19,1,6,0,0.108059
7152,2013-03-21,6,4,0,0.108042
7153,2013-03-23,9,3,0,0.108026
7154,2013-03-26,7,1,0,0.108009
7155,2013-03-28,9,7,0,0.107993
7156,2013-03-30,3,1,0,0.107976
7157,2013-04-02,2,5,0,0.10796
7158,2013-04-04,8,1,0,0.107943
7159,2013-04-06,3,8,0,0.107927
7160,2013-04-09,3,5,0,0.10791
7161,2013-04-11,6,5,0,0.107894
7162,2013-04-13,9,3,0,0.107877
7163,2013-04-16,8,1,0,0.107861
7164,2013-04-18,5,8,0,0.107845
7165,2013-04-20,2,6,0,0.107828
7166,2013-04-23,2,1,0,0.107812
7167,2013-04-26,9,1,0,0.107795
7168,2013-04-27,5,1,0,0.107779
7169,2013-04-30,3,6,0,0.107763
7170,2013-05-02,1,5,0,0.107746
7171,2013-05-04,2,4,0,0.10773
7172,2013-05-07,1,1,1,0.107866
7173,2013-05-09,3,4,0,0.107849
7174,2013-05-11,7,5,0,0.107833
7175,2013-05-14,9,7,0,0.107816
7176,2013-05-16,5,1,0,0.1078
7177,2013-05-18,3,6,0,0.107784
7178,2013-05-21,6,5,0,0.107767
7179,2013-05-23,7,3,0,0.107751
7180,2013-05-25,6,7,0,0.107734
7181,2013-05-28,1,3,0,0.107718
7182,2013-05-30,5,4,0,0.107702
7183,2013-06-01,3,3,1,0.107837
7184,2013-06-04,6,5,0,0.107821
7185,2013-06-06,2,3,0,0.107804
7186,2013-06-08,1,1,1,0.10794
7187,2013-06-11,6,4,0,0.107923
7188,2013-06-13,1,3,0,0.107907
7189,2013-06-15,4,4,1,0.108042
7190,2013-06-18,2,3,0,0.108026
7191,2013-06-20,4,1,0,0.10801
7192,2013-06-22,3,3,1,0.108145
7193,2013-06-25,2,5,0,0.108129
7194,2013-06-27,8,1,0,0.108112
7195,2013-06-29,8,5,0,0.108096
7196,2013-07-02,1,8,0,0.108079
7197,2013-07-04,4,4,1,0.108215
7198,2013-07-06,5,3,0,0.108198
7199,2013-07-09,4,3,0,0.108182
7200,2013-07-11,2,3,0,0.108165
7201,2013-07-13,1,1,1,0.108301
7202,2013-07-16,5,4,0,0.108284
7203,2013-07-18,2,3,0,0.108268
7204,2013-07-20,6,1,0,0.108251
7205,2013-07-23,2,3,0,0.108235
7206,2013-07-25,7,1,0,0.108219
7207,2013-07-27,1,7,0,0.108202
7208,2013-07-30,1,4,0,0.108186
7209,2013-08-01,3,4,0,0.108169
7210,2013-08-03,1,5,0,0.108153
7211,2013-08-06,9,4,0,0.108137
7212,2013-08-08,1,1,1,0.108272
7213,2013-08-10,4,4,1,0.108406
7214,2013-08-13,6,3,0,0.10839
7215,2013-08-16,8,3,0,0.108374
7216,2013-08-17,8,8,1,0.108508
7217,2013-08-20,2,8,0,0.108492
7218,2013-08-22,8,1,0,0.108476
7219,2013-08-24,5,8,0,0.108459
7220,2013-08-27,2,3,0,0.108443
7221,2013-08-29,1,1,1,0.108577
7222,2013-08-31,7,4,0,0.108561
7223,2013-09-03,1,7,0,0.108545
7224,2013-09-05,8,4,0,0.108528
7225,2013-09-07,6,8,0,0.108512
7226,2013-09-10,1,3,0,0.108496
7227,2013-09-12,7,4,0,0.108479
7228,2013-09-14,6,7,0,0.108463
7229,2013-09-17,9,3,0,0.108446
7230,2013-09-19,4,1,0,0.10843
7231,2013-09-21,6,3,0,0.108414
7232,2013-09-24,9,3,0,0.108397
7233,2013-09-26,1,1,1,0.108532
7234,2013-09-28,9,4,0,0.108515
7235,2013-10-01,1,1,1,0.10865
7236,2013-10-03,9,4,0,0.108633
7237,2013-10-05,1,1,1,0.108768
7238,2013-10-08,4,4,1,0.108902
7239,2013-10-10,2,3,0,0.108886
7240,2013-10-12,1,1,1,0.10902
7241,2013-10-15,5,4,0,0.109003
7242,2013-10-17,8,3,0,0.108987
7243,2013-10-19,7,8,0,0.10897
7244,2013-10-22,5,6,0,0.108954
7245,2013-10-24,4,3,0,0.108938
7246,2013-10-26,9,3,0,0.108921
7247,2013-10-29,9,1,0,0.108905
7248,2013-10-31,1,1,1,0.109039
7249,2013-11-02,8,4,0,0.109023
7250,2013-11-05,5,8,0,0.109006
7251,2013-11-07,6,3,0,0.10899
7252,2013-11-09,6,3,0,0.108973
7253,2013-11-12,5,3,0,0.108957
7254,2013-11-14,4,3,0,0.108941
7255,2013-11-16,8,3,0,0.108924
7256,2013-11-19,4,5,0,0.108908
7257,2013-11-21,2,3,0,0.108892
7258,2013-11-23,7,1,0,0.108875
7259,2013-11-26,3,6,0,0.108859
7260,2013-11-28,7,5,0,0.108843
7261,2013-11-30,8,6,0,0.108826
7262,2013-12-03,9,5,0,0.10881
7263,2013-12-05,7,1,0,0.108794
7264,2013-12-07,3,6,0,0.108777
7265,2013-12-10,5,5,1,0.108911
7266,2013-12-12,4,3,0,0.108895
7267,2013-12-14,8,3,0,0.108878
7268,2013-12-17,2,5,0,0.108862
7269,2013-12-19,4,1,0,0.108846
7270,2013-12-21,4,3,0,0.108829
7271,2013-12-24,5,3,0,0.108813
7272,2013-12-27,5,3,0,0.108797
7273,2013-12-28,9,3,0,0.10878
7274,2013-12-31,4,1,0,0.108764
7275,2014-01-02,2,3,0,0.108748
7276,2014-01-04,5,1,0,0.108731
7277,2014-01-07,9,3,0,0.108715
7278,2014-01-09,3,1,0,0.108699
7279,2014-01-11,3,5,0,0.108683
7280,2014-01-14,4,5,0,0.108666
7281,2014-01-16,4,3,0,0.10865
7282,2014-01-18,3,3,1,0.108783
7283,2014-01-21,8,5,0,0.108767
7284,2014-01-23,6,5,0,0.108751
7285,2014-01-25,5,3,0,0.108735
7286,2014-01-28,2,3,0,0.108718
7287,2014-01-30,2,1,0,0.108702
7288,2014-02-01,1,1,1,0.108835
7289,2014-02-04,1,4,0,0.108819
7290,2014-02-06,1,4,0,0.108803
7291,2014-02-08,8,4,0,0.108787
7292,2014-02-11,9,5,0,0.10877
7293,2014-02-13,4,1,0,0.108754
7294,2014-02-15,9,3,0,0.108738
7295,2014-02-18,6,1,0,0.108722
7296,2014-02-20,2,3,0,0.108705
7297,2014-02-22,6,1,0,0.108689
7298,2014-02-25,8,3,0,0.108673
7299,2014-02-27,9,5,0,0.108657
7300,2014-03-01,6,1,0,0.108641
7301,2014-03-04,6,3,0,0.108624
7302,2014-03-06,3,3,1,0.108757
7303,2014-03-08,1,5,0,0.108741
7304,2014-03-11,5,4,0,0.108725
7305,2014-03-13,2,3,0,0.108709
7306,2014-03-15,9,1,0,0.108692
7307,2014-03-18,6,1,0,0.108676
7308,2014-03-20,1,3,0,0.10866
7309,2014-03-22,8,4,0,0.108644
7310,2014-03-25,3,5,0,0.108628
7311,2014-03-27,9,5,0,0.108611
7312,2014-03-29,2,1,0,0.108595
7313,2014-04-01,8,1,0,0.108579
7314,2014-04-03,5,5,1,0.108712
7315,2014-04-05,3,3,1,0.108845
7316,2014-04-08,8,5,0,0.108828
7317,2014-04-10,4,5,0,0.108812
7318,2014-04-12,4,3,0,0.108796
7319,2014-04-15,3,3,1,0.108929
7320,2014-04-17,9,5,0,0.108912
7321,2014-04-19,9,1,0,0.108896
7322,2014-04-22,3,1,0,0.10888
7323,2014-04-24,8,5,0,0.108864
7324,2014-04-26,6,5,0,0.108848
7325,2014-04-29,2,3,0,0.108831
7326,2014-05-02,5,1,0,0.108815
7327,2014-05-03,8,3,0,0.108799
7328,2014-05-06,3,5,0,0.108783
7329,2014-05-08,6,5,0,0.108767
7330,2014-05-10,5,3,0,0.108751
7331,2014-05-13,3,3,1,0.108883
7332,2014-05-15,8,5,0,0.108867
7333,2014-05-17,3,5,0,0.108851
7334,2014-05-20,2,5,0,0.108834
7335,2014-05-22,4,1,0,0.108818
7336,2014-05-24,2,3,0,0.108802
7337,2014-05-27,9,1,0,0.108786
7338,2014-05-29,6,1,0,0.10877
7339,2014-05-31,4,3,0,0.108754
7340,2014-06-03,7,3,0,0.108738
7341,2014-06-05,9,6,0,0.108721
7342,2014-06-07,2,1,0,0.108705
7343,2014-06-10,8,1,0,0.108689
7344,2014-06-12,3,5,0,0.108673
7345,2014-06-14,3,5,0,0.108657
7346,2014-06-17,6,5,0,0.108641
7347,2014-06-19,4,3,0,0.108625
7348,2014-06-21,5,3,0,0.108609
7349,2014-06-24,9,3,0,0.108593
7350,2014-06-26,9,1,0,0.108577
7351,2014-06-28,8,1,0,0.10856
7352,2014-07-01,6,5,0,0.108544
7353,2014-07-03,5,3,0,0.108528
7354,2014-07-05,5,3,0,0.108512
7355,2014-07-08,2,3,0,0.108496
7356,2014-07-10,4,1,0,0.10848
7357,2014-07-12,5,3,0,0.108464
7358,2014-07-15,8,3,0,0.108448
7359,2014-07-17,5,5,1,0.10858
7360,2014-07-19,2,3,0,0.108564
7361,2014-07-22,5,1,0,0.108548
7362,2014-07-24,1,3,0,0.108532
7363,2014-07-26,7,4,0,0.108516
7364,2014-07-29,5,6,0,0.1085
7365,2014-07-31,9,3,0,0.108484
7366,2014-08-02,2,1,0,0.108468
7367,2014-08-05,9,1,0,0.108452
7368,2014-08-07,9,1,0,0.108436
7369,2014-08-09,2,1,0,0.108419
7370,2014-08-12,2,1,0,0.108403
7371,2014-08-14,4,1,0,0.108387
7372,2014-08-16,8,3,0,0.108371
7373,2014-08-19,7,5,0,0.108355
7374,2014-08-21,2,6,0,0.108339
7375,2014-08-23,1,1,1,0.108471
7376,2014-08-26,2,4,0,0.108455
7377,2014-08-28,1,1,1,0.108587
7378,2014-08-30,6,4,0,0.108571
7379,2014-09-02,2,3,0,0.108555
7380,2014-09-04,3,1,0,0.108539
7381,2014-09-06,4,5,0,0.108523
7382,2014-09-09,7,3,0,0.108507
7383,2014-09-11,5,6,0,0.108491
7384,2014-09-13,8,3,0,0.108475
7385,2014-09-16,2,5,0,0.108459
7386,2014-09-18,9,1,0,0.108443
7387,2014-09-20,4,1,0,0.108427
7388,2014-09-23,5,3,0,0.108411
7389,2014-09-25,3,3,1,0.108542
7390,2014-09-27,9,5,0,0.108526
7391,2014-09-30,8,1,0,0.10851
7392,2014-10-02,2,5,0,0.108494
7393,2014-10-04,5,1,0,0.108478
7394,2014-10-07,1,3,0,0.108462
7395,2014-10-09,5,4,0,0.108446
7396,2014-10-11,8,3,0,0.10843
7397,2014-10-14,6,5,0,0.108414
7398,2014-10-16,6,2,0,0.108398
7399,2014-10-18,7,2,0,0.108382
7400,2014-10-21,2,6,0,0.108366
7401,2014-10-23,1,1,1,0.108498
7402,2014-10-25,8,4,0,0.108482
7403,2014-10-28,8,5,0,0.108466
7404,2014-10-30,3,5,0,0.10845
7405,2014-11-03,1,5,0,0.108434
7406,2014-11-04,9,4,0,0.108418
7407,2014-11-06,8,1,0,0.108402
7408,2014-11-08,2,5,0,0.108386
7409,2014-11-11,2,1,0,0.10837
7410,2014-11-13,7,1,0,0.108354
7411,2014-11-15,2,6,0,0.108338
7412,2014-11-18,5,1,0,0.108322
7413,2014-11-20,2,3,0,0.108306
7414,2014-11-22,6,1,0,0.108291
7415,2014-11-25,7,2,0,0.108275
7416,2014-11-27,9,6,0,0.108259
7417,2014-11-29,2,1,0,0.108243
7418,2014-12-02,8,1,0,0.108227
7419,2014-12-04,3,5,0,0.108211
7420,2014-12-06,2,5,0,0.108195
7421,2014-12-09,7,1,0,0.108179
7422,2014-12-11,2,6,0,0.108164
7423,2014-12-13,3,1,0,0.108148
7424,2014-12-16,2,5,0,0.108132
7425,2014-12-18,3,1,0,0.108116
7426,2014-12-20,6,5,0,0.1081
7427,2014-12-23,9,2,0,0.108084
7428,2014-12-24,1,1,1,0.108215
7429,2014-12-27,4,4,1,0.108346
7430,2014-12-30,8,3,0,0.10833
7431,2015-01-02,9,5,0,0.108314
7432,2015-01-03,3,1,0,0.108298
7433,2015-01-07,6,5,0,0.108282
7434,2015-01-08,4,2,0,0.108266
7435,2015-01-10,9,3,0,0.10825
7436,2015-01-13,3,1,0,0.108235
7437,2015-01-15,8,5,0,0.108219
7438,2015-01-17,2,5,0,0.108203
7439,2015-01-20,5,1,0,0.108187
7440,2015-01-22,8,3,0,0.108171
7441,2015-01-24,5,5,1,0.108302
7442,2015-01-27,9,3,0,0.108286
7443,2015-01-29,4,1,0,0.10827
7444,2015-01-31,8,3,0,0.108254
7445,2015-02-03,5,5,1,0.108384
7446,2015-02-05,2,3,0,0.108369
7447,2015-02-07,4,1,0,0.108353
7448,2015-02-10,8,3,0,0.108337
7449,2015-02-12,3,5,0,0.108321
7450,2015-02-14,7,5,0,0.108305
7451,2015-02-17,9,6,0,0.10829
7452,2015-02-19,4,1,0,0.108274
7453,2015-02-21,9,3,0,0.108258
7454,2015-02-24,3,1,0,0.108242
7455,2015-02-26,2,5,0,0.108226
7456,2015-02-28,9,1,0,0.108211
7457,2015-03-03,2,1,0,0.108195
7458,2015-03-05,9,1,0,0.108179
7459,2015-03-07,8,1,0,0.108163
7460,2015-03-10,9,5,0,0.108148
7461,2015-03-12,8,1,0,0.108132
7462,2015-03-14,8,5,0,0.108116
7463,2015-03-17,6,5,0,0.1081
7464,2015-03-19,9,2,0,0.108084
7465,2015-03-21,7,1,0,0.108069
7466,2015-03-24,5,6,0,0.108053
7467,2015-03-26,2,3,0,0.108037
7468,2015-03-28,6,1,0,0.108022
7469,2015-03-31,8,2,0,0.108006
7470,2015-04-02,5,5,1,0.108136
7471,2015-04-04,8,2,0,0.10812
7472,2015-04-07,4,5,0,0.108104
7473,2015-04-09,8,3,0,0.108088
7474,2015-04-11,7,5,0,0.108073
7475,2015-04-14,2,6,0,0.108057
7476,2015-04-16,7,1,0,0.108041
7477,2015-04-18,6,6,1,0.108171
7478,2015-04-21,6,2,0,0.108155
7479,2015-04-23,2,2,1,0.108285
7480,2015-04-27,9,1,0,0.108269
7481,2015-04-28,1,1,1,0.108399
7482,2015-04-30,5,4,0,0.108383
7483,2015-05-02,7,2,0,0.108367
7484,2015-05-05,6,6,1,0.108497
7485,2015-05-07,3,2,0,0.108481
7486,2015-05-09,6,5,0,0.108465
7487,2015-05-12,3,2,0,0.108449
7488,2015-05-14,5,5,1,0.108579
7489,2015-05-16,1,2,0,0.108563
7490,2015-05-19,2,4,0,0.108547
7491,2015-05-21,9,1,0,0.108532
7492,2015-05-23,5,1,0,0.108516
7493,2015-05-26,9,2,0,0.1085
7494,2015-05-28,8,1,0,0.108484
7495,2015-05-30,5,5,1,0.108614
7496,2015-06-03,7,2,0,0.108598
7497,2015-06-04,1,6,0,0.108582
7498,2015-06-06,4,4,1,0.108711
7499,2015-06-09,9,3,0,0.108696
7500,2015-06-11,5,1,0,0.10868
7501,2015-06-13,6,2,0,0.108664
7502,2015-06-16,8,3,0,0.108648
7503,2015-06-18,8,5,0,0.108633
7504,2015-06-20,7,5,0,0.108617
7505,2015-06-23,5,6,0,0.108601
7506,2015-06-25,5,2,0,0.108585
7507,2015-06-27,8,2,0,0.10857
7508,2015-06-30,9,5,0,0.108554
7509,2015-07-02,9,1,0,0.108538
7510,2015-07-04,9,1,0,0.108523
7511,2015-07-07,9,1,0,0.108507
7512,2015-07-09,2,1,0,0.108491
7513,2015-07-11,9,1,0,0.108476
7514,2015-07-14,5,1,0,0.10846
7515,2015-07-16,9,2,0,0.108444
7516,2015-07-18,6,1,0,0.108429
7517,2015-07-21,1,3,0,0.108413
7518,2015-07-23,5,4,0,0.108397
7519,2015-07-25,6,2,0,0.108382
7520,2015-07-28,4,3,0,0.108366
7521,2015-07-30,6,3,0,0.10835
7522,2015-08-01,9,3,0,0.108335
7523,2015-08-04,4,1,0,0.108319
7524,2015-08-06,7,3,0,0.108303
7525,2015-08-08,7,6,0,0.108288
7526,2015-08-11,7,6,0,0.108272
7527,2015-08-13,3,6,0,0.108256
7528,2015-08-17,9,5,0,0.108241
7529,2015-08-18,7,1,0,0.108225
7530,2015-08-20,8,6,0,0.108209
7531,2015-08-22,4,5,0,0.108194
7532,2015-08-25,7,3,0,0.108178
7533,2015-08-27,7,6,0,0.108163
7534,2015-08-29,5,7,0,0.108147
7535,2015-09-01,4,2,0,0.108131
7536,2015-09-03,6,3,0,0.108116
7537,2015-09-05,3,3,1,0.108244
7538,2015-09-08,3,5,0,0.108229
7539,2015-09-10,9,5,0,0.108213
7540,2015-09-12,8,1,0,0.108198
7541,2015-09-15,6,5,0,0.108182
7542,2015-09-17,1,3,0,0.108166
7543,2015-09-19,4,4,1,0.108295
7544,2015-09-22,7,3,0,0.108279
7545,2015-09-24,5,7,0,0.108264
7546,2015-09-26,4,2,0,0.108248
7547,2015-09-29,1,3,0,0.108233
7548,2015-10-01,1,4,0,0.108217
7549,2015-10-03,2,4,0,0.108201
7550,2015-10-06,7,1,0,0.108186
7551,2015-10-08,8,7,0,0.10817
7552,2015-10-10,3,5,0,0.108155
7553,2015-10-13,1,9,0,0.108139
7554,2015-10-15,7,4,0,0.108124
7555,2015-10-17,5,7,0,0.108108
7556,2015-10-20,7,2,0,0.108093
7557,2015-10-22,2,7,0,0.108077
7558,2015-10-24,9,1,0,0.108062
7559,2015-10-27,1,1,1,0.10819
7560,2015-10-29,7,4,0,0.108174
7561,2015-10-31,6,7,0,0.108159
7562,2015-11-03,4,3,0,0.108143
7563,2015-11-05,2,3,0,0.108128
7564,2015-11-07,7,1,0,0.108112
7565,2015-11-10,8,6,0,0.108096
7566,2015-11-12,7,5,0,0.108081
7567,2015-11-14,1,6,0,0.108065
7568,2015-11-17,3,4,0,0.10805
7569,2015-11-19,9,9,1,0.108178
7570,2015-11-21,6,1,0,0.108162
7571,2015-11-24,7,3,0,0.108147
7572,2015-11-26,3,6,0,0.108131
7573,2015-11-28,7,9,0,0.108116
7574,2015-12-01,3,6,0,0.1081
7575,2015-12-03,6,9,0,0.108085
7576,2015-12-05,3,3,1,0.108213
7577,2015-12-09,3,9,0,0.108197
7578,2015-12-10,2,9,0,0.108182
7579,2015-12-12,1,1,1,0.108309
7580,2015-12-15,7,4,0,0.108294
7581,2015-12-17,1,6,0,0.108278
7582,2015-12-19,1,4,0,0.108263
7583,2015-12-22,6,4,0,0.108247
7584,2015-12-24,8,3,0,0.108232
7585,2015-12-28,9,5,0,0.108216
7586,2015-12-29,9,1,0,0.108201
7587,2015-12-31,1,1,1,0.108329
7588,2016-01-02,9,4,0,0.108313
7589,2016-01-05,3,1,0,0.108298
7590,2016-01-07,5,9,0,0.108282
7591,2016-01-09,7,2,0,0.108267
7592,2016-01-12,8,6,0,0.108251
7593,2016-01-14,3,5,0,0.108236
7594,2016-01-16,1,9,0,0.10822
7595,2016-01-19,6,4,0,0.108205
7596,2016-01-21,1,3,0,0.108189
7597,2016-01-23,5,4,0,0.108174
7598,2016-01-26,1,2,0,0.108158
7599,2016-01-28,2,4,0,0.108143
7600,2016-01-30,4,1,0,0.108127
7601,2016-02-02,8,3,0,0.108112
7602,2016-02-04,5,5,1,0.108239
7603,2016-02-06,1,2,0,0.108224
7604,2016-02-09,2,4,0,0.108208
7605,2016-02-11,3,1,0,0.108193
7606,2016-02-13,5,9,0,0.108178
7607,2016-02-16,9,2,0,0.108162
7608,2016-02-18,5,1,0,0.108147
7609,2016-02-20,3,2,0,0.108131
7610,2016-02-23,4,5,0,0.108116
7611,2016-02-25,9,3,0,0.1081
7612,2016-02-27,1,1,1,0.108228
7613,2016-03-01,4,4,1,0.108355
7614,2016-03-03,4,3,0,0.108339
7615,2016-03-05,4,3,0,0.108324
7616,2016-03-08,5,3,0,0.108308
7617,2016-03-10,7,3,0,0.108293
7618,2016-03-12,9,6,0,0.108278
7619,2016-03-15,7,1,0,0.108262
7620,2016-03-17,9,6,0,0.108247
7621,2016-03-19,1,1,1,0.108374
7622,2016-03-22,9,4,0,0.108358
7623,2016-03-24,5,1,0,0.108343
7624,2016-03-26,3,3,1,0.10847
7625,2016-03-29,8,5,0,0.108454
7626,2016-03-31,6,5,0,0.108439
7627,2016-04-02,2,3,0,0.108423
7628,2016-04-05,2,1,0,0.108408
7629,2016-04-07,8,1,0,0.108393
7630,2016-04-09,1,5,0,0.108377
7631,2016-04-12,1,4,0,0.108362
7632,2016-04-14,9,4,0,0.108346
7633,2016-04-16,8,1,0,0.108331
7634,2016-04-19,6,5,0,0.108316
7635,2016-04-21,4,3,0,0.1083
7636,2016-04-23,8,3,0,0.108285
7637,2016-04-26,7,5,0,0.108269
7638,2016-04-28,1,6,0,0.108254
7639,2016-04-30,4,4,1,0.108381
7640,2016-05-03,5,3,0,0.108365
7641,2016-05-05,7,3,0,0.10835
7642,2016-05-07,3,6,0,0.108335
7643,2016-05-10,8,5,0,0.108319
7644,2016-05-12,3,5,0,0.108304
7645,2016-05-14,8,5,0,0.108288
7646,2016-05-17,7,5,0,0.108273
7647,2016-05-19,3,6,0,0.108258
7648,2016-05-21,5,5,1,0.108384
7649,2016-05-24,4,3,0,0.108369
7650,2016-05-26,8,3,0,0.108353
7651,2016-05-28,1,5,0,0.108338
7652,2016-05-31,4,4,1,0.108464
7653,2016-06-03,7,3,0,0.108449
7654,2016-06-04,2,6,0,0.108434
7655,2016-06-07,8,1,0,0.108418
7656,2016-06-09,1,5,0,0.108403
7657,2016-06-11,7,4,0,0.108388
7658,2016-06-14,6,6,1,0.108514
7659,2016-06-16,1,3,0,0.108499
7660,2016-06-18,5,4,0,0.108483
7661,2016-06-21,3,3,1,0.108609
7662,2016-06-23,9,5,0,0.108594
7663,2016-06-25,3,1,0,0.108579
7664,2016-06-28,1,5,0,0.108563
7665,2016-06-30,5,4,0,0.108548
7666,2016-07-02,4,3,0,0.108533
7667,2016-07-05,8,3,0,0.108517
7668,2016-07-07,8,5,0,0.108502
7669,2016-07-09,9,5,0,0.108487
7670,2016-07-12,2,1,0,0.108471
7671,2016-07-14,6,1,0,0.108456
7672,2016-07-16,2,3,0,0.108441
7673,2016-07-19,1,1,1,0.108567
7674,2016-07-21,6,4,0,0.108551
7675,2016-07-23,3,3,1,0.108677
7676,2016-07-26,4,5,0,0.108662
7677,2016-07-28,4,3,0,0.108647
7678,2016-07-30,6,3,0,0.108631
7679,2016-08-02,6,3,0,0.108616
7680,2016-08-04,6,3,0,0.1086
7681,2016-08-06,8,3,0,0.108585
7682,2016-08-09,1,5,0,0.10857
7683,2016-08-11,1,4,0,0.108554
7684,2016-08-13,8,4,0,0.108539
7685,2016-08-16,2,5,0,0.108524
7686,2016-08-18,5,1,0,0.108509
7687,2016-08-20,9,3,0,0.108493
7688,2016-08-23,6,1,0,0.108478
7689,2016-08-25,2,3,0,0.108463
7690,2016-08-27,5,1,0,0.108447
7691,2016-08-30,2,3,0,0.108432
7692,2016-09-01,7,1,0,0.108417
7693,2016-09-03,6,6,1,0.108542
7694,2016-09-06,7,3,0,0.108527
7695,2016-09-08,7,6,0,0.108512
7696,2016-09-10,2,6,0,0.108497
7697,2016-09-13,8,1,0,0.108481
7698,2016-09-15,9,5,0,0.108466
7699,2016-09-17,9,1,0,0.108451
7700,2016-09-20,9,1,0,0.108435
7701,2016-09-22,6,1,0,0.10842
7702,2016-09-24,3,3,1,0.108546
7703,2016-09-27,6,5,0,0.10853
7704,2016-09-29,1,3,0,0.108515
7705,2016-10-01,5,4,0,0.1085
7706,2016-10-04,2,3,0,0.108485
7707,2016-10-06,1,1,1,0.10861
7708,2016-10-08,5,4,0,0.108595
7709,2016-10-11,8,3,0,0.108579
7710,2016-10-13,2,5,0,0.108564
7711,2016-10-15,5,1,0,0.108549
7712,2016-10-18,1,3,0,0.108534
7713,2016-10-20,9,4,0,0.108518
7714,2016-10-22,1,1,1,0.108644
7715,2016-10-25,5,4,0,0.108628
7716,2016-10-27,1,3,0,0.108613
7717,2016-10-29,8,4,0,0.108598
7718,2016-11-02,7,5,0,0.108583
7719,2016-11-03,3,6,0,0.108567
7720,2016-11-05,6,5,0,0.108552
7721,2016-11-08,2,3,0,0.108537
7722,2016-11-10,8,1,0,0.108522
7723,2016-11-12,1,5,0,0.108506
7724,2016-11-15,2,4,0,0.108491
7725,2016-11-17,6,1,0,0.108476
7726,2016-11-19,5,3,0,0.108461
7727,2016-11-22,5,3,0,0.108446
7728,2016-11-24,5,3,0,0.10843
7729,2016-11-26,9,3,0,0.108415
7730,2016-11-29,7,1,0,0.1084
7731,2016-12-01,9,6,0,0.108385
7732,2016-12-03,2,1,0,0.10837
7733,2016-12-06,5,1,0,0.108354
7734,2016-12-09,9,3,0,0.108339
7735,2016-12-10,7,1,0,0.108324
7736,2016-12-13,3,6,0,0.108309
7737,2016-12-15,1,5,0,0.108294
7738,2016-12-17,6,4,0,0.108278
7739,2016-12-20,5,3,0,0.108263
7740,2016-12-22,3,3,1,0.108388
7741,2016-12-24,6,5,0,0.108373
7742,2016-12-27,2,3,0,0.108358
7743,2016-12-29,5,1,0,0.108343
7744,2016-12-31,6,3,0,0.108328
7745,2017-01-03,9,2,0,0.108312
7746,2017-01-05,6,1,0,0.108297
7747,2017-01-07,4,2,0,0.108282
7748,2017-01-10,5,3,0,0.108267
7749,2017-01-12,4,3,0,0.108252
7750,2017-01-14,9,3,0,0.108237
7751,2017-01-17,8,1,0,0.108221
7752,2017-01-19,1,5,0,0.108206
7753,2017-01-21,2,4,0,0.108191
7754,2017-01-24,4,1,0,0.108176
7755,2017-01-26,3,3,1,0.108301
7756,2017-01-28,8,5,0,0.108286
7757,2017-01-31,7,5,0,0.10827
7758,2017-02-02,7,6,0,0.108255
7759,2017-02-04,7,6,0,0.10824
7760,2017-02-07,7,7,1,0.108365
7761,2017-02-09,7,7,1,0.108489
7762,2017-02-11,3,7,0,0.108474
7763,2017-02-14,6,5,0,0.108459
7764,2017-02-16,7,2,0,0.108444
7765,2017-02-18,7,7,1,0.108568
7766,2017-02-21,4,7,0,0.108553
7767,2017-02-23,6,3,0,0.108538
7768,2017-02-25,5,2,0,0.108523
7769,2017-02-28,6,3,0,0.108508
7770,2017-03-02,9,2,0,0.108493
7771,2017-03-04,5,1,0,0.108477
7772,2017-03-07,4,3,0,0.108462
7773,2017-03-09,3,3,1,0.108587
7774,2017-03-11,7,6,0,0.108571
7775,2017-03-14,3,7,0,0.108556
7776,2017-03-16,6,6,1,0.108681
7777,2017-03-18,9,2,0,0.108665
7778,2017-03-21,4,1,0,0.10865
7779,2017-03-23,2,3,0,0.108635
7780,2017-03-25,5,1,0,0.10862
7781,2017-03-28,4,3,0,0.108605
7782,2017-03-30,9,3,0,0.10859
7783,2017-04-01,4,1,0,0.108575
7784,2017-04-04,2,3,0,0.108559
7785,2017-04-06,2,1,0,0.108544
7786,2017-04-08,7,1,0,0.108529
7787,2017-04-11,4,7,0,0.108514
7788,2017-04-13,1,3,0,0.108499
7789,2017-04-15,5,4,0,0.108484
7790,2017-04-18,6,3,0,0.108469
7791,2017-04-20,8,2,0,0.108454
7792,2017-04-22,9,5,0,0.108439
7793,2017-04-26,9,1,0,0.108424
7794,2017-04-27,9,1,0,0.108409
7795,2017-04-29,9,1,0,0.108394
7796,2017-05-02,9,1,0,0.108378
7797,2017-05-04,8,1,0,0.108363
7798,2017-05-06,2,5,0,0.108348
7799,2017-05-09,1,1,1,0.108472
7800,2017-05-11,1,4,0,0.108457
7801,2017-05-13,1,4,0,0.108442
7802,2017-05-16,1,4,0,0.108427
7803,2017-05-18,5,4,0,0.108412
7804,2017-05-20,1,3,0,0.108397
7805,2017-05-23,9,4,0,0.108382
7806,2017-05-25,1,1,1,0.108506
7807,2017-05-27,2,4,0,0.108491
7808,2017-05-30,5,1,0,0.108476
7809,2017-06-01,2,3,0,0.10846
7810,2017-06-03,8,1,0,0.108445
7811,2017-06-06,1,5,0,0.10843
7812,2017-06-08,8,4,0,0.108415
7813,2017-06-10,6,5,0,0.1084
7814,2017-06-13,3,2,0,0.108385
7815,2017-06-15,5,6,0,0.10837
7816,2017-06-17,8,3,0,0.108355
7817,2017-06-20,8,5,0,0.10834
7818,2017-06-22,2,5,0,0.108325
7819,2017-06-24,9,1,0,0.10831
7820,2017-06-27,2,1,0,0.108295
7821,2017-06-29,7,1,0,0.10828
7822,2017-07-01,3,7,0,0.108265
7823,2017-07-04,2,6,0,0.10825
7824,2017-07-06,4,1,0,0.108235
7825,2017-07-08,9,3,0,0.10822
7826,2017-07-11,6,1,0,0.108205
7827,2017-07-13,4,3,0,0.10819
7828,2017-07-15,5,3,0,0.108175
7829,2017-07-18,3,3,1,0.108299
7830,2017-07-20,7,6,0,0.108284
7831,2017-07-22,1,7,0,0.108269
7832,2017-07-25,9,4,0,0.108254
7833,2017-07-27,4,1,0,0.108239
7834,2017-07-29,2,3,0,0.108224
7835,2017-08-01,2,1,0,0.108209
7836,2017-08-03,8,1,0,0.108194
7837,2017-08-05,2,5,0,0.108179
7838,2017-08-08,2,1,0,0.108164
7839,2017-08-10,1,1,1,0.108287
7840,2017-08-12,8,4,0,0.108272
7841,2017-08-16,8,5,0,0.108257
7842,2017-08-17,4,5,0,0.108242
7843,2017-08-19,9,3,0,0.108227
7844,2017-08-22,7,1,0,0.108213
7845,2017-08-24,7,7,1,0.108336
7846,2017-08-26,8,7,0,0.108321
7847,2017-08-29,8,5,0,0.108306
7848,2017-08-31,9,5,0,0.108291
7849,2017-09-02,9,1,0,0.108276
7850,2017-09-05,5,1,0,0.108261
7851,2017-09-07,9,3,0,0.108246
7852,2017-09-09,9,1,0,0.108231
7853,2017-09-12,5,1,0,0.108216
7854,2017-09-14,8,3,0,0.108201
7855,2017-09-16,3,5,0,0.108186
7856,2017-09-19,2,6,0,0.108171
7857,2017-09-21,6,1,0,0.108157
7858,2017-09-23,2,3,0,0.108142
7859,2017-09-26,9,1,0,0.108127
7860,2017-09-28,3,1,0,0.108112
7861,2017-09-30,9,6,0,0.108097
7862,2017-10-03,6,1,0,0.108082
7863,2017-10-05,3,2,0,0.108067
7864,2017-10-07,6,6,1,0.10819
7865,2017-10-10,3,3,1,0.108313
7866,2017-10-12,4,6,0,0.108298
7867,2017-10-14,2,3,0,0.108283
7868,2017-10-17,5,1,0,0.108268
7869,2017-10-19,9,3,0,0.108253
7870,2017-10-21,4,1,0,0.108238
7871,2017-10-24,8,3,0,0.108223
7872,2017-10-26,2,5,0,0.108208
7873,2017-10-28,7,1,0,0.108194
7874,2017-10-31,9,7,0,0.108179
7875,2017-11-02,4,1,0,0.108164
7876,2017-11-04,7,3,0,0.108149
7877,2017-11-07,3,7,0,0.108134
7878,2017-11-09,1,6,0,0.108119
7879,2017-11-11,4,4,1,0.108242
7880,2017-11-14,7,3,0,0.108227
7881,2017-11-16,7,7,1,0.108349
7882,2017-11-18,8,7,0,0.108334
7883,2017-11-21,5,5,1,0.108457
7884,2017-11-23,3,3,1,0.108579
7885,2017-11-25,8,6,0,0.108564
7886,2017-11-28,6,5,0,0.108549
7887,2017-11-30,4,3,0,0.108535
7888,2017-12-02,4,3,0,0.10852
7889,2017-12-05,2,3,0,0.108505
7890,2017-12-07,6,1,0,0.10849
7891,2017-12-09,9,3,0,0.108475
7892,2017-12-12,5,1,0,0.10846
7893,2017-12-14,1,3,0,0.108445
7894,2017-12-16,5,4,0,0.10843
7895,2017-12-19,4,3,0,0.108416
7896,2017-12-21,5,3,0,0.108401
7897,2017-12-23,5,3,0,0.108386
7898,2017-12-27,8,3,0,0.108371
7899,2017-12-28,8,5,0,0.108356
7900,2017-12-30,2,5,0,0.108341
7901,2018-01-02,6,1,0,0.108326
7902,2018-01-04,2,3,0,0.108312
7903,2018-01-08,3,1,0,0.108297
7904,2018-01-09,2,6,0,0.108282
7905,2018-01-11,1,1,1,0.108404
7906,2018-01-13,4,4,1,0.108526
7907,2018-01-16,9,3,0,0.108511
7908,2018-01-18,9,1,0,0.108496
7909,2018-01-20,9,1,0,0.108482
7910,2018-01-23,4,1,0,0.108467
7911,2018-01-25,1,3,0,0.108452
7912,2018-01-27,2,4,0,0.108437
7913,2018-01-30,5,1,0,0.108422
7914,2018-02-01,4,3,0,0.108407
7915,2018-02-03,8,3,0,0.108393
7916,2018-02-06,6,5,0,0.108378
7917,2018-02-08,8,3,0,0.108363
7918,2018-02-10,3,5,0,0.108348
7919,2018-02-13,7,6,0,0.108333
7920,2018-02-15,5,7,0,0.108319
7921,2018-02-17,2,3,0,0.108304
7922,2018-02-20,3,1,0,0.108289
7923,2018-02-22,7,6,0,0.108274
7924,2018-02-24,8,7,0,0.108259
7925,2018-02-27,8,5,0,0.108245
7926,2018-03-01,3,8,0,0.10823
7927,2018-03-03,9,6,0,0.108215
7928,2018-03-06,1,1,1,0.108337
7929,2018-03-08,2,4,0,0.108322
7930,2018-03-10,3,1,0,0.108307
7931,2018-03-13,9,6,0,0.108292
7932,2018-03-15,1,1,1,0.108414
7933,2018-03-17,9,4,0,0.108399
7934,2018-03-20,4,1,0,0.108384
7935,2018-03-22,8,3,0,0.10837
7936,2018-03-24,7,8,0,0.108355
7937,2018-03-27,5,7,0,0.10834
7938,2018-03-29,1,3,0,0.108325
7939,2018-03-31,4,4,1,0.108447
7940,2018-04-03,1,3,0,0.108432
7941,2018-04-05,3,4,0,0.108417
7942,2018-04-07,9,6,0,0.108403
7943,2018-04-10,5,1,0,0.108388
7944,2018-04-12,6,3,0,0.108373
7945,2018-04-14,9,3,0,0.108358
7946,2018-04-17,7,1,0,0.108344
7947,2018-04-19,3,7,0,0.108329
7948,2018-04-21,7,9,0,0.108314
7949,2018-04-24,3,7,0,0.108299
7950,2018-04-26,9,9,1,0.108421
7951,2018-04-28,5,1,0,0.108406
7952,2018-05-02,5,3,0,0.108391
7953,2018-05-03,3,3,1,0.108512
7954,2018-05-05,2,9,0,0.108498
7955,2018-05-08,5,1,0,0.108483
7956,2018-05-10,1,3,0,0.108468
7957,2018-05-12,7,4,0,0.108453
7958,2018-05-15,2,7,0,0.108439
7959,2018-05-17,8,1,0,0.108424
7960,2018-05-19,7,8,0,0.108409
7961,2018-05-22,1,7,0,0.108394
7962,2018-05-24,3,4,0,0.10838
7963,2018-05-26,3,9,0,0.108365
7964,2018-05-29,2,9,0,0.10835
7965,2018-05-31,3,1,0,0.108336
7966,2018-06-04,5,9,0,0.108321
7967,2018-06-05,9,3,0,0.108306
7968,2018-06-07,1,1,1,0.108427
7969,2018-06-09,2,4,0,0.108412
7970,2018-06-12,9,1,0,0.108398
7971,2018-06-14,7,1,0,0.108383
7972,2018-06-16,7,7,1,0.108504
7973,2018-06-19,8,7,0,0.108489
7974,2018-06-21,7,8,0,0.108475
7975,2018-06-23,5,7,0,0.10846
7976,2018-06-26,8,3,0,0.108445
7977,2018-06-28,7,8,0,0.10843
7978,2018-06-30,9,7,0,0.108416
7979,2018-07-03,9,1,0,0.108401
7980,2018-07-05,4,1,0,0.108386
7981,2018-07-07,1,3,0,0.108372
7982,2018-07-10,2,4,0,0.108357
7983,2018-07-12,1,1,1,0.108478
7984,2018-07-14,3,4,0,0.108463
7985,2018-07-17,3,9,0,0.108448
7986,2018-07-19,6,9,0,0.108434
7987,2018-07-21,1,3,0,0.108419
7988,2018-07-24,4,4,1,0.10854
7989,2018-07-26,8,3,0,0.108525
7990,2018-07-28,8,8,1,0.108646
7991,2018-07-31,2,8,0,0.108631
7992,2018-08-02,1,1,1,0.108752
7993,2018-08-04,3,4,0,0.108737
7994,2018-08-07,1,9,0,0.108722
7995,2018-08-09,6,4,0,0.108707
7996,2018-08-11,1,3,0,0.108693
7997,2018-08-14,8,4,0,0.108678
7998,2018-08-16,2,8,0,0.108663
7999,2018-08-18,7,1,0,0.108649
8000,2018-08-21,3,7,0,0.108634
8001,2018-08-23,5,9,0,0.108619
8002,2018-08-25,2,3,0,0.108605
8003,2018-08-28,4,1,0,0.10859
8004,2018-08-30,8,3,0,0.108575
8005,2018-09-01,4,8,0,0.108561
8006,2018-09-04,1,3,0,0.108546
8007,2018-09-06,5,4,0,0.108531
8008,2018-09-08,4,3,0,0.108517
8009,2018-09-11,2,3,0,0.108502
8010,2018-09-13,5,1,0,0.108487
8011,2018-09-15,9,3,0,0.108473
8012,2018-09-18,4,1,0,0.108458
8013,2018-09-20,7,3,0,0.108443
8014,2018-09-22,1,7,0,0.108429
8015,2018-09-25,3,4,0,0.108414
8016,2018-09-27,2,9,0,0.1084
8017,2018-09-29,3,1,0,0.108385
8018,2018-10-02,8,9,0,0.10837
8019,2018-10-04,6,8,0,0.108356
8020,2018-10-06,8,3,0,0.108341
8021,2018-10-09,6,8,0,0.108327
8022,2018-10-11,3,3,1,0.108447
8023,2018-10-13,3,9,0,0.108432
8024,2018-10-16,5,9,0,0.108418
8025,2018-10-18,7,3,0,0.108403
8026,2018-10-20,2,7,0,0.108388
8027,2018-10-23,4,1,0,0.108374
8028,2018-10-25,5,3,0,0.108359
8029,2018-10-27,6,3,0,0.108345
8030,2018-10-30,4,3,0,0.10833
8031,2018-11-02,9,3,0,0.108315
8032,2018-11-03,8,1,0,0.108301
8033,2018-11-06,8,8,1,0.108421
8034,2018-11-08,9,8,0,0.108406
8035,2018-11-10,4,1,0,0.108392
8036,2018-11-13,5,3,0,0.108377
8037,2018-11-15,8,3,0,0.108362
8038,2018-11-17,6,8,0,0.108348
8039,2018-11-20,7,3,0,0.108333
8040,2018-11-22,4,7,0,0.108319
8041,2018-11-24,3,3,1,0.108439
8042,2018-11-27,3,9,0,0.108424
8043,2018-11-29,1,9,0,0.108409
8044,2018-12-01,7,4,0,0.108395
8045,2018-12-04,2,7,0,0.10838
8046,2018-12-06,6,1,0,0.108366
8047,2018-12-10,2,3,0,0.108351
8048,2018-12-11,7,1,0,0.108337
8049,2018-12-13,9,7,0,0.108322
8050,2018-12-15,3,1,0,0.108308
8051,2018-12-18,1,9,0,0.108293
8052,2018-12-20,7,4,0,0.108279
8053,2018-12-22,9,7,0,0.108264
8054,2018-12-24,6,1,0,0.108249
8055,2018-12-27,2,3,0,0.108235
8056,2018-12-29,6,1,0,0.10822
8057,2019-01-02,1,2,0,0.108206
8058,2019-01-03,9,4,0,0.108191
8059,2019-01-05,8,1,0,0.108177
8060,2019-01-08,5,8,0,0.108162
8061,2019-01-10,4,3,0,0.108148
8062,2019-01-12,5,3,0,0.108133
8063,2019-01-15,1,3,0,0.108119
8064,2019-01-17,4,4,1,0.108238
8065,2019-01-19,6,3,0,0.108224
8066,2019-01-22,8,2,0,0.108209
8067,2019-01-24,6,8,0,0.108195
8068,2019-01-26,9,2,0,0.10818
8069,2019-01-29,8,1,0,0.108166
8070,2019-01-31,8,8,1,0.108285
8071,2019-02-02,4,8,0,0.108271
8072,2019-02-05,6,3,0,0.108256
8073,2019-02-07,1,2,0,0.108242
8074,2019-02-09,4,4,1,0.108361
8075,2019-02-12,2,3,0,0.108347
8076,2019-02-14,3,1,0,0.108332
8077,2019-02-16,6,9,0,0.108318
8078,2019-02-19,8,2,0,0.108303
8079,2019-02-21,4,8,0,0.108289
8080,2019-02-23,5,3,0,0.108274
8081,2019-02-26,4,3,0,0.10826
8082,2019-02-28,7,3,0,0.108245
8083,2019-03-02,9,7,0,0.108231
8084,2019-03-05,9,1,0,0.108216
8085,2019-03-07,3,1,0,0.108202
8086,2019-03-09,9,6,0,0.108188
8087,2019-03-12,8,1,0,0.108173
8088,2019-03-14,9,8,0,0.108159
8089,2019-03-16,5,1,0,0.108144
8090,2019-03-19,6,3,0,0.10813
8091,2019-03-21,5,2,0,0.108115
8092,2019-03-23,8,3,0,0.108101
8093,2019-03-26,2,8,0,0.108086
8094,2019-03-28,9,1,0,0.108072
8095,2019-03-30,6,1,0,0.108058
8096,2019-04-02,5,2,0,0.108043
8097,2019-04-04,3,3,1,0.108162
8098,2019-04-06,6,9,0,0.108148
8099,2019-04-09,3,2,0,0.108133
8100,2019-04-11,6,6,1,0.108252
8101,2019-04-13,6,3,0,0.108238
8102,2019-04-16,3,3,1,0.108357
8103,2019-04-18,6,6,1,0.108475
8104,2019-04-20,5,3,0,0.108461
8105,2019-04-23,8,3,0,0.108447
8106,2019-04-26,3,8,0,0.108432
8107,2019-04-27,9,6,0,0.108418
8108,2019-04-30,1,1,1,0.108536
8109,2019-05-02,2,4,0,0.108522
8110,2019-05-04,5,1,0,0.108508
8111,2019-05-07,6,3,0,0.108493
8112,2019-05-09,3,3,1,0.108612
8113,2019-05-11,9,6,0,0.108597
8114,2019-05-14,4,1,0,0.108583
8115,2019-05-16,5,3,0,0.108568
8116,2019-05-18,1,3,0,0.108554
8117,2019-05-21,2,4,0,0.10854
8118,2019-05-23,3,1,0,0.108525
8119,2019-05-25,2,6,0,0.108511
8120,2019-05-28,8,1,0,0.108496
8121,2019-05-30,4,8,0,0.108482
8122,2019-06-01,2,3,0,0.108467
8123,2019-06-04,4,1,0,0.108453
8124,2019-06-06,6,3,0,0.108439
8125,2019-06-08,2,3,0,0.108424
8126,2019-06-11,5,1,0,0.10841
8127,2019-06-13,7,3,0,0.108395
8128,2019-06-15,2,7,0,0.108381
8129,2019-06-18,5,1,0,0.108367
8130,2019-06-20,3,3,1,0.108485
8131,2019-06-22,1,6,0,0.108471
8132,2019-06-25,9,4,0,0.108456
8133,2019-06-27,2,1,0,0.108442
8134,2019-06-29,7,1,0,0.108427
8135,2019-07-02,5,7,0,0.108413
8136,2019-07-04,8,3,0,0.108399
8137,2019-07-06,3,8,0,0.108384
8138,2019-07-09,3,6,0,0.10837
8139,2019-07-11,2,6,0,0.108355
8140,2019-07-13,5,1,0,0.108341
8141,2019-07-16,5,3,0,0.108327
8142,2019-07-18,4,3,0,0.108312
8143,2019-07-20,5,3,0,0.108298
8144,2019-07-23,3,3,1,0.108416
8145,2019-07-25,9,6,0,0.108402
8146,2019-07-27,4,1,0,0.108387
8147,2019-07-30,7,3,0,0.108373
8148,2019-08-01,2,7,0,0.108359
8149,2019-08-03,4,1,0,0.108344
8150,2019-08-06,6,3,0,0.10833
8151,2019-08-08,8,3,0,0.108316
8152,2019-08-10,4,8,0,0.108301
8153,2019-08-13,8,3,0,0.108287
8154,2019-08-16,9,8,0,0.108273
8155,2019-08-17,6,1,0,0.108258
8156,2019-08-20,7,3,0,0.108244
8157,2019-08-22,4,7,0,0.10823
8158,2019-08-24,3,3,1,0.108348
8159,2019-08-27,2,9,0,0.108333
8160,2019-08-29,5,1,0,0.108319
8161,2019-08-31,9,3,0,0.108305
8162,2019-09-03,8,1,0,0.10829
8163,2019-09-05,9,8,0,0.108276
8164,2019-09-07,5,1,0,0.108262
8165,2019-09-10,6,3,0,0.108247
8166,2019-09-12,2,3,0,0.108233
8167,2019-09-14,8,1,0,0.108219
8168,2019-09-17,3,8,0,0.108205
8169,2019-09-19,9,9,1,0.108322
8170,2019-09-21,3,1,0,0.108308
8171,2019-09-24,5,9,0,0.108294
8172,2019-09-26,2,3,0,0.108279
8173,2019-09-28,9,1,0,0.108265
8174,2019-10-01,4,1,0,0.108251
8175,2019-10-03,8,3,0,0.108237
8176,2019-10-05,9,8,0,0.108222
8177,2019-10-08,6,1,0,0.108208
8178,2019-10-10,1,3,0,0.108194
8179,2019-10-12,8,4,0,0.108179
8180,2019-10-15,8,8,1,0.108297
8181,2019-10-17,9,8,0,0.108283
8182,2019-10-19,9,1,0,0.108268
8183,2019-10-22,5,1,0,0.108254
8184,2019-10-24,9,3,0,0.10824
8185,2019-10-26,1,1,1,0.108358
8186,2019-10-29,9,4,0,0.108343
8187,2019-10-31,5,1,0,0.108329
8188,2019-11-02,4,3,0,0.108315
8189,2019-11-05,3,3,1,0.108432
8190,2019-11-07,5,9,0,0.108418
8191,2019-11-09,6,3,0,0.108404
8192,2019-11-12,3,3,1,0.108521
8193,2019-11-14,4,9,0,0.108507
8194,2019-11-16,6,3,0,0.108492
8195,2019-11-19,1,3,0,0.108478
8196,2019-11-21,3,4,0,0.108464
8197,2019-11-23,7,9,0,0.10845
8198,2019-11-26,1,7,0,0.108435
8199,2019-11-28,6,4,0,0.108421
8200,2019-11-30,1,3,0,0.108407
8201,2019-12-03,7,4,0,0.108393
8202,2019-12-05,8,7,0,0.108378
8203,2019-12-07,4,8,0,0.108364
8204,2019-12-10,4,3,0,0.10835
8205,2019-12-12,2,3,0,0.108336
8206,2019-12-14,9,1,0,0.108321
8207,2019-12-17,6,1,0,0.108307
8208,2019-12-19,5,3,0,0.108293
8209,2019-12-21,4,3,0,0.108279
8210,2019-12-24,2,3,0,0.108264
8211,2019-12-27,7,1,0,0.10825
8212,2019-12-28,9,7,0,0.108236
8213,2019-12-31,6,1,0,0.108222
8214,2020-01-02,3,3,1,0.108339
8215,2020-01-04,5,9,0,0.108325
8216,2020-01-07,7,3,0,0.10831
8217,2020-01-09,7,7,1,0.108427
8218,2020-01-11,1,7,0,0.108413
8219,2020-01-14,5,4,0,0.108399
8220,2020-01-16,8,3,0,0.108385
8221,2020-01-18,1,8,0,0.108371
8222,2020-01-21,3,4,0,0.108356
8223,2020-01-23,4,9,0,0.108342
8224,2020-01-25,6,3,0,0.108328
8225,2020-01-28,6,3,0,0.108314
8226,2020-01-30,4,3,0,0.108299
8227,2020-02-01,3,3,1,0.108416
8228,2020-02-04,3,9,0,0.108402
8229,2020-02-06,3,9,0,0.108388
8230,2020-02-08,6,9,0,0.108374
8231,2020-02-11,6,3,0,0.10836
8232,2020-02-13,5,3,0,0.108345
8233,2020-02-15,6,3,0,0.108331
8234,2020-02-18,9,3,0,0.108317
8235,2020-02-20,8,1,0,0.108303
8236,2020-02-22,4,8,0,0.108289
8237,2020-02-25,9,3,0,0.108274
8238,2020-02-27,1,1,1,0.108391
8239,2020-02-29,2,4,0,0.108377
8240,2020-03-03,1,1,1,0.108494
8241,2020-03-05,3,4,0,0.108479
8242,2020-03-07,5,9,0,0.108465
8243,2020-03-10,5,3,0,0.108451
8244,2020-03-12,4,3,0,0.108437
8245,2020-03-14,3,3,1,0.108553
8246,2020-03-17,7,9,0,0.108539
8247,2020-03-19,8,7,0,0.108525
8248,2020-03-21,9,8,0,0.108511
8249,2020-05-05,1,1,1,0.108627
8250,2020-05-07,6,4,0,0.108613
8251,2020-05-09,2,3,0,0.108599
8252,2020-05-12,8,1,0,0.108585
8253,2020-05-14,4,8,0,0.108571
8254,2020-05-16,1,3,0,0.108556
8255,2020-05-19,5,4,0,0.108542
8256,2020-05-21,4,3,0,0.108528
8257,2020-05-23,7,3,0,0.108514
8258,2020-05-26,4,7,0,0.1085
8259,2020-05-28,9,3,0,0.108486
8260,2020-05-30,8,1,0,0.108471
8261,2020-06-03,8,8,1,0.108588
8262,2020-06-04,1,8,0,0.108574
8263,2020-06-06,2,4,0,0.108559
8264,2020-06-09,2,1,0,0.108545
8265,2020-06-11,9,1,0,0.108531
8266,2020-06-13,9,1,0,0.108517
8267,2020-06-16,5,1,0,0.108503
8268,2020-06-18,6,3,0,0.108489
8269,2020-06-20,3,3,1,0.108605
8270,2020-06-23,7,9,0,0.108591
8271,2020-06-25,6,7,0,0.108577
8272,2020-06-27,5,3,0,0.108562
8273,2020-06-30,9,3,0,0.108548
8274,2020-07-02,5,1,0,0.108534
8275,2020-07-04,9,3,0,0.10852
8276,2020-07-07,4,1,0,0.108506
8277,2020-07-09,7,3,0,0.108492
8278,2020-07-11,4,7,0,0.108478
8279,2020-07-14,7,3,0,0.108464
8280,2020-07-16,8,7,0,0.108449
8281,2020-07-18,5,8,0,0.108435
8282,2020-07-21,1,3,0,0.108421
8283,2020-07-23,3,4,0,0.108407
8284,2020-07-25,4,9,0,0.108393
8285,2020-07-28,1,3,0,0.108379
8286,2020-07-30,5,4,0,0.108365
8287,2020-08-01,1,3,0,0.108351
8288,2020-08-04,8,4,0,0.108337
8289,2020-08-06,3,8,0,0.108322
8290,2020-08-08,1,9,0,0.108308
8291,2020-08-11,6,4,0,0.108294
8292,2020-08-13,6,3,0,0.10828
8293,2020-08-17,9,3,0,0.108266
8294,2020-08-18,7,1,0,0.108252
8295,2020-08-20,7,7,1,0.108368
8296,2020-08-22,6,7,0,0.108354
8297,2020-08-25,1,3,0,0.10834
8298,2020-08-27,4,4,1,0.108456
8299,2020-08-29,3,3,1,0.108571
8300,2020-09-01,9,9,1,0.108687
8301,2020-09-03,7,1,0,0.108673
8302,2020-09-05,5,7,0,0.108659
8303,2020-09-08,5,3,0,0.108645
8304,2020-09-10,5,3,0,0.108631
8305,2020-09-12,9,3,0,0.108617
8306,2020-09-15,5,1,0,0.108603
8307,2020-09-17,2,3,0,0.108588
8308,2020-09-19,6,1,0,0.108574
8309,2020-09-22,3,3,1,0.10869
8310,2020-09-24,6,9,0,0.108676
8311,2020-09-26,5,3,0,0.108662
8312,2020-09-29,8,3,0,0.108648
8313,2020-10-01,6,8,0,0.108634
8314,2020-10-03,5,3,0,0.10862
8315,2020-10-06,8,3,0,0.108605
8316,2020-10-08,2,8,0,0.108591
8317,2020-10-10,9,1,0,0.108577
8318,2020-10-13,9,1,0,0.108563
8319,2020-10-15,3,1,0,0.108549
8320,2020-10-17,4,9,0,0.108535
8321,2020-10-20,9,3,0,0.108521
8322,2020-10-22,9,1,0,0.108507
8323,2020-10-24,3,1,0,0.108493
8324,2020-10-27,4,9,0,0.108479
8325,2020-10-29,4,3,0,0.108465
8326,2020-10-31,1,3,0,0.108451
8327,2020-11-03,1,4,0,0.108437
8328,2020-11-05,4,4,1,0.108552
8329,2020-11-07,4,3,0,0.108538
8330,2020-11-10,6,3,0,0.108524
8331,2020-11-12,3,3,1,0.108639
8332,2020-11-14,3,9,0,0.108625
8333,2020-11-17,3,9,0,0.108611
8334,2020-11-19,6,9,0,0.108597
8335,2020-11-21,6,3,0,0.108583
8336,2020-11-24,2,3,0,0.108569
8337,2020-11-26,5,1,0,0.108555
8338,2020-11-28,8,3,0,0.108541
8339,2020-12-01,9,8,0,0.108527
8340,2020-12-03,7,1,0,0.108513
8341,2020-12-05,3,7,0,0.108499
8342,2020-12-09,5,6,0,0.108485
8343,2020-12-10,3,8,0,0.108471
8344,2020-12-12,6,6,1,0.108586
8345,2020-12-15,4,3,0,0.108572
8346,2020-12-17,2,3,0,0.108558
8347,2020-12-19,7,1,0,0.108544
8348,2020-12-22,5,7,0,0.10853
8349,2020-12-24,4,3,0,0.108516
8350,2020-12-28,1,3,0,0.108502
8351,2020-12-29,9,4,0,0.108488
8352,2020-12-31,3,1,0,0.108474
8353,2021-01-02,1,6,0,0.10846
8354,2021-01-05,4,4,1,0.108575
8355,2021-01-07,2,3,0,0.108561
8356,2021-01-09,3,1,0,0.108547
8357,2021-01-12,6,6,1,0.108662
8358,2021-01-14,1,3,0,0.108648
8359,2021-01-16,9,4,0,0.108634
8360,2021-01-19,5,1,0,0.10862
8361,2021-01-21,1,3,0,0.108606
8362,2021-01-23,2,4,0,0.108592
8363,2021-01-26,3,1,0,0.108578
8364,2021-01-28,8,6,0,0.108564
8365,2021-01-30,3,8,0,0.10855
8366,2021-02-02,5,6,0,0.108536
8367,2021-02-04,5,3,0,0.108522
8368,2021-02-06,4,3,0,0.108508
8369,2021-02-09,7,3,0,0.108494
8370,2021-02-11,2,7,0,0.10848
8371,2021-02-13,9,1,0,0.108466
8372,2021-02-16,5,1,0,0.108452
8373,2021-02-18,2,4,0,0.108438
8374,2021-02-20,1,1,1,0.108553
8375,2021-02-23,9,4,0,0.108539
8376,2021-02-25,9,1,0,0.108525
8377,2021-02-27,2,1,0,0.108511
8378,2021-03-02,6,1,0,0.108497
8379,2021-03-04,8,3,0,0.108483
8380,2021-03-06,6,8,0,0.108469
8381,2021-03-09,2,3,0,0.108455
8382,2021-03-11,4,1,0,0.108441
8383,2021-03-13,3,3,1,0.108556
8384,2021-03-16,6,6,1,0.108671
8385,2021-03-18,4,3,0,0.108657
8386,2021-03-20,9,3,0,0.108643
8387,2021-03-23,7,1,0,0.108629
8388,2021-03-25,9,7,0,0.108615
8389,2021-03-27,8,1,0,0.108601
8390,2021-03-30,5,8,0,0.108587
8391,2021-04-01,8,4,0,0.108573
8392,2021-04-03,8,8,1,0.108687
8393,2021-04-06,3,8,0,0.108673
8394,2021-04-08,1,6,0,0.108659
8395,2021-04-10,8,4,0,0.108645
8396,2021-04-13,4,8,0,0.108632
8397,2021-04-15,4,3,0,0.108618
8398,2021-04-17,7,3,0,0.108604
8399,2021-04-20,2,7,0,0.10859
8400,2021-04-22,5,1,0,0.108576
8401,2021-04-24,4,4,1,0.10869
8402,2021-04-27,7,3,0,0.108676
8403,2021-04-29,3,7,0,0.108662
8404,2021-05-03,3,6,0,0.108648
8405,2021-05-04,6,6,1,0.108762
8406,2021-05-06,8,3,0,0.108749
8407,2021-05-08,1,8,0,0.108735
8408,2021-05-11,9,4,0,0.108721
8409,2021-05-13,2,1,0,0.108707
8410,2021-05-15,2,1,0,0.108693
8411,2021-05-18,5,1,0,0.108679
8412,2021-05-20,2,4,0,0.108665
8413,2021-05-22,2,1,0,0.108651
8414,2021-05-25,9,1,0,0.108637
8415,2021-05-27,6,1,0,0.108623
8416,2021-05-29,6,3,0,0.108609
8417,2021-06-01,8,3,0,0.108596
8418,2021-06-03,4,8,0,0.108582
8419,2021-06-05,4,3,0,0.108568
8420,2021-06-08,3,3,1,0.108682
8421,2021-06-10,6,6,1,0.108796
8422,2021-06-12,8,3,0,0.108782
8423,2021-06-15,8,8,1,0.108896
8424,2021-06-17,9,8,0,0.108882
8425,2021-06-19,4,1,0,0.108868
8426,2021-06-22,6,3,0,0.108854
8427,2021-06-24,3,3,1,0.108968
8428,2021-06-26,4,6,0,0.108954
8429,2021-06-29,5,3,0,0.10894
8430,2021-07-01,4,4,1,0.109054
8431,2021-07-03,8,3,0,0.10904
8432,2021-07-06,7,8,0,0.109026
8433,2021-07-08,1,7,0,0.109012
8434,2021-07-10,1,4,0,0.108998
8435,2021-07-13,3,4,0,0.108984
8436,2021-07-15,4,6,0,0.10897
8437,2021-07-17,7,3,0,0.108956
8438,2021-07-20,3,7,0,0.108942
8439,2021-07-22,6,6,1,0.109056
8440,2021-07-24,6,3,0,0.109042
8441,2021-07-27,4,3,0,0.109028
8442,2021-07-29,2,3,0,0.109014
8443,2021-07-31,6,1,0,0.109001
8444,2021-08-03,2,3,0,0.108987
8445,2021-08-05,3,1,0,0.108973
8446,2021-08-07,1,6,0,0.108959
8447,2021-08-10,2,4,0,0.108945
8448,2021-08-12,8,1,0,0.108931
8449,2021-08-14,2,8,0,0.108917
8450,2021-08-17,3,1,0,0.108903
8451,2021-08-19,1,6,0,0.108889
8452,2021-08-21,5,4,0,0.108876
8453,2021-08-24,2,4,0,0.108862
8454,2021-08-26,5,1,0,0.108848
8455,2021-08-28,6,4,0,0.108834
8456,2021-08-31,8,3,0,0.10882
8457,2021-09-02,5,8,0,0.108806
8458,2021-09-04,3,4,0,0.108792
8459,2021-09-07,4,6,0,0.108779
8460,2021-09-09,2,3,0,0.108765
8461,2021-09-11,8,1,0,0.108751
8462,2021-09-14,7,8,0,0.108737
8463,2021-09-16,7,7,1,0.10885
8464,2021-09-18,4,7,0,0.108837
8465,2021-09-21,2,3,0,0.108823
8466,2021-09-23,8,1,0,0.108809
8467,2021-09-25,1,8,0,0.108795
8468,2021-09-28,2,4,0,0.108781
8469,2021-09-30,6,1,0,0.108767
8470,2021-10-02,1,3,0,0.108754
8471,2021-10-05,4,4,1,0.108867
8472,2021-10-07,6,3,0,0.108853
8473,2021-10-09,8,3,0,0.108839
8474,2021-10-12,7,8,0,0.108825
8475,2021-10-14,7,7,1,0.108939
8476,2021-10-16,2,7,0,0.108925
8477,2021-10-19,3,1,0,0.108911
8478,2021-10-21,1,6,0,0.108897
8479,2021-10-23,1,4,0,0.108883
8480,2021-10-26,9,4,0,0.108869
8481,2021-10-28,2,1,0,0.108856
8482,2021-10-30,9,1,0,0.108842
8483,2021-11-02,9,1,0,0.108828
8484,2021-11-04,5,1,0,0.108814
8485,2021-11-06,4,4,1,0.108927
8486,2021-11-09,7,3,0,0.108913
8487,2021-11-11,7,7,1,0.109026
8488,2021-11-13,6,7,0,0.109013
8489,2021-11-16,7,3,0,0.108999
8490,2021-11-18,1,7,0,0.108985
8491,2021-11-20,4,4,1,0.109098
8492,2021-11-23,1,3,0,0.109084
8493,2021-11-25,2,4,0,0.10907
8494,2021-11-27,1,1,1,0.109183
8495,2021-11-30,2,4,0,0.109169
8496,2021-12-02,7,1,0,0.109155
8497,2021-12-04,2,7,0,0.109142
8498,2021-12-07,8,1,0,0.109128
8499,2021-12-09,5,8,0,0.109114
8500,2021-12-11,7,4,0,0.1091
8501,2021-12-14,3,7,0,0.109086
8502,2021-12-16,1,6,0,0.109073
8503,2021-12-18,9,4,0,0.109059
8504,2021-12-21,1,1,1,0.109171
8505,2021-12-23,2,4,0,0.109158
8506,2021-12-27,9,1,0,0.109144
8507,2021-12-28,8,1,0,0.10913
8508,2021-12-30,5,8,0,0.109116
8509,2022-01-03,6,4,0,0.109102
8510,2022-01-04,3,3,1,0.109215
8511,2022-01-07,8,6,0,0.109201
8512,2022-01-08,2,8,0,0.109187
8513,2022-01-11,1,1,1,0.1093
8514,2022-01-13,1,4,0,0.109286
8515,2022-01-15,6,4,0,0.109272
8516,2022-01-18,6,3,0,0.109259
8517,2022-01-20,6,3,0,0.109245
8518,2022-01-22,3,3,1,0.109357
8519,2022-01-25,9,6,0,0.109343
8520,2022-01-27,7,1,0,0.10933
8521,2022-01-29,6,7,0,0.109316
8522,2022-02-01,9,3,0,0.109302
8523,2022-02-03,2,1,0,0.109288
8524,2022-02-05,1,1,1,0.109401
8525,2022-02-08,2,4,0,0.109387
8526,2022-02-10,5,1,0,0.109373
8527,2022-02-12,9,4,0,0.109359
8528,2022-02-15,3,1,0,0.109345
8529,2022-02-17,4,6,0,0.109332
8530,2022-02-19,4,3,0,0.109318
8531,2022-02-22,7,3,0,0.109304
8532,2022-02-24,3,7,0,0.10929
8533,2022-02-26,9,6,0,0.109277
8534,2022-03-01,3,1,0,0.109263
8535,2022-03-03,6,6,1,0.109375
8536,2022-03-05,4,3,0,0.109361
8537,2022-03-08,2,3,0,0.109347
8538,2022-03-10,7,1,0,0.109334
8539,2022-03-12,9,7,0,0.10932
8540,2022-03-15,3,1,0,0.109306
8541,2022-03-17,1,6,0,0.109292
8542,2022-03-19,2,4,0,0.109279
8543,2022-03-22,5,1,0,0.109265
8544,2022-03-24,6,4,0,0.109251
8545,2022-03-26,5,3,0,0.109237
8546,2022-03-29,2,4,0,0.109224
8547,2022-03-31,6,1,0,0.10921
8548,2022-04-02,6,3,0,0.109196
8549,2022-04-05,7,3,0,0.109182
8550,2022-04-07,5,7,0,0.109169
8551,2022-04-09,4,4,1,0.109281
8552,2022-04-12,3,3,1,0.109393
8553,2022-04-14,1,6,0,0.109379
8554,2022-04-16,8,4,0,0.109365
8555,2022-04-19,2,8,0,0.109351
8556,2022-04-21,8,1,0,0.109338
8557,2022-04-23,1,8,0,0.109324
8558,2022-04-26,4,4,1,0.109436
8559,2022-04-28,1,3,0,0.109422
8560,2022-04-30,6,4,0,0.109408
8561,2022-05-03,9,3,0,0.109395
8562,2022-05-05,2,1,0,0.109381
8563,2022-05-07,9,1,0,0.109367
8564,2022-05-10,6,1,0,0.109353
8565,2022-05-12,1,3,0,0.10934
8566,2022-05-14,4,4,1,0.109451
8567,2022-05-17,9,3,0,0.109438
8568,2022-05-19,5,1,0,0.109424
8569,2022-05-21,7,4,0,0.10941
8570,2022-05-24,8,7,0,0.109397
8571,2022-05-26,7,8,0,0.109383
8572,2022-05-28,8,7,0,0.109369
8573,2022-05-31,2,8,0,0.109355
8574,2022-06-03,2,1,0,0.109342
8575,2022-06-04,5,1,0,0.109328
8576,2022-06-07,1,4,0,0.109314
8577,2022-06-09,9,4,0,0.109301
8578,2022-06-11,5,1,0,0.109287
8579,2022-06-14,8,4,0,0.109273
8580,2022-06-16,4,8,0,0.109259
8581,2022-06-18,1,3,0,0.109246
8582,2022-06-21,5,4,0,0.109232
8583,2022-06-23,8,4,0,0.109218
8584,2022-06-25,7,8,0,0.109205
8585,2022-06-28,3,7,0,0.109191
8586,2022-06-30,4,6,0,0.109177
8587,2022-07-02,5,3,0,0.109164
8588,2022-07-05,8,4,0,0.10915
8589,2022-07-07,5,8,0,0.109136
8590,2022-07-09,6,4,0,0.109123
8591,2022-07-12,6,3,0,0.109109
8592,2022-07-14,3,3,1,0.109221
8593,2022-07-16,2,6,0,0.109207
8594,2022-07-19,7,1,0,0.109193
8595,2022-07-21,5,7,0,0.10918
8596,2022-07-23,7,4,0,0.109166
8597,2022-07-26,5,7,0,0.109152
8598,2022-07-28,8,4,0,0.109139
8599,2022-07-30,5,8,0,0.109125
8600,2022-08-02,6,4,0,0.109111
8601,2022-08-04,2,3,0,0.109098
8602,2022-08-06,2,1,0,0.109084
8603,2022-08-09,3,1,0,0.10907
8604,2022-08-11,1,6,0,0.109057
8605,2022-08-13,2,4,0,0.109043
8606,2022-08-16,7,1,0,0.10903
8607,2022-08-18,5,7,0,0.109016
8608,2022-08-20,2,4,0,0.109002
8609,2022-08-23,7,1,0,0.108989
8610,2022-08-25,2,7,0,0.108975
8611,2022-08-27,7,1,0,0.108962
8612,2022-08-30,7,7,1,0.109073
8613,2022-09-01,3,7,0,0.109059
8614,2022-09-03,8,6,0,0.109046
8615,2022-09-06,1,5,0,0.109032
8616,2022-09-08,9,4,0,0.109018
8617,2022-09-10,8,1,0,0.109005
8618,2022-09-13,5,5,1,0.109116
8619,2022-09-15,5,4,0,0.109102
8620,2022-09-17,9,4,0,0.109089
8621,2022-09-20,7,1,0,0.109075
8622,2022-09-22,3,7,0,0.109061
8623,2022-09-24,4,6,0,0.109048
8624,2022-09-27,8,3,0,0.109034
8625,2022-09-29,6,5,0,0.109021
8626,2022-10-01,1,3,0,0.109007
8627,2022-10-04,9,4,0,0.108994
8628,2022-10-06,1,1,1,0.109104
8629,2022-10-08,9,4,0,0.109091
8630,2022-10-11,3,1,0,0.109077
8631,2022-10-13,8,6,0,0.109064
8632,2022-10-15,5,5,1,0.109175
8633,2022-10-18,2,4,0,0.109161
8634,2022-10-20,2,1,0,0.109147
8635,2022-10-22,8,1,0,0.109134
8636,2022-10-25,2,5,0,0.10912
8637,2022-10-27,8,1,0,0.109107
8638,2022-10-29,9,5,0,0.109093
8639,2022-11-02,7,1,0,0.10908
8640,2022-11-03,1,7,0,0.109066
8641,2022-11-05,8,4,0,0.109052
8642,2022-11-08,7,5,0,0.109039
8643,2022-11-10,1,7,0,0.109025
8644,2022-11-12,1,4,0,0.109012
8645,2022-11-15,2,4,0,0.108998
8646,2022-11-17,8,1,0,0.108985
8647,2022-11-19,4,5,0,0.108971
8648,2022-11-22,8,3,0,0.108958
8649,2022-11-24,1,5,0,0.108944
8650,2022-11-26,1,4,0,0.108931
8651,2022-11-29,1,4,0,0.108917
8652,2022-12-01,4,4,1,0.109028
8653,2022-12-03,4,3,0,0.109014
8654,2022-12-06,8,3,0,0.109001
8655,2022-12-09,5,5,1,0.109111
8656,2022-12-10,3,4,0,0.109098
8657,2022-12-13,3,6,0,0.109084
8658,2022-12-15,4,6,0,0.109071
8659,2022-12-17,1,3,0,0.109057
8660,2022-12-20,7,4,0,0.109044
8661,2022-12-22,8,7,0,0.10903
8662,2022-12-24,7,5,0,0.109016
8663,2022-12-27,9,7,0,0.109003
8664,2022-12-29,1,1,1,0.109113
8665,2022-12-31,9,4,0,0.1091
8666,2023-01-03,2,1,0,0.109086
8667,2023-01-05,6,1,0,0.109073
8668,2023-01-07,7,3,0,0.109059
8669,2023-01-10,2,7,0,0.109046
8670,2023-01-12,1,1,1,0.109156
8671,2023-01-14,7,4,0,0.109143
8672,2023-01-17,6,7,0,0.109129
8673,2023-01-19,2,3,0,0.109116
8674,2023-01-21,8,1,0,0.109102
8675,2023-01-24,8,5,0,0.109089
8676,2023-01-26,3,5,0,0.109075
8677,2023-01-28,2,6,0,0.109062
8678,2023-01-31,5,1,0,0.109048
8679,2023-02-02,4,4,1,0.109158
8680,2023-02-04,3,3,1,0.109269
8681,2023-02-07,7,6,0,0.109255
8682,2023-02-09,4,7,0,0.109242
8683,2023-02-11,7,3,0,0.109228
8684,2023-02-14,3,7,0,0.109215
8685,2023-02-16,3,6,0,0.109201
8686,2023-02-18,5,6,0,0.109188
8687,2023-02-21,4,4,1,0.109298
8688,2023-02-23,5,3,0,0.109284
8689,2023-02-25,1,4,0,0.109271
8690,2023-02-28,5,4,0,0.109257
8691,2023-03-02,8,4,0,0.109244
8692,2023-03-04,8,5,0,0.10923
8693,2023-03-07,1,5,0,0.109217
8694,2023-03-09,5,4,0,0.109203
8695,2023-03-11,4,4,1,0.109313
8696,2023-03-14,7,3,0,0.1093
8697,2023-03-16,9,7,0,0.109286
8698,2023-03-18,5,1,0,0.109273
8699,2023-03-21,9,4,0,0.109259
8700,2023-03-23,4,1,0,0.109246
8701,2023-03-25,1,3,0,0.109232
8702,2023-03-28,8,4,0,0.109219
8703,2023-03-30,1,5,0,0.109205
8704,2023-04-01,7,4,0,0.109192
8705,2023-04-04,1,7,0,0.109178
8706,2023-04-06,9,4,0,0.109165
8707,2023-04-08,3,1,0,0.109151
8708,2023-04-11,3,6,0,0.109138
8709,2023-04-13,5,6,0,0.109125
8710,2023-04-15,9,4,0,0.109111
8711,2023-04-18,7,1,0,0.109098
8712,2023-04-20,4,7,0,0.109084
8713,2023-04-22,7,3,0,0.109071
8714,2023-04-26,5,7,0,0.109057
8715,2023-04-27,5,4,0,0.109044
8716,2023-04-29,4,4,1,0.109154
8717,2023-05-02,4,3,0,0.10914
8718,2023-05-04,4,3,0,0.109127
8719,2023-05-06,4,3,0,0.109113
8720,2023-05-09,2,3,0,0.1091
8721,2023-05-11,9,1,0,0.109086
8722,2023-05-13,4,1,0,0.109073
8723,2023-05-16,5,3,0,0.10906
8724,2023-05-18,8,4,0,0.109046
8725,2023-05-20,8,5,0,0.109033
8726,2023-05-23,8,5,0,0.109019
8727,2023-05-25,6,8,0,0.109006
8728,2023-05-27,9,3,0,0.108992
8729,2023-05-30,3,1,0,0.108979
8730,2023-06-01,5,6,0,0.108966
8731,2023-06-03,4,4,1,0.109075
8732,2023-06-06,1,3,0,0.109062
8733,2023-06-08,2,4,0,0.109048
8734,2023-06-10,7,1,0,0.109035
8735,2023-06-13,6,7,0,0.109022
8736,2023-06-15,8,3,0,0.109008
8737,2023-06-17,6,8,0,0.108995
8738,2023-06-20,5,3,0,0.108981
8739,2023-06-22,5,4,0,0.108968
8740,2023-06-24,3,4,0,0.108955
8741,2023-06-27,3,6,0,0.108941
8742,2023-06-29,7,6,0,0.108928
8743,2023-07-01,5,7,0,0.108915
8744,2023-07-04,2,4,0,0.108901
8745,2023-07-06,7,1,0,0.108888
8746,2023-07-07,2,7,0,0.108874
8747,2023-07-08,1,1,1,0.108984
8748,2023-07-11,5,4,0,0.10897
8749,2023-07-13,1,4,0,0.108957
8750,2023-07-14,3,4,0,0.108944
8751,2023-07-15,2,6,0,0.10893
8752,2023-07-18,6,1,0,0.108917
8753,2023-07-20,8,3,0,0.108904
8754,2023-07-21,4,8,0,0.10889
8755,2023-07-22,3,3,1,0.109
8756,2023-07-25,6,6,1,0.109109
8757,2023-07-27,3,3,1,0.109218
8758,2023-07-28,8,6,0,0.109205
8759,2023-07-29,2,8,0,0.109191
8760,2023-08-01,5,1,0,0.109178
8761,2023-08-03,7,4,0,0.109164
8762,2023-08-04,6,7,0,0.109151
8763,2023-08-05,1,3,0,0.109138
8764,2023-08-08,1,4,0,0.109124
8765,2023-08-10,5,4,0,0.109111
8766,2023-08-11,1,4,0,0.109098
8767,2023-08-12,5,4,0,0.109084
8768,2023-08-16,8,4,0,0.109071
8769,2023-08-17,9,8,0,0.109058
8770,2023-08-18,3,1,0,0.109044
8771,2023-08-19,9,6,0,0.109031
8772,2023-08-22,9,1,0,0.109017
8773,2023-08-24,4,1,0,0.109004
8774,2023-08-25,5,3,0,0.108991
8775,2023-08-26,5,4,0,0.108977
8776,2023-08-29,2,4,0,0.108964
8777,2023-08-31,5,1,0,0.108951
8778,2023-09-01,5,4,0,0.108938
8779,2023-09-02,9,4,0,0.108924
8780,2023-09-05,1,1,1,0.109033
8781,2023-09-07,2,4,0,0.10902
8782,2023-09-08,8,1,0,0.109006
8783,2023-09-09,4,8,0,0.108993
8784,2023-09-12,5,3,0,0.10898
8785,2023-09-14,8,4,0,0.108967
8786,2023-09-15,9,8,0,0.108953
8787,2023-09-16,3,1,0,0.10894
8788,2023-09-19,9,6,0,0.108927
8789,2023-09-21,3,1,0,0.108913
8790,2023-09-22,8,6,0,0.1089
8791,2023-09-23,7,8,0,0.108887
8792,2023-09-26,2,7,0,0.108873
8793,2023-09-28,7,1,0,0.10886
8794,2023-09-29,2,7,0,0.108847
8795,2023-09-30,1,1,1,0.108956
8796,2023-10-03,2,4,0,0.108942
8797,2023-10-05,3,1,0,0.108929
8798,2023-10-06,1,6,0,0.108916
8799,2023-10-07,9,4,0,0.108902
8800,2023-10-10,3,1,0,0.108889
8801,2023-10-12,1,6,0,0.108876
8802,2023-10-13,2,4,0,0.108863
8803,2023-10-14,4,1,0,0.108849
8804,2023-10-17,8,3,0,0.108836
8805,2023-10-19,3,8,0,0.108823
8806,2023-10-20,2,6,0,0.10881
8807,2023-10-21,9,1,0,0.108796
8808,2023-10-24,6,1,0,0.108783
8809,2023-10-26,9,3,0,0.10877
8810,2023-10-27,7,1,0,0.108757
8811,2023-10-28,8,7,0,0.108743
8812,2023-10-31,1,8,0,0.10873
8813,2023-11-02,4,4,1,0.108839
8814,2023-11-03,2,3,0,0.108825
8815,2023-11-04,2,1,0,0.108812
8816,2023-11-07,6,1,0,0.108799
8817,2023-11-09,8,3,0,0.108786
8818,2023-11-10,6,8,0,0.108772
8819,2023-11-11,4,3,0,0.108759
8820,2023-11-14,7,3,0,0.108746
8821,2023-11-16,1,7,0,0.108733
8822,2023-11-17,5,4,0,0.108719
8823,2023-11-18,3,4,0,0.108706
8824,2023-11-21,3,6,0,0.108693
8825,2023-11-23,2,6,0,0.10868
8826,2023-11-24,4,1,0,0.108667
8827,2023-11-25,1,3,0,0.108653
8828,2023-11-28,1,4,0,0.10864
8829,2023-11-30,2,4,0,0.108627
8830,2023-12-01,2,1,0,0.108614
8831,2023-12-02,5,1,0,0.108601
8832,2023-12-05,4,4,1,0.108709
8833,2023-12-07,6,3,0,0.108696
8834,2023-12-09,6,3,0,0.108682
8835,2023-12-11,2,3,0,0.108669
8836,2023-12-12,7,1,0,0.108656
8837,2023-12-14,5,7,0,0.108643
8838,2023-12-15,3,4,0,0.10863
8839,2023-12-16,1,6,0,0.108617
8840,2023-12-19,6,4,0,0.108603
8841,2023-12-21,4,3,0,0.10859
8842,2023-12-22,9,3,0,0.108577
8843,2023-12-23,7,1,0,0.108564
8844,2023-12-27,9,7,0,0.108551
8845,2023-12-28,6,1,0,0.108537
8846,2023-12-29,6,3,0,0.108524
8847,2023-12-30,4,3,0,0.108511
8848,2024-01-02,9,3,0,0.108498
8849,2024-01-04,6,1,0,0.108485
8850,2024-01-05,2,3,0,0.108472
8851,2024-01-08,7,1,0,0.108459
8852,2024-01-09,3,7,0,0.108445
8853,2024-01-11,6,6,1,0.108553
8854,2024-01-12,3,3,1,0.108661
8855,2024-01-13,4,6,0,0.108648
8856,2024-01-16,9,3,0,0.108635
8857,2024-01-18,6,1,0,0.108622
8858,2024-01-19,3,3,1,0.10873
8859,2024-01-20,7,6,0,0.108717
8860,2024-01-23,2,7,0,0.108704
8861,2024-01-25,9,1,0,0.10869
8862,2024-01-26,6,1,0,0.108677
8863,2024-01-27,3,3,1,0.108785
8864,2024-01-30,2,6,0,0.108772
8865,2024-02-01,8,1,0,0.108759
8866,2024-02-02,9,8,0,0.108746
8867,2024-02-03,8,1,0,0.108732
8868,2024-02-06,5,8,0,0.108719
8869,2024-02-08,5,4,0,0.108706
8870,2024-02-09,3,4,0,0.108693
8871,2024-02-10,1,6,0,0.10868
8872,2024-02-13,7,4,0,0.108667
8873,2024-02-15,2,7,0,0.108654
8874,2024-02-16,1,1,1,0.108761
8875,2024-02-17,6,4,0,0.108748
8876,2024-02-20,8,3,0,0.108735
8877,2024-02-22,7,5,0,0.108722
8878,2024-02-23,3,7,0,0.108709
8879,2024-02-24,6,6,1,0.108816
8880,2024-02-27,1,3,0,0.108803
8881,2024-02-29,4,4,1,0.108911
8882,2024-03-01,7,3,0,0.108898
8883,2024-03-02,1,3,0,0.108885
8884,2024-03-05,4,4,1,0.108992
8885,2024-03-07,7,3,0,0.108979
8886,2024-03-08,4,3,0,0.108966
8887,2024-03-09,1,3,0,0.108953
8888,2024-03-12,9,4,0,0.10894
8889,2024-03-14,8,1,0,0.108926
8890,2024-03-15,3,5,0,0.108913
8891,2024-03-16,8,6,0,0.1089
8892,2024-03-19,9,5,0,0.108887
8893,2024-03-21,7,1,0,0.108874
8894,2024-03-22,9,3,0,0.108861
8895,2024-03-23,5,1,0,0.108848
8896,2024-03-26,7,4,0,0.108835
8897,2024-03-28,5,3,0,0.108821
8898,2024-03-29,2,4,0,0.108808
8899,2024-03-30,4,1,0,0.108795
8900,2024-04-02,9,3,0,0.108782
8901,2024-04-04,2,1,0,0.108769
8902,2024-04-05,1,1,1,0.108876
8903,2024-04-06,3,4,0,0.108863
8904,2024-04-09,5,6,0,0.10885
8905,2024-04-11,6,4,0,0.108837
8906,2024-04-12,8,3,0,0.108824
8907,2024-04-13,8,5,0,0.108811
8908,2024-04-16,9,8,0,0.108798
8909,2024-04-18,1,1,1,0.108905
8910,2024-04-19,8,4,0,0.108892
8911,2024-04-20,5,8,0,0.108879
8912,2024-04-23,5,4,0,0.108866
8913,2024-04-26,3,4,0,0.108853
8914,2024-04-27,9,6,0,0.108839
8915,2024-04-29,5,1,0,0.108826
8916,2024-04-30,3,4,0,0.108813
8917,2024-05-02,9,6,0,0.1088
8918,2024-05-03,6,1,0,0.108787
8919,2024-05-04,8,3,0,0.108774
8920,2024-05-07,5,5,1,0.108881
8921,2024-05-09,6,4,0,0.108868
8922,2024-05-10,2,3,0,0.108855
8923,2024-05-11,9,1,0,0.108842
8924,2024-05-14,1,1,1,0.108949
8925,2024-05-16,4,4,1,0.109056
8926,2024-05-17,9,3,0,0.109043
8927,2024-05-18,3,1,0,0.10903
8928,2024-05-21,1,6,0,0.109017
8929,2024-05-23,1,4,0,0.109004
8930,2024-05-24,3,4,0,0.108991
8931,2024-05-25,9,6,0,0.108977
8932,2024-05-28,8,1,0,0.108964
8933,2024-05-30,1,5,0,0.108951
8934,2024-05-31,4,4,1,0.109058
8935,2024-06-01,1,3,0,0.109045
8936,2024-06-04,3,4,0,0.109032
8937,2024-06-06,7,6,0,0.109019
8938,2024-06-07,9,3,0,0.109006
8939,2024-06-08,9,1,0,0.108993
8940,2024-06-11,7,1,0,0.10898
8941,2024-06-13,9,3,0,0.108967
8942,2024-06-14,2,1,0,0.108954
8943,2024-06-15,4,1,0,0.108941
8944,2024-06-18,6,3,0,0.108928
8945,2024-06-20,1,3,0,0.108914
8946,2024-06-21,3,4,0,0.108901
8947,2024-06-22,5,6,0,0.108888
8948,2024-06-25,2,4,0,0.108875
8949,2024-06-27,1,1,1,0.108982
8950,2024-06-28,4,4,1,0.109089
8951,2024-06-29,7,3,0,0.109076
8952,2024-07-02,9,3,0,0.109063
8953,2024-07-04,8,1,0,0.10905
8954,2024-07-05,4,5,0,0.109037
8955,2024-07-06,8,3,0,0.109023
8956,2024-07-09,5,5,1,0.10913
8957,2024-07-11,8,4,0,0.109117
8958,2024-07-12,9,5,0,0.109104
8959,2024-07-13,1,1,1,0.109211
8960,2024-07-16,7,4,0,0.109197
8961,2024-07-18,2,3,0,0.109184
8962,2024-07-19,5,1,0,0.109171
8963,2024-07-20,6,4,0,0.109158
8964,2024-07-23,4,3,0,0.109145
8965,2024-07-25,7,3,0,0.109132
8966,2024-07-26,5,3,0,0.109119
8967,2024-07-27,5,4,0,0.109106
8968,2024-07-30,7,4,0,0.109093
8969,2024-08-01,9,3,0,0.10908
8970,2024-08-02,8,1,0,0.109067
8971,2024-08-03,7,5,0,0.109054
8972,2024-08-06,6,3,0,0.109041
8973,2024-08-08,6,3,0,0.109028
8974,2024-08-09,2,3,0,0.109015
8975,2024-08-10,7,1,0,0.109002
8976,2024-08-13,1,3,0,0.108989
8977,2024-08-16,9,4,0,0.108976
8978,2024-08-17,9,1,0,0.108963
8979,2024-08-19,2,1,0,0.10895
8980,2024-08-20,9,1,0,0.108937
8981,2024-08-22,4,1,0,0.108924
8982,2024-08-23,6,3,0,0.108911
8983,2024-08-24,3,3,1,0.109017
8984,2024-08-27,5,6,0,0.109004
8985,2024-08-29,8,4,0,0.108991
8986,2024-08-30,4,5,0,0.108978
8987,2024-08-31,3,3,1,0.109084
8988,2024-09-03,3,6,0,0.109071
8989,2024-09-05,2,6,0,0.109058
8990,2024-09-06,4,1,0,0.109045
8991,2024-09-07,3,3,1,0.109152
8992,2024-09-10,3,6,0,0.109139
8993,2024-09-12,9,6,0,0.109126
8994,2024-09-13,2,1,0,0.109113
8995,2024-09-14,9,1,0,0.1091
8996,2024-09-17,1,1,1,0.109206
8997,2024-09-19,3,4,0,0.109193
8998,2024-09-20,1,6,0,0.10918
8999,2024-09-21,8,4,0,0.109167
9000,2024-09-24,6,5,0,0.109154
9001,2024-09-26,9,3,0,0.109141
9002,2024-09-27,2,1,0,0.109128
9003,2024-09-28,4,1,0,0.109115
9004,2024-10-01,9,3,0,0.109102
9005,2024-10-03,8,1,0,0.109089
9006,2024-10-04,7,5,0,0.109076
9007,2024-10-05,2,3,0,0.109063
9008,2024-10-08,1,1,1,0.109169
9009,2024-10-10,5,4,0,0.109156
9010,2024-10-11,5,4,0,0.109143
9011,2024-10-12,8,4,0,0.10913
9012,2024-10-15,2,5,0,0.109117
9013,2024-10-17,4,1,0,0.109104
9014,2024-10-18,5,3,0,0.109091
9015,2024-10-19,6,8,0,0.109078
9016,2024-10-22,9,3,0,0.109065
9017,2024-10-24,9,1,0,0.109052
9018,2024-10-25,2,1,0,0.109039
9019,2024-10-26,5,1,0,0.109026
9020,2024-10-29,6,8,0,0.109013
9021,2024-10-31,5,3,0,0.109
9022,2024-11-02,4,8,0,0.108987
9023,2024-11-04,2,3,0,0.108974
9024,2024-11-05,4,1,0,0.108961
9025,2024-11-07,9,3,0,0.108948
9026,2024-11-08,4,1,0,0.108936
9027,2024-11-09,7,3,0,0.108923
9028,2024-11-12,9,3,0,0.10891
9029,2024-11-14,1,1,1,0.109015
9030,2024-11-15,6,4,0,0.109002
9031,2024-11-16,3,3,1,0.109108
9032,2024-11-19,6,6,1,0.109214
9033,2024-11-21,7,3,0,0.109201
9034,2024-11-22,7,3,0,0.109188
9035,2024-11-23,4,7,0,0.109175
9036,2024-11-26,5,3,0,0.109162
9037,2024-11-28,3,4,0,0.109149
9038,2024-11-29,1,6,0,0.109136
9039,2024-11-30,1,4,0,0.109123
9040,2024-12-03,1,4,0,0.10911
9041,2024-12-05,3,4,0,0.109097
9042,2024-12-06,8,6,0,0.109084
9043,2024-12-07,8,5,0,0.109072
9044,2024-12-10,1,5,0,0.109059
9045,2024-12-12,2,4,0,0.109046
9046,2024-12-13,4,1,0,0.109033
9047,2024-12-14,1,3,0,0.10902
9048,2024-12-17,4,4,1,0.109125
9049,2024-12-19,5,3,0,0.109112
9050,2024-12-20,7,4,0,0.1091
9051,2024-12-21,6,7,0,0.109087
9052,2024-12-24,3,3,1,0.109192
9053,2024-12-27,8,6,0,0.109179
9054,2024-12-28,4,5,0,0.109166
9055,2024-12-30,9,3,0,0.109153
9056,2024-12-31,4,1,0,0.10914
9057,2025-01-02,1,3,0,0.109127
9058,2025-01-03,2,4,0,0.109115
9059,2025-01-04,5,1,0,0.109102
9060,2025-01-07,6,4,0,0.109089
9061,2025-01-09,3,3,1,0.109194
9062,2025-01-10,8,6,0,0.109181
9063,2025-01-11,7,5,0,0.109168
9064,2025-01-14,1,7,0,0.109155
9065,2025-01-16,2,4,0,0.109142
9066,2025-01-17,3,1,0,0.10913
9067,2025-01-18,7,6,0,0.109117
9068,2025-01-21,5,7,0,0.109104
9069,2025-01-23,5,4,0,0.109091
9070,2025-01-24,4,4,1,0.109196
9071,2025-01-25,9,3,0,0.109183
9072,2025-01-28,7,1,0,0.10917
9073,2025-01-30,6,7,0,0.109157
9074,2025-01-31,7,3,0,0.109145
9075,2025-02-01,6,7,0,0.109132
9076,2025-02-04,5,3,0,0.109119
9077,2025-02-06,3,4,0,0.109106
9078,2025-02-07,4,6,0,0.109093
9079,2025-02-08,2,3,0,0.10908
9080,2025-02-11,6,1,0,0.109067
9081,2025-02-13,5,3,0,0.109054
9082,2025-02-14,8,4,0,0.109042
9083,2025-02-15,4,5,0,0.109029
9084,2025-02-18,1,3,0,0.109016
9085,2025-02-20,3,4,0,0.109003
9086,2025-02-21,4,6,0,0.10899
9087,2025-02-22,2,3,0,0.108977
9088,2025-02-25,4,1,0,0.108965
9089,2025-02-27,1,3,0,0.108952
9090,2025-02-28,4,4,1,0.109057
9091,2025-03-01,2,3,0,0.109044
9092,2025-03-04,2,1,0,0.109031
9093,2025-03-06,5,1,0,0.109018
9094,2025-03-07,3,4,0,0.109005
9095,2025-03-08,2,6,0,0.108992
9096,2025-03-11,7,1,0,0.10898
9097,2025-03-13,9,7,0,0.108967
9098,2025-03-14,9,1,0,0.108954
9099,2025-03-15,5,1,0,0.108941
9100,2025-03-18,2,4,0,0.108928
9101,2025-03-20,1,1,1,0.109033
9102,2025-03-21,8,4,0,0.10902
9103,2025-03-22,9,5,0,0.109008
9104,2025-03-25,2,1,0,0.108995
9105,2025-03-27,6,1,0,0.108982
9106,2025-03-28,4,3,0,0.108969
9107,2025-03-29,6,3,0,0.108956
9108,2025-04-01,1,3,0,0.108943
9109,2025-04-03,6,4,0,0.108931
9110,2025-04-04,5,3,0,0.108918
9111,2025-04-05,2,4,0,0.108905
9112,2025-04-08,8,1,0,0.108892
9113,2025-04-10,4,5,0,0.108879
9114,2025-04-11,7,3,0,0.108867
9115,2025-04-12,3,7,0,0.108854
9116,2025-04-15,4,6,0,0.108841
9117,2025-04-17,4,3,0,0.108828
9118,2025-04-18,4,3,0,0.108816
9119,2025-04-19,9,3,0,0.108803
9120,2025-04-22,7,1,0,0.10879
9121,2025-04-24,4,3,0,0.108777
9122,2025-04-26,3,3,1,0.108882
9123,2025-04-28,5,6,0,0.108869
9124,2025-04-29,4,4,1,0.108974
9125,2025-05-02,1,3,0,0.108961
9126,2025-05-03,4,4,1,0.109065
9127,2025-05-05,6,3,0,0.109053
9128,2025-05-06,8,3,0,0.10904
9129,2025-05-08,3,5,0,0.109027
9130,2025-05-09,8,6,0,0.109014
9131,2025-05-10,1,5,0,0.109001
9132,2025-05-13,5,4,0,0.108989
9133,2025-05-15,3,4,0,0.108976
9134,2025-05-16,5,6,0,0.108963
9135,2025-05-17,1,4,0,0.10895
9136,2025-05-20,9,4,0,0.108938
9137,2025-05-22,8,1,0,0.108925
9138,2025-05-23,6,5,0,0.108912
9139,2025-05-24,3,3,1,0.109016
9140,2025-05-27,5,6,0,0.109004
9141,2025-05-29,7,4,0,0.108991
9142,2025-05-30,8,3,0,0.108978
9143,2025-05-31,9,5,0,0.108965
9144,2025-06-03,6,1,0,0.108953
9145,2025-06-05,7,3,0,0.10894
9146,2025-06-06,9,3,0,0.108927
9147,2025-06-07,9,1,0,0.108914
9148,2025-06-10,3,1,0,0.108902
9149,2025-06-12,5,6,0,0.108889
9150,2025-06-13,9,4,0,0.108876
9151,2025-06-14,3,1,0,0.108863
9152,2025-06-17,7,6,0,0.108851
9153,2025-06-19,6,3,0,0.108838
9154,2025-06-20,9,3,0,0.108825
9155,2025-06-21,1,1,1,0.108929
9156,2025-06-24,4,4,1,0.109034
9157,2025-06-26,5,3,0,0.109021
9158,2025-06-27,7,4,0,0.109008
9159,2025-06-28,8,3,0,0.108995
9160,2025-07-01,5,5,1,0.109099
9161,2025-07-03,1,4,0,0.109087
9162,2025-07-04,8,4,0,0.109074
9163,2025-07-05,3,5,0,0.109061
9164,2025-07-08,1,6,0,0.109048
9165,2025-07-10,3,4,0,0.109036
9166,2025-07-11,5,6,0,0.109023
9167,2025-07-12,1,4,0,0.10901
9168,2025-07-15,4,4,1,0.109114
9169,2025-07-17,7,3,0,0.109102
9170,2025-07-18,8,3,0,0.109089
9171,2025-07-19,7,5,0,0.109076
9172,2025-07-22,9,3,0,0.109063
9173,2025-07-24,5,1,0,0.109051
9174,2025-07-25,1,4,0,0.109038
9175,2025-07-26,3,4,0,0.109025
9176,2025-07-29,7,6,0,0.109012
9177,2025-07-31,1,3,0,0.109
9178,2025-08-01,6,4,0,0.108987
9179,2025-08-02,7,3,0,0.108974
9180,2025-08-05,8,3,0,0.108962
9181,2025-08-07,6,5,0,0.108949
9182,2025-08-08,6,3,0,0.108936
9183,2025-08-09,2,3,0,0.108924
9184,2025-08-12,8,1,0,0.108911
9185,2025-08-14,2,5,0,0.108898
9186,2025-08-16,7,1,0,0.108886
9187,2025-08-18,1,3,0,0.108873
9188,2025-08-19,4,4,1,0.108977
9189,2025-08-21,5,3,0,0.108964
9190,2025-08-22,6,4,0,0.108951
9191,2025-08-23,4,3,0,0.108939
9192,2025-08-26,5,3,0,0.108926
9193,2025-08-28,3,4,0,0.108913
9194,2025-08-29,3,6,0,0.108901
9195,2025-08-30,7,6,0,0.108888
9196,2025-09-02,4,3,0,0.108875
9197,2025-09-04,3,3,1,0.108979
9198,2025-09-05,7,6,0,0.108966
9199,2025-09-06,8,3,0,0.108953
9200,2025-09-09,3,5,0,0.108941
9201,2025-09-11,8,6,0,0.108928
9202,2025-09-12,1,5,0,0.108915
9203,2025-09-13,3,4,0,0.108903
9204,2025-09-16,3,6,0,0.10889
9205,2025-09-18,7,6,0,0.108878
9206,2025-09-19,1,3,0,0.108865
9207,2025-09-20,1,4,0,0.108852
9208,2025-09-23,2,4,0,0.10884
9209,2025-09-25,5,1,0,0.108827
9210,2025-09-26,3,4,0,0.108814
9211,2025-09-27,2,6,0,0.108802
9212,2025-09-30,8,1,0,0.108789
9213,2025-10-02,2,5,0,0.108776
9214,2025-10-03,4,1,0,0.108764
9215,2025-10-04,7,3,0,0.108751
9216,2025-10-07,8,3,0,0.108739
9217,2025-10-09,8,5,0,0.108726
9218,2025-10-10,4,5,0,0.108713
9219,2025-10-11,2,3,0,0.108701
9220,2025-10-14,3,1,0,0.108688
9221,2025-10-16,8,6,0,0.108675
9222,2025-10-17,3,5,0,0.108663
9223,2025-10-18,6,6,1,0.108766
9224,2025-10-21,2,3,0,0.108754
9225,2025-10-23,7,1,0,0.108741
9226,2025-10-24,2,3,0,0.108728
9227,2025-10-25,2,1,0,0.108716
9228,2025-10-28,7,1,0,0.108703
9229,2025-10-30,9,3,0,0.108691
9230,2025-10-31,5,1,0,0.108678
9231,2025-11-03,4,3,0,0.108665
9232,2025-11-04,3,3,1,0.108769
9233,2025-11-06,3,6,0,0.108756
9234,2025-11-07,9,6,0,0.108743
9235,2025-11-08,3,1,0,0.108731
9236,2025-11-11,4,6,0,0.108718
9237,2025-11-13,2,3,0,0.108706
9238,2025-11-14,7,1,0,0.108693
9239,2025-11-15,2,3,0,0.108681
9240,2025-11-18,6,1,0,0.108668
9241,2025-11-20,3,3,1,0.108771
9242,2025-11-21,1,6,0,0.108759
9243,2025-11-22,9,4,0,0.108746
9244,2025-11-25,7,1,0,0.108733
9245,2025-11-27,5,3,0,0.108721
9246,2025-11-28,5,4,0,0.108708
9247,2025-11-29,3,4,0,0.108696
9248,2025-12-02,7,6,0,0.108683
9249,2025-12-04,3,3,1,0.108786
9250,2025-12-05,6,6,1,0.108889
9251,2025-12-06,9,3,0,0.108877
9252,2025-12-09,7,1,0,0.108864
9253,2025-12-11,5,3,0,0.108851
9254,2025-12-12,6,3,0,0.108839
9255,2025-12-13,8,3,0,0.108826
9256,2025-12-16,3,5,0,0.108814
9257,2025-12-18,7,6,0,0.108801
9258,2025-12-19,7,3,0,0.108789
9259,2025-12-20,9,3,0,0.108776
9260,2025-12-23,1,1,1,0.108879
9261,2025-12-24,5,4,0,0.108866
9262,2025-12-27,8,3,0,0.108854
9263,2025-12-29,3,5,0,0.108841
9264,2025-12-30,2,6,0,0.108829
9265,2026-01-02,9,1,0,0.108816
9266,2026-01-03,4,1,0,0.108804
9267,2026-01-05,4,3,0,0.108791
9268,2026-01-07,9,3,0,0.108778
9269,2026-01-08,2,1,0,0.108766
9270,2026-01-09,8,1,0,0.108753
9271,2026-01-10,3,5,0,0.108741
9272,2026-01-13,2,6,0,0.108728
9273,2026-01-15,1,1,1,0.108831
9274,2026-01-16,4,4,1,0.108934
9275,2026-01-17,2,3,0,0.108921
9276,2026-01-20,8,1,0,0.108909
9277,2026-01-22,5,5,1,0.109011
9278,2026-01-23,1,3,0,0.108999
9279,2026-01-24,1,4,0,0.108986
9280,2026-01-27,6,4,0,0.108974
9281,2026-01-29,5,3,0,0.108961
9282,2026-01-30,2,3,0,0.108949
9283,2026-01-31,8,1,0,0.108936
9284,2026-02-03,3,5,0,0.108923
9285,2026-02-05,5,6,0,0.108911
9286,2026-02-06,6,3,0,0.108898
9287,2026-02-07,4,3,0,0.108886
9288,2026-02-10,3,3,1,0.108988
9289,2026-02-12,8,6,0,0.108976
9290,2026-02-13,4,5,0,0.108963
9291,2026-02-14,8,3,0,0.108951
9292,2026-02-17,4,5,0,0.108938
9293,2026-02-19,6,3,0,0.108926
9294,2026-02-20,2,3,0,0.108913
9295,2026-02-21,6,1,0,0.108901
9296,2026-02-24,7,3,0,0.108888
9297,2026-02-26,8,3,0,0.108876
9298,2026-02-27,5,5,1,0.108978
9299,2026-02-28,8,3,0,0.108966
9300,2026-03-03,4,5,0,0.108953
9301,2026-03-05,3,3,1,0.109055
9302,2026-03-06,6,6,1,0.109158
9303,2026-03-07,5,3,0,0.109145
9304,2026-03-10,5,3,0,0.109133
9305,2026-03-12,4,3,0,0.10912
9306,2026-03-13,3,3,1,0.109222
9307,2026-03-14,7,6,0,0.10921
9308,2026-03-17,1,3,0,0.109197
