t_index,date,true_dr,pred_dr,hit,rolling_accuracy
600,1911-07-08,4,2,0,0.0
601,1911-07-15,4,7,0,0.0
602,1911-07-22,4,7,0,0.0
603,1911-07-29,3,7,0,0.0
604,1911-08-05,8,2,0,0.0
605,1911-08-12,5,1,0,0.0
606,1911-08-19,4,4,1,0.142857
607,1911-08-26,8,2,0,0.125
608,1911-09-02,3,9,0,0.111111
609,1911-09-09,1,6,0,0.1
610,1911-09-16,1,4,0,0.090909
611,1911-09-23,5,3,0,0.083333
612,1911-09-30,1,1,1,0.153846
613,1911-10-07,2,2,1,0.214286
614,1911-10-14,4,8,0,0.2
615,1911-10-21,3,1,0,0.1875
616,1911-10-28,3,2,0,0.176471
617,1911-11-04,5,4,0,0.166667
618,1911-11-11,7,8,0,0.157895
619,1911-11-18,2,6,0,0.15
620,1911-11-25,7,7,1,0.190476
621,1911-12-02,1,2,0,0.181818
622,1911-12-09,3,6,0,0.173913
623,1911-12-16,8,5,0,0.166667
624,1911-12-23,5,1,0,0.16
625,1911-12-30,1,4,0,0.153846
626,1912-01-06,3,2,0,0.148148
627,1912-01-13,8,5,0,0.142857
628,1912-01-20,8,5,0,0.137931
629,1912-01-27,8,8,1,0.166667
630,1912-02-03,4,8,0,0.16129
631,1912-02-10,2,4,0,0.15625
632,1912-02-17,5,5,1,0.181818
633,1912-02-24,2,1,0,0.176471
634,1912-03-02,9,4,0,0.171429
635,1912-03-09,6,5,0,0.166667
636,1912-03-16,3,4,0,0.162162
637,1912-03-23,9,5,0,0.157895
638,1912-03-30,1,9,0,0.153846
639,1912-04-06,2,7,0,0.15
640,1912-04-13,7,8,0,0.146341
641,1912-04-20,6,2,0,0.142857
642,1912-04-27,3,9,0,0.139535
643,1912-05-04,4,5,0,0.136364
644,1912-05-11,4,2,0,0.133333
645,1912-05-18,3,7,0,0.130435
646,1912-05-25,5,2,0,0.12766
647,1912-06-01,7,7,1,0.145833
648,1912-06-08,3,6,0,0.142857
649,1912-06-15,8,9,0,0.14
650,1912-06-22,2,5,0,0.137255
651,1912-06-29,7,1,0,0.134615
652,1912-07-06,9,2,0,0.132075
653,1912-07-13,5,5,1,0.148148
654,1912-07-20,6,9,0,0.145455
655,1912-07-27,9,3,0,0.142857
656,1912-08-03,3,9,0,0.140351
657,1912-08-10,9,4,0,0.137931
658,1912-08-17,1,9,0,0.135593
659,1912-08-24,7,7,1,0.15
660,1912-08-31,1,3,0,0.147541
661,1912-09-07,8,6,0,0.145161
662,1912-09-14,4,1,0,0.142857
663,1912-09-21,7,4,0,0.140625
664,1912-09-28,1,9,0,0.138462
665,1912-10-05,7,6,0,0.136364
666,1912-10-12,8,3,0,0.134328
667,1912-10-19,4,5,0,0.132353
668,1912-10-26,1,4,0,0.130435
669,1912-11-02,3,9,0,0.128571
670,1912-11-09,6,5,0,0.126761
671,1912-11-16,8,3,0,0.125
672,1912-11-23,9,2,0,0.123288
673,1912-11-30,9,6,0,0.121622
674,1912-12-07,8,9,0,0.12
675,1912-12-14,8,9,0,0.118421
676,1912-12-21,8,8,1,0.12987
677,1912-12-28,9,8,0,0.128205
678,1913-01-04,6,6,1,0.139241
679,1913-01-11,8,3,0,0.1375
680,1913-01-18,9,9,1,0.148148
681,1913-01-25,1,6,0,0.146341
682,1913-02-01,8,7,0,0.144578
683,1913-02-08,3,1,0,0.142857
684,1913-02-15,5,6,0,0.141176
685,1913-02-22,5,7,0,0.139535
686,1913-03-01,7,6,0,0.137931
687,1913-03-08,4,6,0,0.136364
688,1913-03-15,5,1,0,0.134831
689,1913-03-22,1,5,0,0.133333
690,1913-03-29,1,2,0,0.131868
691,1913-04-05,3,5,0,0.130435
692,1913-04-12,9,5,0,0.129032
693,1913-04-19,4,9,0,0.12766
694,1913-04-26,6,6,1,0.136842
695,1913-05-03,9,4,0,0.135417
696,1913-05-10,3,9,0,0.134021
697,1913-05-17,9,4,0,0.132653
698,1913-05-24,1,9,0,0.131313
699,1913-05-31,6,7,0,0.13
700,1913-06-07,1,7,0,0.128713
701,1913-06-14,7,2,0,0.127451
702,1913-06-21,3,3,1,0.135922
703,1913-06-28,9,9,1,0.144231
704,1913-07-05,8,1,0,0.142857
705,1913-07-12,1,9,0,0.141509
706,1913-07-19,9,7,0,0.140187
707,1913-07-26,1,7,0,0.138889
708,1913-08-02,4,7,0,0.137615
709,1913-08-09,4,7,0,0.136364
710,1913-08-16,6,3,0,0.135135
711,1913-08-23,3,4,0,0.133929
712,1913-08-30,3,4,0,0.132743
713,1913-09-06,7,4,0,0.131579
714,1913-09-13,7,7,1,0.13913
715,1913-09-20,3,6,0,0.137931
716,1913-09-27,6,9,0,0.136752
717,1913-10-04,3,3,1,0.144068
718,1913-10-11,7,4,0,0.142857
719,1913-10-18,7,7,1,0.15
720,1913-10-25,8,3,0,0.14876
721,1913-11-01,3,5,0,0.147541
722,1913-11-08,5,6,0,0.146341
723,1913-11-15,1,7,0,0.145161
724,1913-11-22,5,2,0,0.144
725,1913-11-29,5,1,0,0.142857
726,1913-12-06,7,6,0,0.141732
727,1913-12-13,7,6,0,0.140625
728,1913-12-20,4,3,0,0.139535
729,1913-12-27,5,1,0,0.138462
730,1914-01-03,4,5,0,0.137405
731,1914-01-10,7,2,0,0.136364
732,1914-01-17,7,9,0,0.135338
733,1914-01-24,6,3,0,0.134328
734,1914-01-31,6,9,0,0.133333
735,1914-02-07,5,4,0,0.132353
736,1914-02-14,7,7,1,0.138686
737,1914-02-21,8,6,0,0.137681
738,1914-02-28,8,3,0,0.136691
739,1914-03-07,4,8,0,0.135714
740,1914-03-14,7,4,0,0.134752
741,1914-03-21,2,9,0,0.133803
742,1914-03-28,6,7,0,0.132867
743,1914-04-04,6,8,0,0.131944
744,1914-04-11,1,4,0,0.131034
745,1914-04-18,6,2,0,0.130137
746,1914-04-25,5,1,0,0.129252
747,1914-05-02,5,7,0,0.128378
748,1914-05-09,8,6,0,0.127517
749,1914-05-16,8,6,0,0.126667
750,1914-05-23,9,8,0,0.125828
751,1914-05-30,7,6,0,0.125
752,1914-06-06,4,2,0,0.124183
753,1914-06-13,1,1,1,0.12987
754,1914-06-20,9,9,1,0.135484
755,1914-06-27,1,1,1,0.141026
756,1914-07-04,4,7,0,0.140127
757,1914-07-11,4,7,0,0.139241
758,1914-07-18,3,3,1,0.144654
759,1914-07-25,6,2,0,0.14375
760,1914-08-01,7,3,0,0.142857
761,1914-08-08,6,3,0,0.141975
762,1914-08-15,6,9,0,0.141104
763,1914-08-22,2,4,0,0.140244
764,1914-08-29,9,9,1,0.145455
765,1914-09-05,5,6,0,0.144578
766,1914-09-12,5,9,0,0.143713
767,1914-09-19,6,8,0,0.142857
768,1914-09-26,5,3,0,0.142012
769,1914-10-03,5,7,0,0.141176
770,1914-10-10,8,6,0,0.140351
771,1914-10-17,6,8,0,0.139535
772,1914-10-24,5,2,0,0.138728
773,1914-10-31,4,7,0,0.137931
774,1914-11-07,5,2,0,0.137143
775,1914-11-14,2,5,0,0.136364
776,1914-11-21,1,4,0,0.135593
777,1914-11-28,8,2,0,0.134831
778,1914-12-05,9,3,0,0.134078
779,1914-12-12,5,6,0,0.133333
780,1914-12-19,5,9,0,0.132597
781,1914-12-26,5,8,0,0.131868
782,1915-01-02,7,8,0,0.131148
783,1915-01-09,3,6,0,0.130435
784,1915-01-16,2,9,0,0.12973
785,1915-01-23,9,3,0,0.129032
786,1915-01-30,1,5,0,0.128342
787,1915-02-06,3,4,0,0.12766
788,1915-02-13,5,5,1,0.132275
789,1915-02-20,6,7,0,0.131579
790,1915-02-27,2,3,0,0.13089
791,1915-03-06,8,9,0,0.130208
792,1915-03-13,6,3,0,0.129534
793,1915-03-20,7,2,0,0.128866
794,1915-03-27,5,3,0,0.128205
795,1915-04-03,7,4,0,0.127551
796,1915-04-10,5,6,0,0.126904
797,1915-04-17,3,4,0,0.126263
798,1915-04-24,8,2,0,0.125628
799,1915-05-01,2,5,0,0.125
800,1915-05-08,5,1,0,0.124378
801,1915-05-15,4,1,0,0.123762
802,1915-05-22,6,2,0,0.123153
803,1915-05-29,4,4,1,0.127451
804,1915-06-05,6,6,1,0.131707
805,1915-06-12,5,4,0,0.131068
806,1915-06-19,5,7,0,0.130435
807,1915-06-26,2,8,0,0.129808
808,1915-07-03,7,1,0,0.129187
809,1915-07-10,2,2,1,0.133333
810,1915-07-17,2,7,0,0.132701
811,1915-07-24,5,2,0,0.132075
812,1915-07-31,4,1,0,0.131455
813,1915-08-07,9,2,0,0.130841
814,1915-08-14,3,3,1,0.134884
815,1915-08-21,3,4,0,0.134259
816,1915-08-28,3,4,0,0.133641
817,1915-09-04,7,4,0,0.133028
818,1915-09-11,6,7,0,0.13242
819,1915-09-18,7,6,0,0.131818
820,1915-09-25,4,3,0,0.131222
821,1915-10-02,2,1,0,0.130631
822,1915-10-09,7,5,0,0.130045
823,1915-10-16,5,2,0,0.129464
824,1915-10-23,3,4,0,0.128889
825,1915-10-30,7,2,0,0.128319
826,1915-11-06,7,7,1,0.132159
827,1915-11-13,3,6,0,0.131579
828,1915-11-20,5,9,0,0.131004
829,1915-11-27,6,7,0,0.130435
830,1915-12-04,1,3,0,0.12987
831,1915-12-11,2,2,1,0.133621
832,1915-12-18,8,8,1,0.137339
833,1915-12-25,9,3,0,0.136752
834,1915-12-31,4,6,0,0.13617
835,1916-01-08,7,6,0,0.135593
836,1916-01-15,9,9,1,0.139241
837,1916-01-22,2,5,0,0.138655
838,1916-01-29,2,5,0,0.138075
839,1916-02-05,8,2,0,0.1375
840,1916-02-12,6,3,0,0.136929
841,1916-02-19,2,2,1,0.140496
842,1916-02-26,4,9,0,0.139918
843,1916-03-04,5,1,0,0.139344
844,1916-03-11,4,5,0,0.138776
845,1916-03-18,5,2,0,0.138211
846,1916-03-25,3,5,0,0.137652
847,1916-04-01,5,2,0,0.137097
848,1916-04-08,8,7,0,0.136546
849,1916-04-15,5,6,0,0.136
850,1916-04-22,3,4,0,0.135458
851,1916-04-29,5,2,0,0.134921
852,1916-05-06,4,7,0,0.134387
853,1916-05-13,3,2,0,0.133858
854,1916-05-20,6,6,1,0.137255
855,1916-05-27,5,3,0,0.136719
856,1916-06-03,3,5,0,0.136187
857,1916-06-10,2,5,0,0.135659
858,1916-06-17,2,3,0,0.135135
859,1916-06-24,1,2,0,0.134615
860,1916-07-01,1,8,0,0.1341
861,1916-07-08,5,3,0,0.133588
862,1916-07-15,9,1,0,0.13308
863,1916-07-22,6,5,0,0.132576
864,1916-07-29,3,3,1,0.135849
865,1916-08-05,3,4,0,0.135338
866,1916-08-12,6,7,0,0.134831
867,1916-08-19,9,3,0,0.134328
868,1916-08-26,5,9,0,0.133829
869,1916-09-02,1,5,0,0.133333
870,1916-09-09,3,2,0,0.132841
871,1916-09-16,8,5,0,0.132353
872,1916-09-23,3,5,0,0.131868
873,1916-09-30,7,6,0,0.131387
874,1916-10-07,8,7,0,0.130909
875,1916-10-14,5,3,0,0.130435
876,1916-10-21,8,4,0,0.129964
877,1916-10-28,3,6,0,0.129496
878,1916-11-04,2,6,0,0.129032
879,1916-11-11,9,3,0,0.128571
880,1916-11-18,8,5,0,0.128114
881,1916-11-25,8,9,0,0.12766
882,1916-12-02,4,8,0,0.127208
883,1916-12-09,2,4,0,0.126761
884,1916-12-16,4,5,0,0.126316
885,1916-12-23,2,5,0,0.125874
886,1916-12-30,1,5,0,0.125436
887,1917-01-06,4,8,0,0.125
888,1917-01-13,3,7,0,0.124567
889,1917-01-20,8,6,0,0.124138
890,1917-01-27,9,5,0,0.123711
891,1917-02-03,3,6,0,0.123288
892,1917-02-10,5,4,0,0.122867
893,1917-02-17,9,7,0,0.122449
894,1917-02-24,1,5,0,0.122034
895,1917-03-03,6,4,0,0.121622
896,1917-03-10,9,5,0,0.121212
897,1917-03-17,1,9,0,0.120805
898,1917-03-24,6,4,0,0.120401
899,1917-03-31,4,5,0,0.12
900,1917-04-07,9,6,0,0.119601
901,1917-04-14,6,3,0,0.119205
902,1917-04-21,9,3,0,0.118812
903,1917-04-28,1,1,1,0.121711
904,1917-05-05,1,6,0,0.121311
905,1917-05-12,7,5,0,0.120915
906,1917-05-19,6,3,0,0.120521
907,1917-05-26,8,6,0,0.12013
908,1917-06-02,8,9,0,0.119741
909,1917-06-09,8,4,0,0.119355
910,1917-06-16,6,8,0,0.118971
911,1917-06-23,2,2,1,0.121795
912,1917-06-30,3,9,0,0.121406
913,1917-07-07,9,1,0,0.121019
914,1917-07-14,6,1,0,0.120635
915,1917-07-21,3,3,1,0.123418
916,1917-07-28,4,4,1,0.126183
917,1917-08-04,3,2,0,0.125786
918,1917-08-11,8,6,0,0.125392
919,1917-08-18,3,5,0,0.125
920,1917-08-25,1,2,0,0.124611
921,1917-09-01,2,4,0,0.124224
922,1917-09-08,2,8,0,0.123839
923,1917-09-15,8,2,0,0.123457
924,1917-09-22,6,3,0,0.123077
925,1917-09-29,7,2,0,0.122699
926,1917-10-06,6,3,0,0.122324
927,1917-10-13,8,6,0,0.121951
928,1917-10-20,9,9,1,0.12462
929,1917-10-27,1,6,0,0.124242
930,1917-11-03,1,6,0,0.123867
931,1917-11-10,4,5,0,0.123494
932,1917-11-17,1,7,0,0.123123
933,1917-11-24,5,9,0,0.122754
934,1917-12-01,2,1,0,0.122388
935,1917-12-08,1,1,1,0.125
936,1917-12-15,1,8,0,0.124629
937,1917-12-22,3,5,0,0.12426
938,1917-12-29,7,5,0,0.123894
939,1918-01-05,4,7,0,0.123529
940,1918-01-12,2,1,0,0.123167
941,1918-01-19,7,5,0,0.122807
942,1918-01-26,1,2,0,0.122449
943,1918-02-02,8,7,0,0.122093
944,1918-02-09,1,3,0,0.121739
945,1918-02-16,6,7,0,0.121387
946,1918-02-23,7,5,0,0.121037
947,1918-03-02,3,6,0,0.12069
948,1918-03-09,8,9,0,0.120344
949,1918-03-16,5,5,1,0.122857
950,1918-03-23,6,4,0,0.122507
951,1918-03-30,6,1,0,0.122159
952,1918-04-06,4,4,1,0.124646
953,1918-04-13,3,6,0,0.124294
954,1918-04-20,1,6,0,0.123944
955,1918-04-27,8,4,0,0.123596
956,1918-05-04,8,1,0,0.123249
957,1918-05-11,6,8,0,0.122905
958,1918-05-18,9,2,0,0.122563
959,1918-05-25,1,1,1,0.125
960,1918-06-01,6,6,1,0.127424
961,1918-06-08,7,7,1,0.129834
962,1918-06-15,6,3,0,0.129477
963,1918-06-22,4,8,0,0.129121
964,1918-06-29,2,6,0,0.128767
965,1918-07-06,4,5,0,0.128415
966,1918-07-13,6,5,0,0.128065
967,1918-07-20,2,4,0,0.127717
968,1918-07-27,5,9,0,0.127371
969,1918-08-03,8,1,0,0.127027
970,1918-08-10,8,6,0,0.126685
971,1918-08-17,2,8,0,0.126344
972,1918-08-24,4,5,0,0.126005
973,1918-08-31,4,5,0,0.125668
974,1918-09-07,5,3,0,0.125333
975,1918-09-14,3,5,0,0.125
976,1918-09-21,7,2,0,0.124668
977,1918-09-28,4,7,0,0.124339
978,1918-10-05,3,2,0,0.124011
979,1918-10-12,4,6,0,0.123684
980,1918-10-19,9,2,0,0.12336
981,1918-10-26,7,3,0,0.123037
982,1918-11-02,6,4,0,0.122715
983,1918-11-09,5,8,0,0.122396
984,1918-11-16,8,5,0,0.122078
985,1918-11-23,2,8,0,0.121762
986,1918-11-30,2,5,0,0.121447
987,1918-12-07,5,8,0,0.121134
988,1918-12-14,5,1,0,0.120823
989,1918-12-21,4,8,0,0.120513
990,1918-12-28,5,2,0,0.120205
991,1919-01-04,3,5,0,0.119898
992,1919-01-11,7,2,0,0.119593
993,1919-01-18,5,7,0,0.119289
994,1919-01-25,4,3,0,0.118987
995,1919-02-01,4,5,0,0.118687
996,1919-02-08,5,3,0,0.118388
997,1919-02-15,6,3,0,0.11809
998,1919-02-22,8,1,0,0.117794
999,1919-03-01,4,9,0,0.1175
1000,1919-03-08,8,4,0,0.117207
1001,1919-03-15,5,9,0,0.116915
1002,1919-03-22,7,4,0,0.116625
1003,1919-03-29,7,6,0,0.116337
1004,1919-04-05,4,3,0,0.116049
1005,1919-04-12,8,2,0,0.115764
1006,1919-04-19,6,9,0,0.115479
1007,1919-04-26,4,2,0,0.115196
1008,1919-05-03,6,6,1,0.117359
1009,1919-05-10,4,4,1,0.119512
1010,1919-05-17,1,6,0,0.119221
1011,1919-05-24,4,9,0,0.118932
1012,1919-05-31,9,7,0,0.118644
1013,1919-06-07,7,3,0,0.118357
1014,1919-06-14,7,4,0,0.118072
1015,1919-06-21,5,3,0,0.117788
1016,1919-06-28,8,4,0,0.117506
1017,1919-07-05,7,8,0,0.117225
1018,1919-07-12,5,6,0,0.116945
1019,1919-07-19,5,4,0,0.116667
1020,1919-07-26,2,8,0,0.11639
1021,1919-08-02,7,1,0,0.116114
1022,1919-08-09,1,2,0,0.115839
1023,1919-08-16,3,7,0,0.115566
1024,1919-08-23,3,5,0,0.115294
1025,1919-08-30,7,7,1,0.117371
1026,1919-09-06,1,7,0,0.117096
1027,1919-09-13,8,7,0,0.116822
1028,1919-09-20,1,1,1,0.118881
1029,1919-09-27,9,7,0,0.118605
1030,1919-10-04,7,1,0,0.118329
1031,1919-10-11,7,4,0,0.118056
1032,1919-10-18,6,3,0,0.117783
1033,1919-10-25,2,8,0,0.117512
1034,1919-10-31,3,9,0,0.117241
1035,1919-11-08,9,1,0,0.116972
1036,1919-11-15,9,1,0,0.116705
1037,1919-11-22,6,9,0,0.116438
1038,1919-11-29,6,3,0,0.116173
1039,1919-12-06,4,4,1,0.118182
1040,1919-12-13,6,6,1,0.120181
1041,1919-12-20,2,4,0,0.11991
1042,1919-12-27,2,9,0,0.119639
1043,1920-01-03,7,8,0,0.119369
1044,1920-01-10,7,1,0,0.119101
1045,1920-01-17,7,6,0,0.118834
1046,1920-01-24,1,6,0,0.118568
1047,1920-01-31,5,8,0,0.118304
1048,1920-02-07,4,1,0,0.11804
1049,1920-02-14,3,5,0,0.117778
1050,1920-02-21,2,6,0,0.117517
1051,1920-02-28,9,3,0,0.117257
1052,1920-03-06,5,5,1,0.119205
1053,1920-03-13,9,5,0,0.118943
1054,1920-03-20,9,1,0,0.118681
1055,1920-03-27,6,6,1,0.120614
1056,1920-04-03,4,3,0,0.12035
1057,1920-04-10,4,6,0,0.120087
1058,1920-04-17,9,3,0,0.119826
1059,1920-04-24,9,3,0,0.119565
1060,1920-05-01,2,6,0,0.119306
1061,1920-05-08,5,5,1,0.121212
1062,1920-05-15,7,1,0,0.12095
1063,1920-05-22,8,6,0,0.12069
1064,1920-05-29,2,5,0,0.12043
1065,1920-06-05,5,5,1,0.122318
1066,1920-06-12,6,1,0,0.122056
1067,1920-06-19,8,1,0,0.121795
1068,1920-06-26,9,9,1,0.123667
1069,1920-07-03,9,1,0,0.123404
1070,1920-07-10,9,6,0,0.123142
1071,1920-07-17,7,6,0,0.122881
1072,1920-07-24,2,4,0,0.122622
1073,1920-07-31,9,7,0,0.122363
1074,1920-08-07,2,5,0,0.122105
1075,1920-08-14,1,5,0,0.121849
1076,1920-08-21,4,1,0,0.121593
1077,1920-08-28,4,7,0,0.121339
1078,1920-09-04,7,3,0,0.121086
1079,1920-09-11,7,9,0,0.120833
1080,1920-09-18,6,6,1,0.122661
1081,1920-09-25,8,8,1,0.124481
1082,1920-10-02,8,9,0,0.124224
1083,1920-10-09,4,8,0,0.123967
1084,1920-10-16,1,4,0,0.123711
1085,1920-10-23,6,9,0,0.123457
1086,1920-10-30,6,7,0,0.123203
1087,1920-11-06,7,4,0,0.122951
1088,1920-11-13,1,6,0,0.122699
1089,1920-11-20,7,8,0,0.122449
1090,1920-11-27,1,3,0,0.1222
1091,1920-12-04,7,7,1,0.123984
1092,1920-12-11,7,3,0,0.123732
1093,1920-12-18,2,6,0,0.123482
1094,1920-12-25,4,7,0,0.123232
1095,1920-12-31,1,5,0,0.122984
1096,1921-01-08,2,9,0,0.122736
1097,1921-01-15,5,8,0,0.12249
1098,1921-01-22,6,1,0,0.122244
1099,1921-01-29,5,1,0,0.122
1100,1921-02-05,3,5,0,0.121756
1101,1921-02-12,4,7,0,0.121514
1102,1921-02-19,7,2,0,0.121272
1103,1921-02-26,1,9,0,0.121032
1104,1921-03-05,5,7,0,0.120792
1105,1921-03-12,9,1,0,0.120553
1106,1921-03-19,8,1,0,0.120316
1107,1921-03-26,7,8,0,0.120079
1108,1921-04-02,2,6,0,0.119843
1109,1921-04-09,1,7,0,0.119608
1110,1921-04-16,2,1,0,0.119374
1111,1921-04-23,3,8,0,0.119141
1112,1921-04-30,1,1,1,0.120858
1113,1921-05-07,6,4,0,0.120623
1114,1921-05-14,3,7,0,0.120388
1115,1921-05-21,6,4,0,0.120155
1116,1921-05-28,4,3,0,0.119923
1117,1921-06-04,8,6,0,0.119691
1118,1921-06-11,6,6,1,0.121387
1119,1921-06-18,3,2,0,0.121154
1120,1921-06-25,8,4,0,0.120921
1121,1921-07-02,7,5,0,0.12069
1122,1921-07-09,2,6,0,0.120459
1123,1921-07-16,7,7,1,0.122137
1124,1921-07-23,1,1,1,0.12381
1125,1921-07-30,7,7,1,0.125475
1126,1921-08-06,5,3,0,0.125237
1127,1921-08-13,8,4,0,0.125
1128,1921-08-20,1,8,0,0.124764
1129,1921-08-27,1,9,0,0.124528
1130,1921-09-03,6,3,0,0.124294
1131,1921-09-10,8,7,0,0.12406
1132,1921-09-17,8,9,0,0.123827
1133,1921-09-24,6,4,0,0.123596
1134,1921-10-01,1,2,0,0.123364
1135,1921-10-08,8,2,0,0.123134
1136,1921-10-15,9,1,0,0.122905
1137,1921-10-22,8,1,0,0.122677
1138,1921-10-29,2,8,0,0.122449
1139,1921-11-05,4,5,0,0.122222
1140,1921-11-12,7,1,0,0.121996
1141,1921-11-19,9,9,1,0.123616
1142,1921-11-26,2,5,0,0.123389
1143,1921-12-03,3,5,0,0.123162
1144,1921-12-10,2,1,0,0.122936
1145,1921-12-17,4,9,0,0.122711
1146,1921-12-24,2,1,0,0.122486
1147,1921-12-31,4,5,0,0.122263
1148,1922-01-07,8,2,0,0.12204
1149,1922-01-14,4,6,0,0.121818
1150,1922-01-21,1,4,0,0.121597
1151,1922-01-28,8,9,0,0.121377
1152,1922-02-04,1,1,1,0.122966
1153,1922-02-11,4,9,0,0.122744
1154,1922-02-18,6,4,0,0.122523
1155,1922-02-25,9,4,0,0.122302
1156,1922-03-04,7,1,0,0.122083
1157,1922-03-11,2,2,1,0.123656
1158,1922-03-18,2,7,0,0.123435
1159,1922-03-25,2,8,0,0.123214
1160,1922-04-01,7,2,0,0.122995
1161,1922-04-08,2,1,0,0.122776
1162,1922-04-15,9,7,0,0.122558
1163,1922-04-22,2,5,0,0.12234
1164,1922-04-29,1,5,0,0.122124
1165,1922-05-06,7,1,0,0.121908
1166,1922-05-13,2,3,0,0.121693
1167,1922-05-20,2,7,0,0.121479
1168,1922-05-27,6,2,0,0.121265
1169,1922-06-03,6,8,0,0.121053
1170,1922-06-10,9,4,0,0.120841
1171,1922-06-17,9,1,0,0.120629
1172,1922-06-24,1,6,0,0.120419
1173,1922-07-01,2,6,0,0.120209
1174,1922-07-08,5,8,0,0.12
1175,1922-07-15,4,1,0,0.119792
1176,1922-07-22,3,3,1,0.121317
1177,1922-07-29,1,6,0,0.121107
1178,1922-08-05,8,4,0,0.120898
1179,1922-08-12,8,1,0,0.12069
1180,1922-08-19,6,4,0,0.120482
1181,1922-08-26,8,2,0,0.120275
1182,1922-09-02,6,9,0,0.120069
1183,1922-09-09,5,2,0,0.119863
1184,1922-09-16,9,5,0,0.119658
1185,1922-09-23,8,1,0,0.119454
1186,1922-09-30,5,8,0,0.11925
1187,1922-10-07,5,4,0,0.119048
1188,1922-10-14,4,8,0,0.118846
1189,1922-10-21,1,3,0,0.118644
1190,1922-10-28,1,9,0,0.118443
1191,1922-11-04,3,3,1,0.119932
1192,1922-11-11,7,5,0,0.11973
1193,1922-11-18,4,7,0,0.119529
1194,1922-11-25,5,2,0,0.119328
1195,1922-12-02,7,3,0,0.119128
1196,1922-12-09,6,6,1,0.120603
1197,1922-12-16,9,8,0,0.120401
1198,1922-12-23,2,1,0,0.1202
1199,1922-12-30,8,5,0,0.12
1200,1923-01-06,8,3,0,0.1198
1201,1923-01-13,7,4,0,0.119601
1202,1923-01-20,5,2,0,0.119403
1203,1923-01-27,9,4,0,0.119205
1204,1923-02-03,3,1,0,0.119008
1205,1923-02-10,3,4,0,0.118812
1206,1923-02-17,5,7,0,0.118616
1207,1923-02-24,1,7,0,0.118421
1208,1923-03-03,4,2,0,0.118227
1209,1923-03-10,3,4,0,0.118033
1210,1923-03-17,4,6,0,0.11784
1211,1923-03-24,1,2,0,0.117647
1212,1923-03-31,3,9,0,0.117455
1213,1923-04-07,6,5,0,0.117264
1214,1923-04-14,6,3,0,0.117073
1215,1923-04-21,1,4,0,0.116883
1216,1923-04-28,2,2,1,0.118314
1217,1923-05-05,4,8,0,0.118123
1218,1923-05-12,7,2,0,0.117932
1219,1923-05-19,8,9,0,0.117742
1220,1923-05-26,3,5,0,0.117552
1221,1923-06-02,5,1,0,0.117363
1222,1923-06-09,6,7,0,0.117175
1223,1923-06-16,4,1,0,0.116987
1224,1923-06-23,1,6,0,0.1168
1225,1923-06-30,9,9,1,0.118211
1226,1923-07-07,4,1,0,0.118022
1227,1923-07-14,4,6,0,0.117834
1228,1923-07-21,5,3,0,0.117647
1229,1923-07-28,6,3,0,0.11746
1230,1923-08-04,8,1,0,0.117274
1231,1923-08-11,3,9,0,0.117089
1232,1923-08-18,5,1,0,0.116904
1233,1923-08-25,8,7,0,0.116719
1234,1923-09-01,1,8,0,0.116535
1235,1923-09-08,9,9,1,0.117925
1236,1923-09-15,4,1,0,0.117739
1237,1923-09-22,9,6,0,0.117555
1238,1923-09-29,4,3,0,0.117371
1239,1923-10-06,4,6,0,0.117188
1240,1923-10-13,6,3,0,0.117005
1241,1923-10-20,6,4,0,0.116822
1242,1923-10-27,1,4,0,0.116641
1243,1923-11-03,8,2,0,0.11646
1244,1923-11-10,5,1,0,0.116279
1245,1923-11-17,8,4,0,0.116099
1246,1923-11-24,6,8,0,0.11592
1247,1923-12-01,8,2,0,0.115741
1248,1923-12-08,8,9,0,0.115562
1249,1923-12-15,1,4,0,0.115385
1250,1923-12-22,3,9,0,0.115207
1251,1923-12-29,8,5,0,0.115031
1252,1924-01-05,9,5,0,0.114855
1253,1924-01-12,3,1,0,0.114679
1254,1924-01-19,3,4,0,0.114504
1255,1924-01-26,8,7,0,0.114329
1256,1924-02-02,9,5,0,0.114155
1257,1924-02-09,3,1,0,0.113982
1258,1924-02-16,5,3,0,0.113809
1259,1924-02-23,2,8,0,0.113636
1260,1924-03-01,5,1,0,0.113464
1261,1924-03-08,7,1,0,0.113293
1262,1924-03-15,6,6,1,0.11463
1263,1924-03-22,5,8,0,0.114458
1264,1924-03-29,6,5,0,0.114286
1265,1924-04-05,6,1,0,0.114114
1266,1924-04-12,8,4,0,0.113943
1267,1924-04-19,9,9,1,0.115269
1268,1924-04-26,9,1,0,0.115097
1269,1924-05-03,9,6,0,0.114925
1270,1924-05-10,2,9,0,0.114754
1271,1924-05-17,1,5,0,0.114583
1272,1924-05-24,9,1,0,0.114413
1273,1924-05-31,4,1,0,0.114243
1274,1924-06-07,9,6,0,0.114074
1275,1924-06-14,4,3,0,0.113905
1276,1924-06-21,2,9,0,0.113737
1277,1924-06-28,1,5,0,0.113569
1278,1924-07-05,2,1,0,0.113402
1279,1924-07-12,8,8,1,0.114706
1280,1924-07-19,1,3,0,0.114537
1281,1924-07-26,1,9,0,0.11437
1282,1924-08-02,6,3,0,0.114202
1283,1924-08-09,1,7,0,0.114035
1284,1924-08-16,6,2,0,0.113869
1285,1924-08-23,7,7,1,0.11516
1286,1924-08-30,2,6,0,0.114993
1287,1924-09-06,3,7,0,0.114826
1288,1924-09-13,3,1,0,0.114659
1289,1924-09-20,9,7,0,0.114493
1290,1924-09-27,1,9,0,0.114327
1291,1924-10-04,1,6,0,0.114162
1292,1924-10-11,4,3,0,0.113997
1293,1924-10-18,1,3,0,0.113833
1294,1924-10-25,5,9,0,0.113669
1295,1924-10-31,6,1,0,0.113506
1296,1924-11-08,4,1,0,0.113343
1297,1924-11-15,7,6,0,0.113181
1298,1924-11-22,2,9,0,0.113019
1299,1924-11-29,2,7,0,0.112857
1300,1924-12-06,2,2,1,0.114123
1301,1924-12-13,4,2,0,0.11396
1302,1924-12-20,4,2,0,0.113798
1303,1924-12-27,9,3,0,0.113636
1304,1925-01-03,6,4,0,0.113475
1305,1925-01-10,7,3,0,0.113314
1306,1925-01-17,7,6,0,0.113154
1307,1925-01-24,9,6,0,0.112994
1308,1925-01-31,7,2,0,0.112835
1309,1925-02-07,8,2,0,0.112676
1310,1925-02-14,3,3,1,0.113924
1311,1925-02-21,1,5,0,0.113764
1312,1925-02-28,6,4,0,0.113604
1313,1925-03-07,4,7,0,0.113445
1314,1925-03-14,9,6,0,0.113287
1315,1925-03-21,3,6,0,0.113128
1316,1925-03-28,2,3,0,0.112971
1317,1925-04-04,1,9,0,0.112813
1318,1925-04-11,3,2,0,0.112656
1319,1925-04-18,1,5,0,0.1125
1320,1925-04-25,3,4,0,0.112344
1321,1925-05-02,9,5,0,0.112188
1322,1925-05-09,5,1,0,0.112033
1323,1925-05-16,8,9,0,0.111878
1324,1925-05-23,3,6,0,0.111724
1325,1925-05-30,9,1,0,0.11157
1326,1925-06-06,3,1,0,0.111417
1327,1925-06-13,2,3,0,0.111264
1328,1925-06-20,3,9,0,0.111111
1329,1925-06-27,3,1,0,0.110959
1330,1925-07-04,2,7,0,0.110807
1331,1925-07-11,5,3,0,0.110656
1332,1925-07-18,3,1,0,0.110505
1333,1925-07-25,7,7,1,0.111717
1334,1925-08-01,2,7,0,0.111565
1335,1925-08-08,1,2,0,0.111413
1336,1925-08-15,9,2,0,0.111262
1337,1925-08-22,5,1,0,0.111111
1338,1925-08-29,3,9,0,0.110961
1339,1925-09-05,7,7,1,0.112162
1340,1925-09-12,7,7,1,0.11336
1341,1925-09-19,2,6,0,0.113208
1342,1925-09-26,5,2,0,0.113055
1343,1925-10-03,9,1,0,0.112903
1344,1925-10-10,2,1,0,0.112752
1345,1925-10-17,3,5,0,0.112601
1346,1925-10-24,2,1,0,0.11245
1347,1925-10-31,1,3,0,0.112299
1348,1925-11-07,4,2,0,0.11215
1349,1925-11-14,3,3,1,0.113333
1350,1925-11-21,1,6,0,0.113182
1351,1925-11-28,3,4,0,0.113032
1352,1925-12-05,5,5,1,0.11421
1353,1925-12-12,6,8,0,0.114058
1354,1925-12-19,7,4,0,0.113907
1355,1925-12-26,3,6,0,0.113757
1356,1926-01-02,3,9,0,0.113606
1357,1926-01-09,4,7,0,0.113456
1358,1926-01-16,8,1,0,0.113307
1359,1926-01-23,3,6,0,0.113158
1360,1926-01-30,8,1,0,0.113009
1361,1926-02-06,2,5,0,0.112861
1362,1926-02-13,7,5,0,0.112713
1363,1926-02-20,5,1,0,0.112565
1364,1926-02-27,6,4,0,0.112418
1365,1926-03-06,8,4,0,0.112272
1366,1926-03-13,4,9,0,0.112125
1367,1926-03-20,6,1,0,0.111979
1368,1926-03-27,2,4,0,0.111834
1369,1926-04-03,4,9,0,0.111688
1370,1926-04-10,6,2,0,0.111543
1371,1926-04-17,1,4,0,0.111399
1372,1926-04-24,4,2,0,0.111255
1373,1926-05-01,7,3,0,0.111111
1374,1926-05-08,9,9,1,0.112258
1375,1926-05-15,6,2,0,0.112113
1376,1926-05-22,4,3,0,0.111969
1377,1926-05-29,8,6,0,0.111825
1378,1926-06-05,2,6,0,0.111682
1379,1926-06-12,6,5,0,0.111538
1380,1926-06-19,8,6,0,0.111396
1381,1926-06-26,6,9,0,0.111253
1382,1926-07-03,4,2,0,0.111111
1383,1926-07-10,6,6,1,0.112245
1384,1926-07-17,9,4,0,0.112102
1385,1926-07-24,5,1,0,0.111959
1386,1926-07-31,6,9,0,0.111817
1387,1926-08-07,8,8,1,0.112944
1388,1926-08-14,5,9,0,0.112801
1389,1926-08-21,8,8,1,0.113924
1390,1926-08-28,9,6,0,0.11378
1391,1926-09-04,8,9,0,0.113636
1392,1926-09-11,7,8,0,0.113493
1393,1926-09-18,3,5,0,0.11335
1394,1926-09-25,7,9,0,0.113208
1395,1926-10-02,7,7,1,0.114322
1396,1926-10-09,3,6,0,0.114178
1397,1926-10-16,3,9,0,0.114035
1398,1926-10-23,6,7,0,0.113892
1399,1926-10-30,4,3,0,0.11375
1400,1926-11-06,7,6,0,0.113608
1401,1926-11-13,2,9,0,0.113466
1402,1926-11-20,3,2,0,0.113325
1403,1926-11-27,8,1,0,0.113184
1404,1926-12-04,2,5,0,0.113043
1405,1926-12-11,9,5,0,0.112903
1406,1926-12-18,1,5,0,0.112763
1407,1926-12-25,3,6,0,0.112624
1408,1926-12-31,6,5,0,0.112485
1409,1927-01-08,2,3,0,0.112346
1410,1927-01-15,7,9,0,0.112207
1411,1927-01-22,8,1,0,0.112069
1412,1927-01-29,1,3,0,0.111931
1413,1927-02-05,3,9,0,0.111794
1414,1927-02-12,1,5,0,0.111656
1415,1927-02-19,1,4,0,0.11152
1416,1927-02-26,2,3,0,0.111383
1417,1927-03-05,6,8,0,0.111247
1418,1927-03-12,5,8,0,0.111111
1419,1927-03-19,8,5,0,0.110976
1420,1927-03-26,1,6,0,0.11084
1421,1927-04-02,3,9,0,0.110706
1422,1927-04-09,6,5,0,0.110571
1423,1927-04-16,6,3,0,0.110437
1424,1927-04-23,8,4,0,0.110303
1425,1927-04-30,6,9,0,0.110169
1426,1927-05-07,2,2,1,0.111245
1427,1927-05-14,1,9,0,0.111111
1428,1927-05-21,8,2,0,0.110977
1429,1927-05-28,6,1,0,0.110843
1430,1927-06-04,2,2,1,0.111913
1431,1927-06-11,2,9,0,0.111779
1432,1927-06-18,6,2,0,0.111645
1433,1927-06-25,9,8,0,0.111511
1434,1927-07-02,3,1,0,0.111377
1435,1927-07-09,3,2,0,0.111244
1436,1927-07-16,5,7,0,0.111111
1437,1927-07-23,2,8,0,0.110979
1438,1927-07-30,3,1,0,0.110846
1439,1927-08-06,5,1,0,0.110714
1440,1927-08-13,5,8,0,0.110583
1441,1927-08-20,5,8,0,0.110451
1442,1927-08-27,1,5,0,0.11032
1443,1927-09-03,9,2,0,0.11019
1444,1927-09-10,9,1,0,0.110059
1445,1927-09-17,7,9,0,0.109929
1446,1927-09-24,8,2,0,0.109799
1447,1927-10-01,9,3,0,0.10967
1448,1927-10-08,8,9,0,0.109541
1449,1927-10-15,7,8,0,0.109412
1450,1927-10-22,6,5,0,0.109283
1451,1927-10-29,5,8,0,0.109155
1452,1927-11-05,6,5,0,0.109027
1453,1927-11-12,9,8,0,0.108899
1454,1927-11-19,5,1,0,0.108772
1455,1927-11-26,6,9,0,0.108645
1456,1927-12-03,8,8,1,0.109685
1457,1927-12-10,9,9,1,0.110723
1458,1927-12-17,4,9,0,0.110594
1459,1927-12-24,8,9,0,0.110465
1460,1927-12-31,6,6,1,0.111498
1461,1928-01-07,3,2,0,0.111369
1462,1928-01-14,5,4,0,0.11124
1463,1928-01-21,5,8,0,0.111111
1464,1928-01-28,3,5,0,0.110983
1465,1928-02-04,2,7,0,0.110855
1466,1928-02-11,5,3,0,0.110727
1467,1928-02-18,1,1,1,0.111751
1468,1928-02-25,7,2,0,0.111623
1469,1928-03-03,1,3,0,0.111494
1470,1928-03-10,1,7,0,0.111366
1471,1928-03-17,7,3,0,0.111239
1472,1928-03-24,4,3,0,0.111111
1473,1928-03-31,8,2,0,0.110984
1474,1928-04-07,1,6,0,0.110857
1475,1928-04-14,8,9,0,0.110731
1476,1928-04-21,6,1,0,0.110604
1477,1928-04-28,8,2,0,0.110478
1478,1928-05-05,5,9,0,0.110353
1479,1928-05-12,5,8,0,0.110227
1480,1928-05-19,4,5,0,0.110102
1481,1928-05-26,4,3,0,0.109977
1482,1928-06-02,6,3,0,0.109853
1483,1928-06-09,4,4,1,0.11086
1484,1928-06-16,5,6,0,0.110734
1485,1928-06-23,7,6,0,0.110609
1486,1928-06-30,7,6,0,0.110485
1487,1928-07-07,3,6,0,0.11036
1488,1928-07-14,2,9,0,0.110236
1489,1928-07-21,4,5,0,0.110112
1490,1928-07-28,3,2,0,0.109989
1491,1928-08-04,5,1,0,0.109865
1492,1928-08-11,8,8,1,0.110862
1493,1928-08-18,9,6,0,0.110738
1494,1928-08-25,5,9,0,0.110615
1495,1928-09-01,7,9,0,0.110491
1496,1928-09-08,7,6,0,0.110368
1497,1928-09-15,7,3,0,0.110245
1498,1928-09-22,4,3,0,0.110122
1499,1928-09-29,2,2,1,0.111111
1500,1928-10-06,8,5,0,0.110988
1501,1928-10-13,8,3,0,0.110865
1502,1928-10-20,5,4,0,0.110742
1503,1928-10-27,4,8,0,0.110619
1504,1928-11-03,2,3,0,0.110497
1505,1928-11-10,3,5,0,0.110375
1506,1928-11-17,2,1,0,0.110254
1507,1928-11-24,6,5,0,0.110132
1508,1928-12-01,4,8,0,0.110011
1509,1928-12-08,6,6,1,0.110989
1510,1928-12-15,8,4,0,0.110867
1511,1928-12-22,1,9,0,0.110746
1512,1928-12-29,4,9,0,0.110624
1513,1929-01-05,6,3,0,0.110503
1514,1929-01-12,1,4,0,0.110383
1515,1929-01-19,7,2,0,0.110262
1516,1929-01-26,2,3,0,0.110142
1517,1929-02-02,1,2,0,0.110022
1518,1929-02-09,7,2,0,0.109902
1519,1929-02-16,5,3,0,0.109783
1520,1929-02-23,4,4,1,0.110749
1521,1929-03-02,5,3,0,0.110629
1522,1929-03-09,3,6,0,0.110509
1523,1929-03-16,3,7,0,0.11039
1524,1929-03-23,4,5,0,0.11027
1525,1929-03-30,2,1,0,0.110151
1526,1929-04-06,5,5,1,0.111111
1527,1929-04-13,3,1,0,0.110991
1528,1929-04-20,1,7,0,0.110872
1529,1929-04-27,2,4,0,0.110753
1530,1929-05-04,5,8,0,0.110634
1531,1929-05-11,1,1,1,0.111588
1532,1929-05-18,4,2,0,0.111468
1533,1929-05-25,8,3,0,0.111349
1534,1929-06-01,6,6,1,0.112299
1535,1929-06-08,1,2,0,0.112179
1536,1929-06-15,9,2,0,0.11206
1537,1929-06-22,7,1,0,0.11194
1538,1929-06-29,9,2,0,0.111821
1539,1929-07-06,3,2,0,0.111702
1540,1929-07-13,7,3,0,0.111583
1541,1929-07-20,8,7,0,0.111465
1542,1929-07-27,7,3,0,0.111347
1543,1929-08-03,4,6,0,0.111229
1544,1929-08-10,6,2,0,0.111111
1545,1929-08-17,7,4,0,0.110994
1546,1929-08-24,2,3,0,0.110876
1547,1929-08-31,4,2,0,0.110759
1548,1929-09-07,6,2,0,0.110643
1549,1929-09-14,6,4,0,0.110526
1550,1929-09-21,8,4,0,0.11041
1551,1929-09-28,4,9,0,0.110294
1552,1929-10-05,4,1,0,0.110178
1553,1929-10-12,9,3,0,0.110063
1554,1929-10-19,3,3,1,0.110995
1555,1929-10-26,9,3,0,0.110879
1556,1929-11-02,4,1,0,0.110763
1557,1929-11-09,3,9,0,0.110647
1558,1929-11-16,3,1,0,0.110532
1559,1929-11-23,2,4,0,0.110417
1560,1929-11-30,4,5,0,0.110302
1561,1929-12-07,5,2,0,0.110187
1562,1929-12-14,9,3,0,0.110073
1563,1929-12-21,3,2,0,0.109959
1564,1929-12-28,5,3,0,0.109845
1565,1930-01-04,7,8,0,0.109731
1566,1930-01-11,8,6,0,0.109617
1567,1930-01-18,2,3,0,0.109504
1568,1930-01-25,8,5,0,0.109391
1569,1930-02-01,8,3,0,0.109278
1570,1930-02-08,9,4,0,0.109166
1571,1930-02-15,8,9,0,0.109053
1572,1930-02-22,8,8,1,0.109969
1573,1930-03-01,9,4,0,0.109856
1574,1930-03-08,3,9,0,0.109744
1575,1930-03-15,5,3,0,0.109631
1576,1930-03-22,5,8,0,0.109519
1577,1930-03-29,9,4,0,0.109407
1578,1930-04-05,6,2,0,0.109295
1579,1930-04-12,1,3,0,0.109184
1580,1930-04-19,4,2,0,0.109072
1581,1930-04-26,9,3,0,0.108961
1582,1930-05-03,6,3,0,0.10885
1583,1930-05-10,4,3,0,0.10874
1584,1930-05-17,5,6,0,0.108629
1585,1930-05-24,9,3,0,0.108519
1586,1930-05-31,6,2,0,0.108409
1587,1930-06-07,3,4,0,0.1083
1588,1930-06-14,8,4,0,0.10819
1589,1930-06-21,7,2,0,0.108081
1590,1930-06-28,4,6,0,0.107972
1591,1930-07-05,6,2,0,0.107863
1592,1930-07-12,6,4,0,0.107754
1593,1930-07-19,3,4,0,0.107646
1594,1930-07-26,3,4,0,0.107538
1595,1930-08-02,3,4,0,0.10743
1596,1930-08-09,2,4,0,0.107322
1597,1930-08-16,2,5,0,0.107214
1598,1930-08-23,6,2,0,0.107107
1599,1930-08-30,8,8,1,0.108
1600,1930-09-06,7,9,0,0.107892
1601,1930-09-13,6,6,1,0.108782
1602,1930-09-20,9,8,0,0.108674
1603,1930-09-27,2,1,0,0.108566
1604,1930-10-04,6,3,0,0.108458
1605,1930-10-11,5,8,0,0.10835
1606,1930-10-18,6,5,0,0.108242
1607,1930-10-25,8,8,1,0.109127
1608,1930-10-31,8,9,0,0.109019
1609,1930-11-08,3,4,0,0.108911
1610,1930-11-15,5,1,0,0.108803
1611,1930-11-22,6,8,0,0.108696
1612,1930-11-29,3,8,0,0.108588
1613,1930-12-06,6,4,0,0.108481
1614,1930-12-13,8,3,0,0.108374
1615,1930-12-20,3,9,0,0.108268
1616,1930-12-27,2,5,0,0.108161
1617,1931-01-03,9,5,0,0.108055
1618,1931-01-10,8,5,0,0.107949
1619,1931-01-17,7,8,0,0.107843
1620,1931-01-24,4,6,0,0.107738
1621,1931-01-31,8,2,0,0.107632
1622,1931-02-07,3,6,0,0.107527
1623,1931-02-14,4,5,0,0.107422
1624,1931-02-21,4,2,0,0.107317
1625,1931-02-28,3,3,1,0.108187
1626,1931-03-07,4,1,0,0.108082
1627,1931-03-14,5,2,0,0.107977
1628,1931-03-21,7,3,0,0.107872
1629,1931-03-28,6,6,1,0.108738
1630,1931-04-04,2,8,0,0.108632
1631,1931-04-11,3,2,0,0.108527
1632,1931-04-18,2,1,0,0.108422
1633,1931-04-25,4,5,0,0.108317
1634,1931-05-02,7,5,0,0.108213
1635,1931-05-09,1,9,0,0.108108
1636,1931-05-16,6,7,0,0.108004
1637,1931-05-23,5,7,0,0.1079
1638,1931-05-30,4,6,0,0.107796
1639,1931-06-06,6,3,0,0.107692
1640,1931-06-13,3,4,0,0.107589
1641,1931-06-20,9,4,0,0.107486
1642,1931-06-27,6,1,0,0.107383
1643,1931-07-04,4,3,0,0.10728
1644,1931-07-11,8,6,0,0.107177
1645,1931-07-18,4,6,0,0.107075
1646,1931-07-25,3,4,0,0.106972
1647,1931-08-01,5,1,0,0.10687
1648,1931-08-08,1,8,0,0.106768
1649,1931-08-15,3,2,0,0.106667
1650,1931-08-22,7,5,0,0.106565
1651,1931-08-29,6,7,0,0.106464
1652,1931-09-05,2,8,0,0.106363
1653,1931-09-12,6,2,0,0.106262
1654,1931-09-19,9,8,0,0.106161
1655,1931-09-26,3,1,0,0.106061
1656,1931-10-03,9,3,0,0.10596
1657,1931-10-10,7,1,0,0.10586
1658,1931-10-17,8,2,0,0.10576
1659,1931-10-24,3,3,1,0.106604
1660,1931-10-31,6,5,0,0.106503
1661,1931-11-07,3,3,1,0.107345
1662,1931-11-14,8,4,0,0.107244
1663,1931-11-21,8,2,0,0.107143
1664,1931-11-28,4,4,1,0.107981
1665,1931-12-05,8,4,0,0.10788
1666,1931-12-12,8,6,0,0.107779
1667,1931-12-19,5,4,0,0.107678
1668,1931-12-26,1,8,0,0.107577
1669,1932-01-02,4,2,0,0.107477
1670,1932-01-09,2,3,0,0.107376
1671,1932-01-16,6,5,0,0.107276
1672,1932-01-23,2,8,0,0.107176
1673,1932-01-30,2,2,1,0.108007
1674,1932-02-06,4,2,0,0.107907
1675,1932-02-13,8,7,0,0.107807
1676,1932-02-20,4,6,0,0.107707
1677,1932-02-27,5,4,0,0.107607
1678,1932-03-05,9,3,0,0.107507
1679,1932-03-12,5,6,0,0.107407
1680,1932-03-19,1,9,0,0.107308
1681,1932-03-26,9,2,0,0.107209
1682,1932-04-02,8,7,0,0.10711
1683,1932-04-09,6,8,0,0.107011
1684,1932-04-16,5,2,0,0.106912
1685,1932-04-23,6,6,1,0.107735
1686,1932-04-30,1,8,0,0.107636
1687,1932-05-07,7,2,0,0.107537
1688,1932-05-14,3,3,1,0.108356
1689,1932-05-21,5,9,0,0.108257
1690,1932-05-28,7,8,0,0.108158
1691,1932-06-04,3,6,0,0.108059
1692,1932-06-11,6,9,0,0.10796
1693,1932-06-18,9,3,0,0.107861
1694,1932-06-25,2,1,0,0.107763
1695,1932-07-02,7,3,0,0.107664
1696,1932-07-09,3,1,0,0.107566
1697,1932-07-16,7,6,0,0.107468
1698,1932-07-23,2,7,0,0.10737
1699,1932-07-30,3,2,0,0.107273
1700,1932-08-06,9,1,0,0.107175
1701,1932-08-13,1,1,1,0.107985
1702,1932-08-20,7,6,0,0.107888
1703,1932-08-27,1,3,0,0.10779
1704,1932-09-03,8,7,0,0.107692
1705,1932-09-10,3,1,0,0.107595
1706,1932-09-17,3,5,0,0.107498
1707,1932-09-24,6,4,0,0.107401
1708,1932-10-01,2,3,0,0.107304
1709,1932-10-08,7,2,0,0.107207
1710,1932-10-15,5,1,0,0.107111
1711,1932-10-22,9,4,0,0.107014
1712,1932-10-29,2,6,0,0.106918
1713,1932-11-05,3,3,1,0.10772
1714,1932-11-12,2,1,0,0.107623
1715,1932-11-19,9,5,0,0.107527
1716,1932-11-26,7,5,0,0.107431
1717,1932-12-03,2,8,0,0.107335
1718,1932-12-10,3,2,0,0.107239
1719,1932-12-17,6,2,0,0.107143
1720,1932-12-24,7,3,0,0.107047
1721,1932-12-31,5,3,0,0.106952
1722,1933-01-07,1,4,0,0.106857
1723,1933-01-14,6,2,0,0.106762
1724,1933-01-21,9,7,0,0.106667
1725,1933-01-28,3,1,0,0.106572
1726,1933-02-04,4,9,0,0.106477
1727,1933-02-11,7,2,0,0.106383
1728,1933-02-18,2,9,0,0.106289
1729,1933-02-25,9,3,0,0.106195
1730,1933-03-04,4,5,0,0.106101
1731,1933-03-11,6,9,0,0.106007
1732,1933-03-18,5,4,0,0.105914
1733,1933-03-25,1,6,0,0.10582
1734,1933-04-01,3,2,0,0.105727
1735,1933-04-08,6,5,0,0.105634
1736,1933-04-15,7,3,0,0.105541
1737,1933-04-22,3,3,1,0.106327
1738,1933-04-29,8,6,0,0.106234
1739,1933-05-06,2,2,1,0.107018
1740,1933-05-13,9,5,0,0.106924
1741,1933-05-20,2,5,0,0.10683
1742,1933-05-27,6,3,0,0.106737
1743,1933-06-03,4,8,0,0.106643
1744,1933-06-10,2,6,0,0.10655
1745,1933-06-17,4,5,0,0.106457
1746,1933-06-24,4,7,0,0.106364
1747,1933-07-01,7,3,0,0.106272
1748,1933-07-08,4,9,0,0.106179
1749,1933-07-15,7,2,0,0.106087
1750,1933-07-22,1,9,0,0.105995
1751,1933-07-29,5,7,0,0.105903
1752,1933-08-05,9,1,0,0.105811
1753,1933-08-12,9,2,0,0.105719
1754,1933-08-19,2,9,0,0.105628
1755,1933-08-26,7,3,0,0.105536
1756,1933-09-02,4,1,0,0.105445
1757,1933-09-09,3,2,0,0.105354
1758,1933-09-16,9,1,0,0.105263
1759,1933-09-23,1,1,1,0.106034
1760,1933-09-30,2,6,0,0.105943
1761,1933-10-07,3,8,0,0.105852
1762,1933-10-14,7,2,0,0.105761
1763,1933-10-21,5,7,0,0.10567
1764,1933-10-28,9,4,0,0.105579
1765,1933-11-04,3,2,0,0.105489
1766,1933-11-11,2,9,0,0.105398
1767,1933-11-18,9,9,1,0.106164
1768,1933-11-25,1,2,0,0.106074
1769,1933-12-02,6,6,1,0.106838
1770,1933-12-09,7,7,1,0.1076
1771,1933-12-16,9,3,0,0.107509
1772,1933-12-23,9,2,0,0.107417
1773,1933-12-30,3,9,0,0.107325
1774,1934-01-06,5,2,0,0.107234
1775,1934-01-13,5,7,0,0.107143
1776,1934-01-20,1,4,0,0.107052
1777,1934-01-27,7,2,0,0.106961
1778,1934-02-03,6,3,0,0.10687
1779,1934-02-10,1,8,0,0.10678
1780,1934-02-17,3,2,0,0.106689
1781,1934-02-24,7,5,0,0.106599
1782,1934-03-03,4,7,0,0.106509
1783,1934-03-10,4,2,0,0.106419
1784,1934-03-17,2,3,0,0.106329
1785,1934-03-24,1,5,0,0.106239
1786,1934-03-31,8,2,0,0.10615
1787,1934-04-07,8,1,0,0.106061
1788,1934-04-14,2,4,0,0.105971
1789,1934-04-21,3,5,0,0.105882
1790,1934-04-28,4,2,0,0.105793
1791,1934-05-05,7,2,0,0.105705
1792,1934-05-12,5,9,0,0.105616
1793,1934-05-19,3,4,0,0.105528
1794,1934-05-26,8,7,0,0.105439
1795,1934-06-02,7,2,0,0.105351
1796,1934-06-09,9,6,0,0.105263
1797,1934-06-16,3,2,0,0.105175
1798,1934-06-23,9,5,0,0.105088
1799,1934-06-30,8,1,0,0.105
1800,1934-07-07,9,8,0,0.104913
1801,1934-07-14,7,9,0,0.104825
1802,1934-07-21,1,2,0,0.104738
1803,1934-07-28,7,7,1,0.105482
1804,1934-08-04,1,3,0,0.105394
1805,1934-08-11,7,7,1,0.106136
1806,1934-08-18,1,3,0,0.106048
1807,1934-08-25,4,7,0,0.10596
1808,1934-09-01,1,3,0,0.105873
1809,1934-09-08,9,9,1,0.106612
1810,1934-09-15,5,7,0,0.106524
1811,1934-09-22,2,9,0,0.106436
1812,1934-09-29,6,1,0,0.106348
1813,1934-10-06,2,8,0,0.10626
1814,1934-10-13,4,2,0,0.106173
1815,1934-10-20,8,7,0,0.106086
1816,1934-10-27,5,6,0,0.105998
1817,1934-11-03,7,8,0,0.105911
1818,1934-11-10,6,6,1,0.106645
1819,1934-11-17,9,8,0,0.106557
1820,1934-11-24,7,3,0,0.10647
1821,1934-12-01,9,2,0,0.106383
1822,1934-12-08,7,3,0,0.106296
1823,1934-12-15,9,2,0,0.106209
1824,1934-12-22,5,7,0,0.106122
1825,1934-12-29,7,9,0,0.106036
1826,1935-01-05,6,6,1,0.106764
1827,1935-01-12,9,9,1,0.107492
1828,1935-01-19,7,3,0,0.107404
1829,1935-01-26,2,2,1,0.10813
1830,1935-02-02,9,3,0,0.108042
1831,1935-02-09,6,2,0,0.107955
1832,1935-02-16,7,4,0,0.107867
1833,1935-02-23,3,3,1,0.10859
1834,1935-03-02,9,6,0,0.108502
1835,1935-03-09,5,1,0,0.108414
1836,1935-03-16,3,7,0,0.108327
1837,1935-03-23,7,7,1,0.109047
1838,1935-03-30,1,7,0,0.108959
1839,1935-04-06,5,7,0,0.108871
1840,1935-04-13,1,1,1,0.109589
1841,1935-04-20,8,2,0,0.109501
1842,1935-04-27,6,1,0,0.109413
1843,1935-05-04,6,2,0,0.109325
1844,1935-05-11,3,4,0,0.109237
1845,1935-05-18,8,4,0,0.109149
1846,1935-05-25,1,2,0,0.109062
1847,1935-06-01,1,9,0,0.108974
1848,1935-06-08,1,3,0,0.108887
1849,1935-06-15,7,3,0,0.1088
1850,1935-06-22,7,1,0,0.108713
1851,1935-06-29,7,3,0,0.108626
1852,1935-07-06,9,3,0,0.10854
1853,1935-07-13,2,5,0,0.108453
1854,1935-07-20,5,3,0,0.108367
1855,1935-07-27,5,1,0,0.10828
1856,1935-08-03,9,4,0,0.108194
1857,1935-08-10,8,2,0,0.108108
1858,1935-08-17,1,8,0,0.108022
1859,1935-08-24,9,9,1,0.10873
1860,1935-08-31,4,7,0,0.108644
1861,1935-09-07,8,6,0,0.108558
1862,1935-09-14,9,6,0,0.108472
1863,1935-09-21,1,9,0,0.108386
1864,1935-09-28,7,6,0,0.1083
1865,1935-10-05,7,1,0,0.108215
1866,1935-10-12,1,3,0,0.108129
1867,1935-10-19,7,7,1,0.108833
1868,1935-10-26,9,1,0,0.108747
1869,1935-11-02,4,2,0,0.108661
1870,1935-11-09,5,6,0,0.108576
1871,1935-11-16,7,3,0,0.108491
1872,1935-11-23,3,6,0,0.108405
1873,1935-11-30,7,9,0,0.10832
1874,1935-12-07,3,7,0,0.108235
1875,1935-12-14,5,9,0,0.10815
1876,1935-12-21,8,7,0,0.108066
1877,1935-12-28,9,6,0,0.107981
1878,1936-01-04,1,1,1,0.108679
1879,1936-01-11,8,6,0,0.108594
1880,1936-01-18,3,1,0,0.108509
1881,1936-01-25,5,5,1,0.109204
1882,1936-02-01,1,8,0,0.109119
1883,1936-02-08,3,2,0,0.109034
1884,1936-02-15,6,5,0,0.108949
1885,1936-02-22,8,3,0,0.108865
1886,1936-02-29,3,9,0,0.10878
1887,1936-03-07,8,5,0,0.108696
1888,1936-03-14,8,2,0,0.108611
1889,1936-03-21,2,4,0,0.108527
1890,1936-03-28,5,5,1,0.109218
1891,1936-04-04,5,1,0,0.109133
1892,1936-04-11,4,4,1,0.109822
1893,1936-04-18,4,3,0,0.109737
1894,1936-04-25,1,3,0,0.109653
1895,1936-05-02,1,9,0,0.109568
1896,1936-05-09,2,3,0,0.109483
1897,1936-05-16,9,8,0,0.109399
1898,1936-05-23,1,2,0,0.109315
1899,1936-05-30,2,6,0,0.109231
1900,1936-06-06,8,8,1,0.109915
1901,1936-06-13,9,3,0,0.109831
1902,1936-06-20,1,1,1,0.110514
1903,1936-06-27,4,6,0,0.110429
1904,1936-07-04,7,3,0,0.110345
1905,1936-07-11,7,9,0,0.11026
1906,1936-07-18,6,3,0,0.110176
1907,1936-07-25,9,9,1,0.110856
1908,1936-08-01,8,3,0,0.110772
1909,1936-08-08,9,8,0,0.110687
1910,1936-08-15,9,1,0,0.110603
1911,1936-08-22,6,9,0,0.110518
1912,1936-08-29,1,4,0,0.110434
1913,1936-09-05,2,2,1,0.111111
1914,1936-09-12,9,8,0,0.111027
1915,1936-09-19,8,2,0,0.110942
1916,1936-09-26,2,9,0,0.110858
1917,1936-10-03,1,5,0,0.110774
1918,1936-10-10,4,8,0,0.11069
1919,1936-10-17,7,7,1,0.111364
1920,1936-10-24,3,9,0,0.111279
1921,1936-10-31,8,9,0,0.111195
1922,1936-11-07,7,2,0,0.111111
1923,1936-11-14,3,6,0,0.111027
1924,1936-11-21,7,8,0,0.110943
1925,1936-11-28,3,7,0,0.11086
1926,1936-12-05,9,8,0,0.110776
1927,1936-12-12,5,1,0,0.110693
1928,1936-12-19,6,7,0,0.110609
1929,1936-12-26,9,8,0,0.110526
1930,1937-01-02,8,3,0,0.110443
1931,1937-01-09,4,9,0,0.11036
1932,1937-01-16,8,4,0,0.110278
1933,1937-01-23,2,6,0,0.110195
1934,1937-01-30,3,5,0,0.110112
1935,1937-02-06,9,2,0,0.11003
1936,1937-02-13,5,1,0,0.109948
1937,1937-02-20,7,7,1,0.110613
1938,1937-02-27,7,6,0,0.11053
1939,1937-03-06,2,6,0,0.110448
1940,1937-03-13,5,3,0,0.110365
1941,1937-03-20,2,1,0,0.110283
1942,1937-03-27,5,1,0,0.110201
1943,1937-04-03,8,1,0,0.110119
1944,1937-04-10,2,6,0,0.110037
1945,1937-04-17,8,5,0,0.109955
1946,1937-04-24,7,3,0,0.109874
1947,1937-05-01,6,6,1,0.110534
1948,1937-05-08,1,9,0,0.110452
1949,1937-05-15,2,2,1,0.111111
1950,1937-05-22,5,8,0,0.111029
1951,1937-05-29,1,1,1,0.111686
1952,1937-06-05,4,2,0,0.111604
1953,1937-06-12,8,7,0,0.111521
1954,1937-06-19,8,6,0,0.111439
1955,1937-06-26,9,4,0,0.111357
1956,1937-07-03,1,1,1,0.112012
1957,1937-07-10,1,6,0,0.111929
1958,1937-07-17,9,3,0,0.111847
1959,1937-07-24,5,4,0,0.111765
1960,1937-07-31,5,7,0,0.111683
1961,1937-08-07,8,4,0,0.111601
1962,1937-08-14,9,6,0,0.111519
1963,1937-08-21,6,1,0,0.111437
1964,1937-08-28,3,4,0,0.111355
1965,1937-09-04,3,4,0,0.111274
1966,1937-09-11,3,4,0,0.111192
1967,1937-09-18,3,4,0,0.111111
1968,1937-09-25,1,3,0,0.11103
1969,1937-10-02,5,2,0,0.110949
1970,1937-10-09,9,1,0,0.110868
1971,1937-10-16,9,2,0,0.110787
1972,1937-10-23,4,6,0,0.110706
1973,1937-10-30,9,6,0,0.110626
1974,1937-11-06,2,3,0,0.110545
1975,1937-11-13,2,3,0,0.110465
1976,1937-11-20,8,2,0,0.110385
1977,1937-11-27,3,3,1,0.11103
1978,1937-12-04,7,5,0,0.11095
1979,1937-12-11,7,7,1,0.111594
1980,1937-12-18,8,6,0,0.111513
1981,1937-12-25,8,3,0,0.111433
1982,1937-12-31,3,4,0,0.111352
1983,1938-01-08,2,5,0,0.111272
1984,1938-01-15,8,9,0,0.111191
1985,1938-01-22,2,3,0,0.111111
1986,1938-01-29,8,5,0,0.111031
1987,1938-02-05,8,3,0,0.110951
1988,1938-02-12,9,4,0,0.110871
1989,1938-02-19,7,1,0,0.110791
1990,1938-02-26,1,2,0,0.110712
1991,1938-03-05,4,7,0,0.110632
1992,1938-03-12,7,7,1,0.111271
1993,1938-03-19,8,9,0,0.111191
1994,1938-03-26,1,3,0,0.111111
1995,1938-04-02,7,9,0,0.111032
1996,1938-04-09,9,1,0,0.110952
1997,1938-04-16,6,2,0,0.110873
1998,1938-04-23,6,3,0,0.110793
1999,1938-04-30,7,4,0,0.110714
2000,1938-05-07,3,3,1,0.111349
2001,1938-05-14,9,9,1,0.111983
2002,1938-05-21,9,1,0,0.111903
2003,1938-05-28,7,6,0,0.111823
2004,1938-06-04,8,2,0,0.111744
2005,1938-06-11,3,3,1,0.112376
2006,1938-06-18,2,5,0,0.112296
2007,1938-06-25,6,9,0,0.112216
2008,1938-07-02,4,8,0,0.112136
2009,1938-07-09,5,6,0,0.112057
2010,1938-07-16,8,3,0,0.111977
2011,1938-07-23,5,6,0,0.111898
2012,1938-07-30,7,8,0,0.111819
2013,1938-08-06,9,6,0,0.11174
2014,1938-08-13,8,2,0,0.111661
2015,1938-08-20,7,9,0,0.111582
2016,1938-08-27,8,6,0,0.111503
2017,1938-09-03,7,3,0,0.111425
2018,1938-09-10,5,6,0,0.111346
2019,1938-09-17,3,4,0,0.111268
2020,1938-09-24,9,7,0,0.111189
2021,1938-10-01,7,1,0,0.111111
2022,1938-10-08,3,2,0,0.111033
2023,1938-10-15,7,9,0,0.110955
2024,1938-10-22,9,7,0,0.110877
2025,1938-10-29,7,2,0,0.110799
2026,1938-11-05,9,2,0,0.110722
2027,1938-11-12,6,7,0,0.110644
2028,1938-11-19,8,3,0,0.110567
2029,1938-11-26,4,9,0,0.11049
2030,1938-12-03,6,4,0,0.110412
2031,1938-12-10,5,4,0,0.110335
2032,1938-12-17,6,6,1,0.110956
2033,1938-12-24,5,8,0,0.110879
2034,1938-12-31,7,6,0,0.110801
2035,1939-01-07,2,6,0,0.110724
2036,1939-01-14,6,3,0,0.110647
2037,1939-01-21,5,4,0,0.11057
2038,1939-01-28,4,6,0,0.110493
2039,1939-02-04,1,3,0,0.110417
2040,1939-02-11,2,9,0,0.11034
2041,1939-02-18,7,8,0,0.110264
2042,1939-02-25,3,1,0,0.110187
2043,1939-03-04,6,9,0,0.110111
2044,1939-03-11,2,3,0,0.110035
2045,1939-03-18,4,2,0,0.109959
2046,1939-03-25,3,7,0,0.109883
2047,1939-04-01,9,1,0,0.109807
2048,1939-04-08,9,1,0,0.109731
2049,1939-04-15,8,6,0,0.109655
2050,1939-04-22,5,7,0,0.10958
2051,1939-04-29,2,8,0,0.109504
2052,1939-05-06,6,1,0,0.109429
2053,1939-05-13,4,5,0,0.109354
2054,1939-05-20,3,6,0,0.109278
2055,1939-05-27,8,1,0,0.109203
2056,1939-06-03,7,2,0,0.109128
2057,1939-06-10,3,6,0,0.109053
2058,1939-06-17,7,9,0,0.108979
2059,1939-06-24,2,7,0,0.108904
2060,1939-07-01,6,3,0,0.10883
2061,1939-07-08,9,4,0,0.108755
2062,1939-07-15,3,3,1,0.109364
2063,1939-07-22,9,9,1,0.109973
2064,1939-07-29,8,1,0,0.109898
2065,1939-08-05,2,7,0,0.109823
2066,1939-08-12,8,5,0,0.109748
2067,1939-08-19,9,3,0,0.109673
2068,1939-08-26,5,1,0,0.109598
2069,1939-09-02,6,7,0,0.109524
2070,1939-09-09,2,8,0,0.109449
2071,1939-09-16,8,2,0,0.109375
2072,1939-09-23,1,3,0,0.109301
2073,1939-09-30,4,9,0,0.109227
2074,1939-10-07,7,7,1,0.109831
2075,1939-10-14,9,9,1,0.110434
2076,1939-10-21,1,7,0,0.110359
2077,1939-10-28,1,6,0,0.110284
2078,1939-11-04,2,3,0,0.11021
2079,1939-11-11,6,8,0,0.110135
2080,1939-11-18,6,4,0,0.110061
2081,1939-11-25,7,4,0,0.109987
2082,1939-12-02,3,3,1,0.110587
2083,1939-12-09,4,7,0,0.110512
2084,1939-12-16,7,2,0,0.110438
2085,1939-12-23,7,9,0,0.110363
2086,1939-12-30,3,6,0,0.110289
2087,1940-01-06,6,7,0,0.110215
2088,1940-01-13,8,3,0,0.110141
2089,1940-01-20,9,9,1,0.110738
2090,1940-01-27,8,1,0,0.110664
2091,1940-02-03,5,7,0,0.11059
2092,1940-02-10,4,8,0,0.110516
2093,1940-02-17,9,3,0,0.110442
2094,1940-02-24,1,3,0,0.110368
2095,1940-03-02,5,6,0,0.110294
2096,1940-03-09,5,1,0,0.11022
2097,1940-03-16,2,4,0,0.110147
2098,1940-03-23,6,1,0,0.110073
2099,1940-03-30,7,4,0,0.11
2100,1940-04-06,7,3,0,0.109927
2101,1940-04-13,9,3,0,0.109854
2102,1940-04-20,8,7,0,0.10978
2103,1940-04-27,5,7,0,0.109707
2104,1940-05-04,9,4,0,0.109635
2105,1940-05-11,7,9,0,0.109562
2106,1940-05-18,4,2,0,0.109489
2107,1940-05-25,3,2,0,0.109416
2108,1940-06-01,5,1,0,0.109344
2109,1940-06-08,3,8,0,0.109272
2110,1940-06-15,4,7,0,0.109199
2111,1940-06-22,2,2,1,0.109788
2112,1940-06-29,6,5,0,0.109716
2113,1940-07-06,9,4,0,0.109643
2114,1940-07-13,2,3,0,0.109571
2115,1940-07-20,3,3,1,0.110158
2116,1940-07-27,7,2,0,0.110086
2117,1940-08-03,7,7,1,0.110672
2118,1940-08-10,8,3,0,0.110599
2119,1940-08-17,2,3,0,0.110526
2120,1940-08-24,1,5,0,0.110454
2121,1940-08-31,3,8,0,0.110381
2122,1940-09-07,9,6,0,0.110309
2123,1940-09-14,7,1,0,0.110236
2124,1940-09-21,4,2,0,0.110164
2125,1940-09-28,7,2,0,0.110092
2126,1940-10-05,4,9,0,0.11002
2127,1940-10-12,2,2,1,0.110602
2128,1940-10-19,4,5,0,0.11053
2129,1940-10-26,6,7,0,0.110458
2130,1940-11-02,5,4,0,0.110385
2131,1940-11-09,9,6,0,0.110313
2132,1940-11-16,5,9,0,0.110241
2133,1940-11-23,2,7,0,0.110169
2134,1940-11-30,8,6,0,0.110098
2135,1940-12-07,8,3,0,0.110026
2136,1940-12-14,6,4,0,0.109954
2137,1940-12-21,2,2,1,0.110533
2138,1940-12-28,1,2,0,0.110461
2139,1941-01-04,4,8,0,0.11039
2140,1941-01-11,8,7,0,0.110318
2141,1941-01-18,9,6,0,0.110246
2142,1941-01-25,8,1,0,0.110175
2143,1941-02-01,3,7,0,0.110104
2144,1941-02-08,8,2,0,0.110032
2145,1941-02-15,7,2,0,0.109961
2146,1941-02-22,7,6,0,0.10989
2147,1941-03-01,6,3,0,0.109819
2148,1941-03-08,2,9,0,0.109748
2149,1941-03-15,4,2,0,0.109677
2150,1941-03-22,8,6,0,0.109607
2151,1941-03-29,7,6,0,0.109536
2152,1941-04-05,6,6,1,0.110109
2153,1941-04-12,2,9,0,0.110039
2154,1941-04-19,8,2,0,0.109968
2155,1941-04-26,8,8,1,0.11054
2156,1941-05-03,5,4,0,0.110469
2157,1941-05-10,4,4,1,0.11104
2158,1941-05-17,4,3,0,0.110969
2159,1941-05-24,7,3,0,0.110897
2160,1941-05-31,4,9,0,0.110826
2161,1941-06-07,6,2,0,0.110755
2162,1941-06-14,4,4,1,0.111324
2163,1941-06-21,4,6,0,0.111253
2164,1941-06-28,3,7,0,0.111182
2165,1941-07-05,6,5,0,0.111111
2166,1941-07-12,7,3,0,0.11104
2167,1941-07-19,9,3,0,0.110969
2168,1941-07-26,7,7,1,0.111536
2169,1941-08-02,7,2,0,0.111465
2170,1941-08-09,5,6,0,0.111394
2171,1941-08-16,6,3,0,0.111323
2172,1941-08-23,1,8,0,0.111252
2173,1941-08-30,6,2,0,0.111182
2174,1941-09-06,6,7,0,0.111111
2175,1941-09-13,3,4,0,0.111041
2176,1941-09-20,5,4,0,0.11097
2177,1941-09-27,3,8,0,0.1109
2178,1941-10-04,2,7,0,0.11083
2179,1941-10-11,8,9,0,0.110759
2180,1941-10-18,3,8,0,0.110689
2181,1941-10-25,4,2,0,0.110619
2182,1941-11-01,9,2,0,0.11055
2183,1941-11-08,3,3,1,0.111111
2184,1941-11-15,4,9,0,0.111041
2185,1941-11-22,8,2,0,0.110971
2186,1941-11-29,5,6,0,0.110901
2187,1941-12-06,2,4,0,0.110831
2188,1941-12-13,3,6,0,0.110761
2189,1941-12-20,2,2,1,0.111321
2190,1941-12-27,5,9,0,0.111251
2191,1942-01-03,6,1,0,0.111181
2192,1942-01-10,6,8,0,0.111111
2193,1942-01-17,3,4,0,0.111041
2194,1942-01-24,4,5,0,0.110972
2195,1942-01-31,1,2,0,0.110902
2196,1942-02-07,6,9,0,0.110833
2197,1942-02-14,2,7,0,0.110763
2198,1942-02-21,4,2,0,0.110694
2199,1942-02-28,7,6,0,0.110625
2200,1942-03-07,7,9,0,0.110556
2201,1942-03-14,2,6,0,0.110487
2202,1942-03-21,3,3,1,0.111042
2203,1942-03-28,3,2,0,0.110973
2204,1942-04-04,6,3,0,0.110903
2205,1942-04-11,6,3,0,0.110834
2206,1942-04-18,8,4,0,0.110765
2207,1942-04-25,9,9,1,0.111318
2208,1942-05-02,4,1,0,0.111249
2209,1942-05-09,8,9,0,0.11118
2210,1942-05-16,9,6,0,0.111111
2211,1942-05-23,9,1,0,0.111042
2212,1942-05-30,4,6,0,0.110973
2213,1942-06-06,3,9,0,0.110905
2214,1942-06-13,6,6,1,0.111455
2215,1942-06-20,2,3,0,0.111386
2216,1942-06-27,9,2,0,0.111317
2217,1942-07-04,2,2,1,0.111867
2218,1942-07-11,2,3,0,0.111797
2219,1942-07-18,7,2,0,0.111728
2220,1942-07-25,2,1,0,0.111659
2221,1942-08-01,1,3,0,0.111591
2222,1942-08-08,7,8,0,0.111522
2223,1942-08-15,7,1,0,0.111453
2224,1942-08-22,6,6,1,0.112
2225,1942-08-29,5,9,0,0.111931
2226,1942-09-05,5,6,0,0.111862
2227,1942-09-12,3,4,0,0.111794
2228,1942-09-19,7,7,1,0.112339
2229,1942-09-26,1,7,0,0.11227
2230,1942-10-03,2,7,0,0.112201
2231,1942-10-10,4,8,0,0.112132
2232,1942-10-17,2,7,0,0.112064
2233,1942-10-24,6,4,0,0.111995
2234,1942-10-31,6,4,0,0.111927
2235,1942-11-07,8,4,0,0.111858
2236,1942-11-14,6,9,0,0.11179
2237,1942-11-21,5,2,0,0.111722
2238,1942-11-28,9,6,0,0.111653
2239,1942-12-05,9,9,1,0.112195
2240,1942-12-12,7,6,0,0.112127
2241,1942-12-19,1,2,0,0.112058
2242,1942-12-26,2,7,0,0.11199
2243,1943-01-02,1,8,0,0.111922
2244,1943-01-09,3,8,0,0.111854
2245,1943-01-16,8,6,0,0.111786
2246,1943-01-23,2,7,0,0.111718
2247,1943-01-30,7,5,0,0.11165
2248,1943-02-06,7,2,0,0.111583
2249,1943-02-13,7,6,0,0.111515
2250,1943-02-20,8,6,0,0.111448
2251,1943-02-27,7,3,0,0.11138
2252,1943-03-06,9,6,0,0.111313
2253,1943-03-13,3,7,0,0.111245
2254,1943-03-20,1,9,0,0.111178
2255,1943-03-27,9,2,0,0.111111
2256,1943-04-03,1,4,0,0.111044
2257,1943-04-10,3,6,0,0.110977
2258,1943-04-17,9,6,0,0.11091
2259,1943-04-24,4,1,0,0.110843
2260,1943-05-01,2,9,0,0.110777
2261,1943-05-08,7,4,0,0.11071
2262,1943-05-15,5,2,0,0.110643
2263,1943-05-22,8,3,0,0.110577
2264,1943-05-29,1,6,0,0.110511
2265,1943-06-05,8,9,0,0.110444
2266,1943-06-12,3,1,0,0.110378
2267,1943-06-19,6,2,0,0.110312
2268,1943-06-26,9,2,0,0.110246
2269,1943-07-03,3,3,1,0.110778
2270,1943-07-10,6,9,0,0.110712
2271,1943-07-17,9,2,0,0.110646
2272,1943-07-24,8,3,0,0.11058
2273,1943-07-31,5,7,0,0.110514
2274,1943-08-07,2,4,0,0.110448
2275,1943-08-14,7,6,0,0.110382
2276,1943-08-21,1,2,0,0.110316
2277,1943-08-28,5,7,0,0.11025
2278,1943-09-04,3,1,0,0.110185
2279,1943-09-11,7,7,1,0.110714
2280,1943-09-18,8,7,0,0.110648
2281,1943-09-25,1,3,0,0.110583
2282,1943-10-02,9,9,1,0.111111
2283,1943-10-09,6,1,0,0.111045
2284,1943-10-16,8,3,0,0.110979
2285,1943-10-23,2,9,0,0.110913
2286,1943-10-30,6,5,0,0.110848
2287,1943-11-06,5,4,0,0.110782
2288,1943-11-13,5,6,0,0.110716
2289,1943-11-20,6,4,0,0.110651
2290,1943-11-27,6,8,0,0.110585
2291,1943-12-04,4,8,0,0.11052
2292,1943-12-11,6,6,1,0.111045
2293,1943-12-18,4,4,1,0.11157
2294,1943-12-25,6,6,1,0.112094
2295,1943-12-31,3,4,0,0.112028
2296,1944-01-08,2,4,0,0.111962
2297,1944-01-15,5,9,0,0.111896
2298,1944-01-22,3,1,0,0.11183
2299,1944-01-29,4,7,0,0.111765
2300,1944-02-05,9,2,0,0.111699
2301,1944-02-12,1,3,0,0.111633
2302,1944-02-19,9,6,0,0.111568
2303,1944-02-26,1,1,1,0.112089
2304,1944-03-04,5,6,0,0.112023
2305,1944-03-11,7,1,0,0.111958
2306,1944-03-18,1,6,0,0.111892
2307,1944-03-25,6,7,0,0.111827
2308,1944-04-01,8,7,0,0.111761
2309,1944-04-08,4,9,0,0.111696
2310,1944-04-15,6,4,0,0.111631
2311,1944-04-22,1,4,0,0.111565
2312,1944-04-29,9,2,0,0.1115
2313,1944-05-06,8,1,0,0.111435
2314,1944-05-13,2,7,0,0.11137
2315,1944-05-20,7,5,0,0.111305
2316,1944-05-27,1,1,1,0.111823
2317,1944-06-03,2,7,0,0.111758
2318,1944-06-10,2,8,0,0.111693
2319,1944-06-17,8,2,0,0.111628
2320,1944-06-24,4,8,0,0.111563
2321,1944-07-01,4,6,0,0.111498
2322,1944-07-08,2,3,0,0.111434
2323,1944-07-15,4,4,1,0.111949
2324,1944-07-22,7,7,1,0.112464
2325,1944-07-29,6,9,0,0.112399
2326,1944-08-05,1,9,0,0.112334
2327,1944-08-12,9,2,0,0.112269
2328,1944-08-19,4,1,0,0.112204
2329,1944-08-26,8,9,0,0.112139
2330,1944-09-02,4,6,0,0.112074
2331,1944-09-09,9,4,0,0.112009
2332,1944-09-16,2,3,0,0.111945
2333,1944-09-23,3,3,1,0.112457
2334,1944-09-30,5,2,0,0.112392
2335,1944-10-07,5,8,0,0.112327
2336,1944-10-14,6,4,0,0.112263
2337,1944-10-21,2,8,0,0.112198
2338,1944-10-28,8,2,0,0.112133
2339,1944-11-04,1,8,0,0.112069
2340,1944-11-11,4,9,0,0.112005
2341,1944-11-18,2,7,0,0.11194
2342,1944-11-25,2,4,0,0.111876
2343,1944-12-02,7,8,0,0.111812
2344,1944-12-09,8,1,0,0.111748
2345,1944-12-16,4,3,0,0.111684
2346,1944-12-23,3,4,0,0.11162
2347,1944-12-30,3,6,0,0.111556
2348,1945-01-05,2,3,0,0.111492
2349,1945-01-13,6,5,0,0.111429
2350,1945-01-20,5,5,1,0.111936
2351,1945-01-27,6,6,1,0.112443
2352,1945-02-03,7,8,0,0.112379
2353,1945-02-10,7,3,0,0.112315
2354,1945-02-17,4,6,0,0.112251
2355,1945-02-24,8,2,0,0.112187
2356,1945-03-03,9,6,0,0.112123
2357,1945-03-10,1,1,1,0.112628
2358,1945-03-17,7,6,0,0.112564
2359,1945-03-24,5,1,0,0.1125
2360,1945-03-31,8,3,0,0.112436
2361,1945-04-07,6,1,0,0.112372
2362,1945-04-14,6,2,0,0.112309
2363,1945-04-21,2,4,0,0.112245
2364,1945-04-28,4,2,0,0.112181
2365,1945-05-05,1,7,0,0.112118
2366,1945-05-12,9,9,1,0.11262
2367,1945-05-19,7,1,0,0.112557
2368,1945-05-26,8,2,0,0.112493
2369,1945-06-02,8,3,0,0.112429
2370,1945-06-09,5,4,0,0.112366
2371,1945-06-16,1,4,0,0.112302
2372,1945-06-23,7,4,0,0.112239
2373,1945-06-30,9,1,0,0.112176
2374,1945-07-07,9,7,0,0.112113
2375,1945-07-14,9,7,0,0.11205
2376,1945-07-21,3,9,0,0.111986
2377,1945-07-28,5,9,0,0.111924
2378,1945-08-04,7,8,0,0.111861
2379,1945-08-11,5,6,0,0.111798
2380,1945-08-18,8,3,0,0.111735
2381,1945-08-25,3,6,0,0.111672
2382,1945-09-01,9,2,0,0.11161
2383,1945-09-08,2,1,0,0.111547
2384,1945-09-15,7,3,0,0.111485
2385,1945-09-22,1,1,1,0.111982
2386,1945-09-29,9,7,0,0.111919
2387,1945-10-06,3,1,0,0.111857
2388,1945-10-13,1,9,0,0.111794
2389,1945-10-20,1,2,0,0.111732
2390,1945-10-27,6,3,0,0.111669
2391,1945-11-03,5,7,0,0.111607
2392,1945-11-10,5,6,0,0.111545
2393,1945-11-17,4,6,0,0.111483
2394,1945-11-24,7,3,0,0.111421
2395,1945-12-01,3,9,0,0.111359
2396,1945-12-07,2,7,0,0.111297
2397,1945-12-15,7,5,0,0.111235
2398,1945-12-22,6,1,0,0.111173
2399,1945-12-29,7,9,0,0.111111
2400,1946-01-05,6,3,0,0.111049
2401,1946-01-12,7,9,0,0.110988
2402,1946-01-19,2,3,0,0.110926
2403,1946-01-26,5,3,0,0.110865
2404,1946-02-02,5,1,0,0.110803
2405,1946-02-09,2,4,0,0.110742
2406,1946-02-16,3,6,0,0.110681
2407,1946-02-23,9,2,0,0.110619
2408,1946-03-02,5,1,0,0.110558
2409,1946-03-09,2,7,0,0.110497
2410,1946-03-16,8,6,0,0.110436
2411,1946-03-23,1,8,0,0.110375
2412,1946-03-30,7,9,0,0.110314
2413,1946-04-06,1,1,1,0.110805
2414,1946-04-13,4,7,0,0.110744
2415,1946-04-20,3,7,0,0.110683
2416,1946-04-27,7,6,0,0.110622
2417,1946-05-04,9,7,0,0.110561
2418,1946-05-11,5,7,0,0.1105
2419,1946-05-18,6,7,0,0.11044
2420,1946-05-25,9,8,0,0.110379
2421,1946-06-01,2,3,0,0.110318
2422,1946-06-08,8,3,0,0.110258
2423,1946-06-15,9,8,0,0.110197
2424,1946-06-22,4,1,0,0.110137
2425,1946-06-29,3,8,0,0.110077
2426,1946-07-06,2,6,0,0.110016
2427,1946-07-13,7,5,0,0.109956
2428,1946-07-20,4,1,0,0.109896
2429,1946-07-27,7,2,0,0.109836
2430,1946-08-03,3,9,0,0.109776
2431,1946-08-10,5,7,0,0.109716
2432,1946-08-17,7,7,1,0.110202
2433,1946-08-24,6,6,1,0.110687
2434,1946-08-31,1,9,0,0.110627
2435,1946-09-14,1,2,0,0.110566
2436,1946-09-21,4,3,0,0.110506
2437,1946-09-28,2,7,0,0.110446
2438,1946-10-05,7,4,0,0.110386
2439,1946-10-12,1,1,1,0.11087
2440,1946-10-19,8,7,0,0.110809
2441,1946-10-26,9,3,0,0.110749
2442,1946-11-02,8,1,0,0.110689
2443,1946-11-09,3,7,0,0.110629
2444,1946-11-16,3,2,0,0.110569
2445,1946-11-23,7,3,0,0.110509
2446,1946-11-30,3,7,0,0.110449
2447,1946-12-07,3,7,0,0.11039
2448,1946-12-14,6,7,0,0.11033
2449,1946-12-21,6,9,0,0.11027
2450,1946-12-28,6,4,0,0.110211
2451,1947-01-04,3,4,0,0.110151
2452,1947-01-11,1,4,0,0.110092
2453,1947-01-18,7,2,0,0.110032
2454,1947-01-25,6,1,0,0.109973
2455,1947-02-01,7,9,0,0.109914
2456,1947-02-08,8,3,0,0.109855
2457,1947-02-15,3,3,1,0.110334
2458,1947-02-22,7,2,0,0.110274
2459,1947-03-01,7,7,1,0.110753
2460,1947-03-08,4,6,0,0.110693
2461,1947-03-15,5,2,0,0.110634
2462,1947-03-22,4,3,0,0.110574
2463,1947-03-29,4,3,0,0.110515
2464,1947-04-05,8,3,0,0.110456
2465,1947-04-12,1,9,0,0.110397
2466,1947-04-19,8,9,0,0.110337
2467,1947-04-26,2,3,0,0.110278
2468,1947-05-03,3,5,0,0.110219
2469,1947-05-10,3,2,0,0.11016
2470,1947-05-17,3,6,0,0.110102
2471,1947-05-24,4,3,0,0.110043
2472,1947-05-31,4,2,0,0.109984
2473,1947-06-07,7,3,0,0.109925
2474,1947-06-14,3,9,0,0.109867
2475,1947-06-21,9,7,0,0.109808
2476,1947-06-28,9,5,0,0.10975
2477,1947-07-05,1,9,0,0.109691
2478,1947-07-12,4,6,0,0.109633
2479,1947-07-19,6,7,0,0.109574
2480,1947-07-26,4,4,1,0.110048
2481,1947-08-02,8,6,0,0.109989
2482,1947-08-09,8,9,0,0.109931
2483,1947-08-16,3,4,0,0.109873
2484,1947-08-23,5,2,0,0.109814
2485,1947-08-30,8,7,0,0.109756
2486,1947-09-06,4,6,0,0.109698
2487,1947-09-13,5,4,0,0.10964
2488,1947-09-20,4,3,0,0.109582
2489,1947-09-27,8,4,0,0.109524
2490,1947-10-04,5,9,0,0.109466
2491,1947-10-11,8,4,0,0.109408
2492,1947-10-18,2,6,0,0.10935
2493,1947-10-25,8,5,0,0.109293
2494,1947-11-01,6,8,0,0.109235
2495,1947-11-08,8,2,0,0.109177
2496,1947-11-15,5,9,0,0.10912
2497,1947-11-22,6,4,0,0.109062
2498,1947-11-29,4,8,0,0.109005
2499,1947-12-06,4,6,0,0.108947
2500,1947-12-13,7,7,1,0.109416
2501,1947-12-20,1,9,0,0.109359
2502,1947-12-27,1,7,0,0.109301
2503,1948-01-03,2,3,0,0.109244
2504,1948-01-10,6,8,0,0.109186
2505,1948-01-17,4,5,0,0.109129
2506,1948-01-24,6,6,1,0.109596
2507,1948-01-31,2,4,0,0.109539
2508,1948-02-07,3,4,0,0.109481
2509,1948-02-14,5,2,0,0.109424
2510,1948-02-21,5,7,0,0.109367
2511,1948-02-28,9,4,0,0.10931
2512,1948-03-06,8,9,0,0.109252
2513,1948-03-13,7,7,1,0.109718
2514,1948-03-20,5,6,0,0.109661
2515,1948-03-27,3,3,1,0.110125
2516,1948-04-03,2,7,0,0.110068
2517,1948-04-10,4,5,0,0.11001
2518,1948-04-17,1,7,0,0.109953
2519,1948-04-24,2,9,0,0.109896
2520,1948-04-30,5,8,0,0.109839
2521,1948-05-08,1,1,1,0.110302
2522,1948-05-15,4,4,1,0.110764
2523,1948-05-22,2,7,0,0.110707
2524,1948-05-29,5,4,0,0.110649
2525,1948-06-05,8,1,0,0.110592
2526,1948-06-12,7,6,0,0.110535
2527,1948-06-19,8,6,0,0.110477
2528,1948-06-26,5,3,0,0.11042
2529,1948-07-03,3,4,0,0.110363
2530,1948-07-10,5,7,0,0.110306
2531,1948-07-17,6,7,0,0.110248
2532,1948-07-24,7,8,0,0.110191
2533,1948-07-31,5,3,0,0.110134
2534,1948-08-07,1,3,0,0.110078
2535,1948-08-14,4,4,1,0.110537
2536,1948-08-21,8,7,0,0.11048
2537,1948-08-28,4,9,0,0.110423
2538,1948-09-04,2,4,0,0.110366
2539,1948-09-11,8,4,0,0.110309
2540,1948-09-18,9,8,0,0.110252
2541,1948-09-25,5,1,0,0.110196
2542,1948-10-02,8,6,0,0.110139
2543,1948-10-09,5,6,0,0.110082
2544,1948-10-16,9,4,0,0.110026
2545,1948-10-23,8,9,0,0.109969
2546,1948-10-30,1,7,0,0.109913
2547,1948-11-06,4,9,0,0.109856
2548,1948-11-13,4,7,0,0.1098
2549,1948-11-20,9,7,0,0.109744
2550,1948-11-27,7,3,0,0.109687
2551,1948-12-04,6,8,0,0.109631
2552,1948-12-11,6,9,0,0.109575
2553,1948-12-18,1,4,0,0.109519
2554,1948-12-24,4,2,0,0.109463
2555,1948-12-31,8,7,0,0.109407
2556,1949-01-08,1,9,0,0.109351
2557,1949-01-15,7,9,0,0.109295
2558,1949-01-22,1,1,1,0.10975
2559,1949-01-29,9,7,0,0.109694
2560,1949-02-05,2,1,0,0.109638
2561,1949-02-12,8,3,0,0.109582
2562,1949-02-19,7,8,0,0.109526
2563,1949-02-26,8,6,0,0.10947
2564,1949-03-05,9,3,0,0.109415
2565,1949-03-12,3,1,0,0.109359
2566,1949-03-19,1,9,0,0.109304
2567,1949-03-26,6,2,0,0.109248
2568,1949-04-02,6,7,0,0.109192
2569,1949-04-09,7,4,0,0.109137
2570,1949-04-16,3,3,1,0.109589
2571,1949-04-23,1,9,0,0.109533
2572,1949-04-30,9,6,0,0.109478
2573,1949-05-07,3,1,0,0.109422
2574,1949-05-14,2,9,0,0.109367
2575,1949-05-21,1,5,0,0.109312
2576,1949-05-28,7,8,0,0.109256
2577,1949-06-04,4,1,0,0.109201
2578,1949-06-11,5,2,0,0.109146
2579,1949-06-18,1,4,0,0.109091
2580,1949-06-25,5,4,0,0.109036
2581,1949-07-02,7,1,0,0.108981
2582,1949-07-09,3,6,0,0.108926
2583,1949-07-16,3,9,0,0.108871
2584,1949-07-23,8,3,0,0.108816
2585,1949-07-30,2,2,1,0.109265
2586,1949-08-06,9,5,0,0.10921
2587,1949-08-13,6,2,0,0.109155
2588,1949-08-20,1,3,0,0.1091
2589,1949-08-27,5,2,0,0.109045
2590,1949-09-03,7,1,0,0.10899
2591,1949-09-10,5,6,0,0.108936
2592,1949-09-17,7,3,0,0.108881
2593,1949-09-24,1,6,0,0.108826
2594,1949-10-01,5,7,0,0.108772
2595,1949-10-08,3,7,0,0.108717
2596,1949-10-15,7,7,1,0.109164
2597,1949-10-22,3,7,0,0.109109
2598,1949-10-29,1,9,0,0.109055
2599,1949-11-05,2,6,0,0.109
2600,1949-11-12,8,8,1,0.109445
2601,1949-11-19,3,8,0,0.109391
2602,1949-11-26,1,5,0,0.109336
2603,1949-12-03,4,2,0,0.109281
2604,1949-12-12,4,7,0,0.109227
2605,1949-12-17,3,7,0,0.109172
2606,1949-12-24,6,6,1,0.109616
2607,1949-12-31,7,9,0,0.109562
2608,1950-01-07,4,3,0,0.109507
2609,1950-01-14,7,2,0,0.109453
2610,1950-01-21,4,9,0,0.109398
2611,1950-01-28,8,2,0,0.109344
2612,1950-02-04,4,9,0,0.10929
2613,1950-02-11,4,4,1,0.109732
2614,1950-02-18,2,7,0,0.109677
2615,1950-02-25,8,4,0,0.109623
2616,1950-03-04,3,3,1,0.110064
2617,1950-03-11,4,5,0,0.11001
2618,1950-03-18,5,2,0,0.109955
2619,1950-03-25,7,4,0,0.109901
2620,1950-04-01,5,6,0,0.109847
2621,1950-04-08,7,3,0,0.109792
2622,1950-04-15,8,6,0,0.109738
2623,1950-04-22,6,3,0,0.109684
2624,1950-04-29,4,2,0,0.10963
2625,1950-05-06,7,6,0,0.109576
2626,1950-05-13,7,9,0,0.109521
2627,1950-05-20,7,6,0,0.109467
2628,1950-05-27,1,6,0,0.109414
2629,1950-06-03,5,7,0,0.10936
2630,1950-06-10,4,7,0,0.109306
2631,1950-06-17,5,4,0,0.109252
2632,1950-06-24,2,7,0,0.109198
2633,1950-07-01,3,6,0,0.109145
2634,1950-07-08,4,2,0,0.109091
2635,1950-07-15,5,2,0,0.109037
2636,1950-07-22,1,7,0,0.108984
2637,1950-07-29,5,4,0,0.10893
2638,1950-08-05,1,7,0,0.108877
2639,1950-08-12,9,4,0,0.108824
2640,1950-08-19,5,1,0,0.10877
2641,1950-08-26,9,6,0,0.108717
2642,1950-09-02,3,9,0,0.108664
2643,1950-09-09,5,9,0,0.108611
2644,1950-09-16,9,7,0,0.108557
2645,1950-09-23,9,9,1,0.108993
2646,1950-09-30,6,9,0,0.10894
2647,1950-10-07,2,3,0,0.108887
2648,1950-10-14,2,4,0,0.108834
2649,1950-10-21,2,8,0,0.10878
2650,1950-10-28,7,2,0,0.108727
2651,1950-11-04,8,1,0,0.108674
2652,1950-11-11,6,3,0,0.108622
2653,1950-11-18,9,2,0,0.108569
2654,1950-11-25,4,3,0,0.108516
2655,1950-12-02,1,8,0,0.108463
2656,1950-12-09,7,9,0,0.10841
2657,1950-12-16,8,1,0,0.108358
2658,1950-12-23,2,3,0,0.108305
2659,1950-12-30,5,5,1,0.108738
2660,1951-01-06,7,1,0,0.108685
2661,1951-01-13,9,6,0,0.108632
2662,1951-01-20,2,7,0,0.10858
2663,1951-01-27,6,3,0,0.108527
2664,1951-02-03,4,5,0,0.108475
2665,1951-02-10,9,6,0,0.108422
2666,1951-02-17,8,3,0,0.10837
2667,1951-02-24,5,7,0,0.108317
2668,1951-03-03,2,4,0,0.108265
2669,1951-03-10,3,6,0,0.108213
2670,1951-03-17,8,2,0,0.10816
2671,1951-03-24,5,2,0,0.108108
2672,1951-03-31,3,4,0,0.108056
2673,1951-04-07,1,7,0,0.108004
2674,1951-04-14,7,2,0,0.107952
2675,1951-04-21,2,1,0,0.1079
2676,1951-04-28,1,3,0,0.107848
2677,1951-05-05,8,8,1,0.108277
2678,1951-05-12,5,3,0,0.108225
2679,1951-05-19,9,4,0,0.108173
2680,1951-05-26,2,9,0,0.108121
2681,1951-06-01,7,3,0,0.108069
2682,1951-06-09,9,1,0,0.108017
2683,1951-06-16,7,7,1,0.108445
2684,1951-06-23,4,8,0,0.108393
2685,1951-06-30,2,2,1,0.108821
2686,1951-07-07,1,4,0,0.108769
2687,1951-07-14,1,8,0,0.108716
2688,1951-07-21,5,3,0,0.108664
2689,1951-07-28,2,1,0,0.108612
2690,1951-08-04,3,3,1,0.109039
2691,1951-08-11,4,2,0,0.108987
2692,1951-08-18,3,2,0,0.108935
2693,1951-08-25,1,6,0,0.108883
2694,1951-09-01,4,2,0,0.108831
2695,1951-09-08,9,7,0,0.108779
2696,1951-09-15,4,3,0,0.108727
2697,1951-09-22,9,8,0,0.108675
2698,1951-09-29,7,3,0,0.108623
2699,1951-10-06,6,8,0,0.108571
2700,1951-10-13,6,9,0,0.10852
2701,1951-10-20,1,4,0,0.108468
2702,1951-10-27,5,2,0,0.108417
2703,1951-11-03,4,1,0,0.108365
2704,1951-11-10,4,5,0,0.108314
2705,1951-11-17,4,7,0,0.108262
2706,1951-11-24,5,7,0,0.108211
2707,1951-12-01,9,7,0,0.108159
2708,1951-12-10,4,9,0,0.108108
2709,1951-12-15,9,9,1,0.108531
2710,1951-12-22,7,3,0,0.108479
2711,1951-12-28,3,8,0,0.108428
2712,1952-01-05,4,9,0,0.108377
2713,1952-01-12,2,2,1,0.108798
2714,1952-01-19,7,4,0,0.108747
2715,1952-01-26,3,1,0,0.108696
2716,1952-02-02,7,9,0,0.108644
2717,1952-02-09,3,7,0,0.108593
2718,1952-02-16,4,7,0,0.108542
2719,1952-02-23,4,2,0,0.108491
2720,1952-03-01,8,7,0,0.108439
2721,1952-03-08,6,9,0,0.108388
2722,1952-03-15,6,2,0,0.108337
2723,1952-03-22,4,4,1,0.108757
2724,1952-03-29,6,6,1,0.109176
2725,1952-04-05,4,4,1,0.109595
2726,1952-04-12,6,6,1,0.110014
2727,1952-04-19,2,4,0,0.109962
2728,1952-04-26,2,2,1,0.11038
2729,1952-05-03,5,2,0,0.110329
2730,1952-05-10,2,1,0,0.110277
2731,1952-05-17,9,3,0,0.110225
2732,1952-05-24,8,2,0,0.110173
2733,1952-05-31,5,7,0,0.110122
2734,1952-06-07,9,4,0,0.11007
2735,1952-06-14,8,9,0,0.110019
2736,1952-06-21,7,5,0,0.109967
2737,1952-06-28,8,6,0,0.109916
2738,1952-07-05,7,3,0,0.109864
2739,1952-07-12,3,6,0,0.109813
2740,1952-07-19,1,7,0,0.109762
2741,1952-07-26,1,4,0,0.109711
2742,1952-08-02,1,3,0,0.109659
2743,1952-08-09,2,3,0,0.109608
2744,1952-08-16,8,8,1,0.110023
2745,1952-08-23,1,3,0,0.109972
2746,1952-08-30,4,9,0,0.109921
2747,1952-09-06,4,7,0,0.10987
2748,1952-09-13,6,7,0,0.109819
2749,1952-09-20,6,4,0,0.109767
2750,1952-09-27,9,4,0,0.109716
2751,1952-10-04,3,3,1,0.11013
2752,1952-10-11,7,5,0,0.110079
2753,1952-10-18,3,7,0,0.110028
2754,1952-10-25,5,7,0,0.109977
2755,1952-11-03,3,7,0,0.109926
2756,1952-11-08,4,7,0,0.109875
2757,1952-11-15,2,2,1,0.110287
2758,1952-11-22,5,4,0,0.110236
2759,1952-11-29,9,1,0,0.110185
2760,1952-12-06,4,9,0,0.110134
2761,1952-12-13,9,9,1,0.110546
2762,1952-12-20,2,3,0,0.110495
2763,1952-12-29,8,3,0,0.110444
2764,1953-01-03,5,3,0,0.110393
2765,1953-01-10,2,4,0,0.110342
2766,1953-01-17,7,3,0,0.110291
2767,1953-01-24,7,1,0,0.11024
2768,1953-01-31,2,6,0,0.110189
2769,1953-02-07,6,3,0,0.110138
2770,1953-02-14,5,4,0,0.110088
2771,1953-02-21,3,6,0,0.110037
2772,1953-02-28,8,7,0,0.109986
2773,1953-03-07,8,2,0,0.109936
2774,1953-03-14,2,4,0,0.109885
2775,1953-03-21,7,5,0,0.109835
2776,1953-03-28,8,1,0,0.109784
2777,1953-04-04,1,3,0,0.109734
2778,1953-04-11,1,9,0,0.109683
2779,1953-04-18,1,2,0,0.109633
2780,1953-04-25,3,2,0,0.109583
2781,1953-05-02,7,6,0,0.109533
2782,1953-05-09,9,7,0,0.109482
2783,1953-05-16,2,7,0,0.109432
2784,1953-05-23,8,3,0,0.109382
2785,1953-05-30,5,3,0,0.109332
2786,1953-06-06,2,4,0,0.109282
2787,1953-06-13,1,3,0,0.109232
2788,1953-06-20,2,8,0,0.109182
2789,1953-06-27,2,8,0,0.109132
2790,1953-07-04,8,2,0,0.109083
2791,1953-07-11,6,3,0,0.109033
2792,1953-07-18,7,2,0,0.108983
2793,1953-07-25,3,3,1,0.109389
2794,1953-08-01,3,7,0,0.109339
2795,1953-08-08,3,3,1,0.109745
2796,1953-08-14,6,3,0,0.109695
2797,1953-08-22,8,9,0,0.109645
2798,1953-08-29,9,9,1,0.11005
2799,1953-09-05,3,1,0,0.11
2800,1953-09-12,4,5,0,0.10995
2801,1953-09-19,1,2,0,0.1099
2802,1953-09-26,7,9,0,0.10985
2803,1953-10-03,2,1,0,0.1098
2804,1953-10-10,9,3,0,0.109751
2805,1953-10-17,7,2,0,0.109701
2806,1953-10-24,8,8,1,0.110104
2807,1953-10-31,8,3,0,0.110054
2808,1953-11-07,2,4,0,0.110005
2809,1953-11-14,6,5,0,0.109955
2810,1953-11-21,2,5,0,0.109905
2811,1953-11-28,7,2,0,0.109855
2812,1953-12-05,3,1,0,0.109806
2813,1953-12-12,5,7,0,0.109756
2814,1953-12-19,1,7,0,0.109707
2815,1953-12-28,5,4,0,0.109657
2816,1954-01-02,3,1,0,0.109608
2817,1954-01-09,1,7,0,0.109558
2818,1954-01-16,5,4,0,0.109509
2819,1954-01-23,6,1,0,0.109459
2820,1954-01-30,1,8,0,0.10941
2821,1954-02-06,5,2,0,0.109361
2822,1954-02-13,7,1,0,0.109312
2823,1954-02-20,7,6,0,0.109263
2824,1954-02-27,2,6,0,0.109213
2825,1954-03-06,8,3,0,0.109164
2826,1954-03-13,8,3,0,0.109115
2827,1954-03-20,5,4,0,0.109066
2828,1954-03-27,8,2,0,0.109017
2829,1954-04-03,8,6,0,0.108969
2830,1954-04-10,3,4,0,0.10892
2831,1954-04-17,3,5,0,0.108871
2832,1954-04-24,3,3,1,0.10927
2833,1954-04-30,9,3,0,0.109221
2834,1954-05-08,9,5,0,0.109172
2835,1954-05-15,7,6,0,0.109123
2836,1954-05-22,2,8,0,0.109075
2837,1954-05-29,9,3,0,0.109026
2838,1954-06-05,6,2,0,0.108977
2839,1954-06-12,9,3,0,0.108929
2840,1954-06-19,3,3,1,0.109326
2841,1954-06-26,5,5,1,0.109723
2842,1954-07-03,6,7,0,0.109675
2843,1954-07-10,9,8,0,0.109626
2844,1954-07-17,4,3,0,0.109577
2845,1954-07-24,3,9,0,0.109528
2846,1954-07-31,8,6,0,0.109479
2847,1954-08-07,9,2,0,0.109431
2848,1954-08-14,4,1,0,0.109382
2849,1954-08-21,1,9,0,0.109333
2850,1954-08-28,9,9,1,0.109729
2851,1954-09-04,7,1,0,0.10968
2852,1954-09-11,6,8,0,0.109632
2853,1954-09-18,3,9,0,0.109583
2854,1954-09-25,2,4,0,0.109534
2855,1954-10-02,2,5,0,0.109486
2856,1954-10-09,2,8,0,0.109437
2857,1954-10-16,1,2,0,0.109389
2858,1954-10-23,6,8,0,0.10934
2859,1954-10-30,8,7,0,0.109292
2860,1954-11-06,6,9,0,0.109244
2861,1954-11-13,4,2,0,0.109195
2862,1954-11-20,3,6,0,0.109147
2863,1954-11-27,9,6,0,0.109099
2864,1954-12-04,2,9,0,0.109051
2865,1954-12-11,9,3,0,0.109003
2866,1954-12-18,4,6,0,0.108955
2867,1954-12-24,7,9,0,0.108907
2868,1954-12-31,7,7,1,0.109299
2869,1955-01-08,4,6,0,0.109251
2870,1955-01-15,6,2,0,0.109203
2871,1955-01-22,3,4,0,0.109155
2872,1955-01-29,2,4,0,0.109107
2873,1955-02-05,1,5,0,0.109059
2874,1955-02-12,9,8,0,0.109011
2875,1955-02-19,5,7,0,0.108963
2876,1955-02-26,1,6,0,0.108915
2877,1955-03-05,2,4,0,0.108867
2878,1955-03-12,2,8,0,0.10882
2879,1955-03-19,5,2,0,0.108772
2880,1955-03-26,4,1,0,0.108724
2881,1955-04-02,3,4,0,0.108677
2882,1955-04-09,3,6,0,0.108629
2883,1955-04-16,8,3,0,0.108581
2884,1955-04-23,6,2,0,0.108534
2885,1955-04-30,9,2,0,0.108486
2886,1955-05-07,2,3,0,0.108439
2887,1955-05-14,1,3,0,0.108392
2888,1955-05-21,4,8,0,0.108344
2889,1955-05-28,9,7,0,0.108297
2890,1955-06-04,6,3,0,0.10825
2891,1955-06-11,2,3,0,0.108202
2892,1955-06-18,1,2,0,0.108155
2893,1955-06-25,3,8,0,0.108108
2894,1955-07-02,1,6,0,0.108061
2895,1955-07-09,3,4,0,0.108014
2896,1955-07-16,4,6,0,0.107967
2897,1955-07-23,3,2,0,0.10792
2898,1955-07-30,5,6,0,0.107873
2899,1955-08-06,2,7,0,0.107826
2900,1955-08-13,1,3,0,0.107779
2901,1955-08-20,2,8,0,0.107732
2902,1955-08-27,7,8,0,0.107686
2903,1955-09-03,2,1,0,0.107639
2904,1955-09-10,3,3,1,0.108026
2905,1955-09-17,3,2,0,0.107979
2906,1955-09-24,6,3,0,0.107932
2907,1955-10-01,6,9,0,0.107886
2908,1955-10-08,7,4,0,0.107839
2909,1955-10-15,7,3,0,0.107792
2910,1955-10-22,2,6,0,0.107746
2911,1955-10-29,8,3,0,0.107699
2912,1955-11-05,8,3,0,0.107652
2913,1955-11-12,1,4,0,0.107606
2914,1955-11-19,3,9,0,0.107559
2915,1955-11-26,5,6,0,0.107513
2916,1955-12-03,4,7,0,0.107467
2917,1955-12-10,4,4,1,0.107852
2918,1955-12-17,5,7,0,0.107805
2919,1955-12-24,7,7,1,0.10819
2920,1955-12-31,9,6,0,0.108143
2921,1956-01-07,9,7,0,0.108096
2922,1956-01-14,7,7,1,0.10848
2923,1956-01-21,3,8,0,0.108434
2924,1956-01-28,8,7,0,0.108387
2925,1956-02-04,2,2,1,0.10877
2926,1956-02-11,5,5,1,0.109153
2927,1956-02-18,8,1,0,0.109107
2928,1956-02-25,4,6,0,0.10906
2929,1956-03-03,6,4,0,0.109013
2930,1956-03-10,8,4,0,0.108966
2931,1956-03-17,8,9,0,0.108919
2932,1956-03-24,8,4,0,0.108873
2933,1956-03-31,3,4,0,0.108826
2934,1956-04-07,5,5,1,0.109208
2935,1956-04-14,6,7,0,0.109161
2936,1956-04-21,3,8,0,0.109114
2937,1956-04-28,8,4,0,0.109068
2938,1956-05-05,9,2,0,0.109021
2939,1956-05-12,6,1,0,0.108974
2940,1956-05-19,5,3,0,0.108928
2941,1956-05-26,3,6,0,0.108881
2942,1956-06-02,1,7,0,0.108835
2943,1956-06-09,8,4,0,0.108788
2944,1956-06-16,7,3,0,0.108742
2945,1956-06-23,1,6,0,0.108696
2946,1956-06-30,3,7,0,0.108649
2947,1956-07-07,1,5,0,0.108603
2948,1956-07-14,2,4,0,0.108557
2949,1956-07-21,7,8,0,0.108511
2950,1956-07-28,4,1,0,0.108464
2951,1956-08-04,5,2,0,0.108418
2952,1956-08-11,4,7,0,0.108372
2953,1956-08-18,1,4,0,0.108326
2954,1956-08-25,9,9,1,0.108705
2955,1956-09-01,1,7,0,0.108659
2956,1956-09-08,4,6,0,0.108613
2957,1956-09-15,8,7,0,0.108567
2958,1956-09-22,7,6,0,0.108521
2959,1956-09-29,4,6,0,0.108475
2960,1956-10-06,9,2,0,0.108429
2961,1956-10-13,3,3,1,0.108806
2962,1956-10-20,5,5,1,0.109183
2963,1956-10-27,1,7,0,0.109137
2964,1956-11-03,6,4,0,0.109091
2965,1956-11-10,3,7,0,0.109045
2966,1956-11-17,4,4,1,0.109421
2967,1956-11-24,2,2,1,0.109797
2968,1956-12-01,3,5,0,0.109751
2969,1956-12-07,1,3,0,0.109705
2970,1956-12-15,4,2,0,0.109658
2971,1956-12-22,4,7,0,0.109612
2972,1956-12-29,6,7,0,0.109566
2973,1957-01-05,7,4,0,0.10952
2974,1957-01-12,6,3,0,0.109474
2975,1957-01-19,9,9,1,0.109848
2976,1957-01-26,8,3,0,0.109802
2977,1957-02-02,6,7,0,0.109756
2978,1957-02-09,7,2,0,0.10971
2979,1957-02-16,8,3,0,0.109664
2980,1957-02-23,4,3,0,0.109618
2981,1957-03-02,8,4,0,0.109572
2982,1957-03-09,6,6,1,0.109945
2983,1957-03-16,5,2,0,0.109899
2984,1957-03-23,5,6,0,0.109853
2985,1957-03-30,9,4,0,0.109807
2986,1957-04-06,1,9,0,0.109761
2987,1957-04-13,3,4,0,0.109715
2988,1957-04-20,2,5,0,0.109669
2989,1957-04-27,4,5,0,0.109623
2990,1957-05-04,6,7,0,0.109578
2991,1957-05-11,4,4,1,0.10995
2992,1957-05-18,2,6,0,0.109904
2993,1957-05-25,9,5,0,0.109858
2994,1957-06-01,6,6,1,0.11023
2995,1957-06-08,1,3,0,0.110184
2996,1957-06-15,1,2,0,0.110138
2997,1957-06-22,3,3,1,0.110509
2998,1957-06-28,4,5,0,0.110463
2999,1957-07-06,1,2,0,0.110417
3000,1957-07-13,6,9,0,0.110371
3001,1957-07-20,2,7,0,0.110325
3002,1957-07-27,6,2,0,0.110279
3003,1957-08-03,6,5,0,0.110233
3004,1957-08-10,1,4,0,0.110187
3005,1957-08-17,1,2,0,0.110141
3006,1957-08-24,5,3,0,0.110096
3007,1957-08-31,9,7,0,0.11005
3008,1957-09-07,7,9,0,0.110004
3009,1957-09-14,4,8,0,0.109959
3010,1957-09-21,4,2,0,0.109913
3011,1957-09-28,5,7,0,0.109867
3012,1957-10-05,6,7,0,0.109822
3013,1957-10-12,7,8,0,0.109776
3014,1957-10-19,2,3,0,0.109731
3015,1957-10-26,2,3,0,0.109685
3016,1957-11-02,8,2,0,0.10964
3017,1957-11-09,6,8,0,0.109595
3018,1957-11-16,3,2,0,0.109549
3019,1957-11-23,5,4,0,0.109504
3020,1957-11-30,3,7,0,0.109459
3021,1957-12-07,9,7,0,0.109414
3022,1957-12-14,6,9,0,0.109369
3023,1957-12-21,3,3,1,0.109736
3024,1957-12-28,9,4,0,0.109691
3025,1958-01-04,6,9,0,0.109646
3026,1958-01-11,8,3,0,0.1096
3027,1958-01-18,9,9,1,0.109967
3028,1958-01-25,4,1,0,0.109922
3029,1958-02-01,8,9,0,0.109877
3030,1958-02-08,5,6,0,0.109831
3031,1958-02-15,1,8,0,0.109786
3032,1958-02-22,5,4,0,0.109741
3033,1958-03-01,8,7,0,0.109696
3034,1958-03-08,5,6,0,0.109651
3035,1958-03-15,6,8,0,0.109606
3036,1958-03-22,8,8,1,0.109971
3037,1958-03-29,7,9,0,0.109926
3038,1958-04-05,2,6,0,0.109881
3039,1958-04-12,3,3,1,0.110246
3040,1958-04-19,4,3,0,0.110201
3041,1958-04-26,4,2,0,0.110156
3042,1958-05-03,1,7,0,0.110111
3043,1958-05-10,1,9,0,0.110065
3044,1958-05-17,1,3,0,0.11002
3045,1958-05-24,9,3,0,0.109975
3046,1958-05-31,3,1,0,0.109931
3047,1958-06-07,7,5,0,0.109886
3048,1958-06-14,1,7,0,0.109841
3049,1958-06-21,1,7,0,0.109796
3050,1958-06-28,4,3,0,0.109751
3051,1958-07-05,7,7,1,0.110114
3052,1958-07-12,3,7,0,0.110069
3053,1958-07-19,3,7,0,0.110024
3054,1958-07-26,8,3,0,0.10998
3055,1958-08-02,6,2,0,0.109935
3056,1958-08-09,4,2,0,0.10989
3057,1958-08-16,3,6,0,0.109845
3058,1958-08-23,7,6,0,0.109801
3059,1958-08-30,7,7,1,0.110163
3060,1958-09-06,9,6,0,0.110118
3061,1958-09-13,7,7,1,0.110479
3062,1958-09-20,1,8,0,0.110434
3063,1958-09-27,7,7,1,0.110795
3064,1958-10-04,5,1,0,0.110751
3065,1958-10-11,9,3,0,0.110706
3066,1958-10-18,4,9,0,0.110661
3067,1958-10-25,9,9,1,0.111021
3068,1958-11-01,8,3,0,0.110976
3069,1958-11-08,2,7,0,0.110931
3070,1958-11-15,6,5,0,0.110886
3071,1958-11-22,3,5,0,0.110841
3072,1958-11-29,9,4,0,0.110797
3073,1958-12-06,3,9,0,0.110752
3074,1958-12-13,2,5,0,0.110707
3075,1958-12-20,2,5,0,0.110662
3076,1958-12-27,3,8,0,0.110618
3077,1959-01-03,2,3,0,0.110573
3078,1959-01-10,4,5,0,0.110528
3079,1959-01-17,3,7,0,0.110484
3080,1959-01-24,6,6,1,0.110842
3081,1959-01-31,3,9,0,0.110798
3082,1959-02-07,7,4,0,0.110753
3083,1959-02-14,5,7,0,0.110709
3084,1959-02-21,6,3,0,0.110664
3085,1959-02-28,3,8,0,0.110619
3086,1959-03-07,9,4,0,0.110575
3087,1959-03-14,6,9,0,0.110531
3088,1959-03-21,9,3,0,0.110486
3089,1959-03-28,7,3,0,0.110442
3090,1959-04-04,5,8,0,0.110397
3091,1959-04-11,3,3,1,0.110754
3092,1959-04-18,7,7,1,0.111111
3093,1959-04-27,8,7,0,0.111067
3094,1959-05-04,9,3,0,0.111022
3095,1959-05-09,3,1,0,0.110978
3096,1959-05-16,3,5,0,0.110933
3097,1959-05-23,3,3,1,0.111289
3098,1959-05-30,8,3,0,0.111244
3099,1959-06-06,9,2,0,0.1112
3100,1959-06-13,1,1,1,0.111555
3101,1959-06-20,5,4,0,0.111511
3102,1959-06-27,6,7,0,0.111466
3103,1959-07-04,6,8,0,0.111422
3104,1959-07-11,2,4,0,0.111377
3105,1959-07-18,6,2,0,0.111333
3106,1959-07-25,1,5,0,0.111288
3107,1959-08-01,8,2,0,0.111244
3108,1959-08-08,1,3,0,0.1112
3109,1959-08-17,5,9,0,0.111155
3110,1959-08-22,8,7,0,0.111111
3111,1959-08-29,3,6,0,0.111067
3112,1959-09-05,7,5,0,0.111023
3113,1959-09-12,5,7,0,0.110979
3114,1959-09-19,9,3,0,0.110934
3115,1959-09-26,2,9,0,0.11089
3116,1959-10-03,8,3,0,0.110846
3117,1959-10-10,5,8,0,0.110802
3118,1959-10-17,1,8,0,0.110758
3119,1959-10-24,4,4,1,0.111111
3120,1959-10-31,4,7,0,0.111067
3121,1959-11-07,6,7,0,0.111023
3122,1959-11-14,9,4,0,0.110979
3123,1959-11-21,3,3,1,0.111331
3124,1959-11-28,3,5,0,0.111287
3125,1959-12-05,3,3,1,0.111639
3126,1959-12-12,2,3,0,0.111595
3127,1959-12-19,5,4,0,0.111551
3128,1959-12-28,8,1,0,0.111507
3129,1960-01-04,8,6,0,0.111462
3130,1960-01-09,5,4,0,0.111418
3131,1960-01-16,9,8,0,0.111374
3132,1960-01-23,1,9,0,0.11133
3133,1960-01-30,4,4,1,0.111681
3134,1960-02-06,5,7,0,0.111637
3135,1960-02-13,7,7,1,0.111987
3136,1960-02-20,2,6,0,0.111943
3137,1960-02-27,4,3,0,0.111899
3138,1960-03-05,2,7,0,0.111855
3139,1960-03-12,6,5,0,0.111811
3140,1960-03-21,5,5,1,0.112161
3141,1960-03-26,3,5,0,0.112116
3142,1960-04-02,2,7,0,0.112072
3143,1960-04-09,3,5,0,0.112028
3144,1960-04-16,8,2,0,0.111984
3145,1960-04-23,5,2,0,0.11194
3146,1960-04-30,7,8,0,0.111896
3147,1960-05-07,8,6,0,0.111852
3148,1960-05-14,1,3,0,0.111809
3149,1960-05-21,4,9,0,0.111765
3150,1960-05-28,9,7,0,0.111721
3151,1960-06-04,6,3,0,0.111677
3152,1960-06-11,8,3,0,0.111633
3153,1960-06-18,9,9,1,0.111981
3154,1960-06-25,8,1,0,0.111937
3155,1960-07-02,4,7,0,0.111894
3156,1960-07-09,6,4,0,0.11185
3157,1960-07-16,7,4,0,0.111806
3158,1960-07-23,3,3,1,0.112153
3159,1960-07-30,8,7,0,0.112109
3160,1960-08-06,7,2,0,0.112066
3161,1960-08-13,4,6,0,0.112022
3162,1960-08-20,6,2,0,0.111978
3163,1960-08-27,4,4,1,0.112324
3164,1960-09-03,3,6,0,0.112281
3165,1960-09-10,3,6,0,0.112237
3166,1960-09-17,3,3,1,0.112583
3167,1960-09-24,1,3,0,0.112539
3168,1960-10-01,4,4,1,0.112884
3169,1960-10-08,5,7,0,0.11284
3170,1960-10-15,6,7,0,0.112797
3171,1960-10-22,7,8,0,0.112753
3172,1960-10-29,3,3,1,0.113098
3173,1960-11-07,5,7,0,0.113054
3174,1960-11-12,1,7,0,0.11301
3175,1960-11-19,8,4,0,0.112966
3176,1960-11-26,7,1,0,0.112922
3177,1960-12-03,7,6,0,0.112878
3178,1960-12-10,5,6,0,0.112834
3179,1960-12-17,8,3,0,0.112791
3180,1960-12-24,6,8,0,0.112747
3181,1960-12-31,6,2,0,0.112703
3182,1961-01-09,9,4,0,0.11266
3183,1961-01-14,7,3,0,0.112616
3184,1961-01-21,5,8,0,0.112573
3185,1961-01-28,3,3,1,0.112916
3186,1961-02-04,1,7,0,0.112872
3187,1961-02-11,7,4,0,0.112828
3188,1961-02-18,6,1,0,0.112785
3189,1961-02-25,3,9,0,0.112741
3190,1961-03-04,2,9,0,0.112698
3191,1961-03-11,1,5,0,0.112654
3192,1961-03-18,9,2,0,0.112611
3193,1961-03-25,8,1,0,0.112567
3194,1961-04-01,5,7,0,0.112524
3195,1961-04-08,4,8,0,0.112481
3196,1961-04-15,9,4,0,0.112437
3197,1961-04-22,6,3,0,0.112394
3198,1961-04-29,8,3,0,0.112351
3199,1961-05-06,7,9,0,0.112308
3200,1961-05-13,3,6,0,0.112265
3201,1961-05-20,3,7,0,0.112221
3202,1961-05-27,5,3,0,0.112178
3203,1961-06-05,9,7,0,0.112135
3204,1961-06-17,4,9,0,0.112092
3205,1961-06-24,7,9,0,0.112049
3206,1961-07-01,3,7,0,0.112006
3207,1961-07-08,6,3,0,0.111963
3208,1961-07-15,5,9,0,0.11192
3209,1961-07-22,8,5,0,0.111877
3210,1961-07-29,6,6,1,0.112218
3211,1961-08-05,5,2,0,0.112175
3212,1961-08-12,4,5,0,0.112132
3213,1961-08-19,3,4,0,0.112089
3214,1961-08-26,7,6,0,0.112046
3215,1961-09-02,8,7,0,0.112003
3216,1961-09-09,8,3,0,0.11196
3217,1961-09-16,3,4,0,0.111917
3218,1961-09-23,2,5,0,0.111875
3219,1961-09-30,4,5,0,0.111832
3220,1961-10-07,7,7,1,0.112171
3221,1961-10-14,4,7,0,0.112128
3222,1961-10-21,6,2,0,0.112085
3223,1961-10-28,3,4,0,0.112043
3224,1961-11-06,1,9,0,0.112
3225,1961-11-11,6,4,0,0.111957
3226,1961-11-18,2,7,0,0.111915
3227,1961-11-25,2,2,1,0.112253
3228,1961-12-02,9,8,0,0.11221
3229,1961-12-11,3,6,0,0.112167
3230,1961-12-16,8,5,0,0.112125
3231,1961-12-23,5,2,0,0.112082
3232,1961-12-30,4,4,1,0.112419
3233,1962-01-06,6,4,0,0.112377
3234,1962-01-13,4,4,1,0.112713
3235,1962-01-20,7,6,0,0.112671
3236,1962-01-27,7,7,1,0.113007
3237,1962-02-03,4,6,0,0.112964
3238,1962-02-10,1,2,0,0.112922
3239,1962-02-17,3,9,0,0.112879
3240,1962-02-24,3,5,0,0.112836
3241,1962-03-03,8,3,0,0.112793
3242,1962-03-10,5,2,0,0.112751
3243,1962-03-17,4,4,1,0.113086
3244,1962-03-24,9,4,0,0.113043
3245,1962-03-31,5,6,0,0.113001
3246,1962-04-07,2,6,0,0.112958
3247,1962-04-14,2,3,0,0.112915
3248,1962-04-21,9,8,0,0.112873
3249,1962-04-28,2,6,0,0.11283
3250,1962-05-05,8,3,0,0.112788
3251,1962-05-12,1,8,0,0.112745
3252,1962-05-19,3,9,0,0.112703
3253,1962-05-26,6,5,0,0.11266
3254,1962-06-02,6,9,0,0.112618
3255,1962-06-09,1,4,0,0.112575
3256,1962-06-16,9,2,0,0.112533
3257,1962-06-23,3,1,0,0.112491
3258,1962-06-30,5,5,1,0.112824
3259,1962-07-07,7,7,1,0.113158
3260,1962-07-14,5,6,0,0.113115
3261,1962-07-21,4,3,0,0.113073
3262,1962-07-28,4,4,1,0.113406
3263,1962-08-04,8,7,0,0.113363
3264,1962-08-11,9,6,0,0.113321
3265,1962-08-18,2,1,0,0.113278
3266,1962-08-25,3,3,1,0.113611
3267,1962-09-01,6,2,0,0.113568
3268,1962-09-08,3,9,0,0.113526
3269,1962-09-15,1,9,0,0.113483
3270,1962-09-22,6,4,0,0.113441
3271,1962-09-29,2,7,0,0.113398
3272,1962-10-06,9,2,0,0.113356
3273,1962-10-13,7,6,0,0.113313
3274,1962-10-20,7,8,0,0.113271
3275,1962-10-27,1,6,0,0.113229
3276,1962-11-03,1,7,0,0.113186
3277,1962-11-10,8,3,0,0.113144
3278,1962-11-17,9,1,0,0.113102
3279,1962-11-24,6,1,0,0.11306
3280,1962-12-01,5,3,0,0.113018
3281,1962-12-08,2,5,0,0.112975
3282,1962-12-15,2,3,0,0.112933
3283,1962-12-22,2,8,0,0.112891
3284,1962-12-29,8,2,0,0.112849
3285,1963-01-05,1,8,0,0.112807
3286,1963-01-12,1,9,0,0.112765
3287,1963-01-19,8,3,0,0.112723
3288,1963-01-26,1,1,1,0.113053
3289,1963-02-02,3,9,0,0.113011
3290,1963-02-09,3,6,0,0.112969
3291,1963-02-16,8,3,0,0.112927
3292,1963-02-23,4,2,0,0.112885
3293,1963-03-02,4,6,0,0.112843
3294,1963-03-09,8,7,0,0.112801
3295,1963-03-16,1,6,0,0.11276
3296,1963-03-23,6,9,0,0.112718
3297,1963-03-30,3,7,0,0.112676
3298,1963-04-06,2,9,0,0.112634
3299,1963-04-13,6,4,0,0.112593
3300,1963-04-20,3,5,0,0.112551
3301,1963-04-27,7,9,0,0.112509
3302,1963-05-04,1,7,0,0.112468
3303,1963-05-11,5,7,0,0.112426
3304,1963-05-18,8,7,0,0.112384
3305,1963-05-25,8,6,0,0.112343
3306,1963-06-01,8,3,0,0.112301
3307,1963-06-08,2,3,0,0.11226
3308,1963-06-15,8,5,0,0.112219
3309,1963-06-22,7,1,0,0.112177
3310,1963-07-01,6,6,1,0.112505
3311,1963-07-06,8,9,0,0.112463
3312,1963-07-13,5,9,0,0.112422
3313,1963-07-20,7,4,0,0.11238
3314,1963-07-27,8,6,0,0.112339
3315,1963-08-03,3,3,1,0.112666
3316,1963-08-10,1,5,0,0.112624
3317,1963-08-17,6,4,0,0.112583
3318,1963-08-24,1,7,0,0.112541
3319,1963-08-31,2,2,1,0.112868
3320,1963-09-07,3,8,0,0.112826
3321,1963-09-14,7,2,0,0.112785
3322,1963-09-21,9,7,0,0.112743
3323,1963-09-28,8,7,0,0.112702
3324,1963-10-05,3,5,0,0.112661
3325,1963-10-12,8,5,0,0.112619
3326,1963-10-19,6,2,0,0.112578
3327,1963-10-26,4,2,0,0.112537
3328,1963-11-02,6,6,1,0.112862
3329,1963-11-09,4,4,1,0.113187
3330,1963-11-16,6,6,1,0.113512
3331,1963-11-23,2,4,0,0.11347
3332,1963-11-30,7,2,0,0.113428
3333,1963-12-07,3,1,0,0.113387
3334,1963-12-14,3,3,1,0.113711
3335,1963-12-21,3,3,1,0.114035
3336,1963-12-28,9,3,0,0.113993
3337,1964-01-04,4,9,0,0.113952
3338,1964-01-11,2,9,0,0.11391
3339,1964-01-18,9,5,0,0.113869
3340,1964-01-25,9,6,0,0.113827
3341,1964-02-01,2,7,0,0.113786
3342,1964-02-08,7,3,0,0.113744
3343,1964-02-15,7,1,0,0.113703
3344,1964-02-22,6,6,1,0.114026
3345,1964-02-29,1,9,0,0.113984
3346,1964-03-07,3,2,0,0.113942
3347,1964-03-14,1,6,0,0.113901
3348,1964-03-21,2,4,0,0.11386
3349,1964-03-28,6,8,0,0.113818
3350,1964-04-07,2,5,0,0.113777
3351,1964-04-11,7,2,0,0.113735
3352,1964-04-18,7,1,0,0.113694
3353,1964-04-27,9,6,0,0.113653
3354,1964-05-04,5,7,0,0.113612
3355,1964-05-09,5,6,0,0.11357
3356,1964-05-16,6,4,0,0.113529
3357,1964-05-23,6,8,0,0.113488
3358,1964-05-30,7,4,0,0.113447
3359,1964-06-06,2,3,0,0.113406
3360,1964-06-13,2,3,0,0.113365
3361,1964-06-20,6,8,0,0.113324
3362,1964-06-27,1,5,0,0.113283
3363,1964-07-04,7,2,0,0.113242
3364,1964-07-11,4,1,0,0.113201
3365,1964-07-18,4,2,0,0.11316
3366,1964-07-25,5,7,0,0.113119
3367,1964-08-01,9,7,0,0.113078
3368,1964-08-08,8,9,0,0.113037
3369,1964-08-17,6,5,0,0.112996
3370,1964-08-22,5,2,0,0.112956
3371,1964-08-29,6,5,0,0.112915
3372,1964-09-05,5,8,0,0.112874
3373,1964-09-12,2,6,0,0.112833
3374,1964-09-19,4,3,0,0.112793
3375,1964-09-26,3,7,0,0.112752
3376,1964-10-03,6,6,1,0.113072
3377,1964-10-10,4,3,0,0.113031
3378,1964-10-17,6,6,1,0.11335
3379,1964-10-24,2,4,0,0.113309
3380,1964-10-31,5,2,0,0.113269
3381,1964-11-07,5,1,0,0.113228
3382,1964-11-14,1,6,0,0.113187
3383,1964-11-21,4,4,1,0.113506
3384,1964-11-28,3,7,0,0.113465
3385,1964-12-05,8,6,0,0.113424
3386,1964-12-12,6,2,0,0.113384
3387,1964-12-19,1,2,0,0.113343
3388,1964-12-28,9,2,0,0.113302
3389,1965-01-02,2,1,0,0.113262
3390,1965-01-09,8,3,0,0.113221
3391,1965-01-16,3,1,0,0.113181
3392,1965-01-23,9,5,0,0.11314
3393,1965-01-30,6,9,0,0.113099
3394,1965-02-06,5,3,0,0.113059
3395,1965-02-13,4,6,0,0.113019
3396,1965-02-20,4,4,1,0.113336
3397,1965-02-27,3,5,0,0.113295
3398,1965-03-06,3,6,0,0.113255
3399,1965-03-13,9,3,0,0.113214
3400,1965-03-20,8,9,0,0.113174
3401,1965-03-27,4,5,0,0.113133
3402,1965-04-03,2,4,0,0.113093
3403,1965-04-10,3,5,0,0.113053
3404,1965-04-17,8,2,0,0.113012
3405,1965-04-24,5,2,0,0.112972
3406,1965-04-30,2,4,0,0.112932
3407,1965-05-08,3,3,1,0.113248
3408,1965-05-15,8,2,0,0.113208
3409,1965-05-22,1,5,0,0.113167
3410,1965-05-29,1,9,0,0.113127
3411,1965-06-05,9,3,0,0.113087
3412,1965-06-12,1,1,1,0.113402
3413,1965-06-19,2,4,0,0.113362
3414,1965-06-26,8,8,1,0.113677
3415,1965-07-03,4,3,0,0.113636
3416,1965-07-10,1,4,0,0.113596
3417,1965-07-17,9,9,1,0.113911
3418,1965-07-24,6,1,0,0.11387
3419,1965-07-31,9,3,0,0.11383
3420,1965-08-07,3,3,1,0.114144
3421,1965-08-14,3,5,0,0.114103
3422,1965-08-21,9,3,0,0.114063
3423,1965-08-28,4,9,0,0.114023
3424,1965-09-04,6,9,0,0.113982
3425,1965-09-11,7,4,0,0.113942
3426,1965-09-18,8,3,0,0.113902
3427,1965-09-25,6,3,0,0.113861
3428,1965-10-02,4,2,0,0.113821
3429,1965-10-09,1,6,0,0.113781
3430,1965-10-16,6,9,0,0.113741
3431,1965-10-23,6,7,0,0.113701
3432,1965-10-30,2,4,0,0.11366
3433,1965-11-06,7,2,0,0.11362
3434,1965-11-13,1,1,1,0.113933
3435,1965-11-20,9,7,0,0.113893
3436,1965-11-27,7,1,0,0.113853
3437,1965-12-04,8,8,1,0.114165
3438,1965-12-11,7,3,0,0.114125
3439,1965-12-18,5,6,0,0.114085
3440,1965-12-24,5,3,0,0.114044
3441,1966-01-03,8,6,0,0.114004
3442,1966-01-08,5,6,0,0.113964
3443,1966-01-15,1,4,0,0.113924
3444,1966-01-22,5,4,0,0.113884
3445,1966-01-29,1,7,0,0.113844
3446,1966-02-05,9,4,0,0.113804
3447,1966-02-12,9,1,0,0.113764
3448,1966-02-19,8,7,0,0.113724
3449,1966-02-26,9,5,0,0.113684
3450,1966-03-05,8,1,0,0.113644
3451,1966-03-12,2,5,0,0.113604
3452,1966-03-19,7,5,0,0.113565
3453,1966-03-26,3,1,0,0.113525
3454,1966-04-02,6,3,0,0.113485
3455,1966-04-09,1,3,0,0.113445
3456,1966-04-16,6,2,0,0.113406
3457,1966-04-23,3,7,0,0.113366
3458,1966-04-30,9,9,1,0.113676
3459,1966-05-07,8,9,0,0.113636
3460,1966-05-14,5,5,1,0.113946
3461,1966-05-21,7,4,0,0.113906
3462,1966-05-28,7,6,0,0.113867
3463,1966-06-04,7,6,0,0.113827
3464,1966-06-11,1,6,0,0.113787
3465,1966-06-18,2,7,0,0.113747
3466,1966-06-25,3,8,0,0.113708
3467,1966-07-02,6,2,0,0.113668
3468,1966-07-09,5,3,0,0.113628
3469,1966-07-16,9,6,0,0.113589
3470,1966-07-23,4,8,0,0.113549
3471,1966-07-30,9,9,1,0.113858
3472,1966-08-06,2,6,0,0.113818
3473,1966-08-13,7,3,0,0.113779
3474,1966-08-20,9,1,0,0.113739
3475,1966-08-27,5,7,0,0.1137
3476,1966-09-03,3,6,0,0.11366
3477,1966-09-10,5,7,0,0.113621
3478,1966-09-17,4,7,0,0.113581
3479,1966-09-24,1,4,0,0.113542
3480,1966-10-01,8,9,0,0.113502
3481,1966-10-08,6,1,0,0.113463
3482,1966-10-15,7,4,0,0.113424
3483,1966-10-22,7,3,0,0.113384
3484,1966-10-29,7,6,0,0.113345
3485,1966-11-05,8,6,0,0.113306
3486,1966-11-12,9,3,0,0.113266
3487,1966-11-19,7,1,0,0.113227
3488,1966-11-26,8,8,1,0.113534
3489,1966-12-03,7,3,0,0.113495
3490,1966-12-10,9,6,0,0.113456
3491,1966-12-17,1,7,0,0.113416
3492,1966-12-24,7,4,0,0.113377
3493,1966-12-31,2,1,0,0.113338
3494,1967-01-07,3,3,1,0.113644
3495,1967-01-14,4,2,0,0.113605
3496,1967-01-21,3,2,0,0.113566
3497,1967-01-28,1,6,0,0.113527
3498,1967-02-04,6,4,0,0.113487
3499,1967-02-11,9,7,0,0.113448
3500,1967-02-18,1,3,0,0.113409
3501,1967-02-25,3,4,0,0.11337
3502,1967-03-04,2,6,0,0.113331
3503,1967-03-11,9,4,0,0.113292
3504,1967-03-18,4,6,0,0.113253
3505,1967-03-25,2,9,0,0.113214
3506,1967-04-01,5,5,1,0.113519
3507,1967-04-08,6,1,0,0.11348
3508,1967-04-15,7,8,0,0.113441
3509,1967-04-22,5,3,0,0.113402
3510,1967-04-29,1,3,0,0.113363
3511,1967-05-06,5,4,0,0.113324
3512,1967-05-13,1,1,1,0.113629
3513,1967-05-20,7,4,0,0.11359
3514,1967-05-27,4,1,0,0.113551
3515,1967-06-03,6,2,0,0.113512
3516,1967-06-10,3,4,0,0.113473
3517,1967-06-17,9,9,1,0.113777
3518,1967-06-24,5,9,0,0.113738
3519,1967-07-01,5,6,0,0.113699
3520,1967-07-08,4,6,0,0.11366
3521,1967-07-15,8,4,0,0.113621
3522,1967-07-22,2,6,0,0.113582
3523,1967-07-29,4,5,0,0.113543
3524,1967-08-05,5,7,0,0.113504
3525,1967-08-12,5,7,0,0.113465
3526,1967-08-19,6,4,0,0.113427
3527,1967-08-26,2,8,0,0.113388
3528,1967-09-02,9,2,0,0.113349
3529,1967-09-09,1,6,0,0.113311
3530,1967-09-16,8,4,0,0.113272
3531,1967-09-23,1,1,1,0.113574
3532,1967-09-30,4,9,0,0.113536
3533,1967-10-07,6,7,0,0.113497
3534,1967-10-16,3,4,0,0.113458
3535,1967-10-21,9,9,1,0.11376
3536,1967-10-27,8,5,0,0.113721
3537,1967-11-06,4,5,0,0.113683
3538,1967-11-11,2,4,0,0.113644
3539,1967-11-18,2,5,0,0.113605
3540,1967-11-25,8,8,1,0.113907
3541,1967-12-02,5,3,0,0.113868
3542,1967-12-09,3,4,0,0.113829
3543,1967-12-16,5,7,0,0.113791
3544,1967-12-23,3,7,0,0.113752
3545,1967-12-30,6,7,0,0.113714
3546,1968-01-05,4,3,0,0.113675
3547,1968-01-13,3,6,0,0.113636
3548,1968-01-20,8,6,0,0.113598
3549,1968-01-27,7,5,0,0.113559
3550,1968-02-03,4,6,0,0.113521
3551,1968-02-10,4,2,0,0.113482
3552,1968-02-17,2,3,0,0.113444
3553,1968-02-24,2,5,0,0.113406
3554,1968-03-02,3,8,0,0.113367
3555,1968-03-09,3,2,0,0.113329
3556,1968-03-16,1,3,0,0.11329
3557,1968-03-23,6,6,1,0.11359
3558,1968-03-30,1,7,0,0.113552
3559,1968-04-06,9,2,0,0.113514
3560,1968-04-13,1,1,1,0.113813
3561,1968-04-20,7,4,0,0.113774
3562,1968-04-27,8,1,0,0.113736
3563,1968-05-04,8,3,0,0.113698
3564,1968-05-11,9,2,0,0.113659
3565,1968-05-18,6,1,0,0.113621
3566,1968-05-25,6,3,0,0.113583
3567,1968-06-01,2,4,0,0.113544
3568,1968-06-08,7,2,0,0.113506
3569,1968-06-15,9,1,0,0.113468
3570,1968-06-22,1,7,0,0.11343
3571,1968-06-28,4,7,0,0.113392
3572,1968-07-06,7,7,1,0.11369
3573,1968-07-13,7,7,1,0.113988
3574,1968-07-20,6,6,1,0.114286
3575,1968-07-27,5,9,0,0.114247
3576,1968-08-03,2,6,0,0.114209
3577,1968-08-10,3,3,1,0.114506
3578,1968-08-17,4,3,0,0.114468
3579,1968-08-24,4,2,0,0.11443
3580,1968-08-31,4,3,0,0.114391
3581,1968-09-07,7,3,0,0.114353
3582,1968-09-14,1,7,0,0.114314
3583,1968-09-21,2,7,0,0.114276
3584,1968-09-28,9,8,0,0.114238
3585,1968-10-05,5,6,0,0.1142
3586,1968-10-12,8,5,0,0.114161
3587,1968-10-19,4,6,0,0.114123
3588,1968-10-26,3,4,0,0.114085
3589,1968-11-02,3,6,0,0.114047
3590,1968-11-09,8,3,0,0.114009
3591,1968-11-16,1,5,0,0.113971
3592,1968-11-23,4,4,1,0.114267
3593,1968-11-30,1,7,0,0.114228
3594,1968-12-07,8,9,0,0.11419
3595,1968-12-14,8,1,0,0.114152
3596,1968-12-21,3,2,0,0.114114
3597,1968-12-28,5,5,1,0.11441
3598,1969-01-04,2,7,0,0.114371
3599,1969-01-11,9,3,0,0.114333
3600,1969-01-18,7,6,0,0.114295
3601,1969-01-25,5,8,0,0.114257
3602,1969-02-01,9,3,0,0.114219
3603,1969-02-08,1,8,0,0.114181
3604,1969-02-15,5,4,0,0.114143
3605,1969-02-22,7,1,0,0.114105
3606,1969-03-01,9,6,0,0.114067
3607,1969-03-08,9,7,0,0.114029
3608,1969-03-15,9,7,0,0.113991
3609,1969-03-22,9,7,0,0.113953
3610,1969-03-29,6,9,0,0.113916
3611,1969-04-05,7,3,0,0.113878
3612,1969-04-12,2,3,0,0.11384
3613,1969-04-19,5,3,0,0.113802
3614,1969-04-26,5,1,0,0.113765
3615,1969-05-03,4,6,0,0.113727
3616,1969-05-10,5,4,0,0.113689
3617,1969-05-17,8,7,0,0.113651
3618,1969-05-24,4,6,0,0.113614
3619,1969-05-31,5,4,0,0.113576
3620,1969-06-07,7,7,1,0.11387
3621,1969-06-14,6,6,1,0.114163
3622,1969-06-21,2,9,0,0.114125
3623,1969-06-28,7,2,0,0.114087
3624,1969-07-05,4,1,0,0.11405
3625,1969-07-12,8,2,0,0.114012
3626,1969-07-19,8,6,0,0.113974
3627,1969-07-26,5,3,0,0.113937
3628,1969-08-02,3,4,0,0.113899
3629,1969-08-09,5,7,0,0.113861
3630,1969-08-16,6,7,0,0.113824
3631,1969-08-23,7,8,0,0.113786
3632,1969-08-30,7,3,0,0.113749
3633,1969-09-06,3,6,0,0.113711
3634,1969-09-13,5,3,0,0.113674
3635,1969-09-20,7,7,1,0.113966
3636,1969-09-27,3,6,0,0.113928
3637,1969-10-04,3,3,1,0.11422
3638,1969-10-11,9,3,0,0.114182
3639,1969-10-18,8,5,0,0.114145
3640,1969-10-25,4,5,0,0.114107
3641,1969-10-31,3,4,0,0.11407
3642,1969-11-08,1,6,0,0.114032
3643,1969-11-15,9,6,0,0.113995
3644,1969-11-22,8,1,0,0.113957
3645,1969-11-29,1,5,0,0.11392
3646,1969-12-06,8,4,0,0.113883
3647,1969-12-13,5,1,0,0.113845
3648,1969-12-20,5,4,0,0.113808
3649,1969-12-27,7,4,0,0.11377
3650,1970-01-03,3,6,0,0.113733
3651,1970-01-10,2,3,0,0.113696
3652,1970-01-17,2,4,0,0.113659
3653,1970-01-24,8,8,1,0.113949
3654,1970-01-31,7,3,0,0.113912
3655,1970-02-07,5,6,0,0.113874
3656,1970-02-14,7,3,0,0.113837
3657,1970-02-21,6,6,1,0.114127
3658,1970-02-28,7,9,0,0.11409
3659,1970-03-07,5,3,0,0.114052
3660,1970-03-14,7,3,0,0.114015
3661,1970-03-21,7,6,0,0.113978
3662,1970-03-28,1,6,0,0.113941
3663,1970-04-04,4,7,0,0.113903
3664,1970-04-11,8,7,0,0.113866
3665,1970-04-18,4,6,0,0.113829
3666,1970-04-25,2,4,0,0.113792
3667,1970-05-02,7,5,0,0.113755
3668,1970-05-09,4,1,0,0.113718
3669,1970-05-16,4,2,0,0.113681
3670,1970-05-23,3,7,0,0.113644
3671,1970-05-30,5,6,0,0.113607
3672,1970-06-06,1,7,0,0.11357
3673,1970-06-13,1,4,0,0.113533
3674,1970-06-20,7,3,0,0.113496
3675,1970-06-27,1,1,1,0.113784
3676,1970-07-04,5,7,0,0.113747
3677,1970-07-11,2,1,0,0.11371
3678,1970-07-18,4,3,0,0.113673
3679,1970-07-25,7,7,1,0.113961
3680,1970-08-01,1,7,0,0.113924
3681,1970-08-08,3,7,0,0.113887
3682,1970-08-15,4,6,0,0.11385
3683,1970-08-22,4,2,0,0.113813
3684,1970-08-29,1,3,0,0.113776
3685,1970-09-05,6,9,0,0.113739
3686,1970-09-12,9,7,0,0.113703
3687,1970-09-19,6,3,0,0.113666
3688,1970-09-26,9,3,0,0.113629
3689,1970-10-03,9,3,0,0.113592
3690,1970-10-10,1,9,0,0.113555
3691,1970-10-17,8,4,0,0.113519
3692,1970-10-24,2,1,0,0.113482
3693,1970-10-31,6,5,0,0.113445
3694,1970-11-07,5,5,1,0.113732
3695,1970-11-14,2,6,0,0.113695
3696,1970-11-21,5,3,0,0.113658
3697,1970-11-28,4,1,0,0.113622
3698,1970-12-05,2,4,0,0.113585
3699,1970-12-12,5,5,1,0.113871
3700,1970-12-19,5,1,0,0.113834
3701,1970-12-28,2,4,0,0.113798
3702,1971-01-02,3,3,1,0.114083
3703,1971-01-09,9,4,0,0.114046
3704,1971-01-16,8,8,1,0.114332
3705,1971-01-23,4,5,0,0.114295
3706,1971-01-30,7,4,0,0.114258
3707,1971-02-06,1,7,0,0.114221
3708,1971-02-13,9,7,0,0.114185
3709,1971-02-20,4,1,0,0.114148
3710,1971-02-27,2,9,0,0.114111
3711,1971-03-06,6,5,0,0.114075
3712,1971-03-13,3,5,0,0.114038
3713,1971-03-20,7,9,0,0.114001
3714,1971-03-27,6,7,0,0.113965
3715,1971-04-03,7,9,0,0.113928
3716,1971-04-10,7,3,0,0.113892
3717,1971-04-17,6,6,1,0.114176
3718,1971-04-24,1,9,0,0.114139
3719,1971-05-01,7,2,0,0.114103
3720,1971-05-08,7,1,0,0.114066
3721,1971-05-15,8,6,0,0.114029
3722,1971-05-22,4,3,0,0.113993
3723,1971-05-29,1,4,0,0.113956
3724,1971-06-05,8,9,0,0.11392
3725,1971-06-12,6,1,0,0.113884
3726,1971-06-19,5,4,0,0.113847
3727,1971-06-26,4,6,0,0.113811
3728,1971-07-03,4,4,1,0.114094
3729,1971-07-10,4,3,0,0.114058
3730,1971-07-17,9,3,0,0.114021
3731,1971-07-24,7,6,0,0.113985
3732,1971-07-31,3,8,0,0.113948
3733,1971-08-07,5,3,0,0.113912
3734,1971-08-14,4,7,0,0.113876
3735,1971-08-21,8,4,0,0.113839
3736,1971-08-28,7,6,0,0.113803
3737,1971-09-04,8,6,0,0.113767
3738,1971-09-11,7,3,0,0.11373
3739,1971-09-18,4,6,0,0.113694
3740,1971-09-25,8,2,0,0.113658
3741,1971-10-02,5,6,0,0.113622
3742,1971-10-09,5,4,0,0.113586
3743,1971-10-16,5,4,0,0.11355
3744,1971-10-23,3,4,0,0.113514
3745,1971-10-30,6,7,0,0.113477
3746,1971-11-06,5,3,0,0.113441
3747,1971-11-13,1,6,0,0.113405
3748,1971-11-20,5,4,0,0.113369
3749,1971-11-27,2,1,0,0.113333
3750,1971-12-04,2,3,0,0.113297
3751,1971-12-11,1,8,0,0.113261
3752,1971-12-18,8,2,0,0.113225
3753,1971-12-25,8,1,0,0.11319
3754,1972-01-01,5,3,0,0.113154
3755,1972-01-08,9,4,0,0.113118
3756,1972-01-15,7,8,0,0.113082
3757,1972-01-22,2,8,0,0.113046
3758,1972-01-29,4,3,0,0.11301
3759,1972-02-05,5,7,0,0.112975
3760,1972-02-12,2,7,0,0.112939
3761,1972-02-19,6,3,0,0.112903
3762,1972-02-26,3,5,0,0.112868
3763,1972-03-04,2,9,0,0.112832
3764,1972-03-11,4,4,1,0.113112
3765,1972-03-18,8,7,0,0.113076
3766,1972-03-25,6,6,1,0.113356
3767,1972-04-01,7,4,0,0.113321
3768,1972-04-08,9,3,0,0.113285
3769,1972-04-15,7,7,1,0.113565
3770,1972-04-22,5,8,0,0.113529
3771,1972-04-29,7,3,0,0.113493
3772,1972-05-06,8,6,0,0.113457
3773,1972-05-13,2,3,0,0.113422
3774,1972-05-20,1,5,0,0.113386
3775,1972-05-27,9,8,0,0.11335
3776,1972-06-03,5,1,0,0.113314
3777,1972-06-10,9,5,0,0.113279
3778,1972-06-17,4,8,0,0.113243
3779,1972-06-24,2,9,0,0.113208
3780,1972-07-01,7,5,0,0.113172
3781,1972-07-08,7,1,0,0.113136
3782,1972-07-15,7,6,0,0.113101
3783,1972-07-22,1,6,0,0.113065
3784,1972-07-29,6,7,0,0.11303
3785,1972-08-05,6,7,0,0.112994
3786,1972-08-12,9,4,0,0.112959
3787,1972-08-19,4,3,0,0.112923
3788,1972-08-26,8,9,0,0.112888
3789,1972-09-02,5,6,0,0.112853
3790,1972-09-09,9,4,0,0.112817
3791,1972-09-16,1,8,0,0.112782
3792,1972-09-23,1,4,0,0.112747
3793,1972-09-30,3,3,1,0.113024
3794,1972-10-07,1,6,0,0.112989
3795,1972-10-14,6,6,1,0.113267
3796,1972-10-21,9,6,0,0.113231
3797,1972-10-28,3,3,1,0.113508
3798,1972-11-04,4,5,0,0.113473
3799,1972-11-11,4,2,0,0.113437
3800,1972-11-18,5,3,0,0.113402
3801,1972-11-25,3,7,0,0.113367
3802,1972-12-02,2,7,0,0.113331
3803,1972-12-09,1,4,0,0.113296
3804,1972-12-16,3,8,0,0.113261
3805,1972-12-23,9,6,0,0.113225
3806,1972-12-30,3,8,0,0.11319
3807,1973-01-06,2,5,0,0.113155
3808,1973-01-13,1,4,0,0.113119
3809,1973-01-20,5,8,0,0.113084
3810,1973-01-27,6,1,0,0.113049
3811,1973-02-03,7,7,1,0.113325
3812,1973-02-10,9,3,0,0.11329
3813,1973-02-17,2,7,0,0.113255
3814,1973-02-24,5,3,0,0.113219
3815,1973-03-03,5,1,0,0.113184
3816,1973-03-10,6,4,0,0.113149
3817,1973-03-17,2,7,0,0.113114
3818,1973-03-24,5,2,0,0.113079
3819,1973-03-31,6,5,0,0.113043
3820,1973-04-07,3,7,0,0.113008
3821,1973-04-14,9,9,1,0.113284
3822,1973-04-21,8,8,1,0.113559
3823,1973-04-28,4,5,0,0.113524
3824,1973-05-05,2,4,0,0.113488
3825,1973-05-12,2,5,0,0.113453
3826,1973-05-19,3,8,0,0.113418
3827,1973-05-26,2,4,0,0.113383
3828,1973-06-02,2,4,0,0.113348
3829,1973-06-09,7,8,0,0.113313
3830,1973-06-16,4,1,0,0.113278
3831,1973-06-23,7,2,0,0.113243
3832,1973-06-30,2,7,0,0.113208
3833,1973-07-07,7,3,0,0.113173
3834,1973-07-14,4,1,0,0.113138
3835,1973-07-21,3,2,0,0.113103
3836,1973-07-28,7,6,0,0.113068
3837,1973-08-04,2,7,0,0.113033
3838,1973-08-11,9,3,0,0.112998
3839,1973-08-18,4,6,0,0.112963
3840,1973-08-25,8,9,0,0.112928
3841,1973-09-01,3,6,0,0.112893
3842,1973-09-08,3,5,0,0.112858
3843,1973-09-15,6,3,0,0.112824
3844,1973-09-22,2,3,0,0.112789
3845,1973-09-29,9,2,0,0.112754
3846,1973-10-06,7,6,0,0.112719
3847,1973-10-13,3,8,0,0.112685
3848,1973-10-20,2,3,0,0.11265
3849,1973-10-27,2,4,0,0.112615
3850,1973-11-03,2,8,0,0.112581
3851,1973-11-10,6,8,0,0.112546
3852,1973-11-17,8,5,0,0.112512
3853,1973-11-24,4,9,0,0.112477
3854,1973-12-01,2,2,1,0.11275
3855,1973-12-08,7,5,0,0.112715
3856,1973-12-15,6,1,0,0.11268
3857,1973-12-22,7,9,0,0.112646
3858,1973-12-29,4,3,0,0.112611
3859,1974-01-05,5,2,0,0.112577
3860,1974-01-12,9,7,0,0.112542
3861,1974-01-19,2,8,0,0.112508
3862,1974-01-26,5,3,0,0.112473
3863,1974-02-02,1,5,0,0.112439
3864,1974-02-09,8,4,0,0.112404
3865,1974-02-16,8,1,0,0.11237
3866,1974-02-23,7,3,0,0.112335
3867,1974-03-02,8,4,0,0.112301
3868,1974-03-09,1,3,0,0.112267
3869,1974-03-16,2,4,0,0.112232
3870,1974-03-23,5,8,0,0.112198
3871,1974-03-30,3,1,0,0.112164
3872,1974-04-06,9,7,0,0.11213
3873,1974-04-13,5,8,0,0.112095
3874,1974-04-20,1,5,0,0.112061
3875,1974-04-27,6,4,0,0.112027
3876,1974-05-04,8,6,0,0.111993
3877,1974-05-11,2,9,0,0.111959
3878,1974-05-18,8,5,0,0.111924
3879,1974-05-25,6,3,0,0.11189
3880,1974-06-01,9,4,0,0.111856
3881,1974-06-08,5,3,0,0.111822
3882,1974-06-15,5,5,1,0.112093
3883,1974-06-22,3,6,0,0.112058
3884,1974-06-29,1,7,0,0.112024
3885,1974-07-06,8,6,0,0.11199
3886,1974-07-13,1,1,1,0.11226
3887,1974-07-20,5,4,0,0.112226
3888,1974-07-27,3,1,0,0.112192
3889,1974-08-03,8,7,0,0.112158
3890,1974-08-10,4,5,0,0.112124
3891,1974-08-17,6,2,0,0.11209
3892,1974-08-24,8,4,0,0.112056
3893,1974-08-31,4,9,0,0.112022
3894,1974-09-07,5,2,0,0.111988
3895,1974-09-14,4,7,0,0.111954
3896,1974-09-21,2,4,0,0.11192
3897,1974-09-28,8,5,0,0.111886
3898,1974-10-05,1,3,0,0.111852
3899,1974-10-12,7,4,0,0.111818
3900,1974-10-19,1,1,1,0.112087
3901,1974-10-26,2,7,0,0.112053
3902,1974-11-02,1,8,0,0.112019
3903,1974-11-09,6,8,0,0.111985
3904,1974-11-16,7,6,0,0.111952
3905,1974-11-23,2,3,0,0.111918
3906,1974-11-30,3,3,1,0.112186
3907,1974-12-07,7,2,0,0.112152
3908,1974-12-14,6,7,0,0.112118
3909,1974-12-21,2,9,0,0.112085
3910,1974-12-28,2,2,1,0.112353
3911,1975-01-04,3,8,0,0.112319
3912,1975-01-11,4,2,0,0.112285
3913,1975-01-18,3,2,0,0.112251
3914,1975-01-25,5,6,0,0.112217
3915,1975-02-01,5,7,0,0.112183
3916,1975-02-08,9,6,0,0.11215
3917,1975-02-15,8,8,1,0.112417
3918,1975-02-22,6,5,0,0.112383
3919,1975-03-01,8,4,0,0.112349
3920,1975-03-08,5,9,0,0.112316
3921,1975-03-15,4,4,1,0.112583
3922,1975-03-22,6,4,0,0.112549
3923,1975-03-29,5,4,0,0.112515
3924,1975-04-05,1,6,0,0.112481
3925,1975-04-12,3,4,0,0.112447
3926,1975-04-19,7,6,0,0.112414
3927,1975-04-26,7,7,1,0.11268
3928,1975-05-03,7,6,0,0.112646
3929,1975-05-10,6,6,1,0.112913
3930,1975-05-17,5,9,0,0.112879
3931,1975-05-24,2,6,0,0.112845
3932,1975-05-31,5,3,0,0.112811
3933,1975-06-07,3,1,0,0.112777
3934,1975-06-14,7,7,1,0.113043
3935,1975-06-21,2,7,0,0.11301
3936,1975-06-28,4,3,0,0.112976
3937,1975-07-05,6,7,0,0.112942
3938,1975-07-12,3,4,0,0.112908
3939,1975-07-19,2,9,0,0.112874
3940,1975-07-26,1,4,0,0.11284
3941,1975-08-02,1,8,0,0.112807
3942,1975-08-09,3,3,1,0.113072
3943,1975-08-16,7,6,0,0.113038
3944,1975-08-23,5,7,0,0.113004
3945,1975-08-30,2,3,0,0.112971
3946,1975-09-06,1,3,0,0.112937
3947,1975-09-13,7,8,0,0.112903
3948,1975-09-20,8,1,0,0.11287
3949,1975-09-27,4,3,0,0.112836
3950,1975-10-04,8,2,0,0.112802
3951,1975-10-11,3,6,0,0.112768
3952,1975-10-18,5,5,1,0.113033
3953,1975-10-25,8,7,0,0.112999
3954,1975-11-01,8,6,0,0.112966
3955,1975-11-08,8,3,0,0.112932
3956,1975-11-15,3,3,1,0.113196
3957,1975-11-22,5,5,1,0.11346
3958,1975-11-29,3,7,0,0.113427
3959,1975-12-06,3,7,0,0.113393
3960,1975-12-13,9,3,0,0.113359
3961,1975-12-20,2,8,0,0.113325
3962,1975-12-27,6,3,0,0.113292
3963,1976-01-03,8,5,0,0.113258
3964,1976-01-10,7,9,0,0.113224
3965,1976-01-17,1,4,0,0.113191
3966,1976-01-24,9,7,0,0.113157
3967,1976-01-31,2,1,0,0.113124
3968,1976-02-07,6,3,0,0.11309
3969,1976-02-14,6,5,0,0.113056
3970,1976-02-21,4,4,1,0.113319
3971,1976-02-28,3,6,0,0.113286
3972,1976-03-06,6,6,1,0.113549
3973,1976-03-13,7,3,0,0.113515
3974,1976-03-20,8,3,0,0.113481
3975,1976-03-27,3,3,1,0.113744
3976,1976-04-03,5,5,1,0.114007
3977,1976-04-10,4,7,0,0.113973
3978,1976-04-17,3,4,0,0.113939
3979,1976-04-24,9,6,0,0.113905
3980,1976-05-01,7,8,0,0.113872
3981,1976-05-08,6,8,0,0.113838
3982,1976-05-15,1,9,0,0.113804
3983,1976-05-22,4,2,0,0.113771
3984,1976-05-29,5,7,0,0.113737
3985,1976-06-05,5,7,0,0.113703
3986,1976-06-12,4,6,0,0.11367
3987,1976-06-19,9,4,0,0.113636
3988,1976-06-26,4,6,0,0.113603
3989,1976-07-03,8,9,0,0.113569
3990,1976-07-10,1,6,0,0.113536
3991,1976-07-17,1,4,0,0.113502
3992,1976-07-24,1,3,0,0.113469
3993,1976-07-31,3,3,1,0.11373
3994,1976-08-07,6,6,1,0.113991
3995,1976-08-14,2,3,0,0.113958
3996,1976-08-21,4,2,0,0.113924
3997,1976-08-28,6,7,0,0.113891
3998,1976-09-04,2,4,0,0.113857
3999,1976-09-11,1,2,0,0.113824
4000,1976-09-18,4,8,0,0.11379
4001,1976-09-25,8,7,0,0.113757
4002,1976-10-02,5,6,0,0.113723
4003,1976-10-09,7,4,0,0.11369
4004,1976-10-16,5,6,0,0.113656
4005,1976-10-23,7,3,0,0.113623
4006,1976-10-30,8,6,0,0.11359
4007,1976-11-06,8,3,0,0.113556
4008,1976-11-13,5,3,0,0.113523
4009,1976-11-20,9,4,0,0.11349
4010,1976-11-27,4,8,0,0.113456
4011,1976-12-04,7,9,0,0.113423
4012,1976-12-11,8,7,0,0.11339
4013,1976-12-18,7,3,0,0.113357
4014,1976-12-25,6,4,0,0.113324
4015,1977-01-01,6,9,0,0.11329
4016,1977-01-08,7,4,0,0.113257
4017,1977-01-15,1,3,0,0.113224
4018,1977-01-22,7,7,1,0.113483
4019,1977-01-29,4,1,0,0.11345
4020,1977-02-05,4,2,0,0.113417
4021,1977-02-12,7,3,0,0.113384
4022,1977-02-19,4,7,0,0.113351
4023,1977-02-26,3,2,0,0.113318
4024,1977-03-05,9,6,0,0.113285
4025,1977-03-12,3,8,0,0.113252
4026,1977-03-19,6,5,0,0.113219
4027,1977-03-26,6,2,0,0.113186
4028,1977-04-02,2,4,0,0.113153
4029,1977-04-09,2,2,1,0.113411
4030,1977-04-16,8,8,1,0.113669
4031,1977-04-23,5,1,0,0.113636
4032,1977-04-30,7,4,0,0.113603
4033,1977-05-07,9,6,0,0.11357
4034,1977-05-14,6,7,0,0.113537
4035,1977-05-21,4,3,0,0.113504
4036,1977-05-28,9,6,0,0.113471
4037,1977-06-04,4,6,0,0.113438
4038,1977-06-11,5,9,0,0.113405
4039,1977-06-18,3,7,0,0.113372
4040,1977-06-25,8,7,0,0.113339
4041,1977-07-02,5,5,1,0.113597
4042,1977-07-09,2,4,0,0.113564
4043,1977-07-16,1,3,0,0.113531
4044,1977-07-23,1,8,0,0.113498
4045,1977-07-30,1,3,0,0.113465
4046,1977-08-06,9,3,0,0.113432
4047,1977-08-13,3,1,0,0.113399
4048,1977-08-20,2,5,0,0.113366
4049,1977-08-27,8,1,0,0.113333
4050,1977-09-03,5,1,0,0.1133
4051,1977-09-10,4,4,1,0.113557
4052,1977-09-17,8,4,0,0.113524
4053,1977-09-24,7,6,0,0.113492
4054,1977-10-01,4,6,0,0.113459
4055,1977-10-08,3,2,0,0.113426
4056,1977-10-15,7,6,0,0.113393
4057,1977-10-22,3,7,0,0.11336
4058,1977-10-29,3,3,1,0.113617
4059,1977-11-05,4,3,0,0.113584
4060,1977-11-12,4,2,0,0.113551
4061,1977-11-19,5,7,0,0.113518
4062,1977-11-26,3,7,0,0.113485
4063,1977-12-03,6,7,0,0.113453
4064,1977-12-10,8,2,0,0.11342
4065,1977-12-17,8,9,0,0.113387
4066,1977-12-24,6,3,0,0.113354
4067,1977-12-31,5,4,0,0.113322
4068,1978-01-07,2,6,0,0.113289
4069,1978-01-14,2,3,0,0.113256
4070,1978-01-21,3,8,0,0.113224
4071,1978-01-28,4,4,1,0.113479
4072,1978-02-04,4,4,1,0.113735
4073,1978-02-11,8,5,0,0.113702
4074,1978-02-18,4,6,0,0.113669
4075,1978-02-25,5,2,0,0.113636
4076,1978-03-04,3,7,0,0.113604
4077,1978-03-11,9,7,0,0.113571
4078,1978-03-18,6,8,0,0.113538
4079,1978-03-25,4,3,0,0.113506
4080,1978-04-01,2,6,0,0.113473
4081,1978-04-08,2,5,0,0.113441
4082,1978-04-15,7,8,0,0.113408
4083,1978-04-22,5,1,0,0.113375
4084,1978-04-29,3,7,0,0.113343
4085,1978-05-06,4,7,0,0.11331
4086,1978-05-13,4,4,1,0.113565
4087,1978-05-20,7,5,0,0.113532
4088,1978-05-27,1,7,0,0.1135
4089,1978-06-03,8,7,0,0.113467
4090,1978-06-10,8,1,0,0.113435
4091,1978-06-17,4,3,0,0.113402
4092,1978-06-24,5,2,0,0.11337
4093,1978-07-01,3,3,1,0.113623
4094,1978-07-08,2,7,0,0.113591
4095,1978-07-15,9,1,0,0.113558
4096,1978-07-22,8,6,0,0.113526
4097,1978-07-29,6,5,0,0.113493
4098,1978-08-05,7,5,0,0.113461
4099,1978-08-12,5,3,0,0.113429
4100,1978-08-19,8,3,0,0.113396
4101,1978-08-26,9,8,0,0.113364
4102,1978-09-02,3,1,0,0.113331
4103,1978-09-09,3,5,0,0.113299
4104,1978-09-16,4,3,0,0.113267
4105,1978-09-23,2,4,0,0.113234
4106,1978-09-30,8,5,0,0.113202
4107,1978-10-07,9,1,0,0.11317
4108,1978-10-14,4,1,0,0.113138
4109,1978-10-21,5,9,0,0.113105
4110,1978-10-28,9,3,0,0.113073
4111,1978-11-04,2,8,0,0.113041
4112,1978-11-11,1,3,0,0.113009
4113,1978-11-18,3,8,0,0.112977
4114,1978-11-25,9,6,0,0.112945
4115,1978-12-02,4,8,0,0.112912
4116,1978-12-09,7,9,0,0.11288
4117,1978-12-16,3,7,0,0.112848
4118,1978-12-23,6,3,0,0.112816
4119,1978-12-30,9,2,0,0.112784
4120,1979-01-06,9,3,0,0.112752
4121,1979-01-13,1,9,0,0.11272
4122,1979-01-20,9,4,0,0.112688
4123,1979-01-27,6,1,0,0.112656
4124,1979-02-03,5,4,0,0.112624
4125,1979-02-10,5,6,0,0.112592
4126,1979-02-17,3,4,0,0.11256
4127,1979-02-24,2,7,0,0.112528
4128,1979-03-03,3,1,0,0.112496
4129,1979-03-10,6,4,0,0.112465
4130,1979-03-17,3,2,0,0.112433
4131,1979-03-24,6,9,0,0.112401
4132,1979-03-31,2,3,0,0.112369
4133,1979-04-07,6,2,0,0.112337
4134,1979-04-14,5,5,1,0.112588
4135,1979-04-21,1,5,0,0.112557
4136,1979-04-28,8,4,0,0.112525
4137,1979-05-05,8,1,0,0.112493
4138,1979-05-12,6,3,0,0.112461
4139,1979-05-19,5,5,1,0.112712
4140,1979-05-26,7,5,0,0.11268
4141,1979-06-02,9,6,0,0.112648
4142,1979-06-09,9,7,0,0.112616
4143,1979-06-16,1,9,0,0.112585
4144,1979-06-23,5,4,0,0.112553
4145,1979-06-30,7,1,0,0.112521
4146,1979-07-07,4,6,0,0.112489
4147,1979-07-14,8,2,0,0.112458
4148,1979-07-21,5,6,0,0.112426
4149,1979-07-28,7,4,0,0.112394
4150,1979-08-04,9,6,0,0.112363
4151,1979-08-11,9,7,0,0.112331
4152,1979-08-18,9,9,1,0.112581
4153,1979-08-25,4,9,0,0.112549
4154,1979-09-01,3,9,0,0.112518
4155,1979-09-08,4,6,0,0.112486
4156,1979-09-15,3,4,0,0.112454
4157,1979-09-22,2,6,0,0.112423
4158,1979-09-29,1,1,1,0.112672
4159,1979-10-06,1,3,0,0.11264
4160,1979-10-13,1,3,0,0.112609
4161,1979-10-20,4,3,0,0.112577
4162,1979-10-27,6,7,0,0.112546
4163,1979-11-03,1,4,0,0.112514
4164,1979-11-10,5,2,0,0.112482
4165,1979-11-17,8,7,0,0.112451
4166,1979-11-24,1,8,0,0.112419
4167,1979-12-01,8,4,0,0.112388
4168,1979-12-08,5,1,0,0.112356
4169,1979-12-15,2,4,0,0.112325
4170,1979-12-22,2,3,0,0.112293
4171,1979-12-29,7,8,0,0.112262
4172,1980-01-05,9,1,0,0.112231
4173,1980-01-12,3,7,0,0.112199
4174,1980-01-19,9,5,0,0.112168
4175,1980-01-26,5,8,0,0.112136
4176,1980-02-02,8,5,0,0.112105
4177,1980-02-09,2,8,0,0.112074
4178,1980-02-16,8,5,0,0.112042
4179,1980-02-23,2,1,0,0.112011
4180,1980-03-01,8,8,1,0.112259
4181,1980-03-08,2,1,0,0.112228
4182,1980-03-15,7,8,0,0.112196
4183,1980-03-22,9,1,0,0.112165
4184,1980-03-29,2,7,0,0.112134
4185,1980-04-05,7,3,0,0.112103
4186,1980-04-12,3,1,0,0.112071
4187,1980-04-19,2,3,0,0.11204
4188,1980-04-26,2,1,0,0.112009
4189,1980-05-03,5,8,0,0.111978
4190,1980-05-10,2,1,0,0.111947
4191,1980-05-17,8,3,0,0.111915
4192,1980-05-24,5,1,0,0.111884
4193,1980-05-31,6,4,0,0.111853
4194,1980-06-07,3,7,0,0.111822
4195,1980-06-14,1,9,0,0.111791
4196,1980-06-21,1,6,0,0.11176
4197,1980-06-28,7,3,0,0.111729
4198,1980-07-05,3,1,0,0.111698
4199,1980-07-12,2,3,0,0.111667
4200,1980-07-19,1,1,1,0.111913
4201,1980-07-26,3,1,0,0.111882
4202,1980-08-02,4,6,0,0.111851
4203,1980-08-09,3,4,0,0.11182
4204,1980-08-16,5,6,0,0.111789
4205,1980-08-23,9,7,0,0.111758
4206,1980-08-30,7,8,0,0.111727
4207,1980-09-06,5,8,0,0.111696
4208,1980-09-13,8,3,0,0.111665
4209,1980-09-20,6,8,0,0.111634
4210,1980-09-27,4,5,0,0.111603
4211,1980-10-04,3,6,0,0.111573
4212,1980-10-11,7,6,0,0.111542
4213,1980-10-18,8,7,0,0.111511
4214,1980-10-25,1,3,0,0.11148
4215,1980-11-01,2,4,0,0.111449
4216,1980-11-08,3,8,0,0.111418
4217,1980-11-15,9,4,0,0.111388
4218,1980-11-22,8,8,1,0.111633
4219,1980-11-29,2,5,0,0.111602
4220,1980-12-06,6,8,0,0.111571
4221,1980-12-13,3,5,0,0.111541
4222,1980-12-20,9,9,1,0.111786
4223,1980-12-27,3,8,0,0.111755
4224,1981-01-03,5,5,1,0.112
4225,1981-01-10,1,7,0,0.111969
4226,1981-01-17,4,4,1,0.112214
4227,1981-01-24,9,7,0,0.112183
4228,1981-01-31,1,6,0,0.112152
4229,1981-02-07,7,4,0,0.112121
4230,1981-02-14,6,1,0,0.11209
4231,1981-02-21,3,9,0,0.112059
4232,1981-02-28,3,9,0,0.112029
4233,1981-03-07,2,3,0,0.111998
4234,1981-03-14,9,1,0,0.111967
4235,1981-03-21,1,6,0,0.111936
4236,1981-03-28,8,7,0,0.111905
4237,1981-04-04,5,1,0,0.111875
4238,1981-04-11,9,4,0,0.111844
4239,1981-04-18,5,8,0,0.111813
4240,1981-04-25,8,5,0,0.111782
4241,1981-05-02,5,6,0,0.111752
4242,1981-05-09,3,4,0,0.111721
4243,1981-05-16,7,7,1,0.111965
4244,1981-05-23,3,7,0,0.111934
4245,1981-05-30,1,3,0,0.111903
4246,1981-06-06,4,6,0,0.111873
4247,1981-06-13,2,7,0,0.111842
4248,1981-06-20,1,5,0,0.111811
4249,1981-06-27,3,3,1,0.112055
4250,1981-07-04,5,6,0,0.112024
4251,1981-07-11,8,7,0,0.111993
4252,1981-07-18,5,6,0,0.111963
4253,1981-07-25,8,4,0,0.111932
4254,1981-08-01,9,6,0,0.111902
4255,1981-08-08,2,1,0,0.111871
4256,1981-08-15,1,3,0,0.11184
4257,1981-08-22,7,3,0,0.11181
4258,1981-08-29,5,1,0,0.111779
4259,1981-09-05,2,3,0,0.111749
4260,1981-09-12,4,3,0,0.111718
4261,1981-09-19,1,7,0,0.111688
4262,1981-09-26,3,9,0,0.111657
4263,1981-10-03,7,6,0,0.111627
4264,1981-10-10,5,7,0,0.111596
4265,1981-10-17,5,3,0,0.111566
4266,1981-10-24,7,4,0,0.111535
4267,1981-10-31,8,6,0,0.111505
4268,1981-11-07,3,3,1,0.111747
4269,1981-11-14,8,5,0,0.111717
4270,1981-11-21,4,5,0,0.111686
4271,1981-11-28,3,2,0,0.111656
4272,1981-12-05,1,6,0,0.111625
4273,1981-12-12,6,6,1,0.111867
4274,1981-12-19,3,7,0,0.111837
4275,1981-12-26,3,9,0,0.111806
4276,1982-01-02,7,3,0,0.111776
4277,1982-01-09,3,7,0,0.111746
4278,1982-01-16,4,3,0,0.111715
4279,1982-01-23,4,4,1,0.111957
4280,1982-01-30,3,7,0,0.111926
4281,1982-02-06,4,6,0,0.111896
4282,1982-02-13,9,4,0,0.111865
4283,1982-02-20,4,6,0,0.111835
4284,1982-02-27,6,9,0,0.111805
4285,1982-03-06,9,4,0,0.111774
4286,1982-03-13,5,3,0,0.111744
4287,1982-03-20,7,5,0,0.111714
4288,1982-03-27,9,6,0,0.111683
4289,1982-04-03,9,7,0,0.111653
4290,1982-04-10,1,9,0,0.111623
4291,1982-04-17,7,7,1,0.111863
4292,1982-04-24,4,1,0,0.111833
4293,1982-05-01,1,8,0,0.111803
4294,1982-05-08,4,9,0,0.111773
4295,1982-05-15,8,7,0,0.111742
4296,1982-05-22,1,6,0,0.111712
4297,1982-05-29,5,4,0,0.111682
4298,1982-06-05,6,7,0,0.111652
4299,1982-06-12,7,7,1,0.111892
4300,1982-06-19,3,3,1,0.112132
4301,1982-06-26,2,3,0,0.112102
4302,1982-07-03,7,1,0,0.112071
4303,1982-07-10,4,1,0,0.112041
4304,1982-07-17,2,8,0,0.112011
4305,1982-07-24,7,5,0,0.111981
4306,1982-07-31,2,1,0,0.11195
4307,1982-08-07,4,3,0,0.11192
4308,1982-08-14,8,7,0,0.11189
4309,1982-08-21,4,6,0,0.11186
4310,1982-08-28,2,2,1,0.112099
4311,1982-09-04,3,5,0,0.112069
4312,1982-09-11,4,4,1,0.112308
4313,1982-09-18,5,4,0,0.112278
4314,1982-09-25,9,3,0,0.112248
4315,1982-10-02,3,8,0,0.112217
4316,1982-10-09,6,5,0,0.112187
4317,1982-10-16,9,2,0,0.112157
4318,1982-10-23,1,3,0,0.112127
4319,1982-10-30,1,7,0,0.112097
4320,1982-11-06,1,3,0,0.112067
4321,1982-11-13,6,3,0,0.112037
4322,1982-11-20,2,7,0,0.112006
4323,1982-11-27,9,2,0,0.111976
4324,1982-12-04,5,6,0,0.111946
4325,1982-12-11,2,5,0,0.111916
4326,1982-12-18,5,3,0,0.111886
4327,1982-12-25,9,1,0,0.111856
4328,1983-01-01,7,8,0,0.111826
4329,1983-01-08,2,8,0,0.111796
4330,1983-01-15,2,3,0,0.111766
4331,1983-01-22,7,8,0,0.111736
4332,1983-01-29,1,1,1,0.111974
4333,1983-02-05,7,7,1,0.112212
4334,1983-02-12,8,1,0,0.112182
4335,1983-02-19,7,3,0,0.112152
4336,1983-02-26,6,4,0,0.112122
4337,1983-03-05,3,9,0,0.112092
4338,1983-03-12,6,9,0,0.112062
4339,1983-03-19,3,2,0,0.112032
4340,1983-03-26,4,9,0,0.112002
4341,1983-04-02,1,4,0,0.111972
4342,1983-04-09,6,9,0,0.111942
4343,1983-04-16,5,7,0,0.111912
4344,1983-04-23,6,5,0,0.111883
4345,1983-04-30,8,7,0,0.111853
4346,1983-05-07,7,9,0,0.111823
4347,1983-05-14,4,6,0,0.111793
4348,1983-05-21,4,2,0,0.111763
4349,1983-05-28,9,7,0,0.111733
4350,1983-06-04,9,6,0,0.111704
4351,1983-06-11,1,9,0,0.111674
4352,1983-06-18,8,7,0,0.111644
4353,1983-06-25,1,1,1,0.111881
4354,1983-07-02,8,4,0,0.111851
4355,1983-07-09,5,1,0,0.111821
4356,1983-07-16,2,4,0,0.111791
4357,1983-07-23,1,3,0,0.111762
4358,1983-07-30,1,3,0,0.111732
4359,1983-08-06,7,3,0,0.111702
4360,1983-08-13,6,1,0,0.111672
4361,1983-08-20,4,9,0,0.111643
4362,1983-08-27,6,6,1,0.111879
4363,1983-09-03,5,4,0,0.111849
4364,1983-09-10,1,6,0,0.111819
4365,1983-09-17,1,4,0,0.11179
4366,1983-09-24,3,3,1,0.112025
4367,1983-10-01,3,6,0,0.111996
4368,1983-10-08,6,3,0,0.111966
4369,1983-10-15,9,3,0,0.111936
4370,1983-10-22,3,3,1,0.112172
4371,1983-10-29,6,5,0,0.112142
4372,1983-11-05,6,9,0,0.112112
4373,1983-11-12,5,4,0,0.112083
4374,1983-11-19,6,6,1,0.112318
4375,1983-11-26,5,7,0,0.112288
4376,1983-12-03,5,6,0,0.112258
4377,1983-12-10,9,4,0,0.112229
4378,1983-12-17,5,8,0,0.112199
4379,1983-12-24,8,5,0,0.112169
4380,1983-12-31,2,6,0,0.11214
4381,1984-01-07,4,8,0,0.11211
4382,1984-01-14,5,7,0,0.11208
4383,1984-01-21,2,3,0,0.112051
4384,1984-01-28,1,3,0,0.112021
4385,1984-02-04,2,3,0,0.111992
4386,1984-02-11,3,8,0,0.111962
4387,1984-02-18,6,4,0,0.111932
4388,1984-02-25,1,9,0,0.111903
4389,1984-03-03,6,2,0,0.111873
4390,1984-03-10,1,7,0,0.111844
4391,1984-03-17,1,2,0,0.111814
4392,1984-03-24,4,3,0,0.111785
4393,1984-03-31,8,7,0,0.111755
4394,1984-04-07,9,6,0,0.111726
4395,1984-04-14,7,1,0,0.111697
4396,1984-04-21,9,8,0,0.111667
4397,1984-04-28,2,7,0,0.111638
4398,1984-05-05,2,3,0,0.111608
4399,1984-05-12,6,8,0,0.111579
4400,1984-05-19,7,5,0,0.11155
4401,1984-05-26,9,3,0,0.11152
4402,1984-06-02,3,2,0,0.111491
4403,1984-06-09,3,5,0,0.111462
4404,1984-06-16,1,3,0,0.111432
4405,1984-06-23,7,6,0,0.111403
4406,1984-06-30,7,1,0,0.111374
4407,1984-07-07,9,6,0,0.111345
4408,1984-07-14,9,2,0,0.111315
4409,1984-07-21,5,9,0,0.111286
4410,1984-07-28,5,8,0,0.111257
4411,1984-08-04,3,4,0,0.111228
4412,1984-08-11,7,7,1,0.111461
4413,1984-08-18,4,7,0,0.111432
4414,1984-08-25,9,2,0,0.111402
4415,1984-09-01,6,6,1,0.111635
4416,1984-09-08,6,4,0,0.111606
4417,1984-09-15,3,4,0,0.111577
4418,1984-09-22,2,9,0,0.111548
4419,1984-09-29,3,1,0,0.111518
4420,1984-10-06,4,4,1,0.111751
4421,1984-10-13,3,4,0,0.111722
4422,1984-10-20,7,6,0,0.111692
4423,1984-10-27,8,7,0,0.111663
4424,1984-11-03,1,3,0,0.111634
4425,1984-11-10,9,4,0,0.111605
4426,1984-11-17,8,1,0,0.111576
4427,1984-11-24,1,5,0,0.111546
4428,1984-12-01,4,4,1,0.111779
4429,1984-12-08,1,8,0,0.111749
4430,1984-12-15,9,9,1,0.111981
4431,1984-12-22,6,1,0,0.111952
4432,1984-12-29,1,4,0,0.111923
4433,1985-01-05,7,2,0,0.111894
4434,1985-01-12,8,1,0,0.111864
4435,1985-01-19,5,3,0,0.111835
4436,1985-01-26,7,4,0,0.111806
4437,1985-02-02,3,6,0,0.111777
4438,1985-02-09,3,3,1,0.112008
4439,1985-02-16,9,3,0,0.111979
4440,1985-02-23,6,8,0,0.11195
4441,1985-03-02,8,4,0,0.111921
4442,1985-03-09,6,9,0,0.111892
4443,1985-03-16,3,5,0,0.111863
4444,1985-03-23,1,9,0,0.111834
4445,1985-03-30,5,6,0,0.111804
4446,1985-04-06,8,7,0,0.111775
4447,1985-04-13,1,6,0,0.111746
4448,1985-04-20,9,4,0,0.111717
4449,1985-04-27,7,1,0,0.111688
4450,1985-05-04,8,8,1,0.111919
4451,1985-05-11,4,3,0,0.11189
4452,1985-05-18,6,2,0,0.111861
4453,1985-05-25,1,4,0,0.111832
4454,1985-06-01,6,2,0,0.111803
4455,1985-06-08,3,7,0,0.111774
4456,1985-06-15,4,9,0,0.111745
4457,1985-06-22,1,4,0,0.111716
4458,1985-06-29,2,9,0,0.111687
4459,1985-07-06,3,8,0,0.111658
4460,1985-07-13,6,4,0,0.111629
4461,1985-07-20,6,9,0,0.1116
4462,1985-07-27,8,4,0,0.111571
4463,1985-08-03,8,9,0,0.111542
4464,1985-08-10,5,3,0,0.111514
4465,1985-08-17,2,4,0,0.111485
4466,1985-08-24,3,1,0,0.111456
4467,1985-08-31,1,4,0,0.111427
4468,1985-09-07,9,6,0,0.111398
4469,1985-09-14,2,1,0,0.11137
4470,1985-09-21,4,3,0,0.111341
4471,1985-09-28,9,7,0,0.111312
4472,1985-10-05,5,6,0,0.111283
4473,1985-10-12,4,5,0,0.111255
4474,1985-10-19,8,4,0,0.111226
4475,1985-10-26,2,6,0,0.111197
4476,1985-11-02,1,8,0,0.111168
4477,1985-11-09,6,3,0,0.11114
4478,1985-11-16,8,7,0,0.111111
4479,1985-11-23,5,9,0,0.111082
4480,1985-11-30,5,2,0,0.111054
4481,1985-12-07,5,4,0,0.111025
4482,1985-12-14,7,4,0,0.110997
4483,1985-12-21,4,6,0,0.110968
4484,1985-12-28,6,2,0,0.11094
4485,1986-01-04,8,4,0,0.110911
4486,1986-01-11,4,9,0,0.110882
4487,1986-01-18,7,2,0,0.110854
4488,1986-01-25,3,7,0,0.110825
4489,1986-02-01,8,3,0,0.110797
4490,1986-02-08,1,5,0,0.110768
4491,1986-02-15,1,4,0,0.11074
4492,1986-02-22,7,3,0,0.110712
4493,1986-03-01,1,1,1,0.11094
4494,1986-03-08,6,7,0,0.110911
4495,1986-03-15,1,7,0,0.110883
4496,1986-03-22,9,2,0,0.110855
4497,1986-03-29,1,1,1,0.111083
4498,1986-04-05,3,7,0,0.111054
4499,1986-04-12,7,6,0,0.111026
4500,1986-04-19,7,7,1,0.111254
4501,1986-04-26,8,6,0,0.111225
4502,1986-05-03,8,3,0,0.111197
4503,1986-05-10,7,5,0,0.111168
4504,1986-05-17,4,4,1,0.111396
4505,1986-05-24,2,2,1,0.111623
4506,1986-05-31,1,5,0,0.111595
4507,1986-06-07,5,3,0,0.111566
4508,1986-06-14,5,7,0,0.111537
4509,1986-06-21,1,4,0,0.111509
4510,1986-06-28,2,4,0,0.11148
4511,1986-07-05,9,8,0,0.111452
4512,1986-07-12,2,6,0,0.111423
4513,1986-07-19,8,3,0,0.111395
4514,1986-07-26,1,1,1,0.111622
4515,1986-08-02,4,4,1,0.111849
4516,1986-08-09,3,8,0,0.11182
4517,1986-08-16,4,6,0,0.111792
4518,1986-08-23,4,4,1,0.112018
4519,1986-08-30,1,7,0,0.11199
4520,1986-09-06,1,9,0,0.111961
4521,1986-09-13,8,3,0,0.111933
4522,1986-09-20,7,1,0,0.111904
4523,1986-09-27,6,4,0,0.111876
4524,1986-10-04,5,9,0,0.111847
4525,1986-10-11,8,6,0,0.111819
4526,1986-10-18,6,6,1,0.112045
4527,1986-10-25,1,5,0,0.112016
4528,1986-11-01,1,2,0,0.111988
4529,1986-11-08,5,3,0,0.111959
4530,1986-11-15,3,7,0,0.111931
4531,1986-11-22,9,7,0,0.111902
4532,1986-11-29,6,8,0,0.111874
4533,1986-12-06,3,8,0,0.111845
4534,1986-12-13,8,9,0,0.111817
4535,1986-12-20,4,5,0,0.111789
4536,1986-12-27,1,2,0,0.11176
4537,1987-01-03,4,9,0,0.111732
4538,1987-01-10,6,8,0,0.111703
4539,1987-01-17,9,4,0,0.111675
4540,1987-01-24,8,3,0,0.111647
4541,1987-01-31,4,5,0,0.111618
4542,1987-02-07,9,2,0,0.11159
4543,1987-02-14,4,6,0,0.111562
4544,1987-02-21,8,9,0,0.111534
4545,1987-02-28,3,6,0,0.111505
4546,1987-03-07,2,5,0,0.111477
4547,1987-03-14,2,1,0,0.111449
4548,1987-03-21,4,8,0,0.111421
4549,1987-03-28,8,7,0,0.111392
4550,1987-04-04,8,6,0,0.111364
4551,1987-04-11,5,5,1,0.111589
4552,1987-04-18,2,2,1,0.111814
4553,1987-04-25,2,3,0,0.111786
4554,1987-05-02,4,8,0,0.111757
4555,1987-05-09,9,7,0,0.111729
4556,1987-05-16,1,6,0,0.111701
4557,1987-05-23,1,7,0,0.111673
4558,1987-05-30,6,3,0,0.111644
4559,1987-06-06,8,1,0,0.111616
4560,1987-06-13,1,9,0,0.111588
4561,1987-06-20,9,4,0,0.11156
4562,1987-06-27,6,1,0,0.111532
4563,1987-07-04,3,3,1,0.111756
4564,1987-07-11,7,9,0,0.111728
4565,1987-07-18,8,7,0,0.111699
4566,1987-07-25,1,3,0,0.111671
4567,1987-08-01,4,4,1,0.111895
4568,1987-08-08,3,8,0,0.111867
4569,1987-08-15,5,6,0,0.111839
4570,1987-08-22,4,7,0,0.111811
4571,1987-08-29,8,4,0,0.111782
4572,1987-09-05,5,6,0,0.111754
4573,1987-09-12,1,2,0,0.111726
4574,1987-09-19,2,4,0,0.111698
4575,1987-09-26,9,8,0,0.11167
4576,1987-10-03,7,2,0,0.111642
4577,1987-10-10,5,8,0,0.111614
4578,1987-10-17,6,3,0,0.111586
4579,1987-10-24,3,7,0,0.111558
4580,1987-10-31,8,9,0,0.11153
4581,1987-11-07,8,5,0,0.111502
4582,1987-11-14,5,5,1,0.111725
4583,1987-11-21,9,2,0,0.111697
4584,1987-11-28,9,8,0,0.111669
4585,1987-12-05,7,9,0,0.111641
4586,1987-12-12,7,8,0,0.111613
4587,1987-12-19,6,6,1,0.111836
4588,1987-12-26,9,9,1,0.112058
4589,1988-01-02,3,3,1,0.112281
4590,1988-01-09,1,5,0,0.112253
4591,1988-01-16,9,6,0,0.112224
4592,1988-01-23,9,1,0,0.112196
4593,1988-01-30,1,9,0,0.112168
4594,1988-02-06,9,7,0,0.11214
4595,1988-02-13,4,1,0,0.112112
4596,1988-02-20,1,8,0,0.112084
4597,1988-02-27,5,9,0,0.112056
4598,1988-03-05,3,7,0,0.112028
4599,1988-03-12,1,7,0,0.112
4600,1988-03-19,2,6,0,0.111972
4601,1988-03-26,1,8,0,0.111944
4602,1988-04-02,3,3,1,0.112166
4603,1988-04-09,5,7,0,0.112138
4604,1988-04-16,2,7,0,0.11211
4605,1988-04-23,6,3,0,0.112082
4606,1988-04-30,9,5,0,0.112054
4607,1988-05-07,8,3,0,0.112026
4608,1988-05-14,1,5,0,0.111998
4609,1988-05-21,3,4,0,0.11197
4610,1988-05-28,7,7,1,0.112191
4611,1988-06-04,1,7,0,0.112164
4612,1988-06-11,7,7,1,0.112385
4613,1988-06-18,6,1,0,0.112357
4614,1988-06-25,5,9,0,0.112329
4615,1988-07-02,5,6,0,0.112301
4616,1988-07-09,6,4,0,0.112273
4617,1988-07-16,2,7,0,0.112245
4618,1988-07-23,6,2,0,0.112217
4619,1988-07-30,1,5,0,0.112189
4620,1988-08-06,3,2,0,0.112161
4621,1988-08-13,9,7,0,0.112133
4622,1988-08-20,2,8,0,0.112105
4623,1988-08-27,8,8,1,0.112326
4624,1988-09-03,6,1,0,0.112298
4625,1988-09-10,8,5,0,0.11227
4626,1988-09-17,1,9,0,0.112242
4627,1988-09-24,2,4,0,0.112214
4628,1988-10-01,3,8,0,0.112187
4629,1988-10-08,1,4,0,0.112159
4630,1988-10-15,7,6,0,0.112131
4631,1988-10-22,8,1,0,0.112103
4632,1988-10-29,9,3,0,0.112075
4633,1988-11-05,9,1,0,0.112048
4634,1988-11-12,4,1,0,0.11202
4635,1988-11-19,1,8,0,0.111992
4636,1988-11-26,4,9,0,0.111964
4637,1988-12-03,7,8,0,0.111937
4638,1988-12-10,7,7,1,0.112156
4639,1988-12-17,4,6,0,0.112129
4640,1988-12-24,9,2,0,0.112101
4641,1988-12-31,2,6,0,0.112073
4642,1989-01-07,4,8,0,0.112046
4643,1989-01-14,2,7,0,0.112018
4644,1989-01-21,2,5,0,0.11199
4645,1989-01-28,9,8,0,0.111962
4646,1989-02-04,8,2,0,0.111935
4647,1989-02-11,1,5,0,0.111907
4648,1989-02-18,1,4,0,0.111879
4649,1989-02-25,8,3,0,0.111852
4650,1989-03-04,1,1,1,0.112071
4651,1989-03-11,3,4,0,0.112043
4652,1989-03-18,3,7,0,0.112016
4653,1989-03-25,4,3,0,0.111988
4654,1989-04-01,5,4,0,0.111961
4655,1989-04-08,1,3,0,0.111933
4656,1989-04-15,4,4,1,0.112152
4657,1989-04-22,6,7,0,0.112124
4658,1989-04-29,8,4,0,0.112097
4659,1989-05-06,8,9,0,0.112069
4660,1989-05-13,1,5,0,0.112041
4661,1989-05-20,6,4,0,0.112014
4662,1989-05-27,4,1,0,0.111986
4663,1989-06-03,5,6,0,0.111959
4664,1989-06-10,6,3,0,0.111931
4665,1989-06-17,2,7,0,0.111904
4666,1989-06-24,3,2,0,0.111876
4667,1989-07-01,6,4,0,0.111849
4668,1989-07-08,7,9,0,0.111821
4669,1989-07-15,7,3,0,0.111794
4670,1989-07-22,6,6,1,0.112012
4671,1989-07-29,6,9,0,0.111984
4672,1989-08-05,7,4,0,0.111957
4673,1989-08-12,7,3,0,0.111929
4674,1989-08-19,1,6,0,0.111902
4675,1989-08-26,7,7,1,0.11212
4676,1989-09-02,7,1,0,0.112092
4677,1989-09-09,2,6,0,0.112065
4678,1989-09-16,3,3,1,0.112282
4679,1989-09-23,6,4,0,0.112255
4680,1989-09-30,3,9,0,0.112227
4681,1989-10-07,3,9,0,0.1122
4682,1989-10-14,3,3,1,0.112417
4683,1989-10-21,9,3,0,0.11239
4684,1989-10-28,7,8,0,0.112362
4685,1989-11-04,7,8,0,0.112335
4686,1989-11-11,3,6,0,0.112307
4687,1989-11-18,7,3,0,0.11228
4688,1989-11-25,3,7,0,0.112252
4689,1989-12-02,9,3,0,0.112225
4690,1989-12-09,2,8,0,0.112198
4691,1989-12-16,1,8,0,0.11217
4692,1989-12-23,7,3,0,0.112143
4693,1989-12-30,3,1,0,0.112115
4694,1990-01-06,5,3,0,0.112088
4695,1990-01-13,8,7,0,0.112061
4696,1990-01-20,8,6,0,0.112033
4697,1990-01-27,2,5,0,0.112006
4698,1990-02-03,4,8,0,0.111979
4699,1990-02-10,4,7,0,0.111951
4700,1990-02-17,1,7,0,0.111924
4701,1990-02-24,5,9,0,0.111897
4702,1990-03-03,3,7,0,0.111869
4703,1990-03-10,4,7,0,0.111842
4704,1990-03-17,3,4,0,0.111815
4705,1990-03-24,5,6,0,0.111788
4706,1990-03-31,6,8,0,0.11176
4707,1990-04-07,7,7,1,0.111977
4708,1990-04-14,8,3,0,0.111949
4709,1990-04-21,9,3,0,0.111922
4710,1990-04-28,8,1,0,0.111895
4711,1990-05-05,3,5,0,0.111868
4712,1990-05-12,1,5,0,0.111841
4713,1990-05-19,2,6,0,0.111813
4714,1990-05-26,2,8,0,0.111786
4715,1990-06-02,9,8,0,0.111759
4716,1990-06-09,8,2,0,0.111732
4717,1990-06-16,3,5,0,0.111705
4718,1990-06-23,2,5,0,0.111678
4719,1990-06-30,2,1,0,0.11165
4720,1990-07-07,4,8,0,0.111623
4721,1990-07-14,7,7,1,0.111839
4722,1990-07-21,5,7,0,0.111812
4723,1990-07-28,4,3,0,0.111785
4724,1990-08-04,3,4,0,0.111758
4725,1990-08-11,3,5,0,0.11173
4726,1990-08-18,2,3,0,0.111703
4727,1990-08-25,1,1,1,0.111919
4728,1990-09-01,1,3,0,0.111891
4729,1990-09-08,7,3,0,0.111864
4730,1990-09-15,9,1,0,0.111837
4731,1990-09-22,1,9,0,0.11181
4732,1990-09-29,8,7,0,0.111783
4733,1990-10-06,3,1,0,0.111756
4734,1990-10-13,1,5,0,0.111729
4735,1990-10-20,9,6,0,0.111702
4736,1990-10-27,6,1,0,0.111675
4737,1990-11-03,9,3,0,0.111648
4738,1990-11-10,3,3,1,0.111863
4739,1990-11-17,5,5,1,0.112077
4740,1990-11-24,7,8,0,0.11205
4741,1990-12-01,7,6,0,0.112023
4742,1990-12-08,5,6,0,0.111996
4743,1990-12-15,5,3,0,0.111969
4744,1990-12-22,6,6,1,0.112183
4745,1990-12-29,1,7,0,0.112156
4746,1991-01-05,3,2,0,0.112129
4747,1991-01-12,9,7,0,0.112102
4748,1991-01-19,2,8,0,0.112075
4749,1991-01-26,1,8,0,0.112048
4750,1991-02-02,3,3,1,0.112262
4751,1991-02-09,3,7,0,0.112235
4752,1991-02-16,1,3,0,0.112208
4753,1991-02-23,8,6,0,0.112181
4754,1991-03-02,5,1,0,0.112154
4755,1991-03-09,5,2,0,0.112127
4756,1991-03-16,2,6,0,0.1121
4757,1991-03-23,7,3,0,0.112073
4758,1991-03-30,7,1,0,0.112046
4759,1991-04-06,8,6,0,0.112019
4760,1991-04-13,5,3,0,0.111992
4761,1991-04-20,2,2,1,0.112206
4762,1991-04-27,5,3,0,0.112179
4763,1991-05-04,1,1,1,0.112392
4764,1991-05-11,1,4,0,0.112365
4765,1991-05-18,1,3,0,0.112338
4766,1991-05-25,7,3,0,0.112311
4767,1991-06-01,1,1,1,0.112524
4768,1991-06-08,4,7,0,0.112497
4769,1991-06-15,3,7,0,0.11247
4770,1991-06-22,8,5,0,0.112443
4771,1991-06-29,9,5,0,0.112416
4772,1991-07-06,9,1,0,0.112389
4773,1991-07-13,9,1,0,0.112362
4774,1991-07-20,4,9,0,0.112335
4775,1991-07-27,5,8,0,0.112308
4776,1991-08-03,9,3,0,0.112282
4777,1991-08-10,1,8,0,0.112255
4778,1991-08-17,9,7,0,0.112228
4779,1991-08-24,2,1,0,0.112201
4780,1991-08-31,6,8,0,0.112174
4781,1991-09-07,3,5,0,0.112147
4782,1991-09-14,3,9,0,0.11212
4783,1991-09-21,1,3,0,0.112094
4784,1991-09-28,3,6,0,0.112067
4785,1991-10-05,8,7,0,0.11204
4786,1991-10-12,4,5,0,0.112013
4787,1991-10-19,3,2,0,0.111987
4788,1991-10-26,9,5,0,0.11196
4789,1991-11-02,9,8,0,0.111933
4790,1991-11-09,6,9,0,0.111906
4791,1991-11-16,4,3,0,0.11188
4792,1991-11-23,4,6,0,0.111853
4793,1991-11-30,5,7,0,0.111826
4794,1991-12-07,2,3,0,0.1118
4795,1991-12-14,7,3,0,0.111773
4796,1991-12-21,1,1,1,0.111985
4797,1991-12-28,7,7,1,0.112196
4798,1992-01-04,3,1,0,0.11217
4799,1992-01-11,2,3,0,0.112143
4800,1992-01-18,2,1,0,0.112116
4801,1992-01-25,1,8,0,0.112089
4802,1992-02-01,7,3,0,0.112063
4803,1992-02-08,9,1,0,0.112036
4804,1992-02-15,2,9,0,0.11201
4805,1992-02-22,4,8,0,0.111983
4806,1992-02-29,8,7,0,0.111956
4807,1992-03-08,2,5,0,0.11193
4808,1992-03-14,2,8,0,0.111903
4809,1992-03-21,2,8,0,0.111876
4810,1992-03-28,5,8,0,0.11185
4811,1992-04-04,6,1,0,0.111823
4812,1992-04-11,2,7,0,0.111797
4813,1992-04-18,7,2,0,0.11177
4814,1992-04-25,8,1,0,0.111744
4815,1992-05-02,4,3,0,0.111717
4816,1992-05-09,3,2,0,0.111691
4817,1992-05-16,4,5,0,0.111664
4818,1992-05-23,1,4,0,0.111638
4819,1992-05-30,7,9,0,0.111611
4820,1992-06-06,3,1,0,0.111585
4821,1992-06-13,5,3,0,0.111559
4822,1992-06-20,5,7,0,0.111532
4823,1992-06-27,4,6,0,0.111506
4824,1992-07-04,1,4,0,0.111479
4825,1992-07-11,5,9,0,0.111453
4826,1992-07-18,8,7,0,0.111427
4827,1992-07-25,1,6,0,0.1114
4828,1992-08-01,8,4,0,0.111374
4829,1992-08-08,5,1,0,0.111348
4830,1992-08-15,8,2,0,0.111321
4831,1992-08-22,3,6,0,0.111295
4832,1992-08-29,2,5,0,0.111269
4833,1992-09-05,7,1,0,0.111242
4834,1992-09-12,6,1,0,0.111216
4835,1992-09-19,3,9,0,0.11119
4836,1992-09-26,6,9,0,0.111164
4837,1992-10-03,6,3,0,0.111137
4838,1992-10-10,6,7,0,0.111111
4839,1992-10-17,3,7,0,0.111085
4840,1992-10-24,7,9,0,0.111059
4841,1992-10-31,7,7,1,0.111268
4842,1992-11-07,1,6,0,0.111242
4843,1992-11-14,2,7,0,0.111216
4844,1992-11-21,8,8,1,0.111425
4845,1992-11-28,2,1,0,0.111399
4846,1992-12-05,2,8,0,0.111373
4847,1992-12-12,5,8,0,0.111347
4848,1992-12-19,9,1,0,0.11132
4849,1992-12-26,6,8,0,0.111294
4850,1993-01-02,3,3,1,0.111503
4851,1993-01-09,7,9,0,0.111477
4852,1993-01-16,7,7,1,0.111686
4853,1993-01-23,9,6,0,0.11166
4854,1993-01-30,9,2,0,0.111633
4855,1993-02-06,9,9,1,0.111842
4856,1993-02-13,5,9,0,0.111816
4857,1993-02-20,1,5,0,0.11179
4858,1993-02-27,7,4,0,0.111763
4859,1993-03-06,4,1,0,0.111737
4860,1993-03-13,4,2,0,0.111711
4861,1993-03-20,9,5,0,0.111685
4862,1993-03-27,5,6,0,0.111658
4863,1993-04-03,6,5,0,0.111632
4864,1993-04-10,9,7,0,0.111606
4865,1993-04-17,3,3,1,0.111814
4866,1993-04-24,4,5,0,0.111788
4867,1993-05-03,9,4,0,0.111762
4868,1993-05-08,8,6,0,0.111736
4869,1993-05-15,7,5,0,0.11171
4870,1993-05-22,5,4,0,0.111683
4871,1993-05-29,3,3,1,0.111891
4872,1993-06-05,9,7,0,0.111865
4873,1993-06-12,1,8,0,0.111839
4874,1993-06-19,9,7,0,0.111813
4875,1993-06-26,6,1,0,0.111787
4876,1993-07-03,4,3,0,0.111761
4877,1993-07-10,6,6,1,0.111968
4878,1993-07-17,9,4,0,0.111942
4879,1993-07-24,9,3,0,0.111916
4880,1993-07-31,4,9,0,0.11189
4881,1993-08-07,3,8,0,0.111864
4882,1993-08-14,1,5,0,0.111837
4883,1993-08-21,1,6,0,0.111811
4884,1993-08-28,1,3,0,0.111785
4885,1993-09-04,9,1,0,0.111759
4886,1993-09-11,6,1,0,0.111733
4887,1993-09-18,1,3,0,0.111707
4888,1993-09-25,7,2,0,0.111681
4889,1993-10-02,3,1,0,0.111655
4890,1993-10-09,9,3,0,0.111629
4891,1993-10-16,4,8,0,0.111603
4892,1993-10-23,2,8,0,0.111577
4893,1993-10-30,9,5,0,0.111551
4894,1993-11-06,5,8,0,0.111525
4895,1993-11-13,8,5,0,0.111499
4896,1993-11-20,5,6,0,0.111473
4897,1993-11-27,5,2,0,0.111447
4898,1993-12-04,5,6,0,0.111421
4899,1993-12-11,5,6,0,0.111395
4900,1993-12-18,8,6,0,0.111369
4901,1993-12-27,5,6,0,0.111344
4902,1994-01-03,1,2,0,0.111318
4903,1994-01-08,1,4,0,0.111292
4904,1994-01-15,1,1,1,0.111498
4905,1994-01-22,4,1,0,0.111472
4906,1994-01-29,6,7,0,0.111446
4907,1994-02-05,2,4,0,0.111421
4908,1994-02-12,4,2,0,0.111395
4909,1994-02-19,9,7,0,0.111369
4910,1994-02-26,8,6,0,0.111343
4911,1994-03-05,9,5,0,0.111317
4912,1994-03-12,4,1,0,0.111291
4913,1994-03-19,9,8,0,0.111266
4914,1994-03-26,2,6,0,0.11124
4915,1994-04-02,8,8,1,0.111446
4916,1994-04-09,7,1,0,0.11142
4917,1994-04-16,6,4,0,0.111394
4918,1994-04-23,1,9,0,0.111368
4919,1994-04-30,4,2,0,0.111343
4920,1994-05-07,2,7,0,0.111317
4921,1994-05-14,1,5,0,0.111291
4922,1994-05-21,2,3,0,0.111265
4923,1994-05-28,8,8,1,0.111471
4924,1994-06-04,4,1,0,0.111445
4925,1994-06-11,2,2,1,0.11165
4926,1994-06-18,7,5,0,0.111625
4927,1994-06-25,2,1,0,0.111599
4928,1994-07-02,5,3,0,0.111573
4929,1994-07-09,8,1,0,0.111547
4930,1994-07-16,2,6,0,0.111522
4931,1994-07-23,4,8,0,0.111496
4932,1994-07-30,4,7,0,0.11147
4933,1994-08-06,1,5,0,0.111444
4934,1994-08-13,1,9,0,0.111419
4935,1994-08-20,1,1,1,0.111624
4936,1994-08-27,7,1,0,0.111598
4937,1994-09-03,8,1,0,0.111572
4938,1994-09-10,7,3,0,0.111546
4939,1994-09-17,6,6,1,0.111751
4940,1994-09-24,1,9,0,0.111725
4941,1994-10-01,5,2,0,0.1117
4942,1994-10-08,9,7,0,0.111674
4943,1994-10-15,5,8,0,0.111648
4944,1994-10-22,4,8,0,0.111623
4945,1994-10-29,7,4,0,0.111597
4946,1994-11-05,1,7,0,0.111571
4947,1994-11-12,7,7,1,0.111776
4948,1994-11-19,4,1,0,0.11175
4949,1994-11-26,3,2,0,0.111724
4950,1994-12-03,1,5,0,0.111698
4951,1994-12-10,5,6,0,0.111673
4952,1994-12-17,1,7,0,0.111647
4953,1994-12-24,7,4,0,0.111621
4954,1994-12-31,8,1,0,0.111596
4955,1995-01-07,3,3,1,0.1118
4956,1995-01-14,6,5,0,0.111774
4957,1995-01-21,2,3,0,0.111749
4958,1995-01-28,9,2,0,0.111723
4959,1995-02-04,1,8,0,0.111697
4960,1995-02-11,7,7,1,0.111901
4961,1995-02-18,5,1,0,0.111875
4962,1995-02-25,4,3,0,0.11185
4963,1995-03-04,6,4,0,0.111824
4964,1995-03-11,7,4,0,0.111798
4965,1995-03-18,9,3,0,0.111773
4966,1995-03-25,9,9,1,0.111976
4967,1995-04-01,6,9,0,0.111951
4968,1995-04-08,4,3,0,0.111925
4969,1995-04-15,9,6,0,0.111899
4970,1995-04-22,5,6,0,0.111874
4971,1995-04-29,9,8,0,0.111848
4972,1995-05-06,7,8,0,0.111823
4973,1995-05-13,8,8,1,0.112026
4974,1995-05-20,8,3,0,0.112
4975,1995-05-27,5,5,1,0.112203
4976,1995-06-03,2,2,1,0.112406
4977,1995-06-10,6,3,0,0.11238
4978,1995-06-17,9,5,0,0.112354
4979,1995-06-24,9,3,0,0.112329
4980,1995-07-01,6,9,0,0.112303
4981,1995-07-08,5,4,0,0.112277
4982,1995-07-15,3,5,0,0.112252
4983,1995-07-22,3,7,0,0.112226
4984,1995-07-29,5,3,0,0.112201
4985,1995-08-05,6,7,0,0.112175
4986,1995-08-12,1,7,0,0.11215
4987,1995-08-19,1,2,0,0.112124
4988,1995-08-26,9,1,0,0.112098
4989,1995-09-02,2,6,0,0.112073
4990,1995-09-09,5,8,0,0.112047
4991,1995-09-16,8,1,0,0.112022
4992,1995-09-23,2,6,0,0.111996
4993,1995-09-30,2,8,0,0.111971
4994,1995-10-07,9,8,0,0.111945
4995,1995-10-14,2,8,0,0.11192
4996,1995-10-21,9,8,0,0.111894
4997,1995-10-28,9,2,0,0.111869
4998,1995-11-04,8,9,0,0.111844
4999,1995-11-11,6,5,0,0.111818
5000,1995-11-18,2,5,0,0.111793
5001,1995-11-25,7,2,0,0.111767
5002,1995-12-02,5,1,0,0.111742
5003,1995-12-09,3,3,1,0.111944
5004,1995-12-16,2,7,0,0.111918
5005,1995-12-23,3,1,0,0.111893
5006,1995-12-30,7,4,0,0.111867
5007,1996-01-08,5,7,0,0.111842
5008,1996-01-13,6,3,0,0.111817
5009,1996-01-20,6,7,0,0.111791
5010,1996-01-27,6,7,0,0.111766
5011,1996-02-03,1,7,0,0.111741
5012,1996-02-10,8,2,0,0.111715
5013,1996-02-17,2,1,0,0.11169
5014,1996-02-24,5,8,0,0.111665
5015,1996-03-02,6,1,0,0.111639
5016,1996-03-09,4,7,0,0.111614
5017,1996-03-16,3,6,0,0.111589
5018,1996-03-23,7,5,0,0.111564
5019,1996-03-30,5,7,0,0.111538
5020,1996-04-06,1,3,0,0.111513
5021,1996-04-13,4,4,1,0.111714
5022,1996-04-20,5,7,0,0.111689
5023,1996-04-27,2,3,0,0.111664
5024,1996-05-04,1,3,0,0.111638
5025,1996-05-11,1,3,0,0.111613
5026,1996-05-18,4,1,0,0.111588
5027,1996-05-25,6,7,0,0.111563
5028,1996-06-01,8,4,0,0.111538
5029,1996-06-08,2,9,0,0.111512
5030,1996-06-15,5,8,0,0.111487
5031,1996-06-22,5,1,0,0.111462
5032,1996-06-29,8,6,0,0.111437
5033,1996-07-06,9,6,0,0.111412
5034,1996-07-13,1,1,1,0.111612
5035,1996-07-20,4,7,0,0.111587
5036,1996-07-27,6,7,0,0.111562
5037,1996-08-03,7,4,0,0.111537
5038,1996-08-10,1,3,0,0.111512
5039,1996-08-17,3,7,0,0.111486
5040,1996-08-24,5,7,0,0.111461
5041,1996-08-30,2,7,0,0.111436
5042,1996-09-07,4,1,0,0.111411
5043,1996-09-14,5,7,0,0.111386
5044,1996-09-21,2,3,0,0.111361
5045,1996-09-28,3,1,0,0.111336
5046,1996-10-05,8,4,0,0.111311
5047,1996-10-12,5,5,1,0.111511
5048,1996-10-19,9,2,0,0.111486
5049,1996-10-26,7,8,0,0.111461
5050,1996-11-02,6,8,0,0.111436
5051,1996-11-09,9,9,1,0.111635
5052,1996-11-16,7,3,0,0.11161
5053,1996-11-23,2,8,0,0.111585
5054,1996-11-30,4,3,0,0.11156
5055,1996-12-07,3,7,0,0.111535
5056,1996-12-14,9,5,0,0.11151
5057,1996-12-21,6,8,0,0.111485
5058,1996-12-28,5,4,0,0.11146
5059,1997-01-04,4,5,0,0.111435
5060,1997-01-11,3,4,0,0.11141
5061,1997-01-18,7,5,0,0.111385
5062,1997-01-25,9,7,0,0.11136
5063,1997-02-01,1,9,0,0.111335
5064,1997-02-08,9,7,0,0.11131
5065,1997-02-15,6,6,1,0.111509
5066,1997-02-22,5,4,0,0.111484
5067,1997-03-01,9,5,0,0.111459
5068,1997-03-08,4,8,0,0.111434
5069,1997-03-12,3,9,0,0.111409
5070,1997-03-15,2,5,0,0.111384
5071,1997-03-19,1,1,1,0.111583
5072,1997-03-22,6,3,0,0.111558
5073,1997-03-26,3,1,0,0.111533
5074,1997-03-29,1,9,0,0.111508
5075,1997-04-02,7,6,0,0.111483
5076,1997-04-05,2,1,0,0.111459
5077,1997-04-09,3,3,1,0.111657
5078,1997-04-12,2,4,0,0.111632
5079,1997-04-16,2,1,0,0.111607
5080,1997-04-19,1,8,0,0.111582
5081,1997-04-23,4,3,0,0.111557
5082,1997-04-26,4,7,0,0.111532
5083,1997-04-30,8,5,0,0.111508
5084,1997-05-03,9,5,0,0.111483
5085,1997-05-07,6,1,0,0.111458
5086,1997-05-10,7,4,0,0.111433
5087,1997-05-14,1,3,0,0.111408
5088,1997-05-17,8,7,0,0.111383
5089,1997-05-21,9,1,0,0.111359
5090,1997-05-24,2,1,0,0.111334
5091,1997-05-28,1,8,0,0.111309
5092,1997-05-31,4,3,0,0.111284
5093,1997-06-04,7,7,1,0.111482
5094,1997-06-07,7,7,1,0.11168
5095,1997-06-11,5,6,0,0.111655
5096,1997-06-14,3,3,1,0.111852
5097,1997-06-18,7,7,1,0.11205
5098,1997-06-21,8,7,0,0.112025
5099,1997-06-25,8,3,0,0.112
5100,1997-06-28,9,5,0,0.111975
5101,1997-07-02,4,1,0,0.11195
5102,1997-07-05,5,9,0,0.111925
5103,1997-07-09,3,3,1,0.112123
5104,1997-07-12,8,7,0,0.112098
5105,1997-07-16,6,5,0,0.112073
5106,1997-07-19,5,5,1,0.11227
5107,1997-07-23,9,5,0,0.112245
5108,1997-07-26,9,8,0,0.11222
5109,1997-07-30,1,9,0,0.112195
5110,1997-08-02,5,7,0,0.11217
5111,1997-08-06,2,1,0,0.112145
5112,1997-08-09,6,3,0,0.112121
5113,1997-08-13,6,5,0,0.112096
5114,1997-08-16,8,7,0,0.112071
5115,1997-08-20,4,9,0,0.112046
5116,1997-08-23,8,2,0,0.112021
5117,1997-08-27,6,5,0,0.111996
5118,1997-08-30,4,5,0,0.111972
5119,1997-09-03,9,6,0,0.111947
5120,1997-09-06,7,6,0,0.111922
5121,1997-09-10,1,8,0,0.111897
5122,1997-09-13,4,7,0,0.111873
5123,1997-09-17,9,7,0,0.111848
5124,1997-09-20,2,6,0,0.111823
5125,1997-09-24,8,8,1,0.112019
5126,1997-09-27,7,1,0,0.111995
5127,1997-10-01,5,6,0,0.11197
5128,1997-10-04,9,3,0,0.111945
5129,1997-10-08,4,9,0,0.111921
5130,1997-10-11,1,9,0,0.111896
5131,1997-10-15,7,9,0,0.111871
5132,1997-10-18,8,1,0,0.111846
5133,1997-10-22,5,3,0,0.111822
5134,1997-10-25,7,2,0,0.111797
5135,1997-10-29,5,6,0,0.111772
5136,1997-11-03,5,3,0,0.111748
5137,1997-11-05,8,6,0,0.111723
5138,1997-11-08,1,6,0,0.111699
5139,1997-11-12,9,4,0,0.111674
5140,1997-11-15,5,6,0,0.111649
5141,1997-11-19,4,8,0,0.111625
5142,1997-11-22,9,4,0,0.1116
5143,1997-11-26,8,6,0,0.111576
5144,1997-11-29,8,5,0,0.111551
5145,1997-12-03,9,5,0,0.111527
5146,1997-12-06,8,1,0,0.111502
5147,1997-12-10,1,5,0,0.111478
5148,1997-12-13,7,4,0,0.111453
5149,1997-12-17,3,1,0,0.111429
5150,1997-12-20,3,3,1,0.111624
5151,1997-12-24,4,3,0,0.111599
5152,1997-12-27,5,4,0,0.111575
5153,1997-12-31,3,3,1,0.11177
5154,1998-01-03,8,7,0,0.111745
5155,1998-01-07,2,5,0,0.111721
5156,1998-01-10,1,5,0,0.111696
5157,1998-01-14,3,3,1,0.111891
5158,1998-01-17,9,7,0,0.111867
5159,1998-01-21,7,8,0,0.111842
5160,1998-01-24,1,8,0,0.111818
5161,1998-01-27,5,7,0,0.111793
5162,1998-01-31,2,1,0,0.111769
5163,1998-02-04,9,3,0,0.111744
5164,1998-02-07,3,2,0,0.11172
5165,1998-02-11,6,5,0,0.111695
5166,1998-02-14,3,3,1,0.11189
5167,1998-02-18,5,9,0,0.111865
5168,1998-02-21,2,7,0,0.111841
5169,1998-02-25,3,3,1,0.112035
5170,1998-02-28,8,4,0,0.112011
5171,1998-03-04,4,5,0,0.111986
5172,1998-03-07,9,2,0,0.111962
5173,1998-03-11,7,6,0,0.111937
5174,1998-03-14,2,8,0,0.111913
5175,1998-03-18,5,3,0,0.111888
5176,1998-03-21,1,1,1,0.112082
5177,1998-03-25,2,4,0,0.112058
5178,1998-03-28,5,8,0,0.112033
5179,1998-04-01,6,1,0,0.112009
5180,1998-04-04,4,7,0,0.111984
5181,1998-04-08,8,6,0,0.11196
5182,1998-04-11,9,6,0,0.111935
5183,1998-04-15,8,1,0,0.111911
5184,1998-04-18,8,1,0,0.111887
5185,1998-04-22,7,5,0,0.111862
5186,1998-04-27,8,6,0,0.111838
5187,1998-04-29,6,3,0,0.111813
5188,1998-05-02,8,5,0,0.111789
5189,1998-05-06,7,9,0,0.111765
5190,1998-05-09,2,6,0,0.11174
5191,1998-05-13,6,3,0,0.111716
5192,1998-05-16,9,5,0,0.111692
5193,1998-05-20,9,3,0,0.111667
5194,1998-05-23,1,9,0,0.111643
5195,1998-05-27,3,7,0,0.111619
5196,1998-05-30,8,9,0,0.111595
5197,1998-06-03,9,5,0,0.11157
5198,1998-06-06,4,8,0,0.111546
5199,1998-06-10,3,9,0,0.111522
5200,1998-06-13,7,5,0,0.111498
5201,1998-06-17,4,7,0,0.111473
5202,1998-06-20,5,2,0,0.111449
5203,1998-06-24,5,3,0,0.111425
5204,1998-06-27,1,6,0,0.111401
5205,1998-07-01,9,4,0,0.111376
5206,1998-07-04,8,6,0,0.111352
5207,1998-07-08,7,1,0,0.111328
5208,1998-07-11,9,6,0,0.111304
5209,1998-07-15,1,9,0,0.11128
5210,1998-07-18,2,7,0,0.111256
5211,1998-07-22,2,8,0,0.111232
5212,1998-07-25,2,8,0,0.111207
5213,1998-07-29,5,8,0,0.111183
5214,1998-08-01,5,1,0,0.111159
5215,1998-08-05,8,6,0,0.111135
5216,1998-08-08,3,6,0,0.111111
5217,1998-08-12,8,5,0,0.111087
5218,1998-08-17,4,5,0,0.111063
5219,1998-08-19,2,2,1,0.111255
5220,1998-08-22,4,7,0,0.111231
5221,1998-08-26,6,7,0,0.111207
5222,1998-08-29,9,4,0,0.111183
5223,1998-09-02,4,3,0,0.111159
5224,1998-09-05,9,9,1,0.111351
5225,1998-09-09,9,6,0,0.111327
5226,1998-09-12,9,1,0,0.111303
5227,1998-09-16,5,9,0,0.111279
5228,1998-09-19,8,8,1,0.111471
5229,1998-09-23,4,6,0,0.111447
5230,1998-09-26,5,2,0,0.111423
5231,1998-09-30,2,3,0,0.111399
5232,1998-10-03,4,3,0,0.111375
5233,1998-10-07,8,7,0,0.111351
5234,1998-10-10,6,9,0,0.111327
5235,1998-10-14,3,5,0,0.111303
5236,1998-10-17,5,9,0,0.111279
5237,1998-10-21,8,7,0,0.111255
5238,1998-10-24,6,6,1,0.111446
5239,1998-10-28,2,5,0,0.111422
5240,1998-10-31,4,2,0,0.111398
5241,1998-11-04,2,7,0,0.111374
5242,1998-11-07,3,7,0,0.11135
5243,1998-11-11,2,4,0,0.111326
5244,1998-11-14,3,1,0,0.111302
5245,1998-11-18,8,4,0,0.111279
5246,1998-11-21,8,5,0,0.111255
5247,1998-11-25,3,5,0,0.111231
5248,1998-11-28,9,5,0,0.111207
5249,1998-12-02,2,8,0,0.111183
5250,1998-12-05,1,8,0,0.111159
5251,1998-12-09,5,3,0,0.111135
5252,1998-12-12,5,1,0,0.111111
5253,1998-12-16,2,6,0,0.111087
5254,1998-12-19,6,3,0,0.111063
5255,1998-12-23,3,5,0,0.11104
5256,1998-12-28,9,9,1,0.11123
5257,1998-12-30,5,8,0,0.111207
5258,1999-01-02,4,8,0,0.111183
5259,1999-01-07,3,4,0,0.111159
5260,1999-01-09,9,7,0,0.111135
5261,1999-01-13,7,8,0,0.111111
5262,1999-01-16,9,8,0,0.111087
5263,1999-01-20,8,9,0,0.111063
5264,1999-01-23,5,1,0,0.11104
5265,1999-01-27,6,2,0,0.111016
5266,1999-01-30,9,7,0,0.110992
5267,1999-02-03,9,3,0,0.110968
5268,1999-02-06,9,9,1,0.111159
5269,1999-02-10,9,9,1,0.111349
5270,1999-02-13,5,9,0,0.111325
5271,1999-02-17,6,8,0,0.111301
5272,1999-02-20,4,7,0,0.111278
5273,1999-02-24,4,6,0,0.111254
5274,1999-02-27,6,5,0,0.11123
5275,1999-03-03,8,4,0,0.111206
5276,1999-03-06,3,9,0,0.111182
5277,1999-03-10,3,5,0,0.111159
5278,1999-03-13,1,3,0,0.111135
5279,1999-03-17,4,6,0,0.111111
5280,1999-03-20,3,7,0,0.111087
5281,1999-03-24,1,7,0,0.111064
5282,1999-03-27,8,6,0,0.11104
5283,1999-03-31,7,1,0,0.111016
5284,1999-04-03,7,6,0,0.110993
5285,1999-04-07,2,6,0,0.110969
5286,1999-04-10,1,3,0,0.110945
5287,1999-04-14,6,3,0,0.110922
5288,1999-04-17,7,1,0,0.110898
5289,1999-04-21,7,3,0,0.110874
5290,1999-04-24,2,6,0,0.110851
5291,1999-04-28,7,3,0,0.110827
5292,1999-05-03,7,1,0,0.110803
5293,1999-05-05,3,6,0,0.11078
5294,1999-05-08,9,3,0,0.110756
5295,1999-05-12,9,8,0,0.110733
5296,1999-05-15,1,9,0,0.110709
5297,1999-05-19,9,7,0,0.110685
5298,1999-05-22,7,6,0,0.110662
5299,1999-05-26,5,8,0,0.110638
5300,1999-05-29,7,3,0,0.110615
5301,1999-06-02,2,6,0,0.110591
5302,1999-06-05,8,3,0,0.110568
5303,1999-06-09,6,1,0,0.110544
5304,1999-06-12,9,5,0,0.110521
5305,1999-06-16,4,3,0,0.110497
5306,1999-06-19,9,9,1,0.110686
5307,1999-06-23,6,6,1,0.110875
5308,1999-06-26,9,4,0,0.110852
5309,1999-06-30,8,3,0,0.110828
5310,1999-07-03,1,5,0,0.110805
5311,1999-07-07,3,4,0,0.110781
5312,1999-07-10,2,9,0,0.110757
5313,1999-07-14,6,1,0,0.110734
5314,1999-07-17,7,5,0,0.11071
5315,1999-07-21,2,3,0,0.110687
5316,1999-07-24,9,3,0,0.110664
5317,1999-07-28,6,2,0,0.11064
5318,1999-07-31,9,4,0,0.110617
5319,1999-08-04,1,3,0,0.110593
5320,1999-08-07,9,7,0,0.11057
5321,1999-08-11,6,6,1,0.110758
5322,1999-08-14,8,4,0,0.110735
5323,1999-08-18,6,9,0,0.110711
5324,1999-08-21,4,5,0,0.110688
5325,1999-08-25,8,6,0,0.110664
5326,1999-08-28,6,6,1,0.110853
5327,1999-09-01,8,4,0,0.110829
5328,1999-09-04,8,9,0,0.110806
5329,1999-09-08,5,5,1,0.110994
5330,1999-09-11,3,2,0,0.11097
5331,1999-09-15,9,7,0,0.110947
5332,1999-09-18,8,8,1,0.111135
5333,1999-09-22,9,1,0,0.111111
5334,1999-09-25,9,8,0,0.111088
5335,1999-09-29,6,9,0,0.111064
5336,1999-10-02,6,4,0,0.111041
5337,1999-10-06,3,7,0,0.111017
5338,1999-10-09,5,9,0,0.110994
5339,1999-10-13,8,8,1,0.111181
5340,1999-10-16,7,6,0,0.111158
5341,1999-10-20,1,6,0,0.111135
5342,1999-10-23,3,7,0,0.111111
5343,1999-10-27,4,9,0,0.111088
5344,1999-10-30,3,4,0,0.111064
5345,1999-11-03,4,1,0,0.111041
5346,1999-11-06,2,4,0,0.111017
5347,1999-11-10,4,7,0,0.110994
5348,1999-11-13,3,7,0,0.110971
5349,1999-11-17,2,1,0,0.110947
5350,1999-11-20,8,1,0,0.110924
5351,1999-11-24,2,1,0,0.110901
5352,1999-11-27,1,5,0,0.110877
5353,1999-12-01,2,3,0,0.110854
5354,1999-12-04,4,8,0,0.110831
5355,1999-12-09,4,7,0,0.110807
5356,1999-12-11,9,5,0,0.110784
5357,1999-12-15,4,6,0,0.110761
5358,1999-12-18,9,9,1,0.110948
5359,1999-12-22,6,6,1,0.111134
5360,1999-12-27,3,4,0,0.111111
5361,1999-12-29,2,9,0,0.111088
5362,2000-01-03,7,1,0,0.111064
5363,2000-01-05,2,1,0,0.111041
5364,2000-01-08,1,3,0,0.111018
5365,2000-01-12,6,3,0,0.110995
5366,2000-01-15,1,7,0,0.110971
5367,2000-01-19,1,2,0,0.110948
5368,2000-01-22,6,1,0,0.110925
5369,2000-01-26,3,1,0,0.110901
5370,2000-01-29,9,9,1,0.111088
5371,2000-02-02,6,8,0,0.111065
5372,2000-02-05,2,3,0,0.111041
5373,2000-02-09,9,2,0,0.111018
5374,2000-02-12,9,2,0,0.110995
5375,2000-02-16,2,9,0,0.110972
5376,2000-02-19,7,8,0,0.110948
5377,2000-02-23,1,1,1,0.111134
5378,2000-02-26,5,7,0,0.111111
5379,2000-03-01,2,1,0,0.111088
5380,2000-03-04,5,3,0,0.111065
5381,2000-03-08,7,1,0,0.111041
5382,2000-03-11,8,6,0,0.111018
5383,2000-03-15,5,3,0,0.110995
5384,2000-03-18,7,2,0,0.110972
5385,2000-03-22,2,6,0,0.110949
5386,2000-03-25,3,3,1,0.111134
5387,2000-03-29,4,4,1,0.11132
5388,2000-04-01,3,4,0,0.111297
5389,2000-04-05,8,1,0,0.111273
5390,2000-04-08,2,5,0,0.11125
5391,2000-04-12,8,5,0,0.111227
5392,2000-04-15,3,1,0,0.111204
5393,2000-04-19,9,5,0,0.111181
5394,2000-04-22,4,8,0,0.111157
5395,2000-04-26,7,9,0,0.111134
5396,2000-04-29,4,7,0,0.111111
5397,2000-05-03,9,2,0,0.111088
5398,2000-05-06,8,6,0,0.111065
5399,2000-05-10,4,1,0,0.111042
5400,2000-05-13,7,2,0,0.111019
5401,2000-05-17,1,7,0,0.110995
5402,2000-05-20,5,7,0,0.110972
5403,2000-05-24,9,1,0,0.110949
5404,2000-05-27,7,4,0,0.110926
5405,2000-05-31,2,8,0,0.110903
5406,2000-06-03,2,3,0,0.11088
5407,2000-06-07,9,8,0,0.110857
5408,2000-06-10,3,2,0,0.110834
5409,2000-06-14,5,5,1,0.111019
5410,2000-06-17,9,8,0,0.110996
5411,2000-06-21,5,4,0,0.110973
5412,2000-06-24,4,8,0,0.11095
5413,2000-06-28,3,3,1,0.111134
5414,2000-07-01,3,1,0,0.111111
5415,2000-07-05,8,3,0,0.111088
5416,2000-07-08,3,5,0,0.111065
5417,2000-07-12,5,5,1,0.111249
5418,2000-07-15,3,8,0,0.111226
5419,2000-07-19,7,7,1,0.111411
5420,2000-07-22,1,7,0,0.111388
5421,2000-07-26,4,7,0,0.111365
5422,2000-07-29,7,7,1,0.111549
5423,2000-08-02,6,7,0,0.111526
5424,2000-08-05,1,9,0,0.111503
5425,2000-08-09,3,2,0,0.111479
5426,2000-08-12,3,9,0,0.111456
5427,2000-08-16,6,3,0,0.111433
5428,2000-08-19,1,3,0,0.11141
5429,2000-08-23,6,2,0,0.111387
5430,2000-08-26,3,1,0,0.111364
5431,2000-08-30,6,9,0,0.111341
5432,2000-09-02,1,3,0,0.111318
5433,2000-09-06,7,2,0,0.111295
5434,2000-09-09,3,1,0,0.111272
5435,2000-09-13,3,3,1,0.111456
5436,2000-09-16,1,3,0,0.111433
5437,2000-09-20,4,6,0,0.11141
5438,2000-09-23,7,7,1,0.111593
5439,2000-09-27,6,7,0,0.11157
5440,2000-09-30,6,9,0,0.111547
5441,2000-10-04,2,7,0,0.111524
5442,2000-10-07,6,9,0,0.111501
5443,2000-10-11,5,5,1,0.111685
5444,2000-10-14,7,5,0,0.111662
5445,2000-10-18,5,6,0,0.111638
5446,2000-10-21,4,3,0,0.111615
5447,2000-10-25,1,3,0,0.111592
5448,2000-10-28,1,9,0,0.111569
5449,2000-11-02,2,1,0,0.111546
5450,2000-11-04,1,8,0,0.111523
5451,2000-11-08,4,3,0,0.1115
5452,2000-11-11,8,7,0,0.111477
5453,2000-11-15,8,6,0,0.111454
5454,2000-11-18,3,5,0,0.111432
5455,2000-11-22,3,5,0,0.111409
5456,2000-11-25,2,3,0,0.111386
5457,2000-11-29,2,1,0,0.111363
5458,2000-12-02,9,8,0,0.11134
5459,2000-12-06,7,2,0,0.111317
5460,2000-12-09,8,2,0,0.111294
5461,2000-12-13,7,3,0,0.111271
5462,2000-12-16,6,6,1,0.111454
5463,2000-12-20,1,9,0,0.111431
5464,2000-12-23,2,2,1,0.111614
5465,2000-12-27,1,8,0,0.111591
5466,2000-12-30,1,3,0,0.111568
5467,2001-01-03,3,1,0,0.111545
5468,2001-01-08,1,9,0,0.111522
5469,2001-01-10,4,6,0,0.111499
5470,2001-01-13,1,7,0,0.111476
5471,2001-01-17,4,9,0,0.111453
5472,2001-01-20,6,7,0,0.11143
5473,2001-01-24,1,4,0,0.111407
5474,2001-01-27,6,2,0,0.111385
5475,2001-01-31,7,3,0,0.111362
5476,2001-02-03,4,3,0,0.111339
5477,2001-02-07,7,2,0,0.111316
5478,2001-02-10,2,7,0,0.111293
5479,2001-02-14,6,3,0,0.11127
5480,2001-02-17,6,5,0,0.111248
5481,2001-02-21,9,7,0,0.111225
5482,2001-02-24,5,3,0,0.111202
5483,2001-02-28,1,8,0,0.111179
5484,2001-03-03,5,4,0,0.111157
5485,2001-03-07,5,1,0,0.111134
5486,2001-03-10,9,6,0,0.111111
5487,2001-03-14,4,4,1,0.111293
5488,2001-03-17,1,9,0,0.11127
5489,2001-03-21,5,9,0,0.111247
5490,2001-03-24,2,1,0,0.111225
5491,2001-03-28,5,3,0,0.111202
5492,2001-03-31,5,1,0,0.111179
5493,2001-04-04,2,6,0,0.111157
5494,2001-04-07,7,3,0,0.111134
5495,2001-04-11,7,1,0,0.111111
5496,2001-04-14,4,6,0,0.111088
5497,2001-04-18,1,2,0,0.111066
5498,2001-04-21,9,9,1,0.111247
5499,2001-04-26,6,6,1,0.111429
5500,2001-04-28,3,3,1,0.11161
5501,2001-05-02,9,9,1,0.111791
5502,2001-05-05,7,8,0,0.111768
5503,2001-05-09,5,8,0,0.111746
5504,2001-05-12,5,3,0,0.111723
5505,2001-05-16,3,6,0,0.1117
5506,2001-05-19,4,7,0,0.111677
5507,2001-05-23,5,4,0,0.111654
5508,2001-05-26,5,3,0,0.111632
5509,2001-05-30,6,6,1,0.111813
5510,2001-06-04,6,7,0,0.11179
5511,2001-06-06,1,7,0,0.111767
5512,2001-06-09,4,2,0,0.111744
5513,2001-06-13,1,7,0,0.111722
5514,2001-06-16,6,9,0,0.111699
5515,2001-06-20,2,7,0,0.111676
5516,2001-06-23,9,9,1,0.111857
5517,2001-06-27,1,2,0,0.111834
5518,2001-06-30,4,7,0,0.111811
5519,2001-07-04,6,7,0,0.111789
5520,2001-07-07,8,4,0,0.111766
5521,2001-07-11,7,9,0,0.111743
5522,2001-07-14,9,6,0,0.11172
5523,2001-07-18,7,9,0,0.111698
5524,2001-07-21,4,8,0,0.111675
5525,2001-07-25,8,2,0,0.111652
5526,2001-07-28,6,6,1,0.111833
5527,2001-08-01,7,4,0,0.11181
5528,2001-08-04,8,3,0,0.111787
5529,2001-08-08,2,3,0,0.111765
5530,2001-08-11,9,8,0,0.111742
5531,2001-08-16,7,2,0,0.111719
5532,2001-08-18,2,8,0,0.111697
5533,2001-08-22,6,3,0,0.111674
5534,2001-08-25,2,5,0,0.111651
5535,2001-08-29,9,9,1,0.111831
5536,2001-09-01,6,2,0,0.111809
5537,2001-09-05,7,3,0,0.111786
5538,2001-09-08,4,3,0,0.111764
5539,2001-09-12,5,2,0,0.111741
5540,2001-09-15,1,3,0,0.111718
5541,2001-09-19,5,4,0,0.111696
5542,2001-09-22,2,1,0,0.111673
5543,2001-09-26,9,3,0,0.11165
5544,2001-09-29,8,6,0,0.111628
5545,2001-10-03,2,1,0,0.111605
5546,2001-10-06,7,8,0,0.111583
5547,2001-10-10,2,1,0,0.11156
5548,2001-10-13,5,3,0,0.111538
5549,2001-10-17,3,5,0,0.111515
5550,2001-10-20,4,7,0,0.111493
5551,2001-10-24,9,4,0,0.11147
5552,2001-10-27,4,6,0,0.111448
5553,2001-10-31,4,9,0,0.111425
5554,2001-11-03,8,5,0,0.111403
5555,2001-11-07,6,6,1,0.111582
5556,2001-11-10,1,4,0,0.111559
5557,2001-11-14,4,2,0,0.111537
5558,2001-11-17,6,7,0,0.111514
5559,2001-11-21,2,4,0,0.111492
5560,2001-11-24,4,9,0,0.111469
5561,2001-11-28,6,7,0,0.111447
5562,2001-12-01,2,4,0,0.111425
5563,2001-12-05,4,9,0,0.111402
5564,2001-12-10,7,6,0,0.11138
5565,2001-12-12,2,7,0,0.111357
5566,2001-12-15,6,3,0,0.111335
5567,2001-12-19,2,5,0,0.111312
5568,2001-12-22,5,9,0,0.11129
5569,2001-12-27,4,5,0,0.111268
5570,2001-12-29,2,3,0,0.111245
5571,2001-12-31,3,7,0,0.111223
5572,2002-01-02,6,4,0,0.1112
5573,2002-01-05,4,3,0,0.111178
5574,2002-01-09,3,6,0,0.111156
5575,2002-01-12,8,1,0,0.111133
5576,2002-01-16,2,5,0,0.111111
5577,2002-01-19,1,8,0,0.111089
5578,2002-01-23,9,3,0,0.111066
5579,2002-01-26,1,6,0,0.111044
5580,2002-01-30,6,7,0,0.111022
5581,2002-02-02,9,7,0,0.111
5582,2002-02-06,4,3,0,0.110977
5583,2002-02-09,6,9,0,0.110955
5584,2002-02-13,2,4,0,0.110933
5585,2002-02-16,8,9,0,0.110911
5586,2002-02-20,4,1,0,0.110888
5587,2002-02-23,6,2,0,0.110866
5588,2002-02-27,2,4,0,0.110844
5589,2002-03-02,8,9,0,0.110822
5590,2002-03-06,2,1,0,0.110799
5591,2002-03-09,9,8,0,0.110777
5592,2002-03-13,6,8,0,0.110755
5593,2002-03-16,5,3,0,0.110733
5594,2002-03-20,1,5,0,0.110711
5595,2002-03-23,7,4,0,0.110689
5596,2002-03-27,7,3,0,0.110666
5597,2002-03-30,6,6,1,0.110844
5598,2002-04-03,5,1,0,0.110822
5599,2002-04-06,5,5,1,0.111
5600,2002-04-10,5,6,0,0.110978
5601,2002-04-13,3,6,0,0.110956
5602,2002-04-17,8,7,0,0.110933
5603,2002-04-20,4,2,0,0.110911
5604,2002-04-24,2,2,1,0.111089
5605,2002-04-27,1,7,0,0.111067
5606,2002-05-02,4,3,0,0.111045
5607,2002-05-04,6,7,0,0.111022
5608,2002-05-08,8,4,0,0.111
5609,2002-05-11,7,9,0,0.110978
5610,2002-05-15,3,6,0,0.110956
5611,2002-05-18,8,3,0,0.110934
5612,2002-05-22,6,2,0,0.110912
5613,2002-05-25,8,4,0,0.11089
5614,2002-05-29,9,9,1,0.111067
5615,2002-06-01,6,8,0,0.111045
5616,2002-06-05,5,3,0,0.111023
5617,2002-06-08,3,5,0,0.111
5618,2002-06-12,5,7,0,0.110978
5619,2002-06-15,1,8,0,0.110956
5620,2002-06-19,9,4,0,0.110934
5621,2002-06-22,1,6,0,0.110912
5622,2002-06-26,7,7,1,0.111089
5623,2002-06-29,6,3,0,0.111067
5624,2002-07-03,2,1,0,0.111045
5625,2002-07-06,7,9,0,0.111023
5626,2002-07-10,7,1,0,0.111001
5627,2002-07-13,8,6,0,0.110979
5628,2002-07-17,7,3,0,0.110956
5629,2002-07-20,3,6,0,0.110934
5630,2002-07-24,4,3,0,0.110912
5631,2002-07-27,2,4,0,0.11089
5632,2002-07-31,9,7,0,0.110868
5633,2002-08-03,8,6,0,0.110846
5634,2002-08-07,5,1,0,0.110824
5635,2002-08-10,7,2,0,0.110802
5636,2002-08-14,9,6,0,0.11078
5637,2002-08-17,1,9,0,0.110758
5638,2002-08-21,3,7,0,0.110736
5639,2002-08-24,9,9,1,0.110913
5640,2002-08-28,1,8,0,0.110891
5641,2002-08-31,8,7,0,0.110869
5642,2002-09-04,4,1,0,0.110847
5643,2002-09-07,5,2,0,0.110825
5644,2002-09-11,4,3,0,0.110803
5645,2002-09-14,5,3,0,0.110781
5646,2002-09-18,2,3,0,0.110759
5647,2002-09-21,7,3,0,0.110737
5648,2002-09-25,7,1,0,0.110715
5649,2002-09-28,3,6,0,0.110693
5650,2002-10-02,9,3,0,0.110671
5651,2002-10-05,5,8,0,0.110649
5652,2002-10-09,4,8,0,0.110627
5653,2002-10-12,2,3,0,0.110605
5654,2002-10-16,5,7,0,0.110584
5655,2002-10-19,6,5,0,0.110562
5656,2002-10-23,7,7,1,0.110738
5657,2002-10-26,8,3,0,0.110716
5658,2002-10-30,2,7,0,0.110694
5659,2002-11-02,3,8,0,0.110672
5660,2002-11-06,6,4,0,0.11065
5661,2002-11-09,3,3,1,0.110826
5662,2002-11-13,3,9,0,0.110804
5663,2002-11-16,9,3,0,0.110782
5664,2002-11-20,5,8,0,0.11076
5665,2002-11-23,8,8,1,0.110936
5666,2002-11-27,2,6,0,0.110914
5667,2002-11-30,7,8,0,0.110892
5668,2002-12-03,9,1,0,0.11087
5669,2002-12-05,3,9,0,0.110848
5670,2002-12-07,8,5,0,0.110826
5671,2002-12-10,9,2,0,0.110804
5672,2002-12-12,1,8,0,0.110783
5673,2002-12-14,8,7,0,0.110761
5674,2002-12-17,8,1,0,0.110739
5675,2002-12-19,5,5,1,0.110914
5676,2002-12-21,3,2,0,0.110892
5677,2002-12-24,7,7,1,0.111067
5678,2002-12-27,6,7,0,0.111045
5679,2002-12-28,5,1,0,0.111024
5680,2002-12-31,8,5,0,0.111002
5681,2003-01-02,1,6,0,0.11098
5682,2003-01-04,7,4,0,0.110958
5683,2003-01-08,9,3,0,0.110936
5684,2003-01-11,2,9,0,0.110914
5685,2003-01-15,9,8,0,0.110893
5686,2003-01-18,4,8,0,0.110871
5687,2003-01-22,5,9,0,0.110849
5688,2003-01-25,9,3,0,0.110827
5689,2003-01-29,8,4,0,0.110806
5690,2003-02-01,4,5,0,0.110784
5691,2003-02-05,1,2,0,0.110762
5692,2003-02-08,1,9,0,0.11074
5693,2003-02-12,6,1,0,0.110718
5694,2003-02-15,1,7,0,0.110697
5695,2003-02-19,5,2,0,0.110675
5696,2003-02-22,9,2,0,0.110653
5697,2003-02-26,6,4,0,0.110632
5698,2003-03-01,1,3,0,0.11061
5699,2003-03-05,9,2,0,0.110588
5700,2003-03-08,4,6,0,0.110567
5701,2003-03-12,2,9,0,0.110545
5702,2003-03-15,8,5,0,0.110523
5703,2003-03-19,6,1,0,0.110502
5704,2003-03-22,2,4,0,0.11048
5705,2003-03-26,6,9,0,0.110458
5706,2003-03-29,8,5,0,0.110437
5707,2003-04-02,7,9,0,0.110415
5708,2003-04-05,6,6,1,0.110589
5709,2003-04-09,3,1,0,0.110568
5710,2003-04-12,2,9,0,0.110546
5711,2003-04-16,3,2,0,0.110524
5712,2003-04-19,2,4,0,0.110503
5713,2003-04-23,1,2,0,0.110481
5714,2003-04-26,5,3,0,0.110459
5715,2003-04-30,5,2,0,0.110438
5716,2003-05-03,5,6,0,0.110416
5717,2003-05-07,4,6,0,0.110395
5718,2003-05-10,4,3,0,0.110373
5719,2003-05-14,2,5,0,0.110352
5720,2003-05-17,8,5,0,0.11033
5721,2003-05-21,6,1,0,0.110308
5722,2003-05-24,5,4,0,0.110287
5723,2003-05-28,3,5,0,0.110265
5724,2003-05-31,9,7,0,0.110244
5725,2003-06-04,5,5,1,0.110417
5726,2003-06-07,2,8,0,0.110396
5727,2003-06-11,4,3,0,0.110374
5728,2003-06-14,3,7,0,0.110353
5729,2003-06-18,3,1,0,0.110331
5730,2003-06-21,9,3,0,0.11031
5731,2003-06-25,1,5,0,0.110288
5732,2003-06-28,6,7,0,0.110267
5733,2003-07-02,9,1,0,0.110245
5734,2003-07-05,3,3,1,0.110419
5735,2003-07-09,4,5,0,0.110397
5736,2003-07-12,4,4,1,0.11057
5737,2003-07-16,8,5,0,0.110549
5738,2003-07-19,9,6,0,0.110527
5739,2003-07-23,9,1,0,0.110506
5740,2003-07-26,4,9,0,0.110484
5741,2003-07-30,3,9,0,0.110463
5742,2003-08-02,6,1,0,0.110441
5743,2003-08-06,1,3,0,0.11042
5744,2003-08-09,6,2,0,0.110398
5745,2003-08-13,6,1,0,0.110377
5746,2003-08-16,1,7,0,0.110356
5747,2003-08-20,4,2,0,0.110334
5748,2003-08-23,8,6,0,0.110313
5749,2003-08-27,2,6,0,0.110291
5750,2003-08-30,4,8,0,0.11027
5751,2003-09-03,3,7,0,0.110248
5752,2003-09-06,8,1,0,0.110227
5753,2003-09-10,4,2,0,0.110206
5754,2003-09-13,2,2,1,0.110378
5755,2003-09-17,6,5,0,0.110357
5756,2003-09-20,1,5,0,0.110335
5757,2003-09-24,5,4,0,0.110314
5758,2003-09-27,3,2,0,0.110293
5759,2003-10-01,9,7,0,0.110271
5760,2003-10-04,6,5,0,0.11025
5761,2003-10-08,4,3,0,0.110229
5762,2003-10-11,3,6,0,0.110207
5763,2003-10-15,4,1,0,0.110186
5764,2003-10-18,4,4,1,0.110358
5765,2003-10-22,9,5,0,0.110337
5766,2003-10-25,1,6,0,0.110315
5767,2003-10-29,7,7,1,0.110488
5768,2003-11-03,5,3,0,0.110466
5769,2003-11-05,2,3,0,0.110445
5770,2003-11-08,9,3,0,0.110424
5771,2003-11-12,8,8,1,0.110596
5772,2003-11-15,3,5,0,0.110574
5773,2003-11-19,8,5,0,0.110553
5774,2003-11-22,6,2,0,0.110531
5775,2003-11-26,5,5,1,0.110703
5776,2003-11-29,3,5,0,0.110682
5777,2003-12-03,3,7,0,0.11066
5778,2003-12-06,1,3,0,0.110639
5779,2003-12-10,6,4,0,0.110618
5780,2003-12-13,5,1,0,0.110596
5781,2003-12-17,2,5,0,0.110575
5782,2003-12-20,1,3,0,0.110554
5783,2003-12-24,2,3,0,0.110532
5784,2003-12-27,4,8,0,0.110511
5785,2003-12-31,3,7,0,0.11049
5786,2004-01-03,7,1,0,0.110468
5787,2004-01-07,1,7,0,0.110447
5788,2004-01-10,8,7,0,0.110426
5789,2004-01-14,2,1,0,0.110405
5790,2004-01-17,3,8,0,0.110383
5791,2004-01-21,3,4,0,0.110362
5792,2004-01-24,6,3,0,0.110341
5793,2004-01-28,3,3,1,0.110512
5794,2004-01-31,8,9,0,0.110491
5795,2004-02-04,3,2,0,0.11047
5796,2004-02-07,5,5,1,0.110641
5797,2004-02-11,6,8,0,0.110619
5798,2004-02-14,8,7,0,0.110598
5799,2004-02-18,4,9,0,0.110577
5800,2004-02-21,9,2,0,0.110556
5801,2004-02-25,2,6,0,0.110534
5802,2004-02-28,6,8,0,0.110513
5803,2004-03-03,6,5,0,0.110492
5804,2004-03-06,1,1,1,0.110663
5805,2004-03-10,6,4,0,0.110642
5806,2004-03-13,4,1,0,0.11062
5807,2004-03-17,2,6,0,0.110599
5808,2004-03-20,2,5,0,0.110578
5809,2004-03-24,6,8,0,0.110557
5810,2004-03-27,1,5,0,0.110535
5811,2004-03-31,3,4,0,0.110514
5812,2004-04-03,6,9,0,0.110493
5813,2004-04-07,3,3,1,0.110664
5814,2004-04-10,7,9,0,0.110642
5815,2004-04-14,5,7,0,0.110621
5816,2004-04-17,7,3,0,0.1106
5817,2004-04-21,8,6,0,0.110579
5818,2004-04-24,9,7,0,0.110558
5819,2004-04-28,7,1,0,0.110536
5820,2004-05-03,5,2,0,0.110515
5821,2004-05-05,7,3,0,0.110494
5822,2004-05-08,5,6,0,0.110473
5823,2004-05-12,1,3,0,0.110452
5824,2004-05-15,7,4,0,0.110431
5825,2004-05-19,8,3,0,0.110409
5826,2004-05-22,7,7,1,0.11058
5827,2004-05-26,2,6,0,0.110559
5828,2004-05-29,4,3,0,0.110537
5829,2004-06-03,9,3,0,0.110516
5830,2004-06-05,5,6,0,0.110495
5831,2004-06-09,5,8,0,0.110474
5832,2004-06-12,2,6,0,0.110453
5833,2004-06-16,8,3,0,0.110432
5834,2004-06-19,4,6,0,0.110411
5835,2004-06-23,9,2,0,0.11039
5836,2004-06-26,7,6,0,0.110369
5837,2004-06-30,8,2,0,0.110347
5838,2004-07-03,3,7,0,0.110326
5839,2004-07-07,6,5,0,0.110305
5840,2004-07-10,9,3,0,0.110284
5841,2004-07-14,4,3,0,0.110263
5842,2004-07-17,2,9,0,0.110242
5843,2004-07-21,9,5,0,0.110221
5844,2004-07-24,2,8,0,0.1102
5845,2004-07-28,3,8,0,0.110179
5846,2004-07-31,7,4,0,0.110158
5847,2004-08-04,5,7,0,0.110137
5848,2004-08-07,8,3,0,0.110116
5849,2004-08-11,7,6,0,0.110095
5850,2004-08-14,4,6,0,0.110074
5851,2004-08-18,4,2,0,0.110053
5852,2004-08-21,9,5,0,0.110032
5853,2004-08-25,5,6,0,0.110011
5854,2004-08-28,4,8,0,0.10999
5855,2004-09-01,4,3,0,0.10997
5856,2004-09-04,1,5,0,0.109949
5857,2004-09-08,4,9,0,0.109928
5858,2004-09-11,4,6,0,0.109907
5859,2004-09-15,7,5,0,0.109886
5860,2004-09-18,2,7,0,0.109865
5861,2004-09-22,1,3,0,0.109844
5862,2004-09-25,8,3,0,0.109823
5863,2004-09-29,5,1,0,0.109802
5864,2004-10-02,5,2,0,0.109782
5865,2004-10-06,7,6,0,0.109761
5866,2004-10-09,5,6,0,0.10974
5867,2004-10-13,6,3,0,0.109719
5868,2004-10-16,1,7,0,0.109698
5869,2004-10-20,8,4,0,0.109677
5870,2004-10-23,4,1,0,0.109657
5871,2004-10-27,2,2,1,0.109825
5872,2004-10-30,3,5,0,0.109805
5873,2004-11-03,3,4,0,0.109784
5874,2004-11-06,7,3,0,0.109763
5875,2004-11-10,8,7,0,0.109742
5876,2004-11-13,2,7,0,0.109721
5877,2004-11-17,3,8,0,0.109701
5878,2004-11-20,5,4,0,0.10968
5879,2004-11-24,4,8,0,0.109659
5880,2004-11-27,6,4,0,0.109638
5881,2004-12-01,1,4,0,0.109618
5882,2004-12-04,7,4,0,0.109597
5883,2004-12-09,2,3,0,0.109576
5884,2004-12-11,8,3,0,0.109555
5885,2004-12-15,2,6,0,0.109535
5886,2004-12-18,6,8,0,0.109514
5887,2004-12-22,7,5,0,0.109493
5888,2004-12-27,7,3,0,0.109472
5889,2004-12-29,1,6,0,0.109452
5890,2005-01-03,3,7,0,0.109431
5891,2005-01-05,2,9,0,0.10941
5892,2005-01-08,6,1,0,0.10939
5893,2005-01-12,4,5,0,0.109369
5894,2005-01-15,6,6,1,0.109537
5895,2005-01-19,6,4,0,0.109517
5896,2005-01-22,2,1,0,0.109496
5897,2005-01-26,9,9,1,0.109664
5898,2005-01-29,1,8,0,0.109643
5899,2005-02-02,9,7,0,0.109623
5900,2005-02-05,2,6,0,0.109602
5901,2005-02-09,9,8,0,0.109581
5902,2005-02-12,8,8,1,0.109749
5903,2005-02-16,2,5,0,0.109729
5904,2005-02-19,5,8,0,0.109708
5905,2005-02-23,2,5,0,0.109687
5906,2005-02-26,8,3,0,0.109666
5907,2005-03-02,5,6,0,0.109646
5908,2005-03-05,7,2,0,0.109625
5909,2005-03-09,1,6,0,0.109605
5910,2005-03-12,9,7,0,0.109584
5911,2005-03-16,4,6,0,0.109563
5912,2005-03-19,6,9,0,0.109543
5913,2005-03-23,8,4,0,0.109522
5914,2005-03-26,7,9,0,0.109501
5915,2005-03-30,8,6,0,0.109481
5916,2005-04-02,4,7,0,0.10946
5917,2005-04-06,4,2,0,0.10944
5918,2005-04-09,9,7,0,0.109419
5919,2005-04-13,6,6,1,0.109586
5920,2005-04-16,7,3,0,0.109566
5921,2005-04-20,8,3,0,0.109545
5922,2005-04-23,1,7,0,0.109525
5923,2005-04-27,2,4,0,0.109504
5924,2005-04-30,7,8,0,0.109484
5925,2005-05-04,5,1,0,0.109463
5926,2005-05-07,9,3,0,0.109442
5927,2005-05-11,2,4,0,0.109422
5928,2005-05-14,1,8,0,0.109401
5929,2005-05-18,1,3,0,0.109381
5930,2005-05-21,7,1,0,0.10936
5931,2005-05-25,1,3,0,0.10934
5932,2005-05-28,4,7,0,0.109319
5933,2005-06-01,4,6,0,0.109299
5934,2005-06-04,5,9,0,0.109278
5935,2005-06-08,2,3,0,0.109258
5936,2005-06-11,1,3,0,0.109237
5937,2005-06-15,9,1,0,0.109217
5938,2005-06-18,2,6,0,0.109196
5939,2005-06-21,9,8,0,0.109176
5940,2005-06-23,4,8,0,0.109156
5941,2005-06-25,7,9,0,0.109135
5942,2005-06-28,2,7,0,0.109115
5943,2005-06-30,5,3,0,0.109094
5944,2005-07-02,5,5,1,0.109261
5945,2005-07-05,8,6,0,0.109241
5946,2005-07-07,3,6,0,0.10922
5947,2005-07-09,1,5,0,0.1092
5948,2005-07-12,8,6,0,0.109179
5949,2005-07-14,8,1,0,0.109159
5950,2005-07-16,3,5,0,0.109138
5951,2005-07-19,4,5,0,0.109118
5952,2005-07-21,9,4,0,0.109098
5953,2005-07-23,8,6,0,0.109077
5954,2005-07-26,8,5,0,0.109057
5955,2005-07-28,1,5,0,0.109037
5956,2005-07-30,2,4,0,0.109016
5957,2005-08-02,5,8,0,0.108996
5958,2005-08-04,3,5,0,0.108976
5959,2005-08-06,8,7,0,0.108955
5960,2005-08-09,7,2,0,0.108935
5961,2005-08-11,5,6,0,0.108915
5962,2005-08-13,8,3,0,0.108894
5963,2005-08-16,2,6,0,0.108874
5964,2005-08-18,1,5,0,0.108854
5965,2005-08-20,7,1,0,0.108833
5966,2005-08-23,6,1,0,0.108813
5967,2005-08-25,6,1,0,0.108793
5968,2005-08-27,8,1,0,0.108773
5969,2005-08-30,6,9,0,0.108752
5970,2005-09-01,4,5,0,0.108732
5971,2005-09-03,2,6,0,0.108712
5972,2005-09-06,1,5,0,0.108692
5973,2005-09-08,2,1,0,0.108671
5974,2005-09-10,4,8,0,0.108651
5975,2005-09-13,8,3,0,0.108631
5976,2005-09-15,4,6,0,0.108611
5977,2005-09-17,2,2,1,0.108776
5978,2005-09-20,7,5,0,0.108756
5979,2005-09-22,1,1,1,0.108922
5980,2005-09-24,8,7,0,0.108902
5981,2005-09-27,2,1,0,0.108881
5982,2005-09-29,9,1,0,0.108861
5983,2005-10-01,6,8,0,0.108841
5984,2005-10-04,7,3,0,0.108821
5985,2005-10-06,5,3,0,0.108801
5986,2005-10-08,6,3,0,0.10878
5987,2005-10-11,9,7,0,0.10876
5988,2005-10-13,4,3,0,0.10874
5989,2005-10-15,3,9,0,0.10872
5990,2005-10-18,1,7,0,0.1087
5991,2005-10-20,9,6,0,0.10868
5992,2005-10-22,8,6,0,0.108659
5993,2005-10-25,2,5,0,0.108639
5994,2005-10-27,8,1,0,0.108619
5995,2005-10-29,4,6,0,0.108599
5996,2005-11-02,4,2,0,0.108579
5997,2005-11-03,6,5,0,0.108559
5998,2005-11-05,4,4,1,0.108724
5999,2005-11-08,2,6,0,0.108704
6000,2005-11-10,8,7,0,0.108684
6001,2005-11-12,6,6,1,0.108849
6002,2005-11-15,5,5,1,0.109014
6003,2005-11-17,1,5,0,0.108993
6004,2005-11-19,2,4,0,0.108973
6005,2005-11-22,2,8,0,0.108953
6006,2005-11-24,7,8,0,0.108933
6007,2005-11-26,7,1,0,0.108913
6008,2005-11-29,9,6,0,0.108893
6009,2005-12-01,3,9,0,0.108872
6010,2005-12-03,3,5,0,0.108852
6011,2005-12-06,6,3,0,0.108832
6012,2005-12-09,6,3,0,0.108812
6013,2005-12-10,2,1,0,0.108792
6014,2005-12-13,6,9,0,0.108772
6015,2005-12-15,5,5,1,0.108936
6016,2005-12-17,2,5,0,0.108916
6017,2005-12-20,1,1,1,0.109081
6018,2005-12-22,1,1,1,0.109245
6019,2005-12-24,2,1,0,0.109225
6020,2005-12-27,9,8,0,0.109205
6021,2005-12-29,7,8,0,0.109185
6022,2005-12-31,2,8,0,0.109165
6023,2006-01-03,8,3,0,0.109145
6024,2006-01-05,5,6,0,0.109124
6025,2006-01-07,4,7,0,0.109104
6026,2006-01-10,9,4,0,0.109084
6027,2006-01-12,3,6,0,0.109064
6028,2006-01-14,9,5,0,0.109044
6029,2006-01-17,1,5,0,0.109024
6030,2006-01-19,6,7,0,0.109004
6031,2006-01-21,6,1,0,0.108984
6032,2006-01-24,3,1,0,0.108964
6033,2006-01-26,3,9,0,0.108944
6034,2006-01-28,3,3,1,0.109108
6035,2006-01-31,4,3,0,0.109088
6036,2006-02-02,9,4,0,0.109068
6037,2006-02-04,7,6,0,0.109047
6038,2006-02-07,8,2,0,0.109027
6039,2006-02-09,6,7,0,0.109007
6040,2006-02-11,7,5,0,0.108987
6041,2006-02-14,4,3,0,0.108967
6042,2006-02-16,9,2,0,0.108947
6043,2006-02-18,7,6,0,0.108927
6044,2006-02-21,4,8,0,0.108907
6045,2006-02-23,8,2,0,0.108887
6046,2006-02-25,8,6,0,0.108867
6047,2006-02-28,1,5,0,0.108847
6048,2006-03-02,7,4,0,0.108827
6049,2006-03-04,5,1,0,0.108807
6050,2006-03-07,3,3,1,0.108971
6051,2006-03-09,3,7,0,0.108951
6052,2006-03-11,3,3,1,0.109114
6053,2006-03-14,7,3,0,0.109094
6054,2006-03-16,1,7,0,0.109074
6055,2006-03-18,7,7,1,0.109238
6056,2006-03-21,8,1,0,0.109218
6057,2006-03-23,4,7,0,0.109198
6058,2006-03-25,4,2,0,0.109178
6059,2006-03-28,8,5,0,0.109158
6060,2006-03-30,7,6,0,0.109138
6061,2006-04-01,1,6,0,0.109118
6062,2006-04-04,6,7,0,0.109098
6063,2006-04-06,1,1,1,0.109261
6064,2006-04-08,6,4,0,0.109241
6065,2006-04-11,8,1,0,0.109221
6066,2006-04-13,5,9,0,0.109201
6067,2006-04-15,1,7,0,0.109181
6068,2006-04-18,2,4,0,0.109161
6069,2006-04-20,5,8,0,0.109141
6070,2006-04-22,1,5,0,0.109121
6071,2006-04-26,6,4,0,0.109101
6072,2006-04-27,8,1,0,0.109081
6073,2006-04-29,7,9,0,0.109061
6074,2006-05-02,7,6,0,0.109041
6075,2006-05-04,6,6,1,0.109204
6076,2006-05-06,7,1,0,0.109184
6077,2006-05-09,5,3,0,0.109164
6078,2006-05-11,3,3,1,0.109327
6079,2006-05-13,6,7,0,0.109307
6080,2006-05-16,8,3,0,0.109287
6081,2006-05-18,1,9,0,0.109267
6082,2006-05-20,8,4,0,0.109247
6083,2006-05-23,7,1,0,0.109227
6084,2006-05-25,2,6,0,0.109207
6085,2006-05-27,6,3,0,0.109187
6086,2006-05-30,1,5,0,0.109167
6087,2006-06-01,7,6,0,0.109147
6088,2006-06-03,4,1,0,0.109127
6089,2006-06-06,5,8,0,0.109107
6090,2006-06-08,3,3,1,0.10927
6091,2006-06-10,8,7,0,0.10925
6092,2006-06-13,8,2,0,0.10923
6093,2006-06-15,2,5,0,0.10921
6094,2006-06-17,6,8,0,0.10919
6095,2006-06-20,7,5,0,0.10917
6096,2006-06-22,1,3,0,0.10915
6097,2006-06-24,8,7,0,0.109131
6098,2006-06-27,4,1,0,0.109111
6099,2006-06-29,7,2,0,0.109091
6100,2006-07-01,1,7,0,0.109071
6101,2006-07-04,1,7,0,0.109051
6102,2006-07-06,3,1,0,0.109031
6103,2006-07-08,7,9,0,0.109012
6104,2006-07-11,1,7,0,0.108992
6105,2006-07-13,1,7,0,0.108972
6106,2006-07-15,5,1,0,0.108952
6107,2006-07-18,6,2,0,0.108932
6108,2006-07-20,4,7,0,0.108913
6109,2006-07-22,3,6,0,0.108893
6110,2006-07-25,9,1,0,0.108873
6111,2006-07-27,8,5,0,0.108853
6112,2006-07-29,3,5,0,0.108834
6113,2006-08-01,1,5,0,0.108814
6114,2006-08-03,5,6,0,0.108794
6115,2006-08-05,6,2,0,0.108774
6116,2006-08-08,6,7,0,0.108755
6117,2006-08-10,1,1,1,0.108916
6118,2006-08-12,2,6,0,0.108897
6119,2006-08-16,3,8,0,0.108877
6120,2006-08-17,1,4,0,0.108857
6121,2006-08-19,1,6,0,0.108837
6122,2006-08-22,2,1,0,0.108818
6123,2006-08-24,5,8,0,0.108798
6124,2006-08-26,3,5,0,0.108778
6125,2006-08-29,7,7,1,0.10894
6126,2006-08-31,3,7,0,0.10892
6127,2006-09-02,6,3,0,0.1089
6128,2006-09-05,8,3,0,0.10888
6129,2006-09-07,7,9,0,0.108861
6130,2006-09-09,5,6,0,0.108841
6131,2006-09-12,2,3,0,0.108821
6132,2006-09-14,2,1,0,0.108802
6133,2006-09-16,9,8,0,0.108782
6134,2006-09-19,6,8,0,0.108762
6135,2006-09-21,2,3,0,0.108743
6136,2006-09-23,9,9,1,0.108904
6137,2006-09-26,4,8,0,0.108884
6138,2006-09-28,7,9,0,0.108864
6139,2006-09-30,9,7,0,0.108845
6140,2006-10-03,1,9,0,0.108825
6141,2006-10-05,9,7,0,0.108805
6142,2006-10-07,3,6,0,0.108786
6143,2006-10-10,1,5,0,0.108766
6144,2006-10-12,9,6,0,0.108747
6145,2006-10-14,4,6,0,0.108727
6146,2006-10-17,9,9,1,0.108888
6147,2006-10-19,6,6,1,0.109048
6148,2006-10-21,3,3,1,0.109209
6149,2006-10-24,8,9,0,0.109189
6150,2006-10-26,5,2,0,0.10917
6151,2006-10-28,9,7,0,0.10915
6152,2006-10-31,8,4,0,0.10913
6153,2006-11-02,7,5,0,0.109111
6154,2006-11-04,6,6,1,0.109271
6155,2006-11-07,7,1,0,0.109251
6156,2006-11-09,5,3,0,0.109232
6157,2006-11-11,1,3,0,0.109212
6158,2006-11-14,4,4,1,0.109372
6159,2006-11-16,6,6,1,0.109532
6160,2006-11-18,8,4,0,0.109513
6161,2006-11-21,8,9,0,0.109493
6162,2006-11-23,8,5,0,0.109473
6163,2006-11-25,8,5,0,0.109454
6164,2006-11-28,4,5,0,0.109434
6165,2006-11-30,8,2,0,0.109414
6166,2006-12-02,3,6,0,0.109395
6167,2006-12-05,2,5,0,0.109375
6168,2006-12-07,5,1,0,0.109355
6169,2006-12-09,8,5,0,0.109336
6170,2006-12-12,1,2,0,0.109316
6171,2006-12-14,5,4,0,0.109296
6172,2006-12-16,7,2,0,0.109277
6173,2006-12-19,1,6,0,0.109257
6174,2006-12-21,8,7,0,0.109238
6175,2006-12-23,3,1,0,0.109218
6176,2006-12-27,6,5,0,0.109198
6177,2006-12-28,5,3,0,0.109179
6178,2006-12-30,3,5,0,0.109159
6179,2007-01-02,9,7,0,0.10914
6180,2007-01-04,2,5,0,0.10912
6181,2007-01-08,4,8,0,0.109101
6182,2007-01-09,5,3,0,0.109081
6183,2007-01-11,5,3,0,0.109062
6184,2007-01-13,5,6,0,0.109042
6185,2007-01-16,8,6,0,0.109023
6186,2007-01-18,7,1,0,0.109003
6187,2007-01-20,4,6,0,0.108984
6188,2007-01-23,2,8,0,0.108964
6189,2007-01-25,1,7,0,0.108945
6190,2007-01-27,5,1,0,0.108925
6191,2007-01-30,3,7,0,0.108906
6192,2007-02-01,1,7,0,0.108886
6193,2007-02-03,8,6,0,0.108867
6194,2007-02-06,2,1,0,0.108847
6195,2007-02-08,6,8,0,0.108828
6196,2007-02-10,8,5,0,0.108808
6197,2007-02-13,3,9,0,0.108789
6198,2007-02-15,2,5,0,0.108769
6199,2007-02-17,5,1,0,0.10875
6200,2007-02-20,3,5,0,0.108731
6201,2007-02-22,1,7,0,0.108711
6202,2007-02-24,1,6,0,0.108692
6203,2007-02-27,2,1,0,0.108672
6204,2007-03-01,9,8,0,0.108653
6205,2007-03-03,1,8,0,0.108634
6206,2007-03-06,1,7,0,0.108614
6207,2007-03-08,8,1,0,0.108595
6208,2007-03-10,1,1,1,0.108754
6209,2007-03-13,4,4,1,0.108913
6210,2007-03-15,7,6,0,0.108893
6211,2007-03-17,8,7,0,0.108874
6212,2007-03-20,4,7,0,0.108854
6213,2007-03-22,3,2,0,0.108835
6214,2007-03-24,7,1,0,0.108816
6215,2007-03-27,5,7,0,0.108796
6216,2007-03-29,6,3,0,0.108777
6217,2007-03-31,4,7,0,0.108758
6218,2007-04-03,2,6,0,0.108738
6219,2007-04-05,8,7,0,0.108719
6220,2007-04-07,2,6,0,0.1087
6221,2007-04-10,8,8,1,0.108858
6222,2007-04-12,3,6,0,0.108839
6223,2007-04-14,1,5,0,0.108819
6224,2007-04-17,4,6,0,0.1088
6225,2007-04-19,7,6,0,0.108781
6226,2007-04-21,1,7,0,0.108761
6227,2007-04-24,2,7,0,0.108742
6228,2007-04-26,7,8,0,0.108723
6229,2007-04-28,6,1,0,0.108703
6230,2007-05-02,1,1,1,0.108862
6231,2007-05-03,6,6,1,0.10902
6232,2007-05-05,5,1,0,0.109001
6233,2007-05-08,3,5,0,0.108981
6234,2007-05-10,1,7,0,0.108962
6235,2007-05-12,1,4,0,0.108943
6236,2007-05-15,8,1,0,0.108923
6237,2007-05-17,3,1,0,0.108904
6238,2007-05-19,9,5,0,0.108885
6239,2007-05-22,3,5,0,0.108865
6240,2007-05-24,2,5,0,0.108846
6241,2007-05-26,1,1,1,0.109004
6242,2007-05-29,8,1,0,0.108985
6243,2007-05-31,3,1,0,0.108965
6244,2007-06-04,6,5,0,0.108946
6245,2007-06-05,2,3,0,0.108927
6246,2007-06-07,6,9,0,0.108907
6247,2007-06-09,3,5,0,0.108888
6248,2007-06-12,2,9,0,0.108869
6249,2007-06-14,9,1,0,0.10885
6250,2007-06-16,4,8,0,0.10883
6251,2007-06-19,7,9,0,0.108811
6252,2007-06-21,6,1,0,0.108792
6253,2007-06-23,4,1,0,0.108773
6254,2007-06-26,4,6,0,0.108753
6255,2007-06-28,6,5,0,0.108734
6256,2007-06-30,3,4,0,0.108715
6257,2007-07-03,5,9,0,0.108696
6258,2007-07-05,5,8,0,0.108676
6259,2007-07-07,8,8,1,0.108834
6260,2007-07-10,8,1,0,0.108815
6261,2007-07-12,5,5,1,0.108972
6262,2007-07-14,5,7,0,0.108953
6263,2007-07-17,1,8,0,0.108934
6264,2007-07-19,4,4,1,0.109091
6265,2007-07-21,7,7,1,0.109248
6266,2007-07-24,7,1,0,0.109229
6267,2007-07-26,8,6,0,0.10921
6268,2007-07-28,6,7,0,0.10919
6269,2007-07-31,8,5,0,0.109171
6270,2007-08-02,2,9,0,0.109152
6271,2007-08-04,1,8,0,0.109133
6272,2007-08-07,2,1,0,0.109113
6273,2007-08-09,6,8,0,0.109094
6274,2007-08-11,7,5,0,0.109075
6275,2007-08-14,6,3,0,0.109056
6276,2007-08-16,3,1,0,0.109036
6277,2007-08-18,6,9,0,0.109017
6278,2007-08-21,8,3,0,0.108998
6279,2007-08-23,2,9,0,0.108979
6280,2007-08-25,6,8,0,0.10896
6281,2007-08-28,9,5,0,0.108941
6282,2007-08-30,7,3,0,0.108921
6283,2007-09-01,4,8,0,0.108902
6284,2007-09-04,6,2,0,0.108883
6285,2007-09-06,1,4,0,0.108864
6286,2007-09-08,3,6,0,0.108845
6287,2007-09-11,5,9,0,0.108826
6288,2007-09-13,9,8,0,0.108806
6289,2007-09-15,4,8,0,0.108787
6290,2007-09-18,8,9,0,0.108768
6291,2007-09-20,3,6,0,0.108749
6292,2007-09-22,1,5,0,0.10873
6293,2007-09-25,4,4,1,0.108887
6294,2007-09-27,3,7,0,0.108867
6295,2007-09-29,9,7,0,0.108848
6296,2007-10-02,2,5,0,0.108829
6297,2007-10-04,1,8,0,0.10881
6298,2007-10-06,5,1,0,0.108791
6299,2007-10-09,9,7,0,0.108772
6300,2007-10-11,4,4,1,0.108928
6301,2007-10-13,6,9,0,0.108909
6302,2007-10-16,9,4,0,0.10889
6303,2007-10-18,4,3,0,0.108871
6304,2007-10-20,8,9,0,0.108852
6305,2007-10-23,7,6,0,0.108833
6306,2007-10-25,4,6,0,0.108814
6307,2007-10-27,4,2,0,0.108795
6308,2007-10-30,4,5,0,0.108776
6309,2007-11-02,6,5,0,0.108757
6310,2007-11-03,3,4,0,0.108738
6311,2007-11-06,7,9,0,0.108718
6312,2007-11-08,4,7,0,0.108699
6313,2007-11-10,1,2,0,0.10868
6314,2007-11-13,6,9,0,0.108661
6315,2007-11-15,2,1,0,0.108642
6316,2007-11-17,4,9,0,0.108623
6317,2007-11-20,9,3,0,0.108604
6318,2007-11-22,6,6,1,0.10876
6319,2007-11-24,9,3,0,0.108741
6320,2007-11-27,8,3,0,0.108722
6321,2007-11-29,2,5,0,0.108703
6322,2007-12-01,2,8,0,0.108684
6323,2007-12-04,1,8,0,0.108665
6324,2007-12-06,2,1,0,0.108646
6325,2007-12-10,8,8,1,0.108802
6326,2007-12-11,9,6,0,0.108783
6327,2007-12-13,8,1,0,0.108764
6328,2007-12-15,8,2,0,0.108745
6329,2007-12-18,3,5,0,0.108726
6330,2007-12-20,5,5,1,0.108882
6331,2007-12-22,2,8,0,0.108863
6332,2007-12-24,2,1,0,0.108844
6333,2007-12-27,1,8,0,0.108825
6334,2007-12-29,7,1,0,0.108806
6335,2008-01-02,8,1,0,0.108787
6336,2008-01-03,9,7,0,0.108768
6337,2008-01-05,1,8,0,0.108749
6338,2008-01-08,3,7,0,0.10873
6339,2008-01-10,9,9,1,0.108885
6340,2008-01-12,3,5,0,0.108866
6341,2008-01-15,4,5,0,0.108847
6342,2008-01-17,8,4,0,0.108828
6343,2008-01-19,3,6,0,0.108809
6344,2008-01-22,7,5,0,0.10879
6345,2008-01-24,9,7,0,0.108771
6346,2008-01-26,4,9,0,0.108752
6347,2008-01-29,6,9,0,0.108733
6348,2008-01-31,4,4,1,0.108889
6349,2008-02-02,1,6,0,0.10887
6350,2008-02-05,8,9,0,0.108851
6351,2008-02-07,9,1,0,0.108832
6352,2008-02-09,1,1,1,0.108987
6353,2008-02-12,8,7,0,0.108968
6354,2008-02-14,4,1,0,0.108949
6355,2008-02-16,8,2,0,0.10893
6356,2008-02-19,1,6,0,0.108911
6357,2008-02-21,2,4,0,0.108892
6358,2008-02-23,8,8,1,0.109047
6359,2008-02-26,3,6,0,0.109028
6360,2008-02-28,7,5,0,0.109009
6361,2008-03-01,6,7,0,0.10899
6362,2008-03-04,1,1,1,0.109145
6363,2008-03-06,2,6,0,0.109126
6364,2008-03-08,9,8,0,0.109107
6365,2008-03-11,4,8,0,0.109088
6366,2008-03-13,2,9,0,0.109069
6367,2008-03-15,6,7,0,0.10905
6368,2008-03-18,7,5,0,0.109031
6369,2008-03-20,2,3,0,0.109012
6370,2008-03-22,1,3,0,0.108993
6371,2008-03-25,6,1,0,0.108974
6372,2008-03-27,9,1,0,0.108955
6373,2008-03-29,3,3,1,0.10911
6374,2008-04-01,9,5,0,0.109091
6375,2008-04-03,7,5,0,0.109072
6376,2008-04-05,7,8,0,0.109053
6377,2008-04-08,8,6,0,0.109034
6378,2008-04-10,8,7,0,0.109015
6379,2008-04-12,9,5,0,0.108997
6380,2008-04-15,1,1,1,0.109151
6381,2008-04-17,2,7,0,0.109132
6382,2008-04-19,7,8,0,0.109113
6383,2008-04-22,3,1,0,0.109094
6384,2008-04-24,6,3,0,0.109075
6385,2008-04-26,9,3,0,0.109056
6386,2008-04-29,1,3,0,0.109037
6387,2008-05-02,6,7,0,0.109019
6388,2008-05-03,4,1,0,0.109
6389,2008-05-06,9,6,0,0.108981
6390,2008-05-08,3,6,0,0.108962
6391,2008-05-10,6,5,0,0.108943
6392,2008-05-13,6,3,0,0.108925
6393,2008-05-15,1,1,1,0.109078
6394,2008-05-17,1,6,0,0.10906
6395,2008-05-20,7,1,0,0.109041
6396,2008-05-22,8,1,0,0.109022
6397,2008-05-24,9,7,0,0.109003
6398,2008-05-27,3,1,0,0.108984
6399,2008-05-29,5,5,1,0.109138
6400,2008-05-31,6,8,0,0.109119
6401,2008-06-03,4,7,0,0.1091
6402,2008-06-05,6,6,1,0.109254
6403,2008-06-07,2,4,0,0.109235
6404,2008-06-10,7,9,0,0.109216
6405,2008-06-12,6,1,0,0.109197
6406,2008-06-14,1,1,1,0.109351
6407,2008-06-17,3,6,0,0.109332
6408,2008-06-19,5,9,0,0.109313
6409,2008-06-21,5,8,0,0.109294
6410,2008-06-24,4,8,0,0.109276
6411,2008-06-26,7,4,0,0.109257
6412,2008-06-28,3,7,0,0.109238
6413,2008-07-01,5,3,0,0.109219
6414,2008-07-03,1,8,0,0.1092
6415,2008-07-05,9,4,0,0.109182
6416,2008-07-08,5,6,0,0.109163
6417,2008-07-10,9,8,0,0.109144
6418,2008-07-12,2,4,0,0.109125
6419,2008-07-15,3,1,0,0.109107
6420,2008-07-17,1,4,0,0.109088
6421,2008-07-19,4,4,1,0.109241
6422,2008-07-22,7,7,1,0.109394
6423,2008-07-24,4,7,0,0.109375
6424,2008-07-26,1,2,0,0.109356
6425,2008-07-29,4,9,0,0.109337
6426,2008-07-31,7,7,1,0.10949
6427,2008-08-02,2,7,0,0.109472
6428,2008-08-05,6,3,0,0.109453
6429,2008-08-07,4,5,0,0.109434
6430,2008-08-09,3,6,0,0.109415
6431,2008-08-12,1,7,0,0.109396
6432,2008-08-14,9,4,0,0.109378
6433,2008-08-16,8,6,0,0.109359
6434,2008-08-19,6,2,0,0.10934
6435,2008-08-21,9,5,0,0.109321
6436,2008-08-23,5,3,0,0.109303
6437,2008-08-26,5,8,0,0.109284
6438,2008-08-28,7,8,0,0.109265
6439,2008-08-30,8,6,0,0.109247
6440,2008-09-02,8,7,0,0.109228
6441,2008-09-04,1,5,0,0.109209
6442,2008-09-06,9,4,0,0.10919
6443,2008-09-09,9,6,0,0.109172
6444,2008-09-11,1,9,0,0.109153
6445,2008-09-13,4,7,0,0.109134
6446,2008-09-16,6,7,0,0.109116
6447,2008-09-18,4,4,1,0.109268
6448,2008-09-20,6,6,1,0.10942
6449,2008-09-23,7,4,0,0.109402
6450,2008-09-25,5,3,0,0.109383
6451,2008-09-27,4,3,0,0.109364
6452,2008-09-30,3,4,0,0.109346
6453,2008-10-02,6,1,0,0.109327
6454,2008-10-04,3,3,1,0.109479
6455,2008-10-07,7,9,0,0.10946
6456,2008-10-09,6,7,0,0.109442
6457,2008-10-11,9,1,0,0.109423
6458,2008-10-14,3,3,1,0.109575
6459,2008-10-16,9,5,0,0.109556
6460,2008-10-18,5,5,1,0.109708
6461,2008-10-21,1,8,0,0.10969
6462,2008-10-23,3,4,0,0.109671
6463,2008-10-25,6,9,0,0.109652
6464,2008-10-28,1,3,0,0.109633
6465,2008-10-30,2,6,0,0.109615
6466,2008-11-03,6,8,0,0.109596
6467,2008-11-04,3,5,0,0.109577
6468,2008-11-06,6,9,0,0.109559
6469,2008-11-08,4,3,0,0.10954
6470,2008-11-11,3,6,0,0.109521
6471,2008-11-13,6,1,0,0.109503
6472,2008-11-15,6,3,0,0.109484
6473,2008-11-18,2,1,0,0.109465
6474,2008-11-20,6,9,0,0.109447
6475,2008-11-22,2,5,0,0.109428
6476,2008-11-25,1,9,0,0.10941
6477,2008-11-27,2,1,0,0.109391
6478,2008-11-29,2,8,0,0.109372
6479,2008-12-02,6,8,0,0.109354
6480,2008-12-04,2,5,0,0.109335
6481,2008-12-06,7,9,0,0.109317
6482,2008-12-09,1,1,1,0.109468
6483,2008-12-11,1,7,0,0.109449
6484,2008-12-13,3,1,0,0.109431
6485,2008-12-16,3,9,0,0.109412
6486,2008-12-18,2,3,0,0.109394
6487,2008-12-20,9,1,0,0.109375
6488,2008-12-23,5,8,0,0.109356
6489,2008-12-24,2,8,0,0.109338
6490,2008-12-27,3,1,0,0.109319
6491,2008-12-30,2,4,0,0.109301
6492,2009-01-02,1,1,1,0.109452
6493,2009-01-03,3,2,0,0.109433
6494,2009-01-07,4,9,0,0.109415
6495,2009-01-08,9,4,0,0.109396
6496,2009-01-10,1,6,0,0.109378
6497,2009-01-13,7,7,1,0.109529
6498,2009-01-15,5,8,0,0.10951
6499,2009-01-17,4,3,0,0.109492
6500,2009-01-20,1,3,0,0.109473
6501,2009-01-22,4,9,0,0.109454
6502,2009-01-24,6,7,0,0.109436
6503,2009-01-27,6,4,0,0.109417
6504,2009-01-29,3,1,0,0.109399
6505,2009-01-31,4,9,0,0.10938
6506,2009-02-03,9,4,0,0.109362
6507,2009-02-05,7,6,0,0.109343
6508,2009-02-07,6,8,0,0.109325
6509,2009-02-10,7,1,0,0.109306
6510,2009-02-12,8,3,0,0.109288
6511,2009-02-14,1,7,0,0.109269
6512,2009-02-17,4,4,1,0.10942
6513,2009-02-19,4,7,0,0.109401
6514,2009-02-21,1,5,0,0.109383
6515,2009-02-24,4,9,0,0.109364
6516,2009-02-26,9,7,0,0.109346
6517,2009-02-28,9,6,0,0.109327
6518,2009-03-03,5,9,0,0.109309
6519,2009-03-05,1,8,0,0.109291
6520,2009-03-07,5,4,0,0.109272
6521,2009-03-10,3,7,0,0.109254
6522,2009-03-12,2,7,0,0.109235
6523,2009-03-14,1,1,1,0.109386
6524,2009-03-17,3,2,0,0.109367
6525,2009-03-19,4,9,0,0.109349
6526,2009-03-21,5,4,0,0.10933
6527,2009-03-24,7,3,0,0.109312
6528,2009-03-26,7,6,0,0.109293
6529,2009-03-28,9,6,0,0.109275
6530,2009-03-31,8,9,0,0.109256
6531,2009-04-02,7,2,0,0.109238
6532,2009-04-04,5,6,0,0.10922
6533,2009-04-07,2,3,0,0.109201
6534,2009-04-09,1,1,1,0.109351
6535,2009-04-11,9,3,0,0.109333
6536,2009-04-14,6,6,1,0.109483
6537,2009-04-16,8,3,0,0.109464
6538,2009-04-18,8,9,0,0.109446
6539,2009-04-21,3,5,0,0.109428
6540,2009-04-23,1,5,0,0.109409
6541,2009-04-27,9,4,0,0.109391
6542,2009-04-28,4,6,0,0.109372
6543,2009-04-30,8,9,0,0.109354
6544,2009-05-02,7,6,0,0.109336
6545,2009-05-05,4,6,0,0.109317
6546,2009-05-07,1,2,0,0.109299
6547,2009-05-09,5,9,0,0.10928
6548,2009-05-12,8,3,0,0.109262
6549,2009-05-14,2,1,0,0.109244
6550,2009-05-16,5,8,0,0.109225
6551,2009-05-19,9,5,0,0.109207
6552,2009-05-21,2,4,0,0.109189
6553,2009-05-23,1,1,1,0.109338
6554,2009-05-26,3,3,1,0.109488
6555,2009-05-28,9,9,1,0.109637
6556,2009-05-30,4,5,0,0.109619
6557,2009-06-03,9,9,1,0.109768
6558,2009-06-04,2,6,0,0.10975
6559,2009-06-06,7,1,0,0.109732
6560,2009-06-09,4,1,0,0.109713
6561,2009-06-11,3,2,0,0.109695
6562,2009-06-13,5,1,0,0.109676
6563,2009-06-16,5,8,0,0.109658
6564,2009-06-18,4,8,0,0.10964
6565,2009-06-20,7,3,0,0.109621
6566,2009-06-23,7,7,1,0.10977
6567,2009-06-25,8,6,0,0.109752
6568,2009-06-27,9,7,0,0.109734
6569,2009-06-30,9,1,0,0.109715
6570,2009-07-02,4,9,0,0.109697
6571,2009-07-04,1,9,0,0.109678
6572,2009-07-07,2,9,0,0.10966
6573,2009-07-09,6,8,0,0.109642
6574,2009-07-11,4,5,0,0.109623
6575,2009-07-14,7,6,0,0.109605
6576,2009-07-16,4,7,0,0.109587
6577,2009-07-18,7,2,0,0.109568
6578,2009-07-21,9,7,0,0.10955
6579,2009-07-23,5,9,0,0.109532
6580,2009-07-25,9,8,0,0.109513
6581,2009-07-28,6,4,0,0.109495
6582,2009-07-30,7,3,0,0.109477
6583,2009-08-01,3,3,1,0.109626
6584,2009-08-04,5,3,0,0.109607
6585,2009-08-06,8,8,1,0.109756
6586,2009-08-08,2,2,1,0.109905
6587,2009-08-11,1,8,0,0.109886
6588,2009-08-13,9,3,0,0.109868
6589,2009-08-17,9,6,0,0.10985
6590,2009-08-18,3,9,0,0.109831
6591,2009-08-20,4,5,0,0.109813
6592,2009-08-22,4,4,1,0.109962
6593,2009-08-25,2,5,0,0.109943
6594,2009-08-27,1,7,0,0.109925
6595,2009-08-29,7,3,0,0.109907
6596,2009-09-01,3,8,0,0.109888
6597,2009-09-03,2,3,0,0.10987
6598,2009-09-05,3,1,0,0.109852
6599,2009-09-08,6,4,0,0.109833
6600,2009-09-10,7,3,0,0.109815
6601,2009-09-12,6,3,0,0.109797
6602,2009-09-15,2,1,0,0.109778
6603,2009-09-17,5,9,0,0.10976
6604,2009-09-19,3,5,0,0.109742
6605,2009-09-22,5,7,0,0.109724
6606,2009-09-24,6,8,0,0.109705
6607,2009-09-26,6,7,0,0.109687
6608,2009-09-29,7,1,0,0.109669
6609,2009-10-01,9,3,0,0.109651
6610,2009-10-03,5,9,0,0.109632
6611,2009-10-06,6,8,0,0.109614
6612,2009-10-08,8,7,0,0.109596
6613,2009-10-10,4,9,0,0.109578
6614,2009-10-13,6,2,0,0.109559
6615,2009-10-15,4,4,1,0.109707
6616,2009-10-17,1,6,0,0.109689
6617,2009-10-20,4,9,0,0.109671
6618,2009-10-22,8,7,0,0.109653
6619,2009-10-24,8,6,0,0.109635
6620,2009-10-27,6,5,0,0.109616
6621,2009-10-29,6,5,0,0.109598
6622,2009-10-31,6,1,0,0.10958
6623,2009-11-03,5,1,0,0.109562
6624,2009-11-05,1,5,0,0.109544
6625,2009-11-07,4,4,1,0.109691
6626,2009-11-10,9,7,0,0.109673
6627,2009-11-12,3,6,0,0.109655
6628,2009-11-14,6,5,0,0.109637
6629,2009-11-17,6,3,0,0.109619
6630,2009-11-19,2,1,0,0.1096
6631,2009-11-21,1,9,0,0.109582
6632,2009-11-24,8,3,0,0.109564
6633,2009-11-26,6,1,0,0.109546
6634,2009-11-28,5,5,1,0.109693
6635,2009-12-01,5,5,1,0.109841
6636,2009-12-03,4,4,1,0.109988
6637,2009-12-05,4,3,0,0.10997
6638,2009-12-09,9,5,0,0.109952
6639,2009-12-10,7,6,0,0.109934
6640,2009-12-12,6,8,0,0.109916
6641,2009-12-15,1,1,1,0.110063
6642,2009-12-17,7,2,0,0.110045
6643,2009-12-19,6,8,0,0.110026
6644,2009-12-22,3,1,0,0.110008
6645,2009-12-24,1,9,0,0.10999
6646,2009-12-28,6,4,0,0.109972
6647,2009-12-29,6,1,0,0.109954
6648,2009-12-31,4,1,0,0.109936
6649,2010-01-02,4,6,0,0.109917
6650,2010-01-05,2,9,0,0.109899
6651,2010-01-07,8,7,0,0.109881
6652,2010-01-09,6,6,1,0.110028
6653,2010-01-12,7,5,0,0.11001
6654,2010-01-14,4,3,0,0.109992
6655,2010-01-16,1,2,0,0.109974
6656,2010-01-19,5,9,0,0.109955
6657,2010-01-21,7,3,0,0.109937
6658,2010-01-23,1,6,0,0.109919
6659,2010-01-26,7,7,1,0.110066
6660,2010-01-28,3,8,0,0.110048
6661,2010-01-30,9,3,0,0.11003
6662,2010-02-02,2,5,0,0.110012
6663,2010-02-04,7,1,0,0.109993
6664,2010-02-06,9,1,0,0.109975
6665,2010-02-09,3,9,0,0.109957
6666,2010-02-11,6,5,0,0.109939
6667,2010-02-13,9,3,0,0.109921
6668,2010-02-16,1,3,0,0.109903
6669,2010-02-18,3,7,0,0.109885
6670,2010-02-20,2,9,0,0.109867
6671,2010-02-23,6,1,0,0.109848
6672,2010-02-25,2,5,0,0.10983
6673,2010-02-27,8,9,0,0.109812
6674,2010-03-02,8,6,0,0.109794
6675,2010-03-04,9,5,0,0.109776
6676,2010-03-06,7,1,0,0.109758
6677,2010-03-09,1,8,0,0.10974
6678,2010-03-11,9,7,0,0.109722
6679,2010-03-13,5,6,0,0.109704
6680,2010-03-16,6,8,0,0.109686
6681,2010-03-18,4,7,0,0.109668
6682,2010-03-20,1,6,0,0.10965
6683,2010-03-23,1,9,0,0.109632
6684,2010-03-25,3,3,1,0.109778
6685,2010-03-27,2,9,0,0.10976
6686,2010-03-30,9,1,0,0.109742
6687,2010-04-01,4,8,0,0.109724
6688,2010-04-03,7,9,0,0.109706
6689,2010-04-06,8,7,0,0.109688
6690,2010-04-08,6,7,0,0.10967
6691,2010-04-10,9,5,0,0.109652
6692,2010-04-13,7,3,0,0.109634
6693,2010-04-15,7,8,0,0.109616
6694,2010-04-17,5,6,0,0.109598
6695,2010-04-20,4,3,0,0.10958
6696,2010-04-22,5,4,0,0.109562
6697,2010-04-24,6,3,0,0.109544
6698,2010-04-27,1,7,0,0.109526
6699,2010-04-29,9,2,0,0.109508
6700,2010-05-03,3,6,0,0.10949
6701,2010-05-04,8,5,0,0.109472
6702,2010-05-06,5,5,1,0.109618
6703,2010-05-08,8,7,0,0.1096
6704,2010-05-11,9,2,0,0.109582
6705,2010-05-13,5,1,0,0.109564
6706,2010-05-15,3,8,0,0.109546
6707,2010-05-18,5,7,0,0.109528
6708,2010-05-20,3,8,0,0.109511
6709,2010-05-22,8,7,0,0.109493
6710,2010-05-25,4,5,0,0.109475
6711,2010-05-27,9,2,0,0.109457
6712,2010-05-29,8,6,0,0.109439
6713,2010-06-01,8,7,0,0.109421
6714,2010-06-03,5,5,1,0.109567
6715,2010-06-05,7,7,1,0.109712
6716,2010-06-08,2,6,0,0.109694
6717,2010-06-10,2,3,0,0.109676
6718,2010-06-12,1,8,0,0.109658
6719,2010-06-15,5,3,0,0.109641
6720,2010-06-17,2,7,0,0.109623
6721,2010-06-19,3,1,0,0.109605
6722,2010-06-22,8,4,0,0.109587
6723,2010-06-24,7,5,0,0.109569
6724,2010-06-26,9,6,0,0.109551
6725,2010-06-29,2,9,0,0.109533
6726,2010-07-01,5,1,0,0.109515
6727,2010-07-03,2,5,0,0.109497
6728,2010-07-06,1,1,1,0.109643
6729,2010-07-08,2,3,0,0.109625
6730,2010-07-10,3,8,0,0.109607
6731,2010-07-13,8,4,0,0.109589
6732,2010-07-15,2,5,0,0.109571
6733,2010-07-17,2,1,0,0.109553
6734,2010-07-20,3,8,0,0.109535
6735,2010-07-22,6,4,0,0.109518
6736,2010-07-24,6,3,0,0.1095
6737,2010-07-27,8,1,0,0.109482
6738,2010-07-29,2,9,0,0.109464
6739,2010-07-31,4,1,0,0.109446
6740,2010-08-03,7,3,0,0.109428
6741,2010-08-05,2,7,0,0.109411
6742,2010-08-07,6,3,0,0.109393
6743,2010-08-10,1,5,0,0.109375
6744,2010-08-12,1,2,0,0.109357
6745,2010-08-14,1,3,0,0.109339
6746,2010-08-17,1,3,0,0.109322
6747,2010-08-19,5,1,0,0.109304
6748,2010-08-21,8,7,0,0.109286
6749,2010-08-24,8,2,0,0.109268
6750,2010-08-26,2,5,0,0.109251
6751,2010-08-28,4,1,0,0.109233
6752,2010-08-31,7,7,1,0.109378
6753,2010-09-02,9,7,0,0.10936
6754,2010-09-04,7,2,0,0.109342
6755,2010-09-07,2,8,0,0.109324
6756,2010-09-09,3,3,1,0.109469
6757,2010-09-11,9,6,0,0.109451
6758,2010-09-14,6,5,0,0.109433
6759,2010-09-16,8,3,0,0.109416
6760,2010-09-18,9,9,1,0.10956
6761,2010-09-21,4,1,0,0.109542
6762,2010-09-23,8,9,0,0.109525
6763,2010-09-25,2,6,0,0.109507
6764,2010-09-28,7,1,0,0.109489
6765,2010-09-30,2,1,0,0.109471
6766,2010-10-02,9,3,0,0.109454
6767,2010-10-05,7,8,0,0.109436
6768,2010-10-07,2,2,1,0.10958
6769,2010-10-09,4,3,0,0.109562
6770,2010-10-12,8,7,0,0.109545
6771,2010-10-14,3,6,0,0.109527
6772,2010-10-16,7,5,0,0.109509
6773,2010-10-19,1,7,0,0.109491
6774,2010-10-21,1,7,0,0.109474
6775,2010-10-23,5,1,0,0.109456
6776,2010-10-26,4,7,0,0.109438
6777,2010-10-28,9,4,0,0.109421
6778,2010-10-30,1,6,0,0.109403
6779,2010-11-02,5,7,0,0.109385
6780,2010-11-04,8,7,0,0.109367
6781,2010-11-06,6,2,0,0.10935
6782,2010-11-09,9,5,0,0.109332
6783,2010-11-11,1,3,0,0.109314
6784,2010-11-13,3,7,0,0.109297
6785,2010-11-16,5,9,0,0.109279
6786,2010-11-18,6,8,0,0.109261
6787,2010-11-20,7,7,1,0.109405
6788,2010-11-23,4,3,0,0.109388
6789,2010-11-25,7,1,0,0.10937
6790,2010-11-27,4,7,0,0.109352
6791,2010-11-30,5,1,0,0.109335
6792,2010-12-02,4,3,0,0.109317
6793,2010-12-04,2,4,0,0.109299
6794,2010-12-07,8,7,0,0.109282
6795,2010-12-09,5,6,0,0.109264
6796,2010-12-11,5,7,0,0.109246
6797,2010-12-14,2,4,0,0.109229
6798,2010-12-16,8,1,0,0.109211
6799,2010-12-18,9,6,0,0.109194
6800,2010-12-21,6,1,0,0.109176
6801,2010-12-23,2,3,0,0.109158
6802,2010-12-27,7,9,0,0.109141
6803,2010-12-28,6,1,0,0.109123
6804,2010-12-30,2,1,0,0.109106
6805,2011-01-03,6,9,0,0.109088
6806,2011-01-04,7,5,0,0.10907
6807,2011-01-07,8,3,0,0.109053
6808,2011-01-08,9,7,0,0.109035
6809,2011-01-11,3,1,0,0.109018
6810,2011-01-13,8,5,0,0.109
6811,2011-01-15,8,5,0,0.108983
6812,2011-01-18,9,5,0,0.108965
6813,2011-01-20,9,1,0,0.108948
6814,2011-01-22,1,9,0,0.10893
6815,2011-01-25,3,7,0,0.108912
6816,2011-01-27,2,9,0,0.108895
6817,2011-01-29,1,1,1,0.109038
6818,2011-02-01,3,3,1,0.109182
6819,2011-02-03,5,9,0,0.109164
6820,2011-02-05,3,6,0,0.109146
6821,2011-02-08,7,7,1,0.10929
6822,2011-02-10,6,7,0,0.109272
6823,2011-02-12,7,1,0,0.109254
6824,2011-02-15,6,3,0,0.109237
6825,2011-02-17,1,1,1,0.10938
6826,2011-02-19,6,2,0,0.109362
6827,2011-02-22,5,1,0,0.109345
6828,2011-02-24,4,5,0,0.109327
6829,2011-02-26,6,4,0,0.10931
6830,2011-03-01,2,4,0,0.109292
6831,2011-03-03,4,9,0,0.109275
6832,2011-03-05,4,7,0,0.109257
6833,2011-03-08,4,9,0,0.10924
6834,2011-03-10,4,9,0,0.109222
6835,2011-03-12,8,9,0,0.109205
6836,2011-03-15,8,6,0,0.109187
6837,2011-03-18,1,5,0,0.10917
6838,2011-03-19,2,4,0,0.109152
6839,2011-03-22,8,8,1,0.109295
6840,2011-03-24,4,6,0,0.109277
6841,2011-03-26,7,2,0,0.10926
6842,2011-03-29,6,7,0,0.109242
6843,2011-03-31,6,1,0,0.109225
6844,2011-04-02,9,1,0,0.109207
6845,2011-04-05,3,3,1,0.10935
6846,2011-04-07,5,5,1,0.109493
6847,2011-04-09,6,6,1,0.109635
6848,2011-04-12,4,7,0,0.109618
6849,2011-04-14,1,6,0,0.1096
6850,2011-04-16,4,9,0,0.109582
6851,2011-04-19,2,7,0,0.109565
6852,2011-04-21,3,7,0,0.109547
6853,2011-04-23,5,6,0,0.10953
6854,2011-04-26,1,6,0,0.109512
6855,2011-04-28,7,4,0,0.109495
6856,2011-04-30,2,3,0,0.109477
6857,2011-05-03,7,3,0,0.10946
6858,2011-05-05,3,1,0,0.109442
6859,2011-05-07,1,3,0,0.109425
6860,2011-05-10,4,4,1,0.109567
6861,2011-05-12,3,7,0,0.10955
6862,2011-05-14,8,1,0,0.109532
6863,2011-05-17,9,5,0,0.109515
6864,2011-05-19,1,1,1,0.109657
6865,2011-05-21,8,7,0,0.109639
6866,2011-05-24,6,1,0,0.109622
6867,2011-05-26,3,5,0,0.109604
6868,2011-05-28,5,9,0,0.109587
6869,2011-05-31,6,6,1,0.109729
6870,2011-06-03,5,7,0,0.109711
6871,2011-06-04,4,5,0,0.109694
6872,2011-06-07,2,4,0,0.109676
6873,2011-06-09,4,7,0,0.109659
6874,2011-06-11,5,7,0,0.109641
6875,2011-06-14,9,3,0,0.109624
6876,2011-06-16,4,4,1,0.109766
6877,2011-06-18,7,9,0,0.109748
6878,2011-06-21,9,7,0,0.109731
6879,2011-06-23,6,2,0,0.109713
6880,2011-06-25,2,3,0,0.109696
6881,2011-06-28,5,9,0,0.109678
6882,2011-06-30,2,5,0,0.109661
6883,2011-07-02,3,1,0,0.109644
6884,2011-07-05,2,6,0,0.109626
6885,2011-07-07,5,1,0,0.109609
6886,2011-07-09,5,5,1,0.10975
6887,2011-07-12,7,4,0,0.109733
6888,2011-07-14,5,6,0,0.109715
6889,2011-07-16,9,3,0,0.109698
6890,2011-07-19,1,4,0,0.10968
6891,2011-07-21,3,7,0,0.109663
6892,2011-07-23,9,5,0,0.109646
6893,2011-07-26,2,5,0,0.109628
6894,2011-07-28,6,1,0,0.109611
6895,2011-07-30,2,5,0,0.109593
6896,2011-08-02,6,9,0,0.109576
6897,2011-08-04,2,5,0,0.109559
6898,2011-08-06,8,9,0,0.109541
6899,2011-08-09,8,6,0,0.109524
6900,2011-08-11,9,5,0,0.109506
6901,2011-08-13,2,1,0,0.109489
6902,2011-08-16,6,1,0,0.109472
6903,2011-08-18,5,5,1,0.109613
6904,2011-08-20,1,5,0,0.109596
6905,2011-08-23,7,4,0,0.109578
6906,2011-08-25,7,3,0,0.109561
6907,2011-08-27,6,6,1,0.109702
6908,2011-08-30,3,1,0,0.109685
6909,2011-09-01,8,9,0,0.109667
6910,2011-09-03,8,5,0,0.10965
6911,2011-09-06,3,5,0,0.109632
6912,2011-09-08,9,5,0,0.109615
6913,2011-09-10,6,5,0,0.109598
6914,2011-09-13,8,3,0,0.10958
6915,2011-09-15,1,9,0,0.109563
6916,2011-09-17,9,4,0,0.109546
6917,2011-09-20,8,6,0,0.109528
6918,2011-09-22,4,7,0,0.109511
6919,2011-09-24,4,2,0,0.109494
6920,2011-09-27,4,9,0,0.109476
6921,2011-09-29,8,9,0,0.109459
6922,2011-10-01,2,6,0,0.109442
6923,2011-10-04,5,1,0,0.109424
6924,2011-10-06,4,5,0,0.109407
6925,2011-10-08,4,4,1,0.109548
6926,2011-10-11,6,9,0,0.109531
6927,2011-10-13,8,4,0,0.109513
6928,2011-10-15,8,9,0,0.109496
6929,2011-10-18,4,5,0,0.109479
6930,2011-10-20,1,2,0,0.109461
6931,2011-10-22,7,4,0,0.109444
6932,2011-10-25,2,3,0,0.109427
6933,2011-10-27,7,3,0,0.10941
6934,2011-10-29,1,1,1,0.10955
6935,2011-11-02,2,7,0,0.109533
6936,2011-11-03,7,8,0,0.109516
6937,2011-11-05,9,1,0,0.109498
6938,2011-11-08,5,2,0,0.109481
6939,2011-11-10,9,8,0,0.109464
6940,2011-11-12,8,4,0,0.109446
6941,2011-11-15,3,7,0,0.109429
6942,2011-11-17,4,5,0,0.109412
6943,2011-11-19,3,4,0,0.109395
6944,2011-11-22,2,1,0,0.109377
6945,2011-11-24,4,1,0,0.10936
6946,2011-11-26,7,7,1,0.109501
6947,2011-11-29,6,7,0,0.109483
6948,2011-12-01,5,1,0,0.109466
6949,2011-12-03,8,5,0,0.109449
6950,2011-12-06,1,2,0,0.109432
6951,2011-12-09,4,4,1,0.109572
6952,2011-12-10,9,7,0,0.109555
6953,2011-12-13,9,6,0,0.109537
6954,2011-12-15,5,1,0,0.10952
6955,2011-12-17,1,8,0,0.109503
6956,2011-12-20,6,4,0,0.109486
6957,2011-12-22,9,1,0,0.109468
6958,2011-12-24,8,3,0,0.109451
6959,2011-12-27,7,7,1,0.109591
6960,2011-12-29,4,6,0,0.109574
6961,2011-12-31,3,1,0,0.109557
6962,2012-01-03,8,1,0,0.10954
6963,2012-01-05,2,5,0,0.109522
6964,2012-01-07,2,1,0,0.109505
6965,2012-01-10,7,8,0,0.109488
6966,2012-01-12,7,1,0,0.109471
6967,2012-01-14,7,6,0,0.109454
6968,2012-01-17,9,6,0,0.109436
6969,2012-01-19,1,2,0,0.109419
6970,2012-01-21,7,7,1,0.109559
6971,2012-01-24,7,3,0,0.109542
6972,2012-01-26,9,6,0,0.109525
6973,2012-01-28,6,2,0,0.109507
6974,2012-01-31,1,3,0,0.10949
6975,2012-02-02,4,6,0,0.109473
6976,2012-02-04,6,7,0,0.109456
6977,2012-02-07,3,4,0,0.109439
6978,2012-02-09,6,9,0,0.109422
6979,2012-02-11,6,3,0,0.109404
6980,2012-02-14,6,1,0,0.109387
6981,2012-02-16,9,1,0,0.10937
6982,2012-02-18,9,3,0,0.109353
6983,2012-02-21,5,1,0,0.109336
6984,2012-02-23,7,8,0,0.109319
6985,2012-02-25,3,6,0,0.109302
6986,2012-02-28,4,3,0,0.109284
6987,2012-03-01,4,4,1,0.109424
6988,2012-03-03,4,9,0,0.109407
6989,2012-03-06,8,9,0,0.10939
6990,2012-03-08,4,6,0,0.109373
6991,2012-03-10,3,2,0,0.109355
6992,2012-03-13,1,1,1,0.109495
6993,2012-03-15,4,4,1,0.109634
6994,2012-03-17,2,7,0,0.109617
6995,2012-03-20,3,7,0,0.1096
6996,2012-03-22,8,6,0,0.109583
6997,2012-03-24,8,2,0,0.109565
6998,2012-03-27,9,5,0,0.109548
6999,2012-03-29,5,1,0,0.109531
7000,2012-03-31,2,8,0,0.109514
7001,2012-04-03,8,1,0,0.109497
7002,2012-04-05,5,6,0,0.10948
7003,2012-04-07,8,7,0,0.109463
7004,2012-04-10,6,2,0,0.109446
7005,2012-04-12,1,5,0,0.109429
7006,2012-04-14,4,6,0,0.109412
7007,2012-04-17,1,7,0,0.109395
7008,2012-04-19,3,4,0,0.109377
7009,2012-04-21,6,9,0,0.10936
7010,2012-04-24,9,6,0,0.109343
7011,2012-04-26,1,3,0,0.109326
7012,2012-04-28,9,7,0,0.109309
7013,2012-05-02,8,6,0,0.109292
7014,2012-05-03,9,7,0,0.109275
7015,2012-05-05,2,1,0,0.109258
7016,2012-05-08,4,1,0,0.109241
7017,2012-05-10,4,7,0,0.109224
7018,2012-05-12,4,9,0,0.109207
7019,2012-05-15,6,9,0,0.10919
7020,2012-05-17,4,4,1,0.109329
7021,2012-05-19,1,6,0,0.109312
7022,2012-05-22,5,4,0,0.109295
7023,2012-05-24,1,7,0,0.109278
7024,2012-05-26,9,4,0,0.109261
7025,2012-05-29,5,6,0,0.109244
7026,2012-05-31,4,8,0,0.109227
7027,2012-06-04,3,4,0,0.10921
7028,2012-06-05,5,1,0,0.109193
7029,2012-06-07,6,6,1,0.109331
7030,2012-06-09,5,7,0,0.109314
7031,2012-06-12,2,5,0,0.109297
7032,2012-06-14,8,1,0,0.10928
7033,2012-06-16,6,6,1,0.109419
7034,2012-06-19,9,5,0,0.109402
7035,2012-06-21,2,3,0,0.109385
7036,2012-06-23,9,1,0,0.109368
7037,2012-06-26,8,8,1,0.109506
7038,2012-06-28,1,7,0,0.109489
7039,2012-06-30,3,4,0,0.109472
7040,2012-07-03,7,9,0,0.109455
7041,2012-07-05,6,7,0,0.109438
7042,2012-07-07,7,1,0,0.109421
7043,2012-07-10,5,3,0,0.109404
7044,2012-07-12,9,3,0,0.109387
7045,2012-07-14,2,4,0,0.10937
7046,2012-07-17,6,1,0,0.109353
7047,2012-07-19,8,5,0,0.109336
7048,2012-07-21,8,9,0,0.109319
7049,2012-07-24,6,5,0,0.109302
7050,2012-07-26,9,5,0,0.109285
7051,2012-07-28,6,3,0,0.109268
7052,2012-07-31,7,3,0,0.109252
7053,2012-08-02,9,3,0,0.109235
7054,2012-08-04,7,2,0,0.109218
7055,2012-08-07,2,2,1,0.109356
7056,2012-08-09,1,3,0,0.109339
7057,2012-08-11,8,3,0,0.109322
7058,2012-08-14,7,1,0,0.109305
7059,2012-08-16,7,4,0,0.109288
7060,2012-08-18,9,6,0,0.109271
7061,2012-08-21,2,2,1,0.109409
7062,2012-08-23,1,1,1,0.109547
7063,2012-08-25,6,3,0,0.10953
7064,2012-08-28,3,1,0,0.109513
7065,2012-08-30,5,9,0,0.109496
7066,2012-09-01,1,6,0,0.109479
7067,2012-09-04,7,4,0,0.109462
7068,2012-09-06,6,3,0,0.109445
7069,2012-09-08,7,1,0,0.109428
7070,2012-09-11,2,3,0,0.109411
7071,2012-09-13,1,3,0,0.109394
7072,2012-09-15,3,3,1,0.109532
7073,2012-09-18,9,9,1,0.109669
7074,2012-09-20,9,5,0,0.109653
7075,2012-09-22,8,1,0,0.109636
7076,2012-09-25,5,7,0,0.109619
7077,2012-09-27,1,7,0,0.109602
7078,2012-09-29,2,4,0,0.109585
7079,2012-10-02,8,8,1,0.109722
7080,2012-10-04,2,6,0,0.109705
7081,2012-10-06,8,1,0,0.109688
7082,2012-10-09,7,6,0,0.109671
7083,2012-10-11,1,4,0,0.109655
7084,2012-10-13,2,7,0,0.109638
7085,2012-10-16,6,8,0,0.109621
7086,2012-10-18,4,5,0,0.109604
7087,2012-10-20,8,6,0,0.109587
7088,2012-10-23,8,6,0,0.10957
7089,2012-10-25,5,5,1,0.109707
7090,2012-10-27,5,7,0,0.10969
7091,2012-10-30,2,4,0,0.109673
7092,2012-11-02,4,1,0,0.109657
7093,2012-11-03,3,7,0,0.10964
7094,2012-11-06,9,1,0,0.109623
7095,2012-11-08,8,5,0,0.109606
7096,2012-11-10,7,7,1,0.109743
7097,2012-11-13,7,4,0,0.109726
7098,2012-11-15,1,6,0,0.109709
7099,2012-11-17,9,7,0,0.109692
7100,2012-11-20,4,6,0,0.109675
7101,2012-11-22,5,9,0,0.109659
7102,2012-11-24,6,3,0,0.109642
7103,2012-11-27,6,7,0,0.109625
7104,2012-11-29,3,1,0,0.109608
7105,2012-12-01,1,9,0,0.109591
7106,2012-12-04,9,4,0,0.109574
7107,2012-12-06,6,6,1,0.109711
7108,2012-12-10,4,3,0,0.109694
7109,2012-12-11,9,6,0,0.109677
7110,2012-12-13,4,6,0,0.109661
7111,2012-12-15,3,9,0,0.109644
7112,2012-12-18,6,1,0,0.109627
7113,2012-12-20,5,6,0,0.10961
7114,2012-12-22,6,5,0,0.109593
7115,2012-12-24,1,7,0,0.109576
7116,2012-12-27,1,6,0,0.10956
7117,2012-12-29,3,1,0,0.109543
7118,2013-01-02,5,9,0,0.109526
7119,2013-01-03,1,6,0,0.109509
7120,2013-01-05,2,4,0,0.109492
7121,2013-01-08,6,8,0,0.109476
7122,2013-01-10,9,5,0,0.109459
7123,2013-01-12,7,3,0,0.109442
7124,2013-01-15,1,2,0,0.109425
7125,2013-01-17,1,7,0,0.109409
7126,2013-01-19,7,3,0,0.109392
7127,2013-01-22,2,3,0,0.109375
7128,2013-01-24,2,3,0,0.109358
7129,2013-01-26,6,8,0,0.109342
7130,2013-01-29,2,5,0,0.109325
7131,2013-01-31,2,9,0,0.109308
7132,2013-02-02,5,8,0,0.109291
7133,2013-02-05,3,5,0,0.109275
7134,2013-02-07,5,7,0,0.109258
7135,2013-02-09,4,6,0,0.109241
7136,2013-02-12,9,4,0,0.109224
7137,2013-02-14,7,6,0,0.109208
7138,2013-02-16,6,2,0,0.109191
7139,2013-02-19,7,1,0,0.109174
7140,2013-02-21,6,3,0,0.109158
7141,2013-02-23,5,1,0,0.109141
7142,2013-02-26,1,5,0,0.109124
7143,2013-02-28,6,4,0,0.109108
7144,2013-03-02,7,1,0,0.109091
7145,2013-03-05,2,3,0,0.109074
7146,2013-03-07,7,3,0,0.109058
7147,2013-03-09,3,1,0,0.109041
7148,2013-03-12,6,3,0,0.109024
7149,2013-03-14,7,6,0,0.109008
7150,2013-03-16,5,3,0,0.108991
7151,2013-03-19,1,3,0,0.108974
7152,2013-03-21,6,4,0,0.108958
7153,2013-03-23,9,1,0,0.108941
7154,2013-03-26,7,3,0,0.108924
7155,2013-03-28,9,2,0,0.108908
7156,2013-03-30,3,2,0,0.108891
7157,2013-04-02,2,5,0,0.108875
7158,2013-04-04,8,1,0,0.108858
7159,2013-04-06,3,6,0,0.108841
7160,2013-04-09,3,5,0,0.108825
7161,2013-04-11,6,3,0,0.108808
7162,2013-04-13,9,6,0,0.108792
7163,2013-04-16,8,3,0,0.108775
7164,2013-04-18,5,7,0,0.108759
7165,2013-04-20,2,7,0,0.108742
7166,2013-04-23,2,1,0,0.108725
7167,2013-04-26,9,8,0,0.108709
7168,2013-04-27,5,8,0,0.108692
7169,2013-04-30,3,8,0,0.108676
7170,2013-05-02,1,7,0,0.108659
7171,2013-05-04,2,4,0,0.108643
7172,2013-05-07,1,8,0,0.108626
7173,2013-05-09,3,3,1,0.108762
7174,2013-05-11,7,9,0,0.108745
7175,2013-05-14,9,7,0,0.108729
7176,2013-05-16,5,2,0,0.108712
7177,2013-05-18,3,8,0,0.108696
7178,2013-05-21,6,7,0,0.108679
7179,2013-05-23,7,6,0,0.108663
7180,2013-05-25,6,3,0,0.108646
7181,2013-05-28,1,1,1,0.108782
7182,2013-05-30,5,6,0,0.108765
7183,2013-06-01,3,7,0,0.108748
7184,2013-06-04,6,7,0,0.108732
7185,2013-06-06,2,6,0,0.108715
7186,2013-06-08,1,9,0,0.108699
7187,2013-06-11,6,3,0,0.108682
7188,2013-06-13,1,1,1,0.108818
7189,2013-06-15,4,6,0,0.108801
7190,2013-06-18,2,7,0,0.108785
7191,2013-06-20,4,7,0,0.108768
7192,2013-06-22,3,7,0,0.108752
7193,2013-06-25,2,1,0,0.108735
7194,2013-06-27,8,1,0,0.108719
7195,2013-06-29,8,6,0,0.108702
7196,2013-07-02,1,5,0,0.108686
7197,2013-07-04,4,4,1,0.108821
7198,2013-07-06,5,7,0,0.108804
7199,2013-07-09,4,3,0,0.108788
7200,2013-07-11,2,4,0,0.108771
7201,2013-07-13,1,4,0,0.108755
7202,2013-07-16,5,3,0,0.108738
7203,2013-07-18,2,3,0,0.108722
7204,2013-07-20,6,1,0,0.108706
7205,2013-07-23,2,5,0,0.108689
7206,2013-07-25,7,9,0,0.108673
7207,2013-07-27,1,1,1,0.108808
7208,2013-07-30,1,7,0,0.108791
7209,2013-08-01,3,3,1,0.108926
7210,2013-08-03,1,9,0,0.108909
7211,2013-08-06,9,4,0,0.108893
7212,2013-08-08,1,6,0,0.108876
7213,2013-08-10,4,7,0,0.10886
7214,2013-08-13,6,7,0,0.108844
7215,2013-08-16,8,4,0,0.108827
7216,2013-08-17,8,9,0,0.108811
7217,2013-08-20,2,5,0,0.108794
7218,2013-08-22,8,8,1,0.108929
7219,2013-08-24,5,6,0,0.108912
7220,2013-08-27,2,7,0,0.108896
7221,2013-08-29,1,1,1,0.109031
7222,2013-08-31,7,3,0,0.109014
7223,2013-09-03,1,3,0,0.108998
7224,2013-09-05,8,7,0,0.108981
7225,2013-09-07,6,1,0,0.108965
7226,2013-09-10,1,5,0,0.108948
7227,2013-09-12,7,4,0,0.108932
7228,2013-09-14,6,3,0,0.108915
7229,2013-09-17,9,1,0,0.108899
7230,2013-09-19,4,3,0,0.108883
7231,2013-09-21,6,9,0,0.108866
7232,2013-09-24,9,4,0,0.10885
7233,2013-09-26,1,3,0,0.108833
7234,2013-09-28,9,7,0,0.108817
7235,2013-10-01,1,6,0,0.1088
7236,2013-10-03,9,7,0,0.108784
7237,2013-10-05,1,6,0,0.108768
7238,2013-10-08,4,7,0,0.108751
7239,2013-10-10,2,6,0,0.108735
7240,2013-10-12,1,1,1,0.108869
7241,2013-10-15,5,3,0,0.108853
7242,2013-10-17,8,2,0,0.108836
7243,2013-10-19,7,2,0,0.10882
7244,2013-10-22,5,4,0,0.108804
7245,2013-10-24,4,3,0,0.108787
7246,2013-10-26,9,4,0,0.108771
7247,2013-10-29,9,7,0,0.108755
7248,2013-10-31,1,1,1,0.108889
7249,2013-11-02,8,7,0,0.108872
7250,2013-11-05,5,1,0,0.108856
7251,2013-11-07,6,2,0,0.108839
7252,2013-11-09,6,7,0,0.108823
7253,2013-11-12,5,1,0,0.108807
7254,2013-11-14,4,5,0,0.10879
7255,2013-11-16,8,4,0,0.108774
7256,2013-11-19,4,6,0,0.108758
7257,2013-11-21,2,2,1,0.108892
7258,2013-11-23,7,1,0,0.108875
7259,2013-11-26,3,1,0,0.108859
7260,2013-11-28,7,3,0,0.108843
7261,2013-11-30,8,7,0,0.108826
7262,2013-12-03,9,7,0,0.10881
7263,2013-12-05,7,1,0,0.108794
7264,2013-12-07,3,2,0,0.108777
7265,2013-12-10,5,3,0,0.108761
7266,2013-12-12,4,6,0,0.108745
7267,2013-12-14,8,4,0,0.108728
7268,2013-12-17,2,6,0,0.108712
7269,2013-12-19,4,8,0,0.108696
7270,2013-12-21,4,7,0,0.108679
7271,2013-12-24,5,6,0,0.108663
7272,2013-12-27,5,3,0,0.108647
7273,2013-12-28,9,4,0,0.108631
7274,2013-12-31,4,4,1,0.108764
7275,2014-01-02,2,9,0,0.108748
7276,2014-01-04,5,1,0,0.108731
7277,2014-01-07,9,5,0,0.108715
7278,2014-01-09,3,4,0,0.108699
7279,2014-01-11,3,5,0,0.108683
7280,2014-01-14,4,3,0,0.108666
7281,2014-01-16,4,4,1,0.1088
7282,2014-01-18,3,6,0,0.108783
7283,2014-01-21,8,1,0,0.108767
7284,2014-01-23,6,2,0,0.108751
7285,2014-01-25,5,5,1,0.108884
7286,2014-01-28,2,5,0,0.108868
7287,2014-01-30,2,1,0,0.108852
7288,2014-02-01,1,9,0,0.108835
7289,2014-02-04,1,3,0,0.108819
7290,2014-02-06,1,3,0,0.108803
7291,2014-02-08,8,3,0,0.108787
7292,2014-02-11,9,1,0,0.10877
7293,2014-02-13,4,1,0,0.108754
7294,2014-02-15,9,9,1,0.108887
7295,2014-02-18,6,7,0,0.108871
7296,2014-02-20,2,3,0,0.108855
7297,2014-02-22,6,9,0,0.108838
7298,2014-02-25,8,5,0,0.108822
7299,2014-02-27,9,8,0,0.108806
7300,2014-03-01,6,1,0,0.10879
7301,2014-03-04,6,3,0,0.108774
7302,2014-03-06,3,1,0,0.108757
7303,2014-03-08,1,9,0,0.108741
7304,2014-03-11,5,4,0,0.108725
7305,2014-03-13,2,2,1,0.108858
7306,2014-03-15,9,1,0,0.108842
7307,2014-03-18,6,8,0,0.108825
7308,2014-03-20,1,3,0,0.108809
7309,2014-03-22,8,4,0,0.108793
7310,2014-03-25,3,1,0,0.108777
7311,2014-03-27,9,5,0,0.10876
7312,2014-03-29,2,5,0,0.108744
7313,2014-04-01,8,1,0,0.108728
7314,2014-04-03,5,6,0,0.108712
7315,2014-04-05,3,2,0,0.108696
7316,2014-04-08,8,7,0,0.108679
7317,2014-04-10,4,2,0,0.108663
7318,2014-04-12,4,2,0,0.108647
7319,2014-04-15,3,6,0,0.108631
7320,2014-04-17,9,1,0,0.108615
7321,2014-04-19,9,5,0,0.108599
7322,2014-04-22,3,1,0,0.108582
7323,2014-04-24,8,5,0,0.108566
7324,2014-04-26,6,2,0,0.10855
7325,2014-04-29,2,5,0,0.108534
7326,2014-05-02,5,9,0,0.108518
7327,2014-05-03,8,5,0,0.108502
7328,2014-05-06,3,2,0,0.108486
7329,2014-05-08,6,5,0,0.10847
7330,2014-05-10,5,6,0,0.108453
7331,2014-05-13,3,5,0,0.108437
7332,2014-05-15,8,7,0,0.108421
7333,2014-05-17,3,2,0,0.108405
7334,2014-05-20,2,5,0,0.108389
7335,2014-05-22,4,1,0,0.108373
7336,2014-05-24,2,7,0,0.108357
7337,2014-05-27,9,1,0,0.108341
7338,2014-05-29,6,8,0,0.108325
7339,2014-05-31,4,3,0,0.108309
7340,2014-06-03,7,6,0,0.108293
7341,2014-06-05,9,7,0,0.108276
7342,2014-06-07,2,2,1,0.108409
7343,2014-06-10,8,1,0,0.108393
7344,2014-06-12,3,6,0,0.108377
7345,2014-06-14,3,5,0,0.108361
7346,2014-06-17,6,3,0,0.108344
7347,2014-06-19,4,6,0,0.108328
7348,2014-06-21,5,6,0,0.108312
7349,2014-06-24,9,3,0,0.108296
7350,2014-06-26,9,4,0,0.10828
7351,2014-06-28,8,1,0,0.108264
7352,2014-07-01,6,7,0,0.108248
7353,2014-07-03,5,5,1,0.10838
7354,2014-07-05,5,5,1,0.108512
7355,2014-07-08,2,4,0,0.108496
7356,2014-07-10,4,1,0,0.10848
7357,2014-07-12,5,7,0,0.108464
7358,2014-07-15,8,3,0,0.108448
7359,2014-07-17,5,2,0,0.108432
7360,2014-07-19,2,2,1,0.108564
7361,2014-07-22,5,1,0,0.108548
7362,2014-07-24,1,5,0,0.108532
7363,2014-07-26,7,4,0,0.108516
7364,2014-07-29,5,3,0,0.1085
7365,2014-07-31,9,3,0,0.108484
7366,2014-08-02,2,4,0,0.108468
7367,2014-08-05,9,1,0,0.108452
7368,2014-08-07,9,6,0,0.108436
7369,2014-08-09,2,1,0,0.108419
7370,2014-08-12,2,1,0,0.108403
7371,2014-08-14,4,9,0,0.108387
7372,2014-08-16,8,7,0,0.108371
7373,2014-08-19,7,6,0,0.108355
7374,2014-08-21,2,4,0,0.108339
7375,2014-08-23,1,3,0,0.108323
7376,2014-08-26,2,3,0,0.108308
7377,2014-08-28,1,8,0,0.108292
7378,2014-08-30,6,3,0,0.108276
7379,2014-09-02,2,1,0,0.10826
7380,2014-09-04,3,9,0,0.108244
7381,2014-09-06,4,6,0,0.108228
7382,2014-09-09,7,4,0,0.108212
7383,2014-09-11,5,7,0,0.108196
7384,2014-09-13,8,3,0,0.10818
7385,2014-09-16,2,2,1,0.108311
7386,2014-09-18,9,8,0,0.108295
7387,2014-09-20,4,6,0,0.108279
7388,2014-09-23,5,9,0,0.108263
7389,2014-09-25,3,3,1,0.108395
7390,2014-09-27,9,7,0,0.108379
7391,2014-09-30,8,5,0,0.108363
7392,2014-10-02,2,7,0,0.108347
7393,2014-10-04,5,8,0,0.108331
7394,2014-10-07,1,5,0,0.108315
7395,2014-10-09,5,4,0,0.108299
7396,2014-10-11,8,2,0,0.108283
7397,2014-10-14,6,2,0,0.108267
7398,2014-10-16,6,5,0,0.108251
7399,2014-10-18,7,1,0,0.108235
7400,2014-10-21,2,3,0,0.108219
7401,2014-10-23,1,3,0,0.108203
7402,2014-10-25,8,3,0,0.108188
7403,2014-10-28,8,1,0,0.108172
7404,2014-10-30,3,5,0,0.108156
7405,2014-11-03,1,5,0,0.10814
7406,2014-11-04,9,4,0,0.108124
7407,2014-11-06,8,6,0,0.108108
7408,2014-11-08,2,7,0,0.108092
7409,2014-11-11,2,8,0,0.108076
7410,2014-11-13,7,9,0,0.10806
7411,2014-11-15,2,1,0,0.108045
7412,2014-11-18,5,3,0,0.108029
7413,2014-11-20,2,1,0,0.108013
7414,2014-11-22,6,1,0,0.107997
7415,2014-11-25,7,5,0,0.107981
7416,2014-11-27,9,3,0,0.107965
7417,2014-11-29,2,2,1,0.108096
7418,2014-12-02,8,1,0,0.10808
7419,2014-12-04,3,6,0,0.108065
7420,2014-12-06,2,5,0,0.108049
7421,2014-12-09,7,1,0,0.108033
7422,2014-12-11,2,1,0,0.108017
7423,2014-12-13,3,3,1,0.108148
7424,2014-12-16,2,4,0,0.108132
7425,2014-12-18,3,1,0,0.108116
7426,2014-12-20,6,2,0,0.1081
7427,2014-12-23,9,6,0,0.108084
7428,2014-12-24,1,3,0,0.108069
7429,2014-12-27,4,7,0,0.108053
7430,2014-12-30,8,6,0,0.108037
7431,2015-01-02,9,6,0,0.108021
7432,2015-01-03,3,1,0,0.108005
7433,2015-01-07,6,5,0,0.107989
7434,2015-01-08,4,6,0,0.107974
7435,2015-01-10,9,6,0,0.107958
7436,2015-01-13,3,6,0,0.107942
7437,2015-01-15,8,5,0,0.107926
7438,2015-01-17,2,2,1,0.108057
7439,2015-01-20,5,8,0,0.108041
7440,2015-01-22,8,1,0,0.108025
7441,2015-01-24,5,2,0,0.108009
7442,2015-01-27,9,2,0,0.107994
7443,2015-01-29,4,4,1,0.108124
7444,2015-01-31,8,9,0,0.108108
7445,2015-02-03,5,6,0,0.108092
7446,2015-02-05,2,2,1,0.108223
7447,2015-02-07,4,1,0,0.108207
7448,2015-02-10,8,7,0,0.108191
7449,2015-02-12,3,6,0,0.108175
7450,2015-02-14,7,5,0,0.108159
7451,2015-02-17,9,7,0,0.108144
7452,2015-02-19,4,2,0,0.108128
7453,2015-02-21,9,9,1,0.108258
7454,2015-02-24,3,6,0,0.108242
7455,2015-02-26,2,5,0,0.108226
7456,2015-02-28,9,1,0,0.108211
7457,2015-03-03,2,6,0,0.108195
7458,2015-03-05,9,8,0,0.108179
7459,2015-03-07,8,6,0,0.108163
7460,2015-03-10,9,7,0,0.108148
7461,2015-03-12,8,1,0,0.108132
7462,2015-03-14,8,7,0,0.108116
7463,2015-03-17,6,5,0,0.1081
7464,2015-03-19,9,5,0,0.108084
7465,2015-03-21,7,3,0,0.108069
7466,2015-03-24,5,2,0,0.108053
7467,2015-03-26,2,3,0,0.108037
7468,2015-03-28,6,1,0,0.108022
7469,2015-03-31,8,5,0,0.108006
7470,2015-04-02,5,9,0,0.10799
7471,2015-04-04,8,2,0,0.107974
7472,2015-04-07,4,2,0,0.107959
7473,2015-04-09,8,2,0,0.107943
7474,2015-04-11,7,6,0,0.107927
7475,2015-04-14,2,4,0,0.107912
7476,2015-04-16,7,3,0,0.107896
7477,2015-04-18,6,1,0,0.10788
7478,2015-04-21,6,1,0,0.107865
7479,2015-04-23,2,1,0,0.107849
7480,2015-04-27,9,9,1,0.107978
7481,2015-04-28,1,8,0,0.107963
7482,2015-04-30,5,7,0,0.107947
7483,2015-05-02,7,2,0,0.107931
7484,2015-05-05,6,6,1,0.108061
7485,2015-05-07,3,1,0,0.108045
7486,2015-05-09,6,9,0,0.10803
7487,2015-05-12,3,6,0,0.108014
7488,2015-05-14,5,9,0,0.107998
7489,2015-05-16,1,6,0,0.107983
7490,2015-05-19,2,4,0,0.107967
7491,2015-05-21,9,8,0,0.107951
7492,2015-05-23,5,8,0,0.107936
7493,2015-05-26,9,8,0,0.10792
7494,2015-05-28,8,4,0,0.107904
7495,2015-05-30,5,7,0,0.107889
7496,2015-06-03,7,2,0,0.107873
7497,2015-06-04,1,6,0,0.107857
7498,2015-06-06,4,7,0,0.107842
7499,2015-06-09,9,6,0,0.107826
7500,2015-06-11,5,6,0,0.10781
7501,2015-06-13,6,9,0,0.107795
7502,2015-06-16,8,7,0,0.107779
7503,2015-06-18,8,9,0,0.107764
7504,2015-06-20,7,5,0,0.107748
7505,2015-06-23,5,4,0,0.107732
7506,2015-06-25,5,3,0,0.107717
7507,2015-06-27,8,4,0,0.107701
7508,2015-06-30,9,2,0,0.107686
7509,2015-07-02,9,1,0,0.10767
7510,2015-07-04,9,1,0,0.107654
7511,2015-07-07,9,1,0,0.107639
7512,2015-07-09,2,9,0,0.107623
7513,2015-07-11,9,8,0,0.107608
7514,2015-07-14,5,8,0,0.107592
7515,2015-07-16,9,6,0,0.107577
7516,2015-07-18,6,4,0,0.107561
7517,2015-07-21,1,4,0,0.107546
7518,2015-07-23,5,4,0,0.10753
7519,2015-07-25,6,2,0,0.107514
7520,2015-07-28,4,7,0,0.107499
7521,2015-07-30,6,6,1,0.107628
7522,2015-08-01,9,4,0,0.107612
7523,2015-08-04,4,3,0,0.107597
7524,2015-08-06,7,9,0,0.107581
7525,2015-08-08,7,7,1,0.10771
7526,2015-08-11,7,6,0,0.107695
7527,2015-08-13,3,6,0,0.107679
7528,2015-08-17,9,3,0,0.107663
7529,2015-08-18,7,8,0,0.107648
7530,2015-08-20,8,2,0,0.107632
7531,2015-08-22,4,9,0,0.107617
7532,2015-08-25,7,2,0,0.107601
7533,2015-08-27,7,7,1,0.10773
7534,2015-08-29,5,6,0,0.107714
7535,2015-09-01,4,3,0,0.107699
7536,2015-09-03,6,4,0,0.107683
7537,2015-09-05,3,4,0,0.107668
7538,2015-09-08,3,9,0,0.107652
7539,2015-09-10,9,3,0,0.107637
7540,2015-09-12,8,8,1,0.107765
7541,2015-09-15,6,5,0,0.10775
7542,2015-09-17,1,5,0,0.107734
7543,2015-09-19,4,4,1,0.107863
7544,2015-09-22,7,6,0,0.107847
7545,2015-09-24,5,7,0,0.107832
7546,2015-09-26,4,3,0,0.107816
7547,2015-09-29,1,4,0,0.107801
7548,2015-10-01,1,4,0,0.107785
7549,2015-10-03,2,3,0,0.10777
7550,2015-10-06,7,8,0,0.107754
7551,2015-10-08,8,1,0,0.107739
7552,2015-10-10,3,9,0,0.107723
7553,2015-10-13,1,5,0,0.107708
7554,2015-10-15,7,4,0,0.107692
7555,2015-10-17,5,3,0,0.107677
7556,2015-10-20,7,4,0,0.107661
7557,2015-10-22,2,6,0,0.107646
7558,2015-10-24,9,3,0,0.10763
7559,2015-10-27,1,8,0,0.107615
7560,2015-10-29,7,7,1,0.107743
7561,2015-10-31,6,3,0,0.107728
7562,2015-11-03,4,1,0,0.107712
7563,2015-11-05,2,6,0,0.107697
7564,2015-11-07,7,1,0,0.107681
7565,2015-11-10,8,1,0,0.107666
7566,2015-11-12,7,3,0,0.10765
7567,2015-11-14,1,4,0,0.107635
7568,2015-11-17,3,7,0,0.107619
7569,2015-11-19,9,9,1,0.107747
7570,2015-11-21,6,8,0,0.107732
7571,2015-11-24,7,4,0,0.107717
7572,2015-11-26,3,3,1,0.107845
7573,2015-11-28,7,3,0,0.107829
7574,2015-12-01,3,7,0,0.107814
7575,2015-12-03,6,3,0,0.107798
7576,2015-12-05,3,3,1,0.107926
7577,2015-12-09,3,9,0,0.107911
7578,2015-12-10,2,3,0,0.107895
7579,2015-12-12,1,1,1,0.108023
7580,2015-12-15,7,3,0,0.108007
7581,2015-12-17,1,3,0,0.107992
7582,2015-12-19,1,7,0,0.107977
7583,2015-12-22,6,3,0,0.107961
7584,2015-12-24,8,1,0,0.107946
7585,2015-12-28,9,8,0,0.10793
7586,2015-12-29,9,1,0,0.107915
7587,2015-12-31,1,9,0,0.107899
7588,2016-01-02,9,7,0,0.107884
7589,2016-01-05,3,6,0,0.107868
7590,2016-01-07,5,5,1,0.107996
7591,2016-01-09,7,6,0,0.107981
7592,2016-01-12,8,6,0,0.107965
7593,2016-01-14,3,7,0,0.10795
7594,2016-01-16,1,1,1,0.108077
7595,2016-01-19,6,4,0,0.108062
7596,2016-01-21,1,1,1,0.108189
7597,2016-01-23,5,4,0,0.108174
7598,2016-01-26,1,2,0,0.108158
7599,2016-01-28,2,4,0,0.108143
7600,2016-01-30,4,8,0,0.108127
7601,2016-02-02,8,7,0,0.108112
7602,2016-02-04,5,6,0,0.108097
7603,2016-02-06,1,2,0,0.108081
7604,2016-02-09,2,4,0,0.108066
7605,2016-02-11,3,8,0,0.10805
7606,2016-02-13,5,6,0,0.108035
7607,2016-02-16,9,6,0,0.108019
7608,2016-02-18,5,4,0,0.108004
7609,2016-02-20,3,9,0,0.107989
7610,2016-02-23,4,7,0,0.107973
7611,2016-02-25,9,4,0,0.107958
7612,2016-02-27,1,6,0,0.107942
7613,2016-03-01,4,7,0,0.107927
7614,2016-03-03,4,7,0,0.107912
7615,2016-03-05,4,6,0,0.107896
7616,2016-03-08,5,6,0,0.107881
7617,2016-03-10,7,3,0,0.107865
7618,2016-03-12,9,6,0,0.10785
7619,2016-03-15,7,2,0,0.107835
7620,2016-03-17,9,2,0,0.107819
7621,2016-03-19,1,2,0,0.107804
7622,2016-03-22,9,7,0,0.107789
7623,2016-03-24,5,6,0,0.107773
7624,2016-03-26,3,9,0,0.107758
7625,2016-03-29,8,7,0,0.107743
7626,2016-03-31,6,2,0,0.107727
7627,2016-04-02,2,5,0,0.107712
7628,2016-04-05,2,9,0,0.107697
7629,2016-04-07,8,7,0,0.107681
7630,2016-04-09,1,3,0,0.107666
7631,2016-04-12,1,4,0,0.107651
7632,2016-04-14,9,3,0,0.107635
7633,2016-04-16,8,6,0,0.10762
7634,2016-04-19,6,5,0,0.107605
7635,2016-04-21,4,5,0,0.10759
7636,2016-04-23,8,6,0,0.107574
7637,2016-04-26,7,6,0,0.107559
7638,2016-04-28,1,4,0,0.107544
7639,2016-04-30,4,7,0,0.107528
7640,2016-05-03,5,7,0,0.107513
7641,2016-05-05,7,3,0,0.107498
7642,2016-05-07,3,6,0,0.107483
7643,2016-05-10,8,3,0,0.107467
7644,2016-05-12,3,2,0,0.107452
7645,2016-05-14,8,1,0,0.107437
7646,2016-05-17,7,2,0,0.107422
7647,2016-05-19,3,4,0,0.107406
7648,2016-05-21,5,3,0,0.107391
7649,2016-05-24,4,6,0,0.107376
7650,2016-05-26,8,4,0,0.107361
7651,2016-05-28,1,6,0,0.107345
7652,2016-05-31,4,4,1,0.107472
7653,2016-06-03,7,7,1,0.107599
7654,2016-06-04,2,7,0,0.107583
7655,2016-06-07,8,3,0,0.107568
7656,2016-06-09,1,3,0,0.107553
7657,2016-06-11,7,4,0,0.107538
7658,2016-06-14,6,1,0,0.107522
7659,2016-06-16,1,1,1,0.107649
7660,2016-06-18,5,4,0,0.107633
7661,2016-06-21,3,2,0,0.107618
7662,2016-06-23,9,7,0,0.107603
7663,2016-06-25,3,8,0,0.107588
7664,2016-06-28,1,5,0,0.107573
7665,2016-06-30,5,4,0,0.107557
7666,2016-07-02,4,2,0,0.107542
7667,2016-07-05,8,4,0,0.107527
7668,2016-07-07,8,6,0,0.107512
7669,2016-07-09,9,5,0,0.107496
7670,2016-07-12,2,1,0,0.107481
7671,2016-07-14,6,8,0,0.107466
7672,2016-07-16,2,5,0,0.107451
7673,2016-07-19,1,9,0,0.107436
7674,2016-07-21,6,3,0,0.10742
7675,2016-07-23,3,1,0,0.107405
7676,2016-07-26,4,9,0,0.10739
7677,2016-07-28,4,4,1,0.107516
7678,2016-07-30,6,5,0,0.107501
7679,2016-08-02,6,4,0,0.107486
7680,2016-08-04,6,1,0,0.107471
7681,2016-08-06,8,1,0,0.107456
7682,2016-08-09,1,9,0,0.10744
7683,2016-08-11,1,4,0,0.107425
7684,2016-08-13,8,3,0,0.10741
7685,2016-08-16,2,1,0,0.107395
7686,2016-08-18,5,5,1,0.107521
7687,2016-08-20,9,1,0,0.107506
7688,2016-08-23,6,4,0,0.10749
7689,2016-08-25,2,4,0,0.107475
7690,2016-08-27,5,9,0,0.10746
7691,2016-08-30,2,1,0,0.107445
7692,2016-09-01,7,1,0,0.10743
7693,2016-09-03,6,1,0,0.107415
7694,2016-09-06,7,1,0,0.1074
7695,2016-09-08,7,3,0,0.107384
7696,2016-09-10,2,6,0,0.107369
7697,2016-09-13,8,3,0,0.107354
7698,2016-09-15,9,3,0,0.107339
7699,2016-09-17,9,1,0,0.107324
7700,2016-09-20,9,1,0,0.107309
7701,2016-09-22,6,9,0,0.107294
7702,2016-09-24,3,4,0,0.107279
7703,2016-09-27,6,9,0,0.107264
7704,2016-09-29,1,3,0,0.107248
7705,2016-10-01,5,4,0,0.107233
7706,2016-10-04,2,2,1,0.107359
7707,2016-10-06,1,1,1,0.107485
7708,2016-10-08,5,3,0,0.107469
7709,2016-10-11,8,2,0,0.107454
7710,2016-10-13,2,2,1,0.10758
7711,2016-10-15,5,5,1,0.107705
7712,2016-10-18,1,1,1,0.107831
7713,2016-10-20,9,2,0,0.107816
7714,2016-10-22,1,6,0,0.1078
7715,2016-10-25,5,7,0,0.107785
7716,2016-10-27,1,2,0,0.10777
7717,2016-10-29,8,2,0,0.107755
7718,2016-11-02,7,1,0,0.10774
7719,2016-11-03,3,4,0,0.107725
7720,2016-11-05,6,5,0,0.10771
7721,2016-11-08,2,3,0,0.107694
7722,2016-11-10,8,9,0,0.107679
7723,2016-11-12,1,3,0,0.107664
7724,2016-11-15,2,4,0,0.107649
7725,2016-11-17,6,8,0,0.107634
7726,2016-11-19,5,5,1,0.107759
7727,2016-11-22,5,5,1,0.107884
7728,2016-11-24,5,4,0,0.107869
7729,2016-11-26,9,4,0,0.107854
7730,2016-11-29,7,4,0,0.107839
7731,2016-12-01,9,2,0,0.107824
7732,2016-12-03,2,2,1,0.107949
7733,2016-12-06,5,8,0,0.107934
7734,2016-12-09,9,1,0,0.107919
7735,2016-12-10,7,4,0,0.107904
7736,2016-12-13,3,2,0,0.107888
7737,2016-12-15,1,5,0,0.107873
7738,2016-12-17,6,4,0,0.107858
7739,2016-12-20,5,1,0,0.107843
7740,2016-12-22,3,5,0,0.107828
7741,2016-12-24,6,7,0,0.107813
7742,2016-12-27,2,3,0,0.107798
7743,2016-12-29,5,9,0,0.107783
7744,2016-12-31,6,1,0,0.107768
7745,2017-01-03,9,4,0,0.107753
7746,2017-01-05,6,3,0,0.107738
7747,2017-01-07,4,3,0,0.107722
7748,2017-01-10,5,6,0,0.107707
7749,2017-01-12,4,3,0,0.107692
7750,2017-01-14,9,4,0,0.107677
7751,2017-01-17,8,6,0,0.107662
7752,2017-01-19,1,5,0,0.107647
7753,2017-01-21,2,4,0,0.107632
7754,2017-01-24,4,8,0,0.107617
7755,2017-01-26,3,8,0,0.107602
7756,2017-01-28,8,1,0,0.107587
7757,2017-01-31,7,2,0,0.107572
7758,2017-02-02,7,4,0,0.107557
7759,2017-02-04,7,6,0,0.107542
7760,2017-02-07,7,6,0,0.107527
7761,2017-02-09,7,6,0,0.107512
7762,2017-02-11,3,6,0,0.107497
7763,2017-02-14,6,5,0,0.107482
7764,2017-02-16,7,3,0,0.107467
7765,2017-02-18,7,3,0,0.107452
7766,2017-02-21,4,6,0,0.107437
7767,2017-02-23,6,1,0,0.107422
7768,2017-02-25,5,4,0,0.107407
7769,2017-02-28,6,5,0,0.107392
7770,2017-03-02,9,4,0,0.107377
7771,2017-03-04,5,3,0,0.107362
7772,2017-03-07,4,9,0,0.107347
7773,2017-03-09,3,4,0,0.107332
7774,2017-03-11,7,8,0,0.107317
7775,2017-03-14,3,7,0,0.107302
7776,2017-03-16,6,6,1,0.107427
7777,2017-03-18,9,3,0,0.107412
7778,2017-03-21,4,3,0,0.107397
7779,2017-03-23,2,9,0,0.107382
7780,2017-03-25,5,7,0,0.107367
7781,2017-03-28,4,1,0,0.107352
7782,2017-03-30,9,3,0,0.107337
7783,2017-04-01,4,6,0,0.107322
7784,2017-04-04,2,9,0,0.107307
7785,2017-04-06,2,7,0,0.107292
7786,2017-04-08,7,8,0,0.107277
7787,2017-04-11,4,1,0,0.107262
7788,2017-04-13,1,1,1,0.107386
7789,2017-04-15,5,4,0,0.107371
7790,2017-04-18,6,2,0,0.107356
7791,2017-04-20,8,4,0,0.107341
7792,2017-04-22,9,9,1,0.107466
7793,2017-04-26,9,1,0,0.107451
7794,2017-04-27,9,9,1,0.107575
7795,2017-04-29,9,9,1,0.107699
7796,2017-05-02,9,9,1,0.107823
7797,2017-05-04,8,9,0,0.107808
7798,2017-05-06,2,5,0,0.107793
7799,2017-05-09,1,5,0,0.107778
7800,2017-05-11,1,3,0,0.107763
7801,2017-05-13,1,3,0,0.107748
7802,2017-05-16,1,1,1,0.107872
7803,2017-05-18,5,1,0,0.107857
7804,2017-05-20,1,2,0,0.107842
7805,2017-05-23,9,2,0,0.107827
7806,2017-05-25,1,1,1,0.107951
7807,2017-05-27,2,7,0,0.107936
7808,2017-05-30,5,8,0,0.107921
7809,2017-06-01,2,1,0,0.107906
7810,2017-06-03,8,1,0,0.107891
7811,2017-06-06,1,3,0,0.107876
7812,2017-06-08,8,4,0,0.107861
7813,2017-06-10,6,1,0,0.107846
7814,2017-06-13,3,5,0,0.107831
7815,2017-06-15,5,9,0,0.107816
7816,2017-06-17,8,6,0,0.107801
7817,2017-06-20,8,2,0,0.107786
7818,2017-06-22,2,5,0,0.107771
7819,2017-06-24,9,5,0,0.107756
7820,2017-06-27,2,8,0,0.107741
7821,2017-06-29,7,8,0,0.107726
7822,2017-07-01,3,1,0,0.107711
7823,2017-07-04,2,6,0,0.107697
7824,2017-07-06,4,1,0,0.107682
7825,2017-07-08,9,3,0,0.107667
7826,2017-07-11,6,6,1,0.10779
7827,2017-07-13,4,4,1,0.107914
7828,2017-07-15,5,6,0,0.107899
7829,2017-07-18,3,3,1,0.108022
7830,2017-07-20,7,7,1,0.108145
7831,2017-07-22,1,7,0,0.108131
7832,2017-07-25,9,7,0,0.108116
7833,2017-07-27,4,1,0,0.108101
7834,2017-07-29,2,9,0,0.108086
7835,2017-08-01,2,7,0,0.108071
7836,2017-08-03,8,7,0,0.108056
7837,2017-08-05,2,3,0,0.108041
7838,2017-08-08,2,5,0,0.108026
7839,2017-08-10,1,8,0,0.108011
7840,2017-08-12,8,3,0,0.107996
7841,2017-08-16,8,1,0,0.107981
7842,2017-08-17,4,5,0,0.107966
7843,2017-08-19,9,2,0,0.107951
7844,2017-08-22,7,6,0,0.107937
7845,2017-08-24,7,2,0,0.107922
7846,2017-08-26,8,6,0,0.107907
7847,2017-08-29,8,3,0,0.107892
7848,2017-08-31,9,5,0,0.107877
7849,2017-09-02,9,9,1,0.108
7850,2017-09-05,5,9,0,0.107985
7851,2017-09-07,9,9,1,0.108108
7852,2017-09-09,9,4,0,0.108093
7853,2017-09-12,5,9,0,0.108078
7854,2017-09-14,8,9,0,0.108063
7855,2017-09-16,3,2,0,0.108049
7856,2017-09-19,2,1,0,0.108034
7857,2017-09-21,6,1,0,0.108019
7858,2017-09-23,2,5,0,0.108004
7859,2017-09-26,9,9,1,0.108127
7860,2017-09-28,3,8,0,0.108112
7861,2017-09-30,9,5,0,0.108097
7862,2017-10-03,6,8,0,0.108082
7863,2017-10-05,3,4,0,0.108067
7864,2017-10-07,6,9,0,0.108052
7865,2017-10-10,3,3,1,0.108175
7866,2017-10-12,4,9,0,0.10816
7867,2017-10-14,2,4,0,0.108145
7868,2017-10-17,5,7,0,0.10813
7869,2017-10-19,9,1,0,0.108116
7870,2017-10-21,4,4,1,0.108238
7871,2017-10-24,8,9,0,0.108223
7872,2017-10-26,2,6,0,0.108208
7873,2017-10-28,7,5,0,0.108194
7874,2017-10-31,9,1,0,0.108179
7875,2017-11-02,4,2,0,0.108164
7876,2017-11-04,7,9,0,0.108149
7877,2017-11-07,3,7,0,0.108134
7878,2017-11-09,1,6,0,0.108119
7879,2017-11-11,4,4,1,0.108242
7880,2017-11-14,7,7,1,0.108364
7881,2017-11-16,7,7,1,0.108487
7882,2017-11-18,8,6,0,0.108472
7883,2017-11-21,5,3,0,0.108457
7884,2017-11-23,3,2,0,0.108442
7885,2017-11-25,8,7,0,0.108427
7886,2017-11-28,6,2,0,0.108412
7887,2017-11-30,4,5,0,0.108397
7888,2017-12-02,4,6,0,0.108382
7889,2017-12-05,2,6,0,0.108368
7890,2017-12-07,6,5,0,0.108353
7891,2017-12-09,9,5,0,0.108338
7892,2017-12-12,5,3,0,0.108323
7893,2017-12-14,1,9,0,0.108308
7894,2017-12-16,5,2,0,0.108293
7895,2017-12-19,4,2,0,0.108279
7896,2017-12-21,5,3,0,0.108264
7897,2017-12-23,5,3,0,0.108249
7898,2017-12-27,8,4,0,0.108234
7899,2017-12-28,8,2,0,0.108219
7900,2017-12-30,2,5,0,0.108204
7901,2018-01-02,6,5,0,0.10819
7902,2018-01-04,2,5,0,0.108175
7903,2018-01-08,3,9,0,0.10816
7904,2018-01-09,2,6,0,0.108145
7905,2018-01-11,1,1,1,0.108267
7906,2018-01-13,4,3,0,0.108252
7907,2018-01-16,9,7,0,0.108238
7908,2018-01-18,9,6,0,0.108223
7909,2018-01-20,9,9,1,0.108345
7910,2018-01-23,4,9,0,0.10833
7911,2018-01-25,1,9,0,0.108315
7912,2018-01-27,2,4,0,0.1083
7913,2018-01-30,5,8,0,0.108285
7914,2018-02-01,4,1,0,0.108271
7915,2018-02-03,8,3,0,0.108256
7916,2018-02-06,6,6,1,0.108378
7917,2018-02-08,8,5,0,0.108363
7918,2018-02-10,3,9,0,0.108348
7919,2018-02-13,7,1,0,0.108333
7920,2018-02-15,5,7,0,0.108319
7921,2018-02-17,2,4,0,0.108304
7922,2018-02-20,3,1,0,0.108289
7923,2018-02-22,7,2,0,0.108274
7924,2018-02-24,8,7,0,0.108259
7925,2018-02-27,8,3,0,0.108245
7926,2018-03-01,3,5,0,0.10823
7927,2018-03-03,9,1,0,0.108215
7928,2018-03-06,1,8,0,0.1082
7929,2018-03-08,2,7,0,0.108186
7930,2018-03-10,3,8,0,0.108171
7931,2018-03-13,9,2,0,0.108156
7932,2018-03-15,1,8,0,0.108141
7933,2018-03-17,9,7,0,0.108127
7934,2018-03-20,4,1,0,0.108112
7935,2018-03-22,8,9,0,0.108097
7936,2018-03-24,7,6,0,0.108082
7937,2018-03-27,5,4,0,0.108068
7938,2018-03-29,1,4,0,0.108053
7939,2018-03-31,4,2,0,0.108038
7940,2018-04-03,1,7,0,0.108023
7941,2018-04-05,3,4,0,0.108009
7942,2018-04-07,9,9,1,0.10813
7943,2018-04-10,5,8,0,0.108115
7944,2018-04-12,6,9,0,0.108101
7945,2018-04-14,9,4,0,0.108086
7946,2018-04-17,7,3,0,0.108071
7947,2018-04-19,3,2,0,0.108057
7948,2018-04-21,7,6,0,0.108042
7949,2018-04-24,3,7,0,0.108027
7950,2018-04-26,9,6,0,0.108013
7951,2018-04-28,5,8,0,0.107998
7952,2018-05-02,5,9,0,0.107983
7953,2018-05-03,3,8,0,0.107968
7954,2018-05-05,2,7,0,0.107954
7955,2018-05-08,5,1,0,0.107939
7956,2018-05-10,1,1,1,0.10806
7957,2018-05-12,7,4,0,0.108046
7958,2018-05-15,2,6,0,0.108031
7959,2018-05-17,8,3,0,0.108016
7960,2018-05-19,7,3,0,0.108002
7961,2018-05-22,1,4,0,0.107987
7962,2018-05-24,3,7,0,0.107972
7963,2018-05-26,3,9,0,0.107958
7964,2018-05-29,2,3,0,0.107943
7965,2018-05-31,3,1,0,0.107928
7966,2018-06-04,5,2,0,0.107914
7967,2018-06-05,9,6,0,0.107899
7968,2018-06-07,1,4,0,0.107884
7969,2018-06-09,2,9,0,0.10787
7970,2018-06-12,9,8,0,0.107855
7971,2018-06-14,7,8,0,0.10784
7972,2018-06-16,7,2,0,0.107826
7973,2018-06-19,8,6,0,0.107811
7974,2018-06-21,7,3,0,0.107797
7975,2018-06-23,5,4,0,0.107782
7976,2018-06-26,8,4,0,0.107767
7977,2018-06-28,7,2,0,0.107753
7978,2018-06-30,9,4,0,0.107738
7979,2018-07-03,9,2,0,0.107724
7980,2018-07-05,4,9,0,0.107709
7981,2018-07-07,1,9,0,0.107694
7982,2018-07-10,2,4,0,0.10768
7983,2018-07-12,1,8,0,0.107665
7984,2018-07-14,3,3,1,0.107786
7985,2018-07-17,3,9,0,0.107771
7986,2018-07-19,6,3,0,0.107757
7987,2018-07-21,1,3,0,0.107742
7988,2018-07-24,4,4,1,0.107863
7989,2018-07-26,8,7,0,0.107848
7990,2018-07-28,8,6,0,0.107834
7991,2018-07-31,2,5,0,0.107819
7992,2018-08-02,1,5,0,0.107805
7993,2018-08-04,3,3,1,0.107925
7994,2018-08-07,1,9,0,0.107911
7995,2018-08-09,6,4,0,0.107896
7996,2018-08-11,1,1,1,0.108017
7997,2018-08-14,8,4,0,0.108002
7998,2018-08-16,2,1,0,0.107988
7999,2018-08-18,7,5,0,0.107973
8000,2018-08-21,3,1,0,0.107958
8001,2018-08-23,5,6,0,0.107944
8002,2018-08-25,2,6,0,0.107929
8003,2018-08-28,4,1,0,0.107915
8004,2018-08-30,8,3,0,0.1079
8005,2018-09-01,4,6,0,0.107885
8006,2018-09-04,1,2,0,0.107871
8007,2018-09-06,5,4,0,0.107856
8008,2018-09-08,4,2,0,0.107842
8009,2018-09-11,2,3,0,0.107827
8010,2018-09-13,5,5,1,0.107948
8011,2018-09-15,9,1,0,0.107933
8012,2018-09-18,4,4,1,0.108053
8013,2018-09-20,7,9,0,0.108039
8014,2018-09-22,1,7,0,0.108024
8015,2018-09-25,3,7,0,0.10801
8016,2018-09-27,2,9,0,0.107995
8017,2018-09-29,3,1,0,0.107981
8018,2018-10-02,8,2,0,0.107966
8019,2018-10-04,6,2,0,0.107951
8020,2018-10-06,8,5,0,0.107937
8021,2018-10-09,6,9,0,0.107922
8022,2018-10-11,3,5,0,0.107908
8023,2018-10-13,3,9,0,0.107893
8024,2018-10-16,5,6,0,0.107879
8025,2018-10-18,7,6,0,0.107864
8026,2018-10-20,2,6,0,0.10785
8027,2018-10-23,4,3,0,0.107835
8028,2018-10-25,5,8,0,0.107821
8029,2018-10-27,6,3,0,0.107806
8030,2018-10-30,4,4,1,0.107926
8031,2018-11-02,9,6,0,0.107912
8032,2018-11-03,8,6,0,0.107897
8033,2018-11-06,8,2,0,0.107883
8034,2018-11-08,9,5,0,0.107868
8035,2018-11-10,4,9,0,0.107854
8036,2018-11-13,5,9,0,0.107839
8037,2018-11-15,8,3,0,0.107825
8038,2018-11-17,6,2,0,0.10781
8039,2018-11-20,7,5,0,0.107796
8040,2018-11-22,4,3,0,0.107781
8041,2018-11-24,3,1,0,0.107767
8042,2018-11-27,3,8,0,0.107752
8043,2018-11-29,1,6,0,0.107738
8044,2018-12-01,7,4,0,0.107723
8045,2018-12-04,2,6,0,0.107709
8046,2018-12-06,6,3,0,0.107694
8047,2018-12-10,2,2,1,0.107814
8048,2018-12-11,7,9,0,0.1078
8049,2018-12-13,9,1,0,0.107785
8050,2018-12-15,3,2,0,0.107771
8051,2018-12-18,1,5,0,0.107756
8052,2018-12-20,7,4,0,0.107742
8053,2018-12-22,9,6,0,0.107727
8054,2018-12-24,6,2,0,0.107713
8055,2018-12-27,2,4,0,0.107698
8056,2018-12-29,6,9,0,0.107684
8057,2019-01-02,1,2,0,0.10767
8058,2019-01-03,9,4,0,0.107655
8059,2019-01-05,8,1,0,0.107641
8060,2019-01-08,5,2,0,0.107626
8061,2019-01-10,4,2,0,0.107612
8062,2019-01-12,5,3,0,0.107597
8063,2019-01-15,1,3,0,0.107583
8064,2019-01-17,4,4,1,0.107703
8065,2019-01-19,6,7,0,0.107688
8066,2019-01-22,8,4,0,0.107674
8067,2019-01-24,6,9,0,0.107659
8068,2019-01-26,9,5,0,0.107645
8069,2019-01-29,8,3,0,0.107631
8070,2019-01-31,8,5,0,0.107616
8071,2019-02-02,4,5,0,0.107602
8072,2019-02-05,6,2,0,0.107587
8073,2019-02-07,1,4,0,0.107573
8074,2019-02-09,4,4,1,0.107692
8075,2019-02-12,2,7,0,0.107678
8076,2019-02-14,3,5,0,0.107664
8077,2019-02-16,6,2,0,0.107649
8078,2019-02-19,8,3,0,0.107635
8079,2019-02-21,4,9,0,0.10762
8080,2019-02-23,5,2,0,0.107606
8081,2019-02-26,4,3,0,0.107592
8082,2019-02-28,7,3,0,0.107577
8083,2019-03-02,9,7,0,0.107563
8084,2019-03-05,9,2,0,0.107548
8085,2019-03-07,3,9,0,0.107534
8086,2019-03-09,9,5,0,0.10752
8087,2019-03-12,8,5,0,0.107505
8088,2019-03-14,9,5,0,0.107491
8089,2019-03-16,5,9,0,0.107477
8090,2019-03-19,6,9,0,0.107462
8091,2019-03-21,5,4,0,0.107448
8092,2019-03-23,8,5,0,0.107434
8093,2019-03-26,2,2,1,0.107553
8094,2019-03-28,9,5,0,0.107538
8095,2019-03-30,6,8,0,0.107524
8096,2019-04-02,5,4,0,0.10751
8097,2019-04-04,3,5,0,0.107495
8098,2019-04-06,6,7,0,0.107481
8099,2019-04-09,3,3,1,0.1076
8100,2019-04-11,6,9,0,0.107586
8101,2019-04-13,6,3,0,0.107571
8102,2019-04-16,3,1,0,0.107557
8103,2019-04-18,6,9,0,0.107543
8104,2019-04-20,5,3,0,0.107528
8105,2019-04-23,8,5,0,0.107514
8106,2019-04-26,3,2,0,0.1075
8107,2019-04-27,9,1,0,0.107485
8108,2019-04-30,1,8,0,0.107471
8109,2019-05-02,2,9,0,0.107457
8110,2019-05-04,5,8,0,0.107442
8111,2019-05-07,6,1,0,0.107428
8112,2019-05-09,3,4,0,0.107414
8113,2019-05-11,9,6,0,0.1074
8114,2019-05-14,4,8,0,0.107385
8115,2019-05-16,5,9,0,0.107371
8116,2019-05-18,1,3,0,0.107357
8117,2019-05-21,2,4,0,0.107342
8118,2019-05-23,3,8,0,0.107328
8119,2019-05-25,2,6,0,0.107314
8120,2019-05-28,8,1,0,0.1073
8121,2019-05-30,4,3,0,0.107285
8122,2019-06-01,2,2,1,0.107404
8123,2019-06-04,4,5,0,0.10739
8124,2019-06-06,6,8,0,0.107375
8125,2019-06-08,2,4,0,0.107361
8126,2019-06-11,5,9,0,0.107347
8127,2019-06-13,7,1,0,0.107333
8128,2019-06-15,2,6,0,0.107318
8129,2019-06-18,5,3,0,0.107304
8130,2019-06-20,3,1,0,0.10729
8131,2019-06-22,1,7,0,0.107276
8132,2019-06-25,9,4,0,0.107261
8133,2019-06-27,2,1,0,0.107247
8134,2019-06-29,7,8,0,0.107233
8135,2019-07-02,5,1,0,0.107219
8136,2019-07-04,8,4,0,0.107204
8137,2019-07-06,3,2,0,0.10719
8138,2019-07-09,3,1,0,0.107176
8139,2019-07-11,2,6,0,0.107162
8140,2019-07-13,5,1,0,0.107148
8141,2019-07-16,5,1,0,0.107133
8142,2019-07-18,4,8,0,0.107119
8143,2019-07-20,5,3,0,0.107105
8144,2019-07-23,3,3,1,0.107223
8145,2019-07-25,9,7,0,0.107209
8146,2019-07-27,4,8,0,0.107195
8147,2019-07-30,7,9,0,0.107181
8148,2019-08-01,2,7,0,0.107167
8149,2019-08-03,4,3,0,0.107152
8150,2019-08-06,6,8,0,0.107138
8151,2019-08-08,8,4,0,0.107124
8152,2019-08-10,4,9,0,0.10711
8153,2019-08-13,8,2,0,0.107096
8154,2019-08-16,9,6,0,0.107081
8155,2019-08-17,6,9,0,0.107067
8156,2019-08-20,7,4,0,0.107053
8157,2019-08-22,4,3,0,0.107039
8158,2019-08-24,3,1,0,0.107025
8159,2019-08-27,2,8,0,0.107011
8160,2019-08-29,5,1,0,0.106996
8161,2019-08-31,9,1,0,0.106982
8162,2019-09-03,8,4,0,0.106968
8163,2019-09-05,9,5,0,0.106954
8164,2019-09-07,5,9,0,0.10694
8165,2019-09-10,6,6,1,0.107058
8166,2019-09-12,2,4,0,0.107044
8167,2019-09-14,8,9,0,0.10703
8168,2019-09-17,3,3,1,0.107148
8169,2019-09-19,9,1,0,0.107133
8170,2019-09-21,3,8,0,0.107119
8171,2019-09-24,5,5,1,0.107237
8172,2019-09-26,2,6,0,0.107223
8173,2019-09-28,9,1,0,0.107209
8174,2019-10-01,4,6,0,0.107195
8175,2019-10-03,8,9,0,0.107181
8176,2019-10-05,9,6,0,0.107166
8177,2019-10-08,6,9,0,0.107152
8178,2019-10-10,1,4,0,0.107138
8179,2019-10-12,8,4,0,0.107124
8180,2019-10-15,8,1,0,0.10711
8181,2019-10-17,9,5,0,0.107096
8182,2019-10-19,9,9,1,0.107214
8183,2019-10-22,5,9,0,0.107199
8184,2019-10-24,9,6,0,0.107185
8185,2019-10-26,1,4,0,0.107171
8186,2019-10-29,9,9,1,0.107289
8187,2019-10-31,5,1,0,0.107275
8188,2019-11-02,4,6,0,0.107261
8189,2019-11-05,3,3,1,0.107378
8190,2019-11-07,5,8,0,0.107364
8191,2019-11-09,6,6,1,0.107482
8192,2019-11-12,3,4,0,0.107467
8193,2019-11-14,4,9,0,0.107453
8194,2019-11-16,6,4,0,0.107439
8195,2019-11-19,1,4,0,0.107425
8196,2019-11-21,3,4,0,0.107411
8197,2019-11-23,7,9,0,0.107397
8198,2019-11-26,1,7,0,0.107383
8199,2019-11-28,6,7,0,0.107368
8200,2019-11-30,1,1,1,0.107486
8201,2019-12-03,7,4,0,0.107472
8202,2019-12-05,8,6,0,0.107458
8203,2019-12-07,4,7,0,0.107443
8204,2019-12-10,4,2,0,0.107429
8205,2019-12-12,2,6,0,0.107415
8206,2019-12-14,9,5,0,0.107401
8207,2019-12-17,6,6,1,0.107518
8208,2019-12-19,5,4,0,0.107504
8209,2019-12-21,4,5,0,0.10749
8210,2019-12-24,2,3,0,0.107476
8211,2019-12-27,7,5,0,0.107462
8212,2019-12-28,9,1,0,0.107448
8213,2019-12-31,6,2,0,0.107434
8214,2020-01-02,3,4,0,0.10742
8215,2020-01-04,5,9,0,0.107405
8216,2020-01-07,7,6,0,0.107391
8217,2020-01-09,7,6,0,0.107377
8218,2020-01-11,1,6,0,0.107363
8219,2020-01-14,5,7,0,0.107349
8220,2020-01-16,8,2,0,0.107335
8221,2020-01-18,1,2,0,0.107321
8222,2020-01-21,3,4,0,0.107307
8223,2020-01-23,4,9,0,0.107293
8224,2020-01-25,6,4,0,0.107279
8225,2020-01-28,6,4,0,0.107265
8226,2020-01-30,4,1,0,0.107251
8227,2020-02-01,3,6,0,0.107236
8228,2020-02-04,3,8,0,0.107222
8229,2020-02-06,3,6,0,0.107208
8230,2020-02-08,6,3,0,0.107194
8231,2020-02-11,6,3,0,0.10718
8232,2020-02-13,5,1,0,0.107166
8233,2020-02-15,6,5,0,0.107152
8234,2020-02-18,9,4,0,0.107138
8235,2020-02-20,8,3,0,0.107124
8236,2020-02-22,4,5,0,0.10711
8237,2020-02-25,9,2,0,0.107096
8238,2020-02-27,1,6,0,0.107082
8239,2020-02-29,2,9,0,0.107068
8240,2020-03-03,1,8,0,0.107054
8241,2020-03-05,3,3,1,0.107171
8242,2020-03-07,5,9,0,0.107157
8243,2020-03-10,5,6,0,0.107143
8244,2020-03-12,4,4,1,0.10726
8245,2020-03-14,3,3,1,0.107376
8246,2020-03-17,7,8,0,0.107362
8247,2020-03-19,8,7,0,0.107348
8248,2020-03-21,9,7,0,0.107334
8249,2020-05-05,1,9,0,0.10732
8250,2020-05-07,6,9,0,0.107306
8251,2020-05-09,2,1,0,0.107292
8252,2020-05-12,8,9,0,0.107278
8253,2020-05-14,4,3,0,0.107264
8254,2020-05-16,1,2,0,0.10725
8255,2020-05-19,5,5,1,0.107367
8256,2020-05-21,4,2,0,0.107353
8257,2020-05-23,7,3,0,0.107339
8258,2020-05-26,4,7,0,0.107325
8259,2020-05-28,9,1,0,0.107311
8260,2020-05-30,8,6,0,0.107297
8261,2020-06-03,8,5,0,0.107283
8262,2020-06-04,1,9,0,0.107269
8263,2020-06-06,2,4,0,0.107255
8264,2020-06-09,2,8,0,0.107241
8265,2020-06-11,9,8,0,0.107227
8266,2020-06-13,9,6,0,0.107213
8267,2020-06-16,5,9,0,0.107199
8268,2020-06-18,6,6,1,0.107315
8269,2020-06-20,3,4,0,0.107301
8270,2020-06-23,7,9,0,0.107287
8271,2020-06-25,6,7,0,0.107273
8272,2020-06-27,5,1,0,0.107259
8273,2020-06-30,9,5,0,0.107245
8274,2020-07-02,5,4,0,0.107231
8275,2020-07-04,9,6,0,0.107217
8276,2020-07-07,4,4,1,0.107334
8277,2020-07-09,7,8,0,0.10732
8278,2020-07-11,4,7,0,0.107306
8279,2020-07-14,7,1,0,0.107292
8280,2020-07-16,8,7,0,0.107278
8281,2020-07-18,5,7,0,0.107264
8282,2020-07-21,1,2,0,0.10725
8283,2020-07-23,3,4,0,0.107236
8284,2020-07-25,4,9,0,0.107222
8285,2020-07-28,1,4,0,0.107208
8286,2020-07-30,5,5,1,0.107324
8287,2020-08-01,1,2,0,0.10731
8288,2020-08-04,8,4,0,0.107296
8289,2020-08-06,3,8,0,0.107282
8290,2020-08-08,1,1,1,0.107398
8291,2020-08-11,6,4,0,0.107384
8292,2020-08-13,6,1,0,0.10737
8293,2020-08-17,9,1,0,0.107356
8294,2020-08-18,7,3,0,0.107342
8295,2020-08-20,7,2,0,0.107328
8296,2020-08-22,6,6,1,0.107444
8297,2020-08-25,1,1,1,0.10756
8298,2020-08-27,4,4,1,0.107676
8299,2020-08-29,3,7,0,0.107662
8300,2020-09-01,9,7,0,0.107648
8301,2020-09-03,7,8,0,0.107634
8302,2020-09-05,5,2,0,0.10762
8303,2020-09-08,5,4,0,0.107606
8304,2020-09-10,5,4,0,0.107592
8305,2020-09-12,9,4,0,0.107579
8306,2020-09-15,5,4,0,0.107565
8307,2020-09-17,2,6,0,0.107551
8308,2020-09-19,6,1,0,0.107537
8309,2020-09-22,3,2,0,0.107523
8310,2020-09-24,6,9,0,0.107509
8311,2020-09-26,5,3,0,0.107495
8312,2020-09-29,8,5,0,0.107481
8313,2020-10-01,6,2,0,0.107467
8314,2020-10-03,5,5,1,0.107583
8315,2020-10-06,8,5,0,0.107569
8316,2020-10-08,2,2,1,0.107684
8317,2020-10-10,9,5,0,0.10767
8318,2020-10-13,9,6,0,0.107656
8319,2020-10-15,3,9,0,0.107642
8320,2020-10-17,4,5,0,0.107629
8321,2020-10-20,9,4,0,0.107615
8322,2020-10-22,9,6,0,0.107601
8323,2020-10-24,3,9,0,0.107587
8324,2020-10-27,4,5,0,0.107573
8325,2020-10-29,4,4,1,0.107688
8326,2020-10-31,1,6,0,0.107674
8327,2020-11-03,1,5,0,0.10766
8328,2020-11-05,4,1,0,0.107647
8329,2020-11-07,4,7,0,0.107633
8330,2020-11-10,6,6,1,0.107748
8331,2020-11-12,3,4,0,0.107734
8332,2020-11-14,3,6,0,0.10772
8333,2020-11-17,3,6,0,0.107706
8334,2020-11-19,6,3,0,0.107692
8335,2020-11-21,6,3,0,0.107678
8336,2020-11-24,2,1,0,0.107664
8337,2020-11-26,5,9,0,0.107651
8338,2020-11-28,8,1,0,0.107637
8339,2020-12-01,9,2,0,0.107623
8340,2020-12-03,7,9,0,0.107609
8341,2020-12-05,3,2,0,0.107595
8342,2020-12-09,5,6,0,0.107581
8343,2020-12-10,3,6,0,0.107567
8344,2020-12-12,6,7,0,0.107553
8345,2020-12-15,4,3,0,0.107539
8346,2020-12-17,2,6,0,0.107525
8347,2020-12-19,7,5,0,0.107512
8348,2020-12-22,5,1,0,0.107498
8349,2020-12-24,4,4,1,0.107613
8350,2020-12-28,1,3,0,0.107599
8351,2020-12-29,9,5,0,0.107585
8352,2020-12-31,3,1,0,0.107571
8353,2021-01-02,1,5,0,0.107557
8354,2021-01-05,4,4,1,0.107672
8355,2021-01-07,2,7,0,0.107659
8356,2021-01-09,3,7,0,0.107645
8357,2021-01-12,6,2,0,0.107631
8358,2021-01-14,1,3,0,0.107617
8359,2021-01-16,9,4,0,0.107603
8360,2021-01-19,5,1,0,0.107589
8361,2021-01-21,1,6,0,0.107575
8362,2021-01-23,2,4,0,0.107562
8363,2021-01-26,3,8,0,0.107548
8364,2021-01-28,8,6,0,0.107534
8365,2021-01-30,3,2,0,0.10752
8366,2021-02-02,5,1,0,0.107506
8367,2021-02-04,5,6,0,0.107492
8368,2021-02-06,4,4,1,0.107607
8369,2021-02-09,7,3,0,0.107593
8370,2021-02-11,2,7,0,0.107579
8371,2021-02-13,9,3,0,0.107566
8372,2021-02-16,5,6,0,0.107552
8373,2021-02-18,2,6,0,0.107538
8374,2021-02-20,1,1,1,0.107653
8375,2021-02-23,9,3,0,0.107639
8376,2021-02-25,9,1,0,0.107625
8377,2021-02-27,2,9,0,0.107611
8378,2021-03-02,6,8,0,0.107597
8379,2021-03-04,8,2,0,0.107584
8380,2021-03-06,6,9,0,0.10757
8381,2021-03-09,2,5,0,0.107556
8382,2021-03-11,4,9,0,0.107542
8383,2021-03-13,3,8,0,0.107528
8384,2021-03-16,6,7,0,0.107514
8385,2021-03-18,4,3,0,0.107501
8386,2021-03-20,9,6,0,0.107487
8387,2021-03-23,7,6,0,0.107473
8388,2021-03-25,9,2,0,0.107459
8389,2021-03-27,8,2,0,0.107445
8390,2021-03-30,5,5,1,0.10756
8391,2021-04-01,8,2,0,0.107546
8392,2021-04-03,8,2,0,0.107532
8393,2021-04-06,3,9,0,0.107519
8394,2021-04-08,1,1,1,0.107633
8395,2021-04-10,8,4,0,0.107619
8396,2021-04-13,4,8,0,0.107605
8397,2021-04-15,4,2,0,0.107592
8398,2021-04-17,7,6,0,0.107578
8399,2021-04-20,2,7,0,0.107564
8400,2021-04-22,5,3,0,0.10755
8401,2021-04-24,4,1,0,0.107537
8402,2021-04-27,7,3,0,0.107523
8403,2021-04-29,3,7,0,0.107509
8404,2021-05-03,3,5,0,0.107495
8405,2021-05-04,6,6,1,0.10761
8406,2021-05-06,8,3,0,0.107596
8407,2021-05-08,1,9,0,0.107582
8408,2021-05-11,9,4,0,0.107568
8409,2021-05-13,2,1,0,0.107554
8410,2021-05-15,2,8,0,0.107541
8411,2021-05-18,5,8,0,0.107527
8412,2021-05-20,2,1,0,0.107513
8413,2021-05-22,2,1,0,0.107499
8414,2021-05-25,9,8,0,0.107486
8415,2021-05-27,6,6,1,0.1076
8416,2021-05-29,6,3,0,0.107586
8417,2021-06-01,8,1,0,0.107572
8418,2021-06-03,4,9,0,0.107559
8419,2021-06-05,4,2,0,0.107545
8420,2021-06-08,3,6,0,0.107531
8421,2021-06-10,6,7,0,0.107517
8422,2021-06-12,8,3,0,0.107504
8423,2021-06-15,8,9,0,0.10749
8424,2021-06-17,9,3,0,0.107476
8425,2021-06-19,4,9,0,0.107462
8426,2021-06-22,6,8,0,0.107449
8427,2021-06-24,3,4,0,0.107435
8428,2021-06-26,4,6,0,0.107421
8429,2021-06-29,5,4,0,0.107407
8430,2021-07-01,4,3,0,0.107394
8431,2021-07-03,8,3,0,0.10738
8432,2021-07-06,7,6,0,0.107366
8433,2021-07-08,1,4,0,0.107353
8434,2021-07-10,1,7,0,0.107339
8435,2021-07-13,3,1,0,0.107325
8436,2021-07-15,4,9,0,0.107311
8437,2021-07-17,7,4,0,0.107298
8438,2021-07-20,3,7,0,0.107284
8439,2021-07-22,6,5,0,0.10727
8440,2021-07-24,6,3,0,0.107257
8441,2021-07-27,4,1,0,0.107243
8442,2021-07-29,2,6,0,0.107229
8443,2021-07-31,6,7,0,0.107216
8444,2021-08-03,2,2,1,0.10733
8445,2021-08-05,3,9,0,0.107316
8446,2021-08-07,1,6,0,0.107302
8447,2021-08-10,2,4,0,0.107288
8448,2021-08-12,8,8,1,0.107402
8449,2021-08-14,2,3,0,0.107389
8450,2021-08-17,3,5,0,0.107375
8451,2021-08-19,1,6,0,0.107361
8452,2021-08-21,5,4,0,0.107348
8453,2021-08-24,2,1,0,0.107334
8454,2021-08-26,5,1,0,0.10732
8455,2021-08-28,6,1,0,0.107307
8456,2021-08-31,8,4,0,0.107293
8457,2021-09-02,5,9,0,0.107279
8458,2021-09-04,3,2,0,0.107266
8459,2021-09-07,4,7,0,0.107252
8460,2021-09-09,2,4,0,0.107238
8461,2021-09-11,8,7,0,0.107225
8462,2021-09-14,7,3,0,0.107211
8463,2021-09-16,7,4,0,0.107197
8464,2021-09-18,4,6,0,0.107184
8465,2021-09-21,2,1,0,0.10717
8466,2021-09-23,8,7,0,0.107156
8467,2021-09-25,1,3,0,0.107143
8468,2021-09-28,2,4,0,0.107129
8469,2021-09-30,6,8,0,0.107116
8470,2021-10-02,1,2,0,0.107102
8471,2021-10-05,4,4,1,0.107215
8472,2021-10-07,6,7,0,0.107202
8473,2021-10-09,8,4,0,0.107188
8474,2021-10-12,7,9,0,0.107175
8475,2021-10-14,7,4,0,0.107161
8476,2021-10-16,2,6,0,0.107147
8477,2021-10-19,3,3,1,0.107261
8478,2021-10-21,1,6,0,0.107247
8479,2021-10-23,1,4,0,0.107234
8480,2021-10-26,9,1,0,0.10722
8481,2021-10-28,2,1,0,0.107206
8482,2021-10-30,9,8,0,0.107193
8483,2021-11-02,9,6,0,0.107179
8484,2021-11-04,5,9,0,0.107166
8485,2021-11-06,4,6,0,0.107152
8486,2021-11-09,7,3,0,0.107138
8487,2021-11-11,7,7,1,0.107252
8488,2021-11-13,6,6,1,0.107365
8489,2021-11-16,7,1,0,0.107351
8490,2021-11-18,1,3,0,0.107337
8491,2021-11-20,4,7,0,0.107324
8492,2021-11-23,1,7,0,0.10731
8493,2021-11-25,2,5,0,0.107297
8494,2021-11-27,1,8,0,0.107283
8495,2021-11-30,2,3,0,0.10727
8496,2021-12-02,7,8,0,0.107256
8497,2021-12-04,2,1,0,0.107242
8498,2021-12-07,8,3,0,0.107229
8499,2021-12-09,5,3,0,0.107215
8500,2021-12-11,7,2,0,0.107202
8501,2021-12-14,3,6,0,0.107188
8502,2021-12-16,1,6,0,0.107174
8503,2021-12-18,9,4,0,0.107161
8504,2021-12-21,1,1,1,0.107274
8505,2021-12-23,2,9,0,0.10726
8506,2021-12-27,9,8,0,0.107247
8507,2021-12-28,8,6,0,0.107233
8508,2021-12-30,5,5,1,0.107346
8509,2022-01-03,6,2,0,0.107332
8510,2022-01-04,3,4,0,0.107319
8511,2022-01-07,8,6,0,0.107305
8512,2022-01-08,2,2,1,0.107418
8513,2022-01-11,1,5,0,0.107405
8514,2022-01-13,1,3,0,0.107391
8515,2022-01-15,6,1,0,0.107377
8516,2022-01-18,6,1,0,0.107364
8517,2022-01-20,6,1,0,0.10735
8518,2022-01-22,3,1,0,0.107337
8519,2022-01-25,9,6,0,0.107323
8520,2022-01-27,7,8,0,0.10731
8521,2022-01-29,6,2,0,0.107296
8522,2022-02-01,9,1,0,0.107283
8523,2022-02-03,2,3,0,0.107269
8524,2022-02-05,1,8,0,0.107256
8525,2022-02-08,2,3,0,0.107242
8526,2022-02-10,5,8,0,0.107228
8527,2022-02-12,9,1,0,0.107215
8528,2022-02-15,3,4,0,0.107201
8529,2022-02-17,4,5,0,0.107188
8530,2022-02-19,4,4,1,0.1073
8531,2022-02-22,7,6,0,0.107287
8532,2022-02-24,3,7,0,0.107273
8533,2022-02-26,9,6,0,0.10726
8534,2022-03-01,3,8,0,0.107246
8535,2022-03-03,6,5,0,0.107233
8536,2022-03-05,4,6,0,0.107219
8537,2022-03-08,2,6,0,0.107206
8538,2022-03-10,7,7,1,0.107318
8539,2022-03-12,9,1,0,0.107305
8540,2022-03-15,3,2,0,0.107291
8541,2022-03-17,1,5,0,0.107278
8542,2022-03-19,2,4,0,0.107264
8543,2022-03-22,5,8,0,0.107251
8544,2022-03-24,6,1,0,0.107237
8545,2022-03-26,5,4,0,0.107224
8546,2022-03-29,2,5,0,0.10721
8547,2022-03-31,6,1,0,0.107197
8548,2022-04-02,6,2,0,0.107183
8549,2022-04-05,7,3,0,0.10717
8550,2022-04-07,5,3,0,0.107156
8551,2022-04-09,4,4,1,0.107269
8552,2022-04-12,3,3,1,0.107381
8553,2022-04-14,1,6,0,0.107367
8554,2022-04-16,8,4,0,0.107354
8555,2022-04-19,2,8,0,0.10734
8556,2022-04-21,8,5,0,0.107327
8557,2022-04-23,1,3,0,0.107313
8558,2022-04-26,4,4,1,0.107426
8559,2022-04-28,1,7,0,0.107412
8560,2022-04-30,6,5,0,0.107399
8561,2022-05-03,9,1,0,0.107385
8562,2022-05-05,2,3,0,0.107372
8563,2022-05-07,9,1,0,0.107358
8564,2022-05-10,6,6,1,0.10747
8565,2022-05-12,1,3,0,0.107457
8566,2022-05-14,4,4,1,0.107569
8567,2022-05-17,9,7,0,0.107555
8568,2022-05-19,5,7,0,0.107542
8569,2022-05-21,7,6,0,0.107528
8570,2022-05-24,8,6,0,0.107515
8571,2022-05-26,7,7,1,0.107627
8572,2022-05-28,8,4,0,0.107613
8573,2022-05-31,2,7,0,0.1076
8574,2022-06-03,2,5,0,0.107586
8575,2022-06-04,5,9,0,0.107573
8576,2022-06-07,1,1,1,0.107685
8577,2022-06-09,9,2,0,0.107671
8578,2022-06-11,5,1,0,0.107658
8579,2022-06-14,8,6,0,0.107644
8580,2022-06-16,4,2,0,0.107631
8581,2022-06-18,1,2,0,0.107617
8582,2022-06-21,5,5,1,0.107729
8583,2022-06-23,8,2,0,0.107715
8584,2022-06-25,7,2,0,0.107702
8585,2022-06-28,3,4,0,0.107688
8586,2022-06-30,4,6,0,0.107675
8587,2022-07-02,5,4,0,0.107661
8588,2022-07-05,8,3,0,0.107648
8589,2022-07-07,5,2,0,0.107635
8590,2022-07-09,6,2,0,0.107621
8591,2022-07-12,6,4,0,0.107608
8592,2022-07-14,3,3,1,0.107719
8593,2022-07-16,2,9,0,0.107706
8594,2022-07-19,7,1,0,0.107692
8595,2022-07-21,5,1,0,0.107679
8596,2022-07-23,7,4,0,0.107665
8597,2022-07-26,5,6,0,0.107652
8598,2022-07-28,8,4,0,0.107638
8599,2022-07-30,5,2,0,0.107625
8600,2022-08-02,6,2,0,0.107612
8601,2022-08-04,2,4,0,0.107598
8602,2022-08-06,2,9,0,0.107585
8603,2022-08-09,3,9,0,0.107571
8604,2022-08-11,1,6,0,0.107558
8605,2022-08-13,2,4,0,0.107544
8606,2022-08-16,7,8,0,0.107531
8607,2022-08-18,5,1,0,0.107517
8608,2022-08-20,2,4,0,0.107504
8609,2022-08-23,7,1,0,0.107491
8610,2022-08-25,2,1,0,0.107477
8611,2022-08-27,7,3,0,0.107464
8612,2022-08-30,7,1,0,0.10745
8613,2022-09-01,3,6,0,0.107437
8614,2022-09-03,8,6,0,0.107424
8615,2022-09-06,1,2,0,0.10741
8616,2022-09-08,9,4,0,0.107397
8617,2022-09-10,8,1,0,0.107383
8618,2022-09-13,5,5,1,0.107495
8619,2022-09-15,5,2,0,0.107481
8620,2022-09-17,9,4,0,0.107468
8621,2022-09-20,7,4,0,0.107455
8622,2022-09-22,3,2,0,0.107441
8623,2022-09-24,4,6,0,0.107428
8624,2022-09-27,8,4,0,0.107414
8625,2022-09-29,6,6,1,0.107526
8626,2022-10-01,1,5,0,0.107512
8627,2022-10-04,9,4,0,0.107499
8628,2022-10-06,1,1,1,0.10761
8629,2022-10-08,9,9,1,0.107721
8630,2022-10-11,3,1,0,0.107708
8631,2022-10-13,8,5,0,0.107694
8632,2022-10-15,5,2,0,0.107681
8633,2022-10-18,2,2,1,0.107792
8634,2022-10-20,2,1,0,0.107778
8635,2022-10-22,8,9,0,0.107765
8636,2022-10-25,2,1,0,0.107752
8637,2022-10-27,8,5,0,0.107738
8638,2022-10-29,9,1,0,0.107725
8639,2022-11-02,7,9,0,0.107711
8640,2022-11-03,1,2,0,0.107698
8641,2022-11-05,8,7,0,0.107685
8642,2022-11-08,7,8,0,0.107671
8643,2022-11-10,1,4,0,0.107658
8644,2022-11-12,1,7,0,0.107644
8645,2022-11-15,2,1,0,0.107631
8646,2022-11-17,8,8,1,0.107742
8647,2022-11-19,4,1,0,0.107729
8648,2022-11-22,8,2,0,0.107715
8649,2022-11-24,1,6,0,0.107702
8650,2022-11-26,1,4,0,0.107688
8651,2022-11-29,1,1,1,0.107799
8652,2022-12-01,4,1,0,0.107786
8653,2022-12-03,4,7,0,0.107773
8654,2022-12-06,8,6,0,0.107759
8655,2022-12-09,5,6,0,0.107746
8656,2022-12-10,3,2,0,0.107732
8657,2022-12-13,3,7,0,0.107719
8658,2022-12-15,4,6,0,0.107706
8659,2022-12-17,1,4,0,0.107692
8660,2022-12-20,7,5,0,0.107679
8661,2022-12-22,8,6,0,0.107666
8662,2022-12-24,7,7,1,0.107776
8663,2022-12-27,9,4,0,0.107763
8664,2022-12-29,1,2,0,0.10775
8665,2022-12-31,9,9,1,0.10786
8666,2023-01-03,2,1,0,0.107847
8667,2023-01-05,6,1,0,0.107833
8668,2023-01-07,7,2,0,0.10782
8669,2023-01-10,2,3,0,0.107807
8670,2023-01-12,1,3,0,0.107793
8671,2023-01-14,7,3,0,0.10778
8672,2023-01-17,6,8,0,0.107767
8673,2023-01-19,2,1,0,0.107753
8674,2023-01-21,8,9,0,0.10774
8675,2023-01-24,8,1,0,0.107727
8676,2023-01-26,3,9,0,0.107713
8677,2023-01-28,2,1,0,0.1077
8678,2023-01-31,5,1,0,0.107687
8679,2023-02-02,4,1,0,0.107673
8680,2023-02-04,3,3,1,0.107784
8681,2023-02-07,7,6,0,0.10777
8682,2023-02-09,4,7,0,0.107757
8683,2023-02-11,7,1,0,0.107744
8684,2023-02-14,3,7,0,0.10773
8685,2023-02-16,3,6,0,0.107717
8686,2023-02-18,5,6,0,0.107704
8687,2023-02-21,4,6,0,0.10769
8688,2023-02-23,5,3,0,0.107677
8689,2023-02-25,1,3,0,0.107664
8690,2023-02-28,5,2,0,0.10765
8691,2023-03-02,8,2,0,0.107637
8692,2023-03-04,8,2,0,0.107624
8693,2023-03-07,1,3,0,0.107611
8694,2023-03-09,5,4,0,0.107597
8695,2023-03-11,4,8,0,0.107584
8696,2023-03-14,7,3,0,0.107571
8697,2023-03-16,9,7,0,0.107557
8698,2023-03-18,5,2,0,0.107544
8699,2023-03-21,9,6,0,0.107531
8700,2023-03-23,4,4,1,0.107641
8701,2023-03-25,1,8,0,0.107628
8702,2023-03-28,8,5,0,0.107614
8703,2023-03-30,1,8,0,0.107601
8704,2023-04-01,7,4,0,0.107588
8705,2023-04-04,1,6,0,0.107575
8706,2023-04-06,9,7,0,0.107561
8707,2023-04-08,3,1,0,0.107548
8708,2023-04-11,3,5,0,0.107535
8709,2023-04-13,5,6,0,0.107522
8710,2023-04-15,9,6,0,0.107508
8711,2023-04-18,7,4,0,0.107495
8712,2023-04-20,4,2,0,0.107482
8713,2023-04-22,7,1,0,0.107469
8714,2023-04-26,5,7,0,0.107455
8715,2023-04-27,5,4,0,0.107442
8716,2023-04-29,4,4,1,0.107552
8717,2023-05-02,4,3,0,0.107539
8718,2023-05-04,4,6,0,0.107526
8719,2023-05-06,4,6,0,0.107512
8720,2023-05-09,2,6,0,0.107499
8721,2023-05-11,9,7,0,0.107486
8722,2023-05-13,4,6,0,0.107473
8723,2023-05-16,5,8,0,0.107459
8724,2023-05-18,8,3,0,0.107446
8725,2023-05-20,8,2,0,0.107433
8726,2023-05-23,8,3,0,0.10742
8727,2023-05-25,6,3,0,0.107406
8728,2023-05-27,9,5,0,0.107393
8729,2023-05-30,3,3,1,0.107503
8730,2023-06-01,5,5,1,0.107613
8731,2023-06-03,4,6,0,0.1076
8732,2023-06-06,1,3,0,0.107586
8733,2023-06-08,2,5,0,0.107573
8734,2023-06-10,7,8,0,0.10756
8735,2023-06-13,6,1,0,0.107547
8736,2023-06-15,8,1,0,0.107533
8737,2023-06-17,6,9,0,0.10752
8738,2023-06-20,5,5,1,0.10763
8739,2023-06-22,5,5,1,0.10774
8740,2023-06-24,3,4,0,0.107726
8741,2023-06-27,3,7,0,0.107713
8742,2023-06-29,7,6,0,0.1077
8743,2023-07-01,5,7,0,0.107687
8744,2023-07-04,2,4,0,0.107673
8745,2023-07-06,7,1,0,0.10766
8746,2023-07-07,2,1,0,0.107647
8747,2023-07-08,1,3,0,0.107634
8748,2023-07-11,5,3,0,0.107621
8749,2023-07-13,1,8,0,0.107607
8750,2023-07-14,3,2,0,0.107594
8751,2023-07-15,2,9,0,0.107581
8752,2023-07-18,6,1,0,0.107568
8753,2023-07-20,8,2,0,0.107555
8754,2023-07-21,4,9,0,0.107541
8755,2023-07-22,3,2,0,0.107528
8756,2023-07-25,6,7,0,0.107515
8757,2023-07-27,3,6,0,0.107502
8758,2023-07-28,8,9,0,0.107489
8759,2023-07-29,2,2,1,0.107598
8760,2023-08-01,5,5,1,0.107707
8761,2023-08-03,7,1,0,0.107694
8762,2023-08-04,6,6,1,0.107804
8763,2023-08-05,1,1,1,0.107913
8764,2023-08-08,1,4,0,0.1079
8765,2023-08-10,5,1,0,0.107886
8766,2023-08-11,1,8,0,0.107873
8767,2023-08-12,5,2,0,0.10786
8768,2023-08-16,8,1,0,0.107847
8769,2023-08-17,9,2,0,0.107834
8770,2023-08-18,3,9,0,0.10782
8771,2023-08-19,9,5,0,0.107807
8772,2023-08-22,9,8,0,0.107794
8773,2023-08-24,4,9,0,0.107781
8774,2023-08-25,5,8,0,0.107768
8775,2023-08-26,5,3,0,0.107754
8776,2023-08-29,2,4,0,0.107741
8777,2023-08-31,5,1,0,0.107728
8778,2023-09-01,5,1,0,0.107715
8779,2023-09-02,9,4,0,0.107702
8780,2023-09-05,1,4,0,0.107689
8781,2023-09-07,2,9,0,0.107675
8782,2023-09-08,8,8,1,0.107784
8783,2023-09-09,4,1,0,0.107771
8784,2023-09-12,5,2,0,0.107758
8785,2023-09-14,8,3,0,0.107745
8786,2023-09-15,9,2,0,0.107732
8787,2023-09-16,3,9,0,0.107719
8788,2023-09-19,9,5,0,0.107705
8789,2023-09-21,3,8,0,0.107692
8790,2023-09-22,8,5,0,0.107679
8791,2023-09-23,7,2,0,0.107666
8792,2023-09-26,2,4,0,0.107653
8793,2023-09-28,7,3,0,0.10764
8794,2023-09-29,2,1,0,0.107627
8795,2023-09-30,1,3,0,0.107613
8796,2023-10-03,2,3,0,0.1076
8797,2023-10-05,3,8,0,0.107587
8798,2023-10-06,1,6,0,0.107574
8799,2023-10-07,9,4,0,0.107561
8800,2023-10-10,3,1,0,0.107548
8801,2023-10-12,1,5,0,0.107535
8802,2023-10-13,2,4,0,0.107522
8803,2023-10-14,4,8,0,0.107509
8804,2023-10-17,8,3,0,0.107495
8805,2023-10-19,3,6,0,0.107482
8806,2023-10-20,2,1,0,0.107469
8807,2023-10-21,9,1,0,0.107456
8808,2023-10-24,6,6,1,0.107565
8809,2023-10-26,9,3,0,0.107552
8810,2023-10-27,7,3,0,0.107539
8811,2023-10-28,8,2,0,0.107526
8812,2023-10-31,1,7,0,0.107512
8813,2023-11-02,4,4,1,0.107621
8814,2023-11-03,2,7,0,0.107608
8815,2023-11-04,2,7,0,0.107595
8816,2023-11-07,6,8,0,0.107582
8817,2023-11-09,8,2,0,0.107569
8818,2023-11-10,6,9,0,0.107556
8819,2023-11-11,4,5,0,0.107543
8820,2023-11-14,7,6,0,0.107529
8821,2023-11-16,1,7,0,0.107516
8822,2023-11-17,5,7,0,0.107503
8823,2023-11-18,3,8,0,0.10749
8824,2023-11-21,3,7,0,0.107477
8825,2023-11-23,2,6,0,0.107464
8826,2023-11-24,4,1,0,0.107451
8827,2023-11-25,1,8,0,0.107438
8828,2023-11-28,1,5,0,0.107425
8829,2023-11-30,2,1,0,0.107412
8830,2023-12-01,2,8,0,0.107399
8831,2023-12-02,5,8,0,0.107386
8832,2023-12-05,4,1,0,0.107373
8833,2023-12-07,6,3,0,0.10736
8834,2023-12-09,6,4,0,0.107347
8835,2023-12-11,2,3,0,0.107334
8836,2023-12-12,7,9,0,0.107321
8837,2023-12-14,5,2,0,0.107308
8838,2023-12-15,3,4,0,0.107295
8839,2023-12-16,1,7,0,0.107282
8840,2023-12-19,6,4,0,0.107269
8841,2023-12-21,4,1,0,0.107256
8842,2023-12-22,9,6,0,0.107243
8843,2023-12-23,7,7,1,0.107351
8844,2023-12-27,9,2,0,0.107338
8845,2023-12-28,6,2,0,0.107325
8846,2023-12-29,6,3,0,0.107312
8847,2023-12-30,4,3,0,0.107299
8848,2024-01-02,9,6,0,0.107286
8849,2024-01-04,6,7,0,0.107273
8850,2024-01-05,2,3,0,0.10726
8851,2024-01-08,7,9,0,0.107247
8852,2024-01-09,3,2,0,0.107234
8853,2024-01-11,6,6,1,0.107342
8854,2024-01-12,3,3,1,0.10745
8855,2024-01-13,4,9,0,0.107437
8856,2024-01-16,9,4,0,0.107424
8857,2024-01-18,6,7,0,0.107411
8858,2024-01-19,3,3,1,0.107519
8859,2024-01-20,7,9,0,0.107506
8860,2024-01-23,2,7,0,0.107493
8861,2024-01-25,9,3,0,0.10748
8862,2024-01-26,6,6,1,0.107588
8863,2024-01-27,3,3,1,0.107696
8864,2024-01-30,2,9,0,0.107683
8865,2024-02-01,8,1,0,0.10767
8866,2024-02-02,9,1,0,0.107657
8867,2024-02-03,8,9,0,0.107644
8868,2024-02-06,5,5,1,0.107752
8869,2024-02-08,5,2,0,0.107739
8870,2024-02-09,3,4,0,0.107726
8871,2024-02-10,1,7,0,0.107713
8872,2024-02-13,7,4,0,0.1077
8873,2024-02-15,2,6,0,0.107687
8874,2024-02-16,1,3,0,0.107674
8875,2024-02-17,6,3,0,0.107661
8876,2024-02-20,8,1,0,0.107648
8877,2024-02-22,7,9,0,0.107635
8878,2024-02-23,3,4,0,0.107622
8879,2024-02-24,6,6,1,0.107729
8880,2024-02-27,1,3,0,0.107716
8881,2024-02-29,4,4,1,0.107824
8882,2024-03-01,7,7,1,0.107932
8883,2024-03-02,1,7,0,0.107919
8884,2024-03-05,4,7,0,0.107906
8885,2024-03-07,7,7,1,0.108014
8886,2024-03-08,4,7,0,0.108
8887,2024-03-09,1,1,1,0.108108
8888,2024-03-12,9,5,0,0.108095
8889,2024-03-14,8,1,0,0.108082
8890,2024-03-15,3,5,0,0.108069
8891,2024-03-16,8,1,0,0.108056
8892,2024-03-19,9,2,0,0.108043
8893,2024-03-21,7,9,0,0.10803
8894,2024-03-22,9,2,0,0.108017
8895,2024-03-23,5,2,0,0.108004
8896,2024-03-26,7,9,0,0.107991
8897,2024-03-28,5,6,0,0.107978
8898,2024-03-29,2,4,0,0.107965
8899,2024-03-30,4,1,0,0.107952
8900,2024-04-02,9,8,0,0.107939
8901,2024-04-04,2,6,0,0.107926
8902,2024-04-05,1,1,1,0.108033
8903,2024-04-06,3,3,1,0.108141
8904,2024-04-09,5,9,0,0.108128
8905,2024-04-11,6,6,1,0.108235
8906,2024-04-12,8,4,0,0.108222
8907,2024-04-13,8,9,0,0.108209
8908,2024-04-16,9,3,0,0.108196
8909,2024-04-18,1,9,0,0.108183
8910,2024-04-19,8,9,0,0.10817
8911,2024-04-20,5,1,0,0.108157
8912,2024-04-23,5,2,0,0.108144
8913,2024-04-26,3,4,0,0.108131
8914,2024-04-27,9,7,0,0.108118
8915,2024-04-29,5,8,0,0.108105
8916,2024-04-30,3,9,0,0.108092
8917,2024-05-02,9,7,0,0.108079
8918,2024-05-03,6,5,0,0.108066
8919,2024-05-04,8,3,0,0.108053
8920,2024-05-07,5,8,0,0.10804
8921,2024-05-09,6,2,0,0.108027
8922,2024-05-10,2,8,0,0.108014
8923,2024-05-11,9,7,0,0.108001
8924,2024-05-14,1,6,0,0.107988
8925,2024-05-16,4,9,0,0.107975
8926,2024-05-17,9,7,0,0.107962
8927,2024-05-18,3,6,0,0.107949
8928,2024-05-21,1,5,0,0.107936
8929,2024-05-23,1,4,0,0.107923
8930,2024-05-24,3,1,0,0.10791
8931,2024-05-25,9,9,1,0.108017
8932,2024-05-28,8,5,0,0.108004
8933,2024-05-30,1,5,0,0.107991
8934,2024-05-31,4,4,1,0.108098
8935,2024-06-01,1,7,0,0.108085
8936,2024-06-04,3,5,0,0.108072
8937,2024-06-06,7,9,0,0.108059
8938,2024-06-07,9,7,0,0.108047
8939,2024-06-08,9,2,0,0.108034
8940,2024-06-11,7,9,0,0.108021
8941,2024-06-13,9,2,0,0.108008
8942,2024-06-14,2,2,1,0.108115
8943,2024-06-15,4,1,0,0.108102
8944,2024-06-18,6,8,0,0.108089
8945,2024-06-20,1,4,0,0.108076
8946,2024-06-21,3,4,0,0.108063
8947,2024-06-22,5,9,0,0.10805
8948,2024-06-25,2,6,0,0.108037
8949,2024-06-27,1,1,1,0.108144
8950,2024-06-28,4,3,0,0.108131
8951,2024-06-29,7,7,1,0.108238
8952,2024-07-02,9,7,0,0.108225
8953,2024-07-04,8,2,0,0.108212
8954,2024-07-05,4,5,0,0.108199
8955,2024-07-06,8,2,0,0.108186
8956,2024-07-09,5,6,0,0.108173
8957,2024-07-11,8,2,0,0.10816
8958,2024-07-12,9,2,0,0.108147
8959,2024-07-13,1,9,0,0.108134
8960,2024-07-16,7,9,0,0.108121
8961,2024-07-18,2,6,0,0.108108
8962,2024-07-19,5,1,0,0.108095
8963,2024-07-20,6,1,0,0.108082
8964,2024-07-23,4,8,0,0.108069
8965,2024-07-25,7,6,0,0.108056
8966,2024-07-26,5,7,0,0.108044
8967,2024-07-27,5,4,0,0.108031
8968,2024-07-30,7,4,0,0.108018
8969,2024-08-01,9,6,0,0.108005
8970,2024-08-02,8,2,0,0.107992
8971,2024-08-03,7,5,0,0.107979
8972,2024-08-06,6,4,0,0.107966
8973,2024-08-08,6,1,0,0.107953
8974,2024-08-09,2,3,0,0.10794
8975,2024-08-10,7,9,0,0.107927
8976,2024-08-13,1,2,0,0.107915
8977,2024-08-16,9,7,0,0.107902
8978,2024-08-17,9,1,0,0.107889
8979,2024-08-19,2,9,0,0.107876
8980,2024-08-20,9,1,0,0.107863
8981,2024-08-22,4,6,0,0.10785
8982,2024-08-23,6,8,0,0.107837
8983,2024-08-24,3,4,0,0.107824
8984,2024-08-27,5,9,0,0.107812
8985,2024-08-29,8,6,0,0.107799
8986,2024-08-30,4,2,0,0.107786
8987,2024-08-31,3,2,0,0.107773
8988,2024-09-03,3,6,0,0.10776
8989,2024-09-05,2,6,0,0.107747
8990,2024-09-06,4,1,0,0.107734
8991,2024-09-07,3,8,0,0.107722
8992,2024-09-10,3,6,0,0.107709
8993,2024-09-12,9,6,0,0.107696
8994,2024-09-13,2,8,0,0.107683
8995,2024-09-14,9,1,0,0.10767
8996,2024-09-17,1,6,0,0.107657
8997,2024-09-19,3,9,0,0.107645
8998,2024-09-20,1,9,0,0.107632
8999,2024-09-21,8,4,0,0.107619
9000,2024-09-24,6,1,0,0.107606
9001,2024-09-26,9,5,0,0.107593
9002,2024-09-27,2,3,0,0.107581
9003,2024-09-28,4,1,0,0.107568
9004,2024-10-01,9,3,0,0.107555
9005,2024-10-03,8,6,0,0.107542
9006,2024-10-04,7,5,0,0.107529
9007,2024-10-05,2,6,0,0.107517
9008,2024-10-08,1,1,1,0.107623
9009,2024-10-10,5,3,0,0.10761
9010,2024-10-11,5,8,0,0.107597
9011,2024-10-12,8,4,0,0.107584
9012,2024-10-15,2,2,1,0.10769
9013,2024-10-17,4,5,0,0.107678
9014,2024-10-18,5,3,0,0.107665
9015,2024-10-19,6,3,0,0.107652
9016,2024-10-22,9,4,0,0.107639
9017,2024-10-24,9,3,0,0.107627
9018,2024-10-25,2,9,0,0.107614
9019,2024-10-26,5,1,0,0.107601
9020,2024-10-29,6,1,0,0.107588
9021,2024-10-31,5,4,0,0.107575
9022,2024-11-02,4,5,0,0.107563
9023,2024-11-04,2,3,0,0.10755
9024,2024-11-05,4,7,0,0.107537
9025,2024-11-07,9,3,0,0.107524
9026,2024-11-08,4,6,0,0.107512
9027,2024-11-09,7,8,0,0.107499
9028,2024-11-12,9,7,0,0.107486
9029,2024-11-14,1,2,0,0.107473
9030,2024-11-15,6,9,0,0.107461
9031,2024-11-16,3,1,0,0.107448
9032,2024-11-19,6,9,0,0.107435
9033,2024-11-21,7,3,0,0.107422
9034,2024-11-22,7,3,0,0.10741
9035,2024-11-23,4,6,0,0.107397
9036,2024-11-26,5,1,0,0.107384
9037,2024-11-28,3,3,1,0.10749
9038,2024-11-29,1,7,0,0.107477
9039,2024-11-30,1,4,0,0.107464
9040,2024-12-03,1,1,1,0.10757
9041,2024-12-05,3,1,0,0.107557
9042,2024-12-06,8,9,0,0.107545
9043,2024-12-07,8,2,0,0.107532
9044,2024-12-10,1,9,0,0.107519
9045,2024-12-12,2,4,0,0.107507
9046,2024-12-13,4,8,0,0.107494
9047,2024-12-14,1,3,0,0.107481
9048,2024-12-17,4,5,0,0.107468
9049,2024-12-19,5,7,0,0.107456
9050,2024-12-20,7,3,0,0.107443
9051,2024-12-21,6,6,1,0.107549
9052,2024-12-24,3,1,0,0.107536
9053,2024-12-27,8,6,0,0.107523
9054,2024-12-28,4,2,0,0.10751
9055,2024-12-30,9,2,0,0.107498
9056,2024-12-31,4,6,0,0.107485
9057,2025-01-02,1,8,0,0.107472
9058,2025-01-03,2,5,0,0.10746
9059,2025-01-04,5,8,0,0.107447
9060,2025-01-07,6,1,0,0.107434
9061,2025-01-09,3,4,0,0.107421
9062,2025-01-10,8,6,0,0.107409
9063,2025-01-11,7,2,0,0.107396
9064,2025-01-14,1,6,0,0.107383
9065,2025-01-16,2,7,0,0.107371
9066,2025-01-17,3,8,0,0.107358
9067,2025-01-18,7,6,0,0.107345
9068,2025-01-21,5,7,0,0.107333
9069,2025-01-23,5,4,0,0.10732
9070,2025-01-24,4,4,1,0.107425
9071,2025-01-25,9,3,0,0.107413
9072,2025-01-28,7,6,0,0.1074
9073,2025-01-30,6,2,0,0.107387
9074,2025-01-31,7,1,0,0.107375
9075,2025-02-01,6,3,0,0.107362
9076,2025-02-04,5,1,0,0.107349
9077,2025-02-06,3,5,0,0.107337
9078,2025-02-07,4,7,0,0.107324
9079,2025-02-08,2,4,0,0.107311
9080,2025-02-11,6,7,0,0.107299
9081,2025-02-13,5,2,0,0.107286
9082,2025-02-14,8,5,0,0.107273
9083,2025-02-15,4,2,0,0.107261
9084,2025-02-18,1,2,0,0.107248
9085,2025-02-20,3,5,0,0.107235
9086,2025-02-21,4,9,0,0.107223
9087,2025-02-22,2,4,0,0.10721
9088,2025-02-25,4,7,0,0.107198
9089,2025-02-27,1,3,0,0.107185
9090,2025-02-28,4,5,0,0.107172
9091,2025-03-01,2,7,0,0.10716
9092,2025-03-04,2,7,0,0.107147
9093,2025-03-06,5,8,0,0.107134
9094,2025-03-07,3,1,0,0.107122
9095,2025-03-08,2,7,0,0.107109
9096,2025-03-11,7,1,0,0.107097
9097,2025-03-13,9,1,0,0.107084
9098,2025-03-14,9,2,0,0.107071
9099,2025-03-15,5,9,0,0.107059
9100,2025-03-18,2,9,0,0.107046
9101,2025-03-20,1,1,1,0.107151
9102,2025-03-21,8,3,0,0.107139
9103,2025-03-22,9,1,0,0.107126
9104,2025-03-25,2,1,0,0.107113
9105,2025-03-27,6,1,0,0.107101
9106,2025-03-28,4,2,0,0.107088
9107,2025-03-29,6,6,1,0.107193
9108,2025-04-01,1,4,0,0.107181
9109,2025-04-03,6,4,0,0.107168
9110,2025-04-04,5,1,0,0.107155
9111,2025-04-05,2,5,0,0.107143
9112,2025-04-08,8,1,0,0.10713
9113,2025-04-10,4,1,0,0.107118
9114,2025-04-11,7,2,0,0.107105
9115,2025-04-12,3,7,0,0.107093
9116,2025-04-15,4,6,0,0.10708
9117,2025-04-17,4,4,1,0.107185
9118,2025-04-18,4,6,0,0.107172
9119,2025-04-19,9,4,0,0.10716
9120,2025-04-22,7,7,1,0.107264
9121,2025-04-24,4,2,0,0.107252
9122,2025-04-26,3,1,0,0.107239
9123,2025-04-28,5,6,0,0.107227
9124,2025-04-29,4,6,0,0.107214
9125,2025-05-02,1,3,0,0.107202
9126,2025-05-03,4,5,0,0.107189
9127,2025-05-05,6,7,0,0.107176
9128,2025-05-06,8,4,0,0.107164
9129,2025-05-08,3,8,0,0.107151
9130,2025-05-09,8,1,0,0.107139
9131,2025-05-10,1,2,0,0.107126
9132,2025-05-13,5,4,0,0.107114
9133,2025-05-15,3,8,0,0.107101
9134,2025-05-16,5,7,0,0.107088
9135,2025-05-17,1,6,0,0.107076
9136,2025-05-20,9,2,0,0.107063
9137,2025-05-22,8,1,0,0.107051
9138,2025-05-23,6,5,0,0.107038
9139,2025-05-24,3,5,0,0.107026
9140,2025-05-27,5,6,0,0.107013
9141,2025-05-29,7,6,0,0.107001
9142,2025-05-30,8,6,0,0.106988
9143,2025-05-31,9,7,0,0.106976
9144,2025-06-03,6,1,0,0.106963
9145,2025-06-05,7,3,0,0.106951
9146,2025-06-06,9,3,0,0.106938
9147,2025-06-07,9,2,0,0.106926
9148,2025-06-10,3,9,0,0.106913
9149,2025-06-12,5,5,1,0.107018
9150,2025-06-13,9,6,0,0.107005
9151,2025-06-14,3,4,0,0.106993
9152,2025-06-17,7,5,0,0.10698
9153,2025-06-19,6,7,0,0.106968
9154,2025-06-20,9,1,0,0.106955
9155,2025-06-21,1,3,0,0.106942
9156,2025-06-24,4,9,0,0.10693
9157,2025-06-26,5,7,0,0.106918
9158,2025-06-27,7,3,0,0.106905
9159,2025-06-28,8,6,0,0.106893
9160,2025-07-01,5,7,0,0.10688
9161,2025-07-03,1,2,0,0.106868
9162,2025-07-04,8,2,0,0.106855
9163,2025-07-05,3,1,0,0.106843
9164,2025-07-08,1,1,1,0.106947
9165,2025-07-10,3,4,0,0.106934
9166,2025-07-11,5,9,0,0.106922
9167,2025-07-12,1,6,0,0.106909
9168,2025-07-15,4,2,0,0.106897
9169,2025-07-17,7,7,1,0.107001
9170,2025-07-18,8,7,0,0.106989
9171,2025-07-19,7,7,1,0.107093
9172,2025-07-22,9,6,0,0.10708
9173,2025-07-24,5,2,0,0.107068
9174,2025-07-25,1,9,0,0.107055
9175,2025-07-26,3,4,0,0.107043
9176,2025-07-29,7,5,0,0.10703
9177,2025-07-31,1,7,0,0.107018
9178,2025-08-01,6,7,0,0.107005
9179,2025-08-02,7,1,0,0.106993
9180,2025-08-05,8,3,0,0.106981
9181,2025-08-07,6,7,0,0.106968
9182,2025-08-08,6,5,0,0.106956
9183,2025-08-09,2,2,1,0.10706
9184,2025-08-12,8,7,0,0.107047
9185,2025-08-14,2,1,0,0.107035
9186,2025-08-16,7,5,0,0.107022
9187,2025-08-18,1,1,1,0.107126
9188,2025-08-19,4,7,0,0.107114
9189,2025-08-21,5,7,0,0.107101
9190,2025-08-22,6,3,0,0.107089
9191,2025-08-23,4,4,1,0.107193
9192,2025-08-26,5,6,0,0.10718
9193,2025-08-28,3,3,1,0.107284
9194,2025-08-29,3,7,0,0.107272
9195,2025-08-30,7,6,0,0.107259
9196,2025-09-02,4,7,0,0.107247
9197,2025-09-04,3,1,0,0.107234
9198,2025-09-05,7,6,0,0.107222
9199,2025-09-06,8,7,0,0.107209
9200,2025-09-09,3,7,0,0.107197
9201,2025-09-11,8,1,0,0.107184
9202,2025-09-12,1,2,0,0.107172
9203,2025-09-13,3,4,0,0.107159
9204,2025-09-16,3,5,0,0.107147
9205,2025-09-18,7,6,0,0.107135
9206,2025-09-19,1,7,0,0.107122
9207,2025-09-20,1,7,0,0.10711
9208,2025-09-23,2,1,0,0.107097
9209,2025-09-25,5,8,0,0.107085
9210,2025-09-26,3,1,0,0.107072
9211,2025-09-27,2,7,0,0.10706
9212,2025-09-30,8,1,0,0.107047
9213,2025-10-02,2,1,0,0.107035
9214,2025-10-03,4,5,0,0.107023
9215,2025-10-04,7,3,0,0.10701
9216,2025-10-07,8,7,0,0.106998
9217,2025-10-09,8,7,0,0.106985
9218,2025-10-10,4,9,0,0.106973
9219,2025-10-11,2,2,1,0.107077
9220,2025-10-14,3,7,0,0.107064
9221,2025-10-16,8,6,0,0.107052
9222,2025-10-17,3,2,0,0.107039
9223,2025-10-18,6,1,0,0.107027
9224,2025-10-21,2,3,0,0.107014
9225,2025-10-23,7,7,1,0.107118
9226,2025-10-24,2,1,0,0.107106
9227,2025-10-25,2,1,0,0.107093
9228,2025-10-28,7,8,0,0.107081
9229,2025-10-30,9,1,0,0.107068
9230,2025-10-31,5,2,0,0.107056
9231,2025-11-03,4,9,0,0.107044
9232,2025-11-04,3,3,1,0.107147
9233,2025-11-06,3,7,0,0.107135
9234,2025-11-07,9,6,0,0.107122
9235,2025-11-08,3,8,0,0.10711
9236,2025-11-11,4,5,0,0.107097
9237,2025-11-13,2,4,0,0.107085
9238,2025-11-14,7,7,1,0.107188
9239,2025-11-15,2,1,0,0.107176
9240,2025-11-18,6,1,0,0.107164
9241,2025-11-20,3,2,0,0.107151
9242,2025-11-21,1,6,0,0.107139
9243,2025-11-22,9,4,0,0.107126
9244,2025-11-25,7,1,0,0.107114
9245,2025-11-27,5,2,0,0.107102
9246,2025-11-28,5,4,0,0.107089
9247,2025-11-29,3,4,0,0.107077
9248,2025-12-02,7,7,1,0.10718
9249,2025-12-04,3,7,0,0.107168
9250,2025-12-05,6,6,1,0.107271
9251,2025-12-06,9,3,0,0.107258
9252,2025-12-09,7,3,0,0.107246
9253,2025-12-11,5,2,0,0.107234
9254,2025-12-12,6,4,0,0.107221
9255,2025-12-13,8,4,0,0.107209
9256,2025-12-16,3,8,0,0.107196
9257,2025-12-18,7,1,0,0.107184
9258,2025-12-19,7,7,1,0.107287
9259,2025-12-20,9,6,0,0.107275
9260,2025-12-23,1,2,0,0.107262
9261,2025-12-24,5,9,0,0.10725
9262,2025-12-27,8,8,1,0.107353
9263,2025-12-29,3,2,0,0.107341
9264,2025-12-30,2,1,0,0.107328
9265,2026-01-02,9,1,0,0.107316
9266,2026-01-03,4,6,0,0.107304
9267,2026-01-05,4,8,0,0.107291
9268,2026-01-07,9,4,0,0.107279
9269,2026-01-08,2,7,0,0.107266
9270,2026-01-09,8,1,0,0.107254
9271,2026-01-10,3,1,0,0.107242
9272,2026-01-13,2,1,0,0.107229
9273,2026-01-15,1,1,1,0.107332
9274,2026-01-16,4,3,0,0.10732
9275,2026-01-17,2,7,0,0.107308
9276,2026-01-20,8,7,0,0.107295
9277,2026-01-22,5,3,0,0.107283
9278,2026-01-23,1,2,0,0.10727
9279,2026-01-24,1,4,0,0.107258
9280,2026-01-27,6,1,0,0.107246
9281,2026-01-29,5,1,0,0.107233
9282,2026-01-30,2,5,0,0.107221
9283,2026-01-31,8,1,0,0.107209
9284,2026-02-03,3,3,1,0.107311
9285,2026-02-05,5,1,0,0.107299
9286,2026-02-06,6,6,1,0.107402
9287,2026-02-07,4,4,1,0.107505
9288,2026-02-10,3,6,0,0.107492
9289,2026-02-12,8,7,0,0.10748
9290,2026-02-13,4,2,0,0.107467
9291,2026-02-14,8,2,0,0.107455
9292,2026-02-17,4,6,0,0.107443
9293,2026-02-19,6,2,0,0.10743
9294,2026-02-20,2,4,0,0.107418
9295,2026-02-21,6,7,0,0.107406
9296,2026-02-24,7,2,0,0.107393
9297,2026-02-26,8,3,0,0.107381
9298,2026-02-27,5,7,0,0.107369
9299,2026-02-28,8,2,0,0.107356
9300,2026-03-03,4,2,0,0.107344
9301,2026-03-05,3,2,0,0.107332
9302,2026-03-06,6,7,0,0.107319
9303,2026-03-07,5,3,0,0.107307
9304,2026-03-10,5,5,1,0.10741
9305,2026-03-12,4,4,1,0.107512
9306,2026-03-13,3,3,1,0.107615
9307,2026-03-14,7,6,0,0.107602
9308,2026-03-17,1,7,0,0.10759
